1 824.258 0.319762 0.0225385 0.670143 -0.926254 -0.04015 -1.23664 -6.80736 -816.214 0 
4 823.993 0.319518 0.0225376 0.668218 -0.903463 -0.0462571 -0.917889 -6.37408 -816.701 0 
2 821.696 0.314615 0.0223602 0.675105 -0.932084 -0.077691 -0.51788 -5.3625 -815.815 0 
2 821.724 0.311119 0.0223804 0.680399 -0.953724 -0.0916213 -0.33334 -5.28687 -816.104 0 
12 821.379 0.308025 0.0223458 0.681753 -0.946839 -0.102262 -0.472312 -4.76099 -816.146 0 
4 821.174 0.309635 0.0222992 0.680267 -0.942816 -0.0996178 -0.397749 -4.7962 -815.98 0 
7 820.46 0.308498 0.0223675 0.680726 -0.934158 -0.104953 -0.030527 -4.5386 -815.891 0 
2 821.229 0.310087 0.0223357 0.68006 -0.950008 -0.0889983 -0.113805 -5.04749 -816.068 0 
10 820.97 0.30667 0.0225588 0.682833 -0.910442 -0.143075 -1.0178 -4.24298 -815.71 0 
1 822.158 0.302985 0.0225507 0.684966 -0.907605 -0.149214 -1.95095 -4.42574 -815.782 0 
2 820.874 0.308828 0.0225282 0.679865 -0.883525 -0.183054 -1.10842 -4.12764 -815.638 0 
2 821.804 0.306914 0.0226113 0.68257 -0.873894 -0.216247 -1.89727 -4.31428 -815.592 0 
2 821.367 0.304789 0.0224737 0.686908 -0.90377 -0.229221 -0.73772 -4.71768 -815.912 0 
2 821.327 0.313845 0.0224932 0.676061 -0.870445 -0.213683 -1.4542 -4.05637 -815.816 0 
2 820.192 0.311839 0.0223216 0.678572 -0.887932 -0.224298 -0.347986 -4.27637 -815.568 0 
5 821.803 0.314764 0.0222714 0.676975 -0.922861 -0.168538 -0.942529 -5.17623 -815.685 0 
5 821.483 0.315453 0.0223909 0.674826 -0.88158 -0.206148 -1.44196 -4.29992 -815.741 0 
1 823.916 0.321201 0.0223382 0.668874 -0.875552 -0.189262 -2.69552 -4.92231 -816.298 0 
1 823.039 0.317534 0.022341 0.673482 -0.906854 -0.164003 -2.19753 -5.13635 -815.705 0 
1 822.618 0.311899 0.0223321 0.677598 -0.906111 -0.172868 -2.54982 -4.43965 -815.629 0 
6 824.134 0.309694 0.022164 0.678832 -0.916828 -0.169608 -3.88744 -4.51063 -815.736 0 
3 823.396 0.312345 0.0221667 0.678814 -0.929151 -0.180794 -2.3808 -5.16767 -815.847 0 
2 822.641 0.306029 0.0221882 0.685576 -0.947755 -0.174245 -0.760443 -5.11882 -816.762 0 
1 823.689 0.300589 0.0222817 0.691109 -0.960471 -0.164889 -0.459898 -5.3182 -817.911 0 
3 821.445 0.308803 0.0223125 0.68315 -0.944818 -0.145713 -0.252023 -4.94717 -816.245 0 
1 821.341 0.30665 0.0224046 0.683714 -0.936035 -0.120746 -0.834429 -4.45982 -816.046 0 
2 824.135 0.320091 0.0221952 0.670581 -0.926212 -0.0960602 -1.93241 -6.30773 -815.895 0 
2 822.447 0.314338 0.0221618 0.674573 -0.921692 -0.117033 -1.76949 -4.94845 -815.729 0 
7 823.089 0.311116 0.0221872 0.679925 -0.951667 -0.10894 -1.74793 -5.2244 -816.117 0 
5 822.839 0.304062 0.0222335 0.687064 -0.963408 -0.12299 -0.736081 -4.9434 -817.16 0 
4 821.907 0.309299 0.0223189 0.682783 -0.952327 -0.124199 -0.520144 -5.07972 -816.307 0 
2 821.535 0.317022 0.0223891 0.674042 -0.920578 -0.11612 -0.357318 -5.4053 -815.773 0 
1 821.227 0.317519 0.0223296 0.670496 -0.888607 -0.128468 -0.189651 -4.83152 -816.206 0 
1 822.037 0.320077 0.0223595 0.668179 -0.867377 -0.164774 -0.625166 -4.69856 -816.713 0 
1 820.504 0.312409 0.0224189 0.674777 -0.854735 -0.203484 -0.299213 -4.04045 -816.164 0 
4 820.081 0.311307 0.0223445 0.677764 -0.86059 -0.244138 -0.286713 -4.06364 -815.73 0 
6 820.591 0.314615 0.0223492 0.673441 -0.836907 -0.254442 -0.23253 -3.91966 -816.439 0 
1 821.519 0.3119 0.0222686 0.676578 -0.864239 -0.226046 -1.7188 -4.02087 -815.78 0 
2 821.358 0.308125 0.0222274 0.680522 -0.896583 -0.192199 -1.51507 -4.22556 -815.617 0 
1 822.049 0.3028 0.0222467 0.686393 -0.909068 -0.204457 -1.29676 -4.72634 -816.025 0 
3 821.513 0.306849 0.0222386 0.680572 -0.88931 -0.200352 -1.63668 -4.27572 -815.601 0 
2 822.615 0.313502 0.0224352 0.673678 -0.86713 -0.181408 -2.46455 -4.07354 -816.076 0 
6 820.561 0.308987 0.0222847 0.678729 -0.89503 -0.17112 -0.777539 -4.16049 -815.623 0 
1 821.506 0.312385 0.0223003 0.673658 -0.877652 -0.151416 -1.32827 -4.19115 -815.986 0 
2 820.675 0.313131 0.022374 0.674536 -0.886257 -0.143097 -0.485445 -4.27994 -815.91 0 
1 820.961 0.31203 0.0224939 0.675871 -0.892742 -0.122096 -0.724567 -4.35897 -815.878 0 
1 821.581 0.312763 0.0225772 0.676376 -0.900737 -0.119134 -1.30765 -4.45986 -815.814 0 
1 820.742 0.310133 0.0224083 0.679862 -0.904809 -0.177069 -0.799689 -4.30856 -815.634 0 
1 820.648 0.310845 0.0225134 0.678056 -0.905586 -0.12589 -0.611764 -4.32943 -815.707 0 
3 820.175 0.309244 0.0224687 0.678987 -0.893307 -0.150545 -0.337416 -4.16293 -815.675 0 
2 820.785 0.302769 0.0223973 0.685014 -0.900849 -0.177007 -0.467796 -4.5544 -815.763 0 
4 821.316 0.307816 0.0225987 0.681085 -0.872924 -0.19633 -1.43297 -4.21943 -815.664 0 
1 820.748 0.310003 0.022366 0.679618 -0.885548 -0.200259 -1.02133 -4.1242 -815.602 0 
10 820.694 0.315033 0.0223376 0.676021 -0.88564 -0.206406 -0.725567 -4.29117 -815.677 0 
1 820.783 0.316741 0.0223124 0.674025 -0.860262 -0.248467 -0.766728 -4.06221 -815.954 0 
1 820.815 0.312659 0.022319 0.676855 -0.854789 -0.257357 -0.983285 -4.01405 -815.818 0 
2 820.943 0.315386 0.022167 0.675568 -0.869776 -0.270717 -1.03624 -4.28342 -815.623 0 
1 820.386 0.316356 0.0224221 0.673435 -0.847393 -0.248142 -0.181468 -3.92401 -816.28 0 
4 820.218 0.308689 0.0223634 0.679537 -0.861976 -0.237501 -0.320311 -4.23723 -815.661 0 
1 820.38 0.313942 0.0223841 0.674132 -0.844579 -0.237492 -0.144361 -3.94799 -816.287 0 
2 820.361 0.313391 0.0223764 0.675014 -0.845838 -0.244369 -0.244543 -3.96063 -816.156 0 
8 820.417 0.313392 0.0223812 0.675765 -0.837129 -0.277948 -0.278995 -3.99058 -816.147 0 
1 820.767 0.319194 0.0223645 0.670926 -0.826889 -0.290884 -0.0868826 -3.83425 -816.846 0 
3 820.51 0.309673 0.0223373 0.68174 -0.878268 -0.266868 -0.563601 -4.40117 -815.545 0 
7 820.539 0.312011 0.0223629 0.678522 -0.883675 -0.230988 -0.721434 -4.24822 -815.569 0 
3 819.976 0.31354 0.0223677 0.676476 -0.853712 -0.27027 -0.138827 -4.0302 -815.807 0 
4 820.954 0.316253 0.0224031 0.675343 -0.863732 -0.262164 -0.996994 -4.17822 -815.778 0 
2 821.023 0.316058 0.0223176 0.676748 -0.882831 -0.252477 -0.926715 -4.52144 -815.575 0 
2 822.119 0.321755 0.0223889 0.670668 -0.862272 -0.245725 -1.26428 -4.61608 -816.239 0 
6 820.983 0.315076 0.0222417 0.677533 -0.896019 -0.243968 -0.645399 -4.78999 -815.548 0 
4 821.229 0.308566 0.0222606 0.683982 -0.904196 -0.25967 -0.502233 -4.87812 -815.849 0 
1 822.299 0.300306 0.0223577 0.68843 -0.88359 -0.260804 -0.811349 -5.58907 -815.899 0 
1 820.583 0.305966 0.0223741 0.682824 -0.876359 -0.242256 -0.482818 -4.52649 -815.574 0 
2 820.524 0.309492 0.0223552 0.678103 -0.875836 -0.200257 -0.761079 -4.10332 -815.66 0 
3 819.994 0.310223 0.022403 0.679842 -0.871225 -0.239962 -0.247763 -4.1493 -815.597 0 
4 820.778 0.30572 0.0223335 0.684718 -0.888395 -0.246613 -0.473652 -4.62643 -815.678 0 
5 820.846 0.305202 0.0222988 0.683673 -0.869615 -0.266976 -0.48348 -4.78934 -815.573 0 
7 821.178 0.309952 0.0222548 0.679972 -0.867037 -0.267166 -1.34955 -4.26707 -815.562 0 
1 820.742 0.313876 0.0223944 0.67383 -0.82735 -0.268711 -0.164418 -3.98897 -816.589 0 
4 821.027 0.316226 0.0222932 0.672689 -0.816174 -0.315818 -0.38945 -3.88599 -816.752 0 
4 822.507 0.312858 0.0222885 0.676832 -0.811927 -0.357869 -1.85123 -4.38693 -816.269 0 
6 822.772 0.320687 0.0224252 0.66791 -0.779553 -0.341935 -0.106136 -3.76219 -818.904 0 
2 822.617 0.32043 0.0224125 0.668864 -0.783643 -0.346044 -0.339118 -3.74787 -818.53 0 
5 823.533 0.31792 0.0223437 0.67425 -0.824429 -0.338311 -3.24416 -3.92132 -816.367 0 
1 824.26 0.320923 0.0222151 0.672323 -0.849531 -0.307945 -3.86714 -4.34053 -816.052 0 
2 823.101 0.323006 0.0221571 0.669264 -0.849547 -0.286252 -2.23035 -4.49553 -816.375 0 
4 823.586 0.325745 0.0221149 0.667401 -0.870389 -0.262379 -1.73287 -5.6998 -816.154 0 
1 822.792 0.322671 0.0221232 0.670714 -0.872144 -0.286645 -1.69744 -5.32038 -815.774 0 
4 824.054 0.321047 0.0223747 0.674418 -0.867983 -0.305268 -3.36036 -5.0094 -815.684 0 
6 822.96 0.319253 0.0224073 0.675191 -0.851942 -0.330296 -2.65503 -4.53469 -815.77 0 
1 821.11 0.315229 0.0223776 0.677755 -0.847766 -0.336425 -1.08877 -4.35471 -815.667 0 
4 821.83 0.315909 0.0223853 0.677566 -0.835226 -0.374972 -1.59784 -4.49272 -815.739 0 
3 821.632 0.305646 0.0223818 0.685842 -0.842756 -0.369367 -0.353471 -5.69345 -815.585 0 
2 821.455 0.309839 0.0222308 0.682692 -0.846798 -0.393113 -0.536444 -5.36997 -815.549 0 
1 823.377 0.310859 0.0223324 0.679611 -0.81268 -0.412697 -2.37891 -5.16497 -815.833 0 
3 821.146 0.309575 0.0222699 0.68158 -0.836485 -0.382513 -0.425694 -5.14322 -815.577 0 
10 821.097 0.317929 0.0223052 0.672458 -0.799922 -0.380896 -0.216848 -3.97075 -816.909 0 
3 823.776 0.309395 0.0223988 0.682968 -0.819695 -0.404989 -2.75211 -5.32078 -815.703 0 
7 822.813 0.319335 0.0224748 0.672222 -0.794629 -0.382812 -1.67869 -3.86543 -817.268 0 
1 823.679 0.313559 0.022562 0.677182 -0.783803 -0.413227 -2.03737 -4.75025 -816.891 0 
4 822.847 0.314492 0.0225396 0.676912 -0.796004 -0.392147 -1.7842 -4.39608 -816.666 0 
1 822.668 0.31825 0.0224899 0.673581 -0.792565 -0.392414 -1.54923 -3.97186 -817.147 0 
1 821.714 0.317154 0.0223884 0.672152 -0.800343 -0.35031 -0.653553 -3.90406 -817.156 0 
1 820.737 0.319016 0.0223289 0.672342 -0.826334 -0.325959 -0.329474 -3.91196 -816.496 0 
3 821.695 0.311558 0.0224991 0.678862 -0.812032 -0.364302 -0.94137 -4.61326 -816.141 0 
4 821.394 0.314026 0.0223398 0.677967 -0.824928 -0.370389 -1.13176 -4.36597 -815.896 0 
5 821.066 0.316684 0.0222832 0.675723 -0.839326 -0.355668 -0.906143 -4.37958 -815.78 0 
1 821.877 0.307965 0.0224759 0.682768 -0.835543 -0.349998 -1.20621 -5.05081 -815.62 0 
1 820.7 0.310799 0.0223744 0.680187 -0.84583 -0.330844 -0.566988 -4.52972 -815.603 0 
3 821.213 0.319663 0.0223598 0.672256 -0.832382 -0.321978 -0.819621 -4.0224 -816.371 0 
4 821.289 0.321232 0.0222319 0.670847 -0.824948 -0.352504 -0.690391 -4.12031 -816.478 0 
1 821.326 0.320071 0.0223215 0.671633 -0.824684 -0.340254 -0.817771 -4.00076 -816.508 0 
1 823.816 0.321941 0.0224928 0.671714 -0.831509 -0.319276 -3.10041 -4.10287 -816.612 0 
1 825.018 0.309198 0.022519 0.684017 -0.856761 -0.317037 -4.86148 -4.61827 -815.538 0 
2 821.531 0.309824 0.0224389 0.682144 -0.864827 -0.287869 -1.59336 -4.39707 -815.541 0 
2 820.921 0.316046 0.0224454 0.675684 -0.866099 -0.245811 -0.981759 -4.12489 -815.814 0 
3 820.784 0.312461 0.0222545 0.680098 -0.890249 -0.269889 -0.5422 -4.68288 -815.559 0 
10 821.402 0.304943 0.022476 0.686772 -0.883709 -0.271839 -0.770907 -4.91114 -815.72 0 
2 822.983 0.304792 0.0223851 0.68811 -0.893723 -0.282023 -1.90228 -5.12278 -815.958 0 
6 822.21 0.301229 0.0223461 0.690113 -0.894609 -0.27731 -0.41154 -5.59204 -816.206 0 
1 821.376 0.303712 0.02245 0.687163 -0.879838 -0.267772 -0.648984 -5.02475 -815.702 0 
2 822.043 0.313615 0.0225836 0.67703 -0.840606 -0.272504 -1.973 -3.96684 -816.103 0 
1 820.748 0.317081 0.0224298 0.673039 -0.844116 -0.260595 -0.499396 -3.9199 -816.329 0 
1 823.35 0.320819 0.0225116 0.668193 -0.831804 -0.230366 -1.72395 -4.08831 -817.538 0 
1 822.215 0.317877 0.0223692 0.668499 -0.830753 -0.209897 -0.560492 -4.12087 -817.534 0 
3 822.136 0.311785 0.0222344 0.67832 -0.871854 -0.247972 -2.41354 -4.12584 -815.597 0 
2 821.601 0.314945 0.0221648 0.673297 -0.847807 -0.263952 -1.61199 -3.93734 -816.052 0 
3 821.365 0.319399 0.0222527 0.669463 -0.820622 -0.291868 -0.43823 -3.79603 -817.13 0 
1 821.246 0.31233 0.0223172 0.675239 -0.818513 -0.30469 -0.562579 -4.23188 -816.451 0 
3 823.397 0.307265 0.0225492 0.678689 -0.814033 -0.285542 -1.79 -5.19934 -816.408 0 
2 822.234 0.304586 0.022583 0.683555 -0.835001 -0.285987 -1.1067 -5.38612 -815.742 0 
2 822.536 0.314472 0.0225426 0.673012 -0.812243 -0.27604 -1.25856 -4.06674 -817.21 0 
1 820.919 0.31327 0.0224268 0.675659 -0.820569 -0.314376 -0.43895 -4.11562 -816.364 0 
1 820.533 0.313835 0.0223031 0.67474 -0.830583 -0.298672 -0.319248 -4.00459 -816.209 0 
6 821.169 0.312266 0.0221984 0.676461 -0.844832 -0.291119 -1.23538 -4.11782 -815.816 0 
3 820.073 0.310746 0.0223634 0.679831 -0.852204 -0.304352 -0.106401 -4.36127 -815.606 0 
2 820.104 0.310436 0.0223607 0.680381 -0.852741 -0.307291 -0.107382 -4.40916 -815.588 0 
1 822.436 0.304414 0.0224473 0.687656 -0.858848 -0.337629 -1.20696 -5.58423 -815.645 0 
10 822.36 0.311131 0.0225488 0.678704 -0.816974 -0.33778 -1.70056 -4.50445 -816.155 0 
1 822.46 0.304122 0.0225126 0.684023 -0.828018 -0.323811 -0.963969 -5.79101 -815.705 0 
1 821.428 0.309249 0.0225074 0.679619 -0.816822 -0.327218 -0.496027 -4.80814 -816.124 0 
1 821.602 0.30831 0.0223187 0.680229 -0.825603 -0.331177 -0.846637 -4.91248 -815.843 0 
4 821.2 0.309152 0.0222266 0.679806 -0.839501 -0.324759 -0.89327 -4.64544 -815.662 0 
4 822.927 0.301875 0.0223659 0.685736 -0.828985 -0.33845 -0.732494 -6.5561 -815.639 0 
4 823.782 0.303478 0.022165 0.685632 -0.847812 -0.352063 -2.18302 -5.97601 -815.623 0 
1 823.466 0.307315 0.0221384 0.682966 -0.860096 -0.326814 -2.92748 -4.98055 -815.558 0 
1 823.491 0.300461 0.0223354 0.687002 -0.844667 -0.322417 -1.33021 -6.53749 -815.623 0 
5 824.011 0.296322 0.0223593 0.693162 -0.870842 -0.31997 -0.310825 -7.45801 -816.242 0 
3 823.753 0.299061 0.0223884 0.692252 -0.875047 -0.321758 -0.983579 -6.61719 -816.152 0 
3 821.904 0.305969 0.0224432 0.685623 -0.843942 -0.353513 -0.885885 -5.44803 -815.57 0 
3 824.159 0.316157 0.0224976 0.675769 -0.841685 -0.313737 -4.12001 -4.10066 -815.939 0 
2 822.18 0.30262 0.0223362 0.688108 -0.865393 -0.337801 -0.382653 -5.98962 -815.808 0 
2 820.486 0.31238 0.0222978 0.678114 -0.838253 -0.338765 -0.380034 -4.38654 -815.719 0 
1 821.176 0.308412 0.0223793 0.680802 -0.826823 -0.347585 -0.447434 -4.97481 -815.753 0 
1 821.849 0.309742 0.0224426 0.679939 -0.821204 -0.354887 -1.1601 -4.81324 -815.876 0 
1 821.465 0.309892 0.022403 0.679521 -0.811608 -0.373161 -0.482257 -4.97303 -816.01 0 
2 821.02 0.31107 0.0222999 0.679138 -0.82324 -0.361386 -0.524741 -4.64083 -815.854 0 
1 821.647 0.313557 0.0224012 0.674824 -0.795565 -0.359931 -0.326293 -4.39505 -816.926 0 
8 821.89 0.31588 0.0223629 0.672795 -0.790509 -0.370514 -0.494505 -4.13195 -817.263 0 
1 822.116 0.319421 0.0224067 0.669196 -0.793065 -0.328254 -0.259573 -3.76356 -818.093 0 
1 821.957 0.314314 0.0223456 0.673143 -0.793409 -0.341317 -0.357926 -4.2876 -817.312 0 
1 822.97 0.316061 0.0222811 0.670848 -0.784826 -0.347127 -0.923075 -4.15836 -817.888 0 
4 823.999 0.314608 0.0221369 0.67334 -0.81693 -0.323487 -3.45587 -4.03007 -816.513 0 
1 824.056 0.312735 0.0223235 0.674575 -0.798965 -0.327344 -2.51251 -4.48986 -817.054 0 
6 821.795 0.31149 0.0224004 0.67579 -0.800886 -0.330513 -0.331776 -4.64141 -816.821 0 
6 821.736 0.310139 0.0224362 0.679686 -0.81103 -0.360657 -0.755812 -4.8659 -816.114 0 
1 820.811 0.316282 0.0222967 0.674235 -0.805923 -0.382161 -0.15528 -4.13806 -816.518 0 
1 821.125 0.313049 0.0223269 0.677006 -0.797863 -0.403926 -0.0398486 -4.69421 -816.391 0 
3 824.045 0.322271 0.0222613 0.666819 -0.774785 -0.392437 -1.75834 -3.67627 -818.61 0 
4 824.459 0.322826 0.0221462 0.669163 -0.789283 -0.416987 -3.1042 -3.86417 -817.491 0 
5 825.339 0.332073 0.0221957 0.66072 -0.773125 -0.409971 -1.34069 -4.1074 -819.891 0 
2 825.418 0.328006 0.0223518 0.666449 -0.773969 -0.440424 -2.86054 -3.86642 -818.691 0 
5 823.979 0.321159 0.0223601 0.673782 -0.807555 -0.429013 -3.20169 -4.35554 -816.422 0 
1 824.662 0.324877 0.0224051 0.669722 -0.793416 -0.429017 -3.16298 -4.14208 -817.357 0 
2 824.582 0.319268 0.0224688 0.67382 -0.791977 -0.434235 -3.53049 -4.22706 -816.824 0 
1 824.564 0.320005 0.022485 0.672231 -0.763379 -0.466357 -2.438 -4.18226 -817.944 0 
5 823.852 0.32402 0.022362 0.668516 -0.75604 -0.468328 -1.17621 -3.79718 -818.879 0 
1 823.714 0.31887 0.0223386 0.673608 -0.768894 -0.474603 -1.90963 -4.38171 -817.423 0 
4 822.817 0.316441 0.0222669 0.675144 -0.771715 -0.481174 -1.015 -4.80766 -816.995 0 
5 823.235 0.319141 0.0222586 0.67131 -0.746248 -0.505853 -0.311314 -4.60338 -818.321 0 
4 823.151 0.317179 0.0222841 0.673524 -0.750258 -0.505236 -0.3356 -4.94382 -817.871 0 
2 823.431 0.315535 0.0222146 0.67469 -0.76532 -0.499052 -1.23297 -5.17032 -817.028 0 
1 824.13 0.308273 0.0222859 0.680206 -0.791559 -0.435862 -1.94997 -6.07278 -816.107 0 
2 823.352 0.307866 0.0223602 0.680485 -0.778585 -0.44345 -0.437624 -6.48779 -816.426 0 
1 822.693 0.31414 0.0222317 0.675737 -0.768164 -0.482558 -0.470488 -5.27755 -816.945 0 
1 822.628 0.314871 0.0222645 0.674577 -0.765029 -0.463447 -0.288823 -4.98826 -817.351 0 
3 822.713 0.319239 0.0223922 0.672213 -0.7635 -0.462181 -0.567902 -4.24048 -817.905 0 
3 822.994 0.320733 0.0222773 0.670166 -0.777179 -0.438166 -1.36549 -3.99916 -817.629 0 
1 824.769 0.322833 0.02237 0.666696 -0.74337 -0.447639 -0.982234 -3.8077 -819.979 0 
1 823.211 0.319418 0.0222665 0.670736 -0.747994 -0.484729 -0.261226 -4.40199 -818.548 0 
1 824.501 0.320869 0.0221354 0.668514 -0.763052 -0.458027 -2.28532 -4.03642 -818.179 0 
4 823.386 0.316504 0.0221904 0.673062 -0.763039 -0.468259 -1.11243 -4.71468 -817.558 0 
1 825.87 0.305728 0.0221839 0.683684 -0.786707 -0.478959 -2.50782 -7.40753 -815.955 0 
7 823.956 0.315113 0.0221918 0.673194 -0.759075 -0.466736 -1.2962 -5.01618 -817.643 0 
1 825.194 0.308831 0.0222904 0.677938 -0.759376 -0.455588 -1.30457 -6.72924 -817.16 0 
1 825.688 0.307976 0.0221529 0.680864 -0.779369 -0.474902 -2.73598 -6.7361 -816.216 0 
12 825.202 0.312343 0.0223672 0.674697 -0.738531 -0.468963 -0.445629 -6.24463 -818.512 0 
1 824.837 0.305928 0.0223392 0.682707 -0.782936 -0.464121 -1.5214 -7.22239 -816.094 0 
1 825.12 0.304986 0.0222098 0.6834 -0.787896 -0.470252 -1.64467 -7.53456 -815.941 0 
2 826.179 0.306623 0.0222022 0.681996 -0.786815 -0.479411 -3.10504 -7.10093 -815.973 0 
1 826.308 0.302665 0.0220842 0.688623 -0.832803 -0.462377 -2.60407 -7.79738 -815.907 0 
1 823.657 0.301601 0.0223409 0.689647 -0.831035 -0.421212 -0.409796 -7.49146 -815.755 0 
2 822.11 0.307631 0.0223537 0.68413 -0.83183 -0.388686 -1.01623 -5.49917 -815.595 0 
1 821.271 0.315465 0.0222695 0.676314 -0.81248 -0.399558 -0.770073 -4.38671 -816.114 0 
1 821.162 0.318185 0.0223075 0.673395 -0.799193 -0.404646 -0.34077 -4.09859 -816.723 0 
2 820.748 0.316365 0.0223041 0.675237 -0.816351 -0.377746 -0.363215 -4.17843 -816.206 0 
4 821.23 0.316834 0.0222144 0.674779 -0.822037 -0.373944 -0.948862 -4.18699 -816.094 0 
10 821.54 0.31436 0.0224231 0.674015 -0.801173 -0.33824 -0.384698 -4.17037 -816.985 0 
2 823.917 0.322493 0.0225286 0.667281 -0.784304 -0.32643 -1.09763 -3.71048 -819.109 0 
2 824.159 0.326209 0.0224796 0.665062 -0.809369 -0.286572 -1.3783 -4.11509 -818.665 0 
1 823.575 0.327635 0.0223413 0.664852 -0.834055 -0.273383 -1.10312 -4.83416 -817.638 0 
1 828.198 0.332031 0.0223927 0.660085 -0.822405 -0.258939 -3.49981 -5.53327 -819.165 0 
3 825.062 0.329054 0.0220687 0.663147 -0.860302 -0.244739 -2.06753 -6.04077 -816.954 0 
1 822.265 0.314707 0.0221622 0.677436 -0.885223 -0.261397 -2.20321 -4.52859 -815.534 0 
2 821.475 0.320665 0.0222201 0.67087 -0.877021 -0.229917 -0.715154 -4.84139 -815.918 0 
2 821.599 0.311874 0.0222309 0.677321 -0.876051 -0.245111 -1.80914 -4.21405 -815.575 0 
2 821.146 0.314104 0.0223076 0.674666 -0.863559 -0.235114 -1.28354 -4.02689 -815.836 0 
1 820.638 0.314771 0.0224138 0.67615 -0.869014 -0.243393 -0.781083 -4.13023 -815.726 0 
5 820.776 0.31739 0.022395 0.672729 -0.853943 -0.244626 -0.561075 -4.02907 -816.186 0 
2 820.514 0.317739 0.0223313 0.67335 -0.869804 -0.236348 -0.333437 -4.30353 -815.877 0 
9 821.059 0.316434 0.022249 0.675934 -0.899705 -0.219893 -0.594316 -4.88852 -815.576 0 
1 825.744 0.310298 0.0220271 0.682902 -0.9244 -0.25123 -4.15903 -5.4134 -816.172 0 
3 822.679 0.312415 0.0220578 0.677554 -0.894584 -0.23416 -2.63316 -4.47973 -815.566 0 
3 821.366 0.319668 0.02217 0.670318 -0.858101 -0.247353 -0.909328 -4.25712 -816.2 0 
10 821.123 0.313283 0.0222574 0.674832 -0.83943 -0.271114 -1.01208 -3.98522 -816.126 0 
1 820.769 0.311406 0.022372 0.676079 -0.842255 -0.24562 -0.538996 -4.10762 -816.122 0 
1 821.529 0.310709 0.0225128 0.676333 -0.845287 -0.224365 -1.22661 -4.14594 -816.157 0 
5 822.464 0.310819 0.0226086 0.67553 -0.834007 -0.214373 -1.47188 -4.36249 -816.63 0 
1 822.186 0.310811 0.022626 0.677326 -0.844795 -0.22614 -1.87387 -4.14901 -816.163 0 
1 820.11 0.310033 0.0224484 0.678902 -0.86955 -0.213318 -0.324628 -4.09021 -815.696 0 
1 821.259 0.307506 0.0225854 0.681253 -0.864914 -0.214152 -1.27053 -4.30928 -815.68 0 
5 820.676 0.308495 0.0224868 0.680153 -0.865294 -0.217215 -0.770704 -4.21541 -815.69 0 
3 821.13 0.319213 0.0224298 0.670558 -0.850446 -0.217704 -0.29342 -4.13786 -816.699 0 
2 820.68 0.313547 0.0223932 0.675468 -0.858222 -0.222401 -0.702527 -3.975 -816.002 0 
1 821.649 0.317099 0.0224362 0.671446 -0.835874 -0.231361 -0.756208 -3.95502 -816.938 0 
1 820.886 0.31979 0.0223061 0.669646 -0.852673 -0.226375 -0.117347 -4.19148 -816.577 0 
20 822.167 0.31783 0.0223075 0.675677 -0.873441 -0.273922 -1.99761 -4.53462 -815.635 0 
1 821.107 0.318156 0.0223858 0.673216 -0.845135 -0.288972 -0.925466 -4.04243 -816.139 0 
2 820.507 0.309463 0.0223947 0.680617 -0.834063 -0.33701 -0.107257 -4.69417 -815.706 0 
8 820.743 0.310255 0.0224 0.680624 -0.829675 -0.353388 -0.303175 -4.70135 -815.739 0 
1 820.883 0.309059 0.0223374 0.682908 -0.84722 -0.359808 -0.315334 -5.02418 -815.544 0 
1 820.972 0.310978 0.0223303 0.6817 -0.85194 -0.354064 -0.63548 -4.80896 -815.528 0 
1 823.054 0.313372 0.0222845 0.681239 -0.86449 -0.357147 -2.56988 -4.98128 -815.502 0 
1 823.788 0.310557 0.0222654 0.684282 -0.885552 -0.335521 -2.7439 -5.31824 -815.726 0 
5 823.817 0.317054 0.0221648 0.67728 -0.880617 -0.335365 -2.77139 -5.56093 -815.485 0 
2 823.19 0.315615 0.0222155 0.677907 -0.871317 -0.338439 -2.57253 -5.13056 -815.487 0 
3 823.393 0.321412 0.022191 0.671989 -0.865207 -0.309749 -2.56507 -5.10576 -815.722 0 
4 822.149 0.315435 0.0221646 0.678441 -0.879476 -0.328054 -1.43818 -5.21123 -815.499 0 
3 822.589 0.318695 0.022252 0.675505 -0.860914 -0.343942 -2.03691 -4.99064 -815.562 0 
3 823.171 0.311064 0.0223409 0.680583 -0.863484 -0.322134 -2.94856 -4.70363 -815.519 0 
1 822.817 0.305099 0.0223164 0.687647 -0.875345 -0.355139 -0.963664 -5.91069 -815.942 0 
3 822.914 0.303417 0.0223149 0.688299 -0.869254 -0.355479 -0.876067 -6.11287 -815.925 0 
2 824.719 0.3022 0.022243 0.69167 -0.897871 -0.341494 -1.51206 -6.43508 -816.772 0 
1 822.543 0.311403 0.0222688 0.683 -0.887423 -0.319115 -1.73111 -5.15357 -815.659 0 
2 821.36 0.315512 0.0222163 0.676502 -0.873896 -0.290166 -1.22006 -4.60408 -815.536 0 
1 820.435 0.312673 0.0222892 0.677665 -0.853026 -0.302429 -0.54568 -4.24346 -815.646 0 
1 822.017 0.304317 0.0222121 0.687154 -0.889346 -0.304401 -0.559904 -5.44122 -816.016 0 
1 821.456 0.305955 0.022268 0.686211 -0.894992 -0.291322 -0.289945 -5.20306 -815.963 0 
5 821.465 0.309464 0.0222458 0.681475 -0.899896 -0.242201 -1.14474 -4.63864 -815.682 0 
1 821.498 0.303048 0.0223803 0.688686 -0.905193 -0.249627 -0.21962 -5.10385 -816.175 0 
1 821.1 0.313692 0.0224242 0.678679 -0.886115 -0.231836 -1.21072 -4.31598 -815.573 0 
3 822.432 0.302567 0.022518 0.68934 -0.908126 -0.222544 -1.41516 -4.8982 -816.119 0 
4 822.186 0.313376 0.0225147 0.679262 -0.895601 -0.209534 -2.19397 -4.40862 -815.583 0 
2 821.557 0.309011 0.0225353 0.682697 -0.897289 -0.205139 -1.66707 -4.27599 -815.614 0 
2 820.583 0.306397 0.0223532 0.682686 -0.886248 -0.21385 -0.63484 -4.35198 -815.596 0 
1 820.354 0.305872 0.0224473 0.682026 -0.871857 -0.214535 -0.317666 -4.44109 -815.596 0 
2 820.26 0.31286 0.022346 0.676073 -0.857739 -0.236295 -0.388225 -3.98449 -815.888 0 
1 821.332 0.301379 0.0223859 0.687463 -0.880477 -0.254112 -0.24823 -5.32332 -815.76 0 
3 821.767 0.302588 0.0223713 0.688931 -0.910538 -0.232829 -0.493526 -5.02183 -816.251 0 
1 821.565 0.306235 0.0225071 0.685666 -0.90206 -0.220012 -1.27487 -4.51704 -815.773 0 
3 822.436 0.318726 0.0224278 0.674568 -0.890339 -0.211852 -1.8686 -4.85548 -815.712 0 
3 821.063 0.308516 0.0223658 0.683338 -0.928483 -0.176256 -0.353095 -4.70657 -816.003 0 
5 821.436 0.303289 0.0223864 0.688194 -0.931055 -0.184369 -0.156411 -4.78225 -816.497 0 
4 820.359 0.310518 0.0223697 0.680818 -0.910606 -0.189261 -0.217881 -4.46521 -815.676 0 
4 820.588 0.305135 0.022488 0.684138 -0.91201 -0.15744 -0.474174 -4.32312 -815.791 0 
1 821.088 0.307295 0.0224663 0.680181 -0.901285 -0.141136 -1.22714 -4.2016 -815.66 0 
1 821.788 0.310756 0.0224351 0.675435 -0.883864 -0.138807 -1.70879 -4.20774 -815.872 0 
3 820.832 0.309124 0.0222791 0.680114 -0.931326 -0.12527 -0.393511 -4.57033 -815.868 0 
2 822.236 0.317731 0.0222773 0.672421 -0.932864 -0.0805892 -0.351041 -6.03509 -815.85 0 
1 822.178 0.313084 0.022392 0.677723 -0.941929 -0.0810386 -1.04194 -5.2808 -815.855 0 
1 824.249 0.307299 0.0222038 0.684712 -0.961792 -0.124562 -2.35681 -5.11501 -816.777 0 
2 824.816 0.304863 0.022235 0.687755 -0.975697 -0.116765 -1.97222 -5.27494 -817.568 0 
4 824.376 0.29946 0.0223234 0.692635 -0.987508 -0.100665 -0.324168 -5.22959 -818.822 0 
1 825.485 0.295054 0.022368 0.696881 -0.988844 -0.109634 -0.146301 -5.48278 -819.856 0 
1 824.954 0.296065 0.0222715 0.695104 -0.972729 -0.142192 -0.372304 -5.51782 -819.064 0 
1 822.365 0.309275 0.0221816 0.680973 -0.929353 -0.15309 -1.87296 -4.5915 -815.9 0 
3 822.927 0.317406 0.0221244 0.674286 -0.930633 -0.153194 -1.35308 -5.86904 -815.705 0 
1 823.099 0.318888 0.0220964 0.671105 -0.904649 -0.169453 -2.07258 -5.28635 -815.74 0 
2 822.327 0.312425 0.0221135 0.677294 -0.923676 -0.157602 -1.78976 -4.80834 -815.728 0 
1 824.251 0.309493 0.022039 0.681226 -0.944545 -0.160395 -2.86385 -5.11873 -816.268 0 
1 823.484 0.306153 0.0221481 0.682122 -0.924535 -0.164908 -2.98283 -4.50369 -815.998 0 
9 822.778 0.309608 0.0221298 0.679232 -0.915403 -0.178138 -2.54742 -4.49479 -815.736 0 
5 821.453 0.312069 0.0221804 0.677896 -0.920034 -0.164667 -1.03609 -4.70973 -815.707 0 
1 823.5 0.309266 0.0221161 0.683274 -0.941239 -0.19327 -1.84271 -5.27255 -816.385 0 
3 822.84 0.309391 0.0221769 0.681954 -0.909198 -0.218841 -2.53426 -4.55327 -815.753 0 
4 820.944 0.311502 0.0223091 0.676636 -0.865146 -0.215143 -1.10841 -4.03116 -815.804 0 
3 820.309 0.315487 0.0223665 0.673019 -0.869641 -0.18563 -0.0600132 -4.14649 -816.102 0 
8 820.746 0.312662 0.0225212 0.676747 -0.874852 -0.184683 -0.825765 -4.07199 -815.848 0 
3 820.421 0.304062 0.022384 0.684388 -0.89756 -0.191786 -0.225268 -4.48309 -815.712 0 
1 820.026 0.311092 0.0224641 0.677892 -0.877333 -0.192482 -0.244937 -4.06594 -815.715 0 
2 820.103 0.313139 0.0223125 0.677684 -0.893558 -0.205426 -0.185638 -4.32509 -815.593 0 
5 820.716 0.312243 0.0223555 0.676713 -0.883802 -0.197518 -0.919161 -4.13926 -815.657 0 
2 820.782 0.317029 0.0223595 0.6726 -0.872858 -0.201489 -0.508863 -4.27274 -816.001 0 
6 821.844 0.321859 0.0223925 0.668197 -0.863751 -0.188939 -0.342489 -4.75397 -816.748 0 
2 822.965 0.32492 0.0222639 0.667245 -0.885893 -0.183719 -0.67784 -5.96057 -816.326 0 
3 821.079 0.318295 0.0224 0.673225 -0.876747 -0.208212 -0.696852 -4.44292 -815.94 0 
2 820.962 0.316761 0.0223537 0.673485 -0.860334 -0.228932 -0.823564 -4.04638 -816.092 0 
3 820.324 0.307972 0.0224521 0.680151 -0.854346 -0.245573 -0.241749 -4.37232 -815.71 0 
8 821.015 0.3033 0.022418 0.686828 -0.86963 -0.287508 -0.0813434 -5.28089 -815.653 0 
1 820.191 0.31333 0.0223528 0.67573 -0.841966 -0.280067 -0.190848 -4.00268 -815.998 0 
2 821.057 0.305859 0.0225127 0.683818 -0.858298 -0.276245 -0.714136 -4.77847 -815.565 0 
2 821.487 0.313369 0.0224461 0.674936 -0.817434 -0.306063 -0.826218 -4.1017 -816.559 0 
1 821.985 0.314158 0.0223886 0.673058 -0.798386 -0.325727 -0.524177 -4.22068 -817.24 0 
1 823.595 0.311112 0.0222454 0.674656 -0.813513 -0.30704 -2.62742 -4.44879 -816.519 0 
1 824.409 0.313464 0.0222848 0.671767 -0.789438 -0.315913 -2.10452 -4.54347 -817.761 0 
2 823.584 0.311043 0.0222347 0.674259 -0.820792 -0.275204 -2.67027 -4.37116 -816.542 0 
6 822.044 0.304675 0.0222625 0.682809 -0.849459 -0.293046 -1.29428 -5.17045 -815.58 0 
6 824.426 0.298914 0.0222811 0.687224 -0.869448 -0.254318 -2.69519 -6.02351 -815.707 0 
2 824.244 0.300521 0.0222787 0.684841 -0.872022 -0.224757 -3.21971 -5.40124 -815.623 0 
3 821.063 0.307311 0.0222491 0.680813 -0.880261 -0.221108 -1.19328 -4.29526 -815.575 0 
1 820.9 0.316033 0.0222689 0.671849 -0.868082 -0.188962 -0.591147 -4.15816 -816.151 0 
1 821.375 0.31516 0.0222331 0.674301 -0.895768 -0.165684 -1.17504 -4.46356 -815.737 0 
15 820.793 0.311166 0.022243 0.679156 -0.923213 -0.153564 -0.415693 -4.62912 -815.748 0 
1 820.847 0.310172 0.0224573 0.68102 -0.9188 -0.152928 -0.671558 -4.45143 -815.724 0 
3 821.292 0.305502 0.0223261 0.685213 -0.920132 -0.182638 -0.772151 -4.50589 -816.014 0 
3 820.52 0.314636 0.0222914 0.675716 -0.886794 -0.199778 -0.566412 -4.2741 -815.679 0 
3 821.465 0.316273 0.0223312 0.671877 -0.867744 -0.175709 -0.950733 -4.22737 -816.287 0 
1 822.069 0.313493 0.0223971 0.675192 -0.879476 -0.163896 -1.96627 -4.17795 -815.925 0 
2 820.752 0.311751 0.0224845 0.676335 -0.868626 -0.179778 -0.707393 -4.08785 -815.957 0 
2 822.011 0.311364 0.0225129 0.674992 -0.853993 -0.173436 -1.3662 -4.27348 -816.371 0 
1 820.321 0.308223 0.0224409 0.67887 -0.881324 -0.167849 -0.462419 -4.16844 -815.69 0 
1 820.636 0.305522 0.0224779 0.683919 -0.925915 -0.124219 -0.393339 -4.33144 -815.911 0 
4 822.153 0.31137 0.0226307 0.677311 -0.898459 -0.111432 -1.92409 -4.39818 -815.831 0 
3 824.412 0.320827 0.022422 0.670813 -0.934574 -0.0759004 -1.47529 -6.99898 -815.937 0 
1 825.433 0.323469 0.0223267 0.667075 -0.939499 -0.0413493 -0.895705 -8.35595 -816.182 0 
1 825.347 0.320415 0.0222727 0.668915 -0.947642 -0.0316807 -1.59852 -7.71833 -816.03 0 
3 824.862 0.309741 0.022221 0.682875 -1.00104 -0.0503454 -0.626223 -6.69967 -817.536 0 
2 823.95 0.307897 0.0222778 0.684346 -0.996484 -0.0515995 -0.305429 -6.09221 -817.552 0 
2 823.758 0.313629 0.0223421 0.67898 -0.974442 -0.056596 -0.958557 -6.4709 -816.328 0 
7 822.322 0.311084 0.0223159 0.679908 -0.970145 -0.0542926 -0.203853 -5.76368 -816.355 0 
1 821.764 0.30945 0.0222928 0.679796 -0.96278 -0.051735 -0.22573 -5.28307 -816.256 0 
3 823.407 0.309109 0.0221811 0.679507 -0.970476 -0.0378989 -1.56326 -5.43079 -816.413 0 
1 822.894 0.306462 0.0222357 0.682737 -0.979355 -0.0383384 -0.765922 -5.24113 -816.886 0 
4 823.762 0.311875 0.0222415 0.676052 -0.959435 -0.035586 -1.9567 -5.74322 -816.062 0 
1 825.733 0.313111 0.022295 0.674462 -0.961134 -0.0162238 -3.47378 -6.21243 -816.047 0 
4 827.11 0.310202 0.0221569 0.678378 -1.00668 0.027584 -2.8668 -7.09807 -817.145 0 
6 823.711 0.311472 0.0222846 0.675934 -0.97953 0.0278909 -0.794227 -6.5929 -816.324 0 
5 823.355 0.309976 0.0223955 0.676312 -0.967186 0.0251758 -1.16426 -6.0162 -816.174 0 
2 823.817 0.304722 0.0225971 0.678853 -0.937432 0.0177414 -2.6391 -5.20444 -815.973 0 
1 823.921 0.303405 0.0226083 0.680413 -0.952804 0.037487 -2.56331 -5.23597 -816.122 0 
6 823.623 0.299811 0.0224561 0.685632 -0.981574 0.0332367 -1.70898 -4.85162 -817.062 0 
1 824.048 0.300003 0.0223703 0.685668 -0.983915 0.0245795 -2.02988 -4.81798 -817.201 0 
8 824.794 0.295778 0.0224698 0.689539 -0.990674 0.0343757 -2.15391 -4.7565 -817.884 0 
3 823.393 0.302783 0.0224303 0.682881 -0.982353 0.0420826 -1.41566 -5.1757 -816.801 0 
8 825.473 0.297047 0.0223979 0.688397 -0.991027 0.0373012 -2.96424 -4.78757 -817.721 0 
1 825.075 0.301335 0.0223356 0.684747 -0.986544 0.0306289 -2.97377 -4.96299 -817.138 0 
3 825.22 0.308713 0.0223035 0.67803 -0.961393 0.00491499 -3.63887 -5.44584 -816.136 0 
1 824.248 0.306968 0.0223051 0.678709 -0.950915 -0.0102742 -3.21156 -4.99108 -816.045 0 
2 823.397 0.303922 0.0223516 0.682043 -0.950247 -0.0271167 -2.60725 -4.62365 -816.166 0 
3 824.609 0.305043 0.0222762 0.67928 -0.947832 -0.0121372 -3.76026 -4.79513 -816.053 0 
5 823.582 0.302105 0.0225323 0.682151 -0.913284 -0.0583507 -3.06481 -4.73267 -815.785 0 
4 822.961 0.310287 0.02239 0.675258 -0.903763 -0.0752193 -2.40538 -4.64579 -815.91 0 
1 822.134 0.309148 0.0222769 0.677468 -0.926525 -0.0748574 -1.75987 -4.57985 -815.795 0 
2 823.118 0.298781 0.0223104 0.68777 -0.938813 -0.102025 -1.93005 -4.64156 -816.546 0 
9 823.048 0.299088 0.0222508 0.68991 -0.941944 -0.152591 -1.05698 -4.92829 -817.063 0 
1 822.747 0.299703 0.0222971 0.689189 -0.952323 -0.122954 -0.8209 -4.76532 -817.161 0 
1 821.341 0.301985 0.0223446 0.686484 -0.939929 -0.116141 -0.429886 -4.48858 -816.422 0 
1 821.297 0.307684 0.0223436 0.680118 -0.927915 -0.0913591 -1.05852 -4.42132 -815.818 0 
2 820.889 0.304995 0.0224265 0.681991 -0.911777 -0.114854 -0.853581 -4.30257 -815.733 0 
8 821.56 0.311653 0.0222599 0.675129 -0.90927 -0.10944 -1.32433 -4.48363 -815.752 0 
3 821.088 0.313881 0.0223377 0.675622 -0.901152 -0.164003 -0.942108 -4.47709 -815.669 0 
1 821.67 0.317392 0.0223334 0.674554 -0.891738 -0.195731 -1.30803 -4.63969 -815.722 0 
4 821.123 0.315057 0.0222388 0.675334 -0.900771 -0.175196 -0.913813 -4.55066 -815.659 0 
2 821.567 0.317078 0.0223306 0.673917 -0.915805 -0.128352 -0.569742 -5.23704 -815.76 0 
1 820.497 0.310304 0.0223416 0.677938 -0.921701 -0.107738 -0.250417 -4.50776 -815.739 0 
2 821.635 0.310883 0.0222695 0.677399 -0.931984 -0.099283 -1.07119 -4.76106 -815.803 0 
2 823.546 0.318559 0.0222801 0.66831 -0.915512 -0.0567666 -1.19034 -6.1285 -816.227 0 
1 823.507 0.305338 0.0223278 0.680761 -0.923986 -0.0775719 -3.29117 -4.4007 -815.816 0 
1 823.69 0.312924 0.0224338 0.671175 -0.873108 -0.0948268 -2.22198 -4.83206 -816.636 0 
9 822.675 0.308273 0.0223302 0.676843 -0.883175 -0.133099 -2.55538 -4.30294 -815.817 0 
3 823.093 0.311912 0.0222346 0.675503 -0.883611 -0.164602 -3.17005 -4.13715 -815.786 0 
3 822.795 0.315833 0.0221817 0.673738 -0.885369 -0.189784 -2.68657 -4.32784 -815.78 0 
2 820.284 0.313902 0.0224483 0.676021 -0.874232 -0.200829 -0.382874 -4.07844 -815.823 0 
2 819.918 0.312611 0.0223532 0.676137 -0.878412 -0.19559 -0.0983474 -4.08371 -815.736 0 
1 823.046 0.325083 0.0223202 0.663958 -0.84675 -0.193084 -0.223476 -5.01038 -817.812 0 
5 820.963 0.316839 0.0224424 0.673493 -0.886616 -0.170607 -0.541216 -4.51152 -815.91 0 
1 821.779 0.305207 0.0225435 0.685946 -0.924951 -0.152452 -1.3638 -4.40975 -816.006 0 
1 822.143 0.315225 0.0223301 0.677361 -0.934677 -0.134718 -0.918919 -5.45975 -815.764 0 
2 821.297 0.310841 0.0223456 0.681026 -0.912332 -0.189239 -1.12469 -4.48678 -815.685 0 
1 821.428 0.300831 0.022368 0.687757 -0.921459 -0.157862 -0.539226 -4.67346 -816.216 0 
6 820.348 0.307075 0.0223699 0.680346 -0.895458 -0.162341 -0.518454 -4.19773 -815.632 0 
4 821.402 0.312462 0.0224335 0.673471 -0.851833 -0.180385 -0.754912 -4.18646 -816.461 0 
2 822.623 0.303125 0.0224956 0.684237 -0.864788 -0.216327 -2.01511 -5.00542 -815.603 0 
2 822.487 0.300826 0.0222724 0.687087 -0.881521 -0.249124 -1.31195 -5.39245 -815.782 0 
3 820.238 0.308503 0.0222654 0.681271 -0.886674 -0.237027 -0.304626 -4.35351 -815.58 0 
1 820.887 0.316219 0.0222877 0.673732 -0.870239 -0.233533 -0.870862 -4.20288 -815.814 0 
3 821.347 0.31823 0.0223218 0.671232 -0.844556 -0.260882 -0.975291 -3.97282 -816.399 0 
2 821.015 0.305654 0.0222897 0.68327 -0.881466 -0.250114 -0.766349 -4.63292 -815.616 0 
3 820.562 0.30931 0.0222212 0.681169 -0.884549 -0.259251 -0.530938 -4.45904 -815.572 0 
1 821.612 0.317954 0.02226 0.672069 -0.871722 -0.226606 -1.33423 -4.36894 -815.908 0 
2 820.948 0.305285 0.0222602 0.684643 -0.899299 -0.236105 -0.423169 -4.69699 -815.827 0 
3 820.895 0.3101 0.0222807 0.681946 -0.917717 -0.204519 -0.364251 -4.71269 -815.818 0 
6 820.611 0.314863 0.022369 0.675904 -0.893537 -0.19239 -0.516422 -4.44428 -815.65 0 
10 820.292 0.311656 0.022331 0.679206 -0.903976 -0.18757 -0.309984 -4.36755 -815.615 0 
3 819.861 0.309097 0.0224151 0.679881 -0.876118 -0.216846 -0.104784 -4.15306 -815.603 0 
6 819.86 0.310301 0.0223467 0.679682 -0.894719 -0.201223 -0.031476 -4.23705 -815.592 0 
1 820.077 0.307678 0.0223944 0.682074 -0.889873 -0.21719 -0.169573 -4.30914 -815.598 0 
5 820.817 0.313923 0.0224685 0.676657 -0.898775 -0.16358 -0.713623 -4.41669 -815.686 0 
3 821.919 0.311944 0.0225873 0.678618 -0.90088 -0.150568 -1.94466 -4.29698 -815.677 0 
1 826.904 0.320646 0.0227319 0.667792 -0.869933 -0.100182 -3.86846 -5.57517 -817.46 0 
1 828.57 0.312521 0.0227981 0.672093 -0.851337 -0.0983109 -5.81445 -5.297 -817.458 0 
1 825.533 0.31449 0.0226634 0.670542 -0.858525 -0.0991695 -3.10611 -5.10556 -817.321 0 
4 824.65 0.325569 0.02237 0.662696 -0.88351 -0.0880867 -0.109862 -6.97264 -817.567 0 
6 821.926 0.3172 0.0224135 0.669474 -0.883823 -0.104994 -0.407486 -4.9902 -816.529 0 
7 820.949 0.312984 0.0223742 0.676505 -0.922933 -0.113109 -0.394328 -4.82311 -815.731 0 
1 820.85 0.315418 0.0224504 0.675124 -0.898457 -0.153765 -0.510095 -4.5727 -815.767 0 
1 820.842 0.307286 0.0225458 0.682469 -0.897877 -0.17073 -1.00564 -4.20533 -815.631 0 
7 820.505 0.309313 0.0223441 0.678094 -0.878246 -0.192799 -0.73865 -4.10819 -815.658 0 
2 820.544 0.310439 0.0222804 0.677213 -0.883276 -0.187486 -0.791722 -4.09681 -815.656 0 
6 821.172 0.306189 0.0222629 0.681229 -0.8818 -0.210951 -1.23152 -4.3552 -815.585 0 
4 827.743 0.300388 0.0220056 0.689002 -0.921571 -0.236339 -5.40449 -5.46018 -816.878 0 
2 829.263 0.296273 0.0220415 0.693111 -0.912295 -0.271275 -5.30607 -6.61018 -817.347 0 
1 823.365 0.301824 0.0222374 0.687882 -0.895982 -0.246848 -2.19993 -5.15977 -816.006 0 
1 821.707 0.318125 0.0222253 0.670316 -0.84529 -0.237511 -1.14374 -3.97285 -816.59 0 
1 822.332 0.320196 0.0221983 0.66766 -0.842558 -0.229962 -1.25099 -4.10808 -816.973 0 
1 822.184 0.314482 0.0222304 0.671843 -0.846448 -0.222344 -1.82328 -3.95929 -816.402 0 
2 821.797 0.318115 0.0221685 0.670441 -0.869562 -0.205271 -1.36467 -4.31451 -816.118 0 
1 822.064 0.311047 0.0221124 0.679506 -0.904625 -0.220784 -1.87047 -4.54684 -815.646 0 
1 824.597 0.307803 0.0221545 0.68534 -0.924008 -0.23994 -3.18522 -5.12782 -816.284 0 
1 824.693 0.322997 0.0220217 0.669688 -0.898473 -0.228756 -2.86202 -6.15043 -815.681 0 
2 824.478 0.32117 0.0220486 0.670604 -0.897593 -0.222778 -3.1213 -5.69684 -815.66 0 
1 823.708 0.313078 0.0222706 0.675511 -0.879157 -0.218068 -3.88245 -4.17488 -815.65 0 
1 826.206 0.321236 0.0222731 0.668371 -0.888045 -0.167729 -4.73318 -5.32636 -816.147 0 
2 822.181 0.311109 0.0223216 0.678178 -0.92279 -0.13605 -1.8254 -4.62409 -815.732 0 
3 821.454 0.307128 0.0223639 0.680671 -0.921707 -0.121466 -1.33529 -4.32733 -815.791 0 
1 821.475 0.309101 0.0223263 0.678394 -0.930525 -0.0887066 -1.08626 -4.57269 -815.816 0 
3 820.399 0.30588 0.0224199 0.68245 -0.921656 -0.118081 -0.281753 -4.29734 -815.82 0 
4 822.16 0.297798 0.0225263 0.690502 -0.913681 -0.161484 -0.770882 -5.15669 -816.233 0 
2 823.084 0.299243 0.0223194 0.686682 -0.912328 -0.143858 -2.22861 -4.84392 -816.011 0 
3 822.633 0.30545 0.0224451 0.678491 -0.880817 -0.124718 -2.30875 -4.53154 -815.793 0 
3 821.575 0.30717 0.0224006 0.678013 -0.900541 -0.100072 -1.46279 -4.36338 -815.749 0 
5 821.835 0.30825 0.0225727 0.677598 -0.903522 -0.0735311 -1.40968 -4.57164 -815.853 0 
3 820.59 0.306862 0.0225198 0.680969 -0.912752 -0.110023 -0.590503 -4.28041 -815.719 0 
2 821.45 0.308412 0.0225155 0.678799 -0.887058 -0.135686 -1.43313 -4.25617 -815.761 0 
1 821.037 0.313339 0.0224354 0.673814 -0.882599 -0.130268 -0.585645 -4.37255 -816.079 0 
4 821.607 0.310509 0.0225565 0.677436 -0.906528 -0.0927189 -1.31174 -4.48915 -815.806 0 
5 820.65 0.309085 0.0224577 0.677427 -0.895038 -0.118435 -0.601284 -4.28018 -815.768 0 
2 821.094 0.301702 0.0224303 0.685415 -0.914853 -0.132565 -0.697302 -4.49809 -815.899 0 
1 821.332 0.301891 0.0224743 0.68624 -0.904668 -0.159883 -0.930148 -4.59772 -815.804 0 
1 821.111 0.305044 0.0224941 0.682754 -0.886441 -0.17163 -1.10298 -4.38921 -815.619 0 
3 821.169 0.310148 0.0225285 0.678918 -0.90253 -0.128598 -1.20109 -4.26547 -815.703 0 
2 821.673 0.304405 0.022578 0.682269 -0.885616 -0.155446 -1.58983 -4.44258 -815.64 0 
1 821.899 0.311277 0.0226256 0.677925 -0.878916 -0.165328 -1.95238 -4.11807 -815.828 0 
1 820.839 0.311429 0.0225265 0.67823 -0.900512 -0.146638 -0.886651 -4.27005 -815.682 0 
1 820.851 0.302515 0.0223828 0.686793 -0.924736 -0.156802 -0.127512 -4.53957 -816.184 0 
2 821.346 0.307687 0.0223026 0.679916 -0.894898 -0.181011 -1.52592 -4.20478 -815.616 0 
1 822.947 0.30249 0.0224333 0.689034 -0.934754 -0.186023 -1.29202 -4.93753 -816.718 0 
1 823.395 0.304917 0.0224063 0.685295 -0.920268 -0.187102 -2.69967 -4.62047 -816.075 0 
3 823.231 0.301246 0.0223604 0.688743 -0.914214 -0.220781 -1.71743 -5.12493 -816.389 0 
1 823.856 0.299084 0.0224677 0.693823 -0.913475 -0.262621 -0.981384 -5.91987 -816.955 0 
2 822.635 0.301146 0.0225134 0.690304 -0.873069 -0.305562 -0.854967 -5.91081 -815.869 0 
8 821.083 0.307176 0.0225201 0.682793 -0.848009 -0.294029 -0.7479 -4.72341 -815.612 0 
3 820.095 0.309433 0.0223423 0.679629 -0.851249 -0.280355 -0.0987883 -4.33435 -815.662 0 
1 822.77 0.301833 0.0223534 0.687901 -0.872863 -0.279009 -1.55834 -5.49213 -815.72 0 
3 822.311 0.298262 0.0224374 0.690669 -0.883684 -0.252991 -0.325053 -6.00494 -815.981 0 
3 822.984 0.303317 0.0225525 0.68439 -0.853195 -0.239027 -2.12043 -5.2271 -815.637 0 
2 823.075 0.301182 0.0225275 0.68496 -0.847191 -0.241701 -1.53134 -5.8928 -815.651 0 
2 823.808 0.297962 0.0224406 0.688755 -0.882866 -0.221519 -2.15873 -5.82226 -815.827 0 
1 823.784 0.300857 0.0223891 0.686799 -0.898874 -0.204036 -2.9151 -4.9592 -815.909 0 
1 823.931 0.310096 0.0222479 0.677494 -0.885539 -0.204223 -4.16979 -4.16547 -815.595 0 
4 823.104 0.301423 0.0223461 0.685754 -0.896061 -0.201001 -2.4277 -4.85955 -815.817 0 
1 822.757 0.297433 0.0224191 0.693282 -0.923318 -0.212344 -0.0738992 -5.63856 -817.045 0 
3 823.288 0.322587 0.022256 0.668636 -0.890406 -0.180516 -1.59499 -5.61469 -816.078 0 
2 821.053 0.31396 0.0224328 0.678018 -0.894306 -0.201875 -1.07251 -4.37498 -815.605 0 
5 820.077 0.311112 0.022454 0.678389 -0.883015 -0.195263 -0.329085 -4.10065 -815.647 0 
1 820.189 0.31222 0.022397 0.678224 -0.870039 -0.237612 -0.460541 -4.07153 -815.657 0 
1 822.312 0.318309 0.0224596 0.674721 -0.879001 -0.228817 -1.99824 -4.53686 -815.777 0 
1 825.469 0.324117 0.0224129 0.669265 -0.876507 -0.224003 -3.7863 -5.49715 -816.185 0 
1 825.96 0.321188 0.0224211 0.670622 -0.879773 -0.207895 -4.88502 -5.03681 -816.038 0 
1 822.974 0.315011 0.0223434 0.678554 -0.916092 -0.212545 -2.05081 -5.27113 -815.652 0 
2 822.702 0.311597 0.0223993 0.681753 -0.92936 -0.18728 -1.70601 -5.09112 -815.905 0 
1 823.249 0.311584 0.0225993 0.679299 -0.891728 -0.18656 -3.43022 -4.19579 -815.623 0 
1 823.191 0.316865 0.0225196 0.67604 -0.893244 -0.199866 -2.84929 -4.66778 -815.674 0 
5 824.759 0.318304 0.022637 0.673264 -0.874956 -0.183781 -4.13456 -4.46511 -816.159 0 
1 823.683 0.317608 0.0224988 0.676001 -0.903655 -0.188702 -3.00036 -5.03477 -815.647 0 
4 826.277 0.324533 0.0225033 0.669714 -0.893968 -0.170768 -3.94435 -6.13895 -816.194 0 
2 823.719 0.315191 0.0225186 0.676713 -0.900549 -0.155634 -3.44206 -4.54596 -815.731 0 
1 823.965 0.312569 0.0224857 0.680398 -0.928372 -0.140355 -3.37904 -4.82774 -815.758 0 
1 823.884 0.320584 0.022488 0.672406 -0.90127 -0.156262 -2.49273 -5.47313 -815.918 0 
3 822.064 0.316529 0.0224249 0.675498 -0.901748 -0.166981 -1.60746 -4.74522 -815.711 0 
5 820.513 0.311486 0.0224197 0.67971 -0.910452 -0.172135 -0.421214 -4.44392 -815.648 0 
2 820.663 0.316065 0.0224127 0.673744 -0.891995 -0.157954 -0.264895 -4.54055 -815.857 0 
1 820.742 0.312165 0.022374 0.679218 -0.911663 -0.170555 -0.596617 -4.49722 -815.648 0 
2 820.974 0.316067 0.0222416 0.675487 -0.908714 -0.183563 -0.414367 -4.93626 -815.623 0 
1 821.819 0.319397 0.0223172 0.673431 -0.896725 -0.206266 -0.955195 -5.18003 -815.684 0 
1 821.217 0.316453 0.0223532 0.675705 -0.908691 -0.176406 -0.604594 -4.97128 -815.641 0 
2 821.519 0.317964 0.0222883 0.670788 -0.884326 -0.164112 -0.809411 -4.64891 -816.06 0 
7 821.513 0.319373 0.0223379 0.670423 -0.883423 -0.156545 -0.443009 -4.83949 -816.231 0 
1 821.518 0.316546 0.0222447 0.673638 -0.919421 -0.122714 -0.514116 -5.25587 -815.748 0 
1 820.838 0.31057 0.0223498 0.678258 -0.92601 -0.0995491 -0.477985 -4.59558 -815.764 0 
2 821.272 0.314747 0.0222828 0.673939 -0.924113 -0.0912457 -0.30119 -5.17528 -815.796 0 
5 821.341 0.310133 0.022329 0.677536 -0.924405 -0.0851436 -0.975538 -4.5921 -815.773 0 
1 820.583 0.31329 0.0223488 0.676158 -0.920128 -0.112092 -0.0619312 -4.78852 -815.733 0 
1 819.89 0.308922 0.0223716 0.679459 -0.887242 -0.186616 -0.13857 -4.13849 -815.613 0 
1 821.142 0.308786 0.0223355 0.677775 -0.898571 -0.137296 -1.26778 -4.19627 -815.678 0 
2 820.834 0.310257 0.022425 0.676729 -0.895546 -0.130667 -0.851426 -4.23736 -815.746 0 
3 821.718 0.305501 0.0225307 0.680049 -0.910248 -0.0742688 -1.46444 -4.4916 -815.762 0 
4 821.481 0.306019 0.0224429 0.680899 -0.943335 -0.0394879 -0.839332 -4.64665 -815.995 0 
1 824.285 0.298748 0.0223715 0.690057 -0.999123 -0.00214608 -1.0842 -4.84719 -818.353 0 
3 823.021 0.305568 0.0223524 0.680213 -0.965363 0.0099845 -1.61104 -5.09997 -816.31 0 
1 823.599 0.304759 0.022331 0.683043 -0.988747 0.0184082 -1.27457 -5.31939 -817.005 0 
2 824.122 0.30991 0.022254 0.67822 -0.984169 0.0189123 -1.41022 -6.20086 -816.511 0 
2 824.504 0.318381 0.0223875 0.66801 -0.936634 0.0095597 -0.728864 -7.45472 -816.321 0 
3 825.128 0.319013 0.0222918 0.668199 -0.953281 0.0199398 -0.809224 -8.1187 -816.2 0 
4 825.086 0.321015 0.0222455 0.669123 -0.962544 -0.00410715 -0.339154 -8.65552 -816.092 0 
1 824.935 0.322094 0.0224249 0.667279 -0.939157 -0.00972623 -0.299823 -8.29715 -816.338 0 
2 825.497 0.323882 0.0224553 0.666789 -0.923726 -0.0420766 -1.03369 -7.95007 -816.514 0 
1 826.499 0.32384 0.0223343 0.668366 -0.962436 -0.0126588 -0.759517 -9.61487 -816.124 0 
2 826.154 0.324434 0.0223485 0.668328 -0.95017 -0.0464116 -1.07931 -9.00727 -816.067 0 
2 825.48 0.312545 0.0222449 0.680531 -1.00489 -0.0278431 -0.736001 -7.51797 -817.226 0 
2 825.269 0.3112 0.0224581 0.681905 -0.991919 -0.0339972 -1.7593 -6.60548 -816.904 0 
5 826.058 0.30874 0.0224978 0.685303 -0.987095 -0.0729904 -2.82813 -6.00083 -817.229 0 
1 825.515 0.316567 0.0223245 0.67601 -0.967908 -0.0726217 -2.28684 -7.12629 -816.102 0 
2 826.782 0.320923 0.0222883 0.674207 -0.966718 -0.0980139 -2.39539 -8.40571 -815.981 0 
4 827.146 0.327453 0.022231 0.665686 -0.941679 -0.0742233 -1.3774 -9.63702 -816.132 0 
1 830.201 0.333109 0.0222863 0.659205 -0.908062 -0.0845243 -2.32631 -10.4592 -817.415 0 
2 825.245 0.325038 0.0222881 0.667256 -0.929017 -0.0801874 -1.03842 -8.03879 -816.168 0 
5 823.561 0.317411 0.0221466 0.673619 -0.950782 -0.0846307 -1.15103 -6.53712 -815.873 0 
2 823.567 0.319894 0.0221984 0.672898 -0.939057 -0.121896 -1.09918 -6.70474 -815.763 0 
5 826.962 0.321951 0.0220109 0.667407 -0.93421 -0.0849736 -3.75021 -7.27824 -815.934 0 
4 825.679 0.319281 0.022012 0.672038 -0.945859 -0.110735 -3.03922 -6.8342 -815.806 0 
2 825.928 0.307342 0.0219989 0.682604 -0.94602 -0.155607 -4.56073 -4.92022 -816.447 0 
5 824.422 0.310318 0.0220409 0.679246 -0.946771 -0.124925 -3.24995 -5.06401 -816.108 0 
1 823.571 0.308202 0.0220823 0.680303 -0.927018 -0.15662 -3.11354 -4.5415 -815.915 0 
2 824.794 0.3023 0.0223146 0.685251 -0.928194 -0.144544 -4.03711 -4.53312 -816.224 0 
3 822.183 0.310269 0.022331 0.681872 -0.941745 -0.154192 -0.955874 -5.11236 -816.114 0 
3 822.755 0.308564 0.022421 0.684132 -0.954116 -0.130856 -1.16647 -5.13861 -816.45 0 
6 821.624 0.306705 0.0225368 0.683776 -0.932419 -0.122321 -1.21173 -4.43685 -815.975 0 
2 823.063 0.312321 0.0225262 0.677719 -0.926073 -0.10367 -2.48068 -4.82977 -815.752 0 
1 823.606 0.308538 0.0225678 0.682287 -0.937588 -0.11015 -3.01183 -4.63634 -815.958 0 
1 822.316 0.309778 0.0225645 0.680454 -0.934126 -0.0937879 -1.79934 -4.67461 -815.842 0 
1 822.75 0.299956 0.0224682 0.689672 -0.960703 -0.0943094 -0.843374 -4.67619 -817.23 0 
2 823.948 0.301753 0.0223412 0.690431 -0.992377 -0.0825055 -0.119177 -5.32288 -818.506 0 
2 822.464 0.305144 0.02254 0.685438 -0.964798 -0.060261 -1.05443 -4.77938 -816.63 0 
2 822.775 0.305851 0.0225269 0.682008 -0.94645 -0.0545669 -2.09497 -4.5961 -816.084 0 
3 822.123 0.305399 0.0225563 0.681913 -0.926361 -0.0827009 -1.91658 -4.36472 -815.842 0 
1 821.606 0.305076 0.0225657 0.683002 -0.925301 -0.0970539 -1.42205 -4.32828 -815.856 0 
2 820.7 0.305315 0.0224417 0.68389 -0.939709 -0.0993845 -0.146625 -4.43872 -816.115 0 
1 822.065 0.302923 0.0224801 0.684207 -0.937003 -0.0807214 -1.56703 -4.39201 -816.106 0 
2 823.069 0.302178 0.0223574 0.684534 -0.943509 -0.0825307 -2.31614 -4.43289 -816.32 0 
1 822.691 0.307345 0.0224438 0.677363 -0.916937 -0.0588716 -2.3201 -4.56437 -815.806 0 
1 822.488 0.313291 0.0224765 0.67261 -0.911467 -0.0526593 -1.26023 -5.17384 -816.054 0 
2 821.055 0.307946 0.0223336 0.681651 -0.951914 -0.0828315 -0.0520454 -4.80934 -816.193 0 
4 821.006 0.310831 0.0224317 0.678263 -0.941178 -0.0635884 -0.122079 -5.00188 -815.882 0 
2 822.778 0.315462 0.0224549 0.669632 -0.875013 -0.10099 -1.19691 -4.86089 -816.72 0 
1 820.945 0.308794 0.0224102 0.677754 -0.919286 -0.0755168 -0.64798 -4.5188 -815.778 0 
1 820.99 0.312172 0.0224415 0.675052 -0.907894 -0.0937065 -0.537821 -4.61625 -815.836 0 
1 821.147 0.304248 0.0225668 0.682657 -0.906248 -0.113184 -1.07707 -4.36248 -815.708 0 
3 821.87 0.304832 0.0225792 0.680581 -0.896216 -0.099444 -1.62456 -4.51082 -815.735 0 
4 821.432 0.303005 0.0224515 0.682748 -0.89572 -0.136052 -1.24516 -4.52101 -815.666 0 
2 821.334 0.306636 0.0224053 0.680281 -0.898636 -0.149261 -1.47493 -4.21079 -815.649 0 
1 820.172 0.313927 0.0222972 0.676084 -0.893548 -0.191137 -0.181308 -4.35383 -815.636 0 
2 821.086 0.304316 0.0222796 0.685624 -0.919533 -0.193103 -0.312264 -4.64622 -816.128 0 
5 820.241 0.30834 0.0223107 0.681667 -0.915508 -0.170772 -0.0971916 -4.38169 -815.762 0 
7 821.444 0.305753 0.0224438 0.684896 -0.902874 -0.196236 -1.32031 -4.38741 -815.736 0 
9 820.568 0.31052 0.0223882 0.676957 -0.888867 -0.146803 -0.634886 -4.17834 -815.755 0 
12 820.593 0.3117 0.0223883 0.675672 -0.876698 -0.164116 -0.574232 -4.12785 -815.891 0 
1 821.651 0.317269 0.0223121 0.670449 -0.88385 -0.132383 -0.654049 -4.7179 -816.28 0 
2 822.138 0.31887 0.0223631 0.668145 -0.880074 -0.113536 -0.319848 -5.11344 -816.705 0 
2 823.398 0.30693 0.0223231 0.678613 -0.885244 -0.14132 -3.36266 -4.31751 -815.718 0 
5 823.085 0.31155 0.0222124 0.675659 -0.895762 -0.141749 -3.10561 -4.24559 -815.734 0 
3 823.252 0.305992 0.0222922 0.681398 -0.896682 -0.160449 -3.34793 -4.26392 -815.64 0 
3 823.2 0.312341 0.0222918 0.675981 -0.881643 -0.172512 -3.29107 -4.11869 -815.79 0 
1 825.24 0.320697 0.0224201 0.666629 -0.832338 -0.185896 -2.57569 -4.51119 -818.154 0 
5 825.935 0.327326 0.0224219 0.659701 -0.825852 -0.165233 -0.316942 -5.66358 -819.955 0 
3 825.942 0.325603 0.0224921 0.660881 -0.820487 -0.167188 -0.536155 -5.38006 -820.026 0 
2 826.138 0.319505 0.0223593 0.665688 -0.838115 -0.151373 -3.07069 -4.85266 -818.215 0 
1 826.237 0.325955 0.0223197 0.660155 -0.852415 -0.111408 -0.882472 -6.41036 -818.944 0 
2 823.51 0.322201 0.0223273 0.665179 -0.881923 -0.105651 -0.616812 -5.85366 -817.04 0 
4 821.123 0.312058 0.0224439 0.675611 -0.895474 -0.117112 -0.859523 -4.39805 -815.866 0 
2 821.62 0.315619 0.0222465 0.672385 -0.911238 -0.107401 -0.768207 -5.00548 -815.846 0 
2 821.292 0.310372 0.0222084 0.678824 -0.928499 -0.129751 -0.875402 -4.61651 -815.8 0 
1 821.633 0.313996 0.0223042 0.675949 -0.924208 -0.127605 -0.918344 -4.99952 -815.715 0 
1 821.929 0.307166 0.0224154 0.684481 -0.948168 -0.13105 -0.717414 -4.83542 -816.376 0 
4 821.914 0.312326 0.0223817 0.677338 -0.922906 -0.125197 -1.44846 -4.74562 -815.72 0 
3 821.615 0.305994 0.0222914 0.684552 -0.948876 -0.132474 -0.332325 -4.78516 -816.497 0 
2 822.341 0.302839 0.0222957 0.688372 -0.957114 -0.143536 -0.162354 -4.96233 -817.216 0 
4 824.432 0.299823 0.0223319 0.689939 -0.976663 -0.0890078 -1.51903 -4.93339 -817.98 0 
2 825.21 0.30497 0.0223886 0.680634 -0.936405 -0.0639957 -4.7992 -4.44836 -815.963 0 
6 826.18 0.302948 0.0224131 0.682928 -0.960071 -0.0276875 -5.09212 -4.62568 -816.462 0 
1 824.453 0.304667 0.0224391 0.680705 -0.945995 -0.0316094 -3.76712 -4.61843 -816.067 0 
7 823.244 0.304491 0.0224002 0.681648 -0.97104 0.00623632 -1.71956 -5.00482 -816.52 0 
1 822.98 0.308574 0.0225038 0.676865 -0.954932 0.0240273 -1.27855 -5.63501 -816.066 0 
1 824.758 0.315385 0.0224259 0.668503 -0.915174 -0.00167574 -1.86345 -6.40148 -816.493 0 
3 824.326 0.314722 0.0224313 0.669572 -0.922349 0.002019 -1.67418 -6.32905 -816.322 0 
5 824.224 0.312843 0.0223706 0.671077 -0.922741 -0.00467447 -2.20048 -5.85491 -816.169 0 
4 822.956 0.308932 0.022421 0.675652 -0.92522 -0.0222341 -1.97627 -5.06095 -815.919 0 
1 822.968 0.297323 0.0225273 0.688463 -0.939155 -0.0669762 -1.79799 -4.7304 -816.439 0 
1 822.97 0.303316 0.0224339 0.681678 -0.92501 -0.0711521 -2.69663 -4.41092 -815.863 0 
3 821.645 0.305339 0.0224504 0.680029 -0.921105 -0.0674097 -1.40626 -4.44316 -815.796 0 
1 823.046 0.309108 0.0224185 0.677899 -0.925279 -0.0836165 -2.7246 -4.54068 -815.781 0 
2 820.735 0.31154 0.0223364 0.67675 -0.921071 -0.0980699 -0.345119 -4.64021 -815.75 0 
6 820.705 0.310186 0.0224484 0.680385 -0.922202 -0.132673 -0.489525 -4.47481 -815.741 0 
2 821.392 0.316322 0.0223826 0.673175 -0.923745 -0.0844924 -0.034542 -5.50148 -815.856 0 
2 822.104 0.315515 0.0225305 0.671704 -0.890656 -0.089394 -0.776815 -4.97785 -816.349 0 
1 821.16 0.312224 0.0225039 0.674895 -0.903259 -0.0861294 -0.558939 -4.66929 -815.931 0 
2 821.622 0.309966 0.0225396 0.678124 -0.916464 -0.0795531 -1.27192 -4.56574 -815.784 0 
1 822.132 0.30093 0.0225516 0.686964 -0.943792 -0.0656206 -1.34325 -4.46654 -816.322 0 
2 822.074 0.300367 0.0226077 0.687645 -0.933809 -0.0897341 -1.36471 -4.4995 -816.21 0 
1 820.916 0.307857 0.0224876 0.679708 -0.933795 -0.0596756 -0.443658 -4.61207 -815.86 0 
1 821.513 0.311295 0.0225255 0.677734 -0.928412 -0.0696836 -0.857247 -4.84776 -815.808 0 
4 821.86 0.307909 0.0224251 0.681071 -0.942215 -0.0678732 -1.25142 -4.64331 -815.965 0 
1 822.77 0.305627 0.0222614 0.681291 -0.94425 -0.0638034 -2.17585 -4.51825 -816.076 0 
2 822.177 0.314972 0.0224239 0.670616 -0.88781 -0.0862111 -0.800552 -4.95835 -816.419 0 
2 822.307 0.312677 0.0223935 0.672538 -0.902261 -0.0653647 -1.26073 -4.94682 -816.1 0 
9 821.643 0.30802 0.0225219 0.677506 -0.895052 -0.101891 -1.45998 -4.37468 -815.808 0 
1 822.278 0.311493 0.0223591 0.674478 -0.896592 -0.114875 -2.06223 -4.37402 -815.842 0 
1 822.066 0.311159 0.0222132 0.677313 -0.919581 -0.121435 -1.84141 -4.50971 -815.715 0 
4 820.612 0.309981 0.0223091 0.679164 -0.923608 -0.122482 -0.381426 -4.47839 -815.752 0 
3 821.06 0.306935 0.022289 0.682566 -0.937409 -0.129695 -0.3998 -4.56308 -816.098 0 
7 820.69 0.305472 0.0223608 0.683904 -0.922508 -0.157231 -0.313441 -4.41704 -815.959 0 
3 821.633 0.302704 0.0222889 0.687402 -0.936205 -0.167428 -0.279952 -4.75328 -816.599 0 
3 820.702 0.307581 0.0224282 0.682673 -0.918962 -0.160873 -0.494208 -4.39252 -815.816 0 
3 820.855 0.303621 0.0224393 0.686537 -0.915392 -0.184918 -0.256608 -4.5723 -816.026 0 
3 821.262 0.312045 0.0223237 0.679741 -0.910433 -0.20602 -0.905123 -4.69849 -815.659 0 
3 821.542 0.308907 0.022263 0.68368 -0.928208 -0.204076 -0.491092 -4.94627 -816.105 0 
1 822.328 0.303048 0.022303 0.689125 -0.939093 -0.202092 -0.18218 -5.16869 -816.977 0 
8 820.357 0.308405 0.0222821 0.680555 -0.896618 -0.19187 -0.521101 -4.222 -815.614 0 
3 820.502 0.307698 0.0225121 0.682137 -0.898533 -0.174874 -0.668462 -4.20421 -815.63 0 
11 820.995 0.31343 0.022475 0.676805 -0.896338 -0.154748 -0.936182 -4.3318 -815.727 0 
1 822.959 0.30451 0.0224712 0.687218 -0.928632 -0.16275 -2.26256 -4.50844 -816.188 0 
3 821.236 0.307355 0.022492 0.683863 -0.905633 -0.189156 -1.21467 -4.31696 -815.705 0 
1 821.493 0.303528 0.022602 0.684592 -0.886884 -0.177814 -1.32263 -4.54714 -815.623 0 
1 821.774 0.311527 0.0226119 0.678024 -0.886477 -0.159458 -1.86451 -4.15035 -815.759 0 
1 822.507 0.31862 0.0225424 0.669494 -0.874037 -0.123486 -0.782713 -4.93462 -816.79 0 
4 822.674 0.315881 0.0225594 0.672255 -0.88157 -0.11519 -1.5579 -4.71847 -816.398 0 
4 822.175 0.311094 0.0223763 0.677845 -0.914409 -0.112001 -1.99688 -4.45722 -815.721 0 
1 820.699 0.305944 0.0224812 0.682036 -0.916227 -0.111055 -0.661198 -4.28626 -815.752 0 
3 821.035 0.308128 0.0224497 0.679775 -0.91458 -0.102705 -0.973828 -4.33418 -815.727 0 
7 821.646 0.314645 0.0224965 0.671959 -0.886788 -0.0983663 -0.557814 -4.77453 -816.314 0 
1 825.06 0.3148 0.0226067 0.671708 -0.889657 -0.0639775 -3.20263 -5.29168 -816.566 0 
1 823.677 0.309565 0.022551 0.673655 -0.888016 -0.0573985 -2.36106 -5.0195 -816.297 0 
3 824.132 0.305359 0.0226931 0.678182 -0.89434 -0.055835 -3.24287 -4.93036 -815.958 0 
1 824.903 0.300767 0.022755 0.68416 -0.897501 -0.0934281 -4.30637 -4.88609 -815.711 0 
4 824.076 0.314488 0.0226582 0.671 -0.878613 -0.0731519 -2.06806 -5.19471 -816.814 0 
7 820.937 0.307534 0.0225586 0.681002 -0.91201 -0.117696 -0.964491 -4.26581 -815.707 0 
1 821.584 0.302951 0.0225236 0.685424 -0.909056 -0.156876 -1.30966 -4.45048 -815.824 0 
1 821.491 0.301278 0.0223878 0.686439 -0.918167 -0.151219 -0.836523 -4.5883 -816.066 0 
4 821.28 0.307439 0.0222211 0.682346 -0.924311 -0.172574 -0.772439 -4.5511 -815.956 0 
3 822.299 0.315686 0.0223396 0.674308 -0.902728 -0.162957 -1.8664 -4.73532 -815.698 0 
2 821.427 0.315472 0.0223591 0.67469 -0.910033 -0.144233 -0.857021 -4.86222 -815.708 0 
5 821.381 0.309152 0.0222293 0.68134 -0.909373 -0.195946 -1.26744 -4.40475 -815.709 0 
4 820.416 0.306587 0.0223084 0.683133 -0.916739 -0.175398 -0.138195 -4.41679 -815.861 0 
2 820.799 0.310304 0.0222403 0.680258 -0.919782 -0.177892 -0.415003 -4.61268 -815.772 0 
10 820.194 0.309157 0.0223888 0.680896 -0.907759 -0.176713 -0.212946 -4.31497 -815.667 0 
11 822.857 0.31567 0.022238 0.675211 -0.900144 -0.206682 -2.46202 -4.80196 -815.593 0 
2 823.091 0.304779 0.0221812 0.687677 -0.93726 -0.218083 -0.960216 -5.26979 -816.861 0 
1 821.304 0.307463 0.0223329 0.684865 -0.922407 -0.205105 -0.510163 -4.7351 -816.059 0 
2 822.984 0.306844 0.0224527 0.686461 -0.939466 -0.18046 -1.57631 -4.96454 -816.443 0 
4 825.218 0.309983 0.0224024 0.680334 -0.906122 -0.197456 -5.09151 -4.47108 -815.655 0 
1 824.948 0.309164 0.0224165 0.683125 -0.927435 -0.192263 -4.00924 -4.92546 -816.013 0 
3 824.359 0.313932 0.0224622 0.680565 -0.92744 -0.190114 -3.24487 -5.33092 -815.783 0 
1 826.19 0.313462 0.0225346 0.680047 -0.911173 -0.205648 -5.67535 -4.87982 -815.635 0 
1 825.463 0.309584 0.0225299 0.684369 -0.949004 -0.149021 -3.90231 -5.23489 -816.326 0 
2 823.898 0.311129 0.0224928 0.682036 -0.954035 -0.113389 -2.32496 -5.38515 -816.188 0 
5 822.634 0.310151 0.0223631 0.6825 -0.960409 -0.114806 -0.743105 -5.46088 -816.43 0 
3 820.927 0.306336 0.0223949 0.684444 -0.941536 -0.128439 -0.104302 -4.59102 -816.231 0 
2 820.721 0.304726 0.0223446 0.683673 -0.930376 -0.121036 -0.328606 -4.36897 -816.023 0 
1 821.024 0.302948 0.0224122 0.686206 -0.935889 -0.12772 -0.247738 -4.47618 -816.3 0 
1 821.708 0.304882 0.0223455 0.686643 -0.944228 -0.149965 -0.437187 -4.71571 -816.555 0 
4 822.211 0.304059 0.0223966 0.688267 -0.94997 -0.15429 -0.450492 -4.88117 -816.88 0 
2 823.582 0.309196 0.0224518 0.684913 -0.942689 -0.173134 -2.13788 -5.13488 -816.309 0 
6 822.213 0.30303 0.0224833 0.688732 -0.945477 -0.145826 -0.759249 -4.71673 -816.737 0 
3 822.439 0.303018 0.022571 0.686298 -0.902368 -0.163865 -2.19826 -4.49678 -815.744 0 
5 821.749 0.307713 0.0225672 0.679315 -0.876904 -0.166568 -1.80535 -4.21494 -815.728 0 
7 821.49 0.317359 0.0225177 0.671805 -0.865433 -0.174615 -0.734351 -4.30548 -816.45 0 
5 820.432 0.309512 0.0224203 0.679936 -0.902528 -0.170749 -0.562886 -4.23733 -815.632 0 
1 820.921 0.306739 0.0224046 0.683538 -0.929802 -0.146648 -0.423055 -4.49069 -816.007 0 
3 821.201 0.304174 0.0225163 0.685254 -0.905406 -0.178953 -0.984758 -4.43286 -815.784 0 
1 821.097 0.310768 0.022454 0.67558 -0.86718 -0.17048 -0.964412 -4.13398 -815.999 0 
4 821.95 0.304634 0.0224233 0.680919 -0.876201 -0.176731 -1.80938 -4.50272 -815.638 0 
2 821.086 0.305271 0.0224275 0.683424 -0.866606 -0.242067 -0.852657 -4.65985 -815.573 0 
2 820.894 0.305646 0.0223069 0.682144 -0.881156 -0.221177 -0.855479 -4.45099 -815.587 0 
1 820.574 0.303818 0.0223487 0.685349 -0.894548 -0.219447 -0.156953 -4.66249 -815.754 0 
2 820.001 0.310797 0.022389 0.680107 -0.889178 -0.221192 -0.183193 -4.24754 -815.57 0 
6 820.239 0.3114 0.0224081 0.679685 -0.896468 -0.20415 -0.348807 -4.30225 -815.588 0 
1 820.886 0.31169 0.0224239 0.680254 -0.903224 -0.204891 -0.817258 -4.45876 -815.61 0 
7 822.565 0.306263 0.0226615 0.682341 -0.869157 -0.205457 -2.53488 -4.39199 -815.638 0 
1 820.728 0.309246 0.0225449 0.679965 -0.880414 -0.185666 -0.951908 -4.11552 -815.661 0 
1 820.701 0.303343 0.0223885 0.684585 -0.886658 -0.207497 -0.391253 -4.66179 -815.648 0 
6 821.164 0.302987 0.0223769 0.687525 -0.909981 -0.20918 -0.3511 -4.75192 -816.061 0 
1 821.166 0.30652 0.0225773 0.681853 -0.86244 -0.221715 -1.05755 -4.45067 -815.658 0 
3 820.824 0.312802 0.0224405 0.676794 -0.87296 -0.21704 -1.03695 -4.06582 -815.721 0 
1 820.587 0.311221 0.02229 0.680021 -0.914023 -0.191857 -0.273093 -4.61692 -815.697 0 
5 820.686 0.314024 0.02225 0.676355 -0.914304 -0.157527 -0.284577 -4.74411 -815.657 0 
1 821.134 0.31559 0.0222633 0.672192 -0.889641 -0.145948 -0.690475 -4.49661 -815.947 0 
2 821.08 0.309683 0.0222077 0.680222 -0.923685 -0.159508 -0.722066 -4.54987 -815.808 0 
1 820.635 0.310737 0.0222505 0.678961 -0.915234 -0.158062 -0.511944 -4.43629 -815.687 0 
1 820.714 0.310657 0.0223829 0.679793 -0.922012 -0.147427 -0.408927 -4.56399 -815.741 0 
4 821.446 0.305961 0.0223846 0.683802 -0.926768 -0.154066 -0.96122 -4.47265 -816.012 0 
6 821.553 0.30137 0.0225295 0.688354 -0.920692 -0.161097 -0.739862 -4.63617 -816.176 0 
3 820.857 0.306673 0.0225174 0.683032 -0.921553 -0.131707 -0.721579 -4.31659 -815.819 0 
1 821.077 0.30408 0.0225222 0.685806 -0.926329 -0.135355 -0.669038 -4.38253 -816.025 0 
1 821.089 0.303846 0.0225234 0.684628 -0.918096 -0.131705 -0.883227 -4.34077 -815.865 0 
4 821.623 0.306858 0.0226236 0.680214 -0.884568 -0.141587 -1.60624 -4.29535 -815.722 0 
1 821.557 0.310884 0.0225731 0.678396 -0.900368 -0.127726 -1.53483 -4.29042 -815.732 0 
15 821.25 0.310918 0.0225055 0.675697 -0.89025 -0.108587 -0.883284 -4.41808 -815.949 0 
1 823.274 0.312075 0.0225702 0.67599 -0.899088 -0.0938068 -2.73616 -4.5951 -815.943 0 
5 822.842 0.315445 0.0225947 0.67163 -0.897699 -0.0670225 -1.21677 -5.26975 -816.356 0 
1 822.923 0.317112 0.0224482 0.669186 -0.893448 -0.0669499 -0.791767 -5.52821 -816.603 0 
1 823.721 0.321117 0.0224205 0.665674 -0.885553 -0.0808325 -0.601484 -6.02895 -817.091 0 
2 823.417 0.315897 0.0224023 0.671336 -0.889543 -0.0988268 -2.18218 -4.91263 -816.323 0 
3 823.439 0.318409 0.0225688 0.66874 -0.873219 -0.100541 -1.1407 -5.226 -817.072 0 
6 825.166 0.321801 0.0226165 0.666251 -0.865176 -0.106482 -1.75659 -5.67331 -817.736 0 
1 822.462 0.316151 0.0225781 0.672729 -0.892372 -0.106529 -1.39203 -4.86728 -816.203 0 
2 820.35 0.311698 0.02249 0.677141 -0.892866 -0.147907 -0.390007 -4.21905 -815.741 0 
4 820.077 0.307459 0.022454 0.680883 -0.889917 -0.17319 -0.270169 -4.18652 -815.62 0 
1 820.8 0.315923 0.0224476 0.673578 -0.890551 -0.149689 -0.347217 -4.5288 -815.924 0 
1 821.606 0.317069 0.0222219 0.674546 -0.918166 -0.157733 -0.622733 -5.31446 -815.669 0 
1 821.506 0.315311 0.0224033 0.673876 -0.912109 -0.11315 -0.746542 -4.95696 -815.803 0 
1 821.973 0.311793 0.022629 0.676227 -0.879024 -0.14214 -1.75237 -4.23138 -815.989 0 
2 822.347 0.311788 0.022563 0.679369 -0.907136 -0.145792 -2.3246 -4.35568 -815.667 0 
1 822.794 0.304341 0.0223346 0.687612 -0.934659 -0.179151 -1.56707 -4.73874 -816.488 0 
1 823.189 0.297599 0.0224748 0.693006 -0.921866 -0.194153 -0.996328 -5.40722 -816.786 0 
1 823.018 0.300838 0.022272 0.690346 -0.940915 -0.182837 -0.845 -5.05437 -817.119 0 
1 823.971 0.305117 0.0223734 0.686872 -0.921155 -0.193004 -3.26936 -4.58583 -816.116 0 
2 822.466 0.314807 0.0223119 0.674731 -0.889554 -0.163687 -2.32151 -4.33214 -815.813 0 
2 822.481 0.300407 0.0223805 0.689575 -0.924477 -0.174076 -1.19915 -4.83304 -816.449 0 
1 821.268 0.302436 0.0223605 0.686466 -0.912895 -0.186171 -0.561646 -4.66187 -816.045 0 
4 820.418 0.308179 0.022315 0.682768 -0.912984 -0.195675 -0.152161 -4.47218 -815.793 0 
2 822.587 0.299372 0.0222989 0.691382 -0.921999 -0.224263 -0.24061 -5.4565 -816.89 0 
2 820.959 0.311319 0.0224427 0.677572 -0.863505 -0.232754 -1.17144 -4.04991 -815.738 0 
3 820.573 0.305091 0.0224483 0.684838 -0.882299 -0.235574 -0.365736 -4.59375 -815.614 0 
1 822.325 0.307031 0.0223054 0.68335 -0.895113 -0.218765 -2.29803 -4.37434 -815.653 0 
1 822.237 0.307491 0.0223451 0.68405 -0.896236 -0.233277 -2.09532 -4.46067 -815.681 0 
1 823.095 0.301902 0.0225792 0.689199 -0.905406 -0.200588 -2.33251 -4.78765 -815.975 0 
1 823.287 0.313449 0.0225998 0.678204 -0.878566 -0.200849 -3.45294 -4.096 -815.738 0 
1 823.167 0.311255 0.0224666 0.68005 -0.885348 -0.205862 -3.44271 -4.11904 -815.605 0 
1 823.738 0.320756 0.0224583 0.671456 -0.875045 -0.19191 -2.74524 -4.73578 -816.257 0 
1 822.179 0.316045 0.0223653 0.67619 -0.910334 -0.16406 -1.63537 -4.88351 -815.66 0 
4 822.054 0.314193 0.0224513 0.677966 -0.919392 -0.155902 -1.466 -4.91509 -815.673 0 
3 821.152 0.317136 0.0222636 0.672338 -0.906525 -0.13521 -0.295135 -5.03995 -815.817 0 
1 821.172 0.302736 0.0224645 0.68445 -0.91078 -0.13729 -0.944308 -4.42089 -815.807 0 
5 821.019 0.30335 0.0224381 0.684111 -0.898469 -0.1703 -0.845818 -4.4713 -815.702 0 
1 822.276 0.307427 0.0223655 0.677367 -0.865279 -0.175575 -2.08498 -4.3439 -815.847 0 
1 822.686 0.30309 0.0223782 0.681755 -0.867791 -0.190772 -2.16128 -4.88797 -815.636 0 
5 822.83 0.303463 0.0223492 0.682248 -0.88223 -0.169228 -2.57688 -4.6305 -815.622 0 
5 822.379 0.302358 0.0224705 0.683416 -0.883606 -0.17202 -2.03326 -4.72217 -815.624 0 
2 821.726 0.301619 0.0224423 0.684773 -0.901146 -0.140892 -1.36593 -4.63325 -815.727 0 
4 823.211 0.297474 0.0223423 0.690122 -0.90939 -0.195043 -1.38533 -5.46616 -816.359 0 
2 821.588 0.305482 0.0224501 0.685628 -0.894937 -0.224806 -1.3489 -4.52638 -815.712 0 
11 820.258 0.312431 0.0223758 0.67865 -0.895655 -0.198989 -0.366486 -4.29701 -815.595 0 
3 819.907 0.309655 0.0223245 0.680566 -0.894266 -0.213521 -0.0317616 -4.28289 -815.592 0 
2 820.766 0.315273 0.0222018 0.6749 -0.889054 -0.205585 -0.719936 -4.3932 -815.652 0 
3 819.931 0.311603 0.0223615 0.67666 -0.874838 -0.196153 -0.130241 -4.0524 -815.749 0 
2 821.644 0.301006 0.0225636 0.688082 -0.896402 -0.195084 -0.921522 -4.90307 -815.82 0 
3 821.469 0.309127 0.0224605 0.682885 -0.915533 -0.1796 -1.28111 -4.43169 -815.756 0 
6 821.09 0.312702 0.0224089 0.679649 -0.909432 -0.193197 -0.856181 -4.60392 -815.629 0 
1 822.039 0.318402 0.0222786 0.674147 -0.917646 -0.160076 -0.808282 -5.55343 -815.678 0 
1 822.356 0.319574 0.0222345 0.670105 -0.909573 -0.125582 -0.791365 -5.64233 -815.923 0 
3 821.085 0.313086 0.0223226 0.674061 -0.902673 -0.108352 -0.663734 -4.56704 -815.854 0 
1 821.133 0.306866 0.0223199 0.67948 -0.895644 -0.147297 -1.27031 -4.21291 -815.65 0 
5 821.976 0.304837 0.0222154 0.683166 -0.929468 -0.135761 -1.51282 -4.40652 -816.056 0 
5 821.782 0.307828 0.0222078 0.680383 -0.932267 -0.115482 -1.40633 -4.46809 -815.907 0 
3 822.486 0.313268 0.0222325 0.673783 -0.915621 -0.10129 -1.93171 -4.77969 -815.775 0 
1 824.953 0.311568 0.0221047 0.674645 -0.928106 -0.086234 -4.35823 -4.81325 -815.781 0 
1 824.314 0.310008 0.0221247 0.676711 -0.933815 -0.0796583 -3.76984 -4.71416 -815.83 0 
2 823.89 0.313225 0.0221519 0.673345 -0.931741 -0.0633452 -2.82219 -5.23062 -815.837 0 
7 821.646 0.311489 0.0223093 0.677137 -0.93656 -0.072606 -0.847588 -4.9628 -815.836 0 
1 822.015 0.303102 0.0223765 0.68674 -0.970404 -0.0641085 -0.239735 -4.73002 -817.045 0 
1 823.667 0.297135 0.0223984 0.693 -0.984983 -0.070754 -0.10165 -4.93547 -818.63 0 
2 822.069 0.303584 0.0225235 0.685988 -0.961268 -0.0614389 -0.807419 -4.61865 -816.643 0 
2 822.176 0.304177 0.0225073 0.686115 -0.968243 -0.0546105 -0.633064 -4.75111 -816.792 0 
6 822.152 0.305509 0.0224857 0.684761 -0.970141 -0.0499285 -0.515745 -4.91941 -816.717 0 
8 822.155 0.306736 0.0225001 0.679792 -0.952382 -0.00213595 -1.03849 -5.05196 -816.064 0 
7 822.869 0.311378 0.0224607 0.675012 -0.950552 0.00627286 -0.999615 -5.86078 -816.009 0 
6 822.573 0.306544 0.0225019 0.681064 -0.972352 0.00954805 -0.838466 -5.30853 -816.426 0 
3 824.482 0.316132 0.0224387 0.672229 -0.964866 0.0226261 -0.855441 -7.51606 -816.111 0 
1 824.179 0.314192 0.0224623 0.6737 -0.977396 0.0542466 -0.268668 -7.67039 -816.239 0 
2 823.789 0.310588 0.0225424 0.677509 -0.979017 0.0426938 -0.91585 -6.54815 -816.325 0 
9 823.908 0.310389 0.0225852 0.677114 -0.973309 0.0508064 -1.14034 -6.52543 -816.242 0 
1 824.454 0.31087 0.0225748 0.678498 -0.985853 0.0437087 -1.2682 -6.7438 -816.442 0 
1 826.337 0.311814 0.0226251 0.676955 -0.980993 0.0470286 -3.03957 -6.97836 -816.319 0 
3 825.224 0.309702 0.0224919 0.680434 -1.00535 0.0448131 -1.19884 -6.98491 -817.04 0 
2 825.519 0.311208 0.022521 0.67978 -1.00365 0.0481074 -1.33593 -7.32069 -816.862 0 
3 826.217 0.3092 0.0224548 0.683292 -1.0209 0.0321416 -1.14639 -7.27064 -817.8 0 
1 825.621 0.313155 0.0222666 0.67827 -1.00996 0.0281754 -0.608889 -7.99393 -817.018 0 
2 825.979 0.316023 0.022141 0.67451 -0.990509 -0.0082746 -1.50764 -8.0358 -816.436 0 
6 829.616 0.306666 0.022014 0.685185 -1.03361 -0.0117687 -3.00734 -7.27954 -819.33 0 
2 828.334 0.30091 0.0221583 0.691499 -1.02773 -0.0347391 -1.99686 -6.01059 -820.327 0 
1 827.441 0.298229 0.0224032 0.694716 -1.02581 -0.0225423 -1.38446 -5.5317 -820.525 0 
3 826.749 0.3067 0.0223246 0.685807 -0.995262 -0.0406619 -3.54415 -5.66961 -817.535 0 
3 823.447 0.304477 0.0223016 0.686883 -0.994952 -0.0500211 -0.112018 -5.45247 -817.882 0 
1 822.527 0.305995 0.0222966 0.685038 -0.978461 -0.0737921 -0.109019 -5.25607 -817.162 0 
6 822.361 0.302219 0.0222839 0.687161 -0.966328 -0.0885429 -0.454241 -4.73205 -817.175 0 
4 822.067 0.309356 0.0223029 0.679216 -0.94973 -0.0562482 -1.09272 -4.95761 -816.017 0 
1 822.036 0.312313 0.0223481 0.677298 -0.94595 -0.060253 -0.810897 -5.3212 -815.904 0 
1 823.274 0.3152 0.0221992 0.674374 -0.960854 -0.0442405 -0.790892 -6.47515 -816.008 0 
7 823.978 0.314921 0.0221893 0.672215 -0.947866 -0.0268089 -1.84216 -6.18862 -815.947 0 
1 824.169 0.316078 0.0222631 0.671325 -0.960167 0.0102733 -0.899967 -7.20018 -816.069 0 
1 824.548 0.312755 0.022244 0.67585 -0.977697 0.0130986 -1.59986 -6.67888 -816.269 0 
4 824.037 0.31777 0.0223934 0.671957 -0.962291 0.00693737 -0.283671 -7.67488 -816.079 0 
1 824.944 0.30966 0.0223979 0.680413 -0.976315 -0.00631785 -2.78068 -5.74962 -816.414 0 
5 825.979 0.298402 0.0224533 0.691405 -1.00675 0.0112136 -2.37257 -4.91805 -818.688 0 
2 825.865 0.291517 0.0226108 0.695988 -0.993912 0.00902662 -1.92991 -4.944 -818.991 0 
1 826.133 0.29177 0.0225367 0.697003 -1.01334 0.0136809 -0.91036 -4.96649 -820.256 0 
1 827.147 0.290362 0.0224131 0.697888 -1.01605 0.00770777 -1.17846 -5.103 -820.865 0 
4 823.977 0.30054 0.0225778 0.686678 -0.966962 0.000806277 -2.60974 -4.67817 -816.689 0 
1 823.917 0.303577 0.0225125 0.683211 -0.945846 -0.0261102 -3.19865 -4.62632 -816.092 0 
1 823.809 0.304648 0.0225497 0.683118 -0.951253 -0.0223946 -2.96763 -4.69782 -816.143 0 
1 823.462 0.310238 0.0224645 0.678705 -0.964769 -0.000658101 -1.60749 -5.70407 -816.15 0 
1 823.269 0.312832 0.0224321 0.676135 -0.969143 0.0137548 -0.606155 -6.51887 -816.144 0 
1 822.926 0.315476 0.0224686 0.674019 -0.952868 -0.0139841 -0.390145 -6.54663 -815.99 0 
5 821.357 0.312451 0.0224894 0.675937 -0.922695 -0.0678415 -0.564733 -4.95454 -815.837 0 
2 822.034 0.307081 0.022444 0.683982 -0.953724 -0.103152 -0.811734 -4.83281 -816.389 0 
1 821.885 0.310139 0.0222901 0.68045 -0.964337 -0.0696734 -0.143238 -5.41888 -816.323 0 
1 822.887 0.31582 0.0221986 0.673686 -0.946562 -0.0628676 -0.9444 -6.06568 -815.877 0 
1 821.479 0.311753 0.0223758 0.676866 -0.950601 -0.0387093 -0.0538634 -5.46657 -815.958 0 
1 822.602 0.317203 0.0224422 0.670091 -0.919683 -0.0376301 -0.256785 -6.13295 -816.212 0 
1 823.778 0.320134 0.0223102 0.669578 -0.947342 -0.0238477 -0.0832008 -7.63435 -816.061 0 
1 823.071 0.31946 0.0222483 0.672024 -0.942778 -0.084975 -0.416486 -6.81445 -815.84 0 
3 821.477 0.316705 0.0223738 0.673147 -0.918779 -0.104863 -0.291846 -5.36562 -815.82 0 
1 821.139 0.307013 0.0223682 0.683567 -0.950683 -0.103135 -0.107393 -4.7237 -816.308 0 
3 821.27 0.309358 0.0222967 0.678439 -0.939248 -0.0734264 -0.623417 -4.75307 -815.893 0 
1 821.468 0.316476 0.0223103 0.673089 -0.92665 -0.0902994 -0.0823311 -5.56648 -815.82 0 
1 822.444 0.303954 0.0222464 0.683902 -0.950224 -0.0832867 -1.54822 -4.49866 -816.397 0 
8 822.142 0.311266 0.0222665 0.676714 -0.941025 -0.0592629 -1.19074 -5.07517 -815.876 0 
1 823.81 0.314523 0.0221445 0.67249 -0.930228 -0.0692691 -2.57601 -5.39401 -815.84 0 
2 825.692 0.317621 0.0221984 0.667273 -0.911816 -0.042633 -3.24518 -6.0824 -816.364 0 
2 823.036 0.303477 0.022291 0.684155 -0.971065 -0.0409315 -1.4112 -4.76336 -816.861 0 
3 821.641 0.309969 0.0223896 0.679075 -0.955029 -0.0510704 -0.360724 -5.20606 -816.075 0 
1 822.898 0.302078 0.0223628 0.689469 -0.97648 -0.0942299 -0.205049 -4.96772 -817.725 0 
1 823.185 0.298345 0.0224074 0.691813 -0.952527 -0.140971 -0.643361 -5.01916 -817.523 0 
1 823.574 0.298001 0.0224392 0.692794 -0.971053 -0.107833 -0.417813 -4.99604 -818.16 0 
1 825.827 0.296165 0.0224637 0.693836 -0.968318 -0.111623 -2.36845 -5.13072 -818.328 0 
1 824.812 0.304885 0.0224329 0.683553 -0.941447 -0.103134 -4.12195 -4.49324 -816.197 0 
5 823.691 0.304721 0.0225258 0.682686 -0.921483 -0.109231 -3.54822 -4.30721 -815.836 0 
4 823.081 0.29983 0.0224264 0.686291 -0.935619 -0.0884901 -2.27554 -4.51938 -816.286 0 
5 821.523 0.303248 0.0224329 0.682542 -0.923555 -0.0822098 -1.2694 -4.39288 -815.861 0 
9 822.141 0.302797 0.0224588 0.68385 -0.946573 -0.0539198 -1.44611 -4.46393 -816.231 0 
1 822.741 0.3012 0.0225116 0.683303 -0.928024 -0.0509653 -2.23764 -4.5732 -815.93 0 
1 824.325 0.301785 0.0223148 0.682045 -0.927078 -0.0642574 -3.91375 -4.48926 -815.922 0 
2 823.909 0.304221 0.0222479 0.680389 -0.909615 -0.113268 -3.84965 -4.33116 -815.728 0 
3 825.688 0.292802 0.0224362 0.692008 -0.931482 -0.0992346 -3.24835 -5.65099 -816.788 0 
1 825.37 0.293205 0.0225039 0.691099 -0.918879 -0.102412 -3.18926 -5.84187 -816.339 0 
2 826.009 0.292676 0.0225382 0.694956 -0.938203 -0.131768 -2.81375 -5.76584 -817.429 0 
2 823.658 0.302003 0.0225513 0.684525 -0.912999 -0.119263 -3.39077 -4.44557 -815.822 0 
2 821.157 0.304676 0.0225304 0.682876 -0.889085 -0.17128 -1.15302 -4.38124 -815.623 0 
1 821.692 0.302663 0.0225089 0.684482 -0.893506 -0.169689 -1.4486 -4.57339 -815.67 0 
4 822.159 0.309933 0.0223737 0.675603 -0.869123 -0.170817 -2.10581 -4.13939 -815.914 0 
2 820.541 0.310342 0.0223484 0.676802 -0.901204 -0.125776 -0.541061 -4.27805 -815.722 0 
3 821.422 0.31649 0.0222251 0.672117 -0.895514 -0.145731 -0.855302 -4.67817 -815.889 0 
10 822.332 0.315352 0.0221832 0.67203 -0.886563 -0.152732 -1.97926 -4.40229 -815.95 0 
3 821.824 0.320544 0.022306 0.66801 -0.880085 -0.143952 -0.206004 -5.08624 -816.532 0 
6 822.838 0.322115 0.0222497 0.666248 -0.885332 -0.126547 -0.537283 -5.63067 -816.67 0 
2 824.866 0.321047 0.0223989 0.665336 -0.84947 -0.159297 -2.42365 -4.77401 -817.669 0 
5 822.716 0.323587 0.0222498 0.666069 -0.882232 -0.146265 -0.308914 -5.71007 -816.697 0 
1 822.019 0.317113 0.0222957 0.672626 -0.890818 -0.156092 -1.45669 -4.6264 -815.936 0 
3 820.726 0.317124 0.0223241 0.671529 -0.880067 -0.161911 -0.124572 -4.47463 -816.126 0 
9 821.255 0.306888 0.022574 0.679943 -0.867032 -0.180211 -1.10436 -4.37656 -815.774 0 
2 822.108 0.301919 0.0225338 0.683809 -0.869494 -0.187332 -1.40387 -5.08222 -815.622 0 
1 824.051 0.303039 0.0226555 0.682139 -0.836319 -0.220792 -2.33993 -5.72743 -815.984 0 
2 822.631 0.304277 0.0225775 0.681293 -0.842994 -0.21993 -1.5194 -5.21385 -815.897 0 
2 821.408 0.312177 0.0224315 0.673787 -0.849212 -0.194511 -0.890984 -4.12392 -816.393 0 
2 821.858 0.312617 0.0222904 0.673214 -0.854169 -0.195453 -1.52855 -4.06822 -816.261 0 
3 821.81 0.317648 0.0221831 0.670477 -0.846639 -0.241674 -1.39079 -3.9579 -816.462 0 
2 821.561 0.319769 0.022196 0.669164 -0.840925 -0.256744 -0.862686 -3.99765 -816.7 0 
1 823.993 0.31946 0.0220211 0.67043 -0.866313 -0.248076 -3.62442 -4.40102 -815.968 0 
1 824.344 0.322548 0.0221279 0.664747 -0.827586 -0.245267 -2.47112 -4.11893 -817.754 0 
2 823.346 0.318223 0.0221627 0.67154 -0.838684 -0.283072 -3.05225 -3.89942 -816.394 0 
1 821.765 0.322135 0.0222513 0.667568 -0.805821 -0.327826 -0.306476 -3.74795 -817.711 0 
2 822.566 0.323097 0.022152 0.668578 -0.827052 -0.326516 -1.63861 -4.10834 -816.819 0 
3 824.146 0.328963 0.0222888 0.662653 -0.804719 -0.306429 -0.807329 -4.30439 -819.035 0 
11 824.117 0.32578 0.0223647 0.663004 -0.773951 -0.328755 -0.00410052 -3.74734 -820.366 0 
2 823.772 0.321652 0.0223917 0.666324 -0.773748 -0.333216 -0.337751 -3.81508 -819.619 0 
1 824.841 0.315035 0.0222774 0.672645 -0.783525 -0.361447 -2.82457 -4.36851 -817.648 0 
4 824.298 0.318483 0.0222113 0.669116 -0.785719 -0.346477 -2.27108 -3.88583 -818.141 0 
2 823.55 0.327782 0.0223258 0.663354 -0.787462 -0.343819 -0.321907 -3.84906 -819.379 0 
8 822.785 0.321869 0.0224125 0.670368 -0.807005 -0.34771 -1.65268 -3.77487 -817.357 0 
2 822.939 0.30906 0.0224551 0.682937 -0.823981 -0.381772 -2.08724 -5.15167 -815.7 0 
1 827.141 0.299778 0.0225394 0.693175 -0.856679 -0.364059 -4.11841 -7.07326 -815.95 0 
1 828.178 0.300838 0.0226386 0.69216 -0.841932 -0.376693 -5.39473 -7.0515 -815.732 0 
4 826.74 0.297721 0.0225993 0.695073 -0.874859 -0.324051 -3.43745 -7.02986 -816.273 0 
1 823.267 0.309571 0.0223645 0.684344 -0.898464 -0.268693 -2.74986 -4.78372 -815.734 0 
1 823.378 0.317132 0.0222111 0.676444 -0.908851 -0.214989 -2.59484 -5.19933 -815.584 0 
4 821.609 0.317371 0.022267 0.674137 -0.895324 -0.208651 -1.1155 -4.85667 -815.637 0 
2 820.938 0.305733 0.0223898 0.684893 -0.895629 -0.239298 -0.526397 -4.65523 -815.756 0 
4 819.981 0.309703 0.022381 0.680571 -0.894978 -0.206191 -0.125673 -4.2608 -815.594 0 
5 820.494 0.307525 0.0224518 0.68339 -0.897949 -0.213795 -0.458879 -4.37558 -815.66 0 
2 821.347 0.304141 0.0225281 0.686423 -0.891844 -0.227416 -0.946853 -4.67387 -815.727 0 
1 821.277 0.30595 0.0225627 0.683217 -0.882789 -0.204776 -1.33288 -4.35363 -815.59 0 
2 820.322 0.311844 0.0223254 0.678438 -0.902868 -0.187584 -0.322853 -4.38801 -815.611 0 
3 822.093 0.313112 0.0222488 0.674373 -0.897336 -0.149938 -2.00777 -4.35771 -815.728 0 
1 823.914 0.31661 0.0223035 0.669478 -0.868549 -0.156468 -3.06922 -4.37961 -816.465 0 
1 821.854 0.31133 0.0222378 0.677679 -0.916355 -0.153565 -1.63247 -4.5369 -815.685 0 
3 820.936 0.313506 0.0222775 0.676773 -0.914705 -0.160041 -0.557371 -4.72245 -815.657 0 
2 822.434 0.317587 0.0222211 0.675528 -0.924686 -0.179949 -0.989243 -5.78403 -815.661 0 
5 821.143 0.307406 0.022355 0.684424 -0.922507 -0.19931 -0.389399 -4.71822 -816.036 0 
2 820.746 0.307347 0.0224088 0.683616 -0.900578 -0.207903 -0.703597 -4.36036 -815.682 0 
5 820.368 0.310542 0.0222779 0.680415 -0.898442 -0.218191 -0.387423 -4.37612 -815.604 0 
2 820.529 0.314459 0.0222798 0.673697 -0.865231 -0.207517 -0.513548 -4.0252 -815.99 0 
2 820.775 0.312033 0.0222399 0.677078 -0.875108 -0.223736 -1.04927 -4.07938 -815.646 0 
8 820.923 0.311707 0.0222956 0.675774 -0.870095 -0.194173 -1.03877 -4.04538 -815.839 0 
5 820.92 0.310023 0.0224414 0.676761 -0.848011 -0.225597 -0.702206 -4.18415 -816.034 0 
1 820.551 0.31312 0.0224207 0.675461 -0.851734 -0.227766 -0.469274 -3.97827 -816.103 0 
1 821.052 0.305728 0.0224218 0.684248 -0.874337 -0.250227 -0.876495 -4.6029 -815.573 0 
1 820.304 0.307874 0.0223682 0.68021 -0.863654 -0.234966 -0.363488 -4.30733 -815.633 0 
1 820.383 0.315356 0.0223759 0.673445 -0.837642 -0.265714 -0.127015 -3.88796 -816.368 0 
1 820.288 0.311243 0.0223927 0.67893 -0.86463 -0.249427 -0.537339 -4.09824 -815.652 0 
2 820.845 0.306608 0.0223861 0.682248 -0.86149 -0.256329 -0.7106 -4.55325 -815.581 0 
1 820.574 0.309902 0.0225113 0.678837 -0.849853 -0.248349 -0.540933 -4.18851 -815.844 0 
3 820.09 0.313669 0.0223964 0.676616 -0.862387 -0.243571 -0.286143 -4.01157 -815.793 0 
1 820.204 0.316139 0.022379 0.673466 -0.849733 -0.245584 -0.0531694 -3.93537 -816.216 0 
3 820.308 0.31535 0.0224371 0.67408 -0.863037 -0.211634 -0.209097 -4.03408 -816.065 0 
1 820.793 0.319134 0.0223554 0.671124 -0.866393 -0.211834 -0.213441 -4.36005 -816.219 0 
3 820.535 0.31615 0.0224288 0.67384 -0.860511 -0.22799 -0.441591 -4.03646 -816.057 0 
4 821.178 0.31479 0.0222902 0.677823 -0.904115 -0.212859 -0.840029 -4.7537 -815.584 0 
2 822.977 0.308793 0.0224227 0.685017 -0.930193 -0.195265 -1.97581 -4.88447 -816.117 0 
2 822.645 0.309306 0.0223545 0.684385 -0.937873 -0.194667 -1.13688 -5.2199 -816.288 0 
6 822.494 0.304411 0.022233 0.685612 -0.929154 -0.188201 -1.33774 -4.78839 -816.367 0 
3 823.546 0.313453 0.0221308 0.675392 -0.906235 -0.178889 -3.33219 -4.59222 -815.621 0 
3 821.441 0.31247 0.0222235 0.675236 -0.861442 -0.237643 -1.63397 -4.01625 -815.791 0 
11 820.597 0.308323 0.022262 0.681416 -0.886872 -0.231991 -0.693124 -4.32302 -815.581 0 
3 821.003 0.317749 0.0222347 0.671682 -0.867495 -0.212625 -0.687681 -4.22341 -816.092 0 
2 820.704 0.315992 0.0222388 0.67282 -0.877244 -0.195532 -0.566183 -4.24434 -815.893 0 
2 820.897 0.306238 0.0223441 0.682382 -0.900229 -0.17461 -0.972534 -4.26528 -815.66 0 
1 820.486 0.308275 0.0223538 0.679775 -0.888554 -0.176907 -0.709116 -4.15512 -815.622 0 
1 821.249 0.304587 0.0223822 0.685103 -0.901836 -0.195322 -1.02737 -4.46128 -815.761 0 
3 819.878 0.308583 0.0224089 0.681129 -0.891074 -0.200165 -0.0832396 -4.20154 -815.593 0 
2 819.951 0.310274 0.0223684 0.680012 -0.891632 -0.212653 -0.124109 -4.24692 -815.58 0 
2 820.095 0.311545 0.0223953 0.679165 -0.897416 -0.191017 -0.229428 -4.26399 -815.602 0 
1 820.887 0.315729 0.0223562 0.67379 -0.88859 -0.175094 -0.655001 -4.42857 -815.804 0 
2 822.356 0.317429 0.0222148 0.673503 -0.906759 -0.180776 -1.56793 -5.13746 -815.651 0 
2 821.61 0.319275 0.0223033 0.672612 -0.892728 -0.200548 -0.830621 -5.02758 -815.752 0 
2 823.262 0.322207 0.0221461 0.669048 -0.900258 -0.176843 -1.51822 -5.85517 -815.888 0 
4 824.526 0.322091 0.0220616 0.67068 -0.908651 -0.192729 -2.72525 -6.10152 -815.699 0 
2 825.366 0.327211 0.0222011 0.666144 -0.894933 -0.192226 -2.17467 -7.01303 -816.178 0 
1 824.778 0.319955 0.0223809 0.674924 -0.912294 -0.191318 -3.40358 -5.7382 -815.636 0 
2 826.673 0.322206 0.0222575 0.673864 -0.921003 -0.2027 -4.32986 -6.72697 -815.616 0 
2 826.284 0.30886 0.022518 0.686574 -0.908538 -0.259336 -5.42806 -4.9359 -815.92 0 
1 823.834 0.30718 0.022575 0.686161 -0.877965 -0.285558 -3.48587 -4.7371 -815.611 0 
2 822.852 0.319262 0.0224669 0.674344 -0.861487 -0.273435 -2.58197 -4.36988 -815.9 0 
2 824.285 0.321143 0.0224727 0.673343 -0.855819 -0.287698 -3.77181 -4.46607 -816.047 0 
1 823.749 0.319288 0.0224437 0.674788 -0.852262 -0.299747 -3.55369 -4.25148 -815.944 0 
1 821.822 0.314373 0.0224288 0.678657 -0.859789 -0.298019 -1.96568 -4.2366 -815.62 0 
5 822.926 0.308588 0.0223666 0.684822 -0.901617 -0.255331 -2.41974 -4.72267 -815.783 0 
2 822.918 0.312999 0.0223266 0.680849 -0.896398 -0.256669 -2.65239 -4.68895 -815.577 0 
2 822.35 0.317848 0.0222863 0.675702 -0.887824 -0.246116 -1.97293 -4.78928 -815.588 0 
3 823.338 0.32579 0.0224098 0.666596 -0.843374 -0.249865 -1.29452 -4.76209 -817.282 0 
2 822.811 0.320958 0.0224153 0.670744 -0.842596 -0.258224 -1.9993 -4.08453 -816.727 0 
3 824.563 0.327997 0.0223649 0.665867 -0.855294 -0.246747 -1.97579 -5.55784 -817.029 0 
5 823.437 0.326058 0.0222246 0.666999 -0.882135 -0.209244 -1.05702 -6.0861 -816.294 0 
1 824.616 0.321085 0.0222829 0.674045 -0.88146 -0.272269 -3.77958 -5.19632 -815.64 0 
4 825.497 0.326275 0.0220696 0.668062 -0.882826 -0.253321 -3.30003 -6.24744 -815.949 0 
1 825.202 0.328664 0.0220809 0.66413 -0.861422 -0.245271 -2.42394 -5.91395 -816.864 0 
4 824.787 0.324863 0.0222581 0.668219 -0.853762 -0.258401 -3.32434 -4.80771 -816.655 0 
2 822.39 0.324184 0.022374 0.667086 -0.837596 -0.250169 -0.633709 -4.38476 -817.371 0 
1 823.032 0.317928 0.0224771 0.673489 -0.843193 -0.25979 -2.68354 -3.91686 -816.432 0 
1 822.785 0.323949 0.0223958 0.667596 -0.843494 -0.253265 -1.25734 -4.49064 -817.037 0 
2 822.359 0.320913 0.022198 0.672688 -0.881882 -0.270108 -1.43464 -5.2861 -815.639 0 
3 823.881 0.323924 0.0223254 0.66871 -0.850668 -0.281332 -2.6719 -4.75212 -816.456 0 
2 825.231 0.325597 0.0222952 0.669844 -0.876351 -0.276678 -3.28589 -6.04903 -815.896 0 
1 824.115 0.314505 0.0224458 0.680359 -0.891795 -0.280642 -3.58133 -4.99351 -815.54 0 
1 824.405 0.307946 0.0225014 0.686894 -0.890763 -0.302295 -3.49828 -5.09529 -815.812 0 
1 825.186 0.306063 0.0224935 0.688725 -0.929437 -0.220601 -3.67508 -5.04389 -816.467 0 
1 825.275 0.30972 0.0224397 0.684562 -0.9234 -0.202308 -4.57907 -4.75919 -815.937 0 
1 824.804 0.308681 0.022626 0.684154 -0.898701 -0.204757 -4.89614 -4.27898 -815.629 0 
3 824.155 0.307184 0.0227012 0.684202 -0.888502 -0.200396 -4.30904 -4.24993 -815.596 0 
1 824.48 0.303776 0.022673 0.688341 -0.885882 -0.250673 -3.86915 -4.88238 -815.728 0 
1 826.882 0.299373 0.0227296 0.691374 -0.885116 -0.247958 -5.29908 -5.66456 -815.918 0 
1 824.885 0.300448 0.0226665 0.689152 -0.885876 -0.227074 -3.83854 -5.25987 -815.786 0 
2 825.68 0.314529 0.0227528 0.675645 -0.842955 -0.228122 -5.25507 -3.95502 -816.47 0 
2 825.516 0.307453 0.022743 0.682673 -0.85547 -0.231196 -5.34059 -4.4383 -815.737 0 
1 821.389 0.305817 0.0225752 0.682921 -0.861645 -0.231491 -1.18166 -4.58392 -815.623 0 
6 820.669 0.307423 0.0224529 0.680418 -0.858945 -0.227351 -0.582299 -4.38468 -815.702 0 
1 820.871 0.30484 0.0224971 0.683861 -0.873549 -0.231581 -0.675776 -4.61885 -815.577 0 
12 820.443 0.306131 0.0224731 0.683542 -0.88738 -0.216758 -0.441849 -4.39357 -815.608 0 
1 823.079 0.315028 0.0226181 0.672656 -0.823768 -0.238049 -1.84443 -4.04191 -817.193 0 
2 823.83 0.320745 0.0226034 0.668798 -0.837025 -0.205961 -1.9575 -4.26915 -817.603 0 
1 824.326 0.316602 0.0226792 0.674034 -0.853012 -0.211816 -3.85503 -4.02489 -816.446 0 
5 823.417 0.321771 0.0224744 0.670547 -0.864501 -0.227089 -2.41317 -4.66818 -816.335 0 
2 823.504 0.320784 0.0225523 0.670871 -0.866612 -0.192589 -2.38264 -4.60737 -816.514 0 
2 824.094 0.319643 0.0225277 0.673061 -0.87827 -0.194719 -3.37935 -4.63781 -816.077 0 
1 823.127 0.321755 0.0224612 0.670854 -0.882596 -0.187928 -1.83582 -5.13456 -816.156 0 
1 824.008 0.324434 0.0224045 0.66884 -0.88818 -0.183129 -1.86113 -5.91359 -816.233 0 
1 823.4 0.313876 0.0226633 0.676781 -0.874447 -0.184807 -3.38697 -4.10231 -815.911 0 
2 822.647 0.309946 0.022677 0.678668 -0.861917 -0.193968 -2.59068 -4.13804 -815.918 0 
9 822.574 0.307623 0.0226394 0.682685 -0.88487 -0.190217 -2.77249 -4.19719 -815.604 0 
3 821.718 0.302308 0.0225594 0.687246 -0.913691 -0.154516 -1.28384 -4.50702 -815.927 0 
8 820.622 0.305478 0.0223142 0.682881 -0.916923 -0.149259 -0.471926 -4.31833 -815.832 0 
2 821.225 0.303428 0.022546 0.68396 -0.891098 -0.157674 -1.06548 -4.51853 -815.641 0 
1 820.987 0.301388 0.0224417 0.686595 -0.90322 -0.175588 -0.421718 -4.714 -815.851 0 
6 822.182 0.308127 0.0222057 0.680092 -0.922068 -0.130699 -2.05181 -4.34724 -815.782 0 
1 821.886 0.309835 0.0221569 0.679953 -0.93221 -0.148321 -1.24964 -4.72294 -815.914 0 
2 821.874 0.310547 0.0221677 0.67955 -0.92791 -0.162969 -1.25375 -4.76955 -815.851 0 
4 823.291 0.303523 0.0222091 0.687968 -0.939043 -0.18798 -1.55209 -4.94375 -816.795 0 
1 821.471 0.311638 0.0221685 0.677969 -0.907723 -0.178903 -1.428 -4.41041 -815.633 0 
1 820.587 0.307362 0.0222847 0.68203 -0.905878 -0.184907 -0.583571 -4.30401 -815.7 0 
1 819.925 0.31206 0.0223646 0.676704 -0.888701 -0.174949 -0.0782323 -4.15973 -815.687 0 
1 822.914 0.323909 0.0223243 0.664822 -0.866149 -0.147758 -0.072722 -5.48445 -817.357 0 
4 822.537 0.318262 0.0223889 0.673623 -0.883965 -0.193399 -2.08491 -4.56397 -815.888 0 
1 822.818 0.316004 0.0225031 0.675377 -0.867158 -0.215466 -2.75878 -4.08166 -815.977 0 
2 826.783 0.322451 0.0226173 0.670397 -0.865944 -0.190611 -5.23673 -4.84325 -816.703 0 
2 829.608 0.322513 0.0227011 0.670717 -0.871198 -0.172349 -7.84545 -5.0495 -816.713 0 
1 829.108 0.323215 0.0227336 0.66914 -0.85487 -0.186302 -6.98218 -4.83923 -817.287 0 
2 829.331 0.32048 0.0227833 0.670971 -0.825574 -0.238383 -7.60082 -4.02101 -817.71 0 
3 827.532 0.321621 0.0227377 0.668844 -0.82981 -0.217388 -5.36569 -4.23735 -817.928 0 
3 829.259 0.309299 0.0228233 0.681514 -0.855021 -0.218296 -9.12814 -4.24722 -815.883 0 
2 827.518 0.300067 0.0228299 0.688752 -0.841073 -0.273227 -5.41725 -6.47524 -815.626 0 
2 826.691 0.296547 0.0227032 0.694471 -0.880513 -0.261465 -3.99584 -6.62642 -816.069 0 
1 824.788 0.296838 0.0226576 0.69156 -0.860775 -0.260864 -2.14429 -6.94444 -815.699 0 
2 822.367 0.300978 0.0224916 0.687614 -0.891486 -0.19607 -1.64808 -4.97123 -815.748 0 
2 821.342 0.3041 0.0225506 0.685819 -0.901657 -0.180975 -1.16564 -4.43825 -815.739 0 
1 820.912 0.310981 0.022511 0.678683 -0.881834 -0.18306 -1.12749 -4.08699 -815.698 0 
1 820.824 0.313797 0.0224742 0.675158 -0.868589 -0.199297 -0.845282 -4.04288 -815.936 0 
1 821.972 0.314961 0.0225538 0.672665 -0.828808 -0.234607 -0.964367 -4.00943 -816.998 0 
1 822.332 0.302829 0.0225661 0.686402 -0.856142 -0.282317 -1.33018 -5.42465 -815.578 0 
3 822.872 0.303573 0.0226141 0.685888 -0.842922 -0.30178 -1.71565 -5.55694 -815.599 0 
3 821.643 0.303824 0.0225184 0.68681 -0.865079 -0.29129 -0.809669 -5.22674 -815.607 0 
2 823.876 0.296871 0.0223339 0.694731 -0.912338 -0.274644 -0.0294484 -6.53543 -817.311 0 
3 821.607 0.311803 0.0224122 0.676302 -0.843629 -0.263606 -1.56407 -4.05998 -815.983 0 
2 820.57 0.314218 0.0223668 0.674263 -0.855977 -0.23153 -0.5781 -3.96057 -816.031 0 
2 821.068 0.305413 0.02229 0.685036 -0.904618 -0.219747 -0.624139 -4.5887 -815.855 0 
3 820.183 0.313048 0.0223002 0.678116 -0.897651 -0.209014 -0.171313 -4.42907 -815.582 0 
2 820.249 0.316477 0.0222945 0.673457 -0.871664 -0.220822 -0.173019 -4.20414 -815.872 0 
8 820.426 0.313603 0.0223401 0.674296 -0.875001 -0.183444 -0.428968 -4.10153 -815.896 0 
1 820.147 0.312302 0.022391 0.675727 -0.875105 -0.178988 -0.205281 -4.08101 -815.861 0 
5 821.118 0.311289 0.0223875 0.679039 -0.90426 -0.162464 -1.19776 -4.28184 -815.639 0 
2 821.154 0.305194 0.0223105 0.683856 -0.929437 -0.133279 -0.743473 -4.38443 -816.026 0 
2 823.07 0.308001 0.0222129 0.68182 -0.932086 -0.136398 -2.62262 -4.49249 -815.955 0 
12 822.301 0.30216 0.0222491 0.686449 -0.946537 -0.117509 -1.1045 -4.5582 -816.638 0 
2 823.886 0.303612 0.0221794 0.686876 -0.966896 -0.110466 -1.73318 -4.90575 -817.247 0 
6 825.376 0.309499 0.0221195 0.680297 -0.930161 -0.142736 -4.93937 -4.56061 -815.876 0 
1 821.194 0.314468 0.0222244 0.674789 -0.916705 -0.132357 -0.63149 -4.85992 -815.703 0 
1 821.988 0.309155 0.0222375 0.680531 -0.928163 -0.155313 -1.45789 -4.63972 -815.891 0 
1 822.827 0.29973 0.0224446 0.687282 -0.90993 -0.15933 -1.99371 -4.83076 -816.002 0 
1 821.356 0.304673 0.0224358 0.681257 -0.885757 -0.159574 -1.31275 -4.40808 -815.635 0 
8 821.103 0.302828 0.0225129 0.684684 -0.889308 -0.180431 -0.838734 -4.61767 -815.646 0 
1 822.847 0.299227 0.0224473 0.689665 -0.907873 -0.204452 -1.38662 -5.22036 -816.24 0 
1 820.151 0.310774 0.0223857 0.678313 -0.884159 -0.20053 -0.410023 -4.12249 -815.618 0 
1 822.498 0.320729 0.022308 0.667496 -0.872254 -0.158241 -0.9244 -4.90783 -816.666 0 
2 822.521 0.320441 0.0222666 0.666789 -0.849237 -0.185256 -0.824009 -4.44213 -817.255 0 
2 821.494 0.316974 0.0222748 0.670204 -0.844043 -0.220108 -0.791134 -3.9849 -816.718 0 
2 821.11 0.307546 0.0223136 0.678984 -0.871108 -0.202743 -1.21147 -4.24389 -815.654 0 
1 820.43 0.305427 0.022323 0.683477 -0.89078 -0.220318 -0.285334 -4.48959 -815.655 0 
2 820.721 0.310299 0.0223305 0.677455 -0.869127 -0.218484 -0.952786 -4.08064 -815.688 0 
1 821.838 0.307358 0.0224433 0.680174 -0.869817 -0.216946 -1.94023 -4.27684 -815.621 0 
4 820.176 0.307901 0.0223919 0.679886 -0.872666 -0.211096 -0.334624 -4.21786 -815.623 0 
1 820.245 0.309902 0.0224703 0.679578 -0.872987 -0.222876 -0.502154 -4.11989 -815.623 0 
2 820.439 0.311962 0.0224072 0.679061 -0.894686 -0.206601 -0.543014 -4.31172 -815.584 0 
6 820.732 0.304467 0.0224875 0.685715 -0.900075 -0.201046 -0.477233 -4.49897 -815.756 0 
7 821.214 0.308717 0.0224563 0.680462 -0.88138 -0.192143 -1.44538 -4.14316 -815.626 0 
3 821.154 0.317053 0.0224647 0.671926 -0.867766 -0.180269 -0.583664 -4.26817 -816.302 0 
2 822.749 0.323288 0.0223878 0.664885 -0.833955 -0.202404 -0.0607094 -4.54691 -818.141 0 
1 822.321 0.316056 0.0222631 0.670983 -0.858185 -0.18608 -1.70934 -4.13653 -816.476 0 
5 821.893 0.316423 0.0222229 0.671224 -0.868278 -0.183023 -1.46763 -4.20532 -816.22 0 
1 822.2 0.319772 0.0222032 0.668379 -0.861274 -0.200195 -1.27599 -4.38818 -816.536 0 
1 821.858 0.317139 0.0223208 0.671169 -0.83357 -0.268962 -1.37613 -3.85639 -816.625 0 
1 821.176 0.306286 0.0223445 0.683648 -0.863113 -0.303155 -0.683261 -4.93021 -815.563 0 
1 822.094 0.307499 0.0221538 0.681687 -0.876783 -0.278641 -1.85205 -4.66048 -815.582 0 
1 825.072 0.309801 0.0220602 0.678901 -0.88047 -0.270377 -4.99492 -4.5253 -815.552 0 
1 825.21 0.316624 0.0221766 0.672395 -0.839583 -0.310054 -5.10317 -4.06442 -816.042 0 
1 823.024 0.316515 0.0220936 0.673497 -0.867612 -0.275289 -2.97375 -4.38458 -815.665 0 
3 820.764 0.313356 0.0221757 0.676449 -0.872923 -0.255169 -0.960193 -4.20745 -815.596 0 
1 820.561 0.308158 0.0222425 0.682252 -0.901395 -0.225556 -0.359608 -4.49577 -815.706 0 
2 821.02 0.307556 0.0225229 0.683116 -0.870484 -0.251887 -1.062 -4.39934 -815.558 0 
1 820.726 0.313467 0.022488 0.677526 -0.866659 -0.238628 -0.94546 -4.04237 -815.738 0 
2 821.061 0.304788 0.0224756 0.685224 -0.86259 -0.278205 -0.53757 -4.95829 -815.565 0 
2 821.251 0.315117 0.0224003 0.672622 -0.824488 -0.260988 -0.401125 -3.95425 -816.896 0 
2 821.04 0.305495 0.0224823 0.682991 -0.844138 -0.283729 -0.373248 -5.01774 -815.649 0 
1 821.011 0.306071 0.0224286 0.684314 -0.870775 -0.264897 -0.795644 -4.65161 -815.564 0 
2 821.349 0.310329 0.0225515 0.678919 -0.836714 -0.274036 -1.06258 -4.27957 -816.007 0 
5 822.189 0.314281 0.0225317 0.673219 -0.814258 -0.273597 -0.994553 -4.06893 -817.125 0 
1 820.779 0.314397 0.022411 0.673717 -0.82192 -0.282456 -0.0973308 -3.97625 -816.705 0 
3 820.755 0.315423 0.0222208 0.673399 -0.85164 -0.255271 -0.762933 -3.94982 -816.043 0 
1 825.456 0.323243 0.0222604 0.663051 -0.822582 -0.217922 -2.52893 -4.36418 -818.563 0 
1 825.814 0.320268 0.0222782 0.666491 -0.827858 -0.241113 -4.30182 -3.9846 -817.527 0 
2 822.223 0.314632 0.0225277 0.674113 -0.833228 -0.261206 -1.80519 -3.91102 -816.506 0 
4 820.219 0.312162 0.0223839 0.67851 -0.874895 -0.246298 -0.448203 -4.18642 -815.584 0 
1 821.855 0.31699 0.0222551 0.676714 -0.894483 -0.252038 -1.33135 -4.98582 -815.538 0 
2 820.846 0.313752 0.0222061 0.678094 -0.894627 -0.246119 -0.629311 -4.6646 -815.552 0 
1 821.503 0.318763 0.022211 0.673572 -0.891245 -0.231356 -0.860347 -5.01617 -815.627 0 
8 821.525 0.315941 0.0221402 0.675323 -0.892321 -0.227808 -1.31705 -4.62854 -815.579 0 
1 820.485 0.312614 0.0222868 0.676692 -0.908002 -0.147525 -0.372732 -4.44385 -815.668 0 
1 820.797 0.316275 0.022429 0.672847 -0.884509 -0.156918 -0.321138 -4.46401 -816.012 0 
3 821.336 0.315785 0.0224974 0.672997 -0.868318 -0.167619 -0.784321 -4.2454 -816.306 0 
3 820.817 0.316443 0.0224312 0.671823 -0.873834 -0.159291 -0.180851 -4.36959 -816.267 0 
1 821.613 0.316845 0.0224388 0.674018 -0.890003 -0.163823 -1.16292 -4.55937 -815.891 0 
4 820.605 0.314421 0.0224344 0.675296 -0.889716 -0.159604 -0.463186 -4.3251 -815.817 0 
8 821.454 0.311835 0.0223802 0.67889 -0.90421 -0.167613 -1.50704 -4.31433 -815.633 0 
4 821.144 0.311351 0.0224811 0.679376 -0.898214 -0.171227 -1.2944 -4.21831 -815.631 0 
3 821.129 0.305517 0.0224181 0.684948 -0.91685 -0.168933 -0.856231 -4.38374 -815.889 0 
4 820.203 0.309001 0.0222974 0.680563 -0.910281 -0.170432 -0.204029 -4.31353 -815.686 0 
1 820.511 0.310293 0.02234 0.679466 -0.910534 -0.168146 -0.466755 -4.3803 -815.664 0 
1 820.708 0.307059 0.0222585 0.682254 -0.918145 -0.167538 -0.474633 -4.393 -815.841 0 
1 821.757 0.312982 0.0223237 0.675849 -0.890235 -0.159392 -1.77122 -4.22606 -815.76 0 
1 822.547 0.321589 0.0224337 0.668276 -0.869424 -0.171674 -0.935384 -4.91102 -816.701 0 
2 823.566 0.323249 0.0225136 0.666986 -0.856728 -0.179253 -1.32835 -4.93988 -817.298 0 
1 823.751 0.319756 0.0225526 0.668877 -0.866942 -0.13142 -1.68542 -4.97892 -817.087 0 
9 823.681 0.320699 0.022449 0.666462 -0.864019 -0.118813 -0.902046 -5.29274 -817.486 0 
3 823.479 0.312596 0.0225224 0.67348 -0.884607 -0.0915517 -2.45075 -4.73652 -816.292 0 
1 823.567 0.317007 0.0225673 0.668505 -0.863678 -0.106135 -1.27555 -5.0267 -817.265 0 
1 820.996 0.310853 0.0225077 0.676814 -0.894655 -0.118337 -0.839073 -4.32975 -815.827 0 
2 822.831 0.307127 0.02261 0.681599 -0.901324 -0.125107 -2.88873 -4.25951 -815.683 0 
1 822.113 0.31793 0.0224947 0.670628 -0.877277 -0.130668 -0.794647 -4.77696 -816.541 0 
1 822.797 0.306568 0.0224332 0.683852 -0.906511 -0.174442 -2.80867 -4.27769 -815.711 0 
2 820.697 0.311133 0.0224328 0.679076 -0.913874 -0.137248 -0.604214 -4.41054 -815.682 0 
1 821.82 0.310399 0.0223291 0.68053 -0.952454 -0.0888608 -0.604735 -5.11228 -816.103 0 
1 821.725 0.301327 0.0223975 0.687898 -0.958856 -0.0889001 -0.169311 -4.59746 -816.958 0 
1 821.189 0.310002 0.0222869 0.679691 -0.940281 -0.110675 -0.409794 -4.83049 -815.949 0 
2 821.735 0.306464 0.022399 0.685304 -0.95215 -0.122443 -0.436755 -4.79741 -816.501 0 
1 824.115 0.299803 0.0223222 0.690166 -0.974667 -0.0977742 -1.17881 -4.95771 -817.978 0 
3 824.363 0.294657 0.0223808 0.695352 -0.972198 -0.111697 -0.251131 -5.29965 -818.812 0 
1 824.186 0.306149 0.0221789 0.683053 -0.972741 -0.0556603 -2.37492 -5.02009 -816.791 0 
1 823.22 0.306902 0.022259 0.683969 -0.990184 -0.0436728 -0.266428 -5.64004 -817.314 0 
1 822.162 0.315093 0.0223643 0.675091 -0.952663 -0.0468851 -0.0588461 -6.16998 -815.933 0 
2 822.109 0.314436 0.0222741 0.674818 -0.94985 -0.0537412 -0.282734 -5.91331 -815.913 0 
5 821.719 0.309918 0.0224205 0.680889 -0.948901 -0.0951919 -0.636728 -5.0109 -816.071 0 
2 821.909 0.309506 0.0224831 0.678758 -0.930172 -0.0814446 -1.46952 -4.63158 -815.808 0 
1 824.472 0.300066 0.0227099 0.685284 -0.903772 -0.0990952 -3.913 -4.81803 -815.741 0 
2 822.571 0.298037 0.0225423 0.688122 -0.902984 -0.138827 -1.52873 -5.17849 -815.864 0 
2 822.168 0.302628 0.0224778 0.687306 -0.930219 -0.153359 -1.27855 -4.57772 -816.311 0 
6 820.139 0.30748 0.0223766 0.681438 -0.908484 -0.155256 -0.214451 -4.23675 -815.687 0 
2 821.449 0.307777 0.0224191 0.683124 -0.917264 -0.162175 -1.32247 -4.34028 -815.787 0 
2 822.47 0.317248 0.0225058 0.670668 -0.877097 -0.13547 -1.37264 -4.65183 -816.446 0 
1 821.209 0.314363 0.0224019 0.672296 -0.890443 -0.107462 -0.429604 -4.64797 -816.132 0 
1 823.724 0.300899 0.0224092 0.682918 -0.907561 -0.0893572 -3.24141 -4.72941 -815.753 0 
3 821.969 0.304348 0.0224376 0.68176 -0.903221 -0.114242 -1.87544 -4.39863 -815.695 0 
3 823.165 0.307672 0.022287 0.67912 -0.910526 -0.11187 -3.17081 -4.2863 -815.708 0 
3 822.054 0.305788 0.0223251 0.681156 -0.934544 -0.0737554 -1.69439 -4.4331 -815.926 0 
1 821.268 0.309148 0.0222765 0.678719 -0.929032 -0.095524 -0.941187 -4.52269 -815.804 0 
2 820.56 0.306962 0.0224203 0.679638 -0.89316 -0.142528 -0.669476 -4.22564 -815.665 0 
2 822.774 0.303833 0.0224238 0.680113 -0.898394 -0.0969229 -2.50259 -4.55141 -815.72 0 
3 822.225 0.307946 0.0225245 0.67659 -0.892519 -0.0820484 -1.67827 -4.60632 -815.94 0 
1 823.221 0.311004 0.0224929 0.672585 -0.875568 -0.0902049 -1.99355 -4.7774 -816.45 0 
2 822.861 0.313695 0.0224592 0.670678 -0.868718 -0.107478 -1.41875 -4.72147 -816.721 0 
1 821.632 0.308178 0.0222724 0.678676 -0.901272 -0.138824 -1.76591 -4.20137 -815.665 0 
2 821.327 0.310014 0.0224144 0.675915 -0.873254 -0.149506 -1.11736 -4.24113 -815.969 0 
3 820.769 0.304349 0.0224218 0.68237 -0.905594 -0.132574 -0.74043 -4.32441 -815.704 0 
1 821.453 0.307281 0.0223135 0.679409 -0.916833 -0.102553 -1.39657 -4.31737 -815.739 0 
2 821.86 0.300807 0.0225378 0.685683 -0.900704 -0.134712 -1.37712 -4.75033 -815.733 0 
2 822.457 0.301452 0.0224712 0.684325 -0.911355 -0.10179 -2.08378 -4.58617 -815.787 0 
4 822.347 0.3116 0.0224969 0.673066 -0.879468 -0.100121 -1.46135 -4.59693 -816.289 0 
8 821.909 0.306885 0.0223132 0.67871 -0.90921 -0.107809 -1.91477 -4.28341 -815.71 0 
2 821.948 0.308045 0.0223548 0.677307 -0.899108 -0.114639 -1.94906 -4.27193 -815.727 0 
11 822.332 0.305356 0.0222443 0.681168 -0.924045 -0.106857 -2.17118 -4.31348 -815.848 0 
2 821.295 0.309082 0.0224601 0.676614 -0.9028 -0.0847896 -0.971152 -4.48923 -815.835 0 
4 822.657 0.303548 0.0226713 0.682463 -0.911951 -0.0767497 -2.40212 -4.4978 -815.757 0 
1 823.704 0.300919 0.0226797 0.683367 -0.907882 -0.0621918 -3.05285 -4.88462 -815.766 0 
4 824.701 0.30393 0.0227247 0.679472 -0.889689 -0.0641171 -3.73372 -5.04301 -815.925 0 
1 823.344 0.307873 0.0226224 0.676094 -0.904688 -0.0364056 -2.32313 -5.00004 -816.021 0 
2 824.166 0.308909 0.0226141 0.674788 -0.899669 -0.0332193 -2.78445 -5.19942 -816.182 0 
1 823.059 0.30949 0.0226825 0.678117 -0.920584 -0.049836 -2.41382 -4.79218 -815.853 0 
3 822.284 0.3138 0.0225717 0.673735 -0.905548 -0.0682361 -1.16979 -5.03785 -816.076 0 
3 822.287 0.309841 0.0225762 0.675838 -0.903815 -0.0694604 -1.71046 -4.65352 -815.923 0 
5 824.295 0.303676 0.0227516 0.682158 -0.915061 -0.0584925 -3.93571 -4.57256 -815.787 0 
2 825.372 0.299272 0.0228078 0.685874 -0.91535 -0.0557179 -4.61136 -4.93126 -815.83 0 
1 823.461 0.305207 0.0226337 0.680357 -0.92881 -0.0363311 -2.97379 -4.62592 -815.861 0 
3 822.924 0.307089 0.0226988 0.680576 -0.906434 -0.0891329 -2.76563 -4.40644 -815.752 0 
2 824.721 0.305194 0.0227189 0.682362 -0.912387 -0.0745484 -4.46112 -4.49981 -815.76 0 
6 822.935 0.318763 0.0225053 0.670164 -0.907454 -0.0695706 -0.746015 -5.87383 -816.315 0 
1 822.264 0.308854 0.0224787 0.680788 -0.932395 -0.0866148 -1.87765 -4.54868 -815.838 0 
10 821.514 0.315529 0.0224199 0.673964 -0.919419 -0.0976924 -0.499266 -5.20138 -815.814 0 
1 820.743 0.308529 0.0223998 0.679674 -0.92827 -0.0875306 -0.449364 -4.48895 -815.805 0 
6 821.821 0.312965 0.0225283 0.67417 -0.908827 -0.0738047 -0.988209 -4.88003 -815.953 0 
1 822.797 0.305543 0.0226985 0.681021 -0.889389 -0.114583 -2.57943 -4.47185 -815.746 0 
4 823.287 0.299567 0.022613 0.689655 -0.932258 -0.127525 -2.18313 -4.66219 -816.442 0 
1 824.325 0.303479 0.0226695 0.68818 -0.930434 -0.137911 -3.71598 -4.43851 -816.171 0 
1 823.548 0.297953 0.0226423 0.691015 -0.956794 -0.0686408 -1.88807 -4.61937 -817.041 0 
1 821.862 0.309019 0.0226157 0.680116 -0.91833 -0.0973269 -1.70807 -4.41175 -815.742 0 
1 820.98 0.307762 0.022492 0.680641 -0.928209 -0.081796 -0.703951 -4.46082 -815.815 0 
6 821.47 0.307062 0.0226027 0.680334 -0.906795 -0.103978 -1.44799 -4.30556 -815.716 0 
3 823.072 0.298219 0.0225689 0.68806 -0.906482 -0.138218 -2.10368 -5.05102 -815.918 0 
1 821.426 0.301604 0.0225456 0.685669 -0.918256 -0.114615 -1.04878 -4.46937 -815.907 0 
1 821.791 0.301914 0.0223002 0.686762 -0.943177 -0.118601 -0.711084 -4.52964 -816.55 0 
1 821.449 0.312307 0.0223347 0.675009 -0.91926 -0.0882258 -0.893613 -4.77178 -815.784 0 
2 822.275 0.310754 0.0222983 0.675402 -0.919009 -0.0696772 -1.73881 -4.7189 -815.817 0 
1 821.872 0.309354 0.0224235 0.677423 -0.940796 -0.0375469 -0.989837 -4.977 -815.905 0 
1 822.292 0.308001 0.0223761 0.681792 -0.967984 -0.0534641 -0.595024 -5.21259 -816.484 0 
3 823.827 0.308866 0.0222938 0.680704 -0.961966 -0.07637 -2.22661 -5.23274 -816.368 0 
1 823.92 0.303971 0.0222791 0.685409 -0.956873 -0.113079 -2.31601 -4.78567 -816.818 0 
4 823.477 0.305163 0.0223522 0.686235 -0.952621 -0.14557 -1.69874 -4.97885 -816.8 0 
1 824.218 0.30552 0.0224032 0.685303 -0.933109 -0.170411 -3.19933 -4.73269 -816.286 0 
4 823.096 0.304399 0.0222484 0.684463 -0.926948 -0.168907 -2.31935 -4.59249 -816.184 0 
1 822.61 0.306021 0.0221639 0.684995 -0.946793 -0.164664 -0.979364 -4.97863 -816.652 0 
1 821.469 0.307529 0.0222835 0.684601 -0.932519 -0.186968 -0.417126 -4.83063 -816.221 0 
4 821.176 0.310147 0.0223048 0.682373 -0.923092 -0.199639 -0.449498 -4.82893 -815.898 0 
1 820.666 0.30957 0.0223535 0.68231 -0.912751 -0.206268 -0.31145 -4.59018 -815.765 0 
1 825.647 0.296579 0.0223702 0.697051 -0.9576 -0.210315 -0.442917 -6.16753 -819.036 0 
1 824.511 0.297867 0.0224516 0.692585 -0.912587 -0.2369 -1.8894 -5.82644 -816.795 0 
3 822.757 0.306197 0.0225358 0.682966 -0.866915 -0.250695 -2.64359 -4.54762 -815.565 0 
4 823.038 0.308476 0.0226034 0.682266 -0.862373 -0.265939 -3.09026 -4.37158 -815.576 0 
1 822.392 0.305172 0.0224646 0.684415 -0.85848 -0.29573 -1.79587 -5.03463 -815.561 0 
3 823.796 0.300994 0.0224884 0.688885 -0.865444 -0.307116 -2.04529 -5.9956 -815.755 0 
2 825.346 0.307334 0.0224388 0.680663 -0.856367 -0.267216 -5.23637 -4.50659 -815.603 0 
2 823.987 0.30081 0.022365 0.687155 -0.866571 -0.285468 -2.47615 -5.81045 -815.7 0 
1 820.641 0.304848 0.0223976 0.685199 -0.870314 -0.281961 -0.0743432 -4.96402 -815.603 0 
12 820.434 0.307641 0.0222804 0.683095 -0.884579 -0.263999 -0.231614 -4.58532 -815.617 0 
4 820.583 0.30636 0.0223134 0.684454 -0.883376 -0.276066 -0.105459 -4.80426 -815.673 0 
2 819.935 0.311605 0.022344 0.678272 -0.873641 -0.231345 -0.214754 -4.09392 -815.626 0 
2 820.23 0.30794 0.022341 0.680857 -0.878845 -0.219133 -0.414438 -4.23775 -815.578 0 
4 822.053 0.305267 0.0223676 0.683989 -0.86463 -0.264 -1.70732 -4.7833 -815.562 0 
5 821.966 0.30458 0.0224168 0.682849 -0.844638 -0.269765 -1.13285 -5.16894 -815.664 0 
7 820.603 0.313782 0.022397 0.674828 -0.82693 -0.293322 -0.235534 -4.00034 -816.368 0 
2 821.775 0.306465 0.0224627 0.680978 -0.839588 -0.279706 -1.17901 -4.84552 -815.75 0 
1 822.158 0.303139 0.0223652 0.684731 -0.834611 -0.324193 -0.571486 -5.96392 -815.623 0 
6 821.28 0.314551 0.0222887 0.673591 -0.827697 -0.297894 -0.969321 -3.95206 -816.358 0 
13 820.939 0.317478 0.0222156 0.672802 -0.853196 -0.280238 -0.865145 -4.12397 -815.95 0 
2 821.433 0.317899 0.0224206 0.674173 -0.846207 -0.28486 -1.30739 -4.00222 -816.123 0 
1 821.965 0.31173 0.0223775 0.68011 -0.8849 -0.233981 -2.18004 -4.2247 -815.56 0 
4 821.571 0.319145 0.0223255 0.672367 -0.864102 -0.236246 -1.20107 -4.28193 -816.088 0 
7 821.459 0.320353 0.0223375 0.66822 -0.835027 -0.239351 -0.220525 -4.02802 -817.211 0 
5 821.379 0.316868 0.0224409 0.671279 -0.812913 -0.282094 -0.146425 -3.87756 -817.355 0 
2 822.478 0.31799 0.0225552 0.672873 -0.826375 -0.284258 -1.83148 -3.81936 -816.827 0 
2 820.216 0.310784 0.0224538 0.679094 -0.850778 -0.274987 -0.306104 -4.17931 -815.73 0 
6 821.547 0.301864 0.0223836 0.688596 -0.881133 -0.279145 -0.233016 -5.4601 -815.853 0 
4 822.504 0.303341 0.0224202 0.686433 -0.852795 -0.305536 -1.38749 -5.53663 -815.579 0 
1 822.632 0.302189 0.0223271 0.688616 -0.871058 -0.312321 -1.06699 -5.75603 -815.809 0 
2 821.045 0.307065 0.0224192 0.683458 -0.843039 -0.328986 -0.447848 -5.01189 -815.585 0 
2 823.575 0.298761 0.0223615 0.69323 -0.881769 -0.336005 -0.183178 -6.89462 -816.497 0 
1 823.991 0.30217 0.0222829 0.689881 -0.872721 -0.343448 -1.82335 -6.15555 -816.012 0 
1 822.002 0.302736 0.02227 0.68813 -0.871586 -0.328991 -0.274791 -5.85798 -815.869 0 
1 821.125 0.305143 0.0223075 0.68633 -0.876896 -0.311137 -0.106393 -5.26539 -815.753 0 
3 820.925 0.309213 0.022238 0.682373 -0.873609 -0.303873 -0.65484 -4.71143 -815.559 0 
2 820.609 0.313916 0.0222241 0.677058 -0.86155 -0.299957 -0.691714 -4.33312 -815.585 0 
1 820.358 0.311656 0.0222488 0.679795 -0.867384 -0.300407 -0.374186 -4.45932 -815.524 0 
3 820.335 0.313469 0.0222744 0.675426 -0.843494 -0.27904 -0.364947 -3.99583 -815.974 0 
6 820.661 0.315023 0.0223596 0.67358 -0.82987 -0.28565 -0.328127 -3.90537 -816.428 0 
6 820.929 0.308364 0.0223189 0.68115 -0.865715 -0.260368 -1.00802 -4.35442 -815.567 0 
3 820.789 0.305195 0.022472 0.684106 -0.856559 -0.280491 -0.293681 -4.92994 -815.566 0 
5 820.916 0.305762 0.0224818 0.683258 -0.84645 -0.289133 -0.337647 -4.96253 -815.616 0 
1 820.485 0.307137 0.02238 0.680861 -0.85171 -0.26443 -0.267116 -4.56409 -815.654 0 
1 821.126 0.304489 0.0224228 0.683274 -0.849506 -0.271491 -0.415279 -5.09973 -815.611 0 
1 821.579 0.304473 0.0224243 0.683351 -0.843058 -0.283483 -0.673148 -5.26332 -815.642 0 
1 821.268 0.310355 0.0222878 0.677032 -0.85077 -0.257454 -1.31671 -4.15402 -815.798 0 
4 821.109 0.321376 0.0223192 0.670227 -0.842675 -0.282275 -0.418921 -4.17451 -816.516 0 
1 824.981 0.327066 0.0222744 0.663099 -0.813677 -0.292657 -2.27149 -4.29123 -818.418 0 
1 824.233 0.327322 0.0221958 0.664318 -0.833776 -0.290594 -2.03219 -4.81655 -817.384 0 
3 822.819 0.321867 0.022289 0.668827 -0.82511 -0.315332 -1.91461 -3.99904 -816.905 0 
2 821.482 0.317948 0.0224068 0.671397 -0.81521 -0.308704 -0.65322 -3.79604 -817.032 0 
11 820.338 0.31626 0.0223626 0.67366 -0.82865 -0.302144 -0.0406563 -3.88175 -816.416 0 
5 822.06 0.303775 0.0223897 0.683618 -0.843092 -0.296803 -0.991827 -5.46231 -815.606 0 
1 823.32 0.297783 0.022365 0.69259 -0.87465 -0.323296 -0.0601152 -7.00405 -816.256 0 
4 824.014 0.302951 0.0221318 0.687046 -0.872581 -0.324533 -2.40611 -5.75481 -815.853 0 
3 822.81 0.300287 0.0222935 0.689324 -0.863564 -0.325557 -0.56794 -6.39976 -815.842 0 
4 821.577 0.305271 0.0223904 0.684637 -0.844391 -0.325089 -0.672915 -5.32882 -815.575 0 
1 821.29 0.309051 0.0223148 0.681908 -0.869868 -0.278212 -1.32424 -4.4264 -815.539 0 
1 821.631 0.30471 0.0222255 0.686395 -0.89882 -0.267271 -0.575819 -5.05483 -816 0 
1 822.162 0.30787 0.0222603 0.684804 -0.905747 -0.255487 -1.41724 -4.84481 -815.9 0 
1 820.728 0.305414 0.0223969 0.684172 -0.864124 -0.285198 -0.263736 -4.90013 -815.565 0 
2 820.142 0.314251 0.0223233 0.675753 -0.851052 -0.270336 -0.264658 -3.98389 -815.894 0 
1 820.136 0.316248 0.0223117 0.674839 -0.851966 -0.286692 -0.189545 -4.07274 -815.874 0 
9 820.523 0.31727 0.0223295 0.672403 -0.834285 -0.279737 -0.162466 -3.85734 -816.504 0 
1 820.843 0.319675 0.0223661 0.670275 -0.849006 -0.232634 -0.0894801 -4.11632 -816.637 0 
1 820.563 0.318341 0.0222951 0.672353 -0.877207 -0.208909 -0.166464 -4.46846 -815.928 0 
1 821.201 0.319294 0.0222957 0.671803 -0.894022 -0.177941 -0.321055 -5.02826 -815.852 0 
6 820.549 0.315627 0.0222726 0.674938 -0.889971 -0.195787 -0.443922 -4.4165 -815.689 0 
1 821.953 0.319721 0.0221546 0.671649 -0.896086 -0.194867 -1.04178 -5.16021 -815.751 0 
2 821.252 0.315371 0.0222191 0.675642 -0.917569 -0.163903 -0.540854 -5.0554 -815.655 0 
1 820.636 0.315606 0.0223086 0.674385 -0.902173 -0.16035 -0.247089 -4.67905 -815.709 0 
7 820.411 0.311021 0.0223099 0.67773 -0.918002 -0.123842 -0.217555 -4.48577 -815.708 0 
3 820.767 0.312642 0.0223156 0.6772 -0.912597 -0.155142 -0.540238 -4.56915 -815.658 0 
1 821.499 0.303695 0.0223336 0.687696 -0.930494 -0.1951 -0.09834 -4.87811 -816.523 0 
1 821.088 0.311376 0.0222271 0.678288 -0.896747 -0.209986 -1.14266 -4.35974 -815.586 0 
11 821.515 0.300577 0.0224836 0.688555 -0.887818 -0.232413 -0.410614 -5.26965 -815.835 0 
3 820.302 0.308235 0.0224806 0.681432 -0.865045 -0.249713 -0.396612 -4.31566 -815.589 0 
3 821.327 0.318641 0.0224524 0.672567 -0.8638 -0.219852 -0.891306 -4.24356 -816.192 0 
3 821.326 0.317409 0.0225061 0.672209 -0.849681 -0.220076 -0.763526 -4.01622 -816.546 0 
7 820.461 0.307782 0.0224678 0.68199 -0.895478 -0.182701 -0.643734 -4.20076 -815.616 0 
3 821.433 0.317424 0.0224236 0.674447 -0.891067 -0.185991 -1.01711 -4.63794 -815.778 0 
5 821.195 0.317211 0.0224513 0.674004 -0.88587 -0.184459 -0.822267 -4.51466 -815.858 0 
2 820.739 0.31026 0.022386 0.680429 -0.889687 -0.228726 -0.84846 -4.32099 -815.57 0 
3 821.394 0.313594 0.0223506 0.679692 -0.901202 -0.234918 -1.08822 -4.72417 -815.582 0 
2 820.728 0.313047 0.0223936 0.679094 -0.893611 -0.226542 -0.722728 -4.4419 -815.564 0 
4 819.975 0.31331 0.0223439 0.677764 -0.876896 -0.245489 -0.167967 -4.2169 -815.59 0 
5 821.87 0.310774 0.0225591 0.680618 -0.855254 -0.274878 -2.01602 -4.18943 -815.665 0 
1 821.604 0.307713 0.0223446 0.683131 -0.880257 -0.253826 -1.59603 -4.4368 -815.572 0 
4 819.988 0.311852 0.0223307 0.677247 -0.884213 -0.200671 -0.220482 -4.13195 -815.636 0 
1 819.9 0.311763 0.0223473 0.677535 -0.891535 -0.180182 -0.083501 -4.17351 -815.643 0 
4 819.745 0.312298 0.0223618 0.677327 -0.870835 -0.228919 -0.00222175 -4.05958 -815.683 0 
1 820.572 0.316582 0.022313 0.672744 -0.858145 -0.225078 -0.378963 -4.02335 -816.17 0 
3 821.029 0.311093 0.0222674 0.676505 -0.857818 -0.232485 -1.14551 -4.05596 -815.828 0 
1 821.706 0.300515 0.0223687 0.688853 -0.88319 -0.261756 -0.263763 -5.55875 -815.884 0 
1 821.555 0.301324 0.0223795 0.688819 -0.887975 -0.260216 -0.257175 -5.36985 -815.928 0 
5 822.293 0.29997 0.0223789 0.691394 -0.903111 -0.267269 -0.0326942 -5.75359 -816.507 0 
3 821.447 0.307059 0.0222832 0.684677 -0.896415 -0.256789 -0.967319 -4.70805 -815.772 0 
2 821.793 0.316181 0.022237 0.676685 -0.889579 -0.247127 -1.56956 -4.67013 -815.553 0 
4 822.221 0.320422 0.0223292 0.668906 -0.855843 -0.218072 -1.28021 -4.3388 -816.602 0 
1 822.092 0.320625 0.0223749 0.670352 -0.847021 -0.263912 -1.43169 -4.18308 -816.477 0 
1 822.341 0.321602 0.0222102 0.671683 -0.876656 -0.268359 -1.40819 -5.18674 -815.746 0 
2 821.519 0.316298 0.0222602 0.676603 -0.89841 -0.22615 -1.12328 -4.82902 -815.567 0 
1 821.772 0.313633 0.0224076 0.679771 -0.873635 -0.285698 -1.82637 -4.41648 -815.529 0 
2 821.605 0.307362 0.0223501 0.685741 -0.904416 -0.262942 -0.726275 -4.94133 -815.938 0 
2 821.12 0.306732 0.0224049 0.685156 -0.890814 -0.267567 -0.596721 -4.7886 -815.735 0 
1 820.547 0.313695 0.0222611 0.675754 -0.853401 -0.279115 -0.704053 -4.06979 -815.773 0 
1 821.024 0.307394 0.0222039 0.682925 -0.889243 -0.262913 -0.68492 -4.66645 -815.673 0 
3 821.587 0.305934 0.0222168 0.684123 -0.896163 -0.253709 -0.988042 -4.78957 -815.809 0 
1 820.39 0.310636 0.0222972 0.6813 -0.877622 -0.287243 -0.29845 -4.55294 -815.539 0 
4 821.907 0.314577 0.0222515 0.679512 -0.884623 -0.301792 -1.44501 -4.94398 -815.518 0 
9 822.199 0.312507 0.0223825 0.681766 -0.875043 -0.32164 -1.82306 -4.85258 -815.523 0 
3 821.762 0.3147 0.0222094 0.678771 -0.847975 -0.376849 -1.41626 -4.80575 -815.54 0 
1 822.288 0.31239 0.0221587 0.681234 -0.872194 -0.351341 -1.57404 -5.16599 -815.548 0 
1 822.7 0.313142 0.0221279 0.680891 -0.887938 -0.329478 -1.67486 -5.39767 -815.628 0 
1 823.899 0.32056 0.0220517 0.674298 -0.867241 -0.362081 -2.75027 -5.65674 -815.492 0 
1 823.859 0.311676 0.0221505 0.682517 -0.885655 -0.359527 -2.21736 -5.87189 -815.77 0 
3 825.099 0.312258 0.0222686 0.680735 -0.86199 -0.368459 -4.30554 -5.27184 -815.521 0 
3 825.54 0.313281 0.0222728 0.679669 -0.843782 -0.403472 -4.73693 -5.2763 -815.527 0 
1 825.449 0.319522 0.0219989 0.674404 -0.857657 -0.394615 -4.2296 -5.73359 -815.486 0 
3 827.547 0.314275 0.0219108 0.679618 -0.895814 -0.359358 -5.27579 -6.46141 -815.81 0 
3 827.636 0.318565 0.0220355 0.678636 -0.906467 -0.359644 -4.29787 -7.57102 -815.767 0 
5 828.472 0.322356 0.0221653 0.676223 -0.899995 -0.345689 -5.44699 -7.52773 -815.497 0 
1 827.059 0.321133 0.0221831 0.676574 -0.906785 -0.314007 -4.37592 -7.14045 -815.542 0 
2 825.055 0.3211 0.022245 0.675655 -0.878271 -0.342688 -3.61274 -5.97092 -815.471 0 
5 824.615 0.319633 0.0222554 0.67659 -0.881108 -0.338036 -3.27627 -5.87248 -815.467 0 
1 824.45 0.321242 0.0223064 0.675037 -0.856937 -0.364306 -3.56859 -5.27368 -815.608 0 
3 823.807 0.315837 0.0223571 0.679351 -0.847592 -0.37999 -3.45834 -4.79764 -815.551 0 
1 822.017 0.30987 0.0224133 0.683611 -0.851123 -0.368363 -1.40143 -5.08022 -815.535 0 
7 821.171 0.320416 0.0223169 0.671921 -0.824368 -0.347428 -0.662069 -4.02895 -816.48 0 
2 821.487 0.320995 0.0221706 0.670936 -0.829769 -0.345057 -0.979109 -4.14928 -816.358 0 
8 820.728 0.317417 0.0222767 0.673374 -0.811845 -0.369124 -0.208547 -4.0164 -816.503 0 
2 820.641 0.314151 0.0223305 0.676313 -0.813974 -0.366074 -0.146879 -4.26801 -816.226 0 
3 821.576 0.319264 0.0223729 0.672368 -0.805682 -0.365732 -0.778303 -3.85428 -816.944 0 
1 822.124 0.311779 0.0224589 0.67869 -0.807988 -0.366181 -1.23907 -4.62176 -816.263 0 
20 822.004 0.319033 0.022393 0.670043 -0.785811 -0.358975 -0.168398 -3.81488 -818.021 0 
2 823.059 0.30422 0.0222719 0.683429 -0.82835 -0.33991 -1.50842 -5.8874 -815.663 0 
4 822.091 0.30709 0.0223127 0.680051 -0.821417 -0.322878 -0.984033 -5.18242 -815.925 0 
1 822.235 0.307835 0.022355 0.678616 -0.821592 -0.3049 -1.24033 -4.93084 -816.064 0 
3 822.777 0.308046 0.0224875 0.677727 -0.808416 -0.291083 -0.94953 -5.20422 -816.623 0 
1 824.444 0.305249 0.0224565 0.679951 -0.794605 -0.334675 -1.49011 -6.416 -816.538 0 
3 824.44 0.304323 0.022509 0.680779 -0.800404 -0.314292 -1.48796 -6.51586 -816.436 0 
1 826.127 0.302862 0.0224963 0.682834 -0.794368 -0.339096 -2.39455 -7.38044 -816.352 0 
1 825.293 0.30014 0.0224072 0.685871 -0.809354 -0.348857 -1.62967 -7.84672 -815.817 0 
1 824.882 0.302864 0.0223552 0.682697 -0.803769 -0.346856 -1.87395 -6.97668 -816.031 0 
5 825.125 0.306993 0.0224679 0.677621 -0.782948 -0.332365 -1.60327 -6.3136 -817.208 0 
1 823.898 0.310167 0.0224678 0.675406 -0.791192 -0.322657 -1.55829 -5.11186 -817.228 0 
1 824.792 0.304465 0.0226088 0.68215 -0.792607 -0.348321 -1.56098 -6.78869 -816.443 0 
5 823.289 0.308558 0.0224996 0.677454 -0.793761 -0.324675 -0.883754 -5.47038 -816.934 0 
3 824.28 0.305004 0.0225097 0.68163 -0.785228 -0.375832 -0.816616 -6.94171 -816.521 0 
1 822.986 0.301031 0.0223708 0.687752 -0.830003 -0.368633 -0.277283 -7.06626 -815.643 0 
5 821.781 0.306226 0.0223568 0.683757 -0.832749 -0.353134 -0.721025 -5.4399 -815.621 0 
1 821.922 0.30496 0.0223629 0.684179 -0.825954 -0.359191 -0.392271 -5.86953 -815.66 0 
1 822.262 0.30619 0.0225507 0.682029 -0.818013 -0.324519 -0.845408 -5.46194 -815.955 0 
7 821.668 0.304873 0.0224174 0.684396 -0.825645 -0.357412 -0.124962 -5.87794 -815.666 0 
3 821.283 0.314365 0.0223392 0.674584 -0.798985 -0.360869 -0.186985 -4.25675 -816.84 0 
5 822.738 0.319307 0.0222324 0.668673 -0.784479 -0.358961 -0.802129 -3.80285 -818.133 0 
5 822.834 0.323505 0.022218 0.665473 -0.795162 -0.332027 -0.686521 -3.70529 -818.443 0 
1 824.119 0.318201 0.0222539 0.669731 -0.790809 -0.334848 -2.25942 -3.88267 -817.977 0 
2 823.925 0.309513 0.0223519 0.68035 -0.821724 -0.345113 -3.21007 -4.81021 -815.905 0 
3 823.369 0.311063 0.0223812 0.678514 -0.812826 -0.345665 -2.53276 -4.6171 -816.219 0 
2 822.516 0.302727 0.022398 0.685615 -0.828717 -0.34222 -0.544658 -6.33008 -815.641 0 
1 821.45 0.311762 0.0223284 0.676598 -0.818292 -0.319416 -0.807201 -4.34937 -816.293 0 
2 820.628 0.308457 0.022363 0.679868 -0.842345 -0.28378 -0.361411 -4.51443 -815.752 0 
4 821.512 0.310142 0.0224224 0.677575 -0.807166 -0.330896 -0.253885 -4.79424 -816.464 0 
2 820.921 0.314371 0.0222792 0.675325 -0.823463 -0.330061 -0.634181 -4.06827 -816.219 0 
1 822.421 0.314741 0.0223493 0.677506 -0.838164 -0.333334 -2.433 -4.15148 -815.836 0 
1 821.602 0.318976 0.0224004 0.673523 -0.836715 -0.312857 -1.34422 -4.00135 -816.257 0 
2 821.99 0.314607 0.0223381 0.678898 -0.867682 -0.303967 -2.00529 -4.44879 -815.536 0 
10 821.21 0.313767 0.0224199 0.679044 -0.857707 -0.308097 -1.31434 -4.29788 -815.598 0 
4 820.711 0.317693 0.0223296 0.674523 -0.846782 -0.313594 -0.630051 -4.18174 -815.9 0 
3 820.883 0.318641 0.0223888 0.672553 -0.837687 -0.294359 -0.57021 -3.95401 -816.359 0 
1 820.39 0.315594 0.0223344 0.67583 -0.848883 -0.306352 -0.450305 -4.14196 -815.798 0 
8 821.173 0.311574 0.0224564 0.68081 -0.857751 -0.307772 -1.23337 -4.37925 -815.561 0 
4 820.903 0.309918 0.0223019 0.681907 -0.858696 -0.325515 -0.706867 -4.66769 -815.528 0 
2 820.993 0.307758 0.0223455 0.683628 -0.852111 -0.337093 -0.463409 -4.98369 -815.546 0 
2 820.516 0.307922 0.0223103 0.681851 -0.846084 -0.325794 -0.10016 -4.84034 -815.575 0 
6 820.985 0.313916 0.0223212 0.674074 -0.819316 -0.308043 -0.429248 -4.0419 -816.514 0 
2 823.9 0.31268 0.0223854 0.673232 -0.781762 -0.347992 -1.46681 -4.77291 -817.661 0 
6 822.296 0.312027 0.0223347 0.675901 -0.798842 -0.368393 -1.06683 -4.64799 -816.581 0 
2 822.326 0.313806 0.02229 0.674836 -0.808544 -0.361641 -1.626 -4.28331 -816.417 0 
3 821.919 0.314091 0.0222075 0.675081 -0.817585 -0.363251 -1.50493 -4.28009 -816.134 0 
5 821.131 0.312903 0.02231 0.676728 -0.821865 -0.335103 -0.75566 -4.2375 -816.137 0 
4 820.901 0.309633 0.0224565 0.679828 -0.833576 -0.303484 -0.548628 -4.48246 -815.87 0 
1 822.3 0.302662 0.0224948 0.687531 -0.852739 -0.310496 -0.97003 -5.73543 -815.595 0 
3 822.725 0.301435 0.0224568 0.687846 -0.843529 -0.324036 -0.810332 -6.30949 -815.605 0 
1 820.99 0.308911 0.022462 0.681566 -0.830374 -0.342174 -0.430079 -4.83076 -815.73 0 
1 820.856 0.310544 0.022437 0.677908 -0.823374 -0.311585 -0.291445 -4.44338 -816.121 0 
1 821.564 0.314073 0.0225178 0.676559 -0.819484 -0.326706 -1.12858 -4.08089 -816.354 0 
1 821.286 0.307613 0.0224036 0.683185 -0.84306 -0.332018 -0.761684 -4.94032 -815.584 0 
4 821.105 0.307431 0.0222818 0.682633 -0.857108 -0.306371 -0.797422 -4.76123 -815.546 0 
2 820.639 0.309686 0.0222562 0.681685 -0.874862 -0.2897 -0.537871 -4.55751 -815.543 0 
1 820.773 0.305452 0.0223595 0.684137 -0.855617 -0.308746 -0.111208 -5.10139 -815.56 0 
1 821.281 0.31875 0.0224433 0.670873 -0.821787 -0.28353 -0.366407 -3.80417 -817.111 0 
3 820.638 0.305034 0.0224415 0.684365 -0.867345 -0.259052 -0.301233 -4.7712 -815.566 0 
1 823.541 0.296188 0.0224862 0.693164 -0.882175 -0.264431 -0.658265 -6.7253 -816.157 0 
2 822.312 0.299838 0.0225002 0.688108 -0.87157 -0.235905 -0.991205 -5.66718 -815.654 0 
2 823.001 0.299588 0.022553 0.686576 -0.85776 -0.228683 -1.40375 -5.99612 -815.601 0 
5 822.478 0.302373 0.0225503 0.683532 -0.850405 -0.226043 -1.3465 -5.44671 -815.685 0 
3 822.091 0.306379 0.0224701 0.679256 -0.834346 -0.243879 -1.08294 -4.95242 -816.056 0 
3 823.092 0.315419 0.022542 0.670449 -0.819975 -0.21905 -1.19914 -4.2096 -817.683 0 
1 822.384 0.319077 0.0224418 0.668194 -0.83957 -0.198294 -0.786561 -4.20728 -817.39 0 
4 821.931 0.312255 0.0225433 0.674685 -0.838421 -0.21012 -1.09698 -4.20655 -816.627 0 
2 821.374 0.307292 0.0225409 0.681902 -0.853623 -0.252639 -1.20047 -4.50002 -815.674 0 
1 822.405 0.309253 0.0225726 0.678053 -0.821477 -0.26823 -1.27421 -4.6865 -816.445 0 
3 822.328 0.302353 0.022535 0.685687 -0.842 -0.285876 -0.883036 -5.8265 -815.619 0 
2 820.933 0.315702 0.0224864 0.673564 -0.836572 -0.252436 -0.485139 -3.89066 -816.557 0 
1 820.598 0.318914 0.0223453 0.671262 -0.844975 -0.254742 -0.109633 -3.99095 -816.497 0 
6 820.727 0.310539 0.022454 0.677223 -0.831902 -0.270781 -0.262955 -4.29054 -816.174 0 
1 820.68 0.308204 0.0224576 0.680867 -0.864555 -0.233088 -0.772986 -4.27029 -815.636 0 
2 820.671 0.314275 0.0222367 0.675624 -0.878049 -0.220922 -0.830996 -4.15551 -815.684 0 
10 821.415 0.308382 0.0223555 0.681278 -0.885838 -0.209372 -1.63149 -4.20077 -815.582 0 
6 821.369 0.313075 0.0224863 0.677331 -0.873396 -0.205418 -1.54437 -4.0458 -815.779 0 
1 823.091 0.305024 0.0223786 0.687843 -0.920939 -0.218662 -1.98277 -4.83584 -816.272 0 
6 820.959 0.307276 0.0224406 0.684047 -0.880345 -0.256587 -0.877027 -4.50005 -815.582 0 
2 820.524 0.313352 0.0222995 0.678154 -0.88071 -0.245971 -0.689828 -4.26886 -815.565 0 
4 820.12 0.313974 0.0223038 0.677198 -0.888074 -0.224802 -0.180126 -4.35771 -815.582 0 
1 821.382 0.304171 0.0223925 0.687264 -0.89878 -0.257157 -0.394498 -5.00971 -815.978 0 
4 822.367 0.303278 0.0224431 0.688203 -0.901519 -0.252584 -1.19268 -5.09641 -816.078 0 
23 820.737 0.311294 0.0223167 0.680752 -0.895434 -0.248303 -0.545308 -4.59599 -815.596 0 
2 822.807 0.313378 0.0224552 0.680464 -0.907302 -0.222561 -2.37294 -4.81422 -815.62 0 
3 823.683 0.309403 0.0225547 0.682577 -0.909562 -0.193102 -3.52978 -4.45455 -815.699 0 
6 824.516 0.317693 0.0225156 0.676095 -0.918884 -0.154172 -3.37578 -5.45938 -815.681 0 
1 823.983 0.311768 0.022615 0.681054 -0.895875 -0.199144 -4.12732 -4.26303 -815.592 0 
1 821.837 0.316047 0.0224615 0.671195 -0.87122 -0.148015 -1.01532 -4.40478 -816.417 0 
1 821.565 0.315546 0.0222668 0.671766 -0.881511 -0.158074 -1.17839 -4.35872 -816.028 0 
1 824.129 0.322742 0.0221502 0.666371 -0.897654 -0.132021 -1.80009 -6.02947 -816.299 0 
3 824.55 0.323381 0.0222031 0.663657 -0.866311 -0.141778 -1.71728 -5.46247 -817.37 0 
2 823.811 0.324525 0.0221352 0.66487 -0.876322 -0.166315 -1.38303 -5.65096 -816.777 0 
2 821.588 0.319462 0.0223998 0.668426 -0.853366 -0.180768 -0.165818 -4.39665 -817.026 0 
5 821.912 0.321408 0.0223582 0.667254 -0.869277 -0.154217 -0.0277432 -5.00067 -816.884 0 
1 823.244 0.321992 0.0224456 0.66675 -0.848164 -0.174246 -0.884662 -4.72595 -817.634 0 
1 822.368 0.322064 0.0224048 0.666762 -0.871985 -0.140914 -0.0929967 -5.27795 -816.998 0 
1 821.93 0.317852 0.0222889 0.673103 -0.918765 -0.122236 -0.668667 -5.48073 -815.781 0 
1 820.968 0.309665 0.0224132 0.680439 -0.937526 -0.106673 -0.338937 -4.72153 -815.907 0 
3 822.41 0.301652 0.0224665 0.689336 -0.94623 -0.143968 -0.760931 -4.76147 -816.888 0 
4 822.702 0.302168 0.0224167 0.689427 -0.967902 -0.11143 -0.307143 -4.92129 -817.474 0 
1 823.261 0.299927 0.0225511 0.69157 -0.945845 -0.147184 -1.31539 -4.85958 -817.086 0 
2 822.198 0.306206 0.022446 0.685668 -0.957305 -0.112862 -0.689188 -4.87784 -816.631 0 
1 822.094 0.310597 0.0224314 0.680648 -0.95009 -0.0830068 -0.982933 -5.07815 -816.033 0 
2 820.746 0.306887 0.0224502 0.68107 -0.93546 -0.0719573 -0.342963 -4.49808 -815.905 0 
3 822.179 0.313069 0.0222746 0.6759 -0.956023 -0.0396999 -0.351412 -5.83528 -815.993 0 
1 822.425 0.307437 0.0222813 0.682703 -0.974042 -0.0529849 -0.477323 -5.23556 -816.713 0 
5 822.611 0.312302 0.0222907 0.676478 -0.963247 -0.0298369 -0.571482 -5.93917 -816.1 0 
7 821.468 0.311481 0.0224319 0.677454 -0.950009 -0.039292 -0.110023 -5.40136 -815.957 0 
1 821.647 0.303482 0.0224233 0.686021 -0.966347 -0.0626009 -0.1154 -4.69154 -816.84 0 
3 821.65 0.303103 0.0225409 0.685326 -0.954228 -0.0493816 -0.737324 -4.51995 -816.393 0 
8 821.277 0.305132 0.022411 0.683375 -0.953696 -0.0574026 -0.386906 -4.59843 -816.291 0 
2 821.877 0.305645 0.0222739 0.683648 -0.960911 -0.0768022 -0.551017 -4.76091 -816.565 0 
2 820.988 0.306037 0.0223425 0.68301 -0.946473 -0.0902171 -0.240172 -4.54991 -816.198 0 
2 821.696 0.304504 0.0224711 0.68167 -0.917233 -0.0820389 -1.51129 -4.41037 -815.775 0 
4 822.456 0.314678 0.0224067 0.671377 -0.917291 -0.036688 -0.697326 -5.62909 -816.13 0 
8 822.254 0.30885 0.0223033 0.680007 -0.95731 -0.0485205 -1.04788 -5.05069 -816.156 0 
1 821.475 0.301892 0.0223856 0.686177 -0.952181 -0.0773462 -0.414191 -4.48473 -816.576 0 
1 821.56 0.306447 0.0223219 0.681705 -0.947055 -0.0810091 -0.804086 -4.60235 -816.153 0 
7 821.602 0.311746 0.0224985 0.676571 -0.930738 -0.0617867 -0.768579 -5.00474 -815.829 0 
1 822.953 0.305339 0.0224894 0.683522 -0.942167 -0.0931761 -2.32001 -4.48732 -816.146 0 
1 822.245 0.311788 0.0224976 0.674149 -0.908563 -0.0656758 -1.456 -4.83443 -815.955 0 
1 822.476 0.309538 0.0224412 0.675357 -0.903308 -0.0654008 -1.82424 -4.71129 -815.94 0 
4 822.283 0.312479 0.0224526 0.67244 -0.893206 -0.073061 -1.18772 -4.87228 -816.223 0 
5 823.587 0.312444 0.0224164 0.671209 -0.865881 -0.110441 -2.20669 -4.69701 -816.683 0 
1 825.119 0.318579 0.0225071 0.665513 -0.857732 -0.0931308 -1.70127 -5.49208 -817.926 0 
3 824.599 0.316747 0.0224756 0.667015 -0.856232 -0.10536 -1.89593 -5.10513 -817.598 0 
5 823.984 0.297625 0.02253 0.686747 -0.902668 -0.118405 -2.95293 -5.21578 -815.816 0 
2 822.145 0.302531 0.0224836 0.682679 -0.909187 -0.0914647 -1.85692 -4.54365 -815.744 0 
2 822.215 0.306196 0.022604 0.680494 -0.918608 -0.0613511 -1.89162 -4.53163 -815.792 0 
1 822.963 0.311357 0.0225941 0.673759 -0.906635 -0.0411277 -1.7206 -5.12344 -816.119 0 
1 823.971 0.317752 0.0224978 0.66771 -0.900268 -0.0362728 -1.02298 -6.18746 -816.76 0 
1 821.525 0.31387 0.0223648 0.673494 -0.920531 -0.0711291 -0.529611 -5.12445 -815.871 0 
3 821.802 0.312372 0.02234 0.674735 -0.927335 -0.0661649 -0.950962 -5.02444 -815.826 0 
2 821.176 0.311261 0.0222715 0.67603 -0.913776 -0.109971 -0.958409 -4.49002 -815.728 0 
3 821.101 0.310853 0.0222667 0.679089 -0.939875 -0.11194 -0.271365 -4.91574 -815.914 0 
3 821.285 0.312218 0.0225413 0.676635 -0.914378 -0.0927323 -0.821892 -4.67272 -815.79 0 
2 821.218 0.313759 0.0224839 0.673711 -0.899254 -0.093854 -0.462868 -4.73811 -816.017 0 
2 821.087 0.308532 0.0223846 0.680056 -0.941103 -0.0695622 -0.463283 -4.68986 -815.934 0 
4 820.9 0.307356 0.022559 0.68017 -0.90185 -0.116388 -0.926366 -4.27227 -815.701 0 
2 821.255 0.300756 0.0224699 0.686775 -0.919614 -0.126922 -0.671725 -4.56553 -816.017 0 
2 821.044 0.311038 0.0223036 0.675682 -0.900307 -0.123056 -0.972544 -4.31857 -815.753 0 
5 821.595 0.30703 0.0223627 0.679123 -0.891461 -0.138014 -1.65095 -4.25893 -815.685 0 
1 822.473 0.315357 0.0224728 0.670571 -0.867917 -0.119622 -1.03041 -4.67897 -816.764 0 
1 821.994 0.311887 0.0224028 0.67304 -0.874184 -0.126113 -1.37922 -4.38452 -816.23 0 
1 822.28 0.311504 0.0222801 0.67631 -0.920596 -0.0919258 -1.86706 -4.65107 -815.762 0 
1 821.152 0.305884 0.0223219 0.680947 -0.917096 -0.113921 -1.10795 -4.28177 -815.763 0 
1 822.176 0.305336 0.0223657 0.681794 -0.91314 -0.115574 -2.14284 -4.2947 -815.739 0 
3 821.389 0.308583 0.0222243 0.679353 -0.912896 -0.143142 -1.41685 -4.27503 -815.697 0 
3 821.723 0.306124 0.0222068 0.682874 -0.934835 -0.139368 -1.07945 -4.51754 -816.126 0 
1 823.143 0.309034 0.0221419 0.6797 -0.913481 -0.162552 -3.11568 -4.32047 -815.707 0 
1 821.216 0.305953 0.022287 0.682468 -0.910121 -0.160811 -1.18294 -4.28681 -815.747 0 
2 821.273 0.309206 0.0223006 0.680511 -0.9203 -0.142102 -1.14181 -4.38096 -815.75 0 
1 821.71 0.314372 0.0221917 0.675273 -0.902551 -0.166596 -1.54158 -4.50575 -815.662 0 
4 822.366 0.314844 0.0222068 0.674917 -0.895473 -0.174715 -2.25996 -4.41103 -815.695 0 
1 825.309 0.312315 0.0221022 0.676796 -0.906346 -0.165862 -5.30077 -4.37088 -815.637 0 
1 823.911 0.316614 0.0221327 0.673602 -0.883635 -0.208193 -3.79409 -4.37287 -815.744 0 
2 824.61 0.312139 0.0222123 0.678661 -0.875707 -0.249322 -4.87819 -4.16004 -815.572 0 
1 821.74 0.309447 0.0222978 0.679493 -0.872874 -0.225275 -1.98358 -4.14694 -815.61 0 
1 821.839 0.313847 0.022293 0.674267 -0.8501 -0.232335 -1.72372 -3.95656 -816.159 0 
2 823.945 0.319952 0.0225834 0.669105 -0.823805 -0.242068 -2.29262 -3.96496 -817.688 0 
1 822.472 0.314808 0.0225345 0.674417 -0.838331 -0.259051 -2.20773 -3.90119 -816.363 0 
1 826.144 0.324052 0.0225755 0.665336 -0.809748 -0.255433 -3.18274 -4.10117 -818.86 0 
6 821.996 0.317802 0.0224997 0.673746 -0.839636 -0.27562 -1.70113 -3.89753 -816.397 0 
1 821.893 0.319826 0.0224088 0.67283 -0.850297 -0.278076 -1.54098 -4.16486 -816.187 0 
1 821.366 0.319741 0.0223468 0.672094 -0.842859 -0.285571 -0.97989 -4.03719 -816.349 0 
3 820.272 0.316651 0.0222784 0.674481 -0.855012 -0.280841 -0.310522 -4.09896 -815.863 0 
1 821.053 0.309852 0.0223658 0.682985 -0.891671 -0.267607 -0.769059 -4.65287 -815.631 0 
2 820.759 0.310655 0.0222893 0.681649 -0.90479 -0.23524 -0.404609 -4.66698 -815.687 0 
2 821.256 0.314035 0.0222536 0.678361 -0.890159 -0.247386 -1.19305 -4.52018 -815.543 0 
6 821.191 0.302841 0.0223618 0.687353 -0.872654 -0.294285 -0.0304491 -5.43171 -815.729 0 
1 821.313 0.312336 0.0223979 0.677834 -0.830209 -0.336738 -1.10391 -4.32574 -815.883 0 
2 823.895 0.30216 0.0225945 0.686308 -0.829237 -0.327315 -1.88599 -6.35629 -815.653 0 
2 824.108 0.304967 0.0226069 0.682037 -0.818217 -0.304296 -2.41099 -5.68816 -816.009 0 
1 826.56 0.292236 0.0223853 0.697201 -0.882397 -0.314895 -0.838419 -8.70845 -817.013 0 
2 823.644 0.296616 0.0224768 0.692436 -0.86465 -0.303419 -0.425266 -7.26227 -815.956 0 
7 823.267 0.300163 0.0223876 0.690165 -0.866538 -0.311493 -1.17877 -6.25589 -815.832 0 
1 823.082 0.312218 0.0221599 0.680731 -0.877732 -0.31347 -2.77584 -4.77315 -815.534 0 
3 820.751 0.317278 0.0222734 0.674522 -0.836343 -0.332599 -0.654322 -4.08514 -816.011 0 
2 820.767 0.311085 0.0224319 0.68073 -0.852114 -0.31333 -0.783681 -4.39359 -815.589 0 
1 820.735 0.315348 0.0223039 0.673667 -0.822829 -0.307751 -0.310574 -3.92403 -816.501 0 
1 820.752 0.317721 0.0223154 0.671104 -0.825846 -0.283647 -0.101805 -3.81977 -816.831 0 
1 820.869 0.316317 0.0223576 0.675067 -0.838095 -0.308071 -0.821989 -3.96925 -816.078 0 
1 820.913 0.320195 0.0222796 0.670383 -0.822208 -0.31728 -0.215995 -3.84972 -816.847 0 
1 822.932 0.32565 0.0221135 0.666053 -0.831562 -0.314376 -1.41526 -4.50391 -817.013 0 
2 823.926 0.31559 0.0221146 0.677669 -0.857864 -0.350577 -3.70875 -4.69461 -815.523 0 
1 823.17 0.323222 0.0220834 0.668523 -0.835799 -0.320533 -2.30784 -4.31278 -816.55 0 
2 825.046 0.326103 0.0221784 0.665057 -0.818859 -0.330624 -3.25745 -4.33058 -817.458 0 
1 823.916 0.320973 0.0223412 0.673667 -0.853471 -0.340368 -3.25775 -4.89571 -815.762 0 
1 823.58 0.309591 0.0224624 0.683712 -0.855927 -0.360337 -2.91313 -5.12596 -815.54 0 
2 821.576 0.308289 0.0224355 0.683788 -0.846787 -0.357339 -0.915612 -5.11099 -815.549 0 
1 822.13 0.315177 0.0223529 0.678497 -0.836873 -0.374311 -1.9415 -4.49929 -815.689 0 
2 822.205 0.320641 0.0223373 0.672774 -0.832326 -0.357405 -1.72479 -4.32811 -816.152 0 
6 822.219 0.321907 0.0222696 0.672253 -0.839355 -0.353686 -1.60174 -4.55789 -816.06 0 
2 823.952 0.322551 0.0224069 0.669187 -0.80367 -0.362556 -2.69641 -3.84415 -817.412 0 
4 822.378 0.320379 0.0223369 0.671818 -0.818017 -0.367201 -1.77582 -4.07464 -816.527 0 
3 821.373 0.316162 0.0223612 0.675248 -0.812556 -0.383698 -0.885716 -4.21991 -816.268 0 
5 822.669 0.313699 0.0223799 0.676616 -0.815567 -0.372513 -2.17665 -4.38681 -816.106 0 
1 822.775 0.30796 0.0224085 0.682504 -0.825436 -0.38469 -1.70967 -5.41026 -815.655 0 
1 823.688 0.308188 0.0224664 0.682139 -0.804809 -0.41695 -2.02482 -5.77883 -815.884 0 
3 823.281 0.304169 0.0223404 0.688973 -0.845911 -0.419344 -0.748091 -6.72887 -815.804 0 
3 822 0.307161 0.0222201 0.684791 -0.845077 -0.404023 -0.479981 -5.89914 -815.62 0 
4 821.467 0.311026 0.0223728 0.680896 -0.812363 -0.419666 -0.466356 -5.18351 -815.817 0 
1 822.556 0.312847 0.0223926 0.675386 -0.785746 -0.388912 -0.825172 -4.73849 -816.992 0 
8 823.179 0.307971 0.02228 0.680365 -0.82184 -0.36631 -2.18366 -5.23941 -815.755 0 
6 822.045 0.312424 0.022381 0.677314 -0.806735 -0.383692 -1.20561 -4.62427 -816.215 0 
7 821.697 0.312191 0.0223063 0.676288 -0.805616 -0.367839 -0.779818 -4.56247 -816.355 0 
11 821.62 0.317814 0.0223331 0.671077 -0.78833 -0.364414 -0.0412171 -3.91943 -817.659 0 
2 823.796 0.319477 0.0223856 0.667942 -0.77408 -0.351864 -0.987985 -3.87198 -818.936 0 
1 825.202 0.316932 0.0223604 0.66936 -0.790736 -0.319765 -3.19039 -3.96597 -818.046 0 
1 823.602 0.317907 0.022249 0.670622 -0.810752 -0.336281 -2.84285 -3.84317 -816.916 0 
1 823.534 0.310508 0.0224342 0.675909 -0.803031 -0.321957 -2.05929 -4.73909 -816.735 0 
4 822.729 0.308711 0.0224216 0.67842 -0.815121 -0.323018 -1.66002 -4.89702 -816.172 0 
2 822.143 0.304529 0.0223797 0.682065 -0.832101 -0.294987 -0.911883 -5.47966 -815.752 0 
5 821.354 0.307566 0.0222751 0.684548 -0.895096 -0.268805 -0.791967 -4.79131 -815.77 0 
3 821.522 0.304604 0.0224715 0.686952 -0.876275 -0.291349 -0.712829 -5.11343 -815.695 0 
5 822.271 0.310397 0.0225195 0.680989 -0.87496 -0.255212 -2.44181 -4.27861 -815.55 0 
2 821.646 0.311742 0.0224346 0.678522 -0.874644 -0.23936 -1.88624 -4.16321 -815.597 0 
1 820.073 0.313481 0.0223309 0.675808 -0.852116 -0.265278 -0.206736 -4.00236 -815.864 0 
1 820.603 0.313398 0.0223714 0.674527 -0.840845 -0.255493 -0.43019 -3.95915 -816.214 0 
3 821.276 0.315109 0.0222808 0.672337 -0.840119 -0.250747 -0.975631 -3.89935 -816.401 0 
1 821.826 0.317531 0.022211 0.669989 -0.846363 -0.229829 -1.2712 -3.97662 -816.578 0 
1 821.266 0.318302 0.02238 0.669566 -0.829683 -0.23962 -0.0936346 -3.9337 -817.239 0 
12 821.454 0.317563 0.0223878 0.671858 -0.833609 -0.258586 -0.816403 -3.86697 -816.77 0 
8 821.106 0.31956 0.0223135 0.670642 -0.837232 -0.268868 -0.477399 -3.93068 -816.698 0 
3 825.367 0.325217 0.0224495 0.662601 -0.775796 -0.290615 -0.397514 -4.04638 -820.923 0 
3 826.621 0.324518 0.0225843 0.664508 -0.765025 -0.323273 -1.72945 -3.88556 -821.006 0 
2 827.452 0.330466 0.0225352 0.659864 -0.787305 -0.273262 -1.5937 -4.56996 -821.288 0 
6 824.381 0.320604 0.0225925 0.670161 -0.812774 -0.281348 -2.7642 -3.81534 -817.802 0 
2 824.898 0.319883 0.0226 0.670471 -0.81323 -0.271615 -3.21406 -3.85514 -817.829 0 
2 824.861 0.324026 0.0225068 0.664124 -0.789316 -0.268482 -0.683097 -4.09781 -820.08 0 
1 822.717 0.316261 0.0223046 0.67115 -0.816273 -0.274763 -1.57374 -3.92477 -817.219 0 
4 823.557 0.318688 0.0222419 0.667719 -0.7966 -0.299299 -1.46496 -3.86353 -818.228 0 
2 824.158 0.327468 0.0222663 0.661762 -0.781265 -0.327794 -0.241728 -3.82396 -820.093 0 
1 823.347 0.325772 0.0223336 0.66401 -0.788077 -0.331241 -0.343269 -3.75109 -819.252 0 
7 823.386 0.327206 0.0221809 0.664615 -0.807685 -0.338331 -1.17396 -4.12512 -818.087 0 
6 821.803 0.321351 0.0222682 0.669419 -0.812677 -0.330459 -0.774924 -3.78844 -817.239 0 
7 821.553 0.320535 0.0223034 0.669395 -0.79326 -0.364317 -0.112945 -3.7348 -817.705 0 
4 822.482 0.319212 0.0223415 0.670946 -0.781512 -0.38847 -0.736759 -3.87181 -817.873 0 
3 824.977 0.306236 0.022346 0.685058 -0.816781 -0.412741 -3.15526 -6.14312 -815.679 0 
1 820.992 0.310562 0.0222692 0.680663 -0.829149 -0.384299 -0.390648 -4.94637 -815.655 0 
2 820.482 0.315496 0.0222494 0.674624 -0.828058 -0.336217 -0.314805 -4.05989 -816.108 0 
4 821.667 0.319497 0.0223055 0.670016 -0.793071 -0.356679 -0.202499 -3.76639 -817.698 0 
1 822.716 0.322231 0.0223101 0.667466 -0.796254 -0.347044 -1.03229 -3.70051 -817.983 0 
3 822.34 0.324518 0.0223579 0.666802 -0.803565 -0.331304 -0.435937 -3.82229 -818.082 0 
2 821.644 0.319313 0.0223706 0.670417 -0.79476 -0.347727 -0.172646 -3.76534 -817.706 0 
1 823.415 0.303935 0.0223252 0.684656 -0.818265 -0.372581 -1.30557 -6.40406 -815.705 0 
4 822.902 0.306026 0.0222747 0.681698 -0.808979 -0.377873 -1.03432 -5.97978 -815.888 0 
4 821.315 0.309029 0.0222601 0.679758 -0.823544 -0.357312 -0.571446 -4.95119 -815.792 0 
4 821.211 0.309559 0.0222099 0.679157 -0.845379 -0.312539 -1.06668 -4.51033 -815.634 0 
3 821.428 0.312471 0.0221823 0.67605 -0.833536 -0.317467 -1.30647 -4.19846 -815.923 0 
4 820.945 0.309395 0.0222289 0.679566 -0.845532 -0.314822 -0.775222 -4.54716 -815.623 0 
1 823.615 0.30205 0.022291 0.685019 -0.842681 -0.318306 -1.95545 -6.06502 -815.594 0 
1 823.731 0.30014 0.0225167 0.687799 -0.826042 -0.34325 -0.841273 -7.23951 -815.65 0 
1 825.433 0.298177 0.0225066 0.688339 -0.8146 -0.349108 -1.26739 -8.44517 -815.72 0 
4 825.802 0.304173 0.0226374 0.682844 -0.780906 -0.37932 -1.77787 -7.42804 -816.596 0 
2 825.048 0.303436 0.0225402 0.683277 -0.784262 -0.381329 -1.02244 -7.61273 -816.413 0 
1 824.888 0.31252 0.0224332 0.677483 -0.794364 -0.375914 -3.47036 -4.69149 -816.726 0 
2 826.44 0.309996 0.0225038 0.679951 -0.795264 -0.374548 -4.69859 -5.23022 -816.511 0 
6 823.335 0.319637 0.0224192 0.670406 -0.775897 -0.380387 -1.10576 -3.851 -818.378 0 
4 824.004 0.326476 0.0223259 0.6634 -0.761669 -0.384693 -0.103718 -3.55946 -820.34 0 
1 827.483 0.33453 0.0221533 0.6584 -0.790227 -0.367944 -2.72465 -4.94094 -819.817 0 
3 824.8 0.330181 0.0222844 0.661131 -0.76381 -0.388158 -0.365236 -3.70065 -820.734 0 
7 825.151 0.330794 0.0221892 0.660271 -0.772125 -0.381736 -0.965017 -3.88708 -820.299 0 
5 824.657 0.328213 0.0221255 0.662251 -0.769327 -0.402426 -1.30186 -3.6628 -819.692 0 
2 822.651 0.322291 0.0221715 0.668168 -0.781643 -0.408679 -0.937753 -3.75938 -817.953 0 
7 822.642 0.315606 0.0223278 0.672597 -0.772982 -0.406246 -0.489029 -4.45276 -817.7 0 
1 823.089 0.315889 0.0223997 0.671648 -0.776267 -0.371403 -0.781142 -4.28792 -818.02 0 
4 823.885 0.317208 0.0224062 0.670776 -0.75648 -0.41557 -0.69548 -4.42335 -818.766 0 
3 823.976 0.30692 0.0222882 0.682915 -0.809684 -0.404504 -2.22108 -5.95269 -815.803 0 
1 824.413 0.307352 0.0223477 0.679937 -0.783614 -0.39665 -1.54169 -6.30094 -816.571 0 
3 826.294 0.304306 0.0223154 0.680609 -0.787356 -0.375865 -2.80583 -7.08628 -816.402 0 
3 825.083 0.30426 0.0224229 0.682148 -0.777239 -0.410916 -0.95858 -7.63696 -816.488 0 
1 822.84 0.303617 0.0224535 0.685471 -0.810387 -0.388021 -0.296213 -6.77755 -815.767 0 
1 821.96 0.310254 0.0221994 0.678861 -0.820829 -0.37865 -1.24116 -4.92319 -815.795 0 
1 822.818 0.309703 0.0222518 0.678384 -0.796961 -0.404123 -1.2284 -5.3755 -816.214 0 
2 822.961 0.313294 0.0223195 0.675456 -0.809361 -0.36382 -2.26457 -4.36091 -816.336 0 
4 821.897 0.31772 0.0222378 0.673801 -0.828307 -0.366099 -1.60869 -4.26215 -816.026 0 
5 821.103 0.311877 0.0222358 0.679403 -0.828615 -0.394148 -0.540645 -4.90119 -815.661 0 
1 821.323 0.311006 0.02221 0.681484 -0.848309 -0.384299 -0.642868 -5.15014 -815.53 0 
5 821.524 0.312785 0.0222033 0.678021 -0.815366 -0.413975 -0.797927 -4.88641 -815.84 0 
2 822.574 0.31834 0.022217 0.671852 -0.79193 -0.415957 -1.51331 -4.13181 -816.929 0 
6 821.722 0.315427 0.0222048 0.67564 -0.793278 -0.450046 -0.616519 -4.75289 -816.352 0 
2 822.931 0.319239 0.0220831 0.672094 -0.787843 -0.460626 -1.77701 -4.41347 -816.741 0 
1 822.189 0.320002 0.0221062 0.67192 -0.80781 -0.419331 -1.47618 -4.3035 -816.409 0 
2 822.204 0.317092 0.022274 0.676761 -0.805055 -0.461839 -1.30765 -4.87425 -816.022 0 
1 822.867 0.309153 0.0223804 0.683631 -0.801672 -0.477335 -0.815254 -6.27024 -815.781 0 
6 822.111 0.31207 0.0222518 0.680309 -0.801289 -0.480401 -0.545421 -5.72782 -815.838 0 
2 822.552 0.320342 0.0221696 0.672995 -0.795208 -0.475987 -1.42096 -4.71497 -816.416 0 
3 822.989 0.318754 0.022173 0.676166 -0.820757 -0.462821 -1.98948 -5.26056 -815.738 0 
2 824.662 0.324047 0.0223229 0.670906 -0.787364 -0.480599 -3.12647 -4.55238 -816.983 0 
5 824.177 0.318327 0.0223452 0.677325 -0.829479 -0.437671 -3.32656 -5.18082 -815.669 0 
15 823.855 0.312099 0.0222864 0.683482 -0.842415 -0.454317 -2.21907 -6.05864 -815.577 0 
4 823.626 0.310513 0.0222688 0.684016 -0.838731 -0.461089 -1.7047 -6.30274 -815.619 0 
1 823.864 0.308663 0.0223305 0.685829 -0.83256 -0.472294 -1.56436 -6.62811 -815.671 0 
15 823.965 0.313528 0.0223069 0.681134 -0.807259 -0.511262 -2.13352 -6.12752 -815.703 0 
2 824.707 0.316915 0.022219 0.677657 -0.824238 -0.469561 -3.45335 -5.63138 -815.622 0 
6 823.003 0.314299 0.0223163 0.679222 -0.791438 -0.508255 -1.32318 -5.67373 -816.006 0 
1 824.909 0.319925 0.022397 0.67321 -0.776358 -0.48385 -3.35138 -4.49186 -817.066 0 
5 823.315 0.317913 0.022408 0.674764 -0.763525 -0.497463 -1.25334 -4.72187 -817.34 0 
3 823.38 0.315522 0.0223747 0.677225 -0.774286 -0.490627 -1.58884 -5.06389 -816.727 0 
3 823.421 0.320406 0.0224129 0.671814 -0.760748 -0.477856 -1.22173 -4.21102 -817.989 0 
15 822.859 0.321017 0.0222699 0.670934 -0.776494 -0.463649 -1.28572 -4.18804 -817.386 0 
8 823.053 0.318514 0.0223563 0.675827 -0.81314 -0.438106 -2.33315 -4.70105 -816.019 0 
1 822.461 0.319979 0.022227 0.67414 -0.825342 -0.418201 -1.76965 -4.78973 -815.901 0 
3 822.751 0.310464 0.0223982 0.683053 -0.825571 -0.436566 -1.52658 -5.62169 -815.603 0 
9 822.263 0.309434 0.0224241 0.681978 -0.804391 -0.435403 -0.717731 -5.68376 -815.861 0 
1 826.356 0.304872 0.0224572 0.684247 -0.794749 -0.44002 -3.34489 -7.10926 -815.902 0 
1 826.403 0.303066 0.0226137 0.686793 -0.784655 -0.451327 -2.23769 -8.15136 -816.014 0 
4 824.763 0.299819 0.0224356 0.690705 -0.823527 -0.429201 -0.654014 -8.32063 -815.789 0 
1 822.155 0.313538 0.022341 0.680143 -0.816095 -0.447813 -1.20757 -5.22258 -815.725 0 
8 823.047 0.320425 0.0222693 0.673427 -0.81498 -0.428435 -2.27222 -4.63779 -816.137 0 
1 822.607 0.315781 0.0222353 0.678558 -0.826678 -0.45072 -1.63528 -5.35529 -815.616 0 
3 822.622 0.313246 0.0221584 0.680964 -0.853945 -0.412699 -1.47662 -5.619 -815.527 0 
1 822.584 0.307413 0.0222512 0.686231 -0.858018 -0.404821 -0.78075 -6.05641 -815.747 0 
4 823.74 0.31108 0.0222009 0.679412 -0.855705 -0.338983 -3.454 -4.76074 -815.526 0 
2 822.189 0.31651 0.0221987 0.674161 -0.831678 -0.355037 -1.99889 -4.24531 -815.944 0 
1 821.514 0.318681 0.0223573 0.673499 -0.805011 -0.389163 -0.823669 -4.01004 -816.68 0 
3 822.936 0.318219 0.0223666 0.674082 -0.789398 -0.422305 -1.83588 -4.13638 -816.963 0 
1 823.099 0.319722 0.022449 0.672985 -0.782981 -0.43486 -1.75458 -4.07767 -817.267 0 
2 822.579 0.312684 0.0224372 0.679481 -0.791673 -0.447582 -1.17111 -5.15174 -816.256 0 
5 822.272 0.318301 0.0223095 0.674503 -0.802473 -0.437186 -1.46419 -4.47757 -816.33 0 
2 822.303 0.318866 0.0221107 0.674404 -0.821685 -0.430603 -1.62545 -4.80919 -815.868 0 
6 822.61 0.320337 0.0221502 0.673687 -0.823469 -0.431356 -1.80044 -4.91991 -815.89 0 
2 821.916 0.3131 0.022179 0.679836 -0.825309 -0.442253 -0.944148 -5.35891 -815.613 0 
2 823.398 0.310274 0.0223015 0.681796 -0.813864 -0.457454 -1.85539 -5.86212 -815.68 0 
1 822.65 0.308255 0.0222194 0.682824 -0.807548 -0.46618 -0.57895 -6.35187 -815.719 0 
1 823.768 0.314765 0.0221244 0.6797 -0.834205 -0.449394 -2.70475 -5.51817 -815.545 0 
1 822.431 0.318695 0.0221942 0.675603 -0.827278 -0.432554 -1.66823 -5.02528 -815.738 0 
2 822.276 0.31946 0.0223453 0.673567 -0.79724 -0.435571 -1.36402 -4.29642 -816.616 0 
6 822.304 0.320379 0.0222138 0.673895 -0.819757 -0.425436 -1.60873 -4.67549 -816.02 0 
15 822.195 0.313422 0.0222888 0.680658 -0.830525 -0.436893 -1.25774 -5.36001 -815.577 0 
1 822.357 0.31747 0.0222331 0.675127 -0.811483 -0.434344 -1.6502 -4.67598 -816.031 0 
3 822.367 0.316619 0.0222325 0.677209 -0.805185 -0.471037 -1.37995 -5.0379 -815.949 0 
3 822.779 0.317643 0.0221581 0.676122 -0.805478 -0.474126 -1.79733 -5.01148 -815.971 0 
3 822.777 0.310088 0.0221169 0.681824 -0.826712 -0.444637 -1.37606 -5.80515 -815.596 0 
1 821.912 0.313357 0.0222035 0.67717 -0.792159 -0.451323 -0.583505 -5.07409 -816.255 0 
2 823.263 0.310559 0.0221893 0.678559 -0.785266 -0.459904 -1.2293 -5.77647 -816.257 0 
3 821.432 0.311209 0.0223238 0.67918 -0.81101 -0.403978 -0.515954 -4.99666 -815.919 0 
7 823.205 0.307898 0.0222682 0.682822 -0.845169 -0.374351 -2.24879 -5.39645 -815.56 0 
1 824.867 0.316846 0.0220426 0.675469 -0.862422 -0.355935 -4.22782 -5.14176 -815.497 0 
1 824.281 0.316055 0.0219956 0.677241 -0.879003 -0.34675 -3.2341 -5.54633 -815.501 0 
2 824.435 0.317423 0.0221449 0.677164 -0.869677 -0.370872 -3.27264 -5.69327 -815.469 0 
1 823.348 0.317351 0.0221654 0.677252 -0.861906 -0.380836 -2.39056 -5.4827 -815.474 0 
3 822.583 0.316903 0.0221811 0.676714 -0.861817 -0.356155 -2.00331 -5.07962 -815.5 0 
2 822.628 0.309326 0.0222542 0.684279 -0.882385 -0.34481 -1.32974 -5.52336 -815.775 0 
1 822.514 0.310734 0.0221865 0.683249 -0.901444 -0.305772 -1.16255 -5.47061 -815.88 0 
3 822.727 0.306334 0.0223899 0.687282 -0.869049 -0.364285 -1.17456 -5.75822 -815.794 0 
14 823.004 0.310407 0.0224357 0.68094 -0.838538 -0.356526 -2.61742 -4.77496 -815.611 0 
1 822.106 0.311417 0.0223823 0.680009 -0.841025 -0.353604 -1.83935 -4.65783 -815.609 0 
4 822.587 0.305891 0.0224421 0.685606 -0.845249 -0.366943 -1.36606 -5.63674 -815.584 0 
1 822.036 0.305495 0.0223289 0.687597 -0.879225 -0.339581 -0.480438 -5.64408 -815.912 0 
4 821.779 0.316866 0.0222113 0.676202 -0.859262 -0.340469 -1.45484 -4.77167 -815.552 0 
2 823.37 0.322272 0.0221974 0.673127 -0.847215 -0.377313 -2.46411 -5.15539 -815.75 0 
1 821.442 0.315943 0.0222167 0.677309 -0.841572 -0.377576 -1.17409 -4.63886 -815.629 0 
2 820.673 0.310475 0.0222691 0.681198 -0.855235 -0.343532 -0.347657 -4.79919 -815.526 0 
1 821.275 0.315522 0.0222893 0.67751 -0.85074 -0.337139 -1.24739 -4.398 -815.63 0 
4 820.994 0.313483 0.0223329 0.679019 -0.829941 -0.382765 -0.672752 -4.60151 -815.72 0 
2 821.239 0.316536 0.0223619 0.67606 -0.817143 -0.390972 -0.84063 -4.29858 -816.1 0 
3 821.429 0.319078 0.0223202 0.673218 -0.800485 -0.409948 -0.630608 -4.10366 -816.694 0 
1 821.427 0.320434 0.0222855 0.671682 -0.80272 -0.400132 -0.587492 -4.02314 -816.816 0 
5 821.756 0.317052 0.0222354 0.675558 -0.814225 -0.409808 -1.2761 -4.39254 -816.087 0 
3 821.925 0.319333 0.0222834 0.672287 -0.785776 -0.426876 -0.681029 -4.05902 -817.185 0 
2 823.831 0.318881 0.0224784 0.670822 -0.756726 -0.416679 -0.703357 -4.16875 -818.959 0 
1 824.835 0.315913 0.0224948 0.675234 -0.768253 -0.434111 -2.60698 -4.59257 -817.636 0 
1 825.508 0.325009 0.0224558 0.664952 -0.746649 -0.41633 -1.23433 -3.58997 -820.684 0 
1 825.325 0.317933 0.0223082 0.673043 -0.762024 -0.458892 -3.02309 -4.41766 -817.884 0 
1 826.807 0.320313 0.0221249 0.671756 -0.779289 -0.459304 -5.4208 -4.15852 -817.228 0 
3 824.138 0.316182 0.0222437 0.674863 -0.781862 -0.441619 -2.71454 -4.5056 -816.918 0 
3 827.451 0.307975 0.022182 0.682462 -0.798952 -0.449567 -5.34999 -6.22718 -815.874 0 
1 824.422 0.315924 0.0222591 0.671887 -0.747376 -0.465875 -1.00048 -4.99293 -818.428 0 
4 823.231 0.309126 0.0223008 0.680743 -0.77182 -0.496184 -0.158799 -6.69941 -816.373 0 
6 822.582 0.311732 0.0221733 0.679241 -0.793187 -0.474598 -0.910976 -5.65263 -816.019 0 
7 823.04 0.311003 0.0222564 0.680792 -0.787086 -0.492711 -0.955804 -6.02961 -816.055 0 
1 823.054 0.312913 0.0223051 0.676835 -0.762858 -0.490433 -0.369755 -5.68139 -817.003 0 
2 823.524 0.309198 0.0223513 0.680767 -0.776425 -0.484809 -0.726686 -6.49386 -816.304 0 
1 824.031 0.308772 0.0223568 0.681029 -0.792383 -0.451389 -1.91068 -6.08984 -816.03 0 
2 823.716 0.313923 0.022437 0.675864 -0.793591 -0.399133 -2.53231 -4.53197 -816.652 0 
3 822.988 0.320033 0.0224086 0.672517 -0.802496 -0.399571 -2.15016 -4.04145 -816.796 0 
2 824.21 0.320297 0.0224217 0.674854 -0.819585 -0.404541 -3.65528 -4.39312 -816.162 0 
1 825.837 0.322534 0.0224607 0.673052 -0.807095 -0.417917 -4.93832 -4.25267 -816.646 0 
4 824.803 0.320739 0.0224496 0.674741 -0.828554 -0.385612 -4.28164 -4.45784 -816.063 0 
2 824.12 0.31072 0.0225714 0.682449 -0.818962 -0.399018 -3.32399 -5.03053 -815.765 0 
4 821.864 0.305849 0.0224366 0.685574 -0.83253 -0.382604 -0.448185 -5.81812 -815.598 0 
3 823.36 0.302101 0.0223834 0.690143 -0.841995 -0.418239 -0.258323 -7.25146 -815.85 0 
2 823.68 0.303137 0.0224047 0.690242 -0.857698 -0.401597 -0.918072 -6.78572 -815.976 0 
1 821.724 0.312291 0.0223205 0.678938 -0.817175 -0.406271 -1.01698 -4.88797 -815.819 0 
3 821.991 0.30803 0.0222733 0.684218 -0.826889 -0.433445 -0.386741 -5.99564 -815.609 0 
11 821.868 0.308828 0.0222943 0.683962 -0.840891 -0.412115 -0.583513 -5.7073 -815.577 0 
3 822.535 0.306685 0.0222102 0.686005 -0.849054 -0.416192 -0.605045 -6.21929 -815.711 0 
7 821.418 0.308972 0.0222149 0.681753 -0.83919 -0.378998 -0.642982 -5.21083 -815.564 0 
2 821.009 0.311183 0.022288 0.680425 -0.842308 -0.367401 -0.606759 -4.83655 -815.566 0 
1 822.824 0.320228 0.0220707 0.672983 -0.844959 -0.364324 -2.34101 -4.70967 -815.773 0 
1 822.999 0.322468 0.0220748 0.670175 -0.836433 -0.35009 -2.32486 -4.4658 -816.209 0 
1 821.665 0.316182 0.0222222 0.67708 -0.85026 -0.351267 -1.52271 -4.53623 -815.606 0 
3 821.566 0.322352 0.0222858 0.669383 -0.811551 -0.357038 -0.565675 -3.92069 -817.079 0 
2 822.032 0.320649 0.0223899 0.67058 -0.792311 -0.384214 -0.727817 -3.79667 -817.508 0 
3 825.193 0.324763 0.0221775 0.666388 -0.811278 -0.360358 -3.74884 -4.13888 -817.305 0 
1 821.718 0.31851 0.0221658 0.674232 -0.836321 -0.365896 -1.46635 -4.38119 -815.871 0 
1 822.596 0.323001 0.0222277 0.669973 -0.825138 -0.368506 -1.73009 -4.39866 -816.467 0 
2 823.154 0.32421 0.0222358 0.668747 -0.811575 -0.389746 -1.97473 -4.2829 -816.897 0 
1 823.368 0.324806 0.0222427 0.669825 -0.828464 -0.381379 -2.18902 -4.80043 -816.378 0 
1 822.921 0.325553 0.0222889 0.667935 -0.80246 -0.394824 -1.38901 -4.13355 -817.399 0 
3 822.02 0.321797 0.0221956 0.671646 -0.815441 -0.405799 -1.27646 -4.35492 -816.389 0 
2 823.541 0.322996 0.0222669 0.671476 -0.810784 -0.411071 -2.64356 -4.29086 -816.607 0 
1 823.648 0.318749 0.0222957 0.675982 -0.81803 -0.426818 -3.08643 -4.59093 -815.971 0 
2 824.578 0.325782 0.0222663 0.669619 -0.802671 -0.433721 -3.1535 -4.46121 -816.963 0 
2 824.005 0.325349 0.022271 0.669056 -0.793445 -0.450732 -2.43694 -4.41614 -817.152 0 
1 823.263 0.324973 0.0221414 0.669172 -0.799241 -0.452353 -1.84707 -4.57395 -816.842 0 
7 822.699 0.32157 0.0221654 0.671877 -0.811924 -0.433524 -1.80545 -4.62528 -816.268 0 
1 824.391 0.321029 0.0220305 0.669931 -0.811035 -0.406399 -3.6159 -4.29334 -816.482 0 
1 823.497 0.320903 0.0220829 0.670311 -0.812797 -0.39921 -2.76788 -4.25824 -816.471 0 
4 822.521 0.31832 0.0221026 0.671613 -0.810045 -0.383099 -1.9404 -4.06667 -816.514 0 
1 822.827 0.316022 0.0221941 0.672649 -0.807493 -0.365533 -2.16407 -4.07401 -816.589 0 
1 822.215 0.32076 0.0221416 0.669399 -0.800173 -0.382056 -1.19739 -3.86025 -817.157 0 
1 824.015 0.320013 0.0222413 0.670239 -0.771579 -0.420469 -1.99716 -3.92056 -818.098 0 
1 825.728 0.326652 0.0220659 0.662498 -0.773633 -0.389048 -2.7139 -3.6366 -819.378 0 
5 823.7 0.322342 0.0221392 0.667467 -0.779679 -0.398604 -1.78027 -3.69966 -818.22 0 
1 823.883 0.325778 0.0221944 0.664128 -0.767812 -0.395149 -0.754608 -3.57268 -819.556 0 
3 825.553 0.320717 0.0222252 0.670527 -0.784483 -0.40548 -4.08052 -3.81714 -817.655 0 
1 825.648 0.30822 0.0222338 0.68139 -0.814427 -0.383851 -4.41175 -5.40729 -815.829 0 
2 823.186 0.310086 0.0223038 0.680565 -0.811941 -0.394861 -2.17812 -5.10973 -815.898 0 
1 820.842 0.316795 0.0223154 0.67352 -0.804917 -0.372878 -0.125864 -4.03324 -816.683 0 
1 823.085 0.30904 0.022326 0.683797 -0.844708 -0.37591 -2.36931 -5.16704 -815.548 0 
6 821.759 0.312674 0.0224042 0.680636 -0.836989 -0.383366 -1.36447 -4.79224 -815.602 0 
1 823.056 0.313317 0.0224689 0.6806 -0.826285 -0.406171 -2.5196 -4.84505 -815.692 0 
7 823.512 0.3211 0.0223424 0.674127 -0.818468 -0.422333 -2.78292 -4.61078 -816.118 0 
6 823.155 0.322972 0.0223446 0.67138 -0.808472 -0.412535 -2.17738 -4.29683 -816.681 0 
2 823.687 0.317586 0.0224401 0.676978 -0.818089 -0.409103 -3.23947 -4.43187 -816.016 0 
3 823.665 0.325779 0.0222441 0.66874 -0.820426 -0.390407 -2.27896 -4.71517 -816.671 0 
4 824.172 0.326332 0.0222479 0.66817 -0.828132 -0.3695 -2.6516 -4.89352 -816.627 0 
1 822.5 0.322565 0.0221656 0.671278 -0.839314 -0.356829 -1.78588 -4.63487 -816.079 0 
1 821.187 0.316881 0.0222387 0.675666 -0.838242 -0.354423 -1.07458 -4.29596 -815.817 0 
4 821.167 0.319894 0.0221965 0.672155 -0.836841 -0.341363 -0.816033 -4.25857 -816.093 0 
2 821.684 0.308407 0.0221833 0.681365 -0.838438 -0.363591 -0.993087 -5.11151 -815.579 0 
1 822.054 0.313067 0.0221601 0.676795 -0.81178 -0.393344 -1.40942 -4.60152 -816.043 0 
4 822.042 0.318469 0.0223592 0.670588 -0.779004 -0.3834 -0.105871 -3.93629 -818 0 
2 822.177 0.317754 0.0222584 0.671913 -0.801074 -0.35672 -1.19109 -3.87882 -817.107 0 
5 822.007 0.320456 0.0223191 0.669169 -0.801358 -0.327603 -0.531302 -3.71837 -817.757 0 
4 823.922 0.309409 0.0224424 0.677214 -0.793454 -0.330259 -1.64195 -5.31605 -816.964 0 
3 823.492 0.314167 0.0224132 0.671133 -0.792342 -0.289976 -0.988056 -4.4517 -818.053 0 
1 826.234 0.321509 0.0223434 0.665241 -0.799365 -0.28317 -3.71596 -3.81977 -818.698 0 
3 826.372 0.3176 0.0223481 0.668992 -0.831266 -0.24081 -5.39301 -3.90091 -817.078 0 
2 825.843 0.31035 0.0221941 0.677222 -0.87046 -0.248114 -6.04895 -4.21032 -815.584 0 
1 825.699 0.308929 0.0220073 0.680252 -0.888005 -0.277313 -5.28891 -4.7678 -815.642 0 
1 824.623 0.315349 0.0219485 0.676105 -0.880023 -0.307917 -4.15835 -4.96513 -815.499 0 
4 823.496 0.307573 0.0221214 0.685846 -0.908139 -0.310765 -1.38673 -5.78772 -816.321 0 
4 824.592 0.309169 0.0220572 0.684747 -0.921884 -0.289701 -2.1972 -5.93692 -816.458 0 
3 822.188 0.311085 0.0221194 0.68105 -0.911438 -0.248153 -1.33242 -5.04453 -815.811 0 
1 821.166 0.310844 0.0221885 0.681063 -0.900384 -0.25164 -0.788888 -4.71392 -815.664 0 
1 822.45 0.303437 0.0221788 0.687322 -0.912013 -0.248898 -0.939694 -5.16892 -816.341 0 
1 822.426 0.311248 0.0220814 0.678702 -0.891912 -0.249174 -2.33172 -4.52132 -815.573 0 
5 822.116 0.308954 0.0221399 0.679166 -0.878948 -0.23946 -2.28235 -4.27526 -815.558 0 
1 821.424 0.317203 0.0221812 0.671668 -0.850434 -0.260781 -1.28077 -3.99795 -816.145 0 
4 820.935 0.312371 0.0222117 0.678729 -0.884407 -0.249918 -1.04812 -4.34299 -815.544 0 
3 822.134 0.307081 0.0222251 0.684589 -0.882308 -0.296067 -1.53294 -4.90878 -815.692 0 
4 822.065 0.311326 0.0222597 0.678833 -0.858478 -0.277633 -2.25929 -4.17584 -815.629 0 
1 822.075 0.315793 0.0220991 0.673302 -0.85984 -0.262343 -2.16686 -4.07803 -815.831 0 
3 821.495 0.318893 0.0221667 0.670413 -0.850108 -0.25949 -1.1376 -4.0758 -816.282 0 
2 821.391 0.309035 0.022384 0.67801 -0.833515 -0.279968 -0.930428 -4.48028 -815.98 0 
7 821.347 0.306074 0.0223363 0.682229 -0.851945 -0.293439 -0.893492 -4.88071 -815.573 0 
1 820.893 0.307071 0.0223212 0.681269 -0.859107 -0.27342 -0.746412 -4.57717 -815.57 0 
1 822.435 0.307189 0.0221585 0.680525 -0.880701 -0.227681 -2.52703 -4.33538 -815.573 0 
4 822.244 0.306828 0.0221353 0.682387 -0.902447 -0.225491 -1.91296 -4.55859 -815.772 0 
3 823.121 0.307728 0.0221197 0.681448 -0.89076 -0.255469 -2.83402 -4.62591 -815.661 0 
4 822.796 0.316876 0.0221251 0.672016 -0.869149 -0.236961 -2.70574 -4.24623 -815.844 0 
3 821.165 0.312162 0.0222812 0.676203 -0.854924 -0.261468 -1.33299 -4.0587 -815.774 0 
9 821.911 0.313258 0.0222042 0.676607 -0.860598 -0.291525 -2.03182 -4.2733 -815.606 0 
2 821.379 0.304417 0.0222779 0.686622 -0.877108 -0.312964 -0.176613 -5.40159 -815.8 0 
1 823.161 0.30184 0.0222813 0.691123 -0.896961 -0.3256 -0.300956 -6.23631 -816.623 0 
1 822.118 0.305817 0.0222597 0.686882 -0.888116 -0.31341 -0.820474 -5.35858 -815.939 0 
2 823.866 0.302375 0.0224352 0.688437 -0.880174 -0.298753 -2.35401 -5.60836 -815.904 0 
4 823.434 0.309909 0.0224284 0.681393 -0.872334 -0.28574 -3.37053 -4.52995 -815.533 0 
6 820.557 0.312375 0.0222637 0.67873 -0.8914 -0.238993 -0.539002 -4.46161 -815.556 0 
1 821.843 0.315024 0.0222147 0.677915 -0.903009 -0.247506 -1.17192 -5.09432 -815.577 0 
2 820.962 0.313313 0.0222232 0.678837 -0.88814 -0.259353 -0.887039 -4.53776 -815.537 0 
3 821.519 0.314489 0.0221372 0.676322 -0.874766 -0.264953 -1.63408 -4.30995 -815.575 0 
2 822.861 0.314003 0.0220745 0.676845 -0.873664 -0.279913 -2.94612 -4.37321 -815.541 0 
2 821.232 0.318588 0.0222037 0.670541 -0.835656 -0.279065 -0.773787 -3.88892 -816.569 0 
4 820.866 0.317535 0.0222425 0.671333 -0.8361 -0.274596 -0.486488 -3.86997 -816.509 0 
1 820.058 0.314795 0.0222902 0.675242 -0.848608 -0.281644 -0.153831 -3.99728 -815.907 0 
2 821.502 0.319762 0.0223436 0.669854 -0.828846 -0.283208 -0.726353 -3.87333 -816.902 0 
5 821.114 0.306944 0.0224991 0.683448 -0.846995 -0.310874 -0.651647 -4.87874 -815.584 0 
1 822.278 0.30908 0.0224388 0.677902 -0.845953 -0.248291 -2.10367 -4.28618 -815.888 0 
1 822.062 0.310879 0.0223052 0.675128 -0.860105 -0.203301 -2.05622 -4.06174 -815.944 0 
4 824.506 0.31833 0.0221009 0.668184 -0.856122 -0.195555 -3.65152 -4.21198 -816.643 0 
1 823.625 0.312078 0.0220921 0.675377 -0.879577 -0.202739 -3.86589 -4.08231 -815.676 0 
1 822.4 0.314126 0.022208 0.674387 -0.879985 -0.187071 -2.44521 -4.14468 -815.81 0 
2 821.533 0.317001 0.022218 0.672297 -0.864695 -0.22 -1.35446 -4.11689 -816.062 0 
2 821.103 0.311337 0.0223126 0.675779 -0.870119 -0.18573 -1.16252 -4.07032 -815.87 0 
1 823.559 0.315732 0.0222281 0.669578 -0.864397 -0.15903 -2.7615 -4.29156 -816.506 0 
2 823.94 0.306833 0.0222099 0.678931 -0.891641 -0.171881 -4.1114 -4.20934 -815.62 0 
3 824.563 0.309292 0.0223308 0.676342 -0.868332 -0.192843 -4.6727 -4.11103 -815.779 0 
1 824.251 0.303941 0.0223712 0.681766 -0.868564 -0.216372 -3.93854 -4.71887 -815.593 0 
1 822.796 0.303914 0.022379 0.683232 -0.875195 -0.228359 -2.48632 -4.72106 -815.589 0 
2 822.851 0.307755 0.0222877 0.678596 -0.884951 -0.182261 -3.06117 -4.17012 -815.619 0 
4 821.874 0.306256 0.0223324 0.681052 -0.89273 -0.185359 -1.98129 -4.27342 -815.62 0 
1 822.048 0.305243 0.0223662 0.683124 -0.888053 -0.219923 -1.91485 -4.49941 -815.634 0 
2 820.405 0.313589 0.0223238 0.675816 -0.868302 -0.235961 -0.605768 -4.07007 -815.729 0 
1 820.595 0.314723 0.022334 0.674201 -0.843611 -0.270416 -0.557942 -3.93358 -816.104 0 
1 820.198 0.311377 0.0224196 0.677533 -0.840131 -0.279782 -0.108623 -4.14808 -815.941 0 
1 820.196 0.307559 0.0224031 0.68187 -0.859883 -0.268845 -0.130797 -4.48862 -815.577 0 
1 821.056 0.320077 0.0223821 0.670965 -0.83799 -0.280338 -0.469358 -3.9907 -816.596 0 
1 820.29 0.315176 0.0222716 0.674169 -0.857436 -0.253111 -0.376136 -4.00815 -815.906 0 
1 821.245 0.31338 0.0222995 0.676013 -0.859146 -0.265796 -1.43338 -4.08422 -815.727 0 
3 822.749 0.309591 0.0223872 0.677199 -0.830667 -0.283344 -2.26639 -4.42137 -816.061 0 
1 821.977 0.313935 0.0223778 0.673294 -0.820275 -0.285927 -1.27352 -4.00841 -816.695 0 
2 821.703 0.319053 0.0223254 0.669325 -0.80667 -0.300682 -0.247952 -3.77928 -817.676 0 
13 822.343 0.321163 0.0222584 0.667384 -0.809652 -0.292318 -0.674455 -3.7838 -817.885 0 
4 825.4 0.320104 0.0222644 0.670016 -0.808269 -0.321535 -4.22685 -3.73946 -817.433 0 
3 824.369 0.31433 0.0223076 0.675235 -0.815869 -0.325976 -3.78574 -4.07676 -816.507 0 
5 822.27 0.320943 0.0224158 0.670361 -0.809014 -0.328381 -1.12269 -3.74621 -817.401 0 
2 822.128 0.32295 0.0223932 0.668216 -0.810194 -0.31593 -0.583509 -3.80787 -817.737 0 
2 821.648 0.321423 0.0224107 0.670043 -0.825212 -0.300488 -0.716597 -3.90516 -817.026 0 
4 820.566 0.316075 0.0224037 0.673804 -0.826677 -0.29797 -0.183457 -3.87249 -816.51 0 
4 823.096 0.318836 0.0223941 0.668624 -0.827403 -0.24251 -1.80368 -3.92317 -817.369 0 
1 820.558 0.312603 0.0224327 0.674774 -0.84594 -0.223521 -0.26227 -4.02512 -816.27 0 
2 822.958 0.317027 0.0224532 0.668476 -0.82275 -0.2061 -0.799768 -4.24154 -817.916 0 
4 822.862 0.311829 0.0224331 0.673547 -0.826229 -0.223217 -1.52643 -4.39451 -816.941 0 
1 822.272 0.313124 0.0222398 0.674696 -0.860323 -0.217017 -2.31557 -3.98981 -815.966 0 
4 822.257 0.313957 0.0222707 0.673588 -0.865583 -0.189712 -2.11512 -4.06196 -816.08 0 
6 821.274 0.312928 0.0223654 0.673492 -0.850769 -0.197915 -0.826383 -4.08104 -816.367 0 
1 822.986 0.31108 0.0222431 0.67574 -0.867081 -0.193336 -3.0412 -4.07322 -815.872 0 
1 824.851 0.309229 0.0221971 0.675407 -0.848445 -0.213247 -4.47354 -4.31256 -816.065 0 
2 824.754 0.312749 0.0222534 0.671835 -0.838083 -0.202097 -3.75205 -4.23263 -816.769 0 
1 822.958 0.307798 0.0221753 0.67995 -0.877304 -0.223253 -3.12152 -4.26036 -815.576 0 
3 822.76 0.311883 0.0220998 0.676344 -0.888565 -0.201669 -2.97685 -4.17644 -815.607 0 
3 822.01 0.308104 0.022154 0.680238 -0.904492 -0.185615 -2.05317 -4.28795 -815.669 0 
1 820.314 0.313782 0.0222696 0.675974 -0.898679 -0.174722 -0.265621 -4.39796 -815.65 0 
2 821.015 0.311544 0.022318 0.675834 -0.882233 -0.176918 -1.17864 -4.10129 -815.735 0 
2 820.548 0.308806 0.0223336 0.678471 -0.881043 -0.187894 -0.778647 -4.12832 -815.641 0 
4 819.963 0.309784 0.0224192 0.678535 -0.887687 -0.173813 -0.192323 -4.11886 -815.652 0 
2 820.326 0.307374 0.0224199 0.68006 -0.879853 -0.187901 -0.489367 -4.21033 -815.627 0 
3 820.074 0.30882 0.0224572 0.679259 -0.880782 -0.179684 -0.27306 -4.13293 -815.668 0 
6 821.432 0.315177 0.0222778 0.672987 -0.886972 -0.16725 -1.22045 -4.36326 -815.848 0 
6 821.265 0.301859 0.0223765 0.685473 -0.889643 -0.198719 -0.735732 -4.82734 -815.701 0 
1 821.679 0.309884 0.0222987 0.676118 -0.859151 -0.201085 -1.59826 -4.15199 -815.929 0 
1 822.759 0.314456 0.0222363 0.671974 -0.847585 -0.211572 -2.28793 -4.00799 -816.463 0 
2 822.507 0.311075 0.0222574 0.674511 -0.863751 -0.180889 -2.36443 -4.12029 -816.022 0 
1 822.557 0.308191 0.0222174 0.677689 -0.89511 -0.150174 -2.73161 -4.1711 -815.655 0 
1 822.96 0.308511 0.0222375 0.677004 -0.887052 -0.159186 -3.13379 -4.14884 -815.677 0 
5 822.24 0.307528 0.0222616 0.678481 -0.884817 -0.175153 -2.42706 -4.18044 -815.632 0 
4 821.284 0.309362 0.0222594 0.677492 -0.883428 -0.17537 -1.49608 -4.11651 -815.671 0 
10 821.958 0.312775 0.0224334 0.672403 -0.851849 -0.167217 -1.07208 -4.26783 -816.618 0 
2 820.965 0.311398 0.0223367 0.675039 -0.862908 -0.192005 -0.918216 -4.06413 -815.983 0 
1 821.051 0.307542 0.0223467 0.67878 -0.865897 -0.203231 -1.05577 -4.28448 -815.71 0 
3 820.624 0.305396 0.0224385 0.68212 -0.874043 -0.203291 -0.552802 -4.46833 -815.602 0 
3 821.479 0.30086 0.0224305 0.686422 -0.894554 -0.187555 -0.81037 -4.89689 -815.771 0 
4 821.639 0.30112 0.0223812 0.68905 -0.93541 -0.164649 -0.138762 -4.80307 -816.697 0 
2 820.96 0.306529 0.0223891 0.682243 -0.894232 -0.200155 -1.00664 -4.32175 -815.632 0 
2 821.195 0.306801 0.0224276 0.682816 -0.898392 -0.201883 -1.17955 -4.35199 -815.664 0 
2 822.048 0.309362 0.0224679 0.681624 -0.911028 -0.182491 -1.92739 -4.42157 -815.699 0 
5 823.683 0.308532 0.0225229 0.680617 -0.891496 -0.188824 -3.89297 -4.18774 -815.602 0 
4 821.989 0.305838 0.0224811 0.686358 -0.91019 -0.22328 -1.32031 -4.706 -815.962 0 
4 822.563 0.303085 0.0224876 0.688725 -0.919383 -0.211001 -1.34077 -4.89412 -816.328 0 
1 820.927 0.306071 0.0224946 0.684021 -0.895438 -0.207134 -0.875048 -4.39014 -815.662 0 
5 822.962 0.302737 0.022367 0.690254 -0.938013 -0.215218 -0.535771 -5.3298 -817.096 0 
2 820.873 0.307595 0.0222982 0.6842 -0.9166 -0.214869 -0.203477 -4.7066 -815.963 0 
4 821.78 0.30748 0.0222167 0.684223 -0.914186 -0.226622 -1.06511 -4.74398 -815.971 0 
1 820.554 0.313691 0.0224396 0.677743 -0.865323 -0.261721 -0.766025 -4.12286 -815.665 0 
4 820.463 0.308828 0.0224422 0.68214 -0.874274 -0.263076 -0.524515 -4.3919 -815.546 0 
2 820.977 0.310788 0.0223961 0.679573 -0.866614 -0.247487 -1.23058 -4.12077 -815.626 0 
1 820.587 0.306054 0.0224517 0.683939 -0.882266 -0.229293 -0.546797 -4.45068 -815.59 0 
2 820.936 0.318237 0.0223828 0.670113 -0.854233 -0.198403 -0.0810252 -4.18023 -816.675 0 
5 820.607 0.314014 0.0224626 0.673917 -0.860442 -0.192725 -0.367945 -4.04183 -816.197 0 
1 821.214 0.309712 0.0224473 0.677553 -0.853158 -0.212706 -1.02058 -4.21397 -815.98 0 
2 821.042 0.306195 0.0225334 0.6823 -0.894951 -0.155478 -1.15203 -4.25082 -815.639 0 
7 822.599 0.307107 0.0226594 0.680162 -0.884208 -0.13106 -2.46107 -4.36307 -815.775 0 
2 821.41 0.30949 0.0225202 0.67885 -0.904583 -0.113447 -1.37113 -4.31225 -815.726 0 
2 821.787 0.31375 0.0223694 0.672732 -0.91082 -0.075063 -0.858792 -4.97894 -815.95 0 
3 822.145 0.310793 0.0224504 0.674944 -0.924409 -0.0398976 -1.21533 -5.03399 -815.896 0 
1 822.531 0.307689 0.0225497 0.678176 -0.936678 -0.0216136 -1.7103 -4.91423 -815.906 0 
3 822.369 0.310094 0.0225705 0.676981 -0.92353 -0.0551625 -1.73498 -4.79784 -815.836 0 
2 821.777 0.308937 0.0225819 0.677183 -0.911465 -0.0600071 -1.24559 -4.67264 -815.859 0 
1 823.335 0.312009 0.022424 0.67209 -0.895279 -0.0680525 -2.27818 -4.8701 -816.187 0 
4 823.504 0.30807 0.022472 0.67498 -0.891104 -0.0701844 -2.71649 -4.74315 -816.045 0 
6 821.307 0.304244 0.02236 0.68277 -0.939232 -0.075168 -0.823837 -4.41277 -816.071 0 
1 821.509 0.311251 0.0223424 0.674403 -0.887207 -0.123703 -1.27103 -4.31293 -815.925 0 
1 821.709 0.302294 0.0224191 0.683653 -0.899185 -0.146164 -1.46349 -4.54497 -815.7 0 
1 822.659 0.303806 0.0223368 0.681366 -0.9068 -0.109827 -2.539 -4.40476 -815.715 0 
1 823.874 0.302202 0.022303 0.682076 -0.902437 -0.118152 -3.60547 -4.56068 -815.708 0 
2 824.192 0.294767 0.0223766 0.692311 -0.920309 -0.15734 -1.81911 -5.69706 -816.676 0 
1 824.47 0.295621 0.0224449 0.693642 -0.926994 -0.1648 -2.028 -5.51809 -816.924 0 
2 823.048 0.308687 0.0225475 0.678817 -0.883205 -0.137944 -2.9586 -4.28265 -815.807 0 
1 823.607 0.302034 0.0224496 0.683624 -0.901875 -0.115198 -3.26503 -4.63557 -815.706 0 
4 824.197 0.307559 0.022486 0.67725 -0.899056 -0.0707429 -3.62493 -4.67709 -815.895 0 
1 823.754 0.302233 0.0224519 0.682513 -0.91638 -0.0687475 -3.35027 -4.60734 -815.797 0 
3 822.737 0.299523 0.0224033 0.686943 -0.943553 -0.0677052 -1.78296 -4.53282 -816.421 0 
1 821.175 0.302672 0.0224205 0.686247 -0.941895 -0.101993 -0.390319 -4.43836 -816.347 0 
1 821.102 0.308644 0.0224799 0.680214 -0.939337 -0.0651893 -0.500353 -4.69796 -815.904 0 
4 822.525 0.304233 0.0225243 0.684664 -0.942734 -0.0693761 -1.96038 -4.43905 -816.126 0 
1 822.408 0.311583 0.0225476 0.676656 -0.910622 -0.0814828 -1.8921 -4.66948 -815.847 0 
2 820.903 0.306179 0.0224421 0.683867 -0.943322 -0.101972 -0.213096 -4.52624 -816.163 0 
4 820.551 0.305621 0.0224223 0.683077 -0.93009 -0.114217 -0.23411 -4.36329 -815.953 0 
2 822.379 0.302326 0.0224388 0.686863 -0.952213 -0.0982876 -1.13088 -4.5629 -816.685 0 
2 822.092 0.312474 0.0223406 0.679919 -0.949628 -0.120843 -0.565444 -5.47973 -816.047 0 
1 824.26 0.319221 0.0222949 0.674471 -0.938028 -0.126946 -2.06461 -6.44336 -815.752 0 
3 825.097 0.314619 0.0225034 0.677867 -0.93403 -0.0999794 -4.03503 -5.28239 -815.78 0 
9 824.609 0.30738 0.0224856 0.683763 -0.950653 -0.0798243 -3.74734 -4.67869 -816.183 0 
1 824.509 0.310858 0.0223983 0.680489 -0.936066 -0.107406 -3.90597 -4.75016 -815.853 0 
4 824.378 0.326135 0.0223253 0.663499 -0.892189 -0.0953662 -0.058283 -7.15857 -817.161 0 
4 823.978 0.326081 0.0224046 0.664326 -0.873671 -0.137618 -0.368563 -6.21296 -817.396 0 
6 824.483 0.322253 0.0224811 0.668191 -0.878779 -0.133112 -2.18203 -5.4576 -816.844 0 
1 824.2 0.317632 0.0225181 0.668906 -0.866535 -0.108735 -1.97456 -5.05428 -817.171 0 
1 823.486 0.319239 0.0225482 0.66815 -0.850092 -0.162453 -1.55673 -4.54458 -817.384 0 
4 822.318 0.313401 0.0226025 0.673682 -0.855208 -0.171852 -1.63627 -4.17825 -816.503 0 
4 822.497 0.310071 0.0226501 0.67665 -0.853933 -0.178201 -1.96938 -4.28725 -816.24 0 
2 822.745 0.30932 0.0226503 0.676131 -0.867547 -0.127814 -2.01184 -4.50637 -816.227 0 
1 821.372 0.306457 0.0225276 0.682338 -0.902169 -0.160975 -1.4745 -4.23552 -815.662 0 
6 822.716 0.30626 0.0225447 0.678413 -0.864086 -0.15914 -2.25141 -4.5516 -815.913 0 
2 822.429 0.299607 0.0225774 0.68686 -0.894187 -0.157299 -1.66702 -5.03038 -815.732 0 
2 820.508 0.313256 0.0224662 0.67548 -0.898847 -0.128006 -0.254885 -4.44214 -815.81 0 
1 821.156 0.313263 0.0223725 0.677947 -0.934334 -0.116928 -0.256422 -5.11082 -815.789 0 
2 822.526 0.310853 0.0225157 0.679951 -0.923878 -0.132772 -2.18083 -4.6018 -815.744 0 
1 821.969 0.312133 0.0224641 0.678742 -0.938053 -0.10027 -1.07421 -5.05528 -815.839 0 
7 821.511 0.310557 0.022512 0.676282 -0.922228 -0.0489505 -0.737167 -4.90465 -815.869 0 
2 822.533 0.31373 0.0225623 0.674188 -0.930322 -0.0295038 -0.920647 -5.63878 -815.974 0 
3 823.112 0.314255 0.0224982 0.671947 -0.92216 -0.0162761 -1.0497 -5.89548 -816.167 0 
1 822.189 0.306811 0.0225133 0.681276 -0.966209 -0.000187172 -0.710069 -5.17884 -816.3 0 
3 823.286 0.305263 0.022484 0.683285 -0.984004 0.0201004 -1.16772 -5.32616 -816.792 0 
1 823.57 0.305608 0.0223967 0.681906 -0.96238 -0.012072 -2.36153 -4.90193 -816.307 0 
1 823.871 0.305383 0.0225516 0.681995 -0.941476 -0.0309811 -3.22175 -4.67234 -815.977 0 
3 821.415 0.310491 0.0224723 0.675882 -0.920012 -0.051733 -0.680897 -4.86485 -815.869 0 
3 822.518 0.306035 0.0224241 0.679238 -0.950719 0.00042784 -1.45946 -5.00128 -816.057 0 
1 822.579 0.312456 0.0224165 0.673622 -0.942148 2.24636e-05 -0.673671 -5.90385 -816.001 0 
2 822.539 0.313883 0.0224527 0.673053 -0.941024 -0.00317885 -0.380679 -6.13541 -816.023 0 
3 822.634 0.309015 0.0226164 0.67854 -0.944949 -0.0136013 -1.49875 -5.18029 -815.955 0 
1 822.343 0.300112 0.0224334 0.688817 -0.975576 -0.046994 -0.241613 -4.6619 -817.439 0 
2 822.367 0.312536 0.0222719 0.677071 -0.96429 -0.0377029 -0.303998 -5.94264 -816.121 0 
18 821.319 0.305786 0.0224313 0.682667 -0.960338 -0.0400862 -0.184472 -4.78275 -816.352 0 
5 821.624 0.306624 0.0224778 0.680094 -0.951398 -0.0162938 -0.650509 -4.90665 -816.067 0 
1 823.473 0.303123 0.0225603 0.686436 -0.969338 -0.0276232 -2.039 -4.69235 -816.741 0 
7 822.465 0.306058 0.0224871 0.682362 -0.980863 0.0146888 -0.422166 -5.37721 -816.666 0 
6 823.767 0.304911 0.022654 0.684159 -0.956693 -0.0243569 -2.79073 -4.72491 -816.251 0 
2 823.161 0.309956 0.0226637 0.678935 -0.933932 -0.0468632 -2.39507 -4.90924 -815.857 0 
9 821.793 0.310658 0.0225459 0.676708 -0.928152 -0.0477684 -0.987441 -4.95138 -815.854 0 
3 824.002 0.315865 0.0226247 0.673805 -0.926206 -0.0480953 -2.23692 -5.77538 -815.99 0 
4 823.037 0.308924 0.0226171 0.680226 -0.942808 -0.0522822 -2.25952 -4.84781 -815.93 0 
1 822.62 0.313871 0.022574 0.673962 -0.922905 -0.0446147 -1.22911 -5.41807 -815.973 0 
2 822.518 0.310759 0.0224416 0.677148 -0.968049 0.0116093 -0.315145 -6.02788 -816.175 0 
1 825.571 0.318823 0.0223724 0.670115 -0.977481 0.0480979 -0.195044 -9.14286 -816.233 0 
2 823.038 0.308506 0.0224554 0.681714 -0.98498 -0.00780433 -0.495576 -5.80799 -816.734 0 
5 825.55 0.318807 0.022458 0.668771 -0.93484 -0.0101895 -2.10738 -7.21073 -816.231 0 
5 821.966 0.310346 0.0224544 0.67882 -0.957006 -0.0373452 -0.529146 -5.3656 -816.072 0 
1 824.463 0.309065 0.0226693 0.68112 -0.959336 -0.0249697 -3.07741 -5.25317 -816.132 0 
5 823.514 0.314864 0.0225621 0.674231 -0.926589 -0.0443893 -1.92901 -5.61498 -815.97 0 
1 821.756 0.311466 0.0224846 0.676765 -0.928046 -0.0571134 -0.957748 -4.95952 -815.839 0 
6 822.25 0.305666 0.0225397 0.6823 -0.930449 -0.0684965 -1.93783 -4.44258 -815.87 0 
3 821.964 0.302662 0.0225974 0.685771 -0.931802 -0.0867524 -1.54153 -4.39277 -816.03 0 
1 822.016 0.301755 0.0225997 0.68684 -0.942203 -0.0754076 -1.30948 -4.43096 -816.276 0 
8 822.484 0.301011 0.0224469 0.6851 -0.940055 -0.0683092 -1.80376 -4.44905 -816.231 0 
5 822.359 0.301868 0.0226151 0.68484 -0.932163 -0.0654774 -1.90368 -4.44966 -816.006 0 
2 821.358 0.309934 0.0225217 0.678283 -0.92076 -0.0888218 -1.06191 -4.53632 -815.76 0 
6 821.195 0.309866 0.0225258 0.678995 -0.928475 -0.0814996 -0.766063 -4.63521 -815.794 0 
6 821.965 0.307794 0.0224482 0.680958 -0.944603 -0.0751717 -1.25245 -4.68804 -816.024 0 
3 823.584 0.305959 0.02226 0.680596 -0.950802 -0.0577328 -2.75706 -4.64824 -816.179 0 
1 825.757 0.302749 0.0222558 0.680639 -0.928398 -0.0502839 -5.32723 -4.5353 -815.894 0 
1 826.802 0.29288 0.0223744 0.691256 -0.957313 -0.0407356 -4.35246 -5.10251 -817.347 0 
5 828.479 0.289126 0.0225487 0.69479 -0.935101 -0.0795995 -4.91584 -6.43005 -817.133 0 
2 825.716 0.293662 0.0224522 0.690667 -0.945404 -0.0572018 -3.67017 -5.147 -816.899 0 
5 825.005 0.296154 0.0224976 0.687229 -0.929666 -0.0470426 -3.76163 -5.09128 -816.152 0 
5 823.933 0.303355 0.0226267 0.680067 -0.887663 -0.090659 -3.30462 -4.82672 -815.801 0 
1 822.9 0.310635 0.0225873 0.674355 -0.877912 -0.105623 -2.15601 -4.52367 -816.22 0 
2 823.236 0.316553 0.0224433 0.669569 -0.880056 -0.110324 -1.85696 -4.83571 -816.543 0 
6 823.647 0.315185 0.0224278 0.670666 -0.890074 -0.0969069 -2.52844 -4.84129 -816.277 0 
2 823.565 0.312119 0.0225755 0.672277 -0.86563 -0.102315 -1.98235 -4.82928 -816.753 0 
1 822.95 0.308364 0.022688 0.678235 -0.866278 -0.148508 -2.48049 -4.42708 -816.042 0 
4 821.703 0.305853 0.0225932 0.680755 -0.889689 -0.124974 -1.59088 -4.39709 -815.715 0 
5 822.556 0.309756 0.0224489 0.67935 -0.919674 -0.100134 -2.36566 -4.44877 -815.741 0 
4 823.129 0.298366 0.0223331 0.690512 -0.974562 -0.0693467 -0.552853 -4.7373 -817.839 0 
1 823.079 0.305729 0.0222772 0.685418 -0.974654 -0.0793659 -0.910234 -5.09148 -817.078 0 
10 820.931 0.308677 0.0224237 0.681539 -0.939474 -0.107817 -0.289538 -4.66197 -815.98 0 
2 821.383 0.309243 0.0223386 0.679143 -0.942829 -0.0766353 -0.632693 -4.80239 -815.948 0 
1 820.546 0.306136 0.0224553 0.683095 -0.926312 -0.118444 -0.334274 -4.33221 -815.88 0 
1 820.603 0.305719 0.022492 0.682725 -0.903981 -0.145841 -0.667312 -4.2577 -815.678 0 
1 821.497 0.314101 0.0224179 0.67224 -0.878129 -0.132403 -0.884147 -4.395 -816.218 0 
1 822.694 0.313371 0.0224815 0.67152 -0.868604 -0.111219 -1.3601 -4.67678 -816.657 0 
2 823.069 0.320466 0.0223973 0.666652 -0.868474 -0.132402 -0.909507 -5.07646 -817.083 0 
2 821.627 0.316105 0.0223746 0.671776 -0.885024 -0.145216 -1.03676 -4.51614 -816.074 0 
2 822.501 0.317503 0.0222353 0.671799 -0.89527 -0.167924 -1.8736 -4.81385 -815.813 0 
4 821.933 0.319493 0.0222216 0.671663 -0.903001 -0.173859 -0.823847 -5.35215 -815.757 0 
1 823.011 0.318305 0.0222945 0.672271 -0.906212 -0.157951 -2.00256 -5.25329 -815.755 0 
2 821.408 0.318226 0.0222611 0.67255 -0.911725 -0.140635 -0.293638 -5.34052 -815.774 0 
1 823.401 0.31413 0.022375 0.678425 -0.95239 -0.0906091 -1.67706 -5.76226 -815.962 0 
3 824.381 0.300395 0.0222829 0.69116 -0.988242 -0.0870615 -0.717682 -5.13228 -818.531 0 
1 823.153 0.314096 0.0222331 0.675451 -0.96939 -0.0249421 -0.468911 -6.54708 -816.137 0 
1 824.677 0.31846 0.0222138 0.669665 -0.934857 -0.0364744 -1.96805 -6.65558 -816.053 0 
8 825.034 0.317932 0.0221848 0.668872 -0.928917 -0.0341651 -2.45635 -6.45779 -816.12 0 
1 824.865 0.311204 0.0222808 0.674829 -0.92245 -0.0519262 -4.04692 -4.94757 -815.87 0 
1 824.369 0.308273 0.0223739 0.675456 -0.894147 -0.0767533 -3.74703 -4.66268 -815.959 0 
2 823.168 0.306342 0.0224876 0.678699 -0.907356 -0.0665879 -2.76238 -4.60151 -815.804 0 
2 821.731 0.310034 0.0223319 0.676389 -0.924281 -0.0641647 -1.20291 -4.71781 -815.811 0 
1 823.783 0.313883 0.0223273 0.670919 -0.911936 -0.0492668 -2.381 -5.30524 -816.096 0 
1 821.227 0.309162 0.0224668 0.67748 -0.924948 -0.0603105 -0.742399 -4.67202 -815.813 0 
2 824.068 0.301376 0.0227202 0.684236 -0.91964 -0.0614581 -3.62926 -4.60191 -815.836 0 
2 823.804 0.309406 0.0226597 0.674823 -0.886732 -0.0694022 -2.7488 -4.83662 -816.219 0 
2 825.228 0.299713 0.0226406 0.687702 -0.938243 -0.082107 -4.38284 -4.51208 -816.333 0 
3 822.034 0.308052 0.0225681 0.680565 -0.929252 -0.0837637 -1.72455 -4.48922 -815.82 0 
6 821.74 0.301512 0.0224985 0.686642 -0.93579 -0.105277 -1.01929 -4.45102 -816.27 0 
5 821.044 0.305257 0.0224512 0.683752 -0.950545 -0.0728139 -0.211474 -4.56241 -816.27 0 
9 820.847 0.305931 0.022451 0.682299 -0.937312 -0.076839 -0.429045 -4.44721 -815.971 0 
9 821.12 0.308033 0.0225051 0.680182 -0.938955 -0.0552037 -0.525834 -4.68774 -815.906 0 
1 821.241 0.304446 0.0224156 0.684551 -0.958041 -0.0633718 -0.142208 -4.61206 -816.486 0 
1 821.35 0.310838 0.0224481 0.677452 -0.933076 -0.0699875 -0.662879 -4.86492 -815.822 0 
3 821.731 0.306931 0.0225339 0.682957 -0.951912 -0.0639357 -0.841269 -4.71304 -816.177 0 
1 822.816 0.310241 0.0225925 0.67994 -0.946795 -0.0511407 -1.80289 -5.06534 -815.948 0 
8 822.525 0.304736 0.0224773 0.686067 -0.969697 -0.0696154 -0.743562 -4.87918 -816.903 0 
1 821.473 0.311177 0.0224689 0.678921 -0.943133 -0.0752167 -0.517467 -5.05523 -815.9 0 
2 822.103 0.307313 0.0226355 0.679232 -0.908773 -0.078266 -1.86931 -4.45661 -815.777 0 
1 822.041 0.302199 0.0225513 0.685823 -0.933024 -0.0981284 -1.51709 -4.40086 -816.123 0 
2 820.936 0.303885 0.022517 0.685176 -0.925078 -0.126399 -0.604762 -4.35709 -815.974 0 
1 821.014 0.304655 0.0224823 0.684328 -0.941024 -0.0860914 -0.46386 -4.42226 -816.128 0 
4 821.752 0.307267 0.0224089 0.682978 -0.962179 -0.0712693 -0.327617 -4.96992 -816.455 0 
1 822.094 0.312587 0.0223635 0.676979 -0.954725 -0.0392854 -0.420041 -5.68674 -815.987 0 
6 821.76 0.313319 0.0224416 0.674344 -0.936804 -0.0303814 -0.216357 -5.6177 -815.926 0 
2 823.127 0.317368 0.0222813 0.673179 -0.957544 -0.0400519 -0.216727 -6.95102 -815.959 0 
1 823.89 0.317587 0.0221803 0.673194 -0.956654 -0.0576117 -1.09164 -6.86599 -815.933 0 
11 823.554 0.314891 0.0221398 0.67488 -0.957832 -0.0641163 -1.34813 -6.21813 -815.987 0 
1 822.427 0.308253 0.0222476 0.680196 -0.961618 -0.0465753 -1.08592 -5.06848 -816.272 0 
3 822.535 0.312842 0.0222496 0.674036 -0.923864 -0.0682152 -1.67935 -5.01773 -815.838 0 
2 822.306 0.318222 0.0224249 0.669462 -0.908108 -0.0647162 -0.158432 -5.84311 -816.305 0 
17 822.635 0.31737 0.0224698 0.669561 -0.904907 -0.0534712 -0.399442 -5.81161 -816.424 0 
1 821.752 0.31088 0.0225094 0.677041 -0.929053 -0.0500884 -0.94526 -4.95681 -815.85 0 
2 822.063 0.307844 0.0225682 0.678154 -0.924403 -0.0357107 -1.39278 -4.81025 -815.86 0 
6 822.95 0.300505 0.0225416 0.68363 -0.914603 -0.0692265 -2.41571 -4.72547 -815.809 0 
1 823.315 0.297627 0.0225513 0.687532 -0.949939 -0.0280897 -2.12345 -4.66934 -816.522 0 
7 821.146 0.306088 0.0224921 0.682637 -0.94825 -0.0582379 -0.421617 -4.60426 -816.12 0 
2 823.181 0.301105 0.0225837 0.689015 -0.948137 -0.091136 -2.09578 -4.48922 -816.596 0 
2 822.849 0.305721 0.0224824 0.68457 -0.956978 -0.0644902 -1.81153 -4.66265 -816.375 0 
2 823.512 0.30126 0.0225465 0.688585 -0.943216 -0.0972149 -2.57874 -4.47183 -816.462 0 
3 823.134 0.296171 0.0224981 0.692949 -0.962835 -0.082458 -0.634661 -4.83491 -817.665 0 
3 824.047 0.297846 0.0224278 0.691378 -0.95923 -0.0859352 -2.02777 -4.69777 -817.322 0 
1 823.014 0.304133 0.0224565 0.683074 -0.923205 -0.0861794 -2.79186 -4.38325 -815.839 0 
3 823.459 0.305583 0.022462 0.679836 -0.918772 -0.0557663 -3.0762 -4.58232 -815.8 0 
2 822.662 0.304128 0.0224998 0.680106 -0.915558 -0.0515655 -2.22014 -4.64249 -815.799 0 
3 822.647 0.307103 0.0224159 0.677276 -0.918832 -0.043597 -2.09181 -4.71383 -815.841 0 
3 822.832 0.30734 0.0223828 0.677161 -0.934757 -0.0192858 -2.0163 -4.91352 -815.903 0 
1 825.961 0.292501 0.0223781 0.695021 -0.988198 -0.041181 -1.72557 -5.0523 -819.183 0 
1 822.228 0.304711 0.0224737 0.680122 -0.925282 -0.0429852 -1.78159 -4.60688 -815.84 0 
1 821.512 0.303905 0.0225756 0.683492 -0.933729 -0.0672202 -1.13721 -4.41298 -815.962 0 
1 822.366 0.300838 0.0225861 0.688138 -0.952545 -0.071981 -1.2373 -4.49001 -816.639 0 
1 826.098 0.300772 0.0225937 0.691157 -0.987847 -0.0395614 -3.38274 -4.82815 -817.887 0 
5 824.48 0.293629 0.0225088 0.694098 -0.983145 -0.029154 -1.10999 -4.86636 -818.504 0 
3 823.929 0.295965 0.0224694 0.691525 -0.992246 0.00293923 -0.915138 -4.72007 -818.294 0 
10 822.472 0.302738 0.0223855 0.685055 -0.981447 -0.00415669 -0.527562 -4.88501 -817.06 0 
1 822.986 0.306056 0.0223653 0.683987 -0.986198 -0.0175439 -0.61331 -5.33668 -817.036 0 
7 823.173 0.304066 0.0223135 0.685636 -0.99515 -0.0144493 -0.28684 -5.29167 -817.594 0 
1 821.881 0.306792 0.0223809 0.681251 -0.967785 -0.0155442 -0.393411 -5.09952 -816.388 0 
5 821.888 0.303506 0.0224216 0.683356 -0.962999 -0.0179238 -0.720713 -4.70421 -816.463 0 
4 822.547 0.299621 0.0225558 0.688769 -0.962311 -0.0435178 -1.11372 -4.53803 -816.896 0 
4 822.9 0.303194 0.0226222 0.685105 -0.939462 -0.0584665 -2.3784 -4.45139 -816.07 0 
11 823.109 0.311541 0.0224894 0.673072 -0.926509 -0.00239628 -1.35606 -5.67602 -816.077 0 
1 824.192 0.312538 0.0224704 0.671231 -0.914914 -0.00426308 -2.02814 -5.86706 -816.297 0 
7 822.701 0.306147 0.0224364 0.678985 -0.927592 -0.0373002 -2.16047 -4.68915 -815.851 0 
1 822.186 0.302617 0.0223615 0.683036 -0.931516 -0.0727416 -1.7848 -4.4164 -815.984 0 
1 821.043 0.305972 0.0225104 0.681169 -0.924048 -0.0753016 -0.826084 -4.41055 -815.806 0 
1 821.617 0.303653 0.0224569 0.681858 -0.925828 -0.0653329 -1.31439 -4.4439 -815.859 0 
6 822.295 0.306609 0.0224686 0.677755 -0.913079 -0.0525038 -1.81738 -4.65097 -815.827 0 
2 820.944 0.307064 0.0224583 0.67985 -0.931941 -0.0595759 -0.539847 -4.54871 -815.855 0 
6 820.867 0.306854 0.0224772 0.679664 -0.917535 -0.0807568 -0.701507 -4.40274 -815.762 0 
3 822.844 0.298357 0.022407 0.689983 -0.951584 -0.105588 -1.0024 -4.73009 -817.112 0 
2 821.881 0.300378 0.0224341 0.688729 -0.955694 -0.0938292 -0.31747 -4.5963 -816.967 0 
1 823.022 0.296833 0.0225726 0.691444 -0.926747 -0.137638 -1.37473 -5.08873 -816.559 0 
2 821.972 0.304237 0.0225885 0.686005 -0.917317 -0.155635 -1.67284 -4.38915 -815.91 0 
5 821.54 0.305375 0.0224436 0.682651 -0.931391 -0.102464 -1.21876 -4.3682 -815.953 0 
1 820.765 0.308942 0.0224301 0.678419 -0.917191 -0.0977509 -0.624612 -4.40127 -815.739 0 
2 821.065 0.307271 0.022526 0.681145 -0.924155 -0.0985288 -0.907418 -4.36474 -815.793 0 
5 820.937 0.309795 0.0224619 0.677487 -0.922914 -0.067236 -0.468614 -4.66582 -815.802 0 
6 822.072 0.304313 0.0224262 0.681968 -0.935507 -0.0527006 -1.63319 -4.4891 -815.95 0 
3 822.679 0.305733 0.0225169 0.678571 -0.920268 -0.0327497 -2.04885 -4.77927 -815.851 0 
1 823.723 0.305193 0.0223713 0.67847 -0.927588 -0.0295472 -3.13805 -4.72167 -815.863 0 
1 825.802 0.29238 0.0224293 0.693987 -0.97762 -0.03567 -2.3414 -5.01567 -818.445 0 
7 823.706 0.30552 0.022417 0.678173 -0.937404 -0.00191721 -2.78554 -4.97818 -815.942 0 
4 822.947 0.303021 0.0223279 0.682952 -0.963404 -0.0188054 -1.76274 -4.67398 -816.51 0 
2 821.737 0.304579 0.022429 0.681442 -0.938096 -0.0523818 -1.2698 -4.48695 -815.98 0 
1 822.064 0.306234 0.022303 0.682357 -0.966822 -0.04172 -0.630039 -4.92358 -816.511 0 
1 821.822 0.304862 0.0223068 0.683702 -0.952292 -0.0768768 -0.908677 -4.55247 -816.361 0 
3 822.856 0.299053 0.0223203 0.688911 -0.94249 -0.113891 -1.44303 -4.66883 -816.744 0 
1 824.111 0.299758 0.0224383 0.690081 -0.945021 -0.115058 -2.70184 -4.62611 -816.783 0 
2 822.66 0.305735 0.0224506 0.684499 -0.93545 -0.111929 -2.21602 -4.39656 -816.047 0 
1 820.886 0.308902 0.0224621 0.679738 -0.915026 -0.12516 -0.858765 -4.32007 -815.707 0 
1 821.275 0.310107 0.0222234 0.678637 -0.929164 -0.11809 -0.882078 -4.59237 -815.801 0 
1 821.813 0.311723 0.0222223 0.675004 -0.899225 -0.134693 -1.77253 -4.3062 -815.735 0 
2 821.583 0.310565 0.0223134 0.679824 -0.906962 -0.172468 -1.64321 -4.29907 -815.64 0 
4 820.599 0.306343 0.0223044 0.68327 -0.924739 -0.153839 -0.234832 -4.41504 -815.949 0 
1 821.644 0.300524 0.0224301 0.686237 -0.917301 -0.129902 -1.05402 -4.59815 -815.992 0 
1 821.676 0.299871 0.0224679 0.688511 -0.915148 -0.1547 -0.795032 -4.78624 -816.094 0 
1 820.535 0.310508 0.0223889 0.677554 -0.904334 -0.125122 -0.522997 -4.30194 -815.71 0 
2 822.362 0.303943 0.0222726 0.682179 -0.911665 -0.135883 -2.25095 -4.33315 -815.778 0 
2 821.698 0.308951 0.0222258 0.67952 -0.930209 -0.12421 -1.3 -4.54302 -815.855 0 
1 825.694 0.297773 0.0222942 0.691855 -0.96132 -0.138994 -2.45804 -5.19415 -818.042 0 
5 824.969 0.297871 0.0223353 0.693819 -0.958534 -0.178199 -0.959795 -5.6185 -818.391 0 
2 824.102 0.298571 0.0223218 0.692154 -0.945372 -0.185077 -1.05657 -5.40115 -817.644 0 
2 821.933 0.307112 0.0222062 0.683127 -0.939306 -0.155042 -0.90606 -4.76742 -816.259 0 
8 820.943 0.310525 0.0223043 0.679098 -0.911772 -0.168986 -0.848481 -4.42592 -815.669 0 
3 821.048 0.314239 0.0222531 0.67654 -0.906264 -0.189607 -0.748044 -4.69039 -815.609 0 
2 820.823 0.314192 0.0223381 0.678182 -0.901214 -0.212137 -0.625654 -4.61632 -815.581 0 
2 820.908 0.318428 0.0224352 0.671829 -0.857998 -0.219943 -0.407556 -4.15137 -816.349 0 
2 821.489 0.313257 0.0222411 0.673593 -0.859534 -0.207287 -1.42881 -3.99918 -816.061 0 
1 820.841 0.309604 0.0221936 0.679872 -0.889005 -0.232823 -0.938862 -4.3279 -815.574 0 
1 822.011 0.311369 0.0222083 0.675435 -0.869533 -0.209057 -2.21513 -4.03811 -815.758 0 
1 820.932 0.315631 0.0223619 0.672534 -0.869145 -0.188276 -0.67921 -4.14889 -816.104 0 
9 820.425 0.316219 0.0223772 0.672367 -0.853928 -0.219033 -0.10941 -3.99504 -816.32 0 
2 821.103 0.317412 0.0223864 0.670167 -0.845435 -0.205856 -0.171516 -4.07072 -816.861 0 
1 824.164 0.324198 0.0224139 0.663644 -0.813425 -0.236237 -0.909372 -4.2783 -818.976 0 
3 822.231 0.319914 0.0225146 0.669996 -0.841273 -0.221698 -1.01971 -4.11166 -817.1 0 
4 822.54 0.319194 0.0225557 0.670497 -0.834707 -0.231385 -1.33561 -4.00126 -817.203 0 
2 823.269 0.320203 0.0225458 0.669588 -0.820078 -0.254975 -1.61648 -3.91903 -817.733 0 
1 825.194 0.315407 0.0226516 0.672612 -0.809339 -0.252935 -3.20799 -4.21216 -817.774 0 
3 824.765 0.298105 0.0226708 0.689565 -0.861802 -0.231874 -2.76682 -6.3788 -815.62 0 
1 821.102 0.305562 0.0225483 0.681385 -0.871953 -0.184819 -0.98949 -4.4506 -815.662 0 
1 821.88 0.299336 0.022497 0.688525 -0.883582 -0.216904 -0.640712 -5.478 -815.761 0 
1 820.423 0.305466 0.0223209 0.683293 -0.88469 -0.228252 -0.297354 -4.51151 -815.614 0 
2 820.811 0.303386 0.0224764 0.685593 -0.875304 -0.241143 -0.31305 -4.89002 -815.608 0 
2 821.38 0.30226 0.0224454 0.687358 -0.881762 -0.256786 -0.453217 -5.17491 -815.752 0 
1 821.797 0.303355 0.0225888 0.686082 -0.877138 -0.230499 -1.36624 -4.82331 -815.608 0 
4 821.136 0.310015 0.0224645 0.680003 -0.87882 -0.227761 -1.38013 -4.17924 -815.577 0 
5 821.273 0.311918 0.0224764 0.679078 -0.877755 -0.235909 -1.50764 -4.17853 -815.587 0 
1 820.855 0.315321 0.0224943 0.673463 -0.852148 -0.213944 -0.517223 -3.98218 -816.356 0 
7 820.549 0.308162 0.0223271 0.68096 -0.874724 -0.23364 -0.711907 -4.26648 -815.57 0 
6 820.517 0.309859 0.0223861 0.679135 -0.864394 -0.232856 -0.707451 -4.1304 -815.679 0 
6 820.203 0.312351 0.0224613 0.676092 -0.862974 -0.206824 -0.258502 -4.01082 -815.934 0 
1 822.006 0.319979 0.0224175 0.667905 -0.843874 -0.197396 -0.426869 -4.28278 -817.296 0 
1 821.744 0.312198 0.0225773 0.675922 -0.840133 -0.235625 -1.36477 -4.05965 -816.32 0 
1 823.118 0.302302 0.0226085 0.684346 -0.846421 -0.245988 -1.88278 -5.56755 -815.667 0 
1 822.966 0.309497 0.0226576 0.677172 -0.833788 -0.221336 -2.00608 -4.49746 -816.463 0 
2 822.213 0.312633 0.0225463 0.673574 -0.82666 -0.22253 -0.919675 -4.28508 -817.008 0 
3 821.619 0.309289 0.0225246 0.676906 -0.840496 -0.215138 -0.910731 -4.42723 -816.281 0 
1 820.15 0.309862 0.02237 0.680201 -0.881989 -0.221665 -0.407782 -4.16675 -815.575 0 
3 820.979 0.314436 0.0223257 0.67561 -0.878718 -0.202876 -1.07837 -4.13908 -815.761 0 
5 820.328 0.315194 0.0222725 0.675329 -0.880836 -0.218488 -0.38799 -4.25207 -815.688 0 
1 819.914 0.313967 0.022367 0.676179 -0.856531 -0.258777 -0.0793457 -4.00141 -815.833 0 
1 820.29 0.311529 0.022455 0.679178 -0.876183 -0.232743 -0.556628 -4.13391 -815.6 0 
2 820.558 0.309934 0.0225136 0.680282 -0.872283 -0.227357 -0.81472 -4.12618 -815.617 0 
7 819.868 0.308301 0.0223702 0.681184 -0.897685 -0.18965 -0.019829 -4.22841 -815.62 0 
1 820.738 0.302845 0.0224316 0.686136 -0.894373 -0.204749 -0.299454 -4.69334 -815.745 0 
2 820.924 0.303638 0.022406 0.685919 -0.893216 -0.229287 -0.394717 -4.7554 -815.773 0 
1 821.888 0.301748 0.0225038 0.688311 -0.878413 -0.26652 -0.764023 -5.36591 -815.759 0 
4 822.207 0.301262 0.0225422 0.687124 -0.864547 -0.25799 -1.07468 -5.52414 -815.608 0 
7 822.086 0.307432 0.0226041 0.683224 -0.865173 -0.256431 -2.08459 -4.43268 -815.569 0 
1 821.873 0.309556 0.0225543 0.681003 -0.860728 -0.265168 -2.00245 -4.26356 -815.607 0 
1 820.912 0.308901 0.0224885 0.680161 -0.861629 -0.245919 -1.03348 -4.23671 -815.641 0 
1 820.347 0.312938 0.0223457 0.678623 -0.896975 -0.209466 -0.366942 -4.39863 -815.582 0 
4 822.808 0.316375 0.0222348 0.67547 -0.912387 -0.19458 -1.96588 -5.23121 -815.611 0 
3 822.296 0.313371 0.0222078 0.679047 -0.922028 -0.206832 -1.30479 -5.22888 -815.762 0 
3 822.681 0.311266 0.0223843 0.680438 -0.910142 -0.205608 -2.3486 -4.65784 -815.675 0 
3 821.503 0.308019 0.0223405 0.684964 -0.914294 -0.235521 -0.66195 -4.85701 -815.984 0 
3 822.602 0.30236 0.022411 0.689014 -0.89335 -0.280164 -1.03251 -5.46486 -816.104 0 
3 822.298 0.306853 0.0223474 0.684477 -0.876346 -0.306289 -1.60911 -5.03231 -815.656 0 
2 824.547 0.304444 0.0222421 0.687654 -0.897568 -0.313716 -2.46073 -5.79244 -816.294 0 
6 824.803 0.30427 0.0222938 0.689913 -0.912478 -0.316109 -1.72682 -6.21661 -816.86 0 
1 821.005 0.312226 0.0222786 0.680648 -0.87182 -0.321265 -0.69911 -4.78995 -815.516 0 
2 822.33 0.312294 0.0220844 0.680084 -0.8781 -0.325865 -1.77424 -5.00512 -815.55 0 
1 820.464 0.313347 0.0222826 0.678971 -0.873218 -0.291957 -0.456909 -4.48648 -815.521 0 
3 820.422 0.308375 0.0223814 0.681599 -0.842934 -0.31818 -0.0877727 -4.71046 -815.624 0 
3 821.27 0.312079 0.0224946 0.677566 -0.814578 -0.336137 -0.592234 -4.37582 -816.302 0 
3 820.954 0.312586 0.0224599 0.678666 -0.835487 -0.329506 -0.862971 -4.27092 -815.82 0 
1 822.118 0.317312 0.0224965 0.673732 -0.8239 -0.316242 -1.70892 -3.87006 -816.539 0 
1 821.165 0.310063 0.022444 0.678823 -0.828357 -0.315931 -0.736102 -4.49127 -815.938 0 
5 821.295 0.305672 0.0223367 0.683122 -0.833971 -0.337552 -0.242871 -5.42207 -815.631 0 
7 820.724 0.309386 0.0223358 0.68004 -0.829382 -0.336425 -0.223995 -4.71562 -815.785 0 
1 822.071 0.311897 0.0222448 0.675595 -0.811383 -0.342135 -1.27822 -4.44561 -816.347 0 
4 822.118 0.312169 0.0224109 0.676635 -0.794907 -0.382417 -0.768678 -4.73264 -816.617 0 
2 821.871 0.310283 0.0224381 0.679858 -0.794681 -0.414941 -0.273279 -5.35329 -816.244 0 
2 822.127 0.309746 0.0223101 0.679309 -0.790149 -0.422034 -0.224859 -5.59562 -816.307 0 
3 822.772 0.31021 0.0222294 0.677595 -0.795331 -0.396882 -1.19397 -5.23168 -816.346 0 
2 823.415 0.303763 0.0223169 0.683948 -0.806782 -0.390946 -0.775755 -6.82256 -815.816 0 
1 823.005 0.301954 0.0223953 0.686955 -0.819199 -0.388719 -0.182335 -7.15343 -815.669 0 
6 822.45 0.314128 0.0224531 0.675604 -0.780649 -0.400084 -0.594435 -4.62825 -817.227 0 
3 822.538 0.308207 0.0224766 0.680612 -0.798855 -0.372192 -0.690236 -5.55901 -816.289 0 
3 822.206 0.318027 0.0223753 0.671536 -0.782197 -0.378016 -0.401747 -3.96516 -817.839 0 
2 821.473 0.316539 0.0222775 0.674688 -0.810983 -0.377673 -0.972374 -4.10634 -816.394 0 
5 822.203 0.309703 0.0223426 0.67761 -0.798278 -0.36327 -0.597621 -5.12966 -816.476 0 
3 823.681 0.310554 0.0222832 0.676077 -0.805744 -0.345144 -2.51807 -4.74021 -816.423 0 
1 823.597 0.30787 0.0223142 0.678306 -0.79891 -0.356223 -1.67295 -5.53836 -816.386 0 
4 822.252 0.312521 0.0222743 0.67466 -0.799859 -0.34519 -0.959473 -4.48965 -816.803 0 
1 823.561 0.316184 0.0223029 0.670959 -0.788877 -0.330925 -1.53595 -4.12498 -817.901 0 
4 822.696 0.319226 0.0223889 0.668905 -0.781121 -0.349795 -0.394772 -3.83086 -818.47 0 
1 823.157 0.318431 0.0224995 0.671279 -0.802228 -0.330087 -1.92697 -3.78364 -817.446 0 
4 822.408 0.310303 0.0225355 0.68054 -0.827105 -0.346097 -1.94731 -4.64229 -815.818 0 
3 823.758 0.304022 0.0225016 0.688567 -0.86691 -0.342832 -2.18461 -5.79089 -815.783 0 
2 821.613 0.30942 0.0224174 0.68213 -0.836289 -0.368566 -1.01178 -5.0054 -815.596 0 
6 822.025 0.30591 0.0223574 0.686228 -0.842975 -0.386299 -0.572358 -5.84737 -815.605 0 
5 821.531 0.314749 0.0221446 0.675637 -0.820243 -0.382499 -1.17168 -4.38502 -815.974 0 
1 822.352 0.316255 0.0221367 0.673299 -0.8131 -0.363011 -1.87611 -4.0521 -816.424 0 
5 822.803 0.314293 0.0220925 0.676623 -0.818368 -0.405988 -2.30462 -4.62656 -815.871 0 
1 824.203 0.323057 0.0222047 0.666612 -0.769736 -0.421262 -1.89631 -3.71779 -818.589 0 
2 822.241 0.323538 0.0222379 0.668015 -0.789246 -0.404245 -0.671639 -3.83136 -817.738 0 
2 823.611 0.327731 0.0222177 0.665762 -0.790299 -0.420342 -1.47108 -4.17591 -817.964 0 
3 821.469 0.316877 0.0222858 0.673644 -0.784941 -0.427686 -0.16656 -4.31812 -816.984 0 
4 822.85 0.311466 0.0220894 0.679046 -0.819398 -0.424373 -1.92483 -5.22744 -815.697 0 
5 822.532 0.316717 0.0220984 0.674759 -0.824916 -0.40355 -2.0824 -4.60765 -815.842 0 
6 822.176 0.318094 0.0221224 0.67525 -0.831496 -0.407768 -1.67727 -4.75567 -815.743 0 
5 822.155 0.317064 0.0223246 0.677009 -0.821323 -0.417916 -1.65669 -4.63567 -815.863 0 
1 822.403 0.319028 0.0223086 0.675028 -0.802676 -0.452503 -1.55112 -4.59417 -816.257 0 
1 822.677 0.316958 0.0223839 0.677042 -0.805311 -0.446763 -1.8839 -4.69649 -816.097 0 
3 823.251 0.313803 0.0224549 0.67962 -0.804779 -0.448493 -2.24162 -5.05797 -815.952 0 
2 823.483 0.318939 0.0224251 0.675395 -0.80369 -0.438053 -2.70599 -4.45084 -816.326 0 
2 823.549 0.311936 0.0223027 0.67994 -0.790496 -0.46469 -1.92431 -5.47687 -816.148 0 
2 823.583 0.321804 0.0223584 0.670762 -0.77971 -0.449935 -2.0476 -4.06765 -817.467 0 
2 824.296 0.319895 0.0224284 0.671972 -0.75359 -0.492763 -1.76856 -4.38055 -818.147 0 
3 825.165 0.321962 0.022449 0.67007 -0.734608 -0.516726 -1.60387 -4.2675 -819.293 0 
2 823.009 0.319162 0.0223384 0.673012 -0.755199 -0.509728 -0.623385 -4.63055 -817.755 0 
1 829.595 0.32572 0.0223283 0.663473 -0.715569 -0.499485 -4.03945 -3.77179 -821.784 0 
2 829.313 0.320435 0.0222046 0.667863 -0.743894 -0.48122 -6.0659 -4.23969 -819.007 0 
2 830.11 0.327026 0.0221304 0.662987 -0.739871 -0.493475 -6.32176 -3.72548 -820.063 0 
1 830.515 0.320386 0.0220599 0.666555 -0.743698 -0.47058 -7.13789 -4.19019 -819.187 0 
1 830.985 0.31858 0.0221212 0.667905 -0.728986 -0.496931 -6.62713 -4.80353 -819.555 0 
1 831.277 0.323672 0.0221316 0.663507 -0.703064 -0.528737 -5.05336 -4.2858 -821.938 0 
2 829.432 0.322431 0.0222503 0.664045 -0.698534 -0.501961 -2.04704 -4.62756 -822.758 0 
5 829.513 0.322225 0.0224099 0.664135 -0.690286 -0.485372 -0.498736 -5.01899 -823.996 0 
1 830.662 0.325525 0.0222598 0.66068 -0.706471 -0.455814 -3.00209 -3.97051 -823.69 0 
4 829.408 0.32036 0.0222977 0.665589 -0.707266 -0.458815 -1.84638 -5.04805 -822.514 0 
7 826.622 0.324244 0.0221847 0.664653 -0.730479 -0.463159 -1.8604 -3.79745 -820.964 0 
2 825.173 0.326988 0.0221928 0.66398 -0.742693 -0.463911 -1.22507 -3.55476 -820.393 0 
5 825.172 0.323281 0.0222057 0.667544 -0.749915 -0.46598 -2.12598 -3.81054 -819.235 0 
5 825.704 0.331064 0.0222469 0.66101 -0.741587 -0.453295 -0.767816 -3.52209 -821.414 0 
3 825.001 0.33013 0.0222597 0.661774 -0.748886 -0.445005 -0.634751 -3.57066 -820.795 0 
3 825.399 0.330126 0.0222859 0.660852 -0.744366 -0.427549 -0.340223 -3.5029 -821.556 0 
5 825.822 0.330999 0.0221454 0.659959 -0.758015 -0.407604 -1.18826 -3.67578 -820.958 0 
1 822.3 0.320189 0.0221574 0.671245 -0.799483 -0.406595 -1.42704 -4.00771 -816.865 0 
1 822.806 0.318452 0.0221608 0.672835 -0.794553 -0.423647 -1.88454 -4.17058 -816.751 0 
1 822.209 0.315914 0.0223124 0.675965 -0.787123 -0.44796 -0.976047 -4.61029 -816.622 0 
5 822.096 0.31649 0.022151 0.677012 -0.824368 -0.438331 -1.36407 -5.0335 -815.698 0 
3 822.525 0.313496 0.0223904 0.679689 -0.797811 -0.464823 -1.27266 -5.22678 -816.026 0 
4 822.817 0.318105 0.0223001 0.673764 -0.780804 -0.469751 -1.41279 -4.55158 -816.853 0 
3 822.628 0.320761 0.0222115 0.672736 -0.796009 -0.468508 -1.52175 -4.62926 -816.477 0 
1 822.982 0.320048 0.022269 0.67457 -0.799699 -0.471264 -1.97467 -4.72508 -816.282 0 
1 822.024 0.3169 0.0222953 0.676239 -0.796196 -0.467855 -0.96742 -4.83243 -816.225 0 
2 823.937 0.319154 0.0223697 0.673962 -0.773004 -0.498549 -2.2579 -4.67918 -817 0 
2 823.66 0.318955 0.0223074 0.674636 -0.769779 -0.530345 -1.76644 -5.06752 -816.826 0 
1 823.473 0.320762 0.0221777 0.67309 -0.765992 -0.549171 -1.4514 -5.06189 -816.96 0 
1 823.594 0.316913 0.0221846 0.674897 -0.755968 -0.554655 -1.0086 -5.55284 -817.033 0 
4 823.687 0.315146 0.0223116 0.676668 -0.749934 -0.556525 -0.614049 -5.93169 -817.141 0 
2 823.723 0.315844 0.0222792 0.675349 -0.762444 -0.518398 -1.39696 -5.32927 -816.997 0 
2 822.969 0.320331 0.0221479 0.672434 -0.772041 -0.51274 -1.26877 -4.69468 -817.006 0 
2 826.156 0.31692 0.0220348 0.676168 -0.793947 -0.503265 -4.85665 -5.22167 -816.078 0 
2 826.305 0.316509 0.0218962 0.675013 -0.812375 -0.467186 -5.31764 -5.18032 -815.807 0 
3 825.503 0.311658 0.0220296 0.680985 -0.820458 -0.47254 -4.00893 -5.87753 -815.616 0 
2 824.606 0.311783 0.0221082 0.679936 -0.800583 -0.477539 -3.06075 -5.69255 -815.852 0 
9 823.976 0.313401 0.022139 0.679725 -0.815994 -0.459472 -2.92354 -5.35966 -815.692 0 
1 823.724 0.315261 0.0220778 0.678581 -0.824588 -0.463828 -2.63986 -5.47664 -815.607 0 
2 823.995 0.31479 0.0221764 0.680183 -0.820406 -0.486054 -2.61072 -5.77242 -815.612 0 
6 822.853 0.317605 0.0221731 0.675202 -0.797248 -0.483242 -1.68176 -5.03591 -816.135 0 
1 822.592 0.319546 0.0222141 0.674568 -0.799506 -0.47426 -1.57145 -4.7846 -816.236 0 
13 822.797 0.319531 0.0223449 0.673949 -0.779064 -0.484137 -1.36303 -4.52463 -816.909 0 
4 822.79 0.312764 0.0223368 0.679738 -0.784051 -0.505428 -0.814763 -5.8334 -816.142 0 
1 825.945 0.304913 0.0223936 0.689573 -0.803898 -0.545906 -1.49028 -8.58208 -815.873 0 
2 828.585 0.297591 0.0224275 0.693862 -0.798469 -0.530578 -1.18324 -11.2979 -816.104 0 
2 827.523 0.298658 0.0224115 0.69177 -0.805355 -0.487715 -1.63654 -9.97113 -815.916 0 
1 823.565 0.306691 0.0222925 0.687377 -0.836083 -0.464553 -0.939187 -6.87263 -815.753 0 
1 824.723 0.307023 0.0223209 0.687548 -0.834249 -0.464438 -2.25916 -6.74322 -815.72 0 
1 824.648 0.31192 0.022334 0.682759 -0.810858 -0.484727 -3.0854 -5.87559 -815.687 0 
5 823.814 0.311139 0.0223764 0.682848 -0.793185 -0.515961 -1.59877 -6.35905 -815.857 0 
2 822.797 0.316919 0.0221996 0.676417 -0.782043 -0.519416 -1.16332 -5.3063 -816.328 0 
4 827.99 0.309231 0.0219938 0.683953 -0.805551 -0.548634 -4.77611 -7.46339 -815.75 0 
2 827.419 0.301052 0.0221182 0.69068 -0.811091 -0.539115 -1.51448 -9.79083 -816.114 0 
2 825.655 0.313247 0.0221339 0.67847 -0.798675 -0.503166 -3.89199 -5.92014 -815.843 0 
3 826.96 0.309116 0.022203 0.68228 -0.822707 -0.458252 -5.11303 -6.22663 -815.621 0 
1 827.302 0.310716 0.0222499 0.682778 -0.838203 -0.45649 -5.42554 -6.27684 -815.6 0 
2 825.876 0.314333 0.0221882 0.680177 -0.838908 -0.462904 -4.21478 -6.12556 -815.535 0 
1 826.267 0.311198 0.0224144 0.68307 -0.81911 -0.477587 -4.51356 -6.12901 -815.624 0 
1 824.898 0.307733 0.0223628 0.686363 -0.839428 -0.453743 -2.59516 -6.60135 -815.702 0 
1 825.828 0.302405 0.022286 0.692849 -0.872733 -0.437513 -1.22161 -7.83385 -816.773 0 
7 824.367 0.302753 0.0223512 0.691271 -0.864388 -0.415669 -0.898325 -7.20073 -816.268 0 
3 824.596 0.308945 0.0222886 0.686067 -0.864124 -0.422866 -2.3117 -6.43704 -815.847 0 
4 824.618 0.31544 0.0223183 0.679024 -0.833258 -0.435608 -3.67812 -5.36756 -815.572 0 
1 824.542 0.313718 0.0222862 0.681834 -0.858304 -0.418423 -3.07853 -5.91689 -815.546 0 
1 824.067 0.307939 0.0222541 0.687213 -0.863222 -0.425752 -1.67556 -6.4816 -815.91 0 
2 822.669 0.316485 0.0222777 0.677602 -0.844448 -0.392669 -2.11267 -4.99363 -815.563 0 
4 822.26 0.315512 0.0223751 0.677815 -0.815385 -0.425427 -1.62861 -4.73906 -815.892 0 
2 822.898 0.310989 0.022449 0.681973 -0.822923 -0.417845 -1.98218 -5.25679 -815.659 0 
3 822.738 0.309674 0.0224986 0.683152 -0.825046 -0.39984 -1.84355 -5.24191 -815.653 0 
1 823.801 0.309063 0.0224753 0.682546 -0.821199 -0.403426 -2.71632 -5.40342 -815.681 0 
6 823.329 0.305511 0.0224782 0.687233 -0.837226 -0.406063 -1.4992 -6.20158 -815.629 0 
5 822.792 0.304888 0.0223351 0.688094 -0.847511 -0.409045 -0.629049 -6.41743 -815.745 0 
1 822.745 0.308253 0.0222207 0.684819 -0.850309 -0.400902 -1.41619 -5.71336 -815.615 0 
2 824.479 0.318172 0.0223286 0.672805 -0.781677 -0.447237 -3.09332 -4.3413 -817.045 0 
1 823.829 0.310123 0.0224986 0.682523 -0.789704 -0.473838 -1.77677 -6.00839 -816.044 0 
2 822.056 0.313728 0.022351 0.678292 -0.785149 -0.475035 -0.463488 -5.25364 -816.338 0 
7 822.361 0.313446 0.0223274 0.680277 -0.810424 -0.46138 -1.2596 -5.32754 -815.774 0 
2 822.35 0.308744 0.0223098 0.684625 -0.832262 -0.441292 -0.699501 -6.04792 -815.603 0 
3 823.206 0.316153 0.0221389 0.67873 -0.850513 -0.413032 -2.28358 -5.43031 -815.492 0 
1 823.847 0.323164 0.0221792 0.672485 -0.844339 -0.39467 -2.66262 -5.42681 -815.758 0 
11 822.789 0.313595 0.0222482 0.679866 -0.843151 -0.408977 -1.98759 -5.27542 -815.526 0 
4 823.334 0.312534 0.0224017 0.680911 -0.835627 -0.403701 -2.67099 -5.08795 -815.575 0 
4 823.771 0.311347 0.0224431 0.683497 -0.851816 -0.391757 -2.9256 -5.31349 -815.532 0 
1 824.654 0.312631 0.0224282 0.682629 -0.86132 -0.380141 -3.77939 -5.34926 -815.525 0 
4 822.526 0.310986 0.0224411 0.682456 -0.862384 -0.338834 -2.16114 -4.84497 -815.52 0 
1 821.925 0.316388 0.0223078 0.676623 -0.851758 -0.343584 -1.73342 -4.57418 -815.617 0 
3 823.308 0.315298 0.0222133 0.677197 -0.864166 -0.334929 -2.95665 -4.84322 -815.509 0 
2 827.016 0.318667 0.0222304 0.678234 -0.870384 -0.368448 -6.0025 -5.55155 -815.462 0 
1 824.276 0.315824 0.0223104 0.680356 -0.881552 -0.34172 -3.30256 -5.45927 -815.514 0 
2 823.397 0.317977 0.0223228 0.677615 -0.851151 -0.384098 -2.7853 -5.07107 -815.541 0 
12 822.329 0.315479 0.0222345 0.678433 -0.846436 -0.397708 -1.68135 -5.12352 -815.525 0 
7 821.51 0.315014 0.0221646 0.677692 -0.837729 -0.397831 -1.0458 -4.86524 -815.599 0 
13 822.894 0.319395 0.022175 0.674552 -0.836395 -0.406514 -2.1853 -5.00316 -815.705 0 
3 823.947 0.324826 0.0220521 0.669355 -0.837784 -0.384303 -2.65621 -5.22357 -816.067 0 
6 822.055 0.317412 0.022309 0.67661 -0.825514 -0.414961 -1.53306 -4.71949 -815.802 0 
1 823.23 0.321434 0.0222829 0.673692 -0.826593 -0.416027 -2.42693 -4.84583 -815.957 0 
4 822.276 0.313446 0.0223993 0.680321 -0.825262 -0.414885 -1.67195 -4.92133 -815.683 0 
1 822.063 0.315851 0.0224387 0.676677 -0.818754 -0.382707 -1.6935 -4.29902 -816.071 0 
8 822.687 0.303832 0.0224371 0.688233 -0.840285 -0.390978 -0.642638 -6.38726 -815.657 0 
9 824.165 0.30574 0.0225386 0.685056 -0.798925 -0.420906 -1.64914 -6.60518 -815.911 0 
3 825.656 0.305002 0.0225505 0.685856 -0.781044 -0.465509 -1.90118 -7.65507 -816.1 0 
2 825.143 0.314433 0.0222317 0.67933 -0.820489 -0.431629 -4.50487 -4.90882 -815.729 0 
3 824.786 0.31909 0.0223367 0.673344 -0.771887 -0.459664 -3.07869 -4.23999 -817.468 0 
1 824.644 0.316256 0.0222022 0.677534 -0.811855 -0.447809 -3.92818 -4.82242 -815.893 0 
2 823.405 0.325124 0.022157 0.668103 -0.778533 -0.464079 -1.60228 -4.08441 -817.718 0 
1 823.282 0.321673 0.0222998 0.668516 -0.755816 -0.440066 -0.397076 -3.8597 -819.025 0 
1 825.831 0.312562 0.0223219 0.678464 -0.783319 -0.443609 -4.08627 -5.18514 -816.56 0 
2 823.425 0.31702 0.0223476 0.674955 -0.78566 -0.432512 -2.18364 -4.32485 -816.916 0 
8 822.312 0.314354 0.0223384 0.675869 -0.784072 -0.419625 -0.779038 -4.64909 -816.884 0 
1 822.146 0.313434 0.0223236 0.674857 -0.790987 -0.370324 -0.61621 -4.52278 -817.007 0 
1 822.719 0.312944 0.0224753 0.674914 -0.778905 -0.36984 -0.335226 -4.82485 -817.559 0 
4 825.495 0.314976 0.0224786 0.675926 -0.775873 -0.415661 -3.52074 -4.6083 -817.366 0 
2 824.61 0.322927 0.0224087 0.666216 -0.762728 -0.367269 -0.87044 -3.72636 -820.014 0 
4 824.542 0.323217 0.0223498 0.667225 -0.75961 -0.40976 -1.37624 -3.66373 -819.502 0 
4 825.069 0.329376 0.0222506 0.660784 -0.754631 -0.395968 -0.294003 -3.57232 -821.202 0 
1 826.617 0.330737 0.0223296 0.659721 -0.767324 -0.361122 -1.64981 -3.85635 -821.111 0 
5 823.308 0.320283 0.0224395 0.668669 -0.781185 -0.33795 -0.701579 -3.80259 -818.804 0 
2 824.371 0.322173 0.0224834 0.669925 -0.801672 -0.337979 -2.8593 -3.71082 -817.8 0 
2 823.81 0.322321 0.0223843 0.668818 -0.794128 -0.347051 -2.0158 -3.67521 -818.119 0 
1 822.667 0.316803 0.0223244 0.675488 -0.835146 -0.330615 -2.60505 -4.0325 -816.029 0 
1 821.384 0.319535 0.0224073 0.671742 -0.815705 -0.32901 -0.646961 -3.80252 -816.935 0 
7 822.137 0.311224 0.0224987 0.679804 -0.825605 -0.335677 -1.746 -4.44714 -815.944 0 
1 821.66 0.311278 0.0223453 0.679631 -0.815659 -0.382626 -0.95585 -4.78066 -815.923 0 
1 822.364 0.305936 0.0221931 0.682988 -0.842357 -0.343378 -1.43223 -5.35895 -815.573 0 
2 821.352 0.313984 0.0222911 0.674124 -0.805107 -0.344728 -0.429463 -4.2065 -816.716 0 
1 822.107 0.321117 0.0221184 0.670219 -0.830015 -0.336474 -1.57266 -4.09941 -816.435 0 
4 821.582 0.318064 0.0222366 0.675671 -0.868161 -0.31082 -1.26103 -4.74899 -815.572 0 
1 822.021 0.323695 0.0222331 0.669287 -0.842322 -0.309213 -1.0463 -4.51114 -816.463 0 
2 822.426 0.32354 0.0223252 0.670038 -0.831278 -0.333181 -1.49991 -4.30367 -816.622 0 
3 823.554 0.328419 0.022283 0.664114 -0.814841 -0.313339 -0.912291 -4.43276 -818.209 0 
6 823.513 0.320771 0.0223303 0.670323 -0.803811 -0.343353 -2.33196 -3.72887 -817.453 0 
2 823.052 0.322529 0.0221775 0.666066 -0.797166 -0.3296 -1.12671 -3.6981 -818.228 0 
1 822.773 0.316264 0.0223375 0.671126 -0.805411 -0.293417 -1.27101 -3.98025 -817.522 0 
2 822.992 0.301006 0.0222997 0.685788 -0.861098 -0.27013 -1.66264 -5.71835 -815.611 0 
4 822.417 0.312968 0.0222742 0.67286 -0.827604 -0.255614 -1.70451 -4.07823 -816.635 0 
3 821.619 0.304084 0.0222225 0.685435 -0.892621 -0.255025 -0.848613 -4.92685 -815.843 0 
5 822.758 0.306797 0.0221195 0.681808 -0.884422 -0.256536 -2.53661 -4.59738 -815.624 0 
6 824.393 0.314713 0.0220629 0.673126 -0.88376 -0.206826 -4.417 -4.28945 -815.687 0 
2 820.555 0.30803 0.0222682 0.681135 -0.91181 -0.174116 -0.479025 -4.34475 -815.731 0 
4 821.26 0.318997 0.0223123 0.672694 -0.898253 -0.176697 -0.39977 -5.07607 -815.785 0 
4 820.165 0.307773 0.0223811 0.682853 -0.896377 -0.216074 -0.168965 -4.35366 -815.642 0 
2 820.073 0.30611 0.0223676 0.683062 -0.895766 -0.201413 -0.0629269 -4.3552 -815.655 0 
1 821.857 0.305864 0.0223198 0.681263 -0.896426 -0.176818 -1.93458 -4.2816 -815.641 0 
4 819.857 0.30818 0.0223703 0.681039 -0.893402 -0.193959 -0.0423103 -4.21049 -815.604 0 
1 820.752 0.302782 0.0224125 0.68625 -0.883728 -0.235718 -0.14077 -4.91881 -815.692 0 
1 820.598 0.303933 0.022392 0.685566 -0.898152 -0.215317 -0.16781 -4.63784 -815.792 0 
4 820.873 0.30706 0.022235 0.683131 -0.913185 -0.202864 -0.461065 -4.5417 -815.871 0 
2 820.464 0.305043 0.0223859 0.682611 -0.885792 -0.196406 -0.444458 -4.41374 -815.606 0 
3 821.305 0.302287 0.022322 0.686131 -0.89626 -0.216945 -0.619413 -4.84407 -815.841 0 
2 821.362 0.300987 0.0224151 0.687833 -0.893952 -0.213672 -0.479384 -5.0344 -815.849 0 
1 820.952 0.302034 0.0224055 0.687843 -0.906657 -0.207081 -0.0990538 -4.82398 -816.029 0 
1 820.374 0.31287 0.022264 0.67728 -0.893215 -0.209299 -0.44551 -4.34393 -815.585 0 
1 820.708 0.30614 0.0222852 0.683296 -0.897151 -0.222705 -0.4913 -4.50398 -815.713 0 
5 821.07 0.305928 0.0222681 0.684523 -0.893771 -0.245194 -0.685186 -4.64545 -815.739 0 
2 823.544 0.300445 0.0222948 0.68845 -0.907687 -0.225926 -2.02132 -5.23414 -816.289 0 
1 822.067 0.300952 0.0222818 0.687216 -0.896406 -0.223735 -1.01978 -5.10179 -815.946 0 
1 820.484 0.305157 0.0223128 0.683728 -0.896253 -0.209318 -0.309765 -4.47237 -815.701 0 
1 821.426 0.300179 0.0223939 0.688965 -0.906988 -0.206169 -0.191485 -5.0783 -816.156 0 
2 821.133 0.301782 0.0224076 0.686212 -0.89923 -0.191073 -0.567199 -4.74664 -815.82 0 
6 821.004 0.303338 0.0223379 0.687128 -0.922947 -0.188929 -0.0357888 -4.70046 -816.268 0 
2 821.151 0.303107 0.022326 0.687056 -0.921732 -0.185123 -0.262334 -4.66246 -816.226 0 
1 822.83 0.299954 0.0222994 0.689677 -0.947873 -0.148403 -0.735331 -4.90958 -817.185 0 
6 821.606 0.310816 0.0223827 0.675896 -0.902789 -0.115864 -1.49913 -4.35252 -815.755 0 
1 821.798 0.308736 0.0225661 0.678285 -0.893851 -0.124945 -1.81431 -4.23844 -815.745 0 
1 823.144 0.312914 0.0226223 0.67237 -0.863961 -0.114345 -1.70868 -4.68344 -816.752 0 
1 822.627 0.311587 0.0225524 0.67306 -0.867956 -0.112159 -1.47635 -4.62792 -816.522 0 
1 823.797 0.30587 0.0224953 0.677285 -0.891559 -0.0840465 -3.32207 -4.61023 -815.864 0 
2 824.761 0.303379 0.0223824 0.679123 -0.915709 -0.045642 -4.26365 -4.69052 -815.807 0 
4 822.932 0.308694 0.0222953 0.676628 -0.935681 -0.0345712 -2.16238 -4.8869 -815.882 0 
3 824.754 0.304369 0.0221919 0.680817 -0.94857 -0.0457228 -4.041 -4.54665 -816.167 0 
3 823.724 0.313825 0.0224089 0.670353 -0.900779 -0.0491402 -2.09023 -5.30894 -816.325 0 
4 824.411 0.319405 0.0224209 0.666271 -0.899109 -0.0350081 -0.88645 -6.56221 -816.962 0 
4 823.183 0.310027 0.0222689 0.676855 -0.949798 -0.0256645 -1.95918 -5.24579 -815.978 0 
2 823.844 0.316825 0.0222503 0.670344 -0.943929 -0.016205 -1.10867 -6.71114 -816.025 0 
2 824.123 0.314852 0.0225467 0.670624 -0.905432 -0.0260214 -1.77522 -5.8653 -816.483 0 
1 823.68 0.321349 0.0224179 0.665928 -0.899069 -0.0558243 -0.169048 -6.60712 -816.904 0 
2 822.796 0.320956 0.0223994 0.668279 -0.908383 -0.0766148 -0.108018 -6.30758 -816.381 0 
1 822.619 0.316361 0.0225196 0.671724 -0.909525 -0.060957 -0.892358 -5.53704 -816.19 0 
1 822.711 0.315927 0.0224666 0.670855 -0.892881 -0.0790022 -1.12773 -5.17208 -816.412 0 
2 822.949 0.314692 0.0224445 0.671941 -0.89702 -0.0760122 -1.64983 -5.05249 -816.247 0 
3 821.778 0.317166 0.0223668 0.670434 -0.899573 -0.0994918 -0.464892 -5.15746 -816.155 0 
1 820.81 0.311861 0.0224003 0.676221 -0.913681 -0.107407 -0.507439 -4.56045 -815.742 0 
1 824.344 0.313371 0.0223496 0.675339 -0.926427 -0.103375 -3.5746 -5.01636 -815.753 0 
1 823.246 0.311473 0.0223584 0.674929 -0.914482 -0.0892814 -2.82744 -4.63146 -815.787 0 
5 820.682 0.306427 0.0224309 0.680161 -0.910037 -0.106962 -0.676517 -4.29149 -815.714 0 
1 821.581 0.308795 0.0225002 0.676876 -0.899077 -0.0857758 -1.21428 -4.50469 -815.862 0 
1 821.332 0.312547 0.0225446 0.675454 -0.903943 -0.0980571 -0.862993 -4.59806 -815.871 0 
4 820.825 0.310023 0.0224536 0.676951 -0.906187 -0.0953436 -0.598293 -4.43978 -815.787 0 
2 821.488 0.31768 0.0224255 0.671619 -0.906159 -0.103254 -0.162768 -5.29815 -816.027 0 
2 820.346 0.311117 0.0224361 0.677926 -0.909573 -0.124747 -0.263901 -4.38068 -815.701 0 
4 820.682 0.311038 0.0225051 0.678429 -0.90385 -0.135519 -0.69524 -4.2954 -815.691 0 
4 822.355 0.302306 0.0225715 0.688555 -0.927377 -0.150913 -1.58176 -4.53527 -816.238 0 
1 821.965 0.310478 0.0224056 0.678401 -0.905645 -0.128771 -1.97624 -4.29331 -815.695 0 
4 822.322 0.299119 0.0224114 0.688278 -0.915707 -0.145172 -1.36139 -4.85531 -816.105 0 
3 822.246 0.303856 0.0223068 0.684604 -0.929067 -0.125629 -1.81432 -4.37427 -816.058 0 
1 822.322 0.306479 0.0222809 0.681527 -0.898651 -0.170059 -2.43756 -4.24104 -815.643 0 
5 820.612 0.307212 0.0224526 0.67978 -0.883285 -0.160003 -0.694651 -4.23934 -815.678 0 
1 820.801 0.308698 0.02246 0.677512 -0.873323 -0.159966 -0.727215 -4.22894 -815.845 0 
1 822.382 0.306855 0.0226562 0.680347 -0.883628 -0.134016 -2.25549 -4.36508 -815.761 0 
4 822.853 0.304652 0.0227072 0.682467 -0.892114 -0.126413 -2.74364 -4.42906 -815.681 0 
4 823.167 0.307346 0.0226902 0.679469 -0.888318 -0.10851 -2.87915 -4.45176 -815.836 0 
1 824.183 0.304166 0.022769 0.683361 -0.892339 -0.121611 -3.98647 -4.51112 -815.686 0 
3 824.303 0.312918 0.0227133 0.673525 -0.891638 -0.0641729 -2.87543 -5.06027 -816.367 0 
4 824.452 0.315382 0.0226838 0.670712 -0.883072 -0.0700196 -2.40377 -5.27957 -816.768 0 
2 825 0.317342 0.0226478 0.668346 -0.886428 -0.0508506 -2.07103 -5.87924 -817.05 0 
1 826.232 0.316579 0.022589 0.669911 -0.883261 -0.095834 -4.6251 -5.01788 -816.589 0 
1 825.008 0.310081 0.0227113 0.675195 -0.890041 -0.0753358 -4.16324 -4.70837 -816.136 0 
1 821.341 0.3073 0.022531 0.681308 -0.93842 -0.0702294 -0.846005 -4.56298 -815.932 0 
9 820.703 0.307163 0.02244 0.679891 -0.916244 -0.101286 -0.649777 -4.31523 -815.738 0 
4 821.674 0.305567 0.0223975 0.679711 -0.910925 -0.0927666 -1.58924 -4.35261 -815.733 0 
1 824.335 0.313208 0.0223096 0.670619 -0.898043 -0.0648169 -3.0994 -5.01376 -816.222 0 
1 822.909 0.309589 0.0223938 0.67455 -0.896003 -0.0753031 -2.2526 -4.66095 -815.996 0 
4 821.598 0.308179 0.0224232 0.677348 -0.921577 -0.0571236 -1.16573 -4.61921 -815.813 0 
1 822.006 0.315028 0.0224085 0.670987 -0.89369 -0.0821603 -0.697718 -5.0086 -816.299 0 
1 822.245 0.304277 0.0223308 0.684284 -0.953101 -0.0716365 -1.32092 -4.52785 -816.396 0 
6 821.268 0.313754 0.0223775 0.674838 -0.933942 -0.0623014 -0.0587104 -5.36567 -815.844 0 
7 821.978 0.310338 0.0223112 0.678435 -0.961832 -0.0322691 -0.370453 -5.46286 -816.145 0 
3 822.055 0.312145 0.0223339 0.676218 -0.957936 -0.0244746 -0.225802 -5.80044 -816.029 0 
1 823.777 0.314923 0.022272 0.674944 -0.977384 -0.00765065 -0.387613 -7.16813 -816.221 0 
1 823.703 0.312827 0.0224167 0.675098 -0.956926 -0.0111876 -1.61583 -6.07304 -816.014 0 
1 823.741 0.312743 0.0224652 0.673074 -0.926316 -0.0297821 -2.31638 -5.44761 -815.977 0 
4 821.605 0.30925 0.0225057 0.676572 -0.91699 -0.0553137 -1.04249 -4.7157 -815.847 0 
1 823.423 0.315513 0.0221886 0.671294 -0.922617 -0.0706003 -2.07827 -5.44211 -815.903 0 
1 822.463 0.315939 0.0223508 0.671806 -0.912515 -0.089929 -1.31568 -5.2154 -815.931 0 
1 822.933 0.317423 0.0221607 0.671661 -0.930134 -0.0898614 -1.24305 -5.86623 -815.824 0 
6 824.966 0.325487 0.0221695 0.665321 -0.919984 -0.0893968 -0.838657 -7.82228 -816.305 0 
1 824.934 0.316238 0.0222581 0.677155 -0.966876 -0.0823233 -1.99616 -6.82189 -816.116 0 
5 823.56 0.308967 0.0222254 0.681636 -0.957877 -0.0897218 -2.21103 -5.03629 -816.313 0 
1 826.146 0.304804 0.0222771 0.685842 -0.969425 -0.0735872 -4.42231 -4.80761 -816.916 0 
3 821.982 0.301434 0.0223337 0.687812 -0.958426 -0.0939949 -0.405596 -4.60383 -816.973 0 
4 824.479 0.298333 0.0222837 0.692394 -0.988301 -0.0812951 -0.640249 -5.05146 -818.788 0 
6 823.731 0.297116 0.0223391 0.690875 -0.966585 -0.0811048 -1.22813 -4.78288 -817.72 0 
3 823.167 0.308576 0.022314 0.679063 -0.953292 -0.0307239 -2.07381 -5.03509 -816.058 0 
1 824.682 0.295182 0.0223383 0.69304 -0.98572 -0.0513394 -1.0697 -4.89127 -818.721 0 
1 824.165 0.297302 0.0224148 0.692363 -0.993272 -0.0318328 -0.766181 -4.80668 -818.592 0 
1 823.065 0.296704 0.0224264 0.691665 -0.971444 -0.0597426 -0.553219 -4.72632 -817.785 0 
1 822.755 0.306104 0.0224154 0.681512 -0.957446 -0.0209117 -1.69694 -4.85527 -816.202 0 
4 822.124 0.303469 0.0223913 0.682648 -0.954975 -0.0245022 -1.21401 -4.62583 -816.284 0 
1 823.107 0.301377 0.0223471 0.686236 -0.979896 -0.0235745 -1.07405 -4.75032 -817.283 0 
7 821.759 0.310688 0.0223619 0.676421 -0.946949 -0.0254744 -0.483032 -5.32946 -815.946 0 
1 821.665 0.308275 0.0224849 0.679241 -0.937606 -0.0558743 -1.072 -4.7049 -815.888 0 
1 822.35 0.308769 0.0225321 0.676201 -0.920436 -0.0328176 -1.52979 -4.91926 -815.901 0 
1 821.111 0.309756 0.0224545 0.678014 -0.938504 -0.0498299 -0.325469 -4.90816 -815.878 0 
1 823.137 0.300604 0.0225603 0.684077 -0.925233 -0.0471281 -2.52812 -4.70637 -815.903 0 
1 824.566 0.311578 0.0226232 0.675922 -0.897994 -0.0795122 -3.81689 -4.72175 -816.027 0 
1 821.498 0.305851 0.0225754 0.682131 -0.925335 -0.0786079 -1.2844 -4.39389 -815.82 0 
7 820.929 0.305655 0.0225079 0.68111 -0.911525 -0.103734 -0.899145 -4.30478 -815.725 0 
1 821.533 0.300155 0.0225279 0.686983 -0.913521 -0.12837 -0.930489 -4.67506 -815.928 0 
13 822.543 0.301591 0.0225103 0.685015 -0.895954 -0.141529 -2.13626 -4.7234 -815.684 0 
2 823.484 0.314718 0.0225277 0.670511 -0.877814 -0.0817538 -1.62655 -5.09074 -816.767 0 
1 821.536 0.313393 0.0223702 0.675126 -0.920451 -0.0833452 -0.786663 -4.93597 -815.813 0 
1 822.047 0.312205 0.0224492 0.676662 -0.910963 -0.10185 -1.69144 -4.57646 -815.779 0 
2 822.132 0.313295 0.0224106 0.675687 -0.911808 -0.10138 -1.63055 -4.70176 -815.8 0 
2 822.17 0.312055 0.0224039 0.67871 -0.928771 -0.109973 -1.63925 -4.76821 -815.762 0 
4 821.623 0.308857 0.0225177 0.682189 -0.935444 -0.114712 -1.10608 -4.597 -815.92 0 
2 820.785 0.305423 0.0223894 0.685023 -0.937101 -0.138159 -0.0335949 -4.52861 -816.222 0 
7 821.371 0.310769 0.0222788 0.678524 -0.938508 -0.10398 -0.609069 -4.87932 -815.883 0 
2 821.284 0.304756 0.022544 0.682245 -0.905793 -0.121966 -1.27903 -4.3067 -815.699 0 
7 820.55 0.30485 0.0223794 0.684448 -0.929176 -0.137969 -0.0794297 -4.41167 -816.058 0 
8 820.538 0.311825 0.0223936 0.678647 -0.924255 -0.127842 -0.132315 -4.67426 -815.731 0 
13 821.148 0.313523 0.0223386 0.67629 -0.938467 -0.0832695 -0.0161919 -5.30738 -815.824 0 
4 821.225 0.308273 0.0225313 0.681117 -0.93439 -0.086522 -0.806059 -4.54615 -815.873 0 
2 820.87 0.3102 0.0224773 0.678776 -0.925335 -0.0968669 -0.529062 -4.57626 -815.765 0 
1 821.998 0.316019 0.0225463 0.672389 -0.887915 -0.119891 -1.09805 -4.70386 -816.196 0 
3 820.915 0.309939 0.0225567 0.678638 -0.903724 -0.121105 -0.909651 -4.28967 -815.715 0 
2 820.108 0.309599 0.0224568 0.678934 -0.902754 -0.138049 -0.209815 -4.2251 -815.673 0 
1 820.839 0.305562 0.0225252 0.681415 -0.89853 -0.132738 -0.888103 -4.28451 -815.667 0 
2 821.894 0.315572 0.022373 0.671041 -0.889676 -0.111745 -0.968738 -4.73507 -816.19 0 
2 820.453 0.309997 0.0222755 0.67886 -0.914389 -0.147145 -0.398429 -4.36556 -815.689 0 
4 820.507 0.313543 0.0223713 0.676702 -0.91574 -0.137256 -0.11168 -4.70763 -815.687 0 
4 822.122 0.313946 0.0223607 0.672524 -0.882857 -0.138457 -1.72818 -4.34562 -816.049 0 
1 821.61 0.30248 0.0224145 0.685548 -0.913657 -0.160296 -1.1586 -4.51071 -815.941 0 
2 820.558 0.309658 0.0223801 0.677133 -0.883067 -0.160715 -0.689478 -4.13122 -815.737 0 
4 820.933 0.305945 0.0223667 0.681531 -0.898008 -0.169695 -1.02362 -4.26286 -815.647 0 
1 821.319 0.302155 0.0225443 0.687042 -0.908042 -0.164979 -0.886879 -4.56618 -815.866 0 
1 821.649 0.303078 0.0224407 0.687433 -0.925764 -0.160167 -0.930721 -4.52516 -816.193 0 
1 820.553 0.309801 0.0224479 0.67937 -0.915965 -0.117946 -0.469937 -4.37201 -815.711 0 
4 822.062 0.315113 0.0223407 0.671322 -0.904723 -0.0753924 -0.824227 -5.12737 -816.11 0 
1 824.434 0.325007 0.0224074 0.665036 -0.892479 -0.1063 -0.803176 -6.72421 -816.907 0 
1 824.005 0.314438 0.0224054 0.677295 -0.936313 -0.0956089 -2.89054 -5.31901 -815.796 0 
1 823.325 0.307008 0.0223523 0.685088 -0.97293 -0.0822737 -1.2222 -5.19565 -816.907 0 
2 822.573 0.310217 0.0223569 0.680629 -0.979214 -0.0320928 -0.111029 -5.90211 -816.56 0 
2 823.839 0.310699 0.0222501 0.67719 -0.955989 -0.049549 -2.39272 -5.38367 -816.063 0 
1 824.679 0.304281 0.0222667 0.684746 -0.983402 -0.0477773 -2.19626 -5.1474 -817.335 0 
2 824.854 0.302071 0.0222384 0.689078 -1.00488 -0.052227 -0.501863 -5.53528 -818.817 0 
3 822.432 0.312131 0.0223953 0.678771 -0.961006 -0.0619433 -0.580384 -5.72728 -816.125 0 
4 822.215 0.314081 0.0224557 0.67732 -0.943158 -0.0825801 -0.838516 -5.52489 -815.852 0 
12 822.712 0.307126 0.0223862 0.6848 -0.961529 -0.114677 -0.878034 -5.12317 -816.711 0 
2 823.912 0.296593 0.0224508 0.693835 -0.94994 -0.154299 -0.822468 -5.30824 -817.782 0 
2 820.781 0.316176 0.0223528 0.674541 -0.908527 -0.148121 -0.161705 -4.90101 -815.719 0 
1 820.878 0.307204 0.0223972 0.684486 -0.918509 -0.191035 -0.422778 -4.53329 -815.922 0 
5 823.843 0.31198 0.0221706 0.681772 -0.927442 -0.22007 -2.59033 -5.27962 -815.973 0 
2 822.243 0.311452 0.0222663 0.681747 -0.926665 -0.198819 -1.33615 -5.00659 -815.9 0 
1 823.363 0.320069 0.0224109 0.672094 -0.880991 -0.215158 -2.60151 -4.86091 -815.901 0 
1 823.2 0.318521 0.02238 0.67327 -0.875623 -0.237532 -2.82842 -4.57534 -815.796 0 
2 823.93 0.319746 0.0222772 0.673081 -0.902331 -0.210401 -2.75211 -5.54807 -815.63 0 
3 825.598 0.316389 0.0222469 0.67975 -0.946069 -0.20295 -2.78926 -6.74393 -816.065 0 
3 824.568 0.312517 0.0223455 0.682947 -0.941846 -0.201299 -2.58805 -5.77657 -816.203 0 
1 825.283 0.313194 0.022328 0.682071 -0.945923 -0.177921 -3.37902 -5.75817 -816.146 0 
1 822.948 0.316001 0.0223763 0.678042 -0.922631 -0.1882 -1.83744 -5.44024 -815.67 0 
3 823.066 0.319783 0.0222654 0.673982 -0.908772 -0.211578 -1.68737 -5.78031 -815.598 0 
1 824.803 0.316753 0.0224929 0.67674 -0.890168 -0.234634 -4.44963 -4.7685 -815.585 0 
2 825.33 0.306968 0.0224749 0.688451 -0.91855 -0.272087 -3.42183 -5.49317 -816.415 0 
3 826.505 0.316141 0.02256 0.679524 -0.875068 -0.301614 -6.23743 -4.75236 -815.515 0 
1 827.191 0.322232 0.0224866 0.674351 -0.863045 -0.315122 -6.34658 -5.07576 -815.769 0 
3 823.643 0.316917 0.022457 0.677926 -0.867678 -0.306046 -3.48274 -4.59268 -815.567 0 
5 820.8 0.315025 0.0224315 0.676811 -0.845533 -0.303983 -0.879262 -4.06682 -815.854 0 
3 821.19 0.31419 0.0222457 0.677892 -0.871387 -0.281897 -1.29772 -4.3394 -815.553 0 
1 822.097 0.320191 0.0224515 0.671107 -0.824784 -0.293289 -1.25703 -3.8349 -817.006 0 
2 821.857 0.310815 0.0225041 0.679819 -0.822493 -0.337555 -1.33652 -4.53093 -815.989 0 
4 822.642 0.317463 0.0225398 0.6716 -0.79598 -0.318995 -0.922205 -3.89956 -817.82 0 
1 821.222 0.317878 0.0224425 0.671808 -0.812801 -0.309522 -0.298697 -3.79702 -817.126 0 
2 827.165 0.321158 0.0222854 0.665139 -0.778342 -0.331308 -4.17744 -3.74506 -819.243 0 
1 825.981 0.307696 0.0222715 0.677663 -0.801359 -0.349293 -4.15906 -5.47585 -816.346 0 
1 825.442 0.299526 0.0222458 0.687147 -0.840189 -0.335379 -2.7535 -7.0422 -815.647 0 
1 824.355 0.302197 0.0223024 0.684568 -0.820206 -0.358476 -1.89763 -6.7686 -815.688 0 
5 824.63 0.304572 0.0223732 0.68181 -0.784287 -0.397722 -1.05076 -7.21603 -816.363 0 
1 824.414 0.32064 0.0221971 0.667065 -0.775641 -0.379043 -2.12108 -3.74557 -818.547 0 
2 823.424 0.318417 0.022198 0.669986 -0.771429 -0.40589 -1.25214 -4.05246 -818.12 0 
1 823.841 0.317222 0.0222983 0.673367 -0.795198 -0.380965 -2.77595 -4.01137 -817.053 0 
5 823.951 0.324627 0.0223714 0.664385 -0.767025 -0.363178 -0.301928 -3.61499 -820.034 0 
2 822.925 0.321668 0.0223049 0.667802 -0.788454 -0.344613 -0.829875 -3.67958 -818.415 0 
1 822.926 0.322382 0.0222094 0.665973 -0.810527 -0.29687 -1.19119 -3.81392 -817.921 0 
6 821.603 0.322729 0.0221961 0.669102 -0.847667 -0.286682 -0.736325 -4.45467 -816.412 0 
2 823.012 0.319408 0.022286 0.66916 -0.837451 -0.259406 -2.27912 -3.9569 -816.776 0 
5 822.575 0.307782 0.0222586 0.678898 -0.873115 -0.217624 -2.73576 -4.23635 -815.603 0 
3 822.117 0.300464 0.0223877 0.687597 -0.914976 -0.172578 -1.17192 -4.79479 -816.15 0 
1 822.097 0.302295 0.0224576 0.685269 -0.905302 -0.165192 -1.7378 -4.54498 -815.814 0 
6 821.781 0.311022 0.0225765 0.675249 -0.865946 -0.150409 -1.32149 -4.26442 -816.195 0 
5 820.819 0.313621 0.0225015 0.674612 -0.886507 -0.139034 -0.531399 -4.33363 -815.954 0 
6 820.55 0.315491 0.0223921 0.674808 -0.895218 -0.168637 -0.294604 -4.51553 -815.74 0 
1 822.462 0.318203 0.0223558 0.673577 -0.894304 -0.198696 -1.8338 -4.92262 -815.705 0 
1 822.127 0.305196 0.0225294 0.685614 -0.904275 -0.205377 -1.8075 -4.51421 -815.806 0 
8 821.203 0.310208 0.0224357 0.681914 -0.89762 -0.231254 -1.11073 -4.47561 -815.617 0 
3 821.72 0.306909 0.0224611 0.685589 -0.896543 -0.246591 -1.35003 -4.62487 -815.745 0 
1 822.373 0.299397 0.0225197 0.690419 -0.886274 -0.242793 -0.836208 -5.62208 -815.915 0 
1 821.151 0.305273 0.0225777 0.683998 -0.887499 -0.190942 -1.1665 -4.37497 -815.609 0 
1 821.852 0.299042 0.0223821 0.689851 -0.912345 -0.192441 -0.396971 -5.14939 -816.306 0 
4 820.169 0.308336 0.0223422 0.68165 -0.907245 -0.188351 -0.12668 -4.34822 -815.694 0 
8 820.495 0.313365 0.022251 0.676593 -0.906067 -0.168458 -0.362597 -4.49556 -815.637 0 
11 820.015 0.308098 0.0224457 0.680733 -0.903421 -0.153827 -0.162643 -4.20057 -815.652 0 
2 821.248 0.313475 0.0223867 0.674861 -0.900163 -0.136938 -1.03014 -4.4545 -815.763 0 
1 822.667 0.311835 0.0222656 0.677574 -0.934002 -0.118454 -1.90105 -4.95052 -815.816 0 
2 822.081 0.304154 0.0223711 0.685773 -0.940152 -0.141124 -1.04533 -4.61496 -816.421 0 
8 821.692 0.313259 0.0222126 0.676394 -0.932285 -0.119101 -0.838581 -5.08125 -815.772 0 
3 820.611 0.311298 0.0223132 0.676277 -0.906461 -0.123877 -0.522753 -4.37217 -815.716 0 
2 820.724 0.309755 0.0223089 0.67929 -0.913646 -0.154907 -0.665902 -4.36943 -815.689 0 
3 820.526 0.308079 0.0223408 0.682534 -0.91767 -0.181581 -0.203538 -4.48966 -815.833 0 
1 820.169 0.307996 0.0224462 0.682387 -0.894925 -0.204309 -0.284012 -4.27004 -815.615 0 
1 820.328 0.308031 0.0225012 0.681326 -0.899618 -0.165439 -0.504667 -4.18959 -815.634 0 
1 821.406 0.30811 0.0225257 0.682444 -0.921056 -0.132267 -1.29695 -4.33547 -815.773 0 
8 820.224 0.307835 0.0224644 0.681918 -0.908678 -0.16011 -0.287599 -4.25086 -815.686 0 
4 821.26 0.303386 0.0223453 0.687107 -0.941035 -0.150083 -0.0131671 -4.67028 -816.577 0 
4 821.099 0.306625 0.0224515 0.6839 -0.929847 -0.14431 -0.619572 -4.47491 -816.005 0 
1 822.255 0.316431 0.022372 0.671736 -0.896623 -0.126668 -1.46152 -4.80957 -815.984 0 
1 821.094 0.30955 0.0225687 0.679289 -0.902559 -0.131252 -1.16783 -4.23857 -815.688 0 
1 821.097 0.31055 0.0224759 0.677569 -0.921941 -0.0872302 -0.720316 -4.61072 -815.766 0 
3 820.653 0.305302 0.0224352 0.684034 -0.937557 -0.108211 -0.124662 -4.42664 -816.102 0 
6 821.18 0.310205 0.0225388 0.680078 -0.914387 -0.133709 -1.12185 -4.36732 -815.691 0 
1 821.292 0.307103 0.0224501 0.683061 -0.91739 -0.14593 -1.22443 -4.29029 -815.777 0 
1 821.34 0.308567 0.022497 0.683011 -0.920178 -0.161307 -1.11868 -4.42169 -815.8 0 
3 822.583 0.299477 0.0225919 0.689225 -0.905518 -0.163645 -1.68574 -4.95706 -815.94 0 
4 820.964 0.303696 0.0225376 0.685722 -0.896004 -0.19112 -0.740469 -4.51984 -815.704 0 
6 821.701 0.313323 0.0225942 0.67551 -0.857148 -0.196953 -1.45367 -4.03842 -816.209 0 
1 823.178 0.309924 0.0225778 0.680598 -0.8631 -0.231356 -3.34416 -4.12983 -815.704 0 
2 825.669 0.315207 0.0227416 0.674559 -0.826148 -0.246437 -4.67908 -3.9904 -817 0 
3 824.768 0.317768 0.0226865 0.672049 -0.830674 -0.23642 -3.65199 -3.93954 -817.176 0 
1 822.619 0.321311 0.0224957 0.668963 -0.837315 -0.240152 -1.30607 -4.11603 -817.197 0 
1 823.089 0.322417 0.0224809 0.666159 -0.830794 -0.212949 -0.700659 -4.3449 -818.043 0 
6 822.176 0.318275 0.0225509 0.670987 -0.841924 -0.21392 -1.11488 -4.06255 -816.999 0 
5 820.81 0.312543 0.0225174 0.675878 -0.854149 -0.217562 -0.730894 -3.99845 -816.081 0 
1 821.674 0.30718 0.022608 0.680687 -0.854481 -0.21787 -1.40242 -4.4656 -815.806 0 
4 820.884 0.303508 0.0224872 0.685672 -0.878969 -0.236709 -0.434895 -4.82403 -815.625 0 
3 821.071 0.309218 0.022565 0.679378 -0.856409 -0.222602 -1.03821 -4.20475 -815.828 0 
1 821.744 0.310071 0.0224849 0.677105 -0.844798 -0.219962 -1.30784 -4.27172 -816.165 0 
2 821.255 0.308115 0.0223661 0.67804 -0.870957 -0.177399 -1.24487 -4.23779 -815.772 0 
4 820.539 0.309257 0.0224757 0.678007 -0.864033 -0.192654 -0.509918 -4.17668 -815.852 0 
1 820.69 0.309505 0.0223762 0.679462 -0.889693 -0.179543 -0.936926 -4.12903 -815.624 0 
2 819.96 0.30836 0.0223656 0.680524 -0.899478 -0.171893 -0.138426 -4.19306 -815.629 0 
1 820.556 0.313279 0.0223776 0.677001 -0.893068 -0.178116 -0.631467 -4.25732 -815.667 0 
11 820.91 0.310849 0.0222405 0.677285 -0.885823 -0.188687 -1.16003 -4.10901 -815.641 0 
3 823.507 0.304935 0.0221569 0.684189 -0.904468 -0.211749 -3.11047 -4.55271 -815.844 0 
2 824.434 0.309606 0.0220795 0.679382 -0.924126 -0.150985 -4.14162 -4.493 -815.8 0 
2 822.302 0.310517 0.0221584 0.678613 -0.906679 -0.175506 -2.35226 -4.3109 -815.639 0 
1 823.008 0.307808 0.0221591 0.678572 -0.893021 -0.173187 -3.21339 -4.17553 -815.619 0 
1 822.814 0.297921 0.0223049 0.690733 -0.927459 -0.176353 -0.804237 -5.19919 -816.81 0 
3 822.512 0.302278 0.0222586 0.684354 -0.912575 -0.153853 -2.10595 -4.50186 -815.904 0 
16 823.861 0.30111 0.0223771 0.683301 -0.885091 -0.162239 -3.3226 -4.8991 -815.639 0 
6 825.337 0.298018 0.0222269 0.687457 -0.902755 -0.175423 -4.03037 -5.29114 -816.015 0 
2 826.285 0.306953 0.0221563 0.676569 -0.893967 -0.122344 -6.2863 -4.28335 -815.715 0 
1 826.793 0.316258 0.0222079 0.666843 -0.855019 -0.134211 -4.9472 -4.63925 -817.206 0 
1 825.258 0.306839 0.022251 0.676299 -0.875102 -0.137801 -4.95262 -4.44452 -815.861 0 
2 824.529 0.308603 0.0221956 0.67561 -0.887786 -0.130947 -4.50308 -4.24765 -815.779 0 
4 824.174 0.301739 0.022159 0.685722 -0.947146 -0.113474 -2.94488 -4.56212 -816.667 0 
3 824.329 0.314552 0.0220832 0.673834 -0.934736 -0.08996 -3.16781 -5.36629 -815.795 0 
4 824.323 0.313001 0.0220423 0.676544 -0.940784 -0.119541 -3.19771 -5.25313 -815.872 0 
5 824.147 0.308247 0.0221349 0.677974 -0.917725 -0.112913 -4.09194 -4.32318 -815.732 0 
2 823.021 0.308245 0.0222332 0.676974 -0.909797 -0.100704 -2.95852 -4.33413 -815.728 0 
5 822.69 0.310857 0.0221551 0.67714 -0.931658 -0.10163 -2.16956 -4.72001 -815.801 0 
1 824.088 0.308733 0.0222601 0.675234 -0.896086 -0.103802 -3.92546 -4.35307 -815.81 0 
1 824.842 0.315218 0.0222555 0.669059 -0.884309 -0.0990968 -3.60575 -4.81839 -816.418 0 
4 823.503 0.308308 0.0223479 0.675414 -0.875614 -0.132488 -3.20032 -4.3549 -815.948 0 
4 824.418 0.313746 0.022444 0.670229 -0.868164 -0.112704 -3.10016 -4.62937 -816.689 0 
4 823.182 0.30441 0.0225648 0.679378 -0.886714 -0.101807 -2.73156 -4.65683 -815.794 0 
3 823.074 0.313593 0.0224407 0.670725 -0.890669 -0.0664469 -1.5747 -5.07853 -816.421 0 
4 824.545 0.31493 0.0225204 0.668763 -0.882472 -0.0487325 -1.89622 -5.65269 -816.996 0 
1 823.155 0.300772 0.0225819 0.683754 -0.936176 -0.0280408 -2.4867 -4.6413 -816.027 0 
1 822.801 0.300459 0.0224932 0.684284 -0.943696 -0.0271917 -2.02466 -4.59267 -816.183 0 
1 821.396 0.306824 0.0224276 0.679711 -0.943164 -0.0347392 -0.688511 -4.74005 -815.968 0 
1 822.948 0.308355 0.0223169 0.680546 -0.98224 -5.68473e-05 -0.620261 -5.70453 -816.624 0 
3 822.15 0.307109 0.0224584 0.679903 -0.965492 0.0103403 -0.593499 -5.30839 -816.248 0 
1 822.981 0.306776 0.0224565 0.679157 -0.973902 0.0403792 -0.949303 -5.66609 -816.366 0 
1 823.107 0.309784 0.0223884 0.67631 -0.964643 0.029799 -0.968454 -5.99137 -816.147 0 
2 822.583 0.310425 0.0224928 0.675117 -0.937808 -0.00383819 -1.14046 -5.4767 -815.965 0 
5 823.699 0.314704 0.0225399 0.671003 -0.917092 -0.021397 -1.57241 -5.88278 -816.244 0 
3 822.86 0.310151 0.0224756 0.678362 -0.961493 -0.0170168 -1.18544 -5.55336 -816.121 0 
1 822.995 0.313867 0.0222988 0.674497 -0.964553 -0.00124459 -0.385372 -6.53335 -816.076 0 
1 822.536 0.30532 0.0223377 0.684093 -0.983917 -0.0289301 -0.223513 -5.21487 -817.098 0 
2 822.528 0.302188 0.0223615 0.68471 -0.964996 -0.0344286 -1.21371 -4.6041 -816.71 0 
2 821.513 0.310804 0.0223263 0.677055 -0.935136 -0.0636488 -0.772716 -4.90165 -815.839 0 
3 821.732 0.303794 0.0223397 0.686134 -0.950153 -0.108775 -0.611207 -4.55809 -816.562 0 
1 821.538 0.307966 0.0222701 0.680137 -0.919719 -0.140282 -1.41143 -4.35444 -815.772 0 
11 822.377 0.302288 0.0222513 0.686832 -0.934913 -0.161487 -1.12019 -4.71068 -816.546 0 
1 821.309 0.314662 0.0223079 0.677951 -0.917965 -0.183252 -0.636854 -5.0176 -815.655 0 
3 821.555 0.314249 0.0223998 0.678132 -0.907148 -0.183475 -1.31132 -4.62678 -815.617 0 
3 821.026 0.312112 0.0223411 0.679812 -0.911516 -0.187338 -0.823805 -4.55212 -815.65 0 
2 820.927 0.309467 0.0222264 0.679528 -0.899065 -0.188286 -1.08691 -4.22639 -815.614 0 
3 821.158 0.300825 0.0224088 0.687819 -0.912975 -0.176906 -0.283072 -4.77617 -816.099 0 
1 820.403 0.305015 0.0223576 0.684605 -0.911923 -0.185281 -0.0651462 -4.45881 -815.879 0 
5 820.063 0.30858 0.0223592 0.680584 -0.904064 -0.173673 -0.168861 -4.24653 -815.648 0 
5 819.877 0.311008 0.0223686 0.678753 -0.894194 -0.185171 -0.077892 -4.18705 -815.612 0 
3 819.955 0.309629 0.0223954 0.679098 -0.903629 -0.148636 -0.0807351 -4.21982 -815.654 0 
4 820.439 0.305884 0.0224757 0.682774 -0.899921 -0.169982 -0.507573 -4.27164 -815.66 0 
9 820.401 0.313896 0.0224314 0.674572 -0.887715 -0.14508 -0.167222 -4.32617 -815.907 0 
4 821.85 0.31813 0.02253 0.670875 -0.857132 -0.183013 -0.851779 -4.27671 -816.721 0 
1 822.183 0.321702 0.0224558 0.667908 -0.856539 -0.184847 -0.459521 -4.65353 -817.07 0 
2 823.876 0.325658 0.0224184 0.666432 -0.871459 -0.177383 -1.22739 -5.7019 -816.946 0 
1 822.676 0.31859 0.0223995 0.670757 -0.864234 -0.177763 -1.73057 -4.38572 -816.56 0 
9 820.429 0.312148 0.0224484 0.677288 -0.898717 -0.146789 -0.435875 -4.28724 -815.705 0 
2 823.433 0.318741 0.0225279 0.668709 -0.85073 -0.152761 -1.36482 -4.63852 -817.43 0 
5 823.11 0.319765 0.0224617 0.669031 -0.847229 -0.187274 -1.4999 -4.36148 -817.248 0 
1 820.831 0.315913 0.0224474 0.672303 -0.861289 -0.1807 -0.256962 -4.16085 -816.414 0 
1 821.365 0.317614 0.0223457 0.671917 -0.879512 -0.167796 -0.754439 -4.48533 -816.125 0 
3 821.594 0.309646 0.0223806 0.682785 -0.9131 -0.202038 -1.30843 -4.52995 -815.756 0 
1 821.013 0.311521 0.0223097 0.679221 -0.89728 -0.198376 -1.15168 -4.26789 -815.594 0 
3 820.504 0.309 0.0222947 0.681157 -0.898997 -0.203559 -0.594546 -4.28559 -815.624 0 
3 820.789 0.312236 0.0225033 0.675727 -0.858756 -0.194554 -0.611472 -4.06369 -816.114 0 
6 820.912 0.31226 0.0222829 0.677976 -0.898653 -0.204127 -0.911232 -4.412 -815.589 0 
1 821.024 0.308801 0.0224731 0.680407 -0.867305 -0.2411 -1.19025 -4.23228 -815.601 0 
2 820.904 0.303667 0.0223975 0.686316 -0.893477 -0.238343 -0.266423 -4.82778 -815.81 0 
1 822.471 0.304837 0.0221828 0.684769 -0.9178 -0.208169 -1.59089 -4.74753 -816.132 0 
1 826.072 0.309355 0.0219606 0.679998 -0.92175 -0.20409 -5.31171 -4.83108 -815.929 0 
4 826.713 0.312426 0.0220168 0.676986 -0.937519 -0.150514 -5.52467 -5.28304 -815.906 0 
6 828.158 0.308582 0.022032 0.679195 -0.909542 -0.202311 -7.87594 -4.53802 -815.744 0 
1 826.848 0.311398 0.0221034 0.675843 -0.88546 -0.214889 -7.03867 -4.22203 -815.587 0 
2 823.165 0.305793 0.0222933 0.681091 -0.877653 -0.221128 -3.1527 -4.43341 -815.579 0 
4 822.191 0.309863 0.0223163 0.676105 -0.859575 -0.20906 -2.20609 -4.11401 -815.871 0 
1 821.584 0.315817 0.0222818 0.671146 -0.848863 -0.216455 -1.12797 -3.97608 -816.48 0 
5 821.436 0.305465 0.0222119 0.683652 -0.913322 -0.189415 -1.05884 -4.47733 -815.9 0 
3 820.713 0.303943 0.0223773 0.685723 -0.914212 -0.177116 -0.284901 -4.48237 -815.946 0 
1 821.624 0.304318 0.0222298 0.683802 -0.895089 -0.21442 -1.31829 -4.57738 -815.728 0 
2 821.369 0.310645 0.0222242 0.676547 -0.859309 -0.235638 -1.5203 -4.08146 -815.767 0 
6 820.622 0.307757 0.0223895 0.679457 -0.857433 -0.228354 -0.539816 -4.35218 -815.73 0 
3 821.34 0.307649 0.02234 0.679201 -0.840931 -0.271955 -0.933588 -4.60326 -815.803 0 
1 820.83 0.311399 0.0223362 0.677229 -0.849845 -0.273535 -0.928661 -4.12584 -815.775 0 
2 822.989 0.303881 0.0223413 0.686568 -0.878853 -0.30027 -1.81981 -5.36669 -815.802 0 
4 822.869 0.305996 0.0223182 0.685337 -0.88563 -0.297276 -1.9165 -5.15319 -815.799 0 
3 822.308 0.304167 0.0223306 0.688851 -0.891456 -0.3191 -0.412938 -5.71742 -816.178 0 
21 820.668 0.311589 0.0223017 0.679982 -0.85361 -0.334332 -0.528934 -4.59671 -815.542 0 
8 820.385 0.311189 0.0222847 0.679899 -0.843764 -0.346226 -0.181908 -4.60914 -815.594 0 
1 820.795 0.308916 0.0222811 0.681993 -0.858744 -0.32797 -0.437698 -4.82311 -815.534 0 
1 820.878 0.310039 0.0222076 0.681679 -0.883628 -0.290653 -0.546632 -4.73904 -815.592 0 
1 822.361 0.304258 0.0224389 0.685095 -0.841933 -0.33523 -1.12747 -5.65141 -815.582 0 
1 822.234 0.304845 0.0222894 0.687061 -0.870483 -0.332362 -0.98189 -5.49888 -815.754 0 
4 821.016 0.307733 0.022294 0.683552 -0.865582 -0.312191 -0.63219 -4.82651 -815.557 0 
3 821.541 0.308867 0.0224101 0.683826 -0.85449 -0.345223 -1.05752 -4.94574 -815.538 0 
1 822.982 0.306821 0.0224693 0.685029 -0.833491 -0.391309 -1.67139 -5.72103 -815.59 0 
9 821.601 0.311304 0.0223162 0.681312 -0.824139 -0.425919 -0.641013 -5.3264 -815.633 0 
5 823.234 0.308019 0.0225007 0.683338 -0.814719 -0.409147 -1.81691 -5.68193 -815.735 0 
1 825.14 0.312095 0.0225675 0.677947 -0.790954 -0.399718 -3.6513 -4.8796 -816.609 0 
5 821.189 0.31255 0.022272 0.679694 -0.852536 -0.354067 -0.904896 -4.7563 -815.528 0 
1 821.402 0.308811 0.0222342 0.6823 -0.847678 -0.368296 -0.667093 -5.18921 -815.546 0 
4 821.462 0.310981 0.0222122 0.680691 -0.825809 -0.418593 -0.548233 -5.28862 -815.626 0 
14 821.796 0.309046 0.0221968 0.683012 -0.84353 -0.403 -0.656399 -5.57281 -815.567 0 
3 821.404 0.314488 0.022255 0.67732 -0.821198 -0.405936 -0.896482 -4.68784 -815.82 0 
1 822.409 0.306348 0.0223419 0.685968 -0.834343 -0.409675 -0.764125 -6.03688 -815.608 0 
3 821.941 0.306941 0.022384 0.683655 -0.809725 -0.418282 -0.104833 -6.073 -815.763 0 
1 822.623 0.31104 0.0224892 0.68173 -0.817612 -0.407115 -1.79237 -5.06201 -815.769 0 
4 824.573 0.313579 0.0225455 0.680085 -0.827493 -0.389133 -4.17478 -4.65856 -815.74 0 
2 823.44 0.313197 0.0224472 0.681307 -0.840552 -0.3966 -2.88384 -5.00456 -815.552 0 
4 823.292 0.31059 0.022364 0.683972 -0.855037 -0.401412 -2.08892 -5.62425 -815.579 0 
3 823.924 0.316377 0.0220394 0.677856 -0.869622 -0.381275 -2.70272 -5.73421 -815.487 0 
12 824.135 0.309097 0.0220484 0.683317 -0.869471 -0.385821 -2.5139 -5.86951 -815.752 0 
2 824.575 0.317721 0.0220765 0.674673 -0.845675 -0.384634 -3.98379 -4.99535 -815.595 0 
4 823.468 0.309323 0.0223139 0.682643 -0.841942 -0.395308 -2.46728 -5.44544 -815.555 0 
5 823.738 0.308228 0.0222453 0.686809 -0.869863 -0.409427 -1.47388 -6.33203 -815.932 0 
2 823.696 0.310815 0.0222525 0.684636 -0.871603 -0.400685 -1.86915 -6.06679 -815.76 0 
1 823.647 0.316203 0.0222183 0.67966 -0.859513 -0.406158 -2.47882 -5.6846 -815.483 0 
4 821.964 0.316857 0.0222541 0.676618 -0.82222 -0.42737 -1.33454 -4.83794 -815.791 0 
1 822.78 0.314918 0.0222884 0.677915 -0.815591 -0.440897 -1.95841 -5.02517 -815.797 0 
1 824 0.305933 0.0224034 0.685162 -0.809989 -0.449592 -1.56768 -6.72921 -815.703 0 
16 822.756 0.30733 0.0224161 0.683899 -0.804804 -0.446542 -0.652528 -6.32918 -815.774 0 
2 822.894 0.30697 0.0224235 0.684252 -0.815482 -0.425523 -1.0932 -6.11997 -815.681 0 
2 822.869 0.305304 0.022392 0.68691 -0.842518 -0.402354 -0.986428 -6.22627 -815.656 0 
3 821.822 0.307119 0.02236 0.685028 -0.847773 -0.380522 -0.631394 -5.60274 -815.588 0 
5 820.978 0.315083 0.0223114 0.677375 -0.835251 -0.370993 -0.767861 -4.48373 -815.727 0 
9 821.33 0.306079 0.0223027 0.685194 -0.847205 -0.369951 -0.110199 -5.62925 -815.591 0 
1 821.658 0.310756 0.0224295 0.680228 -0.829077 -0.362268 -1.21196 -4.71626 -815.73 0 
1 822.092 0.317105 0.0223072 0.674629 -0.831742 -0.356428 -1.87806 -4.24901 -815.965 0 
2 821.806 0.314053 0.0222629 0.677119 -0.836415 -0.361595 -1.61434 -4.48045 -815.712 0 
1 821.76 0.30637 0.0222285 0.684852 -0.855126 -0.368046 -0.50957 -5.6215 -815.629 0 
1 821.286 0.310344 0.0222406 0.6826 -0.869518 -0.344805 -0.62226 -5.09276 -815.571 0 
3 822.547 0.311354 0.022289 0.68251 -0.88381 -0.328026 -1.64529 -5.26108 -815.641 0 
7 823.675 0.312811 0.0221063 0.679497 -0.881949 -0.324241 -2.91269 -5.19889 -815.564 0 
3 823 0.312045 0.0221316 0.680694 -0.886316 -0.321931 -2.09519 -5.27718 -815.628 0 
4 823.483 0.31184 0.0221966 0.67973 -0.870432 -0.325758 -3.0776 -4.88503 -815.52 0 
9 822.33 0.318074 0.0221643 0.674707 -0.860724 -0.332363 -1.93385 -4.81056 -815.586 0 
1 822.372 0.311927 0.0221193 0.68095 -0.877129 -0.343604 -1.51665 -5.26772 -815.587 0 
3 821.843 0.313157 0.0222492 0.676715 -0.824741 -0.365005 -1.51595 -4.43699 -815.891 0 
6 821.663 0.318477 0.0221578 0.674348 -0.823527 -0.404274 -1.21073 -4.50098 -815.951 0 
5 822.052 0.317509 0.0221118 0.674177 -0.810218 -0.423627 -1.44202 -4.4741 -816.136 0 
4 822.35 0.321687 0.022126 0.67092 -0.811341 -0.41627 -1.52697 -4.38781 -816.435 0 
3 822.486 0.31672 0.0221211 0.674783 -0.815406 -0.422555 -1.88366 -4.64144 -815.961 0 
10 821.844 0.312301 0.0222178 0.679465 -0.818049 -0.434494 -0.893867 -5.24339 -815.706 0 
1 821.874 0.314191 0.0223378 0.679185 -0.824937 -0.419701 -1.24418 -4.93865 -815.691 0 
1 822.825 0.319498 0.0222535 0.673607 -0.824115 -0.400288 -2.26727 -4.54295 -816.015 0 
3 823.189 0.313477 0.0223651 0.679805 -0.828475 -0.417652 -2.48684 -5.06898 -815.633 0 
2 823.493 0.314807 0.0223699 0.680442 -0.835424 -0.429062 -2.67018 -5.26535 -815.558 0 
1 823.409 0.321782 0.0222063 0.671999 -0.818937 -0.420765 -2.53494 -4.71596 -816.158 0 
2 822.61 0.316059 0.0222927 0.678667 -0.825478 -0.442114 -1.8189 -5.13168 -815.659 0 
1 822.762 0.315504 0.0222031 0.679028 -0.828779 -0.457932 -1.63853 -5.54536 -815.578 0 
3 824.834 0.312126 0.0224165 0.680734 -0.807924 -0.459211 -3.52542 -5.51863 -815.79 0 
5 824.97 0.312984 0.0224273 0.680908 -0.804483 -0.48237 -3.49178 -5.67998 -815.798 0 
1 824.774 0.315158 0.0223773 0.68041 -0.797595 -0.523041 -3.04457 -5.88011 -815.849 0 
3 824.6 0.312235 0.022215 0.683238 -0.815668 -0.52779 -2.20227 -6.74825 -815.65 0 
7 825.391 0.316224 0.0220185 0.678237 -0.829278 -0.496846 -3.50006 -6.34315 -815.548 0 
4 826.901 0.313738 0.0219938 0.679305 -0.832067 -0.482892 -5.0177 -6.31981 -815.563 0 
3 827.137 0.307444 0.022004 0.686706 -0.857589 -0.48422 -3.19568 -7.73094 -816.21 0 
7 826.772 0.305932 0.0220158 0.685503 -0.840368 -0.462239 -3.82209 -7.11554 -815.834 0 
4 827.967 0.309147 0.0220522 0.680618 -0.818811 -0.452031 -6.26247 -6.06561 -815.638 0 
1 828.382 0.309356 0.0220438 0.681725 -0.833864 -0.453173 -6.48085 -6.28845 -815.612 0 
1 825.933 0.307548 0.0221153 0.682993 -0.816066 -0.471391 -3.59946 -6.66888 -815.664 0 
1 824.605 0.322254 0.0221301 0.671659 -0.81614 -0.446077 -3.48994 -5.02146 -816.093 0 
11 824.425 0.323533 0.0220649 0.671746 -0.814279 -0.468112 -3.11229 -5.23766 -816.075 0 
7 824.393 0.32624 0.0220566 0.668505 -0.802347 -0.466717 -2.73147 -4.97569 -816.686 0 
1 825.359 0.329399 0.022027 0.664747 -0.797668 -0.444842 -3.03541 -4.87778 -817.446 0 
1 823.791 0.323646 0.0220683 0.669361 -0.802466 -0.428649 -2.68199 -4.28355 -816.826 0 
3 823.614 0.326826 0.0221336 0.665035 -0.776592 -0.432129 -1.26695 -3.85527 -818.492 0 
1 823.384 0.323559 0.0221355 0.668314 -0.773799 -0.456025 -1.55123 -3.92896 -817.904 0 
4 823.062 0.322036 0.0220805 0.670548 -0.793969 -0.454272 -1.93477 -4.34315 -816.784 0 
3 823.746 0.316815 0.0220793 0.676198 -0.809127 -0.463213 -2.87 -4.97265 -815.904 0 
1 823.277 0.317034 0.0220634 0.673955 -0.811596 -0.427012 -2.62292 -4.60433 -816.05 0 
2 822.904 0.31711 0.0221916 0.673612 -0.802051 -0.422289 -2.12331 -4.40177 -816.379 0 
2 822.043 0.318084 0.02218 0.673285 -0.805614 -0.419898 -1.34346 -4.35515 -816.344 0 
3 822.765 0.320299 0.0222155 0.670713 -0.797703 -0.409598 -1.79131 -4.05248 -816.921 0 
2 822.637 0.305523 0.022338 0.68359 -0.801563 -0.420011 -0.173122 -6.60527 -815.858 0 
3 823.266 0.30392 0.0222766 0.684932 -0.812205 -0.415746 -0.665837 -6.89584 -815.704 0 
2 823.362 0.303572 0.0221792 0.68683 -0.841046 -0.402121 -1.04578 -6.61097 -815.705 0 
1 826.088 0.299116 0.0222666 0.6899 -0.812787 -0.437418 -1.3758 -8.93624 -815.776 0 
1 823.227 0.311649 0.0223439 0.67654 -0.764303 -0.447957 -0.287423 -5.68549 -817.254 0 
1 823.935 0.310016 0.0224465 0.682389 -0.796331 -0.451784 -2.20242 -5.74898 -815.984 0 
1 822.828 0.317008 0.0224482 0.675417 -0.786739 -0.431674 -1.62174 -4.32979 -816.877 0 
1 822.215 0.322276 0.0222743 0.669541 -0.795646 -0.402721 -1.00082 -3.92752 -817.287 0 
4 822.04 0.322445 0.0222444 0.669493 -0.790934 -0.408063 -0.706852 -3.85785 -817.475 0 
2 821.845 0.322401 0.022223 0.668458 -0.805293 -0.362958 -0.685938 -3.84924 -817.31 0 
1 821.032 0.318748 0.0223039 0.671633 -0.808328 -0.356745 -0.289098 -3.86555 -816.878 0 
4 823.437 0.312122 0.0223166 0.680183 -0.830089 -0.37453 -3.10249 -4.62644 -815.708 0 
2 824.015 0.321093 0.0222573 0.672011 -0.808394 -0.391354 -3.29097 -3.99511 -816.729 0 
6 823.511 0.32837 0.0222356 0.664406 -0.789092 -0.389255 -0.938028 -3.98856 -818.585 0 
2 821.76 0.322174 0.0222116 0.669805 -0.817801 -0.354094 -0.945388 -3.99268 -816.822 0 
8 822.063 0.319549 0.0221168 0.671515 -0.828737 -0.343894 -1.71374 -4.05348 -816.296 0 
8 824.044 0.321938 0.0220377 0.66848 -0.804148 -0.380269 -3.04612 -3.88691 -817.111 0 
4 822.634 0.320123 0.0221134 0.669456 -0.802963 -0.368459 -1.68689 -3.82773 -817.12 0 
21 821.891 0.31867 0.0221138 0.672412 -0.815057 -0.390469 -1.40207 -4.1856 -816.303 0 
2 821.795 0.317523 0.0221388 0.672677 -0.809243 -0.386419 -1.2317 -4.10998 -816.453 0 
1 822.365 0.305231 0.0221974 0.685047 -0.844044 -0.376957 -0.876113 -5.88 -815.609 0 
1 824.997 0.304901 0.0222848 0.683454 -0.839137 -0.351061 -3.73707 -5.67489 -815.585 0 
1 822.422 0.312205 0.0221324 0.681193 -0.864396 -0.371146 -1.63946 -5.24552 -815.537 0 
1 822.288 0.311538 0.0222301 0.679733 -0.826845 -0.409339 -1.51592 -5.13199 -815.64 0 
2 822.06 0.314025 0.0223591 0.678668 -0.813143 -0.430123 -1.29077 -4.90893 -815.86 0 
1 823.477 0.309119 0.0224074 0.683289 -0.811405 -0.455606 -1.74681 -6.03142 -815.699 0 
1 823.306 0.310442 0.0223469 0.683808 -0.814983 -0.485355 -1.41632 -6.23997 -815.65 0 
2 823.344 0.30739 0.0222821 0.686503 -0.830949 -0.472471 -0.821873 -6.8156 -815.706 0 
5 823.018 0.310859 0.0222601 0.682904 -0.811648 -0.490192 -1.16131 -6.18652 -815.67 0 
7 822.719 0.307598 0.0222285 0.685089 -0.825909 -0.459589 -0.591205 -6.48311 -815.645 0 
2 823.492 0.30977 0.0221469 0.681624 -0.815165 -0.466753 -1.73264 -6.1028 -815.656 0 
4 823.564 0.306928 0.0221855 0.684999 -0.818685 -0.4798 -0.940327 -6.93923 -815.684 0 
2 823.114 0.309527 0.0221802 0.683532 -0.818783 -0.480824 -1.10378 -6.37024 -815.64 0 
3 823.415 0.31154 0.0221074 0.680647 -0.804192 -0.494299 -1.61984 -6.04753 -815.747 0 
5 822.553 0.316193 0.0222763 0.675536 -0.769175 -0.506703 -0.571074 -5.13717 -816.845 0 
3 823.031 0.319207 0.0221606 0.672581 -0.775066 -0.497213 -1.42127 -4.68227 -816.928 0 
2 822.056 0.315075 0.0222236 0.677609 -0.795953 -0.477361 -0.833961 -5.143 -816.079 0 
6 822.201 0.319725 0.0222456 0.673541 -0.794751 -0.464121 -1.15176 -4.5657 -816.484 0 
1 822.126 0.318026 0.0222548 0.674634 -0.796361 -0.459125 -1.13104 -4.64536 -816.35 0 
2 822.105 0.317088 0.0222819 0.675583 -0.790614 -0.472867 -0.922846 -4.80246 -816.38 0 
1 822.56 0.316943 0.0222431 0.675547 -0.792685 -0.476728 -1.36951 -4.91413 -816.276 0 
4 826.442 0.317278 0.0222936 0.673741 -0.772957 -0.487743 -4.68331 -4.81128 -816.947 0 
1 825.835 0.313531 0.0224131 0.675937 -0.756474 -0.486476 -2.88344 -5.55682 -817.395 0 
2 825.446 0.318463 0.0223643 0.672698 -0.775553 -0.459089 -3.83877 -4.37673 -817.23 0 
10 825.061 0.320707 0.0223188 0.668998 -0.768214 -0.42908 -2.89979 -3.89991 -818.262 0 
10 823.092 0.311166 0.0221118 0.679234 -0.802857 -0.454629 -1.67504 -5.54535 -815.872 0 
4 823.66 0.318797 0.0220512 0.672331 -0.781821 -0.477908 -2.31265 -4.55599 -816.791 0 
5 823.28 0.310646 0.0222731 0.679462 -0.780925 -0.461727 -1.07886 -5.81499 -816.386 0 
1 824.619 0.305784 0.0223238 0.681925 -0.776614 -0.440877 -0.957299 -7.27176 -816.39 0 
2 823.466 0.314913 0.0221199 0.674217 -0.789872 -0.419408 -2.24681 -4.52737 -816.692 0 
2 822.363 0.313018 0.022164 0.676546 -0.796074 -0.42589 -1.19427 -4.88324 -816.286 0 
4 822.031 0.319235 0.0221722 0.671527 -0.796464 -0.403265 -1.0952 -3.99192 -816.944 0 
3 821.953 0.315207 0.0221197 0.674403 -0.82419 -0.354337 -1.72375 -4.15634 -816.073 0 
4 822.09 0.313963 0.02218 0.674096 -0.817871 -0.337398 -1.64261 -4.13549 -816.312 0 
1 821.549 0.316142 0.0221177 0.674139 -0.837452 -0.336303 -1.49074 -4.15802 -815.9 0 
1 820.999 0.313359 0.0221945 0.675763 -0.834543 -0.321025 -0.929328 -4.14779 -815.922 0 
6 820.418 0.316033 0.022258 0.674854 -0.829743 -0.344308 -0.273447 -4.10775 -816.037 0 
3 821.328 0.317195 0.0221583 0.672962 -0.831316 -0.336749 -1.15231 -4.0605 -816.115 0 
2 821.487 0.319292 0.0222083 0.67012 -0.810512 -0.339546 -0.663426 -3.80044 -817.023 0 
1 821.286 0.320813 0.0222539 0.669334 -0.815913 -0.320276 -0.33456 -3.79852 -817.153 0 
1 821.054 0.310001 0.0223722 0.680721 -0.833789 -0.341819 -0.698282 -4.64764 -815.708 0 
1 823.907 0.298867 0.0224891 0.690159 -0.850129 -0.309857 -1.35679 -6.88101 -815.67 0 
6 821.576 0.305665 0.0225224 0.685085 -0.865417 -0.273541 -1.24425 -4.77253 -815.56 0 
8 821.564 0.316087 0.0224264 0.675694 -0.896085 -0.178089 -1.28764 -4.56742 -815.709 0 
2 822.447 0.306503 0.0226108 0.681297 -0.879593 -0.158473 -2.39805 -4.34962 -815.699 0 
3 822.896 0.316785 0.0225993 0.671047 -0.854269 -0.158749 -1.50389 -4.40624 -816.986 0 
1 822.355 0.314096 0.0225134 0.673002 -0.85873 -0.159456 -1.50793 -4.28519 -816.562 0 
4 821.724 0.315836 0.0225164 0.673138 -0.867287 -0.169027 -1.15783 -4.23832 -816.328 0 
2 821.482 0.307757 0.0225406 0.681485 -0.88476 -0.180131 -1.67238 -4.18554 -815.624 0 
1 821.432 0.307199 0.0223878 0.681108 -0.89605 -0.161605 -1.59806 -4.20084 -815.633 0 
2 822.282 0.303692 0.0224967 0.683291 -0.863691 -0.209384 -1.74759 -4.90477 -815.629 0 
2 821.338 0.309237 0.0225226 0.679208 -0.865269 -0.200651 -1.38361 -4.16654 -815.788 0 
2 824.533 0.304895 0.0224057 0.681768 -0.858057 -0.215108 -4.0231 -4.81852 -815.691 0 
1 823.074 0.31603 0.022303 0.670641 -0.820893 -0.251451 -1.82101 -3.98668 -817.266 0 
1 822.509 0.319161 0.0223022 0.668614 -0.816326 -0.265316 -0.97858 -3.86685 -817.664 0 
3 822.624 0.312968 0.0221563 0.677179 -0.856884 -0.289694 -2.82136 -4.15393 -815.649 0 
4 821.894 0.310402 0.022347 0.676874 -0.820409 -0.296825 -1.08212 -4.49591 -816.316 0 
5 822.411 0.30801 0.0225403 0.679201 -0.808601 -0.314232 -0.807788 -5.19888 -816.404 0 
4 823.377 0.303968 0.0224355 0.682306 -0.808434 -0.333316 -0.944018 -6.39374 -816.039 0 
2 822.792 0.300254 0.0223674 0.687636 -0.853034 -0.296733 -0.899898 -6.26789 -815.625 0 
2 822.901 0.301671 0.0224646 0.687306 -0.868027 -0.254646 -1.88361 -5.40169 -815.615 0 
3 822.76 0.305407 0.0224133 0.683043 -0.854992 -0.257647 -2.32852 -4.82307 -815.609 0 
3 822.71 0.323859 0.0223084 0.664517 -0.828042 -0.228299 -0.200299 -4.35922 -818.151 0 
3 823.17 0.326152 0.0222909 0.664898 -0.826184 -0.266467 -0.79429 -4.40316 -817.973 0 
6 822.338 0.321932 0.0224349 0.6678 -0.818629 -0.263933 -0.505474 -3.93718 -817.895 0 
2 821.591 0.31901 0.0224808 0.67205 -0.846874 -0.24785 -1.06459 -4.02189 -816.505 0 
3 821.66 0.315744 0.0224989 0.675989 -0.872423 -0.230767 -1.70238 -4.18713 -815.771 0 
1 821.547 0.314985 0.02249 0.677068 -0.872631 -0.23542 -1.68675 -4.14354 -815.717 0 
1 821.429 0.315245 0.0223516 0.676544 -0.886061 -0.214997 -1.45411 -4.3279 -815.647 0 
1 821.676 0.321351 0.0223704 0.669124 -0.872711 -0.185923 -0.396775 -4.85346 -816.426 0 
1 821.732 0.317263 0.0223273 0.673782 -0.884973 -0.190799 -1.42401 -4.46834 -815.84 0 
1 824.214 0.323631 0.0224466 0.669692 -0.886611 -0.180934 -2.33181 -5.64524 -816.237 0 
1 822.817 0.31249 0.0225536 0.680055 -0.885236 -0.220814 -3.0351 -4.19521 -815.587 0 
1 822.425 0.309344 0.0225223 0.683533 -0.909291 -0.203963 -2.23695 -4.4699 -815.718 0 
2 822.827 0.314023 0.0225661 0.678393 -0.894654 -0.192493 -2.82792 -4.37088 -815.628 0 
1 822.552 0.320948 0.0224639 0.671276 -0.869608 -0.210557 -1.64823 -4.63768 -816.267 0 
1 822.513 0.320144 0.0223364 0.672756 -0.896295 -0.18926 -1.51796 -5.20269 -815.792 0 
1 821.523 0.319268 0.0223407 0.67117 -0.887811 -0.160436 -0.557139 -4.88068 -816.086 0 
3 821.844 0.315567 0.0223964 0.675247 -0.917447 -0.117728 -1.0552 -5.03377 -815.755 0 
4 821.701 0.318067 0.0224077 0.672001 -0.913055 -0.100539 -0.239482 -5.51015 -815.952 0 
5 821.551 0.31464 0.0223777 0.676436 -0.92701 -0.113605 -0.692095 -5.11808 -815.741 0 
3 820.257 0.311489 0.0223921 0.676953 -0.911113 -0.116725 -0.0835084 -4.4535 -815.72 0 
1 820.384 0.310852 0.0223516 0.678715 -0.918781 -0.138307 -0.182416 -4.495 -815.706 0 
1 821.13 0.306272 0.0222778 0.683507 -0.931459 -0.144335 -0.60207 -4.46832 -816.059 0 
3 822.32 0.29862 0.0225665 0.690468 -0.914057 -0.164264 -1.08876 -5.02829 -816.203 0 
3 823.25 0.297065 0.0225624 0.693241 -0.910147 -0.206894 -1.07711 -5.66006 -816.513 0 
2 823.183 0.303007 0.0226242 0.688517 -0.909325 -0.193293 -2.5917 -4.62724 -815.964 0 
2 821.487 0.306141 0.0225559 0.682609 -0.873813 -0.21778 -1.50475 -4.39678 -815.585 0 
1 821.355 0.309256 0.0225883 0.679928 -0.86697 -0.214275 -1.518 -4.13501 -815.702 0 
2 822.105 0.306855 0.0225743 0.682176 -0.882854 -0.199503 -2.2535 -4.25898 -815.593 0 
2 821.883 0.305063 0.0226077 0.683195 -0.852713 -0.24436 -1.37643 -4.84662 -815.66 0 
1 821.976 0.309804 0.0225794 0.678018 -0.837503 -0.238823 -1.40877 -4.35683 -816.211 0 
4 824.428 0.309072 0.0227095 0.681808 -0.853202 -0.252857 -4.4213 -4.27547 -815.731 0 
3 823.135 0.310146 0.0226466 0.679445 -0.844357 -0.261542 -3.03145 -4.20847 -815.895 0 
2 824.741 0.309927 0.0227334 0.677975 -0.817035 -0.268458 -3.44063 -4.63799 -816.662 0 
2 822.612 0.311074 0.02262 0.678459 -0.839918 -0.267629 -2.45504 -4.14867 -816.009 0 
1 822.155 0.312257 0.0225298 0.675091 -0.808974 -0.294175 -0.866057 -4.35825 -816.931 0 
1 823.388 0.312746 0.022573 0.674197 -0.794697 -0.308094 -1.35045 -4.53676 -817.501 0 
3 824.671 0.308473 0.0225259 0.67747 -0.806026 -0.305056 -2.9604 -5.09449 -816.616 0 
3 824.377 0.316144 0.0224386 0.669908 -0.812383 -0.2591 -2.79006 -3.97814 -817.608 0 
4 825.122 0.311274 0.0226114 0.67478 -0.805809 -0.276574 -3.3462 -4.58926 -817.187 0 
1 822.94 0.306859 0.0224352 0.680098 -0.816488 -0.324668 -1.62058 -5.29664 -816.023 0 
6 822.168 0.303595 0.0224354 0.685331 -0.824623 -0.361404 -0.233664 -6.2782 -815.656 0 
1 822.746 0.308592 0.0224639 0.680714 -0.804422 -0.388399 -1.2674 -5.43313 -816.046 0 
2 822.492 0.306298 0.0224287 0.68237 -0.813179 -0.372883 -0.87658 -5.78059 -815.835 0 
5 821.496 0.306489 0.0224491 0.683217 -0.822291 -0.363721 -0.22147 -5.55462 -815.72 0 
2 820.819 0.312055 0.0224037 0.678672 -0.816481 -0.369081 -0.246404 -4.5578 -816.015 0 
1 821.269 0.317429 0.0222409 0.675857 -0.849662 -0.344927 -1.10077 -4.49541 -815.673 0 
4 822.659 0.318055 0.0222079 0.676045 -0.847384 -0.3656 -2.35984 -4.65286 -815.646 0 
1 822.223 0.322448 0.0222575 0.670431 -0.826297 -0.360652 -1.4562 -4.31404 -816.453 0 
2 821.311 0.317987 0.02223 0.67377 -0.827992 -0.367827 -1.01683 -4.25663 -816.038 0 
2 822 0.311716 0.0222979 0.677574 -0.807646 -0.389906 -1.10727 -4.78626 -816.106 0 
4 823.646 0.312399 0.0221497 0.678149 -0.809337 -0.443881 -2.54537 -5.27589 -815.825 0 
6 822.399 0.313084 0.022154 0.679523 -0.815897 -0.465707 -1.15917 -5.56507 -815.675 0 
5 823.972 0.324278 0.0220228 0.668954 -0.799779 -0.454947 -2.65575 -4.58331 -816.733 0 
1 824.443 0.3164 0.022193 0.673278 -0.790059 -0.433683 -3.30114 -4.47043 -816.672 0 
3 822.423 0.313489 0.0221183 0.676913 -0.814193 -0.418179 -1.7139 -4.83756 -815.872 0 
5 821.919 0.315789 0.0221282 0.676614 -0.828799 -0.414528 -1.37249 -4.85634 -815.69 0 
4 821.638 0.318968 0.0221953 0.673764 -0.806831 -0.433127 -0.916284 -4.45897 -816.262 0 
2 822.917 0.316491 0.0221335 0.673281 -0.779005 -0.453979 -1.39909 -4.57195 -816.946 0 
1 825.163 0.30705 0.0220417 0.683963 -0.836743 -0.424802 -3.41123 -6.12636 -815.625 0 
1 824.588 0.309483 0.0220443 0.680036 -0.812817 -0.433442 -3.21534 -5.64394 -815.729 0 
7 824.129 0.316687 0.0220072 0.674981 -0.806124 -0.455559 -3.2828 -4.83655 -816.01 0 
2 823.543 0.317608 0.0220149 0.674776 -0.829369 -0.410798 -3.0585 -4.73152 -815.753 0 
3 822.12 0.317444 0.0221154 0.675027 -0.819949 -0.417753 -1.61401 -4.59357 -815.912 0 
2 824.153 0.317622 0.0222223 0.671188 -0.788139 -0.400862 -2.87961 -4.07475 -817.199 0 
3 821.642 0.312723 0.0222564 0.67671 -0.794652 -0.415651 -0.399938 -4.85343 -816.389 0 
2 822.055 0.30708 0.0223332 0.684417 -0.831099 -0.392237 -0.804453 -5.65371 -815.597 0 
1 821.441 0.307968 0.0223959 0.681961 -0.822688 -0.373281 -0.422511 -5.29867 -815.719 0 
10 821.215 0.307879 0.0223616 0.681926 -0.820852 -0.378203 -0.113341 -5.37223 -815.73 0 
1 821.679 0.313134 0.0221386 0.677962 -0.836286 -0.370579 -1.43921 -4.5847 -815.655 0 
5 821.505 0.317905 0.0221444 0.6728 -0.827547 -0.356214 -1.24108 -4.13768 -816.126 0 
5 822.858 0.316451 0.0220372 0.676005 -0.857699 -0.352685 -2.52753 -4.79983 -815.53 0 
1 823.062 0.325392 0.0221337 0.668506 -0.827671 -0.377 -1.78956 -4.78015 -816.493 0 
2 823.104 0.308893 0.0222779 0.682809 -0.828722 -0.395021 -2.16864 -5.31932 -815.616 0 
1 825.354 0.307683 0.0221388 0.684101 -0.852827 -0.371079 -4.3961 -5.3755 -815.582 0 
3 821.688 0.314032 0.022148 0.677454 -0.848651 -0.34039 -1.66343 -4.41469 -815.61 0 
2 821.512 0.313216 0.0221659 0.676257 -0.828302 -0.354266 -1.28497 -4.35681 -815.871 0 
1 822.292 0.307085 0.0221664 0.684986 -0.864628 -0.366375 -0.996745 -5.5955 -815.7 0 
7 821.338 0.316771 0.0223277 0.676135 -0.828147 -0.382957 -1.04301 -4.41521 -815.88 0 
3 821.601 0.314262 0.0222507 0.678419 -0.85454 -0.354033 -1.31421 -4.75942 -815.527 0 
4 822.387 0.318906 0.0222577 0.675279 -0.855648 -0.35168 -1.87993 -4.90201 -815.605 0 
2 822.473 0.314207 0.0221897 0.679341 -0.872698 -0.346147 -1.75888 -5.2086 -815.506 0 
1 822.283 0.314598 0.0223253 0.679189 -0.872075 -0.323805 -1.90579 -4.88094 -815.497 0 
2 822.183 0.316524 0.022246 0.675675 -0.861542 -0.315009 -2.02183 -4.5655 -815.596 0 
4 823.144 0.318436 0.0222244 0.675386 -0.884867 -0.289728 -2.35106 -5.28049 -815.512 0 
1 824.002 0.318004 0.0220228 0.675921 -0.883479 -0.319129 -3.09404 -5.42525 -815.483 0 
1 823.495 0.319546 0.0220165 0.673225 -0.882774 -0.285763 -2.72438 -5.22547 -815.546 0 
1 822.402 0.318211 0.0221365 0.674664 -0.886335 -0.26017 -1.93375 -4.90198 -815.566 0 
3 822.966 0.319412 0.0222001 0.67503 -0.88141 -0.288704 -2.29409 -5.12652 -815.546 0 
1 822.54 0.322907 0.0222199 0.671388 -0.85453 -0.323732 -1.66985 -4.93581 -815.934 0 
6 821.546 0.317621 0.0222768 0.675695 -0.870164 -0.300723 -1.25121 -4.72147 -815.574 0 
3 821.445 0.313789 0.0221789 0.679129 -0.891412 -0.282836 -0.957476 -4.93523 -815.553 0 
4 821.455 0.31104 0.0222681 0.680448 -0.883766 -0.278368 -1.26824 -4.63331 -815.554 0 
1 821.112 0.31432 0.0222281 0.677704 -0.872388 -0.298862 -1.00259 -4.59138 -815.518 0 
2 822.24 0.313474 0.0222232 0.676859 -0.863023 -0.294231 -2.3172 -4.34477 -815.578 0 
2 822.174 0.306029 0.0224107 0.683954 -0.862792 -0.299643 -1.67491 -4.93702 -815.562 0 
2 822.158 0.30927 0.022134 0.682925 -0.87914 -0.326342 -1.39866 -5.10035 -815.659 0 
2 821.384 0.312324 0.0221869 0.680063 -0.894619 -0.274426 -0.900137 -4.8823 -815.602 0 
5 822.098 0.312565 0.0222586 0.681619 -0.901435 -0.282388 -1.20963 -5.19265 -815.695 0 
1 821.936 0.304826 0.0223449 0.687985 -0.886058 -0.314017 -0.52265 -5.45228 -815.961 0 
2 821.896 0.307392 0.0223246 0.685999 -0.875309 -0.341942 -0.767819 -5.38426 -815.744 0 
1 821.822 0.306595 0.0224337 0.68424 -0.853032 -0.330275 -1.15068 -5.11664 -815.555 0 
2 821.364 0.308235 0.0224545 0.681907 -0.836064 -0.336473 -0.827277 -4.88563 -815.651 0 
7 820.68 0.308494 0.0222685 0.682178 -0.873225 -0.293767 -0.439556 -4.68082 -815.559 0 
1 821.689 0.303807 0.022237 0.685586 -0.889531 -0.260292 -0.872825 -4.99304 -815.823 0 
1 822.067 0.300137 0.0223545 0.689526 -0.892961 -0.259508 -0.350126 -5.59501 -816.122 0 
1 823.26 0.297047 0.022359 0.693524 -0.92665 -0.217789 -0.159302 -5.7983 -817.303 0 
2 822.753 0.299782 0.0224315 0.69155 -0.9111 -0.230033 -0.89301 -5.37248 -816.488 0 
1 822.722 0.298904 0.0223835 0.691662 -0.906301 -0.252286 -0.345193 -5.78451 -816.592 0 
1 821.427 0.301044 0.0223702 0.689108 -0.90702 -0.227608 -0.0476739 -5.14586 -816.233 0 
2 820.218 0.312205 0.0223699 0.67786 -0.88251 -0.205581 -0.462944 -4.1135 -815.641 0 
3 821.047 0.312552 0.022231 0.677351 -0.89605 -0.19164 -1.15943 -4.28011 -815.607 0 
2 821.602 0.313109 0.0222541 0.677837 -0.896015 -0.20342 -1.6732 -4.33783 -815.591 0 
1 824.9 0.302219 0.0221836 0.68921 -0.93864 -0.194604 -2.87862 -5.04175 -816.979 0 
1 825.9 0.308055 0.0222803 0.686015 -0.949102 -0.176281 -4.07758 -5.18885 -816.633 0 
2 823.315 0.312185 0.0222557 0.681292 -0.956042 -0.137991 -1.31529 -5.71547 -816.285 0 
8 822.298 0.321463 0.0223391 0.670464 -0.90321 -0.15166 -0.579674 -5.76276 -815.956 0 
6 824.465 0.3237 0.0222497 0.668189 -0.916108 -0.131071 -1.55613 -6.93042 -815.978 0 
1 824.398 0.31809 0.0220656 0.674464 -0.943242 -0.143724 -2.1094 -6.49046 -815.798 0 
1 822.76 0.315094 0.0221886 0.676626 -0.946066 -0.11469 -1.08761 -5.79466 -815.878 0 
3 823.377 0.316942 0.0221986 0.675111 -0.956317 -0.0946535 -0.764991 -6.66916 -815.942 0 
1 823.088 0.315639 0.0222797 0.676678 -0.955849 -0.0989596 -0.769878 -6.33812 -815.98 0 
2 821.538 0.314591 0.022317 0.676815 -0.924382 -0.135423 -0.805486 -5.02661 -815.706 0 
1 821.351 0.316873 0.0222634 0.673585 -0.916934 -0.129328 -0.36714 -5.23902 -815.745 0 
1 821.661 0.318322 0.0223095 0.674103 -0.909814 -0.175642 -0.665579 -5.33056 -815.665 0 
1 821.748 0.314014 0.0223604 0.679409 -0.900825 -0.231005 -1.47402 -4.70037 -815.574 0 
1 821.506 0.315587 0.0223576 0.677401 -0.879839 -0.256009 -1.51191 -4.41554 -815.579 0 
3 822.356 0.324038 0.0223239 0.668935 -0.855698 -0.261615 -1.08115 -4.79258 -816.482 0 
9 822.193 0.316976 0.0222054 0.676118 -0.891657 -0.247698 -1.81651 -4.82527 -815.551 0 
14 821.345 0.317334 0.0222088 0.675241 -0.894163 -0.239308 -0.824604 -4.95863 -815.562 0 
10 821.326 0.313917 0.0222104 0.677088 -0.887756 -0.247661 -1.25177 -4.52949 -815.544 0 
1 820.849 0.316217 0.0222936 0.6744 -0.869198 -0.249648 -0.862158 -4.23982 -815.747 0 
7 821.72 0.311143 0.0224029 0.677491 -0.856373 -0.254165 -1.88185 -4.09242 -815.746 0 
2 823.165 0.297795 0.0225076 0.691257 -0.882808 -0.257093 -0.987357 -6.16358 -816.014 0 
3 821.725 0.302353 0.0225437 0.687197 -0.868698 -0.263629 -0.827167 -5.27826 -815.619 0 
1 822.191 0.303192 0.0225941 0.687091 -0.871832 -0.256698 -1.53422 -5.04613 -815.611 0 
