5 827.812 0.309717 0.0226432 0.678478 -0.944003 -0.0214723 -2.07896 -5.19185 -820.541 0 
1 827.645 0.309315 0.0225709 0.676857 -0.929879 -0.0327058 -2.50416 -4.95421 -820.187 0 
1 826.378 0.313477 0.0223122 0.674416 -0.94103 -0.0474946 -0.500188 -5.56105 -820.316 0 
3 826.51 0.31237 0.0223796 0.676 -0.952351 -0.0284595 -0.140745 -5.70178 -820.668 0 
1 827.683 0.314022 0.022255 0.67429 -0.952541 -0.0396868 -1.0763 -5.99707 -820.61 0 
5 827.888 0.306818 0.0223953 0.68221 -0.974135 -0.0275423 -0.425164 -5.20516 -822.258 0 
1 829.162 0.308462 0.0223413 0.679628 -0.972921 -0.0168346 -1.79093 -5.50172 -821.869 0 
1 827.596 0.309729 0.0223499 0.677418 -0.962425 -0.00701934 -0.884021 -5.562 -821.15 0 
7 826.535 0.313369 0.0223807 0.674211 -0.943385 -0.0286403 -0.478967 -5.75125 -820.305 0 
1 827.461 0.311221 0.0224875 0.674893 -0.946298 0.0161977 -1.19382 -5.93913 -820.328 0 
3 827.357 0.313948 0.022565 0.67437 -0.944428 -0.00756436 -1.01657 -6.12671 -820.213 0 
3 828.369 0.312863 0.0223003 0.674708 -0.968373 0.00818434 -0.87385 -6.49988 -820.995 0 
3 831.815 0.323918 0.0221822 0.664976 -0.964299 0.0257078 -1.31178 -10.3726 -820.131 0 
3 830.047 0.323 0.022311 0.668071 -0.963643 0.00314669 -0.314044 -9.53739 -820.196 0 
5 829.963 0.321432 0.0223839 0.669688 -0.950459 -0.0161688 -1.74578 -8.19477 -820.023 0 
3 829.665 0.319292 0.0222546 0.670411 -0.953791 -0.0138 -1.85689 -7.61911 -820.189 0 
2 829.914 0.326108 0.0222974 0.659471 -0.885242 -0.0348025 -1.5904 -8.31589 -820.007 0 
1 830.027 0.328548 0.0221858 0.658892 -0.894084 -0.0537092 -1.4474 -8.74233 -819.837 0 
5 828.658 0.331792 0.0222601 0.658677 -0.877969 -0.115686 -0.403377 -8.38236 -819.872 0 
1 828.985 0.329033 0.0221983 0.663287 -0.897718 -0.130082 -1.72116 -7.81055 -819.453 0 
8 828.463 0.330439 0.0222 0.660928 -0.883637 -0.132176 -1.04654 -7.80728 -819.609 0 
1 826.87 0.315381 0.0223742 0.676585 -0.912493 -0.153605 -2.14991 -4.82426 -819.896 0 
1 825.15 0.320363 0.0223098 0.671686 -0.893501 -0.187096 -0.531231 -5.19306 -819.426 0 
3 825.029 0.320247 0.0225336 0.669214 -0.859279 -0.169886 -1.02223 -4.60139 -819.405 0 
2 824.365 0.324822 0.0223004 0.664789 -0.840293 -0.221464 -0.111112 -4.66199 -819.592 0 
2 823.985 0.317566 0.022476 0.670273 -0.83925 -0.21285 -0.552257 -4.03974 -819.393 0 
1 824.589 0.320144 0.02244 0.666292 -0.817752 -0.216838 -0.45452 -4.2166 -819.918 0 
1 824.728 0.320104 0.022504 0.669633 -0.839488 -0.218984 -1.15681 -4.1336 -819.438 0 
3 826.513 0.319773 0.0225301 0.672232 -0.855505 -0.227243 -3.05123 -4.20258 -819.259 0 
3 826 0.32271 0.0225862 0.66629 -0.828394 -0.200583 -1.59318 -4.50398 -819.902 0 
2 825.516 0.318969 0.0226113 0.668911 -0.826344 -0.204785 -1.55768 -4.2388 -819.719 0 
5 825.632 0.322489 0.0225106 0.664794 -0.834337 -0.165535 -0.706489 -4.92262 -820.003 0 
1 825.886 0.321595 0.0225869 0.666909 -0.843783 -0.166387 -1.40602 -4.76627 -819.713 0 
7 826.498 0.328541 0.0224608 0.660034 -0.817969 -0.198405 -0.457897 -5.32821 -820.712 0 
3 827.555 0.327147 0.0224199 0.663832 -0.814815 -0.252707 -2.91671 -4.46703 -820.171 0 
2 827.553 0.330423 0.0222657 0.661609 -0.806847 -0.294621 -2.6552 -4.58947 -820.309 0 
1 828.849 0.335004 0.0222076 0.658965 -0.799888 -0.329807 -3.02485 -5.2178 -820.606 0 
1 829.626 0.339157 0.0222769 0.653785 -0.778648 -0.32758 -1.81093 -5.69828 -822.117 0 
2 830.675 0.338691 0.0220968 0.653502 -0.787182 -0.331029 -3.28154 -5.84588 -821.547 0 
1 830.428 0.339814 0.0221018 0.655502 -0.812322 -0.328329 -2.72068 -7.15587 -820.552 0 
1 828.944 0.337095 0.0222711 0.657531 -0.810394 -0.302579 -2.08004 -6.20938 -820.654 0 
1 829.252 0.334827 0.022227 0.660287 -0.825322 -0.301354 -3.17571 -6.11266 -819.963 0 
2 829.089 0.33768 0.0223391 0.655144 -0.800234 -0.27481 -1.33058 -6.24993 -821.508 0 
18 830.339 0.335495 0.0222752 0.658652 -0.829464 -0.280025 -3.63544 -6.6415 -820.062 0 
8 829.321 0.337028 0.0222295 0.658294 -0.821139 -0.308467 -2.47724 -6.65082 -820.193 0 
2 828.716 0.335519 0.0223096 0.658571 -0.81437 -0.2988 -2.33059 -5.98311 -820.403 0 
5 828.837 0.335998 0.02207 0.657938 -0.824775 -0.304221 -2.29467 -6.50491 -820.037 0 
1 826.098 0.330257 0.02219 0.662267 -0.83833 -0.266361 -0.977858 -5.50502 -819.615 0 
5 825.477 0.318868 0.022442 0.673396 -0.853569 -0.258325 -2.16295 -4.09466 -819.22 0 
2 823.732 0.318744 0.0224329 0.671716 -0.849538 -0.238761 -0.435029 -4.04456 -819.252 0 
5 823.796 0.31587 0.0223977 0.673498 -0.855594 -0.235277 -0.561462 -3.98257 -819.252 0 
2 823.928 0.310463 0.0225069 0.677539 -0.847855 -0.231891 -0.491147 -4.15205 -819.285 0 
2 824.226 0.309088 0.0224555 0.677385 -0.846808 -0.221271 -0.615431 -4.31666 -819.294 0 
4 823.765 0.314839 0.0224157 0.671891 -0.839615 -0.213733 -0.412626 -4.02601 -819.327 0 
1 825.41 0.31605 0.0224689 0.668579 -0.819503 -0.200984 -1.27335 -4.37626 -819.761 0 
1 825.843 0.30573 0.0223305 0.684891 -0.900487 -0.22372 -0.52943 -4.55224 -820.762 0 
5 824.921 0.308503 0.0223927 0.679533 -0.861081 -0.225286 -1.21515 -4.25077 -819.455 0 
3 823.648 0.315286 0.0222774 0.672691 -0.841456 -0.253069 -0.51079 -3.89789 -819.239 0 
3 824.36 0.316025 0.0222739 0.670982 -0.841834 -0.232398 -1.15618 -3.92482 -819.279 0 
8 825.863 0.309596 0.0221775 0.678461 -0.876341 -0.23634 -1.9134 -4.20917 -819.74 0 
2 826.755 0.305509 0.0221719 0.683988 -0.885659 -0.266633 -1.36784 -4.81341 -820.574 0 
1 824.331 0.313645 0.0222235 0.677502 -0.86673 -0.289584 -0.447913 -4.33465 -819.549 0 
5 824.394 0.31655 0.0222244 0.675315 -0.870082 -0.277901 -0.543805 -4.41969 -819.43 0 
3 824.455 0.325099 0.0222778 0.664852 -0.812316 -0.29782 -0.677062 -4.01836 -819.759 0 
4 823.817 0.322751 0.0222764 0.668 -0.830686 -0.2897 -0.385896 -4.08877 -819.342 0 
4 824.828 0.322859 0.0223116 0.669709 -0.841521 -0.288386 -1.30646 -4.28702 -819.234 0 
1 825.835 0.324485 0.0224905 0.667142 -0.830279 -0.263107 -2.01204 -4.28831 -819.535 0 
1 825.546 0.320109 0.0224426 0.672504 -0.871272 -0.223792 -1.72507 -4.55131 -819.27 0 
3 824.572 0.317511 0.0224689 0.673866 -0.859822 -0.243332 -1.2103 -4.11253 -819.249 0 
1 824.996 0.316167 0.0223708 0.676537 -0.873822 -0.258656 -1.21753 -4.33155 -819.447 0 
7 823.567 0.315391 0.0223915 0.675453 -0.856592 -0.262503 -0.268874 -4.02098 -819.277 0 
1 824.262 0.313281 0.0224195 0.677693 -0.883074 -0.212146 -0.505809 -4.17032 -819.586 0 
2 823.508 0.31474 0.0223999 0.675297 -0.866069 -0.227974 -0.137286 -4.04138 -819.33 0 
13 823.868 0.320004 0.0224544 0.669934 -0.840885 -0.236579 -0.468638 -4.0539 -819.345 0 
2 823.896 0.319602 0.0223309 0.67209 -0.843325 -0.287284 -0.647233 -4.04776 -819.201 0 
4 824.445 0.324901 0.0224124 0.664182 -0.790066 -0.302039 -0.174766 -3.83798 -820.432 0 
4 824.408 0.318261 0.0224137 0.66822 -0.795549 -0.278628 -0.405889 -4.0204 -819.982 0 
2 824.39 0.313869 0.0223523 0.673372 -0.816838 -0.280781 -0.961834 -4.09129 -819.337 0 
3 824.827 0.312118 0.0224985 0.676432 -0.830758 -0.262948 -1.4299 -4.14661 -819.251 0 
1 825.464 0.319192 0.0225358 0.669422 -0.824129 -0.226791 -1.7483 -4.07571 -819.64 0 
1 824.617 0.319676 0.0225324 0.669385 -0.846434 -0.193568 -0.880014 -4.29529 -819.441 0 
1 824.481 0.322742 0.0223515 0.667945 -0.856941 -0.219143 -0.520497 -4.65145 -819.309 0 
3 824.575 0.314996 0.0223421 0.676498 -0.895492 -0.203582 -0.32752 -4.52202 -819.725 0 
1 824.09 0.313487 0.0223582 0.676058 -0.883887 -0.198036 -0.360876 -4.1837 -819.545 0 
1 825.041 0.31813 0.0222434 0.674199 -0.889298 -0.232133 -0.644037 -4.85078 -819.546 0 
4 825.074 0.312529 0.0223848 0.679064 -0.899399 -0.208836 -0.614546 -4.45091 -820.009 0 
1 825.043 0.317326 0.0223808 0.671668 -0.871837 -0.189642 -1.42252 -4.31403 -819.307 0 
4 825.514 0.316099 0.0223743 0.669936 -0.866855 -0.148122 -1.75611 -4.40235 -819.355 0 
2 824.359 0.319524 0.0222597 0.670496 -0.882496 -0.182475 -0.249118 -4.77077 -819.339 0 
5 825.098 0.315429 0.0222935 0.674664 -0.880624 -0.197143 -1.4522 -4.22262 -819.424 0 
3 825.188 0.322873 0.0223309 0.667486 -0.835416 -0.243917 -1.4982 -4.21128 -819.479 0 
4 824.726 0.320318 0.0225138 0.667042 -0.818296 -0.216834 -0.580943 -4.23124 -819.913 0 
1 823.992 0.31866 0.0224058 0.668194 -0.815506 -0.243847 -0.300675 -3.98705 -819.704 0 
4 824.205 0.323859 0.0222807 0.665472 -0.837895 -0.227552 -0.192683 -4.45098 -819.561 0 
7 824.199 0.323174 0.0223765 0.66767 -0.846786 -0.233608 -0.360592 -4.46953 -819.369 0 
3 823.218 0.317441 0.0223495 0.671483 -0.843759 -0.242934 -0.0269109 -3.93133 -819.26 0 
4 823.285 0.31513 0.0223239 0.674992 -0.850243 -0.274326 -0.0476892 -3.98697 -819.251 0 
1 824.519 0.316972 0.0223144 0.675712 -0.865548 -0.284507 -0.792983 -4.36024 -819.366 0 
4 826.817 0.324405 0.0222051 0.669305 -0.843324 -0.312835 -3.02542 -4.60635 -819.185 0 
2 825.069 0.329253 0.0222416 0.662096 -0.801791 -0.323909 -0.651342 -4.28431 -820.134 0 
1 825.721 0.318466 0.0223755 0.667266 -0.790101 -0.289721 -1.65537 -3.98611 -820.08 0 
1 825.191 0.309695 0.0224218 0.676043 -0.828837 -0.253649 -1.4896 -4.43808 -819.263 0 
16 823.567 0.313397 0.0224687 0.67467 -0.828225 -0.266323 -0.280123 -4.02231 -819.265 0 
1 824.529 0.314114 0.0223535 0.672173 -0.82015 -0.25418 -1.03518 -4.10125 -819.392 0 
1 825.698 0.321151 0.0221941 0.667632 -0.828743 -0.284548 -2.40211 -3.95115 -819.345 0 
3 824.798 0.318552 0.0222387 0.670075 -0.841486 -0.261699 -1.60036 -3.95374 -819.244 0 
2 824.144 0.320824 0.0223979 0.670586 -0.83957 -0.26858 -0.833917 -4.03845 -819.271 0 
1 824.167 0.314838 0.0224754 0.676151 -0.859986 -0.24711 -0.861495 -4.00759 -819.298 0 
3 824.05 0.322562 0.0222645 0.668721 -0.843968 -0.267527 -0.495958 -4.28718 -819.267 0 
1 824.512 0.323196 0.0221733 0.667686 -0.846231 -0.270197 -0.819019 -4.44129 -819.251 0 
1 825.628 0.328085 0.0222851 0.660225 -0.803116 -0.255648 -0.477463 -4.49862 -820.652 0 
1 825.727 0.324989 0.0222764 0.663118 -0.821592 -0.241586 -1.46218 -4.3529 -819.912 0 
2 825.514 0.324148 0.0222769 0.663114 -0.822086 -0.22584 -1.16101 -4.38369 -819.969 0 
6 825.847 0.319003 0.0222895 0.666468 -0.84178 -0.17035 -1.74663 -4.48974 -819.611 0 
3 827.712 0.321601 0.0221689 0.667582 -0.859198 -0.197915 -3.81105 -4.56335 -819.337 0 
1 827.119 0.322101 0.0221175 0.667979 -0.877191 -0.188112 -2.78908 -5.02947 -819.3 0 
1 825.898 0.317465 0.0221448 0.671823 -0.901414 -0.155789 -1.40457 -4.91935 -819.574 0 
5 824.511 0.317361 0.0223308 0.669557 -0.874542 -0.139427 -0.529844 -4.61518 -819.366 0 
6 824.708 0.31085 0.022406 0.675711 -0.884639 -0.132991 -0.94908 -4.26155 -819.498 0 
3 824.687 0.317934 0.0224292 0.669336 -0.855549 -0.159708 -0.793104 -4.4675 -819.426 0 
24 824.34 0.322955 0.0224073 0.667033 -0.850674 -0.200364 -0.23307 -4.6505 -819.456 0 
1 826.809 0.318981 0.0224072 0.67327 -0.872807 -0.215081 -3.10929 -4.40885 -819.291 0 
3 825.791 0.324626 0.0224352 0.664475 -0.823222 -0.21628 -1.20616 -4.53991 -820.045 0 
2 824.849 0.320904 0.0224131 0.668035 -0.849827 -0.186324 -0.8981 -4.48425 -819.467 0 
4 825.668 0.317023 0.022382 0.673742 -0.875198 -0.196207 -2.06614 -4.27188 -819.33 0 
5 826.071 0.314349 0.0225918 0.676245 -0.878317 -0.176476 -2.50887 -4.16728 -819.395 0 
4 824.721 0.315466 0.0225818 0.672818 -0.859461 -0.170969 -1.19052 -4.20598 -819.324 0 
3 824.412 0.310048 0.0225385 0.677992 -0.872237 -0.182644 -0.862722 -4.09709 -819.452 0 
1 824.686 0.316912 0.0224951 0.673147 -0.86731 -0.18791 -1.17718 -4.21131 -819.297 0 
1 825.368 0.310757 0.022611 0.676802 -0.854875 -0.185038 -1.84346 -4.2199 -819.305 0 
2 826.425 0.30781 0.0226696 0.677311 -0.855158 -0.156357 -2.47594 -4.61294 -819.336 0 
1 825.613 0.309473 0.0224313 0.675022 -0.840743 -0.192798 -1.78242 -4.52404 -819.306 0 
1 824.865 0.307645 0.0224645 0.678199 -0.846783 -0.212529 -1.01601 -4.53914 -819.31 0 
5 825.126 0.312386 0.0224549 0.674729 -0.858936 -0.176937 -1.6555 -4.16171 -819.309 0 
3 825.215 0.314801 0.0225169 0.672972 -0.851769 -0.181339 -1.71469 -4.17204 -819.328 0 
3 824.215 0.309744 0.0224679 0.678631 -0.860515 -0.217432 -0.689561 -4.13873 -819.387 0 
1 825.481 0.305073 0.0225249 0.684194 -0.884425 -0.202669 -0.965797 -4.44315 -820.072 0 
3 825.826 0.308376 0.0225963 0.679188 -0.846397 -0.217203 -2.06581 -4.46004 -819.3 0 
1 825.232 0.312565 0.0224652 0.672086 -0.82432 -0.213574 -1.39533 -4.38253 -819.454 0 
1 824.907 0.311207 0.0223973 0.674301 -0.838314 -0.211111 -1.32705 -4.28377 -819.296 0 
1 824.651 0.318778 0.0221624 0.670616 -0.854669 -0.245707 -1.31051 -4.10966 -819.231 0 
2 825.441 0.316999 0.0222679 0.670528 -0.83558 -0.234457 -2.15392 -3.94427 -819.342 0 
6 826.376 0.314951 0.0222822 0.669643 -0.827357 -0.210612 -2.67096 -4.20875 -819.496 0 
1 825.977 0.319063 0.0222919 0.665837 -0.819492 -0.211186 -1.8942 -4.23263 -819.85 0 
3 825.635 0.312404 0.0222119 0.673635 -0.847841 -0.226194 -2.35289 -4.01781 -819.264 0 
5 825.494 0.322155 0.0221524 0.665526 -0.824869 -0.253941 -1.87258 -4.02567 -819.596 0 
1 827.414 0.32498 0.0220619 0.662731 -0.818394 -0.26238 -3.38388 -4.18717 -819.842 0 
1 825.874 0.317333 0.0222977 0.667787 -0.815924 -0.227716 -1.98768 -4.1524 -819.734 0 
2 825.242 0.317797 0.0223019 0.668118 -0.81607 -0.23885 -1.5136 -4.04724 -819.681 0 
4 825.707 0.314529 0.0222249 0.67227 -0.836149 -0.243779 -2.47951 -3.95497 -819.272 0 
3 825.804 0.322089 0.0222518 0.665306 -0.808091 -0.260523 -1.84999 -3.97683 -819.978 0 
2 828.189 0.319399 0.0222452 0.669329 -0.823385 -0.264792 -4.86677 -3.86568 -819.457 0 
2 825.882 0.323653 0.0224837 0.663206 -0.774965 -0.28032 -0.485051 -4.16614 -821.231 0 
2 826.164 0.328847 0.0223624 0.661047 -0.787129 -0.291975 -0.954791 -4.19674 -821.012 0 
4 826.504 0.330984 0.0223207 0.6584 -0.782711 -0.283753 -0.43617 -4.51268 -821.555 0 
2 826.656 0.330324 0.0223239 0.65771 -0.768613 -0.294145 -0.198761 -4.33556 -822.122 0 
6 825.747 0.31795 0.0224886 0.670433 -0.806249 -0.273278 -2.08272 -3.95797 -819.706 0 
7 824.303 0.321027 0.0224533 0.666775 -0.790149 -0.292508 -0.200233 -3.87492 -820.228 0 
3 824.534 0.318378 0.0223647 0.669153 -0.802021 -0.286235 -0.88272 -3.90112 -819.75 0 
1 825.114 0.322079 0.0222781 0.666159 -0.793365 -0.306909 -1.28192 -3.76551 -820.067 0 
1 824.573 0.323402 0.0223549 0.664097 -0.790406 -0.287998 -0.252656 -3.88283 -820.438 0 
1 824.682 0.322393 0.0222385 0.665437 -0.805248 -0.282052 -0.917055 -3.85101 -819.914 0 
1 823.807 0.318736 0.0222755 0.67103 -0.835503 -0.274558 -0.66788 -3.8822 -819.257 0 
1 824.793 0.324618 0.0222773 0.667853 -0.829243 -0.30679 -1.19976 -4.24625 -819.347 0 
8 826.739 0.331203 0.0223269 0.658536 -0.784643 -0.300982 -1.07934 -4.40252 -821.257 0 
4 824.956 0.32834 0.0223314 0.66252 -0.80823 -0.290186 -0.456145 -4.3543 -820.145 0 
3 826.646 0.329855 0.0224513 0.662499 -0.80803 -0.290809 -1.81225 -4.57531 -820.258 0 
2 824.97 0.328548 0.0223604 0.662567 -0.79099 -0.320483 -0.443419 -4.01829 -820.508 0 
2 824.26 0.324911 0.0223784 0.666051 -0.818035 -0.287901 -0.498786 -4.08895 -819.672 0 
4 823.503 0.320982 0.0223715 0.669432 -0.833683 -0.269009 -0.185324 -3.98274 -819.335 0 
4 823.513 0.317623 0.022261 0.672847 -0.852039 -0.271384 -0.235282 -4.0557 -819.222 0 
1 824.136 0.31677 0.0221878 0.673545 -0.858422 -0.270664 -0.743417 -4.12256 -819.27 0 
3 825.889 0.323347 0.0223002 0.662829 -0.813754 -0.222791 -1.34101 -4.34445 -820.203 0 
5 824.092 0.316071 0.0223016 0.67154 -0.852115 -0.207323 -0.784986 -4.0249 -819.282 0 
2 824.075 0.311725 0.0224244 0.674485 -0.847906 -0.200923 -0.645269 -4.14419 -819.285 0 
4 823.976 0.314391 0.0224031 0.674541 -0.849657 -0.249387 -0.790186 -3.93836 -819.248 0 
3 825.403 0.321077 0.0224899 0.667054 -0.810257 -0.261327 -1.64649 -3.90872 -819.848 0 
3 825.96 0.305448 0.0225684 0.682119 -0.869524 -0.205952 -1.80096 -4.48277 -819.676 0 
1 824.957 0.31314 0.0225865 0.674779 -0.844999 -0.215268 -1.65767 -4.02412 -819.275 0 
2 824.67 0.314606 0.0225866 0.673268 -0.838073 -0.216921 -1.31666 -4.02686 -819.327 0 
2 823.559 0.31723 0.0224307 0.671186 -0.851056 -0.20155 -0.153476 -4.09275 -819.313 0 
3 824.411 0.31537 0.0224666 0.675716 -0.87448 -0.213215 -0.880169 -4.15201 -819.379 0 
1 824.589 0.312571 0.022536 0.677495 -0.87058 -0.211539 -1.14552 -4.03156 -819.412 0 
5 823.841 0.315298 0.0224433 0.671364 -0.833162 -0.217429 -0.392856 -4.0557 -819.392 0 
7 824.007 0.317956 0.022437 0.669292 -0.841919 -0.198182 -0.42935 -4.14764 -819.43 0 
2 826.936 0.317638 0.0221415 0.66934 -0.853191 -0.223216 -3.62177 -4.0542 -819.26 0 
1 828.67 0.322454 0.0221525 0.665386 -0.835015 -0.253458 -5.06042 -4.18485 -819.424 0 
2 824.646 0.315253 0.0221818 0.675415 -0.879955 -0.243524 -0.745534 -4.35542 -819.545 0 
2 826.03 0.316738 0.0222245 0.676148 -0.896352 -0.23214 -1.41116 -4.84883 -819.77 0 
2 825.394 0.324731 0.0222875 0.665921 -0.846135 -0.243368 -1.31514 -4.69762 -819.381 0 
1 824.998 0.325476 0.0222409 0.667025 -0.845512 -0.27365 -0.964378 -4.74267 -819.291 0 
4 828.634 0.322279 0.022157 0.673417 -0.879298 -0.31047 -3.48589 -5.71553 -819.432 0 
1 827.392 0.330355 0.0221561 0.662869 -0.842633 -0.288439 -2.21497 -5.76221 -819.415 0 
1 827.718 0.319126 0.0221656 0.674448 -0.876405 -0.279731 -3.50471 -4.78498 -819.428 0 
5 825.253 0.326547 0.022205 0.662334 -0.825686 -0.239203 -0.730074 -4.61232 -819.911 0 
8 825.054 0.322258 0.0223173 0.664759 -0.826042 -0.219281 -0.987317 -4.26692 -819.799 0 
2 823.933 0.320023 0.022418 0.667782 -0.837888 -0.201319 -0.129 -4.254 -819.55 0 
2 824.08 0.319614 0.0224199 0.667419 -0.82838 -0.210474 -0.231868 -4.18024 -819.668 0 
6 824.28 0.323676 0.0223831 0.665206 -0.837106 -0.207572 -0.0239342 -4.56442 -819.691 0 
2 824.979 0.325406 0.0222639 0.663961 -0.844507 -0.212359 -0.498564 -4.88994 -819.59 0 
2 826.943 0.329359 0.0222081 0.660722 -0.840064 -0.221664 -1.55196 -5.5604 -819.831 0 
2 825.615 0.327472 0.0222436 0.662193 -0.843988 -0.20764 -0.572926 -5.31116 -819.731 0 
3 825.89 0.32543 0.0222435 0.664799 -0.857064 -0.211701 -1.31608 -5.17519 -819.399 0 
1 824.658 0.322519 0.0223046 0.666186 -0.84968 -0.203491 -0.645861 -4.57113 -819.441 0 
5 825 0.321629 0.022438 0.669848 -0.865982 -0.201259 -1.02325 -4.68582 -819.291 0 
2 824.071 0.322268 0.0224288 0.667411 -0.837235 -0.227986 -0.306282 -4.25814 -819.506 0 
3 824.457 0.310928 0.0225367 0.677742 -0.857 -0.225114 -1.06663 -4.05739 -819.333 0 
4 824.1 0.315555 0.0225266 0.672175 -0.819329 -0.256792 -0.687561 -3.97763 -819.435 0 
3 824.617 0.314528 0.0225704 0.673338 -0.826144 -0.238027 -1.16523 -4.06763 -819.384 0 
6 823.928 0.315922 0.0224706 0.671308 -0.81199 -0.264293 -0.365797 -4.02056 -819.542 0 
7 823.14 0.316039 0.0223605 0.673232 -0.827604 -0.290987 -0.0279838 -3.86637 -819.245 0 
2 823.697 0.316038 0.0223114 0.672023 -0.812163 -0.313292 -0.4616 -3.89819 -819.337 0 
1 823.565 0.313596 0.0223685 0.675362 -0.817712 -0.327728 -0.199459 -4.13408 -819.231 0 
2 825.263 0.307891 0.0222906 0.683112 -0.849654 -0.343189 -0.455358 -5.0156 -819.792 0 
2 823.9 0.315507 0.0222917 0.675121 -0.812538 -0.380463 -0.447303 -4.24263 -819.211 0 
2 824.641 0.312375 0.022301 0.679628 -0.818851 -0.411027 -0.391052 -4.91783 -819.332 0 
6 824.41 0.321422 0.0222582 0.671473 -0.792088 -0.436269 -0.946208 -4.11888 -819.345 0 
1 826.199 0.321535 0.0221993 0.672505 -0.796609 -0.457446 -2.54866 -4.40978 -819.24 0 
2 826.414 0.321917 0.022141 0.671791 -0.805838 -0.43452 -2.84064 -4.37286 -819.201 0 
2 824.196 0.315439 0.0222973 0.676656 -0.813875 -0.408526 -0.462648 -4.51405 -819.219 0 
4 824.402 0.325594 0.0222132 0.666298 -0.777341 -0.425658 -0.722165 -3.78774 -819.892 0 
3 825.577 0.326548 0.0221631 0.667385 -0.812098 -0.399778 -1.70891 -4.5746 -819.294 0 
1 825.138 0.324546 0.0223276 0.66914 -0.797411 -0.412025 -1.63275 -4.07442 -819.431 0 
2 826.477 0.323135 0.0223517 0.671182 -0.809489 -0.391161 -3.12005 -4.07904 -819.278 0 
6 824.056 0.320308 0.022414 0.671082 -0.789867 -0.387964 -0.70626 -3.80674 -819.543 0 
3 823.793 0.320047 0.0223504 0.671861 -0.810541 -0.362461 -0.625681 -3.87893 -819.289 0 
3 825.956 0.322815 0.0224189 0.667299 -0.775581 -0.383965 -2.22636 -3.64216 -820.087 0 
2 824.118 0.321184 0.0222506 0.671334 -0.797126 -0.421055 -0.720864 -4.08352 -819.313 0 
1 825.566 0.329732 0.0222916 0.66217 -0.753747 -0.435285 -0.932555 -3.60136 -821.032 0 
7 825.51 0.328764 0.0223111 0.664711 -0.766705 -0.441378 -1.39051 -3.78239 -820.337 0 
2 824.346 0.323463 0.0223748 0.668348 -0.773342 -0.416868 -0.69676 -3.69445 -819.954 0 
3 824.472 0.326143 0.0223318 0.664325 -0.762266 -0.39515 -0.16976 -3.55076 -820.751 0 
5 825.537 0.330345 0.0223117 0.662365 -0.762909 -0.420189 -0.981728 -3.72927 -820.826 0 
1 824.697 0.327513 0.0222851 0.664808 -0.77302 -0.412279 -0.732 -3.70197 -820.263 0 
2 824.25 0.32495 0.0223382 0.666113 -0.78484 -0.373596 -0.572979 -3.67767 -819.999 0 
2 824.435 0.32095 0.0222478 0.669811 -0.805782 -0.349914 -1.24539 -3.76095 -819.429 0 
7 824.725 0.32292 0.0223922 0.665528 -0.789264 -0.314159 -0.795507 -3.72772 -820.202 0 
5 825.864 0.318472 0.0225899 0.668385 -0.787263 -0.272941 -1.30694 -4.23094 -820.326 0 
1 825.612 0.31376 0.0225868 0.674822 -0.831923 -0.236901 -2.2347 -4.06749 -819.31 0 
1 825.086 0.307982 0.0225324 0.677887 -0.829612 -0.240237 -1.04393 -4.76832 -819.274 0 
2 824.392 0.31171 0.0224899 0.674744 -0.813908 -0.271457 -0.628148 -4.40647 -819.357 0 
3 824.434 0.313267 0.02247 0.675341 -0.817214 -0.292643 -1.00101 -4.14223 -819.291 0 
4 825.656 0.308114 0.0225655 0.679337 -0.814834 -0.292691 -1.33481 -5.05049 -819.27 0 
1 825.692 0.317823 0.0224771 0.667786 -0.77181 -0.309618 -0.833442 -4.32954 -820.529 0 
1 825.295 0.315725 0.022489 0.670088 -0.779734 -0.307541 -0.754117 -4.43584 -820.105 0 
3 825.973 0.317115 0.0225585 0.669033 -0.773992 -0.309745 -1.22466 -4.35993 -820.388 0 
1 826.466 0.308032 0.0226219 0.680698 -0.805367 -0.333853 -1.85779 -5.33084 -819.278 0 
2 825.087 0.311881 0.0225229 0.676022 -0.782171 -0.363726 -0.584441 -4.97968 -819.523 0 
3 827.157 0.311622 0.0224678 0.673876 -0.788023 -0.324371 -2.74254 -4.84396 -819.57 0 
5 826.136 0.308001 0.0226002 0.679191 -0.809834 -0.306137 -1.71086 -5.14651 -819.279 0 
1 825.216 0.309946 0.0225535 0.678977 -0.82413 -0.307894 -1.4526 -4.51424 -819.249 0 
1 824.178 0.314425 0.022422 0.67232 -0.8079 -0.28743 -0.618559 -4.10396 -819.455 0 
1 824.781 0.31567 0.0224685 0.671103 -0.813343 -0.264932 -1.29193 -3.98579 -819.504 0 
4 826.518 0.311088 0.0224491 0.674373 -0.819001 -0.262435 -2.82667 -4.37408 -819.317 0 
1 825.938 0.308494 0.022414 0.676258 -0.831893 -0.235159 -2.05877 -4.60557 -819.273 0 
2 825.626 0.314089 0.022525 0.670457 -0.812171 -0.218693 -1.41286 -4.48954 -819.724 0 
7 825.462 0.310345 0.0226423 0.677016 -0.832126 -0.235747 -1.82391 -4.36186 -819.276 0 
4 826.183 0.319708 0.022501 0.669237 -0.807349 -0.296609 -2.80311 -3.75982 -819.62 0 
1 825.886 0.323086 0.0222925 0.666096 -0.818293 -0.288183 -2.35635 -3.95193 -819.578 0 
2 825.595 0.324276 0.0221522 0.665406 -0.815512 -0.315745 -2.06094 -4.00069 -819.534 0 
3 825.169 0.324716 0.0222708 0.663165 -0.775798 -0.335482 -0.823383 -3.68454 -820.661 0 
1 823.973 0.321415 0.0222605 0.669409 -0.79204 -0.380751 -0.652471 -3.74532 -819.575 0 
3 824.512 0.321428 0.0221815 0.670575 -0.80069 -0.404759 -1.20091 -3.99231 -819.318 0 
9 823.972 0.32296 0.0223077 0.668087 -0.77106 -0.418323 -0.283184 -3.70258 -819.987 0 
2 824.479 0.321449 0.0222708 0.668526 -0.784125 -0.393504 -1.02863 -3.75511 -819.695 0 
1 824.325 0.321891 0.0223551 0.669515 -0.784035 -0.406472 -0.885026 -3.79619 -819.644 0 
3 824.47 0.323783 0.0222908 0.667996 -0.785215 -0.410508 -0.979111 -3.81387 -819.677 0 
2 824.958 0.326488 0.0222308 0.66697 -0.788674 -0.42788 -1.25634 -4.08535 -819.616 0 
1 825.316 0.317935 0.0222277 0.674287 -0.792416 -0.442613 -1.68159 -4.36017 -819.275 0 
2 824.951 0.319464 0.0224817 0.671789 -0.777512 -0.409839 -1.34468 -3.92505 -819.681 0 
9 824.723 0.317788 0.0223849 0.673569 -0.792939 -0.412943 -1.23804 -4.15619 -819.329 0 
1 824.892 0.319199 0.0223997 0.672539 -0.795277 -0.403642 -1.53251 -4.00848 -819.351 0 
9 823.823 0.318 0.022309 0.671943 -0.786508 -0.401659 -0.318558 -4.03267 -819.472 0 
6 824.169 0.320269 0.0222534 0.670381 -0.790245 -0.389278 -0.832794 -3.80951 -819.527 0 
7 825.404 0.313385 0.0223942 0.673568 -0.771562 -0.38612 -0.830462 -4.87182 -819.701 0 
1 824.43 0.319495 0.0224104 0.668957 -0.762689 -0.390192 -0.180604 -3.97636 -820.273 0 
1 826.699 0.311204 0.0226142 0.679421 -0.791395 -0.393455 -2.34003 -5.04847 -819.311 0 
1 827.274 0.308674 0.0225216 0.684399 -0.829585 -0.398037 -2.24868 -5.41694 -819.608 0 
6 825.644 0.316851 0.0225012 0.674277 -0.792466 -0.394446 -2.1565 -4.11867 -819.369 0 
1 825.07 0.31854 0.0224573 0.672788 -0.793241 -0.392177 -1.70646 -3.95904 -819.405 0 
8 824.405 0.323029 0.0223058 0.667786 -0.76843 -0.413167 -0.619146 -3.66997 -820.116 0 
2 823.767 0.322012 0.0223387 0.668462 -0.778574 -0.388805 -0.174525 -3.6843 -819.908 0 
1 823.409 0.318054 0.0222964 0.672382 -0.801744 -0.373034 -0.152917 -3.92604 -819.33 0 
5 824.091 0.320837 0.0224285 0.667782 -0.779028 -0.343474 -0.173349 -3.7507 -820.167 0 
3 824.199 0.322426 0.0223425 0.665691 -0.778191 -0.336134 -0.116901 -3.70704 -820.375 0 
4 824.152 0.31148 0.022359 0.67606 -0.806422 -0.33306 -0.321025 -4.55007 -819.281 0 
1 826.666 0.328032 0.0222608 0.665943 -0.794343 -0.393379 -2.84646 -4.06278 -819.756 0 
1 830.183 0.328666 0.0222622 0.666811 -0.787739 -0.432522 -6.3036 -4.16191 -819.717 0 
2 826.369 0.332957 0.0221757 0.659621 -0.765157 -0.41878 -1.34819 -4.04318 -820.977 0 
6 824.496 0.322786 0.0222124 0.666174 -0.772252 -0.388385 -0.689238 -3.642 -820.164 0 
1 824.773 0.313676 0.0224612 0.673954 -0.775381 -0.375261 -0.365007 -4.73137 -819.677 0 
6 825.476 0.319592 0.0224817 0.667763 -0.751043 -0.377526 -0.38464 -4.20763 -820.883 0 
6 825.16 0.317337 0.0224634 0.669858 -0.758001 -0.377403 -0.332135 -4.41679 -820.411 0 
2 824.914 0.319328 0.0223033 0.667903 -0.768441 -0.362027 -0.651769 -3.97395 -820.288 0 
5 825.168 0.318844 0.0223379 0.667933 -0.75985 -0.371524 -0.510215 -4.15622 -820.501 0 
2 824.025 0.317096 0.022311 0.673985 -0.808582 -0.370375 -0.771608 -4.0063 -819.247 0 
6 823.841 0.318722 0.0224024 0.672633 -0.797974 -0.380605 -0.563589 -3.90256 -819.375 0 
3 824.314 0.31433 0.0224921 0.676428 -0.811632 -0.35041 -0.914085 -4.16138 -819.238 0 
2 824.566 0.31443 0.0225035 0.675848 -0.800302 -0.367247 -1.00641 -4.25787 -819.302 0 
8 824.312 0.318517 0.0224517 0.6732 -0.804633 -0.367759 -1.10194 -3.89281 -819.317 0 
2 825.643 0.316823 0.0223137 0.676891 -0.839594 -0.363714 -1.97491 -4.40597 -819.262 0 
2 825.291 0.326103 0.0222739 0.666435 -0.82251 -0.329662 -1.49878 -4.39117 -819.401 0 
1 826.428 0.325976 0.0222913 0.664556 -0.820693 -0.291799 -2.50298 -4.2866 -819.638 0 
1 824.659 0.307286 0.0223281 0.680751 -0.864057 -0.242066 -0.640608 -4.39369 -819.624 0 
8 825.36 0.306523 0.0222818 0.681647 -0.8657 -0.263975 -0.953607 -4.58649 -819.82 0 
4 827.32 0.302785 0.0222828 0.688399 -0.905292 -0.262514 -0.2326 -5.31076 -821.776 0 
4 827.848 0.300425 0.022291 0.687854 -0.88203 -0.264608 -1.29003 -5.60696 -820.951 0 
1 825.887 0.310962 0.0222434 0.675102 -0.839416 -0.257802 -2.48418 -4.14667 -819.256 0 
1 827.158 0.317973 0.0221202 0.667915 -0.80599 -0.296485 -3.75908 -3.8229 -819.576 0 
9 826.508 0.31532 0.0221634 0.670999 -0.794502 -0.335865 -2.86219 -4.13081 -819.515 0 
1 827.023 0.306463 0.022248 0.679492 -0.818891 -0.323088 -2.35663 -5.36094 -819.305 0 
2 829.277 0.299129 0.0223015 0.689479 -0.860533 -0.329465 -1.63622 -6.79566 -820.845 0 
1 825.198 0.310368 0.0222438 0.677484 -0.816671 -0.34944 -1.24845 -4.69445 -819.255 0 
4 823.613 0.316181 0.0223119 0.673282 -0.791981 -0.383624 -0.0765074 -4.14058 -819.396 0 
6 823.875 0.316587 0.0223473 0.674672 -0.805232 -0.382115 -0.525603 -4.09957 -819.25 0 
3 825.232 0.319981 0.0221403 0.67178 -0.822441 -0.363782 -1.98105 -4.06693 -819.184 0 
3 825.357 0.321661 0.0220741 0.669367 -0.814877 -0.368578 -2.09592 -4.00962 -819.251 0 
1 824.447 0.316626 0.0221879 0.671487 -0.817482 -0.313733 -1.30228 -3.85876 -819.286 0 
2 824.396 0.310639 0.0222512 0.679988 -0.854478 -0.316793 -0.322581 -4.48678 -819.587 0 
1 825.631 0.317502 0.0223933 0.671693 -0.825274 -0.297031 -2.52716 -3.83635 -819.268 0 
1 825.507 0.307206 0.0223458 0.682262 -0.868717 -0.275629 -0.983753 -4.59938 -819.924 0 
5 825.059 0.31092 0.0222247 0.679143 -0.870892 -0.279073 -0.93152 -4.38034 -819.747 0 
5 824.574 0.310951 0.0222209 0.679117 -0.874553 -0.262761 -0.537736 -4.28792 -819.749 0 
3 824.067 0.315983 0.0222251 0.674619 -0.849245 -0.292149 -0.780467 -4.04127 -819.245 0 
1 825.745 0.32347 0.0220838 0.665878 -0.831208 -0.283268 -2.19722 -4.16578 -819.382 0 
2 824.678 0.32146 0.0222082 0.666629 -0.807043 -0.305383 -1.26926 -3.75274 -819.656 0 
2 824.541 0.317843 0.0221481 0.671383 -0.816517 -0.33843 -1.41468 -3.87407 -819.252 0 
2 824.723 0.316883 0.0222777 0.670546 -0.804771 -0.320101 -1.41206 -3.86515 -819.446 0 
1 827.01 0.312286 0.0222525 0.672821 -0.800546 -0.298837 -2.99338 -4.5491 -819.468 0 
1 827.239 0.30362 0.022503 0.681544 -0.821884 -0.266605 -1.92509 -6.01178 -819.302 0 
5 828.843 0.297923 0.0223613 0.688673 -0.849392 -0.294523 -1.55943 -7.07205 -820.211 0 
1 830.313 0.294468 0.0224356 0.694143 -0.888222 -0.265054 -1.08851 -7.16471 -822.06 0 
5 826.784 0.300983 0.0223823 0.688729 -0.867937 -0.305057 -0.121988 -5.96349 -820.698 0 
1 824.945 0.306889 0.0223916 0.681835 -0.841392 -0.31087 -0.521671 -4.91164 -819.511 0 
2 824.218 0.310007 0.0223844 0.677033 -0.824045 -0.289995 -0.496764 -4.47448 -819.247 0 
1 823.415 0.315922 0.0224257 0.672178 -0.822241 -0.267199 -0.149086 -3.90469 -819.362 0 
9 823.864 0.309257 0.0223764 0.678698 -0.857019 -0.238759 -0.252606 -4.20323 -819.408 0 
1 823.511 0.315368 0.0223506 0.67207 -0.829254 -0.256295 -0.293431 -3.91126 -819.306 0 
1 825.057 0.318837 0.0222804 0.670103 -0.827778 -0.266118 -1.83801 -3.85192 -819.367 0 
3 824.726 0.323087 0.0222099 0.667757 -0.820644 -0.309493 -1.36611 -3.93769 -819.422 0 
2 824.672 0.323071 0.0223012 0.664207 -0.800238 -0.272962 -0.546119 -3.9332 -820.193 0 
1 824.559 0.325372 0.022336 0.665531 -0.81666 -0.29762 -0.7807 -4.11193 -819.666 0 
2 823.862 0.321086 0.0224538 0.668864 -0.820294 -0.272494 -0.452295 -3.8706 -819.539 0 
4 825.774 0.32005 0.0225958 0.670357 -0.828627 -0.245483 -2.33024 -3.95971 -819.484 0 
3 825.428 0.31915 0.0226022 0.670576 -0.817389 -0.262948 -1.99058 -3.86775 -819.57 0 
5 825.435 0.324139 0.0224587 0.668268 -0.830256 -0.279089 -1.7969 -4.19966 -819.439 0 
4 825.074 0.312251 0.0223957 0.680096 -0.859388 -0.303438 -1.21701 -4.31936 -819.537 0 
2 824.037 0.322568 0.0224354 0.668011 -0.799185 -0.326452 -0.550498 -3.7102 -819.777 0 
6 824.333 0.322301 0.0223267 0.669181 -0.81734 -0.317771 -1.06516 -3.85329 -819.414 0 
1 824.868 0.327551 0.0223051 0.661855 -0.773064 -0.345486 -0.222624 -3.72083 -820.925 0 
3 825.555 0.323453 0.0223544 0.665488 -0.789178 -0.332394 -1.78854 -3.67973 -820.087 0 
6 823.396 0.317907 0.0223484 0.672604 -0.810454 -0.344504 -0.2399 -3.85504 -819.301 0 
3 824.752 0.324776 0.0221886 0.66598 -0.799936 -0.363449 -1.24793 -3.86972 -819.635 0 
4 825.366 0.32206 0.0222088 0.669882 -0.824744 -0.357527 -1.93458 -4.2381 -819.193 0 
2 824.464 0.31294 0.0223835 0.675527 -0.817122 -0.325711 -1.0287 -4.19989 -819.235 0 
3 824.419 0.319532 0.0223471 0.670607 -0.801231 -0.360585 -1.19061 -3.8088 -819.419 0 
2 824.781 0.325245 0.0221545 0.666751 -0.809507 -0.360497 -1.26987 -4.0494 -819.462 0 
4 825.933 0.329183 0.0220867 0.663271 -0.807799 -0.362186 -1.77026 -4.496 -819.667 0 
2 825.222 0.32647 0.0222944 0.665632 -0.805188 -0.352744 -1.49165 -4.07702 -819.653 0 
2 824.419 0.314435 0.0222266 0.676095 -0.848167 -0.317585 -0.862542 -4.23568 -819.321 0 
5 824.703 0.315324 0.0222643 0.674776 -0.838308 -0.321221 -1.3739 -4.10445 -819.225 0 
2 827.761 0.312684 0.0221224 0.676156 -0.857909 -0.295393 -4.02053 -4.28139 -819.459 0 
9 827.457 0.313083 0.0221572 0.674544 -0.833094 -0.314396 -4.08478 -4.1376 -819.234 0 
2 828.03 0.307966 0.0220639 0.682874 -0.873323 -0.329506 -2.49109 -5.12527 -820.414 0 
2 827.537 0.314679 0.0221198 0.673352 -0.826518 -0.333727 -4.23033 -4.09808 -819.208 0 
10 826.565 0.311618 0.0220995 0.678826 -0.845774 -0.34732 -2.47433 -4.58488 -819.506 0 
3 825.842 0.31579 0.022077 0.673134 -0.825276 -0.341127 -2.59496 -4.04835 -819.199 0 
9 826.517 0.318145 0.022179 0.668667 -0.806105 -0.313924 -3.24014 -3.78534 -819.492 0 
1 826.142 0.313625 0.0222584 0.674259 -0.811854 -0.346162 -2.68366 -4.21867 -819.24 0 
1 824.823 0.316158 0.0221765 0.675745 -0.832933 -0.367856 -1.25288 -4.33428 -819.236 0 
1 825.944 0.309609 0.0222182 0.682497 -0.832237 -0.414849 -0.75502 -5.49257 -819.697 0 
3 826.601 0.308817 0.0223773 0.683961 -0.8249 -0.435692 -1.00467 -5.88287 -819.713 0 
1 827.025 0.313393 0.0221684 0.68065 -0.827441 -0.458319 -1.82524 -5.60168 -819.598 0 
1 827.107 0.318906 0.022145 0.675848 -0.806571 -0.488393 -2.68874 -5.18944 -819.228 0 
2 827.401 0.326702 0.0220255 0.666075 -0.780461 -0.478922 -3.41506 -4.4343 -819.552 0 
1 827.009 0.3277 0.0220808 0.665631 -0.780026 -0.475208 -2.95136 -4.43534 -819.622 0 
2 826.591 0.325107 0.0220958 0.669632 -0.792725 -0.485647 -2.55111 -4.77133 -819.269 0 
6 825.394 0.325554 0.0221735 0.667354 -0.778364 -0.46361 -1.62539 -4.13652 -819.632 0 
2 824.403 0.319787 0.022268 0.671965 -0.778629 -0.459272 -0.703259 -4.25085 -819.449 0 
3 825.134 0.313258 0.0222425 0.678412 -0.796251 -0.457306 -0.691349 -5.16172 -819.281 0 
10 824.844 0.322019 0.0221754 0.67121 -0.797834 -0.447191 -1.22284 -4.36873 -819.253 0 
2 826.643 0.323638 0.0221619 0.671686 -0.812521 -0.452657 -2.56287 -4.93409 -819.146 0 
1 825.231 0.327545 0.0221855 0.665939 -0.791096 -0.42364 -1.40136 -4.20062 -819.629 0 
1 824.122 0.320873 0.0222924 0.671822 -0.803755 -0.403671 -0.795818 -4.05422 -819.272 0 
6 824.102 0.317729 0.0223234 0.673642 -0.789702 -0.428334 -0.515157 -4.25597 -819.33 0 
8 824.534 0.31536 0.0223327 0.676197 -0.780859 -0.466139 -0.335975 -4.86526 -819.333 0 
2 824.909 0.319587 0.0223027 0.670794 -0.741243 -0.504081 -0.201838 -4.53466 -820.173 0 
2 826.14 0.314739 0.0223552 0.678155 -0.781943 -0.485042 -1.67099 -5.1596 -819.31 0 
1 825.988 0.314987 0.0223671 0.678031 -0.782926 -0.483438 -1.57873 -5.1054 -819.304 0 
11 824.441 0.321812 0.0222938 0.670046 -0.764271 -0.472429 -0.601334 -4.05857 -819.781 0 
1 825.27 0.327598 0.0222718 0.663857 -0.737782 -0.480803 -0.583703 -3.57892 -821.108 0 
1 825.958 0.320424 0.0223943 0.673224 -0.772713 -0.478907 -2.16145 -4.29138 -819.505 0 
7 825.949 0.317526 0.0223848 0.675208 -0.774533 -0.47075 -1.97014 -4.54742 -819.431 0 
2 830.326 0.323934 0.0223934 0.672547 -0.777795 -0.504485 -6.43437 -4.47759 -819.414 0 
3 827.367 0.330063 0.0224195 0.663443 -0.742292 -0.474911 -2.59656 -3.59206 -821.178 0 
2 827.42 0.329925 0.0223419 0.665357 -0.759567 -0.486703 -3.11986 -3.99695 -820.303 0 
3 827.531 0.329151 0.0223034 0.666591 -0.774169 -0.476617 -3.4239 -4.26501 -819.842 0 
1 825.956 0.325959 0.0224545 0.666156 -0.764959 -0.416189 -1.94099 -3.595 -820.42 0 
1 827.29 0.319768 0.0224021 0.674739 -0.815654 -0.396398 -3.92472 -4.1851 -819.18 0 
1 825.061 0.320467 0.0223992 0.672948 -0.817895 -0.369463 -1.81339 -4.04166 -819.206 0 
4 825.027 0.325819 0.0223495 0.66711 -0.807015 -0.347541 -1.42836 -3.98913 -819.61 0 
3 826.387 0.324157 0.0224133 0.668416 -0.801165 -0.345357 -2.9392 -3.76336 -819.684 0 
7 827.745 0.318239 0.0224812 0.674805 -0.820307 -0.341857 -4.63716 -3.88877 -819.219 0 
5 825.516 0.320421 0.0224243 0.672838 -0.826891 -0.335964 -2.32663 -3.98545 -819.204 0 
2 824.641 0.319895 0.0224295 0.672644 -0.813658 -0.356347 -1.4879 -3.88542 -819.267 0 
3 823.948 0.316599 0.0224478 0.671912 -0.80636 -0.31153 -0.619645 -3.88206 -819.446 0 
4 824.57 0.325967 0.0222913 0.666764 -0.81082 -0.346448 -0.940437 -4.09209 -819.537 0 
1 824.218 0.318471 0.0224553 0.671992 -0.820093 -0.310434 -1.1068 -3.81031 -819.3 0 
1 824.235 0.321468 0.0223725 0.667549 -0.801506 -0.313594 -0.769738 -3.72281 -819.743 0 
2 824.3 0.325764 0.0222686 0.664177 -0.807406 -0.293836 -0.31684 -4.01674 -819.967 0 
1 824.379 0.322323 0.0222638 0.668091 -0.812865 -0.313339 -1.05781 -3.80089 -819.52 0 
3 824.578 0.322323 0.022138 0.668597 -0.824378 -0.327425 -1.2897 -4.01101 -819.277 0 
1 825.605 0.31775 0.0221791 0.673078 -0.837075 -0.312935 -2.4464 -3.96723 -819.191 0 
3 825.151 0.327289 0.0221191 0.66463 -0.802999 -0.368448 -1.36084 -4.1393 -819.651 0 
1 825.538 0.32291 0.0223556 0.665324 -0.768844 -0.363825 -1.36728 -3.6507 -820.52 0 
2 824.622 0.323385 0.0222127 0.669772 -0.818446 -0.374496 -1.16935 -4.22597 -819.227 0 
4 824.624 0.323272 0.0221265 0.668148 -0.818037 -0.353911 -1.24919 -4.08444 -819.29 0 
8 824.241 0.32393 0.0222184 0.665917 -0.792422 -0.35699 -0.70707 -3.7035 -819.83 0 
1 825.561 0.326051 0.0222623 0.661522 -0.769166 -0.330831 -0.6675 -3.75618 -821.138 0 
1 825.785 0.324149 0.0223578 0.663049 -0.769703 -0.311259 -0.692125 -3.93185 -821.161 0 
1 825.636 0.322559 0.0223661 0.663422 -0.781311 -0.28143 -0.788376 -4.03282 -820.815 0 
3 825.53 0.326927 0.0223167 0.660652 -0.787896 -0.271424 -0.277832 -4.21673 -821.035 0 
2 827.29 0.324591 0.0223935 0.661948 -0.794048 -0.232128 -1.75589 -4.53917 -820.995 0 
1 827.868 0.333201 0.0221462 0.656083 -0.80566 -0.248414 -1.26743 -5.49471 -821.106 0 
1 827.824 0.332118 0.0222968 0.655674 -0.796423 -0.227547 -0.620772 -5.47895 -821.724 0 
2 827.856 0.330944 0.0223616 0.65644 -0.783248 -0.249228 -0.901469 -4.94799 -822.006 0 
2 827.347 0.330157 0.0224021 0.657121 -0.774586 -0.262228 -0.416753 -4.70531 -822.225 0 
2 824.618 0.320894 0.0223579 0.666544 -0.807278 -0.25776 -0.694619 -3.97401 -819.95 0 
1 826.029 0.31981 0.0222497 0.671202 -0.835485 -0.290016 -2.87346 -3.92141 -819.234 0 
1 824.765 0.318756 0.0223671 0.6716 -0.831165 -0.276002 -1.62691 -3.8472 -819.291 0 
1 825.689 0.321394 0.0220942 0.670616 -0.853287 -0.300785 -1.99685 -4.50645 -819.186 0 
1 825.781 0.328864 0.02217 0.662815 -0.836014 -0.270816 -1.07138 -5.13955 -819.57 0 
2 825.453 0.323419 0.0221832 0.665471 -0.842665 -0.236891 -1.59504 -4.44136 -819.417 0 
3 825.755 0.31457 0.0221174 0.673394 -0.861644 -0.239462 -2.43743 -4.00958 -819.308 0 
1 824.94 0.312558 0.0221867 0.677588 -0.880031 -0.244019 -1.01402 -4.23646 -819.689 0 
1 824.358 0.318007 0.0222844 0.668658 -0.832893 -0.225662 -0.925734 -3.99343 -819.439 0 
1 823.493 0.316272 0.022415 0.67125 -0.828576 -0.244352 -0.197266 -3.92321 -819.373 0 
2 823.794 0.312357 0.0224521 0.674653 -0.834612 -0.236749 -0.402709 -4.11572 -819.275 0 
6 824.297 0.313637 0.0223219 0.676954 -0.858062 -0.267549 -0.909962 -4.04172 -819.345 0 
1 825.254 0.315018 0.0223285 0.677473 -0.865189 -0.283806 -1.58069 -4.2378 -819.436 0 
1 826.409 0.30672 0.0223002 0.685765 -0.889676 -0.293995 -0.487428 -5.05374 -820.868 0 
6 825.058 0.309586 0.0225348 0.681137 -0.841583 -0.307384 -1.20241 -4.46961 -819.386 0 
8 823.899 0.315164 0.0222797 0.674476 -0.831414 -0.320352 -0.669882 -4.02222 -819.206 0 
4 824.056 0.319256 0.0223369 0.671038 -0.834692 -0.290848 -0.888534 -3.93604 -819.231 0 
1 825.146 0.323994 0.0221406 0.668506 -0.842877 -0.310358 -1.38259 -4.57407 -819.189 0 
8 826.897 0.328458 0.0220896 0.660668 -0.804017 -0.302538 -2.44205 -4.26727 -820.188 0 
2 827.378 0.330623 0.0220173 0.661323 -0.810927 -0.347061 -2.81988 -4.79377 -819.764 0 
12 825.802 0.328075 0.0221659 0.665139 -0.815692 -0.348265 -1.81539 -4.47215 -819.515 0 
14 824.126 0.32597 0.0222578 0.664481 -0.805797 -0.313889 -0.277709 -3.97428 -819.874 0 
6 825.698 0.329107 0.0222171 0.660993 -0.782002 -0.348992 -1.16123 -3.9039 -820.633 0 
1 826.554 0.316571 0.0222461 0.675745 -0.84331 -0.326644 -3.18895 -4.13056 -819.234 0 
2 825.02 0.316782 0.0223295 0.673495 -0.818259 -0.322041 -1.89174 -3.86857 -819.26 0 
1 825.216 0.318608 0.0222721 0.669632 -0.795103 -0.327422 -1.71449 -3.8236 -819.678 0 
2 825.226 0.31799 0.0222946 0.671734 -0.810233 -0.324638 -2.0481 -3.80625 -819.371 0 
2 826.072 0.316618 0.0223721 0.671906 -0.79314 -0.330833 -2.42492 -4.02969 -819.618 0 
2 825.707 0.312563 0.0223889 0.676898 -0.817658 -0.322132 -2.2082 -4.26261 -819.236 0 
1 825.929 0.318232 0.022551 0.671202 -0.790255 -0.32143 -2.18514 -3.91909 -819.824 0 
1 826.534 0.304851 0.0226146 0.683608 -0.821931 -0.315424 -1.47376 -5.70687 -819.353 0 
3 824.537 0.31274 0.0225335 0.675459 -0.805987 -0.306513 -0.818628 -4.35047 -819.368 0 
3 823.82 0.312538 0.0223688 0.676521 -0.806576 -0.354045 -0.118961 -4.44374 -819.257 0 
3 824.058 0.313505 0.0223897 0.676626 -0.80224 -0.376018 -0.368085 -4.42775 -819.262 0 
1 824.229 0.310309 0.022447 0.678948 -0.810846 -0.354608 -0.186605 -4.79049 -819.252 0 
6 825.616 0.329725 0.0221344 0.662204 -0.78095 -0.40089 -1.38475 -3.99987 -820.231 0 
3 824.632 0.322868 0.0222621 0.669995 -0.807931 -0.381649 -1.32579 -3.98135 -819.325 0 
1 824.059 0.322328 0.0224036 0.668636 -0.794782 -0.35643 -0.673205 -3.69834 -819.687 0 
10 823.525 0.319853 0.0223877 0.670563 -0.798758 -0.353825 -0.263294 -3.75554 -819.506 0 
1 824.822 0.316273 0.0224632 0.675717 -0.819917 -0.345999 -1.6184 -3.99627 -819.207 0 
2 824.821 0.320221 0.0224781 0.671566 -0.811982 -0.329417 -1.66388 -3.76879 -819.388 0 
2 827.18 0.32431 0.0224985 0.66356 -0.772647 -0.315766 -2.39201 -3.80647 -820.982 0 
3 823.866 0.318678 0.0224147 0.670217 -0.780729 -0.359045 -0.108166 -3.89217 -819.865 0 
3 823.971 0.319401 0.0224057 0.671594 -0.7881 -0.38552 -0.570274 -3.84199 -819.558 0 
1 823.803 0.316212 0.0222824 0.674623 -0.814812 -0.364015 -0.519634 -4.07151 -819.212 0 
8 824.506 0.314015 0.022293 0.673551 -0.788416 -0.365983 -0.609659 -4.43513 -819.462 0 
3 824.871 0.31231 0.0222631 0.67687 -0.810119 -0.363168 -1.13088 -4.50254 -819.237 0 
7 826.403 0.305385 0.022358 0.683541 -0.821139 -0.358682 -1.11216 -5.83153 -819.459 0 
10 825.685 0.306635 0.0223738 0.681985 -0.81437 -0.358981 -0.731521 -5.61 -819.343 0 
2 825.422 0.307881 0.022282 0.681608 -0.821051 -0.373951 -0.676262 -5.33589 -819.41 0 
1 824.025 0.315304 0.0222701 0.672955 -0.797206 -0.356934 -0.510015 -4.13026 -819.385 0 
1 824.144 0.316687 0.0223055 0.670772 -0.79565 -0.333008 -0.640949 -3.94877 -819.554 0 
3 823.453 0.319444 0.0222862 0.670055 -0.797583 -0.356066 -0.175391 -3.77356 -819.504 0 
9 823.975 0.322057 0.0222411 0.666942 -0.788042 -0.352732 -0.430737 -3.66303 -819.882 0 
4 824.122 0.325527 0.0222374 0.665783 -0.795996 -0.359623 -0.512638 -3.80926 -819.8 0 
4 824.585 0.327183 0.0221888 0.664357 -0.787978 -0.380412 -0.759269 -3.83862 -819.987 0 
7 824.737 0.327408 0.0223726 0.663388 -0.774988 -0.356729 -0.347235 -3.68508 -820.705 0 
3 824.851 0.318913 0.0223294 0.672639 -0.821269 -0.331253 -1.75724 -3.85345 -819.24 0 
1 824.179 0.317161 0.0223252 0.67457 -0.826964 -0.340487 -0.994414 -3.99406 -819.19 0 
5 824.057 0.315744 0.0224098 0.674328 -0.822024 -0.307488 -0.907003 -3.90112 -819.249 0 
3 824.222 0.310751 0.0225214 0.677593 -0.826059 -0.281483 -0.632652 -4.34412 -819.246 0 
1 824.243 0.315073 0.0225524 0.673386 -0.819664 -0.267435 -0.894882 -3.97451 -819.374 0 
12 823.798 0.314621 0.0225036 0.674265 -0.840083 -0.24595 -0.627434 -3.91931 -819.251 0 
1 823.924 0.31375 0.0223772 0.673552 -0.830366 -0.251108 -0.618886 -4.01911 -819.286 0 
2 824.345 0.319895 0.0224739 0.667263 -0.821564 -0.219943 -0.420745 -4.14478 -819.78 0 
11 824.081 0.308761 0.0223866 0.678604 -0.866719 -0.210638 -0.422895 -4.16934 -819.489 0 
3 825.012 0.306006 0.0223292 0.683234 -0.888318 -0.222185 -0.317725 -4.4343 -820.26 0 
5 825.959 0.309198 0.0223835 0.675062 -0.84413 -0.197484 -2.24993 -4.41678 -819.292 0 
1 825.378 0.312387 0.0224091 0.672336 -0.83341 -0.207707 -1.77365 -4.24683 -819.358 0 
1 824.318 0.314613 0.0224678 0.671492 -0.827944 -0.222088 -0.789687 -4.1038 -819.425 0 
13 823.763 0.316808 0.0223358 0.673684 -0.85583 -0.24927 -0.510501 -4.00971 -819.242 0 
2 825.509 0.308992 0.0223289 0.681024 -0.866611 -0.26096 -1.5355 -4.30107 -819.673 0 
1 826.185 0.30869 0.0221778 0.679992 -0.873161 -0.249332 -2.10364 -4.29513 -819.786 0 
2 829.829 0.302848 0.0222562 0.687264 -0.888431 -0.256857 -3.87881 -5.07085 -820.879 0 
1 829.893 0.302766 0.022286 0.686918 -0.903994 -0.207185 -4.08855 -4.72108 -821.083 0 
2 830.024 0.307111 0.0221896 0.680211 -0.870792 -0.221028 -5.99972 -4.34195 -819.683 0 
1 828.395 0.315322 0.0221297 0.669221 -0.828055 -0.23172 -4.96861 -4.02241 -819.404 0 
7 828.208 0.322964 0.0221097 0.663205 -0.811127 -0.247678 -4.06125 -4.10114 -820.045 0 
1 827.947 0.318923 0.0221139 0.670874 -0.85753 -0.242362 -4.57571 -4.13706 -819.234 0 
1 828.557 0.312705 0.0221023 0.676297 -0.887742 -0.203712 -4.70409 -4.1759 -819.677 0 
1 826.845 0.305881 0.0222188 0.684487 -0.921259 -0.192285 -0.866592 -4.60006 -821.378 0 
2 825.671 0.309221 0.0222165 0.681277 -0.910194 -0.204948 -0.527615 -4.50918 -820.634 0 
7 825.275 0.313817 0.0221936 0.677171 -0.894545 -0.230839 -0.808835 -4.56021 -819.906 0 
7 826.208 0.316585 0.0220905 0.674088 -0.887146 -0.239772 -1.94039 -4.66227 -819.606 0 
3 825.767 0.314465 0.0222657 0.676255 -0.879055 -0.251253 -1.78927 -4.38279 -819.595 0 
1 824.514 0.312418 0.0223606 0.677869 -0.884054 -0.22186 -0.608017 -4.2178 -819.688 0 
1 827.853 0.302452 0.0225203 0.688587 -0.921358 -0.187275 -1.33974 -4.74053 -821.773 0 
1 826.148 0.311726 0.0225225 0.678253 -0.891485 -0.180513 -2.24002 -4.19127 -819.717 0 
8 825.955 0.310561 0.0226769 0.676738 -0.869923 -0.147644 -2.31936 -4.26022 -819.375 0 
3 827.515 0.312741 0.0226527 0.678193 -0.891995 -0.166495 -3.65496 -4.23291 -819.627 0 
2 826.872 0.317614 0.0226545 0.670886 -0.870745 -0.133574 -2.78984 -4.68938 -819.393 0 
1 827.663 0.304882 0.0225351 0.686784 -0.934962 -0.148908 -1.38551 -4.54668 -821.73 0 
1 826.552 0.302569 0.022511 0.686615 -0.93457 -0.112246 -0.532857 -4.41744 -821.602 0 
4 824.546 0.311361 0.0223411 0.677301 -0.910622 -0.133595 -0.143267 -4.40243 -820 0 
6 825.476 0.31466 0.0223041 0.676671 -0.922206 -0.145139 -0.29465 -5.00908 -820.172 0 
1 825.974 0.311095 0.0223372 0.680692 -0.926713 -0.159942 -0.513082 -4.72274 -820.738 0 
2 825.984 0.310014 0.022496 0.681437 -0.911031 -0.166878 -1.34117 -4.33725 -820.305 0 
1 825.354 0.310093 0.0222935 0.681182 -0.90574 -0.207757 -0.510995 -4.43756 -820.406 0 
3 824.252 0.308963 0.0224076 0.679109 -0.882475 -0.189282 -0.426035 -4.12549 -819.7 0 
2 823.964 0.310688 0.022504 0.676925 -0.861946 -0.195964 -0.529636 -4.08907 -819.345 0 
1 824.546 0.319527 0.022409 0.669903 -0.866389 -0.187465 -0.76272 -4.4822 -819.301 0 
3 824.707 0.312873 0.0224484 0.677764 -0.889884 -0.184653 -0.87041 -4.19582 -819.641 0 
3 825.176 0.324126 0.0224292 0.665106 -0.846911 -0.188966 -0.660708 -4.88868 -819.626 0 
1 825.22 0.323918 0.0222719 0.66371 -0.841732 -0.190755 -0.717506 -4.79044 -819.712 0 
1 826.896 0.32506 0.0222389 0.661957 -0.844325 -0.174494 -1.89125 -5.17881 -819.826 0 
2 824.306 0.314015 0.0223087 0.675235 -0.899633 -0.158853 -0.165764 -4.44495 -819.695 0 
1 824.922 0.311461 0.0224218 0.677299 -0.893767 -0.165998 -1.00206 -4.19719 -819.723 0 
7 824.45 0.313158 0.0223546 0.676407 -0.89675 -0.173313 -0.388282 -4.33259 -819.729 0 
2 825.366 0.31626 0.0223783 0.674232 -0.893055 -0.181355 -1.23939 -4.58347 -819.543 0 
7 825.664 0.311019 0.0225002 0.67908 -0.892162 -0.187865 -1.67276 -4.18748 -819.804 0 
1 828.727 0.323166 0.0224983 0.667339 -0.865846 -0.181143 -4.26051 -5.09525 -819.371 0 
3 828.401 0.322412 0.0224908 0.6707 -0.876517 -0.214962 -4.00417 -5.12464 -819.272 0 
2 828.797 0.311939 0.022487 0.681565 -0.914205 -0.210961 -3.37811 -4.8453 -820.573 0 
3 826.468 0.323684 0.0222894 0.669466 -0.875932 -0.239898 -1.81256 -5.40628 -819.25 0 
4 825.745 0.322882 0.0221867 0.668846 -0.871031 -0.241594 -1.42426 -5.08248 -819.238 0 
1 825.025 0.317734 0.0222809 0.674193 -0.895292 -0.20755 -0.552787 -4.87499 -819.597 0 
3 827.074 0.319504 0.0223939 0.670576 -0.890632 -0.158759 -2.62137 -5.05891 -819.393 0 
4 825.372 0.312436 0.0224047 0.676579 -0.91213 -0.128007 -0.881355 -4.54297 -819.948 0 
2 826.227 0.308211 0.0224155 0.682227 -0.942811 -0.108608 -0.241007 -4.68913 -821.297 0 
3 827.02 0.312246 0.0222799 0.679521 -0.951181 -0.112103 -0.312421 -5.44587 -821.261 0 
1 826.945 0.305747 0.0224377 0.684612 -0.940621 -0.126316 -0.716723 -4.56297 -821.666 0 
3 826.186 0.303156 0.0224239 0.685437 -0.935162 -0.112456 -0.216365 -4.40798 -821.561 0 
5 825.539 0.305237 0.0225044 0.68248 -0.914717 -0.109664 -0.80405 -4.30077 -820.434 0 
1 823.932 0.314159 0.0224036 0.673969 -0.888529 -0.141478 -0.0908552 -4.37114 -819.47 0 
3 824.854 0.309921 0.0225327 0.677793 -0.885982 -0.150935 -1.11226 -4.1527 -819.589 0 
3 826.036 0.305978 0.0226342 0.683021 -0.880979 -0.189416 -1.87083 -4.32908 -819.836 0 
9 825.576 0.304756 0.0225883 0.683071 -0.889288 -0.162874 -1.20595 -4.37661 -819.993 0 
1 826.204 0.304603 0.0225137 0.685885 -0.90159 -0.205603 -0.915459 -4.52912 -820.76 0 
1 825.223 0.306121 0.0224304 0.683406 -0.890857 -0.216043 -0.521895 -4.40922 -820.292 0 
1 828.67 0.302736 0.022609 0.684885 -0.87148 -0.217868 -3.80993 -4.90369 -819.957 0 
1 829.522 0.306269 0.0225474 0.679176 -0.849378 -0.216637 -5.55336 -4.60597 -819.363 0 
1 830.384 0.324008 0.0223067 0.65962 -0.777194 -0.250962 -4.41225 -4.43806 -821.534 0 
2 828.36 0.320399 0.0224038 0.662702 -0.782807 -0.225851 -2.33076 -4.82679 -821.202 0 
1 829.376 0.324318 0.0224985 0.659302 -0.770578 -0.229688 -2.10951 -5.00936 -822.257 0 
1 827.36 0.324196 0.0223921 0.660363 -0.799002 -0.200059 -1.33625 -4.90699 -821.117 0 
3 825.343 0.313005 0.0224135 0.671571 -0.832119 -0.194896 -1.54444 -4.36382 -819.434 0 
2 826.261 0.307617 0.0225168 0.6772 -0.84652 -0.180671 -2.22107 -4.73012 -819.31 0 
1 826.351 0.316731 0.0222766 0.668324 -0.832541 -0.196068 -2.5737 -4.23243 -819.545 0 
1 825.692 0.314246 0.0223795 0.670796 -0.833226 -0.194206 -1.9344 -4.2997 -819.458 0 
2 825.386 0.318475 0.0224312 0.666915 -0.819082 -0.198829 -1.06222 -4.40298 -819.921 0 
1 825.173 0.318308 0.0224418 0.66885 -0.829201 -0.206372 -1.35937 -4.1972 -819.616 0 
4 824.486 0.309372 0.0224924 0.67902 -0.863895 -0.208095 -0.911784 -4.1538 -819.42 0 
1 824.274 0.317042 0.022528 0.670293 -0.814975 -0.245803 -0.622707 -4.0226 -819.629 0 
1 826.184 0.304542 0.0226167 0.684645 -0.859931 -0.247984 -1.6096 -4.85944 -819.715 0 
1 826.653 0.302333 0.0224795 0.687194 -0.88019 -0.236529 -1.21299 -5.02836 -820.412 0 
2 827.382 0.303144 0.0226088 0.685832 -0.889084 -0.179336 -2.56321 -4.60723 -820.212 0 
1 827.441 0.309781 0.0225395 0.67788 -0.864413 -0.172988 -3.82545 -4.25396 -819.362 0 
4 826.121 0.311004 0.0226031 0.673948 -0.840348 -0.166376 -2.09271 -4.63082 -819.398 0 
4 825.202 0.314583 0.0225598 0.670631 -0.836444 -0.17059 -1.22296 -4.44744 -819.532 0 
1 825.998 0.313533 0.022664 0.673941 -0.8267 -0.22061 -2.33999 -4.24053 -819.418 0 
2 824.728 0.323876 0.0224856 0.665135 -0.802441 -0.266412 -0.477803 -4.01706 -820.233 0 
1 826.487 0.332666 0.0223535 0.657723 -0.789506 -0.27946 -0.183614 -4.86102 -821.443 0 
4 826.599 0.32883 0.0224036 0.661961 -0.800196 -0.27501 -1.56975 -4.39929 -820.63 0 
9 826.576 0.333073 0.0223129 0.657362 -0.791171 -0.277302 -0.174972 -4.97073 -821.43 0 
5 826.465 0.328677 0.0224624 0.660263 -0.785996 -0.263707 -0.585049 -4.47875 -821.401 0 
4 826.645 0.327359 0.0224716 0.663933 -0.805019 -0.276568 -2.09354 -4.24363 -820.308 0 
3 827.85 0.330697 0.0225362 0.658392 -0.774014 -0.270242 -0.984292 -4.66251 -822.204 0 
2 828.125 0.335931 0.0223158 0.654056 -0.778755 -0.271595 -0.0887637 -5.48259 -822.554 0 
2 827.829 0.331677 0.0224197 0.656352 -0.778756 -0.245531 -0.254207 -5.15547 -822.419 0 
1 824.715 0.319843 0.0224557 0.667388 -0.805278 -0.250546 -0.657089 -4.056 -820.002 0 
2 824.138 0.321489 0.0223261 0.666034 -0.818076 -0.242443 -0.297939 -4.04292 -819.797 0 
1 825.339 0.321199 0.0224071 0.669023 -0.839722 -0.230486 -1.76766 -4.15375 -819.418 0 
2 824.978 0.324116 0.0224606 0.665565 -0.812061 -0.255734 -0.838556 -4.11469 -820.025 0 
1 824.546 0.32073 0.0223028 0.667907 -0.82693 -0.247834 -1.04006 -3.97724 -819.528 0 
1 826.274 0.318435 0.0225411 0.666571 -0.794062 -0.23004 -1.24628 -4.54734 -820.48 0 
1 826.874 0.31619 0.0225226 0.668564 -0.799392 -0.245 -2.55417 -4.31963 -820.001 0 
1 825.342 0.308737 0.0224004 0.676703 -0.838498 -0.234901 -1.62493 -4.44392 -819.273 0 
3 825.611 0.305266 0.0224882 0.680632 -0.833486 -0.258019 -1.09913 -5.19036 -819.321 0 
2 828.173 0.304642 0.022648 0.679576 -0.823241 -0.231481 -3.20176 -5.67535 -819.296 0 
5 824.802 0.312193 0.0225515 0.675018 -0.808146 -0.290005 -1.03022 -4.3906 -819.381 0 
1 824.156 0.320347 0.022381 0.67017 -0.803683 -0.331256 -0.894044 -3.72501 -819.537 0 
2 824.231 0.312793 0.0225293 0.675952 -0.811961 -0.309553 -0.693375 -4.24394 -819.293 0 
2 823.663 0.312466 0.0224673 0.675476 -0.825805 -0.274987 -0.280375 -4.12554 -819.257 0 
1 824.025 0.311964 0.0224307 0.674922 -0.81558 -0.284556 -0.407544 -4.3108 -819.307 0 
1 825.567 0.315572 0.0223264 0.673211 -0.81871 -0.295139 -2.33915 -3.92174 -819.306 0 
3 824.159 0.315884 0.0222926 0.672485 -0.812127 -0.311809 -0.897976 -3.92167 -819.339 0 
4 826.08 0.324398 0.0221846 0.665881 -0.810177 -0.309871 -2.49831 -3.88501 -819.696 0 
1 823.881 0.317278 0.022322 0.669887 -0.809201 -0.285512 -0.467777 -3.87325 -819.54 0 
4 823.224 0.315649 0.022314 0.674341 -0.838456 -0.293774 -0.0773444 -3.93596 -819.211 0 
3 824.1 0.319766 0.0221804 0.670766 -0.829014 -0.318737 -0.950358 -3.93286 -819.217 0 
1 824.022 0.312502 0.0223043 0.675667 -0.822235 -0.308548 -0.600348 -4.18898 -819.232 0 
8 824.847 0.313304 0.0224251 0.673768 -0.799066 -0.307686 -0.958051 -4.40157 -819.488 0 
1 824.891 0.309928 0.0224235 0.676129 -0.807647 -0.297219 -0.762421 -4.80386 -819.325 0 
2 825.071 0.317531 0.0222701 0.668637 -0.802303 -0.283508 -1.40964 -3.94318 -819.718 0 
15 825.055 0.315609 0.0224457 0.671591 -0.800458 -0.286968 -1.25294 -4.14936 -819.652 0 
2 826.056 0.312635 0.0224152 0.674055 -0.800015 -0.299007 -2.03628 -4.53297 -819.487 0 
1 826.705 0.31277 0.0225085 0.671895 -0.777025 -0.300328 -1.48607 -5.14993 -820.069 0 
5 826.141 0.314829 0.0224794 0.670383 -0.769782 -0.319845 -1.01117 -4.8357 -820.294 0 
1 826.282 0.303111 0.0224515 0.684202 -0.824555 -0.319653 -0.658526 -6.16763 -819.456 0 
2 826.52 0.30164 0.0224603 0.685735 -0.836088 -0.304268 -0.617808 -6.24736 -819.655 0 
3 824.048 0.315707 0.0222696 0.674271 -0.824769 -0.324382 -0.8829 -3.9554 -819.21 0 
1 823.732 0.31834 0.0222315 0.670873 -0.813 -0.326888 -0.597697 -3.80167 -819.333 0 
2 823.904 0.319704 0.0222045 0.671368 -0.816669 -0.356076 -0.740901 -3.92834 -819.235 0 
1 824.163 0.322977 0.0223409 0.669292 -0.802669 -0.36727 -0.865086 -3.81971 -819.479 0 
2 825.52 0.32587 0.0220824 0.666292 -0.818413 -0.360349 -1.8084 -4.3829 -819.329 0 
3 824.535 0.322527 0.0222089 0.669243 -0.827928 -0.337294 -1.12343 -4.1939 -819.218 0 
1 824.731 0.315674 0.0222416 0.675171 -0.830071 -0.358295 -1.25082 -4.26331 -819.217 0 
11 824.252 0.320979 0.0221785 0.671112 -0.816477 -0.378385 -0.94766 -4.09912 -819.205 0 
2 825.024 0.316571 0.0221696 0.675286 -0.845099 -0.335322 -1.49933 -4.26253 -819.262 0 
2 824.194 0.321961 0.022161 0.66883 -0.807185 -0.363979 -0.959567 -3.8567 -819.378 0 
2 826.642 0.313699 0.0222715 0.679435 -0.833996 -0.387009 -2.60481 -4.65869 -819.378 0 
2 825.8 0.313651 0.0223974 0.679245 -0.821039 -0.392157 -1.96955 -4.56536 -819.265 0 
2 824.775 0.315884 0.0224398 0.676229 -0.800069 -0.404389 -1.22152 -4.30048 -819.253 0 
2 826.996 0.315654 0.0225963 0.674961 -0.781311 -0.399274 -3.153 -4.33389 -819.509 0 
1 826.188 0.320569 0.0225378 0.66985 -0.758983 -0.417945 -2.03702 -3.89943 -820.252 0 
6 826.33 0.314998 0.0225269 0.677454 -0.784931 -0.442625 -2.30147 -4.70459 -819.324 0 
4 827.227 0.310008 0.0225171 0.679751 -0.784979 -0.427355 -2.27795 -5.62258 -819.327 0 
2 828.137 0.318416 0.0225183 0.671426 -0.755375 -0.44253 -3.78992 -4.28594 -820.061 0 
12 827.145 0.314474 0.0225343 0.67858 -0.798554 -0.433992 -3.15112 -4.74658 -819.247 0 
3 830.231 0.323161 0.0224752 0.673497 -0.798081 -0.460656 -6.48263 -4.51191 -819.236 0 
5 830.687 0.328474 0.0223896 0.668916 -0.785799 -0.479021 -6.56668 -4.61891 -819.502 0 
4 828.761 0.333685 0.0222506 0.661713 -0.761893 -0.485352 -3.75924 -4.49615 -820.506 0 
1 828.425 0.32927 0.0223763 0.664306 -0.740096 -0.506737 -3.78122 -3.76905 -820.875 0 
2 828.221 0.33184 0.0223921 0.661627 -0.733543 -0.488841 -2.9899 -3.58459 -821.646 0 
3 828.207 0.33023 0.0223746 0.66524 -0.747973 -0.508277 -3.70972 -3.90225 -820.595 0 
1 826.767 0.326111 0.0224127 0.668243 -0.767634 -0.460933 -2.9523 -3.83832 -819.977 0 
2 826.992 0.322913 0.022519 0.670255 -0.764594 -0.444139 -3.20289 -3.78206 -820.007 0 
2 826.751 0.316563 0.0225682 0.674879 -0.767049 -0.433515 -2.57913 -4.47559 -819.696 0 
1 828.275 0.314979 0.022467 0.679164 -0.797727 -0.451941 -4.19564 -4.82942 -819.25 0 
8 826.155 0.315034 0.0225286 0.676846 -0.779178 -0.444181 -2.04356 -4.7228 -819.389 0 
3 825.541 0.311607 0.0224157 0.680339 -0.798059 -0.437235 -1.00353 -5.248 -819.29 0 
3 824.607 0.317 0.022307 0.674756 -0.791512 -0.444879 -0.828162 -4.50483 -819.274 0 
2 825.459 0.312468 0.0224356 0.677109 -0.778696 -0.431514 -0.929602 -5.14165 -819.388 0 
1 825.484 0.321165 0.022409 0.671695 -0.765202 -0.478738 -1.61519 -4.17236 -819.696 0 
4 825.497 0.3273 0.0222129 0.665012 -0.733838 -0.524273 -0.856956 -3.81721 -820.823 0 
1 827.088 0.328798 0.0221826 0.661919 -0.718098 -0.521837 -1.7073 -3.59993 -821.781 0 
2 827.434 0.322412 0.022102 0.669298 -0.734318 -0.555836 -2.69815 -4.52064 -820.215 0 
4 827.055 0.320614 0.022295 0.669395 -0.704367 -0.581126 -0.743636 -5.19775 -821.114 0 
4 827.677 0.318236 0.0222856 0.670559 -0.702206 -0.575205 -0.758638 -5.82778 -821.091 0 
1 827.577 0.315152 0.0221408 0.674216 -0.731397 -0.561783 -1.50919 -6.12161 -819.946 0 
1 828.755 0.316378 0.0221062 0.67597 -0.74812 -0.586178 -3.18448 -6.01072 -819.56 0 
1 828.263 0.31897 0.0220762 0.670119 -0.723581 -0.56509 -2.66398 -5.25971 -820.34 0 
4 827.276 0.314703 0.0221613 0.673953 -0.736849 -0.533361 -1.44651 -5.91495 -819.914 0 
6 826.895 0.31647 0.0222048 0.671528 -0.730267 -0.511972 -1.16888 -5.39973 -820.326 0 
10 826.124 0.314401 0.0222655 0.675723 -0.747485 -0.518285 -0.685839 -5.72719 -819.71 0 
1 828.873 0.311194 0.0222175 0.678554 -0.748732 -0.530382 -2.50723 -6.77183 -819.594 0 
2 829.111 0.315979 0.0223486 0.675402 -0.732475 -0.544728 -3.34036 -5.74065 -820.03 0 
6 829.068 0.313944 0.0224593 0.678022 -0.745277 -0.525548 -3.39442 -5.95354 -819.72 0 
2 827.679 0.320245 0.0224427 0.670348 -0.699146 -0.565952 -0.871271 -5.31281 -821.495 0 
2 827.548 0.315355 0.0224353 0.675489 -0.718378 -0.565594 -0.892187 -6.32557 -820.33 0 
6 826.113 0.320971 0.0223312 0.670463 -0.717976 -0.560367 -0.565294 -4.83181 -820.716 0 
1 827.523 0.315461 0.022334 0.675868 -0.73296 -0.556174 -1.61618 -5.96656 -819.94 0 
3 828.317 0.317172 0.0223987 0.67191 -0.686889 -0.595747 -0.0365121 -6.71249 -821.568 0 
4 828.197 0.313489 0.0223558 0.67681 -0.710463 -0.600257 -0.460169 -7.42827 -820.308 0 
3 827.939 0.320134 0.0222016 0.668329 -0.696873 -0.575564 -1.02465 -5.41204 -821.503 0 
10 827.926 0.317871 0.0221103 0.672667 -0.728146 -0.57782 -2.26168 -5.6012 -820.063 0 
12 827.745 0.320559 0.0220447 0.669205 -0.73254 -0.545512 -2.78036 -4.72109 -820.244 0 
4 829.285 0.326806 0.021969 0.664645 -0.734086 -0.539405 -4.70486 -3.94469 -820.635 0 
1 828.179 0.324694 0.0220171 0.664415 -0.732559 -0.502116 -3.4472 -3.84712 -820.885 0 
1 827.186 0.323348 0.0221381 0.665455 -0.733382 -0.491965 -2.40381 -3.94423 -820.838 0 
9 825.274 0.320206 0.022292 0.66961 -0.748422 -0.477329 -0.890251 -4.23305 -820.15 0 
2 824.868 0.314766 0.022261 0.676316 -0.780332 -0.464864 -0.586417 -4.94497 -819.337 0 
6 825.278 0.319951 0.0223211 0.66914 -0.744044 -0.464946 -0.650505 -4.24033 -820.387 0 
1 824.687 0.318363 0.0222297 0.672591 -0.766815 -0.484262 -0.592149 -4.55178 -819.543 0 
1 825.917 0.317809 0.0221803 0.671067 -0.743801 -0.493997 -1.06933 -4.78688 -820.061 0 
4 826.481 0.315005 0.022368 0.673077 -0.739006 -0.481954 -0.879579 -5.45249 -820.149 0 
1 825.1 0.319076 0.022243 0.673221 -0.759714 -0.517815 -0.774136 -4.74342 -819.583 0 
5 825.307 0.320668 0.0223649 0.670417 -0.744049 -0.499481 -0.816312 -4.3205 -820.17 0 
1 824.816 0.313441 0.0223839 0.677224 -0.772799 -0.463042 -0.177964 -5.22696 -819.411 0 
1 825.706 0.311068 0.0223874 0.681253 -0.796654 -0.467184 -0.645001 -5.70698 -819.354 0 
1 825.933 0.309813 0.0223739 0.680819 -0.787901 -0.464311 -0.592017 -5.99311 -819.348 0 
10 825.397 0.318264 0.0222872 0.675095 -0.779737 -0.493753 -1.31782 -4.75452 -819.324 0 
1 827.162 0.320442 0.0223327 0.669047 -0.758461 -0.446561 -3.10543 -4.01014 -820.047 0 
1 825.173 0.318506 0.0223741 0.67397 -0.791299 -0.440447 -1.55471 -4.32304 -819.295 0 
1 824.49 0.31887 0.0222826 0.674308 -0.818172 -0.402037 -0.958107 -4.35639 -819.175 0 
9 824.093 0.32101 0.0222713 0.670854 -0.815689 -0.366642 -0.83229 -4.02345 -819.238 0 
5 823.913 0.324185 0.0223023 0.667538 -0.802095 -0.355054 -0.487975 -3.81955 -819.605 0 
3 823.813 0.321485 0.0222261 0.669371 -0.800139 -0.37156 -0.570013 -3.78821 -819.455 0 
2 824.28 0.314481 0.0222584 0.675969 -0.826313 -0.342436 -0.933491 -4.1347 -819.212 0 
14 825.869 0.320646 0.0221422 0.669424 -0.801833 -0.361315 -2.66452 -3.76384 -819.441 0 
2 826.542 0.315304 0.022192 0.674137 -0.798261 -0.381843 -3.01341 -4.22628 -819.303 0 
3 825.714 0.309479 0.0224395 0.680213 -0.821766 -0.331897 -1.70023 -4.74428 -819.269 0 
1 823.984 0.320908 0.0223433 0.667795 -0.787464 -0.344156 -0.392912 -3.69689 -819.894 0 
1 825.269 0.327022 0.0224366 0.664145 -0.785904 -0.339361 -1.0802 -3.78813 -820.401 0 
3 825.007 0.324549 0.0223132 0.66863 -0.811772 -0.357795 -1.57889 -4.02065 -819.407 0 
6 824.785 0.327609 0.0223149 0.66351 -0.787 -0.354005 -0.684371 -3.83138 -820.269 0 
9 824.649 0.323648 0.0222482 0.664255 -0.79486 -0.298585 -0.645247 -3.81024 -820.194 0 
1 826.119 0.321213 0.0221621 0.666139 -0.80646 -0.286285 -2.52844 -3.80852 -819.782 0 
1 825.114 0.322984 0.0222591 0.664493 -0.80868 -0.257618 -1.04523 -4.02804 -820.041 0 
1 824.596 0.322789 0.0223308 0.664368 -0.810626 -0.241727 -0.355796 -4.13995 -820.1 0 
1 823.868 0.316451 0.0222824 0.671326 -0.833494 -0.253353 -0.693879 -3.88001 -819.294 0 
1 825.311 0.319405 0.0223858 0.666045 -0.800086 -0.243514 -0.912495 -4.19676 -820.202 0 
8 823.685 0.317602 0.022458 0.670939 -0.810996 -0.283563 -0.300612 -3.85748 -819.527 0 
4 823.796 0.316399 0.0224853 0.672024 -0.806924 -0.295614 -0.365938 -3.92887 -819.501 0 
2 824.538 0.320383 0.0224871 0.667375 -0.786938 -0.297158 -0.371448 -3.91074 -820.255 0 
3 824.325 0.326119 0.0223248 0.663516 -0.789536 -0.315867 -0.081274 -3.82905 -820.415 0 
3 825.433 0.323259 0.0225273 0.665184 -0.791072 -0.282808 -1.06892 -3.91232 -820.452 0 
1 824.506 0.317948 0.0224758 0.673546 -0.832358 -0.303525 -1.394 -3.90019 -819.211 0 
2 823.93 0.317234 0.0224708 0.672992 -0.822403 -0.303318 -0.825378 -3.83046 -819.274 0 
3 823.683 0.314933 0.0223672 0.675919 -0.834514 -0.324512 -0.385631 -4.07962 -819.218 0 
7 823.355 0.316562 0.0222846 0.673509 -0.826421 -0.326076 -0.204366 -3.94752 -819.203 0 
3 823.721 0.32273 0.0223686 0.667696 -0.799246 -0.335822 -0.286014 -3.71298 -819.722 0 
1 823.778 0.314636 0.0223806 0.674268 -0.806993 -0.330491 -0.364467 -4.09175 -819.321 0 
1 824.305 0.314864 0.0224774 0.676185 -0.813005 -0.35079 -0.96674 -4.10661 -819.232 0 
6 824.296 0.320938 0.0223568 0.671301 -0.805858 -0.36924 -1.10407 -3.84169 -819.351 0 
2 824.478 0.324111 0.0223814 0.668285 -0.79818 -0.366572 -1.0598 -3.79095 -819.628 0 
3 823.92 0.323424 0.0223326 0.667963 -0.793609 -0.364829 -0.494722 -3.70604 -819.72 0 
9 826.367 0.331295 0.0221557 0.662391 -0.814573 -0.342435 -1.64118 -4.98846 -819.738 0 
1 827.556 0.332041 0.022029 0.660017 -0.810092 -0.336668 -2.5988 -5.00441 -819.953 0 
2 825.631 0.33041 0.022156 0.661836 -0.796901 -0.361246 -1.20682 -4.36146 -820.063 0 
2 826.211 0.327686 0.0220555 0.664398 -0.797503 -0.388195 -2.40638 -4.1166 -819.688 0 
2 825.391 0.323556 0.0221085 0.665615 -0.791509 -0.363835 -1.90444 -3.69701 -819.789 0 
2 826.012 0.322797 0.0221386 0.665199 -0.779375 -0.368314 -2.29436 -3.63526 -820.082 0 
3 824.442 0.319313 0.0221438 0.670688 -0.811877 -0.363298 -1.25893 -3.9246 -819.259 0 
4 823.727 0.314337 0.0222589 0.675615 -0.820741 -0.356055 -0.299906 -4.21477 -819.212 0 
3 823.592 0.31665 0.0222751 0.672639 -0.800497 -0.366805 -0.250053 -4.00487 -819.337 0 
6 824.439 0.308252 0.0224437 0.681077 -0.825906 -0.332786 -0.186974 -4.92294 -819.329 0 
1 825.219 0.317141 0.0224006 0.669549 -0.780317 -0.33625 -1.1916 -4.07538 -819.952 0 
6 824.181 0.311297 0.0222801 0.676581 -0.82704 -0.307663 -0.64225 -4.30066 -819.238 0 
1 825.765 0.309858 0.0221891 0.677418 -0.831016 -0.312978 -1.98279 -4.49607 -819.286 0 
1 825.876 0.312097 0.022146 0.675247 -0.832766 -0.300381 -2.47774 -4.15937 -819.239 0 
3 825.316 0.311975 0.0222134 0.674758 -0.823927 -0.298584 -1.86954 -4.21003 -819.236 0 
5 824.818 0.3271 0.0222358 0.662276 -0.791249 -0.31969 -0.531304 -3.89725 -820.389 0 
3 824.133 0.32354 0.0221821 0.667089 -0.797686 -0.366263 -0.750961 -3.76718 -819.615 0 
1 824.811 0.321457 0.022121 0.669097 -0.816114 -0.357005 -1.56345 -3.98217 -819.266 0 
13 824.707 0.310427 0.0222222 0.678346 -0.830958 -0.336423 -0.838958 -4.55118 -819.317 0 
1 825.47 0.31042 0.0221816 0.677217 -0.839995 -0.295699 -1.84988 -4.30825 -819.312 0 
5 825.608 0.309694 0.0222786 0.67999 -0.850897 -0.292986 -1.7661 -4.37202 -819.47 0 
1 826.652 0.31566 0.0221946 0.675517 -0.851329 -0.297182 -3.30411 -4.07321 -819.275 0 
2 825.826 0.313798 0.0223306 0.677182 -0.837017 -0.31427 -2.5066 -4.07949 -819.24 0 
2 827.044 0.302554 0.0225722 0.68552 -0.845662 -0.266386 -1.79742 -5.63531 -819.611 0 
1 825.494 0.309075 0.0224115 0.676517 -0.815814 -0.271863 -1.35544 -4.84076 -819.298 0 
2 827.759 0.309362 0.0223925 0.673951 -0.797836 -0.268567 -2.86615 -5.3348 -819.558 0 
2 826.876 0.3201 0.0221762 0.665417 -0.796546 -0.281467 -2.93688 -3.89634 -820.043 0 
1 827.137 0.327199 0.0220128 0.663074 -0.813177 -0.321808 -3.21274 -4.235 -819.689 0 
1 827.014 0.325288 0.0220387 0.66417 -0.817148 -0.3016 -3.30645 -4.0817 -819.626 0 
2 827.01 0.321612 0.0220075 0.668013 -0.836879 -0.297069 -3.67393 -4.10589 -819.23 0 
1 828.137 0.315062 0.0220311 0.674918 -0.847248 -0.316265 -4.69881 -4.14919 -819.289 0 
1 827.248 0.32121 0.022033 0.666533 -0.807648 -0.322038 -3.96904 -3.74196 -819.537 0 
3 826.087 0.32316 0.0221137 0.664558 -0.794523 -0.32433 -2.42102 -3.70553 -819.961 0 
4 826.443 0.32373 0.0220483 0.66508 -0.804963 -0.331777 -2.98719 -3.80246 -819.654 0 
3 827.134 0.318941 0.0220693 0.668554 -0.810557 -0.313641 -3.93084 -3.76451 -819.439 0 
6 828.724 0.323264 0.0220985 0.662303 -0.791487 -0.289515 -4.49726 -3.856 -820.371 0 
3 829.112 0.321886 0.0222158 0.66207 -0.780887 -0.272457 -4.10926 -4.12849 -820.875 0 
1 827.838 0.313385 0.0223066 0.671198 -0.806857 -0.27891 -4.12556 -4.23454 -819.478 0 
1 827.406 0.312282 0.0222768 0.672026 -0.814162 -0.264831 -3.71231 -4.3043 -819.389 0 
2 827.581 0.306791 0.0223722 0.677615 -0.827456 -0.257997 -3.34603 -4.96186 -819.273 0 
4 826.627 0.305709 0.0224656 0.678587 -0.821715 -0.250012 -1.90189 -5.44095 -819.284 0 
2 826.992 0.301225 0.0223791 0.685743 -0.8399 -0.302706 -0.962072 -6.27476 -819.755 0 
7 826.214 0.302811 0.0224391 0.685458 -0.827446 -0.340637 -0.299531 -6.30739 -819.607 0 
4 824.467 0.310042 0.0222945 0.678601 -0.816177 -0.358637 -0.38175 -4.81568 -819.269 0 
3 824.792 0.314064 0.0224644 0.675367 -0.795036 -0.374375 -1.08395 -4.36867 -819.339 0 
3 824.848 0.312106 0.0224378 0.679447 -0.828034 -0.349513 -1.15589 -4.41934 -819.273 0 
4 825.218 0.316542 0.0225037 0.675169 -0.811591 -0.348405 -2.00779 -3.95129 -819.259 0 
4 824.372 0.321306 0.0224511 0.667932 -0.793225 -0.322928 -0.767862 -3.7047 -819.9 0 
1 824.162 0.325406 0.0222325 0.66548 -0.801364 -0.338277 -0.520388 -3.85031 -819.791 0 
3 824.653 0.328551 0.0222703 0.662909 -0.793848 -0.340491 -0.419393 -4.02068 -820.213 0 
1 824.647 0.319442 0.0222604 0.672742 -0.828867 -0.340468 -1.44815 -4.01635 -819.183 0 
2 824.988 0.323573 0.0224196 0.667635 -0.802289 -0.338022 -1.53651 -3.77852 -819.673 0 
1 824.36 0.312929 0.0222569 0.678829 -0.857969 -0.32065 -0.363636 -4.44761 -819.548 0 
1 824.433 0.312869 0.0223438 0.678122 -0.852073 -0.309986 -0.740321 -4.28288 -819.409 0 
6 824.286 0.312274 0.022256 0.677616 -0.85711 -0.290582 -0.614478 -4.22419 -819.447 0 
7 823.454 0.317885 0.0222651 0.671696 -0.822439 -0.318687 -0.354205 -3.85388 -819.246 0 
8 823.579 0.320704 0.022342 0.670503 -0.823683 -0.318683 -0.402142 -3.8978 -819.279 0 
1 825.629 0.324857 0.0222401 0.663449 -0.797822 -0.304879 -1.664 -3.84258 -820.123 0 
4 825.086 0.325543 0.0222273 0.662913 -0.806259 -0.28158 -0.949651 -4.04789 -820.089 0 
1 824.342 0.314571 0.0224507 0.677193 -0.841108 -0.310588 -1.03386 -4.06482 -819.243 0 
3 823.92 0.324633 0.0223239 0.666801 -0.802603 -0.342525 -0.400786 -3.82976 -819.69 0 
3 823.991 0.316348 0.0223781 0.672899 -0.81478 -0.306393 -0.78049 -3.87764 -819.333 0 
2 823.991 0.314909 0.0224208 0.676664 -0.84268 -0.309341 -0.675664 -4.07039 -819.245 0 
3 823.459 0.319767 0.0222447 0.669967 -0.817777 -0.31871 -0.326335 -3.80199 -819.331 0 
2 824.638 0.313243 0.02231 0.677744 -0.842194 -0.315872 -1.18203 -4.16309 -819.293 0 
2 825.688 0.308624 0.0222389 0.680552 -0.86268 -0.271328 -1.64846 -4.38217 -819.657 0 
2 825.507 0.305664 0.0224241 0.681617 -0.845808 -0.256337 -1.18156 -4.89055 -819.435 0 
9 824.126 0.311451 0.022466 0.675439 -0.824484 -0.258468 -0.540683 -4.29927 -819.286 0 
1 825.002 0.305126 0.0225088 0.683099 -0.849394 -0.265513 -0.507726 -4.94497 -819.549 0 
6 825.319 0.317367 0.0224584 0.668313 -0.78132 -0.296974 -0.834817 -4.23694 -820.248 0 
4 824.486 0.31933 0.0224529 0.667966 -0.787369 -0.305758 -0.497186 -3.89363 -820.095 0 
3 826.018 0.317301 0.0224782 0.668607 -0.774623 -0.318675 -1.48082 -4.24077 -820.296 0 
2 824.107 0.317887 0.0224159 0.669545 -0.783637 -0.328481 -0.170295 -3.98709 -819.949 0 
8 823.492 0.313843 0.0223245 0.674701 -0.817937 -0.317732 -0.168019 -4.08103 -819.243 0 
3 823.193 0.3185 0.022325 0.670819 -0.825071 -0.286613 -0.0606244 -3.81327 -819.319 0 
6 823.171 0.316419 0.0223983 0.672815 -0.839166 -0.256706 -0.0437101 -3.88017 -819.247 0 
3 823.954 0.321367 0.0224303 0.669125 -0.817125 -0.298059 -0.65678 -3.81866 -819.478 0 
8 824.798 0.32698 0.0223399 0.663895 -0.798562 -0.323848 -0.750778 -3.96375 -820.084 0 
2 825.004 0.314539 0.0225355 0.67666 -0.834474 -0.295594 -1.82965 -3.95802 -819.216 0 
4 824.96 0.317021 0.0224136 0.674592 -0.830724 -0.310947 -1.86265 -3.89252 -819.205 0 
1 825.181 0.325641 0.02238 0.662198 -0.768876 -0.321254 -0.129898 -3.82378 -821.228 0 
1 825.839 0.325311 0.0223878 0.662212 -0.754526 -0.35101 -0.519077 -3.75336 -821.567 0 
1 828.19 0.312297 0.0224229 0.678705 -0.826478 -0.326427 -4.69099 -4.2657 -819.233 0 
1 826.581 0.317709 0.0224074 0.671121 -0.793025 -0.322743 -2.9234 -3.94158 -819.716 0 
1 826.524 0.320323 0.0222542 0.66817 -0.786861 -0.337873 -2.83678 -3.76277 -819.924 0 
2 825.271 0.328061 0.0222542 0.661032 -0.765921 -0.353003 -0.344144 -3.69755 -821.229 0 
1 825.473 0.32417 0.0222192 0.663566 -0.778992 -0.32706 -1.18175 -3.72278 -820.568 0 
2 824.267 0.323078 0.0222529 0.665909 -0.777899 -0.361878 -0.430066 -3.63261 -820.205 0 
4 824.624 0.322918 0.0222218 0.666725 -0.786336 -0.35975 -1.04507 -3.6468 -819.932 0 
1 825.261 0.320729 0.0222349 0.667862 -0.778934 -0.364177 -1.51972 -3.74122 -820 0 
1 825.912 0.3162 0.0223169 0.671119 -0.776674 -0.357582 -1.75444 -4.29532 -819.862 0 
4 826.494 0.32502 0.0222969 0.662597 -0.744294 -0.378543 -0.978692 -3.77393 -821.741 0 
3 826.834 0.314071 0.0224411 0.672116 -0.758958 -0.3684 -1.44141 -5.16038 -820.232 0 
5 825.934 0.310096 0.0224947 0.677456 -0.779834 -0.371085 -0.923379 -5.52149 -819.489 0 
3 827.141 0.316848 0.0224271 0.668593 -0.745474 -0.36902 -1.17846 -4.96228 -821.001 0 
2 826.853 0.313644 0.0225001 0.67178 -0.751612 -0.370958 -0.922929 -5.46979 -820.46 0 
3 825.082 0.310115 0.0224134 0.678403 -0.788929 -0.387299 -0.419988 -5.32866 -819.333 0 
3 824.487 0.312798 0.0224516 0.676889 -0.792974 -0.381012 -0.507298 -4.64996 -819.33 0 
6 826.479 0.310492 0.0225019 0.682575 -0.843215 -0.354242 -2.18508 -4.74429 -819.55 0 
1 827.07 0.31869 0.0225717 0.673236 -0.789851 -0.392852 -3.66767 -3.93607 -819.466 0 
3 825.269 0.316972 0.0224751 0.675453 -0.798636 -0.408041 -1.78348 -4.2197 -819.266 0 
4 825.05 0.322079 0.0223636 0.668919 -0.779872 -0.407897 -1.53257 -3.76646 -819.751 0 
2 823.771 0.318833 0.0222577 0.672285 -0.800041 -0.400685 -0.432885 -4.04843 -819.29 0 
1 824.237 0.318206 0.0222465 0.671633 -0.799955 -0.381746 -0.941901 -3.96405 -819.331 0 
1 824.577 0.315969 0.0222868 0.673832 -0.811098 -0.3672 -1.2437 -4.10649 -819.227 0 
7 824.604 0.319506 0.0221713 0.670327 -0.811308 -0.359028 -1.42518 -3.89956 -819.279 0 
1 823.94 0.317756 0.0222066 0.673271 -0.82502 -0.34988 -0.727262 -4.02611 -819.187 0 
2 824.154 0.320939 0.0222924 0.668955 -0.79869 -0.357917 -0.878268 -3.74667 -819.529 0 
9 824.367 0.321705 0.0221614 0.670451 -0.816203 -0.380972 -1.01125 -4.14564 -819.21 0 
2 825.859 0.325375 0.0221926 0.667171 -0.809265 -0.38498 -2.21877 -4.27891 -819.361 0 
2 826.104 0.327368 0.0220969 0.66636 -0.823902 -0.371576 -1.99375 -4.85881 -819.251 0 
5 824.635 0.324832 0.0221594 0.667651 -0.802093 -0.395538 -1.14557 -4.06391 -819.425 0 
3 824.26 0.320094 0.0223095 0.669959 -0.794397 -0.375408 -0.958414 -3.80046 -819.501 0 
3 828.2 0.310113 0.0223329 0.677831 -0.808472 -0.371283 -4.00777 -4.93018 -819.262 0 
3 827.849 0.308952 0.0224394 0.678414 -0.817529 -0.325906 -3.77975 -4.81019 -819.259 0 
5 826.574 0.304242 0.0223874 0.686844 -0.860409 -0.339174 -0.518665 -5.66087 -820.394 0 
1 824.928 0.30805 0.0223649 0.682457 -0.829914 -0.362629 -0.289214 -5.15663 -819.482 0 
3 823.849 0.320782 0.0222708 0.67103 -0.801207 -0.397291 -0.553847 -3.97501 -819.32 0 
1 823.701 0.319058 0.0222153 0.671609 -0.81747 -0.354419 -0.529064 -3.94751 -819.224 0 
3 824.337 0.310352 0.0223426 0.679847 -0.848541 -0.314728 -0.397051 -4.45701 -819.483 0 
1 824.188 0.312315 0.0225051 0.675475 -0.807919 -0.306154 -0.484292 -4.36659 -819.337 0 
1 824.973 0.306896 0.0224193 0.680631 -0.835498 -0.292687 -0.736458 -4.86981 -819.367 0 
2 823.512 0.316167 0.0223876 0.671644 -0.809141 -0.298349 -0.156859 -3.9137 -819.441 0 
5 824.635 0.313978 0.0223769 0.672244 -0.794223 -0.310872 -0.684221 -4.35808 -819.593 0 
3 824.593 0.32074 0.0223274 0.666724 -0.785732 -0.325336 -0.764825 -3.74682 -820.082 0 
1 825.077 0.321932 0.0222138 0.665622 -0.788202 -0.330212 -1.35141 -3.68752 -820.038 0 
1 826.301 0.314479 0.0224131 0.670181 -0.797527 -0.272533 -2.20188 -4.33906 -819.76 0 
2 825.957 0.313421 0.0223937 0.671484 -0.803489 -0.273747 -2.04925 -4.33976 -819.568 0 
1 826.631 0.31175 0.0223602 0.672455 -0.798068 -0.283899 -2.36065 -4.70538 -819.565 0 
3 824.74 0.311711 0.0223908 0.67754 -0.828705 -0.301866 -1.26963 -4.23517 -819.235 0 
1 824.371 0.32053 0.0223319 0.668246 -0.819234 -0.284147 -1.07013 -3.82338 -819.477 0 
3 824.483 0.311758 0.0223085 0.67901 -0.87881 -0.24208 -0.590529 -4.19356 -819.698 0 
4 823.657 0.313605 0.0222914 0.6757 -0.868605 -0.232759 -0.201353 -4.0563 -819.399 0 
3 823.958 0.317089 0.0222802 0.671169 -0.836598 -0.263982 -0.8343 -3.87027 -819.253 0 
2 823.748 0.317997 0.0222326 0.671567 -0.848972 -0.263273 -0.517263 -4.01276 -819.218 0 
1 823.965 0.317137 0.0222081 0.67195 -0.851064 -0.256519 -0.748947 -3.98935 -819.227 0 
2 824.426 0.313945 0.0222281 0.673473 -0.84433 -0.253766 -1.2519 -3.93511 -819.239 0 
2 824.403 0.311306 0.022227 0.677614 -0.866822 -0.253662 -0.738421 -4.13919 -819.525 0 
5 824.883 0.316835 0.022227 0.672068 -0.86014 -0.239873 -1.53504 -4.0894 -819.258 0 
3 824.842 0.310949 0.0222215 0.679355 -0.890462 -0.232922 -0.492004 -4.34283 -820.007 0 
2 825.818 0.317716 0.0222468 0.675662 -0.876256 -0.277577 -1.69369 -4.64349 -819.481 0 
4 824.878 0.322981 0.0221932 0.669101 -0.850357 -0.278832 -1.16412 -4.50896 -819.205 0 
2 823.928 0.322524 0.0222685 0.667228 -0.830578 -0.261755 -0.396207 -4.07247 -819.46 0 
1 823.94 0.317631 0.0222582 0.672849 -0.865126 -0.237803 -0.482347 -4.18431 -819.273 0 
5 825.154 0.321891 0.0222474 0.67049 -0.865087 -0.249498 -1.2544 -4.67429 -819.226 0 
2 824.331 0.319837 0.0222821 0.66852 -0.85859 -0.197909 -0.646817 -4.37137 -819.312 0 
8 825.441 0.320978 0.0221955 0.665934 -0.837222 -0.216318 -1.71419 -4.20892 -819.518 0 
2 825.352 0.314908 0.0221844 0.672196 -0.861513 -0.204713 -2.04226 -4.02399 -819.285 0 
2 827.826 0.319358 0.0220799 0.668595 -0.848568 -0.229546 -4.4539 -4.08658 -819.285 0 
2 829.009 0.309441 0.0221384 0.680378 -0.897517 -0.212748 -4.50419 -4.29139 -820.214 0 
1 827.77 0.31115 0.0221103 0.676492 -0.886781 -0.190854 -3.96668 -4.1173 -819.686 0 
3 826.729 0.303851 0.0222486 0.684077 -0.893237 -0.207241 -1.63216 -4.58231 -820.514 0 
1 826.785 0.304398 0.0222533 0.681885 -0.887812 -0.185202 -2.22252 -4.44942 -820.113 0 
2 828.902 0.299027 0.0223803 0.688109 -0.90761 -0.181752 -2.38823 -5.07909 -821.435 0 
2 827.306 0.301274 0.0223355 0.686815 -0.915833 -0.174092 -1.11038 -4.71181 -821.484 0 
9 827.863 0.310296 0.0222081 0.675201 -0.869448 -0.195223 -4.36222 -4.06673 -819.434 0 
3 826.6 0.305961 0.0223458 0.679883 -0.875984 -0.190628 -2.53333 -4.34428 -819.722 0 
1 826.616 0.306248 0.0222056 0.682229 -0.897955 -0.214388 -1.64002 -4.44968 -820.526 0 
1 826.892 0.302139 0.0223132 0.684208 -0.883274 -0.204147 -1.76104 -4.85145 -820.28 0 
2 825.673 0.312608 0.0222477 0.677359 -0.872999 -0.235717 -2.07623 -4.08372 -819.513 0 
1 824.019 0.317184 0.0224123 0.67344 -0.861892 -0.224087 -0.663331 -4.09375 -819.262 0 
7 826.039 0.323545 0.0224291 0.666857 -0.839724 -0.214233 -1.94454 -4.50466 -819.589 0 
1 824.524 0.309186 0.0224705 0.680784 -0.881746 -0.208987 -0.615643 -4.14803 -819.76 0 
2 824.54 0.309625 0.0224788 0.679231 -0.872639 -0.198771 -0.918371 -4.10725 -819.515 0 
2 825.83 0.31923 0.0223151 0.672862 -0.866346 -0.241414 -2.24151 -4.33138 -819.258 0 
3 823.855 0.316853 0.022418 0.67263 -0.844739 -0.236882 -0.66148 -3.93162 -819.262 0 
4 824.274 0.312668 0.0223573 0.678467 -0.889784 -0.217363 -0.205184 -4.28167 -819.787 0 
1 826.108 0.308529 0.0225669 0.679142 -0.864977 -0.203443 -2.47277 -4.18379 -819.451 0 
3 827.016 0.312215 0.022589 0.673404 -0.840833 -0.191299 -3.45373 -4.22412 -819.338 0 
5 825.987 0.307871 0.0224659 0.681004 -0.881072 -0.213963 -1.90345 -4.2341 -819.849 0 
6 825.506 0.306544 0.022493 0.682541 -0.875066 -0.231227 -1.22842 -4.40297 -819.875 0 
13 823.875 0.311876 0.0223577 0.678083 -0.882094 -0.217656 -0.0679144 -4.15022 -819.657 0 
3 824.476 0.310503 0.0224733 0.67715 -0.85171 -0.231034 -1.06509 -4.1038 -819.307 0 
7 826.192 0.306541 0.0225537 0.679566 -0.854226 -0.207491 -2.27617 -4.5272 -819.388 0 
2 827.535 0.303045 0.0225141 0.68296 -0.868932 -0.201898 -2.91178 -4.8449 -819.778 0 
1 826.162 0.309204 0.022418 0.679994 -0.870504 -0.215205 -2.46506 -4.14765 -819.549 0 
1 826.283 0.311509 0.0223727 0.679171 -0.875097 -0.229612 -2.61258 -4.0899 -819.58 0 
4 825.736 0.311952 0.0224583 0.672903 -0.840967 -0.176644 -1.91485 -4.44503 -819.376 0 
7 824.451 0.312174 0.0224743 0.67402 -0.841581 -0.2 -0.91869 -4.22173 -819.311 0 
1 826.378 0.309593 0.0225396 0.677716 -0.858464 -0.183074 -2.76234 -4.28501 -819.331 0 
1 824.662 0.30812 0.0224696 0.678591 -0.860702 -0.193389 -0.953819 -4.31832 -819.39 0 
5 824.756 0.310829 0.0224193 0.675116 -0.856115 -0.17939 -1.22132 -4.22562 -819.31 0 
4 825.098 0.316383 0.0223275 0.668834 -0.828933 -0.20908 -1.43174 -4.13796 -819.528 0 
3 824.134 0.309972 0.0224553 0.677395 -0.867033 -0.184986 -0.604201 -4.13413 -819.396 0 
9 824.358 0.311453 0.0223271 0.676779 -0.853528 -0.239897 -0.996988 -4.05015 -819.311 0 
2 824.68 0.31739 0.0221688 0.671484 -0.85276 -0.246623 -1.44607 -4.00095 -819.233 0 
5 824.612 0.323881 0.0223413 0.667181 -0.831503 -0.279721 -0.97877 -4.22624 -819.407 0 
5 824.646 0.317488 0.0223276 0.674797 -0.848829 -0.300279 -1.32834 -4.09644 -819.222 0 
3 824.459 0.326378 0.022317 0.664602 -0.798057 -0.323343 -0.509851 -3.88603 -820.064 0 
1 824.379 0.324723 0.0224228 0.666095 -0.789435 -0.339063 -0.57424 -3.69656 -820.108 0 
1 825.319 0.319731 0.0224971 0.666803 -0.772882 -0.306473 -0.511408 -4.13724 -820.67 0 
2 825.319 0.313589 0.0225843 0.675015 -0.810171 -0.289062 -1.72516 -4.2045 -819.39 0 
5 825.019 0.312862 0.022512 0.675986 -0.810082 -0.308541 -1.42025 -4.28308 -819.316 0 
6 823.983 0.31916 0.0224295 0.66859 -0.794779 -0.302776 -0.27059 -3.83511 -819.877 0 
3 823.538 0.320731 0.0223848 0.668431 -0.804608 -0.307615 -0.134513 -3.73721 -819.666 0 
2 824.463 0.312692 0.022501 0.676249 -0.824354 -0.299522 -1.10782 -4.12151 -819.233 0 
13 823.786 0.310295 0.0224332 0.678675 -0.836363 -0.294696 -0.170905 -4.33095 -819.284 0 
2 824.168 0.310946 0.0223239 0.676761 -0.827224 -0.294925 -0.609668 -4.31874 -819.24 0 
3 823.721 0.317777 0.0223484 0.670234 -0.808518 -0.30309 -0.429138 -3.80776 -819.484 0 
3 824.919 0.314018 0.022453 0.672264 -0.821481 -0.250691 -1.47139 -4.06299 -819.385 0 
1 824.586 0.309437 0.0224161 0.679198 -0.852375 -0.266925 -0.899297 -4.27064 -819.416 0 
1 825.652 0.314754 0.0224794 0.673166 -0.844679 -0.229977 -2.46017 -3.93106 -819.261 0 
1 824.821 0.313769 0.0223875 0.67271 -0.842335 -0.221916 -1.55849 -3.98563 -819.277 0 
4 824.96 0.3176 0.0222374 0.669421 -0.836584 -0.241632 -1.72921 -3.90992 -819.321 0 
2 823.648 0.313617 0.0222803 0.675541 -0.852156 -0.26924 -0.346008 -4.01229 -819.29 0 
4 824.959 0.307845 0.0222757 0.680915 -0.85256 -0.299 -0.69399 -4.6457 -819.62 0 
3 824.499 0.313061 0.0223533 0.679287 -0.858427 -0.314219 -0.589898 -4.38624 -819.523 0 
8 824.206 0.312735 0.0222746 0.67872 -0.860836 -0.302649 -0.337304 -4.33224 -819.537 0 
1 825.392 0.30358 0.0224226 0.684887 -0.866152 -0.260875 -0.334893 -5.03369 -820.023 0 
3 824.7 0.30636 0.0224827 0.681919 -0.84021 -0.286104 -0.376731 -4.89896 -819.425 0 
1 825.342 0.306504 0.0223293 0.680955 -0.838409 -0.301438 -0.943383 -4.95334 -819.445 0 
2 827.293 0.302027 0.02227 0.688417 -0.874615 -0.31314 -0.53679 -5.80662 -820.949 0 
1 826.18 0.302993 0.0223956 0.684375 -0.840613 -0.302882 -0.772843 -5.74205 -819.665 0 
3 824.722 0.309373 0.0222949 0.680541 -0.841343 -0.324536 -0.661903 -4.61086 -819.449 0 
1 824.863 0.31685 0.0223077 0.671965 -0.819216 -0.318184 -1.73412 -3.86754 -819.261 0 
2 825.703 0.310443 0.0222387 0.675858 -0.817212 -0.310359 -1.92841 -4.52658 -819.248 0 
3 825.905 0.3121 0.022238 0.678117 -0.840963 -0.317376 -2.33832 -4.24831 -819.319 0 
4 826.81 0.305349 0.0221741 0.684511 -0.883101 -0.280858 -1.24002 -4.9515 -820.618 0 
1 825.677 0.316681 0.0222183 0.669029 -0.823868 -0.243551 -2.27041 -3.94997 -819.456 0 
3 824.868 0.308155 0.0222885 0.679365 -0.868769 -0.222316 -1.04319 -4.23298 -819.592 0 
1 825.239 0.305881 0.0224652 0.679841 -0.844664 -0.227861 -1.06237 -4.82912 -819.348 0 
1 824.731 0.312973 0.0224836 0.673027 -0.810407 -0.26652 -0.967736 -4.30477 -819.458 0 
6 824.209 0.315791 0.0224325 0.671109 -0.822908 -0.249607 -0.843566 -3.9486 -819.417 0 
3 823.621 0.311494 0.0223659 0.677297 -0.84105 -0.277221 -0.222194 -4.1319 -819.267 0 
1 825.622 0.315929 0.0223774 0.668915 -0.816674 -0.229083 -1.83599 -4.14427 -819.641 0 
1 824.132 0.310107 0.022361 0.676722 -0.850883 -0.230316 -0.673985 -4.15022 -819.308 0 
1 823.497 0.314643 0.0224512 0.674485 -0.842679 -0.24694 -0.334919 -3.91919 -819.243 0 
3 824.708 0.321727 0.0225211 0.667774 -0.814587 -0.263573 -1.03516 -3.9196 -819.753 0 
4 824.837 0.315301 0.0224134 0.672578 -0.827232 -0.248128 -1.50448 -3.98046 -819.352 0 
1 825.001 0.313995 0.0225077 0.672331 -0.820737 -0.22858 -1.24673 -4.26551 -819.489 0 
3 825.966 0.31228 0.0226086 0.674026 -0.833028 -0.196737 -2.15226 -4.41679 -819.397 0 
1 825.348 0.311537 0.0226374 0.674975 -0.841378 -0.191656 -1.71338 -4.31021 -819.324 0 
2 825.954 0.306519 0.0225419 0.679026 -0.858142 -0.188362 -2.04881 -4.50957 -819.396 0 
1 824.646 0.306961 0.0224269 0.681518 -0.887584 -0.195344 -0.41624 -4.24655 -819.983 0 
1 825.363 0.310538 0.022404 0.681112 -0.909304 -0.188588 -0.590355 -4.42024 -820.353 0 
5 825.205 0.320645 0.0224056 0.668834 -0.856663 -0.20594 -1.47548 -4.41472 -819.315 0 
3 824.148 0.322719 0.0222658 0.668036 -0.855899 -0.23044 -0.280827 -4.58341 -819.283 0 
2 823.865 0.316614 0.022372 0.672678 -0.865255 -0.198021 -0.439382 -4.13916 -819.287 0 
5 825.139 0.319697 0.0221872 0.670787 -0.869231 -0.222664 -1.4293 -4.44464 -819.265 0 
2 823.97 0.317995 0.0224459 0.670679 -0.847674 -0.203154 -0.50313 -4.1191 -819.347 0 
1 824.661 0.321415 0.0223328 0.665616 -0.836553 -0.198145 -0.614277 -4.39217 -819.654 0 
6 824.266 0.317234 0.0224109 0.668868 -0.832246 -0.201284 -0.554319 -4.16995 -819.542 0 
4 823.492 0.318702 0.0223128 0.670963 -0.858522 -0.221985 -0.0610697 -4.17505 -819.255 0 
3 823.849 0.320901 0.0222981 0.669328 -0.860582 -0.216599 -0.127172 -4.45098 -819.271 0 
4 823.956 0.318371 0.022422 0.668712 -0.835397 -0.207115 -0.335754 -4.11993 -819.5 0 
2 824.009 0.315475 0.0224769 0.674299 -0.859651 -0.212584 -0.723643 -4.01256 -819.273 0 
5 823.701 0.318669 0.0224119 0.668948 -0.837542 -0.209745 -0.128457 -4.10917 -819.463 0 
1 825.147 0.310675 0.0223078 0.678906 -0.879592 -0.216816 -1.37536 -4.10869 -819.663 0 
2 823.411 0.316373 0.0223517 0.67157 -0.845478 -0.226026 -0.182867 -3.9519 -819.276 0 
2 824.794 0.324523 0.022278 0.664699 -0.831206 -0.245094 -0.793564 -4.37733 -819.623 0 
1 824.382 0.324907 0.0222142 0.666505 -0.834105 -0.285324 -0.624582 -4.38227 -819.375 0 
1 825.207 0.326415 0.0221642 0.66307 -0.81746 -0.275441 -1.06771 -4.28278 -819.856 0 
1 825.12 0.320379 0.0224545 0.665688 -0.794044 -0.252368 -0.522894 -4.18579 -820.411 0 
3 825.863 0.325339 0.0223724 0.661717 -0.786009 -0.263166 -0.552474 -4.24145 -821.069 0 
2 825.459 0.319752 0.0224282 0.668692 -0.804124 -0.276715 -1.73452 -3.89256 -819.832 0 
2 824.042 0.320683 0.022385 0.668022 -0.797431 -0.304041 -0.392023 -3.77236 -819.878 0 
4 823.627 0.315138 0.0223417 0.672783 -0.816289 -0.293662 -0.343169 -3.95403 -819.329 0 
1 824.065 0.321999 0.0221927 0.667529 -0.81361 -0.318417 -0.782251 -3.81501 -819.468 0 
1 825.441 0.319969 0.0222284 0.667275 -0.808645 -0.294993 -2.06673 -3.76271 -819.612 0 
2 824.539 0.322812 0.0221961 0.665709 -0.802012 -0.310747 -0.965685 -3.75228 -819.821 0 
4 824.21 0.313183 0.02226 0.675459 -0.833223 -0.295844 -0.936105 -4.0483 -819.226 0 
4 824.136 0.309293 0.0223054 0.679923 -0.843464 -0.310772 -0.172433 -4.52828 -819.435 0 
2 823.529 0.314132 0.022346 0.676667 -0.828273 -0.34021 -0.141779 -4.16644 -819.221 0 
1 824.549 0.313802 0.0224831 0.674021 -0.784973 -0.35401 -0.472445 -4.50482 -819.571 0 
2 824.562 0.320365 0.0224723 0.668943 -0.770547 -0.375347 -0.58543 -3.80577 -820.171 0 
7 825.645 0.320341 0.0223644 0.667729 -0.753828 -0.389713 -0.909881 -4.04024 -820.695 0 
6 827.136 0.313754 0.022398 0.675407 -0.764872 -0.424472 -2.36771 -5.08199 -819.686 0 
6 825.176 0.320019 0.0223748 0.670497 -0.76836 -0.412086 -1.32185 -3.9062 -819.948 0 
1 826.043 0.320423 0.0223339 0.671056 -0.76803 -0.436921 -2.27118 -3.95229 -819.819 0 
2 825.882 0.323675 0.0223582 0.66873 -0.759717 -0.452661 -1.98247 -3.74726 -820.153 0 
1 824.406 0.320815 0.0224508 0.669625 -0.770302 -0.397193 -0.584775 -3.78362 -820.038 0 
4 824.276 0.322704 0.0223838 0.666752 -0.76082 -0.394949 -0.058476 -3.68179 -820.535 0 
1 825.508 0.317469 0.0224759 0.673848 -0.778241 -0.411664 -1.7718 -4.15858 -819.577 0 
5 824.285 0.320353 0.0223694 0.671276 -0.778927 -0.41978 -0.75635 -3.89747 -819.631 0 
2 825.916 0.324297 0.0223031 0.664591 -0.749121 -0.421631 -1.38734 -3.61886 -820.91 0 
5 826.205 0.324257 0.0220452 0.66591 -0.777749 -0.418943 -2.6174 -3.73637 -819.852 0 
1 827.624 0.332751 0.0220648 0.657943 -0.748411 -0.432288 -2.27738 -3.70432 -821.642 0 
2 828.212 0.334902 0.0221212 0.656493 -0.731801 -0.462984 -2.11021 -3.65898 -822.443 0 
8 827.601 0.331524 0.0222261 0.658435 -0.734388 -0.435334 -1.84235 -3.483 -822.276 0 
2 824.833 0.317272 0.0222765 0.672853 -0.769264 -0.442365 -0.820446 -4.38386 -819.628 0 
1 824.185 0.316238 0.0223406 0.674395 -0.782778 -0.434055 -0.350283 -4.451 -819.384 0 
1 825.821 0.312976 0.0222434 0.674946 -0.768916 -0.442041 -1.08575 -5.22186 -819.513 0 
2 827.306 0.318395 0.0222083 0.668072 -0.741291 -0.439629 -2.19816 -4.50158 -820.606 0 
1 828.065 0.312537 0.0221267 0.676913 -0.773352 -0.47513 -3.1444 -5.53871 -819.381 0 
1 827.277 0.308662 0.022197 0.679965 -0.783082 -0.451683 -1.68051 -6.24492 -819.352 0 
2 827.343 0.306046 0.0223253 0.68099 -0.77906 -0.420762 -0.998369 -6.96886 -819.376 0 
3 826.426 0.308288 0.0222981 0.67916 -0.782719 -0.410705 -0.999829 -6.07488 -819.352 0 
1 826.586 0.312901 0.0221941 0.67664 -0.797157 -0.405049 -2.5872 -4.73323 -819.266 0 
3 826.831 0.316526 0.0220624 0.673526 -0.800035 -0.414151 -3.27901 -4.30761 -819.244 0 
1 824.437 0.320192 0.0221446 0.669808 -0.797952 -0.384034 -1.18013 -3.85495 -819.402 0 
3 823.785 0.318373 0.0222734 0.671247 -0.791039 -0.376807 -0.389806 -3.89311 -819.502 0 
1 823.646 0.316231 0.0222617 0.674208 -0.805422 -0.38717 -0.233777 -4.17359 -819.239 0 
1 825.123 0.308546 0.0223366 0.682198 -0.821482 -0.389354 -0.34577 -5.33451 -819.443 0 
1 826.135 0.313848 0.0224684 0.678473 -0.817692 -0.369371 -2.58794 -4.3271 -819.22 0 
1 827.318 0.315198 0.0225141 0.677307 -0.791546 -0.414805 -3.56399 -4.44764 -819.306 0 
2 826.232 0.313865 0.0224562 0.676851 -0.785904 -0.404119 -2.21048 -4.64468 -819.377 0 
1 825.603 0.315045 0.022452 0.676999 -0.795729 -0.410445 -1.89319 -4.43606 -819.274 0 
5 825.203 0.310614 0.0225438 0.67832 -0.793853 -0.367385 -0.855168 -5.02432 -819.323 0 
2 825.999 0.304632 0.022533 0.683748 -0.817928 -0.337857 -0.661376 -5.95609 -819.381 0 
1 826.103 0.303093 0.0224967 0.685775 -0.834578 -0.328452 -0.435008 -5.99968 -819.669 0 
2 825.664 0.310172 0.0224785 0.675124 -0.796085 -0.295274 -1.08688 -5.08044 -819.497 0 
2 828.605 0.305919 0.0225622 0.677856 -0.792173 -0.281842 -2.63482 -6.47402 -819.497 0 
1 827.144 0.308599 0.0226142 0.677029 -0.782824 -0.31902 -1.66732 -5.87871 -819.598 0 
1 826.176 0.306674 0.0224733 0.679237 -0.797957 -0.325728 -0.972888 -5.87989 -819.323 0 
3 826.07 0.318642 0.0222463 0.668736 -0.77473 -0.358778 -2.03504 -3.98485 -820.05 0 
6 825.488 0.321198 0.0221172 0.667925 -0.786258 -0.381946 -2.06576 -3.72499 -819.697 0 
1 825.274 0.320788 0.0222736 0.666348 -0.765844 -0.359881 -0.892457 -3.86603 -820.515 0 
1 827.19 0.315266 0.0221426 0.67102 -0.780441 -0.371154 -3.1989 -4.34849 -819.642 0 
1 827.212 0.328279 0.0221911 0.659567 -0.730857 -0.413037 -1.21134 -3.56734 -822.434 0 
7 826.703 0.32561 0.0222928 0.661565 -0.734224 -0.401671 -0.908207 -3.71611 -822.078 0 
3 826.363 0.31979 0.0223404 0.667441 -0.751346 -0.383778 -1.3514 -4.19137 -820.82 0 
3 826.912 0.310895 0.0224148 0.675969 -0.777958 -0.363024 -1.95077 -5.38337 -819.578 0 
3 827.409 0.308826 0.022593 0.677719 -0.770641 -0.363478 -1.53668 -6.20882 -819.663 0 
2 829.575 0.309446 0.0224197 0.673838 -0.752636 -0.367808 -2.69933 -6.69762 -820.178 0 
1 831.303 0.304638 0.0224766 0.678942 -0.746808 -0.405097 -2.498 -8.9136 -819.891 0 
1 829.642 0.303496 0.0224843 0.681239 -0.77403 -0.366913 -2.13227 -8.04626 -819.463 0 
2 830.658 0.302968 0.0225353 0.681754 -0.777443 -0.349094 -3.05779 -8.14963 -819.451 0 
1 830.013 0.308537 0.0224854 0.674942 -0.750024 -0.36441 -2.51785 -7.25371 -820.242 0 
4 827.109 0.308861 0.0225337 0.676282 -0.772691 -0.345003 -1.29582 -6.10575 -819.707 0 
4 824.29 0.315654 0.0224332 0.672136 -0.778963 -0.356598 -0.198873 -4.31333 -819.777 0 
10 825.665 0.316669 0.0223789 0.669318 -0.767243 -0.343195 -0.901802 -4.45167 -820.312 0 
2 826.101 0.307642 0.0224403 0.679849 -0.79588 -0.357006 -1.05517 -5.7386 -819.307 0 
3 828.211 0.309729 0.0225374 0.676831 -0.787961 -0.318834 -3.21384 -5.46346 -819.533 0 
1 826.716 0.311893 0.0225338 0.675546 -0.798978 -0.301501 -2.5514 -4.69298 -819.472 0 
1 826.958 0.32235 0.0224323 0.662775 -0.758885 -0.304616 -1.07741 -4.25259 -821.628 0 
1 824.764 0.31099 0.0224626 0.676487 -0.808333 -0.30546 -0.841208 -4.60926 -819.313 0 
1 824.335 0.318668 0.0225229 0.669825 -0.79781 -0.296265 -0.655749 -3.8688 -819.81 0 
2 824.871 0.31425 0.0225723 0.674432 -0.799223 -0.321991 -1.20889 -4.20824 -819.454 0 
1 826.493 0.323814 0.0225585 0.66459 -0.75258 -0.349434 -1.05668 -3.9001 -821.537 0 
2 826.359 0.321692 0.0224764 0.665009 -0.74012 -0.374338 -0.492797 -4.18671 -821.679 0 
3 826.541 0.321725 0.0225521 0.66515 -0.751049 -0.340239 -0.844187 -4.17431 -821.522 0 
4 826.257 0.316119 0.0225831 0.673579 -0.784184 -0.351422 -2.37846 -4.18401 -819.695 0 
4 824.739 0.320854 0.022432 0.669607 -0.782721 -0.364416 -1.13278 -3.71682 -819.889 0 
2 826.661 0.314007 0.0224803 0.677602 -0.812638 -0.357006 -3.20322 -4.23079 -819.227 0 
8 824.195 0.319517 0.022479 0.670342 -0.78513 -0.357194 -0.614077 -3.78424 -819.797 0 
2 826.339 0.311719 0.0223766 0.682226 -0.861113 -0.349229 -1.61939 -4.86864 -819.851 0 
2 824.551 0.313852 0.0224583 0.677326 -0.836234 -0.321383 -1.17455 -4.13387 -819.242 0 
2 824.184 0.316862 0.0224636 0.674465 -0.815315 -0.345499 -1.00674 -3.94067 -819.237 0 
5 825.103 0.320649 0.0221554 0.669339 -0.805036 -0.352824 -1.91639 -3.76627 -819.42 0 
1 825.155 0.322725 0.0221695 0.667642 -0.790121 -0.376978 -1.76015 -3.69458 -819.7 0 
1 824.884 0.313718 0.0224592 0.675976 -0.806732 -0.336847 -1.36048 -4.22891 -819.294 0 
9 824.101 0.324023 0.0222491 0.665073 -0.795483 -0.321112 -0.35251 -3.73884 -820.01 0 
6 823.7 0.31985 0.0223292 0.668646 -0.786487 -0.34691 -0.0991546 -3.75615 -819.845 0 
2 823.264 0.317213 0.0223914 0.671978 -0.808583 -0.32085 -0.0348287 -3.83934 -819.39 0 
7 824.387 0.326574 0.0223359 0.665158 -0.793062 -0.351501 -0.551429 -3.82434 -820.011 0 
1 823.24 0.316476 0.0223145 0.673276 -0.82338 -0.315033 -0.124172 -3.88338 -819.232 0 
4 823.173 0.315938 0.0223354 0.67404 -0.827734 -0.314192 -0.0357034 -3.92704 -819.21 0 
1 823.455 0.313863 0.0223107 0.676533 -0.834849 -0.325333 -0.0764412 -4.13915 -819.239 0 
3 823.749 0.319793 0.0223087 0.672301 -0.826482 -0.342588 -0.536576 -4.02076 -819.191 0 
3 823.833 0.320987 0.0222393 0.670859 -0.828142 -0.338529 -0.554354 -4.0825 -819.196 0 
2 824.278 0.321373 0.0222244 0.671137 -0.841852 -0.320392 -0.787 -4.32138 -819.17 0 
2 825.421 0.316534 0.0224965 0.671512 -0.807411 -0.297696 -2.04963 -3.88433 -819.487 0 
5 826.988 0.320549 0.0223094 0.665917 -0.804792 -0.275493 -3.28709 -3.83399 -819.867 0 
2 826.608 0.322401 0.0222413 0.665105 -0.803809 -0.296506 -2.97514 -3.78481 -819.849 0 
1 825.1 0.322654 0.0222224 0.667136 -0.811127 -0.329902 -1.76894 -3.84849 -819.483 0 
1 825.746 0.317175 0.0222707 0.670101 -0.81707 -0.293507 -2.56346 -3.81546 -819.367 0 
4 826.79 0.316508 0.0223018 0.66882 -0.793045 -0.302545 -2.9704 -4.03535 -819.784 0 
4 826.619 0.312363 0.0224695 0.672708 -0.801993 -0.278835 -2.59277 -4.49301 -819.533 0 
1 823.664 0.31667 0.0224402 0.671267 -0.811854 -0.278082 -0.244167 -3.91708 -819.503 0 
2 823.425 0.313915 0.0224057 0.675147 -0.831952 -0.280707 -0.226452 -3.96814 -819.23 0 
7 823.472 0.315473 0.0222911 0.673816 -0.835376 -0.286908 -0.353318 -3.90152 -819.217 0 
1 824.402 0.309319 0.0223146 0.678692 -0.826316 -0.317666 -0.47981 -4.6458 -819.276 0 
3 824.7 0.311996 0.022433 0.676313 -0.814823 -0.325161 -1.11949 -4.33638 -819.244 0 
1 825.082 0.307922 0.0224186 0.679361 -0.830784 -0.293713 -1.04699 -4.73622 -819.299 0 
6 826.396 0.311218 0.0225609 0.67677 -0.809747 -0.316231 -2.62432 -4.48938 -819.282 0 
7 824.118 0.312364 0.0224561 0.676629 -0.820512 -0.317787 -0.657855 -4.22956 -819.231 0 
1 824.303 0.311585 0.0224475 0.675282 -0.816998 -0.275104 -0.614471 -4.3767 -819.311 0 
6 824.365 0.307921 0.0224566 0.680423 -0.846513 -0.261777 -0.490116 -4.49481 -819.38 0 
1 825.507 0.305928 0.0224467 0.683389 -0.852667 -0.278146 -1.0503 -4.82855 -819.628 0 
4 825.242 0.305948 0.0224229 0.68285 -0.85457 -0.267425 -0.870111 -4.75641 -819.615 0 
1 825.406 0.305438 0.0224489 0.683438 -0.858832 -0.258189 -0.950132 -4.76566 -819.69 0 
1 824.859 0.318082 0.0224119 0.668633 -0.803951 -0.260249 -0.94511 -4.052 -819.862 0 
1 824.329 0.323164 0.0224302 0.665136 -0.802851 -0.267665 -0.203678 -3.96791 -820.157 0 
5 824.926 0.326754 0.0223925 0.663143 -0.812496 -0.26245 -0.449819 -4.342 -820.134 0 
5 824.779 0.317901 0.0224934 0.672682 -0.83054 -0.271077 -1.64153 -3.84145 -819.296 0 
4 824.926 0.311289 0.0225476 0.678824 -0.848435 -0.258515 -1.53271 -4.0941 -819.299 0 
8 825.471 0.304904 0.0225301 0.684417 -0.865217 -0.256049 -0.8221 -4.77929 -819.869 0 
1 826.18 0.301548 0.0225038 0.685553 -0.860114 -0.242411 -0.845246 -5.45703 -819.878 0 
3 825.92 0.30882 0.0222217 0.677696 -0.842197 -0.26776 -2.18557 -4.41245 -819.322 0 
1 824.152 0.321122 0.0222864 0.666673 -0.797222 -0.302041 -0.460871 -3.76696 -819.924 0 
3 823.864 0.323403 0.0222437 0.666143 -0.806867 -0.313434 -0.352961 -3.80521 -819.706 0 
4 823.571 0.322344 0.0222793 0.668453 -0.819845 -0.311155 -0.274433 -3.89373 -819.403 0 
3 824.175 0.320728 0.0224074 0.668875 -0.800304 -0.328351 -0.819198 -3.71107 -819.645 0 
4 824.893 0.317736 0.022371 0.674275 -0.816451 -0.355615 -1.72916 -3.94516 -819.219 0 
2 823.839 0.317028 0.022355 0.673045 -0.816548 -0.320873 -0.705436 -3.85095 -819.283 0 
19 823.623 0.322892 0.0223274 0.667722 -0.793972 -0.35659 -0.194023 -3.69335 -819.735 0 
3 824.236 0.315161 0.0223244 0.675988 -0.82097 -0.354025 -0.909855 -4.1216 -819.204 0 
1 823.339 0.315563 0.0223166 0.674321 -0.817741 -0.342273 -0.0997825 -4.02 -819.22 0 
5 823.367 0.317715 0.0223886 0.671115 -0.807784 -0.313815 -0.110703 -3.80925 -819.447 0 
4 823.434 0.319516 0.0222839 0.669414 -0.813473 -0.307286 -0.235496 -3.76326 -819.435 0 
8 823.112 0.316201 0.0223494 0.673171 -0.830488 -0.290379 -0.0129221 -3.86835 -819.231 0 
6 824.627 0.30766 0.0223374 0.679789 -0.8388 -0.287576 -0.582243 -4.68002 -819.365 0 
6 823.659 0.312384 0.0223048 0.67741 -0.83991 -0.3076 -0.206599 -4.17109 -819.281 0 
1 824.583 0.313907 0.0221904 0.677488 -0.841949 -0.357698 -0.695005 -4.50997 -819.378 0 
3 824.205 0.318196 0.0222491 0.673929 -0.844946 -0.329018 -0.706167 -4.28645 -819.213 0 
1 824.904 0.321504 0.0223765 0.67095 -0.829238 -0.328468 -1.59215 -4.09743 -819.214 0 
5 824.226 0.314117 0.0223216 0.677826 -0.845019 -0.339542 -0.499186 -4.37263 -819.354 0 
1 825.695 0.312382 0.0223366 0.681013 -0.875018 -0.312568 -0.987826 -4.7548 -819.952 0 
1 825.572 0.321182 0.0224218 0.671557 -0.840695 -0.303877 -2.16813 -4.21276 -819.191 0 
3 825.916 0.3097 0.0224785 0.682893 -0.872497 -0.286287 -1.50792 -4.49298 -819.915 0 
1 825.614 0.317468 0.0223414 0.675328 -0.844511 -0.316004 -2.303 -4.09875 -819.212 0 
1 824.183 0.319952 0.0223268 0.67268 -0.834043 -0.336436 -0.860883 -4.15009 -819.172 0 
2 823.763 0.317787 0.0224066 0.673733 -0.831446 -0.315365 -0.636305 -3.92782 -819.199 0 
2 824.309 0.312543 0.0224867 0.676867 -0.822851 -0.301284 -0.901301 -4.17151 -819.237 0 
3 825.72 0.308691 0.0224353 0.68236 -0.852422 -0.300578 -1.60294 -4.53949 -819.578 0 
3 824.234 0.310464 0.0223806 0.678051 -0.824631 -0.309188 -0.536356 -4.45386 -819.244 0 
2 823.475 0.319716 0.0223185 0.669302 -0.806886 -0.318771 -0.222458 -3.74155 -819.511 0 
7 825.322 0.319121 0.0224251 0.668621 -0.790927 -0.320907 -1.66865 -3.79619 -819.857 0 
2 824.301 0.319017 0.0222294 0.670904 -0.826904 -0.301282 -1.20136 -3.83457 -819.265 0 
3 824.528 0.327159 0.0222775 0.664237 -0.810155 -0.308402 -0.499784 -4.1671 -819.861 0 
4 824.208 0.318058 0.0222481 0.673878 -0.850309 -0.302443 -0.813708 -4.17277 -819.221 0 
6 825.069 0.314535 0.0222581 0.67226 -0.822154 -0.27088 -1.75745 -3.99134 -819.321 0 
6 825.12 0.316301 0.0222714 0.671639 -0.815119 -0.292737 -1.85479 -3.89056 -819.375 0 
1 823.955 0.31574 0.0224815 0.673521 -0.812748 -0.301971 -0.664619 -3.92946 -819.36 0 
1 824.477 0.323382 0.0223532 0.664187 -0.796519 -0.273032 -0.161885 -3.9668 -820.349 0 
4 824.204 0.316048 0.0224865 0.671577 -0.80787 -0.285951 -0.730915 -3.9554 -819.518 0 
3 825.865 0.316799 0.0225859 0.670485 -0.795292 -0.288478 -1.98188 -4.04996 -819.833 0 
1 825.959 0.312593 0.0225335 0.679079 -0.830645 -0.323952 -2.50473 -4.21263 -819.241 0 
2 826.385 0.313906 0.0226353 0.677063 -0.818305 -0.320301 -3.06722 -4.07963 -819.238 0 
6 827.149 0.309916 0.0226692 0.680523 -0.824959 -0.316587 -3.34171 -4.54909 -819.258 0 
3 829.261 0.31987 0.0227349 0.669099 -0.769525 -0.333879 -4.73155 -3.98472 -820.545 0 
1 828.783 0.318389 0.0226967 0.672636 -0.77716 -0.364512 -4.89325 -3.97243 -819.918 0 
1 827.924 0.311876 0.0226499 0.680167 -0.807173 -0.377159 -4.00869 -4.66992 -819.245 0 
4 828.922 0.312337 0.0225457 0.681359 -0.822425 -0.385694 -4.96238 -4.65989 -819.299 0 
1 829.994 0.311244 0.0225737 0.679721 -0.804081 -0.357128 -5.98062 -4.74784 -819.265 0 
1 828.802 0.315125 0.0226417 0.67527 -0.79153 -0.341047 -5.01888 -4.23973 -819.543 0 
1 827.384 0.32083 0.0226043 0.665698 -0.747881 -0.339007 -1.38687 -4.37733 -821.619 0 
1 828.003 0.313873 0.0225379 0.67395 -0.797691 -0.294608 -3.96845 -4.43585 -819.599 0 
2 824.91 0.323255 0.0224355 0.664406 -0.772847 -0.314205 -0.147604 -3.86824 -820.894 0 
2 824.029 0.315707 0.0224651 0.673216 -0.804408 -0.315232 -0.598368 -3.99439 -819.436 0 
2 824.535 0.321433 0.0222989 0.665945 -0.787791 -0.316147 -0.656438 -3.74543 -820.134 0 
4 824.734 0.308148 0.0223616 0.680692 -0.83297 -0.329652 -0.473841 -4.86056 -819.4 0 
2 825.248 0.3127 0.0223041 0.675419 -0.812697 -0.345156 -1.68298 -4.32914 -819.236 0 
1 824.305 0.316218 0.022476 0.673022 -0.778307 -0.381131 -0.387596 -4.23864 -819.679 0 
5 826.19 0.327421 0.0224052 0.66341 -0.734799 -0.452939 -1.12148 -3.50217 -821.566 0 
1 827.038 0.328375 0.022458 0.662069 -0.717665 -0.45334 -0.789771 -3.55083 -822.698 0 
2 826.903 0.330552 0.022391 0.661516 -0.737874 -0.43514 -1.47737 -3.46739 -821.958 0 
5 826.993 0.333771 0.0222492 0.6592 -0.75064 -0.426355 -1.48784 -3.79707 -821.708 0 
1 825.356 0.330652 0.0222875 0.660721 -0.761549 -0.392789 -0.421025 -3.7078 -821.227 0 
1 825.204 0.327752 0.0221739 0.662581 -0.76796 -0.400982 -0.992574 -3.62821 -820.583 0 
1 823.964 0.321109 0.0223111 0.670648 -0.794717 -0.391426 -0.680151 -3.82603 -819.457 0 
6 824.016 0.317007 0.0223188 0.674347 -0.80521 -0.385083 -0.68431 -4.08314 -819.249 0 
3 826.096 0.309905 0.0224867 0.681963 -0.813208 -0.397135 -1.60767 -5.16026 -819.328 0 
5 825.435 0.316395 0.0224692 0.675508 -0.790591 -0.407307 -1.84537 -4.23983 -819.35 0 
3 825.284 0.320066 0.0223179 0.670479 -0.774163 -0.407838 -1.60783 -3.86752 -819.808 0 
3 825.529 0.32976 0.0222005 0.660865 -0.753729 -0.410995 -0.651946 -3.56201 -821.315 0 
1 826.864 0.32628 0.0221752 0.664613 -0.75697 -0.431167 -2.67749 -3.55501 -820.631 0 
4 826.539 0.327434 0.0222472 0.661522 -0.752394 -0.377736 -1.3703 -3.60874 -821.56 0 
1 825.301 0.323095 0.0222452 0.666489 -0.789241 -0.342129 -1.65209 -3.66374 -819.985 0 
5 825.025 0.31905 0.0222306 0.671866 -0.81165 -0.354739 -1.89118 -3.85439 -819.279 0 
10 823.465 0.315247 0.02237 0.675214 -0.816247 -0.346124 -0.188278 -4.05479 -819.222 0 
1 823.899 0.318732 0.0223006 0.669768 -0.802001 -0.317849 -0.538683 -3.7825 -819.578 0 
3 823.637 0.313067 0.022357 0.674892 -0.820959 -0.302622 -0.281016 -4.11126 -819.244 0 
8 823.58 0.313097 0.0223413 0.676461 -0.815306 -0.352392 -0.0435709 -4.3114 -819.225 0 
1 824.048 0.315754 0.0222122 0.67374 -0.804117 -0.3798 -0.627622 -4.16424 -819.256 0 
5 825.679 0.317871 0.0221088 0.674526 -0.827622 -0.392202 -2.03285 -4.44467 -819.201 0 
3 824.387 0.320256 0.0221423 0.670883 -0.810885 -0.385125 -1.10584 -4.04946 -819.232 0 
1 824.284 0.317096 0.0221714 0.674296 -0.822276 -0.379797 -0.846396 -4.24809 -819.189 0 
3 824.546 0.313087 0.0222004 0.677781 -0.822365 -0.389724 -0.625915 -4.63467 -819.286 0 
1 825.539 0.317837 0.0221103 0.672354 -0.803234 -0.410473 -2.06838 -4.23893 -819.231 0 
8 825.711 0.316181 0.0221376 0.676733 -0.828414 -0.424505 -1.40603 -4.97561 -819.329 0 
3 826.053 0.316392 0.0221915 0.677834 -0.823529 -0.451431 -1.48935 -5.21291 -819.351 0 
1 826.445 0.318177 0.022107 0.675979 -0.824722 -0.451741 -1.93129 -5.2204 -819.293 0 
8 828.467 0.32715 0.02212 0.669538 -0.818227 -0.461738 -3.62591 -5.73076 -819.11 0 
1 829.124 0.321219 0.0221984 0.675856 -0.842531 -0.442593 -3.89057 -5.8805 -819.353 0 
1 829.225 0.324125 0.0223044 0.669131 -0.802037 -0.419997 -5.57034 -4.34393 -819.311 0 
4 827.489 0.317209 0.022408 0.678158 -0.823082 -0.432077 -3.35874 -4.86907 -819.261 0 
11 826.366 0.324325 0.0223044 0.66982 -0.796278 -0.441275 -2.68132 -4.35312 -819.332 0 
3 824.651 0.322463 0.0222513 0.670471 -0.78757 -0.437823 -1.18584 -4.02368 -819.442 0 
15 824.383 0.321968 0.0221983 0.669316 -0.780706 -0.438193 -0.856772 -3.96395 -819.563 0 
11 824.665 0.321448 0.0222407 0.670636 -0.780278 -0.457821 -1.03718 -4.15755 -819.47 0 
6 825.02 0.314633 0.0222413 0.678129 -0.811006 -0.448776 -0.69053 -5.03863 -819.291 0 
2 826.858 0.318759 0.0223464 0.676304 -0.809688 -0.450164 -2.95575 -4.70819 -819.194 0 
3 826.281 0.327911 0.0223588 0.666248 -0.772028 -0.450349 -2.33 -3.93142 -820.019 0 
8 826.074 0.318605 0.0225207 0.672566 -0.765586 -0.438284 -2.10159 -4.17916 -819.794 0 
13 826.163 0.31722 0.0224465 0.675323 -0.794798 -0.432112 -2.50594 -4.39281 -819.264 0 
1 826.002 0.316216 0.0222756 0.677931 -0.802027 -0.481014 -1.58148 -5.15455 -819.266 0 
1 825.721 0.316359 0.0223555 0.677085 -0.809963 -0.43998 -1.7265 -4.7677 -819.227 0 
1 825.76 0.3223 0.0223728 0.670741 -0.787839 -0.435234 -2.26225 -4.05549 -819.442 0 
2 826.228 0.316003 0.0224837 0.67325 -0.778042 -0.397293 -2.33896 -4.29311 -819.596 0 
2 825.281 0.320583 0.0222744 0.669025 -0.782049 -0.399459 -1.79379 -3.81326 -819.674 0 
1 824.783 0.311667 0.0222546 0.680065 -0.830198 -0.39011 -0.482421 -4.87411 -819.427 0 
6 824.331 0.309466 0.0223056 0.68006 -0.826465 -0.355681 -0.126577 -4.85036 -819.354 0 
1 826.848 0.310459 0.0223934 0.676448 -0.79575 -0.358572 -2.57229 -4.95581 -819.319 0 
6 825.1 0.31687 0.0223776 0.671041 -0.774818 -0.382511 -1.14735 -4.16272 -819.79 0 
4 824.499 0.313701 0.0224501 0.677197 -0.798011 -0.400694 -0.66962 -4.56487 -819.264 0 
3 824.495 0.320023 0.0224371 0.672155 -0.799972 -0.379218 -1.26255 -3.85046 -819.382 0 
1 825.622 0.316653 0.0223508 0.676636 -0.821895 -0.386656 -2.13004 -4.29307 -819.198 0 
3 826.109 0.320707 0.0221524 0.673505 -0.829863 -0.403404 -2.2496 -4.69267 -819.166 0 
3 824.951 0.318267 0.0221004 0.672322 -0.822371 -0.367587 -1.6436 -4.12623 -819.181 0 
3 825.337 0.313694 0.0221149 0.676091 -0.833988 -0.351676 -1.70993 -4.34623 -819.28 0 
12 824.502 0.318673 0.0221799 0.673317 -0.829277 -0.371855 -1.00735 -4.31802 -819.176 0 
2 824.867 0.317383 0.0221487 0.674995 -0.841164 -0.364408 -1.10688 -4.49925 -819.261 0 
4 825.187 0.323158 0.0221408 0.670118 -0.812489 -0.41485 -1.53672 -4.4606 -819.19 0 
6 825.851 0.32195 0.0220536 0.670672 -0.811911 -0.424764 -2.17725 -4.50063 -819.173 0 
2 828.726 0.307264 0.0221295 0.684492 -0.859523 -0.393348 -2.20045 -5.97567 -820.55 0 
3 825.503 0.312315 0.022254 0.677769 -0.81119 -0.405992 -1.38677 -4.84684 -819.269 0 
1 825.486 0.31294 0.0224446 0.677382 -0.789623 -0.420387 -1.31167 -4.87315 -819.301 0 
5 824.795 0.315751 0.0223724 0.675879 -0.790055 -0.44159 -0.904373 -4.60692 -819.284 0 
1 825.707 0.316076 0.0223657 0.674054 -0.774166 -0.447042 -1.64252 -4.58685 -819.477 0 
2 825.584 0.31385 0.0223045 0.679486 -0.804097 -0.468252 -0.982472 -5.2856 -819.316 0 
2 825.828 0.310824 0.0223749 0.681756 -0.800885 -0.465204 -0.703002 -5.73829 -819.387 0 
1 824.734 0.321198 0.0222291 0.670452 -0.774704 -0.464615 -1.03046 -4.15785 -819.546 0 
5 825.914 0.310537 0.0224247 0.679496 -0.784908 -0.443822 -0.962101 -5.62924 -819.323 0 
1 824.837 0.314945 0.0223184 0.675429 -0.77399 -0.463958 -0.50197 -4.92244 -819.413 0 
3 826.01 0.316267 0.022424 0.671551 -0.73639 -0.458134 -0.390219 -5.1246 -820.496 0 
4 825.592 0.328315 0.0222411 0.662217 -0.746707 -0.440726 -0.900142 -3.51081 -821.181 0 
3 827.312 0.320763 0.0221232 0.670804 -0.777361 -0.453402 -3.72112 -4.06703 -819.524 0 
1 826.913 0.318873 0.0222525 0.670187 -0.749696 -0.447518 -2.33148 -4.33577 -820.246 0 
3 826.288 0.322565 0.0221286 0.665936 -0.74533 -0.452726 -1.81534 -3.8447 -820.628 0 
1 827.107 0.320584 0.0222545 0.666777 -0.730868 -0.443489 -1.52841 -4.3515 -821.227 0 
3 826.803 0.327927 0.0221927 0.661191 -0.737048 -0.423716 -1.42597 -3.50883 -821.868 0 
5 824.781 0.326505 0.0223158 0.663493 -0.753928 -0.401676 -0.147005 -3.53437 -821.099 0 
2 824.54 0.313583 0.0224342 0.676955 -0.789714 -0.406695 -0.550581 -4.66599 -819.323 0 
2 825.382 0.313407 0.0224028 0.675837 -0.785651 -0.385108 -1.29726 -4.65839 -819.426 0 
2 825.198 0.306231 0.0223887 0.682558 -0.81703 -0.36527 -0.100343 -5.69895 -819.398 0 
4 824.048 0.313527 0.0223192 0.675021 -0.807025 -0.353279 -0.50432 -4.28341 -819.26 0 
2 823.7 0.311898 0.0223297 0.67724 -0.821372 -0.338732 -0.0859696 -4.37956 -819.235 0 
2 825.49 0.308228 0.0222896 0.680231 -0.826999 -0.348717 -1.08958 -5.01647 -819.384 0 
3 827.876 0.299671 0.0223359 0.690619 -0.864833 -0.338357 -0.088164 -6.71916 -821.069 0 
4 829.036 0.300942 0.0222344 0.689903 -0.869638 -0.341477 -1.45919 -6.40748 -821.169 0 
3 829.809 0.300677 0.0221375 0.68837 -0.867136 -0.331314 -2.48513 -6.35031 -820.973 0 
2 827.259 0.300832 0.0223776 0.687213 -0.832766 -0.344551 -0.528612 -6.85986 -819.871 0 
3 826.448 0.31029 0.0221551 0.678763 -0.817993 -0.375986 -2.25289 -4.89148 -819.304 0 
4 826.531 0.30869 0.0222044 0.678533 -0.802443 -0.379841 -1.85831 -5.38944 -819.283 0 
2 824.935 0.311754 0.0221924 0.679126 -0.825043 -0.394928 -0.687416 -4.87531 -819.372 0 
3 826.689 0.318546 0.0222442 0.669077 -0.773364 -0.39498 -2.87856 -3.97565 -819.835 0 
8 824.93 0.313191 0.0221892 0.675935 -0.820926 -0.361116 -1.3287 -4.37067 -819.231 0 
2 823.804 0.318312 0.0222265 0.671411 -0.814433 -0.334815 -0.684427 -3.82946 -819.29 0 
1 825.133 0.321554 0.0221104 0.667649 -0.816978 -0.322481 -1.90603 -3.85024 -819.377 0 
2 824.489 0.318377 0.0221676 0.671812 -0.841669 -0.292617 -1.31006 -3.9803 -819.198 0 
15 823.682 0.320538 0.0223126 0.667631 -0.805576 -0.293792 -0.189176 -3.77321 -819.72 0 
1 823.541 0.317721 0.0222467 0.672179 -0.832755 -0.307051 -0.419136 -3.91786 -819.204 0 
3 823.505 0.312139 0.0223707 0.676177 -0.828559 -0.295508 -0.118711 -4.15565 -819.231 0 
1 823.349 0.313167 0.0223771 0.675878 -0.829243 -0.302865 -0.0554504 -4.07123 -819.223 0 
4 824.156 0.315866 0.0222775 0.675905 -0.845771 -0.318408 -0.7545 -4.14394 -819.257 0 
2 825.08 0.322398 0.0223249 0.667273 -0.794292 -0.350018 -1.64301 -3.69371 -819.744 0 
8 823.815 0.323711 0.0222366 0.667501 -0.803895 -0.355581 -0.443348 -3.83072 -819.541 0 
1 824.862 0.32093 0.0223396 0.672555 -0.839054 -0.334392 -1.38527 -4.31212 -819.164 0 
1 824.573 0.321162 0.0222892 0.671539 -0.843406 -0.317961 -1.04726 -4.35521 -819.171 0 
3 825.447 0.321217 0.0222528 0.669476 -0.831082 -0.313846 -2.14586 -4.07157 -819.23 0 
3 824.401 0.32061 0.0222173 0.671106 -0.83533 -0.331942 -1.02119 -4.20686 -819.173 0 
6 824.427 0.311221 0.0222674 0.680122 -0.859998 -0.316198 -0.244138 -4.51509 -819.668 0 
11 825.065 0.315231 0.0221224 0.674717 -0.839094 -0.334225 -1.61912 -4.19816 -819.248 0 
2 826.777 0.322352 0.0221973 0.666622 -0.8068 -0.332678 -3.43811 -3.79381 -819.545 0 
7 824.625 0.317529 0.0222796 0.675208 -0.850199 -0.331789 -0.928242 -4.4209 -819.276 0 
1 824.42 0.322153 0.0221987 0.670448 -0.835984 -0.336402 -0.908157 -4.34391 -819.167 0 
3 824.477 0.314795 0.0224163 0.677092 -0.847275 -0.312421 -1.02289 -4.16521 -819.289 0 
3 824.299 0.321481 0.022382 0.669219 -0.812283 -0.325909 -1.05874 -3.8019 -819.438 0 
2 826.113 0.325661 0.0222248 0.662844 -0.781618 -0.342993 -2.00193 -3.68552 -820.426 0 
2 825.823 0.31693 0.0222478 0.67625 -0.831235 -0.378135 -2.23684 -4.36396 -819.222 0 
4 823.717 0.316315 0.0222352 0.674084 -0.821173 -0.356623 -0.433871 -4.08685 -819.197 0 
3 825.387 0.309965 0.0224019 0.678747 -0.819494 -0.344239 -1.41041 -4.71078 -819.266 0 
3 823.606 0.318038 0.022256 0.672221 -0.806279 -0.371746 -0.370838 -3.9566 -819.278 0 
6 825.812 0.310379 0.0224318 0.679428 -0.829999 -0.339297 -1.91376 -4.58211 -819.317 0 
7 825.55 0.31672 0.0225326 0.674142 -0.812187 -0.338458 -2.36248 -3.90985 -819.278 0 
1 825.087 0.311247 0.0224361 0.681056 -0.837071 -0.358549 -1.00788 -4.65191 -819.427 0 
1 827.242 0.305476 0.0224956 0.686175 -0.858089 -0.332828 -1.74229 -5.35107 -820.149 0 
2 824.571 0.309981 0.022483 0.679492 -0.823218 -0.331952 -0.684467 -4.61986 -819.266 0 
2 823.921 0.311553 0.0222804 0.677029 -0.831624 -0.3127 -0.397515 -4.27 -819.253 0 
5 824.155 0.323483 0.0221834 0.666593 -0.812995 -0.320062 -0.744911 -3.88069 -819.529 0 
1 824.169 0.319556 0.0223428 0.667586 -0.793983 -0.298005 -0.35578 -3.85459 -819.959 0 
2 825.068 0.321797 0.0222101 0.666203 -0.793765 -0.332186 -1.53804 -3.68444 -819.846 0 
1 825.062 0.322207 0.0221495 0.666112 -0.795828 -0.33466 -1.58111 -3.68744 -819.793 0 
1 824.627 0.317381 0.0222895 0.669527 -0.795659 -0.320175 -1.08252 -3.89271 -819.651 0 
1 823.79 0.315826 0.0223888 0.671627 -0.798342 -0.314342 -0.193351 -4.03759 -819.559 0 
1 824.316 0.311291 0.0224501 0.676172 -0.808806 -0.307224 -0.472064 -4.53504 -819.309 0 
1 824.031 0.315067 0.0222633 0.673289 -0.813068 -0.333678 -0.753267 -4.01777 -819.26 0 
1 824.481 0.312528 0.0222752 0.677584 -0.836885 -0.320098 -0.99272 -4.21307 -819.275 0 
1 826.012 0.308093 0.0222072 0.681901 -0.854048 -0.319998 -1.48488 -4.77819 -819.749 0 
6 827.237 0.307022 0.022166 0.68165 -0.850005 -0.311522 -2.69683 -4.86364 -819.676 0 
1 826.796 0.305239 0.0222081 0.681956 -0.859169 -0.268389 -2.19577 -4.83538 -819.765 0 
4 825.648 0.306067 0.0222649 0.681907 -0.847374 -0.296504 -1.10869 -4.939 -819.6 0 
4 826.123 0.307455 0.0222062 0.682266 -0.851498 -0.324427 -1.46464 -4.90289 -819.755 0 
4 824.595 0.312476 0.0222393 0.677485 -0.831848 -0.336006 -1.02985 -4.29846 -819.267 0 
1 826.74 0.318262 0.0221617 0.672004 -0.815604 -0.344226 -3.62623 -3.86129 -819.253 0 
1 826.184 0.319753 0.0222494 0.671922 -0.81609 -0.349502 -3.06726 -3.86009 -819.257 0 
1 825.043 0.320691 0.0224253 0.671211 -0.80006 -0.360278 -1.8152 -3.74766 -819.48 0 
1 823.904 0.31701 0.0224633 0.672242 -0.800739 -0.332965 -0.551601 -3.8868 -819.466 0 
5 825.131 0.317521 0.0225539 0.672398 -0.79494 -0.342731 -1.69812 -3.88092 -819.552 0 
6 825.041 0.312325 0.0223829 0.67943 -0.836835 -0.339722 -1.35645 -4.36205 -819.323 0 
1 825.466 0.324379 0.0224578 0.665757 -0.787191 -0.335471 -1.58805 -3.68509 -820.192 0 
3 824.039 0.323859 0.0223118 0.667831 -0.816129 -0.329635 -0.6175 -3.98648 -819.435 0 
2 824.485 0.323097 0.0224311 0.667963 -0.81905 -0.294874 -1.0211 -3.93815 -819.525 0 
3 823.47 0.316023 0.0224262 0.672925 -0.818775 -0.298736 -0.294364 -3.87272 -819.303 0 
6 824.255 0.314775 0.0224635 0.67337 -0.823889 -0.276923 -1.03619 -3.92811 -819.291 0 
4 823.352 0.312916 0.0223973 0.676216 -0.84373 -0.271232 -0.0942018 -4.00592 -819.251 0 
2 824.003 0.31434 0.0222614 0.674556 -0.834683 -0.290321 -0.827631 -3.95598 -819.219 0 
1 823.868 0.314589 0.022316 0.673631 -0.816551 -0.305492 -0.581184 -4.00204 -819.285 0 
3 824.565 0.311074 0.0222449 0.676976 -0.835334 -0.297092 -1.04701 -4.25367 -819.264 0 
3 823.906 0.314148 0.0223406 0.673956 -0.804035 -0.330988 -0.382727 -4.17647 -819.347 0 
2 823.759 0.316594 0.0224182 0.672801 -0.791737 -0.358329 -0.226072 -4.02237 -819.51 0 
4 824.267 0.317927 0.0224105 0.673517 -0.79324 -0.392606 -0.880439 -3.99913 -819.388 0 
3 823.809 0.314677 0.0222839 0.675111 -0.808896 -0.364453 -0.375856 -4.19419 -819.239 0 
2 823.478 0.318995 0.0222694 0.671461 -0.813471 -0.350521 -0.329598 -3.8788 -819.27 0 
2 823.329 0.314978 0.0223593 0.674009 -0.810393 -0.332016 -0.0113478 -4.03125 -819.286 0 
1 824.711 0.325463 0.0222349 0.663371 -0.779036 -0.346863 -0.577704 -3.6585 -820.475 0 
12 823.861 0.316284 0.0222124 0.673139 -0.819443 -0.336276 -0.688679 -3.95164 -819.221 0 
4 824.307 0.311404 0.0223388 0.675826 -0.809191 -0.32503 -0.528994 -4.50515 -819.273 0 
1 824.927 0.305712 0.0223652 0.683001 -0.841134 -0.314923 -0.163583 -5.17945 -819.584 0 
10 825.186 0.311909 0.0225137 0.674326 -0.799566 -0.297799 -1.11454 -4.59402 -819.478 0 
1 826.382 0.31305 0.0225176 0.67332 -0.806059 -0.286179 -2.65321 -4.27932 -819.45 0 
11 824.938 0.312415 0.0225404 0.673858 -0.81375 -0.259947 -1.18335 -4.33779 -819.417 0 
1 825.232 0.311163 0.0225627 0.675126 -0.802128 -0.284564 -1.02802 -4.73734 -819.466 0 
1 825.817 0.31165 0.0223838 0.674617 -0.827508 -0.266672 -2.38749 -4.17284 -819.257 0 
1 825.88 0.309238 0.0223879 0.677831 -0.844154 -0.261945 -2.25832 -4.30379 -819.318 0 
1 825.241 0.30611 0.022319 0.68333 -0.859215 -0.302841 -0.386027 -4.93918 -819.916 0 
2 825.956 0.306706 0.0222048 0.683633 -0.871722 -0.303611 -0.771924 -4.92416 -820.26 0 
3 825.75 0.307182 0.0222474 0.680518 -0.867836 -0.251914 -1.54969 -4.43684 -819.764 0 
5 824.664 0.308491 0.0223116 0.678604 -0.855221 -0.244919 -0.940108 -4.29666 -819.428 0 
2 824.31 0.307883 0.0224141 0.681339 -0.867002 -0.252201 -0.243679 -4.3638 -819.703 0 
4 824.56 0.312535 0.0223899 0.676295 -0.843629 -0.254467 -1.29207 -4.01849 -819.25 0 
2 824.698 0.311784 0.0222956 0.675723 -0.833325 -0.272497 -1.31429 -4.14399 -819.239 0 
4 823.96 0.312952 0.0223252 0.675183 -0.834187 -0.273046 -0.697873 -4.02798 -819.234 0 
3 825.238 0.322802 0.0221884 0.664871 -0.805567 -0.292087 -1.56465 -3.81901 -819.854 0 
8 824.803 0.317995 0.0222021 0.669423 -0.83846 -0.237884 -1.54371 -3.93759 -819.322 0 
2 824.68 0.315137 0.0224349 0.670448 -0.813891 -0.237134 -0.840099 -4.21967 -819.62 0 
2 825.49 0.318016 0.0224716 0.667056 -0.803817 -0.230779 -1.11226 -4.28445 -820.094 0 
1 823.29 0.320167 0.0223211 0.669292 -0.827629 -0.273923 -0.0418203 -3.87373 -819.375 0 
1 824.507 0.319486 0.0223735 0.673202 -0.851398 -0.291922 -1.06156 -4.24534 -819.201 0 
3 825.274 0.314251 0.0225074 0.677724 -0.85103 -0.292552 -1.87689 -4.09485 -819.303 0 
1 824.996 0.312724 0.0224252 0.679271 -0.859104 -0.286639 -1.37507 -4.17486 -819.446 0 
6 824.023 0.31813 0.0222276 0.67194 -0.823403 -0.321109 -0.933266 -3.85374 -819.236 0 
1 824.053 0.315502 0.02228 0.674846 -0.824762 -0.332512 -0.845871 -4.00234 -819.204 0 
3 825.009 0.317823 0.0223431 0.673425 -0.828227 -0.312782 -1.92707 -3.86468 -819.217 0 
3 825.213 0.325887 0.0221704 0.666312 -0.830626 -0.307224 -1.39888 -4.45037 -819.363 0 
10 824.769 0.320676 0.0221355 0.668854 -0.835376 -0.283378 -1.52188 -3.98293 -819.264 0 
2 824.596 0.320362 0.0222135 0.667337 -0.820853 -0.271915 -1.24473 -3.84936 -819.502 0 
4 824.702 0.315128 0.0222226 0.672635 -0.848932 -0.235479 -1.52364 -3.93073 -819.248 0 
1 824.462 0.315535 0.0222295 0.674193 -0.868839 -0.229345 -1.02801 -4.0951 -819.339 0 
2 823.424 0.318707 0.0222761 0.670836 -0.845508 -0.256313 -0.195843 -3.9922 -819.236 0 
1 824.118 0.318542 0.0223412 0.670042 -0.818919 -0.292557 -0.946877 -3.7908 -819.381 0 
10 824.489 0.31183 0.0223562 0.676042 -0.839798 -0.273792 -1.14901 -4.08731 -819.252 0 
1 824.726 0.314714 0.0223666 0.67625 -0.850524 -0.299002 -1.28955 -4.13911 -819.297 0 
2 826.022 0.312501 0.0224314 0.676174 -0.843884 -0.271973 -2.72899 -4.03355 -819.26 0 
2 823.817 0.315786 0.022424 0.675368 -0.833386 -0.309202 -0.666521 -3.94661 -819.204 0 
2 825.008 0.30972 0.0222271 0.681329 -0.871673 -0.299272 -0.419773 -4.61407 -819.974 0 
2 825.376 0.308974 0.0222751 0.682129 -0.881818 -0.280868 -0.498578 -4.65453 -820.223 0 
3 825.944 0.302519 0.0224772 0.68728 -0.874718 -0.261909 -0.34135 -5.19474 -820.408 0 
2 826.055 0.311077 0.0224559 0.674351 -0.810425 -0.257048 -1.91356 -4.69941 -819.442 0 
2 826.41 0.3078 0.0224839 0.679462 -0.82565 -0.273137 -2.24926 -4.89686 -819.264 0 
1 826.802 0.317001 0.0223678 0.673321 -0.832 -0.278475 -3.7041 -3.84657 -819.251 0 
5 824.665 0.319778 0.0223396 0.668798 -0.825308 -0.249406 -1.21913 -3.9329 -819.513 0 
1 824.624 0.325707 0.0223737 0.664356 -0.82013 -0.250357 -0.341385 -4.35346 -819.929 0 
3 825.061 0.322237 0.0224831 0.667872 -0.818621 -0.258771 -1.36825 -3.98135 -819.711 0 
3 826.207 0.326011 0.0224998 0.661733 -0.779453 -0.268951 -0.544895 -4.27375 -821.389 0 
2 830.154 0.33394 0.0224851 0.653198 -0.746602 -0.274143 -0.384382 -5.26805 -824.502 0 
1 829.248 0.329582 0.0225494 0.657094 -0.773385 -0.238584 -1.59158 -5.0575 -822.599 0 
1 825.905 0.329674 0.0224172 0.659913 -0.795625 -0.263609 -0.272398 -4.59705 -821.036 0 
5 824.927 0.323202 0.022411 0.66747 -0.820303 -0.270692 -1.28719 -3.99588 -819.644 0 
1 826.968 0.333535 0.0223542 0.658007 -0.805074 -0.264972 -0.602571 -5.39768 -820.967 0 
6 825.857 0.32176 0.0223454 0.666608 -0.827456 -0.222929 -1.93154 -4.21216 -819.713 0 
1 826.264 0.3195 0.0222439 0.665998 -0.807697 -0.246442 -2.2674 -4.0562 -819.94 0 
2 826.284 0.316944 0.0221467 0.669203 -0.831362 -0.246895 -3.0469 -3.89165 -819.346 0 
1 825.985 0.317792 0.0223745 0.666838 -0.797884 -0.251392 -1.68604 -4.20082 -820.098 0 
1 823.748 0.316473 0.0222753 0.6717 -0.831957 -0.266253 -0.616058 -3.85874 -819.274 0 
2 824.127 0.319469 0.0222125 0.670982 -0.837573 -0.291513 -0.954901 -3.95696 -819.215 0 
1 825.446 0.31631 0.0221815 0.673079 -0.840298 -0.283752 -2.33157 -3.9031 -819.212 0 
1 825.911 0.324121 0.022177 0.667222 -0.82051 -0.315289 -2.46212 -4.01501 -819.434 0 
5 825.005 0.317534 0.0222814 0.67335 -0.828352 -0.316932 -1.91358 -3.88303 -819.208 0 
1 823.905 0.31535 0.0223656 0.673445 -0.82093 -0.292346 -0.700022 -3.91818 -819.287 0 
6 825.802 0.307495 0.0222939 0.680831 -0.849263 -0.27916 -1.71213 -4.59938 -819.49 0 
2 825.878 0.312359 0.0222703 0.674835 -0.832109 -0.264663 -2.52589 -4.10686 -819.245 0 
1 825.646 0.316365 0.0223137 0.669978 -0.797605 -0.291693 -1.82468 -4.09329 -819.728 0 
6 824.103 0.319167 0.0224275 0.668749 -0.797523 -0.292023 -0.352007 -3.8755 -819.876 0 
2 823.699 0.318061 0.0223354 0.66997 -0.805521 -0.300736 -0.306925 -3.82488 -819.567 0 
1 823.324 0.315895 0.0223757 0.672275 -0.816441 -0.293034 -0.0862227 -3.89176 -819.346 0 
1 824.738 0.32341 0.0223548 0.664643 -0.790632 -0.30422 -0.685392 -3.77576 -820.277 0 
1 824.855 0.32062 0.0223269 0.667948 -0.807128 -0.308503 -1.51641 -3.74126 -819.597 0 
2 824.559 0.319621 0.0224831 0.668891 -0.792594 -0.315613 -0.904961 -3.78015 -819.874 0 
3 825.402 0.313546 0.0226084 0.673332 -0.80769 -0.266683 -1.58276 -4.29387 -819.525 0 
2 825.535 0.323058 0.0224756 0.6664 -0.804634 -0.290058 -1.78974 -3.83419 -819.911 0 
1 826.217 0.315894 0.0225791 0.673577 -0.82394 -0.282401 -3.06021 -3.86325 -819.293 0 
1 825.271 0.310458 0.0225546 0.679861 -0.845286 -0.286506 -1.67076 -4.25564 -819.344 0 
2 826.727 0.311946 0.0225966 0.677648 -0.832071 -0.290717 -3.35232 -4.13973 -819.235 0 
4 826.046 0.309492 0.0224821 0.680404 -0.843144 -0.308104 -2.14476 -4.48767 -819.413 0 
3 826.798 0.30687 0.0225769 0.680704 -0.835884 -0.273598 -2.67422 -4.79586 -819.328 0 
1 827.583 0.305339 0.0225848 0.683304 -0.850307 -0.27332 -3.09502 -4.89853 -819.589 0 
3 824.722 0.313591 0.0225653 0.675082 -0.831904 -0.259309 -1.48217 -3.98188 -819.258 0 
1 826.909 0.322057 0.0225121 0.663904 -0.793596 -0.243161 -2.00631 -4.24238 -820.66 0 
1 826.691 0.316426 0.0225451 0.667491 -0.798635 -0.218602 -1.76006 -4.66249 -820.269 0 
3 826.634 0.313272 0.0223728 0.670194 -0.821708 -0.206122 -2.63934 -4.43608 -819.558 0 
1 826.215 0.315518 0.02235 0.668707 -0.816623 -0.21363 -2.14271 -4.35284 -819.72 0 
4 824.212 0.315356 0.0223768 0.671125 -0.81252 -0.264804 -0.647998 -4.05535 -819.508 0 
2 825.047 0.305705 0.0224682 0.681519 -0.840514 -0.263695 -0.682773 -4.97705 -819.387 0 
1 825.313 0.309174 0.0222896 0.677236 -0.834728 -0.26695 -1.59419 -4.45217 -819.267 0 
3 828.147 0.308238 0.0222294 0.682066 -0.8685 -0.279016 -3.79424 -4.48758 -819.865 0 
1 825.889 0.313375 0.0223295 0.674992 -0.821333 -0.29409 -2.53341 -4.09879 -819.257 0 
7 823.936 0.322443 0.0223522 0.665918 -0.799818 -0.293675 -0.149361 -3.79614 -819.991 0 
2 824.26 0.325088 0.0222656 0.66617 -0.812747 -0.315676 -0.643209 -3.98465 -819.632 0 
3 824.412 0.324785 0.0223458 0.666843 -0.83124 -0.280775 -0.657099 -4.31716 -819.437 0 
2 824.776 0.322483 0.0224326 0.669464 -0.828493 -0.297791 -1.40759 -4.03579 -819.333 0 
7 824.019 0.318339 0.0224006 0.673135 -0.822133 -0.337816 -0.877681 -3.92614 -819.215 0 
7 824.252 0.322725 0.0222488 0.669729 -0.820864 -0.35769 -0.868651 -4.1485 -819.235 0 
1 826.24 0.317894 0.0223792 0.672307 -0.804955 -0.366937 -2.99186 -3.9443 -819.303 0 
2 825.677 0.315362 0.0222416 0.673487 -0.814618 -0.352693 -2.36626 -4.08754 -819.223 0 
11 825.12 0.315328 0.0221607 0.677 -0.855278 -0.345298 -1.00328 -4.63961 -819.477 0 
9 826.082 0.308678 0.0221546 0.682085 -0.86995 -0.317851 -1.07262 -4.87143 -820.138 0 
6 825.543 0.311317 0.0221376 0.679022 -0.846466 -0.349407 -1.33136 -4.66743 -819.544 0 
2 824.531 0.30988 0.0222867 0.679752 -0.849246 -0.312823 -0.526527 -4.49464 -819.51 0 
3 827.176 0.304286 0.0223112 0.686815 -0.871941 -0.306427 -1.36306 -5.28844 -820.525 0 
1 825.477 0.308162 0.0225925 0.68124 -0.832021 -0.299163 -1.45104 -4.71406 -819.311 0 
1 824.605 0.308726 0.022541 0.680158 -0.835059 -0.284868 -0.768802 -4.54069 -819.296 0 
7 825.472 0.312188 0.0225693 0.673959 -0.801517 -0.271669 -1.2471 -4.65313 -819.572 0 
4 824.797 0.313203 0.0224599 0.673703 -0.799948 -0.298451 -0.867066 -4.42077 -819.509 0 
1 825.43 0.316266 0.0223652 0.669571 -0.788279 -0.297229 -1.23693 -4.24884 -819.944 0 
2 826.026 0.311317 0.0223284 0.675767 -0.793233 -0.347221 -1.76608 -4.87318 -819.386 0 
5 825.359 0.315069 0.0224067 0.672842 -0.778287 -0.360733 -1.16613 -4.44949 -819.744 0 
2 826.622 0.321918 0.0225428 0.668168 -0.756476 -0.387589 -2.07003 -3.8228 -820.729 0 
1 827.421 0.319768 0.0226538 0.670113 -0.761069 -0.378032 -2.96074 -3.99939 -820.461 0 
2 826.944 0.319142 0.022635 0.668982 -0.757509 -0.355164 -1.91165 -4.24556 -820.787 0 
1 828.42 0.315731 0.0227128 0.673172 -0.782326 -0.33799 -4.37724 -4.23681 -819.806 0 
1 826.438 0.311865 0.0226346 0.678683 -0.81211 -0.333766 -2.75978 -4.4307 -819.248 0 
1 826.021 0.319148 0.0225012 0.672802 -0.786123 -0.390923 -2.57734 -3.87823 -819.565 0 
2 825.312 0.323689 0.0224775 0.666019 -0.764445 -0.374893 -1.02889 -3.6253 -820.658 0 
1 825.207 0.317008 0.0224203 0.669202 -0.774588 -0.323341 -0.657263 -4.31357 -820.237 0 
1 825.042 0.323549 0.0223993 0.66457 -0.75152 -0.376669 -0.0555745 -3.75771 -821.229 0 
1 826.614 0.328732 0.0223718 0.659566 -0.730332 -0.38982 -0.0277493 -3.70513 -822.882 0 
1 826.395 0.324842 0.0224614 0.663507 -0.740936 -0.377619 -0.617032 -3.85046 -821.927 0 
1 826.629 0.323871 0.0225407 0.666992 -0.751605 -0.405203 -2.03257 -3.66464 -820.932 0 
1 825.184 0.328545 0.0222226 0.664453 -0.762107 -0.458675 -1.05286 -3.78549 -820.346 0 
5 824.215 0.32383 0.0222042 0.667801 -0.780182 -0.427803 -0.675181 -3.83188 -819.708 0 
6 823.796 0.318671 0.0223306 0.671092 -0.783179 -0.395889 -0.268553 -3.93977 -819.588 0 
3 824.588 0.316593 0.0223947 0.673166 -0.782745 -0.404959 -0.883915 -4.2165 -819.487 0 
7 824.686 0.316419 0.0224082 0.672975 -0.777094 -0.407655 -0.819088 -4.28343 -819.584 0 
10 824.217 0.314246 0.0223986 0.675173 -0.777863 -0.41513 -0.0494846 -4.69271 -819.475 0 
2 824.98 0.31906 0.0223802 0.669211 -0.746339 -0.431689 -0.171438 -4.29085 -820.517 0 
2 825.697 0.315818 0.0225001 0.671634 -0.754193 -0.399114 -0.665333 -4.76205 -820.27 0 
1 826.871 0.312366 0.0223785 0.673695 -0.752856 -0.4177 -1.22115 -5.66377 -819.986 0 
2 827.506 0.316639 0.0221854 0.670082 -0.740338 -0.454566 -2.15657 -4.9537 -820.395 0 
3 827.797 0.321226 0.0221615 0.665973 -0.728453 -0.474229 -2.48519 -4.24072 -821.071 0 
1 828.729 0.315548 0.0221351 0.670951 -0.746556 -0.46435 -3.59991 -5.08285 -820.046 0 
3 826.725 0.318131 0.0221155 0.670545 -0.745891 -0.496014 -2.00959 -4.71613 -820 0 
1 826.339 0.31528 0.022208 0.6767 -0.770646 -0.512654 -1.61077 -5.3495 -819.378 0 
3 826.582 0.309617 0.0222471 0.680706 -0.797836 -0.46216 -1.20398 -5.98205 -819.396 0 
1 828.214 0.303397 0.0222947 0.686894 -0.813565 -0.453453 -0.734751 -7.52237 -819.957 0 
5 830.01 0.308978 0.022353 0.680144 -0.789986 -0.448543 -4.64018 -6.02494 -819.345 0 
6 827.733 0.308113 0.0223409 0.682345 -0.800324 -0.456968 -1.98851 -6.28407 -819.46 0 
3 825.737 0.314918 0.0223687 0.675548 -0.760387 -0.491631 -0.94268 -5.23954 -819.555 0 
2 826.506 0.308502 0.0224716 0.682824 -0.797434 -0.447105 -1.04462 -6.07327 -819.388 0 
2 826.527 0.313167 0.0222092 0.680699 -0.835155 -0.427873 -1.61945 -5.30491 -819.602 0 
1 824.601 0.313231 0.0222946 0.678717 -0.807957 -0.430487 -0.39185 -4.93417 -819.275 0 
1 823.829 0.316034 0.0223201 0.674543 -0.78948 -0.414148 -0.155336 -4.33214 -819.341 0 
4 826.359 0.306377 0.0223753 0.683323 -0.810278 -0.392257 -0.966891 -5.98418 -819.408 0 
2 826.125 0.308563 0.0225223 0.682349 -0.809122 -0.386972 -1.4138 -5.39516 -819.316 0 
1 825.753 0.306568 0.0224984 0.683144 -0.808803 -0.384772 -0.508229 -5.87838 -819.366 0 
2 824.777 0.308831 0.0224783 0.680249 -0.810258 -0.357684 -0.388083 -5.1164 -819.272 0 
5 823.712 0.313494 0.0223663 0.675087 -0.800845 -0.352659 -0.0570882 -4.33886 -819.316 0 
2 824.791 0.314588 0.0222538 0.674298 -0.803078 -0.357884 -1.30068 -4.19457 -819.296 0 
4 824.193 0.323073 0.0221822 0.667464 -0.785785 -0.395097 -0.747242 -3.72606 -819.72 0 
1 825.686 0.322433 0.0222626 0.667867 -0.786548 -0.364019 -2.16285 -3.65553 -819.867 0 
1 825.977 0.328994 0.0223505 0.659503 -0.751843 -0.351847 -0.0859369 -3.77168 -822.119 0 
1 826.261 0.32672 0.0223803 0.66082 -0.742942 -0.358998 -0.137501 -3.83538 -822.288 0 
4 824.984 0.323167 0.0223558 0.664265 -0.765102 -0.338883 -0.21211 -3.80404 -820.967 0 
5 823.742 0.321127 0.022259 0.667899 -0.796462 -0.336292 -0.336014 -3.69582 -819.71 0 
1 825.352 0.323234 0.0222427 0.66466 -0.778766 -0.347817 -1.40242 -3.64313 -820.307 0 
5 824.505 0.316393 0.0223412 0.672657 -0.795415 -0.350045 -1.02048 -4.01432 -819.47 0 
1 824.466 0.312913 0.0224164 0.677619 -0.8174 -0.346794 -0.939005 -4.30293 -819.224 0 
3 824.752 0.308718 0.0225387 0.680795 -0.836386 -0.296737 -0.85517 -4.56719 -819.329 0 
4 824.729 0.312213 0.0225055 0.675227 -0.815195 -0.290223 -1.16897 -4.25928 -819.3 0 
8 824.605 0.314326 0.0225292 0.676555 -0.830223 -0.306942 -1.3946 -3.99633 -819.214 0 
2 824.024 0.317513 0.0224665 0.670523 -0.797073 -0.310078 -0.447716 -3.89406 -819.683 0 
4 824.541 0.309806 0.02246 0.676772 -0.814895 -0.288971 -0.591207 -4.6688 -819.281 0 
4 823.647 0.311341 0.0224413 0.67741 -0.828186 -0.296449 -0.152278 -4.25818 -819.237 0 
10 823.357 0.31812 0.0223657 0.672129 -0.831832 -0.285502 -0.258053 -3.8492 -819.25 0 
6 823.507 0.313927 0.0223723 0.676679 -0.855254 -0.274221 -0.136022 -4.05151 -819.319 0 
3 823.592 0.312334 0.0223156 0.675978 -0.859181 -0.233723 -0.259162 -4.00115 -819.331 0 
7 824.664 0.306695 0.022333 0.681341 -0.882023 -0.208393 -0.441291 -4.30157 -819.921 0 
3 825.437 0.311979 0.022232 0.678017 -0.867809 -0.256392 -1.79246 -4.12242 -819.522 0 
3 824.576 0.314584 0.0222837 0.672289 -0.818738 -0.289268 -1.30401 -3.96744 -819.305 0 
2 824.818 0.317074 0.022327 0.669764 -0.824542 -0.2556 -1.54056 -3.87173 -819.406 0 
2 823.792 0.323415 0.0223409 0.666671 -0.813057 -0.297924 -0.251573 -3.88682 -819.653 0 
1 824.295 0.323915 0.0222672 0.666965 -0.818587 -0.30069 -0.786292 -3.97166 -819.537 0 
1 826.073 0.328964 0.022301 0.663576 -0.799027 -0.334189 -1.81553 -4.13965 -820.118 0 
1 825.774 0.323491 0.0225501 0.664962 -0.772177 -0.314194 -0.95914 -3.86861 -820.946 0 
1 825.139 0.326677 0.0223605 0.661637 -0.768412 -0.326895 -0.0514869 -3.80227 -821.285 0 
1 825.122 0.321682 0.0222286 0.667862 -0.78645 -0.361894 -1.60456 -3.67445 -819.843 0 
1 825.108 0.319923 0.0223368 0.66652 -0.780576 -0.3082 -0.783497 -3.96695 -820.357 0 
1 825.982 0.32149 0.0221355 0.66803 -0.805868 -0.334708 -2.73081 -3.7325 -819.519 0 
2 826.074 0.327205 0.0221326 0.66133 -0.78551 -0.327985 -1.70177 -3.82992 -820.542 0 
1 826.527 0.332301 0.0222082 0.657332 -0.76055 -0.353868 -0.58745 -3.97476 -821.965 0 
3 826.448 0.331935 0.0221736 0.657904 -0.76512 -0.357956 -0.881576 -3.95437 -821.612 0 
2 827.599 0.33276 0.0222004 0.655891 -0.75428 -0.346674 -1.05068 -4.04254 -822.505 0 
1 826.628 0.321861 0.0223245 0.667484 -0.805537 -0.290335 -3.0029 -3.81099 -819.814 0 
1 827.373 0.326773 0.0220348 0.661929 -0.811229 -0.293313 -3.27102 -4.18191 -819.92 0 
2 826.081 0.331339 0.0221679 0.660473 -0.790992 -0.344 -1.26861 -4.30789 -820.505 0 
1 827.186 0.334423 0.022329 0.65916 -0.784157 -0.352553 -1.53357 -4.6677 -820.984 0 
1 825.672 0.326316 0.022316 0.667648 -0.805258 -0.378094 -2.05091 -4.11967 -819.501 0 
3 825.947 0.319637 0.0222948 0.673489 -0.825654 -0.358497 -2.704 -4.0671 -819.176 0 
5 823.73 0.323626 0.0222882 0.667752 -0.807378 -0.344565 -0.357145 -3.85109 -819.522 0 
5 824.27 0.317326 0.0222331 0.674952 -0.853255 -0.315751 -0.671751 -4.318 -819.28 0 
4 823.967 0.319699 0.0222815 0.672442 -0.839505 -0.315724 -0.680362 -4.10659 -819.18 0 
6 824.715 0.321687 0.022341 0.671163 -0.832818 -0.319238 -1.41056 -4.09398 -819.21 0 
7 824.453 0.313161 0.0222078 0.676399 -0.853475 -0.281301 -1.03729 -4.07772 -819.338 0 
1 824.385 0.309188 0.0222715 0.680275 -0.862342 -0.281499 -0.317606 -4.40036 -819.667 0 
2 825.352 0.307266 0.0222416 0.681041 -0.865829 -0.259154 -1.13668 -4.46679 -819.748 0 
4 826.599 0.305469 0.0222388 0.684514 -0.88905 -0.250575 -1.34495 -4.68685 -820.568 0 
4 825.688 0.306101 0.0222757 0.684302 -0.890957 -0.249646 -0.474345 -4.64327 -820.571 0 
3 827.071 0.303038 0.022235 0.68699 -0.881703 -0.287793 -0.849384 -5.34256 -820.879 0 
2 826.881 0.312353 0.0221075 0.674436 -0.839465 -0.282272 -3.56251 -4.06969 -819.249 0 
1 827.146 0.322987 0.0220827 0.664473 -0.807292 -0.302585 -3.5918 -3.80981 -819.744 0 
1 828.912 0.325659 0.0219663 0.66293 -0.818892 -0.300375 -5.11286 -4.18776 -819.611 0 
1 826.099 0.323255 0.0220794 0.667986 -0.839589 -0.299089 -2.55273 -4.31912 -819.227 0 
10 826.297 0.325278 0.0220612 0.664502 -0.836585 -0.267713 -2.36699 -4.50096 -819.429 0 
5 823.792 0.320391 0.0222268 0.669051 -0.83641 -0.271676 -0.526675 -3.9818 -819.283 0 
3 823.759 0.316408 0.0222217 0.673271 -0.848628 -0.278338 -0.537951 -3.99493 -819.226 0 
1 826.793 0.300829 0.02254 0.686851 -0.848796 -0.277573 -0.903863 -6.04204 -819.847 0 
1 826.377 0.301756 0.0225297 0.685355 -0.845932 -0.267699 -0.906929 -5.80337 -819.666 0 
8 825.192 0.308282 0.0224073 0.677166 -0.82901 -0.253111 -1.24251 -4.68403 -819.265 0 
4 826.924 0.319034 0.0222749 0.665485 -0.791787 -0.268927 -2.59775 -4.08706 -820.239 0 
2 827.356 0.31379 0.0224451 0.670639 -0.795387 -0.253031 -2.68037 -4.75775 -819.918 0 
2 825.243 0.317172 0.0223734 0.668286 -0.795284 -0.269886 -1.07412 -4.17707 -819.992 0 
1 827.085 0.307714 0.0223251 0.677359 -0.829217 -0.249893 -2.97684 -4.83883 -819.269 0 
3 826.405 0.306385 0.0224138 0.680019 -0.827545 -0.273283 -1.97712 -5.14249 -819.286 0 
1 826.674 0.318438 0.022333 0.667063 -0.793449 -0.265382 -2.31505 -4.18872 -820.171 0 
6 826.109 0.323347 0.022212 0.662993 -0.794119 -0.278009 -1.78663 -3.93344 -820.388 0 
5 825.676 0.327347 0.0221092 0.66251 -0.803771 -0.317991 -1.61019 -4.07708 -819.989 0 
1 824.651 0.318184 0.0223003 0.673164 -0.838781 -0.298267 -1.51255 -3.94008 -819.198 0 
1 823.982 0.324941 0.0222827 0.664996 -0.815417 -0.28332 -0.147043 -4.06509 -819.77 0 
5 823.374 0.314581 0.0223701 0.674952 -0.845317 -0.27192 -0.190804 -3.94844 -819.235 0 
1 824.849 0.313681 0.0222669 0.677552 -0.864933 -0.275434 -1.22036 -4.16735 -819.462 0 
7 823.982 0.31575 0.0223393 0.674907 -0.845614 -0.280287 -0.813282 -3.94477 -819.224 0 
1 824.872 0.321158 0.0222808 0.666111 -0.821036 -0.249418 -1.23731 -3.97357 -819.661 0 
1 824.191 0.323595 0.0222449 0.66552 -0.826893 -0.259508 -0.456724 -4.14917 -819.585 0 
2 824.097 0.313275 0.022423 0.67765 -0.860497 -0.258368 -0.692299 -4.03974 -819.365 0 
1 824.149 0.322656 0.0223924 0.668303 -0.822831 -0.282748 -0.701671 -3.9492 -819.498 0 
1 827.827 0.331462 0.0224762 0.657757 -0.778417 -0.275607 -1.20854 -4.66005 -821.959 0 
4 827.26 0.333819 0.022387 0.658377 -0.797826 -0.284631 -1.01404 -5.15393 -821.092 0 
1 829.989 0.323625 0.022552 0.666772 -0.799732 -0.272743 -5.73962 -3.99615 -820.253 0 
2 828.592 0.316647 0.0224248 0.673288 -0.828488 -0.266827 -5.40948 -3.87647 -819.306 0 
1 827.762 0.312321 0.022373 0.680164 -0.880428 -0.250839 -3.77589 -4.24076 -819.745 0 
2 825.146 0.317045 0.0224036 0.673356 -0.8327 -0.278024 -2.05008 -3.84743 -819.248 0 
1 825.703 0.3106 0.0224067 0.680533 -0.857388 -0.282231 -1.9611 -4.24483 -819.498 0 
1 826.226 0.304343 0.0224853 0.686545 -0.876329 -0.265425 -0.995455 -4.90419 -820.327 0 
1 826.384 0.313425 0.0223751 0.678322 -0.846354 -0.304802 -2.9667 -4.11228 -819.305 0 
1 826.268 0.325553 0.0223975 0.662028 -0.778278 -0.301689 -1.37881 -3.89149 -820.997 0 
2 824.44 0.326859 0.0223142 0.663124 -0.796275 -0.310512 -0.215183 -3.95412 -820.27 0 
1 823.926 0.324144 0.0223145 0.667474 -0.819559 -0.313028 -0.435547 -4.02777 -819.463 0 
6 823.674 0.316198 0.0224228 0.674733 -0.847816 -0.271126 -0.498737 -3.95088 -819.224 0 
4 823.727 0.319468 0.0224163 0.670116 -0.827948 -0.271718 -0.509268 -3.85809 -819.36 0 
4 824.796 0.319742 0.0225289 0.670883 -0.816902 -0.28823 -1.5348 -3.79019 -819.471 0 
2 823.421 0.320439 0.0223651 0.670111 -0.828801 -0.288675 -0.215654 -3.89402 -819.312 0 
1 823.798 0.31867 0.0223923 0.672894 -0.838377 -0.298412 -0.623887 -3.97492 -819.199 0 
1 823.881 0.315829 0.0224565 0.6752 -0.837662 -0.293632 -0.746793 -3.92478 -819.209 0 
5 823.584 0.320089 0.0223511 0.671197 -0.812743 -0.341318 -0.445356 -3.81055 -819.328 0 
5 824.505 0.327505 0.0222822 0.663422 -0.79329 -0.339545 -0.424386 -3.91525 -820.165 0 
13 824.016 0.325382 0.0223193 0.665931 -0.7936 -0.354599 -0.356679 -3.76312 -819.897 0 
1 824.366 0.318165 0.0222608 0.673965 -0.820649 -0.369604 -1.09686 -4.08473 -819.185 0 
9 823.509 0.31465 0.0223845 0.675776 -0.814004 -0.354385 -0.138331 -4.14761 -819.223 0 
1 825.228 0.31211 0.0222336 0.67973 -0.841734 -0.361684 -1.11861 -4.63723 -819.472 0 
2 826.183 0.316775 0.0221676 0.676484 -0.82842 -0.405126 -2.30674 -4.62006 -819.257 0 
4 824.367 0.320162 0.0221823 0.669121 -0.785463 -0.387855 -0.934351 -3.79562 -819.637 0 
4 824.484 0.316064 0.0221991 0.672995 -0.789744 -0.403378 -0.856461 -4.26103 -819.366 0 
4 827.301 0.314967 0.0222636 0.671645 -0.773927 -0.392372 -3.1297 -4.4962 -819.675 0 
1 825.042 0.310987 0.0222762 0.677401 -0.788398 -0.410368 -0.495851 -5.23161 -819.315 0 
3 824.451 0.313948 0.0223061 0.676061 -0.784097 -0.427396 -0.329929 -4.77124 -819.349 0 
4 824.099 0.316003 0.0223345 0.673679 -0.772281 -0.431833 -0.0213022 -4.51093 -819.567 0 
2 824.69 0.317702 0.0222258 0.671666 -0.763035 -0.45582 -0.538451 -4.42372 -819.728 0 
5 825.96 0.327927 0.0221966 0.662489 -0.7236 -0.498289 -0.722597 -3.56363 -821.674 0 
3 825.565 0.326398 0.0222524 0.664062 -0.727759 -0.483369 -0.46298 -3.62592 -821.476 0 
2 826.844 0.329266 0.022223 0.66016 -0.713668 -0.472825 -0.583151 -3.48234 -822.778 0 
4 826.966 0.324679 0.0221677 0.663062 -0.733332 -0.43588 -1.66616 -3.72055 -821.579 0 
1 825.319 0.315861 0.0222921 0.670895 -0.766805 -0.384817 -0.876598 -4.48697 -819.955 0 
1 825.457 0.30937 0.0223329 0.681112 -0.814758 -0.389325 -0.927123 -5.19219 -819.338 0 
4 826.02 0.310881 0.0224962 0.676159 -0.776062 -0.378158 -1.10798 -5.35912 -819.553 0 
2 824.685 0.313715 0.0224174 0.67505 -0.789817 -0.381471 -0.803329 -4.49981 -819.382 0 
4 824.55 0.309039 0.0223994 0.67953 -0.805535 -0.366776 -0.089539 -5.18873 -819.271 0 
3 824.736 0.314732 0.022277 0.67306 -0.791329 -0.371586 -1.03751 -4.28671 -819.412 0 
1 824.097 0.316032 0.0223156 0.671664 -0.787379 -0.357369 -0.391154 -4.12067 -819.585 0 
2 823.989 0.319418 0.0224241 0.670195 -0.780828 -0.366326 -0.312093 -3.82389 -819.853 0 
1 824.899 0.322579 0.022476 0.669194 -0.792152 -0.362212 -1.48227 -3.68479 -819.732 0 
7 825.075 0.320101 0.0224673 0.672554 -0.806565 -0.370268 -1.88428 -3.87332 -819.317 0 
2 826.931 0.311484 0.0225048 0.681307 -0.836046 -0.348593 -3.04902 -4.51291 -819.369 0 
1 825.643 0.310585 0.0226 0.678986 -0.81665 -0.323867 -1.85371 -4.54633 -819.243 0 
1 825.009 0.310349 0.022486 0.680901 -0.823574 -0.363945 -0.915973 -4.77463 -819.319 0 
1 824.167 0.315691 0.0222452 0.674242 -0.803229 -0.378892 -0.742526 -4.15974 -819.265 0 
4 824.361 0.314613 0.022433 0.675466 -0.789794 -0.387277 -0.583735 -4.3942 -819.383 0 
2 825.052 0.30789 0.0223414 0.680593 -0.806512 -0.380035 -0.213732 -5.5314 -819.307 0 
1 824.994 0.309577 0.0223463 0.681741 -0.814596 -0.417454 -0.142054 -5.43725 -819.415 0 
5 824.786 0.309085 0.0223049 0.681283 -0.822137 -0.383344 -0.21079 -5.16915 -819.406 0 
7 824.238 0.31321 0.0224335 0.676792 -0.799068 -0.385196 -0.429259 -4.53676 -819.272 0 
1 825.201 0.308842 0.0223661 0.681095 -0.828941 -0.361738 -0.762939 -5.00965 -819.428 0 
1 824.767 0.313523 0.0222063 0.678564 -0.840341 -0.375819 -0.630953 -4.69932 -819.437 0 
2 824.958 0.315749 0.0221701 0.675655 -0.840619 -0.3571 -1.22889 -4.43739 -819.291 0 
1 824.774 0.315418 0.0221762 0.673462 -0.838868 -0.302101 -1.56894 -3.99142 -819.214 0 
1 823.785 0.315134 0.0222336 0.674162 -0.82851 -0.322688 -0.569783 -4.00921 -819.206 0 
5 823.663 0.316831 0.0223046 0.671732 -0.81832 -0.307927 -0.525712 -3.84069 -819.296 0 
3 823.483 0.312095 0.0224066 0.67662 -0.826874 -0.299431 -0.0696863 -4.18265 -819.231 0 
1 825.465 0.3124 0.0224727 0.672538 -0.803687 -0.264314 -1.33815 -4.55315 -819.574 0 
2 825.149 0.306477 0.0224245 0.679193 -0.847729 -0.224111 -1.13308 -4.66137 -819.355 0 
1 824.26 0.313473 0.0223956 0.67243 -0.826996 -0.235086 -0.775881 -4.12472 -819.359 0 
3 824.442 0.312135 0.0223523 0.673875 -0.826376 -0.253888 -0.967576 -4.18494 -819.29 0 
3 824.277 0.310077 0.0222989 0.677412 -0.84263 -0.272037 -0.723007 -4.25288 -819.301 0 
1 824.759 0.314994 0.0222225 0.67302 -0.840737 -0.274912 -1.61447 -3.92229 -819.222 0 
1 823.917 0.313624 0.02228 0.677036 -0.862221 -0.272024 -0.384778 -4.12049 -819.411 0 
1 824.491 0.322154 0.0221838 0.668073 -0.849204 -0.257069 -0.871059 -4.37028 -819.249 0 
8 824.557 0.318953 0.0221901 0.672213 -0.864502 -0.25678 -0.963901 -4.33484 -819.258 0 
2 824.485 0.324084 0.0223302 0.666861 -0.843628 -0.236437 -0.542274 -4.51631 -819.427 0 
1 825.392 0.324248 0.0223686 0.668445 -0.861255 -0.232645 -1.16462 -4.96066 -819.266 0 
1 826.113 0.322002 0.0223477 0.671334 -0.888436 -0.206682 -1.40304 -5.35694 -819.353 0 
3 828.756 0.329595 0.0223197 0.665438 -0.871517 -0.2275 -2.88117 -6.57277 -819.302 0 
5 827.899 0.330398 0.0223695 0.662801 -0.864889 -0.194273 -1.65912 -6.69269 -819.547 0 
1 826.763 0.315045 0.0224368 0.677996 -0.903347 -0.193386 -2.2528 -4.64382 -819.866 0 
1 827.12 0.305624 0.0225247 0.686115 -0.92389 -0.169847 -1.32892 -4.48921 -821.302 0 
3 826.15 0.308095 0.0224293 0.682697 -0.906573 -0.179129 -1.48138 -4.2691 -820.399 0 
2 824.002 0.311961 0.0223978 0.677926 -0.887241 -0.191223 -0.204967 -4.14095 -819.656 0 
2 823.954 0.317001 0.0223921 0.670543 -0.863915 -0.169916 -0.328714 -4.30037 -819.325 0 
8 823.801 0.312172 0.0224436 0.676944 -0.877645 -0.187847 -0.260562 -4.07163 -819.469 0 
4 824.165 0.321044 0.0223667 0.666937 -0.840797 -0.206191 -0.351545 -4.30141 -819.513 0 
1 825.056 0.320893 0.0221711 0.670661 -0.869995 -0.242805 -1.13776 -4.66367 -819.254 0 
1 825.885 0.312926 0.0222925 0.679383 -0.879981 -0.265005 -1.76048 -4.35602 -819.768 0 
4 823.198 0.314068 0.0223778 0.674603 -0.843038 -0.255724 -0.0292559 -3.93157 -819.237 0 
2 823.655 0.312947 0.0223315 0.677726 -0.86186 -0.272644 -0.0851918 -4.13472 -819.435 0 
3 823.381 0.317724 0.0222934 0.670771 -0.82936 -0.272043 -0.24224 -3.83656 -819.302 0 
1 823.58 0.318485 0.0223292 0.669252 -0.817316 -0.271084 -0.243183 -3.83449 -819.502 0 
1 824.8 0.315701 0.0223913 0.673491 -0.818774 -0.294695 -1.58168 -3.91 -819.309 0 
1 825.302 0.316735 0.0224225 0.673846 -0.839642 -0.265504 -2.19348 -3.87612 -819.233 0 
1 824.816 0.321362 0.0225133 0.66625 -0.810188 -0.23794 -0.654805 -4.11077 -820.05 0 
1 823.779 0.316363 0.022457 0.671772 -0.8311 -0.237618 -0.462547 -3.9481 -819.368 0 
4 825.523 0.318773 0.0225309 0.666932 -0.80336 -0.223948 -0.921034 -4.3812 -820.221 0 
3 826.328 0.319111 0.0225885 0.668007 -0.804827 -0.231863 -1.92588 -4.278 -820.125 0 
1 825.916 0.323901 0.0225188 0.663524 -0.78213 -0.268783 -0.683854 -4.18467 -821.047 0 
17 825.789 0.318939 0.0225985 0.667724 -0.794558 -0.25178 -1.26243 -4.23777 -820.289 0 
1 826.556 0.318893 0.0226191 0.669903 -0.814421 -0.240896 -2.74279 -4.05089 -819.763 0 
3 826.699 0.310287 0.0225718 0.679444 -0.865389 -0.207907 -3.19278 -4.09702 -819.41 0 
9 826.334 0.304509 0.0225906 0.681321 -0.849664 -0.20201 -1.88939 -5.05962 -819.385 0 
1 825.493 0.308036 0.0225336 0.679093 -0.849503 -0.212843 -1.70978 -4.46295 -819.32 0 
1 825.289 0.305938 0.0225152 0.680191 -0.840877 -0.233065 -1.05291 -4.91232 -819.324 0 
1 826.264 0.304503 0.022566 0.686012 -0.87048 -0.260298 -1.334 -4.851 -820.079 0 
1 827.055 0.301076 0.0225727 0.687587 -0.87457 -0.224508 -1.54831 -5.2793 -820.228 0 
2 826.578 0.30303 0.0226314 0.684862 -0.863578 -0.215904 -1.83031 -5.02419 -819.724 0 
1 826.514 0.303798 0.0225974 0.686187 -0.881135 -0.223106 -1.60282 -4.70144 -820.21 0 
4 828.852 0.295839 0.0224368 0.693537 -0.911245 -0.212109 -0.38606 -5.98141 -822.484 0 
2 828.03 0.297784 0.0223764 0.690415 -0.908816 -0.191373 -0.86369 -5.3899 -821.776 0 
1 825.231 0.304001 0.0224478 0.68392 -0.900314 -0.161882 -0.436976 -4.39272 -820.402 0 
3 824.922 0.306947 0.0225001 0.679361 -0.879281 -0.157919 -1.03183 -4.27742 -819.613 0 
1 825.799 0.304714 0.0225401 0.682207 -0.886028 -0.164772 -1.48824 -4.39474 -819.916 0 
6 824.762 0.308228 0.0224639 0.680465 -0.891295 -0.166279 -0.7567 -4.16017 -819.845 0 
2 824.512 0.313728 0.0224684 0.674668 -0.89209 -0.126758 -0.566285 -4.44125 -819.505 0 
1 825.185 0.313127 0.022321 0.675371 -0.91689 -0.112855 -0.492179 -4.72984 -819.963 0 
5 825.46 0.318403 0.0222618 0.669477 -0.892759 -0.128218 -0.997228 -5.03895 -819.424 0 
1 825.901 0.318766 0.0223181 0.667209 -0.885139 -0.0933381 -1.05334 -5.38514 -819.463 0 
1 825.919 0.317471 0.0224695 0.668399 -0.887441 -0.0675473 -0.819642 -5.58686 -819.513 0 
3 825.75 0.315878 0.0224934 0.673327 -0.91999 -0.0738214 -0.546746 -5.4315 -819.772 0 
7 825.24 0.312745 0.0224204 0.677343 -0.925857 -0.105861 -0.195326 -4.83993 -820.205 0 
3 825.044 0.315348 0.0223293 0.673312 -0.911656 -0.111738 -0.35981 -4.9542 -819.73 0 
1 824.897 0.318576 0.022333 0.668291 -0.878848 -0.121427 -0.518782 -4.97239 -819.406 0 
1 824.806 0.319948 0.0222722 0.668689 -0.883241 -0.142858 -0.410557 -5.02763 -819.367 0 
3 828.671 0.311809 0.0224136 0.679126 -0.920276 -0.124715 -3.91483 -4.55151 -820.205 0 
1 829.597 0.309373 0.0224196 0.682 -0.92674 -0.132214 -4.45945 -4.45255 -820.685 0 
1 826.082 0.309201 0.0225021 0.679289 -0.908005 -0.110966 -1.80689 -4.3206 -819.955 0 
11 826.361 0.304719 0.0224305 0.681724 -0.928013 -0.0701199 -1.25513 -4.41716 -820.689 0 
1 827.645 0.307229 0.022341 0.684338 -0.941936 -0.138148 -1.3103 -4.66296 -821.671 0 
3 829.297 0.32328 0.022196 0.67042 -0.916672 -0.158273 -3.03992 -6.63985 -819.617 0 
3 828.446 0.319273 0.0221808 0.672842 -0.908956 -0.167697 -3.39717 -5.38205 -819.666 0 
2 826.642 0.307329 0.0224929 0.683978 -0.927935 -0.142838 -1.181 -4.42892 -821.032 0 
1 824.714 0.307419 0.0224535 0.681154 -0.909185 -0.139468 -0.213655 -4.23035 -820.27 0 
3 824.8 0.309803 0.022407 0.679089 -0.904327 -0.155554 -0.516689 -4.24216 -820.041 0 
8 824.438 0.311809 0.0224312 0.674345 -0.868462 -0.160506 -0.924642 -4.16126 -819.352 0 
2 825.218 0.31349 0.0225809 0.673669 -0.856773 -0.174995 -1.76783 -4.13858 -819.312 0 
3 825.291 0.318617 0.022558 0.668325 -0.838308 -0.179351 -1.31267 -4.37084 -819.608 0 
2 825.028 0.317677 0.0224872 0.673334 -0.868852 -0.200685 -1.49138 -4.24805 -819.289 0 
1 826.052 0.325087 0.0223253 0.663207 -0.854025 -0.150326 -0.71873 -5.55616 -819.777 0 
1 826.591 0.324133 0.0223958 0.662857 -0.842486 -0.144292 -1.07645 -5.45855 -820.056 0 
1 826.095 0.326047 0.0223167 0.661366 -0.849034 -0.146715 -0.339113 -5.77707 -819.979 0 
2 826.182 0.328078 0.022268 0.660875 -0.84984 -0.170472 -0.376979 -5.9106 -819.895 0 
1 827.587 0.322678 0.0224726 0.661641 -0.829217 -0.134886 -1.5953 -5.52625 -820.465 0 
1 824.735 0.316524 0.02225 0.670856 -0.875582 -0.1602 -1.01243 -4.38119 -819.341 0 
2 824.64 0.316086 0.0222678 0.672301 -0.880333 -0.166544 -0.922427 -4.34629 -819.371 0 
2 824.963 0.315639 0.0222041 0.672746 -0.886114 -0.170309 -1.1551 -4.3662 -819.441 0 
5 824.145 0.31931 0.0222938 0.66843 -0.851369 -0.200532 -0.557714 -4.23845 -819.349 0 
6 824.165 0.317788 0.0222883 0.669574 -0.858903 -0.184145 -0.595463 -4.24989 -819.32 0 
1 825.12 0.316805 0.0226024 0.670839 -0.849202 -0.170729 -1.39011 -4.30711 -819.423 0 
3 825.573 0.322395 0.0225433 0.664914 -0.825754 -0.187101 -0.860282 -4.64482 -820.068 0 
3 825.712 0.320777 0.0224813 0.668095 -0.845065 -0.206114 -1.9703 -4.30381 -819.438 0 
1 823.901 0.317814 0.0224866 0.670156 -0.843997 -0.198197 -0.360097 -4.14072 -819.4 0 
6 823.833 0.313393 0.0224996 0.674808 -0.866296 -0.180699 -0.427952 -4.08213 -819.323 0 
1 825.876 0.321072 0.0225974 0.666716 -0.836161 -0.175379 -1.46124 -4.6169 -819.798 0 
1 824.444 0.320528 0.0224477 0.668966 -0.868053 -0.166396 -0.339015 -4.74957 -819.355 0 
1 824.577 0.310395 0.0224474 0.678677 -0.904901 -0.136965 -0.385559 -4.26816 -819.923 0 
1 825.485 0.324512 0.0223822 0.663321 -0.852456 -0.151584 -0.284996 -5.42677 -819.773 0 
2 828.48 0.329972 0.0224092 0.656752 -0.835139 -0.123626 -0.381656 -7.09754 -821.001 0 
1 826.5 0.32475 0.0224361 0.664045 -0.864298 -0.1242 -0.822238 -5.95058 -819.727 0 
3 827.387 0.326477 0.0223393 0.662814 -0.880428 -0.10187 -0.800667 -6.91839 -819.668 0 
5 827.44 0.326207 0.0223963 0.663853 -0.89181 -0.0888269 -0.599872 -7.25164 -819.589 0 
1 827.341 0.318349 0.0225221 0.673138 -0.921144 -0.0923233 -1.79914 -5.80236 -819.74 0 
5 827.621 0.310429 0.0225951 0.680253 -0.937933 -0.0764085 -2.17829 -4.8313 -820.612 0 
3 828.607 0.316498 0.0225963 0.675578 -0.922401 -0.100721 -3.34796 -5.39019 -819.868 0 
1 827.768 0.322574 0.0223084 0.669675 -0.929965 -0.0927145 -0.838627 -7.1881 -819.741 0 
2 826.651 0.323729 0.0223099 0.664058 -0.893972 -0.0754644 -0.264062 -6.82213 -819.565 0 
3 826.914 0.323304 0.0222849 0.665673 -0.900309 -0.0849664 -0.768296 -6.64488 -819.501 0 
5 828.562 0.31758 0.0221902 0.673824 -0.933291 -0.11134 -2.58548 -5.85174 -820.124 0 
10 825.11 0.317877 0.0223047 0.669992 -0.899731 -0.106958 -0.415304 -5.21008 -819.485 0 
3 826.127 0.309836 0.0222598 0.677479 -0.928046 -0.0908703 -1.12969 -4.59301 -820.404 0 
2 827.375 0.3188 0.0222351 0.666309 -0.882625 -0.0899058 -2.45652 -5.43469 -819.484 0 
2 826.885 0.313188 0.0222294 0.675225 -0.927888 -0.087145 -1.75243 -4.99194 -820.14 0 
4 826.69 0.311624 0.0221826 0.676494 -0.928963 -0.102924 -1.55543 -4.76454 -820.37 0 
2 827.126 0.315052 0.02218 0.673388 -0.917484 -0.105724 -2.27462 -5.00491 -819.847 0 
1 825.595 0.31259 0.0222748 0.67476 -0.918764 -0.0898482 -0.869436 -4.77967 -819.946 0 
12 826.656 0.311268 0.0225479 0.672574 -0.872102 -0.0871873 -2.29714 -4.92175 -819.438 0 
1 826.73 0.32067 0.0225072 0.664566 -0.857256 -0.0932928 -1.05511 -5.79583 -819.879 0 
1 825.886 0.322884 0.0223935 0.664154 -0.857306 -0.125843 -0.585647 -5.53646 -819.763 0 
8 826.603 0.32117 0.0225481 0.667913 -0.851023 -0.162672 -2.26151 -4.76313 -819.579 0 
1 826.751 0.322101 0.0225948 0.666906 -0.838361 -0.177539 -2.26647 -4.69985 -819.785 0 
1 826.808 0.311471 0.0226971 0.675263 -0.872427 -0.116777 -2.89019 -4.52718 -819.391 0 
1 826.513 0.321158 0.0225768 0.667122 -0.855598 -0.151719 -2.05674 -4.89282 -819.563 0 
1 825.546 0.322384 0.0225261 0.666714 -0.849466 -0.177192 -1.21669 -4.7563 -819.573 0 
5 825.797 0.318918 0.0226041 0.667927 -0.849353 -0.13963 -1.31954 -4.82985 -819.648 0 
1 825.008 0.312146 0.0224966 0.677566 -0.900124 -0.152145 -0.92611 -4.30744 -819.774 0 
1 825.48 0.31287 0.0223806 0.678061 -0.915249 -0.159992 -0.643796 -4.6609 -820.175 0 
1 825.444 0.311026 0.0224019 0.68018 -0.923087 -0.149002 -0.322592 -4.6007 -820.521 0 
1 826.037 0.312924 0.0224662 0.678347 -0.922637 -0.134051 -0.999536 -4.78656 -820.251 0 
1 827.471 0.309499 0.022421 0.681936 -0.949086 -0.111652 -0.985581 -5.00854 -821.476 0 
3 828.046 0.316673 0.02226 0.67563 -0.938261 -0.138789 -1.53606 -6.0047 -820.505 0 
1 829.255 0.32673 0.0222177 0.664234 -0.877585 -0.185703 -3.68366 -6.22834 -819.343 0 
1 827.816 0.329965 0.0221718 0.660262 -0.863648 -0.172729 -1.42422 -6.71503 -819.677 0 
1 828.159 0.332457 0.0221552 0.65749 -0.846298 -0.182964 -1.12172 -6.8593 -820.178 0 
1 827.926 0.328014 0.0222281 0.663526 -0.871411 -0.169463 -2.11675 -6.31594 -819.493 0 
2 827.368 0.33232 0.0223338 0.658893 -0.84523 -0.181429 -0.35898 -6.7938 -820.215 0 
3 829.288 0.332446 0.0221753 0.662309 -0.872296 -0.221356 -2.39506 -7.50573 -819.387 0 
2 827.136 0.329563 0.0223372 0.663707 -0.862626 -0.209574 -1.38017 -6.28634 -819.469 0 
2 826.271 0.327278 0.02229 0.66577 -0.869166 -0.214921 -1.0615 -5.89441 -819.315 0 
5 828.993 0.331758 0.0223411 0.661554 -0.86262 -0.202218 -2.37207 -7.02207 -819.599 0 
1 828.344 0.330225 0.0224622 0.662391 -0.858183 -0.181681 -2.08077 -6.52139 -819.741 0 
3 827.727 0.327656 0.0225023 0.66461 -0.858192 -0.181607 -2.28214 -5.82767 -819.617 0 
1 827.051 0.321419 0.0224575 0.670371 -0.872844 -0.181541 -2.90464 -4.83497 -819.311 0 
3 825.445 0.322162 0.0224838 0.668344 -0.860277 -0.191547 -1.34995 -4.73456 -819.361 0 
1 826.663 0.325415 0.0222842 0.667646 -0.88431 -0.203654 -1.34548 -6.03017 -819.287 0 
2 826.198 0.322351 0.0223145 0.670357 -0.897729 -0.181503 -1.01122 -5.76939 -819.417 0 
1 825.918 0.326291 0.0222628 0.66549 -0.87529 -0.189739 -0.640864 -5.94117 -819.336 0 
2 827.521 0.320949 0.0223277 0.67247 -0.908287 -0.167826 -2.19429 -5.74148 -819.585 0 
1 824.636 0.324634 0.0223304 0.666589 -0.854294 -0.222961 -0.386114 -4.88733 -819.363 0 
2 823.925 0.318525 0.0223325 0.670174 -0.858281 -0.206964 -0.44288 -4.20298 -819.28 0 
1 824.55 0.319078 0.022288 0.671974 -0.890101 -0.186656 -0.251681 -4.87931 -819.419 0 
8 824.045 0.315003 0.0223885 0.673519 -0.882447 -0.154344 -0.315303 -4.32853 -819.401 0 
3 824.555 0.317807 0.0223364 0.670078 -0.870517 -0.155315 -0.703076 -4.50812 -819.344 0 
4 824.774 0.316794 0.0223553 0.67265 -0.874085 -0.179484 -1.15865 -4.29126 -819.324 0 
1 824.429 0.309626 0.0224303 0.677925 -0.878213 -0.168739 -0.771964 -4.13639 -819.52 0 
2 825.844 0.312107 0.0222799 0.672752 -0.859148 -0.171231 -2.35919 -4.17011 -819.315 0 
1 823.8 0.316333 0.022333 0.67259 -0.855504 -0.219255 -0.536582 -4.00376 -819.26 0 
3 823.978 0.316787 0.0224419 0.670179 -0.853794 -0.171702 -0.331326 -4.27322 -819.374 0 
1 823.874 0.315077 0.0223859 0.674994 -0.879599 -0.201549 -0.230778 -4.21342 -819.43 0 
5 825.086 0.312923 0.0225121 0.676747 -0.865281 -0.203666 -1.7332 -4.01733 -819.335 0 
1 825.012 0.325006 0.0223715 0.663724 -0.836925 -0.202223 -0.403176 -4.80627 -819.802 0 
3 824.904 0.32109 0.02238 0.665168 -0.826317 -0.198801 -0.640601 -4.38721 -819.877 0 
2 823.757 0.313769 0.0223954 0.674189 -0.856046 -0.217656 -0.510603 -3.9711 -819.275 0 
2 824.79 0.322388 0.0223662 0.664627 -0.83897 -0.176794 -0.268079 -4.73116 -819.791 0 
1 824.359 0.323236 0.0222469 0.66588 -0.843212 -0.226244 -0.452688 -4.45384 -819.452 0 
10 824.534 0.322787 0.0222375 0.665654 -0.842498 -0.214427 -0.581084 -4.44603 -819.507 0 
6 824.594 0.321099 0.0223816 0.666088 -0.833975 -0.203068 -0.613606 -4.31672 -819.663 0 
8 824.57 0.311514 0.0222749 0.678782 -0.890208 -0.225447 -0.340711 -4.31378 -819.915 0 
3 823.72 0.316049 0.0222547 0.673878 -0.863314 -0.248423 -0.318754 -4.10071 -819.3 0 
5 825.533 0.313014 0.0222783 0.68018 -0.883172 -0.292996 -0.769522 -4.74842 -820.015 0 
3 825.344 0.31397 0.0222904 0.679153 -0.881959 -0.282587 -0.874203 -4.62426 -819.845 0 
2 823.972 0.316436 0.0222743 0.674959 -0.869444 -0.257125 -0.344247 -4.25716 -819.371 0 
8 824.041 0.317978 0.0222866 0.673389 -0.84077 -0.302052 -0.860301 -3.98635 -819.194 0 
2 824.382 0.323276 0.0222378 0.669033 -0.844289 -0.292336 -0.726292 -4.4445 -819.211 0 
1 823.954 0.321556 0.0222576 0.670536 -0.835997 -0.315237 -0.601775 -4.15527 -819.197 0 
11 823.289 0.318501 0.0222887 0.671299 -0.836971 -0.276906 -0.154228 -3.8963 -819.238 0 
2 824.782 0.327902 0.0222695 0.662451 -0.795336 -0.322238 -0.494652 -4.012 -820.275 0 
3 823.89 0.321241 0.0223591 0.670053 -0.827684 -0.295757 -0.656551 -3.91438 -819.319 0 
1 825.947 0.313414 0.0223172 0.679774 -0.877038 -0.287312 -1.66872 -4.49627 -819.782 0 
7 824.978 0.317316 0.022533 0.673867 -0.851901 -0.240223 -1.75231 -3.98728 -819.239 0 
4 824.158 0.317667 0.0225288 0.670623 -0.824192 -0.24321 -0.739236 -3.93278 -819.486 0 
1 824.724 0.313554 0.022453 0.677562 -0.855632 -0.263134 -1.40407 -4.00609 -819.313 0 
1 823.953 0.315132 0.0222437 0.675257 -0.862852 -0.260864 -0.522668 -4.09053 -819.34 0 
4 824.754 0.306931 0.0224277 0.67926 -0.850542 -0.225222 -0.840005 -4.54104 -819.373 0 
3 826.088 0.305647 0.0224206 0.680386 -0.845178 -0.250177 -1.84254 -4.83649 -819.409 0 
1 826.169 0.30709 0.0224615 0.679734 -0.847751 -0.2494 -2.23596 -4.54199 -819.391 0 
1 825.14 0.310214 0.0223504 0.675145 -0.836695 -0.233262 -1.5806 -4.29348 -819.266 0 
1 826.81 0.311158 0.0223067 0.674149 -0.841356 -0.231976 -3.43196 -4.11628 -819.262 0 
2 824.341 0.319187 0.0221793 0.671105 -0.861935 -0.246472 -0.817889 -4.28363 -819.239 0 
3 825.121 0.318296 0.0222321 0.671114 -0.848754 -0.242869 -1.88211 -3.99461 -819.245 0 
2 826.423 0.317995 0.0221134 0.669596 -0.849789 -0.228013 -3.13674 -4.01994 -819.266 0 
4 828.035 0.314023 0.0220853 0.672291 -0.850171 -0.231039 -4.8292 -3.95021 -819.256 0 
1 827.256 0.310142 0.0222365 0.674188 -0.850792 -0.193558 -3.7037 -4.25664 -819.296 0 
3 825.741 0.31447 0.0223542 0.670473 -0.841121 -0.17877 -2.01024 -4.30585 -819.425 0 
1 827.457 0.308289 0.0224226 0.675401 -0.848818 -0.163222 -3.40758 -4.72286 -819.326 0 
1 825.286 0.311673 0.0223573 0.673163 -0.846062 -0.187379 -1.72154 -4.25343 -819.311 0 
1 824.108 0.312299 0.0225068 0.676128 -0.851924 -0.216163 -0.798067 -4.03374 -819.276 0 
7 824.331 0.314541 0.0225018 0.673253 -0.835918 -0.223008 -0.963446 -4.04052 -819.327 0 
1 824.096 0.313067 0.0224467 0.676155 -0.841999 -0.256634 -0.867153 -3.98757 -819.242 0 
1 824.084 0.310385 0.0224996 0.677917 -0.835313 -0.264904 -0.552469 -4.27854 -819.253 0 
1 824.763 0.312414 0.022406 0.673201 -0.810886 -0.266929 -0.937798 -4.39261 -819.432 0 
1 824.607 0.320835 0.0223344 0.671077 -0.833478 -0.299904 -1.392 -3.97568 -819.239 0 
1 823.458 0.318725 0.0222679 0.670887 -0.818135 -0.314807 -0.345903 -3.79624 -819.315 0 
6 823.465 0.322275 0.022312 0.667884 -0.813703 -0.309026 -0.121204 -3.81973 -819.524 0 
2 823.746 0.323604 0.0222789 0.666863 -0.813118 -0.308502 -0.267826 -3.88089 -819.597 0 
3 825.853 0.318236 0.0222666 0.670561 -0.822392 -0.311054 -2.7413 -3.84215 -819.27 0 
1 825.233 0.312236 0.0222335 0.676567 -0.842156 -0.30857 -1.71244 -4.21363 -819.307 0 
8 825.769 0.317265 0.0220799 0.671794 -0.824474 -0.331051 -2.63725 -3.92489 -819.206 0 
6 825.657 0.317552 0.0220835 0.671682 -0.824199 -0.332674 -2.52827 -3.92253 -819.207 0 
14 825.297 0.317913 0.0221023 0.670841 -0.827133 -0.315481 -2.19239 -3.88519 -819.219 0 
4 824.374 0.312215 0.0222145 0.676331 -0.837498 -0.305637 -0.939167 -4.17031 -819.265 0 
5 824.273 0.313511 0.0222376 0.67513 -0.823296 -0.3323 -0.895895 -4.15954 -819.217 0 
2 824.37 0.315377 0.0221969 0.675279 -0.822353 -0.36418 -0.972635 -4.1932 -819.204 0 
3 825.749 0.316318 0.022145 0.671 -0.811131 -0.326442 -2.53494 -3.8994 -819.315 0 
2 825.754 0.31085 0.0222793 0.675011 -0.822758 -0.284453 -2.15663 -4.34511 -819.252 0 
2 824.82 0.308841 0.0223505 0.67803 -0.85623 -0.233487 -1.19321 -4.2283 -819.399 0 
1 825.336 0.309142 0.0223648 0.676403 -0.8462 -0.223697 -1.75092 -4.29337 -819.292 0 
1 823.714 0.312814 0.0223334 0.674572 -0.852476 -0.222226 -0.452225 -3.98955 -819.272 0 
1 823.756 0.314281 0.022341 0.67569 -0.863554 -0.237046 -0.416446 -4.0101 -819.33 0 
2 824.094 0.309178 0.0224481 0.680482 -0.878787 -0.216985 -0.206446 -4.15915 -819.729 0 
2 823.939 0.31083 0.0224638 0.676835 -0.856607 -0.207277 -0.524435 -4.10106 -819.313 0 
1 825.318 0.309065 0.0223642 0.677609 -0.867932 -0.184157 -1.69744 -4.19132 -819.43 0 
4 825.662 0.313554 0.0224872 0.672559 -0.845581 -0.174047 -1.96496 -4.32317 -819.374 0 
1 825.368 0.308531 0.0225858 0.679649 -0.881191 -0.157815 -1.58985 -4.19701 -819.581 0 
1 827.151 0.31701 0.0226586 0.669256 -0.826177 -0.17437 -2.70051 -4.61844 -819.832 0 
3 828.559 0.31828 0.0227586 0.670439 -0.84276 -0.168884 -4.52711 -4.45982 -819.572 0 
2 827.354 0.317029 0.0225934 0.666363 -0.8267 -0.1384 -2.09145 -5.15671 -820.105 0 
3 824.397 0.315808 0.0224724 0.672324 -0.875852 -0.142446 -0.593269 -4.44394 -819.36 0 
3 826.349 0.315223 0.0226673 0.672935 -0.869571 -0.133222 -2.47848 -4.49752 -819.373 0 
3 826.153 0.308877 0.0225783 0.680771 -0.905868 -0.13233 -1.89748 -4.23352 -820.022 0 
1 825.528 0.314448 0.022592 0.674128 -0.876297 -0.139897 -1.78873 -4.36956 -819.37 0 
1 829.307 0.305424 0.0227007 0.686227 -0.908636 -0.173586 -4.27998 -4.34412 -820.683 0 
1 833.201 0.306909 0.0227309 0.685519 -0.890509 -0.199522 -8.83055 -4.27048 -820.1 0 
2 830.627 0.317733 0.0227569 0.672269 -0.851188 -0.170059 -6.82122 -4.37825 -819.427 0 
1 830.133 0.313816 0.0227745 0.675539 -0.863153 -0.154654 -6.50043 -4.29632 -819.337 0 
3 828.398 0.318564 0.0226241 0.672355 -0.881275 -0.140283 -4.2348 -4.79473 -819.368 0 
3 825.679 0.31786 0.0226039 0.66908 -0.86051 -0.125869 -1.32436 -4.84249 -819.512 0 
11 824.472 0.311746 0.0224855 0.677939 -0.897526 -0.154801 -0.482469 -4.24266 -819.747 0 
2 824.941 0.315502 0.0224991 0.674591 -0.89667 -0.142171 -0.809961 -4.59127 -819.539 0 
2 824.741 0.314376 0.0223375 0.673476 -0.894104 -0.139631 -0.750646 -4.45681 -819.533 0 
6 825.538 0.308814 0.0223463 0.68087 -0.931082 -0.126313 -0.126483 -4.54325 -820.869 0 
1 827.576 0.301518 0.0223962 0.689003 -0.947416 -0.134331 -0.125814 -4.68749 -822.763 0 
2 828.216 0.301153 0.0223524 0.688597 -0.964893 -0.0935324 -0.104931 -4.71217 -823.398 0 
8 825.598 0.307702 0.0223704 0.678437 -0.917188 -0.0846669 -1.01653 -4.40571 -820.176 0 
2 827.887 0.303192 0.0223059 0.683787 -0.939127 -0.0967019 -1.88272 -4.41162 -821.592 0 
2 828.278 0.307576 0.0223199 0.67526 -0.890347 -0.089038 -4.12853 -4.5532 -819.596 0 
3 826.774 0.31195 0.0224464 0.671629 -0.888998 -0.0601614 -2.20004 -5.0752 -819.499 0 
2 825.83 0.309682 0.0224564 0.674724 -0.894102 -0.0806167 -1.64739 -4.60681 -819.575 0 
1 826.646 0.313537 0.02225 0.672018 -0.903888 -0.0896001 -2.25712 -4.77283 -819.616 0 
1 826.878 0.317048 0.0223895 0.666867 -0.870202 -0.0892205 -2.089 -5.24467 -819.544 0 
1 827.692 0.315051 0.0224047 0.667849 -0.856107 -0.101381 -2.98096 -5.11107 -819.6 0 
1 828.058 0.321674 0.0224247 0.661982 -0.845434 -0.102193 -2.01417 -5.86978 -820.174 0 
2 827.073 0.315265 0.022575 0.668205 -0.851143 -0.0996386 -2.11409 -5.25789 -819.701 0 
1 827.322 0.311283 0.0225756 0.675089 -0.87694 -0.111024 -3.35594 -4.55464 -819.411 0 
1 827.723 0.318142 0.0222351 0.666502 -0.856076 -0.135605 -3.41855 -4.77252 -819.532 0 
1 827.694 0.320821 0.0220888 0.666037 -0.867773 -0.163254 -3.51049 -4.81219 -819.371 0 
3 826.98 0.31877 0.0220902 0.66914 -0.884729 -0.167369 -2.86542 -4.75198 -819.363 0 
2 827.037 0.318106 0.0221051 0.670981 -0.897348 -0.172097 -2.56765 -4.94758 -819.522 0 
1 826.623 0.311683 0.0221618 0.677719 -0.928951 -0.132842 -1.28802 -4.77254 -820.563 0 
1 825.255 0.312664 0.0222744 0.676717 -0.923068 -0.120134 -0.301653 -4.75025 -820.203 0 
1 826.901 0.304194 0.0222965 0.684283 -0.944624 -0.104186 -0.579528 -4.48684 -821.835 0 
1 828.404 0.307433 0.0221649 0.680589 -0.945769 -0.0995705 -2.28332 -4.67905 -821.442 0 
1 828.937 0.307471 0.0222166 0.679209 -0.933315 -0.0974866 -3.59521 -4.48386 -820.858 0 
5 828.305 0.310662 0.0221972 0.675336 -0.931955 -0.0666611 -3.1257 -4.84994 -820.329 0 
5 826.603 0.312808 0.0223415 0.671649 -0.900632 -0.0667396 -2.09341 -4.94002 -819.57 0 
1 826.735 0.317033 0.0222792 0.668933 -0.895934 -0.0923546 -2.0827 -5.17931 -819.473 0 
2 825.695 0.320603 0.0222695 0.668767 -0.9078 -0.106438 -0.255926 -5.92601 -819.513 0 
5 826.809 0.32849 0.0223514 0.661746 -0.871273 -0.134773 -0.232253 -6.87077 -819.706 0 
1 827.003 0.3218 0.0224616 0.670115 -0.895647 -0.13701 -1.9473 -5.6515 -819.404 0 
1 825.615 0.318861 0.0225471 0.670583 -0.868466 -0.165727 -1.73727 -4.54265 -819.336 0 
1 826.039 0.310602 0.0226464 0.677619 -0.890561 -0.128338 -2.19945 -4.25765 -819.582 0 
1 825.348 0.316374 0.0225571 0.672849 -0.881318 -0.146669 -1.47824 -4.49657 -819.373 0 
4 823.949 0.314248 0.0224475 0.673575 -0.880928 -0.146184 -0.238531 -4.31239 -819.398 0 
1 825.154 0.318737 0.0224733 0.668058 -0.859027 -0.145711 -1.01584 -4.67108 -819.467 0 
2 824.362 0.31831 0.0224702 0.670007 -0.873674 -0.139911 -0.2703 -4.71766 -819.374 0 
4 824.589 0.312722 0.0224989 0.676769 -0.887516 -0.159805 -0.861089 -4.19609 -819.532 0 
8 824.697 0.312977 0.0224469 0.67452 -0.866519 -0.186321 -1.31487 -4.05038 -819.331 0 
2 824.308 0.315404 0.0223667 0.675589 -0.893753 -0.187743 -0.223474 -4.47481 -819.61 0 
3 824.648 0.313037 0.0224359 0.677408 -0.904906 -0.156571 -0.352733 -4.43791 -819.857 0 
1 824.91 0.313104 0.0223854 0.677305 -0.908097 -0.161146 -0.430821 -4.52264 -819.957 0 
5 824.834 0.309838 0.0223911 0.678415 -0.904744 -0.144037 -0.599478 -4.24631 -819.989 0 
1 827.884 0.301005 0.0224343 0.688081 -0.925741 -0.161922 -1.27066 -4.70766 -821.906 0 
5 826.697 0.30239 0.0223726 0.683328 -0.902428 -0.140337 -1.73776 -4.50455 -820.455 0 
2 825.156 0.312033 0.0223815 0.672875 -0.867367 -0.142366 -1.49797 -4.30403 -819.354 0 
2 824.162 0.315338 0.0223909 0.671385 -0.872312 -0.142509 -0.405081 -4.40171 -819.355 0 
2 824.292 0.314705 0.0224262 0.671832 -0.876391 -0.128937 -0.438372 -4.47496 -819.378 0 
1 826.074 0.308261 0.0226425 0.677213 -0.882241 -0.107705 -2.09625 -4.47781 -819.5 0 
7 826.564 0.307566 0.0226282 0.67717 -0.874566 -0.107649 -2.43476 -4.6897 -819.44 0 
1 827.299 0.303525 0.0226943 0.682738 -0.901532 -0.100454 -2.72195 -4.50053 -820.077 0 
3 826.125 0.31445 0.0225798 0.675657 -0.887638 -0.146496 -2.30902 -4.35754 -819.458 0 
2 825.132 0.312164 0.0225543 0.676388 -0.875243 -0.159625 -1.5751 -4.16077 -819.396 0 
1 824.86 0.314582 0.0225491 0.671412 -0.852587 -0.149877 -1.00702 -4.43897 -819.414 0 
1 825.123 0.315771 0.0223939 0.67218 -0.87517 -0.147206 -1.36548 -4.40355 -819.354 0 
2 826.319 0.307503 0.022566 0.680943 -0.894016 -0.14007 -2.25801 -4.22952 -819.832 0 
1 826.242 0.307283 0.0224392 0.683006 -0.906072 -0.172012 -1.59182 -4.25097 -820.4 0 
1 824.455 0.317128 0.0224111 0.67256 -0.860156 -0.20456 -1.06981 -4.1104 -819.275 0 
6 825.334 0.314889 0.0225469 0.674888 -0.881536 -0.156121 -1.63414 -4.30372 -819.396 0 
1 824.353 0.318545 0.0225025 0.669479 -0.857164 -0.162402 -0.456744 -4.48235 -819.414 0 
1 825.153 0.315815 0.022587 0.673849 -0.867347 -0.179849 -1.66861 -4.17637 -819.308 0 
4 825.056 0.313054 0.0224907 0.677957 -0.881914 -0.201687 -1.39428 -4.12141 -819.54 0 
2 825.155 0.317223 0.0223362 0.674508 -0.880614 -0.215513 -1.35792 -4.39467 -819.403 0 
4 827.227 0.312666 0.0223214 0.678954 -0.895187 -0.206184 -3.06661 -4.2919 -819.869 0 
3 826.072 0.316322 0.0222565 0.675433 -0.886432 -0.219695 -2.09916 -4.43724 -819.535 0 
2 824.842 0.31393 0.0223132 0.676876 -0.8921 -0.196913 -0.855443 -4.30662 -819.68 0 
1 824.799 0.314367 0.0224955 0.673775 -0.855435 -0.207252 -1.53237 -3.99169 -819.275 0 
3 823.437 0.312107 0.0223622 0.676495 -0.855049 -0.245286 -0.105749 -4.01525 -819.316 0 
3 823.253 0.314306 0.0224102 0.674597 -0.832639 -0.275036 -0.081759 -3.93635 -819.235 0 
9 823.249 0.314244 0.0223697 0.674545 -0.835061 -0.273597 -0.0831505 -3.93544 -819.23 0 
10 823.835 0.319465 0.0223388 0.671096 -0.85508 -0.245785 -0.412378 -4.19258 -819.23 0 
3 824.451 0.324039 0.0223623 0.664423 -0.825118 -0.228956 -0.239371 -4.35795 -819.854 0 
1 829.13 0.326657 0.0225804 0.660133 -0.79904 -0.207456 -2.8894 -4.9715 -821.269 0 
1 827.76 0.321594 0.0225628 0.662443 -0.801105 -0.178145 -1.55836 -5.16348 -821.038 0 
1 826.75 0.315365 0.0225778 0.668704 -0.807418 -0.207444 -2.12561 -4.61927 -820.005 0 
6 824.765 0.314765 0.0225666 0.674427 -0.851473 -0.218903 -1.53978 -3.96245 -819.263 0 
4 824.801 0.316234 0.0225932 0.671908 -0.842678 -0.197225 -1.31003 -4.11171 -819.38 0 
1 825.243 0.323916 0.0225125 0.666593 -0.827466 -0.23869 -1.23756 -4.28622 -819.719 0 
14 824.628 0.319124 0.0225517 0.669495 -0.838047 -0.204648 -0.962547 -4.16999 -819.496 0 
1 824.919 0.314303 0.022573 0.672764 -0.83732 -0.209518 -1.48992 -4.07764 -819.351 0 
1 823.95 0.318439 0.0223684 0.668461 -0.829975 -0.221937 -0.392746 -4.03724 -819.52 0 
3 823.765 0.321429 0.0223006 0.668308 -0.844862 -0.233789 -0.197148 -4.22217 -819.345 0 
2 824.441 0.324977 0.0223738 0.664674 -0.834301 -0.219504 -0.0788703 -4.61934 -819.742 0 
1 824.114 0.322616 0.022358 0.66522 -0.811213 -0.252981 -0.104867 -4.03265 -819.977 0 
2 824.651 0.32011 0.0223292 0.667283 -0.823607 -0.247256 -1.1382 -3.94121 -819.571 0 
4 824.641 0.312412 0.0223368 0.678156 -0.865769 -0.254169 -1.09697 -4.08358 -819.46 0 
2 824.446 0.325912 0.0222365 0.663877 -0.818528 -0.276223 -0.413252 -4.24012 -819.792 0 
1 825.114 0.317063 0.0222964 0.672329 -0.836717 -0.2648 -1.99824 -3.86541 -819.251 0 
1 825.704 0.315296 0.0225031 0.671771 -0.804151 -0.267742 -1.81243 -4.22569 -819.665 0 
7 826.284 0.315006 0.0222897 0.67154 -0.834625 -0.224461 -2.90167 -4.03906 -819.344 0 
1 826.69 0.317957 0.0222602 0.668337 -0.836804 -0.200754 -3.01923 -4.17713 -819.494 0 
1 827.471 0.318864 0.0222407 0.668557 -0.84166 -0.206029 -3.88996 -4.15451 -819.427 0 
1 826.567 0.315896 0.0222774 0.668927 -0.842094 -0.176485 -2.79781 -4.30713 -819.462 0 
5 827.162 0.319054 0.0222698 0.666658 -0.839299 -0.17602 -3.07466 -4.46005 -819.627 0 
1 827.103 0.325862 0.0222599 0.660053 -0.809183 -0.214975 -1.75033 -4.70231 -820.651 0 
3 824.295 0.311469 0.0223526 0.67475 -0.858833 -0.190535 -0.888341 -4.09605 -819.31 0 
5 823.776 0.315929 0.0223634 0.671397 -0.852395 -0.194442 -0.384375 -4.08464 -819.307 0 
1 824.069 0.307978 0.0223999 0.680287 -0.876108 -0.210038 -0.16005 -4.20631 -819.703 0 
2 823.761 0.309619 0.0224008 0.678313 -0.846398 -0.257048 -0.186914 -4.25406 -819.32 0 
6 824.774 0.305974 0.0223698 0.681953 -0.853074 -0.266358 -0.442855 -4.75138 -819.579 0 
1 825.644 0.316382 0.0221471 0.671409 -0.841718 -0.255532 -2.51574 -3.88966 -819.239 0 
3 825.927 0.321229 0.0220744 0.668005 -0.852165 -0.249079 -2.37841 -4.30754 -819.241 0 
1 824.706 0.315768 0.0221731 0.673104 -0.870767 -0.220205 -1.23119 -4.13479 -819.34 0 
4 824.005 0.309133 0.0223788 0.679065 -0.875879 -0.201444 -0.277235 -4.12471 -819.603 0 
3 824.452 0.307484 0.022426 0.679411 -0.868205 -0.193662 -0.653882 -4.28662 -819.512 0 
4 824.809 0.308761 0.0223264 0.677893 -0.877442 -0.184106 -1.0883 -4.13301 -819.588 0 
1 825.629 0.305956 0.0224025 0.679759 -0.876022 -0.163546 -1.59986 -4.41474 -819.614 0 
5 825.074 0.319766 0.0222539 0.666769 -0.845812 -0.189387 -1.26867 -4.33356 -819.472 0 
1 825.046 0.320435 0.0223857 0.665319 -0.816928 -0.210748 -0.735289 -4.30234 -820.009 0 
2 824.264 0.32142 0.0223576 0.666448 -0.820611 -0.247783 -0.573018 -3.99659 -819.694 0 
1 824.95 0.320941 0.0224225 0.665188 -0.810985 -0.223121 -0.585291 -4.24173 -820.123 0 
3 825.417 0.311171 0.022634 0.677373 -0.851678 -0.215723 -2.04763 -4.08285 -819.287 0 
2 824.658 0.313591 0.0225739 0.675539 -0.854024 -0.216668 -1.41075 -3.97592 -819.271 0 
2 824.5 0.320922 0.0224416 0.666785 -0.83304 -0.20766 -0.591859 -4.26216 -819.646 0 
2 824.73 0.312201 0.0225817 0.676136 -0.838314 -0.233756 -1.36048 -4.10517 -819.265 0 
1 825.333 0.319005 0.022588 0.668485 -0.800452 -0.256279 -1.19628 -4.08355 -820.053 0 
1 825.629 0.324177 0.0223182 0.66215 -0.800439 -0.239451 -0.721718 -4.30863 -820.598 0 
1 827.92 0.32768 0.0221626 0.659541 -0.80226 -0.244628 -2.58164 -4.56586 -820.773 0 
7 828.989 0.324701 0.0222399 0.661196 -0.788104 -0.252562 -3.60784 -4.34451 -821.037 0 
4 830.795 0.320369 0.0221639 0.668243 -0.827261 -0.256691 -7.40576 -3.92591 -819.464 0 
4 832.026 0.316487 0.022215 0.671866 -0.836366 -0.246136 -8.81805 -3.91817 -819.29 0 
2 828.66 0.325822 0.0222491 0.661331 -0.789929 -0.262596 -3.46359 -4.25632 -820.94 0 
1 830.195 0.317797 0.0224118 0.667565 -0.794798 -0.242417 -5.40804 -4.50237 -820.284 0 
5 827.964 0.314695 0.0224423 0.67209 -0.81486 -0.244655 -4.17015 -4.25299 -819.541 0 
3 826.124 0.315088 0.0224905 0.670859 -0.80419 -0.248771 -1.96403 -4.38548 -819.775 0 
2 825.911 0.305526 0.0224786 0.680659 -0.839998 -0.239182 -1.54381 -5.03138 -819.335 0 
1 824.237 0.310797 0.022495 0.676537 -0.816237 -0.287473 -0.472923 -4.48232 -819.282 0 
4 823.373 0.313874 0.0224074 0.676208 -0.837043 -0.296072 -0.140314 -4.00644 -819.226 0 
2 825.127 0.305453 0.0224885 0.683364 -0.851465 -0.269983 -0.651935 -4.88385 -819.591 0 
3 827.008 0.30798 0.0225088 0.68128 -0.842994 -0.268915 -3.08649 -4.56644 -819.355 0 
4 823.981 0.317716 0.0224473 0.671652 -0.812653 -0.294706 -0.712875 -3.82145 -819.447 0 
2 824.727 0.324337 0.0222242 0.664731 -0.818151 -0.266952 -0.853419 -4.0941 -819.779 0 
3 825.283 0.326764 0.0223687 0.661849 -0.798331 -0.259233 -0.279107 -4.30775 -820.696 0 
2 825.324 0.329437 0.0223383 0.660834 -0.793797 -0.299519 -0.374375 -4.26242 -820.687 0 
3 825.197 0.325843 0.0222632 0.664046 -0.822739 -0.272844 -1.16784 -4.32369 -819.705 0 
7 825.813 0.314962 0.0223599 0.677815 -0.882199 -0.246763 -1.83266 -4.36505 -819.616 0 
2 824.409 0.312828 0.0224841 0.677471 -0.854655 -0.24854 -1.118 -3.99031 -819.301 0 
2 824.682 0.309234 0.0224749 0.676979 -0.846445 -0.207331 -1.02459 -4.36848 -819.289 0 
2 824.343 0.307527 0.0223771 0.68042 -0.861301 -0.237223 -0.438245 -4.36551 -819.539 0 
3 824.403 0.306868 0.0224235 0.680383 -0.854406 -0.239185 -0.434515 -4.50807 -819.46 0 
4 824.312 0.318118 0.0224006 0.672456 -0.842868 -0.256773 -1.14454 -3.92473 -819.243 0 
4 824.257 0.316053 0.0224935 0.674367 -0.831714 -0.280414 -1.15124 -3.8652 -819.24 0 
1 823.423 0.31967 0.0223271 0.670231 -0.837845 -0.268332 -0.197771 -3.95776 -819.268 0 
1 823.626 0.311936 0.0223127 0.677977 -0.855768 -0.278228 -0.0850602 -4.1384 -819.402 0 
5 823.432 0.31305 0.0223498 0.676937 -0.859486 -0.25821 -0.0318839 -4.04021 -819.36 0 
10 823.757 0.31875 0.0222589 0.670023 -0.847265 -0.24002 -0.469901 -4.0261 -819.261 0 
3 824.348 0.309014 0.0223746 0.678071 -0.848587 -0.24738 -0.724418 -4.28462 -819.338 0 
2 823.771 0.320236 0.0223602 0.669376 -0.822351 -0.275567 -0.476889 -3.84102 -819.453 0 
2 824.342 0.310326 0.0224506 0.67893 -0.85417 -0.247489 -0.842674 -4.13983 -819.36 0 
1 824.499 0.313058 0.0224326 0.677934 -0.854838 -0.269386 -1.13217 -4.03625 -819.331 0 
3 823.952 0.318573 0.0223985 0.6716 -0.843887 -0.260295 -0.74193 -3.97548 -819.235 0 
1 824.167 0.319335 0.0223488 0.672675 -0.860152 -0.258048 -0.655956 -4.28099 -819.23 0 
1 824.732 0.320712 0.022228 0.672115 -0.860065 -0.293667 -0.884723 -4.62391 -819.224 0 
1 824.763 0.317003 0.022152 0.674386 -0.864202 -0.286636 -1.06058 -4.35015 -819.352 0 
1 823.882 0.314732 0.0222845 0.676373 -0.862943 -0.273215 -0.353925 -4.14507 -819.383 0 
5 823.881 0.316267 0.022292 0.674935 -0.870564 -0.248099 -0.28204 -4.22864 -819.371 0 
1 823.86 0.31798 0.0223964 0.670023 -0.836389 -0.234017 -0.558075 -3.94484 -819.358 0 
3 823.932 0.317877 0.0223325 0.670089 -0.835774 -0.245953 -0.709387 -3.90215 -819.321 0 
3 824.315 0.320102 0.0222152 0.66788 -0.829364 -0.255843 -0.967753 -3.9226 -819.424 0 
5 823.302 0.316917 0.0223118 0.672125 -0.848189 -0.242728 -0.117712 -3.94369 -819.241 0 
6 823.656 0.312922 0.0223842 0.675941 -0.857971 -0.227529 -0.373363 -3.98149 -819.301 0 
1 823.693 0.31463 0.0224923 0.674047 -0.856167 -0.205266 -0.411025 -4.00612 -819.276 0 
2 823.941 0.313873 0.0223609 0.674349 -0.850238 -0.226763 -0.71952 -3.96285 -819.259 0 
8 824.67 0.308468 0.0222874 0.678917 -0.856593 -0.247844 -0.908369 -4.30432 -819.457 0 
1 826.343 0.305759 0.0222 0.68304 -0.887635 -0.238186 -1.40306 -4.55812 -820.382 0 
1 824.136 0.321302 0.0221954 0.669442 -0.849436 -0.266994 -0.644504 -4.27284 -819.219 0 
1 826.874 0.324429 0.0223383 0.667737 -0.840124 -0.256979 -3.05998 -4.41788 -819.396 0 
2 825.547 0.314558 0.0222715 0.674721 -0.847866 -0.258001 -2.37654 -3.92973 -819.241 0 
2 824.635 0.311584 0.0222952 0.677227 -0.847885 -0.268003 -1.24151 -4.09229 -819.302 0 
1 824.52 0.312601 0.0222505 0.674882 -0.840053 -0.262607 -1.2568 -4.02136 -819.242 0 
5 826.336 0.317163 0.022352 0.667582 -0.794248 -0.27208 -2.19682 -4.13335 -820.006 0 
1 826.229 0.31023 0.0225298 0.676413 -0.806489 -0.282459 -1.98195 -4.86234 -819.385 0 
1 828.963 0.299152 0.022586 0.691503 -0.869243 -0.286548 -1.94354 -6.2546 -820.765 0 
1 828.722 0.297827 0.0223907 0.690912 -0.855077 -0.317859 -0.88848 -7.19176 -820.641 0 
3 828.236 0.298472 0.0224632 0.68964 -0.839512 -0.325692 -0.747839 -7.38584 -820.102 0 
1 828.214 0.303443 0.0223823 0.68238 -0.816619 -0.307513 -2.59452 -6.28541 -819.334 0 
1 828.351 0.308686 0.0225042 0.674605 -0.77633 -0.307077 -2.39337 -6.13577 -819.822 0 
3 828.56 0.310019 0.0222789 0.674267 -0.782133 -0.347419 -3.64194 -5.38374 -819.534 0 
1 827.595 0.307237 0.0222948 0.678625 -0.799521 -0.358884 -2.60782 -5.69418 -819.293 0 
7 826.929 0.316872 0.022195 0.669131 -0.765572 -0.385903 -2.57558 -4.3105 -820.043 0 
8 825.306 0.309212 0.022336 0.679275 -0.796261 -0.389074 -0.588023 -5.42881 -819.289 0 
4 825.737 0.30875 0.0222643 0.68044 -0.795616 -0.425642 -0.596145 -5.81481 -819.326 0 
9 824.781 0.316232 0.022188 0.673955 -0.777432 -0.457802 -0.742208 -4.64036 -819.399 0 
10 826.183 0.313142 0.0221151 0.676173 -0.792534 -0.440816 -1.89964 -5.00742 -819.276 0 
1 824.546 0.314727 0.0223477 0.676372 -0.789582 -0.440484 -0.520507 -4.73958 -819.286 0 
15 824.877 0.310295 0.0222977 0.679732 -0.797394 -0.427811 -0.135792 -5.43979 -819.302 0 
1 830.177 0.314721 0.0221166 0.678626 -0.817591 -0.446441 -5.81411 -5.02612 -819.337 0 
4 828.619 0.310521 0.0221721 0.681225 -0.832452 -0.392274 -4.05232 -5.03775 -819.529 0 
7 826.84 0.309762 0.0221919 0.676825 -0.797833 -0.371975 -2.39207 -5.16201 -819.286 0 
1 824.671 0.310787 0.0222484 0.678844 -0.818805 -0.371456 -0.615687 -4.76887 -819.287 0 
3 827.8 0.300207 0.0223162 0.68872 -0.847365 -0.350086 -0.522949 -6.86021 -820.416 0 
1 827.756 0.301626 0.0222859 0.68692 -0.826544 -0.383027 -0.764514 -7.07375 -819.918 0 
1 826.61 0.304812 0.0222143 0.685109 -0.850922 -0.351896 -0.812483 -5.66961 -820.128 0 
2 829.502 0.308463 0.0223998 0.676565 -0.793776 -0.337464 -4.72866 -5.41507 -819.358 0 
2 826.059 0.314554 0.0223615 0.670967 -0.766275 -0.361027 -1.21838 -4.77409 -820.067 0 
3 826.624 0.317893 0.0223921 0.668418 -0.733131 -0.424497 -0.703875 -4.83452 -821.085 0 
1 825.4 0.313401 0.022302 0.673809 -0.770898 -0.398162 -0.807262 -4.93472 -819.658 0 
1 824.735 0.318804 0.022273 0.670267 -0.757875 -0.435941 -0.485406 -4.20241 -820.047 0 
4 826.601 0.314153 0.0224267 0.674088 -0.757245 -0.416607 -1.51334 -5.13834 -819.949 0 
1 827.284 0.314066 0.0225958 0.672764 -0.747156 -0.389632 -1.3065 -5.47562 -820.502 0 
2 826.407 0.312214 0.0225878 0.675018 -0.768139 -0.364857 -1.24296 -5.30457 -819.86 0 
1 826.012 0.322107 0.0225228 0.665942 -0.748793 -0.367842 -0.676752 -4.00062 -821.335 0 
2 824.163 0.318894 0.0223537 0.671414 -0.779285 -0.398841 -0.552414 -3.93795 -819.673 0 
7 825.017 0.32428 0.0224088 0.667413 -0.771252 -0.413416 -1.26537 -3.65416 -820.097 0 
3 825.175 0.316559 0.0224513 0.676092 -0.81221 -0.380307 -1.82968 -4.13602 -819.209 0 
4 827.906 0.317941 0.0223832 0.676588 -0.82605 -0.386846 -4.4044 -4.31281 -819.188 0 
1 826.635 0.319161 0.0224424 0.670795 -0.776289 -0.404791 -2.97424 -3.93402 -819.727 0 
1 827.101 0.320998 0.0221348 0.669455 -0.800901 -0.403699 -3.72715 -4.06443 -819.31 0 
2 825.811 0.314887 0.0224105 0.675073 -0.815468 -0.351323 -2.46932 -4.12247 -819.22 0 
11 826.354 0.319624 0.0224609 0.673551 -0.822294 -0.362293 -3.06632 -4.10215 -819.185 0 
1 826.936 0.3255 0.0223699 0.66584 -0.810038 -0.325628 -3.2417 -4.0385 -819.655 0 
1 826.303 0.323724 0.0223461 0.669621 -0.825037 -0.352684 -2.74112 -4.33913 -819.223 0 
1 829.135 0.330586 0.0220813 0.663474 -0.82796 -0.361301 -4.17519 -5.63734 -819.322 0 
4 828.223 0.327861 0.0222392 0.665819 -0.81936 -0.366679 -4.06508 -4.80966 -819.349 0 
1 829.167 0.327556 0.0222733 0.66551 -0.828452 -0.33022 -4.94872 -4.86765 -819.351 0 
2 830.101 0.314248 0.0223601 0.681994 -0.893529 -0.310016 -4.41546 -5.31383 -820.372 0 
1 829.82 0.305017 0.0225952 0.688808 -0.874903 -0.321023 -3.73106 -5.38567 -820.703 0 
2 825.3 0.312865 0.0225004 0.679339 -0.840466 -0.324227 -1.75631 -4.23795 -819.306 0 
1 825.136 0.321586 0.0224865 0.669129 -0.791455 -0.336489 -1.57795 -3.6885 -819.87 0 
1 825.196 0.321984 0.0224402 0.668395 -0.795497 -0.321775 -1.60594 -3.70963 -819.88 0 
3 823.83 0.320454 0.0224537 0.668193 -0.805572 -0.281774 -0.211609 -3.82259 -819.796 0 
1 824.11 0.325601 0.0223102 0.665566 -0.816198 -0.301494 -0.333321 -4.11269 -819.664 0 
2 824.845 0.326727 0.022274 0.664346 -0.788612 -0.366086 -0.990037 -3.80616 -820.049 0 
2 825.21 0.316255 0.0222703 0.671636 -0.800646 -0.348249 -1.84986 -3.97413 -819.386 0 
1 826.358 0.319603 0.022391 0.668652 -0.789389 -0.342378 -2.83047 -3.74598 -819.781 0 
3 826.26 0.313349 0.0224072 0.674513 -0.812623 -0.322412 -2.83393 -4.15814 -819.268 0 
5 823.626 0.316819 0.0223581 0.672784 -0.810715 -0.339944 -0.430382 -3.90424 -819.291 0 
2 824.085 0.309777 0.022372 0.680182 -0.834586 -0.328423 -0.14406 -4.58564 -819.355 0 
1 825.369 0.307545 0.0223721 0.68341 -0.839306 -0.35107 -0.61898 -5.12579 -819.624 0 
4 824.842 0.307523 0.0224172 0.679939 -0.81497 -0.325915 -0.360107 -5.2076 -819.274 0 
3 825.009 0.312708 0.0222952 0.677873 -0.828907 -0.341401 -1.46033 -4.29705 -819.251 0 
1 824.837 0.31704 0.0224235 0.669863 -0.783594 -0.315173 -0.676837 -4.1604 -820 0 
1 826.265 0.32099 0.0223428 0.666266 -0.769394 -0.333644 -1.67689 -3.94501 -820.643 0 
2 825.495 0.317653 0.0223031 0.67214 -0.806026 -0.335646 -2.26928 -3.84087 -819.385 0 
3 825.235 0.319113 0.02239 0.672156 -0.810919 -0.334733 -2.09978 -3.7815 -819.353 0 
2 825.393 0.324509 0.0223625 0.662686 -0.761792 -0.333638 -0.250604 -3.82131 -821.321 0 
1 825.676 0.318201 0.0223132 0.667562 -0.772947 -0.334213 -1.29053 -4.10113 -820.285 0 
1 825.282 0.314313 0.022349 0.672156 -0.786022 -0.330635 -1.14342 -4.45058 -819.688 0 
1 825.266 0.324505 0.0222998 0.664575 -0.779109 -0.357068 -1.33533 -3.62622 -820.304 0 
2 824.987 0.325749 0.0223352 0.667612 -0.786923 -0.412636 -1.38981 -3.88212 -819.715 0 
2 824.191 0.32511 0.0222951 0.666913 -0.789933 -0.388965 -0.64383 -3.79704 -819.75 0 
1 825.896 0.32783 0.0222301 0.662278 -0.773897 -0.378755 -1.64362 -3.69005 -820.562 0 
4 823.454 0.31843 0.0223569 0.671678 -0.792073 -0.37405 -0.0798463 -3.87906 -819.496 0 
8 823.464 0.316888 0.0223569 0.672203 -0.793318 -0.360753 -0.00564328 -3.97959 -819.479 0 
1 824.8 0.310426 0.0224331 0.677904 -0.796237 -0.373291 -0.468735 -5.03642 -819.295 0 
3 824.508 0.320561 0.0223302 0.667826 -0.769996 -0.382016 -0.574536 -3.78492 -820.149 0 
1 824.357 0.318698 0.0224554 0.669548 -0.775552 -0.355434 -0.364965 -3.93988 -820.052 0 
5 827.535 0.314643 0.0226699 0.675944 -0.783827 -0.37361 -3.58217 -4.41791 -819.535 0 
2 827.252 0.316973 0.0226226 0.669048 -0.761961 -0.325061 -1.9103 -4.6187 -820.723 0 
3 826.629 0.320213 0.0225664 0.666158 -0.757664 -0.326409 -1.15291 -4.27686 -821.199 0 
1 825.512 0.309542 0.0225678 0.679008 -0.797284 -0.354187 -1.03892 -5.16615 -819.306 0 
1 825.692 0.311694 0.0225098 0.674368 -0.779611 -0.331931 -0.83209 -5.13464 -819.726 0 
5 825.252 0.308644 0.0224473 0.679072 -0.802322 -0.342112 -0.697994 -5.26891 -819.285 0 
2 825.322 0.321177 0.0224245 0.666822 -0.755211 -0.371937 -0.469864 -3.96535 -820.887 0 
1 827.807 0.306167 0.0224327 0.682157 -0.802667 -0.363518 -2.46027 -6.04045 -819.306 0 
2 828.581 0.306261 0.0223898 0.681758 -0.803641 -0.358853 -3.303 -5.97644 -819.302 0 
3 829.327 0.300466 0.0223735 0.687333 -0.812565 -0.377665 -1.85913 -7.81493 -819.653 0 
2 830.142 0.300401 0.0225326 0.684811 -0.788393 -0.36722 -2.12467 -8.63176 -819.386 0 
1 829.267 0.311887 0.0224302 0.671687 -0.746466 -0.373567 -2.6224 -6.12448 -820.52 0 
2 828.963 0.317786 0.0223619 0.665836 -0.739126 -0.359285 -2.44259 -4.99117 -821.529 0 
3 824.869 0.319547 0.0224255 0.667686 -0.766979 -0.343903 -0.296931 -4.04536 -820.527 0 
1 825.022 0.316658 0.0224886 0.670735 -0.772845 -0.342919 -0.586484 -4.32201 -820.114 0 
2 826.13 0.307687 0.0225324 0.678302 -0.793327 -0.324344 -1.01783 -5.72913 -819.383 0 
3 827.095 0.319259 0.022415 0.665235 -0.758292 -0.316723 -1.44362 -4.45882 -821.193 0 
5 825.121 0.324676 0.0221491 0.664157 -0.795077 -0.329847 -1.37724 -3.7481 -819.996 0 
2 827.14 0.323519 0.0220435 0.667813 -0.820405 -0.345591 -3.78015 -4.06694 -819.293 0 
1 825.891 0.323158 0.0221134 0.664993 -0.790252 -0.339413 -2.24384 -3.66885 -819.978 0 
1 824.701 0.318708 0.0222499 0.668172 -0.797533 -0.30919 -1.15297 -3.81393 -819.734 0 
3 824.527 0.318495 0.0222014 0.66907 -0.821873 -0.27879 -1.32529 -3.81061 -819.391 0 
1 823.602 0.315056 0.0222593 0.675255 -0.855048 -0.277954 -0.250444 -4.05906 -819.293 0 
3 823.719 0.320689 0.0222811 0.669008 -0.832619 -0.277658 -0.451323 -3.957 -819.31 0 
2 824.235 0.319056 0.0221606 0.671036 -0.844209 -0.28759 -0.98666 -4.05015 -819.199 0 
2 825.226 0.325928 0.0222306 0.667383 -0.83472 -0.315563 -1.33793 -4.61126 -819.277 0 
1 825.651 0.326266 0.0223529 0.666266 -0.821885 -0.31579 -1.81343 -4.35018 -819.488 0 
3 824.364 0.313814 0.0223205 0.676665 -0.85495 -0.290523 -0.850258 -4.15753 -819.356 0 
1 824.097 0.316966 0.0222572 0.675003 -0.853452 -0.311322 -0.520466 -4.29202 -819.284 0 
8 825.403 0.326081 0.0221794 0.667118 -0.842518 -0.310532 -1.27547 -4.91052 -819.217 0 
5 824.812 0.322823 0.0223727 0.670027 -0.839386 -0.299631 -1.28966 -4.30098 -819.222 0 
1 825.673 0.327131 0.0221568 0.665196 -0.831442 -0.300305 -1.60246 -4.64563 -819.424 0 
7 825.386 0.327595 0.0223399 0.663614 -0.822841 -0.27382 -1.02064 -4.57352 -819.792 0 
5 826.595 0.324044 0.0225229 0.664159 -0.798908 -0.261921 -2.11736 -4.06009 -820.418 0 
3 824.123 0.324167 0.0222645 0.664856 -0.81604 -0.270198 -0.270548 -4.05025 -819.803 0 
4 823.934 0.32295 0.022345 0.666087 -0.817327 -0.260213 -0.149236 -4.01299 -819.772 0 
2 824.215 0.318798 0.0224638 0.670209 -0.814738 -0.271882 -0.804959 -3.84943 -819.561 0 
6 823.523 0.321425 0.022339 0.667655 -0.809057 -0.293048 -0.055914 -3.78471 -819.682 0 
3 824.959 0.320342 0.0222584 0.666368 -0.797176 -0.295203 -1.22836 -3.80019 -819.931 0 
11 823.599 0.311877 0.0224292 0.677428 -0.842034 -0.273624 -0.249128 -4.08739 -819.262 0 
1 824.566 0.312983 0.0224656 0.673571 -0.825104 -0.251454 -1.14046 -4.10682 -819.319 0 
2 825.059 0.309662 0.0224529 0.676186 -0.832873 -0.24246 -1.3997 -4.39446 -819.265 0 
1 823.885 0.31179 0.0222956 0.675953 -0.849455 -0.249494 -0.562174 -4.03784 -819.285 0 
4 824.466 0.314167 0.0223688 0.671466 -0.839142 -0.202512 -0.991893 -4.12098 -819.353 0 
4 823.43 0.315288 0.0223223 0.673678 -0.862243 -0.218836 -0.129117 -4.01641 -819.284 0 
1 823.721 0.310454 0.0224432 0.678604 -0.856829 -0.243124 -0.232171 -4.11182 -819.377 0 
3 824.224 0.308389 0.0225049 0.679069 -0.851687 -0.227783 -0.545581 -4.32871 -819.35 0 
4 824.41 0.322262 0.0224357 0.667052 -0.832454 -0.233741 -0.656113 -4.19042 -819.563 0 
1 824.306 0.317793 0.02236 0.673674 -0.882383 -0.207024 -0.399889 -4.51293 -819.393 0 
2 824.638 0.319833 0.0224256 0.670786 -0.8734 -0.189582 -0.719563 -4.62191 -819.297 0 
6 824.666 0.322323 0.0224211 0.666999 -0.865628 -0.157853 -0.148523 -5.07605 -819.441 0 
1 825.102 0.322574 0.0224698 0.667038 -0.862218 -0.15947 -0.560166 -5.0619 -819.48 0 
1 825.602 0.324723 0.0223892 0.666615 -0.874842 -0.168802 -0.586524 -5.6381 -819.377 0 
1 823.764 0.318492 0.0223874 0.671851 -0.865206 -0.20955 -0.228626 -4.26499 -819.27 0 
4 824.627 0.314071 0.0222982 0.677306 -0.896689 -0.206351 -0.347414 -4.45937 -819.82 0 
1 824.172 0.314247 0.0223831 0.674921 -0.882533 -0.185058 -0.504641 -4.20434 -819.463 0 
2 824.462 0.315424 0.0222109 0.674688 -0.885655 -0.210812 -0.574948 -4.35385 -819.533 0 
5 824.19 0.318839 0.0222787 0.671312 -0.870863 -0.205006 -0.513098 -4.39183 -819.285 0 
1 824.149 0.321701 0.0222592 0.667674 -0.858339 -0.205213 -0.266704 -4.56006 -819.323 0 
1 825.136 0.324461 0.0222179 0.665516 -0.856327 -0.215145 -0.824647 -4.94469 -819.366 0 
1 824.244 0.324159 0.0222938 0.665462 -0.84309 -0.219283 -0.10906 -4.61051 -819.525 0 
1 825.663 0.325295 0.022249 0.662054 -0.824572 -0.215184 -0.970364 -4.6348 -820.058 0 
1 825.414 0.317075 0.0222147 0.671665 -0.871297 -0.191972 -1.8619 -4.2457 -819.306 0 
6 826.65 0.321196 0.0221802 0.665792 -0.850906 -0.179253 -2.56915 -4.58642 -819.495 0 
1 827.964 0.305835 0.0222621 0.684847 -0.930258 -0.164134 -1.89991 -4.53264 -821.531 0 
2 826.905 0.304427 0.0222605 0.685601 -0.926044 -0.174864 -0.716093 -4.57484 -821.614 0 
4 827.026 0.305669 0.022273 0.683707 -0.921458 -0.156693 -1.5998 -4.37297 -821.053 0 
1 826.095 0.314657 0.0221716 0.675638 -0.910234 -0.166458 -1.44101 -4.71297 -819.941 0 
2 825.93 0.311801 0.0222551 0.675983 -0.895972 -0.146075 -2.00426 -4.24494 -819.681 0 
4 825.245 0.313928 0.0222058 0.67446 -0.902163 -0.149926 -1.04074 -4.48306 -819.721 0 
6 824.561 0.313883 0.0222735 0.675088 -0.903564 -0.147579 -0.314968 -4.5014 -819.745 0 
2 824.835 0.312819 0.0222609 0.673771 -0.870172 -0.178377 -1.39613 -4.08297 -819.355 0 
5 824.691 0.317062 0.0222889 0.669516 -0.859731 -0.174793 -1.10068 -4.2599 -819.33 0 
4 825.368 0.31316 0.0225101 0.672137 -0.844616 -0.177664 -1.75628 -4.2481 -819.364 0 
4 826.756 0.306289 0.0224544 0.677993 -0.863505 -0.167759 -2.82397 -4.50772 -819.425 0 
2 826.858 0.305552 0.0226359 0.678563 -0.847995 -0.166121 -2.45984 -5.0686 -819.33 0 
2 827.738 0.319522 0.0223808 0.664166 -0.823206 -0.157275 -2.53152 -4.9897 -820.216 0 
1 826.905 0.316676 0.022316 0.667498 -0.842331 -0.154078 -2.72144 -4.585 -819.598 0 
1 828.065 0.317535 0.0222305 0.66603 -0.837446 -0.166246 -3.91438 -4.49447 -819.656 0 
1 827.185 0.319634 0.0223605 0.66412 -0.838057 -0.134989 -2.10961 -5.10223 -819.973 0 
3 827.057 0.317253 0.0225064 0.666502 -0.833765 -0.147312 -2.40622 -4.79851 -819.852 0 
1 825.452 0.312347 0.0224584 0.67245 -0.84585 -0.164683 -1.63945 -4.43334 -819.379 0 
2 826.211 0.317639 0.0223788 0.666493 -0.830117 -0.167698 -1.79063 -4.60511 -819.815 0 
5 824.335 0.311174 0.0223464 0.676616 -0.873379 -0.187507 -0.827434 -4.06594 -819.442 0 
3 825.049 0.30885 0.0224413 0.678263 -0.884999 -0.146633 -1.24073 -4.20623 -819.602 0 
3 824.533 0.309644 0.0224354 0.679643 -0.894048 -0.169336 -0.541405 -4.1476 -819.844 0 
1 823.788 0.310988 0.022437 0.676797 -0.876119 -0.173958 -0.238612 -4.09327 -819.456 0 
2 824.086 0.309261 0.0224405 0.6779 -0.880271 -0.164385 -0.389316 -4.14123 -819.556 0 
6 824.339 0.309547 0.0224879 0.677155 -0.88236 -0.14295 -0.60929 -4.20545 -819.524 0 
1 825.795 0.311422 0.0225287 0.672953 -0.861486 -0.121451 -1.7598 -4.64504 -819.391 0 
3 827.65 0.302757 0.0225275 0.680382 -0.891254 -0.087315 -2.98011 -4.87338 -819.796 0 
2 827.408 0.305143 0.0226802 0.679217 -0.894007 -0.0692466 -2.90468 -4.80917 -819.694 0 
1 828.531 0.306077 0.0226243 0.677888 -0.872857 -0.100538 -4.12571 -4.95858 -819.447 0 
2 826.448 0.314814 0.0224496 0.668987 -0.848735 -0.127719 -2.07057 -4.81243 -819.565 0 
1 826.295 0.322412 0.0223023 0.663028 -0.837039 -0.161821 -1.40113 -4.9399 -819.954 0 
1 825.231 0.321948 0.0224268 0.664417 -0.837774 -0.163483 -0.478367 -4.85838 -819.894 0 
5 824.187 0.313019 0.0223043 0.676267 -0.893991 -0.172688 -0.250523 -4.26141 -819.675 0 
1 824.326 0.312364 0.0223842 0.677495 -0.905564 -0.154269 -0.0332079 -4.38999 -819.903 0 
1 824.901 0.315922 0.0223517 0.669675 -0.862952 -0.142544 -1.04982 -4.46685 -819.384 0 
1 827.057 0.319424 0.0223018 0.665173 -0.867 -0.104991 -2.17124 -5.30603 -819.58 0 
5 828.522 0.317663 0.0222795 0.665282 -0.850453 -0.119335 -3.79648 -5.02919 -819.696 0 
1 829.478 0.322101 0.022272 0.661092 -0.838457 -0.126019 -3.77074 -5.50829 -820.199 0 
4 827.329 0.321683 0.0221521 0.664408 -0.855402 -0.164385 -2.9848 -4.82469 -819.52 0 
1 825.621 0.316629 0.0221718 0.672056 -0.900049 -0.15018 -1.27025 -4.78193 -819.569 0 
4 825.213 0.32028 0.0221882 0.668943 -0.878395 -0.174999 -1.08163 -4.81212 -819.319 0 
4 825.695 0.316976 0.0221589 0.674244 -0.891386 -0.215384 -1.46734 -4.64485 -819.583 0 
3 827.862 0.310079 0.0221937 0.68236 -0.923161 -0.20788 -1.88264 -4.85786 -821.122 0 
10 824.164 0.319435 0.0222624 0.67082 -0.871486 -0.214724 -0.38708 -4.49787 -819.279 0 
1 824.938 0.318916 0.0222821 0.673485 -0.885871 -0.22359 -0.717445 -4.78619 -819.435 0 
7 824.426 0.308613 0.0225046 0.679339 -0.887994 -0.15968 -0.558076 -4.15015 -819.717 0 
2 825.352 0.314768 0.0225481 0.674783 -0.862693 -0.19015 -1.98044 -4.07595 -819.296 0 
3 827.25 0.313845 0.0226697 0.673465 -0.850254 -0.158856 -3.45673 -4.40428 -819.389 0 
3 827.879 0.309598 0.0226477 0.675115 -0.862421 -0.113453 -3.6603 -4.8286 -819.391 0 
5 824.449 0.314928 0.0224882 0.671639 -0.873304 -0.125291 -0.529365 -4.5384 -819.382 0 
6 825.114 0.310168 0.0224265 0.674785 -0.87553 -0.127192 -1.33263 -4.36691 -819.414 0 
10 826.849 0.301638 0.0225556 0.683756 -0.899303 -0.119766 -1.94656 -4.64372 -820.259 0 
3 826.571 0.302298 0.0224353 0.68541 -0.927052 -0.119836 -0.816843 -4.41725 -821.337 0 
4 826.271 0.301335 0.0224588 0.686511 -0.91261 -0.14498 -0.675368 -4.57868 -821.017 0 
1 827.244 0.300642 0.0223335 0.68856 -0.928957 -0.164401 -0.300854 -4.77082 -822.172 0 
5 826.094 0.307035 0.0222475 0.6812 -0.899895 -0.179025 -1.59664 -4.24066 -820.256 0 
1 826.303 0.317873 0.0222014 0.669908 -0.859225 -0.192955 -2.79796 -4.2055 -819.299 0 
5 825.813 0.32614 0.0221675 0.662733 -0.842889 -0.209482 -1.13538 -5.00289 -819.675 0 
3 825.927 0.321942 0.0221332 0.667819 -0.861475 -0.217091 -2.05799 -4.59258 -819.276 0 
2 825.321 0.322623 0.0223954 0.66346 -0.815427 -0.202852 -0.506309 -4.53673 -820.278 0 
1 826.432 0.330404 0.0222938 0.658528 -0.808963 -0.238736 -0.54349 -5.08531 -820.803 0 
1 825.599 0.325178 0.0221864 0.662962 -0.833101 -0.222766 -1.22184 -4.61789 -819.759 0 
1 825.106 0.321733 0.0223358 0.667605 -0.853322 -0.192013 -1.12532 -4.55962 -819.421 0 
1 825.475 0.315931 0.0223706 0.673894 -0.872945 -0.189951 -1.96874 -4.17672 -819.33 0 
1 825.753 0.311202 0.0225224 0.677681 -0.890233 -0.141787 -1.94827 -4.21772 -819.587 0 
1 826.199 0.317288 0.0225245 0.67246 -0.870091 -0.163001 -2.4734 -4.39681 -819.329 0 
1 826.42 0.317047 0.0225746 0.672953 -0.861337 -0.181788 -2.88974 -4.2219 -819.309 0 
2 825.627 0.321074 0.0224137 0.664715 -0.835675 -0.157845 -0.803298 -4.88259 -819.941 0 
2 824.902 0.321507 0.0223986 0.666757 -0.863635 -0.145044 -0.349462 -5.05575 -819.496 0 
1 825.419 0.32221 0.0224604 0.667263 -0.877458 -0.128163 -0.467484 -5.50307 -819.449 0 
1 826.293 0.314743 0.0223964 0.676008 -0.905305 -0.143519 -1.96576 -4.60163 -819.726 0 
1 826.147 0.311993 0.0223795 0.679285 -0.923878 -0.138271 -1.09011 -4.66496 -820.392 0 
1 825.56 0.311214 0.0223032 0.679392 -0.925971 -0.140815 -0.358077 -4.65055 -820.551 0 
7 827.236 0.303299 0.0222635 0.684067 -0.929347 -0.121422 -1.50217 -4.3868 -821.347 0 
1 830.377 0.296923 0.022326 0.687646 -0.926765 -0.0965818 -3.70324 -4.94556 -821.729 0 
5 828.967 0.297438 0.0223586 0.688594 -0.93285 -0.106751 -2.01433 -4.82857 -822.124 0 
1 826.474 0.304256 0.0223592 0.685716 -0.937256 -0.141855 -0.068938 -4.54874 -821.856 0 
1 826.472 0.318136 0.0221491 0.670576 -0.907057 -0.131596 -1.62857 -5.25302 -819.59 0 
3 825.085 0.314725 0.0222895 0.674109 -0.916114 -0.10827 -0.310056 -4.93427 -819.841 0 
3 825.146 0.307695 0.0223745 0.679926 -0.907749 -0.127338 -0.780534 -4.23634 -820.129 0 
7 825.099 0.311782 0.0224236 0.677366 -0.910302 -0.119093 -0.746119 -4.45246 -819.901 0 
3 824.67 0.316857 0.0224573 0.671893 -0.884613 -0.131228 -0.596072 -4.68105 -819.393 0 
1 824.977 0.323743 0.0223474 0.666224 -0.873185 -0.158603 -0.106769 -5.46632 -819.404 0 
3 825.857 0.324543 0.0224038 0.666952 -0.872761 -0.170226 -0.953197 -5.52001 -819.383 0 
1 824.302 0.317422 0.0224367 0.673219 -0.875399 -0.191194 -0.639641 -4.33884 -819.324 0 
1 824.999 0.30749 0.0224629 0.681843 -0.909762 -0.154311 -0.362091 -4.25169 -820.385 0 
6 824.884 0.314714 0.0223798 0.67656 -0.90575 -0.172026 -0.38449 -4.65093 -819.848 0 
4 825.857 0.31476 0.0224495 0.676087 -0.917269 -0.130152 -0.979654 -4.92562 -819.952 0 
5 826.687 0.30994 0.0224363 0.682002 -0.933259 -0.13865 -1.0531 -4.68464 -820.95 0 
1 824.57 0.313745 0.0224062 0.6767 -0.904363 -0.159207 -0.254923 -4.4998 -819.815 0 
3 824.101 0.317042 0.0224087 0.671944 -0.883535 -0.153438 -0.169446 -4.55453 -819.377 0 
3 824.047 0.311346 0.0224273 0.676071 -0.887454 -0.145034 -0.304758 -4.19677 -819.545 0 
1 824.114 0.314919 0.0224508 0.672044 -0.870063 -0.148992 -0.447956 -4.32094 -819.345 0 
5 824.419 0.316713 0.0225139 0.671509 -0.865182 -0.156535 -0.685055 -4.3867 -819.347 0 
2 824.508 0.312263 0.022544 0.676697 -0.883464 -0.158877 -0.859483 -4.16266 -819.486 0 
5 824.506 0.314271 0.0222603 0.676061 -0.883673 -0.213599 -0.724048 -4.22575 -819.556 0 
3 823.887 0.315858 0.0223497 0.671252 -0.848129 -0.209344 -0.588313 -4.00508 -819.294 0 
4 823.383 0.314906 0.0223915 0.673128 -0.83349 -0.258954 -0.215964 -3.90603 -819.261 0 
11 824.978 0.311435 0.0223002 0.674552 -0.857174 -0.203149 -1.61594 -4.05624 -819.305 0 
1 825.008 0.313643 0.0221732 0.67457 -0.873088 -0.216925 -1.51242 -4.07404 -819.422 0 
1 824.19 0.310544 0.0224215 0.676129 -0.864518 -0.179122 -0.691318 -4.14519 -819.353 0 
1 825.048 0.306971 0.0223652 0.679616 -0.874947 -0.183692 -1.14156 -4.2862 -819.621 0 
3 825.854 0.308981 0.0225832 0.678306 -0.873912 -0.169726 -2.21832 -4.15464 -819.481 0 
1 824.03 0.310457 0.0224818 0.678536 -0.881966 -0.183979 -0.343477 -4.08985 -819.597 0 
2 824.899 0.307597 0.0225479 0.681388 -0.882133 -0.192357 -0.920413 -4.19705 -819.782 0 
1 824.422 0.312075 0.0225155 0.677971 -0.877799 -0.197481 -0.856155 -4.0674 -819.499 0 
5 824.252 0.31554 0.0224532 0.674823 -0.875149 -0.194513 -0.722253 -4.1722 -819.357 0 
5 824.501 0.31963 0.0224079 0.670769 -0.851244 -0.223429 -1.06154 -4.15225 -819.288 0 
8 824.537 0.320149 0.0225224 0.668403 -0.836078 -0.203026 -0.707027 -4.25166 -819.579 0 
2 824.641 0.314694 0.0225599 0.673728 -0.849031 -0.199052 -1.27795 -4.06263 -819.3 0 
3 825.642 0.319021 0.0226234 0.669515 -0.833157 -0.202734 -1.85054 -4.20258 -819.589 0 
1 825.597 0.316404 0.0226117 0.673549 -0.829531 -0.264146 -2.43759 -3.86003 -819.299 0 
4 826.248 0.326967 0.0224552 0.665876 -0.825558 -0.284283 -2.13352 -4.49226 -819.623 0 
3 825.228 0.319549 0.0225604 0.671169 -0.822917 -0.280551 -2.00938 -3.81985 -819.399 0 
2 824.678 0.321458 0.0225138 0.66914 -0.816759 -0.283285 -1.27195 -3.83888 -819.567 0 
3 824.444 0.316861 0.0224095 0.675523 -0.850841 -0.298801 -1.06273 -4.13605 -819.245 0 
5 825.649 0.311562 0.0224083 0.67768 -0.845107 -0.290113 -2.15532 -4.17656 -819.317 0 
1 828.099 0.316672 0.0222371 0.670165 -0.824506 -0.282517 -4.96395 -3.83415 -819.301 0 
2 825.507 0.313469 0.0221284 0.677173 -0.862623 -0.297839 -1.68984 -4.30355 -819.513 0 
3 825.399 0.317727 0.0220943 0.672482 -0.849208 -0.305794 -1.9772 -4.19729 -819.224 0 
2 827.095 0.313627 0.0221376 0.68007 -0.883096 -0.322773 -1.80683 -5.1196 -820.169 0 
4 826.858 0.319165 0.022244 0.675675 -0.860811 -0.338924 -2.63531 -4.85692 -819.366 0 
1 825.956 0.324591 0.0222836 0.669696 -0.846993 -0.311679 -1.99301 -4.79036 -819.172 0 
4 825.383 0.312573 0.0224321 0.67966 -0.859187 -0.290519 -1.71079 -4.20386 -819.468 0 
2 824.969 0.309684 0.0225174 0.681285 -0.852455 -0.291135 -1.11099 -4.36906 -819.489 0 
1 826.38 0.315303 0.0226514 0.67539 -0.832486 -0.268875 -3.23892 -3.88947 -819.251 0 
2 825.379 0.314504 0.0225839 0.676392 -0.840579 -0.274964 -2.22133 -3.93197 -819.225 0 
1 826.142 0.313617 0.0225136 0.677407 -0.848737 -0.261004 -2.9199 -3.96368 -819.258 0 
1 825.679 0.311842 0.0223297 0.677547 -0.849907 -0.263247 -2.31023 -4.06396 -819.305 0 
7 825.572 0.312808 0.0221881 0.676844 -0.846228 -0.299741 -2.13391 -4.12622 -819.311 0 
3 824.741 0.306063 0.0224503 0.68154 -0.841988 -0.270765 -0.438641 -4.88989 -819.412 0 
2 824.029 0.317137 0.0224479 0.670245 -0.815703 -0.262629 -0.602038 -3.90203 -819.525 0 
1 824.019 0.315674 0.022524 0.673603 -0.825998 -0.274003 -0.844986 -3.88094 -819.293 0 
5 823.653 0.318149 0.0224533 0.671824 -0.823618 -0.2836 -0.503282 -3.81085 -819.339 0 
4 825.215 0.327332 0.0224482 0.663286 -0.791497 -0.306402 -0.711925 -3.97372 -820.529 0 
2 824.832 0.319733 0.022457 0.671686 -0.809981 -0.32908 -1.66758 -3.75694 -819.407 0 
10 823.535 0.320835 0.0223903 0.66849 -0.796252 -0.324371 -0.0454811 -3.71138 -819.778 0 
4 823.704 0.322598 0.0223853 0.667387 -0.799529 -0.31831 -0.156981 -3.72267 -819.825 0 
1 823.955 0.324789 0.0223209 0.664853 -0.791844 -0.32351 -0.0480939 -3.74497 -820.162 0 
1 823.548 0.315423 0.0224165 0.673975 -0.811379 -0.33094 -0.281831 -3.98137 -819.285 0 
6 825.358 0.3134 0.0224486 0.673368 -0.794385 -0.325549 -1.47376 -4.38445 -819.499 0 
1 827.141 0.319084 0.0223229 0.666619 -0.772485 -0.335527 -2.81608 -3.97199 -820.353 0 
2 824.91 0.309298 0.0223065 0.678202 -0.820469 -0.328567 -0.900693 -4.74508 -819.264 0 
1 824.199 0.313225 0.0222448 0.677974 -0.831832 -0.370193 -0.348892 -4.53066 -819.319 0 
1 824.192 0.319124 0.0221909 0.672943 -0.822851 -0.379234 -0.787692 -4.23264 -819.171 0 
1 825.313 0.31601 0.0221325 0.676161 -0.829908 -0.392933 -1.49056 -4.55668 -819.265 0 
7 825.559 0.312327 0.0221321 0.678629 -0.834956 -0.385734 -1.27799 -4.83186 -819.45 0 
1 826.715 0.314035 0.0222135 0.679674 -0.831532 -0.420414 -2.23089 -5.0299 -819.454 0 
1 824.567 0.315392 0.0223574 0.677336 -0.825558 -0.379515 -0.973959 -4.36554 -819.228 0 
3 825.318 0.319667 0.0223416 0.674424 -0.826015 -0.387779 -1.7632 -4.38954 -819.165 0 
1 826.673 0.322905 0.0223399 0.670492 -0.821373 -0.372173 -3.14478 -4.32937 -819.198 0 
6 825.643 0.322815 0.0224175 0.670612 -0.821181 -0.349879 -2.27686 -4.11091 -819.255 0 
1 828.105 0.330622 0.0223392 0.660477 -0.786745 -0.336886 -3.21953 -4.19404 -820.691 0 
1 828.946 0.331652 0.0222354 0.661491 -0.817176 -0.32714 -3.93069 -5.21884 -819.796 0 
2 826.93 0.323161 0.0224482 0.667463 -0.797366 -0.341853 -3.44991 -3.72586 -819.754 0 
6 826.646 0.318039 0.0224693 0.674181 -0.840421 -0.312646 -3.36335 -4.09162 -819.191 0 
5 825.968 0.315424 0.0225578 0.676354 -0.825938 -0.330061 -2.74992 -4.01441 -819.204 0 
5 824.275 0.311347 0.0224831 0.67809 -0.827656 -0.312602 -0.728674 -4.3046 -819.241 0 
1 823.907 0.316142 0.0223885 0.672783 -0.832059 -0.278987 -0.801763 -3.86325 -819.242 0 
2 823.582 0.317056 0.0223817 0.671543 -0.822488 -0.285397 -0.435487 -3.8246 -819.322 0 
2 824.509 0.314436 0.0222853 0.671978 -0.819066 -0.274566 -1.16387 -4.00267 -819.342 0 
2 823.468 0.316554 0.0223166 0.672298 -0.82104 -0.297011 -0.327122 -3.8472 -819.293 0 
11 823.229 0.318658 0.0223834 0.670639 -0.818765 -0.289526 -0.0379701 -3.79215 -819.398 0 
1 823.961 0.318861 0.0223084 0.67098 -0.826875 -0.287041 -0.83477 -3.82188 -819.305 0 
3 824.896 0.319647 0.0221967 0.672891 -0.846673 -0.321119 -1.41021 -4.29576 -819.19 0 
1 824.094 0.308628 0.0223779 0.68094 -0.851463 -0.288276 -0.112122 -4.4715 -819.511 0 
6 823.616 0.317913 0.0222236 0.672178 -0.833949 -0.30545 -0.496332 -3.91772 -819.202 0 
2 824.799 0.316838 0.0221963 0.674254 -0.855049 -0.305002 -1.20773 -4.29899 -819.292 0 
3 825.612 0.316506 0.0221402 0.675961 -0.879004 -0.288726 -1.18696 -4.78297 -819.642 0 
3 824.876 0.323344 0.0221686 0.667608 -0.842514 -0.285012 -1.2149 -4.41811 -819.243 0 
2 825.205 0.31944 0.0222246 0.672459 -0.851151 -0.311607 -1.58697 -4.41019 -819.208 0 
9 828.782 0.308408 0.0224195 0.681991 -0.864371 -0.297626 -4.271 -4.65398 -819.857 0 
4 825.491 0.317376 0.0222305 0.67594 -0.864487 -0.324616 -1.26146 -4.77198 -819.457 0 
5 825.758 0.323129 0.0222086 0.670781 -0.844146 -0.347293 -1.7665 -4.84483 -819.147 0 
1 827.117 0.327401 0.0221092 0.664131 -0.824626 -0.325355 -3.03087 -4.65476 -819.432 0 
3 826.073 0.327327 0.0221316 0.665154 -0.839399 -0.304312 -1.75516 -5.02216 -819.296 0 
2 826.535 0.328187 0.0221823 0.66506 -0.824919 -0.343788 -2.29366 -4.87263 -819.368 0 
2 828.56 0.331968 0.0221761 0.662448 -0.815631 -0.366922 -3.56933 -5.40217 -819.589 0 
1 828.148 0.328858 0.0222604 0.666187 -0.842042 -0.328736 -3.32703 -5.6017 -819.219 0 
1 830.271 0.320655 0.0224267 0.670803 -0.835998 -0.305746 -6.92895 -4.13505 -819.207 0 
7 828.274 0.320475 0.0224688 0.671284 -0.843664 -0.282847 -4.89327 -4.17182 -819.209 0 
2 828.257 0.320149 0.0223568 0.671696 -0.857826 -0.276724 -4.56763 -4.47587 -819.213 0 
3 825.376 0.316481 0.0221744 0.675518 -0.873038 -0.290612 -1.21048 -4.6364 -819.529 0 
1 825.881 0.311406 0.0222342 0.680679 -0.872974 -0.318711 -1.04445 -4.82575 -820.01 0 
2 825.466 0.309298 0.0223135 0.681424 -0.873049 -0.286859 -0.936028 -4.56524 -819.964 0 
3 826.685 0.307662 0.0223797 0.684289 -0.883572 -0.290601 -1.31469 -4.88218 -820.488 0 
1 825.891 0.309072 0.0224168 0.681933 -0.860415 -0.306716 -1.50951 -4.61801 -819.763 0 
1 826.416 0.323653 0.0222738 0.667164 -0.81721 -0.328867 -2.97335 -4.03022 -819.412 0 
1 826.901 0.321736 0.0222759 0.667779 -0.824791 -0.297905 -3.58061 -3.9566 -819.364 0 
3 827.029 0.313669 0.0224594 0.676369 -0.839733 -0.301164 -3.71465 -4.07119 -819.243 0 
2 823.914 0.314446 0.0222988 0.676715 -0.850891 -0.310136 -0.367362 -4.21235 -819.334 0 
2 826.066 0.317941 0.0223112 0.671699 -0.840309 -0.285767 -2.88574 -3.97273 -819.207 0 
7 826.629 0.306667 0.0222567 0.682169 -0.861068 -0.299399 -1.88807 -4.83688 -819.904 0 
1 826.56 0.305618 0.0222345 0.685887 -0.861777 -0.360119 -0.369724 -5.69416 -820.496 0 
2 825.087 0.310034 0.0222463 0.678003 -0.814918 -0.357446 -1.00593 -4.81715 -819.264 0 
1 827.388 0.302557 0.0222534 0.685813 -0.835379 -0.359228 -1.06827 -6.40619 -819.913 0 
1 824.49 0.314701 0.0222065 0.676005 -0.812516 -0.391283 -0.883101 -4.38963 -819.217 0 
2 827.911 0.309096 0.0222937 0.683966 -0.846689 -0.381237 -2.79556 -5.24391 -819.872 0 
1 823.684 0.315177 0.0222604 0.674879 -0.809476 -0.374138 -0.255869 -4.20126 -819.226 0 
6 824.405 0.317997 0.0221678 0.671253 -0.797966 -0.37896 -1.09791 -3.94425 -819.363 0 
4 824.941 0.316088 0.0223478 0.670814 -0.766376 -0.378808 -0.46239 -4.45543 -820.023 0 
4 826.603 0.314717 0.0224919 0.671284 -0.753645 -0.367759 -0.95183 -5.16779 -820.483 0 
4 825.775 0.319808 0.0224325 0.666982 -0.743509 -0.388069 -0.31642 -4.31115 -821.148 0 
2 826.341 0.320813 0.0223679 0.665465 -0.739322 -0.392359 -0.713376 -4.22117 -821.407 0 
3 827.371 0.316535 0.0223667 0.668337 -0.743838 -0.382496 -1.51279 -4.9517 -820.906 0 
7 831.383 0.312051 0.0223014 0.670775 -0.757531 -0.358596 -5.5194 -5.62893 -820.234 0 
1 829.049 0.311536 0.0221179 0.674322 -0.779482 -0.391694 -4.41125 -5.17604 -819.461 0 
2 828.155 0.310691 0.022192 0.677297 -0.777998 -0.428213 -3.16709 -5.60375 -819.384 0 
1 828.843 0.311482 0.0222236 0.673783 -0.754122 -0.418422 -3.00467 -5.93504 -819.903 0 
2 828.614 0.31794 0.0223521 0.667968 -0.724686 -0.449397 -2.3854 -4.99091 -821.238 0 
2 828.121 0.313832 0.0225405 0.673134 -0.728949 -0.455856 -1.42651 -6.04207 -820.652 0 
1 827.554 0.30962 0.0224588 0.678162 -0.759518 -0.451388 -1.563 -6.41371 -819.577 0 
7 827.749 0.303997 0.02248 0.685913 -0.793058 -0.449984 -0.644989 -7.57309 -819.531 0 
1 827.923 0.308074 0.0224834 0.680707 -0.765952 -0.465905 -1.60896 -6.86604 -819.448 0 
5 829.582 0.3006 0.0224084 0.689913 -0.800338 -0.482462 -0.363372 -9.15665 -820.062 0 
2 829.877 0.321319 0.0223835 0.667409 -0.732541 -0.476603 -4.85286 -4.16053 -820.863 0 
5 824.702 0.317989 0.0223189 0.674949 -0.789565 -0.460178 -0.899697 -4.52733 -819.275 0 
2 824.799 0.318874 0.0222585 0.672504 -0.789192 -0.43883 -1.20914 -4.2599 -819.329 0 
6 824.643 0.321466 0.0222667 0.669914 -0.783472 -0.429874 -1.15585 -3.96397 -819.524 0 
1 824.742 0.320434 0.0223939 0.671555 -0.786178 -0.41997 -1.30261 -3.96169 -819.478 0 
3 824.021 0.320456 0.0222751 0.670529 -0.783295 -0.422561 -0.5451 -3.95033 -819.525 0 
1 824.56 0.317137 0.0222833 0.674707 -0.793207 -0.429709 -0.94744 -4.33062 -819.282 0 
1 825.238 0.316183 0.0223557 0.676569 -0.790064 -0.453979 -1.31589 -4.64963 -819.273 0 
5 824.37 0.317955 0.0223443 0.673595 -0.777857 -0.443108 -0.619488 -4.27864 -819.472 0 
7 824.049 0.319156 0.0222598 0.671211 -0.778719 -0.429836 -0.437398 -4.06812 -819.544 0 
15 824.252 0.318927 0.0222093 0.671931 -0.779231 -0.449416 -0.562731 -4.23876 -819.451 0 
2 826.661 0.313664 0.0223112 0.68087 -0.823943 -0.451054 -1.78973 -5.38595 -819.486 0 
3 826.709 0.314445 0.0224253 0.679067 -0.806125 -0.452338 -2.38045 -5.05329 -819.276 0 
2 827.143 0.31626 0.022247 0.679123 -0.832247 -0.451085 -2.19077 -5.47098 -819.481 0 
3 829.246 0.315571 0.0222297 0.680724 -0.823975 -0.496448 -3.63396 -6.01492 -819.597 0 
1 828.785 0.31001 0.0224593 0.684825 -0.818513 -0.473274 -2.89992 -6.16233 -819.722 0 
1 829.531 0.308012 0.0224416 0.684573 -0.813336 -0.462989 -3.43455 -6.40697 -819.689 0 
3 829.454 0.305951 0.022286 0.688709 -0.835004 -0.493498 -1.1157 -7.5862 -820.752 0 
1 829.328 0.309118 0.0222678 0.686241 -0.831411 -0.505972 -1.74349 -7.18709 -820.397 0 
1 829.872 0.316164 0.0222376 0.676534 -0.81139 -0.461501 -5.39491 -5.2016 -819.276 0 
1 829.854 0.32228 0.0222021 0.672089 -0.808949 -0.468624 -5.54646 -5.14845 -819.159 0 
5 831.347 0.324642 0.0221896 0.671579 -0.817254 -0.481195 -6.32434 -5.89205 -819.13 0 
3 833.629 0.335483 0.0220607 0.662677 -0.795481 -0.512778 -7.18654 -7.03807 -819.404 0 
4 833.273 0.329088 0.0221079 0.67042 -0.825857 -0.504483 -6.91451 -7.27296 -819.086 0 
1 830.165 0.326135 0.0220771 0.670635 -0.846815 -0.423592 -4.44604 -6.55552 -819.163 0 
6 828.592 0.320033 0.0220711 0.675421 -0.868018 -0.382646 -2.94865 -6.01004 -819.633 0 
1 827.258 0.319392 0.0222171 0.674856 -0.858353 -0.357144 -2.7269 -5.15401 -819.377 0 
1 826.065 0.312457 0.0223162 0.680723 -0.87335 -0.321001 -1.268 -4.84324 -819.953 0 
4 825.939 0.31585 0.0224004 0.677305 -0.855198 -0.32427 -2.12139 -4.4403 -819.377 0 
1 825.439 0.314873 0.022426 0.677064 -0.840485 -0.332773 -1.94317 -4.23069 -819.265 0 
1 825.995 0.319276 0.0224154 0.668869 -0.796789 -0.3206 -2.53331 -3.75245 -819.709 0 
1 823.93 0.322596 0.0222486 0.666494 -0.808846 -0.306138 -0.472871 -3.79466 -819.663 0 
12 823.524 0.31781 0.0222958 0.673587 -0.834651 -0.322051 -0.334893 -4.00145 -819.188 0 
7 824.232 0.318226 0.0221615 0.672009 -0.844633 -0.297225 -0.971225 -4.06297 -819.197 0 
11 823.611 0.314699 0.0223744 0.672486 -0.823193 -0.264518 -0.308741 -3.97075 -819.332 0 
6 823.753 0.312675 0.0224833 0.676857 -0.83603 -0.282975 -0.468022 -4.05109 -819.234 0 
1 824.652 0.314075 0.0225718 0.674932 -0.82472 -0.275662 -1.39274 -3.9821 -819.277 0 
1 824.147 0.319268 0.0224324 0.668178 -0.793377 -0.292216 -0.229636 -3.91227 -820.005 0 
1 824.865 0.320121 0.0225252 0.668066 -0.786872 -0.300329 -0.743356 -3.91085 -820.211 0 
3 825.082 0.320535 0.0224656 0.666662 -0.794894 -0.280458 -1.05578 -3.89216 -820.134 0 
1 824.842 0.325171 0.022393 0.664671 -0.795681 -0.31346 -0.880828 -3.81802 -820.143 0 
1 827.255 0.317474 0.0222979 0.667597 -0.777316 -0.324828 -2.97964 -4.11654 -820.159 0 
1 827.823 0.316658 0.0222069 0.668233 -0.788972 -0.314129 -3.94733 -4.04898 -819.826 0 
1 829.407 0.311239 0.0221766 0.67372 -0.795361 -0.345804 -5.28131 -4.76436 -819.361 0 
1 827.369 0.314121 0.0221411 0.677966 -0.82471 -0.403274 -3.393 -4.67069 -819.306 0 
3 826.045 0.319934 0.0221064 0.671732 -0.808004 -0.399396 -2.74176 -4.07729 -819.226 0 
3 824.207 0.323253 0.0222 0.66721 -0.775765 -0.411692 -0.604067 -3.69877 -819.904 0 
1 824.795 0.318178 0.0221341 0.672992 -0.794782 -0.437816 -1.18674 -4.34603 -819.262 0 
1 824.955 0.323364 0.022128 0.668035 -0.76927 -0.463539 -1.24127 -3.94524 -819.768 0 
1 825.522 0.327765 0.0221602 0.665917 -0.7719 -0.472834 -1.56269 -4.10062 -819.859 0 
5 824.837 0.32619 0.0221691 0.66572 -0.768716 -0.45056 -1.00488 -3.81113 -820.021 0 
1 824.969 0.3272 0.022234 0.666011 -0.773286 -0.449445 -1.11384 -3.91196 -819.943 0 
2 826.899 0.32715 0.0222554 0.663666 -0.763584 -0.425442 -2.77557 -3.64279 -820.481 0 
9 825.983 0.327058 0.0223058 0.667484 -0.777266 -0.458206 -2.16149 -4.06041 -819.761 0 
2 826.085 0.3258 0.02227 0.669029 -0.774289 -0.494842 -2.15643 -4.34729 -819.582 0 
3 824.403 0.322773 0.0222506 0.669587 -0.770269 -0.466268 -0.698877 -4.0034 -819.7 0 
2 824.626 0.322789 0.0222541 0.66871 -0.753646 -0.488082 -0.558903 -4.01865 -820.049 0 
2 824.746 0.319456 0.0222707 0.67218 -0.754069 -0.508162 -0.414089 -4.56798 -819.763 0 
2 824.869 0.319415 0.0221688 0.670698 -0.763942 -0.468184 -0.895764 -4.26234 -819.711 0 
10 824.618 0.318616 0.0221989 0.673067 -0.777911 -0.478225 -0.697993 -4.53937 -819.381 0 
1 824.267 0.317083 0.022285 0.674616 -0.784091 -0.458391 -0.383532 -4.5583 -819.325 0 
1 826.334 0.31103 0.022144 0.678736 -0.806172 -0.434029 -1.65534 -5.34463 -819.334 0 
2 824.621 0.311017 0.0223052 0.678505 -0.794094 -0.419186 -0.108402 -5.22762 -819.285 0 
6 826.247 0.313943 0.0221614 0.678024 -0.811082 -0.434869 -2.06465 -4.90183 -819.281 0 
2 827.368 0.310653 0.0222806 0.675952 -0.783072 -0.396225 -2.69035 -5.2936 -819.384 0 
4 827.316 0.313164 0.0222889 0.675059 -0.776549 -0.434374 -2.87316 -5.02402 -819.419 0 
6 827.942 0.327532 0.0222263 0.663041 -0.765646 -0.420116 -3.79578 -3.66934 -820.477 0 
1 824.471 0.31629 0.0224083 0.675492 -0.791757 -0.425504 -0.781127 -4.39449 -819.295 0 
7 825.261 0.319348 0.0221638 0.673961 -0.812048 -0.432629 -1.54318 -4.53889 -819.179 0 
9 825.168 0.324226 0.0221839 0.667671 -0.777801 -0.44944 -1.52349 -3.97949 -819.665 0 
2 825.367 0.313319 0.0222298 0.679297 -0.820575 -0.437662 -0.773071 -5.19434 -819.4 0 
1 825.461 0.314611 0.0222023 0.678609 -0.822198 -0.43799 -1.01426 -5.08144 -819.365 0 
1 825.237 0.319842 0.022095 0.672176 -0.800445 -0.440881 -1.63187 -4.38316 -819.222 0 
1 824.996 0.320037 0.0221169 0.672016 -0.795606 -0.448009 -1.38107 -4.36179 -819.253 0 
4 826.467 0.309344 0.0221372 0.680554 -0.832431 -0.387951 -1.68059 -5.21405 -819.573 0 
15 824.462 0.318799 0.022229 0.672452 -0.798766 -0.417549 -1.01025 -4.18652 -819.266 0 
2 825.73 0.311104 0.0222864 0.681394 -0.83601 -0.387195 -1.23693 -4.95647 -819.537 0 
2 825.02 0.321044 0.0221316 0.669758 -0.804912 -0.375792 -1.81195 -3.86373 -819.344 0 
2 824.227 0.317278 0.0222384 0.670863 -0.792551 -0.356315 -0.763117 -3.93711 -819.527 0 
8 824.779 0.326423 0.0221681 0.663892 -0.780366 -0.381944 -0.910277 -3.68926 -820.179 0 
1 827.67 0.316378 0.022125 0.676715 -0.834558 -0.392213 -3.78001 -4.59467 -819.296 0 
2 825.957 0.32309 0.0220682 0.665936 -0.79512 -0.361674 -2.55342 -3.72011 -819.684 0 
4 826.39 0.314256 0.0220634 0.674867 -0.829216 -0.354755 -2.86626 -4.28564 -819.238 0 
4 827.684 0.30688 0.0220957 0.682034 -0.853994 -0.33046 -2.72104 -5.0655 -819.897 0 
2 827.705 0.30208 0.0222679 0.689176 -0.880303 -0.318267 -0.559585 -5.88166 -821.264 0 
1 827.155 0.30218 0.022319 0.689143 -0.871202 -0.336358 -0.0532697 -6.07148 -821.031 0 
2 826.356 0.303484 0.022427 0.687729 -0.863298 -0.326295 -0.242179 -5.65455 -820.46 0 
1 825.318 0.309742 0.0224623 0.677144 -0.805184 -0.323471 -1.15531 -4.86972 -819.293 0 
2 824.152 0.310179 0.0224041 0.67964 -0.821254 -0.354151 -0.132685 -4.73447 -819.285 0 
2 824.241 0.314798 0.0223977 0.673737 -0.79565 -0.358159 -0.648089 -4.20049 -819.392 0 
1 825.571 0.321352 0.0224026 0.667744 -0.779473 -0.365242 -1.8745 -3.68378 -820.012 0 
2 827.56 0.324286 0.0221829 0.666783 -0.789317 -0.412869 -4.01928 -3.95342 -819.587 0 
4 825.609 0.315456 0.0222624 0.677813 -0.838048 -0.395207 -1.37738 -4.84639 -819.385 0 
7 826.028 0.317344 0.0221419 0.67508 -0.834833 -0.393772 -2.02339 -4.73501 -819.269 0 
15 825.746 0.310673 0.0222851 0.682474 -0.844976 -0.395558 -0.665973 -5.27633 -819.804 0 
1 825.943 0.32493 0.0221036 0.666272 -0.781194 -0.434518 -2.31293 -3.93549 -819.694 0 
9 828.336 0.328461 0.021929 0.663544 -0.787109 -0.431659 -4.39248 -4.21447 -819.729 0 
2 828.046 0.32794 0.021989 0.664931 -0.792615 -0.42492 -4.20624 -4.23627 -819.603 0 
1 824.07 0.324285 0.0222458 0.665974 -0.775267 -0.394468 -0.334904 -3.62566 -820.11 0 
11 824.091 0.323018 0.0222935 0.667418 -0.762054 -0.42984 -0.17495 -3.70956 -820.206 0 
7 824.069 0.317991 0.0223001 0.670894 -0.770927 -0.410021 -0.166422 -4.1182 -819.784 0 
1 825.013 0.319177 0.0223142 0.66841 -0.756361 -0.405043 -0.550406 -4.09921 -820.363 0 
3 824.044 0.318036 0.0222533 0.671544 -0.789685 -0.383881 -0.609969 -3.94841 -819.486 0 
1 824.537 0.311246 0.0223112 0.678871 -0.821327 -0.359002 -0.669387 -4.59901 -819.268 0 
3 824.193 0.310592 0.0223801 0.679888 -0.826927 -0.35047 -0.25517 -4.62898 -819.309 0 
5 824.334 0.309092 0.0223972 0.679963 -0.817691 -0.346665 -0.136132 -4.91955 -819.279 0 
2 823.622 0.314302 0.022341 0.675279 -0.814454 -0.349845 -0.235587 -4.16093 -819.225 0 
7 823.875 0.317843 0.0223346 0.673646 -0.819301 -0.360647 -0.63892 -4.03913 -819.197 0 
1 823.978 0.315143 0.0223488 0.675172 -0.809824 -0.372799 -0.548375 -4.20409 -819.226 0 
4 823.694 0.317819 0.0223442 0.672322 -0.788539 -0.395515 -0.219914 -4.02046 -819.453 0 
4 825.025 0.307052 0.0224014 0.681531 -0.821036 -0.338058 -0.413524 -5.2765 -819.335 0 
4 824.341 0.312114 0.0223275 0.678584 -0.840363 -0.319924 -0.758643 -4.26441 -819.318 0 
1 824.499 0.318297 0.022299 0.672384 -0.812789 -0.34097 -1.37382 -3.83418 -819.291 0 
2 824.727 0.326052 0.0222773 0.663498 -0.776046 -0.349068 -0.441901 -3.6614 -820.623 0 
1 825.78 0.321828 0.0222007 0.670734 -0.832218 -0.33151 -2.45482 -4.13395 -819.191 0 
4 825.967 0.31096 0.0221365 0.677991 -0.850201 -0.301288 -2.23389 -4.30026 -819.433 0 
3 826.57 0.303102 0.0222976 0.685808 -0.852224 -0.316158 -0.852882 -5.67892 -820.038 0 
1 828.754 0.299778 0.0222159 0.68905 -0.874855 -0.301212 -1.4729 -6.18222 -821.098 0 
1 828.059 0.302544 0.0221936 0.685632 -0.86688 -0.288178 -2.26198 -5.45092 -820.346 0 
2 827.837 0.29841 0.0224364 0.687807 -0.86873 -0.233443 -1.45054 -6.06016 -820.327 0 
1 827.867 0.30024 0.0224775 0.684723 -0.84605 -0.243174 -2.09105 -6.146 -819.63 0 
1 827.01 0.303508 0.0225785 0.68106 -0.833335 -0.225162 -2.00897 -5.68575 -819.315 0 
2 826.323 0.311963 0.0224776 0.671744 -0.811068 -0.226072 -2.02601 -4.68759 -819.609 0 
5 824.105 0.317616 0.0223445 0.670118 -0.823718 -0.25256 -0.753711 -3.90341 -819.448 0 
2 823.656 0.320617 0.0224281 0.669164 -0.826627 -0.261001 -0.278256 -3.91558 -819.462 0 
9 823.197 0.317198 0.022361 0.671992 -0.842673 -0.251708 -0.0413567 -3.90931 -819.246 0 
4 823.688 0.316368 0.0224398 0.671784 -0.832314 -0.238073 -0.396934 -3.93871 -819.352 0 
5 825.211 0.316378 0.0222862 0.673906 -0.861703 -0.235992 -1.9001 -4.03915 -819.272 0 
1 824.986 0.31464 0.0224918 0.674274 -0.862129 -0.186737 -1.59897 -4.08958 -819.298 0 
2 824.586 0.310398 0.0225003 0.679752 -0.887444 -0.190826 -0.722478 -4.12291 -819.741 0 
5 826.258 0.309277 0.0225155 0.682169 -0.90005 -0.189233 -1.87467 -4.23241 -820.151 0 
3 824.501 0.319091 0.0224651 0.671895 -0.85615 -0.224004 -1.07727 -4.16553 -819.258 0 
1 823.901 0.315616 0.0224195 0.674361 -0.871874 -0.19854 -0.433053 -4.13676 -819.332 0 
7 823.57 0.316769 0.0224127 0.67244 -0.861722 -0.19986 -0.171115 -4.11909 -819.28 0 
2 824.054 0.318904 0.0223294 0.668462 -0.830736 -0.236037 -0.640309 -3.95983 -819.454 0 
1 823.553 0.318446 0.0222844 0.670026 -0.841743 -0.241824 -0.305346 -3.95815 -819.289 0 
1 824.032 0.314332 0.0225171 0.674631 -0.863291 -0.195902 -0.693215 -4.04002 -819.299 0 
1 824.41 0.308659 0.0225346 0.680142 -0.866371 -0.216978 -0.71679 -4.18647 -819.507 0 
2 824.667 0.319104 0.0224704 0.668944 -0.833801 -0.223648 -1.16273 -4.03338 -819.47 0 
4 823.819 0.314645 0.0224824 0.672397 -0.837092 -0.214117 -0.416232 -4.05793 -819.345 0 
4 823.887 0.310243 0.0223493 0.677268 -0.85153 -0.243151 -0.419486 -4.1401 -819.327 0 
7 824.578 0.312896 0.0221931 0.675641 -0.851686 -0.26981 -1.24262 -4.03012 -819.305 0 
1 824.702 0.317124 0.0221879 0.670411 -0.832133 -0.268589 -1.57769 -3.84874 -819.276 0 
8 823.618 0.312317 0.0223597 0.675693 -0.850447 -0.243929 -0.341081 -3.9994 -819.277 0 
1 823.589 0.320642 0.0223259 0.66838 -0.830967 -0.257931 -0.223898 -3.9571 -819.408 0 
5 824.019 0.320355 0.0222478 0.66799 -0.826995 -0.266794 -0.70501 -3.89326 -819.42 0 
6 825.585 0.315388 0.0221373 0.672507 -0.851979 -0.245575 -2.4 -3.94043 -819.245 0 
6 825.148 0.318525 0.0221779 0.669225 -0.838527 -0.255705 -1.94894 -3.921 -819.278 0 
4 825.708 0.317166 0.0221279 0.673182 -0.870504 -0.262705 -1.92588 -4.40975 -819.372 0 
9 824.989 0.316871 0.0221454 0.6747 -0.864333 -0.299011 -1.1281 -4.46862 -819.392 0 
3 823.867 0.314601 0.0222464 0.675941 -0.857574 -0.286998 -0.359309 -4.15531 -819.353 0 
4 823.649 0.316517 0.0222431 0.673064 -0.856574 -0.252669 -0.371712 -4.02795 -819.25 0 
1 824.634 0.31463 0.0221892 0.673817 -0.855592 -0.255799 -1.36455 -3.99192 -819.278 0 
1 824.101 0.311678 0.0224367 0.676607 -0.852338 -0.240889 -0.774756 -4.02788 -819.298 0 
1 824.583 0.315843 0.0223801 0.670145 -0.83102 -0.220685 -1.13391 -4.02633 -819.422 0 
12 823.509 0.314925 0.0224741 0.673293 -0.839855 -0.232549 -0.285113 -3.94517 -819.279 0 
4 823.466 0.314239 0.022355 0.675526 -0.865849 -0.228745 -0.102311 -4.0228 -819.341 0 
1 827.019 0.307875 0.0221679 0.682399 -0.914642 -0.199847 -1.58416 -4.52127 -820.914 0 
1 828.22 0.309952 0.0221256 0.676635 -0.877507 -0.193752 -4.55923 -4.09086 -819.569 0 
2 826.541 0.325272 0.0221713 0.661924 -0.832353 -0.207039 -1.88032 -4.76103 -819.899 0 
3 826.154 0.324504 0.0222967 0.661695 -0.814302 -0.205538 -1.04065 -4.67578 -820.437 0 
1 827.776 0.319109 0.0222898 0.667425 -0.828169 -0.207778 -3.88581 -4.22458 -819.666 0 
3 829.508 0.322287 0.0221686 0.664711 -0.824216 -0.221344 -5.40083 -4.27415 -819.833 0 
5 831.405 0.331696 0.0222249 0.653245 -0.772521 -0.227046 -2.68692 -5.58556 -823.132 0 
2 828.667 0.327432 0.0223057 0.658912 -0.814915 -0.177541 -2.16446 -5.52258 -820.98 0 
3 826.833 0.326187 0.0223262 0.659893 -0.809305 -0.196971 -0.923713 -5.03194 -820.878 0 
1 826.736 0.322343 0.0223675 0.663667 -0.814972 -0.198022 -1.79512 -4.62182 -820.319 0 
2 827.723 0.317994 0.0223049 0.673227 -0.874504 -0.207632 -4.08076 -4.3271 -819.315 0 
2 827.605 0.313511 0.0222891 0.67731 -0.893266 -0.191082 -3.63662 -4.26403 -819.704 0 
1 825.678 0.311776 0.0225021 0.678367 -0.89303 -0.161673 -1.81543 -4.18666 -819.676 0 
4 825.671 0.314154 0.0226496 0.672701 -0.854915 -0.150263 -1.88708 -4.39876 -819.385 0 
1 826.837 0.30702 0.0227144 0.680867 -0.876013 -0.160367 -2.96537 -4.31162 -819.56 0 
3 826.1 0.316293 0.022635 0.672708 -0.847002 -0.206084 -2.75565 -4.03006 -819.314 0 
1 824.129 0.320059 0.0223971 0.669231 -0.847039 -0.209874 -0.534453 -4.21796 -819.377 0 
5 825.689 0.325464 0.0224533 0.661847 -0.809101 -0.209469 -0.256853 -4.75315 -820.679 0 
2 825.348 0.317449 0.0224889 0.673634 -0.862583 -0.214457 -1.95657 -4.12507 -819.266 0 
12 824.528 0.320507 0.0224945 0.669191 -0.832788 -0.232219 -0.970774 -4.06231 -819.495 0 
4 824.587 0.324329 0.0222842 0.665606 -0.818414 -0.272876 -0.78884 -4.06691 -819.732 0 
4 823.755 0.32198 0.0223521 0.668046 -0.837371 -0.243905 -0.184421 -4.15403 -819.417 0 
3 825.936 0.329182 0.0221853 0.661315 -0.839586 -0.226764 -0.700903 -5.43977 -819.795 0 
3 824.626 0.319229 0.0221864 0.669718 -0.851137 -0.235233 -1.27174 -4.098 -819.256 0 
9 823.966 0.314061 0.0223046 0.672975 -0.848193 -0.224135 -0.747206 -3.95863 -819.26 0 
2 825.452 0.305261 0.022393 0.681906 -0.876304 -0.210372 -1.11369 -4.46457 -819.873 0 
1 824.768 0.307188 0.0225463 0.681027 -0.87693 -0.19059 -0.850348 -4.23985 -819.678 0 
2 824.696 0.308064 0.0225332 0.679536 -0.873337 -0.185133 -0.9571 -4.19107 -819.548 0 
1 824.185 0.310205 0.022457 0.677457 -0.871563 -0.190137 -0.652594 -4.0785 -819.454 0 
3 823.975 0.314339 0.022309 0.676089 -0.887263 -0.206619 -0.0834648 -4.29449 -819.597 0 
1 825.152 0.318612 0.0223006 0.669413 -0.857966 -0.203357 -1.63618 -4.22677 -819.289 0 
16 824.996 0.315945 0.0221732 0.675449 -0.882247 -0.254861 -0.849764 -4.5486 -819.598 0 
12 824.438 0.317436 0.0222454 0.67403 -0.880307 -0.237841 -0.4645 -4.53261 -819.441 0 
5 823.621 0.318964 0.0222957 0.670356 -0.856935 -0.222561 -0.18105 -4.18196 -819.258 0 
6 824.433 0.321488 0.0222032 0.667111 -0.84046 -0.236635 -0.871862 -4.17127 -819.39 0 
4 823.847 0.315515 0.0223016 0.671688 -0.843896 -0.225289 -0.620241 -3.94947 -819.278 0 
11 824.537 0.311322 0.022237 0.677033 -0.870645 -0.233031 -0.928384 -4.08971 -819.519 0 
2 823.702 0.317715 0.0222462 0.670942 -0.83111 -0.276316 -0.588713 -3.84052 -819.273 0 
3 825.202 0.325507 0.0221191 0.66567 -0.834119 -0.292523 -1.36067 -4.47924 -819.362 0 
10 824.909 0.327578 0.0222268 0.664461 -0.822884 -0.308153 -0.80744 -4.53467 -819.566 0 
3 825.206 0.324434 0.022327 0.663557 -0.809225 -0.260762 -1.0195 -4.09254 -820.094 0 
3 824.93 0.320257 0.022241 0.666852 -0.83505 -0.226207 -1.36659 -4.08552 -819.478 0 
2 824.726 0.321563 0.0221673 0.668137 -0.858591 -0.226438 -0.977469 -4.48518 -819.264 0 
1 826.005 0.326411 0.0221373 0.665608 -0.863329 -0.236062 -1.25759 -5.47068 -819.276 0 
1 824.492 0.319563 0.0222356 0.670523 -0.881715 -0.190287 -0.407316 -4.75116 -819.334 0 
2 825.175 0.309928 0.0222928 0.678157 -0.89719 -0.172619 -1.05835 -4.19148 -819.925 0 
2 826.147 0.305454 0.02243 0.682695 -0.88743 -0.203621 -1.61184 -4.39231 -820.143 0 
1 826.854 0.303126 0.0225338 0.684394 -0.882169 -0.198205 -2.06285 -4.67118 -820.12 0 
3 827.24 0.303917 0.0224343 0.685897 -0.899491 -0.221365 -1.64278 -4.70458 -820.892 0 
1 828.54 0.299983 0.0223401 0.691652 -0.910505 -0.266966 -0.149095 -5.82385 -822.567 0 
2 828.627 0.3176 0.0222362 0.66644 -0.803348 -0.256464 -4.70588 -4.042 -819.879 0 
3 827.881 0.315918 0.0220997 0.669795 -0.834297 -0.251641 -4.71479 -3.88213 -819.284 0 
10 823.74 0.313257 0.0222567 0.675832 -0.850638 -0.275313 -0.411922 -4.03284 -819.295 0 
2 825.899 0.325197 0.0222369 0.66259 -0.804573 -0.275861 -1.68887 -4.04025 -820.17 0 
1 825.598 0.322214 0.0221633 0.666212 -0.816334 -0.298418 -2.21493 -3.85843 -819.525 0 
1 826.514 0.323389 0.022113 0.669083 -0.850893 -0.31704 -2.46121 -4.89144 -819.161 0 
3 825.873 0.319659 0.0221966 0.671682 -0.850621 -0.306154 -2.28768 -4.38661 -819.199 0 
9 825.214 0.313919 0.0223114 0.676384 -0.86098 -0.277814 -1.63768 -4.17771 -819.399 0 
10 825.423 0.311341 0.0223599 0.681474 -0.882893 -0.277671 -0.839589 -4.54601 -820.037 0 
5 826.446 0.308989 0.0225621 0.682539 -0.867834 -0.271348 -2.30494 -4.38681 -819.754 0 
1 824.95 0.31114 0.0224401 0.678637 -0.870383 -0.238611 -1.28928 -4.1186 -819.543 0 
3 824.832 0.317821 0.0225322 0.670184 -0.840335 -0.206404 -1.33516 -4.08439 -819.413 0 
2 824.505 0.311057 0.0225271 0.678647 -0.878579 -0.19687 -0.880991 -4.07255 -819.551 0 
1 823.889 0.318278 0.0224816 0.671137 -0.849778 -0.212756 -0.49208 -4.09017 -819.306 0 
1 823.463 0.316429 0.022396 0.673038 -0.857063 -0.227288 -0.195198 -4.01385 -819.254 0 
3 823.619 0.318724 0.0223127 0.671768 -0.8611 -0.232663 -0.168023 -4.2053 -819.246 0 
4 826.556 0.30684 0.0224272 0.684742 -0.901569 -0.215771 -1.49881 -4.43606 -820.621 0 
2 826.442 0.302194 0.0224423 0.688139 -0.905216 -0.210397 -0.376436 -4.82307 -821.243 0 
3 829.551 0.295133 0.0225805 0.693333 -0.889507 -0.229238 -1.40434 -6.58252 -821.564 0 
1 827.151 0.299456 0.022498 0.686869 -0.869398 -0.212352 -1.34311 -5.70831 -820.099 0 
1 824.958 0.307058 0.0224911 0.678893 -0.848437 -0.210321 -1.02804 -4.60096 -819.329 0 
2 824.587 0.306655 0.022512 0.681837 -0.87149 -0.21143 -0.558456 -4.34929 -819.679 0 
3 824.338 0.314922 0.0225068 0.671629 -0.837466 -0.203299 -0.84934 -4.10387 -819.384 0 
1 825.655 0.322011 0.0225286 0.666141 -0.829977 -0.204613 -1.48119 -4.38212 -819.792 0 
5 826.647 0.302433 0.0224082 0.68692 -0.902402 -0.21309 -0.724958 -4.81277 -821.109 0 
1 825.798 0.305162 0.0223371 0.68552 -0.902268 -0.233679 -0.0810746 -4.7196 -820.997 0 
4 826.122 0.301846 0.0225298 0.686125 -0.892512 -0.185455 -0.881117 -4.74869 -820.492 0 
1 824.269 0.30949 0.0225134 0.67738 -0.872022 -0.163544 -0.652171 -4.18658 -819.43 0 
2 823.951 0.315568 0.0224111 0.673879 -0.869855 -0.191957 -0.505186 -4.12966 -819.316 0 
6 824.598 0.314227 0.0224315 0.677201 -0.873076 -0.24515 -0.939379 -4.18405 -819.475 0 
1 824.299 0.317001 0.0225235 0.671967 -0.854584 -0.198165 -0.894381 -4.10546 -819.299 0 
4 824.191 0.318936 0.0224701 0.67189 -0.848397 -0.240247 -0.894417 -4.04023 -819.256 0 
1 824.263 0.322694 0.0224425 0.666351 -0.831217 -0.218606 -0.233829 -4.32657 -819.702 0 
1 824.341 0.318689 0.0223834 0.668437 -0.853233 -0.176122 -0.572464 -4.36343 -819.405 0 
2 824.527 0.315663 0.0222721 0.672437 -0.8801 -0.17571 -0.850234 -4.29347 -819.383 0 
1 825.578 0.322237 0.0222015 0.665242 -0.855784 -0.175295 -1.29924 -4.79926 -819.48 0 
4 825.388 0.319017 0.0222448 0.66729 -0.857702 -0.164422 -1.46854 -4.50724 -819.412 0 
9 826.103 0.314117 0.0221645 0.672913 -0.885961 -0.159334 -2.36739 -4.27114 -819.465 0 
1 827.968 0.313892 0.0222512 0.669415 -0.856364 -0.139764 -4.08295 -4.4822 -819.403 0 
1 825.914 0.313 0.0221679 0.674592 -0.892581 -0.162878 -2.04575 -4.25254 -819.616 0 
8 823.716 0.31311 0.0223441 0.675468 -0.881295 -0.183348 -0.10969 -4.12732 -819.479 0 
2 824.363 0.313719 0.0223101 0.673167 -0.866062 -0.186517 -0.982563 -4.06163 -819.319 0 
1 826.522 0.314005 0.0221437 0.673836 -0.891987 -0.177254 -2.5878 -4.32882 -819.606 0 
5 827.61 0.313159 0.022127 0.674906 -0.909348 -0.154515 -3.09091 -4.56506 -819.954 0 
1 829.416 0.305629 0.0222483 0.686163 -0.952209 -0.168207 -1.33574 -5.21303 -822.868 0 
1 828.86 0.311603 0.0222417 0.678741 -0.947067 -0.116898 -2.36232 -5.3089 -821.189 0 
1 829.003 0.31717 0.0221475 0.671689 -0.92441 -0.114279 -3.44783 -5.62665 -819.928 0 
1 830.016 0.310528 0.0221974 0.682599 -0.973254 -0.111809 -1.41716 -5.94335 -822.656 0 
1 831.725 0.296883 0.0223285 0.692998 -0.986473 -0.0817349 -0.925219 -5.08538 -825.714 0 
5 829.392 0.305433 0.0221594 0.683269 -0.953895 -0.110467 -2.38037 -4.75727 -822.255 0 
1 830.483 0.308595 0.0220907 0.677353 -0.93014 -0.0979534 -5.34059 -4.51168 -820.631 0 
1 829.781 0.302494 0.0222523 0.681203 -0.912441 -0.093692 -4.83375 -4.48042 -820.467 0 
1 827.562 0.304747 0.0222236 0.682022 -0.905732 -0.153719 -2.7738 -4.31609 -820.473 0 
4 827.373 0.301953 0.0222458 0.687394 -0.912692 -0.209151 -0.848745 -4.88661 -821.637 0 
2 826.762 0.303868 0.0222926 0.6836 -0.898026 -0.193799 -1.66542 -4.51232 -820.584 0 
3 824.634 0.313784 0.0222133 0.675614 -0.880203 -0.22414 -0.877128 -4.20687 -819.55 0 
4 823.895 0.314464 0.0222498 0.674154 -0.865745 -0.223278 -0.542211 -4.02582 -819.327 0 
3 823.299 0.313543 0.0223685 0.67529 -0.859242 -0.229085 -0.0238625 -3.97562 -819.3 0 
1 825.34 0.316221 0.0222252 0.675113 -0.886851 -0.219335 -1.3428 -4.45074 -819.546 0 
1 824.184 0.319125 0.0223009 0.6681 -0.846145 -0.199484 -0.57322 -4.20695 -819.404 0 
2 824.839 0.307177 0.0223588 0.68183 -0.90109 -0.176616 -0.333367 -4.23727 -820.268 0 
1 824.973 0.313116 0.0223992 0.677201 -0.887151 -0.186348 -1.21999 -4.17003 -819.583 0 
1 824.904 0.32121 0.0223611 0.668556 -0.870725 -0.165603 -0.672084 -4.8785 -819.353 0 
6 825.351 0.322334 0.0223487 0.664359 -0.854568 -0.140151 -0.43319 -5.21929 -819.698 0 
5 825.302 0.321499 0.0222915 0.665208 -0.857092 -0.150224 -0.777167 -4.96412 -819.561 0 
3 824.91 0.316213 0.0224671 0.669112 -0.851006 -0.144425 -0.849349 -4.56337 -819.497 0 
3 825.546 0.310377 0.022568 0.674566 -0.86978 -0.12328 -1.70191 -4.46141 -819.382 0 
4 827.821 0.316481 0.0225055 0.666719 -0.856417 -0.0965623 -2.91769 -5.22728 -819.677 0 
4 825.145 0.317588 0.0224922 0.669983 -0.889879 -0.096779 -0.529635 -5.17082 -819.444 0 
2 825.804 0.318413 0.0223699 0.670907 -0.90666 -0.0966232 -0.787128 -5.47869 -819.538 0 
6 825.207 0.312182 0.0225371 0.674182 -0.897694 -0.07885 -0.896327 -4.75286 -819.558 0 
1 826.633 0.326168 0.0222877 0.661762 -0.871193 -0.112334 -0.333266 -6.55815 -819.742 0 
3 824.977 0.321065 0.0222694 0.668287 -0.886619 -0.149743 -0.350134 -5.26343 -819.363 0 
2 824.789 0.32032 0.0224163 0.667452 -0.870088 -0.136635 -0.341967 -5.01287 -819.434 0 
3 825.015 0.318657 0.0224818 0.669911 -0.888348 -0.108441 -0.397974 -5.1916 -819.425 0 
1 825.002 0.311641 0.022559 0.674966 -0.884339 -0.11737 -1.16023 -4.38337 -819.458 0 
1 826.041 0.31151 0.0226653 0.674659 -0.876169 -0.109225 -2.09303 -4.53981 -819.408 0 
8 826.75 0.313018 0.0226721 0.673082 -0.882294 -0.0807998 -2.37621 -4.91964 -819.454 0 
1 828.306 0.310861 0.0226926 0.676436 -0.913288 -0.0609304 -3.69962 -4.79469 -819.811 0 
2 827.874 0.310919 0.0226727 0.675748 -0.901734 -0.0767391 -3.58409 -4.64861 -819.642 0 
1 826.898 0.309897 0.0225753 0.674782 -0.893505 -0.0758986 -2.68339 -4.65677 -819.558 0 
2 826.574 0.311017 0.0225029 0.673683 -0.878562 -0.111965 -2.70913 -4.44274 -819.422 0 
1 827.523 0.309291 0.0225557 0.67422 -0.878735 -0.0924476 -3.43038 -4.64664 -819.445 0 
2 826.614 0.307948 0.0225985 0.677343 -0.896964 -0.0862778 -2.45235 -4.4772 -819.685 0 
3 826.528 0.304908 0.0226001 0.680907 -0.906169 -0.0908436 -2.04909 -4.40968 -820.069 0 
3 825.687 0.304313 0.0224818 0.682035 -0.911219 -0.107035 -0.980279 -4.33778 -820.369 0 
3 826.511 0.31923 0.0225142 0.665452 -0.841652 -0.12328 -1.32015 -5.24436 -819.947 0 
2 826.396 0.319518 0.022486 0.665028 -0.849574 -0.110158 -1.13809 -5.38908 -819.868 0 
1 824.859 0.31354 0.022495 0.672543 -0.864 -0.13843 -1.07751 -4.41836 -819.363 0 
3 825.286 0.317896 0.0225336 0.668249 -0.853187 -0.132539 -0.886465 -4.8176 -819.582 0 
1 824.875 0.311829 0.0225182 0.67459 -0.873489 -0.131567 -1.12966 -4.36372 -819.382 0 
2 825.127 0.309794 0.02257 0.675644 -0.863381 -0.147013 -1.40293 -4.3727 -819.352 0 
4 825.449 0.308232 0.0225556 0.676756 -0.854806 -0.162413 -1.55939 -4.55915 -819.33 0 
1 825.38 0.310047 0.0224204 0.674779 -0.850299 -0.176097 -1.68085 -4.38847 -819.311 0 
1 824.125 0.308486 0.0224159 0.680067 -0.888936 -0.182756 -0.12249 -4.15239 -819.851 0 
1 824.629 0.315896 0.0224656 0.673505 -0.862007 -0.213212 -1.29933 -4.05346 -819.276 0 
2 824.638 0.307373 0.0224322 0.682618 -0.891655 -0.207397 -0.203133 -4.28225 -820.153 0 
2 823.597 0.313107 0.0223537 0.67498 -0.865702 -0.207089 -0.249079 -4.01016 -819.338 0 
3 823.661 0.31081 0.0224439 0.677026 -0.863334 -0.203133 -0.231564 -4.06606 -819.364 0 
1 824.95 0.318649 0.0223636 0.667688 -0.833964 -0.192965 -1.04927 -4.28636 -819.614 0 
1 824.215 0.319606 0.0223093 0.66765 -0.84149 -0.201471 -0.519416 -4.22209 -819.474 0 
7 824.421 0.319967 0.0224612 0.667091 -0.837103 -0.186158 -0.377211 -4.39397 -819.65 0 
1 826.249 0.317055 0.0223615 0.669283 -0.872743 -0.117674 -2.00077 -4.8277 -819.421 0 
1 826.813 0.314512 0.0223252 0.673032 -0.879173 -0.144225 -3.0858 -4.34506 -819.382 0 
1 824.64 0.320774 0.022223 0.667873 -0.865726 -0.187799 -0.698301 -4.62787 -819.314 0 
5 825.106 0.318512 0.0222903 0.668374 -0.863201 -0.167056 -1.29927 -4.45568 -819.351 0 
2 825.62 0.319267 0.022129 0.669321 -0.871673 -0.199477 -1.84283 -4.49026 -819.287 0 
2 824.164 0.312172 0.0222804 0.675755 -0.875823 -0.198817 -0.63672 -4.05928 -819.468 0 
2 825.424 0.322004 0.0224078 0.664166 -0.818277 -0.206408 -0.906431 -4.41037 -820.107 0 
2 826.447 0.319633 0.0223742 0.664802 -0.823983 -0.181539 -1.91743 -4.54082 -819.989 0 
1 825.936 0.321714 0.0223374 0.663516 -0.817269 -0.197405 -1.20653 -4.52991 -820.2 0 
1 825.342 0.318837 0.022216 0.668125 -0.864128 -0.172148 -1.54672 -4.45857 -819.337 0 
3 824.26 0.31916 0.0222631 0.669136 -0.865958 -0.180763 -0.494085 -4.45267 -819.313 0 
3 824.401 0.317517 0.0222141 0.671431 -0.873183 -0.20254 -0.773811 -4.31617 -819.311 0 
3 825.833 0.319092 0.0221182 0.669767 -0.878279 -0.189726 -1.91408 -4.59969 -819.319 0 
4 826.665 0.316052 0.0220858 0.674491 -0.902797 -0.197274 -2.05742 -4.79828 -819.809 0 
1 824.15 0.311574 0.0224101 0.676811 -0.874872 -0.198148 -0.62229 -4.05397 -819.474 0 
2 824.003 0.315334 0.0223804 0.675578 -0.882527 -0.208005 -0.247433 -4.27783 -819.477 0 
2 825.601 0.30575 0.0224272 0.684545 -0.912975 -0.174621 -0.392394 -4.36986 -820.839 0 
1 825.876 0.302465 0.0224457 0.686159 -0.911227 -0.166304 -0.302727 -4.53521 -821.038 0 
3 826.452 0.307485 0.0222467 0.678342 -0.896108 -0.144662 -2.3499 -4.19453 -819.907 0 
1 827.376 0.300927 0.0224089 0.684374 -0.897525 -0.147245 -2.17864 -4.74177 -820.455 0 
2 826.168 0.317549 0.0222821 0.66749 -0.846753 -0.172465 -2.37425 -4.32722 -819.467 0 
3 827.656 0.308237 0.0223195 0.678252 -0.890014 -0.139283 -3.71962 -4.23516 -819.701 0 
3 826.954 0.305598 0.0223308 0.67909 -0.892286 -0.123041 -2.74941 -4.38436 -819.82 0 
9 824.624 0.31355 0.0223198 0.673577 -0.885326 -0.140172 -0.858389 -4.3183 -819.447 0 
1 824.56 0.320442 0.0224014 0.666881 -0.860863 -0.145636 -0.182819 -4.88228 -819.495 0 
1 825.286 0.3223 0.0223312 0.667721 -0.878412 -0.167135 -0.70597 -5.2445 -819.336 0 
1 825.51 0.309222 0.0224092 0.68106 -0.906005 -0.167459 -1.06517 -4.23916 -820.206 0 
6 823.558 0.314989 0.0223462 0.673825 -0.874064 -0.191721 -0.0612122 -4.14084 -819.356 0 
4 823.934 0.313165 0.0224026 0.676247 -0.892218 -0.167139 -0.0617028 -4.25739 -819.615 0 
1 824.206 0.31591 0.0223147 0.673577 -0.892239 -0.167641 -0.184902 -4.51019 -819.511 0 
6 824.176 0.315733 0.0222944 0.672413 -0.883959 -0.160568 -0.385058 -4.38602 -819.405 0 
6 824.771 0.319561 0.0222366 0.670206 -0.888471 -0.169127 -0.446004 -4.94721 -819.378 0 
2 827.138 0.318098 0.02215 0.669519 -0.888359 -0.1553 -2.9596 -4.7812 -819.397 0 
1 825.482 0.314566 0.022185 0.674521 -0.897945 -0.178678 -1.29189 -4.48704 -819.703 0 
3 824.99 0.314381 0.0222042 0.674942 -0.897827 -0.179191 -0.820325 -4.45762 -819.712 0 
14 824.928 0.312908 0.0222311 0.676838 -0.898541 -0.183532 -0.765456 -4.33375 -819.829 0 
6 824.58 0.31392 0.0223822 0.67735 -0.899139 -0.187664 -0.335128 -4.44241 -819.803 0 
1 825.082 0.309014 0.0223545 0.681651 -0.914655 -0.174427 -0.102479 -4.39899 -820.58 0 
2 825.277 0.307323 0.0224138 0.682647 -0.915103 -0.155932 -0.369322 -4.29786 -820.61 0 
4 824.458 0.322272 0.0223777 0.667082 -0.853331 -0.198386 -0.436862 -4.61197 -819.409 0 
8 824.867 0.312565 0.0222537 0.676837 -0.90847 -0.155813 -0.438953 -4.45335 -819.975 0 
1 824.317 0.313253 0.0222929 0.675506 -0.89128 -0.175873 -0.44111 -4.25467 -819.621 0 
8 824.685 0.320521 0.022301 0.667745 -0.868887 -0.166248 -0.565841 -4.7683 -819.351 0 
6 824.189 0.317861 0.0223497 0.671507 -0.876211 -0.184132 -0.428219 -4.43799 -819.323 0 
4 823.792 0.312149 0.0223976 0.676543 -0.885653 -0.170091 -0.10201 -4.14026 -819.549 0 
1 824.278 0.317619 0.022371 0.669116 -0.853611 -0.168136 -0.511738 -4.36077 -819.406 0 
1 825.431 0.320968 0.0224501 0.664658 -0.826632 -0.175189 -0.692642 -4.68945 -820.049 0 
3 823.924 0.317365 0.0223429 0.670502 -0.853495 -0.194897 -0.465323 -4.14199 -819.317 0 
1 823.784 0.310148 0.0224091 0.678121 -0.879335 -0.188236 -0.121796 -4.08615 -819.576 0 
1 823.986 0.312414 0.0224787 0.677641 -0.868839 -0.22109 -0.543041 -4.0274 -819.415 0 
1 825.841 0.313591 0.022357 0.679514 -0.894378 -0.241139 -1.30161 -4.56294 -819.976 0 
6 825.781 0.310078 0.0226534 0.677757 -0.856954 -0.195015 -2.29692 -4.1634 -819.32 0 
4 826.05 0.316644 0.0226031 0.672838 -0.840214 -0.235486 -2.84078 -3.91876 -819.29 0 
1 827.823 0.307915 0.0226669 0.683584 -0.871126 -0.241455 -3.76513 -4.31462 -819.743 0 
5 827.279 0.313245 0.0226459 0.676691 -0.824406 -0.273602 -3.91044 -4.09446 -819.274 0 
2 829.174 0.317233 0.0225088 0.674504 -0.829322 -0.287948 -6.0856 -3.83623 -819.253 0 
2 831.425 0.320279 0.0224247 0.672421 -0.814897 -0.32947 -8.30866 -3.77155 -819.345 0 
9 827.795 0.331232 0.0225226 0.659614 -0.762159 -0.329252 -1.63439 -4.06365 -822.097 0 
4 827.681 0.328383 0.0225616 0.660102 -0.754241 -0.317648 -1.20407 -4.06837 -822.408 0 
1 828.825 0.327158 0.0225822 0.659916 -0.753377 -0.287664 -1.51337 -4.52572 -822.786 0 
1 829.011 0.325694 0.0225654 0.661905 -0.758744 -0.294255 -2.51446 -4.3366 -822.16 0 
3 828.783 0.327425 0.0225408 0.658972 -0.744048 -0.299939 -0.974446 -4.5524 -823.256 0 
5 828.258 0.329157 0.0225459 0.658486 -0.750975 -0.299069 -0.824711 -4.4113 -823.022 0 
6 828.484 0.334456 0.0222513 0.653862 -0.746694 -0.332953 -0.65637 -4.35739 -823.47 0 
3 826.656 0.334203 0.022207 0.658199 -0.76196 -0.393937 -1.02396 -4.07201 -821.56 0 
3 827.359 0.33575 0.0221321 0.656886 -0.76762 -0.38888 -1.41782 -4.4477 -821.494 0 
1 827.268 0.336105 0.0222266 0.657279 -0.763519 -0.40149 -1.26188 -4.419 -821.587 0 
2 826.879 0.331308 0.022183 0.661928 -0.780376 -0.39494 -2.36681 -4.08573 -820.427 0 
7 825.512 0.329198 0.0222823 0.664221 -0.792018 -0.379531 -1.42208 -4.09591 -819.994 0 
1 825.271 0.321786 0.0224604 0.670961 -0.794902 -0.384843 -1.9783 -3.78513 -819.507 0 
8 825.123 0.316775 0.0224315 0.676014 -0.812739 -0.38428 -1.76228 -4.15643 -819.204 0 
6 824.675 0.321547 0.0223972 0.669854 -0.803959 -0.358213 -1.4291 -3.80007 -819.445 0 
7 823.98 0.319154 0.022381 0.672763 -0.820296 -0.339504 -0.858387 -3.88831 -819.233 0 
1 824.452 0.319914 0.0224059 0.668883 -0.803708 -0.310974 -1.08566 -3.73709 -819.629 0 
6 823.405 0.320934 0.0223746 0.668387 -0.810588 -0.295122 -0.0207683 -3.7739 -819.611 0 
5 823.715 0.316836 0.0223747 0.673267 -0.813921 -0.32668 -0.553368 -3.86987 -819.292 0 
1 824.807 0.311684 0.0223101 0.677433 -0.827975 -0.315114 -1.28517 -4.28247 -819.239 0 
5 823.906 0.317121 0.0222264 0.672543 -0.820043 -0.328461 -0.788036 -3.88191 -819.236 0 
1 823.956 0.31563 0.0223535 0.673114 -0.818535 -0.296492 -0.741176 -3.90952 -819.305 0 
4 824.856 0.320935 0.022373 0.670611 -0.818853 -0.315101 -1.6852 -3.81103 -819.36 0 
2 825.669 0.323872 0.0225022 0.663821 -0.768675 -0.313514 -0.608358 -3.90284 -821.158 0 
1 825.224 0.321874 0.0223859 0.667817 -0.793305 -0.319769 -1.54815 -3.72178 -819.954 0 
2 824.877 0.324137 0.0224441 0.664994 -0.761422 -0.363014 -0.243494 -3.67553 -820.958 0 
3 826.281 0.325924 0.0224427 0.666398 -0.784789 -0.382376 -2.54645 -3.74037 -819.994 0 
9 827.104 0.332314 0.0223831 0.661021 -0.777684 -0.376351 -2.11413 -4.17682 -820.813 0 
5 827.298 0.332672 0.0224284 0.659048 -0.771488 -0.341904 -1.53993 -4.19463 -821.563 0 
1 824.675 0.327005 0.0223773 0.664376 -0.777569 -0.368696 -0.560147 -3.66946 -820.445 0 
8 824.501 0.327118 0.0222385 0.664705 -0.791911 -0.367251 -0.67647 -3.86476 -819.96 0 
1 823.635 0.319328 0.0223882 0.669813 -0.795393 -0.338612 -0.242326 -3.75416 -819.639 0 
3 823.866 0.312752 0.0224351 0.677923 -0.834483 -0.320243 -0.420669 -4.19166 -819.254 0 
1 824.819 0.310096 0.0224063 0.68132 -0.836016 -0.348477 -0.700652 -4.69223 -819.426 0 
1 825.304 0.307867 0.0223328 0.683826 -0.850715 -0.357712 -0.183301 -5.20505 -819.916 0 
16 824.095 0.315016 0.0221952 0.674398 -0.824864 -0.337227 -0.823472 -4.06594 -819.205 0 
1 823.968 0.320717 0.0222009 0.670925 -0.809866 -0.380345 -0.726701 -3.98135 -819.259 0 
2 825.621 0.324567 0.0220903 0.667506 -0.79793 -0.404256 -2.16932 -3.99567 -819.456 0 
1 826.511 0.330215 0.0221323 0.660495 -0.754551 -0.431723 -1.79937 -3.63379 -821.078 0 
1 825.987 0.324939 0.0220451 0.66733 -0.796485 -0.421958 -2.43378 -4.13478 -819.419 0 
6 825.277 0.327441 0.0221688 0.666132 -0.787964 -0.434267 -1.45717 -4.17836 -819.641 0 
3 823.833 0.322726 0.0222825 0.667561 -0.777441 -0.396684 -0.229789 -3.67572 -819.928 0 
1 824.605 0.318424 0.0222197 0.673186 -0.812936 -0.378797 -1.36024 -4.03307 -819.211 0 
2 824.94 0.32178 0.0222196 0.671195 -0.824906 -0.360546 -1.59257 -4.16331 -819.184 0 
1 824.237 0.32158 0.0224403 0.667672 -0.795341 -0.317754 -0.635301 -3.71063 -819.891 0 
1 823.269 0.315051 0.0223858 0.673288 -0.822093 -0.286448 -0.0565259 -3.92517 -819.287 0 
3 823.688 0.319803 0.0223179 0.668265 -0.815268 -0.278341 -0.322535 -3.80931 -819.556 0 
2 824.228 0.323742 0.0222933 0.664602 -0.804919 -0.281954 -0.312793 -3.90609 -820.009 0 
2 825.016 0.311189 0.0224971 0.676437 -0.825372 -0.261787 -1.40868 -4.33493 -819.272 0 
2 825.583 0.323701 0.0225306 0.664294 -0.780052 -0.290264 -0.74099 -3.96704 -820.875 0 
5 826.071 0.321162 0.0226124 0.669011 -0.806023 -0.283824 -2.44903 -3.81448 -819.808 0 
1 824.466 0.324036 0.0223975 0.667654 -0.832045 -0.274756 -0.803762 -4.23622 -819.426 0 
11 823.993 0.32276 0.0223801 0.668322 -0.831747 -0.275792 -0.509722 -4.09936 -819.384 0 
1 824.062 0.322527 0.0223788 0.669046 -0.828496 -0.296101 -0.687986 -4.0329 -819.341 0 
3 825.807 0.32597 0.0222314 0.662856 -0.801053 -0.302895 -1.7408 -3.95781 -820.108 0 
2 825.883 0.323342 0.0222309 0.663416 -0.77659 -0.325077 -1.52444 -3.73883 -820.62 0 
4 825.858 0.327255 0.0222607 0.661097 -0.779149 -0.323422 -1.16558 -3.82483 -820.867 0 
2 825.838 0.329382 0.0222456 0.659309 -0.767245 -0.334497 -0.432281 -3.87581 -821.53 0 
4 826.126 0.326937 0.0221309 0.663569 -0.796819 -0.338388 -2.21452 -3.89247 -820.019 0 
3 825.183 0.32729 0.0223097 0.661497 -0.78888 -0.300701 -0.49828 -3.99153 -820.693 0 
3 823.962 0.311212 0.0223566 0.675946 -0.827476 -0.279485 -0.463921 -4.25518 -819.243 0 
8 824.286 0.311492 0.022484 0.675228 -0.81532 -0.273828 -0.542283 -4.41351 -819.33 0 
2 825.287 0.316806 0.0224213 0.672714 -0.80167 -0.326418 -1.89355 -3.92187 -819.471 0 
2 825.265 0.323435 0.0223568 0.663485 -0.766363 -0.325847 -0.326675 -3.85562 -821.082 0 
3 824.902 0.316346 0.0224541 0.670484 -0.769824 -0.349398 -0.354607 -4.40122 -820.146 0 
1 824.498 0.318754 0.0224751 0.670204 -0.771325 -0.369913 -0.427283 -3.98634 -820.085 0 
2 824.738 0.317805 0.0224818 0.670665 -0.776118 -0.363768 -0.794021 -4.02182 -819.922 0 
2 825.028 0.314928 0.0223449 0.672907 -0.807903 -0.327796 -1.67797 -4.02652 -819.323 0 
1 823.467 0.315534 0.0223371 0.675278 -0.823138 -0.342429 -0.21683 -4.04723 -819.203 0 
2 824.168 0.319396 0.0223658 0.670773 -0.814523 -0.327839 -1.02855 -3.8055 -819.334 0 
2 825.213 0.312349 0.0225348 0.676973 -0.809678 -0.337972 -1.58324 -4.37281 -819.257 0 
2 826.729 0.306995 0.0226405 0.682037 -0.830151 -0.299985 -2.44456 -4.95588 -819.329 0 
2 827.48 0.311413 0.0227188 0.675693 -0.804056 -0.277206 -3.3619 -4.64574 -819.472 0 
8 826.259 0.313928 0.0226609 0.675764 -0.810943 -0.302852 -2.80206 -4.11568 -819.341 0 
3 827.43 0.312836 0.0226701 0.678521 -0.823679 -0.3128 -4.04913 -4.15507 -819.226 0 
4 826.096 0.313031 0.0226438 0.676739 -0.807407 -0.321261 -2.50367 -4.27752 -819.314 0 
1 825.226 0.307183 0.022348 0.683196 -0.851264 -0.316368 -0.63017 -4.87453 -819.721 0 
8 823.752 0.316064 0.0224904 0.67285 -0.810942 -0.299595 -0.436433 -3.91172 -819.404 0 
5 825.001 0.304861 0.0224761 0.68276 -0.861343 -0.229988 -0.622125 -4.73771 -819.641 0 
7 824.473 0.306924 0.0224362 0.679979 -0.852439 -0.232414 -0.541196 -4.52076 -819.411 0 
2 826.097 0.302569 0.0224925 0.683375 -0.852933 -0.229792 -1.17279 -5.33611 -819.588 0 
1 825.527 0.307485 0.0225565 0.678766 -0.83436 -0.243575 -1.53742 -4.71308 -819.277 0 
6 824.507 0.316351 0.022543 0.672894 -0.832864 -0.254116 -1.33605 -3.87475 -819.296 0 
7 826.839 0.313275 0.0224714 0.678261 -0.878538 -0.244002 -2.94799 -4.27375 -819.617 0 
6 825.327 0.312389 0.0224382 0.678976 -0.878917 -0.245381 -1.39309 -4.25447 -819.68 0 
1 823.826 0.318782 0.0222502 0.672099 -0.848687 -0.286716 -0.496815 -4.12787 -819.201 0 
5 824.706 0.32825 0.0222541 0.662991 -0.811519 -0.301642 -0.406324 -4.35961 -819.94 0 
1 826.117 0.331388 0.0221595 0.660821 -0.813921 -0.306425 -1.13976 -4.94106 -820.036 0 
2 825.64 0.330999 0.0223007 0.660594 -0.805566 -0.295002 -0.533615 -4.70851 -820.398 0 
1 825.609 0.330074 0.0223238 0.661141 -0.807883 -0.287659 -0.667993 -4.63153 -820.31 0 
3 825.613 0.32072 0.0224548 0.671458 -0.83452 -0.282856 -2.38259 -3.95559 -819.274 0 
1 825.73 0.32902 0.0223923 0.660191 -0.779891 -0.301624 -0.357682 -4.11135 -821.261 0 
1 827.249 0.326661 0.0221869 0.664882 -0.806506 -0.325975 -3.43622 -4.00638 -819.806 0 
1 824.254 0.324638 0.0223934 0.665933 -0.790705 -0.332502 -0.429021 -3.71092 -820.114 0 
1 825.335 0.315756 0.0225773 0.672913 -0.787957 -0.338755 -1.52895 -4.14707 -819.659 0 
1 826.593 0.309321 0.0226325 0.677448 -0.788378 -0.325812 -1.66042 -5.44731 -819.486 0 
3 825.494 0.311112 0.0225771 0.677559 -0.79876 -0.335005 -1.37064 -4.77724 -819.346 0 
1 825.33 0.311243 0.0224381 0.678835 -0.824335 -0.323999 -1.69029 -4.39863 -819.241 0 
1 824.11 0.316459 0.0224141 0.672368 -0.806452 -0.309414 -0.743625 -3.9174 -819.449 0 
1 824.443 0.318431 0.0224602 0.67305 -0.834464 -0.287305 -1.33541 -3.87581 -819.232 0 
1 824.804 0.313034 0.0223828 0.678067 -0.858526 -0.269812 -1.3619 -4.06601 -819.376 0 
1 823.523 0.319414 0.0224077 0.669726 -0.817055 -0.286314 -0.266496 -3.79056 -819.466 0 
4 823.404 0.316949 0.0223631 0.671953 -0.832028 -0.273687 -0.294353 -3.84831 -819.261 0 
8 823.62 0.315282 0.0223947 0.675867 -0.844736 -0.295005 -0.37778 -4.00727 -819.235 0 
11 823.44 0.315668 0.0223945 0.675068 -0.837934 -0.297306 -0.287892 -3.94254 -819.21 0 
1 824.235 0.310278 0.0223122 0.680181 -0.855945 -0.297476 -0.31769 -4.36846 -819.549 0 
2 824.962 0.317524 0.0221803 0.672584 -0.853546 -0.264585 -1.6998 -4.03478 -819.227 0 
1 823.643 0.315228 0.0223703 0.671821 -0.828225 -0.248555 -0.358504 -3.94607 -819.338 0 
3 824.831 0.312284 0.0223565 0.678369 -0.863122 -0.258407 -1.31418 -4.07942 -819.437 0 
3 824.089 0.316788 0.0223189 0.672748 -0.852913 -0.235125 -0.86925 -3.97551 -819.244 0 
1 824.24 0.313283 0.0224522 0.673415 -0.839375 -0.210344 -0.800762 -4.12548 -819.314 0 
1 824.417 0.317448 0.0224237 0.668501 -0.825504 -0.210563 -0.630326 -4.15671 -819.63 0 
3 824.916 0.310496 0.0224013 0.676774 -0.858432 -0.222292 -1.49033 -4.07302 -819.353 0 
2 823.867 0.312738 0.0224221 0.674371 -0.847143 -0.220814 -0.591593 -4.01007 -819.265 0 
10 824.687 0.307558 0.0223885 0.683191 -0.875334 -0.26945 -0.0907077 -4.54612 -820.051 0 
2 825.71 0.309018 0.0224313 0.683422 -0.871521 -0.30309 -0.956164 -4.70293 -820.051 0 
1 825.318 0.310388 0.0223732 0.682332 -0.863581 -0.326489 -0.716078 -4.72983 -819.872 0 
2 824.69 0.315277 0.0224096 0.673499 -0.811504 -0.326764 -1.41897 -3.97939 -819.292 0 
4 825.31 0.322379 0.0220722 0.668892 -0.820068 -0.359274 -1.97805 -4.09884 -819.233 0 
1 826.013 0.329567 0.0220847 0.662888 -0.795541 -0.383362 -1.87076 -4.26245 -819.88 0 
7 826.684 0.327579 0.0221509 0.666601 -0.835732 -0.332313 -2.44753 -4.98979 -819.246 0 
8 826.471 0.327554 0.0221264 0.666063 -0.831798 -0.332225 -2.33554 -4.8412 -819.294 0 
1 825.717 0.324224 0.022127 0.66738 -0.828003 -0.316301 -2.20833 -4.19333 -819.316 0 
3 825.73 0.325146 0.0222443 0.666759 -0.811899 -0.327964 -2.18225 -3.96606 -819.581 0 
3 826.571 0.312371 0.0223009 0.678178 -0.823283 -0.348786 -2.95595 -4.37405 -819.241 0 
2 826.085 0.303177 0.0224834 0.685386 -0.82867 -0.335079 -0.367605 -6.13477 -819.582 0 
1 826.037 0.305129 0.0224159 0.682654 -0.829528 -0.325343 -1.06921 -5.50574 -819.462 0 
1 827.362 0.302626 0.0224709 0.687087 -0.84641 -0.337188 -1.2644 -6.03793 -820.06 0 
1 826.251 0.312669 0.0225898 0.673889 -0.784416 -0.322258 -1.78529 -4.76155 -819.704 0 
1 827.782 0.323868 0.0224151 0.66357 -0.776367 -0.31896 -3.29431 -3.74972 -820.738 0 
1 826.98 0.320562 0.0223095 0.667297 -0.803126 -0.311486 -3.58259 -3.7276 -819.67 0 
4 824.881 0.316363 0.0223741 0.675978 -0.868293 -0.273265 -1.13532 -4.34794 -819.397 0 
6 824.65 0.315617 0.0225233 0.675311 -0.824951 -0.314384 -1.50046 -3.93007 -819.22 0 
2 825.147 0.316298 0.0225002 0.6715 -0.808274 -0.290119 -1.73755 -3.91058 -819.499 0 
3 824.248 0.317377 0.022484 0.673241 -0.817817 -0.319602 -1.12896 -3.8402 -819.279 0 
3 824.407 0.314187 0.0223195 0.678104 -0.853809 -0.326704 -0.562618 -4.40802 -819.436 0 
1 824.16 0.311318 0.0223541 0.678775 -0.844785 -0.312864 -0.453226 -4.32847 -819.379 0 
6 824.017 0.315486 0.0222791 0.672812 -0.820471 -0.31185 -0.845995 -3.92151 -819.249 0 
2 825.172 0.308731 0.0222098 0.68135 -0.855183 -0.324657 -0.648632 -4.76221 -819.761 0 
1 825.034 0.311805 0.0221842 0.679593 -0.851674 -0.346169 -0.772174 -4.65737 -819.604 0 
1 825.122 0.316395 0.0222693 0.67717 -0.85635 -0.342052 -1.05728 -4.63423 -819.43 0 
5 824.768 0.317481 0.0223034 0.675163 -0.853454 -0.319661 -1.08364 -4.39872 -819.285 0 
2 825.033 0.322004 0.0223241 0.670417 -0.833036 -0.32667 -1.61265 -4.22325 -819.197 0 
4 824.947 0.315481 0.022407 0.677571 -0.842802 -0.33947 -1.39129 -4.27443 -819.282 0 
5 825.007 0.321085 0.0222955 0.672671 -0.839032 -0.343768 -1.46543 -4.38109 -819.16 0 
3 823.862 0.317025 0.0222611 0.674663 -0.853634 -0.300198 -0.390645 -4.20622 -819.265 0 
1 825.629 0.313903 0.0222164 0.67942 -0.868806 -0.332608 -1.01552 -4.81974 -819.794 0 
3 824.978 0.317297 0.0222483 0.676021 -0.849577 -0.353293 -1.03382 -4.61504 -819.329 0 
1 825.362 0.324215 0.0221406 0.668769 -0.831062 -0.357506 -1.59664 -4.59519 -819.17 0 
3 827.993 0.329485 0.022178 0.663459 -0.807425 -0.372963 -3.69918 -4.67016 -819.624 0 
2 824.974 0.323493 0.0221385 0.668683 -0.823959 -0.36002 -1.44488 -4.31826 -819.211 0 
1 827.929 0.331673 0.0222466 0.660005 -0.776406 -0.380726 -3.06076 -4.10406 -820.764 0 
2 826.397 0.326437 0.0224051 0.664885 -0.780286 -0.375087 -2.46114 -3.69414 -820.242 0 
5 824.06 0.322061 0.0224137 0.669275 -0.795856 -0.36008 -0.721541 -3.71165 -819.627 0 
9 824.425 0.320099 0.0224995 0.670008 -0.78813 -0.348148 -0.885489 -3.73584 -819.804 0 
11 826.426 0.313589 0.022619 0.677407 -0.817085 -0.332672 -3.04109 -4.15582 -819.229 0 
3 825.122 0.31353 0.0224532 0.678184 -0.814468 -0.370864 -1.52954 -4.3695 -819.223 0 
1 825.018 0.310385 0.0224182 0.681325 -0.82495 -0.378206 -0.754587 -4.89187 -819.371 0 
1 824.335 0.319109 0.0223036 0.672859 -0.808719 -0.377287 -1.13147 -3.9489 -819.255 0 
2 824.37 0.309765 0.0222732 0.680434 -0.842462 -0.337156 -0.202252 -4.66878 -819.499 0 
4 825.25 0.308698 0.0222177 0.680813 -0.838511 -0.343742 -0.871902 -4.86588 -819.512 0 
3 825.623 0.309911 0.0221693 0.678825 -0.827601 -0.357104 -1.48114 -4.78765 -819.355 0 
5 827.259 0.311389 0.022044 0.677879 -0.84055 -0.351313 -3.20612 -4.60685 -819.446 0 
4 826.637 0.305989 0.0221798 0.682551 -0.855154 -0.307107 -1.80233 -4.99288 -819.842 0 
5 825.654 0.303874 0.0223448 0.683623 -0.854127 -0.275735 -0.702938 -5.18151 -819.77 0 
3 826.434 0.302834 0.0222832 0.686921 -0.87798 -0.287349 -0.330097 -5.36608 -820.738 0 
1 826.558 0.303816 0.0223269 0.68306 -0.843743 -0.280705 -1.58891 -5.39448 -819.575 0 
1 829.14 0.296762 0.0223368 0.692092 -0.883388 -0.272796 -0.950029 -6.62046 -821.569 0 
3 829.713 0.299128 0.0222458 0.689547 -0.878247 -0.277889 -2.55915 -6.07963 -821.074 0 
3 828.395 0.303363 0.0222344 0.684668 -0.873744 -0.250178 -3.21966 -4.97156 -820.203 0 
1 828.141 0.309067 0.022142 0.681389 -0.872875 -0.286369 -3.65122 -4.5164 -819.974 0 
1 828.003 0.298419 0.0223673 0.688683 -0.871966 -0.248814 -1.31409 -6.10493 -820.584 0 
1 828.988 0.296489 0.0223389 0.691933 -0.891306 -0.253723 -0.798147 -6.40127 -821.788 0 
3 825.05 0.30651 0.0223739 0.681165 -0.858053 -0.256577 -0.872551 -4.57077 -819.607 0 
2 825.509 0.305902 0.0224155 0.680932 -0.849568 -0.255405 -1.28989 -4.74106 -819.478 0 
1 826.082 0.311468 0.0222786 0.674019 -0.831553 -0.255352 -2.6614 -4.16494 -819.256 0 
1 826.187 0.303712 0.0222687 0.684181 -0.878443 -0.241308 -1.09814 -4.82431 -820.264 0 
2 824.835 0.309408 0.0222935 0.677083 -0.845681 -0.247655 -1.25972 -4.27081 -819.305 0 
2 824.969 0.317237 0.0221931 0.670907 -0.846654 -0.254043 -1.78813 -3.95054 -819.23 0 
3 826.986 0.311893 0.0221819 0.676134 -0.865697 -0.253209 -3.37956 -4.12838 -819.478 0 
2 825.658 0.312694 0.0223388 0.674473 -0.837248 -0.265862 -2.41061 -4.00944 -819.237 0 
3 825.658 0.306876 0.0222755 0.682957 -0.884967 -0.258465 -0.693281 -4.61798 -820.346 0 
3 825.654 0.309062 0.0222439 0.681817 -0.883818 -0.277253 -0.74466 -4.65341 -820.256 0 
1 825.171 0.312823 0.0221605 0.677748 -0.844408 -0.335562 -1.41702 -4.369 -819.385 0 
2 823.726 0.316819 0.022219 0.6728 -0.815739 -0.347452 -0.539368 -3.95589 -819.23 0 
3 824.188 0.32426 0.0223537 0.664903 -0.773609 -0.352203 -0.00453725 -3.63727 -820.546 0 
5 823.801 0.312637 0.0224032 0.675912 -0.804137 -0.346912 -0.0971306 -4.418 -819.286 0 
2 825.425 0.307427 0.0222986 0.683913 -0.846454 -0.368557 -0.143993 -5.37394 -819.907 0 
4 825.567 0.311537 0.0222114 0.681062 -0.854549 -0.363839 -0.846348 -4.93548 -819.785 0 
3 824.119 0.314719 0.0222095 0.676141 -0.828593 -0.365659 -0.542966 -4.33615 -819.24 0 
1 824.079 0.320566 0.0221896 0.670683 -0.806105 -0.389564 -0.800097 -4.00281 -819.276 0 
4 824.459 0.315587 0.0221834 0.676064 -0.828576 -0.383378 -0.747146 -4.46373 -819.248 0 
1 823.955 0.31755 0.0222318 0.673923 -0.820874 -0.37601 -0.58005 -4.19072 -819.185 0 
3 825.562 0.310492 0.0221532 0.679648 -0.845521 -0.350299 -1.23942 -4.74648 -819.576 0 
4 825.971 0.319776 0.0222334 0.667076 -0.776377 -0.357841 -2.08943 -3.80864 -820.073 0 
1 825.73 0.31441 0.0222917 0.671792 -0.782918 -0.354633 -1.67596 -4.41841 -819.636 0 
1 824.285 0.317315 0.0223109 0.671883 -0.790775 -0.38301 -0.824836 -4.01279 -819.448 0 
6 823.962 0.320646 0.0223196 0.670384 -0.800556 -0.37593 -0.718532 -3.84081 -819.402 0 
1 824.205 0.316499 0.0224066 0.675426 -0.811968 -0.374184 -0.890551 -4.09861 -819.216 0 
4 824.063 0.320175 0.022285 0.670353 -0.792424 -0.376098 -0.746741 -3.77491 -819.541 0 
1 824.613 0.321796 0.022202 0.668153 -0.793772 -0.361607 -1.26146 -3.69508 -819.656 0 
6 824.98 0.32695 0.0222864 0.662296 -0.774465 -0.337803 -0.354557 -3.734 -820.892 0 
1 825.584 0.331276 0.0222822 0.660139 -0.776122 -0.359116 -0.582775 -4.02243 -820.979 0 
12 825.453 0.327873 0.0223475 0.661126 -0.766318 -0.333084 -0.202382 -3.81315 -821.438 0 
2 825.051 0.318095 0.0224674 0.670788 -0.795782 -0.311629 -1.4233 -3.89452 -819.733 0 
6 824.3 0.325018 0.0223606 0.66381 -0.788993 -0.303926 -0.000786452 -3.83414 -820.465 0 
4 825.038 0.328056 0.0223567 0.661703 -0.788917 -0.306842 -0.322588 -4.02243 -820.693 0 
5 825.032 0.326669 0.0222615 0.662301 -0.797723 -0.298255 -0.711117 -4.00381 -820.317 0 
2 823.781 0.321622 0.0223356 0.666653 -0.804442 -0.289529 -0.148491 -3.79541 -819.837 0 
11 823.881 0.323276 0.0222553 0.666856 -0.806365 -0.32097 -0.43368 -3.78376 -819.664 0 
2 825.11 0.329161 0.022275 0.661754 -0.803099 -0.297068 -0.441497 -4.34546 -820.323 0 
1 826.474 0.328477 0.0223493 0.659742 -0.790058 -0.274205 -1.10217 -4.32078 -821.051 0 
1 824.487 0.32363 0.0224559 0.665132 -0.805517 -0.25963 -0.265054 -4.05155 -820.171 0 
6 823.845 0.318035 0.0223879 0.672577 -0.840772 -0.267525 -0.707024 -3.90586 -819.232 0 
2 824.018 0.317505 0.0224201 0.669251 -0.808553 -0.260836 -0.324681 -3.98661 -819.707 0 
6 823.831 0.31937 0.0223556 0.668139 -0.807448 -0.280018 -0.301422 -3.82638 -819.703 0 
3 823.978 0.312352 0.0224384 0.674408 -0.824923 -0.259719 -0.525075 -4.16295 -819.29 0 
6 823.216 0.315781 0.0224057 0.673288 -0.842343 -0.251755 -0.0807044 -3.89546 -819.24 0 
2 826.695 0.314306 0.0224134 0.678594 -0.868553 -0.2714 -3.01927 -4.19436 -819.481 0 
2 824.635 0.318896 0.0224319 0.673314 -0.845811 -0.280999 -1.4018 -4.02995 -819.203 0 
5 825.617 0.326637 0.022313 0.665414 -0.821917 -0.309992 -1.68626 -4.39667 -819.534 0 
2 824.453 0.317989 0.0224284 0.674297 -0.843989 -0.296343 -1.2316 -4.02281 -819.199 0 
3 826.5 0.325886 0.0225122 0.662171 -0.78587 -0.272234 -1.34293 -4.13709 -821.02 0 
1 825.74 0.328196 0.0223948 0.660602 -0.775211 -0.310008 -0.460467 -3.97359 -821.306 0 
2 825.974 0.327115 0.0224236 0.66225 -0.798441 -0.279013 -1.29459 -4.16664 -820.513 0 
8 824.439 0.320629 0.0224954 0.670267 -0.813604 -0.305986 -1.19226 -3.76847 -819.478 0 
2 824.602 0.319573 0.0225217 0.671039 -0.815366 -0.300433 -1.39484 -3.77134 -819.435 0 
3 826.954 0.325336 0.0224647 0.662145 -0.760912 -0.328624 -1.6088 -3.8294 -821.516 0 
5 824.696 0.317123 0.0225496 0.671562 -0.789477 -0.324909 -0.930601 -3.99926 -819.766 0 
3 824.487 0.312606 0.0225022 0.674675 -0.799178 -0.315095 -0.590486 -4.46182 -819.435 0 
1 825.125 0.309384 0.022476 0.676722 -0.804643 -0.302354 -0.813116 -4.97664 -819.335 0 
3 825.263 0.310818 0.0224163 0.675026 -0.798825 -0.304169 -0.98201 -4.84727 -819.434 0 
1 825.927 0.304165 0.0223983 0.68653 -0.861839 -0.311611 -0.351332 -5.35725 -820.218 0 
8 825.553 0.313664 0.0222233 0.674494 -0.826677 -0.322078 -2.23156 -4.1046 -819.217 0 
2 824.492 0.309497 0.0224641 0.678744 -0.842451 -0.270796 -0.866202 -4.3141 -819.312 0 
4 825.259 0.306444 0.0223812 0.683486 -0.858265 -0.304975 -0.4741 -4.90608 -819.879 0 
2 825.273 0.311255 0.0221965 0.680045 -0.876082 -0.285992 -0.887698 -4.48568 -819.899 0 
2 824.268 0.3139 0.0222056 0.674493 -0.835872 -0.296349 -1.04179 -4.0028 -819.223 0 
3 824.541 0.314445 0.0222407 0.673664 -0.835705 -0.288481 -1.37075 -3.95156 -819.219 0 
1 823.678 0.319258 0.0222871 0.6695 -0.810507 -0.314755 -0.475022 -3.75812 -819.445 0 
1 824.932 0.320588 0.0221894 0.667094 -0.792479 -0.335315 -1.43037 -3.7074 -819.795 0 
2 825.047 0.316599 0.0222021 0.670629 -0.79698 -0.342013 -1.61233 -3.95247 -819.482 0 
1 824.621 0.312526 0.0221963 0.676302 -0.825156 -0.343129 -1.05397 -4.32751 -819.239 0 
2 823.775 0.31495 0.0222687 0.676144 -0.819228 -0.377496 -0.2504 -4.31186 -819.212 0 
2 824.309 0.312106 0.0223258 0.677767 -0.823083 -0.357795 -0.572998 -4.47985 -819.257 0 
2 824.114 0.319231 0.0222635 0.66866 -0.796125 -0.32993 -0.688356 -3.75872 -819.667 0 
1 824.301 0.318117 0.0222654 0.669769 -0.808876 -0.312852 -1.06952 -3.78636 -819.445 0 
7 824.617 0.31035 0.0223434 0.678641 -0.847213 -0.293339 -0.922136 -4.30567 -819.389 0 
4 826.236 0.303629 0.0222731 0.685765 -0.874267 -0.280741 -0.634265 -5.15374 -820.448 0 
2 826.266 0.304109 0.0223843 0.685661 -0.866335 -0.277964 -1.09287 -5.06413 -820.109 0 
1 824.339 0.313321 0.0222081 0.67502 -0.839086 -0.292521 -1.0648 -4.03525 -819.239 0 
3 823.669 0.310413 0.02236 0.678999 -0.845646 -0.291931 -0.0190482 -4.28655 -819.364 0 
9 823.985 0.313917 0.0223359 0.677415 -0.841614 -0.320919 -0.547643 -4.15897 -819.279 0 
4 823.301 0.316638 0.0222996 0.673173 -0.813026 -0.342451 -0.112872 -3.92853 -819.26 0 
1 825.629 0.318105 0.0223293 0.671556 -0.811844 -0.311157 -2.42907 -3.79747 -819.402 0 
1 823.831 0.312925 0.0224443 0.674938 -0.810521 -0.304173 -0.258719 -4.24889 -819.323 0 
3 825.079 0.313311 0.0224371 0.67633 -0.820528 -0.309043 -1.71957 -4.1205 -819.239 0 
6 825.453 0.308233 0.0224377 0.681827 -0.828458 -0.336043 -1.15817 -4.93237 -819.363 0 
2 825.543 0.309896 0.0223096 0.682203 -0.844132 -0.362778 -0.98991 -4.90749 -819.645 0 
5 824.259 0.311404 0.0223263 0.679825 -0.826798 -0.378431 -0.143753 -4.76103 -819.354 0 
2 824.826 0.309029 0.0223836 0.681024 -0.833481 -0.330666 -0.729167 -4.72128 -819.376 0 
1 823.912 0.311663 0.0223641 0.678032 -0.824364 -0.332639 -0.297029 -4.3732 -819.241 0 
1 824.499 0.319652 0.022248 0.670177 -0.806177 -0.358563 -1.3072 -3.84027 -819.351 0 
13 824.409 0.310381 0.0223458 0.679851 -0.825475 -0.366191 -0.274729 -4.79283 -819.341 0 
4 825.281 0.309652 0.0223193 0.682685 -0.84147 -0.381692 -0.42198 -5.15212 -819.707 0 
2 824.701 0.311629 0.0224261 0.677073 -0.798303 -0.372323 -0.664208 -4.75054 -819.286 0 
2 824.672 0.312209 0.0224319 0.679562 -0.824734 -0.366388 -0.863293 -4.52977 -819.279 0 
8 824.438 0.31287 0.0224393 0.677987 -0.820886 -0.358348 -0.82086 -4.38345 -819.234 0 
2 825.258 0.314229 0.0224027 0.678986 -0.827787 -0.38803 -1.39717 -4.56926 -819.292 0 
1 824.356 0.311542 0.0223241 0.679862 -0.824241 -0.388163 -0.179957 -4.82596 -819.35 0 
1 823.692 0.316463 0.0222552 0.674168 -0.805652 -0.391159 -0.273994 -4.18474 -819.233 0 
3 824.334 0.323874 0.0221941 0.668107 -0.798234 -0.399139 -0.910449 -3.97395 -819.449 0 
4 825.105 0.322119 0.0222561 0.671963 -0.809536 -0.423639 -1.51182 -4.40293 -819.191 0 
4 825.264 0.313514 0.0222722 0.679426 -0.828401 -0.405373 -1.05696 -4.83092 -819.376 0 
6 824.889 0.309835 0.0224536 0.678229 -0.792638 -0.372894 -0.325945 -5.24354 -819.32 0 
1 824.708 0.313279 0.0224786 0.675174 -0.77657 -0.386969 -0.308969 -4.81882 -819.581 0 
4 824.27 0.318232 0.0224665 0.670777 -0.777289 -0.369417 -0.435472 -3.96274 -819.872 0 
1 824.544 0.326854 0.0222697 0.662809 -0.774173 -0.357679 -0.205692 -3.65653 -820.682 0 
4 826.593 0.33287 0.0222317 0.657456 -0.745753 -0.397601 -0.593957 -3.71414 -822.285 0 
3 827.671 0.336607 0.0221239 0.656529 -0.757726 -0.418377 -1.58626 -4.34832 -821.736 0 
4 824.774 0.323341 0.0222918 0.667891 -0.788166 -0.374271 -1.30413 -3.66887 -819.801 0 
1 825.114 0.323393 0.0223058 0.66431 -0.761479 -0.366714 -0.584499 -3.68107 -820.849 0 
1 824.944 0.318707 0.0224622 0.670979 -0.767055 -0.409571 -0.964085 -4.0464 -819.934 0 
5 825.083 0.317799 0.0224689 0.67452 -0.790977 -0.41431 -1.59343 -4.13853 -819.351 0 
2 825.637 0.323925 0.0222927 0.668376 -0.792135 -0.411974 -2.15285 -3.96959 -819.515 0 
3 826.413 0.325246 0.0222223 0.670089 -0.816174 -0.423166 -2.41964 -4.82926 -819.164 0 
1 824.808 0.324156 0.022289 0.669224 -0.801496 -0.406186 -1.32499 -4.11318 -819.37 0 
7 823.683 0.314969 0.0224107 0.67534 -0.809697 -0.358537 -0.307446 -4.13344 -819.242 0 
6 824.768 0.312667 0.0223726 0.679917 -0.85124 -0.334219 -0.806026 -4.46738 -819.495 0 
16 825.65 0.319669 0.0222447 0.674456 -0.850017 -0.345137 -1.79924 -4.61372 -819.237 0 
2 824.769 0.316154 0.0222054 0.676482 -0.856064 -0.331368 -0.873321 -4.49625 -819.4 0 
1 825.229 0.31459 0.0223861 0.676255 -0.842199 -0.314932 -1.83797 -4.13546 -819.256 0 
2 825.138 0.312312 0.0224809 0.679097 -0.842522 -0.319618 -1.52486 -4.27877 -819.334 0 
3 825.088 0.313018 0.0224642 0.676357 -0.818973 -0.329348 -1.66347 -4.19858 -819.226 0 
2 824.514 0.317165 0.0223816 0.670279 -0.803197 -0.305409 -1.09541 -3.86351 -819.555 0 
2 826.249 0.302869 0.0224918 0.683024 -0.846231 -0.236891 -1.30337 -5.45905 -819.487 0 
2 825.516 0.309053 0.0223897 0.679133 -0.868041 -0.207475 -1.86545 -4.16182 -819.489 0 
2 824.677 0.319776 0.0223948 0.669583 -0.848889 -0.206432 -1.08987 -4.22387 -819.363 0 
2 825.83 0.326377 0.0223182 0.660639 -0.802727 -0.236645 -0.601181 -4.50368 -820.725 0 
2 826.064 0.323245 0.0222916 0.662929 -0.794829 -0.254116 -1.30242 -4.168 -820.593 0 
3 825.928 0.326904 0.0222079 0.660851 -0.797824 -0.276183 -1.21571 -4.16282 -820.549 0 
6 824.874 0.325484 0.0222711 0.663653 -0.809544 -0.269828 -0.6708 -4.12457 -820.078 0 
3 824.715 0.324864 0.0223629 0.662965 -0.80542 -0.250039 -0.144875 -4.21546 -820.354 0 
1 824.489 0.315082 0.0224152 0.671733 -0.829739 -0.225643 -1.01893 -4.07193 -819.399 0 
3 823.928 0.315108 0.022421 0.672741 -0.838281 -0.228075 -0.649109 -3.97681 -819.302 0 
1 823.607 0.317948 0.0224372 0.67255 -0.839423 -0.26619 -0.469129 -3.89688 -819.241 0 
6 824.432 0.320832 0.022513 0.667771 -0.81868 -0.238804 -0.618609 -4.04244 -819.771 0 
13 824.597 0.322123 0.022325 0.670102 -0.836848 -0.293597 -1.22823 -4.12202 -819.247 0 
2 823.982 0.31734 0.0223362 0.674264 -0.835576 -0.315819 -0.819877 -3.96915 -819.193 0 
2 823.394 0.31403 0.0223281 0.676139 -0.840652 -0.300005 -0.122678 -4.03137 -819.24 0 
1 823.187 0.316251 0.0223436 0.673104 -0.817737 -0.319742 -0.0321574 -3.89181 -819.263 0 
4 825.057 0.31617 0.0224524 0.672245 -0.804592 -0.321406 -1.71523 -3.92014 -819.422 0 
1 824.342 0.318034 0.0223884 0.670545 -0.80461 -0.320566 -1.06224 -3.7952 -819.485 0 
1 824.007 0.320044 0.0223325 0.670866 -0.830036 -0.309296 -0.822814 -3.95063 -819.233 0 
2 826.267 0.320225 0.0223205 0.667885 -0.815012 -0.289746 -2.96029 -3.78908 -819.517 0 
1 827.008 0.318513 0.0222805 0.667644 -0.80088 -0.29572 -3.46772 -3.81572 -819.725 0 
6 824.434 0.323371 0.0222941 0.665996 -0.792358 -0.34095 -0.835727 -3.6835 -819.915 0 
2 823.515 0.322541 0.0222949 0.667952 -0.799212 -0.348788 -0.160621 -3.72044 -819.634 0 
1 824.301 0.315217 0.022338 0.674918 -0.823336 -0.320195 -1.11668 -3.96582 -819.219 0 
4 825.731 0.325976 0.0225036 0.664612 -0.786371 -0.322478 -1.48707 -3.78117 -820.463 0 
1 825.791 0.323623 0.022495 0.668421 -0.802534 -0.340477 -2.35506 -3.78163 -819.655 0 
8 823.48 0.320878 0.0223091 0.669373 -0.789538 -0.374306 -0.103865 -3.73159 -819.645 0 
3 823.656 0.314112 0.0223528 0.675454 -0.825575 -0.311562 -0.413705 -4.02316 -819.219 0 
1 823.553 0.316005 0.0224496 0.674191 -0.822512 -0.310342 -0.41981 -3.89117 -819.242 0 
13 823.727 0.322282 0.0223453 0.666571 -0.816194 -0.270528 -0.113603 -3.91764 -819.696 0 
4 825.87 0.321341 0.0223587 0.664421 -0.772622 -0.306892 -1.0657 -3.98987 -820.815 0 
3 824.373 0.315013 0.0224769 0.672452 -0.797874 -0.313022 -0.702657 -4.12548 -819.545 0 
8 823.369 0.319373 0.022377 0.670516 -0.79879 -0.34548 -0.0818922 -3.75816 -819.529 0 
1 823.43 0.318242 0.0223243 0.671948 -0.805946 -0.357526 -0.232487 -3.8722 -819.325 0 
2 823.322 0.315349 0.0224029 0.674204 -0.822746 -0.304145 -0.158337 -3.91741 -819.246 0 
6 823.454 0.314745 0.0223726 0.675519 -0.819705 -0.342671 -0.149251 -4.09256 -819.212 0 
1 823.388 0.317787 0.0223593 0.672878 -0.805278 -0.361921 -0.168091 -3.90803 -819.312 0 
4 823.52 0.320914 0.0223229 0.669196 -0.787848 -0.374656 -0.107921 -3.72575 -819.686 0 
3 825.22 0.322885 0.0223166 0.665358 -0.778072 -0.349434 -1.28062 -3.64645 -820.293 0 
5 825.041 0.321923 0.022269 0.666362 -0.782126 -0.355923 -1.3475 -3.6598 -820.033 0 
1 824.715 0.312893 0.022302 0.67555 -0.815362 -0.343492 -1.19842 -4.28828 -819.229 0 
1 825.322 0.324858 0.0221792 0.666808 -0.81643 -0.351441 -1.75847 -4.19764 -819.366 0 
2 825.442 0.319869 0.0221398 0.673466 -0.845515 -0.356873 -1.60357 -4.62393 -819.214 0 
1 825.531 0.324293 0.0220929 0.668412 -0.811583 -0.392301 -2.01891 -4.24012 -819.272 0 
2 826.275 0.31452 0.0222274 0.678552 -0.831624 -0.39572 -2.26212 -4.66966 -819.343 0 
6 825.449 0.31166 0.0223806 0.681187 -0.835198 -0.379489 -1.1877 -4.80032 -819.46 0 
2 825.722 0.321615 0.0222848 0.672444 -0.81785 -0.391848 -2.30548 -4.2376 -819.178 0 
8 825.097 0.325739 0.0221177 0.666543 -0.805315 -0.381768 -1.52629 -4.11185 -819.459 0 
2 824.323 0.321374 0.0222339 0.671308 -0.822538 -0.363189 -1.01019 -4.12059 -819.192 0 
3 823.804 0.32311 0.0222554 0.667578 -0.796948 -0.365143 -0.431762 -3.75264 -819.62 0 
3 823.485 0.319947 0.0222587 0.670518 -0.801143 -0.371061 -0.264382 -3.829 -819.392 0 
1 824.893 0.316905 0.0222896 0.675256 -0.829926 -0.34933 -1.61053 -4.09172 -819.191 0 
3 824.93 0.325243 0.0221356 0.664658 -0.788866 -0.366768 -1.27004 -3.718 -819.942 0 
4 824.727 0.314029 0.022163 0.676064 -0.823824 -0.365522 -1.17002 -4.32696 -819.23 0 
1 824.745 0.310228 0.0222506 0.680968 -0.847512 -0.352385 -0.290218 -4.81267 -819.643 0 
1 824.795 0.324024 0.0221872 0.666219 -0.786941 -0.387064 -1.27894 -3.72862 -819.787 0 
9 823.997 0.321839 0.0222418 0.66725 -0.789064 -0.357158 -0.514889 -3.6724 -819.81 0 
1 824.674 0.322978 0.0221736 0.667564 -0.793165 -0.374234 -1.30327 -3.71841 -819.652 0 
2 825.09 0.321309 0.022145 0.667513 -0.786075 -0.371213 -1.62079 -3.69661 -819.773 0 
2 826.929 0.323703 0.0220274 0.665006 -0.79413 -0.358438 -3.45365 -3.71478 -819.761 0 
1 826.52 0.322607 0.0221035 0.664933 -0.788409 -0.343081 -2.88578 -3.66035 -819.974 0 
1 825.914 0.315365 0.0222091 0.6708 -0.792328 -0.331047 -2.17529 -4.154 -819.584 0 
1 824.991 0.311789 0.0223454 0.675507 -0.813897 -0.301307 -1.32668 -4.38192 -819.283 0 
1 825.4 0.311806 0.0223069 0.674895 -0.818033 -0.285861 -1.79616 -4.32252 -819.281 0 
2 824.402 0.314455 0.0223064 0.672698 -0.800901 -0.321342 -0.799859 -4.16872 -819.434 0 
3 823.339 0.317082 0.0223195 0.673127 -0.812031 -0.34552 -0.162275 -3.90902 -819.268 0 
1 823.591 0.317825 0.0224292 0.672018 -0.799911 -0.345548 -0.292929 -3.84577 -819.453 0 
1 824.316 0.316837 0.0223363 0.674949 -0.824052 -0.348163 -1.10654 -4.01613 -819.193 0 
1 824.346 0.315621 0.022501 0.674635 -0.797971 -0.357959 -0.876591 -4.09172 -819.377 0 
1 828.322 0.301927 0.0225264 0.687842 -0.832649 -0.364439 -1.72231 -6.67498 -819.924 0 
1 826.813 0.311624 0.0225189 0.676333 -0.789268 -0.366915 -2.57528 -4.84747 -819.391 0 
1 825.744 0.311636 0.0225848 0.677295 -0.793894 -0.357754 -1.62239 -4.76565 -819.355 0 
5 825.438 0.318101 0.0225456 0.671643 -0.772859 -0.385487 -1.5182 -4.03192 -819.888 0 
1 825.177 0.317331 0.0224888 0.671605 -0.776838 -0.377571 -1.31578 -4.07357 -819.787 0 
1 824.947 0.312742 0.0224099 0.675036 -0.774677 -0.397329 -0.406427 -4.98217 -819.559 0 
2 824.815 0.317704 0.0222563 0.672788 -0.783411 -0.439412 -1.10862 -4.31956 -819.387 0 
1 824.87 0.315926 0.022308 0.675186 -0.790701 -0.441015 -1.00155 -4.58781 -819.28 0 
6 826.424 0.307979 0.0222492 0.683403 -0.823727 -0.434654 -0.658149 -6.02749 -819.738 0 
1 826.493 0.309154 0.0222949 0.682465 -0.815381 -0.446904 -0.998944 -5.92157 -819.572 0 
2 825.904 0.309477 0.0222568 0.682782 -0.819467 -0.44468 -0.466524 -5.82326 -819.614 0 
2 825.604 0.310201 0.0223387 0.682135 -0.822812 -0.425687 -0.590724 -5.47686 -819.537 0 
2 825.493 0.309937 0.0224041 0.681537 -0.812296 -0.419675 -0.713549 -5.39627 -819.383 0 
8 824.836 0.314328 0.0222824 0.677015 -0.803272 -0.432369 -0.799202 -4.7926 -819.244 0 
2 828.176 0.312089 0.022176 0.682101 -0.825092 -0.470164 -2.60866 -5.86636 -819.701 0 
1 826.404 0.313353 0.0221104 0.679253 -0.825486 -0.447341 -1.46512 -5.42792 -819.511 0 
8 825.665 0.316119 0.0221138 0.676216 -0.820801 -0.43189 -1.49507 -4.89343 -819.277 0 
4 825.847 0.310084 0.0222875 0.682651 -0.821956 -0.440681 -0.565142 -5.67867 -819.603 0 
1 825.648 0.316797 0.0221187 0.675937 -0.814471 -0.44963 -1.44147 -4.9551 -819.251 0 
1 825.759 0.319867 0.0220767 0.67299 -0.81313 -0.439346 -1.89933 -4.68515 -819.174 0 
3 825.564 0.318966 0.0221074 0.673834 -0.802331 -0.465436 -1.57689 -4.78408 -819.203 0 
3 827.474 0.315812 0.0221589 0.6758 -0.81932 -0.425239 -3.36932 -4.8445 -819.26 0 
2 827.041 0.31606 0.0220813 0.677942 -0.837591 -0.438384 -2.06552 -5.44714 -819.528 0 
2 825.691 0.316189 0.0222101 0.676285 -0.810425 -0.447345 -1.54433 -4.90466 -819.242 0 
1 825.695 0.319668 0.0222171 0.671576 -0.781636 -0.458639 -1.98528 -4.31092 -819.398 0 
1 826.178 0.321202 0.0220388 0.669744 -0.779818 -0.466304 -2.49882 -4.23848 -819.44 0 
4 824.304 0.32098 0.0222196 0.66958 -0.765877 -0.455111 -0.497058 -4.00893 -819.798 0 
3 826.029 0.319607 0.0221478 0.672779 -0.786324 -0.463316 -2.34994 -4.35925 -819.319 0 
1 826.355 0.321472 0.0221037 0.670105 -0.77682 -0.458463 -2.75173 -4.06637 -819.537 0 
1 827.544 0.330368 0.0221328 0.660349 -0.74366 -0.460693 -2.66148 -3.5813 -821.301 0 
3 824.643 0.321778 0.0223697 0.669517 -0.764556 -0.432023 -0.807058 -3.80787 -820.028 0 
2 824.036 0.319861 0.0223148 0.671321 -0.769522 -0.450478 -0.257609 -4.09794 -819.681 0 
3 824.331 0.315064 0.0223994 0.674453 -0.770391 -0.427515 -0.0552893 -4.68103 -819.595 0 
1 825.528 0.308551 0.0224015 0.679235 -0.784188 -0.402052 -0.280824 -5.89949 -819.348 0 
5 826.016 0.30674 0.0223332 0.681628 -0.792863 -0.416902 -0.31107 -6.35747 -819.347 0 
4 824.816 0.311559 0.0223403 0.677246 -0.783455 -0.420732 -0.245045 -5.22434 -819.346 0 
7 824.937 0.312084 0.0222547 0.676475 -0.794118 -0.392623 -0.814497 -4.8279 -819.295 0 
5 824.782 0.313834 0.0223063 0.677276 -0.798771 -0.417197 -0.863421 -4.66757 -819.251 0 
3 824.46 0.315431 0.0222867 0.67372 -0.768986 -0.440486 -0.187664 -4.69061 -819.582 0 
1 825.175 0.317934 0.022223 0.671525 -0.770252 -0.428419 -1.26813 -4.20908 -819.698 0 
1 825.884 0.317838 0.0222641 0.668815 -0.756811 -0.401088 -1.29114 -4.30421 -820.289 0 
1 826.152 0.314539 0.0222435 0.672406 -0.789557 -0.367718 -2.38775 -4.31436 -819.45 0 
1 826.646 0.324106 0.0221336 0.665098 -0.768331 -0.418523 -2.83559 -3.66405 -820.146 0 
5 824.232 0.320044 0.0222189 0.672141 -0.791909 -0.437918 -0.731089 -4.18455 -819.316 0 
6 824.634 0.319888 0.022268 0.67032 -0.783791 -0.413204 -1.15991 -3.93667 -819.537 0 
3 825.98 0.314646 0.022251 0.679073 -0.824201 -0.429646 -1.64563 -4.97531 -819.359 0 
4 825.145 0.318 0.0222158 0.675223 -0.814806 -0.421829 -1.45766 -4.49706 -819.191 0 
2 826.032 0.314063 0.0220843 0.677444 -0.829293 -0.409009 -1.77251 -4.88331 -819.377 0 
3 827.706 0.305743 0.0221376 0.685375 -0.854688 -0.379649 -1.43317 -5.87145 -820.402 0 
5 828.086 0.305835 0.022215 0.682875 -0.834727 -0.370932 -2.64898 -5.69481 -819.743 0 
2 826.091 0.306064 0.0222383 0.683674 -0.833354 -0.380888 -0.583766 -5.75177 -819.756 0 
4 827.168 0.304133 0.0222473 0.683842 -0.82059 -0.378422 -1.23688 -6.33197 -819.599 0 
1 825.992 0.309928 0.0222789 0.677715 -0.784994 -0.414 -1.10069 -5.55691 -819.334 0 
1 827.336 0.313501 0.022433 0.672392 -0.751944 -0.403217 -1.80574 -5.35469 -820.176 0 
1 827.767 0.309079 0.0223789 0.676667 -0.757912 -0.420999 -1.51642 -6.54859 -819.702 0 
4 828.227 0.307077 0.0222958 0.679588 -0.763666 -0.444088 -1.52463 -7.2095 -819.493 0 
3 827.535 0.312062 0.0222376 0.677965 -0.789875 -0.427486 -3.1295 -5.11115 -819.294 0 
1 825.982 0.308467 0.0224049 0.679968 -0.785438 -0.420107 -0.657516 -5.99111 -819.333 0 
5 824.209 0.313932 0.0223394 0.676388 -0.784685 -0.43129 -0.0749323 -4.79803 -819.336 0 
1 824.359 0.322769 0.022229 0.669344 -0.773537 -0.460462 -0.700349 -4.00907 -819.65 0 
12 824.077 0.318071 0.0222266 0.673452 -0.793005 -0.434375 -0.49293 -4.29989 -819.284 0 
3 825.713 0.323951 0.0221134 0.668264 -0.788757 -0.42741 -2.24952 -3.9499 -819.513 0 
7 825.39 0.323424 0.0220683 0.668078 -0.798628 -0.40784 -1.98202 -4.01687 -819.391 0 
5 823.801 0.316786 0.0222455 0.673164 -0.794263 -0.399 -0.318312 -4.15187 -819.331 0 
1 825.053 0.321371 0.0222526 0.667356 -0.770553 -0.398845 -1.26502 -3.73701 -820.051 0 
6 824.589 0.310345 0.0222871 0.678104 -0.811253 -0.358643 -0.530538 -4.80488 -819.253 0 
8 824.764 0.316557 0.0221828 0.671498 -0.804147 -0.341849 -1.47139 -3.92958 -819.363 0 
1 823.651 0.316424 0.0222457 0.672845 -0.811054 -0.345255 -0.433479 -3.94852 -819.269 0 
4 826.212 0.323312 0.0223066 0.664172 -0.780039 -0.329263 -2.08609 -3.68975 -820.436 0 
1 824.322 0.312158 0.0224059 0.677268 -0.802432 -0.364395 -0.458157 -4.59388 -819.27 0 
2 824.653 0.309834 0.0224069 0.678325 -0.795341 -0.374867 -0.149697 -5.20573 -819.298 0 
1 824.679 0.313436 0.0223144 0.674993 -0.786121 -0.40022 -0.625845 -4.67579 -819.377 0 
3 824.583 0.318482 0.0222603 0.670003 -0.772167 -0.405955 -0.755465 -4.02938 -819.798 0 
2 825.07 0.322872 0.0223619 0.667291 -0.761791 -0.422075 -1.10451 -3.69605 -820.269 0 
5 827.47 0.31615 0.0226112 0.673823 -0.762663 -0.420629 -3.07242 -4.53419 -819.864 0 
2 830.08 0.317742 0.0225626 0.669661 -0.754741 -0.389519 -5.29514 -4.32414 -820.461 0 
1 826.904 0.315985 0.0225565 0.67292 -0.771801 -0.390082 -2.76819 -4.35055 -819.785 0 
4 826.183 0.309253 0.0225797 0.678625 -0.784436 -0.369864 -1.19698 -5.57958 -819.407 0 
1 825.507 0.316262 0.0225541 0.67226 -0.785625 -0.344385 -1.70142 -4.09994 -819.706 0 
2 826.158 0.303506 0.0224754 0.684534 -0.832106 -0.30886 -0.812889 -5.83678 -819.508 0 
1 825.841 0.309659 0.0225016 0.676064 -0.794499 -0.304214 -1.12949 -5.23787 -819.473 0 
2 824.918 0.317551 0.0225231 0.671403 -0.774872 -0.361358 -0.85226 -4.10325 -819.963 0 
3 825.835 0.314882 0.0225075 0.675437 -0.799962 -0.348023 -2.30979 -4.16097 -819.364 0 
1 824.365 0.314102 0.0224155 0.672851 -0.790671 -0.331427 -0.438968 -4.35533 -819.57 0 
1 824.608 0.311791 0.0224388 0.677022 -0.818272 -0.308609 -1.03281 -4.3295 -819.246 0 
2 825.418 0.310743 0.0224193 0.677479 -0.808988 -0.32423 -1.48238 -4.66377 -819.272 0 
1 825.039 0.307446 0.0224023 0.681633 -0.818079 -0.352917 -0.391771 -5.31273 -819.334 0 
5 823.837 0.312213 0.0223283 0.677733 -0.827477 -0.334518 -0.281106 -4.31022 -819.246 0 
1 823.619 0.315394 0.0222886 0.675241 -0.812947 -0.371503 -0.228537 -4.17701 -819.214 0 
9 823.748 0.316157 0.0222958 0.674392 -0.812712 -0.372369 -0.403082 -4.13158 -819.213 0 
5 825.148 0.314792 0.0223451 0.678626 -0.83839 -0.379287 -1.14434 -4.63893 -819.364 0 
3 825.198 0.3121 0.0223243 0.680394 -0.835332 -0.391189 -0.775511 -4.93262 -819.49 0 
5 824.917 0.317168 0.0223208 0.675433 -0.818357 -0.400629 -1.30889 -4.41408 -819.194 0 
3 825.368 0.32044 0.0224038 0.670791 -0.798994 -0.376531 -2.10835 -3.83922 -819.421 0 
1 825.976 0.306087 0.0224154 0.684942 -0.837814 -0.372237 -0.52515 -5.64432 -819.807 0 
2 825.807 0.306954 0.0224408 0.68211 -0.810567 -0.380771 -0.741524 -5.708 -819.358 0 
7 824.711 0.311323 0.0222621 0.680045 -0.83342 -0.382757 -0.365579 -4.88318 -819.462 0 
4 825.797 0.307593 0.0222619 0.683021 -0.838624 -0.380176 -0.574586 -5.45123 -819.771 0 
3 826.933 0.305853 0.0222914 0.68209 -0.80878 -0.393276 -1.38261 -6.13413 -819.416 0 
1 826.704 0.305054 0.0222087 0.684503 -0.838227 -0.374115 -0.908908 -5.89053 -819.905 0 
1 825.968 0.316075 0.0221337 0.671833 -0.799354 -0.372006 -2.55699 -4.08504 -819.326 0 
6 825.148 0.32199 0.0220855 0.669472 -0.828837 -0.344949 -1.76595 -4.19294 -819.189 0 
3 825.566 0.311821 0.0223116 0.681391 -0.860615 -0.342613 -1.00856 -4.76745 -819.79 0 
2 826.353 0.306572 0.0223815 0.686066 -0.869642 -0.329211 -0.729913 -5.20948 -820.414 0 
1 826.401 0.3036 0.0223603 0.685945 -0.853587 -0.328306 -0.600428 -5.66877 -820.131 0 
1 824.779 0.307505 0.0223202 0.682367 -0.856404 -0.309078 -0.214275 -4.78222 -819.782 0 
2 825.965 0.305455 0.0224222 0.68285 -0.835438 -0.321581 -1.11481 -5.32549 -819.524 0 
2 823.697 0.312285 0.0223605 0.677948 -0.824917 -0.348097 -0.0608098 -4.38708 -819.249 0 
3 826.164 0.309633 0.0222426 0.680339 -0.830683 -0.352116 -1.99395 -4.78461 -819.386 0 
3 824.97 0.321953 0.0222218 0.666237 -0.782217 -0.358764 -1.30091 -3.65907 -820.01 0 
2 824.242 0.323504 0.0223369 0.666481 -0.7724 -0.388828 -0.420643 -3.61807 -820.204 0 
10 824.391 0.316924 0.0221686 0.674459 -0.813143 -0.403121 -0.8568 -4.33728 -819.197 0 
5 823.806 0.319139 0.0222149 0.671916 -0.801837 -0.39614 -0.508107 -4.01291 -819.285 0 
2 823.764 0.322476 0.02228 0.669023 -0.790424 -0.397351 -0.397305 -3.79908 -819.568 0 
1 825.365 0.325896 0.0221032 0.664428 -0.778126 -0.402784 -1.61428 -3.69785 -820.053 0 
5 824.195 0.325208 0.0222116 0.66633 -0.788286 -0.394368 -0.633545 -3.79598 -819.765 0 
2 824.4 0.323985 0.0222156 0.668756 -0.804074 -0.392234 -0.989016 -4.03463 -819.377 0 
7 824.145 0.319496 0.0223616 0.670854 -0.795192 -0.374644 -0.850298 -3.82675 -819.468 0 
4 825.029 0.320493 0.0224346 0.67256 -0.813102 -0.366492 -1.83265 -3.94007 -819.256 0 
8 825.009 0.323576 0.0223622 0.668295 -0.7942 -0.383145 -1.597 -3.80811 -819.604 0 
2 825.5 0.323033 0.0222088 0.669774 -0.817777 -0.386304 -1.94818 -4.35186 -819.2 0 
3 825.389 0.319328 0.0222276 0.674694 -0.831675 -0.392553 -1.62523 -4.57389 -819.19 0 
3 825.355 0.318243 0.0221878 0.675455 -0.84248 -0.377128 -1.3921 -4.68775 -819.275 0 
1 825.743 0.329586 0.0221788 0.663904 -0.808197 -0.369051 -1.49315 -4.6155 -819.634 0 
2 825.372 0.329904 0.0222013 0.662893 -0.798685 -0.365757 -1.08889 -4.34647 -819.937 0 
4 824.236 0.322168 0.0223271 0.670538 -0.816587 -0.355634 -0.976761 -3.98085 -819.278 0 
2 825.073 0.32211 0.0223659 0.671409 -0.834709 -0.32755 -1.65783 -4.22854 -819.186 0 
1 826.095 0.325466 0.0221943 0.668712 -0.840867 -0.330909 -2.09407 -4.82734 -819.173 0 
1 826.078 0.325642 0.022122 0.667694 -0.856152 -0.292747 -1.67638 -5.22316 -819.178 0 
1 826.426 0.328826 0.0221741 0.663262 -0.830859 -0.297708 -1.898 -5.01061 -819.517 0 
11 826.735 0.325472 0.0220837 0.666754 -0.850999 -0.297878 -2.45732 -5.09239 -819.186 0 
7 826.468 0.327345 0.0222114 0.663073 -0.811467 -0.311478 -2.39077 -4.26513 -819.813 0 
2 824.093 0.316854 0.0222034 0.674225 -0.843732 -0.3152 -0.777739 -4.0969 -819.218 0 
3 824.134 0.314316 0.0222232 0.675299 -0.833895 -0.327973 -0.775144 -4.12989 -819.229 0 
4 824.19 0.31064 0.0222946 0.677732 -0.820903 -0.335581 -0.390276 -4.5501 -819.25 0 
5 826.231 0.306544 0.0223377 0.679726 -0.822616 -0.311058 -1.71271 -5.21238 -819.306 0 
3 826.643 0.309135 0.0221458 0.679241 -0.838827 -0.323026 -2.5897 -4.63653 -819.417 0 
2 824.758 0.312643 0.0223154 0.674511 -0.805525 -0.319176 -1.05353 -4.37019 -819.334 0 
4 826.165 0.306665 0.0222453 0.68061 -0.840827 -0.305678 -1.75042 -4.92316 -819.491 0 
2 826.44 0.31777 0.0222841 0.666847 -0.79752 -0.264289 -2.33493 -4.10187 -820.003 0 
2 825.814 0.320308 0.0223372 0.665871 -0.790634 -0.292046 -1.78595 -3.86388 -820.165 0 
3 825.342 0.323771 0.0221245 0.664929 -0.807328 -0.311426 -1.78339 -3.833 -819.726 0 
7 825.346 0.320619 0.0221159 0.668904 -0.826828 -0.302472 -2.17105 -3.88232 -819.293 0 
4 824.097 0.316057 0.0222274 0.672937 -0.828359 -0.301173 -0.989114 -3.88367 -819.224 0 
1 824.309 0.321907 0.0222692 0.666937 -0.799984 -0.3112 -0.753753 -3.73232 -819.823 0 
7 825.688 0.325066 0.0221878 0.666268 -0.821854 -0.30422 -2.0628 -4.12489 -819.501 0 
1 826.798 0.332004 0.0220929 0.659682 -0.804249 -0.321709 -1.75099 -4.7757 -820.272 0 
1 826.828 0.333547 0.0221285 0.659218 -0.799719 -0.339215 -1.49072 -4.94241 -820.395 0 
3 826.587 0.334067 0.0221933 0.658563 -0.79325 -0.336393 -0.990697 -4.86771 -820.728 0 
3 826.578 0.331206 0.0220795 0.660891 -0.793515 -0.364237 -2.00265 -4.36552 -820.21 0 
2 826.289 0.33083 0.0220925 0.661457 -0.799159 -0.358062 -1.78981 -4.455 -820.044 0 
6 826.312 0.331923 0.0221633 0.659952 -0.778845 -0.368199 -1.38088 -4.11639 -820.814 0 
1 825.439 0.329089 0.0223483 0.661039 -0.77426 -0.342343 -0.550393 -3.83852 -821.05 0 
4 825.944 0.326375 0.0224579 0.662885 -0.777516 -0.321714 -1.27513 -3.78852 -820.88 0 
8 824.507 0.324567 0.0224364 0.665811 -0.779121 -0.351816 -0.516609 -3.63414 -820.356 0 
1 824.473 0.319803 0.0224855 0.667862 -0.79466 -0.288804 -0.574071 -3.87444 -820.025 0 
1 824.038 0.318593 0.0224709 0.670716 -0.819471 -0.282019 -0.819594 -3.80131 -819.417 0 
3 823.273 0.318847 0.02234 0.669853 -0.817411 -0.286389 -0.0400829 -3.79309 -819.44 0 
5 824.855 0.319131 0.0222753 0.672872 -0.854361 -0.277426 -1.45929 -4.18235 -819.213 0 
2 824.991 0.322159 0.0221229 0.668166 -0.848529 -0.265045 -1.41113 -4.34553 -819.235 0 
1 825.182 0.321277 0.022106 0.668957 -0.845928 -0.284675 -1.72044 -4.25951 -819.202 0 
2 826.059 0.320011 0.0221023 0.668367 -0.847757 -0.251146 -2.68596 -4.12654 -819.247 0 
7 824.661 0.319653 0.0222379 0.669485 -0.84457 -0.257843 -1.35912 -4.05594 -819.246 0 
2 824.302 0.311384 0.022297 0.678067 -0.864222 -0.264428 -0.612779 -4.17486 -819.515 0 
9 824.128 0.313496 0.0222762 0.675965 -0.857957 -0.268521 -0.703031 -4.07387 -819.351 0 
1 824.562 0.314666 0.0222164 0.67709 -0.861384 -0.303873 -0.775889 -4.32968 -819.457 0 
3 824.102 0.31622 0.0223502 0.674873 -0.84325 -0.290253 -0.93729 -3.95141 -819.214 0 
1 823.641 0.320138 0.0222801 0.671079 -0.843048 -0.289536 -0.334391 -4.10658 -819.2 0 
3 823.873 0.317099 0.0223654 0.674837 -0.843599 -0.310452 -0.582489 -4.0797 -819.21 0 
4 824.111 0.316741 0.0223137 0.675386 -0.854422 -0.304532 -0.569589 -4.25362 -819.287 0 
3 824.757 0.319023 0.0222325 0.673463 -0.864088 -0.291374 -0.892286 -4.56897 -819.296 0 
1 824.71 0.310575 0.0224794 0.6791 -0.861295 -0.251359 -1.12213 -4.1318 -819.456 0 
8 823.718 0.312043 0.0224356 0.675481 -0.848572 -0.227471 -0.424735 -4.02558 -819.268 0 
8 824.102 0.315494 0.0224206 0.670674 -0.826998 -0.222473 -0.549665 -4.08794 -819.464 0 
4 824.883 0.313957 0.0223745 0.673139 -0.839977 -0.22018 -1.54296 -4.04525 -819.295 0 
2 824.252 0.313226 0.0223718 0.673523 -0.858181 -0.183912 -0.851921 -4.09986 -819.3 0 
1 825.967 0.318258 0.0224238 0.667116 -0.847713 -0.154658 -1.84206 -4.56043 -819.565 0 
2 825.406 0.314275 0.0224001 0.670479 -0.86025 -0.140628 -1.60417 -4.42048 -819.381 0 
5 824.766 0.316461 0.0224343 0.668901 -0.841803 -0.169225 -0.871477 -4.37542 -819.519 0 
3 824.567 0.311176 0.0224992 0.67442 -0.858753 -0.161118 -0.968906 -4.27222 -819.326 0 
9 824.59 0.317457 0.0223319 0.671983 -0.879344 -0.18679 -0.79551 -4.44475 -819.35 0 
3 824.062 0.314683 0.0223856 0.672721 -0.874811 -0.151748 -0.41423 -4.29192 -819.356 0 
1 826.07 0.317464 0.0224638 0.66827 -0.853006 -0.151207 -2.08255 -4.50905 -819.478 0 
8 825.073 0.313873 0.0225394 0.671893 -0.857748 -0.148221 -1.34568 -4.35855 -819.369 0 
2 824.951 0.307614 0.022542 0.680112 -0.902833 -0.12143 -0.74249 -4.2459 -819.963 0 
1 825.13 0.312858 0.0224485 0.678272 -0.907696 -0.164748 -0.666612 -4.48331 -819.98 0 
3 824.697 0.315323 0.0224577 0.672991 -0.885775 -0.142828 -0.826833 -4.45218 -819.418 0 
2 825.471 0.316946 0.0224174 0.669146 -0.872293 -0.125032 -1.36076 -4.70919 -819.401 0 
6 825.526 0.309403 0.0223109 0.677925 -0.914259 -0.119056 -1.02281 -4.3441 -820.159 0 
1 827.516 0.304408 0.0223507 0.685162 -0.953705 -0.103012 -0.55999 -4.65484 -822.301 0 
4 827.938 0.306451 0.0222725 0.683076 -0.943547 -0.129219 -1.48926 -4.68921 -821.759 0 
1 828.053 0.309412 0.0221239 0.680087 -0.939672 -0.137204 -1.92827 -4.84146 -821.283 0 
4 828.284 0.311718 0.0222483 0.67321 -0.90049 -0.103224 -4.15952 -4.47673 -819.648 0 
3 826.035 0.308805 0.0222819 0.678909 -0.932424 -0.0926157 -0.819323 -4.55537 -820.66 0 
2 827.134 0.301919 0.0224223 0.687422 -0.949021 -0.105633 -0.172103 -4.54167 -822.42 0 
1 827.286 0.304221 0.0225853 0.685036 -0.931858 -0.107613 -1.69765 -4.36423 -821.224 0 
1 826.24 0.306301 0.0226092 0.680595 -0.901865 -0.111518 -1.97415 -4.29721 -819.968 0 
6 825.963 0.305975 0.0226242 0.680938 -0.905977 -0.0967714 -1.57227 -4.36307 -820.027 0 
4 825.708 0.313235 0.0225901 0.674854 -0.881054 -0.12678 -1.89309 -4.40449 -819.41 0 
2 825.367 0.319111 0.0224383 0.669833 -0.876702 -0.136738 -1.11756 -4.86909 -819.38 0 
1 825.548 0.307551 0.0224763 0.682387 -0.924005 -0.126721 -0.491067 -4.3498 -820.707 0 
2 825.131 0.321635 0.0224186 0.668934 -0.885029 -0.147567 -0.424479 -5.34238 -819.364 0 
6 824.846 0.321815 0.0224752 0.666614 -0.857399 -0.152969 -0.313831 -4.97884 -819.553 0 
1 824.281 0.321284 0.022293 0.667699 -0.865344 -0.177098 -0.18014 -4.74906 -819.352 0 
1 824.073 0.319331 0.0224302 0.669061 -0.863822 -0.161661 -0.106011 -4.59038 -819.377 0 
1 827.666 0.329647 0.0222971 0.659209 -0.863474 -0.126028 -0.470563 -7.19731 -819.998 0 
2 826.68 0.321405 0.022198 0.669299 -0.917296 -0.113908 -0.751654 -6.31631 -819.612 0 
3 827.493 0.325704 0.0221852 0.665378 -0.908939 -0.114181 -0.733174 -7.29481 -819.465 0 
1 827.124 0.325516 0.0221843 0.665579 -0.902404 -0.12856 -0.797955 -6.90234 -819.424 0 
2 826.052 0.32267 0.0223888 0.665961 -0.884709 -0.114253 -0.703836 -5.88923 -819.459 0 
6 825.16 0.310923 0.0223592 0.676869 -0.917914 -0.103749 -0.543784 -4.5329 -820.083 0 
5 825.999 0.313741 0.0223244 0.675613 -0.934645 -0.0884688 -0.425378 -5.26077 -820.312 0 
2 826.031 0.30743 0.0223879 0.681765 -0.945166 -0.0808055 -0.16663 -4.62741 -821.237 0 
2 826.842 0.311449 0.0223647 0.678881 -0.959182 -0.0550009 -0.108092 -5.51745 -821.216 0 
9 827.538 0.314606 0.0222666 0.677606 -0.953323 -0.102662 -0.563312 -5.95168 -821.023 0 
2 827.121 0.313489 0.0223178 0.678297 -0.953171 -0.0964465 -0.31657 -5.72323 -821.081 0 
3 826.821 0.318467 0.0222479 0.672378 -0.936578 -0.0871906 -0.46895 -6.29593 -820.056 0 
1 826.167 0.308843 0.0223667 0.680122 -0.940292 -0.0917211 -0.504072 -4.69529 -820.967 0 
5 825.37 0.310727 0.0223305 0.677286 -0.929203 -0.0853701 -0.310848 -4.71758 -820.342 0 
1 826.749 0.31005 0.0222601 0.675706 -0.920446 -0.0736233 -2.05256 -4.63062 -820.066 0 
2 825.74 0.308881 0.0223346 0.677148 -0.912846 -0.0885177 -1.31173 -4.42996 -819.999 0 
4 825.621 0.313886 0.0223141 0.676389 -0.927091 -0.112376 -0.417863 -5.00559 -820.198 0 
1 826.217 0.315046 0.0225443 0.673838 -0.898435 -0.0995852 -1.87105 -4.82587 -819.521 0 
6 825.156 0.310441 0.0225563 0.678175 -0.907559 -0.109464 -0.905691 -4.38193 -819.868 0 
1 824.601 0.31404 0.0224668 0.674301 -0.902685 -0.104695 -0.300287 -4.69352 -819.607 0 
1 825.257 0.30963 0.0224388 0.680455 -0.925549 -0.12326 -0.217991 -4.48985 -820.55 0 
1 825.935 0.31494 0.0223724 0.675674 -0.917844 -0.119609 -1.08822 -4.93512 -819.912 0 
4 825.197 0.315553 0.0224215 0.675469 -0.910882 -0.138174 -0.551932 -4.85719 -819.788 0 
7 824.912 0.317919 0.0223826 0.672367 -0.898466 -0.13772 -0.455972 -4.96772 -819.488 0 
1 825.379 0.321231 0.0224561 0.66655 -0.867395 -0.121448 -0.488934 -5.33729 -819.553 0 
1 824.979 0.308147 0.0224636 0.680093 -0.918799 -0.107866 -0.30866 -4.34021 -820.33 0 
1 825.306 0.305611 0.0224584 0.680866 -0.89926 -0.132653 -0.980326 -4.27497 -820.051 0 
6 824.402 0.310854 0.0224936 0.676689 -0.894718 -0.121513 -0.469799 -4.30677 -819.625 0 
4 825.409 0.308065 0.0223606 0.681534 -0.924565 -0.141564 -0.183826 -4.4248 -820.8 0 
5 825.459 0.310049 0.0224149 0.677558 -0.908233 -0.121351 -1.17663 -4.32438 -819.958 0 
1 826.001 0.305556 0.0224215 0.680671 -0.918307 -0.094424 -1.24738 -4.32273 -820.431 0 
1 824.46 0.309178 0.0223844 0.679031 -0.905215 -0.142525 -0.196012 -4.22659 -820.037 0 
1 824.523 0.30816 0.0224253 0.680895 -0.892215 -0.179763 -0.410884 -4.1695 -819.943 0 
7 823.988 0.319422 0.0224252 0.669211 -0.857917 -0.176932 -0.171905 -4.44238 -819.374 0 
7 824.174 0.318408 0.0224464 0.672311 -0.865949 -0.207501 -0.629422 -4.27156 -819.273 0 
2 824.358 0.316354 0.0224783 0.673347 -0.87012 -0.181572 -0.828766 -4.21815 -819.311 0 
2 824.384 0.321675 0.0224093 0.666923 -0.858815 -0.163552 -0.0565489 -4.85093 -819.477 0 
1 824.487 0.321875 0.0224171 0.666339 -0.847542 -0.17483 -0.185583 -4.70216 -819.6 0 
4 824.344 0.322702 0.0223989 0.666975 -0.855274 -0.187255 -0.13469 -4.76302 -819.446 0 
5 825.485 0.319395 0.0224036 0.67277 -0.884871 -0.192866 -1.36049 -4.76116 -819.364 0 
2 826.218 0.314059 0.0224441 0.678661 -0.897044 -0.206333 -1.94152 -4.44757 -819.829 0 
1 826.27 0.311627 0.0225479 0.680199 -0.899782 -0.186948 -2.01249 -4.29787 -819.96 0 
1 825.008 0.320326 0.0224509 0.669885 -0.873507 -0.162455 -0.864142 -4.80257 -819.341 0 
3 825.131 0.319018 0.0224407 0.668084 -0.865477 -0.141445 -0.94725 -4.75747 -819.427 0 
7 824.38 0.312175 0.0225147 0.675578 -0.889605 -0.126511 -0.532854 -4.33234 -819.515 0 
1 824.108 0.313806 0.0223886 0.674385 -0.89219 -0.142776 -0.209909 -4.36822 -819.53 0 
8 825.785 0.313387 0.0224854 0.672575 -0.877707 -0.125314 -1.98386 -4.40949 -819.391 0 
8 825.137 0.313514 0.0224182 0.67588 -0.919612 -0.106628 -0.309006 -4.8442 -819.984 0 
6 826.138 0.308948 0.022649 0.678091 -0.897802 -0.0923492 -2.00091 -4.45975 -819.677 0 
1 827.145 0.311416 0.0226981 0.677011 -0.897012 -0.098577 -3.04747 -4.50341 -819.594 0 
3 825.89 0.318049 0.0225941 0.669381 -0.87293 -0.106145 -1.32184 -5.09321 -819.475 0 
8 825.295 0.307646 0.0225455 0.680764 -0.914168 -0.1084 -0.775483 -4.29896 -820.221 0 
1 825.514 0.310593 0.0224529 0.679882 -0.922216 -0.125845 -0.644876 -4.50157 -820.368 0 
1 827.061 0.319363 0.0224618 0.673398 -0.898662 -0.164803 -2.44837 -5.12516 -819.487 0 
1 826.446 0.324387 0.0223891 0.667541 -0.881767 -0.175458 -1.37655 -5.74216 -819.327 0 
2 826.946 0.32797 0.0223919 0.663268 -0.862791 -0.175907 -1.25534 -6.10672 -819.584 0 
1 827.305 0.325494 0.0224466 0.666172 -0.872003 -0.176342 -2.18226 -5.73472 -819.388 0 
3 828.347 0.31776 0.022468 0.674795 -0.910337 -0.139051 -3.50601 -5.16377 -819.677 0 
3 828.804 0.312351 0.0225924 0.678873 -0.92784 -0.0902126 -3.74794 -4.84611 -820.21 0 
2 829.62 0.320169 0.022496 0.67128 -0.919862 -0.0747112 -3.66683 -6.31322 -819.64 0 
5 829.412 0.321785 0.0224677 0.669788 -0.92292 -0.0665195 -2.85665 -6.91737 -819.638 0 
1 830.59 0.321639 0.0224382 0.671975 -0.941087 -0.0776914 -3.26924 -7.35575 -819.965 0 
2 828.554 0.325308 0.0225072 0.664609 -0.899903 -0.0595762 -1.30379 -7.62545 -819.625 0 
2 828.202 0.322964 0.0224442 0.667505 -0.9023 -0.0840748 -2.11891 -6.58406 -819.499 0 
1 828.42 0.330175 0.0223698 0.66124 -0.885775 -0.1078 -0.601731 -8.11265 -819.705 0 
1 829.289 0.322262 0.0224424 0.669999 -0.918772 -0.089799 -2.99376 -6.70579 -819.59 0 
2 829.765 0.322146 0.022465 0.67055 -0.923455 -0.0869042 -3.28098 -6.83656 -819.648 0 
1 827.501 0.324304 0.02249 0.666789 -0.892194 -0.108099 -1.57515 -6.45578 -819.47 0 
1 828.125 0.326544 0.022563 0.662449 -0.868741 -0.0952223 -1.25618 -6.93935 -819.93 0 
3 828.385 0.313246 0.0226071 0.67858 -0.921054 -0.113669 -3.53706 -4.77631 -820.071 0 
1 828.764 0.309762 0.0225001 0.683028 -0.955703 -0.100392 -1.96032 -5.14189 -821.661 0 
4 828.996 0.303196 0.0224821 0.687274 -0.964341 -0.0863128 -1.33507 -4.73967 -822.922 0 
1 830.052 0.301353 0.022682 0.685938 -0.924633 -0.0931483 -4.53867 -4.44502 -821.068 0 
4 829.312 0.313684 0.0226269 0.670284 -0.858351 -0.112643 -5.0811 -4.75226 -819.479 0 
4 830.823 0.315719 0.0225316 0.670516 -0.867595 -0.142998 -7.0522 -4.40976 -819.361 0 
1 829.625 0.322355 0.0225002 0.664365 -0.847313 -0.152687 -4.82603 -5.03229 -819.767 0 
8 825.2 0.322411 0.0223683 0.666424 -0.862115 -0.171952 -0.836755 -4.9407 -819.423 0 
3 825.12 0.318106 0.0225319 0.667951 -0.847936 -0.145114 -0.819264 -4.69276 -819.608 0 
1 825.106 0.320318 0.0225309 0.66719 -0.844496 -0.161255 -0.739473 -4.69545 -819.671 0 
1 823.728 0.315173 0.0223397 0.675237 -0.876639 -0.215905 -0.13397 -4.17717 -819.417 0 
2 823.625 0.318145 0.0223324 0.670752 -0.863454 -0.19441 -0.0794025 -4.25784 -819.288 0 
4 823.572 0.315849 0.0223696 0.673067 -0.874709 -0.181668 -0.00707181 -4.22464 -819.34 0 
4 824.105 0.315666 0.0224541 0.670673 -0.844076 -0.182999 -0.493918 -4.20728 -819.404 0 
2 824.093 0.317201 0.0224568 0.669896 -0.845163 -0.182755 -0.417811 -4.24315 -819.432 0 
2 825.255 0.320261 0.0224977 0.669621 -0.853078 -0.207436 -1.61052 -4.3136 -819.331 0 
1 825.546 0.321091 0.0225266 0.669755 -0.861733 -0.192862 -1.636 -4.58474 -819.326 0 
2 826.474 0.317131 0.0225848 0.670779 -0.849781 -0.185566 -2.92515 -4.17946 -819.369 0 
1 824.234 0.323763 0.022352 0.665176 -0.836194 -0.216696 -0.0806165 -4.49701 -819.657 0 
2 824.303 0.316494 0.0224955 0.672351 -0.84787 -0.221404 -1.05475 -3.97291 -819.275 0 
5 824.156 0.317801 0.0224752 0.671789 -0.841284 -0.245335 -0.955687 -3.92616 -819.274 0 
1 823.563 0.314226 0.0224097 0.676239 -0.849022 -0.272064 -0.329982 -3.97525 -819.258 0 
6 823.574 0.321156 0.0223615 0.669847 -0.809158 -0.333739 -0.364682 -3.76201 -819.447 0 
4 824.987 0.327163 0.0222768 0.665879 -0.812638 -0.341559 -1.15836 -4.24999 -819.578 0 
1 825.253 0.329398 0.0222719 0.662914 -0.80205 -0.339991 -0.939094 -4.31231 -820.001 0 
2 827.049 0.32696 0.0223944 0.66315 -0.792361 -0.320652 -2.81545 -3.90565 -820.328 0 
1 826.31 0.318354 0.0226283 0.672041 -0.794374 -0.33307 -2.83609 -3.82281 -819.651 0 
1 829.814 0.315607 0.0227726 0.674064 -0.781392 -0.345101 -5.76196 -4.2711 -819.781 0 
4 830.389 0.325493 0.0225797 0.662623 -0.753932 -0.345265 -4.92752 -3.76664 -821.695 0 
1 827.887 0.327623 0.0224027 0.66272 -0.774995 -0.359846 -3.49137 -3.7053 -820.69 0 
1 825.903 0.326333 0.022252 0.662772 -0.790569 -0.3272 -1.79714 -3.82003 -820.286 0 
3 825.412 0.326648 0.0221668 0.666888 -0.826479 -0.348797 -1.48815 -4.64414 -819.28 0 
1 827.677 0.332501 0.0221261 0.661017 -0.815703 -0.323071 -2.55815 -5.19757 -819.921 0 
2 826.586 0.329297 0.0221991 0.663385 -0.809362 -0.328265 -2.31196 -4.40917 -819.865 0 
5 826.087 0.32636 0.0222186 0.666092 -0.812013 -0.335884 -2.40059 -4.09775 -819.588 0 
4 827.173 0.327842 0.0223183 0.664627 -0.80175 -0.326724 -3.10692 -4.05141 -820.015 0 
12 828.089 0.334385 0.0222162 0.656993 -0.788719 -0.299708 -1.71348 -4.97091 -821.405 0 
2 829.998 0.340458 0.0222117 0.651061 -0.781158 -0.282684 -0.677968 -6.49324 -822.827 0 
1 828.233 0.330577 0.0223251 0.661274 -0.804004 -0.283877 -3.07446 -4.62405 -820.534 0 
1 825.198 0.320058 0.0223315 0.672142 -0.852207 -0.268997 -1.80917 -4.18121 -819.207 0 
1 823.813 0.319942 0.0222649 0.670203 -0.848608 -0.249362 -0.460606 -4.1064 -819.246 0 
1 824.878 0.313962 0.0222915 0.67752 -0.879526 -0.243146 -1.03463 -4.24515 -819.598 0 
2 825.031 0.310819 0.0222512 0.680405 -0.897494 -0.232418 -0.322158 -4.47346 -820.235 0 
8 826.253 0.308118 0.02231 0.68403 -0.902557 -0.242262 -0.849112 -4.63885 -820.765 0 
1 830.308 0.298988 0.0223609 0.693927 -0.945873 -0.213831 -0.218304 -5.73304 -824.357 0 
1 828.069 0.305707 0.0224756 0.687494 -0.915596 -0.224076 -1.82083 -4.78319 -821.465 0 
2 826.567 0.305761 0.0223819 0.686564 -0.908645 -0.241893 -0.397108 -4.85946 -821.31 0 
5 827.238 0.303768 0.0223591 0.688306 -0.922633 -0.22046 -0.181012 -4.99006 -822.067 0 
5 825.826 0.304736 0.0222786 0.683863 -0.898544 -0.208132 -0.666839 -4.51499 -820.644 0 
6 826.734 0.302816 0.0222631 0.684726 -0.892503 -0.211164 -1.37966 -4.73422 -820.62 0 
4 827.397 0.301974 0.0223941 0.683042 -0.875322 -0.187146 -2.53506 -4.93232 -819.929 0 
2 825.215 0.311641 0.0223802 0.680459 -0.885949 -0.244559 -0.994892 -4.32183 -819.898 0 
3 824.971 0.32362 0.0223481 0.669469 -0.845293 -0.286627 -1.25283 -4.49622 -819.222 0 
1 824.948 0.325801 0.0223593 0.662472 -0.796544 -0.275413 -0.360649 -4.07058 -820.516 0 
3 824.627 0.309435 0.0224915 0.679821 -0.852368 -0.250561 -1.01604 -4.2378 -819.373 0 
2 824.938 0.306533 0.0224754 0.683103 -0.865015 -0.252837 -0.667102 -4.53063 -819.741 0 
4 824.566 0.313703 0.0225205 0.675748 -0.820569 -0.293761 -1.24139 -4.05895 -819.266 0 
3 824.574 0.317921 0.0225349 0.671221 -0.793687 -0.326376 -1.02105 -3.86532 -819.687 0 
2 826.969 0.314544 0.0226604 0.672875 -0.773863 -0.329101 -2.18694 -4.72465 -820.058 0 
1 826.436 0.3207 0.0225267 0.667124 -0.771994 -0.313964 -1.6673 -4.05807 -820.711 0 
3 827.657 0.317668 0.0226103 0.669646 -0.767507 -0.320385 -2.59671 -4.47202 -820.589 0 
2 827.743 0.327507 0.0224551 0.662902 -0.750671 -0.374775 -2.39739 -3.64377 -821.701 0 
1 826.665 0.31496 0.0224577 0.67432 -0.799139 -0.329665 -3.061 -4.15882 -819.445 0 
1 825.506 0.315396 0.0224535 0.673015 -0.797272 -0.316806 -1.81724 -4.1358 -819.553 0 
2 825.325 0.322486 0.0224349 0.66466 -0.764798 -0.324552 -0.286362 -3.95471 -821.084 0 
4 826.317 0.323096 0.0224071 0.667229 -0.772905 -0.364567 -2.29551 -3.65436 -820.367 0 
1 825.62 0.316267 0.0225187 0.672762 -0.793952 -0.322402 -1.92374 -4.06624 -819.63 0 
1 825.429 0.322324 0.0224954 0.664827 -0.776552 -0.291075 -0.479098 -4.04946 -820.9 0 
2 825.071 0.316063 0.0225491 0.673263 -0.805062 -0.320342 -1.72273 -3.93268 -819.415 0 
3 825.111 0.310203 0.0223519 0.681303 -0.845138 -0.33552 -0.990395 -4.60421 -819.517 0 
1 825.579 0.306709 0.022389 0.679856 -0.816117 -0.319333 -0.954584 -5.34033 -819.284 0 
1 824.312 0.311331 0.0223289 0.677308 -0.818591 -0.343099 -0.580898 -4.49147 -819.24 0 
3 824.129 0.31503 0.0222348 0.675057 -0.816026 -0.360166 -0.769183 -4.14817 -819.212 0 
3 823.601 0.313222 0.0222978 0.677091 -0.851879 -0.293626 -0.117115 -4.13773 -819.347 0 
3 824.132 0.311322 0.0223043 0.676128 -0.828649 -0.293125 -0.650362 -4.24393 -819.237 0 
2 824.89 0.316486 0.022422 0.669444 -0.796418 -0.282904 -0.971258 -4.09484 -819.823 0 
1 825.648 0.324068 0.0224304 0.66244 -0.779196 -0.272931 -0.328806 -4.16505 -821.155 0 
2 825.899 0.316787 0.0222982 0.672846 -0.831413 -0.280574 -2.8018 -3.84822 -819.249 0 
3 825.316 0.319206 0.0224384 0.672101 -0.849543 -0.24238 -2.01037 -4.05627 -819.249 0 
15 825.682 0.322046 0.022576 0.66812 -0.828641 -0.234496 -1.91152 -4.1429 -819.627 0 
3 827.004 0.325111 0.0225875 0.665208 -0.826288 -0.213064 -2.35257 -4.63892 -820.012 0 
3 826.036 0.321961 0.0225057 0.669826 -0.865128 -0.203734 -2.01282 -4.73225 -819.291 0 
1 824.546 0.319625 0.0224571 0.670865 -0.870959 -0.185836 -0.690087 -4.55665 -819.299 0 
10 824.759 0.314905 0.0223795 0.677219 -0.885808 -0.233661 -0.699223 -4.41809 -819.641 0 
8 825.539 0.316638 0.0224049 0.675565 -0.895143 -0.202102 -1.20614 -4.70532 -819.627 0 
6 825.068 0.318266 0.0222641 0.674131 -0.892405 -0.218435 -0.633232 -4.88192 -819.553 0 
7 827.239 0.31938 0.0221571 0.674998 -0.890405 -0.276689 -2.18119 -5.38309 -819.675 0 
2 827.35 0.324969 0.0221855 0.669761 -0.882735 -0.259116 -2.06422 -6.00486 -819.281 0 
4 826.237 0.32017 0.0221644 0.672388 -0.902022 -0.203319 -1.16024 -5.47689 -819.6 0 
1 828.581 0.310076 0.0221377 0.68292 -0.928721 -0.222118 -1.83427 -5.20972 -821.537 0 
1 826.476 0.309802 0.0222935 0.683241 -0.91143 -0.243327 -0.595212 -4.91143 -820.97 0 
3 826.122 0.317165 0.0222264 0.672799 -0.876177 -0.230188 -2.32984 -4.41544 -819.377 0 
1 825.519 0.319004 0.0221423 0.671644 -0.880125 -0.230249 -1.44562 -4.70394 -819.37 0 
1 826.753 0.320108 0.0221223 0.669596 -0.869822 -0.233694 -2.88605 -4.60441 -819.263 0 
2 827.175 0.324459 0.0220775 0.664332 -0.851122 -0.225646 -2.98815 -4.80254 -819.384 0 
3 825.339 0.31592 0.0221599 0.67341 -0.879219 -0.207799 -1.67387 -4.25429 -819.411 0 
2 824.805 0.320083 0.0221993 0.667993 -0.857617 -0.202012 -1.13018 -4.36436 -819.311 0 
2 827.255 0.317345 0.0221874 0.674194 -0.880785 -0.228885 -3.40131 -4.42509 -819.429 0 
2 825.324 0.317183 0.0221523 0.671304 -0.851812 -0.241934 -2.10761 -3.97918 -819.237 0 
10 824.825 0.316254 0.0221758 0.671391 -0.841414 -0.254727 -1.69483 -3.8896 -819.24 0 
1 825.254 0.314589 0.0223544 0.671473 -0.822495 -0.237689 -1.68787 -4.12782 -819.438 0 
1 824.476 0.316887 0.0221998 0.67323 -0.852221 -0.270624 -1.23391 -4.01103 -819.231 0 
5 823.473 0.319851 0.0223046 0.670172 -0.845512 -0.25535 -0.157008 -4.06796 -819.248 0 
1 824.734 0.320891 0.0223225 0.671135 -0.865823 -0.248158 -0.891694 -4.60623 -819.236 0 
1 825.929 0.315406 0.0224997 0.670927 -0.829567 -0.221948 -2.47534 -4.02907 -819.425 0 
4 824.197 0.313279 0.0224144 0.675425 -0.868424 -0.20872 -0.808514 -4.02676 -819.362 0 
4 824.79 0.321987 0.022359 0.667906 -0.86379 -0.193738 -0.703737 -4.76227 -819.324 0 
3 824.972 0.316601 0.022203 0.674144 -0.894751 -0.203058 -0.656959 -4.69064 -819.625 0 
5 825.754 0.312176 0.0223751 0.676002 -0.871848 -0.209636 -2.26904 -4.04719 -819.437 0 
1 828.025 0.313084 0.0224625 0.681403 -0.902709 -0.244487 -2.90129 -4.82062 -820.303 0 
2 831.208 0.321363 0.0226152 0.67096 -0.870142 -0.20416 -7.14293 -4.78868 -819.276 0 
2 830.143 0.320341 0.0226446 0.672151 -0.872706 -0.198654 -6.18242 -4.67545 -819.285 0 
1 829.047 0.32451 0.0225091 0.668357 -0.877374 -0.18925 -4.12868 -5.61042 -819.308 0 
4 825.327 0.317728 0.022327 0.674444 -0.895878 -0.20566 -0.833103 -4.89187 -819.602 0 
2 825.08 0.312054 0.0224915 0.679102 -0.893847 -0.188699 -1.06999 -4.22242 -819.788 0 
2 824.986 0.3106 0.0225684 0.678895 -0.884814 -0.170693 -1.27585 -4.10999 -819.6 0 
4 826.363 0.320548 0.022617 0.669232 -0.855915 -0.171848 -2.31879 -4.6023 -819.442 0 
1 826.238 0.320168 0.0225675 0.669553 -0.877272 -0.129357 -1.71398 -5.11408 -819.41 0 
1 826.642 0.322346 0.0225597 0.667604 -0.87838 -0.12453 -1.59251 -5.59176 -819.458 0 
1 826.911 0.321521 0.0226038 0.6667 -0.873032 -0.102736 -1.63566 -5.69193 -819.583 0 
1 828.203 0.320647 0.0226554 0.664475 -0.849017 -0.0896328 -2.09549 -5.99356 -820.114 0 
1 828.72 0.311855 0.022729 0.677687 -0.896766 -0.109212 -4.6782 -4.44612 -819.596 0 
1 828.452 0.318507 0.0225275 0.674287 -0.924896 -0.110995 -2.74012 -5.85368 -819.859 0 
1 828.095 0.310365 0.0224224 0.681573 -0.954823 -0.104574 -1.23346 -5.27667 -821.585 0 
1 829.356 0.31876 0.0223836 0.673208 -0.928665 -0.123544 -3.25476 -6.12008 -819.981 0 
1 828.061 0.315669 0.0223261 0.675487 -0.943106 -0.100849 -1.63923 -5.90376 -820.518 0 
9 828.873 0.322274 0.0222758 0.670422 -0.93476 -0.113143 -1.65922 -7.31443 -819.899 0 
5 828.019 0.315418 0.0224608 0.675723 -0.944852 -0.073975 -1.65247 -5.92888 -820.438 0 
1 828.429 0.320106 0.022376 0.671793 -0.949234 -0.0585719 -0.854212 -7.3926 -820.182 0 
3 827.268 0.314148 0.0225679 0.673322 -0.917475 -0.0360057 -1.99374 -5.54989 -819.725 0 
4 825.705 0.315495 0.0224382 0.671732 -0.897334 -0.0837824 -1.15021 -5.05358 -819.501 0 
3 826.204 0.310489 0.0223922 0.677016 -0.903174 -0.109679 -2.0628 -4.37333 -819.768 0 
3 826.205 0.320887 0.0223037 0.668033 -0.879202 -0.137287 -1.64858 -5.16684 -819.39 0 
2 826.287 0.321733 0.0224518 0.666999 -0.878683 -0.109531 -1.13532 -5.65263 -819.499 0 
3 825.518 0.323272 0.0223703 0.665995 -0.88271 -0.126363 -0.22942 -5.8478 -819.441 0 
6 825.739 0.3137 0.0223051 0.677278 -0.932411 -0.124622 -0.144875 -5.13627 -820.458 0 
3 826.369 0.318089 0.022253 0.671133 -0.928151 -0.0810472 -0.481028 -6.02881 -819.859 0 
3 826.53 0.311688 0.0222918 0.678016 -0.951535 -0.0683093 -0.22697 -5.33242 -820.971 0 
9 826.692 0.305768 0.0223578 0.68106 -0.947253 -0.0493399 -0.854471 -4.60671 -821.231 0 
2 826.361 0.31618 0.0222669 0.672671 -0.936982 -0.0613323 -0.338195 -5.92692 -820.096 0 
1 827.204 0.312522 0.0223664 0.673839 -0.932083 -0.023717 -1.65845 -5.51007 -820.035 0 
7 826.599 0.308515 0.0223715 0.678337 -0.949754 -0.0242307 -0.680444 -5.04958 -820.869 0 
4 827.379 0.306802 0.0225259 0.681513 -0.96318 -0.00869449 -0.796813 -5.07974 -821.502 0 
4 830.648 0.308269 0.0224894 0.684889 -0.985097 -0.056891 -1.86691 -5.73079 -823.05 0 
2 830.098 0.311858 0.0223481 0.681038 -0.990382 -0.0421281 -0.762946 -6.68813 -822.647 0 
3 828.104 0.321669 0.0223999 0.669306 -0.940251 -0.0389823 -0.512993 -7.72811 -819.862 0 
5 827.864 0.320352 0.0224161 0.667291 -0.934756 0.000905423 -0.229435 -7.83989 -819.795 0 
2 829.863 0.32812 0.022283 0.659853 -0.910403 -0.0232748 -0.486278 -9.58895 -819.788 0 
6 828.254 0.321397 0.0222465 0.666661 -0.924885 -0.0343509 -1.26288 -7.32144 -819.67 0 
2 830.235 0.320979 0.0222985 0.671809 -0.956689 -0.0529126 -2.02344 -7.89901 -820.312 0 
2 830.186 0.328892 0.0222923 0.660919 -0.917123 -0.0280008 -0.575235 -9.87859 -819.732 0 
1 832.429 0.329187 0.0222129 0.660498 -0.918449 -0.0254983 -2.63822 -10.048 -819.742 0 
3 832.182 0.330868 0.0221362 0.659286 -0.923962 -0.0299574 -1.58039 -10.8698 -819.732 0 
2 833.013 0.331569 0.0220863 0.660944 -0.936183 -0.0549598 -2.08697 -11.2672 -819.659 0 
7 832.553 0.334496 0.022263 0.655151 -0.90374 -0.022637 -0.22475 -12.1319 -820.196 0 
1 832.147 0.333262 0.0223009 0.655129 -0.896654 -0.0164431 -0.202893 -11.6097 -820.334 0 
3 831.34 0.327543 0.0223325 0.661065 -0.929694 0.0176573 -0.802749 -10.707 -819.83 0 
2 831.487 0.330178 0.0224196 0.658748 -0.912101 0.00290499 -0.387039 -11.098 -820.002 0 
3 829.782 0.324808 0.0223392 0.665634 -0.948238 -0.000171083 -0.228313 -9.68233 -819.872 0 
1 829.106 0.320037 0.0224528 0.668521 -0.946909 0.0217232 -0.832318 -8.31767 -819.956 0 
3 828.768 0.317249 0.0225198 0.671649 -0.951314 0.0164378 -1.19925 -7.42399 -820.145 0 
7 828.784 0.322094 0.0226006 0.66537 -0.899705 -0.0242484 -1.62007 -7.46464 -819.699 0 
2 827.577 0.320792 0.0225881 0.66677 -0.899238 -0.0404225 -1.20059 -6.77032 -819.606 0 
1 830.35 0.31767 0.0226963 0.669587 -0.911211 -0.0264744 -4.35589 -6.37787 -819.616 0 
3 829.025 0.312081 0.0226051 0.679658 -0.947912 -0.0697969 -2.91247 -5.31358 -820.799 0 
2 828.717 0.308358 0.0227225 0.680422 -0.932483 -0.0446328 -3.57332 -4.75497 -820.389 0 
4 828.047 0.312599 0.0226884 0.671449 -0.876299 -0.0569345 -3.10726 -5.41753 -819.522 0 
1 826.57 0.315562 0.0224715 0.668844 -0.877292 -0.0840594 -1.99249 -5.10048 -819.477 0 
3 825.355 0.318037 0.0223108 0.669108 -0.895535 -0.100299 -0.646401 -5.25107 -819.458 0 
1 825.383 0.310577 0.0224456 0.678856 -0.931696 -0.0915615 -0.191581 -4.71581 -820.475 0 
6 824.979 0.311909 0.0224931 0.674738 -0.893174 -0.0983596 -0.903405 -4.54615 -819.53 0 
1 825.185 0.313267 0.0224268 0.672545 -0.885265 -0.11209 -1.2385 -4.50823 -819.438 0 
13 824.908 0.313537 0.0223577 0.674456 -0.914022 -0.0923821 -0.281497 -4.82587 -819.801 0 
5 825.816 0.311584 0.0222658 0.675697 -0.915791 -0.0987369 -1.26937 -4.58261 -819.964 0 
3 826.05 0.324012 0.0224131 0.662919 -0.855447 -0.120183 -0.306248 -5.83895 -819.905 0 
5 826.382 0.325859 0.0222735 0.662706 -0.87688 -0.116886 -0.280893 -6.48971 -819.612 0 
2 826.763 0.325399 0.0221452 0.665601 -0.889706 -0.160947 -1.14324 -6.26484 -819.355 0 
3 825.007 0.317567 0.0223 0.671258 -0.893443 -0.132251 -0.706022 -4.8602 -819.441 0 
4 825.416 0.31731 0.0224047 0.668685 -0.885067 -0.0859084 -0.681884 -5.26709 -819.467 0 
1 827.317 0.321573 0.0222913 0.66429 -0.888259 -0.0729515 -1.46902 -6.28178 -819.566 0 
1 826.442 0.317784 0.0223958 0.668561 -0.900753 -0.0684921 -1.2787 -5.64878 -819.515 0 
4 826.284 0.314795 0.0223078 0.671863 -0.920807 -0.0603525 -1.10034 -5.38527 -819.798 0 
2 829.029 0.323502 0.0221565 0.665486 -0.910499 -0.100382 -2.66631 -6.86376 -819.499 0 
1 827.135 0.315503 0.0222228 0.673457 -0.927502 -0.104622 -1.69128 -5.37907 -820.065 0 
4 827.188 0.313658 0.0222746 0.674782 -0.939931 -0.0704663 -1.34575 -5.45375 -820.389 0 
4 827.185 0.311307 0.0224441 0.678474 -0.959891 -0.0383966 -0.458904 -5.59759 -821.128 0 
3 828.379 0.311009 0.0225 0.677819 -0.958447 -0.0227072 -1.77703 -5.62216 -820.98 0 
2 827.715 0.315272 0.0224422 0.672916 -0.945009 -0.0210684 -1.21182 -6.29766 -820.205 0 
7 827.174 0.310761 0.0224335 0.675649 -0.946202 -0.0112818 -1.20101 -5.49074 -820.482 0 
10 827.559 0.311865 0.0225092 0.673669 -0.947629 0.027758 -1.00048 -6.27371 -820.285 0 
2 827.603 0.310594 0.0226092 0.674744 -0.936294 0.0135919 -1.71046 -5.78074 -820.111 0 
1 828.115 0.305729 0.0225335 0.682525 -0.971718 -0.00346121 -1.00533 -5.09885 -822.011 0 
2 827.912 0.310559 0.0226077 0.674205 -0.931109 0.00984165 -2.18249 -5.72278 -820.007 0 
5 827.654 0.309717 0.022436 0.675026 -0.926867 -0.0123238 -2.36006 -5.2823 -820.012 0 
4 827.12 0.305765 0.0224198 0.679449 -0.944904 -0.0145762 -1.44299 -4.82355 -820.854 0 
1 827.559 0.319365 0.0222823 0.666867 -0.918567 -0.0284696 -1.12356 -6.78953 -819.646 0 
1 827.877 0.316492 0.022253 0.673326 -0.957007 -0.0332333 -0.618004 -6.72221 -820.537 0 
2 829.552 0.316084 0.0223435 0.673054 -0.954137 -0.00651295 -2.42453 -6.77519 -820.352 0 
2 828.292 0.316035 0.0223866 0.673136 -0.94337 -0.02526 -1.82768 -6.32813 -820.136 0 
1 829.099 0.324167 0.022331 0.666183 -0.92845 -0.0378652 -1.22054 -8.21078 -819.668 0 
1 828.289 0.325917 0.0222266 0.664158 -0.917517 -0.064936 -0.569443 -8.14802 -819.571 0 
5 830.986 0.329382 0.0221145 0.659436 -0.90609 -0.0561501 -2.0446 -9.23785 -819.704 0 
4 832.137 0.329283 0.0221916 0.664209 -0.948601 -0.0580254 -1.46329 -10.8829 -819.791 0 
7 828.869 0.326903 0.0222498 0.664331 -0.925114 -0.0686985 -0.527544 -8.74781 -819.594 0 
4 827.757 0.315815 0.0223194 0.675813 -0.954086 -0.0684161 -0.810047 -6.25279 -820.694 0 
1 827.829 0.317805 0.0225306 0.673032 -0.919663 -0.0959362 -2.41647 -5.67069 -819.742 0 
1 828.751 0.318142 0.0225585 0.6742 -0.922977 -0.109045 -3.1738 -5.74929 -819.828 0 
3 826.028 0.314316 0.0224319 0.677407 -0.917596 -0.152543 -1.05434 -4.87444 -820.099 0 
6 825.019 0.32026 0.0224969 0.668118 -0.848746 -0.185221 -1.1307 -4.42202 -819.466 0 
1 826.569 0.313109 0.0225682 0.674339 -0.861821 -0.180299 -3.18528 -4.07515 -819.309 0 
1 828.451 0.318318 0.0224026 0.668055 -0.849593 -0.182462 -4.76874 -4.27194 -819.411 0 
1 826.171 0.310667 0.0223389 0.673787 -0.863773 -0.159587 -2.60745 -4.2218 -819.342 0 
2 824.939 0.310046 0.0223398 0.676248 -0.871616 -0.170228 -1.36837 -4.14994 -819.421 0 
1 826.178 0.313972 0.0221696 0.675066 -0.883617 -0.198589 -2.47982 -4.17597 -819.522 0 
3 826.805 0.312574 0.0223125 0.673424 -0.855746 -0.179448 -3.32324 -4.17672 -819.305 0 
1 825.722 0.312886 0.0224037 0.674365 -0.848919 -0.202997 -2.34093 -4.09865 -819.283 0 
3 825.634 0.309553 0.02222 0.677459 -0.87625 -0.198016 -1.95269 -4.10316 -819.579 0 
7 824.643 0.312348 0.0222224 0.676782 -0.871128 -0.234676 -1.08219 -4.07245 -819.489 0 
4 825.226 0.308846 0.0222532 0.677879 -0.85998 -0.229777 -1.57341 -4.21278 -819.439 0 
1 825.103 0.325315 0.0222662 0.664404 -0.816451 -0.286913 -1.23757 -4.12639 -819.739 0 
4 824.38 0.320854 0.02233 0.671389 -0.860918 -0.258151 -0.681277 -4.47981 -819.219 0 
3 826.469 0.31092 0.0222455 0.682117 -0.904923 -0.254637 -0.930135 -4.86257 -820.677 0 
1 825.584 0.309104 0.0223917 0.682776 -0.897251 -0.228758 -0.821625 -4.4126 -820.35 0 
6 824.665 0.309394 0.022328 0.680605 -0.905424 -0.186482 -0.0456399 -4.31915 -820.301 0 
2 825.276 0.311678 0.0224945 0.678626 -0.884692 -0.204152 -1.46062 -4.14753 -819.667 0 
2 826.64 0.311279 0.0225896 0.678185 -0.894652 -0.154521 -2.72618 -4.20618 -819.708 0 
2 826.625 0.315878 0.022425 0.677301 -0.912007 -0.179902 -1.671 -4.97748 -819.977 0 
1 826.802 0.316264 0.0224336 0.676506 -0.911176 -0.163354 -2.00168 -4.94606 -819.854 0 
1 824.897 0.314028 0.0224974 0.676371 -0.897376 -0.156209 -0.849154 -4.40712 -819.641 0 
2 824.661 0.318039 0.0223223 0.672654 -0.894841 -0.163812 -0.358781 -4.82855 -819.474 0 
1 827.081 0.315383 0.0222733 0.677149 -0.921306 -0.165459 -1.76823 -5.10546 -820.208 0 
1 824.833 0.309178 0.0224018 0.679265 -0.9132 -0.129768 -0.320045 -4.3074 -820.205 0 
2 825.529 0.310313 0.0222912 0.678053 -0.912986 -0.142143 -0.968316 -4.37214 -820.188 0 
1 826.451 0.304201 0.0224051 0.685896 -0.923742 -0.170744 -0.426327 -4.545 -821.479 0 
5 825.928 0.307481 0.0223562 0.682314 -0.926162 -0.14899 -0.469941 -4.46397 -820.994 0 
3 826.557 0.308329 0.0224229 0.68371 -0.923116 -0.18537 -0.814191 -4.63959 -821.104 0 
3 825.765 0.312543 0.022479 0.678104 -0.901451 -0.172274 -1.52246 -4.37119 -819.871 0 
2 826.396 0.305707 0.0225015 0.683336 -0.913163 -0.151404 -1.44566 -4.29905 -820.651 0 
4 825.608 0.307538 0.0224961 0.682852 -0.918495 -0.147508 -0.628696 -4.32396 -820.655 0 
2 826.33 0.312345 0.0226025 0.673838 -0.87554 -0.122985 -2.53956 -4.39952 -819.391 0 
3 827.387 0.313947 0.0225362 0.671025 -0.864793 -0.126609 -3.49668 -4.49877 -819.392 0 
1 825.622 0.311309 0.0224538 0.674107 -0.883233 -0.118524 -1.80801 -4.35943 -819.455 0 
3 825.632 0.305696 0.0224596 0.68337 -0.926126 -0.12418 -0.332949 -4.34058 -820.959 0 
5 824.003 0.313677 0.0224563 0.674831 -0.888135 -0.145566 -0.207737 -4.3123 -819.483 0 
5 824.572 0.320379 0.0223873 0.667901 -0.863974 -0.153795 -0.350742 -4.79648 -819.425 0 
1 824.616 0.32399 0.0223964 0.664623 -0.840571 -0.188223 -0.0416556 -4.81585 -819.759 0 
3 824.363 0.319012 0.0223584 0.671777 -0.883335 -0.179835 -0.311255 -4.70029 -819.351 0 
7 824.997 0.319289 0.0223666 0.672197 -0.893951 -0.16844 -0.554544 -5.00689 -819.436 0 
5 825.981 0.311182 0.0226049 0.675433 -0.896339 -0.0793871 -1.72424 -4.69192 -819.565 0 
3 826.549 0.308022 0.0226609 0.679984 -0.905642 -0.0968289 -2.28142 -4.36705 -819.9 0 
4 826.67 0.307939 0.0226818 0.67834 -0.904078 -0.070691 -2.31355 -4.5793 -819.777 0 
1 826.178 0.305527 0.0225928 0.679668 -0.899111 -0.0834197 -1.80082 -4.55459 -819.823 0 
1 828.376 0.303376 0.0227101 0.684622 -0.909513 -0.102407 -3.57396 -4.44887 -820.353 0 
1 826.884 0.30866 0.022537 0.680829 -0.911285 -0.120173 -2.47562 -4.28042 -820.128 0 
1 826.261 0.303786 0.0225688 0.682635 -0.912883 -0.0876231 -1.48279 -4.44042 -820.338 0 
1 825.997 0.309747 0.0226408 0.675815 -0.88341 -0.0939037 -1.91824 -4.60667 -819.472 0 
2 827.556 0.306965 0.0227353 0.679657 -0.893605 -0.0917325 -3.3543 -4.52528 -819.676 0 
7 827.128 0.309905 0.0226465 0.676111 -0.900295 -0.0598256 -2.66395 -4.8393 -819.625 0 
1 826.582 0.302496 0.0225609 0.684436 -0.9315 -0.0687742 -1.11257 -4.43361 -821.036 0 
2 828.065 0.307622 0.0225849 0.675584 -0.900176 -0.0331892 -3.25912 -5.15519 -819.651 0 
3 829.65 0.297426 0.0225708 0.686613 -0.95291 -0.000609514 -2.86542 -4.77798 -822.006 0 
1 828.788 0.299134 0.0224675 0.686477 -0.953975 -0.0351757 -2.00336 -4.54424 -822.24 0 
9 826.311 0.30952 0.0224021 0.67655 -0.926932 -0.0433407 -1.30671 -4.86439 -820.14 0 
3 827.073 0.309137 0.0225134 0.677286 -0.924009 -0.0383653 -2.11931 -4.89055 -820.063 0 
1 826.989 0.302959 0.022573 0.685113 -0.94329 -0.0601739 -1.08948 -4.44357 -821.456 0 
5 828.75 0.29773 0.0225691 0.687171 -0.94334 -0.0309532 -2.23507 -4.73451 -821.781 0 
3 827.992 0.300123 0.0225512 0.686151 -0.945691 -0.0474805 -1.69702 -4.50673 -821.789 0 
7 827.943 0.304138 0.0227072 0.683129 -0.928022 -0.0516922 -2.81605 -4.52016 -820.607 0 
9 828.118 0.300188 0.0226633 0.686299 -0.937746 -0.0476409 -2.18198 -4.55893 -821.377 0 
1 827.029 0.305394 0.0225067 0.681893 -0.927426 -0.0678464 -1.99397 -4.4433 -820.592 0 
1 826.835 0.306399 0.0225109 0.682486 -0.943682 -0.060853 -1.16319 -4.56751 -821.105 0 
2 826.383 0.315743 0.0223827 0.673879 -0.919417 -0.0881549 -1.32913 -5.25186 -819.802 0 
1 826.111 0.31632 0.0223486 0.671502 -0.910054 -0.076018 -1.15674 -5.34563 -819.609 0 
2 824.808 0.313121 0.0223953 0.673986 -0.908861 -0.0861416 -0.324255 -4.78126 -819.702 0 
1 824.208 0.312276 0.0224249 0.67464 -0.888403 -0.126489 -0.37538 -4.33603 -819.497 0 
3 824.805 0.307017 0.0224804 0.68035 -0.903721 -0.12676 -0.517871 -4.23355 -820.053 0 
3 825.725 0.310335 0.0223352 0.676497 -0.905678 -0.121377 -1.5266 -4.32093 -819.877 0 
1 824.501 0.313236 0.0223725 0.673358 -0.89005 -0.118158 -0.559853 -4.45797 -819.484 0 
3 824.963 0.317418 0.0223586 0.670659 -0.88146 -0.150695 -0.999302 -4.60088 -819.363 0 
1 824.756 0.319491 0.022384 0.670918 -0.893222 -0.144389 -0.231896 -5.11291 -819.411 0 
2 825.369 0.311175 0.0224383 0.677662 -0.908544 -0.11647 -1.08869 -4.39994 -819.88 0 
2 825.404 0.307599 0.0225857 0.678202 -0.887351 -0.112737 -1.41158 -4.39312 -819.599 0 
5 825.534 0.307987 0.0226258 0.679322 -0.89155 -0.122611 -1.56291 -4.28482 -819.687 0 
7 826.265 0.304402 0.0225113 0.684856 -0.925656 -0.118738 -0.908046 -4.33184 -821.025 0 
1 824.495 0.312775 0.0224733 0.676351 -0.899446 -0.132438 -0.447173 -4.38409 -819.663 0 
4 825.225 0.315165 0.0223968 0.675522 -0.902404 -0.166598 -0.860617 -4.63962 -819.724 0 
1 826.621 0.313397 0.0223295 0.677569 -0.926143 -0.146055 -1.21716 -4.99935 -820.405 0 
1 827.379 0.31156 0.0223883 0.674871 -0.906235 -0.103521 -3.12297 -4.4928 -819.763 0 
4 827.446 0.303236 0.0224077 0.682728 -0.917123 -0.110833 -2.38228 -4.3518 -820.712 0 
4 827.38 0.306346 0.0225359 0.676366 -0.870599 -0.108574 -3.15154 -4.79979 -819.429 0 
1 829.296 0.306743 0.0223012 0.678932 -0.895116 -0.155736 -5.10997 -4.20083 -819.985 0 
2 828.758 0.303837 0.0223724 0.682309 -0.900775 -0.156879 -3.98668 -4.37624 -820.395 0 
3 826.052 0.30999 0.0223707 0.673995 -0.864508 -0.143777 -2.32537 -4.37112 -819.356 0 
1 826.173 0.313729 0.0224548 0.671308 -0.859886 -0.128564 -2.15954 -4.60328 -819.41 0 
1 825.749 0.310227 0.0223639 0.674881 -0.868928 -0.14732 -2.0733 -4.30187 -819.374 0 
1 825.784 0.315672 0.0223482 0.669418 -0.867165 -0.121959 -1.69388 -4.67281 -819.417 0 
2 824.785 0.311445 0.0224067 0.674179 -0.874975 -0.141629 -1.14698 -4.24246 -819.395 0 
1 825.542 0.315467 0.0223475 0.669482 -0.86421 -0.135382 -1.65041 -4.50103 -819.391 0 
3 824.781 0.317282 0.0224339 0.671367 -0.879117 -0.155801 -0.902583 -4.5269 -819.352 0 
2 824.765 0.314902 0.022501 0.673413 -0.874527 -0.163523 -1.18142 -4.23411 -819.349 0 
7 824.03 0.312739 0.0224607 0.67433 -0.87127 -0.160933 -0.516736 -4.15652 -819.357 0 
7 824.213 0.321397 0.02241 0.667629 -0.856515 -0.182549 -0.169607 -4.62931 -819.414 0 
1 825.626 0.317922 0.0224421 0.667247 -0.837144 -0.170511 -1.52753 -4.4449 -819.653 0 
2 824.329 0.314326 0.0225043 0.672385 -0.862751 -0.155988 -0.729651 -4.2619 -819.337 0 
3 823.721 0.317986 0.0224007 0.670313 -0.85874 -0.182007 -0.113941 -4.27812 -819.328 0 
4 823.979 0.311639 0.0224921 0.677263 -0.877751 -0.180505 -0.429277 -4.07827 -819.471 0 
3 824.358 0.314356 0.022486 0.675051 -0.872358 -0.181552 -0.892049 -4.11839 -819.347 0 
1 825.132 0.318061 0.0224749 0.669329 -0.847469 -0.188727 -1.51793 -4.21085 -819.404 0 
2 825.759 0.311514 0.0225627 0.674529 -0.85632 -0.1714 -2.25107 -4.19414 -819.314 0 
3 826.405 0.316911 0.0225125 0.666883 -0.820655 -0.169588 -1.62541 -4.76553 -820.014 0 
2 825.81 0.312669 0.0226294 0.672483 -0.836293 -0.170469 -1.80121 -4.53676 -819.472 0 
8 825.988 0.313196 0.0225151 0.670824 -0.833125 -0.166045 -1.77698 -4.64951 -819.561 0 
1 825.31 0.314168 0.0224201 0.670454 -0.843899 -0.162904 -1.44254 -4.41995 -819.447 0 
14 823.613 0.314784 0.022377 0.673227 -0.857822 -0.200859 -0.305507 -4.02642 -819.281 0 
1 823.97 0.313882 0.0223622 0.672804 -0.862973 -0.175855 -0.54259 -4.11718 -819.311 0 
4 823.666 0.313823 0.0223929 0.674135 -0.876507 -0.1681 -0.121599 -4.16308 -819.381 0 
1 823.847 0.319782 0.0223806 0.670008 -0.865448 -0.193123 -0.087928 -4.46456 -819.294 0 
3 825.864 0.32352 0.0223314 0.665871 -0.856302 -0.19731 -1.57532 -4.87496 -819.414 0 
6 823.81 0.314087 0.0223831 0.674264 -0.88155 -0.167718 -0.175128 -4.20998 -819.425 0 
4 824.268 0.314558 0.0223479 0.675013 -0.885542 -0.190723 -0.488664 -4.26967 -819.51 0 
3 824.949 0.310484 0.0223185 0.680765 -0.90029 -0.213993 -0.337901 -4.38304 -820.228 0 
1 825.867 0.312958 0.022215 0.677889 -0.882705 -0.238474 -1.92577 -4.24003 -819.702 0 
3 825.983 0.313628 0.0222261 0.6751 -0.882478 -0.185813 -2.35408 -4.14479 -819.484 0 
4 826.062 0.314374 0.0222761 0.676788 -0.889292 -0.209028 -2.11455 -4.30217 -819.645 0 
4 826.677 0.325635 0.0221405 0.662022 -0.837759 -0.203931 -1.97802 -4.89488 -819.804 0 
1 824.584 0.322045 0.0221935 0.667565 -0.856635 -0.224619 -0.773757 -4.52558 -819.284 0 
1 823.871 0.317362 0.0223731 0.669581 -0.843669 -0.197043 -0.341425 -4.13287 -819.397 0 
3 825.312 0.304688 0.0223218 0.683234 -0.872607 -0.240308 -0.626467 -4.69304 -819.993 0 
3 823.927 0.311229 0.0224398 0.676643 -0.830442 -0.269598 -0.4506 -4.23158 -819.245 0 
1 824.13 0.311879 0.0223302 0.676366 -0.838476 -0.271252 -0.785326 -4.09874 -819.246 0 
1 824.314 0.30922 0.0223596 0.681481 -0.857269 -0.300166 -0.169218 -4.49827 -819.646 0 
2 823.583 0.313737 0.0223958 0.673706 -0.824707 -0.27176 -0.287924 -4.01329 -819.282 0 
7 823.814 0.316393 0.0223834 0.670705 -0.816435 -0.261536 -0.372833 -3.95199 -819.489 0 
2 824.907 0.31363 0.0222831 0.672866 -0.830776 -0.24859 -1.58903 -4.03063 -819.288 0 
3 824.767 0.318555 0.0222373 0.668119 -0.826246 -0.244336 -1.37048 -3.91926 -819.477 0 
2 824.563 0.306796 0.0224323 0.679886 -0.853963 -0.225985 -0.627756 -4.51635 -819.419 0 
9 825.959 0.30706 0.0226112 0.678699 -0.828684 -0.231636 -1.6645 -5.01078 -819.283 0 
2 827.188 0.304061 0.0226189 0.682939 -0.852741 -0.212128 -2.65398 -5.07432 -819.46 0 
2 827.402 0.302907 0.0226242 0.684942 -0.852589 -0.235648 -2.48577 -5.32641 -819.59 0 
1 829.206 0.296319 0.0225273 0.692351 -0.888663 -0.22322 -1.66816 -6.24158 -821.296 0 
1 827.797 0.299958 0.0225914 0.686796 -0.855511 -0.230311 -2.00944 -5.99652 -819.791 0 
2 828.762 0.302532 0.0224581 0.685369 -0.858519 -0.244119 -3.64809 -5.33124 -819.783 0 
4 826.946 0.307886 0.0223548 0.678511 -0.83056 -0.264061 -2.90092 -4.77613 -819.269 0 
2 826.129 0.305148 0.0224317 0.679832 -0.833923 -0.246677 -1.60401 -5.21312 -819.311 0 
1 826.454 0.30833 0.0224613 0.675625 -0.816783 -0.242615 -2.08691 -5.01935 -819.348 0 
1 824.851 0.311458 0.0225376 0.674216 -0.828863 -0.214769 -1.07349 -4.41457 -819.363 0 
5 823.598 0.317277 0.0224691 0.671567 -0.826322 -0.257537 -0.347936 -3.87211 -819.378 0 
4 823.731 0.316763 0.0224114 0.67073 -0.819825 -0.263208 -0.409276 -3.88515 -819.436 0 
7 823.551 0.315659 0.0224514 0.672118 -0.820747 -0.262351 -0.21421 -3.9433 -819.393 0 
4 825.256 0.31043 0.0225763 0.679829 -0.829394 -0.309682 -1.58064 -4.41487 -819.26 0 
5 824.67 0.309087 0.0224346 0.680297 -0.837644 -0.297017 -0.826254 -4.51255 -819.331 0 
2 824.571 0.310924 0.0222976 0.678821 -0.851789 -0.284608 -0.955085 -4.21159 -819.404 0 
1 825.347 0.310396 0.0221653 0.678554 -0.859603 -0.287726 -1.44645 -4.32948 -819.571 0 
3 824.373 0.313708 0.022247 0.673902 -0.834245 -0.271727 -1.17044 -3.96889 -819.234 0 
8 824.492 0.320139 0.0221811 0.668925 -0.822825 -0.294595 -1.31205 -3.81987 -819.36 0 
5 824.766 0.31966 0.0222161 0.668459 -0.812949 -0.291337 -1.45782 -3.78071 -819.528 0 
3 824.101 0.318433 0.0222972 0.66875 -0.804417 -0.291403 -0.603239 -3.83684 -819.661 0 
3 824.193 0.313474 0.0223237 0.673589 -0.818023 -0.284945 -0.784542 -4.10313 -819.305 0 
3 827.879 0.308475 0.0223572 0.676923 -0.81662 -0.269604 -3.59719 -4.98989 -819.292 0 
4 825.78 0.304881 0.0224207 0.681277 -0.838976 -0.256651 -1.22312 -5.17907 -819.378 0 
5 825.729 0.305167 0.0223928 0.68229 -0.84742 -0.264163 -1.24071 -4.98129 -819.507 0 
2 826.258 0.311398 0.0223155 0.673078 -0.825751 -0.229769 -2.51378 -4.39696 -819.348 0 
3 824.811 0.305057 0.0223951 0.682742 -0.880381 -0.208142 -0.352288 -4.47103 -819.987 0 
4 825.345 0.305319 0.0225515 0.681776 -0.85887 -0.209409 -1.15934 -4.68973 -819.496 0 
5 825.819 0.305627 0.0225146 0.680318 -0.855627 -0.194987 -1.67485 -4.73972 -819.405 0 
4 825.723 0.305154 0.0225253 0.680122 -0.865842 -0.164976 -1.55909 -4.68214 -819.482 0 
1 826.147 0.303723 0.0225777 0.68213 -0.871706 -0.16249 -1.73334 -4.78568 -819.628 0 
3 825.539 0.303907 0.0225459 0.684165 -0.882087 -0.187953 -0.975515 -4.56989 -819.994 0 
2 826.923 0.299743 0.0224727 0.689314 -0.912832 -0.175779 -0.457899 -4.92106 -821.544 0 
3 824.243 0.314901 0.0224836 0.671511 -0.846792 -0.18367 -0.723773 -4.16132 -819.358 0 
2 826.748 0.311034 0.0225113 0.672452 -0.837958 -0.157247 -2.49476 -4.79303 -819.46 0 
8 825.804 0.309042 0.0226215 0.675927 -0.84899 -0.164767 -1.90805 -4.56964 -819.326 0 
2 825.379 0.312558 0.0225239 0.672106 -0.847726 -0.157587 -1.56898 -4.41976 -819.39 0 
1 824.569 0.31523 0.0224996 0.670738 -0.849421 -0.164843 -0.856711 -4.30784 -819.405 0 
9 824.101 0.313141 0.0224801 0.676528 -0.875242 -0.199539 -0.601179 -4.07079 -819.429 0 
2 823.72 0.314552 0.0224488 0.674135 -0.875137 -0.172963 -0.186303 -4.17397 -819.36 0 
2 824.606 0.317242 0.0224342 0.668819 -0.853745 -0.14892 -0.591641 -4.54124 -819.473 0 
4 824.512 0.313181 0.0224104 0.674994 -0.883416 -0.150228 -0.828325 -4.23789 -819.446 0 
1 826.388 0.322572 0.0223406 0.664915 -0.848076 -0.181989 -2.07564 -4.73366 -819.578 0 
19 823.876 0.313507 0.0223161 0.675867 -0.887503 -0.185588 -0.09543 -4.20953 -819.571 0 
4 824.143 0.315612 0.0224881 0.672388 -0.872726 -0.153656 -0.466399 -4.33416 -819.343 0 
10 824.226 0.31802 0.0224672 0.671118 -0.870381 -0.163056 -0.421635 -4.47311 -819.331 0 
1 826.945 0.321559 0.0225508 0.665942 -0.848685 -0.155249 -2.3715 -4.891 -819.682 0 
1 824.297 0.318656 0.0223744 0.66821 -0.857333 -0.158406 -0.335114 -4.5313 -819.431 0 
2 825.933 0.321986 0.0223503 0.663472 -0.832669 -0.163729 -0.999704 -4.89949 -820.034 0 
4 826.03 0.320279 0.0223368 0.665088 -0.847319 -0.14197 -1.34729 -4.94729 -819.735 0 
1 827.954 0.320502 0.0223035 0.663017 -0.830965 -0.149232 -2.82395 -5.01878 -820.111 0 
4 829.267 0.324407 0.0222515 0.659508 -0.823287 -0.151315 -3.10514 -5.50463 -820.657 0 
3 826.839 0.32405 0.0223029 0.661788 -0.829287 -0.166701 -1.45935 -5.12532 -820.254 0 
1 825.573 0.316669 0.0223016 0.671289 -0.866142 -0.173483 -1.9979 -4.26199 -819.313 0 
1 826.533 0.31463 0.0222044 0.673859 -0.87195 -0.199049 -3.09981 -4.08122 -819.352 0 
2 828.401 0.309099 0.0221353 0.681997 -0.922468 -0.194141 -2.66428 -4.66655 -821.071 0 
1 828.279 0.308483 0.0221607 0.681226 -0.918053 -0.170837 -3.14111 -4.40061 -820.737 0 
1 828.524 0.304869 0.0221973 0.680401 -0.903265 -0.143344 -3.93285 -4.29251 -820.299 0 
5 827.148 0.313371 0.0221141 0.67349 -0.889061 -0.162103 -3.36669 -4.24233 -819.539 0 
1 825.984 0.324262 0.0221528 0.665171 -0.871597 -0.174803 -1.19065 -5.42218 -819.371 0 
1 827.754 0.327376 0.0220719 0.662856 -0.866599 -0.189059 -2.39592 -5.91728 -819.441 0 
6 826.079 0.325845 0.022167 0.663895 -0.868599 -0.176816 -0.949953 -5.7019 -819.427 0 
4 829.05 0.334235 0.0221747 0.655082 -0.83084 -0.188138 -1.24083 -6.98418 -820.825 0 
3 827.984 0.317339 0.0224387 0.67208 -0.868321 -0.165647 -4.28189 -4.37573 -819.326 0 
3 824.536 0.320214 0.0224384 0.66743 -0.85587 -0.153988 -0.273136 -4.74833 -819.514 0 
6 823.966 0.314301 0.0223499 0.674586 -0.8921 -0.158355 -0.0635334 -4.35793 -819.544 0 
3 824.319 0.313026 0.0223455 0.675783 -0.90451 -0.138799 -0.0909346 -4.45159 -819.776 0 
6 824.832 0.316562 0.0222997 0.673074 -0.904387 -0.143791 -0.316161 -4.88537 -819.63 0 
1 826.406 0.313463 0.0222458 0.672858 -0.902059 -0.1124 -2.19074 -4.58298 -819.632 0 
2 827.083 0.313327 0.0221906 0.674092 -0.90232 -0.146682 -2.88465 -4.45656 -819.742 0 
1 828.221 0.310129 0.022263 0.677929 -0.913616 -0.149328 -3.55045 -4.40382 -820.267 0 
3 825.158 0.31607 0.0222553 0.674481 -0.91251 -0.153567 -0.307827 -4.99355 -819.857 0 
1 827.064 0.311956 0.0224309 0.679138 -0.934017 -0.12324 -1.44799 -4.95646 -820.66 0 
1 827.603 0.30957 0.0224495 0.681551 -0.944509 -0.112107 -1.44547 -4.90248 -821.255 0 
5 826.606 0.311 0.0222218 0.67973 -0.940512 -0.133772 -0.47818 -5.01751 -821.111 0 
1 825.973 0.316903 0.0221851 0.673055 -0.917951 -0.130453 -0.845042 -5.27806 -819.85 0 
1 826.269 0.30942 0.0222084 0.679764 -0.928931 -0.133504 -0.941403 -4.54925 -820.779 0 
1 826.298 0.304796 0.0223921 0.683869 -0.926873 -0.134256 -0.732454 -4.38168 -821.184 0 
1 825.347 0.315453 0.0222017 0.673002 -0.90171 -0.141391 -1.06159 -4.66521 -819.62 0 
3 825.637 0.321535 0.0222628 0.665969 -0.875879 -0.126363 -0.805266 -5.37878 -819.453 0 
2 825.148 0.316534 0.0222694 0.673282 -0.910152 -0.13076 -0.435198 -5.00983 -819.703 0 
5 825.35 0.318131 0.0222765 0.669502 -0.884779 -0.14109 -1.17581 -4.79662 -819.378 0 
1 825.354 0.310324 0.0224766 0.674407 -0.880218 -0.109515 -1.44957 -4.4626 -819.442 0 
1 826.61 0.317573 0.0224412 0.66636 -0.851084 -0.111475 -1.71134 -5.16835 -819.73 0 
2 824.757 0.310981 0.0224151 0.678314 -0.918276 -0.116926 -0.10508 -4.49318 -820.159 0 
3 825.161 0.313299 0.0223175 0.675748 -0.924068 -0.104919 -0.151452 -4.89868 -820.11 0 
3 824.939 0.318048 0.0224179 0.67166 -0.899221 -0.119364 -0.342493 -5.11577 -819.48 0 
1 825.731 0.318508 0.0222762 0.672472 -0.906516 -0.145502 -0.918908 -5.21581 -819.596 0 
3 825.032 0.322136 0.0223897 0.665596 -0.867914 -0.129052 -0.100262 -5.39338 -819.539 0 
4 825.678 0.318275 0.0223623 0.670474 -0.880564 -0.139243 -1.54989 -4.75927 -819.369 0 
1 825.205 0.321575 0.0224162 0.667899 -0.884414 -0.123762 -0.273139 -5.51567 -819.416 0 
5 825.261 0.321028 0.0223309 0.669111 -0.900148 -0.122257 -0.105653 -5.71086 -819.445 0 
7 824.968 0.319125 0.022366 0.669987 -0.90105 -0.106782 -0.0375232 -5.45235 -819.478 0 
2 824.822 0.312964 0.0223679 0.67691 -0.919232 -0.124482 -0.018287 -4.71204 -820.092 0 
1 828.923 0.300937 0.0223851 0.690208 -0.961474 -0.129588 -0.246119 -4.93397 -823.743 0 
1 826.803 0.307779 0.0222868 0.68343 -0.945739 -0.139244 -0.142613 -4.84896 -821.811 0 
3 830.63 0.306753 0.0221815 0.685718 -0.982003 -0.115476 -0.890571 -5.82035 -823.919 0 
2 827.013 0.309675 0.0222183 0.681479 -0.939681 -0.155791 -0.602362 -4.9762 -821.435 0 
1 825.404 0.315518 0.0223049 0.673494 -0.900597 -0.150043 -1.12062 -4.66323 -819.621 0 
5 824.243 0.315233 0.0223953 0.674038 -0.899315 -0.134689 -0.0469931 -4.62255 -819.574 0 
5 825.473 0.322142 0.0223724 0.667382 -0.885647 -0.1348 -0.503463 -5.57776 -819.392 0 
3 826.012 0.320075 0.0223661 0.671471 -0.914077 -0.12614 -0.529442 -5.85693 -819.625 0 
4 826.643 0.31985 0.0223433 0.671799 -0.917338 -0.132083 -1.01624 -5.92323 -819.704 0 
1 831.476 0.315539 0.0225519 0.673249 -0.91548 -0.0882781 -6.50623 -5.23432 -819.735 0 
1 830.304 0.322221 0.0225938 0.662043 -0.856089 -0.0726955 -3.631 -6.5059 -820.168 0 
5 829.291 0.312696 0.0227368 0.672452 -0.897306 -0.0399503 -4.3851 -5.35207 -819.554 0 
2 830.144 0.306403 0.0228154 0.677825 -0.899425 -0.0422075 -5.50559 -4.95401 -819.685 0 
1 828.317 0.308167 0.0226602 0.679486 -0.924968 -0.0637395 -3.47815 -4.56968 -820.269 0 
2 828.234 0.311581 0.0226566 0.677631 -0.919805 -0.08352 -3.51122 -4.72068 -820.002 0 
1 831.726 0.315319 0.0227509 0.670703 -0.880722 -0.0785691 -7.1292 -5.1205 -819.476 0 
2 829.378 0.306985 0.0226622 0.675597 -0.89693 -0.038504 -4.70496 -5.04297 -819.63 0 
4 828.887 0.309957 0.0225502 0.671687 -0.887393 -0.0370832 -3.99336 -5.36414 -819.529 0 
7 828.195 0.308727 0.0224875 0.675277 -0.918162 -0.0336613 -3.36394 -4.90372 -819.928 0 
2 825.942 0.313472 0.0223475 0.672889 -0.92119 -0.0545243 -0.870971 -5.227 -819.844 0 
1 825.757 0.316143 0.0224048 0.673057 -0.920465 -0.0760508 -0.531967 -5.44982 -819.776 0 
2 826.263 0.323082 0.0224439 0.667299 -0.883674 -0.125735 -1.03343 -5.79521 -819.435 0 
4 826.562 0.323485 0.0223917 0.668329 -0.893583 -0.139957 -1.19221 -5.98124 -819.388 0 
1 827.621 0.320718 0.0223684 0.672599 -0.910285 -0.156376 -2.25854 -5.76058 -819.601 0 
4 828.399 0.325226 0.0223509 0.668815 -0.907841 -0.154497 -2.0632 -6.8931 -819.443 0 
3 825.547 0.317184 0.0224554 0.673674 -0.90854 -0.123414 -0.803202 -5.11331 -819.631 0 
7 825.37 0.318801 0.0224772 0.669313 -0.894061 -0.0870441 -0.377565 -5.5238 -819.469 0 
1 825.215 0.318604 0.0224652 0.668252 -0.88153 -0.0932504 -0.387844 -5.35192 -819.475 0 
2 825.67 0.312093 0.0225669 0.675629 -0.902046 -0.0873925 -1.39263 -4.64913 -819.628 0 
2 824.918 0.315309 0.0224203 0.675069 -0.90188 -0.142618 -0.654863 -4.63122 -819.632 0 
8 824.313 0.318722 0.0224236 0.670066 -0.87914 -0.140344 -0.138642 -4.80759 -819.367 0 
2 824.483 0.319098 0.0224246 0.671319 -0.882013 -0.165236 -0.397549 -4.7405 -819.345 0 
2 824.371 0.315884 0.0224779 0.672318 -0.880928 -0.133449 -0.450632 -4.53834 -819.382 0 
3 824.658 0.315277 0.0223895 0.672693 -0.90483 -0.101273 -0.157424 -4.90435 -819.596 0 
4 825.274 0.316792 0.0225542 0.671477 -0.884105 -0.118433 -1.08012 -4.7904 -819.403 0 
1 825.802 0.315389 0.0226229 0.67174 -0.878581 -0.10586 -1.60927 -4.77668 -819.416 0 
2 826.078 0.323609 0.0224344 0.662799 -0.840151 -0.149964 -0.764717 -5.27301 -820.04 0 
2 825.715 0.319724 0.0225583 0.669197 -0.866691 -0.1396 -1.40285 -4.87372 -819.439 0 
3 826.05 0.318936 0.022559 0.668599 -0.842982 -0.163786 -1.85199 -4.57374 -819.624 0 
1 824.66 0.318076 0.0223846 0.671932 -0.883356 -0.161161 -0.671517 -4.62531 -819.363 0 
3 825.505 0.320724 0.0224842 0.668086 -0.862227 -0.148397 -1.13655 -4.89351 -819.475 0 
5 825.163 0.310183 0.0225705 0.677855 -0.900771 -0.109775 -1.07821 -4.35218 -819.733 0 
1 824.466 0.309986 0.0224501 0.677846 -0.905438 -0.116144 -0.278985 -4.31854 -819.869 0 
3 825.445 0.314101 0.0222654 0.672598 -0.895252 -0.124676 -1.39921 -4.51382 -819.532 0 
5 827.139 0.313516 0.0221547 0.677289 -0.93662 -0.140884 -1.09153 -5.30129 -820.747 0 
1 825.094 0.317033 0.0222771 0.672585 -0.906279 -0.140336 -0.444056 -5.01404 -819.636 0 
5 824.99 0.312666 0.0223118 0.674843 -0.911545 -0.102253 -0.533187 -4.63708 -819.82 0 
1 826.044 0.312124 0.0224047 0.674128 -0.893152 -0.0974855 -1.94534 -4.57507 -819.524 0 
1 826.417 0.302672 0.0225636 0.683747 -0.922386 -0.0770241 -1.26233 -4.44993 -820.705 0 
1 824.937 0.312776 0.0224933 0.675559 -0.909302 -0.0932652 -0.509795 -4.68596 -819.742 0 
4 826.575 0.316132 0.0223714 0.671966 -0.906767 -0.0830611 -1.79257 -5.20365 -819.579 0 
4 825.675 0.307415 0.0224412 0.681863 -0.9378 -0.0930222 -0.142846 -4.5158 -821.017 0 
1 825.985 0.307068 0.0223552 0.680263 -0.933025 -0.0761708 -0.790439 -4.47539 -820.719 0 
1 825.811 0.30957 0.0224338 0.677817 -0.925705 -0.0784835 -0.936114 -4.59979 -820.275 0 
2 829.981 0.304479 0.0224351 0.683476 -0.949623 -0.0765953 -3.67598 -4.54197 -821.763 0 
3 828.245 0.304164 0.0224098 0.685874 -0.970616 -0.0674241 -0.47475 -4.85269 -822.918 0 
3 827.319 0.312977 0.0223804 0.677051 -0.946444 -0.0769305 -1.13893 -5.4683 -820.712 0 
4 826.424 0.314037 0.0224066 0.674816 -0.921295 -0.0976657 -1.45646 -5.00789 -819.96 0 
1 826.225 0.317051 0.0222751 0.673894 -0.931497 -0.112344 -0.347904 -5.76393 -820.113 0 
1 827.574 0.314972 0.0221579 0.673329 -0.930267 -0.0955501 -2.07674 -5.36387 -820.133 0 
1 827.75 0.315078 0.0221612 0.676708 -0.944738 -0.133686 -1.02287 -5.86385 -820.864 0 
1 828.867 0.310983 0.0222949 0.682309 -0.966635 -0.118452 -0.739687 -5.84664 -822.28 0 
2 829.416 0.30458 0.0224916 0.686366 -0.955383 -0.109469 -2.21571 -4.74543 -822.454 0 
3 828.39 0.30775 0.022426 0.680987 -0.940923 -0.0916121 -2.6551 -4.62832 -821.107 0 
5 828.402 0.310745 0.0223416 0.681096 -0.966487 -0.0876636 -0.759022 -5.67873 -821.964 0 
5 828.596 0.319322 0.0222704 0.671518 -0.962432 -0.0249104 -0.287965 -7.83923 -820.469 0 
4 828.097 0.320904 0.0222795 0.666244 -0.928983 -0.0174285 -0.800835 -7.57425 -819.722 0 
8 827.412 0.319747 0.0222956 0.668604 -0.936742 -0.0288826 -0.356278 -7.20427 -819.851 0 
2 827.442 0.316187 0.022289 0.669441 -0.924183 -0.0236786 -1.51877 -6.16841 -819.755 0 
3 827.455 0.314666 0.0223408 0.670501 -0.929898 -0.00707055 -1.42707 -6.16092 -819.867 0 
3 827.332 0.309812 0.0223051 0.676352 -0.935428 -0.0530515 -2.03429 -4.87086 -820.427 0 
4 828.351 0.310623 0.0224009 0.673448 -0.915634 -0.0413765 -3.54339 -4.99038 -819.817 0 
4 830.294 0.315081 0.0222347 0.671549 -0.928249 -0.0648813 -4.79458 -5.54595 -819.953 0 
2 827.429 0.317095 0.0223421 0.66765 -0.902047 -0.0464244 -2.00556 -5.87128 -819.553 0 
1 825.651 0.310726 0.022471 0.678263 -0.934063 -0.0691324 -0.395254 -4.84903 -820.407 0 
5 825.37 0.312524 0.022398 0.676042 -0.929826 -0.076567 -0.173068 -5.00819 -820.188 0 
6 825.343 0.317398 0.0223777 0.671976 -0.918684 -0.0852444 -0.0186666 -5.60716 -819.717 0 
2 826.716 0.317645 0.022217 0.671035 -0.919694 -0.085826 -1.33253 -5.65701 -819.727 0 
4 826.876 0.317579 0.0222339 0.668542 -0.904355 -0.0755344 -1.80396 -5.54089 -819.531 0 
1 827.251 0.317248 0.0223625 0.666914 -0.881478 -0.0745516 -2.29437 -5.44221 -819.515 0 
1 826.373 0.315323 0.0224111 0.668737 -0.878621 -0.0797726 -1.74745 -5.14511 -819.481 0 
2 826.131 0.311925 0.0225138 0.67303 -0.894364 -0.0620298 -1.61476 -4.98865 -819.527 0 
2 827.139 0.305251 0.0225587 0.683424 -0.942593 -0.0721446 -1.38319 -4.47809 -821.278 0 
2 827.591 0.304155 0.0226051 0.68506 -0.944523 -0.0746029 -1.62079 -4.44928 -821.521 0 
1 827.526 0.306129 0.0226794 0.67895 -0.892267 -0.090814 -3.31402 -4.53061 -819.682 0 
3 827.963 0.316994 0.0225253 0.666032 -0.84273 -0.115366 -2.94053 -5.16685 -819.855 0 
1 827.279 0.315649 0.0225665 0.66854 -0.858999 -0.106414 -2.77352 -4.9514 -819.554 0 
3 824.562 0.313288 0.0224254 0.674238 -0.905126 -0.0962241 -0.214218 -4.69328 -819.655 0 
2 824.698 0.314872 0.0224156 0.673478 -0.904455 -0.101869 -0.263562 -4.83146 -819.603 0 
2 824.83 0.311291 0.0223886 0.67664 -0.919115 -0.0928868 -0.166096 -4.62149 -820.042 0 
1 826.26 0.308689 0.0224196 0.680802 -0.933027 -0.11247 -0.851709 -4.56062 -820.848 0 
1 825.541 0.306354 0.0225707 0.682093 -0.908897 -0.126698 -1.03583 -4.24562 -820.26 0 
3 824.834 0.317107 0.022516 0.672711 -0.882982 -0.150029 -0.893338 -4.56703 -819.374 0 
4 826.213 0.317873 0.022572 0.669376 -0.868046 -0.128572 -2.01379 -4.77092 -819.428 0 
3 824.813 0.315156 0.0225531 0.672312 -0.859989 -0.166487 -1.26693 -4.21674 -819.329 0 
1 824.943 0.31503 0.022426 0.670654 -0.843565 -0.174206 -1.20407 -4.31049 -819.428 0 
2 824.023 0.320661 0.0223784 0.668646 -0.863394 -0.182969 -0.0822382 -4.6035 -819.337 0 
1 826.026 0.31942 0.0224567 0.66519 -0.836297 -0.143038 -1.11247 -4.97049 -819.943 0 
2 825.641 0.322377 0.0224256 0.663736 -0.840563 -0.150929 -0.611015 -5.0854 -819.944 0 
1 825.36 0.319643 0.0223875 0.665702 -0.84017 -0.157822 -0.904235 -4.70338 -819.752 0 
3 825.243 0.325745 0.0223995 0.662671 -0.83837 -0.178626 -0.054013 -5.19906 -819.99 0 
3 825.449 0.316169 0.0224692 0.66845 -0.837144 -0.158731 -1.21684 -4.58428 -819.647 0 
5 824.698 0.307074 0.0223994 0.679612 -0.887825 -0.155593 -0.698428 -4.22265 -819.777 0 
1 825.171 0.309742 0.0224081 0.677042 -0.880414 -0.149176 -1.46501 -4.20212 -819.503 0 
3 828.699 0.303468 0.0223811 0.685085 -0.904731 -0.163495 -3.61982 -4.44824 -820.631 0 
1 828.45 0.298972 0.0224111 0.691779 -0.942233 -0.16046 -0.218849 -5.00775 -823.223 0 
1 829.334 0.30058 0.0224969 0.690819 -0.937145 -0.154781 -2.03274 -4.75456 -822.547 0 
2 830.144 0.301046 0.0225876 0.69095 -0.934769 -0.156439 -3.08207 -4.7099 -822.353 0 
4 832.956 0.29333 0.0224418 0.698746 -0.970577 -0.156498 -0.323283 -6.01611 -826.617 0 
3 831.265 0.29637 0.0223043 0.695093 -0.967666 -0.153875 -0.124388 -5.55397 -825.587 0 
1 831.129 0.297506 0.0222515 0.693067 -0.951596 -0.182485 -1.00532 -5.57293 -824.551 0 
2 831.422 0.308259 0.0219694 0.680584 -0.932239 -0.168011 -5.32509 -4.72787 -821.369 0 
5 831.481 0.310117 0.0219798 0.681031 -0.954773 -0.157646 -3.7176 -5.57104 -822.192 0 
4 830.097 0.309015 0.022129 0.684164 -0.962871 -0.166416 -1.28609 -5.84999 -822.961 0 
1 829.765 0.31249 0.0222223 0.679507 -0.951917 -0.14011 -2.46513 -5.76769 -821.532 0 
4 828.345 0.313757 0.022218 0.678691 -0.931861 -0.184956 -1.96437 -5.49535 -820.885 0 
2 826.064 0.308563 0.0223606 0.68116 -0.925753 -0.143179 -0.762094 -4.48881 -820.813 0 
4 824.688 0.313671 0.0223883 0.672024 -0.874836 -0.128606 -0.889549 -4.42041 -819.378 0 
8 824.385 0.312204 0.022408 0.674068 -0.869816 -0.152175 -0.805713 -4.22384 -819.356 0 
2 825.329 0.312973 0.0224458 0.671903 -0.873406 -0.11664 -1.42396 -4.51391 -819.391 0 
2 825.656 0.307405 0.0223966 0.682236 -0.925261 -0.140493 -0.359084 -4.41009 -820.887 0 
2 825.735 0.3161 0.0222591 0.672057 -0.893742 -0.150981 -1.62614 -4.61291 -819.496 0 
1 824.697 0.315578 0.0222259 0.673566 -0.895772 -0.166457 -0.587873 -4.53264 -819.577 0 
4 825.087 0.318344 0.0222217 0.671795 -0.899441 -0.164273 -0.536285 -5.02082 -819.53 0 
5 826.176 0.32033 0.0222068 0.666551 -0.867402 -0.158138 -2.00714 -4.78762 -819.381 0 
1 826.359 0.323484 0.0221534 0.665951 -0.874571 -0.168665 -1.6556 -5.34571 -819.358 0 
5 826.034 0.325048 0.0222321 0.6624 -0.848391 -0.169543 -1.0032 -5.26427 -819.766 0 
3 825.979 0.319141 0.0221839 0.669515 -0.879356 -0.165021 -1.95038 -4.6935 -819.335 0 
2 825.067 0.320918 0.0222317 0.668305 -0.880145 -0.159755 -0.699192 -5.02673 -819.341 0 
1 824.704 0.320924 0.0222495 0.669743 -0.884058 -0.18186 -0.341923 -5.03147 -819.331 0 
10 823.965 0.317617 0.0223278 0.671452 -0.882292 -0.164425 -0.0485729 -4.55444 -819.362 0 
2 824.792 0.315308 0.0223727 0.674891 -0.906083 -0.138134 -0.373278 -4.71972 -819.699 0 
1 824.87 0.319346 0.0224284 0.671747 -0.879263 -0.17969 -0.882462 -4.66378 -819.324 0 
4 824.67 0.311225 0.0224436 0.67899 -0.898822 -0.168382 -0.581344 -4.22254 -819.866 0 
2 824.765 0.321664 0.0224654 0.667395 -0.855878 -0.17603 -0.593652 -4.71434 -819.457 0 
1 824.697 0.307205 0.0224898 0.680395 -0.901425 -0.130501 -0.47394 -4.22713 -819.996 0 
4 826.644 0.304226 0.022506 0.683939 -0.901549 -0.145117 -1.96994 -4.36973 -820.305 0 
5 826.77 0.320654 0.0224728 0.664865 -0.831883 -0.150563 -1.65548 -5.03281 -820.082 0 
1 826.236 0.321352 0.0223891 0.666067 -0.85209 -0.14934 -1.63516 -4.95689 -819.644 0 
7 824.09 0.31637 0.02244 0.672032 -0.870468 -0.160812 -0.423054 -4.33653 -819.33 0 
8 824.366 0.316205 0.0224666 0.67103 -0.843773 -0.190079 -0.802008 -4.17052 -819.394 0 
1 824.487 0.314948 0.0225273 0.672297 -0.849222 -0.178902 -0.930718 -4.20217 -819.354 0 
2 826.048 0.319167 0.0223189 0.667017 -0.832761 -0.192245 -2.04774 -4.33366 -819.666 0 
1 825.012 0.322107 0.02222 0.66626 -0.846607 -0.20666 -1.10819 -4.44755 -819.457 0 
5 824.951 0.317165 0.0222733 0.671296 -0.871351 -0.176713 -1.32427 -4.31337 -819.313 0 
1 825.257 0.314303 0.0223586 0.674926 -0.893859 -0.147331 -1.31651 -4.39303 -819.547 0 
1 825.035 0.312037 0.0224364 0.677284 -0.89353 -0.152976 -1.1696 -4.2202 -819.645 0 
2 824.82 0.307129 0.0225272 0.681092 -0.898766 -0.144311 -0.614276 -4.20544 -820 0 
2 826.167 0.301935 0.0224707 0.686747 -0.921722 -0.14176 -0.324218 -4.49656 -821.346 0 
2 824.346 0.308073 0.0224082 0.680734 -0.895899 -0.177432 -0.118124 -4.18761 -820.041 0 
1 825.185 0.30755 0.0224425 0.683179 -0.896828 -0.206374 -0.573339 -4.30806 -820.304 0 
4 824.635 0.31611 0.0222681 0.673646 -0.863646 -0.22802 -1.30113 -4.05044 -819.284 0 
1 825.808 0.319136 0.0222655 0.672797 -0.871243 -0.236664 -2.09583 -4.42379 -819.288 0 
3 825.254 0.327921 0.0222772 0.660991 -0.810998 -0.252823 -0.335636 -4.55661 -820.362 0 
1 824.841 0.319491 0.0225201 0.667167 -0.82489 -0.195202 -0.619097 -4.3727 -819.85 0 
2 824.831 0.323994 0.0224363 0.66561 -0.841712 -0.205878 -0.543758 -4.66713 -819.62 0 
1 826.931 0.320298 0.0223694 0.672335 -0.873088 -0.220282 -3.07294 -4.58179 -819.276 0 
8 824.799 0.321084 0.0223454 0.669395 -0.862351 -0.200801 -0.963381 -4.53491 -819.301 0 
2 826.401 0.320708 0.022588 0.669186 -0.85489 -0.171554 -2.32259 -4.61824 -819.461 0 
2 828.514 0.315219 0.0227469 0.671792 -0.849171 -0.138474 -4.31771 -4.67787 -819.519 0 
2 828.437 0.321111 0.0227235 0.668146 -0.840171 -0.176046 -4.13417 -4.59922 -819.704 0 
6 827.43 0.314051 0.0227355 0.672005 -0.845897 -0.148671 -3.41575 -4.53456 -819.48 0 
1 827.231 0.3113 0.0227386 0.676154 -0.861518 -0.157688 -3.64223 -4.25664 -819.332 0 
1 826.072 0.321123 0.0225225 0.666341 -0.839997 -0.178677 -1.82012 -4.56054 -819.691 0 
1 826.494 0.322202 0.0224917 0.663865 -0.846114 -0.13412 -1.26687 -5.30501 -819.922 0 
5 826.173 0.319908 0.0224623 0.665086 -0.850011 -0.115651 -1.00437 -5.32899 -819.839 0 
4 826.076 0.302079 0.0224575 0.686614 -0.916436 -0.150964 -0.392276 -4.51347 -821.17 0 
1 824.903 0.308452 0.0223654 0.678934 -0.900647 -0.135597 -0.773271 -4.20699 -819.923 0 
11 824.556 0.311375 0.0223958 0.674978 -0.886085 -0.126975 -0.760427 -4.30338 -819.493 0 
3 825.53 0.310071 0.0223985 0.674695 -0.888377 -0.102231 -1.55341 -4.45535 -819.521 0 
6 826.801 0.319252 0.0224484 0.665384 -0.858196 -0.0959115 -1.49006 -5.54143 -819.77 0 
1 825.654 0.325224 0.022312 0.663394 -0.862925 -0.150989 -0.350947 -5.69336 -819.61 0 
8 825.836 0.325712 0.0223528 0.663158 -0.862348 -0.138902 -0.191146 -5.93046 -819.715 0 
1 825.699 0.325887 0.0223278 0.664072 -0.866458 -0.154246 -0.297148 -5.83924 -819.563 0 
1 825.659 0.326084 0.0223323 0.665317 -0.871229 -0.175213 -0.427035 -5.81885 -819.413 0 
4 825.87 0.321282 0.0224386 0.670598 -0.891538 -0.159177 -1.14042 -5.35431 -819.376 0 
3 826.143 0.317231 0.0226057 0.673264 -0.870672 -0.18019 -2.52682 -4.3072 -819.309 0 
3 825.823 0.31544 0.0224244 0.671821 -0.867498 -0.171343 -2.30825 -4.19795 -819.317 0 
2 825.907 0.313646 0.0224925 0.674372 -0.870811 -0.18031 -2.46832 -4.09201 -819.347 0 
1 826.08 0.316529 0.0224104 0.674538 -0.889607 -0.196286 -2.00313 -4.56242 -819.514 0 
4 826.278 0.317851 0.022391 0.671859 -0.868343 -0.211622 -2.70369 -4.29202 -819.282 0 
1 825.268 0.31344 0.0223171 0.674684 -0.87367 -0.203589 -1.7839 -4.07631 -819.408 0 
6 825.589 0.31837 0.0222167 0.674197 -0.899526 -0.215968 -0.770052 -5.13731 -819.682 0 
1 826.811 0.319445 0.0221853 0.674313 -0.900722 -0.233421 -1.64443 -5.44674 -819.719 0 
2 824.959 0.311389 0.0223758 0.680294 -0.901165 -0.20845 -0.409526 -4.40312 -820.146 0 
3 823.954 0.318927 0.0223607 0.669306 -0.853085 -0.200986 -0.412047 -4.21569 -819.326 0 
1 824.786 0.317614 0.022346 0.668043 -0.830928 -0.204469 -1.07003 -4.1524 -819.564 0 
2 824.779 0.317603 0.0223765 0.668036 -0.815733 -0.227577 -0.884954 -4.14113 -819.753 0 
5 824.628 0.314757 0.0225095 0.6722 -0.828353 -0.220107 -1.05401 -4.14263 -819.431 0 
10 825.4 0.310628 0.0226421 0.676711 -0.838802 -0.215657 -1.81144 -4.30565 -819.283 0 
2 825.491 0.306925 0.0226195 0.681297 -0.851327 -0.234753 -1.55164 -4.53611 -819.403 0 
2 826.608 0.303634 0.0225561 0.686127 -0.867777 -0.266061 -1.4549 -5.04673 -820.106 0 
4 825.943 0.304943 0.0224389 0.68619 -0.883802 -0.259547 -0.65626 -4.79166 -820.496 0 
2 824.073 0.311082 0.0224553 0.675696 -0.824193 -0.263268 -0.464962 -4.33295 -819.276 0 
2 825.357 0.308087 0.0225259 0.678127 -0.830442 -0.252855 -1.41696 -4.67372 -819.266 0 
1 825.069 0.310659 0.0225191 0.675113 -0.811787 -0.26634 -1.06252 -4.62859 -819.378 0 
2 826.353 0.311373 0.0225124 0.67245 -0.807277 -0.230554 -1.82636 -4.88552 -819.641 0 
3 826.514 0.30671 0.0225917 0.677639 -0.827496 -0.213459 -2.00603 -5.19626 -819.311 0 
1 825.856 0.308535 0.0225324 0.678034 -0.834306 -0.231079 -1.9409 -4.64148 -819.273 0 
4 824.021 0.315725 0.0223361 0.673819 -0.837975 -0.272155 -0.911966 -3.88351 -819.226 0 
2 824.628 0.318693 0.0224598 0.672934 -0.83858 -0.278955 -1.4872 -3.91347 -819.227 0 
2 824.699 0.3263 0.0224202 0.663576 -0.803959 -0.274863 -0.276745 -4.1407 -820.282 0 
2 824.501 0.319459 0.0224524 0.672338 -0.843051 -0.278218 -1.25963 -4.02733 -819.214 0 
1 825.675 0.322946 0.0224363 0.669905 -0.854239 -0.254602 -1.85607 -4.58274 -819.236 0 
2 824.206 0.31669 0.0224199 0.674444 -0.867472 -0.225887 -0.76956 -4.13809 -819.298 0 
6 825.054 0.319224 0.0224356 0.672031 -0.852371 -0.236662 -1.70504 -4.1005 -819.249 0 
1 824.199 0.31846 0.0223193 0.672515 -0.85184 -0.257992 -0.933024 -4.04513 -819.221 0 
2 824.45 0.315197 0.0223693 0.672701 -0.833286 -0.244479 -1.20288 -3.94705 -819.3 0 
6 824.103 0.320272 0.0222774 0.667847 -0.819587 -0.264422 -0.665974 -3.87283 -819.564 0 
1 823.956 0.315146 0.0222637 0.672589 -0.850718 -0.228448 -0.758108 -3.94444 -819.253 0 
4 825.816 0.310622 0.0221777 0.676781 -0.875769 -0.208046 -2.1843 -4.07542 -819.557 0 
1 825.469 0.306694 0.0222476 0.682233 -0.892319 -0.222537 -0.709922 -4.41674 -820.342 0 
3 824.823 0.308205 0.0223174 0.680623 -0.877198 -0.238055 -0.661383 -4.30255 -819.859 0 
11 824.721 0.319971 0.0222524 0.668831 -0.841755 -0.252324 -1.39457 -4.04148 -819.285 0 
3 824.139 0.312595 0.0222824 0.677339 -0.877872 -0.236793 -0.344143 -4.18543 -819.61 0 
5 824.542 0.308862 0.0225269 0.678259 -0.868234 -0.18255 -0.928268 -4.1775 -819.436 0 
1 824.568 0.308477 0.0224047 0.680156 -0.896809 -0.173316 -0.372399 -4.18108 -820.015 0 
8 824.444 0.321287 0.0223397 0.666023 -0.838563 -0.198914 -0.46505 -4.37611 -819.603 0 
7 825.992 0.323195 0.0222711 0.663918 -0.836206 -0.202688 -1.728 -4.54497 -819.719 0 
3 824.756 0.316033 0.0224212 0.670368 -0.845318 -0.193318 -1.29165 -4.1022 -819.362 0 
2 824.934 0.314665 0.0224253 0.672736 -0.8623 -0.187434 -1.56302 -4.07385 -819.297 0 
2 824.828 0.320588 0.0223167 0.669744 -0.876544 -0.192069 -0.722244 -4.80757 -819.298 0 
6 824.586 0.316677 0.0222683 0.673428 -0.885222 -0.202114 -0.657741 -4.4728 -819.456 0 
2 824.704 0.320382 0.0222788 0.670797 -0.880933 -0.205699 -0.517751 -4.86638 -819.32 0 
1 824.256 0.318706 0.0222491 0.670958 -0.863293 -0.216177 -0.754472 -4.24068 -819.261 0 
10 824.255 0.315688 0.0222489 0.672827 -0.881601 -0.178407 -0.556514 -4.29828 -819.4 0 
2 825.288 0.315789 0.0223217 0.674871 -0.899799 -0.162296 -1.05222 -4.60683 -819.629 0 
2 824.431 0.317667 0.0222992 0.671533 -0.891591 -0.15388 -0.236628 -4.76081 -819.434 0 
1 824.334 0.314863 0.022492 0.67278 -0.883513 -0.12649 -0.418576 -4.5091 -819.406 0 
2 825.539 0.316957 0.0223633 0.675309 -0.908404 -0.171429 -0.739972 -5.01679 -819.783 0 
7 824.756 0.313785 0.0223612 0.674283 -0.890461 -0.153394 -0.910642 -4.31894 -819.526 0 
1 825.938 0.324676 0.0224335 0.664014 -0.84157 -0.188105 -1.22696 -4.93827 -819.773 0 
2 824.749 0.318815 0.0223888 0.671874 -0.880908 -0.1897 -0.772279 -4.63676 -819.34 0 
3 824.295 0.309909 0.022518 0.676811 -0.865766 -0.169136 -0.723139 -4.20456 -819.367 0 
4 823.56 0.313124 0.0223569 0.674899 -0.864852 -0.201774 -0.217532 -4.01597 -819.326 0 
3 823.457 0.318711 0.0223113 0.671231 -0.855369 -0.234177 -0.0955433 -4.11835 -819.243 0 
2 823.614 0.318736 0.0222583 0.670948 -0.852463 -0.24331 -0.301384 -4.07718 -819.236 0 
5 824.61 0.31723 0.0222992 0.672171 -0.842729 -0.252276 -1.46164 -3.90377 -819.245 0 
1 824.121 0.308081 0.0223821 0.679559 -0.853217 -0.248159 -0.325038 -4.37237 -819.424 0 
1 824.78 0.308749 0.0223607 0.679181 -0.854409 -0.260394 -1.01295 -4.3141 -819.453 0 
2 824.738 0.306268 0.0223261 0.682197 -0.861161 -0.268697 -0.328177 -4.65991 -819.75 0 
2 825.371 0.305436 0.0224702 0.680748 -0.847516 -0.227919 -1.10897 -4.87318 -819.389 0 
2 829.451 0.299595 0.0226529 0.683778 -0.851409 -0.180398 -3.76585 -6.17714 -819.508 0 
2 828.998 0.300166 0.0225639 0.685293 -0.849988 -0.239124 -3.29381 -6.00739 -819.697 0 
1 825.833 0.304966 0.0223553 0.681497 -0.854858 -0.248969 -1.41674 -4.82655 -819.589 0 
4 825.143 0.310211 0.022241 0.677881 -0.852256 -0.278788 -1.47037 -4.25195 -819.421 0 
2 826.702 0.304135 0.0222969 0.68356 -0.867347 -0.265472 -1.70087 -4.95263 -820.048 0 
1 825.005 0.315582 0.0222649 0.671767 -0.84015 -0.25284 -1.87001 -3.89024 -819.245 0 
1 824.136 0.312434 0.0222494 0.675521 -0.849634 -0.25938 -0.835685 -4.01575 -819.284 0 
2 824.441 0.309872 0.0222689 0.679069 -0.877904 -0.225874 -0.575629 -4.15451 -819.71 0 
3 824.849 0.321578 0.022192 0.66668 -0.83387 -0.241747 -1.28554 -4.09537 -819.468 0 
2 826.043 0.322841 0.0221353 0.664757 -0.828647 -0.240359 -2.2389 -4.17609 -819.628 0 
2 827.129 0.322747 0.0223055 0.661941 -0.796866 -0.224712 -1.85377 -4.49056 -820.785 0 
1 825.802 0.324625 0.0221406 0.663763 -0.816803 -0.267901 -1.87033 -4.10672 -819.825 0 
1 824.339 0.320391 0.0222025 0.668349 -0.838012 -0.250359 -0.987756 -4.0138 -819.337 0 
10 826.629 0.321237 0.0220841 0.669534 -0.861043 -0.252118 -2.93169 -4.47693 -819.221 0 
5 826.34 0.328643 0.0222076 0.659926 -0.809965 -0.244636 -1.07303 -4.72451 -820.542 0 
1 826.972 0.325134 0.0221603 0.661388 -0.810148 -0.242484 -2.3875 -4.30823 -820.277 0 
8 826.033 0.324586 0.022092 0.664697 -0.840679 -0.251186 -2.09258 -4.5207 -819.419 0 
4 823.887 0.319415 0.0222272 0.669451 -0.844502 -0.245554 -0.586222 -4.02776 -819.273 0 
3 823.628 0.318902 0.0223148 0.671714 -0.860996 -0.234584 -0.163118 -4.22132 -819.243 0 
4 824.058 0.319482 0.0222361 0.669047 -0.838182 -0.254797 -0.796068 -3.96078 -819.301 0 
1 823.889 0.314008 0.0223183 0.675961 -0.850788 -0.269546 -0.635219 -3.98212 -819.271 0 
5 824.059 0.310582 0.0222874 0.678804 -0.848278 -0.293803 -0.380463 -4.28261 -819.396 0 
2 823.903 0.315291 0.0223135 0.673438 -0.827047 -0.303442 -0.756637 -3.92311 -819.224 0 
2 823.38 0.315617 0.0224106 0.673345 -0.835014 -0.268651 -0.261957 -3.87716 -819.241 0 
1 825.148 0.311689 0.0224997 0.677668 -0.857455 -0.245256 -1.75601 -4.04121 -819.351 0 
3 825.586 0.311461 0.0225955 0.675107 -0.839188 -0.211893 -2.09446 -4.19957 -819.292 0 
2 826.008 0.3116 0.0226631 0.674291 -0.827321 -0.206959 -2.1194 -4.47612 -819.412 0 
1 825.693 0.305763 0.0224725 0.685216 -0.878596 -0.26717 -0.660071 -4.74051 -820.292 0 
1 825.841 0.304124 0.0224712 0.685133 -0.873641 -0.254114 -0.819998 -4.85566 -820.166 0 
1 826.608 0.302854 0.0223781 0.688413 -0.892363 -0.268247 -0.21617 -5.21408 -821.178 0 
2 824.87 0.311623 0.0222518 0.68003 -0.868453 -0.298358 -0.675219 -4.44822 -819.747 0 
1 824.073 0.313547 0.0222288 0.677176 -0.854256 -0.303714 -0.460545 -4.21871 -819.394 0 
1 823.755 0.309989 0.0223464 0.678614 -0.852033 -0.264154 -0.16014 -4.21043 -819.384 0 
5 825.339 0.307518 0.0222588 0.679929 -0.844545 -0.28468 -1.25921 -4.64429 -819.436 0 
1 825.638 0.306175 0.0222868 0.684951 -0.862226 -0.333657 -0.152022 -5.25667 -820.229 0 
1 824.85 0.314853 0.0224341 0.676066 -0.841833 -0.304361 -1.56287 -4.05132 -819.235 0 
3 824.758 0.319669 0.0223969 0.67276 -0.836061 -0.320924 -1.48196 -4.09455 -819.182 0 
2 825.623 0.319064 0.0222932 0.671088 -0.828493 -0.317565 -2.45865 -3.94751 -819.216 0 
7 826.561 0.309796 0.0224002 0.678605 -0.830791 -0.318117 -2.74172 -4.52451 -819.295 0 
2 825.56 0.312741 0.0221934 0.678397 -0.858256 -0.329273 -1.36815 -4.58711 -819.605 0 
1 825.17 0.320338 0.0221377 0.669396 -0.831337 -0.312078 -1.9461 -4.00297 -819.221 0 
1 824.304 0.314878 0.0221789 0.674968 -0.840579 -0.313085 -1.00128 -4.06554 -819.237 0 
4 824.334 0.308166 0.0223194 0.68155 -0.858465 -0.291032 -0.0906197 -4.55393 -819.689 0 
4 824.23 0.312505 0.0222621 0.675215 -0.839117 -0.277522 -0.942333 -4.04569 -819.242 0 
3 824.285 0.309423 0.0222738 0.680137 -0.861039 -0.283372 -0.268105 -4.38307 -819.634 0 
2 824.032 0.310924 0.0224284 0.679317 -0.842199 -0.299091 -0.439027 -4.26734 -819.326 0 
1 823.989 0.30982 0.0224376 0.679083 -0.833381 -0.303403 -0.256554 -4.44485 -819.288 0 
1 824.14 0.311325 0.0224636 0.67811 -0.83348 -0.303281 -0.633629 -4.24949 -819.257 0 
2 824.043 0.31778 0.0223905 0.672968 -0.809636 -0.340611 -0.879092 -3.84426 -819.32 0 
2 823.762 0.312386 0.0224225 0.677493 -0.831535 -0.306431 -0.370932 -4.15666 -819.234 0 
3 823.789 0.312208 0.0223624 0.675806 -0.817938 -0.308511 -0.280216 -4.26056 -819.248 0 
1 825.767 0.310211 0.0222606 0.675562 -0.820694 -0.288227 -2.02197 -4.49068 -819.255 0 
3 824.526 0.309529 0.022379 0.677405 -0.816146 -0.309089 -0.565987 -4.70633 -819.254 0 
2 825.072 0.312428 0.022468 0.675142 -0.802487 -0.308043 -1.18614 -4.48108 -819.405 0 
2 825.141 0.317789 0.0223687 0.67251 -0.810897 -0.324955 -1.96945 -3.81638 -819.355 0 
4 824.552 0.322431 0.0222983 0.666103 -0.788273 -0.321214 -0.688569 -3.72127 -820.142 0 
9 824.22 0.32342 0.0222503 0.665912 -0.798637 -0.318783 -0.588652 -3.73755 -819.894 0 
1 824.779 0.307639 0.0224083 0.682003 -0.84931 -0.291054 -0.614482 -4.63301 -819.531 0 
4 823.418 0.312171 0.0223985 0.676438 -0.832024 -0.288801 -0.0631176 -4.1215 -819.233 0 
1 823.615 0.320323 0.0223629 0.668136 -0.793951 -0.319344 -0.0249625 -3.74176 -819.848 0 
4 823.481 0.320215 0.0223998 0.669842 -0.80171 -0.332953 -0.192562 -3.72385 -819.565 0 
1 823.77 0.312357 0.0223743 0.67826 -0.836571 -0.321563 -0.25125 -4.23913 -819.28 0 
16 823.865 0.315329 0.0224361 0.675659 -0.819194 -0.339391 -0.624729 -4.02487 -819.216 0 
6 824.108 0.316678 0.0222298 0.675241 -0.832039 -0.359694 -0.662781 -4.23699 -819.208 0 
4 824.573 0.318477 0.0222732 0.673743 -0.829478 -0.345242 -1.3482 -4.04616 -819.179 0 
3 823.631 0.32084 0.0223219 0.670479 -0.808416 -0.35089 -0.455583 -3.79796 -819.377 0 
1 823.871 0.321266 0.0222658 0.668263 -0.796736 -0.352794 -0.546083 -3.71283 -819.612 0 
4 823.642 0.321173 0.0222473 0.668141 -0.804193 -0.328715 -0.345532 -3.72294 -819.573 0 
4 824.607 0.317677 0.0221692 0.670541 -0.811421 -0.327255 -1.44578 -3.82384 -819.337 0 
2 825.715 0.311018 0.0221903 0.68138 -0.864102 -0.346145 -0.804836 -4.94244 -819.968 0 
1 825.644 0.311604 0.0221293 0.677971 -0.843307 -0.339225 -1.70475 -4.50547 -819.434 0 
1 823.727 0.316942 0.0222208 0.672638 -0.819256 -0.339047 -0.569544 -3.93595 -819.222 0 
5 824.552 0.314129 0.0222149 0.673583 -0.815017 -0.323881 -1.2199 -4.07738 -819.254 0 
3 824.712 0.317645 0.0221454 0.671507 -0.83383 -0.297568 -1.61317 -3.88699 -819.212 0 
1 824.036 0.322664 0.022221 0.666954 -0.824552 -0.280596 -0.581112 -3.97777 -819.477 0 
1 824.436 0.310294 0.0222787 0.677447 -0.847843 -0.261599 -0.925363 -4.18706 -819.323 0 
3 823.711 0.31646 0.0223649 0.670628 -0.820144 -0.257706 -0.339587 -3.92581 -819.446 0 
1 824.603 0.322414 0.0224761 0.667774 -0.809427 -0.283376 -0.964732 -3.84965 -819.788 0 
9 823.812 0.315824 0.0224948 0.672292 -0.81201 -0.28242 -0.410143 -3.95059 -819.451 0 
6 823.235 0.318711 0.0223182 0.670517 -0.824652 -0.289305 -0.101776 -3.81378 -819.32 0 
7 823.842 0.317023 0.0222147 0.672313 -0.846992 -0.266929 -0.673593 -3.94934 -819.219 0 
2 823.999 0.313543 0.022316 0.675265 -0.848766 -0.251675 -0.788009 -3.95601 -819.255 0 
2 824.578 0.312199 0.0223929 0.678234 -0.86054 -0.254679 -1.13267 -4.05171 -819.393 0 
1 824.444 0.310845 0.0224729 0.677282 -0.839959 -0.24773 -0.995448 -4.19168 -819.257 0 
4 823.864 0.311392 0.0224578 0.678682 -0.857652 -0.255733 -0.394683 -4.08268 -819.386 0 
3 826.646 0.311803 0.0225261 0.67939 -0.862442 -0.243442 -3.19814 -4.044 -819.404 0 
2 827.435 0.309265 0.0226431 0.682174 -0.869478 -0.236627 -3.64106 -4.18473 -819.609 0 
1 826.263 0.314363 0.0226348 0.675328 -0.846482 -0.234501 -3.0787 -3.93317 -819.251 0 
1 825.691 0.322088 0.0224637 0.670689 -0.854368 -0.251989 -2.0026 -4.45542 -819.233 0 
2 825.936 0.325609 0.022415 0.667263 -0.830981 -0.28022 -2.07304 -4.38703 -819.476 0 
1 825.638 0.323346 0.0225613 0.66677 -0.81679 -0.25157 -1.67429 -4.09273 -819.871 0 
2 824.621 0.315578 0.0225593 0.674162 -0.837741 -0.246711 -1.44828 -3.90492 -819.267 0 
10 825.233 0.317086 0.0225802 0.672547 -0.823517 -0.259827 -1.94336 -3.88633 -819.403 0 
2 828.362 0.319415 0.0224239 0.673389 -0.841147 -0.286836 -5.18917 -3.96528 -819.207 0 
1 829.71 0.319008 0.02246 0.675912 -0.861111 -0.291941 -6.06251 -4.38007 -819.268 0 
4 830.166 0.335029 0.0223859 0.656931 -0.7998 -0.282069 -3.47626 -5.53625 -821.153 0 
1 830.004 0.336047 0.0223755 0.658017 -0.798572 -0.322092 -3.61641 -5.54744 -820.84 0 
1 828.87 0.331228 0.0223728 0.664598 -0.822327 -0.33593 -4.06446 -5.21915 -819.587 0 
2 827.519 0.330946 0.0223366 0.66238 -0.819381 -0.307205 -2.6064 -5.07295 -819.839 0 
1 827.926 0.313074 0.0225761 0.677871 -0.854929 -0.268787 -4.53474 -4.06147 -819.33 0 
3 827.061 0.309082 0.0224357 0.681981 -0.876194 -0.272865 -2.57596 -4.50409 -819.981 0 
4 826.532 0.312711 0.0223857 0.679022 -0.867277 -0.293463 -2.48049 -4.42391 -819.628 0 
3 826.138 0.308151 0.022338 0.684539 -0.89017 -0.289077 -0.518232 -4.93687 -820.683 0 
4 826.31 0.323495 0.0221074 0.669703 -0.866385 -0.292463 -1.81947 -5.27884 -819.212 0 
2 826.572 0.319024 0.0221166 0.674306 -0.884321 -0.276178 -1.92155 -5.08772 -819.563 0 
1 826.538 0.31521 0.0220958 0.676813 -0.897938 -0.249544 -1.61633 -4.91191 -820.01 0 
1 825.886 0.308978 0.0221911 0.679726 -0.897507 -0.204271 -1.39924 -4.29392 -820.193 0 
2 825.396 0.318663 0.0221341 0.670092 -0.862184 -0.23028 -1.90643 -4.23995 -819.25 0 
1 823.817 0.312312 0.022404 0.676121 -0.857684 -0.219151 -0.508075 -4.00571 -819.304 0 
12 824.308 0.315316 0.0223576 0.673001 -0.861866 -0.193359 -0.942371 -4.07631 -819.29 0 
4 824.082 0.316171 0.0224374 0.672452 -0.868562 -0.182514 -0.576404 -4.19808 -819.307 0 
1 824.308 0.321431 0.0223515 0.667727 -0.858858 -0.191932 -0.346887 -4.60463 -819.356 0 
1 825.596 0.315044 0.0225188 0.676599 -0.889015 -0.186591 -1.72171 -4.33759 -819.537 0 
1 826.049 0.315162 0.0225024 0.676508 -0.892666 -0.175619 -2.08653 -4.39836 -819.564 0 
3 826.164 0.310718 0.0226379 0.676985 -0.868591 -0.152979 -2.53575 -4.2622 -819.366 0 
7 824.917 0.312423 0.0226096 0.674954 -0.862502 -0.162099 -1.38736 -4.20368 -819.326 0 
5 825.038 0.321359 0.022519 0.668403 -0.855161 -0.182532 -1.00005 -4.60946 -819.428 0 
4 825.654 0.311924 0.0224243 0.679786 -0.910571 -0.172529 -1.02017 -4.45787 -820.175 0 
3 826.152 0.303219 0.0224137 0.685449 -0.913954 -0.152446 -0.784079 -4.42355 -820.945 0 
1 827.728 0.310881 0.0222101 0.676461 -0.883553 -0.17176 -4.05071 -4.10867 -819.569 0 
1 829.137 0.312416 0.0220764 0.676754 -0.897635 -0.192226 -4.97202 -4.28722 -819.878 0 
3 829.147 0.316345 0.0220889 0.670359 -0.863964 -0.187232 -5.69446 -4.15698 -819.295 0 
1 827.995 0.307379 0.0221878 0.681025 -0.898931 -0.186474 -3.50556 -4.24152 -820.248 0 
1 827.088 0.310766 0.0224555 0.675245 -0.86176 -0.154935 -3.39577 -4.35492 -819.337 0 
4 827.263 0.299611 0.0224964 0.687135 -0.897505 -0.155903 -1.60035 -5.01553 -820.648 0 
4 826.765 0.302515 0.0225926 0.683003 -0.869783 -0.163935 -2.07875 -5.03525 -819.651 0 
1 826.61 0.302389 0.0224472 0.686247 -0.906272 -0.165435 -1.23893 -4.55179 -820.819 0 
3 824.85 0.309266 0.0224286 0.679823 -0.906296 -0.1419 -0.559663 -4.23091 -820.059 0 
1 824.677 0.316595 0.0224852 0.671196 -0.886866 -0.113772 -0.434401 -4.82547 -819.417 0 
2 826.498 0.320897 0.0225386 0.664587 -0.854537 -0.101692 -0.93375 -5.67304 -819.891 0 
1 825.389 0.31147 0.022559 0.675885 -0.900241 -0.0900606 -1.18602 -4.57788 -819.625 0 
2 824.631 0.318254 0.0224443 0.671495 -0.885554 -0.144017 -0.470717 -4.78188 -819.379 0 
5 825.098 0.314635 0.0225714 0.673699 -0.887226 -0.118624 -1.09831 -4.56573 -819.434 0 
1 825.161 0.307938 0.022386 0.677992 -0.891632 -0.128054 -1.19135 -4.26113 -819.709 0 
6 825.431 0.305939 0.0223614 0.681494 -0.908325 -0.135184 -0.850951 -4.25088 -820.33 0 
5 827.112 0.303641 0.0224589 0.681309 -0.900899 -0.0985401 -2.52047 -4.55079 -820.041 0 
7 826.516 0.309845 0.0225432 0.673897 -0.867011 -0.104958 -2.3306 -4.78411 -819.401 0 
2 826.624 0.312919 0.0225297 0.673513 -0.867995 -0.128387 -2.75895 -4.49309 -819.372 0 
2 826.288 0.317927 0.0223892 0.671607 -0.881714 -0.14822 -2.27359 -4.65195 -819.362 0 
3 826.388 0.318072 0.0224343 0.670615 -0.867607 -0.153114 -2.48272 -4.54451 -819.361 0 
4 825.426 0.321137 0.0225096 0.66753 -0.859255 -0.147684 -0.946313 -4.9504 -819.529 0 
6 825.462 0.321751 0.0223306 0.668865 -0.877178 -0.168839 -1.08101 -5.05081 -819.331 0 
2 824.846 0.317774 0.0224131 0.672375 -0.875586 -0.176505 -1.10706 -4.41544 -819.323 0 
3 824.45 0.310343 0.022439 0.676336 -0.877862 -0.14842 -0.793414 -4.20454 -819.452 0 
3 825.032 0.308637 0.0225559 0.677066 -0.859234 -0.164259 -1.27166 -4.41797 -819.342 0 
1 824.375 0.312446 0.0225088 0.67618 -0.865906 -0.187651 -0.978056 -4.06077 -819.336 0 
1 824.676 0.312132 0.022521 0.676489 -0.872986 -0.171678 -1.18005 -4.1084 -819.387 0 
3 824.507 0.316188 0.022347 0.669731 -0.846895 -0.184458 -0.952692 -4.17334 -819.381 0 
1 824.502 0.308928 0.0223626 0.678676 -0.887947 -0.165225 -0.639995 -4.14002 -819.722 0 
1 826.596 0.309306 0.0222361 0.676622 -0.887192 -0.149132 -2.79319 -4.17229 -819.631 0 
1 827.329 0.302735 0.0223748 0.68161 -0.892016 -0.128595 -2.69297 -4.62539 -820.01 0 
2 826.243 0.312296 0.0223159 0.672222 -0.866167 -0.138625 -2.51705 -4.37042 -819.356 0 
1 825.851 0.304255 0.0223346 0.683233 -0.912974 -0.142407 -0.813118 -4.32979 -820.709 0 
3 825.013 0.305814 0.0223935 0.681396 -0.895318 -0.163085 -0.653077 -4.26133 -820.099 0 
1 824.55 0.309432 0.0223282 0.677118 -0.87167 -0.187007 -0.956096 -4.11952 -819.475 0 
3 824.262 0.31241 0.0222615 0.675588 -0.877407 -0.197229 -0.710066 -4.07217 -819.479 0 
6 825.409 0.313214 0.0221792 0.674327 -0.881317 -0.187363 -1.79323 -4.13017 -819.485 0 
2 826.359 0.310372 0.0222669 0.674567 -0.868632 -0.169829 -2.83932 -4.13715 -819.383 0 
8 830.522 0.311167 0.0222205 0.671154 -0.852835 -0.15915 -6.84293 -4.34152 -819.337 0 
2 827.928 0.305914 0.0223566 0.677944 -0.87941 -0.143179 -3.9285 -4.38822 -819.611 0 
2 828.665 0.311001 0.0222963 0.671309 -0.848177 -0.152728 -4.75879 -4.53142 -819.375 0 
3 829.69 0.308922 0.0224459 0.671829 -0.839241 -0.134106 -5.00373 -5.20218 -819.484 0 
2 830.219 0.29979 0.0224076 0.682647 -0.881555 -0.12334 -4.95845 -5.37937 -819.881 0 
1 831.145 0.296364 0.0223982 0.68683 -0.897532 -0.121203 -4.81551 -5.67334 -820.656 0 
1 827.418 0.300087 0.0225263 0.685663 -0.890975 -0.143839 -2.10649 -5.04506 -820.267 0 
1 824.981 0.310344 0.0224705 0.678589 -0.880824 -0.177239 -1.32267 -4.09907 -819.559 0 
2 824.503 0.30849 0.0225264 0.680288 -0.884646 -0.177049 -0.638084 -4.14368 -819.721 0 
1 826.246 0.305179 0.0225699 0.684006 -0.888175 -0.182133 -1.82519 -4.37406 -820.047 0 
1 824.042 0.310449 0.0224464 0.678913 -0.887283 -0.186872 -0.204189 -4.12018 -819.717 0 
6 823.889 0.318365 0.0223618 0.671625 -0.856285 -0.235933 -0.527715 -4.12047 -819.24 0 
1 823.723 0.31787 0.0223547 0.670976 -0.855425 -0.216803 -0.36124 -4.09602 -819.266 0 
1 824.326 0.307942 0.0224556 0.679801 -0.867756 -0.212682 -0.546522 -4.2322 -819.547 0 
1 826.993 0.307618 0.0225714 0.68407 -0.888973 -0.220106 -2.55241 -4.30629 -820.134 0 
2 824.349 0.310287 0.022534 0.678933 -0.868031 -0.208932 -0.825175 -4.07652 -819.447 0 
1 824.266 0.314919 0.0225379 0.67356 -0.839028 -0.224601 -0.973208 -3.98956 -819.303 0 
1 825.388 0.305525 0.0224969 0.680396 -0.862782 -0.194989 -1.31727 -4.56608 -819.505 0 
1 827.388 0.304531 0.0227235 0.682005 -0.846965 -0.20716 -2.93417 -5.08671 -819.367 0 
4 825.001 0.311603 0.022578 0.677495 -0.845561 -0.236142 -1.65552 -4.08218 -819.263 0 
2 825.28 0.319417 0.0225987 0.669586 -0.818623 -0.245924 -1.67029 -3.95497 -819.655 0 
4 824.313 0.322177 0.02245 0.665751 -0.803398 -0.259713 -0.17592 -3.99772 -820.14 0 
2 824.341 0.320792 0.0224224 0.666314 -0.834084 -0.191917 -0.214075 -4.40872 -819.718 0 
1 824.004 0.312886 0.0224877 0.673855 -0.860843 -0.169226 -0.525967 -4.16155 -819.317 0 
5 824.775 0.316333 0.022511 0.669397 -0.829652 -0.192631 -0.890464 -4.28225 -819.602 0 
3 824.269 0.318704 0.0224364 0.667798 -0.830278 -0.200012 -0.387828 -4.23173 -819.65 0 
2 825.864 0.313224 0.0226164 0.673054 -0.836639 -0.182862 -2.0324 -4.40053 -819.431 0 
1 823.966 0.317679 0.022476 0.670719 -0.845103 -0.201959 -0.483902 -4.11206 -819.37 0 
1 824.017 0.318078 0.0223323 0.668828 -0.838635 -0.208834 -0.495794 -4.089 -819.433 0 
2 823.578 0.31861 0.0224092 0.669602 -0.831584 -0.232688 -0.155669 -3.97601 -819.446 0 
1 824.908 0.319665 0.0224944 0.666611 -0.805088 -0.23527 -0.601511 -4.18214 -820.124 0 
1 824.934 0.314358 0.0224278 0.674398 -0.833357 -0.255952 -1.71125 -3.95985 -819.263 0 
6 828.95 0.323301 0.022181 0.667178 -0.843082 -0.242163 -5.21317 -4.35193 -819.384 0 
3 825.415 0.319375 0.0221945 0.668603 -0.851246 -0.209252 -1.89983 -4.19125 -819.324 0 
4 824.812 0.309352 0.022329 0.679481 -0.883551 -0.199311 -0.936273 -4.1285 -819.747 0 
1 824.675 0.306078 0.0224636 0.682424 -0.876084 -0.210455 -0.471962 -4.38727 -819.816 0 
2 824.188 0.309222 0.022455 0.677238 -0.859455 -0.192024 -0.616176 -4.22119 -819.351 0 
2 825.373 0.303254 0.022446 0.683984 -0.891868 -0.174488 -0.576989 -4.53396 -820.262 0 
1 825.767 0.304264 0.0223628 0.684793 -0.90672 -0.179765 -0.560753 -4.43106 -820.775 0 
1 824 0.314954 0.0224125 0.672213 -0.854582 -0.183249 -0.558331 -4.12968 -819.312 0 
1 824.474 0.308055 0.0223699 0.679268 -0.882986 -0.17571 -0.604746 -4.16769 -819.702 0 
2 825.028 0.306285 0.0223543 0.680185 -0.865517 -0.211492 -1.01299 -4.43835 -819.577 0 
3 827.294 0.300413 0.0224893 0.689447 -0.906686 -0.195678 -0.956817 -4.96521 -821.372 0 
2 827.086 0.308583 0.0225535 0.676168 -0.832569 -0.195652 -2.8612 -4.88788 -819.337 0 
1 826.063 0.304662 0.0224917 0.680635 -0.862795 -0.177259 -1.79077 -4.78582 -819.486 0 
2 826.428 0.314426 0.0222934 0.669678 -0.831849 -0.197182 -2.69952 -4.25796 -819.471 0 
1 827.809 0.307886 0.0221967 0.681012 -0.890698 -0.209517 -3.4613 -4.25125 -820.097 0 
5 826.794 0.313224 0.0222359 0.672781 -0.85196 -0.197689 -3.42888 -4.0787 -819.286 0 
3 828.1 0.326413 0.0220778 0.662108 -0.833961 -0.22529 -3.52639 -4.78464 -819.789 0 
1 826.973 0.322932 0.0222818 0.665301 -0.827577 -0.219568 -2.83893 -4.33841 -819.796 0 
4 825.406 0.322703 0.0223509 0.664259 -0.806764 -0.237072 -0.918678 -4.22129 -820.266 0 
1 824.693 0.319473 0.0223828 0.666961 -0.821052 -0.215741 -0.698486 -4.19512 -819.799 0 
1 824.134 0.319229 0.022253 0.669738 -0.836172 -0.255665 -0.899569 -3.9215 -819.313 0 
1 824.284 0.31561 0.0223332 0.674275 -0.872149 -0.206182 -0.816714 -4.12665 -819.34 0 
1 825.467 0.315453 0.0223549 0.675706 -0.870643 -0.229968 -2.00215 -4.10379 -819.361 0 
1 825.226 0.311423 0.0224182 0.680202 -0.887595 -0.2239 -1.15844 -4.22456 -819.843 0 
2 825.075 0.317329 0.022416 0.675138 -0.878488 -0.235029 -1.20943 -4.45384 -819.411 0 
1 823.914 0.312934 0.0224309 0.677168 -0.879663 -0.201823 -0.306688 -4.10003 -819.507 0 
6 824.28 0.309031 0.0223595 0.680217 -0.89717 -0.182914 -0.0427793 -4.19478 -820.042 0 
5 826.197 0.323321 0.0222228 0.670177 -0.886531 -0.230052 -1.21428 -5.65631 -819.326 0 
1 825.205 0.321542 0.0224065 0.668634 -0.843097 -0.244265 -1.66599 -4.20983 -819.329 0 
5 826.187 0.315914 0.0224253 0.67777 -0.882776 -0.259544 -1.98235 -4.57514 -819.63 0 
3 826.08 0.31957 0.022413 0.674266 -0.868148 -0.273976 -2.18154 -4.60567 -819.293 0 
1 826.034 0.314584 0.0224862 0.677037 -0.869969 -0.250437 -2.42624 -4.18058 -819.427 0 
5 827.206 0.321005 0.0225318 0.670611 -0.836396 -0.275285 -3.87703 -4.0442 -819.284 0 
1 825.505 0.320104 0.02244 0.671321 -0.854109 -0.250919 -2.02675 -4.25301 -819.226 0 
2 826.19 0.31273 0.0224299 0.68015 -0.900228 -0.226185 -1.47211 -4.59285 -820.125 0 
7 826.194 0.312417 0.0224554 0.680427 -0.901363 -0.217329 -1.53906 -4.52654 -820.129 0 
5 823.797 0.316014 0.0224587 0.67221 -0.862099 -0.183053 -0.344217 -4.15215 -819.301 0 
3 824.37 0.316132 0.0224899 0.670772 -0.854105 -0.161293 -0.629079 -4.34821 -819.393 0 
1 827.3 0.326456 0.022524 0.662538 -0.834645 -0.165271 -1.5232 -5.50791 -820.269 0 
2 829.954 0.322869 0.0226269 0.666011 -0.834169 -0.165957 -4.93902 -4.98562 -820.029 0 
1 833.102 0.334602 0.0226529 0.652745 -0.781471 -0.177377 -2.07138 -7.20439 -823.827 0 
5 832.375 0.334087 0.0226634 0.656536 -0.797931 -0.211052 -4.08099 -6.18025 -822.114 0 
4 832.42 0.326795 0.0226681 0.666973 -0.84516 -0.215135 -7.70208 -5.09405 -819.624 0 
8 830.867 0.3271 0.0225943 0.667391 -0.85631 -0.22644 -6.06553 -5.40719 -819.394 0 
1 831.185 0.324699 0.022685 0.668542 -0.857184 -0.200752 -6.71738 -5.04438 -819.423 0 
2 830.348 0.326707 0.022623 0.666117 -0.860405 -0.173975 -5.0571 -5.70896 -819.582 0 
1 829.382 0.327657 0.0225579 0.665024 -0.861775 -0.170449 -3.76695 -5.99576 -819.62 0 
2 829.123 0.325337 0.0225067 0.66877 -0.880364 -0.188523 -3.99129 -5.82277 -819.309 0 
3 830.434 0.313129 0.0223873 0.681008 -0.925221 -0.180547 -4.84327 -4.94674 -820.644 0 
2 829.94 0.312829 0.0223532 0.680985 -0.923237 -0.185422 -4.42498 -4.88078 -820.634 0 
1 827.667 0.322005 0.0225575 0.668942 -0.876791 -0.139231 -2.93398 -5.32173 -819.411 0 
7 827.783 0.326659 0.0225347 0.662232 -0.864744 -0.109974 -1.20479 -6.66241 -819.916 0 
3 825.334 0.318188 0.0224126 0.671517 -0.905095 -0.105408 -0.463476 -5.33997 -819.531 0 
4 826.176 0.31463 0.0225578 0.674827 -0.913388 -0.0841863 -1.42267 -5.03048 -819.722 0 
4 825.892 0.316458 0.0225047 0.672976 -0.912879 -0.0815572 -0.893235 -5.34975 -819.649 0 
4 826.63 0.319132 0.0225003 0.668654 -0.881131 -0.0947965 -1.73269 -5.41566 -819.481 0 
9 825.656 0.320327 0.0224073 0.665205 -0.855553 -0.1233 -0.77551 -5.18634 -819.694 0 
1 826.639 0.316321 0.022549 0.667542 -0.85639 -0.0978656 -1.75919 -5.21697 -819.663 0 
6 825.765 0.313609 0.0225212 0.670998 -0.85909 -0.12881 -1.79972 -4.55244 -819.413 0 
2 824.25 0.312958 0.0224781 0.675926 -0.893344 -0.140432 -0.360343 -4.3184 -819.571 0 
4 824.621 0.307799 0.0224943 0.680691 -0.895873 -0.159934 -0.485913 -4.17536 -819.96 0 
2 823.451 0.316561 0.0223053 0.672565 -0.861843 -0.218876 -0.113086 -4.06906 -819.269 0 
2 823.493 0.313416 0.0224169 0.674479 -0.860164 -0.198356 -0.174133 -4.0235 -819.295 0 
2 824.442 0.317223 0.0224972 0.669143 -0.829095 -0.202305 -0.6559 -4.19094 -819.595 0 
4 823.915 0.317153 0.0224712 0.671008 -0.854828 -0.181773 -0.357337 -4.21684 -819.341 0 
8 824.718 0.318382 0.0224354 0.670703 -0.874131 -0.152123 -0.749999 -4.61991 -819.348 0 
1 824.527 0.315015 0.0223054 0.675862 -0.899826 -0.186989 -0.193619 -4.57908 -819.754 0 
3 826.24 0.311445 0.0222072 0.68032 -0.916596 -0.201868 -0.862163 -4.73658 -820.641 0 
7 825.136 0.309962 0.022453 0.681158 -0.904846 -0.187002 -0.575882 -4.32183 -820.238 0 
1 825.015 0.315794 0.022279 0.670116 -0.856318 -0.173434 -1.47138 -4.20801 -819.336 0 
1 826.114 0.308762 0.0222555 0.677316 -0.902774 -0.125117 -1.96404 -4.23951 -819.91 0 
2 825.08 0.310701 0.0223146 0.676233 -0.902026 -0.127848 -0.989541 -4.29259 -819.798 0 
3 824.995 0.314524 0.0223289 0.671619 -0.880383 -0.125342 -1.10822 -4.4919 -819.394 0 
2 825.364 0.321279 0.0224703 0.665021 -0.844587 -0.145902 -0.53629 -5.00763 -819.82 0 
4 825.709 0.306181 0.0224095 0.683878 -0.906381 -0.180911 -0.806407 -4.32118 -820.581 0 
1 828.037 0.303768 0.022534 0.68806 -0.916648 -0.189076 -2.07436 -4.58483 -821.378 0 
2 827.396 0.305557 0.0226379 0.685266 -0.903739 -0.178437 -2.54834 -4.3296 -820.518 0 
1 824.617 0.313293 0.0225535 0.674155 -0.860667 -0.175587 -1.19194 -4.11585 -819.31 0 
2 823.796 0.319619 0.0224008 0.670372 -0.860869 -0.204861 -0.173835 -4.33858 -819.283 0 
1 824.995 0.312161 0.0223569 0.678831 -0.890619 -0.207606 -0.984892 -4.21836 -819.791 0 
1 825.315 0.310266 0.0224436 0.681466 -0.892184 -0.230947 -0.854315 -4.36241 -820.099 0 
1 826.492 0.309596 0.0225564 0.681276 -0.886252 -0.216158 -2.39659 -4.20944 -819.886 0 
1 825.196 0.31346 0.0225288 0.67766 -0.858914 -0.258897 -1.81563 -4.03827 -819.342 0 
3 824.616 0.315087 0.0224709 0.675554 -0.859816 -0.24723 -1.30145 -4.02338 -819.291 0 
7 826.273 0.321552 0.0221653 0.671324 -0.875037 -0.254051 -2.04683 -4.94216 -819.284 0 
4 825.407 0.326422 0.0222538 0.666077 -0.850183 -0.252652 -1.03197 -5.03435 -819.341 0 
1 823.775 0.321877 0.0223467 0.667647 -0.843736 -0.226862 -0.0866192 -4.2902 -819.399 0 
2 823.715 0.31456 0.0222736 0.674543 -0.849267 -0.270709 -0.485726 -3.97654 -819.252 0 
4 825.325 0.322317 0.0221632 0.667581 -0.825546 -0.289974 -1.97518 -3.94606 -819.404 0 
4 823.477 0.316686 0.0223275 0.673004 -0.834655 -0.281274 -0.385576 -3.8629 -819.228 0 
1 823.58 0.318964 0.0222708 0.670115 -0.818874 -0.307539 -0.449789 -3.79433 -819.336 0 
1 824.995 0.32026 0.022421 0.672406 -0.833532 -0.309379 -1.80423 -3.98003 -819.211 0 
3 824.36 0.318293 0.0224748 0.672976 -0.830443 -0.300114 -1.25757 -3.872 -819.23 0 
8 825.981 0.309217 0.0226292 0.680344 -0.850623 -0.253119 -2.35482 -4.26032 -819.366 0 
1 828.399 0.304345 0.0226017 0.688079 -0.886738 -0.25933 -2.84819 -4.88152 -820.67 0 
1 826.06 0.30382 0.0224774 0.685255 -0.875752 -0.247139 -1.00113 -4.84974 -820.209 0 
3 825.205 0.305746 0.0223618 0.684766 -0.886828 -0.255063 -0.0175978 -4.69411 -820.494 0 
1 825.387 0.308596 0.0222439 0.682447 -0.887831 -0.262816 -0.496379 -4.56489 -820.325 0 
2 825.363 0.308207 0.0223316 0.683733 -0.882296 -0.288084 -0.232401 -4.76404 -820.367 0 
3 824.406 0.314077 0.0224476 0.674315 -0.835691 -0.264914 -1.23633 -3.93167 -819.238 0 
2 826.482 0.307826 0.0223371 0.680054 -0.859932 -0.262657 -2.45903 -4.42007 -819.603 0 
3 824.512 0.31722 0.0223295 0.670221 -0.827155 -0.261223 -1.31029 -3.84962 -819.352 0 
1 823.795 0.311364 0.0224842 0.676481 -0.840917 -0.240703 -0.412688 -4.12598 -819.257 0 
5 824.177 0.3173 0.0223993 0.670262 -0.833664 -0.220821 -0.724903 -4.02492 -819.427 0 
1 825.543 0.318809 0.0222132 0.667361 -0.84047 -0.205443 -1.95888 -4.13989 -819.444 0 
1 827.417 0.31708 0.0221703 0.66774 -0.846497 -0.185006 -3.81512 -4.19746 -819.404 0 
3 829.831 0.317817 0.0222891 0.664697 -0.833629 -0.153367 -5.27856 -4.71067 -819.842 0 
3 829.084 0.316189 0.0222573 0.668999 -0.863998 -0.161904 -5.45525 -4.29343 -819.335 0 
3 828.685 0.31709 0.0222362 0.66799 -0.861772 -0.159644 -4.9491 -4.37591 -819.36 0 
1 826.891 0.313905 0.022417 0.669454 -0.841615 -0.15599 -2.88864 -4.50145 -819.501 0 
3 824.808 0.315089 0.022406 0.67026 -0.82586 -0.218433 -1.18712 -4.13255 -819.488 0 
5 823.88 0.311081 0.0224801 0.677233 -0.847458 -0.236662 -0.50079 -4.10311 -819.276 0 
4 824.433 0.312005 0.0224999 0.673815 -0.835282 -0.20776 -0.826703 -4.27236 -819.334 0 
5 824.972 0.306078 0.022387 0.680285 -0.866117 -0.20325 -0.946969 -4.45838 -819.567 0 
2 824.211 0.309534 0.0223184 0.678797 -0.872809 -0.217331 -0.502606 -4.12341 -819.585 0 
5 823.891 0.31023 0.0223925 0.678697 -0.871627 -0.21554 -0.280638 -4.0855 -819.525 0 
9 824.017 0.314266 0.0224122 0.672746 -0.847051 -0.212173 -0.746207 -3.99175 -819.279 0 
2 823.55 0.312564 0.0224111 0.675465 -0.860125 -0.212618 -0.241725 -3.99776 -819.311 0 
1 823.462 0.314995 0.0223441 0.67278 -0.851669 -0.218115 -0.231481 -3.9669 -819.263 0 
4 824.47 0.309687 0.0223485 0.677161 -0.857955 -0.212366 -0.956725 -4.16098 -819.353 0 
5 826.672 0.310832 0.0222351 0.675492 -0.860642 -0.200848 -3.23767 -4.09727 -819.337 0 
1 826.058 0.304745 0.0222921 0.682966 -0.895494 -0.18524 -1.32173 -4.39503 -820.341 0 
3 825.088 0.314758 0.0222585 0.672232 -0.85844 -0.194048 -1.74418 -4.05603 -819.288 0 
3 825.512 0.316143 0.0221256 0.672029 -0.861559 -0.230204 -2.1971 -4.04261 -819.272 0 
6 827.82 0.314742 0.0221935 0.66931 -0.833921 -0.203955 -4.24082 -4.15778 -819.421 0 
7 826.011 0.313001 0.0223174 0.671654 -0.829703 -0.213733 -2.35411 -4.26547 -819.392 0 
2 824.531 0.312723 0.0222894 0.674087 -0.846937 -0.225976 -1.25548 -4.01444 -819.261 0 
2 825.186 0.310457 0.0223474 0.676851 -0.852585 -0.223037 -1.73976 -4.14028 -819.306 0 
2 824.561 0.309792 0.0223548 0.679994 -0.873883 -0.234224 -0.736846 -4.16048 -819.663 0 
1 823.658 0.312481 0.0223211 0.67675 -0.861474 -0.242559 -0.270834 -4.01942 -819.368 0 
4 823.636 0.320516 0.0223122 0.66916 -0.847839 -0.230796 -0.150761 -4.17888 -819.307 0 
5 824.414 0.313079 0.0222824 0.673671 -0.85125 -0.216422 -1.14509 -3.99922 -819.269 0 
1 824.161 0.313468 0.0222856 0.677311 -0.886389 -0.226301 -0.156318 -4.30272 -819.702 0 
7 825.304 0.318571 0.0222305 0.674651 -0.879406 -0.271012 -1.00497 -4.82367 -819.475 0 
2 824.402 0.320001 0.0222121 0.669503 -0.845621 -0.262935 -1.0709 -4.09745 -819.233 0 
10 824.326 0.310222 0.0222575 0.679496 -0.8716 -0.261795 -0.332462 -4.27514 -819.718 0 
1 823.932 0.310469 0.0224665 0.677306 -0.834209 -0.268098 -0.416268 -4.26493 -819.251 0 
2 823.961 0.309828 0.022371 0.677471 -0.854853 -0.231371 -0.461861 -4.1493 -819.35 0 
7 823.576 0.317636 0.0222432 0.672532 -0.847486 -0.275374 -0.370872 -3.99344 -819.212 0 
4 824.665 0.31656 0.0222873 0.673944 -0.851759 -0.263371 -1.46334 -3.96983 -819.232 0 
1 823.845 0.322513 0.0223285 0.666241 -0.824203 -0.246766 -0.0875118 -4.08581 -819.671 0 
10 824.192 0.32368 0.0222038 0.666146 -0.825412 -0.280586 -0.610954 -4.07998 -819.501 0 
1 826.273 0.316551 0.0221406 0.673916 -0.857542 -0.273714 -2.91928 -4.08155 -819.272 0 
2 823.81 0.31652 0.0222509 0.674469 -0.861531 -0.269468 -0.345882 -4.16185 -819.302 0 
4 823.922 0.321526 0.0222898 0.66652 -0.814105 -0.269224 -0.321122 -3.88368 -819.717 0 
1 824.697 0.312007 0.0224177 0.677403 -0.855626 -0.239173 -1.36349 -4.01813 -819.315 0 
2 823.415 0.312944 0.0223753 0.676598 -0.865989 -0.231835 -0.00664184 -4.02311 -819.385 0 
2 825.445 0.307792 0.0224535 0.682445 -0.872786 -0.240254 -1.33724 -4.3227 -819.785 0 
3 826.315 0.30945 0.0226088 0.676285 -0.828028 -0.229984 -2.45697 -4.55773 -819.301 0 
1 824.186 0.314046 0.022459 0.675694 -0.857994 -0.224741 -0.936357 -3.96873 -819.281 0 
4 825.39 0.312912 0.0224798 0.678855 -0.862369 -0.262289 -1.9023 -4.07459 -819.413 0 
1 824.985 0.316263 0.0224255 0.675624 -0.855576 -0.266474 -1.7085 -4.01999 -819.256 0 
3 824.056 0.324669 0.0223321 0.66663 -0.82537 -0.286262 -0.36591 -4.17831 -819.512 0 
1 824.122 0.315321 0.0225233 0.672905 -0.84327 -0.219314 -0.859348 -3.97013 -819.292 0 
2 826.028 0.308634 0.0226368 0.680936 -0.854364 -0.237173 -2.34523 -4.29178 -819.391 0 
5 825.959 0.31214 0.0226599 0.675852 -0.840147 -0.221706 -2.57999 -4.10292 -819.276 0 
4 825.639 0.310312 0.0226481 0.677223 -0.836021 -0.232355 -2.06837 -4.30211 -819.268 0 
2 825.815 0.306933 0.0225944 0.682128 -0.867484 -0.226114 -1.81046 -4.3608 -819.644 0 
1 824.964 0.315362 0.0225317 0.675701 -0.856054 -0.249072 -1.71712 -3.98428 -819.262 0 
5 825.375 0.320312 0.0224154 0.670835 -0.855573 -0.244726 -1.8431 -4.29963 -819.232 0 
1 825.964 0.327538 0.0223404 0.663299 -0.829589 -0.253819 -1.42502 -4.78088 -819.758 0 
10 825.312 0.325614 0.0223403 0.667411 -0.846478 -0.270355 -1.20784 -4.80881 -819.296 0 
2 824.952 0.319747 0.0223896 0.672919 -0.857091 -0.266312 -1.47211 -4.26429 -819.216 0 
3 824.343 0.325044 0.0223977 0.664727 -0.81924 -0.254026 -0.207165 -4.25063 -819.886 0 
2 824.446 0.326307 0.0223599 0.664093 -0.819284 -0.263622 -0.208257 -4.35031 -819.888 0 
1 823.962 0.323225 0.0223738 0.667673 -0.833105 -0.264669 -0.357353 -4.17648 -819.428 0 
2 825.08 0.314905 0.0223938 0.677479 -0.881043 -0.250324 -1.05899 -4.41169 -819.609 0 
1 825.429 0.30543 0.0224274 0.685222 -0.88375 -0.25759 -0.271738 -4.72781 -820.43 0 
4 825.658 0.307165 0.0223555 0.683171 -0.872777 -0.284175 -0.843115 -4.70814 -820.107 0 
3 824.406 0.31108 0.0224575 0.679314 -0.860511 -0.266791 -0.766578 -4.16642 -819.473 0 
3 824.604 0.315365 0.0224702 0.676527 -0.855031 -0.274121 -1.28636 -4.03864 -819.279 0 
12 826.021 0.317588 0.0225043 0.675597 -0.849146 -0.298783 -2.67745 -4.12277 -819.22 0 
6 825.09 0.319571 0.0224223 0.672836 -0.860835 -0.259187 -1.51109 -4.34879 -819.23 0 
10 824.587 0.319611 0.0225148 0.671125 -0.839235 -0.249044 -1.29494 -3.9805 -819.311 0 
6 824.851 0.317512 0.022499 0.673919 -0.854847 -0.241835 -1.58848 -4.02566 -819.237 0 
4 824.361 0.323541 0.0223925 0.667015 -0.843711 -0.223962 -0.395201 -4.49952 -819.467 0 
4 825.343 0.319155 0.022457 0.67184 -0.851444 -0.228942 -1.97731 -4.09849 -819.267 0 
6 825.448 0.315538 0.0225255 0.675891 -0.851341 -0.254737 -2.2672 -3.9394 -819.241 0 
2 826.307 0.305186 0.0225539 0.685233 -0.883561 -0.222181 -1.62792 -4.51007 -820.169 0 
2 825.405 0.306471 0.0225546 0.683005 -0.866505 -0.233713 -1.26376 -4.45915 -819.683 0 
1 826.053 0.307943 0.0226551 0.679637 -0.837081 -0.244394 -2.18041 -4.59261 -819.28 0 
2 825.591 0.307904 0.0226029 0.678192 -0.830888 -0.22958 -1.50962 -4.801 -819.281 0 
5 828.281 0.299763 0.0225225 0.688382 -0.868284 -0.237572 -2.27375 -5.78004 -820.227 0 
4 827.675 0.302588 0.0223246 0.685876 -0.878427 -0.238143 -2.32853 -5.00807 -820.338 0 
1 825.979 0.302663 0.0223798 0.684508 -0.86685 -0.236243 -0.939918 -5.09177 -819.947 0 
3 825.928 0.301973 0.0224178 0.68715 -0.871749 -0.267173 -0.169322 -5.36353 -820.396 0 
1 826.335 0.302315 0.0224565 0.688289 -0.883442 -0.264723 -0.298736 -5.23492 -820.802 0 
1 826.043 0.303835 0.0225722 0.685048 -0.869381 -0.237824 -1.26346 -4.8342 -819.945 0 
4 826.616 0.304457 0.0226505 0.684713 -0.865422 -0.229927 -2.10785 -4.75255 -819.755 0 
2 827.035 0.301685 0.0224878 0.689246 -0.911758 -0.208561 -0.511798 -4.90618 -821.617 0 
1 826.493 0.307303 0.0224109 0.684846 -0.907278 -0.218598 -1.12948 -4.53016 -820.833 0 
1 826.933 0.305959 0.0223479 0.686501 -0.922133 -0.218754 -0.343248 -4.88134 -821.709 0 
4 824.434 0.315986 0.022288 0.675274 -0.885725 -0.215291 -0.507508 -4.40287 -819.524 0 
1 825.215 0.323338 0.0222685 0.667895 -0.849117 -0.241589 -1.41174 -4.48641 -819.317 0 
1 826.089 0.325802 0.0223066 0.665602 -0.847311 -0.223417 -1.69134 -4.90301 -819.495 0 
2 826.781 0.331573 0.0221668 0.659709 -0.825097 -0.254296 -1.19442 -5.44564 -820.141 0 
1 825.498 0.330517 0.022241 0.660481 -0.811609 -0.279725 -0.40515 -4.8073 -820.286 0 
1 824.91 0.322211 0.0222157 0.667982 -0.837028 -0.263033 -1.44629 -4.11628 -819.348 0 
1 824.19 0.310909 0.0224407 0.678197 -0.865309 -0.21837 -0.723288 -4.05448 -819.412 0 
2 824.1 0.313251 0.0224074 0.676017 -0.850506 -0.243407 -0.871445 -3.96581 -819.263 0 
1 824.573 0.324617 0.0223578 0.663589 -0.819221 -0.231687 -0.162387 -4.37293 -820.037 0 
1 823.77 0.320797 0.0222879 0.668956 -0.843177 -0.243084 -0.339621 -4.11475 -819.316 0 
1 824.052 0.322886 0.022298 0.665651 -0.831068 -0.232021 -0.173699 -4.24865 -819.629 0 
5 824.381 0.32356 0.0222868 0.665063 -0.841116 -0.210009 -0.227939 -4.56541 -819.588 0 
4 824.649 0.322509 0.0222604 0.667103 -0.854438 -0.219739 -0.752338 -4.57286 -819.323 0 
1 825.872 0.313418 0.0223903 0.678094 -0.879781 -0.224958 -2.16658 -4.14319 -819.562 0 
1 825.19 0.310738 0.0223846 0.68006 -0.87158 -0.247661 -1.41294 -4.15541 -819.622 0 
2 824.975 0.310407 0.0225194 0.680269 -0.882077 -0.215503 -1.10542 -4.14219 -819.728 0 
11 824.533 0.306715 0.0223886 0.681967 -0.885914 -0.208788 -0.193012 -4.30581 -820.034 0 
6 824.856 0.311562 0.022314 0.674463 -0.861452 -0.191772 -1.46995 -4.06236 -819.323 0 
2 824.597 0.313916 0.0222463 0.673071 -0.864834 -0.196407 -1.2519 -4.03418 -819.311 0 
2 823.399 0.314741 0.0223977 0.674059 -0.859504 -0.211851 -0.123852 -3.99678 -819.279 0 
1 824.561 0.316889 0.0223907 0.669605 -0.855236 -0.159682 -0.760681 -4.39582 -819.405 0 
1 831.059 0.325891 0.0223571 0.657392 -0.81214 -0.133303 -3.18157 -6.34943 -821.528 0 
3 828.401 0.32301 0.0224476 0.662076 -0.815775 -0.161837 -2.38115 -5.29934 -820.72 0 
1 827.923 0.319902 0.0224521 0.663059 -0.809775 -0.167281 -2.19301 -5.09411 -820.636 0 
4 823.822 0.31501 0.0223885 0.672209 -0.864576 -0.169312 -0.315485 -4.18986 -819.317 0 
1 824.902 0.30514 0.0224135 0.683701 -0.895008 -0.191724 -0.181392 -4.38205 -820.339 0 
2 824.134 0.314702 0.0224033 0.671712 -0.849719 -0.183369 -0.64472 -4.15476 -819.334 0 
1 823.794 0.318871 0.0223613 0.668586 -0.841922 -0.204929 -0.218539 -4.14772 -819.428 0 
1 824.354 0.31878 0.0225083 0.668767 -0.837399 -0.196423 -0.598494 -4.21925 -819.536 0 
1 824.385 0.320765 0.0223478 0.6704 -0.845848 -0.254542 -1.00143 -4.12387 -819.259 0 
3 825.061 0.327311 0.0223593 0.663254 -0.833421 -0.230388 -0.327748 -4.91685 -819.816 0 
1 825.821 0.323688 0.0224611 0.667741 -0.853174 -0.205679 -1.64719 -4.75244 -819.421 0 
1 826.571 0.324827 0.0225603 0.662378 -0.811737 -0.195911 -1.04261 -4.86337 -820.665 0 
3 827.985 0.329522 0.0223762 0.656942 -0.807295 -0.187096 -0.850818 -5.70431 -821.43 0 
1 826.711 0.322486 0.0225169 0.665726 -0.830358 -0.184065 -2.05301 -4.69317 -819.965 0 
1 828.963 0.308755 0.0227021 0.676617 -0.841986 -0.162974 -4.70435 -4.90252 -819.357 0 
3 827.22 0.306032 0.0227026 0.678624 -0.848043 -0.164584 -2.8928 -4.999 -819.328 0 
1 826.632 0.305284 0.0226857 0.68064 -0.859013 -0.173128 -2.46332 -4.75815 -819.411 0 
1 826.329 0.304799 0.0226042 0.68185 -0.870191 -0.168412 -2.10298 -4.65216 -819.574 0 
1 826.36 0.309483 0.0223311 0.681312 -0.892671 -0.214794 -2.04851 -4.24173 -820.07 0 
4 824.748 0.321414 0.0222806 0.668359 -0.851177 -0.217879 -1.06267 -4.34921 -819.337 0 
3 823.956 0.311534 0.0224246 0.677486 -0.866704 -0.226245 -0.484859 -4.04278 -819.429 0 
2 824.644 0.318109 0.0224308 0.673227 -0.851968 -0.2495 -1.39612 -4.01914 -819.229 0 
1 824.042 0.318796 0.0224165 0.66872 -0.810109 -0.271358 -0.519955 -3.85596 -819.666 0 
1 823.283 0.315475 0.0223158 0.673046 -0.833194 -0.27482 -0.163096 -3.88152 -819.238 0 
1 823.315 0.315181 0.0224003 0.6747 -0.840646 -0.279108 -0.173101 -3.92231 -819.22 0 
1 824.395 0.313635 0.0225206 0.675908 -0.820288 -0.309765 -1.08601 -4.06872 -819.241 0 
6 824.85 0.313497 0.0225473 0.677279 -0.823839 -0.320068 -1.52349 -4.1066 -819.22 0 
2 824.927 0.318858 0.0224855 0.671096 -0.815146 -0.305462 -1.75585 -3.77621 -819.395 0 
1 824.246 0.314517 0.0222816 0.676198 -0.851992 -0.303445 -0.728593 -4.18944 -819.328 0 
12 825.355 0.317386 0.0223293 0.675183 -0.850755 -0.324081 -1.70462 -4.38032 -819.27 0 
5 826.254 0.318399 0.0222685 0.674941 -0.86037 -0.326129 -2.14604 -4.75512 -819.353 0 
1 827.199 0.318475 0.0222708 0.67411 -0.855378 -0.324358 -3.30406 -4.61073 -819.285 0 
4 825.801 0.312333 0.0224191 0.679137 -0.856904 -0.304775 -1.96687 -4.34076 -819.493 0 
1 825.665 0.318191 0.022342 0.671198 -0.828903 -0.297455 -2.55126 -3.86792 -819.246 0 
1 824.975 0.309803 0.0224813 0.679763 -0.846387 -0.287628 -1.26206 -4.33036 -819.382 0 
1 825.647 0.308239 0.0225222 0.677591 -0.812161 -0.282887 -1.3086 -5.0415 -819.297 0 
1 826.748 0.313205 0.0226274 0.67213 -0.788165 -0.278238 -2.05408 -4.78084 -819.913 0 
1 826.436 0.30762 0.0226266 0.677937 -0.814966 -0.257504 -1.94707 -5.17073 -819.318 0 
1 824.884 0.309405 0.0225514 0.678454 -0.821013 -0.284113 -0.978379 -4.64834 -819.257 0 
1 825.951 0.305859 0.0223566 0.683388 -0.855354 -0.284383 -1.37224 -4.85565 -819.723 0 
1 825.96 0.303077 0.0224648 0.682891 -0.84907 -0.239045 -1.10508 -5.32263 -819.532 0 
1 824.869 0.30634 0.0224708 0.680395 -0.836743 -0.261424 -0.638712 -4.90338 -819.327 0 
1 825.003 0.304303 0.0224228 0.683738 -0.876555 -0.218309 -0.376131 -4.63263 -819.994 0 
3 823.94 0.311901 0.0223387 0.675374 -0.85497 -0.224517 -0.630627 -4.01218 -819.297 0 
6 823.287 0.313283 0.0223668 0.675338 -0.850452 -0.244107 -0.0623366 -3.96148 -819.263 0 
2 823.751 0.316121 0.022383 0.67528 -0.855376 -0.272926 -0.432418 -4.05527 -819.264 0 
7 824.535 0.314005 0.0224255 0.677664 -0.860994 -0.280024 -0.964402 -4.16836 -819.402 0 
2 824.331 0.319673 0.0223088 0.672483 -0.866036 -0.252491 -0.640803 -4.4376 -819.253 0 
5 825.645 0.316702 0.0224165 0.676128 -0.888653 -0.225713 -1.44756 -4.61915 -819.579 0 
1 826.503 0.310501 0.0224732 0.681939 -0.908226 -0.205208 -1.54374 -4.51983 -820.44 0 
5 825.916 0.313904 0.0224029 0.677269 -0.897905 -0.197547 -1.60841 -4.48905 -819.819 0 
1 825.525 0.310598 0.0225371 0.67937 -0.888746 -0.187181 -1.64223 -4.13877 -819.744 0 
7 826.968 0.318266 0.0224668 0.674535 -0.888724 -0.191851 -2.86015 -4.6744 -819.433 0 
1 825.79 0.31295 0.0224382 0.678355 -0.903602 -0.166888 -1.52774 -4.38568 -819.876 0 
2 824.075 0.316285 0.0224235 0.673025 -0.878025 -0.166269 -0.378508 -4.34418 -819.353 0 
7 827.144 0.321851 0.022566 0.663527 -0.82887 -0.137963 -1.34532 -5.41699 -820.382 0 
8 825.259 0.31773 0.0224778 0.668317 -0.864913 -0.114318 -0.774347 -4.97561 -819.509 0 
2 825.159 0.314443 0.0224292 0.670746 -0.86272 -0.139272 -1.36766 -4.41672 -819.375 0 
1 826.448 0.304879 0.0225286 0.680227 -0.898384 -0.105254 -2.10635 -4.4106 -819.931 0 
6 824.648 0.310664 0.0223824 0.676808 -0.910675 -0.106081 -0.299294 -4.43113 -819.918 0 
1 827.222 0.307198 0.0222823 0.677488 -0.907378 -0.0928425 -2.88192 -4.36678 -819.973 0 
1 827.115 0.307038 0.0222728 0.677967 -0.905335 -0.104041 -2.81864 -4.31603 -819.981 0 
5 827.235 0.302351 0.0223551 0.683846 -0.93303 -0.0874214 -1.54687 -4.39361 -821.295 0 
9 826.157 0.305988 0.0223524 0.67927 -0.896024 -0.1219 -1.94684 -4.3257 -819.885 0 
1 826.418 0.308108 0.0222588 0.678748 -0.904942 -0.147379 -2.07393 -4.21254 -820.132 0 
4 825.994 0.30418 0.0223924 0.683034 -0.901894 -0.162178 -1.18191 -4.36582 -820.446 0 
1 824.289 0.311815 0.0224719 0.677486 -0.896277 -0.150714 -0.346138 -4.24098 -819.702 0 
1 826.075 0.303812 0.0224942 0.6862 -0.916291 -0.168011 -0.47832 -4.46099 -821.136 0 
4 825.611 0.304336 0.0224588 0.685164 -0.91429 -0.164978 -0.251055 -4.40327 -820.957 0 
9 825.201 0.309066 0.0224873 0.681126 -0.898299 -0.18623 -0.883394 -4.22424 -820.094 0 
5 824.756 0.315633 0.0223588 0.675767 -0.898433 -0.189475 -0.432464 -4.62384 -819.7 0 
4 825.582 0.313566 0.0224664 0.67708 -0.903515 -0.162415 -1.28074 -4.48262 -819.818 0 
4 824.923 0.313951 0.0225776 0.674237 -0.882217 -0.130837 -1.1116 -4.40277 -819.409 0 
1 825.124 0.323681 0.0224045 0.664516 -0.843972 -0.18129 -0.540953 -4.86895 -819.714 0 
2 824.724 0.314119 0.0222973 0.676163 -0.895976 -0.194244 -0.539169 -4.43965 -819.745 0 
10 824.364 0.310426 0.0222998 0.679182 -0.891717 -0.208105 -0.200701 -4.22881 -819.934 0 
1 825.004 0.318266 0.0222442 0.669968 -0.85599 -0.222058 -1.61917 -4.12692 -819.258 0 
2 823.753 0.313277 0.02227 0.675775 -0.848254 -0.279769 -0.435752 -4.0355 -819.282 0 
3 823.684 0.313623 0.0222789 0.674711 -0.828977 -0.298259 -0.439586 -4.0215 -819.223 0 
5 824.77 0.321237 0.0221255 0.668472 -0.822593 -0.321397 -1.55809 -3.91724 -819.294 0 
2 824.385 0.314821 0.0221694 0.675503 -0.835722 -0.338738 -0.956934 -4.18645 -819.241 0 
2 823.822 0.320302 0.0222832 0.671456 -0.82028 -0.344263 -0.662909 -3.92154 -819.238 0 
3 823.44 0.319556 0.0223424 0.670914 -0.816394 -0.327865 -0.311111 -3.81586 -819.313 0 
3 823.817 0.31543 0.0222432 0.673897 -0.830686 -0.316774 -0.628111 -3.98397 -819.205 0 
6 824.514 0.320113 0.0221273 0.67023 -0.817679 -0.353552 -1.32906 -3.94775 -819.237 0 
1 825.674 0.314447 0.022093 0.676862 -0.839017 -0.372603 -1.72531 -4.58326 -819.365 0 
1 826.78 0.322658 0.0220899 0.666485 -0.81106 -0.338981 -3.462 -3.87682 -819.441 0 
2 823.742 0.311645 0.0223151 0.677025 -0.826754 -0.319665 -0.199998 -4.3026 -819.239 0 
1 824.158 0.313282 0.022254 0.67618 -0.827005 -0.328975 -0.768384 -4.16676 -819.223 0 
4 824.313 0.314809 0.0221732 0.675152 -0.830033 -0.34489 -0.920996 -4.17273 -819.219 0 
3 825.048 0.320001 0.0221105 0.669951 -0.817913 -0.340102 -1.91493 -3.86607 -819.267 0 
3 825.503 0.320821 0.022108 0.670127 -0.833206 -0.319633 -2.25763 -4.04682 -819.199 0 
5 826.248 0.320926 0.0220624 0.671163 -0.838313 -0.343905 -2.75207 -4.33473 -819.161 0 
1 825.177 0.313469 0.022157 0.676187 -0.830069 -0.342276 -1.69398 -4.24073 -819.243 0 
1 826.088 0.308516 0.0222279 0.678696 -0.823264 -0.322961 -1.94804 -4.85608 -819.284 0 
1 826.82 0.309525 0.0222758 0.680049 -0.829234 -0.337217 -2.78369 -4.70488 -819.331 0 
2 826.919 0.310193 0.0222521 0.678387 -0.813139 -0.351936 -2.86882 -4.79739 -819.253 0 
1 829.791 0.312548 0.0221995 0.678072 -0.808671 -0.394823 -5.86851 -4.67782 -819.245 0 
1 828.735 0.310383 0.022228 0.681151 -0.825006 -0.392414 -4.29774 -5.01655 -819.421 0 
2 829.853 0.309018 0.0222116 0.682327 -0.823667 -0.401478 -4.99927 -5.35168 -819.502 0 
1 825.864 0.312398 0.0223025 0.677971 -0.808894 -0.380326 -2.02526 -4.59913 -819.239 0 
3 825.207 0.314633 0.0222644 0.67452 -0.794128 -0.38024 -1.52958 -4.33247 -819.345 0 
5 826.754 0.327232 0.0221583 0.661572 -0.746992 -0.406654 -1.7628 -3.52731 -821.464 0 
4 827.324 0.326932 0.0221023 0.663619 -0.762959 -0.418488 -3.2019 -3.56723 -820.555 0 
2 826.547 0.329307 0.0221978 0.6623 -0.750576 -0.437007 -1.89446 -3.52676 -821.126 0 
1 826.615 0.326626 0.0221725 0.665453 -0.768392 -0.432227 -2.74927 -3.66397 -820.201 0 
1 826.333 0.331926 0.0222665 0.659903 -0.747516 -0.419083 -0.953438 -3.60547 -821.774 0 
1 826.152 0.331276 0.0222497 0.658932 -0.736882 -0.423801 -0.392584 -3.50092 -822.259 0 
5 826.07 0.327795 0.0223938 0.662251 -0.729911 -0.431193 -0.358709 -3.53736 -822.174 0 
3 825.904 0.326067 0.0223462 0.662234 -0.732364 -0.409923 -0.0833189 -3.69418 -822.127 0 
1 825.319 0.317434 0.0224267 0.66987 -0.748902 -0.40373 -0.203802 -4.56861 -820.546 0 
11 824.521 0.319755 0.0223141 0.668463 -0.75866 -0.407557 -0.231449 -3.99458 -820.295 0 
3 824.699 0.317354 0.022387 0.670118 -0.764988 -0.383156 -0.339294 -4.24917 -820.111 0 
5 824.365 0.313231 0.0222997 0.678466 -0.829624 -0.379999 -0.431973 -4.61077 -819.323 0 
1 828.841 0.303114 0.0222737 0.690011 -0.86667 -0.386857 -0.964569 -6.59518 -821.281 0 
2 828.252 0.307836 0.0221731 0.683827 -0.83989 -0.395284 -2.80249 -5.56657 -819.883 0 
1 826.821 0.305477 0.0223039 0.68512 -0.833329 -0.378456 -1.18718 -5.85403 -819.78 0 
1 827.999 0.312033 0.0223457 0.678117 -0.8123 -0.354646 -4.26107 -4.50221 -819.236 0 
2 825.268 0.313999 0.0223225 0.675829 -0.802985 -0.36769 -1.67988 -4.31667 -819.272 0 
1 825.227 0.318187 0.0221214 0.672826 -0.810769 -0.391437 -1.90296 -4.1164 -819.207 0 
3 825.135 0.315092 0.0222521 0.671944 -0.78238 -0.372602 -1.21216 -4.33781 -819.585 0 
1 826.511 0.326266 0.0222306 0.66248 -0.754624 -0.403698 -1.95838 -3.532 -821.021 0 
2 825.91 0.327211 0.0221257 0.662133 -0.759795 -0.404321 -1.50834 -3.54354 -820.858 0 
2 825.816 0.3179 0.0221774 0.672091 -0.791184 -0.397566 -2.39249 -4.02057 -819.403 0 
7 825.289 0.319459 0.0222818 0.667817 -0.756955 -0.399975 -0.834324 -4.05088 -820.404 0 
8 824.619 0.317342 0.0223985 0.673088 -0.773379 -0.418053 -0.736339 -4.2307 -819.652 0 
6 824.891 0.314572 0.0224285 0.673766 -0.762812 -0.412669 -0.188591 -4.86896 -819.833 0 
7 824.554 0.32298 0.0223321 0.667535 -0.7505 -0.445743 -0.279817 -3.76528 -820.509 0 
4 824.253 0.318642 0.0222991 0.671133 -0.778185 -0.400139 -0.59833 -3.9727 -819.682 0 
6 824.454 0.316159 0.0223522 0.672917 -0.778372 -0.391654 -0.553329 -4.27953 -819.621 0 
1 824.533 0.317444 0.0224241 0.670562 -0.769484 -0.379058 -0.372636 -4.16115 -819.999 0 
1 828.126 0.319437 0.022461 0.665593 -0.741135 -0.362859 -2.04224 -4.54401 -821.54 0 
1 825.524 0.318037 0.0224815 0.669458 -0.748992 -0.397314 -0.4245 -4.45164 -820.648 0 
5 824.482 0.313668 0.0223834 0.673884 -0.779142 -0.376796 -0.234055 -4.66278 -819.585 0 
1 824.139 0.315087 0.0224289 0.673681 -0.783444 -0.379525 -0.26609 -4.34144 -819.532 0 
1 825.096 0.308493 0.0224251 0.681898 -0.807423 -0.404141 -0.185705 -5.56441 -819.346 0 
7 824.48 0.312051 0.0224288 0.677787 -0.789029 -0.406291 -0.194785 -4.96667 -819.318 0 
1 824.571 0.316493 0.0224469 0.671239 -0.770646 -0.371389 -0.308401 -4.29914 -819.964 0 
2 823.911 0.321493 0.0222939 0.668988 -0.773758 -0.410558 -0.273071 -3.76265 -819.876 0 
1 825.142 0.308433 0.0225048 0.68013 -0.800896 -0.36283 -0.461877 -5.39811 -819.282 0 
1 824.623 0.316595 0.0224981 0.67103 -0.779343 -0.335081 -0.454494 -4.20972 -819.959 0 
3 824.474 0.313925 0.0225285 0.674405 -0.799757 -0.324049 -0.805923 -4.24065 -819.427 0 
2 825.507 0.305829 0.0225361 0.681425 -0.827322 -0.281659 -0.945416 -5.25771 -819.304 0 
1 825.706 0.314096 0.0222909 0.671005 -0.805485 -0.277971 -1.95186 -4.22177 -819.532 0 
4 828.773 0.311182 0.0222956 0.672015 -0.796171 -0.270816 -4.11839 -5.00203 -819.652 0 
3 826.834 0.317178 0.022154 0.668863 -0.807835 -0.286801 -3.38043 -3.89612 -819.557 0 
9 826.011 0.311243 0.022133 0.67685 -0.852769 -0.277075 -2.46991 -4.15738 -819.384 0 
3 826.247 0.317738 0.0220692 0.670324 -0.836103 -0.286494 -3.13493 -3.8927 -819.22 0 
1 827.667 0.319633 0.0221062 0.671932 -0.856356 -0.282478 -4.18186 -4.27026 -819.215 0 
5 828.917 0.320252 0.0221378 0.673973 -0.88749 -0.26653 -4.14766 -5.24241 -819.527 0 
2 825.799 0.316872 0.0222269 0.676097 -0.879034 -0.270359 -1.66113 -4.59152 -819.546 0 
6 827.72 0.318772 0.0220641 0.673642 -0.867116 -0.296209 -3.77715 -4.59205 -819.351 0 
2 827.939 0.312589 0.0220892 0.679944 -0.8871 -0.295119 -2.91996 -4.83036 -820.189 0 
3 828.11 0.318311 0.0219653 0.673281 -0.87229 -0.297251 -3.87563 -4.78361 -819.451 0 
1 828.414 0.315596 0.0219713 0.674871 -0.86997 -0.290665 -4.45444 -4.44426 -819.515 0 
5 828.009 0.319177 0.0219745 0.669731 -0.854145 -0.269542 -4.60555 -4.19088 -819.213 0 
5 828.274 0.31541 0.0220171 0.67576 -0.878158 -0.276506 -4.13305 -4.50911 -819.632 0 
1 825.625 0.316156 0.0221829 0.67402 -0.842062 -0.297306 -2.45165 -3.9611 -819.213 0 
2 823.952 0.314923 0.0223843 0.672974 -0.820024 -0.275875 -0.641942 -3.97279 -819.337 0 
2 824.567 0.312539 0.0223535 0.675618 -0.827427 -0.282819 -1.20473 -4.12226 -819.24 0 
3 824.38 0.309422 0.0222796 0.679218 -0.852163 -0.277225 -0.613307 -4.32051 -819.446 0 
3 824.48 0.310056 0.0223456 0.68116 -0.859559 -0.302431 -0.367359 -4.45456 -819.658 0 
3 823.57 0.319658 0.0223072 0.671081 -0.839412 -0.287704 -0.346433 -4.00925 -819.214 0 
2 823.882 0.322126 0.0222561 0.668517 -0.847715 -0.254476 -0.292395 -4.32349 -819.266 0 
1 824.911 0.315127 0.0222487 0.675959 -0.865403 -0.263799 -1.40317 -4.1294 -819.378 0 
1 823.949 0.320629 0.0223401 0.667283 -0.805297 -0.279913 -0.286314 -3.83707 -819.826 0 
5 823.484 0.319749 0.0223314 0.670834 -0.832087 -0.286389 -0.322053 -3.89148 -819.27 0 
4 823.506 0.314347 0.0222782 0.674641 -0.850421 -0.262764 -0.286778 -3.96274 -819.256 0 
1 824.664 0.318029 0.0222297 0.66928 -0.823043 -0.27424 -1.46523 -3.81965 -819.379 0 
4 823.831 0.312118 0.02232 0.676053 -0.849113 -0.259029 -0.51294 -4.03137 -819.287 0 
3 824.431 0.318685 0.0221892 0.669927 -0.831409 -0.286023 -1.30466 -3.86658 -819.26 0 
1 825.469 0.316362 0.0222278 0.674572 -0.854225 -0.277518 -2.17655 -4.03742 -819.255 0 
7 824.046 0.321655 0.0223091 0.670045 -0.845072 -0.273009 -0.599492 -4.21537 -819.231 0 
3 823.369 0.31704 0.0223723 0.672354 -0.847332 -0.238853 -0.175659 -3.94429 -819.249 0 
3 824.104 0.310182 0.0224376 0.678749 -0.864014 -0.236526 -0.520649 -4.11449 -819.468 0 
3 823.663 0.315615 0.0224252 0.673027 -0.832872 -0.266196 -0.530887 -3.87487 -819.257 0 
1 823.636 0.31228 0.0224218 0.675139 -0.834925 -0.254118 -0.316434 -4.07081 -819.249 0 
1 823.291 0.313452 0.0224126 0.675152 -0.837539 -0.266274 -0.0875949 -3.96955 -819.234 0 
2 823.579 0.313758 0.0224097 0.673545 -0.829566 -0.2517 -0.271992 -4.01589 -819.291 0 
1 824.71 0.309086 0.0224338 0.676838 -0.829511 -0.253059 -0.909307 -4.53829 -819.262 0 
7 823.431 0.312697 0.0223763 0.676498 -0.845976 -0.265901 -0.157908 -4.01052 -819.262 0 
7 823.891 0.322647 0.0223671 0.665888 -0.809027 -0.272893 -0.0968345 -3.90558 -819.889 0 
1 827.683 0.326323 0.0224108 0.660438 -0.796737 -0.239975 -2.27178 -4.46824 -820.943 0 
1 825.942 0.326961 0.0222841 0.660398 -0.814739 -0.21863 -0.663191 -4.79211 -820.487 0 
1 827.776 0.330155 0.0221896 0.658407 -0.80444 -0.264723 -2.3438 -4.74965 -820.682 0 
3 825.019 0.319188 0.0221856 0.669676 -0.841029 -0.271342 -1.79836 -3.98773 -819.233 0 
8 823.671 0.316983 0.0224309 0.673006 -0.856152 -0.223603 -0.388808 -4.02793 -819.255 0 
3 825.208 0.319609 0.0225026 0.671898 -0.863482 -0.216069 -1.59744 -4.35048 -819.261 0 
7 824.312 0.316318 0.0224068 0.674024 -0.880238 -0.184084 -0.622753 -4.31185 -819.378 0 
3 824.195 0.31854 0.0224918 0.668865 -0.837104 -0.193899 -0.408511 -4.24049 -819.546 0 
3 824.76 0.312068 0.0224848 0.678727 -0.891452 -0.191707 -0.811559 -4.20431 -819.744 0 
1 825.858 0.313285 0.0224086 0.675596 -0.883375 -0.186717 -2.17323 -4.17213 -819.513 0 
2 825.638 0.311892 0.0224433 0.675483 -0.87634 -0.173143 -2.11701 -4.08952 -819.431 0 
5 824.947 0.313211 0.0225131 0.673144 -0.848064 -0.190443 -1.52653 -4.11176 -819.309 0 
2 824.048 0.31267 0.0223732 0.677526 -0.892818 -0.190172 -0.0622609 -4.25028 -819.736 0 
3 826.093 0.313237 0.0224775 0.6768 -0.891471 -0.180816 -2.17775 -4.27334 -819.642 0 
1 824.925 0.311696 0.0224942 0.678532 -0.891191 -0.18527 -1.01004 -4.1834 -819.731 0 
1 824.13 0.314651 0.022518 0.674056 -0.867407 -0.175097 -0.668743 -4.14337 -819.318 0 
1 825.627 0.304188 0.0224513 0.685456 -0.904501 -0.184243 -0.446097 -4.45026 -820.731 0 
3 825.016 0.312872 0.0224048 0.678888 -0.891734 -0.212695 -0.922992 -4.29258 -819.8 0 
3 827.515 0.306558 0.0223965 0.686073 -0.920632 -0.204919 -1.44686 -4.67003 -821.398 0 
1 826.95 0.317237 0.0222804 0.676081 -0.904332 -0.207352 -2.11279 -5.01537 -819.822 0 
2 825.707 0.320898 0.0221883 0.670337 -0.884298 -0.197722 -1.38276 -4.99041 -819.334 0 
6 823.668 0.317563 0.0222834 0.671641 -0.866346 -0.209117 -0.184105 -4.20548 -819.278 0 
1 824.813 0.313611 0.0225474 0.675703 -0.864516 -0.204777 -1.484 -4.0121 -819.317 0 
4 825.371 0.30461 0.0225314 0.684163 -0.874845 -0.22461 -0.792766 -4.61596 -819.963 0 
4 825.128 0.312347 0.0225451 0.672746 -0.832205 -0.194739 -1.32149 -4.3902 -819.416 0 
3 824.185 0.309251 0.0224365 0.678098 -0.859515 -0.218249 -0.628657 -4.16465 -819.392 0 
5 824.788 0.304878 0.0224102 0.683354 -0.87708 -0.222454 -0.231533 -4.56197 -819.994 0 
2 824.255 0.31264 0.0224035 0.676206 -0.849595 -0.240309 -0.994614 -3.99461 -819.266 0 
1 824.454 0.309921 0.0224911 0.677614 -0.843371 -0.232406 -0.909704 -4.26994 -819.274 0 
4 824.11 0.317225 0.0222867 0.671155 -0.828828 -0.283462 -1.00534 -3.83761 -819.267 0 
4 825.519 0.317118 0.0222205 0.671275 -0.822223 -0.315239 -2.40551 -3.86784 -819.246 0 
5 824.585 0.309945 0.0223405 0.681139 -0.847611 -0.33865 -0.287893 -4.70539 -819.592 0 
1 823.856 0.31506 0.0222222 0.674137 -0.832771 -0.312648 -0.653593 -3.99343 -819.209 0 
4 825.705 0.312709 0.0222942 0.677743 -0.827692 -0.33822 -2.1903 -4.27389 -819.241 0 
4 825.133 0.306599 0.0223213 0.682861 -0.842414 -0.326272 -0.437521 -5.07928 -819.616 0 
2 824.717 0.310496 0.0223415 0.678159 -0.807201 -0.372818 -0.573355 -4.88578 -819.257 0 
1 825.897 0.306645 0.0223681 0.685332 -0.847923 -0.372453 -0.293055 -5.5656 -820.039 0 
1 824.551 0.31416 0.0222772 0.678337 -0.825789 -0.400702 -0.547627 -4.69517 -819.308 0 
10 824.251 0.314394 0.0223485 0.676719 -0.8002 -0.417036 -0.406226 -4.60146 -819.243 0 
3 824.006 0.3144 0.0222904 0.675945 -0.808239 -0.39111 -0.370419 -4.4115 -819.225 0 
3 824.573 0.320054 0.0222721 0.668553 -0.765776 -0.409353 -0.627288 -3.89478 -820.051 0 
1 825.384 0.308562 0.0223099 0.679575 -0.802229 -0.387955 -0.620684 -5.47106 -819.293 0 
2 824.993 0.326463 0.0221861 0.66508 -0.761503 -0.443526 -0.998729 -3.64466 -820.349 0 
1 825.217 0.327631 0.0222168 0.665454 -0.761479 -0.469029 -1.18666 -3.81121 -820.219 0 
1 824.773 0.31982 0.0224279 0.670757 -0.752575 -0.452727 -0.459276 -4.15098 -820.163 0 
2 824.8 0.319855 0.0223668 0.670004 -0.748015 -0.463846 -0.338091 -4.21995 -820.242 0 
1 824.986 0.323735 0.0222183 0.668344 -0.755633 -0.499601 -0.949974 -4.07484 -819.961 0 
2 825.867 0.327342 0.0222184 0.665402 -0.732296 -0.541383 -1.18281 -3.9504 -820.734 0 
5 827.248 0.326709 0.0220604 0.666503 -0.740321 -0.558161 -2.7545 -4.25521 -820.238 0 
7 828.83 0.329564 0.022083 0.662582 -0.73859 -0.531421 -4.12136 -3.9821 -820.727 0 
9 826.622 0.32489 0.0221644 0.669722 -0.750616 -0.571263 -2.11287 -4.75271 -819.756 0 
4 826.465 0.323835 0.0221459 0.67046 -0.757485 -0.557592 -2.08287 -4.76507 -819.617 0 
1 825.989 0.316085 0.0222333 0.67745 -0.782399 -0.521784 -1.23168 -5.45286 -819.305 0 
4 825.762 0.316354 0.0221606 0.675745 -0.769754 -0.530262 -0.987139 -5.40167 -819.373 0 
3 825.694 0.315695 0.0223278 0.675581 -0.761924 -0.5102 -0.940394 -5.25916 -819.494 0 
1 825.846 0.310791 0.0223681 0.67906 -0.780338 -0.458714 -0.755314 -5.74788 -819.342 0 
1 825.15 0.312357 0.0224502 0.678254 -0.784174 -0.437051 -0.666106 -5.15879 -819.325 0 
2 824.792 0.315668 0.0223479 0.676488 -0.788803 -0.448641 -0.845274 -4.6608 -819.286 0 
1 824.872 0.311095 0.0224326 0.678882 -0.795815 -0.40786 -0.488468 -5.1057 -819.278 0 
1 824.727 0.319265 0.0223719 0.670958 -0.767725 -0.434553 -0.86884 -4.07069 -819.787 0 
5 825.112 0.309873 0.0224547 0.679724 -0.801988 -0.389997 -0.656155 -5.18099 -819.275 0 
5 824.511 0.309747 0.0224201 0.680288 -0.809879 -0.380162 -0.157972 -5.07196 -819.281 0 
2 824.364 0.313203 0.0224476 0.677809 -0.806087 -0.383386 -0.62275 -4.50281 -819.238 0 
5 824.733 0.312612 0.0224258 0.679574 -0.832823 -0.361145 -0.903206 -4.50269 -819.327 0 
4 824.491 0.320314 0.0223298 0.672811 -0.813436 -0.392621 -1.13396 -4.15884 -819.199 0 
4 824.528 0.320231 0.0222528 0.673071 -0.827166 -0.377802 -1.03294 -4.33473 -819.16 0 
2 823.962 0.317787 0.0223526 0.67386 -0.805311 -0.392363 -0.619645 -4.10083 -819.242 0 
1 823.812 0.311986 0.0223195 0.678468 -0.82861 -0.352858 -0.0564957 -4.46836 -819.287 0 
3 824.411 0.311898 0.0223119 0.67982 -0.836933 -0.368095 -0.288419 -4.69177 -819.431 0 
3 824.757 0.313263 0.022281 0.678688 -0.838094 -0.372317 -0.699074 -4.65536 -819.402 0 
5 824.174 0.321726 0.0221707 0.668909 -0.800515 -0.381244 -0.903417 -3.85638 -819.414 0 
1 824.195 0.323465 0.0221952 0.666303 -0.789069 -0.366529 -0.684909 -3.67526 -819.835 0 
1 824.292 0.320634 0.022199 0.669076 -0.797791 -0.358545 -1.0248 -3.73499 -819.532 0 
2 824.114 0.32496 0.0222408 0.665241 -0.793618 -0.342068 -0.416608 -3.73343 -819.964 0 
2 824.083 0.320116 0.0224157 0.671284 -0.806025 -0.345805 -0.904059 -3.76346 -819.416 0 
4 826.594 0.329697 0.0224161 0.659468 -0.772867 -0.310252 -0.920205 -4.08963 -821.584 0 
2 826.955 0.327771 0.0224483 0.661354 -0.772435 -0.323893 -1.88213 -3.84301 -821.23 0 
2 826.577 0.314208 0.022658 0.675618 -0.816036 -0.299568 -3.25374 -4.02517 -819.299 0 
1 826.475 0.314443 0.0226481 0.675574 -0.810616 -0.315191 -3.10362 -4.05258 -819.319 0 
3 827.939 0.310963 0.0227212 0.677253 -0.814613 -0.28233 -4.17016 -4.46173 -819.307 0 
1 829.688 0.315869 0.0226809 0.677724 -0.838036 -0.312494 -6.47348 -4.00492 -819.209 0 
1 827.349 0.317245 0.0225964 0.675747 -0.853411 -0.267565 -4.08108 -4.03717 -819.23 0 
3 826.289 0.316811 0.0224726 0.676678 -0.874439 -0.256188 -2.47752 -4.38759 -819.424 0 
4 826.097 0.315937 0.022354 0.677724 -0.896306 -0.23884 -1.41622 -4.82742 -819.853 0 
4 824.83 0.310263 0.0223583 0.681087 -0.897365 -0.223741 -0.208461 -4.40514 -820.217 0 
2 824.301 0.310196 0.0223744 0.67847 -0.877119 -0.213336 -0.570999 -4.10766 -819.622 0 
4 823.858 0.314045 0.0224989 0.673733 -0.852604 -0.20066 -0.54997 -4.02543 -819.283 0 
3 824.619 0.312107 0.0223598 0.673977 -0.84914 -0.2105 -1.29024 -4.05354 -819.275 0 
2 824.266 0.311671 0.02246 0.674865 -0.841686 -0.211797 -0.79293 -4.18919 -819.284 0 
3 823.842 0.312442 0.022506 0.676169 -0.862297 -0.201123 -0.499686 -4.02272 -819.32 0 
3 824.633 0.30693 0.0224716 0.682195 -0.890163 -0.187653 -0.383897 -4.23475 -820.014 0 
1 824.178 0.308061 0.022477 0.6798 -0.861859 -0.2161 -0.446086 -4.27484 -819.457 0 
1 823.868 0.319534 0.0223996 0.668147 -0.835311 -0.21569 -0.258909 -4.10899 -819.5 0 
3 824.714 0.318626 0.0225621 0.670107 -0.836937 -0.213483 -1.18002 -4.08079 -819.454 0 
7 825.77 0.319833 0.0224967 0.672148 -0.867777 -0.219541 -2.04328 -4.46501 -819.261 0 
1 824.042 0.319961 0.0223893 0.670357 -0.852408 -0.235243 -0.588681 -4.19601 -819.257 0 
2 825.053 0.305438 0.0224139 0.684174 -0.895956 -0.209209 -0.120487 -4.44836 -820.484 0 
1 825.167 0.310225 0.0222317 0.678101 -0.883516 -0.201767 -1.34419 -4.11354 -819.709 0 
1 825.277 0.305626 0.0223201 0.682673 -0.89423 -0.200803 -0.558522 -4.38123 -820.338 0 
6 823.889 0.318395 0.0223209 0.671752 -0.861081 -0.234812 -0.444112 -4.19853 -819.247 0 
4 823.947 0.320097 0.0222659 0.669956 -0.852861 -0.247492 -0.498711 -4.2146 -819.234 0 
2 824.598 0.320804 0.0222095 0.670102 -0.863954 -0.234826 -0.87751 -4.48087 -819.239 0 
2 824.4 0.31646 0.0223252 0.675498 -0.874265 -0.247078 -0.682897 -4.30598 -819.411 0 
4 823.351 0.319278 0.0223467 0.670205 -0.846262 -0.237092 -0.0191024 -4.05136 -819.28 0 
6 823.633 0.314364 0.0224402 0.674564 -0.848268 -0.232227 -0.436941 -3.94363 -819.252 0 
2 826.04 0.30429 0.0225904 0.684862 -0.87959 -0.206129 -1.45528 -4.57822 -820.007 0 
3 824.948 0.307596 0.0225831 0.679277 -0.865422 -0.176567 -1.17357 -4.34725 -819.427 0 
1 826.391 0.313893 0.0225407 0.670994 -0.824845 -0.205148 -2.55858 -4.30313 -819.529 0 
2 825.55 0.317693 0.0224035 0.669783 -0.834812 -0.234632 -2.25194 -3.93071 -819.367 0 
2 826.406 0.322254 0.0224041 0.665864 -0.840189 -0.205651 -2.39633 -4.43502 -819.575 0 
2 825.186 0.309206 0.0225913 0.678593 -0.859499 -0.204648 -1.64011 -4.17837 -819.368 0 
1 824.803 0.308125 0.0225253 0.678785 -0.853874 -0.215047 -1.11565 -4.33054 -819.356 0 
1 825.97 0.308348 0.022585 0.679286 -0.855849 -0.219363 -2.32034 -4.27123 -819.378 0 
1 825.102 0.311505 0.0225872 0.674587 -0.823196 -0.231826 -1.3231 -4.40726 -819.371 0 
2 823.295 0.319485 0.0223625 0.67021 -0.832095 -0.270353 -0.0930178 -3.888 -819.314 0 
1 825.288 0.323346 0.0222938 0.665458 -0.831596 -0.244939 -1.4781 -4.24666 -819.563 0 
2 825.191 0.321857 0.0222672 0.66738 -0.836492 -0.25964 -1.7097 -4.12282 -819.359 0 
5 825.295 0.319687 0.0222958 0.672604 -0.86377 -0.276617 -1.49089 -4.54866 -819.255 0 
2 824.838 0.317533 0.0223924 0.673751 -0.864318 -0.250056 -1.32926 -4.23068 -819.278 0 
1 826.167 0.320604 0.0224004 0.6683 -0.81616 -0.288505 -2.84633 -3.80493 -819.516 0 
1 825.701 0.316535 0.0221974 0.676019 -0.84999 -0.332328 -2.06647 -4.32815 -819.307 0 
5 824.868 0.324868 0.0221932 0.664745 -0.802161 -0.329442 -1.22535 -3.84179 -819.801 0 
1 824.239 0.322283 0.0222441 0.66721 -0.801957 -0.322941 -0.807262 -3.71997 -819.712 0 
2 825.033 0.324364 0.022297 0.663674 -0.775315 -0.326741 -0.541079 -3.74796 -820.744 0 
3 825.351 0.312338 0.022539 0.675616 -0.786539 -0.356574 -1.11446 -4.75293 -819.484 0 
4 825.5 0.307342 0.0224562 0.682377 -0.821186 -0.365604 -0.718525 -5.37732 -819.404 0 
1 826.059 0.312025 0.0224809 0.676911 -0.806131 -0.354542 -2.28874 -4.51261 -819.258 0 
7 826.388 0.311863 0.022461 0.676244 -0.800264 -0.354796 -2.49225 -4.59708 -819.298 0 
1 823.936 0.314504 0.0224115 0.673676 -0.79457 -0.340272 -0.219179 -4.2485 -819.468 0 
1 824.787 0.3111 0.022515 0.677962 -0.803851 -0.342904 -0.805778 -4.69825 -819.283 0 
1 823.301 0.316865 0.0223357 0.672898 -0.809588 -0.345686 -0.0938335 -3.91761 -819.289 0 
5 825.314 0.309855 0.0223468 0.681533 -0.841136 -0.344133 -1.11147 -4.70151 -819.501 0 
3 823.299 0.31471 0.0224007 0.674019 -0.822703 -0.296409 -0.0963988 -3.9474 -819.255 0 
4 825.147 0.318867 0.0222245 0.668023 -0.816421 -0.275699 -1.82486 -3.81231 -819.51 0 
6 824.9 0.317186 0.0224486 0.670014 -0.815526 -0.263666 -1.48709 -3.8877 -819.525 0 
3 825.196 0.316322 0.0222363 0.673286 -0.852608 -0.250845 -2.00364 -3.95516 -819.237 0 
5 825.03 0.317881 0.0221729 0.669562 -0.831361 -0.260464 -1.85065 -3.85896 -819.32 0 
8 824.503 0.31658 0.0222419 0.672652 -0.849776 -0.2494 -1.33068 -3.93942 -819.233 0 
4 825.063 0.309778 0.0225641 0.679326 -0.850919 -0.237409 -1.53802 -4.20101 -819.324 0 
1 828.784 0.309102 0.0227669 0.679052 -0.840169 -0.21191 -4.98817 -4.51361 -819.282 0 
1 825.944 0.312607 0.0226319 0.674532 -0.82953 -0.215526 -2.25449 -4.31132 -819.378 0 
8 826.367 0.306078 0.0226751 0.682322 -0.870618 -0.191114 -2.34868 -4.41209 -819.606 0 
5 825.23 0.314023 0.0226179 0.673136 -0.84689 -0.184095 -1.72471 -4.1635 -819.341 0 
1 824.723 0.317308 0.0224695 0.670932 -0.853375 -0.198245 -1.29757 -4.11752 -819.308 0 
15 823.657 0.314133 0.0224371 0.673832 -0.870715 -0.170271 -0.169349 -4.15074 -819.337 0 
5 824.732 0.321271 0.0222652 0.668776 -0.87042 -0.202115 -0.695663 -4.75714 -819.279 0 
1 824.105 0.31502 0.0223545 0.672602 -0.867279 -0.185329 -0.681674 -4.113 -819.31 0 
6 824.424 0.320497 0.022423 0.66632 -0.818917 -0.22308 -0.411539 -4.15343 -819.859 0 
1 823.963 0.310435 0.0224262 0.678269 -0.863714 -0.232159 -0.432845 -4.08897 -819.441 0 
3 825.805 0.30418 0.0224724 0.682764 -0.857303 -0.240975 -1.24827 -4.91329 -819.644 0 
5 824.763 0.308323 0.0224927 0.678599 -0.839015 -0.239623 -0.946363 -4.53668 -819.28 0 
1 823.59 0.313558 0.0223769 0.674937 -0.815634 -0.312153 -0.204481 -4.11954 -819.266 0 
2 825.056 0.313387 0.0223243 0.673547 -0.821072 -0.270484 -1.62867 -4.11477 -819.312 0 
2 825.914 0.31795 0.0224379 0.669334 -0.772812 -0.333511 -1.43175 -4.20417 -820.278 0 
4 825.69 0.316391 0.0225386 0.671067 -0.770881 -0.340709 -1.07708 -4.43071 -820.182 0 
3 825.756 0.324002 0.0224127 0.663926 -0.749303 -0.365019 -0.378672 -3.84383 -821.533 0 
1 826.539 0.327869 0.0224723 0.660739 -0.742334 -0.363338 -0.370163 -3.76883 -822.4 0 
7 826.021 0.322469 0.022554 0.666073 -0.759352 -0.347551 -1.05189 -3.89005 -821.079 0 
7 824.365 0.314679 0.0224761 0.674351 -0.798356 -0.33542 -0.756692 -4.18079 -819.428 0 
2 824.423 0.313373 0.0224904 0.675956 -0.790286 -0.372115 -0.486647 -4.5405 -819.396 0 
1 823.609 0.313481 0.0223499 0.675739 -0.805348 -0.360963 -0.0119654 -4.33703 -819.26 0 
6 823.481 0.316145 0.0222801 0.673977 -0.815769 -0.348641 -0.258291 -3.99814 -819.224 0 
6 824.742 0.307156 0.0223849 0.682656 -0.838929 -0.33687 -0.099695 -5.07348 -819.569 0 
5 823.433 0.314719 0.0223673 0.675651 -0.819603 -0.345453 -0.113215 -4.10888 -819.211 0 
16 824.181 0.312362 0.0224834 0.677317 -0.812735 -0.342235 -0.572267 -4.37045 -819.239 0 
1 824.374 0.312 0.0223399 0.678904 -0.832001 -0.342993 -0.682422 -4.39733 -819.294 0 
6 824.135 0.312239 0.0222904 0.678 -0.825921 -0.350593 -0.468877 -4.40763 -819.258 0 
11 823.501 0.318546 0.0223044 0.671266 -0.801171 -0.351711 -0.259461 -3.81476 -819.427 0 
5 823.45 0.314201 0.0224207 0.67454 -0.812299 -0.316594 -0.0825828 -4.07434 -819.293 0 
1 824.068 0.315586 0.0223696 0.673329 -0.804247 -0.329868 -0.677704 -4.01106 -819.38 0 
1 825.754 0.313642 0.0224256 0.673497 -0.80358 -0.292118 -1.94423 -4.32377 -819.486 0 
1 825.498 0.324404 0.0223852 0.664245 -0.78341 -0.302734 -0.982051 -3.86154 -820.654 0 
5 825.687 0.321853 0.0222246 0.667665 -0.810992 -0.302868 -2.30998 -3.77853 -819.598 0 
5 824.538 0.32735 0.0223362 0.662751 -0.801803 -0.289659 -0.0928046 -4.14429 -820.301 0 
1 824.996 0.326186 0.0222421 0.662165 -0.804901 -0.270171 -0.545908 -4.16728 -820.283 0 
1 826.452 0.31942 0.0221499 0.66858 -0.837366 -0.243574 -3.13804 -3.96821 -819.346 0 
1 825.973 0.322507 0.0221153 0.666671 -0.836488 -0.258207 -2.44012 -4.14995 -819.383 0 
6 824.074 0.317414 0.0222283 0.672429 -0.863124 -0.234656 -0.677984 -4.13202 -819.264 0 
2 824.53 0.322692 0.0222444 0.666743 -0.847634 -0.231196 -0.733962 -4.44027 -819.355 0 
2 824.041 0.323535 0.0222941 0.665786 -0.829886 -0.250666 -0.255987 -4.21217 -819.572 0 
2 825.426 0.32825 0.0222438 0.661012 -0.814922 -0.255881 -0.578644 -4.62785 -820.22 0 
2 826.352 0.326937 0.0221705 0.662135 -0.839293 -0.223907 -1.63985 -5.01227 -819.7 0 
1 824.851 0.323649 0.0221841 0.667219 -0.861218 -0.229188 -0.716366 -4.86684 -819.268 0 
1 824.762 0.322723 0.0222573 0.666455 -0.865687 -0.181507 -0.425098 -4.97499 -819.362 0 
1 825.898 0.323487 0.0223097 0.667328 -0.879121 -0.179123 -1.11635 -5.46289 -819.318 0 
4 823.759 0.316553 0.0224295 0.672693 -0.873508 -0.176066 -0.145972 -4.2881 -819.325 0 
1 824.303 0.320601 0.0222524 0.669554 -0.869082 -0.203021 -0.434147 -4.59222 -819.277 0 
4 825.171 0.323554 0.0222134 0.666531 -0.874831 -0.179483 -0.510186 -5.33182 -819.329 0 
2 825.383 0.32124 0.0221737 0.66875 -0.877329 -0.188393 -1.18337 -4.89872 -819.301 0 
4 825.968 0.328082 0.0222013 0.662932 -0.857076 -0.202998 -0.67895 -5.75642 -819.533 0 
1 825.393 0.322953 0.022278 0.663978 -0.846703 -0.169679 -0.792682 -4.90419 -819.696 0 
4 824.164 0.31832 0.0224206 0.668847 -0.856686 -0.163938 -0.311913 -4.44453 -819.408 0 
1 825.03 0.319695 0.0224916 0.667745 -0.85004 -0.168004 -0.98988 -4.52912 -819.511 0 
2 825.793 0.323512 0.0224501 0.662768 -0.831723 -0.159607 -0.444142 -5.14643 -820.202 0 
1 826.011 0.323209 0.0223807 0.663589 -0.833234 -0.186315 -1.39025 -4.70911 -819.912 0 
8 825.097 0.316588 0.0223651 0.671333 -0.877294 -0.162312 -1.34853 -4.40235 -819.346 0 
1 824.881 0.31572 0.0224404 0.672989 -0.874729 -0.177387 -1.30068 -4.23929 -819.341 0 
9 823.633 0.317953 0.022386 0.670304 -0.853229 -0.201576 -0.184764 -4.13962 -819.309 0 
1 824.677 0.309914 0.0223127 0.676513 -0.869324 -0.18695 -1.13986 -4.11022 -819.427 0 
2 825.613 0.309994 0.0222674 0.675711 -0.861348 -0.194649 -2.11819 -4.14171 -819.353 0 
3 825.7 0.309258 0.0225266 0.675319 -0.826443 -0.219006 -1.65801 -4.70664 -819.335 0 
1 825.626 0.30939 0.0225312 0.675113 -0.831186 -0.201434 -1.57781 -4.70428 -819.344 0 
5 824.962 0.318576 0.0224418 0.66698 -0.812895 -0.216596 -0.715847 -4.28052 -819.965 0 
14 823.762 0.312665 0.022299 0.676979 -0.865592 -0.24525 -0.28717 -4.05316 -819.422 0 
6 824.554 0.320342 0.0222653 0.667816 -0.842172 -0.230572 -1.07371 -4.11874 -819.361 0 
2 824.853 0.313905 0.0222491 0.672737 -0.857014 -0.208988 -1.58585 -3.98854 -819.279 0 
3 825.34 0.312869 0.022264 0.674267 -0.863403 -0.215112 -2.00869 -3.99868 -819.332 0 
6 824.724 0.313254 0.0223296 0.672572 -0.849726 -0.200012 -1.38672 -4.05104 -819.287 0 
1 825.494 0.303496 0.022399 0.684343 -0.896263 -0.185551 -0.495736 -4.5151 -820.483 0 
8 825.02 0.305999 0.0223898 0.682119 -0.891877 -0.190638 -0.55954 -4.30532 -820.155 0 
8 823.908 0.310816 0.0223464 0.677506 -0.880182 -0.195668 -0.237871 -4.08292 -819.587 0 
3 826.091 0.306841 0.0226209 0.683014 -0.875973 -0.215877 -1.97874 -4.31731 -819.795 0 
2 824.734 0.311436 0.0224858 0.679309 -0.891748 -0.191162 -0.767889 -4.18147 -819.785 0 
2 825.19 0.317386 0.022341 0.675055 -0.896254 -0.206652 -0.722817 -4.8377 -819.629 0 
1 826.569 0.319348 0.0221099 0.670236 -0.883896 -0.203714 -2.39897 -4.80441 -819.365 0 
1 826.678 0.314038 0.0220904 0.675297 -0.903239 -0.186246 -2.23085 -4.5549 -819.892 0 
4 826.937 0.323505 0.0221256 0.665737 -0.889336 -0.147649 -1.68803 -5.87751 -819.371 0 
1 827.311 0.321865 0.0222744 0.668767 -0.909008 -0.130149 -1.62277 -6.17714 -819.511 0 
2 827.799 0.323393 0.0223517 0.669189 -0.91125 -0.140192 -1.68067 -6.60946 -819.509 0 
4 824.998 0.317068 0.0223909 0.673275 -0.908975 -0.123303 -0.249695 -5.10606 -819.642 0 
1 824.683 0.317086 0.0224863 0.671577 -0.885775 -0.123808 -0.49784 -4.78348 -819.402 0 
3 826.597 0.321786 0.0224237 0.665077 -0.879611 -0.0926152 -1.08834 -5.94368 -819.565 0 
2 826.691 0.321463 0.0224311 0.66527 -0.882653 -0.084898 -1.10998 -6.02044 -819.56 0 
3 826.657 0.317443 0.0224894 0.666721 -0.86559 -0.0807723 -1.47443 -5.52452 -819.658 0 
4 825.268 0.309701 0.0225387 0.676465 -0.905166 -0.0753874 -0.938954 -4.58918 -819.739 0 
10 824.934 0.309155 0.0224016 0.679387 -0.92241 -0.105554 -0.14837 -4.42694 -820.359 0 
3 824.898 0.31429 0.0224554 0.671989 -0.891843 -0.0888977 -0.579287 -4.84308 -819.475 0 
2 826.153 0.310535 0.0225612 0.674981 -0.913202 -0.0375793 -1.3205 -5.06429 -819.769 0 
5 826.598 0.302869 0.0224593 0.684266 -0.942639 -0.0657387 -0.680692 -4.4283 -821.489 0 
1 826.062 0.305692 0.0225523 0.681061 -0.928504 -0.0560371 -1.02748 -4.50821 -820.526 0 
3 825.704 0.311825 0.0225699 0.676635 -0.902799 -0.100592 -1.51201 -4.51449 -819.678 0 
1 827.508 0.304987 0.0226804 0.681864 -0.913321 -0.070663 -2.83334 -4.50813 -820.166 0 
3 826.34 0.308983 0.0225814 0.677949 -0.904101 -0.0815967 -2.05124 -4.52308 -819.765 0 
1 825.933 0.307492 0.0225526 0.677904 -0.909579 -0.0604438 -1.42368 -4.6285 -819.881 0 
1 825.634 0.307338 0.0223116 0.681038 -0.924582 -0.127774 -0.510694 -4.36467 -820.759 0 
1 826.249 0.303427 0.0223891 0.682674 -0.917788 -0.104879 -1.21825 -4.35752 -820.673 0 
2 825.225 0.311867 0.0223446 0.674958 -0.909311 -0.0907824 -0.837349 -4.61404 -819.773 0 
3 827.718 0.307523 0.0222615 0.680605 -0.950543 -0.062138 -1.67241 -4.73899 -821.307 0 
2 830.833 0.312161 0.0220436 0.677091 -0.955902 -0.0800575 -4.12635 -5.5016 -821.205 0 
1 830.501 0.309877 0.0220924 0.678306 -0.956637 -0.0621211 -4.01844 -5.15169 -821.331 0 
4 826.608 0.313058 0.0222625 0.674182 -0.923129 -0.0716676 -1.63958 -5.00976 -819.959 0 
3 827.865 0.32166 0.022451 0.663682 -0.875151 -0.0723555 -1.86149 -6.27874 -819.725 0 
1 826.544 0.318361 0.0223599 0.667205 -0.884504 -0.0888917 -1.69097 -5.38061 -819.472 0 
7 826.606 0.320208 0.0222705 0.666347 -0.891071 -0.0927892 -1.43237 -5.70784 -819.465 0 
1 826.555 0.322807 0.0223282 0.663616 -0.8749 -0.0973628 -0.872429 -6.05156 -819.631 0 
2 825.449 0.317367 0.0224295 0.668963 -0.890163 -0.0843354 -0.682657 -5.30016 -819.466 0 
1 825.488 0.313752 0.0222999 0.676297 -0.930626 -0.109551 -0.0887374 -5.09806 -820.302 0 
7 825.698 0.314672 0.0222577 0.673221 -0.913343 -0.0981693 -1.00997 -4.93364 -819.754 0 
1 825.597 0.313079 0.0222288 0.677049 -0.92354 -0.142791 -0.439408 -4.83644 -820.321 0 
2 826.504 0.312786 0.0222406 0.677128 -0.920161 -0.155002 -1.41234 -4.78194 -820.309 0 
3 827.268 0.316395 0.02216 0.674341 -0.921647 -0.15888 -1.77526 -5.38618 -820.107 0 
1 825.689 0.315969 0.022205 0.673654 -0.917676 -0.130548 -0.675662 -5.11892 -819.895 0 
1 826.431 0.321448 0.0221938 0.666749 -0.887801 -0.136057 -1.57665 -5.46961 -819.385 0 
2 825.525 0.314537 0.022387 0.676826 -0.916676 -0.152239 -0.589955 -4.87938 -820.056 0 
2 826.651 0.31115 0.0222858 0.680439 -0.942567 -0.137277 -0.312575 -5.12023 -821.219 0 
6 825.481 0.308111 0.0223798 0.680495 -0.932419 -0.10019 -0.206668 -4.49335 -820.781 0 
7 825.837 0.313849 0.0222771 0.674099 -0.909295 -0.123737 -1.38108 -4.66947 -819.787 0 
3 825.81 0.305651 0.0224298 0.679865 -0.912641 -0.0855089 -1.24193 -4.38602 -820.183 0 
2 826.097 0.318917 0.0223754 0.669876 -0.895551 -0.125051 -1.44988 -5.21007 -819.437 0 
1 824.387 0.318155 0.0223896 0.669616 -0.877733 -0.137903 -0.271947 -4.74528 -819.37 0 
2 824.395 0.314026 0.0224081 0.672666 -0.886042 -0.117519 -0.439509 -4.52136 -819.434 0 
3 824.977 0.309268 0.0224819 0.676244 -0.879918 -0.13086 -1.2061 -4.29243 -819.478 0 
1 824.686 0.316168 0.0223937 0.672004 -0.88254 -0.152276 -0.84516 -4.4589 -819.382 0 
1 824.983 0.321947 0.0224311 0.666019 -0.863185 -0.135362 -0.17039 -5.24768 -819.565 0 
1 824.863 0.320391 0.0223268 0.666984 -0.873196 -0.131384 -0.329681 -5.10245 -819.431 0 
2 824.609 0.31526 0.0224065 0.672408 -0.900531 -0.102212 -0.215287 -4.85201 -819.541 0 
1 828.909 0.320615 0.0222991 0.66654 -0.901008 -0.0861984 -3.38424 -6.0383 -819.486 0 
4 828.161 0.316478 0.0223652 0.671093 -0.915124 -0.0813141 -3.03721 -5.44197 -819.682 0 
4 828.432 0.321805 0.0222475 0.665034 -0.915843 -0.0406825 -1.5999 -7.22585 -819.606 0 
7 828.426 0.319543 0.0221442 0.6697 -0.942512 -0.0565373 -1.38575 -7.00307 -820.037 0 
1 827.306 0.311363 0.0222294 0.675739 -0.939485 -0.0616309 -1.72725 -5.08178 -820.497 0 
9 826.169 0.312706 0.022326 0.674442 -0.932106 -0.0555704 -0.806426 -5.21768 -820.145 0 
4 827.046 0.311417 0.0223285 0.677643 -0.94787 -0.0707938 -0.941558 -5.23833 -820.866 0 
3 826.834 0.310014 0.0223666 0.67961 -0.950059 -0.0783892 -0.619413 -5.05561 -821.159 0 
1 826.241 0.316699 0.0224538 0.668136 -0.888286 -0.0600957 -1.12992 -5.58962 -819.522 0 
2 827.136 0.321668 0.0223455 0.665179 -0.900125 -0.0604074 -0.953545 -6.63102 -819.551 0 
1 825.632 0.316531 0.0224011 0.669714 -0.903841 -0.0598012 -0.527613 -5.55782 -819.547 0 
2 827.429 0.313356 0.0225041 0.670493 -0.896369 -0.0447595 -2.53755 -5.35 -819.541 0 
1 827.32 0.307668 0.0224368 0.675633 -0.90925 -0.0405485 -2.64769 -4.86508 -819.807 0 
2 825.135 0.312211 0.0224602 0.674068 -0.907778 -0.068347 -0.60108 -4.85335 -819.68 0 
1 825.615 0.314703 0.0224397 0.673255 -0.911113 -0.0744391 -0.837903 -5.11289 -819.665 0 
4 826.346 0.307834 0.022426 0.681336 -0.943559 -0.0719992 -0.653871 -4.64595 -821.046 0 
5 826.564 0.322705 0.0223078 0.664671 -0.887006 -0.0957122 -0.880292 -6.17195 -819.512 0 
9 826.947 0.313803 0.0222702 0.671016 -0.901473 -0.0728947 -2.40999 -4.97486 -819.562 0 
3 825.641 0.30743 0.0224049 0.679064 -0.925892 -0.0723038 -0.76156 -4.47712 -820.402 0 
1 826.392 0.308687 0.0225878 0.679869 -0.933762 -0.0590576 -1.21364 -4.68578 -820.493 0 
3 826.233 0.309253 0.022497 0.676623 -0.919249 -0.0567463 -1.52816 -4.69674 -820.008 0 
1 827.217 0.314771 0.0223888 0.669368 -0.878864 -0.077738 -2.58899 -5.15011 -819.478 0 
7 828.398 0.321151 0.0221822 0.663894 -0.865765 -0.114318 -3.35921 -5.4295 -819.609 0 
2 825.253 0.31644 0.0222734 0.669747 -0.875645 -0.135304 -1.32337 -4.56028 -819.369 0 
2 825.757 0.315819 0.0221752 0.672575 -0.899745 -0.144241 -1.51109 -4.66572 -819.58 0 
2 825.875 0.309149 0.0222619 0.67806 -0.897607 -0.148337 -1.83402 -4.17731 -819.864 0 
1 825.523 0.313331 0.0221957 0.673751 -0.88364 -0.170719 -1.86744 -4.17774 -819.478 0 
2 824.748 0.314473 0.0222262 0.673886 -0.877112 -0.202965 -1.17965 -4.14976 -819.419 0 
1 825.758 0.323517 0.0223092 0.663069 -0.831013 -0.192071 -1.13324 -4.67895 -819.946 0 
1 825.705 0.320716 0.0224353 0.665123 -0.828759 -0.184092 -1.29045 -4.51319 -819.901 0 
1 825.283 0.316056 0.0223379 0.669567 -0.849273 -0.180893 -1.73915 -4.17574 -819.368 0 
1 825.758 0.303663 0.0224625 0.684537 -0.89172 -0.195531 -0.834059 -4.54445 -820.38 0 
1 825.717 0.30508 0.0223905 0.683238 -0.914089 -0.152367 -0.634323 -4.32463 -820.758 0 
3 824.848 0.307764 0.0223574 0.678483 -0.878893 -0.169109 -1.03227 -4.20806 -819.608 0 
1 824.547 0.318242 0.0222964 0.670054 -0.863269 -0.181581 -0.909514 -4.32512 -819.312 0 
2 826.357 0.320887 0.0223592 0.671201 -0.868029 -0.217738 -2.54293 -4.55455 -819.259 0 
2 824.91 0.322351 0.0223085 0.668877 -0.858371 -0.223141 -1.05777 -4.57067 -819.282 0 
3 823.354 0.31785 0.0223722 0.671788 -0.855412 -0.224776 -0.0287313 -4.07115 -819.254 0 
4 823.492 0.317442 0.0223053 0.672722 -0.862739 -0.233282 -0.0964724 -4.1338 -819.262 0 
1 823.683 0.315498 0.0223449 0.673909 -0.846224 -0.268224 -0.517501 -3.93815 -819.228 0 
1 825.203 0.324055 0.0223209 0.663991 -0.80998 -0.26465 -1.15126 -4.03975 -820.012 0 
1 825.863 0.318589 0.0224384 0.666559 -0.800612 -0.243754 -1.56506 -4.17215 -820.126 0 
2 827.021 0.308802 0.0225213 0.67537 -0.83101 -0.211935 -3.05022 -4.65794 -819.313 0 
1 826.195 0.302268 0.0225156 0.684928 -0.877231 -0.205359 -1.2199 -4.8952 -820.08 0 
6 823.81 0.31222 0.0224234 0.674617 -0.839954 -0.231411 -0.475079 -4.07209 -819.263 0 
8 825.382 0.326735 0.0224632 0.662803 -0.811442 -0.243917 -0.565326 -4.47711 -820.339 0 
1 826.161 0.325567 0.0225066 0.661668 -0.794611 -0.235516 -0.638491 -4.50141 -821.021 0 
2 826.567 0.331545 0.0224089 0.659303 -0.808182 -0.249671 -0.577561 -5.1713 -820.818 0 
1 826.007 0.323813 0.0223433 0.665652 -0.82554 -0.235468 -1.94154 -4.28222 -819.783 0 
1 825.253 0.324406 0.0223024 0.665563 -0.823095 -0.256614 -1.33339 -4.19004 -819.729 0 
2 825.42 0.324658 0.0224192 0.662638 -0.809222 -0.227641 -0.582806 -4.41993 -820.417 0 
1 824.93 0.326263 0.0223921 0.662424 -0.807014 -0.251256 -0.200126 -4.33688 -820.393 0 
4 824.308 0.324806 0.0223515 0.664601 -0.831382 -0.225692 -0.0274851 -4.51985 -819.761 0 
1 824.065 0.322219 0.0223151 0.667366 -0.851533 -0.207977 -0.164831 -4.51069 -819.389 0 
1 824.588 0.325453 0.0222621 0.665005 -0.845537 -0.230651 -0.299519 -4.81481 -819.474 0 
2 825.098 0.317969 0.0223143 0.673474 -0.875516 -0.218274 -1.39919 -4.36778 -819.331 0 
1 824.899 0.312933 0.0224121 0.678212 -0.880685 -0.218895 -1.18599 -4.13313 -819.58 0 
2 823.563 0.318361 0.0223513 0.670155 -0.854999 -0.200451 -0.0737172 -4.18207 -819.307 0 
1 823.616 0.315615 0.0224211 0.671817 -0.854949 -0.187111 -0.19565 -4.11187 -819.308 0 
2 824.3 0.319275 0.0224532 0.667929 -0.842209 -0.185223 -0.433994 -4.33435 -819.532 0 
6 824.148 0.318636 0.0224681 0.668686 -0.846924 -0.1767 -0.305858 -4.36268 -819.479 0 
5 823.954 0.317791 0.0224251 0.671647 -0.871447 -0.174787 -0.252104 -4.38825 -819.314 0 
1 824.416 0.311776 0.0225236 0.677635 -0.883967 -0.171846 -0.757251 -4.11796 -819.54 0 
6 824.081 0.313721 0.0224201 0.673091 -0.873751 -0.150078 -0.471992 -4.24884 -819.36 0 
2 824.23 0.32028 0.0224389 0.668641 -0.86154 -0.168017 -0.201455 -4.63686 -819.392 0 
4 824.478 0.3205 0.0223637 0.669068 -0.878162 -0.154046 -0.166955 -4.96005 -819.351 0 
1 824.832 0.321077 0.0223691 0.667203 -0.871614 -0.1366 -0.254426 -5.13924 -819.439 0 
2 824.607 0.311451 0.0225614 0.675805 -0.878673 -0.136939 -0.916828 -4.26672 -819.423 0 
2 825.61 0.303465 0.0224856 0.685403 -0.911092 -0.157604 -0.352003 -4.41572 -820.842 0 
1 824.832 0.320631 0.0224758 0.665842 -0.823067 -0.196112 -0.446134 -4.42623 -819.96 0 
4 825.151 0.316587 0.0223592 0.672268 -0.848289 -0.220929 -1.89235 -3.98391 -819.275 0 
1 824.329 0.317386 0.0222949 0.669926 -0.841553 -0.215947 -0.955168 -4.02219 -819.351 0 
2 823.709 0.317902 0.0224078 0.669818 -0.830451 -0.229232 -0.263604 -3.98815 -819.457 0 
1 823.509 0.317508 0.0223871 0.671524 -0.863233 -0.196169 -0.0262845 -4.19823 -819.284 0 
2 823.836 0.31576 0.0224963 0.673418 -0.857938 -0.203975 -0.521495 -4.03885 -819.276 0 
1 823.558 0.312743 0.0224435 0.675399 -0.860617 -0.206933 -0.246465 -4.00386 -819.307 0 
3 823.984 0.312162 0.0223745 0.677068 -0.87262 -0.208579 -0.499588 -4.03843 -819.446 0 
1 824.64 0.309404 0.0224607 0.677115 -0.849885 -0.20605 -1.03945 -4.30288 -819.298 0 
1 824.76 0.30897 0.0224836 0.677099 -0.858125 -0.179852 -1.09791 -4.32598 -819.336 0 
4 824.053 0.316154 0.0224477 0.670423 -0.844176 -0.188883 -0.505847 -4.15508 -819.392 0 
1 823.969 0.313532 0.0225116 0.674783 -0.863274 -0.189436 -0.612604 -4.04886 -819.308 0 
3 823.9 0.317748 0.0224588 0.671031 -0.838875 -0.235826 -0.643419 -3.93712 -819.32 0 
4 824.251 0.319826 0.0223909 0.671893 -0.861779 -0.240273 -0.676902 -4.33782 -819.236 0 
4 824.066 0.317022 0.022437 0.672011 -0.843666 -0.241371 -0.881274 -3.92467 -819.26 0 
1 825.095 0.314658 0.0225542 0.672404 -0.821482 -0.245876 -1.63135 -4.04211 -819.421 0 
3 824.643 0.31446 0.0225085 0.672256 -0.82478 -0.239145 -1.20017 -4.04751 -819.396 0 
1 824.623 0.319591 0.0223387 0.669449 -0.833102 -0.266543 -1.39122 -3.91402 -819.318 0 
1 825.267 0.307037 0.0225019 0.682226 -0.86672 -0.247914 -1.10966 -4.43266 -819.725 0 
4 823.829 0.310157 0.0224873 0.678299 -0.857299 -0.227569 -0.356056 -4.11336 -819.359 0 
4 823.542 0.317291 0.0223528 0.672429 -0.852737 -0.245185 -0.298652 -4.0085 -819.234 0 
3 823.694 0.31452 0.0224616 0.674979 -0.857448 -0.228812 -0.453052 -3.96776 -819.273 0 
6 823.92 0.310569 0.0224107 0.679608 -0.87102 -0.245352 -0.148453 -4.16166 -819.61 0 
3 824.451 0.307513 0.0224342 0.682367 -0.883122 -0.225231 -0.144088 -4.31013 -819.997 0 
1 824.046 0.316126 0.0222633 0.674769 -0.878719 -0.232266 -0.254474 -4.33938 -819.452 0 
1 826.954 0.322135 0.0221642 0.671644 -0.898728 -0.225763 -1.561 -5.87371 -819.52 0 
2 824.357 0.316825 0.0222815 0.672096 -0.877746 -0.189509 -0.664343 -4.3429 -819.35 0 
1 824.956 0.312133 0.0223558 0.679337 -0.907618 -0.187949 -0.31188 -4.48201 -820.162 0 
1 824.591 0.318358 0.0222185 0.672495 -0.88338 -0.208918 -0.593943 -4.60492 -819.392 0 
1 824.483 0.323064 0.0223623 0.668035 -0.856647 -0.222713 -0.496156 -4.68033 -819.306 0 
1 823.821 0.319935 0.0223943 0.668413 -0.832397 -0.235526 -0.347854 -4.00869 -819.465 0 
2 824.234 0.319987 0.0223595 0.666792 -0.817597 -0.234304 -0.392748 -4.05573 -819.785 0 
2 824.694 0.316376 0.0225314 0.673089 -0.819979 -0.275547 -1.4356 -3.88625 -819.373 0 
