9 829.27 0.311168 0.0224311 0.674427 -0.985041 0.156982 -0.925294 -7.19185 -821.153 0 
2 828.416 0.307512 0.0225682 0.677356 -0.957419 0.0689343 -2.0466 -5.59008 -820.779 0 
1 827.979 0.304369 0.0225592 0.680896 -0.959823 0.0408354 -1.64944 -5.03943 -821.291 0 
1 828.223 0.306569 0.0224946 0.677601 -0.954542 0.0681248 -2.00252 -5.46841 -820.752 0 
1 828.235 0.309471 0.0224437 0.674641 -0.950989 0.0633118 -1.92364 -5.85993 -820.451 0 
6 829.254 0.30429 0.0225672 0.680155 -0.960754 0.060334 -2.88853 -5.13198 -821.233 0 
2 829.53 0.301275 0.0226639 0.682301 -0.955595 0.0773074 -3.22158 -5.1022 -821.207 0 
2 830.359 0.303279 0.0224156 0.680622 -0.973816 0.104012 -3.38754 -5.27943 -821.692 0 
5 829.835 0.304386 0.0225085 0.67938 -0.973886 0.135261 -2.80122 -5.63042 -821.403 0 
1 830.478 0.29889 0.0224595 0.687 -1.00089 0.0985569 -1.56815 -4.92136 -823.989 0 
8 829.714 0.301934 0.0224585 0.682475 -0.984362 0.11058 -2.18798 -5.16217 -822.364 0 
1 829.644 0.307977 0.0224574 0.675142 -0.961285 0.113595 -2.91485 -6.02016 -820.709 0 
1 831.37 0.309073 0.0225838 0.675525 -0.966112 0.11117 -4.36006 -6.20521 -820.804 0 
5 830.096 0.305363 0.0226851 0.67864 -0.956862 0.0949232 -3.7716 -5.50456 -820.82 0 
5 831.183 0.309435 0.0225493 0.671828 -0.952006 0.166626 -3.98558 -6.95179 -820.246 0 
1 830.899 0.315091 0.0225397 0.667785 -0.953111 0.181289 -2.29125 -8.50879 -820.099 0 
2 831.946 0.317789 0.0224598 0.665342 -0.95297 0.189105 -2.41353 -9.46164 -820.071 0 
1 830.779 0.303423 0.0225745 0.679199 -0.972937 0.150642 -3.78291 -5.623 -821.373 0 
1 830.447 0.304381 0.0225317 0.677825 -0.966396 0.151156 -3.60959 -5.82052 -821.017 0 
4 831.221 0.308777 0.0225136 0.675453 -0.981916 0.19496 -3.1921 -6.95599 -821.073 0 
2 829.61 0.314219 0.0225069 0.671151 -0.961535 0.137132 -1.6586 -7.64572 -820.306 0 
4 829.549 0.310017 0.022524 0.673837 -0.967063 0.144938 -2.17982 -6.71305 -820.656 0 
1 831.933 0.317366 0.0225605 0.667992 -0.955157 0.1262 -3.38799 -8.45327 -820.092 0 
2 832.484 0.318659 0.0224826 0.663819 -0.944929 0.177406 -2.86955 -9.60056 -820.013 0 
5 830.268 0.314891 0.0225366 0.668227 -0.934105 0.0949653 -3.04182 -7.3469 -819.88 0 
1 831.144 0.323199 0.0225113 0.664761 -0.950028 0.0908665 -1.19245 -10.0146 -819.937 0 
3 829.623 0.301752 0.0225608 0.685624 -0.998336 0.102003 -1.13382 -5.17743 -823.312 0 
1 833.816 0.316015 0.0223551 0.667663 -0.954831 0.157076 -5.30477 -8.40439 -820.107 0 
3 832.339 0.317457 0.0223329 0.666457 -0.955714 0.154438 -3.43751 -8.81186 -820.09 0 
1 829.273 0.316121 0.022524 0.668356 -0.946386 0.120866 -1.31177 -7.96303 -819.998 0 
1 830.269 0.319498 0.0226005 0.666738 -0.937027 0.077525 -2.01314 -8.40034 -819.855 0 
1 830.383 0.322237 0.0224506 0.664387 -0.936077 0.0545415 -1.52476 -9.0363 -819.822 0 
6 827.286 0.309313 0.0224116 0.67925 -0.968242 -0.0213062 -0.190836 -5.57822 -821.517 0 
1 828.623 0.310637 0.0223941 0.679101 -0.98316 -0.00188742 -0.3784 -6.26352 -821.981 0 
7 827.591 0.308344 0.022479 0.680331 -0.967475 -0.00567383 -0.68917 -5.40796 -821.494 0 
1 829.309 0.307485 0.0225103 0.680248 -0.96097 0.0137422 -2.85993 -5.26919 -821.18 0 
2 828.167 0.309066 0.0224771 0.678849 -0.956074 -0.00694658 -1.86086 -5.37146 -820.934 0 
7 829.23 0.318975 0.0224492 0.669415 -0.932453 -0.0109034 -2.19232 -7.24318 -819.794 0 
1 828.185 0.314386 0.0225238 0.674868 -0.937712 -0.0524284 -2.14842 -5.91496 -820.122 0 
1 828.107 0.321423 0.0224045 0.665916 -0.917574 -0.024629 -0.775407 -7.67025 -819.662 0 
5 827.058 0.317269 0.0225308 0.670126 -0.923058 -0.027827 -0.745966 -6.59209 -819.72 0 
1 828.706 0.32425 0.02246 0.663136 -0.912786 -0.00828993 -0.261163 -8.70004 -819.745 0 
4 826.728 0.315848 0.0224821 0.671638 -0.935203 -0.0198856 -0.3584 -6.43426 -819.935 0 
1 828.229 0.318829 0.0225087 0.667052 -0.926765 0.0313368 -0.868947 -7.60298 -819.757 0 
1 827.353 0.310129 0.0225805 0.674727 -0.932805 0.0222793 -1.62981 -5.67646 -820.046 0 
1 827.632 0.314837 0.0225203 0.66981 -0.924517 0.0250087 -1.29974 -6.5588 -819.773 0 
1 827.575 0.3109 0.0226777 0.674626 -0.916303 -0.0269093 -2.32692 -5.4697 -819.778 0 
9 826.981 0.31287 0.0225751 0.674658 -0.93637 -0.0196733 -1.08361 -5.80901 -820.089 0 
3 828.733 0.321199 0.022502 0.665428 -0.925382 0.0375157 -0.611297 -8.35624 -819.765 0 
1 828.844 0.321988 0.0225116 0.665758 -0.927304 0.0222212 -0.653441 -8.4409 -819.75 0 
4 829.893 0.314347 0.0225718 0.67089 -0.910408 -0.00923444 -4.02962 -6.21081 -819.653 0 
1 828.384 0.319056 0.0224635 0.667124 -0.917556 0.00136609 -1.40649 -7.29061 -819.687 0 
1 828.863 0.323238 0.0223492 0.666428 -0.945041 -0.00705473 -0.0374487 -8.96082 -819.865 0 
2 831.01 0.328116 0.0222086 0.663237 -0.942748 -0.0457485 -0.676028 -10.5749 -819.759 0 
3 831.443 0.320482 0.0220834 0.668333 -0.948183 -0.048642 -3.58149 -7.80127 -820.06 0 
1 829.969 0.309178 0.0222504 0.678936 -0.947327 -0.0928975 -3.9581 -5.01128 -820.999 0 
1 827.635 0.315375 0.0222688 0.671788 -0.913411 -0.124887 -2.46718 -5.46528 -819.703 0 
2 827.2 0.321777 0.0222669 0.66674 -0.907082 -0.130784 -0.897241 -6.78647 -819.516 0 
4 827.408 0.312815 0.0222478 0.676808 -0.938258 -0.153173 -1.45718 -5.34675 -820.604 0 
1 827.613 0.311459 0.0222699 0.675789 -0.923168 -0.132544 -2.54919 -4.93368 -820.13 0 
1 826.87 0.310038 0.0222529 0.676762 -0.93326 -0.118147 -1.4535 -4.91654 -820.5 0 
4 831.551 0.309263 0.0220717 0.676929 -0.937685 -0.122596 -5.94201 -4.85768 -820.751 0 
3 831.064 0.307726 0.0220773 0.679172 -0.95228 -0.128441 -4.51355 -4.95069 -821.6 0 
3 830.21 0.304045 0.0221263 0.685198 -0.959442 -0.197992 -2.1902 -4.91758 -823.102 0 
3 830.367 0.304472 0.0221612 0.686712 -0.963716 -0.229591 -1.55631 -5.18426 -823.626 0 
6 827.704 0.313998 0.0221372 0.676335 -0.936998 -0.222102 -1.27699 -5.64482 -820.782 0 
10 827.125 0.310891 0.0222049 0.679984 -0.933523 -0.27388 -0.677209 -5.18405 -821.264 0 
1 826.624 0.315256 0.0222291 0.676001 -0.929745 -0.235791 -0.514681 -5.65057 -820.458 0 
1 826.489 0.308289 0.0222254 0.680209 -0.925076 -0.231965 -0.993964 -4.58319 -820.912 0 
2 828.224 0.306286 0.0221887 0.684152 -0.943894 -0.25638 -1.02595 -4.90185 -822.296 0 
1 827.346 0.302449 0.0222641 0.685788 -0.919937 -0.28738 -1.04807 -4.56575 -821.732 0 
7 826.48 0.307649 0.0222309 0.680042 -0.903853 -0.298943 -1.6342 -4.36665 -820.479 0 
1 826.18 0.311136 0.0221795 0.676527 -0.896262 -0.297323 -1.82467 -4.41153 -819.944 0 
3 825.877 0.319312 0.0222409 0.666945 -0.85951 -0.272628 -1.55793 -4.98376 -819.335 0 
1 827.132 0.321949 0.0221462 0.664909 -0.857968 -0.302188 -2.54646 -5.25329 -819.332 0 
2 826.19 0.320885 0.0221941 0.667612 -0.877544 -0.292725 -1.48946 -5.40718 -819.294 0 
2 824.859 0.316204 0.0222242 0.671775 -0.867206 -0.354558 -1.12531 -4.44423 -819.29 0 
9 827.011 0.311265 0.0221122 0.67804 -0.895988 -0.3655 -2.296 -4.51294 -820.202 0 
1 826.701 0.312974 0.0221046 0.676441 -0.877639 -0.420067 -2.55734 -4.40036 -819.744 0 
4 824.75 0.316529 0.0221856 0.671377 -0.845765 -0.433377 -1.4038 -4.18558 -819.16 0 
12 824.762 0.313147 0.0222642 0.677445 -0.86312 -0.469404 -0.941757 -4.2804 -819.54 0 
1 824.147 0.317017 0.0223484 0.674479 -0.861676 -0.454098 -0.353392 -4.48545 -819.308 0 
2 825.106 0.324453 0.0222297 0.666457 -0.848053 -0.436462 -0.673629 -5.26535 -819.167 0 
1 824.267 0.323612 0.0223385 0.664927 -0.820219 -0.427272 -0.0802426 -4.65838 -819.528 0 
1 824.113 0.308638 0.0223676 0.678719 -0.846385 -0.446937 -0.438041 -4.29442 -819.381 0 
5 823.463 0.316013 0.0224006 0.672536 -0.824491 -0.473883 -0.281584 -4.0436 -819.138 0 
1 823.855 0.316171 0.0223791 0.672008 -0.835459 -0.444225 -0.617322 -4.09685 -819.141 0 
1 824.23 0.308241 0.0225001 0.679293 -0.83432 -0.462849 -0.527895 -4.44687 -819.255 0 
4 825.064 0.305028 0.0224829 0.681751 -0.829669 -0.49477 -0.693871 -5.00742 -819.363 0 
5 823.998 0.311514 0.0224271 0.678445 -0.850542 -0.487512 -0.39319 -4.18781 -819.417 0 
6 824.4 0.319654 0.022181 0.669939 -0.843318 -0.468332 -0.865777 -4.41326 -819.121 0 
2 823.629 0.318698 0.0223354 0.669679 -0.831622 -0.442677 -0.24855 -4.20527 -819.175 0 
3 824.087 0.319579 0.0223283 0.671621 -0.837136 -0.50139 -0.683753 -4.30594 -819.097 0 
4 824.415 0.324022 0.022269 0.667751 -0.832139 -0.518662 -0.495866 -4.80709 -819.112 0 
1 824.348 0.307521 0.0223948 0.682192 -0.84034 -0.556841 -0.115837 -4.60322 -819.628 0 
12 823.166 0.319593 0.0223138 0.670802 -0.797745 -0.639955 -0.107613 -3.9539 -819.104 0 
1 824.385 0.310505 0.0222849 0.677473 -0.798349 -0.653647 -0.693218 -4.58791 -819.104 0 
3 823.757 0.316586 0.0222947 0.673821 -0.792166 -0.691695 -0.658947 -4.05094 -819.047 0 
1 824.251 0.317566 0.0224496 0.674359 -0.795925 -0.69331 -1.16112 -4.05753 -819.033 0 
3 825.967 0.309451 0.0226178 0.68011 -0.793731 -0.658364 -2.04522 -4.8141 -819.108 0 
1 826.583 0.310841 0.0226119 0.680671 -0.813664 -0.626525 -2.98712 -4.41646 -819.18 0 
1 826.873 0.315866 0.0223492 0.675316 -0.810502 -0.620516 -3.78703 -4.02998 -819.056 0 
1 826.984 0.312529 0.0223516 0.679664 -0.830276 -0.626527 -3.29213 -4.34656 -819.346 0 
4 824.164 0.316923 0.0222916 0.6745 -0.825769 -0.62498 -0.753562 -4.29516 -819.116 0 
6 823.583 0.318659 0.0222801 0.672552 -0.828492 -0.575128 -0.276944 -4.23606 -819.07 0 
4 823.817 0.314492 0.0223916 0.676361 -0.813373 -0.623799 -0.617413 -4.11572 -819.084 0 
2 825.734 0.307309 0.0221982 0.68241 -0.84441 -0.606562 -0.924964 -4.83987 -819.969 0 
4 825.861 0.314405 0.0221481 0.675851 -0.842108 -0.594272 -2.02375 -4.45194 -819.385 0 
2 824.89 0.308164 0.0222462 0.681237 -0.838649 -0.597804 -0.52079 -4.67231 -819.697 0 
2 824.731 0.322085 0.022184 0.669202 -0.84343 -0.510852 -0.831486 -4.81049 -819.089 0 
2 824.542 0.323034 0.0221823 0.666245 -0.820595 -0.502382 -0.879452 -4.42289 -819.24 0 
1 824.854 0.311173 0.0222553 0.677233 -0.822878 -0.565685 -1.41716 -4.25612 -819.181 0 
8 824.887 0.321129 0.0222766 0.66541 -0.805735 -0.456332 -0.99838 -4.28388 -819.605 0 
3 823.633 0.313533 0.0224498 0.674154 -0.816601 -0.488983 -0.367529 -4.1293 -819.137 0 
5 823.326 0.316371 0.0224132 0.672917 -0.828229 -0.48268 -0.167456 -4.04048 -819.118 0 
2 823.405 0.319326 0.0223828 0.669798 -0.814928 -0.500201 -0.121574 -4.06475 -819.218 0 
1 823.781 0.319747 0.0223196 0.669373 -0.821293 -0.506603 -0.502287 -4.12965 -819.149 0 
2 824.266 0.321091 0.0224019 0.667825 -0.805153 -0.524037 -0.842209 -4.07613 -819.347 0 
1 824.09 0.323261 0.022381 0.665256 -0.796325 -0.513005 -0.180472 -4.21776 -819.692 0 
4 824.068 0.319602 0.0224972 0.668638 -0.783162 -0.560747 -0.447475 -4.00632 -819.614 0 
4 824.158 0.319862 0.0224988 0.668401 -0.793117 -0.523856 -0.56814 -4.04587 -819.544 0 
5 823.75 0.319678 0.0224382 0.670302 -0.788973 -0.609689 -0.554642 -3.89345 -819.302 0 
2 824.338 0.315768 0.0224283 0.67287 -0.786803 -0.608289 -1.02963 -4.08243 -819.226 0 
6 824.439 0.320958 0.0224574 0.666955 -0.77876 -0.569756 -0.68285 -3.98838 -819.768 0 
5 824.275 0.315494 0.0225298 0.673359 -0.784364 -0.609759 -0.904306 -4.12014 -819.25 0 
2 823.374 0.320546 0.0223463 0.668442 -0.776518 -0.64906 -0.0733439 -3.85244 -819.448 0 
2 823.822 0.323003 0.0224139 0.666361 -0.784922 -0.576223 -0.133907 -4.00908 -819.679 0 
2 825.561 0.313806 0.0222622 0.674661 -0.817447 -0.547848 -2.39986 -4.06758 -819.094 0 
1 826.756 0.320227 0.0221671 0.669946 -0.810243 -0.587702 -3.63202 -4.026 -819.098 0 
4 824.2 0.320705 0.0222009 0.667835 -0.800891 -0.569673 -0.9615 -3.97846 -819.26 0 
4 825.261 0.318633 0.0221902 0.66821 -0.812081 -0.502657 -2.00308 -4.0282 -819.23 0 
7 825.45 0.314368 0.0221525 0.673503 -0.830562 -0.514955 -2.27699 -4.04539 -819.128 0 
1 826.056 0.324076 0.0223182 0.66264 -0.809381 -0.41464 -1.43113 -4.73787 -819.887 0 
3 827.471 0.327487 0.0223356 0.660694 -0.803986 -0.448711 -2.34789 -5.0312 -820.092 0 
5 823.268 0.317412 0.0223933 0.672013 -0.820957 -0.509008 -0.133817 -4.01604 -819.119 0 
5 824.292 0.321887 0.0222095 0.667064 -0.813331 -0.517605 -0.834801 -4.19431 -819.263 0 
2 824.768 0.32118 0.0224056 0.668505 -0.799507 -0.537405 -1.31835 -4.03962 -819.41 0 
1 825.942 0.323601 0.0223725 0.662626 -0.789024 -0.439748 -0.86847 -4.68636 -820.387 0 
3 825.869 0.324846 0.0224949 0.662388 -0.775483 -0.482164 -0.502802 -4.61887 -820.748 0 
1 824.357 0.314954 0.022453 0.672103 -0.808911 -0.472024 -0.905729 -4.19529 -819.256 0 
5 824.004 0.321169 0.0224651 0.667919 -0.814456 -0.460921 -0.334306 -4.26509 -819.404 0 
9 824.271 0.315891 0.0224122 0.671649 -0.820716 -0.47442 -1.07914 -4.03625 -819.156 0 
6 824.287 0.31497 0.0222729 0.672264 -0.831666 -0.46418 -1.10854 -4.04769 -819.13 0 
2 825.199 0.305221 0.0223619 0.681636 -0.837285 -0.502115 -0.835652 -4.85026 -819.514 0 
1 824.684 0.306699 0.022393 0.680347 -0.826283 -0.520726 -0.618611 -4.7669 -819.299 0 
1 827.973 0.298136 0.0224012 0.689683 -0.844616 -0.557234 -0.858011 -6.54452 -820.571 0 
1 828.256 0.300973 0.0224157 0.683417 -0.815123 -0.521889 -2.48464 -6.40596 -819.366 0 
3 824.825 0.31329 0.0222938 0.673225 -0.815056 -0.493553 -1.53327 -4.15524 -819.136 0 
3 824.89 0.315359 0.0223417 0.670047 -0.807888 -0.462592 -1.39653 -4.18603 -819.307 0 
2 825.053 0.311646 0.0223383 0.674746 -0.827667 -0.47486 -1.7551 -4.15267 -819.145 0 
4 824.087 0.317137 0.0222262 0.671114 -0.825088 -0.51311 -0.951866 -4.03652 -819.098 0 
9 823.574 0.319415 0.0222578 0.669638 -0.819016 -0.526883 -0.371737 -4.07781 -819.125 0 
4 824.067 0.32074 0.022229 0.669746 -0.828995 -0.541665 -0.640567 -4.35485 -819.071 0 
1 825.569 0.32347 0.0220991 0.667218 -0.831926 -0.526365 -1.76116 -4.71257 -819.095 0 
9 824.753 0.31515 0.0221802 0.675747 -0.852985 -0.530738 -0.978609 -4.38088 -819.393 0 
2 824.54 0.318641 0.0221677 0.67072 -0.829679 -0.539145 -1.27254 -4.18964 -819.078 0 
3 824.461 0.3175 0.0222179 0.671547 -0.822203 -0.561313 -1.32055 -4.07065 -819.069 0 
7 823.702 0.31481 0.0222384 0.675388 -0.819983 -0.622176 -0.420351 -4.16289 -819.119 0 
7 823.91 0.325252 0.0223402 0.665134 -0.784059 -0.612734 -0.15969 -4.09748 -819.653 0 
3 823.338 0.319896 0.0223707 0.669033 -0.793094 -0.574747 -0.0561285 -3.93158 -819.35 0 
2 824.068 0.311115 0.0224785 0.676019 -0.796633 -0.572131 -0.441133 -4.50274 -819.124 0 
4 823.908 0.309018 0.0224478 0.680042 -0.827552 -0.555177 -0.165938 -4.44696 -819.295 0 
1 823.524 0.316123 0.0223599 0.673249 -0.826164 -0.528891 -0.397278 -4.03445 -819.093 0 
8 824.251 0.311157 0.0224548 0.676213 -0.824545 -0.491816 -0.905177 -4.20503 -819.141 0 
1 823.878 0.310678 0.022378 0.676549 -0.825568 -0.501783 -0.479367 -4.24161 -819.157 0 
1 826.008 0.311095 0.0221728 0.676303 -0.847178 -0.486092 -2.45673 -4.17804 -819.373 0 
2 826.801 0.31406 0.0222651 0.673942 -0.85703 -0.428203 -3.29282 -4.20216 -819.306 0 
1 826.276 0.312726 0.0221864 0.676097 -0.869786 -0.439103 -2.30371 -4.3468 -819.626 0 
2 824.797 0.310452 0.0222632 0.680361 -0.866182 -0.518461 -0.293093 -4.51721 -819.986 0 
6 825.725 0.306589 0.0222877 0.684434 -0.882419 -0.487652 -0.186374 -4.73171 -820.807 0 
8 823.862 0.316945 0.0222259 0.673167 -0.844396 -0.506906 -0.432838 -4.25824 -819.171 0 
1 824.705 0.320521 0.0222787 0.67186 -0.85622 -0.486237 -0.671443 -4.85455 -819.179 0 
5 825.42 0.317452 0.0223445 0.67574 -0.866973 -0.499992 -1.11397 -4.83194 -819.474 0 
1 825.158 0.312714 0.0223416 0.679737 -0.875494 -0.489964 -0.573319 -4.6146 -819.971 0 
3 825.057 0.309561 0.0224028 0.681609 -0.867065 -0.500943 -0.578793 -4.4706 -820.007 0 
1 824.722 0.314152 0.0223189 0.677982 -0.863984 -0.519957 -0.500607 -4.5622 -819.659 0 
1 826.069 0.319054 0.0223471 0.671238 -0.85134 -0.451681 -2.38134 -4.53132 -819.156 0 
1 825.122 0.313086 0.0223941 0.677374 -0.867897 -0.442107 -1.22084 -4.3306 -819.571 0 
2 827.752 0.309875 0.0224128 0.683596 -0.89195 -0.458819 -2.36899 -4.70854 -820.675 0 
1 825.41 0.315762 0.0223701 0.676604 -0.889614 -0.385523 -0.788723 -4.85781 -819.763 0 
1 824.792 0.314622 0.0223296 0.676734 -0.888137 -0.385876 -0.289908 -4.70407 -819.798 0 
5 824.411 0.318674 0.022443 0.672021 -0.861567 -0.375483 -0.587722 -4.6084 -819.215 0 
6 825.003 0.306806 0.0225017 0.681924 -0.865339 -0.393116 -0.92651 -4.35353 -819.723 0 
2 825.626 0.303447 0.0223918 0.685767 -0.890953 -0.386305 -0.128057 -4.61835 -820.88 0 
1 824.078 0.309321 0.0223793 0.678923 -0.874595 -0.357694 -0.181601 -4.20761 -819.688 0 
2 823.836 0.315705 0.0224056 0.671948 -0.861436 -0.313291 -0.146577 -4.43277 -819.256 0 
4 823.879 0.312659 0.0224427 0.675522 -0.862363 -0.344335 -0.354241 -4.21022 -819.315 0 
1 824.773 0.311335 0.0225422 0.678615 -0.86772 -0.378128 -1.10511 -4.17577 -819.492 0 
2 825.52 0.306467 0.0224664 0.682025 -0.88788 -0.339158 -1.00471 -4.31367 -820.202 0 
3 825.611 0.305763 0.0225028 0.680435 -0.869896 -0.322608 -1.5262 -4.41376 -819.671 0 
5 827.174 0.301147 0.0224671 0.684196 -0.870987 -0.341755 -2.1059 -4.99218 -820.076 0 
1 825.236 0.313873 0.02261 0.673689 -0.849742 -0.328284 -1.69694 -4.30706 -819.232 0 
1 825.098 0.324177 0.0223811 0.665168 -0.854586 -0.303654 -0.0525749 -5.62194 -819.424 0 
2 825.159 0.322382 0.0223055 0.668636 -0.871508 -0.338057 -0.4607 -5.45623 -819.242 0 
2 826.75 0.318713 0.02252 0.672234 -0.858939 -0.353188 -2.94144 -4.59291 -819.216 0 
1 825.554 0.322249 0.0224421 0.668862 -0.868091 -0.319759 -0.908784 -5.38792 -819.257 0 
3 826.036 0.319701 0.0225798 0.670115 -0.857312 -0.305206 -1.87885 -4.86814 -819.289 0 
1 827.329 0.326272 0.0225437 0.662499 -0.842656 -0.270358 -1.25995 -6.17836 -819.89 0 
1 832.189 0.332988 0.0225029 0.654223 -0.832355 -0.195152 -2.05153 -8.78178 -821.355 0 
5 827.603 0.326473 0.0224588 0.660673 -0.856054 -0.187153 -0.552456 -7.04395 -820.006 0 
1 825.209 0.314191 0.0224583 0.67236 -0.875225 -0.215347 -1.10786 -4.73983 -819.361 0 
1 826.538 0.318116 0.0223382 0.668033 -0.882106 -0.164031 -1.57443 -5.53558 -819.428 0 
1 825.19 0.310807 0.0224307 0.677266 -0.90814 -0.188775 -0.66117 -4.59554 -819.934 0 
8 824.905 0.314874 0.0223858 0.673445 -0.906733 -0.178726 -0.120969 -5.1011 -819.683 0 
2 827.084 0.323133 0.0224747 0.668059 -0.889427 -0.23728 -1.40252 -6.31857 -819.363 0 
2 828.326 0.325473 0.0225578 0.665603 -0.873968 -0.237379 -2.29467 -6.5861 -819.446 0 
2 829.197 0.31531 0.0226972 0.676263 -0.891679 -0.266462 -4.89412 -4.75941 -819.543 0 
3 826.342 0.308697 0.022507 0.682801 -0.908314 -0.318229 -1.20373 -4.48013 -820.658 0 
2 826.016 0.315801 0.0224392 0.675738 -0.907688 -0.259938 -1.04446 -5.13046 -819.841 0 
6 826.016 0.305649 0.0223358 0.683371 -0.925459 -0.240475 -0.272838 -4.4695 -821.274 0 
1 825.209 0.309925 0.0223323 0.677944 -0.907843 -0.220657 -0.652162 -4.47009 -820.087 0 
11 825.17 0.305452 0.0224974 0.680897 -0.887783 -0.253025 -0.854767 -4.39467 -819.92 0 
1 824.732 0.310615 0.0224397 0.676095 -0.897867 -0.191529 -0.481193 -4.53894 -819.712 0 
1 825.488 0.304883 0.0225016 0.68198 -0.879668 -0.294241 -1.14705 -4.46265 -819.878 0 
2 826.365 0.303055 0.0225633 0.682743 -0.876192 -0.293214 -1.80089 -4.6676 -819.896 0 
5 827.798 0.301624 0.0226403 0.682301 -0.853976 -0.302423 -2.88181 -5.42341 -819.493 0 
7 830.726 0.305672 0.0226733 0.677747 -0.833057 -0.28948 -5.82905 -5.62541 -819.272 0 
3 828.029 0.310155 0.0225833 0.673763 -0.825608 -0.315481 -3.62358 -5.06191 -819.343 0 
1 827.972 0.318602 0.0224532 0.667963 -0.837087 -0.293325 -3.56016 -4.89264 -819.519 0 
2 829.004 0.313834 0.0226139 0.673075 -0.828837 -0.344298 -5.1076 -4.57567 -819.321 0 
2 827.375 0.308213 0.0226654 0.678423 -0.846685 -0.325703 -3.4887 -4.62623 -819.26 0 
1 827.25 0.306809 0.0226463 0.678918 -0.835081 -0.359413 -3.09536 -4.93062 -819.224 0 
6 826.726 0.308049 0.0226469 0.678206 -0.828591 -0.390442 -2.74445 -4.78871 -819.192 0 
4 827.175 0.310689 0.0226151 0.67844 -0.845041 -0.400733 -3.70822 -4.22993 -819.237 0 
3 827.246 0.316211 0.0227094 0.673149 -0.837068 -0.372616 -3.73153 -4.28347 -819.231 0 
4 827.062 0.314465 0.0226833 0.672745 -0.842249 -0.326509 -3.42774 -4.37544 -819.259 0 
4 825.889 0.315279 0.0226448 0.671007 -0.842431 -0.28498 -1.87528 -4.64969 -819.364 0 
3 825.274 0.318938 0.0225677 0.668017 -0.825567 -0.339121 -1.02789 -4.67772 -819.568 0 
3 824.63 0.317843 0.0224619 0.669266 -0.833786 -0.347167 -0.770962 -4.49766 -819.361 0 
8 824.067 0.312212 0.0225311 0.675655 -0.845784 -0.380625 -0.675504 -4.18157 -819.21 0 
3 824.107 0.318975 0.0224639 0.668919 -0.820811 -0.413157 -0.422169 -4.3056 -819.379 0 
3 824.894 0.311883 0.0224062 0.678606 -0.871707 -0.40271 -1.05762 -4.22597 -819.61 0 
1 825.253 0.316212 0.0223809 0.675113 -0.872501 -0.388644 -1.36409 -4.49396 -819.395 0 
1 826.443 0.302237 0.022543 0.687446 -0.890347 -0.374536 -0.820165 -4.71265 -820.91 0 
3 827.043 0.304472 0.0226207 0.685892 -0.874197 -0.426536 -2.11879 -4.59714 -820.327 0 
2 826.682 0.310267 0.022493 0.682195 -0.891404 -0.41809 -1.72913 -4.56828 -820.385 0 
2 827.964 0.302876 0.0224233 0.686528 -0.900842 -0.379184 -1.87748 -4.71543 -821.371 0 
2 827.891 0.303656 0.0223156 0.685055 -0.904601 -0.361225 -1.9309 -4.62939 -821.331 0 
1 827.286 0.303752 0.0223953 0.68683 -0.914654 -0.360542 -0.694426 -4.7468 -821.844 0 
8 824.187 0.312739 0.0224494 0.675768 -0.867909 -0.350399 -0.577282 -4.22062 -819.389 0 
3 826.325 0.321377 0.0224825 0.665731 -0.839128 -0.311389 -1.7941 -5.00271 -819.528 0 
2 824.599 0.311099 0.0224703 0.676971 -0.875691 -0.319412 -0.840434 -4.23352 -819.525 0 
2 824.539 0.316268 0.0224156 0.673603 -0.872689 -0.352903 -0.659282 -4.53237 -819.347 0 
2 825.579 0.317458 0.0225011 0.673013 -0.858143 -0.397069 -1.93843 -4.42968 -819.211 0 
4 824.741 0.317424 0.0224825 0.67034 -0.846192 -0.348194 -1.08863 -4.41362 -819.238 0 
8 825.399 0.314485 0.0224711 0.670682 -0.849593 -0.281684 -1.56017 -4.53905 -819.3 0 
3 824.943 0.318146 0.0224578 0.669669 -0.864119 -0.280432 -0.839678 -4.81507 -819.289 0 
1 824.809 0.320916 0.022496 0.66824 -0.848671 -0.32687 -0.589653 -4.88917 -819.33 0 
5 824.07 0.311375 0.0224909 0.677515 -0.853545 -0.40278 -0.618855 -4.14033 -819.311 0 
2 823.992 0.317109 0.0224812 0.670563 -0.829032 -0.406353 -0.540135 -4.21039 -819.242 0 
2 824.186 0.31586 0.0224631 0.670445 -0.823335 -0.397019 -0.624409 -4.26432 -819.297 0 
1 824.822 0.305199 0.0224482 0.682711 -0.856613 -0.433285 -0.478015 -4.60211 -819.742 0 
1 823.684 0.312879 0.0224558 0.676002 -0.858253 -0.388575 -0.22606 -4.15076 -819.307 0 
8 823.473 0.312789 0.0224421 0.67542 -0.840659 -0.436543 -0.195547 -4.09342 -819.184 0 
1 824.513 0.316945 0.0223132 0.669623 -0.829961 -0.395627 -1.00813 -4.25085 -819.254 0 
6 824.509 0.316763 0.0222155 0.671184 -0.843391 -0.425843 -1.17279 -4.18155 -819.155 0 
4 824.606 0.313761 0.0222467 0.673491 -0.856486 -0.387207 -1.17702 -4.1658 -819.263 0 
4 824.215 0.31497 0.0224655 0.673242 -0.839011 -0.395569 -0.861319 -4.1742 -819.179 0 
3 825.993 0.30959 0.0224772 0.676932 -0.834938 -0.398175 -2.34936 -4.45028 -819.193 0 
3 826.49 0.305717 0.0224606 0.678908 -0.832138 -0.397316 -2.23838 -5.0175 -819.234 0 
6 825.471 0.309417 0.0224572 0.676583 -0.833287 -0.398607 -1.79773 -4.48342 -819.19 0 
1 825.065 0.312436 0.0223383 0.673354 -0.836832 -0.38317 -1.6206 -4.25505 -819.189 0 
10 824.723 0.314212 0.0223034 0.673255 -0.854205 -0.363663 -1.28397 -4.21038 -819.228 0 
3 824.974 0.320645 0.0222567 0.669472 -0.860151 -0.376501 -0.929827 -4.84669 -819.197 0 
2 824.88 0.320403 0.0222738 0.670053 -0.864486 -0.371948 -0.769689 -4.89724 -819.213 0 
2 824.865 0.31308 0.0222607 0.675558 -0.856814 -0.41922 -1.4045 -4.13785 -819.322 0 
6 824.361 0.310025 0.0223009 0.67749 -0.85903 -0.412277 -0.721058 -4.17326 -819.466 0 
4 825.267 0.307284 0.0222912 0.681282 -0.875937 -0.424053 -0.755975 -4.38212 -820.128 0 
2 824.384 0.314162 0.0222454 0.675937 -0.865388 -0.441101 -0.621204 -4.30097 -819.462 0 
4 823.638 0.317256 0.0223535 0.671703 -0.848806 -0.411247 -0.188077 -4.27996 -819.17 0 
3 824.462 0.308314 0.0223002 0.679954 -0.854076 -0.476827 -0.488495 -4.33881 -819.635 0 
2 823.936 0.311884 0.0223412 0.676591 -0.855683 -0.433943 -0.42093 -4.1406 -819.374 0 
7 825.43 0.318527 0.0221739 0.671774 -0.873549 -0.385003 -1.28657 -4.81533 -819.328 0 
2 823.695 0.313068 0.0223206 0.675406 -0.860357 -0.398015 -0.19155 -4.16299 -819.341 0 
2 824.546 0.318581 0.0224739 0.672251 -0.854513 -0.403238 -0.890923 -4.47437 -819.18 0 
2 825.614 0.324889 0.0224473 0.66645 -0.842693 -0.399966 -1.06511 -5.24475 -819.304 0 
16 824.923 0.317168 0.0225123 0.671764 -0.834766 -0.39723 -1.46359 -4.24481 -819.215 0 
1 824.408 0.316562 0.0225255 0.672752 -0.85484 -0.356537 -0.84177 -4.35379 -819.213 0 
2 825.848 0.307488 0.022619 0.681811 -0.857326 -0.408351 -1.96276 -4.33933 -819.546 0 
2 825.731 0.316472 0.0225061 0.673111 -0.838412 -0.41001 -2.38051 -4.17967 -819.171 0 
8 825.375 0.324964 0.0223332 0.662573 -0.82176 -0.36222 -0.307453 -5.19104 -819.876 0 
1 824.849 0.320558 0.0225204 0.66652 -0.811057 -0.395478 -0.574825 -4.54472 -819.729 0 
2 825.741 0.318144 0.0225871 0.672575 -0.843689 -0.415559 -2.28719 -4.29269 -819.161 0 
2 823.934 0.314685 0.0224669 0.675053 -0.857043 -0.393612 -0.484395 -4.19674 -819.253 0 
1 825.236 0.309758 0.0224851 0.681575 -0.864106 -0.472184 -1.1494 -4.30314 -819.783 0 
7 824.449 0.313162 0.0225455 0.674813 -0.83369 -0.429527 -1.1799 -4.11288 -819.157 0 
1 824.651 0.319609 0.0224278 0.666913 -0.814818 -0.406848 -0.727147 -4.38332 -819.541 0 
3 824.177 0.315893 0.0223864 0.670633 -0.825681 -0.420005 -0.805877 -4.1519 -819.219 0 
26 823.523 0.315654 0.022403 0.674255 -0.848646 -0.440097 -0.171998 -4.16099 -819.19 0 
1 825.457 0.306065 0.0222953 0.681526 -0.857661 -0.44953 -1.17819 -4.50527 -819.773 0 
3 826.966 0.305148 0.0222039 0.682267 -0.866887 -0.443662 -2.2995 -4.57 -820.097 0 
2 826.863 0.303773 0.0222227 0.684413 -0.883058 -0.425185 -1.43447 -4.6831 -820.746 0 
5 825.227 0.316374 0.0221796 0.674065 -0.885395 -0.381771 -0.776497 -4.83342 -819.617 0 
3 825.331 0.316443 0.0222001 0.672265 -0.86255 -0.410848 -1.63751 -4.41178 -819.281 0 
1 825.786 0.316504 0.0224198 0.674464 -0.860233 -0.447934 -2.05482 -4.43513 -819.296 0 
1 825.409 0.305418 0.0224525 0.682657 -0.864467 -0.427137 -0.978882 -4.50617 -819.924 0 
2 825.646 0.30405 0.0223088 0.68471 -0.857291 -0.523654 -0.415796 -4.95948 -820.271 0 
1 825.768 0.312897 0.02222 0.676294 -0.838606 -0.517766 -2.41725 -4.1137 -819.237 0 
3 825.3 0.319438 0.0222649 0.669462 -0.819619 -0.489362 -2.00038 -4.105 -819.195 0 
1 827.467 0.320965 0.0223812 0.6707 -0.82598 -0.507008 -4.09528 -4.24064 -819.131 0 
1 826.984 0.316383 0.0223071 0.672906 -0.819533 -0.517294 -3.87391 -4.00259 -819.108 0 
2 824.464 0.308654 0.0224076 0.680092 -0.822395 -0.565161 -0.657695 -4.55011 -819.256 0 
3 823.556 0.321145 0.0223851 0.668447 -0.810336 -0.513208 -0.137573 -4.12101 -819.298 0 
4 824.764 0.326458 0.0222926 0.664149 -0.819926 -0.486568 -0.391583 -4.94706 -819.426 0 
4 824.314 0.321113 0.0223151 0.667078 -0.815509 -0.479964 -0.778293 -4.2163 -819.32 0 
1 824.246 0.31637 0.0223447 0.673331 -0.825659 -0.514428 -1.13184 -4.01717 -819.097 0 
1 824.615 0.3197 0.0221759 0.668614 -0.82691 -0.484882 -1.28148 -4.18757 -819.146 0 
4 826.664 0.309525 0.0223204 0.682013 -0.851767 -0.562994 -2.35383 -4.49211 -819.818 0 
3 824.343 0.317574 0.022234 0.67349 -0.839903 -0.537345 -0.936982 -4.2642 -819.141 0 
4 827.31 0.320217 0.0220504 0.672557 -0.8522 -0.582783 -2.98694 -5.05837 -819.264 0 
1 827.2 0.317515 0.0220699 0.674611 -0.840105 -0.625619 -3.31666 -4.60713 -819.276 0 
1 825.001 0.323066 0.0221465 0.668099 -0.831407 -0.553667 -1.21209 -4.72818 -819.06 0 
4 824.258 0.318637 0.0222131 0.672726 -0.838102 -0.571179 -0.679489 -4.45014 -819.128 0 
3 824.656 0.318082 0.0223518 0.674796 -0.841042 -0.577529 -0.98938 -4.48418 -819.182 0 
1 825.859 0.325456 0.0222352 0.668273 -0.829321 -0.609541 -1.58881 -5.25213 -819.018 0 
4 825.797 0.326208 0.0221772 0.664667 -0.799484 -0.627792 -1.99132 -4.51707 -819.288 0 
2 824.613 0.320991 0.0221379 0.669569 -0.808547 -0.649769 -1.36196 -4.22177 -819.03 0 
5 824.534 0.318149 0.0222121 0.670673 -0.799719 -0.634642 -1.4897 -3.96642 -819.078 0 
3 824.557 0.321898 0.0221634 0.669187 -0.807055 -0.660012 -1.23244 -4.29452 -819.03 0 
1 824.967 0.324247 0.0222458 0.668164 -0.810699 -0.646297 -1.32376 -4.59403 -819.05 0 
1 824.664 0.32297 0.0222296 0.669634 -0.824888 -0.612453 -0.934505 -4.70694 -819.022 0 
3 824.029 0.316582 0.0222806 0.675395 -0.835994 -0.603224 -0.432063 -4.38722 -819.21 0 
1 823.677 0.316341 0.0223993 0.674793 -0.823998 -0.585234 -0.484721 -4.10504 -819.087 0 
1 824.576 0.308504 0.0223006 0.681376 -0.852524 -0.530834 -0.33222 -4.46219 -819.782 0 
4 823.921 0.316102 0.0222776 0.674959 -0.838607 -0.569135 -0.417257 -4.29777 -819.206 0 
2 824.873 0.314057 0.0222623 0.673738 -0.826668 -0.52649 -1.70704 -4.04911 -819.117 0 
1 825.092 0.310283 0.0222217 0.678199 -0.84515 -0.529341 -1.30453 -4.30284 -819.484 0 
1 824.772 0.310131 0.022215 0.678701 -0.851589 -0.510295 -0.89857 -4.29687 -819.577 0 
5 824.496 0.318065 0.0222413 0.670188 -0.835595 -0.463474 -1.19019 -4.17957 -819.126 0 
3 824.943 0.312302 0.0223069 0.676378 -0.84589 -0.49524 -1.46287 -4.15925 -819.321 0 
1 823.375 0.312846 0.0223899 0.676021 -0.832793 -0.50749 -0.121591 -4.08598 -819.168 0 
5 823.79 0.314307 0.0222898 0.676121 -0.838762 -0.542456 -0.406062 -4.15499 -819.229 0 
1 825.25 0.304049 0.0223841 0.684417 -0.84454 -0.541138 -0.258015 -5.06251 -819.929 0 
2 826.353 0.302592 0.0224532 0.68795 -0.845806 -0.599917 -0.372678 -5.55795 -820.423 0 
5 825.844 0.303685 0.022495 0.683614 -0.805909 -0.616996 -0.638849 -5.87283 -819.333 0 
1 825.705 0.309039 0.0223682 0.677407 -0.800837 -0.601626 -1.86476 -4.7257 -819.114 0 
2 828.948 0.302159 0.0222542 0.683785 -0.82869 -0.577847 -3.44527 -5.72789 -819.774 0 
1 827.892 0.299448 0.0223782 0.688171 -0.844419 -0.565607 -1.24294 -6.17056 -820.479 0 
5 823.683 0.31369 0.0223129 0.67541 -0.832237 -0.536363 -0.415474 -4.09891 -819.168 0 
9 824.602 0.316903 0.0223837 0.671865 -0.821719 -0.517123 -1.48611 -4.01378 -819.103 0 
1 825.9 0.321177 0.0222945 0.667191 -0.817623 -0.496151 -2.43594 -4.22056 -819.243 0 
1 824.233 0.313137 0.0223609 0.677767 -0.841103 -0.539291 -0.757852 -4.17512 -819.3 0 
17 823.331 0.313537 0.0223324 0.674942 -0.826106 -0.519753 -0.151854 -4.05902 -819.12 0 
8 823.193 0.315532 0.022361 0.674082 -0.834037 -0.503157 -0.00723026 -4.06118 -819.125 0 
2 823.244 0.318445 0.0223393 0.670062 -0.802106 -0.55818 -0.0896781 -3.94394 -819.211 0 
2 823.511 0.311015 0.0223787 0.677607 -0.816924 -0.57647 -0.0670877 -4.29895 -819.145 0 
1 824.205 0.314341 0.022242 0.67677 -0.846505 -0.55643 -0.507346 -4.32252 -819.375 0 
1 823.786 0.31678 0.022327 0.674543 -0.847634 -0.511595 -0.258015 -4.31388 -819.214 0 
8 824.372 0.312255 0.0223855 0.679351 -0.857357 -0.52038 -0.399842 -4.35515 -819.617 0 
3 824.088 0.315532 0.022374 0.6753 -0.857334 -0.465177 -0.453681 -4.31806 -819.316 0 
4 826.392 0.319917 0.0223215 0.672484 -0.871973 -0.444074 -1.86071 -5.19191 -819.339 0 
2 828.259 0.315311 0.0221068 0.676627 -0.896205 -0.454923 -2.55325 -5.42562 -820.28 0 
2 829.306 0.312872 0.0220666 0.674853 -0.882438 -0.38508 -5.08932 -4.45936 -819.758 0 
1 829.325 0.312686 0.0220493 0.675713 -0.887244 -0.398168 -4.79001 -4.58442 -819.951 0 
1 827.841 0.31066 0.0221377 0.67753 -0.880856 -0.411267 -3.49229 -4.38747 -819.962 0 
2 826.706 0.314932 0.0221463 0.673367 -0.860683 -0.441159 -3.046 -4.31246 -819.348 0 
3 824.59 0.314019 0.0222533 0.673447 -0.851786 -0.412817 -1.22251 -4.13522 -819.233 0 
1 823.423 0.315061 0.0223541 0.673707 -0.851352 -0.414755 -0.0491428 -4.16489 -819.209 0 
5 825.811 0.302266 0.0225086 0.68486 -0.845423 -0.466592 -0.767485 -5.27785 -819.765 0 
1 824.61 0.314259 0.0222784 0.672651 -0.824614 -0.465378 -1.38977 -4.08248 -819.138 0 
1 826.288 0.314537 0.022335 0.672659 -0.812631 -0.486323 -2.96431 -4.14636 -819.177 0 
1 826.246 0.318033 0.0222428 0.666938 -0.803488 -0.450589 -2.46635 -4.24871 -819.531 0 
2 825.461 0.326259 0.022334 0.660992 -0.784929 -0.477673 -0.285114 -4.67058 -820.505 0 
3 824.515 0.323772 0.0224582 0.664929 -0.783324 -0.530531 -0.288996 -4.2037 -820.023 0 
1 824.157 0.317954 0.0223992 0.671317 -0.798937 -0.567559 -0.992746 -3.94801 -819.216 0 
10 823.732 0.318284 0.0224318 0.671377 -0.802999 -0.559718 -0.593553 -3.94661 -819.192 0 
5 823.596 0.316034 0.0224357 0.671945 -0.793139 -0.564448 -0.283072 -4.05728 -819.256 0 
1 825.921 0.304361 0.022569 0.683791 -0.815537 -0.574305 -1.09989 -5.47134 -819.35 0 
3 824.454 0.311681 0.0225635 0.676053 -0.803375 -0.540372 -0.967331 -4.35943 -819.128 0 
7 823.898 0.312159 0.0225095 0.675935 -0.80192 -0.566486 -0.494595 -4.29439 -819.109 0 
1 825.006 0.307128 0.0225119 0.679646 -0.800551 -0.577148 -0.724897 -5.14837 -819.133 0 
1 825.717 0.313802 0.0226332 0.675707 -0.792194 -0.595106 -2.3502 -4.21538 -819.151 0 
1 826.495 0.3251 0.0225513 0.666023 -0.788003 -0.575918 -2.6065 -4.17311 -819.716 0 
1 824.952 0.321816 0.0225125 0.669432 -0.807566 -0.546956 -1.58507 -4.10794 -819.259 0 
3 826.671 0.322167 0.0225826 0.666844 -0.781947 -0.556003 -2.82495 -4.02836 -819.818 0 
7 825.929 0.324617 0.022563 0.664999 -0.775761 -0.563533 -1.64835 -4.13403 -820.146 0 
1 826.079 0.324663 0.0224686 0.663147 -0.76361 -0.580562 -1.45778 -4.11097 -820.511 0 
8 825.35 0.30815 0.0225588 0.6796 -0.7891 -0.624084 -1.05461 -5.18129 -819.114 0 
1 824.864 0.315921 0.0225173 0.674592 -0.78291 -0.671682 -1.65823 -4.06826 -819.138 0 
2 825.66 0.312084 0.022357 0.675333 -0.772454 -0.677617 -1.75749 -4.72044 -819.182 0 
3 826.674 0.310573 0.022279 0.677547 -0.790863 -0.667337 -2.88999 -4.69553 -819.089 0 
4 826.588 0.312278 0.0222551 0.673974 -0.780446 -0.631996 -2.83405 -4.57319 -819.181 0 
2 826.979 0.311966 0.0225189 0.673166 -0.74781 -0.651615 -1.67932 -5.5255 -819.774 0 
2 827.52 0.308199 0.0226204 0.677092 -0.753685 -0.657487 -1.81852 -6.26256 -819.439 0 
3 826.632 0.306113 0.0225777 0.680216 -0.769478 -0.671069 -1.23158 -6.23731 -819.163 0 
1 825.608 0.309757 0.0223094 0.676387 -0.782528 -0.643664 -1.52353 -4.96315 -819.122 0 
4 825.583 0.309285 0.0223732 0.676511 -0.773908 -0.654729 -1.15476 -5.25929 -819.169 0 
2 824.565 0.311301 0.022487 0.675424 -0.778764 -0.616572 -0.573431 -4.77689 -819.215 0 
3 823.589 0.313606 0.0223753 0.674707 -0.789699 -0.63582 -0.243699 -4.23846 -819.107 0 
2 825.128 0.312336 0.0222402 0.674569 -0.789035 -0.638657 -1.62191 -4.4058 -819.1 0 
2 823.741 0.314744 0.0223044 0.673036 -0.783648 -0.651501 -0.431516 -4.16083 -819.149 0 
15 823.699 0.324356 0.02228 0.665669 -0.772516 -0.672574 -0.165125 -3.89835 -819.635 0 
2 823.241 0.320676 0.0223095 0.669254 -0.789324 -0.637937 -0.101797 -3.89699 -819.242 0 
1 824.009 0.316769 0.022433 0.670536 -0.766087 -0.647708 -0.327644 -4.15065 -819.531 0 
1 824.928 0.314916 0.022508 0.675245 -0.772972 -0.710485 -1.50652 -4.26101 -819.16 0 
8 825.215 0.313942 0.0223928 0.676617 -0.789975 -0.696946 -1.89158 -4.26657 -819.057 0 
1 824.897 0.314628 0.0225031 0.673866 -0.753873 -0.727849 -0.902145 -4.5689 -819.426 0 
5 824.368 0.313786 0.0224402 0.674479 -0.755804 -0.743264 -0.39201 -4.66312 -819.313 0 
1 824.83 0.308839 0.0224002 0.680165 -0.775266 -0.765016 -0.315945 -5.39162 -819.122 0 
1 823.812 0.318404 0.0224259 0.671282 -0.761125 -0.745298 -0.481832 -3.98021 -819.35 0 
4 823.916 0.315008 0.0224474 0.675841 -0.779366 -0.744189 -0.588244 -4.26605 -819.062 0 
1 823.75 0.317453 0.0224307 0.6726 -0.764548 -0.754832 -0.454529 -4.06354 -819.232 0 
2 825.222 0.314298 0.0223139 0.677866 -0.792872 -0.777639 -1.61843 -4.51002 -819.094 0 
1 824.269 0.310269 0.0223338 0.680299 -0.795483 -0.758489 -0.101996 -4.94007 -819.227 0 
7 824.635 0.324777 0.0222432 0.668071 -0.791818 -0.727745 -1.13218 -4.41712 -819.086 0 
1 825.837 0.321658 0.0223001 0.66948 -0.79577 -0.684555 -2.62098 -4.14242 -819.074 0 
6 824.935 0.317061 0.0222307 0.676131 -0.821438 -0.727112 -0.967763 -4.74099 -819.226 0 
1 825.571 0.314588 0.0222209 0.678709 -0.822999 -0.74265 -1.31458 -4.82948 -819.427 0 
1 824.311 0.322297 0.02224 0.668416 -0.787507 -0.69731 -1.11636 -4.03983 -819.155 0 
2 824.401 0.316769 0.0223009 0.674812 -0.788853 -0.745069 -1.20569 -4.16913 -819.026 0 
2 823.655 0.31669 0.0223194 0.675066 -0.794141 -0.742353 -0.390831 -4.23705 -819.027 0 
4 826.796 0.305766 0.0224379 0.68475 -0.804839 -0.761608 -1.32508 -5.8057 -819.665 0 
1 824.337 0.314954 0.0224679 0.676168 -0.79057 -0.715933 -1.07102 -4.22154 -819.044 0 
2 825.139 0.315212 0.0225367 0.675039 -0.784534 -0.687071 -1.92023 -4.12865 -819.09 0 
10 825.169 0.31731 0.0224532 0.67548 -0.811427 -0.676714 -1.89002 -4.23016 -819.049 0 
2 824.811 0.307673 0.0224578 0.682941 -0.821091 -0.650944 -0.400069 -4.90842 -819.502 0 
3 825.34 0.312716 0.022536 0.677942 -0.790916 -0.677609 -1.89756 -4.37374 -819.069 0 
1 824.364 0.309309 0.0224786 0.680024 -0.793504 -0.686959 -0.342656 -4.89161 -819.13 0 
1 825.775 0.307924 0.0224913 0.682638 -0.795817 -0.722137 -1.2849 -5.23929 -819.251 0 
3 825.761 0.321175 0.0225059 0.671408 -0.785192 -0.707605 -2.65086 -3.97478 -819.135 0 
3 826.292 0.311919 0.0226142 0.679133 -0.791153 -0.68574 -2.72814 -4.48851 -819.075 0 
1 826.052 0.305564 0.0225028 0.684345 -0.794673 -0.726677 -0.885754 -5.81548 -819.351 0 
3 825.757 0.306275 0.0225174 0.68317 -0.801063 -0.693904 -0.983042 -5.44314 -819.331 0 
6 825.012 0.317315 0.0225365 0.674201 -0.787172 -0.687875 -1.93421 -3.98957 -819.088 0 
2 825.967 0.320189 0.0224585 0.671156 -0.794209 -0.664931 -2.87257 -3.9926 -819.102 0 
2 826.27 0.317779 0.0224463 0.674366 -0.818679 -0.634834 -2.97793 -4.23595 -819.056 0 
2 826.259 0.321327 0.0223722 0.67278 -0.826933 -0.649447 -2.46538 -4.75217 -819.042 0 
4 825.303 0.315658 0.0224419 0.676442 -0.826178 -0.622531 -1.87943 -4.2698 -819.154 0 
4 826.422 0.315287 0.0225777 0.675558 -0.813822 -0.587842 -3.32082 -4.03196 -819.07 0 
1 827.955 0.308869 0.0226983 0.681616 -0.819092 -0.582024 -4.16701 -4.55156 -819.237 0 
3 828.462 0.312955 0.0227189 0.675722 -0.794182 -0.57012 -5.02365 -4.27395 -819.164 0 
1 829.104 0.308114 0.0227717 0.678815 -0.7679 -0.631762 -4.06843 -5.77373 -819.262 0 
4 827.478 0.318735 0.0226448 0.670585 -0.770182 -0.638714 -3.97508 -3.94417 -819.559 0 
1 828.147 0.315988 0.0226725 0.67265 -0.780784 -0.601381 -4.70546 -4.09012 -819.352 0 
3 826.58 0.319265 0.0226028 0.669927 -0.774628 -0.62113 -3.11554 -3.91636 -819.548 0 
4 826.62 0.305355 0.0225952 0.683102 -0.791181 -0.65838 -1.60179 -5.83444 -819.184 0 
9 826.233 0.317684 0.0226107 0.668532 -0.754803 -0.58895 -1.45245 -4.52929 -820.251 0 
1 825.136 0.316072 0.0225267 0.671234 -0.756251 -0.651512 -0.935537 -4.45601 -819.745 0 
7 828.168 0.314463 0.022695 0.67247 -0.741202 -0.666347 -2.96281 -5.14427 -820.061 0 
1 828.611 0.30818 0.0227201 0.679958 -0.758845 -0.707318 -3.41093 -5.96992 -819.23 0 
1 828.073 0.309196 0.0225646 0.679782 -0.76833 -0.717508 -3.49286 -5.4434 -819.137 0 
1 827.855 0.315185 0.0224723 0.675038 -0.762954 -0.738992 -4.25288 -4.36108 -819.241 0 
2 824.867 0.312276 0.0223709 0.675481 -0.770021 -0.699348 -0.984838 -4.7084 -819.173 0 
11 824.045 0.320265 0.0222372 0.667891 -0.770423 -0.669945 -0.697514 -3.85261 -819.495 0 
3 825.549 0.31901 0.0222367 0.669359 -0.762493 -0.705066 -2.11829 -3.94248 -819.488 0 
5 825.09 0.311641 0.0223315 0.674418 -0.772555 -0.663089 -1.1248 -4.76351 -819.202 0 
2 827.106 0.307417 0.0223891 0.677343 -0.765318 -0.664304 -1.8757 -6.01186 -819.219 0 
1 826.325 0.309234 0.0224664 0.675728 -0.760996 -0.650375 -1.28751 -5.68597 -819.352 0 
2 829.227 0.308495 0.0225301 0.674565 -0.752252 -0.624461 -3.34689 -6.27671 -819.604 0 
1 827.642 0.304145 0.022664 0.684506 -0.791013 -0.665069 -2.23459 -6.179 -819.228 0 
4 825.465 0.309131 0.0225679 0.680226 -0.795034 -0.666879 -1.47538 -4.86457 -819.125 0 
7 824.738 0.312712 0.022542 0.67746 -0.803511 -0.630977 -1.41741 -4.24192 -819.078 0 
1 823.23 0.316586 0.0223632 0.672334 -0.795825 -0.604758 -0.122993 -3.96607 -819.141 0 
5 824.481 0.322977 0.0224506 0.668056 -0.769815 -0.679754 -1.04971 -3.83033 -819.601 0 
1 827.372 0.330735 0.0224202 0.657642 -0.735144 -0.639308 -0.923672 -4.35002 -822.098 0 
4 826.756 0.332542 0.0222998 0.656744 -0.756109 -0.597179 -0.452111 -4.79016 -821.514 0 
2 825.941 0.331504 0.0223422 0.658345 -0.760715 -0.592809 -0.0608974 -4.68035 -821.2 0 
3 827.23 0.327223 0.0225358 0.664998 -0.762606 -0.66863 -3.07049 -3.99482 -820.165 0 
4 826.007 0.324654 0.0225408 0.666234 -0.759876 -0.662969 -2.02565 -3.87148 -820.11 0 
4 830.202 0.323331 0.0224659 0.667921 -0.757566 -0.692249 -6.4474 -3.82648 -819.928 0 
1 829.255 0.321002 0.0223546 0.668291 -0.751856 -0.701373 -5.40181 -3.93553 -819.918 0 
4 829.08 0.330633 0.0224684 0.660946 -0.740044 -0.687795 -3.60314 -4.12676 -821.35 0 
13 828.53 0.333612 0.022479 0.65557 -0.728168 -0.619103 -0.539496 -4.83876 -823.151 0 
11 828.122 0.334227 0.022354 0.654257 -0.735706 -0.603219 -0.245709 -4.97607 -822.9 0 
3 826.714 0.331224 0.0224445 0.658873 -0.752972 -0.599993 -0.618436 -4.58543 -821.51 0 
1 827.735 0.328606 0.0225326 0.660006 -0.747918 -0.599034 -1.89284 -4.33902 -821.503 0 
4 827.099 0.328676 0.0224969 0.660268 -0.735355 -0.666705 -1.44397 -4.07354 -821.582 0 
1 824.942 0.31874 0.0223558 0.667969 -0.745184 -0.709879 -0.866049 -4.12356 -819.953 0 
3 824.26 0.315696 0.0223881 0.671439 -0.753643 -0.706805 -0.300444 -4.40714 -819.552 0 
2 824.213 0.316163 0.0224246 0.670975 -0.756582 -0.68704 -0.327185 -4.30587 -819.58 0 
5 824.569 0.315466 0.0224019 0.672158 -0.758786 -0.693605 -0.711592 -4.3873 -819.47 0 
2 824.697 0.32152 0.0222745 0.666074 -0.755211 -0.67288 -0.802035 -3.89739 -819.997 0 
9 824.577 0.32733 0.0223198 0.662693 -0.743142 -0.726807 -0.187476 -3.82048 -820.569 0 
4 824.414 0.318173 0.0222682 0.669598 -0.757063 -0.717099 -0.838082 -4.03963 -819.536 0 
1 824.894 0.319907 0.022232 0.667577 -0.752494 -0.73232 -1.31328 -3.90267 -819.678 0 
1 827.587 0.317734 0.022141 0.669456 -0.770087 -0.723256 -4.36446 -3.99011 -819.232 0 
1 825.664 0.320187 0.022106 0.668872 -0.773654 -0.722881 -2.54133 -3.87946 -819.243 0 
5 826.368 0.317701 0.0221611 0.672569 -0.777254 -0.758999 -3.22522 -4.0698 -819.073 0 
5 824.585 0.326795 0.0221818 0.663444 -0.770918 -0.680615 -0.754291 -4.04635 -819.785 0 
2 823.725 0.323072 0.0222491 0.666485 -0.771215 -0.688158 -0.34899 -3.84388 -819.533 0 
1 823.742 0.322906 0.0223273 0.668812 -0.789007 -0.676144 -0.517257 -4.01959 -819.205 0 
2 824.765 0.317385 0.0224979 0.672172 -0.784118 -0.649407 -1.62199 -3.94313 -819.2 0 
1 824.589 0.311282 0.0224696 0.678639 -0.799046 -0.682142 -0.952106 -4.5248 -819.112 0 
4 824.097 0.312507 0.0223892 0.677279 -0.797318 -0.694477 -0.59922 -4.41175 -819.086 0 
2 825.842 0.325021 0.0223696 0.666869 -0.789074 -0.669227 -2.33146 -4.21484 -819.296 0 
7 824.995 0.316541 0.0224258 0.676283 -0.80442 -0.724893 -1.60489 -4.33079 -819.06 0 
5 823.327 0.315984 0.0223738 0.67471 -0.793181 -0.695834 -0.180579 -4.1045 -819.042 0 
3 824.926 0.312656 0.0222793 0.679583 -0.823444 -0.697323 -0.9068 -4.61125 -819.408 0 
6 824.335 0.319409 0.0223018 0.673526 -0.814363 -0.688057 -0.899816 -4.40462 -819.03 0 
2 824.531 0.318581 0.0222282 0.674414 -0.815244 -0.715948 -0.924775 -4.52889 -819.077 0 
2 824.876 0.310288 0.0224923 0.680563 -0.795198 -0.729824 -0.879376 -4.8267 -819.17 0 
1 824.998 0.307687 0.0223666 0.681391 -0.798793 -0.720212 -0.456915 -5.24437 -819.297 0 
2 824.801 0.312468 0.0223748 0.676577 -0.792848 -0.694686 -1.31042 -4.41844 -819.072 0 
1 825.586 0.304561 0.0224185 0.684673 -0.80028 -0.726617 -0.0938136 -5.98511 -819.507 0 
1 826.385 0.304422 0.0223863 0.685883 -0.797211 -0.803445 -0.244264 -6.39036 -819.751 0 
1 823.572 0.315267 0.0223636 0.67582 -0.786595 -0.752097 -0.241651 -4.29102 -819.039 0 
5 823.751 0.314976 0.0223263 0.675422 -0.782628 -0.764288 -0.3636 -4.34439 -819.043 0 
5 824.005 0.317162 0.0224033 0.673478 -0.777742 -0.745251 -0.833912 -4.08833 -819.083 0 
1 823.649 0.31845 0.022367 0.672492 -0.784387 -0.722833 -0.562524 -4.01446 -819.072 0 
2 823.611 0.318125 0.0222179 0.671697 -0.783015 -0.720512 -0.52726 -4.0005 -819.084 0 
1 823.866 0.31342 0.0223575 0.675215 -0.775856 -0.708096 -0.322006 -4.42806 -819.116 0 
4 824.135 0.318607 0.0223022 0.669956 -0.759887 -0.717567 -0.672205 -3.9786 -819.484 0 
3 824.81 0.323826 0.0222533 0.663827 -0.754142 -0.663434 -0.676892 -3.87231 -820.261 0 
5 824.734 0.324776 0.0222244 0.663577 -0.762128 -0.663234 -0.827834 -3.87039 -820.036 0 
3 824.319 0.32335 0.0222264 0.665478 -0.755825 -0.712787 -0.661033 -3.78377 -819.875 0 
1 824.435 0.326792 0.0223231 0.663095 -0.737842 -0.751336 -0.0969119 -3.7582 -820.579 0 
3 825.138 0.328173 0.022337 0.660958 -0.739887 -0.701908 -0.244437 -3.90645 -820.988 0 
1 825.254 0.326252 0.0222102 0.664623 -0.763934 -0.715808 -1.56078 -3.91061 -819.783 0 
2 825.609 0.331932 0.0222061 0.659386 -0.748061 -0.740475 -0.684372 -4.26193 -820.663 0 
15 824.179 0.326568 0.0222397 0.66428 -0.753785 -0.75672 -0.420567 -3.84731 -819.911 0 
1 824.926 0.32633 0.0222978 0.665876 -0.746832 -0.814367 -1.29451 -3.81515 -819.817 0 
1 824.702 0.326022 0.022347 0.663654 -0.723122 -0.817306 -0.31523 -3.68911 -820.697 0 
4 824.412 0.318004 0.0223149 0.670211 -0.725189 -0.860864 -0.222916 -4.39433 -819.794 0 
1 825.316 0.316984 0.0224194 0.670937 -0.71298 -0.886888 -0.520629 -4.78464 -820.011 0 
1 825.405 0.309631 0.0223974 0.678874 -0.738639 -0.892405 -0.0892661 -6.10834 -819.207 0 
4 825.218 0.311417 0.0222134 0.678811 -0.768688 -0.873191 -0.814902 -5.2675 -819.136 0 
1 825.828 0.315631 0.022143 0.6756 -0.76462 -0.89494 -2.05522 -4.71831 -819.054 0 
1 825.813 0.325635 0.0221139 0.6684 -0.766044 -0.8994 -2.13384 -4.61595 -819.063 0 
2 827.438 0.328908 0.0220069 0.664959 -0.755433 -0.918376 -3.4914 -4.66715 -819.28 0 
2 826.235 0.329624 0.0221347 0.664889 -0.753444 -0.919972 -2.14896 -4.74032 -819.345 0 
6 824.306 0.322512 0.0221641 0.668781 -0.752212 -0.861078 -1.0092 -3.99412 -819.303 0 
3 824.559 0.323965 0.0222313 0.669304 -0.760657 -0.881991 -1.13365 -4.28512 -819.14 0 
5 824.487 0.316396 0.0223079 0.676277 -0.769604 -0.895724 -0.711189 -4.73133 -819.044 0 
5 825.176 0.320609 0.0222604 0.673505 -0.773461 -0.90344 -1.49587 -4.69296 -818.988 0 
6 824.747 0.311339 0.0222794 0.679837 -0.788352 -0.83204 -0.358422 -5.13655 -819.252 0 
4 824.846 0.323072 0.0221972 0.668482 -0.762655 -0.837427 -1.53854 -4.11083 -819.196 0 
7 825.161 0.322206 0.0221362 0.671206 -0.77926 -0.861193 -1.6042 -4.58 -818.977 0 
1 825.26 0.3278 0.0221272 0.663628 -0.746923 -0.841918 -1.49668 -4.00018 -819.763 0 
3 823.512 0.320117 0.0222946 0.670708 -0.756111 -0.826048 -0.246657 -4.00791 -819.258 0 
2 823.509 0.317565 0.0223322 0.673599 -0.773514 -0.78227 -0.299996 -4.13643 -819.072 0 
4 824.233 0.321688 0.0223335 0.666668 -0.749614 -0.725566 -0.507098 -3.82122 -819.905 0 
1 824.298 0.318184 0.0222586 0.670376 -0.764394 -0.746512 -1.02975 -3.99115 -819.277 0 
2 824.193 0.313622 0.0223017 0.674717 -0.759761 -0.790622 -0.394188 -4.64605 -819.152 0 
5 823.509 0.317779 0.0222865 0.672609 -0.762481 -0.81574 -0.201874 -4.17239 -819.135 0 
1 825.671 0.318518 0.0222112 0.674305 -0.781268 -0.831873 -2.28244 -4.38325 -819.005 0 
1 825.023 0.314891 0.022178 0.67697 -0.796958 -0.79482 -1.26551 -4.62285 -819.134 0 
1 826.824 0.308188 0.0221301 0.680508 -0.802709 -0.749566 -2.14841 -5.2571 -819.419 0 
1 824.736 0.315451 0.0221388 0.673913 -0.79217 -0.727311 -1.46754 -4.22988 -819.039 0 
3 824.733 0.322023 0.0221093 0.668166 -0.789856 -0.696824 -1.56616 -4.04788 -819.119 0 
2 824.285 0.31232 0.0222278 0.677943 -0.803258 -0.722595 -0.567479 -4.54608 -819.171 0 
12 823.253 0.316922 0.0223346 0.672967 -0.787569 -0.693015 -0.156142 -4.02261 -819.074 0 
12 823.4 0.320924 0.0222929 0.670217 -0.782749 -0.714154 -0.309813 -3.9432 -819.147 0 
1 824.15 0.317299 0.0224041 0.670627 -0.75666 -0.71603 -0.523438 -4.11483 -819.512 0 
7 824.044 0.315372 0.0224096 0.674234 -0.758633 -0.773674 -0.443112 -4.37183 -819.229 0 
4 824.473 0.324047 0.0222844 0.665899 -0.768645 -0.703657 -1.02359 -3.86898 -819.581 0 
1 823.745 0.31326 0.0223191 0.676768 -0.782156 -0.756036 -0.182094 -4.50231 -819.061 0 
4 823.464 0.315552 0.0223431 0.675081 -0.783666 -0.751589 -0.171163 -4.25144 -819.041 0 
1 824.773 0.310586 0.0224797 0.678889 -0.777768 -0.727364 -0.766121 -4.91666 -819.091 0 
2 825.203 0.309801 0.0223773 0.681546 -0.801382 -0.746599 -0.937704 -4.96193 -819.303 0 
4 825.443 0.306844 0.0222666 0.683285 -0.809899 -0.74294 -0.336352 -5.4696 -819.637 0 
7 825.686 0.306883 0.0224438 0.684202 -0.801829 -0.75139 -0.681052 -5.52061 -819.484 0 
3 826.503 0.321949 0.0224504 0.667247 -0.759036 -0.701387 -2.95519 -3.7997 -819.748 0 
1 827.009 0.319832 0.0224051 0.668664 -0.757824 -0.724138 -3.57003 -3.874 -819.565 0 
6 824.94 0.31712 0.0223002 0.671111 -0.763943 -0.742725 -1.59887 -4.07622 -819.265 0 
1 825.163 0.315162 0.022367 0.675109 -0.769407 -0.760412 -1.73476 -4.31139 -819.117 0 
1 825.076 0.318005 0.0224834 0.672355 -0.758422 -0.742707 -1.63061 -4.0444 -819.401 0 
1 825.165 0.316953 0.0225476 0.67322 -0.749985 -0.77303 -1.48416 -4.23881 -819.442 0 
2 824.889 0.316016 0.0224707 0.674941 -0.754414 -0.816527 -1.30564 -4.37424 -819.209 0 
1 825.85 0.326934 0.0224093 0.666508 -0.745115 -0.836805 -2.18861 -3.86813 -819.794 0 
4 825.224 0.325394 0.0223542 0.66707 -0.747281 -0.817141 -1.69243 -3.79871 -819.733 0 
3 825.24 0.319975 0.0221761 0.669465 -0.753837 -0.793287 -1.90944 -3.93013 -819.4 0 
6 825.098 0.32208 0.0222414 0.669137 -0.755871 -0.806092 -1.84322 -3.86237 -819.392 0 
1 828.486 0.334767 0.0221531 0.655849 -0.728508 -0.781282 -2.57061 -4.32077 -821.595 0 
8 824.574 0.322041 0.0222265 0.666512 -0.730977 -0.819979 -0.666571 -3.856 -820.052 0 
4 824.896 0.319518 0.0221878 0.668559 -0.740618 -0.811104 -1.23531 -4.01981 -819.641 0 
2 824.338 0.322704 0.02223 0.666385 -0.752047 -0.762985 -0.856865 -3.78155 -819.699 0 
4 824.942 0.317596 0.0223417 0.672562 -0.769665 -0.73245 -1.7094 -4.02079 -819.212 0 
4 823.72 0.3198 0.0224075 0.669361 -0.749787 -0.751239 -0.129826 -3.92706 -819.663 0 
4 825.185 0.317784 0.0223247 0.670157 -0.752988 -0.759125 -1.64951 -4.07972 -819.456 0 
1 824.674 0.311402 0.0223657 0.675697 -0.76362 -0.722426 -0.501999 -4.97897 -819.193 0 
1 826.297 0.308279 0.0224408 0.67899 -0.75233 -0.775964 -1.01076 -6.08795 -819.198 0 
2 829.169 0.302904 0.022495 0.685307 -0.762397 -0.803857 -2.25273 -7.66349 -819.253 0 
2 830.458 0.304821 0.0224364 0.68455 -0.767254 -0.814836 -4.35676 -6.85644 -819.245 0 
2 832.071 0.300695 0.0226917 0.688464 -0.759699 -0.816853 -4.03362 -8.70615 -819.331 0 
1 831.397 0.298549 0.0226572 0.689898 -0.763215 -0.816284 -2.407 -9.52129 -819.469 0 
2 831.547 0.29578 0.0226331 0.693537 -0.790122 -0.788262 -1.66634 -9.68241 -820.198 0 
1 830.242 0.300367 0.0226144 0.68807 -0.779909 -0.779351 -2.76302 -7.9441 -819.535 0 
1 825.067 0.308433 0.0224963 0.680621 -0.772528 -0.76274 -0.424568 -5.52045 -819.122 0 
1 824.131 0.314205 0.0223615 0.673412 -0.755554 -0.749311 -0.248147 -4.57027 -819.312 0 
1 824.2 0.315459 0.0223431 0.672276 -0.763801 -0.721646 -0.665128 -4.2562 -819.279 0 
4 824.443 0.326411 0.0222357 0.664566 -0.776107 -0.692647 -0.768009 -4.11772 -819.558 0 
5 825.435 0.306754 0.0223291 0.684133 -0.810225 -0.75036 -0.229019 -5.52365 -819.682 0 
2 825.653 0.305083 0.0223809 0.685183 -0.803536 -0.760856 -0.0109334 -5.96356 -819.678 0 
18 825.174 0.310578 0.022341 0.678955 -0.798265 -0.725134 -1.2232 -4.76671 -819.184 0 
1 826.488 0.305649 0.0224359 0.685809 -0.816342 -0.748178 -0.809302 -5.74732 -819.932 0 
2 824.6 0.319212 0.0224136 0.673605 -0.789007 -0.742553 -1.47016 -4.10668 -819.023 0 
5 825.27 0.317965 0.0223522 0.675276 -0.804669 -0.721271 -1.9739 -4.26701 -819.029 0 
1 825.544 0.309816 0.0223869 0.679926 -0.780891 -0.753241 -1.34358 -5.08713 -819.113 0 
1 825.458 0.313763 0.0224774 0.677652 -0.778402 -0.760014 -1.94353 -4.45467 -819.06 0 
2 824.467 0.316761 0.0225111 0.673944 -0.767889 -0.742283 -1.1667 -4.10534 -819.195 0 
3 825.645 0.314569 0.0224927 0.672104 -0.753536 -0.69335 -1.50894 -4.577 -819.559 0 
1 828.407 0.309812 0.0224946 0.679296 -0.772895 -0.712303 -4.09317 -5.19825 -819.116 0 
1 828.352 0.315904 0.0223708 0.675221 -0.788115 -0.692772 -5.20363 -4.08373 -819.065 0 
1 826.19 0.32448 0.0221907 0.66692 -0.780291 -0.695036 -2.84444 -3.98666 -819.359 0 
4 824.437 0.319462 0.0222483 0.667904 -0.761905 -0.680912 -0.888438 -3.92139 -819.627 0 
3 824.828 0.312956 0.0222381 0.674839 -0.78307 -0.709769 -1.33295 -4.42376 -819.072 0 
1 823.325 0.317331 0.0223042 0.671463 -0.777589 -0.686975 -0.147054 -3.97855 -819.2 0 
3 823.896 0.318622 0.022278 0.671645 -0.788621 -0.677773 -0.855683 -3.9312 -819.109 0 
1 824.223 0.322995 0.0222023 0.667184 -0.782215 -0.670149 -0.953642 -3.92051 -819.349 0 
1 823.885 0.324119 0.0223378 0.667521 -0.784433 -0.678935 -0.529203 -4.03837 -819.318 0 
8 823.827 0.319471 0.0222387 0.672399 -0.809083 -0.675732 -0.594795 -4.21693 -819.015 0 
1 823.919 0.316811 0.0222607 0.675181 -0.817555 -0.675739 -0.494097 -4.3234 -819.102 0 
4 824.7 0.319643 0.022401 0.673172 -0.793817 -0.715964 -1.596 -4.07901 -819.025 0 
7 823.695 0.318297 0.0224206 0.672982 -0.790942 -0.682583 -0.651848 -3.96749 -819.076 0 
2 823.999 0.31163 0.022463 0.67727 -0.781693 -0.690048 -0.282872 -4.6254 -819.091 0 
2 825.502 0.310174 0.0224046 0.675567 -0.763523 -0.679583 -0.955167 -5.28708 -819.26 0 
2 824.569 0.310884 0.0225071 0.677173 -0.770767 -0.701264 -0.483738 -4.93894 -819.146 0 
4 827.28 0.31481 0.0226422 0.672975 -0.76037 -0.666512 -3.32873 -4.44256 -819.508 0 
1 826.862 0.308373 0.0226197 0.678413 -0.762598 -0.689717 -1.89618 -5.74706 -819.219 0 
4 825.958 0.308521 0.0225409 0.677579 -0.771635 -0.648703 -1.2772 -5.48939 -819.191 0 
9 823.647 0.31729 0.0223858 0.670933 -0.772062 -0.670268 -0.306653 -4.00206 -819.339 0 
6 824.104 0.318469 0.0224912 0.671758 -0.77691 -0.680837 -0.936373 -3.91054 -819.257 0 
1 824.052 0.319719 0.0223161 0.672804 -0.81698 -0.646607 -0.736466 -4.28964 -819.026 0 
5 823.726 0.315411 0.0222715 0.674169 -0.819936 -0.595814 -0.547778 -4.09155 -819.087 0 
6 823.889 0.317481 0.0222533 0.673627 -0.822728 -0.625464 -0.56172 -4.24833 -819.079 0 
6 824.366 0.30914 0.0223329 0.681065 -0.812507 -0.698783 -0.089746 -4.88019 -819.396 0 
1 823.474 0.317068 0.0223456 0.673213 -0.79308 -0.685925 -0.389474 -4.03497 -819.05 0 
1 823.514 0.317413 0.022331 0.67393 -0.789999 -0.736428 -0.344312 -4.14504 -819.024 0 
1 825.329 0.325937 0.0222369 0.666549 -0.786892 -0.727455 -1.71923 -4.4254 -819.184 0 
2 826.436 0.322716 0.0222739 0.668583 -0.795933 -0.6875 -3.12014 -4.23251 -819.084 0 
2 827.491 0.313482 0.0223093 0.675135 -0.805103 -0.653901 -4.17806 -4.23405 -819.079 0 
5 827.778 0.312172 0.0224732 0.67763 -0.810187 -0.645454 -4.31081 -4.33487 -819.133 0 
1 825.825 0.308104 0.0223602 0.684446 -0.832957 -0.705388 -0.608207 -5.19275 -820.024 0 
7 824.032 0.311512 0.0223278 0.679265 -0.810744 -0.704239 -0.16105 -4.60752 -819.263 0 
12 825.056 0.322437 0.0222037 0.669357 -0.805229 -0.684551 -1.63702 -4.40526 -819.014 0 
1 826.089 0.317941 0.022176 0.673668 -0.823343 -0.679027 -2.38144 -4.57934 -819.128 0 
2 825.049 0.320531 0.022171 0.671991 -0.830105 -0.642994 -1.23552 -4.73711 -819.077 0 
1 825.371 0.319402 0.022261 0.673238 -0.826602 -0.656931 -1.65933 -4.62246 -819.089 0 
3 826.145 0.310142 0.0224089 0.679895 -0.825994 -0.62612 -2.22999 -4.5282 -819.387 0 
3 826.479 0.309875 0.022468 0.678255 -0.799707 -0.641079 -2.73491 -4.63024 -819.114 0 
2 826.717 0.307499 0.0224127 0.679072 -0.792252 -0.648435 -2.39057 -5.19543 -819.131 0 
1 827.07 0.314347 0.022302 0.671711 -0.786596 -0.610878 -3.72322 -4.15642 -819.19 0 
2 826.591 0.307087 0.0224446 0.679943 -0.795459 -0.64827 -2.20226 -5.23133 -819.157 0 
3 824.937 0.314055 0.0223435 0.677442 -0.811252 -0.668318 -1.57611 -4.24438 -819.116 0 
7 824.685 0.315958 0.0221946 0.674506 -0.821269 -0.615398 -1.45971 -4.13043 -819.095 0 
1 824.445 0.311142 0.0223164 0.675892 -0.801461 -0.60305 -0.946763 -4.4063 -819.092 0 
1 825.64 0.308929 0.022226 0.678261 -0.80958 -0.612607 -1.7859 -4.67553 -819.178 0 
4 823.814 0.31325 0.0222986 0.676009 -0.81313 -0.603993 -0.569321 -4.14945 -819.095 0 
2 824.006 0.313344 0.022416 0.676905 -0.817883 -0.585376 -0.77687 -4.12084 -819.108 0 
1 824.658 0.311347 0.0224828 0.679205 -0.824494 -0.574603 -1.20019 -4.25313 -819.205 0 
2 823.937 0.319465 0.0224355 0.671784 -0.807846 -0.592382 -0.849394 -3.98957 -819.098 0 
4 825.196 0.323522 0.0224625 0.666114 -0.778281 -0.608441 -1.5063 -3.95268 -819.737 0 
3 826.195 0.318457 0.0225341 0.673259 -0.779711 -0.69024 -3.08605 -3.92046 -819.188 0 
1 825.782 0.31571 0.0226004 0.674233 -0.765728 -0.698322 -2.22593 -4.23719 -819.319 0 
1 826.591 0.309169 0.0225266 0.680961 -0.775475 -0.754352 -2.17225 -5.30783 -819.111 0 
3 826.066 0.314955 0.0225838 0.674084 -0.75228 -0.724637 -2.02345 -4.55675 -819.485 0 
4 826.053 0.308859 0.0225048 0.678967 -0.753938 -0.767032 -0.984229 -5.87027 -819.199 0 
4 824.714 0.316461 0.0224384 0.670645 -0.753033 -0.699923 -0.789551 -4.29111 -819.633 0 
5 824.521 0.316301 0.0223918 0.671143 -0.759388 -0.705823 -0.873695 -4.2025 -819.445 0 
6 824.127 0.31889 0.0223583 0.668736 -0.749869 -0.70774 -0.239977 -4.06716 -819.82 0 
1 824.815 0.323689 0.022339 0.664604 -0.732989 -0.738292 -0.334225 -3.85958 -820.621 0 
7 825.14 0.326959 0.0222984 0.6614 -0.730723 -0.730887 -0.234251 -3.81767 -821.088 0 
3 825.569 0.310465 0.0222925 0.676634 -0.776921 -0.69293 -1.52984 -4.92887 -819.11 0 
2 825.312 0.324467 0.0221334 0.664494 -0.769496 -0.675785 -1.72455 -3.8762 -819.711 0 
1 827.453 0.324832 0.022048 0.662803 -0.757879 -0.697884 -3.6503 -3.81677 -819.986 0 
1 823.698 0.32168 0.0222545 0.668812 -0.768608 -0.740146 -0.513019 -3.85205 -819.333 0 
6 823.271 0.317471 0.0223269 0.671954 -0.771975 -0.721064 -0.0600786 -4.00879 -819.202 0 
1 824.308 0.318472 0.0221742 0.670329 -0.774608 -0.720976 -1.17391 -3.94637 -819.187 0 
7 826.332 0.314558 0.022168 0.672406 -0.774876 -0.685264 -2.87498 -4.27616 -819.181 0 
2 827.427 0.326497 0.0221833 0.660005 -0.751919 -0.6267 -2.52253 -4.05538 -820.849 0 
5 824.089 0.320334 0.0223934 0.667214 -0.757309 -0.650792 -0.130852 -3.98657 -819.972 0 
1 823.765 0.315162 0.0224134 0.672976 -0.76404 -0.703187 -0.129431 -4.31741 -819.319 0 
1 823.346 0.321557 0.0223151 0.669186 -0.779206 -0.69758 -0.198366 -3.88329 -819.264 0 
5 823.484 0.322617 0.0223381 0.66818 -0.775212 -0.70023 -0.239019 -3.87321 -819.372 0 
4 825.089 0.316588 0.0224565 0.67553 -0.78666 -0.731086 -1.93079 -4.1182 -819.04 0 
2 825.33 0.30985 0.02246 0.678901 -0.787615 -0.706181 -1.34977 -4.87488 -819.105 0 
1 824.023 0.318068 0.0224242 0.671319 -0.770203 -0.707501 -0.785704 -3.95385 -819.284 0 
2 823.853 0.324866 0.022264 0.665368 -0.768046 -0.700483 -0.308273 -3.88897 -819.656 0 
10 824.202 0.32414 0.0222077 0.667254 -0.784968 -0.714068 -0.86031 -4.14275 -819.199 0 
2 823.624 0.322208 0.0223028 0.669461 -0.778971 -0.739117 -0.462656 -3.99064 -819.171 0 
1 823.648 0.319922 0.0223958 0.67116 -0.768738 -0.747506 -0.495825 -3.90246 -819.25 0 
1 826.237 0.324717 0.0223786 0.665066 -0.758791 -0.709183 -2.53403 -3.81804 -819.885 0 
2 824.164 0.322578 0.022431 0.666849 -0.74362 -0.74326 -0.291657 -3.79985 -820.072 0 
2 823.908 0.323148 0.0223853 0.666635 -0.745603 -0.755792 -0.175359 -3.76356 -819.969 0 
1 823.807 0.324709 0.022323 0.665717 -0.754716 -0.736355 -0.155141 -3.78135 -819.871 0 
1 823.994 0.321427 0.0224036 0.668261 -0.739799 -0.794674 -0.293183 -3.85387 -819.847 0 
1 824.222 0.318692 0.0224469 0.67289 -0.763428 -0.791391 -0.997773 -4.03493 -819.19 0 
1 823.603 0.320089 0.0223325 0.670698 -0.784249 -0.707528 -0.524206 -3.95388 -819.125 0 
4 823.88 0.318078 0.0222058 0.673387 -0.802562 -0.71458 -0.635894 -4.22488 -819.02 0 
4 824.07 0.313327 0.0222319 0.676137 -0.796337 -0.703317 -0.65345 -4.34518 -819.072 0 
1 824.269 0.314121 0.0222562 0.673236 -0.787008 -0.646384 -0.954984 -4.19652 -819.117 0 
3 824.477 0.317057 0.0222467 0.670467 -0.783932 -0.644087 -1.30744 -3.961 -819.208 0 
2 823.981 0.313805 0.0224027 0.673912 -0.764471 -0.713268 -0.234976 -4.49926 -819.247 0 
4 823.938 0.314247 0.0224062 0.673624 -0.76428 -0.715108 -0.252129 -4.42993 -819.256 0 
6 824.564 0.314334 0.0224615 0.675337 -0.770681 -0.720696 -1.03928 -4.36596 -819.158 0 
2 825.406 0.314744 0.0225107 0.674613 -0.7614 -0.721804 -1.67333 -4.43225 -819.3 0 
4 824.842 0.321973 0.0225221 0.667889 -0.753873 -0.699753 -1.09194 -3.82817 -819.922 0 
1 826.072 0.31907 0.0226016 0.671613 -0.754531 -0.744894 -2.58506 -3.95882 -819.528 0 
3 827.095 0.321336 0.0226081 0.670411 -0.755177 -0.758179 -3.70902 -3.82316 -819.563 0 
8 825.856 0.314384 0.0225999 0.67583 -0.766956 -0.739247 -2.29806 -4.38932 -819.169 0 
3 825.519 0.306847 0.022394 0.681144 -0.788459 -0.720207 -0.771747 -5.54217 -819.205 0 
2 823.874 0.319163 0.0223288 0.669479 -0.774356 -0.676258 -0.655064 -3.87878 -819.34 0 
1 826.14 0.32275 0.0224706 0.667541 -0.778797 -0.646988 -2.7443 -3.89227 -819.504 0 
2 826.349 0.309207 0.022586 0.681583 -0.793812 -0.699231 -2.25729 -4.944 -819.148 0 
7 825.483 0.30743 0.0225178 0.682953 -0.8134 -0.667017 -1.04458 -5.0277 -819.411 0 
2 825.683 0.313839 0.022486 0.676695 -0.802298 -0.668947 -2.38441 -4.22984 -819.069 0 
2 825.733 0.312727 0.0225068 0.675414 -0.782428 -0.66022 -2.21243 -4.39913 -819.121 0 
3 825.36 0.308337 0.0224022 0.678199 -0.780971 -0.671379 -0.980188 -5.26706 -819.113 0 
5 823.804 0.315614 0.0222603 0.673059 -0.777576 -0.72245 -0.542122 -4.16023 -819.102 0 
3 824.504 0.321522 0.0221413 0.669665 -0.790009 -0.722635 -1.35419 -4.09024 -819.059 0 
14 824.791 0.318987 0.0221203 0.671312 -0.788566 -0.750525 -1.61321 -4.15997 -819.018 0 
4 824.743 0.313979 0.0222133 0.676536 -0.803735 -0.738559 -1.08753 -4.51119 -819.144 0 
4 824.836 0.320521 0.022186 0.672629 -0.819449 -0.69687 -1.12555 -4.66888 -819.042 0 
4 826.224 0.323155 0.0223175 0.67046 -0.813676 -0.682962 -2.50689 -4.72688 -818.991 0 
1 828.287 0.330807 0.0221446 0.661357 -0.790428 -0.670933 -3.60966 -5.15442 -819.523 0 
3 826.383 0.328621 0.0221615 0.665006 -0.811958 -0.655944 -1.88022 -5.40414 -819.098 0 
2 824.521 0.317669 0.0223347 0.675321 -0.812318 -0.698989 -1.13112 -4.32787 -819.062 0 
2 823.746 0.320529 0.02222 0.67086 -0.808558 -0.65632 -0.525071 -4.19883 -819.022 0 
2 824.297 0.324003 0.0222017 0.668342 -0.800521 -0.684227 -0.850881 -4.37994 -819.066 0 
1 824.398 0.326572 0.0222969 0.665693 -0.785748 -0.677995 -0.710517 -4.29165 -819.396 0 
4 824.329 0.31834 0.0222103 0.673071 -0.806534 -0.680236 -1.16576 -4.14115 -819.022 0 
2 825.131 0.31613 0.022292 0.67515 -0.795747 -0.708689 -1.96183 -4.13563 -819.034 0 
4 825.087 0.315165 0.0224483 0.67654 -0.778116 -0.766742 -1.72865 -4.30662 -819.052 0 
5 823.859 0.319064 0.0223907 0.671925 -0.780017 -0.72822 -0.771307 -3.97391 -819.114 0 
3 824.024 0.324064 0.0223027 0.666826 -0.787111 -0.65773 -0.627949 -4.05905 -819.337 0 
7 823.36 0.313951 0.0223176 0.675329 -0.793842 -0.676197 -0.0853962 -4.21677 -819.058 0 
1 827.846 0.3147 0.0223571 0.676128 -0.786882 -0.706829 -4.57361 -4.21504 -819.057 0 
1 827.622 0.321407 0.022342 0.671583 -0.788844 -0.712567 -4.54047 -3.99498 -819.087 0 
5 826.03 0.32778 0.0222481 0.66513 -0.783209 -0.688688 -2.20548 -4.35732 -819.467 0 
6 825.363 0.327512 0.0222004 0.663364 -0.768887 -0.683855 -1.41544 -4.06958 -819.878 0 
1 824.106 0.324324 0.0221977 0.666847 -0.785578 -0.686404 -0.751617 -4.07546 -819.279 0 
1 826.719 0.314573 0.0223606 0.67675 -0.79962 -0.682947 -3.48288 -4.18142 -819.054 0 
1 825.97 0.311373 0.0222518 0.679009 -0.80356 -0.709683 -2.18961 -4.59419 -819.186 0 
7 823.642 0.320265 0.0223963 0.670527 -0.776549 -0.71223 -0.526655 -3.88798 -819.227 0 
2 824.788 0.316421 0.0225097 0.675132 -0.785538 -0.707202 -1.65181 -4.06934 -819.067 0 
1 823.543 0.322801 0.0222603 0.667838 -0.78663 -0.671392 -0.307316 -3.9807 -819.255 0 
20 823.6 0.321386 0.0222235 0.669137 -0.797658 -0.646921 -0.4556 -4.0206 -819.123 0 
6 823.614 0.314754 0.0223026 0.674072 -0.80322 -0.629215 -0.476032 -4.07787 -819.061 0 
3 823.743 0.315607 0.0222398 0.674955 -0.816038 -0.639473 -0.504374 -4.15261 -819.086 0 
1 823.959 0.3204 0.0221763 0.670576 -0.805178 -0.665032 -0.784149 -4.14891 -819.026 0 
1 824.194 0.324798 0.0222223 0.666969 -0.800394 -0.639966 -0.673778 -4.33159 -819.189 0 
3 823.472 0.31725 0.0223427 0.674142 -0.806165 -0.663405 -0.350613 -4.08768 -819.034 0 
4 823.43 0.317887 0.0222799 0.673264 -0.808464 -0.662893 -0.271456 -4.12888 -819.03 0 
6 824.113 0.31584 0.0223224 0.675957 -0.825425 -0.641638 -0.61474 -4.33169 -819.167 0 
1 824.198 0.324312 0.0222168 0.667751 -0.800271 -0.66202 -0.74649 -4.33014 -819.122 0 
11 826.444 0.329198 0.0222247 0.665572 -0.798643 -0.71237 -2.11544 -5.18485 -819.144 0 
2 828.082 0.333026 0.0220454 0.660738 -0.787894 -0.732286 -2.93438 -5.71301 -819.435 0 
3 824.52 0.323021 0.0221552 0.669005 -0.790231 -0.73375 -1.24518 -4.21584 -819.059 0 
5 824.397 0.32003 0.0221341 0.671258 -0.79456 -0.738795 -1.1835 -4.20993 -819.004 0 
4 825.223 0.322746 0.0221642 0.670745 -0.809433 -0.722079 -1.56442 -4.67944 -818.979 0 
1 825.001 0.318673 0.0222978 0.675121 -0.804067 -0.769186 -1.40487 -4.55126 -819.045 0 
8 825.045 0.31934 0.0223483 0.674407 -0.783672 -0.822856 -1.6562 -4.39253 -818.996 0 
1 824.965 0.328252 0.0222835 0.665026 -0.758514 -0.808814 -1.18849 -4.17138 -819.605 0 
9 824.194 0.32576 0.0223491 0.664854 -0.734075 -0.806672 -0.208981 -3.70577 -820.28 0 
1 824.854 0.322475 0.0224039 0.668619 -0.741923 -0.805562 -1.26859 -3.79863 -819.787 0 
3 825.456 0.325608 0.0224132 0.66491 -0.745904 -0.757537 -1.57985 -3.75774 -820.118 0 
12 824.358 0.319221 0.0223856 0.67062 -0.752498 -0.760787 -0.865289 -3.97087 -819.522 0 
3 824.091 0.31963 0.0224148 0.668649 -0.742974 -0.734984 -0.106137 -4.03851 -819.947 0 
4 826.516 0.324026 0.0225692 0.664995 -0.719368 -0.763613 -1.47988 -3.92599 -821.11 0 
3 826.286 0.324377 0.0225509 0.664386 -0.723311 -0.728763 -1.0655 -3.98998 -821.23 0 
3 828.2 0.317591 0.0226112 0.669489 -0.723117 -0.719558 -2.59037 -4.92356 -820.686 0 
1 825.333 0.325236 0.0224927 0.664278 -0.738759 -0.702735 -0.713278 -3.86164 -820.758 0 
1 823.996 0.32364 0.0223835 0.667199 -0.759763 -0.72456 -0.49674 -3.7894 -819.71 0 
2 825.489 0.328181 0.0222493 0.662068 -0.756129 -0.720211 -1.33943 -3.99271 -820.157 0 
4 825.101 0.326056 0.0221667 0.664191 -0.761796 -0.720352 -1.40526 -3.88175 -819.814 0 
1 824.273 0.322755 0.0222573 0.667399 -0.770256 -0.697894 -0.945728 -3.82689 -819.5 0 
1 824.759 0.327793 0.0222631 0.664424 -0.780247 -0.67928 -0.873294 -4.30176 -819.584 0 
8 823.805 0.31584 0.0224262 0.674174 -0.783924 -0.678855 -0.617207 -4.07382 -819.114 0 
3 823.708 0.317126 0.0224319 0.671332 -0.787083 -0.611553 -0.500809 -3.95833 -819.249 0 
2 823.87 0.314737 0.0224883 0.674923 -0.78661 -0.655514 -0.611924 -4.14496 -819.114 0 
2 825.122 0.321027 0.0225517 0.669438 -0.776003 -0.632546 -1.7025 -3.86952 -819.55 0 
1 823.793 0.322318 0.0223374 0.66631 -0.783401 -0.59196 -0.239759 -3.9456 -819.608 0 
3 823.851 0.317874 0.0224241 0.669624 -0.782722 -0.582949 -0.402666 -3.99764 -819.451 0 
1 825.769 0.312147 0.0225155 0.677979 -0.805583 -0.603584 -2.40227 -4.28037 -819.086 0 
2 824.489 0.31093 0.0225111 0.677214 -0.812087 -0.528617 -1.0082 -4.36634 -819.114 0 
6 823.861 0.319383 0.0224293 0.669105 -0.801928 -0.508351 -0.408069 -4.05615 -819.397 0 
1 824.992 0.321556 0.0223655 0.665928 -0.793253 -0.523527 -1.28435 -4.07908 -819.629 0 
1 823.914 0.322591 0.0223082 0.66576 -0.800025 -0.518925 -0.215807 -4.16138 -819.537 0 
1 824.622 0.323776 0.0222287 0.66442 -0.804292 -0.500289 -0.710368 -4.33359 -819.578 0 
2 825.106 0.323092 0.0222146 0.666335 -0.812655 -0.510995 -1.46876 -4.30232 -819.335 0 
2 824.423 0.318946 0.02228 0.669612 -0.816986 -0.494703 -1.15881 -4.06516 -819.199 0 
4 823.987 0.323975 0.0223402 0.665238 -0.805668 -0.495837 -0.0381275 -4.37418 -819.575 0 
4 824.423 0.325345 0.0223832 0.665252 -0.813174 -0.494556 -0.313513 -4.6295 -819.48 0 
1 823.619 0.317735 0.0223883 0.670665 -0.818474 -0.494028 -0.426069 -4.02933 -819.164 0 
2 823.984 0.309533 0.0224045 0.680449 -0.84756 -0.515363 -0.131169 -4.3163 -819.536 0 
5 823.608 0.312477 0.0223581 0.676621 -0.843159 -0.492305 -0.214325 -4.1236 -819.27 0 
1 823.798 0.312167 0.0225046 0.675581 -0.822512 -0.477996 -0.495623 -4.17147 -819.131 0 
1 823.413 0.315736 0.0223597 0.673639 -0.820777 -0.53277 -0.321461 -4.00066 -819.091 0 
4 823.44 0.319737 0.0223609 0.668703 -0.815649 -0.481437 -0.048321 -4.12165 -819.27 0 
3 823.822 0.314246 0.022436 0.676178 -0.84727 -0.469581 -0.470216 -4.11764 -819.234 0 
2 824.877 0.312249 0.0224734 0.677278 -0.839945 -0.462312 -1.56582 -4.10588 -819.205 0 
2 823.685 0.314114 0.0224648 0.675584 -0.84376 -0.451277 -0.411396 -4.08465 -819.189 0 
8 824.162 0.31653 0.0225159 0.672542 -0.828286 -0.457539 -0.944593 -4.07036 -819.147 0 
1 823.747 0.315017 0.0224463 0.674435 -0.845322 -0.443112 -0.452383 -4.11517 -819.179 0 
1 824.619 0.317523 0.022321 0.674603 -0.865676 -0.470046 -0.548922 -4.69196 -819.378 0 
11 827.318 0.330384 0.0223342 0.662602 -0.822238 -0.513814 -2.0178 -5.84974 -819.451 0 
3 825.499 0.319178 0.0221526 0.670913 -0.843769 -0.484573 -2.01416 -4.36427 -819.12 0 
4 825.79 0.324913 0.022186 0.666546 -0.823099 -0.532651 -1.91368 -4.69648 -819.179 0 
3 827.435 0.329196 0.0223048 0.664652 -0.827071 -0.520621 -2.51511 -5.629 -819.29 0 
2 826.368 0.329232 0.0223561 0.660138 -0.788819 -0.513233 -1.11857 -4.89604 -820.353 0 
2 825.182 0.326844 0.0222858 0.665158 -0.819699 -0.520276 -0.905768 -4.95304 -819.324 0 
1 823.832 0.322009 0.0224058 0.668712 -0.812666 -0.533529 -0.416188 -4.18537 -819.23 0 
4 823.918 0.32296 0.0223507 0.66731 -0.813013 -0.512889 -0.305867 -4.29463 -819.318 0 
3 824.237 0.320439 0.0223396 0.671349 -0.837552 -0.511722 -0.731732 -4.41681 -819.089 0 
3 824.154 0.316752 0.0222946 0.674427 -0.850978 -0.492194 -0.61174 -4.31271 -819.23 0 
6 824.213 0.320222 0.0223354 0.66889 -0.830681 -0.463076 -0.746052 -4.2998 -819.167 0 
1 823.954 0.315644 0.0224331 0.674366 -0.831925 -0.516607 -0.773887 -4.06445 -819.116 0 
3 825.8 0.305345 0.0224866 0.682175 -0.835464 -0.511709 -1.4583 -4.84426 -819.498 0 
3 825.192 0.305278 0.0224125 0.684167 -0.85498 -0.501093 -0.50346 -4.71799 -819.971 0 
1 825.56 0.305084 0.0223271 0.684366 -0.876018 -0.467197 -0.309783 -4.67992 -820.57 0 
5 823.993 0.309191 0.0223691 0.679688 -0.860173 -0.4477 -0.111441 -4.2491 -819.633 0 
7 823.78 0.311999 0.022404 0.675927 -0.851484 -0.409765 -0.384135 -4.11958 -819.277 0 
5 823.78 0.314971 0.0224196 0.673642 -0.846709 -0.417643 -0.464934 -4.13286 -819.183 0 
3 823.864 0.313959 0.0223981 0.675259 -0.851954 -0.414764 -0.497524 -4.12919 -819.237 0 
1 824.263 0.314234 0.0223836 0.673475 -0.833129 -0.428575 -0.989947 -4.11788 -819.156 0 
2 825.854 0.309729 0.0224095 0.676383 -0.829165 -0.424144 -2.22792 -4.45434 -819.172 0 
1 826.061 0.307151 0.022456 0.67793 -0.823624 -0.430275 -1.98527 -4.89571 -819.18 0 
1 825.048 0.311225 0.0224303 0.67641 -0.824684 -0.473347 -1.64487 -4.26274 -819.141 0 
2 825.715 0.324647 0.0224445 0.662924 -0.799752 -0.438866 -0.95135 -4.6768 -820.087 0 
2 824.191 0.31208 0.0225014 0.6776 -0.824986 -0.529047 -0.902579 -4.14595 -819.142 0 
1 823.916 0.314182 0.0223051 0.675487 -0.822613 -0.567158 -0.737662 -4.06912 -819.109 0 
3 823.832 0.322968 0.0222596 0.666619 -0.809284 -0.540033 -0.304436 -4.23617 -819.291 0 
2 823.269 0.313795 0.0223778 0.674728 -0.805753 -0.582549 -0.0821043 -4.10188 -819.085 0 
2 823.908 0.316203 0.0222013 0.672973 -0.814926 -0.597476 -0.815865 -4.03025 -819.062 0 
4 823.973 0.3153 0.0222746 0.674146 -0.805625 -0.620718 -0.875018 -4.0386 -819.059 0 
6 824.195 0.316569 0.0223633 0.673808 -0.807843 -0.602316 -1.15152 -3.97876 -819.065 0 
5 824.041 0.315418 0.0223453 0.674268 -0.804326 -0.609299 -0.953647 -4.01896 -819.069 0 
3 823.626 0.315326 0.0224153 0.67285 -0.791663 -0.608712 -0.421985 -4.04925 -819.155 0 
2 823.637 0.313846 0.0224196 0.675539 -0.808765 -0.583343 -0.465557 -4.09159 -819.079 0 
1 823.601 0.316345 0.0223942 0.672056 -0.806272 -0.556693 -0.504299 -3.9671 -819.13 0 
1 823.703 0.31986 0.0223477 0.668657 -0.815074 -0.496284 -0.363657 -4.09894 -819.24 0 
8 823.727 0.317982 0.0223188 0.673378 -0.840821 -0.525447 -0.299219 -4.29616 -819.132 0 
1 823.735 0.319363 0.0222329 0.671486 -0.828738 -0.560904 -0.423196 -4.24744 -819.064 0 
3 825.385 0.309154 0.0222336 0.679721 -0.846674 -0.550311 -1.27179 -4.45736 -819.656 0 
1 825.808 0.316578 0.022214 0.672534 -0.843914 -0.50099 -2.38806 -4.24923 -819.171 0 
1 825.491 0.316481 0.0223258 0.673535 -0.837086 -0.532825 -2.14828 -4.20255 -819.14 0 
3 826.265 0.314133 0.0223221 0.675449 -0.831255 -0.572166 -2.88717 -4.18921 -819.188 0 
9 824.346 0.313843 0.0223924 0.677375 -0.83362 -0.591018 -0.82032 -4.265 -819.261 0 
1 824.675 0.310745 0.022354 0.679276 -0.851056 -0.526035 -0.766787 -4.32938 -819.578 0 
1 823.878 0.315518 0.0224914 0.673246 -0.821044 -0.493272 -0.735997 -4.01718 -819.125 0 
13 823.953 0.314789 0.0225093 0.675038 -0.811557 -0.558174 -0.840749 -4.023 -819.089 0 
1 823.597 0.316362 0.022463 0.673665 -0.8154 -0.555299 -0.529938 -3.98402 -819.083 0 
2 823.779 0.320354 0.0223283 0.66759 -0.802554 -0.519573 -0.354573 -4.04208 -819.383 0 
4 823.645 0.321121 0.0223482 0.668268 -0.793187 -0.577534 -0.30723 -3.95201 -819.386 0 
2 824.748 0.321376 0.0222619 0.666492 -0.787858 -0.587748 -1.3454 -3.93099 -819.471 0 
8 823.562 0.317558 0.0223141 0.673929 -0.818822 -0.621714 -0.362366 -4.14336 -819.056 0 
4 826.149 0.326798 0.0223528 0.667358 -0.809583 -0.63328 -2.17739 -4.83453 -819.137 0 
2 825.159 0.322694 0.0223371 0.670096 -0.809629 -0.624935 -1.82726 -4.25861 -819.073 0 
5 824.77 0.320621 0.0224194 0.670388 -0.787039 -0.640812 -1.62105 -3.87912 -819.27 0 
1 825.417 0.325612 0.0224218 0.662492 -0.764371 -0.584543 -0.750835 -4.13471 -820.532 0 
2 825.155 0.320622 0.0224932 0.667105 -0.767364 -0.575877 -0.936377 -4.13829 -820.081 0 
15 825.115 0.323497 0.022465 0.664002 -0.766542 -0.549672 -0.360693 -4.24444 -820.51 0 
4 825.117 0.325053 0.022472 0.663874 -0.776097 -0.560153 -0.757377 -4.17068 -820.188 0 
1 825.506 0.317586 0.0224496 0.670575 -0.767697 -0.630786 -1.76829 -4.13719 -819.601 0 
3 824.32 0.323962 0.0223564 0.66406 -0.764773 -0.610463 -0.137612 -3.97689 -820.205 0 
4 824.603 0.323258 0.0223853 0.664089 -0.76305 -0.592912 -0.224584 -4.04662 -820.332 0 
1 826.182 0.326725 0.0223695 0.661297 -0.75689 -0.615978 -1.36935 -4.08844 -820.724 0 
1 828.082 0.323569 0.0225319 0.662164 -0.735077 -0.611112 -2.14165 -4.39028 -821.55 0 
1 827.009 0.318036 0.0225171 0.668806 -0.753283 -0.661493 -2.9491 -4.15869 -819.901 0 
3 827.178 0.311008 0.0226766 0.676498 -0.760411 -0.67943 -2.68065 -5.1671 -819.331 0 
1 827.459 0.303824 0.0225731 0.683909 -0.77312 -0.723536 -1.40373 -6.86862 -819.187 0 
4 825.87 0.314862 0.0225692 0.672038 -0.74138 -0.70009 -1.08334 -4.8919 -819.895 0 
1 829.837 0.308841 0.0225932 0.67473 -0.731948 -0.699067 -3.16846 -6.80282 -819.866 0 
1 827.983 0.317711 0.0225693 0.66739 -0.705796 -0.743581 -1.25292 -5.35225 -821.378 0 
9 826.253 0.328415 0.0224334 0.66031 -0.720105 -0.734079 -0.569889 -3.89012 -821.793 0 
4 826.261 0.323131 0.0225425 0.66686 -0.739564 -0.753063 -2.27661 -3.77981 -820.204 0 
5 826.426 0.311452 0.0226237 0.677906 -0.7527 -0.784099 -2.01447 -5.1944 -819.217 0 
1 826.577 0.313458 0.0226595 0.675216 -0.75397 -0.712782 -2.35692 -4.7876 -819.432 0 
5 827.986 0.321717 0.0226664 0.668224 -0.729307 -0.748611 -3.41438 -4.02682 -820.545 0 
2 828.962 0.321804 0.0227256 0.667648 -0.740675 -0.681618 -4.40133 -4.03171 -820.529 0 
4 828.536 0.31595 0.0226596 0.669533 -0.746317 -0.618511 -3.45991 -4.81287 -820.263 0 
2 827.392 0.309692 0.0224918 0.674117 -0.76871 -0.582844 -2.49558 -5.46658 -819.429 0 
1 825.929 0.313963 0.0223731 0.67103 -0.762044 -0.632935 -1.72654 -4.63795 -819.565 0 
1 825.266 0.313572 0.0222282 0.672914 -0.781697 -0.645232 -1.78229 -4.32122 -819.163 0 
4 825.144 0.315616 0.0221481 0.672159 -0.795036 -0.643825 -2.0319 -4.03563 -819.077 0 
1 826.287 0.312054 0.022213 0.674715 -0.822305 -0.543509 -3.00234 -4.15035 -819.135 0 
4 825.056 0.309401 0.022221 0.681235 -0.84509 -0.61636 -0.478422 -4.713 -819.864 0 
3 824.752 0.311767 0.0222609 0.680098 -0.849087 -0.609738 -0.344647 -4.63944 -819.768 0 
9 824.925 0.315083 0.0221611 0.676336 -0.843053 -0.599645 -1.08049 -4.4623 -819.383 0 
1 823.886 0.316642 0.0222703 0.673168 -0.826453 -0.567121 -0.686287 -4.11131 -819.088 0 
6 824.169 0.315486 0.0222028 0.675211 -0.838784 -0.579985 -0.603916 -4.31583 -819.249 0 
5 825.234 0.31544 0.0221567 0.674683 -0.843817 -0.532405 -1.77847 -4.21619 -819.239 0 
1 825.253 0.324187 0.0222456 0.668542 -0.836606 -0.531347 -1.22618 -4.95091 -819.076 0 
1 824.417 0.319702 0.022312 0.672759 -0.845017 -0.534533 -0.703188 -4.58039 -819.134 0 
1 824.267 0.314692 0.0224988 0.676031 -0.822607 -0.551471 -1.135 -4.03583 -819.097 0 
2 824.208 0.315257 0.0224387 0.674104 -0.818087 -0.552698 -1.11334 -4.01102 -819.083 0 
2 823.386 0.315892 0.0223551 0.67267 -0.809843 -0.563063 -0.312564 -3.97944 -819.094 0 
2 828.129 0.306417 0.0224724 0.686087 -0.842619 -0.626092 -3.02676 -5.01592 -820.086 0 
1 828.035 0.300038 0.0223513 0.689328 -0.837124 -0.633868 -1.07881 -6.39682 -820.559 0 
1 827.573 0.29994 0.0224827 0.689172 -0.824596 -0.638797 -0.807529 -6.63829 -820.127 0 
3 826.091 0.314094 0.022602 0.67701 -0.808415 -0.593412 -2.93395 -4.08225 -819.074 0 
1 825.889 0.311809 0.0226446 0.677583 -0.802384 -0.570297 -2.4441 -4.34208 -819.103 0 
2 824.936 0.318856 0.0225379 0.669189 -0.782124 -0.566649 -1.35686 -4.00254 -819.577 0 
3 823.41 0.315117 0.0224108 0.673933 -0.795975 -0.610925 -0.247079 -4.05354 -819.109 0 
2 824.264 0.312381 0.0224272 0.674579 -0.797599 -0.572875 -0.838176 -4.29956 -819.126 0 
3 825.752 0.308965 0.0223488 0.676166 -0.804119 -0.536878 -1.89343 -4.73467 -819.124 0 
5 824.218 0.311279 0.0224572 0.675861 -0.791517 -0.587917 -0.51501 -4.56486 -819.138 0 
2 825.98 0.304454 0.0225017 0.684069 -0.811129 -0.61722 -1.0078 -5.59024 -819.382 0 
2 826.203 0.304484 0.0225844 0.683395 -0.805574 -0.596658 -1.26932 -5.67935 -819.255 0 
5 826.765 0.306086 0.0225852 0.68275 -0.796934 -0.63928 -2.07116 -5.50965 -819.184 0 
1 828.422 0.302909 0.0226237 0.686922 -0.820604 -0.602847 -3.01133 -5.7945 -819.616 0 
2 826.103 0.307781 0.0226241 0.681363 -0.807561 -0.588253 -2.04261 -4.89624 -819.164 0 
5 826.251 0.307737 0.0226546 0.679257 -0.79516 -0.55756 -1.92416 -5.19205 -819.134 0 
1 824.461 0.311476 0.0225096 0.678527 -0.81969 -0.565579 -1.07888 -4.23696 -819.145 0 
1 824.172 0.311977 0.0225461 0.677046 -0.823236 -0.509903 -0.889633 -4.15406 -819.128 0 
3 824.38 0.30841 0.0224408 0.681508 -0.859036 -0.479193 -0.259219 -4.35575 -819.765 0 
1 825.146 0.314367 0.0224665 0.673093 -0.828053 -0.451575 -1.93806 -4.06482 -819.143 0 
3 824.56 0.308944 0.02251 0.677939 -0.831328 -0.453556 -0.967989 -4.39147 -819.2 0 
3 824.658 0.308663 0.0225023 0.679411 -0.841077 -0.467389 -1.00187 -4.31973 -819.337 0 
1 827.619 0.313076 0.0224461 0.673555 -0.852376 -0.361438 -4.21498 -4.17093 -819.233 0 
3 824.705 0.310395 0.0224154 0.680602 -0.882577 -0.409833 -0.309041 -4.36673 -820.029 0 
1 824.641 0.31258 0.0224655 0.678472 -0.870697 -0.422344 -0.750488 -4.28491 -819.605 0 
1 825.097 0.322708 0.0223263 0.668471 -0.862465 -0.386483 -0.605237 -5.30188 -819.19 0 
3 825.018 0.317438 0.0224684 0.672195 -0.85232 -0.39851 -1.48437 -4.35038 -819.183 0 
2 827.051 0.325716 0.0224002 0.664656 -0.833276 -0.423281 -2.45194 -5.20807 -819.391 0 
1 827.826 0.323223 0.0224866 0.667465 -0.826182 -0.47387 -3.98173 -4.59226 -819.252 0 
3 828.27 0.323443 0.0225472 0.6686 -0.813766 -0.548174 -4.67729 -4.37768 -819.216 0 
2 827.392 0.317994 0.0226009 0.673882 -0.810515 -0.599987 -4.32178 -4.00891 -819.061 0 
3 827.207 0.320831 0.0224365 0.672306 -0.826619 -0.608595 -3.63997 -4.52854 -819.039 0 
1 826.628 0.317148 0.0223353 0.677432 -0.859896 -0.58949 -1.9833 -5.04459 -819.6 0 
2 828.88 0.328286 0.0223225 0.664299 -0.815523 -0.57479 -4.34278 -5.2719 -819.265 0 
2 829.396 0.325527 0.0223811 0.668146 -0.837778 -0.550042 -4.91827 -5.41994 -819.058 0 
1 829.461 0.320419 0.0223436 0.673626 -0.856724 -0.571901 -4.79446 -5.35922 -819.307 0 
2 829.136 0.320268 0.0222843 0.673407 -0.852004 -0.597978 -4.52735 -5.3197 -819.289 0 
2 827.272 0.3213 0.0221423 0.670033 -0.840203 -0.571914 -3.31486 -4.86966 -819.087 0 
2 824.461 0.319975 0.0221951 0.671149 -0.829267 -0.588972 -0.983949 -4.41981 -819.057 0 
4 825.226 0.319001 0.0221381 0.671593 -0.834073 -0.581679 -1.69323 -4.43705 -819.096 0 
3 825.542 0.314098 0.0221179 0.674179 -0.817383 -0.602132 -2.32812 -4.11384 -819.101 0 
1 825.179 0.323258 0.0220992 0.668041 -0.819713 -0.611575 -1.56099 -4.58142 -819.037 0 
2 825.193 0.316906 0.0221797 0.671963 -0.815518 -0.60267 -2.07278 -4.06485 -819.056 0 
4 825.118 0.313584 0.0222979 0.675444 -0.80943 -0.642106 -1.81808 -4.20915 -819.091 0 
4 824.341 0.319697 0.0222669 0.672223 -0.826441 -0.614356 -0.867681 -4.41957 -819.054 0 
9 824.413 0.320469 0.0222233 0.671813 -0.821567 -0.64929 -0.883638 -4.49906 -819.03 0 
1 825.598 0.316504 0.0224008 0.674309 -0.819911 -0.608141 -2.38481 -4.14054 -819.073 0 
11 823.878 0.315375 0.0224252 0.675978 -0.822261 -0.602436 -0.647545 -4.12518 -819.105 0 
1 824.079 0.316261 0.0224021 0.675743 -0.824954 -0.609373 -0.788926 -4.17952 -819.111 0 
1 825.65 0.326119 0.0222952 0.662938 -0.801751 -0.512504 -1.3665 -4.56954 -819.714 0 
4 826.296 0.327655 0.0222744 0.660554 -0.810343 -0.4297 -1.08158 -5.20186 -820.013 0 
1 824.386 0.321797 0.0224033 0.666981 -0.802132 -0.492387 -0.623619 -4.19921 -819.564 0 
2 823.846 0.322715 0.0222911 0.665836 -0.796618 -0.540021 -0.208017 -4.10657 -819.532 0 
2 823.827 0.322192 0.0223627 0.666025 -0.782768 -0.563117 -0.0528651 -4.01662 -819.758 0 
1 823.617 0.317147 0.0224154 0.670132 -0.795288 -0.531076 -0.211073 -4.04834 -819.357 0 
1 826.385 0.313158 0.0226474 0.674984 -0.803258 -0.529195 -3.0252 -4.20166 -819.159 0 
7 826.004 0.316121 0.0225392 0.672389 -0.808767 -0.525526 -2.85481 -3.98737 -819.162 0 
1 827.155 0.308729 0.0226223 0.679398 -0.817024 -0.537714 -3.45234 -4.53826 -819.164 0 
5 826.708 0.304124 0.0225609 0.686438 -0.833515 -0.6153 -1.40857 -5.36488 -819.935 0 
1 827.961 0.304573 0.0225559 0.684356 -0.822465 -0.611786 -3.03972 -5.33473 -819.587 0 
1 826.453 0.3124 0.0224908 0.67609 -0.80158 -0.613775 -3.12378 -4.24901 -819.08 0 
1 825.802 0.312398 0.0225999 0.678299 -0.802398 -0.641754 -2.42525 -4.29507 -819.082 0 
4 825.273 0.322897 0.0224963 0.669233 -0.786957 -0.656076 -2.00409 -3.96716 -819.301 0 
2 826.194 0.312417 0.0225825 0.677666 -0.791415 -0.638011 -2.7183 -4.38672 -819.089 0 
3 826.494 0.311232 0.0224216 0.677426 -0.78453 -0.660669 -2.71526 -4.67863 -819.1 0 
1 825.305 0.315063 0.0224134 0.672442 -0.77731 -0.610643 -1.6609 -4.289 -819.355 0 
1 825.093 0.317611 0.0224043 0.670718 -0.784705 -0.584223 -1.67119 -4.02827 -819.394 0 
5 827.966 0.305926 0.0224826 0.678549 -0.768796 -0.623331 -2.26519 -6.47048 -819.23 0 
2 827.438 0.310486 0.0224454 0.674753 -0.766181 -0.613301 -2.64918 -5.38266 -819.406 0 
3 827.777 0.320739 0.0224463 0.664242 -0.75204 -0.5423 -2.08701 -4.71561 -820.974 0 
4 827.533 0.323824 0.0223853 0.661642 -0.746391 -0.561773 -1.56106 -4.56395 -821.408 0 
1 829.636 0.322445 0.022301 0.660769 -0.741628 -0.5499 -3.18664 -4.81754 -821.632 0 
5 827.175 0.322405 0.022459 0.662288 -0.746392 -0.544684 -1.0451 -4.71827 -821.412 0 
2 828.499 0.323423 0.0224601 0.662531 -0.736522 -0.593789 -2.26771 -4.61631 -821.615 0 
3 828.489 0.322979 0.0226787 0.663961 -0.733471 -0.609488 -2.35476 -4.54299 -821.592 0 
2 829.388 0.326672 0.0226768 0.660773 -0.734084 -0.582694 -2.51522 -4.62393 -822.249 0 
6 829.385 0.32399 0.0226709 0.661752 -0.728238 -0.579551 -2.17115 -4.89159 -822.323 0 
2 829.77 0.32725 0.0226478 0.659227 -0.724107 -0.581475 -1.85404 -4.91644 -823 0 
1 829.446 0.335335 0.0225152 0.654812 -0.739762 -0.581508 -1.11761 -5.30358 -823.025 0 
4 828.65 0.329078 0.0224918 0.662439 -0.766337 -0.59991 -3.64051 -4.36844 -820.641 0 
3 828.448 0.33453 0.0224163 0.657005 -0.77395 -0.559356 -1.76544 -5.53537 -821.147 0 
2 828.621 0.329832 0.0225152 0.663017 -0.786935 -0.564405 -3.71359 -4.77213 -820.135 0 
1 828.208 0.332442 0.0224155 0.660165 -0.775701 -0.588617 -2.58509 -4.99426 -820.628 0 
2 828.341 0.328574 0.0222592 0.664639 -0.807536 -0.579522 -4.00049 -4.93404 -819.406 0 
1 827.621 0.334865 0.0222369 0.658324 -0.804556 -0.543228 -1.16 -6.41434 -820.046 0 
1 828.364 0.330837 0.0222421 0.663288 -0.817921 -0.557981 -3.24916 -5.73181 -819.383 0 
1 829.978 0.330952 0.0220486 0.661645 -0.819229 -0.543232 -4.77347 -5.78431 -819.42 0 
1 826.538 0.33044 0.0221219 0.661416 -0.81815 -0.527839 -1.36979 -5.68777 -819.481 0 
1 828.46 0.326854 0.022243 0.665806 -0.814856 -0.554076 -4.37105 -4.7972 -819.292 0 
1 827.926 0.327507 0.0223153 0.66651 -0.828136 -0.536851 -3.45794 -5.29059 -819.177 0 
2 828.387 0.325984 0.0222849 0.665383 -0.810927 -0.515234 -4.30064 -4.61354 -819.473 0 
2 828.487 0.328865 0.0224493 0.661694 -0.786471 -0.500049 -3.10574 -4.87371 -820.507 0 
1 830.531 0.330111 0.0224069 0.663056 -0.814308 -0.482538 -5.27074 -5.49362 -819.767 0 
4 828.467 0.333045 0.0222995 0.65853 -0.804977 -0.459227 -1.92905 -6.10718 -820.431 0 
1 825.05 0.327531 0.0222539 0.662037 -0.809395 -0.473963 -0.287986 -4.97558 -819.787 0 
2 825.212 0.327233 0.02234 0.663651 -0.82176 -0.450199 -0.465097 -5.17258 -819.574 0 
2 825.448 0.321991 0.0225436 0.668381 -0.8194 -0.450081 -1.6733 -4.38784 -819.387 0 
1 827.052 0.314378 0.0225278 0.673588 -0.818371 -0.438705 -3.58724 -4.24715 -819.218 0 
2 825.82 0.318262 0.0225591 0.669099 -0.813191 -0.397434 -1.81898 -4.44794 -819.553 0 
5 824.298 0.315426 0.0225265 0.672569 -0.824243 -0.42573 -0.918259 -4.16814 -819.211 0 
3 826.299 0.329199 0.0223529 0.659487 -0.807885 -0.393558 -0.165146 -5.68248 -820.452 0 
1 828.341 0.331978 0.0223192 0.655749 -0.794771 -0.378528 -0.552158 -6.36313 -821.426 0 
7 828.094 0.327524 0.0223479 0.661114 -0.800812 -0.421589 -2.52804 -5.18114 -820.384 0 
5 830.526 0.339012 0.0223475 0.65081 -0.774752 -0.43157 -0.0391471 -7.56647 -822.92 0 
10 830.421 0.33748 0.0224082 0.652794 -0.762766 -0.484504 -0.950978 -6.5806 -822.89 0 
1 830.118 0.337361 0.0223114 0.65231 -0.755108 -0.517693 -0.883039 -6.23194 -823.003 0 
2 830.151 0.336409 0.0222634 0.651741 -0.758574 -0.482375 -0.753616 -6.35334 -823.044 0 
4 829.155 0.334171 0.0222736 0.654591 -0.773718 -0.46899 -1.20503 -5.99836 -821.952 0 
1 829.005 0.336932 0.0223415 0.653089 -0.778901 -0.45565 -0.0751436 -6.80039 -822.129 0 
1 829.255 0.329712 0.0223084 0.657988 -0.775481 -0.46597 -2.63179 -5.25132 -821.372 0 
2 828.402 0.329724 0.0222831 0.66004 -0.792118 -0.483179 -2.79897 -5.12659 -820.476 0 
7 826.003 0.325701 0.0222731 0.663295 -0.807514 -0.460945 -1.49493 -4.71406 -819.794 0 
3 825.953 0.309135 0.022263 0.677686 -0.848863 -0.425106 -2.33879 -4.25702 -819.358 0 
2 825.49 0.312911 0.0221879 0.675976 -0.861288 -0.435877 -1.87379 -4.18512 -819.431 0 
3 827.844 0.30012 0.022373 0.688688 -0.865464 -0.490896 -1.49784 -5.53791 -820.809 0 
4 826.519 0.300358 0.0224998 0.686375 -0.856598 -0.431483 -0.964195 -5.46469 -820.09 0 
1 824.835 0.305876 0.0223995 0.681505 -0.856743 -0.434737 -0.62504 -4.50321 -819.707 0 
1 824.953 0.31455 0.0225027 0.670906 -0.829955 -0.351962 -1.24816 -4.39885 -819.306 0 
8 825.516 0.319707 0.022418 0.665594 -0.835272 -0.285385 -0.86501 -5.01803 -819.633 0 
2 826.104 0.318025 0.0222594 0.667367 -0.855241 -0.274482 -1.95703 -4.81004 -819.337 0 
1 824.671 0.308769 0.0223603 0.678344 -0.885648 -0.294688 -0.620073 -4.25246 -819.798 0 
7 824.205 0.312411 0.0224003 0.676827 -0.891562 -0.293932 -0.033728 -4.43683 -819.734 0 
1 824.458 0.313368 0.022346 0.674475 -0.872177 -0.333821 -0.757766 -4.29414 -819.406 0 
3 825.198 0.30443 0.0224053 0.683658 -0.891595 -0.330594 -0.30269 -4.42152 -820.473 0 
13 826.355 0.303397 0.0224364 0.684889 -0.902327 -0.314808 -0.937206 -4.48282 -820.935 0 
2 824.98 0.306921 0.022472 0.680501 -0.89605 -0.257454 -0.600908 -4.29982 -820.08 0 
6 825.545 0.312197 0.0222938 0.675829 -0.916055 -0.183786 -0.666169 -4.83068 -820.048 0 
1 827.382 0.317035 0.0222417 0.671999 -0.895063 -0.240524 -2.79469 -5.08462 -819.503 0 
1 827.1 0.315902 0.0223261 0.673545 -0.89395 -0.24711 -2.69001 -4.87952 -819.531 0 
8 824.3 0.315955 0.0223933 0.670938 -0.864244 -0.273092 -0.398336 -4.61272 -819.289 0 
2 824.704 0.317054 0.0223444 0.669909 -0.876194 -0.236206 -0.434593 -4.92965 -819.339 0 
2 825.425 0.311567 0.022393 0.675691 -0.884382 -0.244989 -1.47757 -4.42295 -819.524 0 
2 825.918 0.314022 0.0225972 0.671167 -0.856005 -0.216175 -1.61347 -4.91864 -819.386 0 
1 825.378 0.316562 0.022576 0.671021 -0.87222 -0.216259 -1.05606 -4.9686 -819.354 0 
1 828.594 0.312736 0.0226971 0.677373 -0.883213 -0.255661 -4.65627 -4.4556 -819.482 0 
1 827.684 0.313467 0.02256 0.67796 -0.90354 -0.25372 -3.1299 -4.70139 -819.853 0 
2 827.104 0.31596 0.0225541 0.675688 -0.893671 -0.279004 -2.68099 -4.84782 -819.575 0 
3 825.918 0.320154 0.0223994 0.665111 -0.847671 -0.240607 -0.985948 -5.32969 -819.602 0 
3 824.294 0.313357 0.0224375 0.673319 -0.869707 -0.271805 -0.539565 -4.42481 -819.33 0 
3 824.08 0.313386 0.0224809 0.673346 -0.854185 -0.312587 -0.492043 -4.33935 -819.249 0 
2 824.41 0.31428 0.0224322 0.671483 -0.847185 -0.31212 -0.741478 -4.41052 -819.258 0 
12 824.206 0.313295 0.0223568 0.673746 -0.862473 -0.32042 -0.635447 -4.2819 -819.288 0 
1 824.24 0.319424 0.0222704 0.669673 -0.861221 -0.364011 -0.303306 -4.72565 -819.211 0 
2 824.812 0.319235 0.0222551 0.669984 -0.862187 -0.38047 -0.883732 -4.71754 -819.211 0 
2 824.139 0.31298 0.0222673 0.676832 -0.864366 -0.443704 -0.389524 -4.24398 -819.506 0 
2 824.518 0.315598 0.0223296 0.674963 -0.860771 -0.46004 -0.773027 -4.38779 -819.357 0 
1 824.877 0.316295 0.0222334 0.67453 -0.867829 -0.461085 -0.811598 -4.61148 -819.454 0 
2 825.626 0.319141 0.0221456 0.671628 -0.878485 -0.401561 -1.11287 -5.11184 -819.401 0 
2 825.207 0.321243 0.0222578 0.669881 -0.86418 -0.420264 -0.900666 -5.10838 -819.198 0 
4 824.909 0.317032 0.0222205 0.673765 -0.872324 -0.435225 -0.735101 -4.72714 -819.446 0 
1 824.703 0.316743 0.0222938 0.674438 -0.873446 -0.427569 -0.540011 -4.69872 -819.464 0 
1 825.157 0.318505 0.0223611 0.674037 -0.866924 -0.445359 -1.09121 -4.74809 -819.317 0 
6 824.899 0.312387 0.0223873 0.679406 -0.876055 -0.445378 -0.650784 -4.41735 -819.831 0 
1 824.105 0.317123 0.0223585 0.674193 -0.861893 -0.44412 -0.328046 -4.48411 -819.293 0 
1 824.428 0.316499 0.0223619 0.675107 -0.86722 -0.444779 -0.48111 -4.54807 -819.398 0 
5 825.451 0.306286 0.0223658 0.684669 -0.875598 -0.499539 -0.104607 -4.72354 -820.623 0 
1 827.374 0.301497 0.0223331 0.689704 -0.883402 -0.531926 -0.0244971 -5.49415 -821.856 0 
1 827.515 0.299971 0.0224527 0.690574 -0.872157 -0.534987 -0.309034 -5.72196 -821.484 0 
1 827.939 0.300759 0.0224694 0.690822 -0.882226 -0.522753 -0.57671 -5.54377 -821.819 0 
8 826.554 0.301619 0.0225066 0.688502 -0.863365 -0.514707 -0.522203 -5.32386 -820.708 0 
1 825.59 0.307376 0.022502 0.68095 -0.845445 -0.479774 -1.65002 -4.4371 -819.503 0 
1 825.15 0.314952 0.0224406 0.670486 -0.814693 -0.424046 -1.58913 -4.25089 -819.31 0 
2 825.202 0.315657 0.0224191 0.669084 -0.80185 -0.431562 -1.224 -4.43983 -819.538 0 
8 826.102 0.319004 0.0225521 0.66605 -0.780511 -0.452968 -1.19796 -4.64411 -820.26 0 
2 826.649 0.319246 0.0225136 0.668632 -0.794518 -0.477449 -2.68502 -4.27484 -819.689 0 
1 825.936 0.326745 0.0225159 0.662684 -0.794587 -0.463595 -0.870987 -4.7963 -820.269 0 
1 825.619 0.31919 0.0225047 0.667942 -0.787285 -0.489204 -1.48156 -4.30775 -819.829 0 
3 825.077 0.309843 0.0224523 0.678996 -0.83378 -0.491555 -1.54983 -4.28763 -819.239 0 
1 825.979 0.314242 0.0223859 0.674218 -0.830912 -0.450728 -2.74428 -4.09431 -819.14 0 
1 823.674 0.316724 0.0223772 0.673557 -0.851201 -0.437312 -0.235784 -4.24998 -819.188 0 
3 825.456 0.318361 0.0222954 0.673675 -0.858097 -0.469758 -1.67247 -4.54408 -819.239 0 
1 825.726 0.316811 0.0222298 0.676037 -0.884138 -0.460003 -0.794306 -5.1307 -819.801 0 
7 826.288 0.316188 0.0220873 0.674969 -0.871026 -0.48835 -1.93688 -4.7496 -819.601 0 
5 826.956 0.323235 0.0221062 0.667355 -0.849799 -0.481583 -2.67706 -5.17088 -819.108 0 
1 826.254 0.319672 0.0222049 0.673775 -0.868369 -0.530721 -1.40197 -5.38624 -819.466 0 
6 826.513 0.316049 0.0221712 0.674853 -0.85269 -0.558387 -2.47691 -4.62436 -819.412 0 
2 827.021 0.311328 0.0223226 0.679283 -0.841134 -0.607646 -2.88934 -4.54797 -819.583 0 
1 826.579 0.312476 0.0222477 0.681359 -0.852796 -0.661493 -1.47289 -5.04401 -820.062 0 
8 827.043 0.311548 0.0222312 0.682036 -0.863717 -0.648922 -1.20966 -5.34826 -820.485 0 
1 827.087 0.317446 0.0220599 0.675555 -0.833202 -0.733256 -2.41688 -5.23179 -819.438 0 
3 825.553 0.323086 0.0222333 0.669995 -0.812691 -0.690358 -1.84237 -4.72232 -818.988 0 
6 824.249 0.324001 0.0221955 0.667369 -0.784487 -0.720771 -0.922046 -4.14279 -819.184 0 
1 825.118 0.317616 0.0221004 0.671721 -0.796184 -0.698388 -2.00609 -4.08324 -819.029 0 
1 827.265 0.311194 0.022052 0.679179 -0.829076 -0.691636 -2.89091 -4.76809 -819.606 0 
3 827.523 0.307279 0.0221825 0.68449 -0.838293 -0.704575 -1.90117 -5.33745 -820.284 0 
1 829.108 0.316874 0.0219811 0.675222 -0.835614 -0.678682 -4.99237 -4.75711 -819.358 0 
6 828.608 0.323288 0.0219543 0.666402 -0.809253 -0.645371 -5.11067 -4.44746 -819.05 0 
6 828.055 0.327118 0.0221123 0.662517 -0.791095 -0.626423 -4.08208 -4.46296 -819.51 0 
1 824.714 0.311648 0.0221974 0.677985 -0.81475 -0.682453 -0.915706 -4.5313 -819.267 0 
2 828.17 0.316383 0.0221042 0.676377 -0.824482 -0.70895 -4.30513 -4.60125 -819.263 0 
1 825.522 0.323197 0.022076 0.667773 -0.792677 -0.699433 -2.25923 -4.15863 -819.104 0 
6 823.274 0.31852 0.0223554 0.6722 -0.778837 -0.728545 -0.179241 -3.97668 -819.118 0 
3 823.745 0.322724 0.0222862 0.66832 -0.771619 -0.746522 -0.531609 -3.92277 -819.29 0 
2 823.965 0.324554 0.0222244 0.666653 -0.765616 -0.768567 -0.606855 -3.94698 -819.412 0 
2 825.441 0.33037 0.0221464 0.661556 -0.766517 -0.73285 -1.13204 -4.43372 -819.876 0 
1 829.091 0.335519 0.021989 0.657897 -0.786919 -0.687898 -3.18334 -6.08387 -819.824 0 
2 828.59 0.33471 0.0220767 0.658721 -0.779367 -0.681658 -3.032 -5.50783 -820.05 0 
1 828.599 0.336244 0.0220615 0.655894 -0.77227 -0.665827 -2.33605 -5.70738 -820.556 0 
2 827.69 0.33445 0.0221122 0.659524 -0.795059 -0.655786 -1.9598 -6.04628 -819.683 0 
1 831.089 0.334076 0.0219055 0.660145 -0.822024 -0.635468 -4.743 -7.16785 -819.178 0 
2 828.044 0.324117 0.0220573 0.670671 -0.843349 -0.657023 -3.10111 -5.82414 -819.119 0 
4 829.028 0.323232 0.0221282 0.671745 -0.844425 -0.630787 -4.44429 -5.45794 -819.126 0 
2 827.939 0.317044 0.0221046 0.675248 -0.82966 -0.659135 -4.26954 -4.46262 -819.206 0 
4 827.205 0.312031 0.0221416 0.679784 -0.83525 -0.672324 -2.89389 -4.6828 -819.629 0 
3 824.887 0.311366 0.0222436 0.679339 -0.826195 -0.646212 -1.02848 -4.47558 -819.383 0 
1 825.304 0.315531 0.0222195 0.672061 -0.806665 -0.592089 -2.22717 -4.00146 -819.076 0 
4 825.495 0.309053 0.0222268 0.678711 -0.808987 -0.653465 -1.52709 -4.73378 -819.234 0 
1 825.621 0.305112 0.0223283 0.68305 -0.807002 -0.684231 -0.534925 -5.61678 -819.469 0 
13 824.293 0.311824 0.0222329 0.67789 -0.811553 -0.684524 -0.574685 -4.49917 -819.219 0 
1 824.901 0.309218 0.0223073 0.680533 -0.812969 -0.695082 -0.652632 -4.85912 -819.39 0 
2 827.349 0.314618 0.0222902 0.67163 -0.804301 -0.552592 -4.18246 -4.03593 -819.13 0 
1 826.904 0.316295 0.0221666 0.671798 -0.826686 -0.54879 -3.72823 -4.0851 -819.091 0 
2 825.467 0.310698 0.0221934 0.676975 -0.824803 -0.579761 -1.90841 -4.31986 -819.239 0 
3 826.082 0.319777 0.0221167 0.668067 -0.805205 -0.581562 -2.94889 -3.98472 -819.149 0 
3 823.68 0.318493 0.0223012 0.672173 -0.819597 -0.593652 -0.498658 -4.1307 -819.05 0 
4 825.434 0.30981 0.0222207 0.681099 -0.850393 -0.585901 -0.998323 -4.58137 -819.854 0 
2 825.194 0.310364 0.0222117 0.680621 -0.83942 -0.632176 -0.859048 -4.63656 -819.698 0 
1 825.529 0.318379 0.0220781 0.673091 -0.828608 -0.648397 -1.89136 -4.50901 -819.129 0 
1 824.846 0.316528 0.022161 0.674813 -0.82559 -0.666773 -1.17896 -4.48126 -819.186 0 
5 825.181 0.321796 0.0223065 0.672032 -0.812249 -0.689169 -1.6941 -4.49198 -818.995 0 
2 827.459 0.324075 0.0224393 0.670295 -0.807619 -0.68265 -3.82169 -4.62226 -819.015 0 
4 826.616 0.310678 0.0225383 0.681212 -0.807881 -0.714796 -2.59765 -4.73548 -819.283 0 
3 829.548 0.331228 0.0224111 0.661816 -0.77138 -0.695094 -4.86825 -4.69217 -819.988 0 
1 827.646 0.331422 0.022293 0.661608 -0.783679 -0.67278 -2.87525 -5.03729 -819.733 0 
2 826.572 0.32435 0.022328 0.670448 -0.817073 -0.667044 -2.75663 -4.82157 -818.994 0 
1 827.099 0.322783 0.0222553 0.671609 -0.822904 -0.658189 -3.35992 -4.73353 -819.006 0 
5 827.732 0.318147 0.022315 0.676145 -0.819468 -0.703391 -4.13464 -4.48265 -819.115 0 
3 831.037 0.312998 0.0221405 0.681147 -0.837275 -0.738754 -6.01249 -5.12856 -819.896 0 
2 831.902 0.306389 0.022231 0.688183 -0.858086 -0.723322 -4.6013 -5.90884 -821.392 0 
5 829.394 0.299802 0.0222254 0.691629 -0.862867 -0.671363 -0.569506 -6.63113 -822.193 0 
1 830.103 0.298716 0.0222785 0.692188 -0.84741 -0.726108 -0.843866 -7.2829 -821.976 0 
3 828.042 0.308199 0.022257 0.681824 -0.828594 -0.690505 -3.13687 -5.09535 -819.81 0 
1 829.208 0.308735 0.0220875 0.681449 -0.837723 -0.703818 -3.83088 -5.25914 -820.118 0 
4 830.848 0.309785 0.0219857 0.680228 -0.845602 -0.684463 -5.45829 -5.20277 -820.187 0 
1 833.019 0.307375 0.0219437 0.680244 -0.828042 -0.690174 -7.97603 -5.18389 -819.859 0 
5 831.439 0.316657 0.0218544 0.67265 -0.837878 -0.62075 -7.63572 -4.53523 -819.268 0 
8 828.239 0.319859 0.0219535 0.671517 -0.843913 -0.601444 -4.19354 -4.85367 -819.192 0 
3 827.837 0.3191 0.0219797 0.672715 -0.842735 -0.623134 -3.7506 -4.84331 -819.243 0 
2 827.231 0.316156 0.0221018 0.676398 -0.848965 -0.614433 -3.03265 -4.71104 -819.487 0 
1 824.259 0.321956 0.022239 0.670429 -0.822442 -0.618553 -0.713992 -4.52228 -819.023 0 
1 824.343 0.321194 0.0221446 0.66946 -0.809812 -0.637257 -1.09225 -4.21183 -819.039 0 
4 824.176 0.311926 0.0222603 0.678816 -0.817241 -0.680443 -0.381245 -4.50607 -819.289 0 
12 823.376 0.316166 0.0223062 0.672307 -0.784552 -0.660259 -0.202282 -4.02787 -819.146 0 
2 823.598 0.322863 0.0222701 0.666663 -0.777407 -0.65338 -0.205039 -3.87636 -819.516 0 
3 823.832 0.322303 0.0223935 0.667553 -0.771601 -0.670852 -0.439894 -3.83314 -819.559 0 
1 823.276 0.318946 0.0223387 0.671632 -0.779756 -0.713139 -0.19684 -3.93355 -819.146 0 
4 824.394 0.317016 0.0221586 0.672477 -0.785286 -0.727449 -1.2605 -4.08326 -819.05 0 
1 825.527 0.317882 0.0221313 0.670687 -0.784639 -0.711285 -2.4359 -4.01083 -819.081 0 
8 824.352 0.31105 0.0223097 0.679889 -0.798788 -0.75551 -0.303396 -4.81792 -819.23 0 
2 825.267 0.314682 0.0221452 0.674415 -0.7813 -0.754609 -1.88752 -4.32913 -819.05 0 
1 825.494 0.314203 0.0221328 0.675224 -0.794538 -0.72315 -2.11765 -4.31713 -819.06 0 
3 825.512 0.324993 0.0220623 0.666266 -0.790135 -0.713656 -2.04133 -4.3248 -819.146 0 
7 824.009 0.317699 0.0221802 0.673111 -0.79512 -0.72836 -0.82793 -4.1636 -819.018 0 
10 824.606 0.316202 0.0223055 0.672093 -0.773894 -0.713946 -1.3441 -4.09727 -819.165 0 
2 824.533 0.31525 0.0223115 0.672027 -0.763629 -0.7164 -0.957673 -4.28472 -819.29 0 
1 824.226 0.318143 0.0222339 0.669817 -0.760017 -0.734709 -0.822786 -4.00357 -819.4 0 
5 825.749 0.322269 0.0222646 0.665131 -0.735969 -0.727495 -1.35758 -3.94247 -820.449 0 
2 824.91 0.325636 0.0222677 0.664363 -0.751455 -0.72215 -0.986401 -3.79382 -820.129 0 
5 825.497 0.326627 0.0221425 0.664313 -0.773144 -0.70128 -1.82772 -4.06102 -819.609 0 
5 823.968 0.325689 0.02229 0.66542 -0.779605 -0.661955 -0.338892 -4.06292 -819.566 0 
3 823.733 0.322394 0.02226 0.66873 -0.786297 -0.685225 -0.560976 -3.96534 -819.207 0 
1 823.725 0.318736 0.0224171 0.672385 -0.789253 -0.687314 -0.67578 -3.96163 -819.088 0 
2 824.861 0.319295 0.0223667 0.671067 -0.788478 -0.686341 -1.7931 -3.96247 -819.106 0 
6 825.866 0.320574 0.0222141 0.668658 -0.784904 -0.689143 -2.75522 -3.94223 -819.169 0 
12 825.479 0.313235 0.0222296 0.676768 -0.807803 -0.712624 -1.81538 -4.49203 -819.172 0 
3 825.693 0.307131 0.0223207 0.684442 -0.808654 -0.796435 -0.147132 -5.73 -819.816 0 
3 824.834 0.30922 0.0223169 0.680504 -0.785378 -0.796072 -0.301228 -5.30644 -819.226 0 
7 824.492 0.310885 0.0222968 0.678922 -0.771698 -0.825454 -0.21987 -5.15821 -819.114 0 
7 824.565 0.32023 0.0222404 0.668481 -0.748712 -0.794024 -1.12106 -3.91329 -819.53 0 
8 824.098 0.314937 0.0222091 0.674781 -0.775402 -0.789787 -0.642035 -4.40502 -819.051 0 
7 823.985 0.322891 0.0222082 0.667865 -0.750878 -0.82335 -0.650678 -3.85573 -819.479 0 
3 824.118 0.312775 0.022288 0.676962 -0.765165 -0.837521 -0.152685 -4.88326 -819.082 0 
8 824.429 0.314196 0.0222394 0.674981 -0.763015 -0.828228 -0.712218 -4.62967 -819.087 0 
7 824.645 0.31836 0.0222699 0.670981 -0.751926 -0.826977 -1.23648 -4.12816 -819.28 0 
2 824.977 0.322769 0.0222634 0.667381 -0.74092 -0.85028 -1.4915 -3.86159 -819.624 0 
3 824.336 0.315635 0.0223954 0.676425 -0.767703 -0.852809 -0.739181 -4.54669 -819.05 0 
4 824.105 0.315328 0.0223805 0.675969 -0.759434 -0.85613 -0.451879 -4.56461 -819.088 0 
5 823.754 0.321239 0.0222895 0.669889 -0.758299 -0.822192 -0.516179 -3.97547 -819.262 0 
3 824.791 0.310931 0.0223546 0.677311 -0.7635 -0.793294 -0.556696 -5.12403 -819.111 0 
3 825.498 0.310686 0.0223602 0.680038 -0.776869 -0.809413 -1.25958 -5.11174 -819.126 0 
2 824.002 0.316315 0.0223527 0.673443 -0.749654 -0.821888 -0.35208 -4.37076 -819.279 0 
2 823.999 0.31889 0.0222445 0.671539 -0.753747 -0.858426 -0.627885 -4.18474 -819.186 0 
1 825.057 0.327112 0.0221665 0.663537 -0.734065 -0.85827 -1.20008 -3.79168 -820.066 0 
2 824.4 0.318914 0.0221652 0.672857 -0.76943 -0.861971 -1.01287 -4.36101 -819.026 0 
4 825.311 0.327139 0.0221117 0.665783 -0.7755 -0.798688 -1.609 -4.49522 -819.207 0 
18 824.319 0.322992 0.0222385 0.670049 -0.768524 -0.843803 -1.00239 -4.22215 -819.094 0 
7 823.463 0.318918 0.0222522 0.671435 -0.766531 -0.790063 -0.272703 -4.03676 -819.153 0 
2 823.976 0.322408 0.0222403 0.667716 -0.760481 -0.773222 -0.702561 -3.85271 -819.421 0 
1 824.681 0.319537 0.0222795 0.668289 -0.750658 -0.747606 -1.10506 -3.93464 -819.642 0 
3 825.481 0.317525 0.022309 0.669733 -0.745335 -0.768175 -1.69739 -4.18419 -819.6 0 
6 824.225 0.311431 0.0224156 0.677639 -0.763881 -0.791657 -0.0980134 -5.01906 -819.108 0 
2 824.692 0.320768 0.0224476 0.671184 -0.750507 -0.82609 -1.36841 -3.93324 -819.391 0 
5 825.541 0.31579 0.0224817 0.677041 -0.771392 -0.841018 -1.99729 -4.50155 -819.042 0 
1 825.553 0.3196 0.022433 0.673914 -0.77418 -0.833209 -2.2474 -4.28276 -819.023 0 
3 827 0.307789 0.0223143 0.685613 -0.804258 -0.881462 -0.74871 -6.19425 -820.057 0 
1 825.877 0.310476 0.0223456 0.680887 -0.777333 -0.884222 -1.07035 -5.53694 -819.27 0 
1 825.911 0.31903 0.022402 0.673503 -0.760472 -0.880342 -2.48327 -4.35583 -819.072 0 
3 824.541 0.31721 0.0222975 0.675644 -0.761731 -0.925408 -0.772546 -4.72745 -819.041 0 
2 825.099 0.31286 0.0222659 0.678517 -0.773134 -0.895027 -0.759947 -5.18721 -819.152 0 
3 826.193 0.310464 0.0223839 0.682548 -0.770408 -0.950611 -0.927639 -5.916 -819.349 0 
1 825.363 0.315477 0.0222465 0.676448 -0.770417 -0.909099 -1.34461 -4.94305 -819.075 0 
5 825.627 0.312184 0.0223103 0.678222 -0.768823 -0.872245 -1.36786 -5.144 -819.115 0 
3 825.084 0.318042 0.0222677 0.67546 -0.771094 -0.903918 -1.39079 -4.67176 -819.021 0 
1 825.12 0.313465 0.0222178 0.677967 -0.769034 -0.893566 -0.985913 -5.02883 -819.105 0 
3 824.503 0.316273 0.0221862 0.675322 -0.773538 -0.863929 -0.871347 -4.59391 -819.038 0 
2 825.199 0.317605 0.0223221 0.672916 -0.76826 -0.810856 -1.89834 -4.22098 -819.08 0 
4 824.907 0.314843 0.0221826 0.675615 -0.787645 -0.799582 -1.273 -4.56434 -819.07 0 
2 824.825 0.314925 0.0221852 0.675511 -0.77399 -0.849561 -1.09634 -4.67325 -819.055 0 
4 825.685 0.307498 0.0224155 0.683121 -0.767449 -0.885727 -0.170456 -6.22806 -819.287 0 
1 824.871 0.318971 0.0223898 0.672925 -0.74791 -0.900943 -1.38006 -4.30762 -819.183 0 
2 824.424 0.316871 0.0223387 0.675444 -0.764187 -0.89017 -0.788998 -4.59237 -819.042 0 
8 827.23 0.305908 0.0224149 0.686147 -0.772194 -0.950971 -0.553091 -7.00593 -819.671 0 
5 826.507 0.311279 0.0224465 0.681264 -0.755812 -0.945221 -1.67058 -5.67392 -819.163 0 
1 826.917 0.308468 0.0224953 0.683615 -0.763495 -0.915647 -1.49735 -6.15119 -819.269 0 
4 825.951 0.311884 0.0225342 0.679015 -0.74491 -0.899283 -1.37438 -5.4222 -819.154 0 
1 826.636 0.319602 0.0225707 0.669464 -0.70123 -0.895561 -1.50762 -4.5228 -820.605 0 
3 825.944 0.317675 0.0224655 0.671238 -0.699572 -0.932896 -0.687527 -4.95658 -820.3 0 
1 826.608 0.306933 0.0224634 0.681437 -0.735121 -0.911549 -0.262251 -7.11829 -819.228 0 
1 827.349 0.306089 0.0225151 0.682051 -0.732199 -0.91065 -0.581923 -7.51716 -819.25 0 
2 828.827 0.305746 0.0225134 0.682707 -0.752526 -0.870847 -2.68019 -6.93556 -819.211 0 
1 826.806 0.30879 0.0225175 0.681635 -0.767739 -0.846577 -1.91089 -5.72378 -819.171 0 
3 827.004 0.313873 0.0225661 0.676985 -0.741107 -0.894662 -2.78572 -5.00953 -819.209 0 
2 827.833 0.308609 0.0226169 0.680927 -0.7419 -0.878083 -2.34031 -6.30032 -819.193 0 
1 826.206 0.308427 0.0225284 0.681196 -0.746522 -0.878618 -0.765304 -6.27052 -819.17 0 
2 825.733 0.312029 0.02235 0.674653 -0.744927 -0.795251 -1.2081 -5.20359 -819.322 0 
3 824.731 0.311387 0.0224154 0.676801 -0.765099 -0.762454 -0.655324 -4.95228 -819.124 0 
4 824.724 0.308605 0.0223268 0.68176 -0.792755 -0.785726 -0.0360587 -5.35821 -819.329 0 
1 825.066 0.309339 0.0222819 0.680696 -0.796085 -0.778819 -0.542198 -5.19712 -819.327 0 
3 825.359 0.307245 0.02235 0.684075 -0.806585 -0.777406 -0.114208 -5.57785 -819.667 0 
7 824.914 0.307276 0.0223659 0.6819 -0.787925 -0.762788 -0.0691187 -5.57922 -819.265 0 
3 824.935 0.313968 0.0222177 0.673978 -0.781604 -0.717293 -1.54676 -4.31638 -819.071 0 
9 825.607 0.313999 0.0221726 0.677787 -0.814212 -0.728737 -1.78426 -4.56305 -819.26 0 
1 824.881 0.31441 0.0222774 0.67811 -0.823828 -0.686173 -1.09891 -4.49005 -819.292 0 
2 826.799 0.328095 0.0221621 0.664533 -0.826987 -0.568311 -2.08882 -5.58194 -819.128 0 
7 826.049 0.325801 0.0220979 0.666596 -0.829332 -0.590897 -1.7695 -5.24044 -819.039 0 
4 826.93 0.329357 0.0220628 0.663109 -0.8205 -0.587027 -2.10715 -5.63383 -819.189 0 
2 825.951 0.329269 0.0221177 0.662519 -0.806379 -0.58858 -1.41397 -5.11045 -819.426 0 
3 827.596 0.329157 0.0220481 0.659958 -0.791951 -0.570853 -2.94585 -4.76858 -819.882 0 
1 825.978 0.32541 0.0221543 0.663324 -0.799806 -0.553873 -2.06798 -4.37914 -819.531 0 
1 826.407 0.325979 0.0221621 0.661314 -0.789243 -0.519589 -1.9366 -4.4252 -820.045 0 
3 824.8 0.319565 0.0222284 0.669099 -0.818555 -0.499817 -1.52413 -4.09157 -819.185 0 
6 824.507 0.32243 0.0222992 0.666777 -0.826987 -0.435767 -0.648961 -4.52911 -819.329 0 
2 824.009 0.319881 0.0222888 0.667826 -0.826417 -0.430262 -0.439732 -4.29301 -819.276 0 
1 823.717 0.310995 0.022457 0.677856 -0.845666 -0.457747 -0.271621 -4.14473 -819.3 0 
1 825.52 0.306557 0.0224401 0.681886 -0.856294 -0.467783 -1.27005 -4.47691 -819.773 0 
1 825.59 0.31282 0.0224491 0.676742 -0.867737 -0.399949 -1.87536 -4.2404 -819.474 0 
6 826.05 0.3097 0.0224419 0.68254 -0.895908 -0.403262 -0.952307 -4.56457 -820.533 0 
5 825.442 0.310087 0.0223782 0.679536 -0.900604 -0.319592 -0.741242 -4.45211 -820.249 0 
5 824.923 0.312252 0.0224614 0.677209 -0.894606 -0.285506 -0.656926 -4.47361 -819.792 0 
2 825.92 0.311437 0.0223346 0.679981 -0.92199 -0.289287 -0.191825 -4.94456 -820.783 0 
2 824.752 0.312643 0.0223478 0.677012 -0.902866 -0.284522 -0.127505 -4.6387 -819.986 0 
3 825.442 0.310733 0.0222973 0.679902 -0.912945 -0.306515 -0.181608 -4.67943 -820.581 0 
4 825.517 0.318879 0.0222188 0.671318 -0.896046 -0.284023 -0.592155 -5.41181 -819.513 0 
1 825.187 0.319731 0.0222455 0.668977 -0.883587 -0.262544 -0.499839 -5.34444 -819.343 0 
6 824.502 0.312859 0.0223061 0.675528 -0.884563 -0.302309 -0.536135 -4.38425 -819.581 0 
2 824.741 0.309815 0.0224105 0.680112 -0.885763 -0.354079 -0.526927 -4.2719 -819.942 0 
2 824.986 0.307966 0.0222938 0.680143 -0.884902 -0.359574 -0.627851 -4.28349 -820.075 0 
1 825.539 0.307552 0.0224734 0.683558 -0.886781 -0.413795 -0.653557 -4.44161 -820.444 0 
2 826.5 0.301723 0.0226169 0.685541 -0.867701 -0.36278 -1.50744 -4.97197 -820.021 0 
7 828.183 0.300397 0.0227081 0.685315 -0.849474 -0.36795 -2.87763 -5.67448 -819.631 0 
1 825.79 0.307329 0.0226564 0.680004 -0.855146 -0.349968 -1.97628 -4.42692 -819.387 0 
1 825.749 0.311779 0.0226449 0.675714 -0.852858 -0.329031 -2.22928 -4.26989 -819.25 0 
2 826.853 0.319041 0.022501 0.670661 -0.865279 -0.331285 -2.8056 -4.80581 -819.242 0 
2 827.102 0.325382 0.0224824 0.666109 -0.855081 -0.351606 -2.04725 -5.73959 -819.315 0 
1 824.902 0.320395 0.0222699 0.67114 -0.876162 -0.381826 -0.387452 -5.20942 -819.305 0 
2 826.677 0.323256 0.022189 0.666456 -0.876686 -0.316199 -1.53693 -5.87255 -819.268 0 
10 828.42 0.323054 0.0220478 0.667655 -0.886673 -0.358282 -2.91539 -6.16627 -819.339 0 
4 827.01 0.323251 0.0220701 0.668184 -0.875273 -0.404389 -1.95099 -5.814 -819.245 0 
1 826.69 0.325569 0.0220818 0.665121 -0.851918 -0.4394 -1.91635 -5.61527 -819.158 0 
2 825.093 0.3252 0.0221961 0.664871 -0.825445 -0.49266 -0.978957 -4.84731 -819.267 0 
3 824.916 0.32357 0.0221878 0.668149 -0.844318 -0.49996 -0.777538 -5.04616 -819.092 0 
2 824.155 0.311413 0.0223161 0.679155 -0.85507 -0.510774 -0.287949 -4.28412 -819.583 0 
1 825.631 0.315419 0.0224197 0.677277 -0.861863 -0.51025 -1.57203 -4.55595 -819.503 0 
1 826.156 0.315992 0.0223323 0.677655 -0.876837 -0.504753 -1.31315 -5.02091 -819.822 0 
1 825.667 0.313938 0.0221986 0.677851 -0.871108 -0.497977 -1.29816 -4.58654 -819.782 0 
1 826.554 0.303927 0.0223183 0.686818 -0.863482 -0.558753 -0.665794 -5.14161 -820.747 0 
3 826.719 0.317886 0.0222375 0.669632 -0.830819 -0.472344 -3.462 -4.12949 -819.128 0 
4 825.431 0.31536 0.0222872 0.670643 -0.82747 -0.433548 -2.15889 -4.09773 -819.174 0 
1 824.145 0.324342 0.0223564 0.666072 -0.81851 -0.489709 -0.215497 -4.57572 -819.354 0 
1 825.291 0.316084 0.0224958 0.67616 -0.831122 -0.560119 -2.05232 -4.11658 -819.123 0 
2 825.139 0.317586 0.0224819 0.674871 -0.833213 -0.557048 -1.82619 -4.20815 -819.105 0 
1 824.548 0.313661 0.0222873 0.677875 -0.85754 -0.519821 -0.647388 -4.36582 -819.535 0 
3 824.772 0.32173 0.0222487 0.670798 -0.845803 -0.523929 -0.844972 -4.82787 -819.099 0 
4 824.319 0.317007 0.0222371 0.671999 -0.835619 -0.506498 -1.06559 -4.14092 -819.113 0 
1 824.327 0.309903 0.0224668 0.680641 -0.84323 -0.531721 -0.541438 -4.31324 -819.472 0 
1 824.862 0.318279 0.0225198 0.673138 -0.826205 -0.520486 -1.6872 -4.08366 -819.092 0 
7 824.827 0.320084 0.0222379 0.668055 -0.807446 -0.547349 -1.6013 -4.0152 -819.21 0 
9 823.297 0.318052 0.0224151 0.670514 -0.794195 -0.569876 -0.065572 -3.94809 -819.283 0 
2 823.315 0.317264 0.0223773 0.671423 -0.800772 -0.563427 -0.171249 -3.95654 -819.187 0 
2 824.046 0.318327 0.0223622 0.668378 -0.786022 -0.544647 -0.431949 -4.06353 -819.551 0 
6 824.748 0.315111 0.0224901 0.672523 -0.775693 -0.606337 -1.03305 -4.31181 -819.403 0 
1 825.465 0.314439 0.0223294 0.6713 -0.772624 -0.604945 -1.56588 -4.4524 -819.447 0 
3 825.163 0.30947 0.0222679 0.679075 -0.810849 -0.633274 -1.33486 -4.62331 -819.205 0 
2 824.394 0.314314 0.0223028 0.672867 -0.790893 -0.621068 -1.13312 -4.13476 -819.126 0 
4 824.948 0.31064 0.0223767 0.67729 -0.795131 -0.660277 -1.26706 -4.58681 -819.094 0 
11 826.573 0.311502 0.0221776 0.676743 -0.80926 -0.671827 -2.91218 -4.47981 -819.181 0 
3 825.935 0.318671 0.0221778 0.671533 -0.819327 -0.627383 -2.62311 -4.26821 -819.044 0 
2 825.791 0.320777 0.0222036 0.6732 -0.84576 -0.618141 -1.43467 -5.14569 -819.211 0 
1 830.99 0.315537 0.0222098 0.680754 -0.88073 -0.618894 -4.55489 -5.87881 -820.556 0 
1 830.968 0.317207 0.0220273 0.678145 -0.884988 -0.609296 -4.21467 -6.26375 -820.49 0 
1 829.685 0.320846 0.0220434 0.673462 -0.878274 -0.577135 -3.44467 -6.45815 -819.782 0 
2 828.378 0.316565 0.0221508 0.678486 -0.877873 -0.598295 -2.39492 -5.75546 -820.227 0 
2 828.941 0.324008 0.022296 0.672322 -0.857696 -0.596313 -3.63594 -6.08556 -819.219 0 
2 827.513 0.320904 0.0223166 0.674236 -0.845433 -0.613428 -3.25863 -5.06075 -819.193 0 
3 823.869 0.320773 0.0223083 0.670838 -0.822571 -0.569735 -0.558324 -4.25071 -819.06 0 
1 824.73 0.307712 0.0225229 0.681642 -0.816206 -0.602092 -0.654982 -4.79434 -819.28 0 
3 824.018 0.319479 0.0224211 0.667649 -0.780382 -0.550867 -0.213303 -4.0743 -819.73 0 
2 825.614 0.319461 0.0223627 0.665781 -0.772387 -0.538522 -1.33356 -4.23278 -820.048 0 
4 825.519 0.309884 0.0222521 0.676305 -0.808055 -0.574186 -1.89812 -4.50415 -819.117 0 
4 825.735 0.311286 0.0221652 0.675909 -0.815265 -0.5879 -2.30851 -4.29042 -819.136 0 
2 824.686 0.317621 0.0221651 0.671719 -0.816185 -0.60842 -1.5446 -4.09219 -819.049 0 
4 823.743 0.319803 0.0222428 0.671662 -0.813774 -0.644407 -0.48943 -4.23092 -819.023 0 
6 823.987 0.323377 0.022242 0.667048 -0.787709 -0.663964 -0.679959 -4.02866 -819.279 0 
5 824.844 0.315627 0.0223072 0.672469 -0.796835 -0.625623 -1.74147 -4.01468 -819.088 0 
4 824.588 0.323642 0.0223609 0.665103 -0.776375 -0.607708 -0.829963 -3.95394 -819.804 0 
2 824.065 0.314926 0.0224164 0.672604 -0.777035 -0.646735 -0.619169 -4.19609 -819.25 0 
1 823.492 0.318113 0.0224333 0.671837 -0.78394 -0.663513 -0.387571 -3.91888 -819.186 0 
4 824.379 0.323579 0.0224579 0.667357 -0.772174 -0.665373 -0.878601 -3.86447 -819.636 0 
2 825.518 0.326579 0.022479 0.665029 -0.781226 -0.612931 -1.51313 -4.191 -819.814 0 
5 824.974 0.325027 0.022484 0.664628 -0.772395 -0.58312 -0.700677 -4.09707 -820.176 0 
1 824.658 0.319198 0.0224872 0.667326 -0.775755 -0.534465 -0.494008 -4.22274 -819.941 0 
2 824.848 0.312581 0.0224014 0.673913 -0.803475 -0.511305 -1.31854 -4.34897 -819.18 0 
3 827.905 0.307157 0.0223635 0.676122 -0.795939 -0.506334 -3.28681 -5.43546 -819.183 0 
2 826.142 0.313944 0.0224166 0.670317 -0.798836 -0.459867 -2.2899 -4.43202 -819.42 0 
3 824.257 0.31932 0.0223929 0.669224 -0.804732 -0.538029 -1.02392 -3.9806 -819.252 0 
10 824.785 0.307888 0.0223871 0.682581 -0.846532 -0.554228 -0.465913 -4.56416 -819.755 0 
4 825.385 0.306219 0.0223267 0.684482 -0.857856 -0.5581 -0.287325 -4.82075 -820.277 0 
2 827.307 0.304621 0.0221935 0.682269 -0.84138 -0.540592 -2.53435 -4.98175 -819.791 0 
3 826.634 0.312444 0.0220975 0.675091 -0.82575 -0.563029 -3.3073 -4.15684 -819.17 0 
3 825.496 0.317526 0.0221239 0.671087 -0.821656 -0.546695 -2.39278 -4.02591 -819.078 0 
1 826.752 0.323212 0.0220326 0.666373 -0.822725 -0.541193 -3.14253 -4.48105 -819.128 0 
3 827.847 0.329677 0.0220304 0.660308 -0.809098 -0.537702 -2.957 -5.28448 -819.606 0 
1 826.567 0.322639 0.0220479 0.66618 -0.814618 -0.559399 -3.11619 -4.29413 -819.157 0 
1 825.177 0.321965 0.0221036 0.668438 -0.829193 -0.553412 -1.60466 -4.50986 -819.063 0 
2 825.196 0.321401 0.0220959 0.668176 -0.814943 -0.58231 -1.90975 -4.19938 -819.087 0 
2 824.141 0.322419 0.0222083 0.668921 -0.815313 -0.597178 -0.754301 -4.31356 -819.073 0 
8 824.58 0.321735 0.0223011 0.670244 -0.804586 -0.635138 -1.38869 -4.10802 -819.083 0 
3 824.922 0.328589 0.0223471 0.663321 -0.782057 -0.632198 -0.67402 -4.43394 -819.814 0 
1 824.239 0.326033 0.0222359 0.664638 -0.791925 -0.60732 -0.443882 -4.27771 -819.518 0 
5 824.724 0.327692 0.0222281 0.662441 -0.790714 -0.57856 -0.440437 -4.50153 -819.782 0 
3 826.418 0.322433 0.0223312 0.671773 -0.818934 -0.651384 -2.86144 -4.55013 -819.006 0 
7 825.78 0.323594 0.0223331 0.670433 -0.796612 -0.720622 -2.40379 -4.34443 -819.032 0 
1 825.6 0.317012 0.022379 0.675776 -0.809617 -0.680284 -2.38006 -4.17142 -819.048 0 
1 825.985 0.318076 0.0224701 0.673957 -0.791246 -0.678085 -2.95098 -3.95598 -819.078 0 
3 827.083 0.319106 0.0223523 0.668268 -0.776813 -0.631265 -3.74903 -3.88614 -819.448 0 
1 825.81 0.317391 0.0222977 0.669654 -0.764053 -0.695449 -2.35852 -4.03007 -819.422 0 
1 825.26 0.314543 0.0222153 0.673434 -0.782269 -0.714433 -1.9434 -4.24485 -819.071 0 
7 824.291 0.315144 0.022362 0.674327 -0.782969 -0.720274 -1.02808 -4.19953 -819.064 0 
4 825.395 0.313412 0.0224461 0.675456 -0.773778 -0.732497 -1.83992 -4.45294 -819.102 0 
4 825.951 0.307288 0.0224671 0.683789 -0.796681 -0.781749 -0.892873 -5.59925 -819.459 0 
1 825.995 0.312592 0.0225172 0.68018 -0.807006 -0.719598 -2.2615 -4.53399 -819.199 0 
3 825.779 0.309977 0.0225959 0.67908 -0.771904 -0.723794 -1.55266 -5.11347 -819.113 0 
1 827.449 0.306997 0.0226391 0.68068 -0.770925 -0.703825 -2.45036 -5.86377 -819.135 0 
9 826.97 0.310802 0.0225987 0.6768 -0.777572 -0.653786 -3.02113 -4.79676 -819.153 0 
1 826.841 0.309695 0.0224193 0.681178 -0.804559 -0.687302 -2.86259 -4.75927 -819.219 0 
2 826.412 0.305015 0.0223973 0.681316 -0.786622 -0.659346 -1.20477 -6.04247 -819.165 0 
7 827.167 0.305021 0.0224623 0.681545 -0.778705 -0.671413 -1.71065 -6.30934 -819.147 0 
1 826.641 0.323646 0.0224293 0.665772 -0.756237 -0.648007 -2.43984 -3.93538 -820.265 0 
2 827.222 0.320214 0.0224134 0.668395 -0.765399 -0.62478 -3.36057 -4.01908 -819.842 0 
2 827.558 0.32557 0.0224466 0.66304 -0.741799 -0.643503 -2.33031 -4.11215 -821.116 0 
6 826.845 0.329177 0.0224421 0.658381 -0.735125 -0.609143 -0.162524 -4.46529 -822.217 0 
2 827.414 0.328482 0.0223084 0.661955 -0.76245 -0.632066 -2.71256 -4.18167 -820.52 0 
2 827.5 0.334552 0.0223907 0.655651 -0.746817 -0.601887 -0.219618 -5.03885 -822.242 0 
1 826.674 0.32928 0.0224299 0.65894 -0.733083 -0.635796 -0.266012 -4.32527 -822.083 0 
4 826.173 0.319519 0.0223061 0.667136 -0.752504 -0.653133 -1.95576 -4.14559 -820.072 0 
1 826.379 0.325531 0.0224411 0.661583 -0.733043 -0.639582 -0.51172 -4.25276 -821.615 0 
1 825.938 0.326668 0.0223871 0.663794 -0.764809 -0.633265 -1.63063 -4.04122 -820.266 0 
1 827.432 0.322139 0.022533 0.668288 -0.759031 -0.665344 -3.59461 -3.88688 -819.951 0 
1 826.885 0.31875 0.0224793 0.669123 -0.753631 -0.64698 -2.62683 -4.24307 -820.016 0 
8 824.819 0.32457 0.0224385 0.663847 -0.7647 -0.583383 -0.266418 -4.11445 -820.438 0 
3 824.653 0.318466 0.0225524 0.67025 -0.772377 -0.612136 -1.02305 -4.02504 -819.605 0 
1 825.162 0.32308 0.0225378 0.667213 -0.775317 -0.609037 -1.43211 -3.93457 -819.795 0 
1 826.459 0.323583 0.0226052 0.666924 -0.777014 -0.585483 -2.54621 -4.01161 -819.901 0 
4 825.086 0.322662 0.0225365 0.66703 -0.776126 -0.585321 -1.22717 -3.98831 -819.871 0 
8 825.321 0.329309 0.0223868 0.661979 -0.771611 -0.619922 -0.636251 -4.38234 -820.303 0 
1 826.124 0.332065 0.0222373 0.658131 -0.766484 -0.615625 -0.581077 -4.74883 -820.794 0 
2 827.162 0.330985 0.022292 0.658704 -0.759766 -0.63609 -1.86607 -4.45819 -820.838 0 
1 824.232 0.32556 0.022279 0.663663 -0.762783 -0.65741 -0.212614 -3.91521 -820.104 0 
5 823.757 0.313626 0.0223476 0.674982 -0.788177 -0.658139 -0.409397 -4.25784 -819.09 0 
8 823.749 0.318917 0.0224306 0.670028 -0.771786 -0.648432 -0.328783 -3.9325 -819.488 0 
2 824.827 0.313121 0.0222983 0.673948 -0.792846 -0.597626 -1.40935 -4.28546 -819.132 0 
1 824.545 0.315153 0.0223258 0.671713 -0.787768 -0.579712 -1.1091 -4.16469 -819.271 0 
2 825.135 0.326686 0.0223557 0.663907 -0.767849 -0.640855 -0.994033 -4.03589 -820.106 0 
2 825.661 0.330486 0.0223696 0.659454 -0.748236 -0.64782 -0.132904 -4.27344 -821.255 0 
1 825.385 0.328228 0.0223449 0.66222 -0.760607 -0.646826 -0.804922 -4.10938 -820.47 0 
2 827.335 0.331391 0.0223577 0.658026 -0.740116 -0.635111 -0.976951 -4.43624 -821.922 0 
1 827.13 0.327376 0.0223188 0.663183 -0.752953 -0.685666 -2.75684 -3.92809 -820.445 0 
1 826.139 0.329834 0.0222234 0.659333 -0.753334 -0.641732 -0.909379 -4.24563 -820.984 0 
1 825.141 0.326007 0.0222882 0.663357 -0.762682 -0.641965 -0.928257 -3.97411 -820.239 0 
3 826.622 0.32213 0.0222284 0.665624 -0.766301 -0.626269 -2.76384 -3.93121 -819.927 0 
4 824.895 0.324725 0.0222985 0.664029 -0.767009 -0.617513 -0.777936 -3.98238 -820.135 0 
7 825.033 0.327499 0.0223333 0.661113 -0.76993 -0.565007 -0.0733172 -4.35651 -820.603 0 
3 826.077 0.329361 0.0222025 0.66178 -0.79013 -0.58456 -1.48792 -4.71325 -819.876 0 
12 823.514 0.322857 0.0223399 0.667179 -0.79487 -0.584508 -0.0783991 -4.03811 -819.398 0 
5 823.5 0.315966 0.0223609 0.672645 -0.797435 -0.590638 -0.359362 -3.99947 -819.142 0 
4 824.539 0.313874 0.0225375 0.675507 -0.801543 -0.575982 -1.2967 -4.13346 -819.109 0 
3 824.358 0.31493 0.0225364 0.673786 -0.797801 -0.555295 -1.05929 -4.10811 -819.191 0 
3 825.048 0.319102 0.0225546 0.670595 -0.787422 -0.575794 -1.66156 -3.9583 -819.428 0 
2 824.835 0.312389 0.0223459 0.674717 -0.803502 -0.549766 -1.42481 -4.29039 -819.12 0 
3 824.346 0.31028 0.0222778 0.677214 -0.828708 -0.52936 -0.852673 -4.27251 -819.221 0 
1 824.999 0.313342 0.0221545 0.675137 -0.833669 -0.547167 -1.65952 -4.13384 -819.206 0 
2 825.022 0.307741 0.0222674 0.679936 -0.829999 -0.563641 -0.995519 -4.6134 -819.413 0 
2 826.453 0.306519 0.022371 0.679176 -0.823281 -0.51361 -2.39451 -4.80449 -819.254 0 
1 825.708 0.304015 0.0223534 0.683311 -0.833677 -0.538543 -0.899042 -5.18602 -819.623 0 
1 825.448 0.305494 0.0224979 0.680898 -0.818867 -0.521391 -1.09512 -5.10386 -819.249 0 
3 827.572 0.300257 0.0224244 0.688473 -0.856284 -0.543651 -1.06987 -5.75653 -820.746 0 
1 827.136 0.305264 0.0224846 0.684356 -0.840991 -0.57849 -2.2449 -4.99326 -819.897 0 
5 826.127 0.307592 0.0224299 0.682762 -0.853084 -0.548263 -1.55441 -4.62937 -819.943 0 
3 825.246 0.309312 0.0223996 0.682069 -0.855827 -0.559086 -0.723581 -4.58366 -819.939 0 
1 825.426 0.304826 0.0223988 0.685737 -0.848354 -0.591671 -0.0582303 -5.11891 -820.249 0 
2 826.933 0.302022 0.0224233 0.688728 -0.849639 -0.624173 -0.332254 -5.79657 -820.805 0 
4 824.019 0.312169 0.022334 0.678766 -0.830699 -0.60568 -0.388299 -4.31208 -819.319 0 
11 825.351 0.319936 0.0221932 0.668664 -0.80696 -0.585352 -2.20846 -4.01595 -819.126 0 
7 823.943 0.319858 0.0221864 0.670236 -0.813788 -0.604564 -0.772101 -4.11985 -819.051 0 
5 825.074 0.322464 0.0222816 0.670108 -0.82152 -0.624069 -1.44567 -4.60923 -819.019 0 
2 824.966 0.322767 0.022214 0.670512 -0.814436 -0.673413 -1.39015 -4.57951 -818.996 0 
1 825.649 0.32609 0.0221237 0.666461 -0.803528 -0.69225 -1.78459 -4.80661 -819.057 0 
1 823.906 0.321171 0.0223293 0.671153 -0.798575 -0.69247 -0.721045 -4.15159 -819.034 0 
1 824.295 0.318267 0.0223776 0.671629 -0.793757 -0.652534 -1.24776 -3.94827 -819.099 0 
2 823.655 0.313854 0.0222705 0.676736 -0.813263 -0.672569 -0.197309 -4.31207 -819.146 0 
3 823.864 0.311228 0.0223025 0.678192 -0.802543 -0.681694 -0.199829 -4.5256 -819.139 0 
3 823.82 0.313512 0.0223312 0.677884 -0.808372 -0.705057 -0.252688 -4.41158 -819.156 0 
2 823.596 0.312894 0.0222812 0.676519 -0.806066 -0.660562 -0.205974 -4.28969 -819.1 0 
2 823.808 0.313177 0.0222907 0.675218 -0.786833 -0.684558 -0.393523 -4.34101 -819.073 0 
2 823.37 0.321757 0.0222883 0.6681 -0.780395 -0.663107 -0.140671 -3.86699 -819.362 0 
17 823.625 0.311463 0.0223626 0.677535 -0.79683 -0.673519 -0.0437792 -4.49013 -819.091 0 
5 824.397 0.312296 0.0222354 0.67597 -0.801559 -0.659901 -0.965085 -4.34352 -819.088 0 
6 825.328 0.3126 0.0221749 0.677951 -0.811736 -0.704726 -1.59609 -4.50101 -819.231 0 
9 824.925 0.314827 0.0221337 0.676175 -0.804509 -0.751787 -1.26389 -4.51722 -819.144 0 
5 827.121 0.309874 0.0221056 0.678394 -0.782739 -0.801877 -2.72348 -5.21322 -819.185 0 
5 829.862 0.308648 0.0220596 0.678842 -0.79544 -0.764756 -5.29233 -5.25612 -819.313 0 
4 827.448 0.321853 0.0220372 0.668756 -0.792754 -0.752464 -4.07624 -4.36968 -819.003 0 
2 824.33 0.313734 0.0222712 0.675755 -0.766155 -0.82616 -0.568897 -4.6871 -819.074 0 
4 824.289 0.311451 0.0223807 0.678122 -0.759666 -0.836428 -0.0094832 -5.17241 -819.107 0 
3 825.718 0.31456 0.0224429 0.673497 -0.741195 -0.813943 -1.57775 -4.72735 -819.413 0 
1 824.297 0.315617 0.0221908 0.673711 -0.76856 -0.79962 -0.870239 -4.34875 -819.078 0 
1 824.148 0.31781 0.0222468 0.673325 -0.773777 -0.794709 -0.932241 -4.15849 -819.057 0 
3 823.757 0.31889 0.0223152 0.672515 -0.765294 -0.808968 -0.546533 -4.07932 -819.131 0 
5 824.2 0.316777 0.0224225 0.674708 -0.763815 -0.826977 -0.802091 -4.30622 -819.092 0 
1 823.774 0.321895 0.0222558 0.668749 -0.738536 -0.875172 -0.294208 -3.93627 -819.543 0 
5 824.202 0.3165 0.0222131 0.673445 -0.751275 -0.874131 -0.581262 -4.47021 -819.15 0 
4 824.25 0.322409 0.0223201 0.666081 -0.730029 -0.793487 -0.131314 -3.84716 -820.271 0 
2 826.008 0.308755 0.0224657 0.678727 -0.737248 -0.846388 -0.369859 -6.36543 -819.273 0 
5 826.209 0.312952 0.0224105 0.674416 -0.717165 -0.875265 -0.752276 -5.73208 -819.724 0 
11 827.337 0.308652 0.0224136 0.678417 -0.734308 -0.839186 -1.46701 -6.54413 -819.326 0 
2 826.674 0.327586 0.0224097 0.661778 -0.712238 -0.819134 -1.61138 -3.68609 -821.376 0 
2 825.562 0.326918 0.0224397 0.662882 -0.708169 -0.836407 -0.47574 -3.7067 -821.379 0 
1 827.47 0.318351 0.0225543 0.668861 -0.693452 -0.855715 -1.13691 -5.16554 -821.168 0 
1 830.529 0.323499 0.022663 0.662703 -0.680187 -0.793234 -2.43355 -4.90589 -823.189 0 
9 830.812 0.320547 0.0226444 0.665419 -0.692657 -0.793981 -3.93597 -4.89501 -821.981 0 
2 830.432 0.313816 0.0227599 0.674 -0.706597 -0.842834 -4.27804 -5.86123 -820.292 0 
3 829.195 0.314879 0.0227149 0.672469 -0.706299 -0.819552 -2.99935 -5.66955 -820.526 0 
2 825.507 0.31676 0.0223201 0.670918 -0.722715 -0.845138 -0.932071 -4.69422 -819.88 0 
2 825.04 0.315049 0.0223425 0.672256 -0.72511 -0.849847 -0.36873 -4.97189 -819.699 0 
1 825.332 0.321646 0.0224175 0.666404 -0.710449 -0.821689 -0.279263 -4.17664 -820.876 0 
1 825.351 0.321066 0.0224 0.667533 -0.720101 -0.81068 -0.776831 -4.10805 -820.466 0 
1 827.2 0.318654 0.0224921 0.671653 -0.726404 -0.845737 -3.01799 -4.31785 -819.864 0 
4 827.924 0.318049 0.0225838 0.673126 -0.717319 -0.904892 -3.53794 -4.5485 -819.838 0 
2 824.149 0.318445 0.0224027 0.670454 -0.733067 -0.828757 -0.204718 -4.21822 -819.726 0 
6 823.913 0.315173 0.0223947 0.675632 -0.762802 -0.819403 -0.351188 -4.46286 -819.099 0 
3 824.436 0.313137 0.0224975 0.676266 -0.759744 -0.774222 -0.547402 -4.71612 -819.173 0 
1 823.844 0.321833 0.0222934 0.6684 -0.765295 -0.751117 -0.617232 -3.85663 -819.37 0 
1 823.69 0.322024 0.0222202 0.667918 -0.769121 -0.733366 -0.477547 -3.85311 -819.359 0 
1 824.185 0.32142 0.022187 0.668178 -0.768907 -0.745706 -1.00649 -3.87878 -819.3 0 
1 825.126 0.319397 0.0222034 0.669274 -0.775649 -0.713919 -2.00284 -3.91048 -819.213 0 
6 823.422 0.317144 0.0222596 0.672536 -0.779165 -0.728983 -0.277336 -4.05046 -819.094 0 
2 827.848 0.309324 0.0222371 0.681673 -0.796484 -0.785963 -3.28141 -5.21238 -819.354 0 
5 824.8 0.325946 0.022168 0.663617 -0.749657 -0.752248 -0.979792 -3.78294 -820.037 0 
4 825.135 0.328721 0.0223112 0.660967 -0.737905 -0.71596 -0.209596 -3.89986 -821.025 0 
1 825.023 0.329902 0.0223259 0.661082 -0.743113 -0.731948 -0.285958 -3.97352 -820.764 0 
6 825.843 0.32583 0.0222447 0.664607 -0.765175 -0.682442 -2.04547 -3.90312 -819.895 0 
1 826.875 0.322722 0.0223887 0.666935 -0.751831 -0.694724 -2.94742 -3.8562 -820.072 0 
2 826.431 0.325906 0.0223964 0.662603 -0.735247 -0.680845 -1.26221 -3.99908 -821.169 0 
3 826.413 0.326618 0.0224623 0.661236 -0.715482 -0.718064 -0.31457 -4.08114 -822.017 0 
3 827.465 0.32146 0.0226352 0.668235 -0.725282 -0.764929 -2.79922 -4.0789 -820.586 0 
3 825.537 0.319595 0.0224957 0.669736 -0.727256 -0.80296 -1.22457 -4.19118 -820.122 0 
2 824.497 0.320342 0.0224147 0.667493 -0.736157 -0.747216 -0.305338 -4.02282 -820.169 0 
2 824.346 0.324809 0.0223346 0.664492 -0.749737 -0.720274 -0.426938 -3.77532 -820.144 0 
3 823.55 0.319736 0.0223168 0.668876 -0.759972 -0.712633 -0.106935 -3.88985 -819.554 0 
2 824.848 0.316352 0.0221967 0.673137 -0.778682 -0.73766 -1.64626 -4.12362 -819.079 0 
2 824.855 0.318561 0.0221374 0.669981 -0.774369 -0.725903 -1.72383 -3.94998 -819.181 0 
7 824.903 0.325283 0.0221181 0.666188 -0.771664 -0.765492 -1.5094 -4.07251 -819.321 0 
4 827.245 0.331848 0.0220573 0.66106 -0.771092 -0.776568 -2.6567 -4.9829 -819.606 0 
3 827.466 0.330436 0.0222069 0.662996 -0.780417 -0.746331 -3.068 -4.97347 -819.425 0 
1 825.827 0.324388 0.0221806 0.669284 -0.783916 -0.792522 -2.39369 -4.39481 -819.039 0 
4 825.832 0.329512 0.0221992 0.664622 -0.777691 -0.771 -1.75281 -4.73202 -819.347 0 
1 824.267 0.32445 0.0222148 0.668137 -0.786229 -0.744174 -0.870429 -4.28521 -819.111 0 
2 827.227 0.325744 0.0221322 0.66896 -0.799296 -0.772128 -3.32655 -4.93496 -818.965 0 
1 826.77 0.32511 0.0221444 0.669211 -0.800372 -0.75584 -3.00197 -4.79419 -818.974 0 
4 823.489 0.319579 0.0222817 0.672024 -0.794959 -0.709686 -0.372799 -4.09094 -819.026 0 
1 823.949 0.320255 0.0222763 0.669548 -0.777943 -0.681293 -0.797942 -3.85696 -819.294 0 
16 824.639 0.324852 0.0222224 0.667416 -0.781259 -0.726614 -1.27848 -4.1129 -819.248 0 
2 823.887 0.322339 0.0223639 0.669684 -0.779521 -0.724914 -0.726422 -3.95704 -819.203 0 
1 823.802 0.322898 0.0223156 0.668718 -0.777731 -0.732383 -0.592928 -3.9808 -819.229 0 
2 827.59 0.33224 0.0223448 0.66081 -0.763471 -0.721903 -2.73781 -4.66852 -820.184 0 
3 825.195 0.326328 0.0221439 0.665849 -0.793308 -0.705485 -1.47598 -4.5608 -819.158 0 
1 825.504 0.320249 0.0222072 0.673251 -0.810822 -0.726522 -1.96884 -4.5184 -819.017 0 
3 824.094 0.323582 0.0222259 0.668051 -0.778186 -0.732103 -0.855644 -3.99479 -819.243 0 
3 823.901 0.314144 0.0222931 0.674696 -0.785007 -0.689887 -0.576102 -4.24637 -819.078 0 
1 823.823 0.315218 0.0223065 0.674125 -0.77562 -0.729034 -0.495925 -4.22194 -819.106 0 
2 823.978 0.319023 0.0223373 0.670876 -0.757223 -0.764295 -0.622491 -3.96488 -819.391 0 
1 824.691 0.320166 0.0221898 0.667727 -0.765734 -0.691751 -1.31993 -3.85568 -819.515 0 
3 824.443 0.3212 0.0222104 0.666904 -0.769295 -0.665442 -1.01811 -3.83799 -819.587 0 
1 825.753 0.32253 0.0222112 0.665905 -0.782101 -0.639192 -2.39479 -3.91004 -819.448 0 
3 824.688 0.319767 0.0223622 0.669287 -0.787088 -0.63382 -1.54163 -3.88323 -819.263 0 
1 824.472 0.31272 0.0222405 0.67486 -0.802152 -0.623376 -1.16221 -4.23385 -819.076 0 
1 824.582 0.313154 0.0222797 0.674514 -0.797609 -0.636185 -1.29049 -4.21941 -819.072 0 
2 825.197 0.306715 0.0222715 0.682673 -0.817961 -0.68269 -0.389285 -5.20264 -819.605 0 
1 825.325 0.313798 0.0221525 0.673837 -0.802879 -0.633065 -2.10971 -4.14971 -819.066 0 
6 826.83 0.31754 0.0222208 0.670183 -0.798322 -0.616201 -3.7747 -3.94431 -819.111 0 
1 826.165 0.316098 0.0220756 0.674929 -0.82338 -0.66908 -2.60164 -4.38592 -819.178 0 
4 825.644 0.324383 0.0220691 0.667087 -0.809889 -0.643631 -2.0472 -4.53434 -819.062 0 
4 824.96 0.321569 0.0221006 0.668639 -0.810622 -0.619692 -1.69686 -4.20257 -819.06 0 
1 825.788 0.321531 0.0221694 0.670383 -0.805947 -0.665101 -2.56923 -4.19067 -819.028 0 
2 825.977 0.327754 0.0222527 0.666178 -0.799593 -0.674353 -1.99716 -4.78628 -819.193 0 
9 824.581 0.32529 0.022254 0.667431 -0.796754 -0.673641 -1.0435 -4.37355 -819.164 0 
1 824.829 0.328833 0.0222229 0.66225 -0.767613 -0.696842 -0.671577 -4.22111 -819.936 0 
5 826.223 0.329132 0.0220724 0.661818 -0.781889 -0.664605 -2.02063 -4.51644 -819.686 0 
1 827.087 0.318167 0.0221983 0.672851 -0.783817 -0.739305 -4.00337 -4.03213 -819.052 0 
4 826.8 0.320873 0.0220928 0.665983 -0.769539 -0.66134 -3.37334 -3.84418 -819.583 0 
1 824.11 0.31862 0.0221917 0.669979 -0.783214 -0.673328 -1.019 -3.90704 -819.184 0 
2 825.313 0.31996 0.0223268 0.670995 -0.762338 -0.766658 -2.09822 -3.90363 -819.311 0 
1 823.916 0.3206 0.0222397 0.669764 -0.766304 -0.760094 -0.751284 -3.88707 -819.277 0 
2 824.102 0.325228 0.0222722 0.665273 -0.749598 -0.781052 -0.482399 -3.78724 -819.833 0 
2 823.711 0.31647 0.0223537 0.672432 -0.759384 -0.76664 -0.250719 -4.20013 -819.261 0 
3 825.319 0.314978 0.0222121 0.674928 -0.790045 -0.76311 -1.85953 -4.40897 -819.051 0 
1 827.301 0.322696 0.022156 0.666604 -0.773074 -0.733426 -4.05648 -3.94092 -819.304 0 
11 825.397 0.315104 0.0220978 0.675193 -0.7962 -0.77239 -1.80648 -4.50172 -819.089 0 
3 824.248 0.321754 0.022156 0.66912 -0.774392 -0.780855 -1.07022 -4.0524 -819.126 0 
2 823.818 0.315086 0.022254 0.675411 -0.771896 -0.823541 -0.262913 -4.5057 -819.05 0 
7 825.497 0.314165 0.0221463 0.674771 -0.776984 -0.795729 -1.91495 -4.52816 -819.054 0 
2 825.107 0.315642 0.0222121 0.672908 -0.76841 -0.779994 -1.71096 -4.29282 -819.103 0 
3 824.35 0.318597 0.0222148 0.669939 -0.751363 -0.797377 -0.913545 -4.04748 -819.389 0 
8 823.944 0.315215 0.0223244 0.673572 -0.751302 -0.815908 -0.199548 -4.50385 -819.241 0 
14 823.901 0.315745 0.0223275 0.675565 -0.76005 -0.874124 -0.239599 -4.58969 -819.072 0 
2 824.973 0.318823 0.0223214 0.674814 -0.771354 -0.883949 -1.44303 -4.51972 -819.01 0 
4 825.393 0.317961 0.0224296 0.673887 -0.761779 -0.847355 -2.01891 -4.2802 -819.094 0 
2 825.641 0.308287 0.0223491 0.682917 -0.767722 -0.919607 -0.106434 -6.19679 -819.337 0 
2 825.513 0.316672 0.022158 0.673568 -0.749044 -0.933838 -1.69539 -4.71756 -819.1 0 
2 825.901 0.30964 0.0223191 0.680376 -0.749632 -0.952837 -0.569254 -6.14029 -819.192 0 
2 825.449 0.311437 0.0223123 0.680748 -0.762652 -0.951714 -0.544408 -5.69064 -819.214 0 
3 826.093 0.307785 0.0223959 0.683615 -0.767737 -0.926177 -0.347827 -6.36396 -819.382 0 
1 826.608 0.306062 0.02233 0.685308 -0.775077 -0.922031 -0.245512 -6.75694 -819.605 0 
1 825.178 0.312954 0.0222124 0.677015 -0.749006 -0.92395 -0.812349 -5.24879 -819.117 0 
2 826.581 0.319514 0.0220866 0.669068 -0.718044 -0.950873 -2.54326 -4.35043 -819.687 0 
3 827.276 0.309336 0.0221966 0.681256 -0.744986 -1.0094 -1.46867 -6.54685 -819.261 0 
5 825.389 0.319304 0.0221411 0.671098 -0.714286 -1.02949 -1.25019 -4.64785 -819.491 0 
4 827.263 0.313989 0.0220978 0.675425 -0.718342 -1.06817 -2.1671 -5.84212 -819.254 0 
4 826.417 0.312615 0.0221907 0.679029 -0.727155 -1.10313 -0.843724 -6.34926 -819.224 0 
4 826.232 0.322465 0.0220599 0.67056 -0.72676 -1.08598 -2.19308 -4.8448 -819.194 0 
7 825.308 0.32451 0.0221649 0.668667 -0.714805 -1.08339 -1.33317 -4.49002 -819.485 0 
1 825.501 0.322847 0.0222337 0.668876 -0.70038 -1.08888 -1.27414 -4.43898 -819.788 0 
3 825.211 0.31819 0.0222646 0.672877 -0.702551 -1.09756 -0.540859 -5.14881 -819.522 0 
3 825.208 0.320267 0.0222209 0.672457 -0.715308 -1.08694 -1.04525 -4.82234 -819.341 0 
1 825.493 0.314713 0.0222488 0.676145 -0.721149 -1.03864 -0.72412 -5.51154 -819.257 0 
3 824.88 0.315683 0.0222959 0.674574 -0.714571 -1.02974 -0.187966 -5.30432 -819.387 0 
3 826.401 0.313132 0.0223961 0.677021 -0.728189 -0.987344 -1.5682 -5.60533 -819.228 0 
1 826.289 0.310647 0.0224404 0.681431 -0.742362 -1.00606 -0.882816 -6.20486 -819.201 0 
3 825.552 0.31179 0.0223614 0.680018 -0.742926 -0.994675 -0.526882 -5.8614 -819.164 0 
3 825.23 0.316441 0.0223142 0.675845 -0.723417 -1.0518 -0.771964 -5.23274 -819.225 0 
1 825.619 0.32504 0.0221643 0.668139 -0.721626 -1.0571 -1.71953 -4.47008 -819.429 0 
7 825.746 0.319201 0.0221488 0.674534 -0.759086 -1.00823 -1.52744 -5.18257 -819.036 0 
8 825.491 0.321079 0.0221462 0.670931 -0.737126 -1.00594 -1.7219 -4.59974 -819.17 0 
9 825.25 0.321221 0.0221062 0.67047 -0.730175 -1.0167 -1.4754 -4.51587 -819.258 0 
4 825.071 0.321716 0.0221644 0.668779 -0.711686 -1.01801 -1.07853 -4.29797 -819.695 0 
5 825.487 0.325334 0.0221316 0.668157 -0.732233 -1.02669 -1.67688 -4.50874 -819.302 0 
5 824.772 0.318481 0.0221997 0.673047 -0.72606 -1.03422 -0.683023 -4.85016 -819.239 0 
8 825.183 0.320048 0.0223356 0.672746 -0.714315 -1.05759 -1.07913 -4.67387 -819.43 0 
1 826.27 0.321217 0.0221384 0.672178 -0.731114 -1.05897 -2.33625 -4.7708 -819.163 0 
2 825.197 0.316399 0.0222658 0.673488 -0.701888 -1.06341 -0.238475 -5.37497 -819.584 0 
1 826.124 0.316075 0.0222475 0.676497 -0.720397 -1.09853 -1.35427 -5.55886 -819.211 0 
5 825.958 0.318926 0.0221762 0.673766 -0.718511 -1.1002 -1.61333 -5.10162 -819.243 0 
2 826.535 0.312465 0.0222105 0.678171 -0.711172 -1.11754 -0.71189 -6.53164 -819.292 0 
1 825.78 0.318838 0.0221455 0.673309 -0.727575 -1.08029 -1.47716 -5.14239 -819.16 0 
1 827.369 0.312241 0.0221263 0.679784 -0.760165 -1.03774 -1.79702 -6.21802 -819.354 0 
1 829.808 0.31491 0.0221239 0.674375 -0.739095 -0.990427 -5.42003 -5.25376 -819.134 0 
7 829.271 0.30997 0.0220125 0.680586 -0.762004 -1.0195 -3.31735 -6.49728 -819.457 0 
12 829.273 0.30814 0.0220822 0.684808 -0.789016 -1.01616 -1.79327 -7.19032 -820.29 0 
7 826.472 0.312035 0.0222793 0.678716 -0.743094 -1.00505 -1.41669 -5.88847 -819.167 0 
10 826.449 0.316891 0.022178 0.674265 -0.757773 -0.940223 -2.55174 -4.84432 -819.053 0 
1 825.59 0.310889 0.0222706 0.680773 -0.753149 -0.996604 -0.274889 -6.07501 -819.24 0 
1 825.598 0.317244 0.022095 0.673766 -0.755144 -0.94723 -1.75571 -4.7864 -819.056 0 
2 825.985 0.31918 0.0221139 0.671661 -0.753332 -0.928163 -2.39506 -4.51102 -819.079 0 
1 828.303 0.323728 0.0219441 0.667793 -0.756066 -0.939011 -4.66014 -4.56149 -819.082 0 
2 826.538 0.323858 0.0220194 0.668776 -0.749205 -0.982096 -2.79 -4.65473 -819.093 0 
9 826.041 0.322904 0.0220576 0.669068 -0.732597 -1.02112 -2.27879 -4.51794 -819.244 0 
3 826.918 0.327461 0.0220002 0.664761 -0.733673 -0.979453 -3.10002 -4.30829 -819.51 0 
3 825.688 0.317045 0.0222103 0.676831 -0.762411 -1.00069 -1.2852 -5.30718 -819.096 0 
10 824.643 0.318435 0.0221789 0.673431 -0.748725 -0.964798 -0.871582 -4.69311 -819.079 0 
4 825.733 0.317265 0.0221393 0.675427 -0.76804 -0.93106 -1.84629 -4.84234 -819.044 0 
6 824.791 0.315976 0.0221849 0.675383 -0.747609 -0.969174 -0.730482 -4.97034 -819.091 0 
1 824.014 0.318562 0.0222942 0.672308 -0.729965 -0.948574 -0.195406 -4.45034 -819.369 0 
7 824.085 0.323401 0.0222795 0.668451 -0.729911 -0.933215 -0.500362 -3.97597 -819.609 0 
1 825.048 0.327948 0.0222197 0.662605 -0.702428 -0.941559 -0.472708 -3.6475 -820.928 0 
3 825.392 0.321693 0.0222954 0.669869 -0.709249 -1.00112 -1.33222 -4.21859 -819.841 0 
12 826.346 0.318665 0.022404 0.673436 -0.714894 -1.00355 -2.16496 -4.64214 -819.539 0 
2 825.507 0.319421 0.0223712 0.672272 -0.711486 -1.00554 -1.31789 -4.54046 -819.649 0 
1 826.471 0.316592 0.0224873 0.675167 -0.706869 -1.03263 -1.71827 -5.18584 -819.567 0 
11 826.49 0.331229 0.0223567 0.661198 -0.676438 -1.03559 -1.0269 -3.57904 -821.884 0 
3 826.795 0.327825 0.0223775 0.666027 -0.693269 -1.05946 -2.41785 -3.85993 -820.517 0 
1 826.098 0.320369 0.0224106 0.671029 -0.699769 -1.01224 -1.59142 -4.47588 -820.031 0 
1 826.535 0.320339 0.0224995 0.671507 -0.694266 -1.03748 -1.86182 -4.57684 -820.096 0 
2 828.427 0.323871 0.0223906 0.66606 -0.69384 -0.988781 -3.8056 -3.97534 -820.646 0 
1 825.632 0.315704 0.0223363 0.677365 -0.735326 -1.04076 -1.15033 -5.34765 -819.134 0 
5 827.024 0.319882 0.0221896 0.67433 -0.74922 -1.01549 -3.09202 -4.88869 -819.043 0 
13 824.778 0.319379 0.0221625 0.672272 -0.736197 -0.98725 -1.0226 -4.56494 -819.191 0 
4 825.609 0.320279 0.0220932 0.671972 -0.738448 -1.017 -1.77849 -4.70402 -819.127 0 
1 825.014 0.321522 0.0221578 0.670771 -0.722225 -1.05623 -1.08201 -4.61829 -819.314 0 
2 825.035 0.325565 0.0222828 0.666986 -0.699301 -1.06131 -0.864923 -4.06331 -820.107 0 
2 825.812 0.315083 0.0223889 0.677013 -0.717699 -1.0569 -1.00051 -5.53148 -819.28 0 
13 825.123 0.316514 0.0222623 0.675227 -0.715218 -1.09162 -0.408744 -5.43762 -819.277 0 
3 826.212 0.315233 0.0222955 0.67723 -0.719839 -1.12448 -1.06911 -5.93405 -819.209 0 
4 826.52 0.318589 0.0222212 0.673711 -0.734917 -1.04765 -2.32883 -5.06955 -819.121 0 
6 827.148 0.311462 0.0221386 0.681312 -0.760949 -1.05471 -1.20974 -6.47322 -819.465 0 
1 827.449 0.315497 0.0221402 0.678755 -0.763899 -1.04458 -2.35823 -5.83735 -819.253 0 
3 827.091 0.320326 0.0222857 0.675302 -0.766377 -0.986261 -2.95641 -5.12288 -819.012 0 
1 826.449 0.321821 0.0222737 0.672592 -0.749894 -1.01069 -2.50319 -4.91003 -819.036 0 
1 826.266 0.319474 0.0221871 0.675093 -0.764994 -1.00908 -1.85601 -5.36274 -819.048 0 
1 826.893 0.321624 0.0221106 0.670724 -0.757913 -0.952109 -3.16013 -4.70526 -819.027 0 
1 827.247 0.311981 0.0221238 0.67984 -0.773777 -0.976787 -1.90825 -5.94164 -819.397 0 
2 827.208 0.323349 0.0220802 0.671758 -0.772021 -0.988996 -2.73794 -5.50609 -818.964 0 
2 827.921 0.322187 0.0219822 0.671863 -0.776313 -0.974206 -3.44992 -5.47983 -818.992 0 
8 828.21 0.314215 0.0220602 0.677294 -0.789719 -0.89951 -3.53694 -5.36987 -819.304 0 
1 827.344 0.318406 0.0220691 0.674115 -0.780453 -0.923288 -3.14247 -5.13603 -819.066 0 
16 825.609 0.316785 0.0221448 0.676302 -0.771285 -0.960716 -1.28992 -5.21375 -819.106 0 
6 825.596 0.314161 0.02215 0.678129 -0.772643 -0.945374 -1.06502 -5.34168 -819.19 0 
11 825.824 0.321735 0.0221109 0.671134 -0.767392 -0.923319 -2.10648 -4.72486 -818.992 0 
14 826.833 0.322361 0.0223476 0.672695 -0.750585 -0.996184 -3.00358 -4.78473 -819.045 0 
3 826.192 0.317649 0.0223679 0.676081 -0.754968 -0.979232 -2.16807 -4.97269 -819.051 0 
3 826.177 0.32391 0.0221038 0.670583 -0.761754 -0.976707 -2.20282 -4.99015 -818.984 0 
2 830.6 0.314921 0.0220808 0.679695 -0.779069 -1.0075 -5.32579 -5.86364 -819.411 0 
5 825.774 0.317341 0.0221586 0.674604 -0.764297 -0.94134 -1.82049 -4.91138 -819.042 0 
6 825.599 0.321417 0.0221186 0.670238 -0.743047 -0.97041 -1.97382 -4.46648 -819.158 0 
5 824.472 0.317955 0.0222156 0.673912 -0.742874 -0.972161 -0.654297 -4.69805 -819.12 0 
1 824.716 0.318315 0.0221722 0.673342 -0.74089 -0.981334 -0.89275 -4.69215 -819.131 0 
6 824.732 0.324678 0.0222524 0.667575 -0.719209 -0.995155 -0.952461 -4.06424 -819.715 0 
5 825.14 0.315575 0.0223888 0.676399 -0.726014 -1.01958 -0.678762 -5.23204 -819.229 0 
1 826.561 0.310868 0.0224146 0.68183 -0.744366 -1.02341 -1.09198 -6.24194 -819.227 0 
4 826.715 0.31132 0.0224236 0.678313 -0.72829 -0.976617 -1.46007 -6.02372 -819.231 0 
8 824.837 0.314553 0.0222885 0.675335 -0.733385 -0.960114 -0.472132 -5.15219 -819.213 0 
1 824.479 0.319997 0.022324 0.67029 -0.705554 -0.99065 -0.119483 -4.44093 -819.919 0 
1 827.13 0.312078 0.0223876 0.67829 -0.700273 -1.08219 -0.999578 -6.66209 -819.469 0 
2 826.535 0.321262 0.0223617 0.667613 -0.672365 -1.05682 -0.875919 -4.68805 -820.971 0 
2 827.613 0.335044 0.0221706 0.658881 -0.690777 -1.06137 -2.25785 -4.09219 -821.263 0 
1 827.168 0.333459 0.0220919 0.659149 -0.672709 -1.1121 -1.73649 -3.76555 -821.666 0 
2 828.47 0.33681 0.0222169 0.657164 -0.671588 -1.09852 -2.33426 -3.90494 -822.231 0 
1 829.288 0.335695 0.0221727 0.661069 -0.698 -1.12561 -4.05139 -4.72639 -820.51 0 
5 828.815 0.329285 0.0222038 0.667021 -0.71117 -1.13162 -4.52425 -4.68972 -819.601 0 
2 830.249 0.328664 0.0221979 0.668774 -0.729745 -1.12099 -5.79697 -5.26024 -819.192 0 
1 830.624 0.332647 0.0221657 0.66526 -0.728728 -1.10157 -5.75681 -5.46488 -819.402 0 
3 830.879 0.337829 0.022156 0.660262 -0.713848 -1.10387 -5.06213 -5.65306 -820.164 0 
1 832.457 0.336556 0.0222494 0.662265 -0.707408 -1.14315 -6.96018 -5.40712 -820.09 0 
1 831.09 0.337941 0.0222196 0.659776 -0.701403 -1.13169 -5.21922 -5.36313 -820.508 0 
2 830.413 0.337603 0.0221673 0.659207 -0.69527 -1.14462 -4.59669 -5.15272 -820.664 0 
1 827.529 0.329499 0.0220825 0.664981 -0.718583 -1.09861 -3.15911 -4.83283 -819.537 0 
1 825.391 0.318003 0.0222146 0.674245 -0.728996 -1.06577 -1.0769 -5.15596 -819.158 0 
2 827.62 0.309645 0.0222329 0.679862 -0.725102 -1.06534 -1.41109 -6.94794 -819.261 0 
5 827.35 0.309722 0.0221919 0.681447 -0.726021 -1.12472 -0.744596 -7.26825 -819.337 0 
1 826.162 0.316078 0.0223585 0.675547 -0.690608 -1.16738 -0.621659 -5.99439 -819.546 0 
7 826.505 0.318379 0.0222701 0.675013 -0.697946 -1.19566 -1.45469 -5.6578 -819.392 0 
13 826.532 0.326446 0.022109 0.667671 -0.700734 -1.18137 -2.11302 -4.84207 -819.577 0 
7 825.679 0.321692 0.0222108 0.670221 -0.686189 -1.17457 -0.930333 -4.93512 -819.813 0 
1 826.704 0.324697 0.0222333 0.669196 -0.698838 -1.17275 -2.29421 -4.81983 -819.59 0 
3 826.497 0.315129 0.0222864 0.677164 -0.701067 -1.19602 -0.781175 -6.38257 -819.333 0 
5 826.958 0.315399 0.0222865 0.678379 -0.709157 -1.21053 -1.24232 -6.44802 -819.268 0 
1 825.708 0.315412 0.0222613 0.67647 -0.708702 -1.14243 -0.451798 -5.96295 -819.293 0 
6 825.544 0.320473 0.0222168 0.672975 -0.713706 -1.13584 -1.14395 -5.12715 -819.273 0 
1 826.968 0.310094 0.022271 0.681516 -0.718817 -1.14209 -0.331928 -7.31205 -819.324 0 
2 827.362 0.308472 0.0223518 0.681945 -0.70821 -1.13352 -0.0643991 -7.93802 -819.36 0 
1 828.059 0.308895 0.0224967 0.682408 -0.711012 -1.10873 -1.11255 -7.6156 -819.331 0 
2 826.262 0.316078 0.0224525 0.676069 -0.703942 -1.09389 -1.25687 -5.55515 -819.45 0 
8 825.327 0.317344 0.0223852 0.674537 -0.708012 -1.0746 -0.6959 -5.18695 -819.444 0 
5 825.295 0.319702 0.0223331 0.673011 -0.716092 -1.048 -1.20857 -4.67687 -819.409 0 
4 825.025 0.324659 0.0223577 0.667622 -0.702817 -1.02001 -0.895594 -3.98671 -820.142 0 
5 824.746 0.323632 0.0222569 0.669 -0.723386 -0.986444 -1.06807 -4.09479 -819.583 0 
1 824.572 0.32137 0.0223744 0.669568 -0.708579 -0.969354 -0.389967 -4.18268 -819.999 0 
2 827.59 0.319187 0.0224759 0.670012 -0.698953 -0.966354 -2.76133 -4.59603 -820.232 0 
1 827.948 0.323525 0.0225436 0.667039 -0.691749 -0.964818 -3.05489 -4.01038 -820.883 0 
4 827.167 0.329278 0.0223706 0.664917 -0.730286 -0.936212 -3.16072 -4.09435 -819.912 0 
1 825.658 0.329449 0.0221815 0.664431 -0.740069 -0.917037 -1.73027 -4.22378 -819.704 0 
1 824.318 0.324408 0.0221938 0.667553 -0.746693 -0.889643 -0.886606 -4.03581 -819.396 0 
4 827.262 0.33353 0.0220832 0.659969 -0.737774 -0.902447 -2.50001 -4.63035 -820.132 0 
1 826.322 0.331479 0.0220786 0.661292 -0.7247 -0.947025 -1.96113 -4.15292 -820.208 0 
3 828.077 0.324047 0.0221263 0.669489 -0.740882 -0.97081 -4.56425 -4.26081 -819.252 0 
1 826.123 0.321227 0.0222455 0.670774 -0.729198 -0.954143 -2.50411 -4.16233 -819.456 0 
9 824.388 0.321868 0.0223179 0.668443 -0.708954 -0.965149 -0.240295 -4.11054 -820.038 0 
6 824.992 0.317294 0.0224044 0.673436 -0.708772 -1.00386 -0.415498 -4.93524 -819.642 0 
1 826.642 0.329173 0.0224005 0.664396 -0.694703 -1.02093 -2.09211 -3.72511 -820.825 0 
4 827.736 0.333047 0.0223052 0.661348 -0.694605 -1.01698 -2.7295 -3.78538 -821.221 0 
2 825.054 0.32411 0.0222987 0.666484 -0.684936 -1.03692 -0.237525 -4.07171 -820.745 0 
2 825.635 0.326606 0.0223574 0.66528 -0.678146 -1.0684 -0.693897 -3.88109 -821.06 0 
5 825.296 0.322898 0.0223558 0.668039 -0.678607 -1.08262 -0.292214 -4.3685 -820.636 0 
2 825.371 0.321103 0.0223529 0.66884 -0.678028 -1.07044 -0.101496 -4.66427 -820.605 0 
1 825.411 0.322306 0.0223619 0.669543 -0.691343 -1.06565 -0.881501 -4.35536 -820.175 0 
7 825.711 0.320243 0.0224245 0.670055 -0.679123 -1.06418 -0.357558 -4.81867 -820.535 0 
8 826.21 0.320651 0.0223102 0.668692 -0.699163 -1.00082 -1.68591 -4.39623 -820.128 0 
2 825.615 0.315074 0.0224673 0.67462 -0.705013 -0.993298 -0.450229 -5.47156 -819.693 0 
3 824.427 0.317437 0.0222772 0.672212 -0.719433 -0.964121 -0.203019 -4.70705 -819.517 0 
1 825.89 0.324845 0.0223828 0.666574 -0.706903 -0.972359 -1.75494 -3.86392 -820.271 0 
11 824.293 0.315466 0.0223287 0.675913 -0.743202 -0.946342 -0.254028 -4.90587 -819.134 0 
3 824.415 0.319967 0.0223364 0.672312 -0.732298 -0.973123 -0.712724 -4.40611 -819.296 0 
1 825.395 0.320229 0.0222954 0.672913 -0.722369 -1.04598 -1.43947 -4.64924 -819.306 0 
2 825.712 0.318711 0.0223399 0.67135 -0.696542 -1.05298 -0.956611 -4.89479 -819.861 0 
4 825.307 0.322728 0.0221725 0.667124 -0.695884 -1.03008 -0.891602 -4.19166 -820.224 0 
6 825.482 0.315704 0.0222216 0.675886 -0.721761 -1.06823 -0.801783 -5.45826 -819.222 0 
1 824.723 0.316886 0.022292 0.674681 -0.725667 -1.02949 -0.433951 -5.05741 -819.232 0 
7 825.138 0.320038 0.0222224 0.671192 -0.706587 -1.05292 -0.882886 -4.62558 -819.63 0 
2 824.907 0.32295 0.0222287 0.668144 -0.695786 -1.05385 -0.560956 -4.2335 -820.112 0 
6 826.726 0.317888 0.0221368 0.672056 -0.689615 -1.12636 -1.60318 -5.38086 -819.742 0 
6 825.469 0.320842 0.0222048 0.669446 -0.683788 -1.11014 -0.571331 -4.76279 -820.135 0 
6 825.611 0.321403 0.0223694 0.669524 -0.675839 -1.11634 -0.438047 -4.73021 -820.443 0 
2 825.924 0.315691 0.0223273 0.673588 -0.685511 -1.09614 -0.159794 -5.8797 -819.885 0 
1 827.715 0.311732 0.0224223 0.678063 -0.673631 -1.17276 -0.221732 -7.67992 -819.814 0 
6 828.151 0.308546 0.022437 0.680589 -0.68776 -1.13114 -0.186502 -8.41048 -819.554 0 
2 827.313 0.309941 0.0224384 0.681221 -0.705601 -1.12919 -0.520366 -7.4425 -819.35 0 
6 826.862 0.315095 0.0224494 0.676778 -0.688384 -1.15634 -1.04948 -6.21501 -819.598 0 
1 830.812 0.303464 0.0224282 0.684581 -0.686766 -1.14818 -0.347109 -10.9081 -819.557 0 
2 826.098 0.317724 0.0224274 0.672256 -0.675925 -1.10095 -0.281663 -5.52345 -820.293 0 
4 825.326 0.325811 0.0222938 0.666886 -0.68821 -1.10346 -0.894339 -4.11802 -820.314 0 
1 825.297 0.320026 0.0222294 0.669771 -0.689246 -1.07528 -0.461816 -4.76763 -820.067 0 
1 825.94 0.315754 0.0221944 0.674851 -0.714283 -1.05902 -1.19475 -5.41135 -819.334 0 
1 825.852 0.324018 0.0222699 0.668579 -0.702594 -1.04994 -1.76839 -4.12844 -819.955 0 
1 825.439 0.32291 0.0223951 0.669876 -0.706275 -1.04102 -1.387 -4.23506 -819.817 0 
6 825.2 0.318797 0.0224001 0.673533 -0.716957 -1.02332 -1.06782 -4.69786 -819.434 0 
3 825.077 0.316605 0.0223914 0.673375 -0.7146 -0.981381 -0.58119 -4.94935 -819.547 0 
1 825.28 0.315838 0.0223344 0.674451 -0.734412 -0.950924 -1.17479 -4.87659 -819.229 0 
5 824.558 0.315723 0.0223871 0.674463 -0.737133 -0.911214 -0.551553 -4.74311 -819.263 0 
2 824.502 0.316253 0.0222499 0.673734 -0.730903 -0.946426 -0.407535 -4.79567 -819.299 0 
3 826.089 0.320741 0.022179 0.66971 -0.730329 -0.966343 -2.39861 -4.31489 -819.375 0 
1 825.211 0.32784 0.0222047 0.664944 -0.732797 -0.935286 -1.39945 -4.06356 -819.748 0 
2 824.806 0.327665 0.0221974 0.665184 -0.744856 -0.88567 -1.0986 -4.09784 -819.61 0 
6 824.921 0.324449 0.0221534 0.666369 -0.750126 -0.846866 -1.50468 -3.94079 -819.475 0 
4 824.593 0.324449 0.0221476 0.667299 -0.750503 -0.880128 -1.17862 -4.06902 -819.345 0 
2 824.623 0.318912 0.022129 0.672364 -0.777883 -0.829445 -1.26381 -4.35018 -819.009 0 
11 824.448 0.322614 0.0223006 0.670569 -0.761547 -0.860198 -1.15877 -4.1428 -819.147 0 
5 824.281 0.32487 0.0222845 0.667953 -0.758779 -0.833518 -0.907156 -4.03205 -819.341 0 
4 823.762 0.319227 0.0223216 0.671876 -0.760819 -0.80646 -0.532005 -4.02397 -819.206 0 
9 823.306 0.318623 0.022331 0.671671 -0.763868 -0.775597 -0.0793627 -4.00672 -819.22 0 
4 824.369 0.318248 0.022321 0.671381 -0.765315 -0.771379 -1.13781 -4.03314 -819.198 0 
3 824.913 0.31525 0.0222747 0.672584 -0.76969 -0.731802 -1.51157 -4.23768 -819.164 0 
4 827.085 0.318203 0.0220802 0.670052 -0.779918 -0.735019 -3.96513 -4.02963 -819.09 0 
4 827.457 0.309652 0.0222051 0.677735 -0.767038 -0.816261 -2.92008 -5.41696 -819.12 0 
3 828.3 0.301061 0.0223875 0.68946 -0.784277 -0.880833 -0.231138 -8.01996 -820.049 0 
3 826.93 0.303543 0.0224135 0.684328 -0.766332 -0.816438 -0.380386 -7.26355 -819.286 0 
12 825.187 0.310624 0.0224511 0.680806 -0.777034 -0.822644 -0.868377 -5.17351 -819.145 0 
2 825.236 0.314153 0.0222061 0.675384 -0.782304 -0.787701 -1.65329 -4.52628 -819.056 0 
1 824.898 0.317709 0.0221702 0.675124 -0.793523 -0.824835 -1.19192 -4.64968 -819.057 0 
2 824.141 0.313748 0.0223014 0.677629 -0.783801 -0.820315 -0.318037 -4.72532 -819.097 0 
5 824.338 0.312009 0.022254 0.678594 -0.788083 -0.793849 -0.366049 -4.825 -819.147 0 
1 823.97 0.314984 0.0223128 0.67394 -0.762195 -0.788954 -0.412856 -4.41195 -819.145 0 
1 826.408 0.312333 0.0222958 0.679657 -0.787279 -0.815937 -2.37629 -4.867 -819.165 0 
2 826.287 0.314813 0.0222574 0.677804 -0.790171 -0.814453 -2.56318 -4.61936 -819.105 0 
1 826.749 0.314077 0.0220507 0.67473 -0.791405 -0.756758 -3.22747 -4.45156 -819.07 0 
4 826.016 0.315661 0.0221237 0.675015 -0.788333 -0.777925 -2.61309 -4.36231 -819.041 0 
3 824.081 0.317047 0.0223272 0.675119 -0.780625 -0.800395 -0.758602 -4.29897 -819.023 0 
2 828.718 0.319029 0.0221524 0.675029 -0.80513 -0.789848 -4.99929 -4.6525 -819.066 0 
3 826.771 0.315164 0.0223812 0.677669 -0.775513 -0.835345 -3.17821 -4.5448 -819.048 0 
5 825.651 0.323405 0.0223924 0.670718 -0.767156 -0.839786 -2.34294 -4.17914 -819.129 0 
1 824.014 0.32107 0.0223719 0.671106 -0.761525 -0.818595 -0.811938 -3.99164 -819.211 0 
1 823.816 0.320941 0.0222035 0.669053 -0.772583 -0.745459 -0.682215 -3.91365 -819.22 0 
3 824.194 0.321719 0.022356 0.66689 -0.74021 -0.763521 -0.333756 -3.8409 -820.02 0 
2 825.36 0.309847 0.0224285 0.679525 -0.753514 -0.843251 -0.552042 -5.66873 -819.139 0 
7 824.82 0.313417 0.0223106 0.674791 -0.755519 -0.810818 -0.898925 -4.75578 -819.165 0 
9 825.139 0.310516 0.0223034 0.680125 -0.771882 -0.881456 -0.444711 -5.49285 -819.202 0 
8 824.887 0.31317 0.022294 0.676653 -0.757854 -0.878507 -0.798511 -4.99621 -819.092 0 
2 825.921 0.313723 0.022464 0.67792 -0.747509 -0.900136 -1.76964 -5.01585 -819.136 0 
2 825.612 0.31341 0.0223774 0.678627 -0.7576 -0.907626 -1.45033 -5.06935 -819.092 0 
2 827.487 0.307778 0.0225351 0.684096 -0.755159 -0.946036 -1.64381 -6.56336 -819.28 0 
1 826.698 0.311419 0.0224521 0.682001 -0.77244 -0.929081 -1.81464 -5.61044 -819.272 0 
3 827.664 0.309375 0.0225032 0.683781 -0.764617 -0.945813 -2.26066 -6.09185 -819.312 0 
6 826.495 0.311985 0.022487 0.680492 -0.754036 -0.950061 -1.7858 -5.56709 -819.142 0 
2 828.941 0.304839 0.022555 0.687217 -0.773047 -0.918347 -2.19946 -7.10964 -819.632 0 
6 825.559 0.314053 0.0224302 0.67876 -0.761873 -0.910192 -1.4795 -4.99604 -819.084 0 
8 824.16 0.319489 0.0222656 0.671968 -0.759694 -0.866268 -0.815672 -4.24061 -819.104 0 
4 824.483 0.31691 0.0221915 0.674783 -0.761315 -0.909945 -0.78604 -4.65041 -819.046 0 
5 827.654 0.323309 0.0220072 0.670397 -0.776101 -0.90414 -3.87943 -4.81238 -818.962 0 
2 827.472 0.32314 0.0219634 0.669063 -0.77491 -0.865371 -3.96044 -4.51263 -818.999 0 
1 827.194 0.323267 0.0219992 0.66862 -0.75833 -0.897507 -3.80678 -4.26221 -819.125 0 
2 827.348 0.324981 0.0219956 0.665911 -0.756852 -0.836043 -3.97829 -3.99017 -819.379 0 
1 827.824 0.3288 0.021975 0.661633 -0.746685 -0.83387 -3.90129 -4.04773 -819.875 0 
2 826.823 0.322308 0.0220733 0.666174 -0.739707 -0.845972 -3.3081 -3.86064 -819.654 0 
4 828.653 0.324876 0.0219617 0.664447 -0.754577 -0.824463 -5.22216 -3.95849 -819.472 0 
6 826.112 0.317531 0.0220907 0.672808 -0.784213 -0.808935 -2.67798 -4.41881 -819.016 0 
6 825.555 0.316234 0.0220809 0.674565 -0.780524 -0.840463 -1.94721 -4.56687 -819.041 0 
1 824.526 0.314756 0.0222879 0.675639 -0.778857 -0.802182 -0.975117 -4.50287 -819.048 0 
2 824.696 0.315991 0.0224169 0.676205 -0.772606 -0.836664 -1.17531 -4.48218 -819.039 0 
2 825.153 0.316603 0.0223178 0.67687 -0.78908 -0.82953 -1.48813 -4.60218 -819.063 0 
7 825.229 0.320515 0.022108 0.671236 -0.786013 -0.811069 -1.80489 -4.43734 -818.987 0 
2 826.681 0.322712 0.0220574 0.669634 -0.786405 -0.831083 -3.01297 -4.69977 -818.968 0 
2 827.607 0.315794 0.0221769 0.675445 -0.787326 -0.845758 -3.69603 -4.81621 -819.094 0 
1 827.835 0.316623 0.0221549 0.674831 -0.781701 -0.875397 -3.89859 -4.86853 -819.068 0 
1 827.313 0.308839 0.022161 0.683575 -0.793347 -0.937284 -1.01904 -6.37556 -819.919 0 
3 828.744 0.306767 0.0221579 0.686649 -0.804095 -0.953107 -1.10038 -7.04448 -820.599 0 
5 826.701 0.315886 0.0221524 0.678446 -0.787632 -0.960252 -1.64439 -5.70258 -819.354 0 
7 826.453 0.323364 0.0222448 0.670647 -0.7538 -0.968606 -2.6886 -4.70873 -819.056 0 
12 826.398 0.321331 0.0222249 0.673375 -0.761172 -0.997923 -2.26498 -5.13659 -818.997 0 
2 826.337 0.315443 0.0222626 0.678283 -0.755733 -1.00769 -1.85353 -5.36424 -819.119 0 
1 825.449 0.320628 0.0222014 0.673494 -0.769827 -0.943038 -1.54974 -4.90737 -818.992 0 
10 825.142 0.317787 0.0222248 0.675734 -0.780601 -0.902363 -1.1581 -4.92442 -819.059 0 
2 825.78 0.316844 0.0223827 0.676759 -0.776345 -0.887676 -1.95888 -4.77439 -819.047 0 
19 824.721 0.313486 0.0223754 0.677934 -0.749151 -0.939589 -0.389103 -5.22138 -819.111 0 
1 824.656 0.318854 0.0223674 0.673198 -0.731456 -0.957585 -0.887994 -4.44489 -819.323 0 
6 824.671 0.316593 0.0223899 0.673471 -0.713826 -0.978122 -0.138723 -4.95619 -819.576 0 
6 824.405 0.316813 0.0222434 0.673608 -0.736571 -0.952366 -0.472466 -4.72214 -819.21 0 
1 825.327 0.320225 0.0221738 0.670793 -0.725873 -1.00963 -1.47052 -4.52676 -819.33 0 
2 824.386 0.317333 0.0223135 0.67368 -0.724208 -0.983944 -0.264649 -4.76742 -819.354 0 
9 825.215 0.323534 0.0223823 0.668746 -0.714778 -0.987749 -1.3486 -4.04104 -819.825 0 
6 824.263 0.318793 0.0223583 0.672799 -0.729567 -0.957732 -0.451539 -4.45333 -819.358 0 
4 824.364 0.32097 0.0222595 0.671218 -0.72872 -0.986745 -0.668228 -4.33957 -819.356 0 
2 824.954 0.319161 0.0223964 0.673284 -0.72577 -0.991191 -1.07024 -4.53149 -819.352 0 
1 824.613 0.320566 0.022388 0.671284 -0.722181 -0.970702 -0.792674 -4.27577 -819.544 0 
5 825.949 0.327665 0.0223501 0.665349 -0.709769 -0.963374 -1.79634 -3.73401 -820.419 0 
2 828.322 0.31808 0.0224458 0.673563 -0.712028 -0.976814 -3.9315 -4.7025 -819.688 0 
2 830.015 0.323267 0.0224271 0.67187 -0.732318 -0.984821 -6.46731 -4.18947 -819.359 0 
1 824.338 0.321947 0.0223437 0.667809 -0.716056 -0.889217 -0.158632 -3.97632 -820.203 0 
8 824.949 0.324824 0.0223925 0.665384 -0.705652 -0.910173 -0.444479 -3.77523 -820.73 0 
1 824.993 0.317239 0.0224272 0.671362 -0.713056 -0.905569 -0.330177 -4.73439 -819.929 0 
1 825.366 0.31968 0.0223723 0.670462 -0.714984 -0.918149 -1.1174 -4.30873 -819.94 0 
2 825.156 0.324183 0.022447 0.666159 -0.70752 -0.887836 -0.582205 -3.82572 -820.748 0 
4 826.927 0.320637 0.0223063 0.670479 -0.737089 -0.864031 -3.36371 -3.99383 -819.569 0 
6 825.761 0.332085 0.0223059 0.660656 -0.727506 -0.84303 -0.946452 -3.96234 -820.852 0 
5 825.945 0.332511 0.0222897 0.660203 -0.72282 -0.866946 -1.05006 -3.96154 -820.933 0 
1 826.01 0.333355 0.0222128 0.659319 -0.718568 -0.890787 -0.972272 -4.00052 -821.037 0 
4 825.924 0.330219 0.022257 0.659733 -0.701692 -0.882973 -0.623023 -3.62028 -821.681 0 
3 825.873 0.323626 0.0223064 0.666435 -0.713845 -0.882634 -1.57642 -3.84025 -820.457 0 
3 826.28 0.326596 0.022326 0.664476 -0.70835 -0.898766 -1.7665 -3.67309 -820.84 0 
2 826.368 0.327427 0.0223772 0.660648 -0.691352 -0.845918 -0.173724 -3.84851 -822.346 0 
5 825.801 0.323069 0.0222184 0.665803 -0.71327 -0.8775 -1.43833 -3.89125 -820.472 0 
11 824.56 0.325125 0.022261 0.665676 -0.724654 -0.876275 -0.660347 -3.72805 -820.172 0 
4 824.573 0.321541 0.0223261 0.668772 -0.724325 -0.882454 -0.690188 -3.96692 -819.915 0 
2 825.539 0.324473 0.0224277 0.666706 -0.709739 -0.905903 -1.20139 -3.79151 -820.546 0 
3 826.319 0.328085 0.0223934 0.66371 -0.710716 -0.882324 -1.69784 -3.63449 -820.987 0 
1 827.499 0.330165 0.0224062 0.662505 -0.710667 -0.881482 -2.65135 -3.64983 -821.198 0 
2 825.945 0.325969 0.0223857 0.665143 -0.71341 -0.873897 -1.52393 -3.69213 -820.729 0 
2 826.087 0.326039 0.0224429 0.664391 -0.696705 -0.900776 -0.954169 -3.7678 -821.365 0 
1 825.272 0.324554 0.0224658 0.666734 -0.717873 -0.879133 -1.14111 -3.74834 -820.382 0 
2 826.653 0.325352 0.0225215 0.665381 -0.706381 -0.885668 -1.99541 -3.73623 -820.922 0 
3 827.42 0.324931 0.0225676 0.667513 -0.721421 -0.870474 -3.37553 -3.72401 -820.321 0 
2 827.545 0.332083 0.0224499 0.660367 -0.708621 -0.848842 -2.00647 -3.73712 -821.802 0 
1 828.289 0.332323 0.0222997 0.656989 -0.687666 -0.836732 -1.1212 -3.83454 -823.333 0 
4 829.042 0.329694 0.0222594 0.65749 -0.694063 -0.778606 -1.79421 -4.06545 -823.182 0 
1 828.845 0.335739 0.0221708 0.653103 -0.70853 -0.747583 -1.1671 -4.33595 -823.342 0 
3 830.776 0.339715 0.0221777 0.65097 -0.726684 -0.706426 -2.33568 -5.33702 -823.104 0 
3 829.376 0.335304 0.0221285 0.653917 -0.722973 -0.740865 -2.60799 -4.38669 -822.381 0 
3 829.91 0.340747 0.0220966 0.651447 -0.717387 -0.802223 -1.96603 -5.13657 -822.808 0 
2 828.312 0.336252 0.0221119 0.654419 -0.72864 -0.760396 -1.79679 -4.55866 -821.956 0 
1 826.978 0.334287 0.0222362 0.656409 -0.716207 -0.780805 -0.624223 -4.08536 -822.268 0 
2 825.17 0.330688 0.0222609 0.660678 -0.745569 -0.74373 -0.469716 -4.06331 -820.637 0 
11 825.306 0.330934 0.0222805 0.65997 -0.726616 -0.798092 -0.318324 -3.84687 -821.14 0 
4 825.814 0.323806 0.0223692 0.667194 -0.739403 -0.795795 -2.06272 -3.74658 -820.005 0 
3 824.647 0.322071 0.0224024 0.668856 -0.754417 -0.754891 -1.21573 -3.79646 -819.635 0 
3 826.612 0.32078 0.022539 0.670356 -0.749564 -0.753048 -3.02277 -3.8753 -819.714 0 
2 827.272 0.324631 0.0225758 0.66507 -0.721185 -0.782813 -2.54988 -3.79869 -820.923 0 
1 825.588 0.320608 0.0224215 0.667927 -0.739941 -0.76987 -1.75612 -3.90981 -819.922 0 
2 825.798 0.322998 0.0225092 0.665939 -0.728576 -0.764071 -1.36509 -3.85781 -820.575 0 
2 825.845 0.3247 0.0223846 0.663586 -0.722288 -0.781667 -1.1791 -3.78104 -820.885 0 
1 827.686 0.319411 0.0222407 0.666412 -0.731658 -0.764955 -3.38282 -4.13537 -820.168 0 
2 826.557 0.316464 0.0223042 0.670856 -0.743 -0.801973 -2.71594 -4.3598 -819.481 0 
1 824.561 0.316115 0.0223211 0.671263 -0.738704 -0.796208 -0.459663 -4.50568 -819.596 0 
3 826.347 0.314213 0.0221373 0.673797 -0.769138 -0.762637 -2.80034 -4.43909 -819.108 0 
9 824.874 0.323644 0.0221689 0.664946 -0.752274 -0.735218 -1.21943 -3.76567 -819.889 0 
3 824.609 0.325488 0.0222014 0.664057 -0.766182 -0.695547 -0.93112 -3.90621 -819.771 0 
1 825.075 0.32042 0.0222427 0.671026 -0.799214 -0.663998 -1.9984 -4.01445 -819.062 0 
1 824.435 0.31741 0.0223037 0.673893 -0.7929 -0.706337 -1.34719 -4.05419 -819.034 0 
6 824.628 0.322149 0.0223444 0.67024 -0.795267 -0.671954 -1.46097 -4.05457 -819.112 0 
2 825.316 0.327551 0.0222879 0.663878 -0.785986 -0.647329 -1.34409 -4.40436 -819.567 0 
2 825.558 0.328187 0.0221876 0.663154 -0.791269 -0.643219 -1.45421 -4.61574 -819.488 0 
3 825.968 0.312941 0.0223578 0.680398 -0.82334 -0.711061 -1.87099 -4.66526 -819.432 0 
3 823.41 0.315996 0.0223876 0.674904 -0.801215 -0.669006 -0.281681 -4.08705 -819.042 0 
1 823.96 0.314578 0.0223318 0.673476 -0.797065 -0.620143 -0.793585 -4.08046 -819.086 0 
15 823.91 0.322362 0.022385 0.666123 -0.775798 -0.600925 -0.200175 -3.93053 -819.779 0 
1 823.914 0.325622 0.0223185 0.664782 -0.778489 -0.635308 -0.141481 -4.05205 -819.72 0 
1 824.674 0.316463 0.0225403 0.672254 -0.770895 -0.640236 -1.08435 -4.15363 -819.436 0 
3 824.771 0.313068 0.022551 0.674764 -0.768789 -0.666499 -0.90777 -4.58342 -819.28 0 
1 823.57 0.316941 0.0223459 0.673793 -0.797781 -0.664749 -0.510606 -4.01164 -819.048 0 
1 823.309 0.314535 0.0223996 0.67507 -0.791211 -0.672596 -0.0854052 -4.15882 -819.065 0 
3 823.661 0.31141 0.0223849 0.678073 -0.795137 -0.688402 -0.0275085 -4.53937 -819.094 0 
6 826.705 0.311904 0.0224718 0.678292 -0.781115 -0.711816 -2.991 -4.63418 -819.08 0 
2 825.308 0.313818 0.0223589 0.675825 -0.78004 -0.710353 -1.87179 -4.35057 -819.086 0 
1 828.627 0.312508 0.0224046 0.676739 -0.767152 -0.731942 -4.72282 -4.75101 -819.153 0 
1 829.472 0.320612 0.0222814 0.667567 -0.74587 -0.709682 -5.40028 -4.01893 -820.053 0 
1 829.301 0.316336 0.0223346 0.674814 -0.777092 -0.739548 -6.08328 -4.12939 -819.089 0 
6 823.783 0.323195 0.0223001 0.666178 -0.764392 -0.68005 -0.197457 -3.81893 -819.767 0 
1 824.543 0.320311 0.0224363 0.668082 -0.764797 -0.659881 -0.97833 -3.87571 -819.689 0 
1 824.395 0.323465 0.0224402 0.66802 -0.78126 -0.662668 -1.0423 -3.93657 -819.417 0 
1 824.908 0.32691 0.0223769 0.663282 -0.763754 -0.661851 -0.766202 -4.00001 -820.141 0 
6 825.368 0.328274 0.0223428 0.664263 -0.788226 -0.648796 -1.28259 -4.54377 -819.542 0 
1 826.104 0.330686 0.0222262 0.661907 -0.791928 -0.614303 -1.37614 -4.97874 -819.749 0 
4 825.832 0.331918 0.0222624 0.660267 -0.783291 -0.61273 -0.68451 -5.02475 -820.122 0 
4 825.584 0.329742 0.0221742 0.660387 -0.784445 -0.588032 -0.817936 -4.69601 -820.07 0 
2 825.276 0.328406 0.0221748 0.663922 -0.805485 -0.613503 -0.998545 -4.96515 -819.313 0 
3 825.248 0.315208 0.022232 0.676147 -0.8242 -0.631736 -1.86597 -4.22237 -819.159 0 
1 824.928 0.318641 0.0221678 0.673447 -0.838785 -0.594931 -1.2391 -4.52758 -819.161 0 
6 824.481 0.317324 0.0221442 0.672476 -0.825114 -0.590266 -1.24619 -4.15723 -819.078 0 
2 825.467 0.313762 0.0221073 0.676703 -0.830777 -0.651533 -1.62773 -4.48163 -819.358 0 
1 826.561 0.327668 0.0220819 0.664569 -0.822862 -0.591625 -2.06982 -5.38405 -819.107 0 
1 830.035 0.33277 0.0220299 0.66123 -0.832314 -0.581663 -3.74982 -7.13133 -819.154 0 
4 825.74 0.326774 0.0221562 0.666545 -0.814765 -0.63772 -1.65394 -5.01576 -819.07 0 
1 825.661 0.325185 0.0221993 0.668525 -0.808897 -0.681486 -1.91225 -4.72992 -819.019 0 
3 824.12 0.317351 0.0221783 0.673091 -0.802324 -0.701976 -0.906282 -4.18721 -819.027 0 
15 824.085 0.31281 0.0222521 0.677966 -0.799244 -0.75623 -0.288217 -4.62932 -819.168 0 
2 824.323 0.320153 0.0223352 0.670695 -0.785096 -0.713356 -1.23043 -3.98806 -819.105 0 
2 825.197 0.323949 0.0223929 0.668692 -0.7842 -0.717695 -1.87469 -4.12662 -819.195 0 
4 825.019 0.323986 0.0223552 0.669678 -0.77625 -0.785962 -1.71418 -4.16639 -819.139 0 
1 826.69 0.311386 0.0223838 0.681257 -0.793004 -0.805335 -2.46432 -4.97531 -819.25 0 
1 826.555 0.315837 0.0223392 0.676812 -0.791961 -0.764602 -3.19594 -4.31677 -819.042 0 
1 825.828 0.317327 0.0224212 0.675823 -0.782586 -0.789736 -2.56147 -4.24617 -819.02 0 
2 826.71 0.322384 0.0223633 0.671116 -0.77503 -0.778262 -3.56464 -4.00915 -819.137 0 
1 825.623 0.331751 0.0223168 0.660313 -0.750842 -0.728491 -0.725145 -4.2867 -820.611 0 
3 825.107 0.329208 0.0222328 0.662126 -0.75053 -0.746509 -0.841873 -3.98095 -820.284 0 
3 824.155 0.314735 0.0223624 0.676244 -0.785831 -0.740596 -0.820169 -4.28934 -819.046 0 
8 827.942 0.316195 0.0221757 0.674397 -0.79989 -0.686885 -4.81112 -4.09405 -819.037 0 
5 826.654 0.326286 0.0221999 0.662576 -0.752573 -0.677701 -2.33295 -3.89554 -820.425 0 
2 825.258 0.326444 0.0222929 0.661665 -0.746574 -0.65733 -0.424414 -3.97912 -820.855 0 
1 824.96 0.323449 0.0224409 0.668026 -0.767607 -0.69734 -1.5309 -3.82361 -819.606 0 
1 823.759 0.321769 0.0224235 0.667917 -0.763273 -0.682307 -0.229823 -3.82277 -819.706 0 
2 823.938 0.318286 0.022438 0.670127 -0.769168 -0.642885 -0.384264 -4.00814 -819.545 0 
10 824.735 0.32389 0.0224618 0.666636 -0.766615 -0.676583 -1.13385 -3.84221 -819.759 0 
3 823.571 0.321186 0.0222786 0.669431 -0.786908 -0.691013 -0.455509 -3.9635 -819.152 0 
5 826.301 0.317638 0.0222099 0.674482 -0.794851 -0.750788 -3.06389 -4.22024 -819.017 0 
1 823.897 0.313754 0.0222699 0.67717 -0.789166 -0.778825 -0.258572 -4.55352 -819.085 0 
1 824.174 0.31573 0.0222923 0.675659 -0.796292 -0.755958 -0.722846 -4.3935 -819.057 0 
7 824.257 0.316412 0.022187 0.674889 -0.799489 -0.757842 -0.776047 -4.41985 -819.061 0 
1 824.564 0.321644 0.0221899 0.669455 -0.795703 -0.704909 -1.33252 -4.19043 -819.041 0 
3 824.178 0.320208 0.0223923 0.670092 -0.778887 -0.694809 -1.058 -3.88421 -819.236 0 
1 824.539 0.317539 0.0225309 0.67213 -0.759589 -0.72374 -1.04878 -4.06632 -819.424 0 
2 826.467 0.309968 0.0226051 0.678409 -0.755511 -0.742955 -1.7035 -5.52972 -819.234 0 
3 825.243 0.322105 0.0224019 0.666288 -0.740821 -0.706438 -0.910318 -3.95592 -820.376 0 
12 824.396 0.319381 0.0224967 0.670458 -0.755627 -0.722831 -0.846603 -3.9427 -819.607 0 
1 823.809 0.318667 0.0223908 0.670638 -0.759446 -0.723406 -0.360561 -3.97345 -819.475 0 
2 824.701 0.314842 0.0223901 0.676001 -0.783731 -0.72768 -1.40334 -4.24291 -819.055 0 
3 823.581 0.317718 0.0223341 0.672375 -0.77849 -0.708201 -0.45699 -3.97603 -819.148 0 
9 824.008 0.319928 0.0223303 0.667881 -0.74937 -0.719329 -0.221033 -3.94906 -819.838 0 
1 823.251 0.31821 0.0223639 0.67087 -0.77281 -0.689494 -0.0217872 -3.93453 -819.295 0 
1 824.454 0.309954 0.0224432 0.677926 -0.773055 -0.716088 -0.247962 -5.09351 -819.112 0 
5 826.796 0.308239 0.0222844 0.678993 -0.789576 -0.713233 -2.44984 -5.18477 -819.161 0 
4 826.998 0.304118 0.0222718 0.686735 -0.80453 -0.8198 -0.399672 -6.52573 -820.072 0 
2 825.212 0.309628 0.0222127 0.68038 -0.795761 -0.778432 -0.769624 -5.13567 -819.306 0 
4 823.534 0.317679 0.0222335 0.672626 -0.779562 -0.755722 -0.381955 -4.09252 -819.059 0 
3 823.932 0.320026 0.0223008 0.67252 -0.784172 -0.779005 -0.732033 -4.18358 -819.016 0 
6 823.879 0.317476 0.0222893 0.674578 -0.773518 -0.840559 -0.464504 -4.38933 -819.025 0 
5 825.037 0.315185 0.0223518 0.678046 -0.778822 -0.879695 -1.07666 -4.8638 -819.096 0 
1 827.376 0.304742 0.0224478 0.686682 -0.768782 -0.936478 -0.470159 -7.28547 -819.62 0 
3 825.703 0.307822 0.0223609 0.681691 -0.754653 -0.909153 -0.102235 -6.38971 -819.211 0 
3 825.385 0.316879 0.0222389 0.673327 -0.75765 -0.874931 -1.82343 -4.47245 -819.089 0 
4 825.222 0.314115 0.0221627 0.675873 -0.761135 -0.896511 -1.21499 -4.92991 -819.077 0 
3 826.415 0.310418 0.0224088 0.677836 -0.743649 -0.872705 -1.51372 -5.71731 -819.184 0 
3 824.23 0.31688 0.0224142 0.673651 -0.740619 -0.882623 -0.470972 -4.46203 -819.297 0 
1 824.369 0.317413 0.0223106 0.67109 -0.726024 -0.872211 -0.185752 -4.49319 -819.69 0 
1 826.874 0.321835 0.0223278 0.664473 -0.710717 -0.803498 -1.71352 -4.14068 -821.02 0 
3 827.551 0.3136 0.0223358 0.671219 -0.715797 -0.813825 -1.805 -5.65125 -820.095 0 
2 826.568 0.309068 0.0223889 0.679342 -0.747087 -0.842725 -1.35295 -6.03562 -819.179 0 
5 825.167 0.309631 0.0223592 0.679888 -0.761267 -0.843091 -0.441755 -5.59765 -819.127 0 
1 823.802 0.314462 0.0223922 0.674641 -0.755449 -0.796108 -0.0341751 -4.56025 -819.208 0 
2 824.491 0.314631 0.0224065 0.674538 -0.765815 -0.767181 -0.958699 -4.39591 -819.137 0 
2 825.438 0.316376 0.0224822 0.673319 -0.764535 -0.753804 -2.06489 -4.16443 -819.209 0 
3 824.464 0.315136 0.0222922 0.673993 -0.76816 -0.785559 -1.00372 -4.3664 -819.094 0 
4 825.812 0.321435 0.0222401 0.667366 -0.756845 -0.761606 -2.46928 -3.83231 -819.51 0 
1 826.052 0.311686 0.0222856 0.675877 -0.780463 -0.723816 -2.32217 -4.65121 -819.079 0 
2 823.861 0.312295 0.0223266 0.677523 -0.790215 -0.722415 -0.261913 -4.52068 -819.079 0 
2 823.765 0.314111 0.0222618 0.676394 -0.802741 -0.70162 -0.375471 -4.30298 -819.086 0 
6 823.618 0.321985 0.0223241 0.669776 -0.779506 -0.733066 -0.475009 -3.97037 -819.172 0 
5 824.085 0.325776 0.0222386 0.665984 -0.773054 -0.730143 -0.594206 -4.04791 -819.443 0 
1 824.778 0.31973 0.0222054 0.670746 -0.764615 -0.786584 -1.60695 -3.96305 -819.208 0 
2 823.936 0.32182 0.0223457 0.667421 -0.737676 -0.784566 -0.0909308 -3.84714 -819.997 0 
3 824.196 0.324056 0.022304 0.667625 -0.751243 -0.8086 -0.796059 -3.81464 -819.586 0 
6 823.477 0.319239 0.0222929 0.670338 -0.760441 -0.770518 -0.212973 -3.95152 -819.312 0 
9 823.891 0.31965 0.0223871 0.670307 -0.741299 -0.813273 -0.26154 -4.00964 -819.62 0 
8 824.241 0.319242 0.0223484 0.67012 -0.730382 -0.846556 -0.313315 -4.1606 -819.767 0 
1 824.275 0.321207 0.0223086 0.667233 -0.726043 -0.823827 -0.152108 -3.9676 -820.155 0 
3 825.506 0.317747 0.0222019 0.669328 -0.745078 -0.765373 -1.68809 -4.18856 -819.629 0 
1 826.478 0.314066 0.0223634 0.671241 -0.731259 -0.748043 -1.3242 -5.21945 -819.934 0 
2 827.122 0.307836 0.0224396 0.678516 -0.756836 -0.724291 -1.77146 -6.13023 -819.22 0 
2 825.985 0.305447 0.0224557 0.68247 -0.770149 -0.768165 -0.373501 -6.43111 -819.18 0 
3 825.475 0.307677 0.0224514 0.67985 -0.774226 -0.729543 -0.739034 -5.61285 -819.123 0 
8 823.887 0.312636 0.0223383 0.675734 -0.780921 -0.710308 -0.321275 -4.48619 -819.08 0 
1 824.217 0.316997 0.0223151 0.671257 -0.773113 -0.699385 -0.972181 -4.01807 -819.227 0 
2 824.244 0.314241 0.0223138 0.673077 -0.77624 -0.67767 -0.791838 -4.27842 -819.174 0 
3 824.17 0.309112 0.0224199 0.680634 -0.802139 -0.688469 -0.0938848 -4.86121 -819.215 0 
2 827.99 0.306819 0.0224902 0.685159 -0.799715 -0.766635 -2.88019 -5.61275 -819.497 0 
3 829.231 0.303873 0.0225469 0.68833 -0.802655 -0.78135 -3.00824 -6.3832 -819.839 0 
2 827.172 0.311679 0.0225105 0.680714 -0.793026 -0.750967 -3.34182 -4.69236 -819.137 0 
1 825.803 0.324033 0.0223741 0.668617 -0.782434 -0.691659 -2.50428 -3.98824 -819.31 0 
2 825.538 0.319165 0.022285 0.673249 -0.812851 -0.651552 -2.35751 -4.15542 -819.025 0 
5 824.872 0.325521 0.0222341 0.667069 -0.808 -0.624133 -1.16263 -4.56206 -819.147 0 
2 824.174 0.325207 0.0222064 0.66589 -0.797809 -0.626177 -0.579692 -4.30742 -819.286 0 
1 824.449 0.32264 0.022286 0.669923 -0.801207 -0.670904 -1.18073 -4.2051 -819.063 0 
1 830.058 0.333795 0.0222357 0.660079 -0.792604 -0.664269 -4.48335 -5.90571 -819.669 0 
5 823.923 0.320434 0.0223792 0.671597 -0.800748 -0.658278 -0.819036 -4.04488 -819.06 0 
3 824.316 0.323536 0.0223217 0.665935 -0.788843 -0.599875 -0.787083 -4.0296 -819.5 0 
1 823.647 0.319664 0.0222615 0.670939 -0.827439 -0.552484 -0.339562 -4.24137 -819.066 0 
1 824.445 0.320635 0.0224765 0.669407 -0.807006 -0.540396 -1.15383 -4.04033 -819.251 0 
2 824.138 0.313131 0.0224836 0.675955 -0.818754 -0.547184 -0.944023 -4.09057 -819.103 0 
1 824.306 0.31212 0.02245 0.678475 -0.833869 -0.565499 -0.79412 -4.22805 -819.284 0 
2 824.809 0.318621 0.0223789 0.673982 -0.821999 -0.611152 -1.57067 -4.18742 -819.051 0 
5 824.774 0.307398 0.0224427 0.681815 -0.815664 -0.614257 -0.5761 -4.88572 -819.312 0 
3 826.546 0.303419 0.0222963 0.68435 -0.829546 -0.590745 -1.30319 -5.48138 -819.762 0 
1 826.821 0.300952 0.022406 0.686235 -0.821305 -0.604856 -0.759693 -6.28549 -819.776 0 
1 825.601 0.304539 0.0224271 0.684742 -0.837603 -0.590076 -0.525633 -5.16923 -819.906 0 
1 826.805 0.300375 0.0224203 0.689032 -0.846745 -0.591976 -0.140995 -6.01735 -820.647 0 
1 825.58 0.304129 0.0224633 0.683694 -0.81478 -0.596413 -0.611785 -5.56307 -819.405 0 
4 826.859 0.303122 0.0224666 0.684753 -0.825415 -0.55402 -1.74203 -5.5766 -819.541 0 
1 827.842 0.298785 0.0224751 0.6889 -0.835973 -0.553149 -1.15504 -6.53309 -820.154 0 
1 825.887 0.305156 0.0225944 0.684251 -0.840678 -0.511159 -1.41855 -4.84553 -819.623 0 
7 827.639 0.305932 0.0227001 0.681812 -0.822755 -0.501164 -3.45133 -4.93948 -819.248 0 
2 824.883 0.314418 0.0225074 0.672943 -0.816753 -0.475296 -1.63705 -4.08312 -819.163 0 
5 824.519 0.316985 0.0225034 0.671502 -0.819014 -0.476164 -1.2954 -4.0422 -819.182 0 
1 825.285 0.314588 0.0223335 0.672011 -0.838613 -0.412753 -2.00941 -4.11005 -819.165 0 
1 825.462 0.322144 0.0222814 0.667365 -0.844623 -0.421966 -1.48181 -4.80031 -819.18 0 
6 824.66 0.31603 0.0222643 0.674196 -0.865553 -0.441923 -0.795664 -4.48008 -819.384 0 
4 824.666 0.312367 0.0222248 0.677243 -0.86983 -0.44792 -0.652951 -4.33707 -819.676 0 
3 824.138 0.320471 0.0224008 0.670025 -0.830686 -0.489706 -0.704572 -4.30835 -819.125 0 
6 824.689 0.320176 0.0223208 0.671556 -0.848306 -0.47174 -1.00814 -4.55195 -819.129 0 
4 824.222 0.315612 0.022378 0.675733 -0.85088 -0.508241 -0.617835 -4.31246 -819.291 0 
2 825.336 0.309798 0.0225105 0.681811 -0.847904 -0.546464 -1.30857 -4.39608 -819.631 0 
4 826.104 0.321977 0.0225406 0.666808 -0.80013 -0.492906 -2.28928 -4.19583 -819.619 0 
8 826.813 0.312332 0.0226795 0.676036 -0.802168 -0.540048 -3.3878 -4.28526 -819.14 0 
3 826.621 0.30979 0.0226354 0.681366 -0.830368 -0.561198 -2.93525 -4.36718 -819.318 0 
1 825.967 0.312101 0.0226301 0.678504 -0.818874 -0.556685 -2.67047 -4.17568 -819.121 0 
5 825.708 0.318701 0.0225836 0.672067 -0.797425 -0.596174 -2.60832 -3.91603 -819.183 0 
2 824.574 0.311933 0.0225449 0.677293 -0.81165 -0.572564 -1.25121 -4.22324 -819.1 0 
1 825.202 0.326908 0.0223658 0.664217 -0.800764 -0.559185 -1.05208 -4.58867 -819.562 0 
2 825.467 0.319361 0.0225158 0.672719 -0.801121 -0.623181 -2.41711 -3.94993 -819.1 0 
2 825.768 0.322384 0.0225437 0.668893 -0.772501 -0.678494 -2.42322 -3.83722 -819.508 0 
15 823.758 0.320743 0.0223512 0.671108 -0.801911 -0.659858 -0.612264 -4.09402 -819.052 0 
2 824.863 0.316691 0.022408 0.675806 -0.804776 -0.689686 -1.67178 -4.15177 -819.039 0 
2 824.136 0.31218 0.0224393 0.675545 -0.775382 -0.681643 -0.38867 -4.60192 -819.146 0 
1 824.689 0.310227 0.0224753 0.679467 -0.796321 -0.692945 -0.839639 -4.71748 -819.132 0 
2 826.426 0.303388 0.0224337 0.684811 -0.804091 -0.690595 -0.776486 -6.11771 -819.532 0 
6 824.714 0.31094 0.0222345 0.680351 -0.826589 -0.693477 -0.373357 -4.77115 -819.57 0 
1 824.753 0.3209 0.0221583 0.67005 -0.823859 -0.603141 -1.29628 -4.4214 -819.035 0 
1 825.106 0.321944 0.0221345 0.670021 -0.824802 -0.633083 -1.4104 -4.67484 -819.021 0 
8 824.65 0.312143 0.0224078 0.679936 -0.817105 -0.698164 -0.747187 -4.58221 -819.32 0 
4 824.607 0.311029 0.0224212 0.680363 -0.818935 -0.675399 -0.670633 -4.58863 -819.348 0 
4 823.939 0.31323 0.0223222 0.678192 -0.812761 -0.691826 -0.329353 -4.41537 -819.194 0 
6 823.519 0.313423 0.0223926 0.677198 -0.812215 -0.641636 -0.186749 -4.21987 -819.112 0 
1 824.529 0.318316 0.0224727 0.672653 -0.792611 -0.663691 -1.48363 -3.95337 -819.092 0 
1 826.318 0.319351 0.0223683 0.669174 -0.778183 -0.66082 -3.12341 -3.87016 -819.324 0 
4 823.405 0.317654 0.0223881 0.67085 -0.769958 -0.6774 -0.0448354 -3.9904 -819.37 0 
4 823.712 0.315109 0.0224482 0.674833 -0.787188 -0.669153 -0.501811 -4.11654 -819.093 0 
1 823.565 0.31642 0.0223806 0.6735 -0.78926 -0.660904 -0.457293 -4.00582 -819.102 0 
3 823.98 0.320602 0.0222399 0.667549 -0.783381 -0.619625 -0.690059 -3.87773 -819.412 0 
1 823.803 0.323504 0.0222754 0.666053 -0.778972 -0.633779 -0.287429 -3.92009 -819.595 0 
1 824.009 0.322592 0.0222881 0.665648 -0.791951 -0.552612 -0.370543 -4.05528 -819.583 0 
9 823.621 0.32176 0.0223915 0.667309 -0.793884 -0.557506 -0.136425 -4.00876 -819.476 0 
3 823.675 0.321128 0.0223302 0.667377 -0.78645 -0.57837 -0.197216 -3.9468 -819.531 0 
1 823.845 0.320347 0.0224704 0.668721 -0.78965 -0.567669 -0.431181 -3.94888 -819.465 0 
3 824.481 0.313929 0.022505 0.674189 -0.805312 -0.549942 -1.26899 -4.0913 -819.121 0 
1 824.284 0.311132 0.0224489 0.678441 -0.829326 -0.558057 -0.795385 -4.24469 -819.244 0 
3 825.902 0.310344 0.0222781 0.675722 -0.825449 -0.502634 -2.47778 -4.26153 -819.163 0 
1 825.57 0.315132 0.0221796 0.671281 -0.821332 -0.491939 -2.4223 -4.02434 -819.123 0 
2 825.876 0.315505 0.0222702 0.669971 -0.797695 -0.503184 -2.31746 -4.20868 -819.35 0 
7 825.095 0.325426 0.0222967 0.665558 -0.801654 -0.557875 -1.25719 -4.36543 -819.473 0 
1 825.979 0.329847 0.0222969 0.660032 -0.766932 -0.592245 -0.742948 -4.49165 -820.744 0 
1 825.899 0.330492 0.0223804 0.658996 -0.770782 -0.543756 -0.0624449 -4.82136 -821.015 0 
8 826.647 0.328282 0.0224034 0.658961 -0.764804 -0.519873 -0.658 -4.70147 -821.287 0 
1 825.302 0.325703 0.0223508 0.662658 -0.778692 -0.531121 -0.615285 -4.35376 -820.333 0 
7 824.886 0.324342 0.0224856 0.666515 -0.790609 -0.575519 -1.15596 -4.12498 -819.605 0 
1 824.963 0.325074 0.0223441 0.666607 -0.814965 -0.557044 -1.12978 -4.61112 -819.222 0 
4 825.232 0.326422 0.0223419 0.66641 -0.812579 -0.573562 -1.24608 -4.73521 -819.251 0 
2 825.284 0.313466 0.0224517 0.679009 -0.847178 -0.551353 -1.57113 -4.29503 -819.418 0 
1 826.095 0.310581 0.0224154 0.682122 -0.848648 -0.591861 -1.78635 -4.53831 -819.771 0 
1 824.926 0.312691 0.0223918 0.67983 -0.850592 -0.574186 -0.855372 -4.46233 -819.608 0 
5 824.059 0.320969 0.0223026 0.670839 -0.822977 -0.592156 -0.658425 -4.35999 -819.041 0 
1 823.918 0.312283 0.0223672 0.678743 -0.841987 -0.566229 -0.196047 -4.30377 -819.418 0 
4 825.38 0.315393 0.022366 0.673037 -0.807119 -0.589134 -2.29749 -4.0054 -819.077 0 
2 826.011 0.312565 0.022388 0.674516 -0.79374 -0.616113 -2.62568 -4.28663 -819.099 0 
4 826.337 0.309533 0.0223291 0.676242 -0.797721 -0.595324 -2.54666 -4.68538 -819.105 0 
2 824.715 0.306055 0.0224206 0.682701 -0.814902 -0.632081 -0.12542 -5.17939 -819.41 0 
3 824.217 0.319386 0.0224147 0.669109 -0.781612 -0.616744 -0.918269 -3.88865 -819.41 0 
1 823.703 0.319903 0.0223711 0.669458 -0.793617 -0.606689 -0.552703 -3.90878 -819.241 0 
2 823.858 0.312978 0.0222415 0.67636 -0.814005 -0.638628 -0.468787 -4.25415 -819.135 0 
2 824.79 0.314702 0.022177 0.674936 -0.830144 -0.59748 -1.36046 -4.23553 -819.194 0 
1 825.061 0.322929 0.0221771 0.666844 -0.817435 -0.552095 -1.52803 -4.38386 -819.15 0 
3 824.948 0.319362 0.02217 0.669357 -0.822181 -0.511895 -1.72186 -4.09812 -819.128 0 
3 826.108 0.318476 0.022126 0.668665 -0.820748 -0.485816 -2.86331 -4.07154 -819.173 0 
4 826.3 0.330755 0.0222613 0.658536 -0.803142 -0.446329 -0.263277 -5.64188 -820.395 0 
5 825.369 0.32519 0.0223503 0.662535 -0.803467 -0.424942 -0.453114 -4.82865 -820.087 0 
3 825.551 0.326883 0.0224147 0.66108 -0.798561 -0.42272 -0.0724629 -5.06969 -820.409 0 
7 824.383 0.323273 0.0224075 0.665006 -0.803683 -0.456414 -0.154005 -4.45227 -819.777 0 
3 824.114 0.314867 0.022444 0.671828 -0.81044 -0.461324 -0.643526 -4.20853 -819.262 0 
2 824.634 0.311903 0.0225469 0.677395 -0.828637 -0.488336 -1.33776 -4.14809 -819.148 0 
1 824.804 0.308892 0.0225697 0.6782 -0.821918 -0.466136 -1.08987 -4.55753 -819.156 0 
4 825.086 0.316265 0.022543 0.673677 -0.827347 -0.465133 -1.88629 -4.06066 -819.139 0 
9 824.187 0.317211 0.0225013 0.671854 -0.833982 -0.41448 -0.806016 -4.19178 -819.19 0 
4 824.439 0.321852 0.0224703 0.667498 -0.829452 -0.408647 -0.510144 -4.56893 -819.36 0 
2 824.044 0.321527 0.0223112 0.669184 -0.847451 -0.433975 -0.176537 -4.71982 -819.148 0 
1 823.884 0.313626 0.0223661 0.676643 -0.861589 -0.433977 -0.272637 -4.2103 -819.401 0 
3 823.807 0.315384 0.02243 0.673351 -0.85829 -0.36745 -0.295391 -4.27452 -819.237 0 
1 824.588 0.308682 0.022445 0.67791 -0.85409 -0.358879 -0.919639 -4.32655 -819.342 0 
1 825.11 0.317014 0.0225117 0.670827 -0.841405 -0.368271 -1.57531 -4.31129 -819.224 0 
3 823.952 0.317604 0.0224603 0.671234 -0.840781 -0.404804 -0.522227 -4.25237 -819.177 0 
7 824.366 0.307637 0.0224524 0.680365 -0.848873 -0.437954 -0.535786 -4.38254 -819.448 0 
2 824.493 0.31516 0.0223293 0.67123 -0.838225 -0.392001 -1.13671 -4.17091 -819.186 0 
2 824.711 0.313371 0.022338 0.674408 -0.837514 -0.433884 -1.44476 -4.10491 -819.162 0 
5 825.763 0.317963 0.0221689 0.668993 -0.838639 -0.405129 -2.30908 -4.2652 -819.189 0 
5 826.44 0.321785 0.0222589 0.663676 -0.808974 -0.39475 -1.9229 -4.65487 -819.862 0 
2 825.406 0.323311 0.0223474 0.664587 -0.806491 -0.437353 -1.05358 -4.55295 -819.8 0 
2 826.094 0.316324 0.0223813 0.670901 -0.824603 -0.41017 -2.59246 -4.24104 -819.26 0 
1 828.126 0.320281 0.0223765 0.665905 -0.796156 -0.432125 -3.64516 -4.53891 -819.942 0 
1 827.471 0.313471 0.0225734 0.67323 -0.807606 -0.435154 -3.6155 -4.51942 -819.336 0 
1 826.668 0.321158 0.0225515 0.664764 -0.777598 -0.453271 -1.4 -4.72147 -820.547 0 
2 828.466 0.304648 0.0225421 0.680063 -0.804952 -0.482201 -3.40661 -5.89449 -819.165 0 
3 825.262 0.305633 0.0224667 0.680427 -0.819338 -0.504249 -0.935279 -5.10126 -819.226 0 
2 825.584 0.305305 0.0223467 0.681461 -0.833248 -0.524611 -1.19055 -4.90111 -819.493 0 
3 825.12 0.312356 0.0221711 0.675786 -0.837094 -0.52195 -1.74236 -4.13523 -819.242 0 
2 823.849 0.316258 0.0222853 0.673213 -0.841322 -0.494544 -0.534 -4.16233 -819.152 0 
4 824.495 0.318221 0.0223855 0.671283 -0.840854 -0.451977 -1.10541 -4.25644 -819.133 0 
3 823.913 0.317515 0.0222726 0.671653 -0.840178 -0.475555 -0.590413 -4.19702 -819.126 0 
2 824.058 0.321241 0.0222075 0.668952 -0.831593 -0.512772 -0.553382 -4.40849 -819.096 0 
3 824.257 0.323133 0.0222926 0.664955 -0.808545 -0.473499 -0.318328 -4.37474 -819.564 0 
5 824.278 0.31865 0.0222812 0.668221 -0.812957 -0.470492 -0.866246 -4.10362 -819.308 0 
1 825.345 0.310658 0.0225252 0.674174 -0.803407 -0.456334 -1.33025 -4.75293 -819.262 0 
4 825.303 0.303391 0.0224245 0.684649 -0.853203 -0.485068 -0.337407 -4.97447 -819.991 0 
1 826.102 0.301776 0.0225097 0.686341 -0.843845 -0.506387 -0.704619 -5.47161 -819.926 0 
3 825.724 0.311321 0.0225005 0.678532 -0.823859 -0.534803 -2.34839 -4.22155 -819.154 0 
7 826.299 0.308158 0.0226323 0.677447 -0.792526 -0.524466 -1.85271 -5.25314 -819.193 0 
3 826.73 0.317872 0.0225571 0.667797 -0.784128 -0.488279 -2.55421 -4.32716 -819.849 0 
3 825.414 0.310057 0.0224139 0.675078 -0.805915 -0.484008 -1.54784 -4.69135 -819.174 0 
2 827.937 0.315742 0.0223331 0.669284 -0.798338 -0.505201 -4.48783 -4.1087 -819.34 0 
1 827.145 0.319178 0.02216 0.666791 -0.80622 -0.504178 -3.78342 -4.0346 -819.327 0 
9 828.176 0.310372 0.022188 0.674011 -0.807397 -0.528872 -4.59497 -4.46011 -819.121 0 
1 825.526 0.31608 0.0221582 0.673221 -0.841305 -0.49879 -2.23477 -4.13314 -819.158 0 
1 825.4 0.313722 0.0221798 0.673101 -0.828999 -0.487741 -2.2207 -4.05255 -819.127 0 
3 826.369 0.309538 0.0222726 0.675567 -0.807168 -0.524315 -2.61313 -4.63092 -819.125 0 
1 827.112 0.312088 0.022225 0.672367 -0.803945 -0.501615 -3.53344 -4.3921 -819.187 0 
5 826.451 0.311513 0.0222412 0.67339 -0.815316 -0.475155 -2.97433 -4.33035 -819.147 0 
1 824.616 0.314768 0.0222351 0.673781 -0.842701 -0.489486 -1.29855 -4.12441 -819.193 0 
3 825.025 0.306871 0.0223259 0.681087 -0.860085 -0.45669 -0.78768 -4.42417 -819.813 0 
2 826.116 0.305352 0.0222705 0.682322 -0.861685 -0.472914 -1.44857 -4.61982 -820.048 0 
2 825.183 0.311497 0.0222822 0.678338 -0.863851 -0.484412 -1.12451 -4.35448 -819.704 0 
1 824.71 0.316785 0.0222246 0.672716 -0.847999 -0.486108 -1.22829 -4.29126 -819.191 0 
2 826.07 0.318411 0.0221762 0.671126 -0.861464 -0.435391 -2.18097 -4.64867 -819.241 0 
1 826.505 0.31551 0.0223276 0.675418 -0.868539 -0.458699 -2.4256 -4.57822 -819.501 0 
1 826.302 0.310887 0.0223593 0.681127 -0.892941 -0.437193 -1.06844 -4.74769 -820.486 0 
1 825.081 0.305192 0.0224428 0.684351 -0.866801 -0.468427 -0.23768 -4.62946 -820.214 0 
3 826.139 0.306554 0.0225701 0.683831 -0.850552 -0.516888 -1.72618 -4.60312 -819.81 0 
1 826.671 0.306977 0.0225995 0.680615 -0.833686 -0.476886 -2.77693 -4.58326 -819.31 0 
2 827.49 0.308488 0.0227035 0.679427 -0.813788 -0.515199 -3.70058 -4.64827 -819.141 0 
1 825.495 0.310946 0.0225379 0.674742 -0.775375 -0.580597 -1.10215 -5.04212 -819.351 0 
1 825.531 0.308706 0.0225254 0.679523 -0.791106 -0.629567 -1.39348 -5.02983 -819.108 0 
1 823.642 0.31119 0.0224177 0.677984 -0.80108 -0.645016 -0.0888844 -4.4551 -819.098 0 
1 823.654 0.315451 0.0224528 0.673986 -0.795152 -0.629935 -0.529744 -4.03212 -819.092 0 
3 823.799 0.321859 0.0223365 0.669088 -0.809359 -0.589603 -0.510189 -4.15984 -819.129 0 
5 823.329 0.319323 0.0223349 0.670316 -0.805194 -0.585677 -0.230999 -3.96645 -819.132 0 
6 824.571 0.325858 0.0223337 0.665554 -0.795082 -0.613823 -0.8248 -4.3348 -819.411 0 
4 825.502 0.326732 0.0223137 0.66421 -0.802 -0.570571 -1.43498 -4.59197 -819.475 0 
2 823.177 0.31508 0.0223205 0.67442 -0.804117 -0.630225 -0.0579458 -4.06157 -819.058 0 
2 824.249 0.317949 0.0222694 0.671411 -0.817588 -0.572762 -1.13571 -4.0478 -819.065 0 
2 824.185 0.315793 0.0222037 0.67523 -0.841546 -0.574578 -0.563925 -4.35397 -819.267 0 
1 827.972 0.312951 0.0222877 0.680428 -0.835465 -0.67066 -3.78025 -4.62667 -819.565 0 
1 825.604 0.320143 0.0222355 0.672219 -0.81019 -0.663412 -2.40065 -4.18868 -819.015 0 
1 824.299 0.323671 0.0223042 0.665232 -0.78238 -0.604084 -0.662409 -3.98529 -819.652 0 
4 823.68 0.322335 0.0223008 0.666403 -0.779607 -0.611069 -0.149398 -3.91035 -819.62 0 
1 824.691 0.324093 0.0223163 0.663751 -0.76806 -0.607253 -0.603313 -3.97424 -820.114 0 
1 825.044 0.316059 0.0223573 0.673816 -0.78403 -0.677508 -1.8662 -4.05957 -819.118 0 
4 825.072 0.322191 0.0223654 0.670294 -0.783997 -0.709759 -1.93996 -3.96084 -819.171 0 
4 823.757 0.319434 0.0223963 0.670775 -0.770891 -0.702538 -0.544791 -3.88077 -819.331 0 
5 825.037 0.326266 0.0222672 0.663583 -0.767193 -0.681399 -1.19911 -3.97436 -819.864 0 
2 825.354 0.325033 0.0222609 0.668824 -0.791642 -0.740205 -1.84842 -4.43839 -819.067 0 
1 825.626 0.3062 0.0223983 0.680881 -0.780197 -0.713539 -0.598648 -5.87131 -819.156 0 
1 826.334 0.311768 0.0223401 0.673612 -0.773446 -0.644326 -2.38749 -4.71284 -819.233 0 
1 825.748 0.30685 0.0222676 0.680246 -0.803915 -0.646981 -1.32553 -5.18016 -819.242 0 
3 824.288 0.310312 0.0222542 0.679639 -0.825556 -0.6417 -0.319944 -4.55367 -819.414 0 
3 826.616 0.307917 0.0222231 0.684139 -0.853714 -0.639442 -1.12673 -5.06968 -820.419 0 
3 824.873 0.310801 0.0221972 0.679605 -0.836028 -0.635118 -0.683366 -4.59676 -819.593 0 
3 824.952 0.308189 0.0222812 0.679716 -0.812018 -0.637196 -0.861157 -4.81456 -819.276 0 
2 826.654 0.303625 0.0222842 0.684197 -0.830621 -0.612514 -1.30581 -5.47412 -819.874 0 
2 825.935 0.310349 0.0221389 0.677951 -0.828592 -0.604588 -2.13585 -4.43259 -819.366 0 
4 826.619 0.312484 0.0220706 0.676346 -0.839875 -0.568379 -2.96982 -4.27605 -819.373 0 
1 825.845 0.317377 0.0221548 0.670847 -0.835748 -0.499962 -2.57575 -4.16004 -819.11 0 
1 824.751 0.320922 0.0221588 0.670783 -0.839927 -0.560879 -0.971476 -4.69131 -819.088 0 
2 825.147 0.310893 0.0221969 0.680173 -0.855882 -0.576704 -0.653542 -4.60087 -819.893 0 
3 825.276 0.309039 0.0222648 0.682447 -0.854752 -0.592057 -0.462723 -4.72751 -820.086 0 
3 823.943 0.312563 0.0223577 0.678256 -0.832154 -0.582578 -0.438959 -4.23008 -819.274 0 
1 824.846 0.306258 0.0225175 0.681749 -0.827167 -0.52006 -0.682 -4.83593 -819.328 0 
2 825.419 0.311909 0.0225467 0.676428 -0.816195 -0.492487 -2.01632 -4.27419 -819.129 0 
1 824.917 0.315286 0.0225502 0.674962 -0.815391 -0.53465 -1.81028 -4.00689 -819.1 0 
3 823.569 0.319418 0.0224507 0.669733 -0.810701 -0.503355 -0.248985 -4.05223 -819.268 0 
1 823.253 0.315356 0.0223915 0.674425 -0.83252 -0.505656 -0.0841389 -4.04829 -819.121 0 
1 825.035 0.313439 0.0224229 0.678472 -0.851682 -0.515236 -1.38242 -4.23908 -819.414 0 
1 827.497 0.303583 0.0223575 0.688759 -0.892777 -0.503992 -0.475 -5.18469 -821.837 0 
2 826.38 0.315854 0.0224047 0.675113 -0.859618 -0.467017 -2.61659 -4.4216 -819.342 0 
1 824.553 0.319181 0.0223049 0.67184 -0.853666 -0.468281 -0.777942 -4.60099 -819.175 0 
2 825.828 0.31543 0.0224636 0.673793 -0.849876 -0.425047 -2.45187 -4.17992 -819.196 0 
5 824.198 0.31548 0.0224309 0.674345 -0.843457 -0.46966 -0.899743 -4.12884 -819.17 0 
4 825.045 0.306914 0.0225471 0.682579 -0.845682 -0.497826 -0.92865 -4.52667 -819.59 0 
5 825.295 0.306557 0.0225028 0.681032 -0.847548 -0.449197 -1.29838 -4.49304 -819.503 0 
4 824.404 0.317676 0.0224354 0.673833 -0.853468 -0.452575 -0.829484 -4.37941 -819.195 0 
3 824.367 0.317123 0.0223926 0.673101 -0.855103 -0.431592 -0.800083 -4.35947 -819.208 0 
5 824.263 0.316325 0.0222641 0.672571 -0.847629 -0.455734 -0.877179 -4.20897 -819.177 0 
1 824.034 0.312284 0.0223627 0.674215 -0.843548 -0.389729 -0.669464 -4.16601 -819.199 0 
4 824.147 0.316538 0.0224124 0.669777 -0.824985 -0.388205 -0.52232 -4.30564 -819.319 0 
1 828.554 0.307506 0.0223735 0.675784 -0.822897 -0.386266 -4.30958 -5.04388 -819.2 0 
1 828.053 0.305663 0.0223452 0.679222 -0.843319 -0.385621 -3.9103 -4.80819 -819.335 0 
2 826.879 0.310735 0.0222304 0.674347 -0.841264 -0.389054 -3.40628 -4.2656 -819.207 0 
2 827.169 0.307209 0.0222214 0.678288 -0.84007 -0.449906 -3.30947 -4.51584 -819.344 0 
1 829.704 0.309527 0.0220756 0.675829 -0.844818 -0.441967 -6.15294 -4.23736 -819.314 0 
3 827.976 0.315647 0.0222107 0.668586 -0.813617 -0.413438 -4.25248 -4.34342 -819.38 0 
1 827.624 0.306258 0.0222788 0.679185 -0.82662 -0.484293 -3.49047 -4.87573 -819.257 0 
2 826.359 0.305601 0.0223512 0.680018 -0.828061 -0.477407 -2.11058 -4.96355 -819.285 0 
3 825.814 0.312358 0.0223165 0.67397 -0.816669 -0.476333 -2.41066 -4.25914 -819.144 0 
2 826.135 0.304965 0.0223523 0.68366 -0.852976 -0.490565 -1.49775 -4.75061 -819.886 0 
1 826.337 0.307949 0.0222288 0.679252 -0.84838 -0.463904 -2.47999 -4.36708 -819.49 0 
6 825.9 0.314125 0.0222768 0.674635 -0.842159 -0.453337 -2.6439 -4.07802 -819.178 0 
1 823.755 0.315826 0.0223322 0.671464 -0.83978 -0.401812 -0.414164 -4.16651 -819.174 0 
5 823.706 0.31139 0.0224603 0.678046 -0.845348 -0.47019 -0.266397 -4.13697 -819.302 0 
1 824.508 0.311781 0.0224886 0.675784 -0.82907 -0.467691 -1.21571 -4.14407 -819.148 0 
4 823.819 0.309554 0.0223669 0.679114 -0.854262 -0.452642 -0.101933 -4.21997 -819.497 0 
6 824.699 0.317309 0.0221989 0.673431 -0.868213 -0.446325 -0.644778 -4.6703 -819.384 0 
1 825.419 0.32423 0.0222521 0.668102 -0.858545 -0.443486 -0.747158 -5.53045 -819.141 0 
6 823.91 0.314328 0.0224139 0.676683 -0.848555 -0.501567 -0.420439 -4.19511 -819.294 0 
3 823.737 0.317911 0.0223186 0.67154 -0.841057 -0.464417 -0.379839 -4.22985 -819.128 0 
1 825.292 0.321809 0.0222539 0.667298 -0.837323 -0.445645 -1.51532 -4.59936 -819.177 0 
7 824.224 0.311902 0.0223798 0.679415 -0.855172 -0.519471 -0.327835 -4.31284 -819.584 0 
2 824.092 0.318959 0.0222265 0.672192 -0.839063 -0.535126 -0.629028 -4.35588 -819.107 0 
2 823.837 0.323156 0.0223967 0.666792 -0.801758 -0.539879 -0.226066 -4.17235 -819.439 0 
1 823.825 0.310642 0.0224044 0.677144 -0.814083 -0.547006 -0.352177 -4.3534 -819.12 0 
2 824.835 0.310428 0.0225585 0.679502 -0.816721 -0.576737 -1.30733 -4.36963 -819.158 0 
4 825.598 0.318968 0.022601 0.671608 -0.799638 -0.56109 -2.40294 -3.9432 -819.252 0 
2 825.661 0.322579 0.0225763 0.667732 -0.789526 -0.551457 -1.95537 -4.05602 -819.65 0 
2 825.306 0.315945 0.0226231 0.672297 -0.792261 -0.538229 -1.83739 -4.12266 -819.346 0 
4 825.413 0.314632 0.0225503 0.673546 -0.80227 -0.547484 -2.19259 -4.06417 -819.156 0 
1 825.121 0.306758 0.0224491 0.680252 -0.831306 -0.501828 -1.1305 -4.65801 -819.332 0 
2 824.181 0.311448 0.0224696 0.677699 -0.82259 -0.557345 -0.804964 -4.21458 -819.161 0 
5 823.402 0.315928 0.0223287 0.672474 -0.821689 -0.516707 -0.299256 -4.00249 -819.101 0 
3 825.216 0.324095 0.0223057 0.668418 -0.826977 -0.538953 -1.42681 -4.67621 -819.113 0 
1 824.91 0.326342 0.022282 0.665116 -0.829285 -0.474751 -0.489928 -5.11615 -819.304 0 
1 825.436 0.32889 0.022246 0.661639 -0.815809 -0.469002 -0.361982 -5.35246 -819.722 0 
4 825.917 0.32393 0.0223372 0.667853 -0.818824 -0.524867 -2.22927 -4.46117 -819.226 0 
3 827.29 0.325128 0.0223276 0.668564 -0.841972 -0.500143 -2.99129 -5.1944 -819.104 0 
1 824.343 0.324961 0.0223048 0.664073 -0.808535 -0.483935 -0.180335 -4.55131 -819.612 0 
1 824.135 0.32273 0.0223224 0.665995 -0.803476 -0.500311 -0.354787 -4.23574 -819.544 0 
3 824.676 0.318644 0.0224542 0.669483 -0.790144 -0.535039 -1.09834 -4.06836 -819.509 0 
2 823.236 0.31612 0.0223821 0.672326 -0.817189 -0.506205 -0.0982281 -4.00619 -819.131 0 
2 823.456 0.319033 0.0223786 0.671336 -0.824655 -0.515562 -0.245532 -4.10533 -819.105 0 
1 826.323 0.332265 0.0222338 0.659624 -0.804074 -0.525703 -0.624131 -5.724 -819.975 0 
3 826.455 0.327458 0.022194 0.663298 -0.822798 -0.469768 -1.79907 -5.17599 -819.48 0 
1 825.047 0.326182 0.0223671 0.662762 -0.786436 -0.514818 -0.394895 -4.46356 -820.188 0 
3 824.245 0.324873 0.0223661 0.664269 -0.783146 -0.557087 -0.120454 -4.17506 -819.95 0 
2 824.185 0.324253 0.0223377 0.665054 -0.784199 -0.57205 -0.30043 -4.08995 -819.794 0 
1 824.468 0.31912 0.0224693 0.668824 -0.777914 -0.569735 -0.714538 -4.06594 -819.687 0 
1 826.026 0.311244 0.0224993 0.675592 -0.792249 -0.547609 -2.1461 -4.68037 -819.2 0 
3 826.953 0.325173 0.0225715 0.666738 -0.782355 -0.601542 -3.11762 -4.08371 -819.752 0 
1 827.08 0.320182 0.02264 0.670686 -0.786265 -0.586243 -3.68984 -3.93041 -819.459 0 
1 825.494 0.319696 0.0225087 0.671548 -0.797893 -0.594152 -2.36562 -3.92186 -819.207 0 
1 824.324 0.311822 0.022515 0.676837 -0.796728 -0.599098 -0.82784 -4.39683 -819.099 0 
2 824.337 0.311584 0.0223205 0.676033 -0.806045 -0.58047 -0.920112 -4.32316 -819.094 0 
9 823.255 0.319173 0.0223098 0.670608 -0.819598 -0.533969 -0.0816073 -4.06668 -819.107 0 
2 825.092 0.326483 0.022319 0.662612 -0.798639 -0.508192 -0.65219 -4.59271 -819.847 0 
1 826.28 0.326998 0.0223689 0.661403 -0.786916 -0.513336 -1.4762 -4.56036 -820.244 0 
1 827.109 0.329143 0.0224697 0.662867 -0.792024 -0.567683 -2.43784 -4.77504 -819.897 0 
1 825.366 0.325651 0.0224323 0.666404 -0.801692 -0.584841 -1.57267 -4.41699 -819.376 0 
2 823.394 0.320446 0.0223279 0.66895 -0.796285 -0.598419 -0.21964 -3.93443 -819.24 0 
4 823.619 0.314907 0.02227 0.673313 -0.810016 -0.579748 -0.520271 -4.02237 -819.077 0 
8 823.579 0.31226 0.0223181 0.677441 -0.817256 -0.616835 -0.161824 -4.25827 -819.159 0 
1 823.519 0.318462 0.0222876 0.671119 -0.820912 -0.548098 -0.374391 -4.06584 -819.079 0 
9 823.302 0.312793 0.0223678 0.675711 -0.814513 -0.564709 -0.0688957 -4.13708 -819.096 0 
6 825.053 0.319105 0.0221955 0.668195 -0.79993 -0.562581 -1.8656 -3.94018 -819.247 0 
1 825.518 0.313009 0.0221356 0.676465 -0.841166 -0.556291 -1.94307 -4.2327 -819.343 0 
1 826.759 0.321264 0.0220921 0.670081 -0.827764 -0.583793 -3.29577 -4.41998 -819.043 0 
1 823.673 0.314152 0.0223417 0.676421 -0.819215 -0.609591 -0.420529 -4.13545 -819.117 0 
1 823.693 0.318963 0.0223922 0.672299 -0.813172 -0.603401 -0.577194 -4.0644 -819.052 0 
4 825.252 0.31556 0.0225243 0.675656 -0.801918 -0.625928 -2.16332 -4.02503 -819.063 0 
1 824.348 0.31281 0.0223294 0.676698 -0.803649 -0.640315 -1.0162 -4.25303 -819.079 0 
5 824.653 0.31648 0.0222958 0.670013 -0.785476 -0.590392 -1.3034 -4.03213 -819.318 0 
2 824.227 0.318782 0.0223652 0.669394 -0.789438 -0.597347 -1.01999 -3.90425 -819.303 0 
1 825.079 0.311176 0.0223673 0.675581 -0.780863 -0.634811 -1.17839 -4.74472 -819.156 0 
2 824.134 0.313975 0.0224333 0.674308 -0.779514 -0.67426 -0.717838 -4.27653 -819.14 0 
3 824.025 0.315571 0.0224186 0.675314 -0.788638 -0.700086 -0.84889 -4.12184 -819.055 0 
2 824.136 0.319962 0.0224482 0.671456 -0.770608 -0.736978 -0.994694 -3.89267 -819.248 0 
10 824.128 0.318601 0.0224365 0.671702 -0.753467 -0.774482 -0.683418 -4.023 -819.422 0 
3 824.855 0.32315 0.0224676 0.668547 -0.745942 -0.802265 -1.35633 -3.78093 -819.718 0 
5 825.003 0.317456 0.022553 0.671818 -0.746712 -0.753059 -1.17154 -4.20797 -819.623 0 
1 825.668 0.309026 0.0225582 0.679544 -0.768249 -0.743685 -1.12892 -5.41867 -819.12 0 
4 824.342 0.316072 0.022491 0.674048 -0.777585 -0.708826 -1.11644 -4.09633 -819.129 0 
3 823.771 0.323375 0.0223022 0.667421 -0.784211 -0.672505 -0.469273 -3.98556 -819.316 0 
1 823.718 0.311529 0.02236 0.678869 -0.809642 -0.676232 -0.0442027 -4.48177 -819.192 0 
1 824.443 0.310421 0.022371 0.680499 -0.803836 -0.719712 -0.433327 -4.76279 -819.247 0 
7 824.31 0.311361 0.0224859 0.678572 -0.78303 -0.724573 -0.526923 -4.70295 -819.08 0 
5 824.114 0.316831 0.0224916 0.673933 -0.786784 -0.673543 -1.01216 -3.99295 -819.109 0 
1 823.595 0.321302 0.0223583 0.668879 -0.795521 -0.614061 -0.399625 -3.96297 -819.232 0 
3 823.605 0.319483 0.0223399 0.671017 -0.787954 -0.662929 -0.543358 -3.89716 -819.165 0 
7 823.693 0.323728 0.022332 0.66746 -0.784119 -0.661927 -0.343829 -3.98011 -819.369 0 
1 823.909 0.316113 0.0224545 0.674977 -0.802177 -0.644558 -0.830169 -4.02957 -819.05 0 
4 823.735 0.316053 0.0223118 0.674461 -0.818684 -0.619193 -0.516416 -4.1387 -819.08 0 
1 825.2 0.308962 0.0224485 0.682127 -0.834305 -0.620891 -0.914137 -4.66566 -819.62 0 
2 824.272 0.311493 0.0224061 0.677754 -0.813774 -0.616974 -0.799506 -4.32324 -819.149 0 
3 823.752 0.317505 0.0223159 0.674291 -0.828184 -0.599575 -0.415152 -4.23854 -819.098 0 
3 825.15 0.32166 0.0222581 0.670613 -0.829734 -0.598713 -1.44996 -4.66043 -819.039 0 
4 824.444 0.322335 0.0222187 0.667708 -0.813441 -0.572131 -1.04804 -4.2622 -819.134 0 
5 825.118 0.325591 0.0221788 0.666675 -0.827071 -0.557931 -1.03369 -4.98366 -819.101 0 
4 826.485 0.322473 0.0221894 0.67187 -0.854548 -0.576609 -1.77479 -5.50832 -819.202 0 
2 826.539 0.31953 0.0222526 0.674981 -0.858298 -0.597008 -1.74424 -5.35228 -819.442 0 
3 825.436 0.32447 0.022184 0.66855 -0.840666 -0.552801 -1.15543 -5.22692 -819.054 0 
2 824.476 0.318731 0.0222113 0.672053 -0.835534 -0.534964 -1.12755 -4.25615 -819.093 0 
3 823.914 0.316709 0.0222105 0.67288 -0.836188 -0.52118 -0.652689 -4.13853 -819.123 0 
2 823.232 0.315016 0.0223152 0.67373 -0.817807 -0.551021 -0.134536 -4.01286 -819.085 0 
2 823.123 0.317824 0.0223377 0.671587 -0.8046 -0.584243 -0.0658491 -3.94116 -819.116 0 
1 823.455 0.321111 0.0224025 0.668329 -0.785164 -0.607305 -0.115441 -3.89744 -819.442 0 
8 823.291 0.319233 0.022376 0.67071 -0.80889 -0.558342 -0.162275 -3.97987 -819.149 0 
1 823.26 0.316396 0.0223925 0.671835 -0.805548 -0.545504 -0.12501 -3.97814 -819.157 0 
5 823.767 0.321553 0.0222506 0.668335 -0.805264 -0.575118 -0.507318 -4.0543 -819.205 0 
4 824.204 0.314754 0.0222741 0.673201 -0.81639 -0.55603 -1.09847 -4.02093 -819.084 0 
1 824.821 0.312701 0.0222346 0.674382 -0.792859 -0.641009 -1.43142 -4.30735 -819.082 0 
3 825.291 0.310013 0.0222001 0.678291 -0.806027 -0.666138 -1.46306 -4.64044 -819.187 0 
7 825.949 0.304576 0.0224637 0.682799 -0.791417 -0.666253 -0.687636 -6.0416 -819.22 0 
7 826.395 0.315444 0.0223217 0.669618 -0.756749 -0.656295 -2.26729 -4.45264 -819.675 0 
1 824.919 0.317869 0.0223367 0.66842 -0.748675 -0.690285 -0.809013 -4.22211 -819.888 0 
3 825.675 0.313836 0.0223423 0.67291 -0.773529 -0.675516 -2.12075 -4.34933 -819.205 0 
7 824.421 0.31462 0.0222885 0.674107 -0.78321 -0.681922 -1.11919 -4.19926 -819.102 0 
1 824.695 0.307462 0.0223893 0.680658 -0.791122 -0.695122 -0.203046 -5.32046 -819.172 0 
1 824.216 0.314917 0.0224602 0.676187 -0.786981 -0.714911 -0.9572 -4.20779 -819.051 0 
1 824.885 0.319422 0.0222779 0.672285 -0.785267 -0.733089 -1.82094 -4.00464 -819.06 0 
6 824.012 0.325454 0.022237 0.665153 -0.782411 -0.650923 -0.399413 -4.08042 -819.532 0 
1 823.762 0.322973 0.0223767 0.666067 -0.768817 -0.634068 -0.0203956 -3.88479 -819.857 0 
7 823.881 0.316748 0.022442 0.670851 -0.765536 -0.652294 -0.192757 -4.16283 -819.525 0 
4 823.671 0.322787 0.0223862 0.666534 -0.771115 -0.637749 -0.0431846 -3.87197 -819.756 0 
8 823.998 0.322728 0.0223525 0.668691 -0.805486 -0.606509 -0.657729 -4.18738 -819.153 0 
3 823.877 0.317502 0.0222907 0.674374 -0.831192 -0.596903 -0.470781 -4.28638 -819.12 0 
2 823.803 0.317919 0.0223003 0.673811 -0.830018 -0.595809 -0.409686 -4.29402 -819.1 0 
5 823.928 0.313065 0.0222831 0.677722 -0.842033 -0.574725 -0.19953 -4.32722 -819.401 0 
2 825.732 0.319943 0.022088 0.672042 -0.840869 -0.607685 -1.7429 -4.8281 -819.161 0 
4 825.112 0.319663 0.0221748 0.672982 -0.846571 -0.586551 -1.03569 -4.86559 -819.211 0 
1 824.969 0.313822 0.022203 0.677512 -0.855026 -0.56732 -0.772859 -4.57564 -819.62 0 
7 825.57 0.318463 0.0221697 0.674453 -0.855967 -0.565297 -1.30662 -4.8926 -819.37 0 
3 824.383 0.321848 0.0221912 0.670099 -0.827896 -0.59319 -0.779374 -4.56684 -819.037 0 
6 824.876 0.318198 0.0221381 0.673615 -0.835671 -0.620491 -1.14778 -4.55282 -819.176 0 
3 824.266 0.320196 0.0221823 0.671208 -0.81921 -0.637163 -0.879128 -4.36077 -819.026 0 
6 824.395 0.311285 0.0222604 0.679585 -0.83568 -0.632426 -0.298201 -4.55261 -819.544 0 
4 823.966 0.311666 0.0222753 0.678029 -0.822664 -0.62843 -0.32706 -4.37271 -819.266 0 
4 827.867 0.300628 0.0223889 0.688361 -0.820807 -0.699946 -0.88199 -6.70466 -820.28 0 
1 828.415 0.30192 0.0223242 0.687581 -0.844813 -0.640927 -1.77292 -5.9213 -820.721 0 
3 826.561 0.304707 0.0222285 0.685242 -0.844498 -0.644451 -0.725694 -5.41 -820.425 0 
1 824.727 0.318737 0.0221461 0.672865 -0.831465 -0.624737 -1.09829 -4.51108 -819.118 0 
1 826.175 0.315958 0.0220739 0.675098 -0.835813 -0.649838 -2.21053 -4.63099 -819.333 0 
6 827.27 0.321618 0.0221188 0.673234 -0.847615 -0.663022 -2.31632 -5.65829 -819.295 0 
2 828.079 0.318091 0.0221469 0.677162 -0.863219 -0.650696 -2.47337 -5.74844 -819.858 0 
2 826.372 0.313361 0.0221792 0.680004 -0.844107 -0.688749 -1.52383 -5.00798 -819.84 0 
7 825.804 0.307889 0.0222498 0.683814 -0.840008 -0.691646 -0.348417 -5.24303 -820.212 0 
1 825.62 0.30695 0.0222557 0.682974 -0.822146 -0.702264 -0.575585 -5.26693 -819.778 0 
2 827.288 0.302551 0.0222322 0.686895 -0.837471 -0.66835 -0.825999 -5.93678 -820.525 0 
1 828.82 0.304189 0.022104 0.684054 -0.833615 -0.657775 -3.12459 -5.54344 -820.152 0 
1 828.069 0.315346 0.0219771 0.676373 -0.840901 -0.684226 -3.52671 -4.95635 -819.585 0 
1 828.094 0.315761 0.0220574 0.678269 -0.855278 -0.68867 -2.60277 -5.50923 -819.982 0 
1 826.894 0.3197 0.0222259 0.675047 -0.847405 -0.663904 -2.06485 -5.43482 -819.395 0 
3 826.103 0.32053 0.0221209 0.671834 -0.838324 -0.626851 -2.01481 -4.95002 -819.138 0 
5 824.529 0.323022 0.0221608 0.667958 -0.813175 -0.613313 -1.06212 -4.39708 -819.07 0 
2 823.552 0.319497 0.0223469 0.672014 -0.813412 -0.612162 -0.406539 -4.10095 -819.044 0 
1 826.068 0.311606 0.0223701 0.679513 -0.814716 -0.652572 -2.45818 -4.40207 -819.208 0 
1 823.836 0.316536 0.0222633 0.67253 -0.802627 -0.633758 -0.772662 -4.00771 -819.056 0 
1 824.725 0.32311 0.0222053 0.665237 -0.78007 -0.625072 -1.21868 -3.92101 -819.585 0 
2 823.595 0.319676 0.0222575 0.669636 -0.793153 -0.62197 -0.493221 -3.90125 -819.2 0 
1 823.949 0.321363 0.0223001 0.668663 -0.780959 -0.656673 -0.731137 -3.85992 -819.358 0 
1 823.707 0.319985 0.0222849 0.668314 -0.778323 -0.631194 -0.376299 -3.87805 -819.452 0 
5 824.558 0.319476 0.0222408 0.670505 -0.803363 -0.604607 -1.49007 -3.95228 -819.115 0 
6 823.922 0.314491 0.0223829 0.67265 -0.818658 -0.48687 -0.732877 -4.05302 -819.136 0 
3 826.615 0.304461 0.0226174 0.681266 -0.813928 -0.492681 -1.91276 -5.50361 -819.198 0 
2 828.74 0.315001 0.0226693 0.669982 -0.791437 -0.445373 -4.46386 -4.58108 -819.695 0 
1 827.705 0.315851 0.022736 0.670844 -0.784405 -0.486596 -3.47301 -4.49992 -819.732 0 
1 827.543 0.318947 0.0226123 0.670084 -0.792417 -0.504524 -3.76828 -4.17395 -819.601 0 
1 826.425 0.31078 0.0226333 0.678007 -0.814465 -0.505344 -2.90507 -4.39574 -819.124 0 
3 826.233 0.314284 0.0226478 0.675803 -0.808775 -0.540062 -3.03863 -4.07813 -819.117 0 
3 828.621 0.316418 0.0226802 0.676123 -0.821407 -0.552784 -5.5313 -4.01136 -819.078 0 
3 828.32 0.305667 0.0226608 0.685802 -0.822067 -0.632874 -3.53343 -5.20125 -819.585 0 
2 827.48 0.311864 0.022651 0.679999 -0.821462 -0.602226 -4.01719 -4.26785 -819.195 0 
2 825.967 0.315797 0.0226146 0.67427 -0.798614 -0.593458 -2.85101 -3.99235 -819.124 0 
4 824.488 0.317858 0.0224818 0.673127 -0.827873 -0.52581 -1.30486 -4.09709 -819.086 0 
1 823.843 0.320401 0.02245 0.669979 -0.815454 -0.51916 -0.548357 -4.10315 -819.191 0 
3 823.652 0.318842 0.0224011 0.67227 -0.82247 -0.551321 -0.485521 -4.09372 -819.073 0 
1 823.559 0.31889 0.0223563 0.670412 -0.812137 -0.548241 -0.426661 -3.99896 -819.133 0 
12 823.501 0.320181 0.0222687 0.669003 -0.816006 -0.528657 -0.249789 -4.09161 -819.159 0 
2 823.584 0.320373 0.022259 0.670611 -0.821527 -0.577007 -0.303155 -4.22613 -819.055 0 
4 823.249 0.313279 0.0223513 0.6761 -0.818043 -0.5832 -0.0174803 -4.12235 -819.109 0 
1 823.951 0.317128 0.0224089 0.672059 -0.806413 -0.544641 -0.815329 -3.9717 -819.163 0 
2 824.222 0.321832 0.0223266 0.666063 -0.817496 -0.430399 -0.295367 -4.43694 -819.49 0 
4 824.891 0.313398 0.0222905 0.674212 -0.840486 -0.430683 -1.61827 -4.09912 -819.173 0 
2 826.757 0.315112 0.0223593 0.668472 -0.808948 -0.382461 -2.5635 -4.63036 -819.563 0 
8 824.548 0.31082 0.0224238 0.674972 -0.836387 -0.383737 -1.01854 -4.33747 -819.192 0 
1 824.745 0.30936 0.0224167 0.679675 -0.848347 -0.461226 -1.08369 -4.24684 -819.415 0 
1 824.397 0.307683 0.0225141 0.679634 -0.834337 -0.461267 -0.614577 -4.51205 -819.27 0 
1 825.829 0.309447 0.0224382 0.680792 -0.856908 -0.46026 -2.0056 -4.24169 -819.581 0 
3 826.328 0.320086 0.0222009 0.670682 -0.86785 -0.387002 -2.19224 -4.90024 -819.236 0 
2 825.807 0.317486 0.0223127 0.674652 -0.876641 -0.408249 -1.5962 -4.76123 -819.449 0 
2 827.417 0.327893 0.0221277 0.66102 -0.848491 -0.338553 -1.64355 -6.2366 -819.537 0 
3 826.679 0.320263 0.0221649 0.665896 -0.840029 -0.349409 -2.66429 -4.66805 -819.347 0 
2 825.285 0.316673 0.0221702 0.671647 -0.869095 -0.358085 -1.4802 -4.50386 -819.3 0 
5 825.683 0.31625 0.0222332 0.671965 -0.871523 -0.318803 -1.84822 -4.52504 -819.31 0 
10 825.34 0.31863 0.022261 0.667946 -0.860732 -0.288312 -1.22651 -4.82352 -819.29 0 
2 824.393 0.314843 0.0223673 0.671384 -0.858099 -0.298502 -0.703407 -4.42851 -819.261 0 
4 825.188 0.308691 0.0226002 0.678017 -0.874816 -0.255766 -1.31649 -4.38311 -819.489 0 
1 827.783 0.302295 0.0226359 0.687302 -0.89632 -0.312921 -2.42063 -4.58602 -820.776 0 
2 827.201 0.304984 0.022694 0.683498 -0.871175 -0.331277 -2.92295 -4.50384 -819.774 0 
1 827.506 0.304813 0.0227004 0.682677 -0.869792 -0.298552 -3.2454 -4.6097 -819.65 0 
4 824.609 0.311023 0.022505 0.674892 -0.864205 -0.266108 -0.856627 -4.4285 -819.324 0 
2 826.079 0.314545 0.022539 0.673612 -0.867451 -0.265999 -2.23056 -4.54351 -819.305 0 
1 826.07 0.310769 0.0224149 0.676877 -0.882335 -0.263041 -2.1743 -4.34602 -819.55 0 
1 824.939 0.31134 0.022571 0.676539 -0.884441 -0.238832 -0.990674 -4.4241 -819.524 0 
2 824.571 0.311319 0.0224143 0.674842 -0.875178 -0.252139 -0.753214 -4.40498 -819.412 0 
3 825.751 0.31199 0.0225128 0.672815 -0.858574 -0.231339 -1.70397 -4.72295 -819.324 0 
1 825.99 0.308455 0.0224838 0.676235 -0.864131 -0.248435 -2.03383 -4.59734 -819.359 0 
4 824.701 0.312269 0.022388 0.673856 -0.872044 -0.257076 -0.904545 -4.43352 -819.363 0 
5 825.356 0.308576 0.0223312 0.678577 -0.888551 -0.302494 -1.18265 -4.25843 -819.915 0 
1 825.573 0.31434 0.0223285 0.671807 -0.883336 -0.227629 -1.47454 -4.68128 -819.417 0 
8 825.318 0.312314 0.0224604 0.672534 -0.868647 -0.22157 -1.35561 -4.61928 -819.343 0 
2 826.752 0.315357 0.0223962 0.669878 -0.857073 -0.275372 -2.90807 -4.55364 -819.29 0 
1 825.441 0.317094 0.0223705 0.669391 -0.869344 -0.252079 -1.29269 -4.83351 -819.314 0 
8 825.481 0.311749 0.0222317 0.677601 -0.908782 -0.28908 -0.562046 -4.66354 -820.256 0 
4 826.112 0.317693 0.0221455 0.671281 -0.893024 -0.291187 -1.4626 -5.13239 -819.517 0 
1 824.703 0.310691 0.0223945 0.679393 -0.900492 -0.306493 -0.123885 -4.4393 -820.14 0 
1 824.513 0.308483 0.0224468 0.678452 -0.876631 -0.2912 -0.631653 -4.28385 -819.598 0 
1 825.742 0.307875 0.0225503 0.678295 -0.864114 -0.283178 -1.859 -4.48304 -819.4 0 
1 827.288 0.309167 0.0224323 0.678357 -0.870627 -0.307733 -3.50351 -4.29341 -819.491 0 
1 827.435 0.308209 0.0224523 0.680388 -0.859393 -0.39061 -3.63271 -4.296 -819.506 0 
2 830.847 0.309965 0.0227129 0.678706 -0.813742 -0.474676 -7.06726 -4.632 -819.147 0 
1 827.319 0.311827 0.02261 0.678352 -0.830479 -0.483219 -4.00347 -4.15873 -819.157 0 
2 824.372 0.317025 0.0225324 0.672879 -0.829276 -0.460604 -1.14627 -4.08304 -819.142 0 
2 824.862 0.311534 0.0225936 0.677585 -0.822304 -0.503027 -1.52617 -4.20586 -819.13 0 
1 824.442 0.313577 0.0224745 0.674098 -0.825061 -0.471937 -1.2394 -4.07185 -819.13 0 
1 825.889 0.317395 0.0223771 0.66878 -0.81681 -0.439096 -2.43762 -4.14402 -819.307 0 
2 824.627 0.320493 0.0225261 0.667717 -0.785965 -0.535628 -0.863633 -4.05723 -819.707 0 
1 824.415 0.322216 0.0224906 0.667725 -0.789854 -0.572379 -0.895622 -3.99111 -819.528 0 
5 823.468 0.322687 0.0223334 0.667615 -0.796538 -0.594972 -0.10762 -4.03957 -819.321 0 
1 823.528 0.322442 0.0223326 0.667744 -0.800503 -0.573337 -0.147378 -4.06695 -819.313 0 
1 823.88 0.32092 0.0223642 0.670079 -0.82127 -0.529907 -0.55948 -4.19666 -819.124 0 
3 823.924 0.315234 0.0224517 0.672254 -0.802257 -0.513343 -0.550613 -4.13029 -819.243 0 
4 823.325 0.312877 0.0223918 0.676362 -0.834131 -0.506368 -0.0603463 -4.08709 -819.177 0 
1 823.352 0.315137 0.0224257 0.673643 -0.83463 -0.451204 -0.146232 -4.06771 -819.139 0 
1 825.032 0.314518 0.0224815 0.672054 -0.814852 -0.460652 -1.69369 -4.13043 -819.208 0 
5 825.477 0.325444 0.0223881 0.666099 -0.813485 -0.508713 -1.45137 -4.6039 -819.422 0 
1 825.351 0.32703 0.0223908 0.665018 -0.806181 -0.542521 -1.15037 -4.68743 -819.514 0 
3 824.592 0.323451 0.0223179 0.668428 -0.821529 -0.541943 -0.978315 -4.47146 -819.142 0 
1 825.097 0.323188 0.0224124 0.669417 -0.824975 -0.539199 -1.46642 -4.51745 -819.113 0 
2 825.354 0.322944 0.0225088 0.668491 -0.805285 -0.541862 -1.82506 -4.17577 -819.353 0 
4 825.32 0.324475 0.0223782 0.665884 -0.803448 -0.554519 -1.59175 -4.32295 -819.405 0 
1 823.978 0.314854 0.0224212 0.674832 -0.816986 -0.577309 -0.853534 -4.04411 -819.08 0 
3 823.414 0.31755 0.0223072 0.67323 -0.830988 -0.549679 -0.171278 -4.15181 -819.091 0 
1 824.695 0.311024 0.0222807 0.680475 -0.861192 -0.54516 -0.256544 -4.5338 -819.905 0 
3 825.394 0.310172 0.0221849 0.678686 -0.857978 -0.502305 -1.35163 -4.33843 -819.704 0 
2 825.488 0.313 0.0222396 0.679395 -0.8601 -0.566043 -1.06274 -4.61668 -819.809 0 
1 825.054 0.312215 0.0222101 0.678773 -0.851485 -0.585126 -0.782837 -4.56843 -819.703 0 
6 824.998 0.315763 0.0223063 0.676915 -0.847906 -0.595877 -0.936475 -4.62933 -819.432 0 
19 826.173 0.313143 0.0222016 0.679838 -0.865726 -0.601262 -0.96712 -5.06957 -820.136 0 
1 827.933 0.30596 0.0222451 0.687172 -0.891823 -0.561709 -0.531566 -5.47814 -821.923 0 
4 827.23 0.319625 0.0223079 0.673726 -0.856288 -0.55731 -2.81598 -5.10915 -819.305 0 
1 826.166 0.316242 0.0223508 0.678108 -0.842798 -0.653231 -1.87964 -4.8191 -819.467 0 
1 826.433 0.324443 0.0223231 0.66991 -0.832429 -0.608875 -2.23259 -5.18102 -819.02 0 
3 825.122 0.318241 0.0223172 0.671072 -0.811566 -0.584651 -2.036 -4.0115 -819.074 0 
2 824.249 0.309749 0.0224554 0.678859 -0.821742 -0.562365 -0.650381 -4.39208 -819.207 0 
6 824.193 0.310821 0.0224213 0.679914 -0.831925 -0.598131 -0.414807 -4.39153 -819.387 0 
3 823.953 0.310239 0.0223555 0.67712 -0.814468 -0.556732 -0.433851 -4.38822 -819.131 0 
10 824.274 0.31433 0.0222411 0.673826 -0.815046 -0.581578 -1.13298 -4.06031 -819.081 0 
5 824.927 0.320584 0.0221762 0.668747 -0.824491 -0.537157 -1.58074 -4.25706 -819.09 0 
4 825.817 0.320404 0.0220842 0.668195 -0.819888 -0.546233 -2.55172 -4.16518 -819.1 0 
1 828.073 0.322191 0.0221201 0.664764 -0.810607 -0.504359 -4.48141 -4.23215 -819.359 0 
3 823.33 0.31618 0.0222905 0.672594 -0.820309 -0.534292 -0.242689 -3.99745 -819.089 0 
4 824.943 0.313949 0.022385 0.678317 -0.840319 -0.579973 -1.3157 -4.2873 -819.34 0 
5 824.138 0.316068 0.022441 0.674838 -0.843807 -0.493045 -0.783587 -4.1793 -819.175 0 
1 827.049 0.321279 0.0223214 0.669206 -0.850232 -0.447257 -3.10022 -4.81313 -819.136 0 
2 825.881 0.316171 0.0222955 0.676126 -0.884444 -0.43935 -1.09814 -5.00249 -819.78 0 
3 826.493 0.311208 0.0223516 0.678933 -0.899081 -0.348125 -1.68066 -4.57909 -820.233 0 
7 825.652 0.30831 0.0223509 0.680846 -0.883049 -0.399277 -1.12898 -4.35715 -820.166 0 
2 825.517 0.306123 0.0223829 0.681902 -0.884629 -0.361008 -0.946384 -4.34882 -820.222 0 
4 826.007 0.303294 0.022427 0.685011 -0.888325 -0.37025 -0.741327 -4.58536 -820.681 0 
3 825.536 0.305712 0.0225091 0.680929 -0.87251 -0.326696 -1.39711 -4.38993 -819.749 0 
1 825.366 0.308729 0.0225138 0.6768 -0.850034 -0.341578 -1.70394 -4.38013 -819.281 0 
1 826.761 0.300102 0.0225527 0.686595 -0.862836 -0.388913 -1.25677 -5.39254 -820.112 0 
2 826.29 0.306163 0.0223876 0.678067 -0.850067 -0.345804 -2.30045 -4.63931 -819.35 0 
1 827.089 0.308517 0.0223437 0.675746 -0.840664 -0.352927 -3.27598 -4.58485 -819.229 0 
2 825.973 0.312792 0.0223177 0.672457 -0.840715 -0.348623 -2.41853 -4.33595 -819.219 0 
6 826.739 0.313809 0.0222815 0.674992 -0.868254 -0.355177 -3.11811 -4.25537 -819.366 0 
5 825.975 0.326698 0.0223859 0.662192 -0.844064 -0.292081 -0.0864768 -6.11683 -819.771 0 
3 827.456 0.326557 0.0223995 0.66186 -0.844744 -0.295941 -1.63577 -6.09015 -819.73 0 
4 826.44 0.328255 0.0223642 0.661731 -0.836823 -0.337143 -0.526314 -6.10192 -819.812 0 
1 825.497 0.322871 0.0223512 0.666287 -0.844176 -0.344804 -1.04384 -5.06528 -819.388 0 
2 825.257 0.323892 0.022434 0.663772 -0.830982 -0.321277 -0.16555 -5.30924 -819.782 0 
1 824.241 0.312316 0.022433 0.676225 -0.857724 -0.374539 -0.780168 -4.15997 -819.301 0 
1 824.332 0.317357 0.0224614 0.669054 -0.824603 -0.370309 -0.505479 -4.42105 -819.405 0 
2 824.295 0.307948 0.0224252 0.679478 -0.86322 -0.370126 -0.473407 -4.2774 -819.544 0 
1 824.301 0.312521 0.022539 0.674456 -0.853256 -0.319502 -0.744325 -4.30922 -819.247 0 
1 825.119 0.312252 0.02257 0.674214 -0.861382 -0.259757 -1.30725 -4.51178 -819.3 0 
5 826.33 0.310265 0.0226347 0.675155 -0.867059 -0.229243 -2.4263 -4.55371 -819.35 0 
4 824.779 0.313371 0.0225178 0.672559 -0.861634 -0.247323 -0.870886 -4.59872 -819.309 0 
1 824.386 0.309881 0.022448 0.678154 -0.883122 -0.288554 -0.458039 -4.26743 -819.661 0 
1 824.871 0.311903 0.0224897 0.674489 -0.878418 -0.236196 -0.984006 -4.46414 -819.423 0 
2 825.804 0.310266 0.022569 0.677122 -0.893021 -0.215965 -1.68849 -4.43528 -819.681 0 
2 826.098 0.312548 0.0225859 0.673088 -0.854709 -0.245105 -2.07001 -4.71053 -819.318 0 
3 825.717 0.306508 0.0225236 0.679132 -0.885767 -0.211165 -1.52237 -4.50376 -819.691 0 
3 824.448 0.314815 0.0224551 0.673296 -0.88586 -0.240232 -0.304679 -4.70088 -819.443 0 
5 824.295 0.312224 0.0225036 0.675007 -0.869587 -0.285409 -0.60897 -4.33096 -819.355 0 
6 824.844 0.30807 0.0224401 0.679781 -0.901204 -0.249513 -0.394006 -4.32457 -820.125 0 
2 826.555 0.301883 0.0224126 0.686522 -0.918011 -0.272952 -0.412968 -4.54973 -821.592 0 
1 825.472 0.312434 0.0222982 0.673424 -0.884694 -0.232904 -1.48364 -4.50387 -819.485 0 
1 824.376 0.312104 0.0223491 0.674846 -0.87943 -0.275449 -0.547942 -4.35445 -819.473 0 
3 824.753 0.313241 0.0223229 0.674124 -0.888933 -0.257046 -0.668664 -4.52544 -819.559 0 
4 824.453 0.309312 0.0224641 0.677704 -0.872539 -0.310476 -0.690785 -4.23718 -819.525 0 
4 827.091 0.316351 0.0223649 0.669192 -0.856231 -0.288016 -3.23863 -4.57004 -819.282 0 
1 824.906 0.316009 0.0223539 0.670802 -0.868801 -0.279098 -1.01034 -4.60031 -819.295 0 
3 827.084 0.306665 0.0223206 0.677948 -0.873355 -0.29499 -3.10612 -4.35208 -819.626 0 
2 826.902 0.314888 0.0222251 0.670431 -0.875205 -0.249055 -2.93022 -4.62571 -819.346 0 
2 827.861 0.316504 0.022239 0.670248 -0.874675 -0.294531 -3.86771 -4.67001 -819.324 0 
3 827.282 0.317258 0.0222505 0.667509 -0.860891 -0.252683 -3.10921 -4.83865 -819.334 0 
10 827.51 0.298875 0.022448 0.686863 -0.876888 -0.350394 -1.62799 -5.34779 -820.534 0 
1 827.54 0.308054 0.0223158 0.677324 -0.860774 -0.320514 -3.73741 -4.40371 -819.399 0 
2 826.055 0.307475 0.022502 0.678671 -0.849964 -0.34708 -2.19507 -4.54585 -819.314 0 
2 824.831 0.308979 0.0224287 0.678137 -0.862238 -0.343251 -1.13773 -4.26863 -819.425 0 
2 824.838 0.313076 0.022407 0.676356 -0.872364 -0.346291 -1.14143 -4.25778 -819.439 0 
1 824.077 0.312099 0.0224989 0.674779 -0.855254 -0.325065 -0.546043 -4.27167 -819.259 0 
7 824.17 0.314765 0.0225007 0.672905 -0.863169 -0.291105 -0.445342 -4.44756 -819.277 0 
1 825.632 0.311469 0.0226282 0.676788 -0.863722 -0.303536 -2.00711 -4.29968 -819.325 0 
2 824.872 0.318757 0.0225202 0.668428 -0.850068 -0.277969 -0.597921 -4.8824 -819.392 0 
3 824.343 0.315655 0.0225241 0.672951 -0.857568 -0.325453 -0.719248 -4.38405 -819.24 0 
1 824.012 0.309777 0.022441 0.678527 -0.871149 -0.349402 -0.249968 -4.19704 -819.565 0 
1 825.335 0.32265 0.0224013 0.664775 -0.850435 -0.262916 -0.221202 -5.54128 -819.572 0 
2 824.11 0.319191 0.0223585 0.670817 -0.866565 -0.348384 -0.0826392 -4.7886 -819.238 0 
1 824.034 0.31282 0.0223371 0.674898 -0.867292 -0.337961 -0.439098 -4.23318 -819.362 0 
18 824.123 0.308732 0.0224537 0.679337 -0.869719 -0.362083 -0.286893 -4.21522 -819.621 0 
2 827.372 0.30414 0.022569 0.686944 -0.889585 -0.393641 -2.01138 -4.57098 -820.79 0 
3 825.569 0.30462 0.0225682 0.683527 -0.885845 -0.306136 -1.02243 -4.4155 -820.131 0 
5 825.675 0.304691 0.022574 0.683733 -0.889232 -0.3013 -1.06503 -4.39305 -820.217 0 
1 824.713 0.313515 0.0224974 0.676209 -0.888915 -0.281353 -0.614447 -4.50584 -819.593 0 
4 824.994 0.311876 0.0223796 0.676115 -0.9005 -0.239321 -0.623901 -4.54389 -819.826 0 
4 826.498 0.308809 0.0222869 0.681771 -0.928564 -0.281538 -0.334629 -4.8392 -821.324 0 
2 826.19 0.31695 0.0222112 0.673645 -0.918602 -0.24259 -0.522489 -5.66191 -820.006 0 
1 826.132 0.315942 0.0221761 0.671854 -0.896109 -0.250756 -1.61138 -4.95065 -819.57 0 
1 827.166 0.311852 0.0221437 0.67812 -0.925268 -0.267804 -1.38683 -5.01993 -820.759 0 
3 830.758 0.311481 0.0220259 0.680043 -0.950629 -0.266681 -2.91901 -5.82509 -822.014 0 
2 827.796 0.321033 0.0222782 0.672545 -0.916962 -0.290823 -1.29843 -6.64032 -819.857 0 
2 826.996 0.322076 0.022404 0.670646 -0.896469 -0.28608 -1.43847 -6.13235 -819.425 0 
2 827.234 0.324217 0.0225057 0.667556 -0.86666 -0.304677 -2.10838 -5.81561 -819.31 0 
2 825.804 0.322821 0.0224739 0.66818 -0.865007 -0.320217 -1.07891 -5.45605 -819.269 0 
8 824.995 0.317171 0.0225852 0.671413 -0.845065 -0.34431 -1.3332 -4.41409 -819.248 0 
4 824.952 0.312719 0.0225873 0.676199 -0.865984 -0.322238 -1.36171 -4.25676 -819.333 0 
1 825.285 0.316191 0.0225072 0.67142 -0.839951 -0.342044 -1.60368 -4.4106 -819.271 0 
1 826.616 0.303974 0.0224868 0.68302 -0.868413 -0.344162 -2.14435 -4.66206 -819.81 0 
2 826.83 0.30588 0.0223428 0.678361 -0.865296 -0.297176 -2.77471 -4.54645 -819.509 0 
1 827.32 0.304819 0.022353 0.679697 -0.877269 -0.26254 -3.03488 -4.56627 -819.719 0 
5 825.469 0.314298 0.022489 0.671938 -0.851869 -0.278573 -1.60335 -4.57345 -819.292 0 
1 825.309 0.315468 0.0223398 0.672755 -0.872534 -0.293003 -1.46701 -4.51832 -819.323 0 
3 824.609 0.316282 0.0222837 0.672043 -0.87653 -0.316178 -0.63684 -4.61421 -819.358 0 
1 825.102 0.309034 0.0223799 0.676462 -0.857278 -0.32593 -1.4247 -4.34462 -819.333 0 
7 826.095 0.31563 0.0221576 0.673857 -0.893562 -0.317276 -1.61585 -4.80862 -819.671 0 
5 824.006 0.31107 0.0224496 0.676639 -0.874654 -0.301802 -0.272155 -4.2586 -819.476 0 
2 824.5 0.310772 0.0224925 0.678855 -0.877905 -0.345027 -0.628775 -4.22292 -819.648 0 
2 824.06 0.310588 0.0224051 0.677956 -0.874267 -0.359224 -0.239155 -4.20481 -819.616 0 
3 823.957 0.313085 0.0223962 0.676544 -0.876788 -0.361501 -0.0928378 -4.31462 -819.55 0 
2 824.793 0.312268 0.02223 0.676307 -0.873858 -0.378862 -0.975081 -4.24515 -819.572 0 
1 824.306 0.316746 0.0223655 0.671203 -0.858969 -0.344086 -0.648937 -4.42799 -819.229 0 
4 824.175 0.319049 0.0224903 0.669838 -0.841607 -0.370223 -0.459054 -4.46557 -819.25 0 
9 825.859 0.315167 0.0226486 0.671929 -0.827268 -0.372734 -2.23138 -4.33064 -819.297 0 
4 825.319 0.308501 0.0225833 0.67864 -0.846261 -0.370086 -1.61837 -4.42761 -819.273 0 
1 826.212 0.315812 0.0226399 0.673782 -0.84744 -0.37905 -2.7945 -4.22665 -819.19 0 
1 825.252 0.320298 0.0225015 0.671216 -0.845775 -0.434312 -1.58266 -4.52362 -819.146 0 
1 825.678 0.314758 0.022574 0.676104 -0.860023 -0.389837 -2.17749 -4.22342 -819.278 0 
1 828.855 0.323791 0.0223356 0.670195 -0.875232 -0.394006 -3.79034 -5.83185 -819.232 0 
2 826.953 0.327834 0.0223296 0.665467 -0.859324 -0.403432 -1.34924 -6.38749 -819.216 0 
1 825.082 0.321774 0.0225053 0.668686 -0.837115 -0.402015 -1.16637 -4.63869 -819.277 0 
5 828.407 0.32496 0.0225424 0.6654 -0.853523 -0.313825 -3.21952 -5.75573 -819.432 0 
3 828.398 0.321002 0.0226321 0.668822 -0.851255 -0.326407 -4.15461 -4.93396 -819.31 0 
3 829.419 0.322411 0.0225693 0.667402 -0.855207 -0.320337 -4.84821 -5.24958 -819.322 0 
7 827.683 0.325682 0.0225197 0.663775 -0.835866 -0.344108 -2.50557 -5.52053 -819.657 0 
4 825.726 0.318854 0.0226034 0.671198 -0.837694 -0.39881 -2.16371 -4.34415 -819.218 0 
1 827.083 0.31564 0.0224329 0.675152 -0.851219 -0.427045 -3.71003 -4.16987 -819.203 0 
1 827.234 0.307285 0.0225062 0.683546 -0.873629 -0.419327 -2.8583 -4.34499 -820.031 0 
1 824.542 0.308012 0.0223914 0.682037 -0.877696 -0.422417 -0.0706265 -4.35275 -820.119 0 
4 824.455 0.307933 0.0223824 0.681872 -0.874173 -0.429522 -0.067445 -4.34499 -820.043 0 
2 825.153 0.309027 0.0223755 0.679089 -0.871888 -0.388117 -1.19055 -4.22595 -819.736 0 
2 826.089 0.310096 0.0224479 0.677162 -0.863946 -0.363495 -2.46906 -4.17268 -819.447 0 
1 825.278 0.312996 0.0222314 0.675579 -0.872992 -0.395971 -1.40706 -4.30947 -819.561 0 
2 825.093 0.316543 0.022197 0.672804 -0.862236 -0.434596 -1.34557 -4.44465 -819.303 0 
3 824.686 0.32016 0.0222056 0.668946 -0.84938 -0.4234 -0.944052 -4.58776 -819.154 0 
9 824.893 0.32057 0.0221529 0.669783 -0.845213 -0.481565 -1.2172 -4.56191 -819.114 0 
11 825.433 0.320108 0.022127 0.668263 -0.837439 -0.458071 -1.92584 -4.37029 -819.137 0 
1 825.425 0.306597 0.0223587 0.68358 -0.859146 -0.511373 -0.784534 -4.5949 -820.045 0 
3 824.747 0.309938 0.0224123 0.681398 -0.860236 -0.508304 -0.569012 -4.37353 -819.804 0 
2 824.739 0.315574 0.0224123 0.676333 -0.853416 -0.489434 -1.16777 -4.27385 -819.298 0 
6 823.829 0.315472 0.0224169 0.675123 -0.855001 -0.446063 -0.334549 -4.23503 -819.26 0 
1 823.902 0.319635 0.0222997 0.671336 -0.849936 -0.464364 -0.219085 -4.54074 -819.142 0 
1 824.839 0.323794 0.0223196 0.667986 -0.836086 -0.477785 -0.873729 -4.80839 -819.157 0 
1 825.863 0.320889 0.0224119 0.669778 -0.819048 -0.495237 -2.45986 -4.18233 -819.22 0 
8 828.317 0.31362 0.0225599 0.675894 -0.804649 -0.542008 -4.98694 -4.19734 -819.133 0 
1 827.507 0.313002 0.0226821 0.674667 -0.78121 -0.554182 -3.44969 -4.66156 -819.396 0 
7 826.502 0.326336 0.0225559 0.663222 -0.785266 -0.491841 -1.50416 -4.59945 -820.398 0 
3 825.377 0.328964 0.0223588 0.660927 -0.791549 -0.514986 -0.292096 -4.86613 -820.218 0 
2 825.503 0.324854 0.0222533 0.662841 -0.793905 -0.514403 -1.30744 -4.34585 -819.85 0 
8 825.173 0.326624 0.0222133 0.662842 -0.81253 -0.492664 -0.775057 -4.83294 -819.565 0 
2 826.082 0.325705 0.0221783 0.665596 -0.823117 -0.517421 -2.02057 -4.81913 -819.242 0 
1 826.371 0.322875 0.0221291 0.666649 -0.819573 -0.512625 -2.79086 -4.36007 -819.22 0 
3 826.27 0.32917 0.0221444 0.660598 -0.812981 -0.479521 -1.17393 -5.33578 -819.761 0 
1 828.776 0.330276 0.0220164 0.658901 -0.811457 -0.488493 -3.41949 -5.53067 -819.826 0 
1 825.127 0.324796 0.0222072 0.664151 -0.81306 -0.500041 -1.1375 -4.55431 -819.435 0 
5 824.523 0.322592 0.022334 0.667717 -0.824565 -0.503505 -0.892765 -4.45112 -819.18 0 
3 823.704 0.31953 0.0222586 0.67075 -0.833691 -0.517843 -0.33016 -4.28704 -819.086 0 
2 824.088 0.323445 0.0222512 0.667344 -0.826576 -0.515186 -0.348702 -4.58727 -819.152 0 
5 824.756 0.323936 0.0222104 0.665959 -0.834076 -0.461983 -0.715501 -4.82922 -819.211 0 
2 825 0.322653 0.0221675 0.666447 -0.824908 -0.479622 -1.31157 -4.45162 -819.236 0 
5 825.243 0.317358 0.0221844 0.670514 -0.817725 -0.514819 -2.11425 -4.0008 -819.128 0 
4 825.516 0.317252 0.0222002 0.669647 -0.812711 -0.495932 -2.27948 -4.03064 -819.206 0 
1 825.38 0.325097 0.0222492 0.663286 -0.796545 -0.500482 -1.08663 -4.43125 -819.862 0 
5 825.228 0.325889 0.0221956 0.66389 -0.802616 -0.536218 -1.18911 -4.47293 -819.566 0 
1 826.734 0.324474 0.0222178 0.665725 -0.801198 -0.554245 -3.02939 -4.25133 -819.453 0 
1 826.655 0.320089 0.0224516 0.671439 -0.797686 -0.606424 -3.54429 -3.92245 -819.188 0 
1 825.237 0.325816 0.0222665 0.662952 -0.787905 -0.563438 -1.13816 -4.27171 -819.827 0 
3 823.801 0.320726 0.0224193 0.668766 -0.791385 -0.57304 -0.429293 -3.94789 -819.423 0 
6 824.903 0.328299 0.0222714 0.662112 -0.800867 -0.530021 -0.282024 -4.83972 -819.781 0 
6 825.629 0.330001 0.0223062 0.661459 -0.804695 -0.52544 -0.576461 -5.24842 -819.804 0 
1 824.323 0.323172 0.0223059 0.665315 -0.804684 -0.50644 -0.545866 -4.26474 -819.512 0 
1 824.832 0.326272 0.022251 0.664966 -0.811701 -0.56193 -0.813217 -4.72118 -819.297 0 
2 823.562 0.318957 0.0223253 0.671435 -0.803428 -0.609283 -0.512445 -3.95077 -819.099 0 
5 823.374 0.31462 0.0222969 0.67408 -0.805866 -0.609833 -0.245502 -4.06205 -819.067 0 
3 823.988 0.309339 0.0224253 0.678786 -0.810617 -0.594004 -0.263366 -4.56989 -819.154 0 
3 823.493 0.312657 0.0224445 0.676367 -0.819324 -0.551581 -0.255854 -4.12484 -819.112 0 
1 823.463 0.316235 0.0223155 0.671873 -0.806179 -0.552263 -0.346782 -3.98004 -819.137 0 
5 823.254 0.319187 0.0223373 0.669814 -0.816728 -0.508765 -0.0224703 -4.05563 -819.176 0 
1 824.231 0.312685 0.0223459 0.675866 -0.848777 -0.4586 -0.826628 -4.11881 -819.286 0 
3 824.148 0.310106 0.0225261 0.678259 -0.819847 -0.527586 -0.649489 -4.35106 -819.148 0 
1 824.041 0.32123 0.0224517 0.66941 -0.79988 -0.572179 -0.763958 -3.99137 -819.285 0 
1 824.581 0.322668 0.0223768 0.670126 -0.808452 -0.636866 -1.22498 -4.29393 -819.062 0 
2 828.147 0.30987 0.0223794 0.68453 -0.846636 -0.688924 -2.77263 -5.13359 -820.241 0 
2 825.668 0.318097 0.0222492 0.675398 -0.825371 -0.680393 -1.98184 -4.53792 -819.148 0 
4 823.902 0.325002 0.022344 0.665754 -0.777825 -0.656559 -0.30831 -3.99271 -819.601 0 
2 823.229 0.319191 0.0223398 0.670111 -0.772877 -0.688823 -0.0164434 -3.88415 -819.329 0 
12 823.522 0.320079 0.0222628 0.6688 -0.779287 -0.663381 -0.342975 -3.85888 -819.32 0 
4 825.54 0.319241 0.0224121 0.671011 -0.78926 -0.669061 -2.47217 -3.93733 -819.13 0 
1 827.111 0.32575 0.0222772 0.664803 -0.772754 -0.708035 -3.51463 -4.05469 -819.542 0 
1 826.499 0.310937 0.0222668 0.681777 -0.817934 -0.754866 -1.91854 -4.9874 -819.593 0 
4 825.66 0.315261 0.0223109 0.677408 -0.79356 -0.783086 -2.11484 -4.46735 -819.078 0 
9 825.13 0.314158 0.0221798 0.676542 -0.800428 -0.734494 -1.62404 -4.4032 -819.103 0 
2 823.97 0.315162 0.0222717 0.673658 -0.797352 -0.659398 -0.822175 -4.09334 -819.054 0 
5 825.189 0.309415 0.0222203 0.679939 -0.836287 -0.608191 -1.01294 -4.58417 -819.592 0 
1 824.446 0.311686 0.0222831 0.677078 -0.827663 -0.577636 -0.961793 -4.24809 -819.236 0 
1 824.444 0.307656 0.0223187 0.681204 -0.827721 -0.602011 -0.22536 -4.73378 -819.485 0 
5 823.824 0.31836 0.0223229 0.66984 -0.810639 -0.52932 -0.66294 -3.98468 -819.176 0 
1 825.381 0.307425 0.0224164 0.677829 -0.812726 -0.500482 -1.33669 -4.89592 -819.149 0 
1 823.678 0.313424 0.0224099 0.673848 -0.811362 -0.520047 -0.438048 -4.11714 -819.123 0 
9 823.587 0.317651 0.022333 0.672332 -0.825796 -0.520378 -0.445019 -4.04984 -819.092 0 
5 823.944 0.310879 0.0223475 0.678895 -0.841717 -0.545742 -0.22304 -4.2913 -819.429 0 
3 823.989 0.322526 0.0222662 0.669107 -0.820402 -0.571779 -0.519334 -4.38838 -819.081 0 
1 825.577 0.317565 0.0222847 0.674857 -0.851938 -0.521738 -1.85974 -4.46054 -819.257 0 
1 824.242 0.315606 0.0222775 0.673594 -0.8332 -0.497595 -1.07464 -4.04746 -819.12 0 
2 824.867 0.310115 0.0222888 0.680398 -0.861206 -0.501883 -0.720612 -4.35274 -819.793 0 
5 826.25 0.302706 0.0224773 0.687825 -0.865976 -0.516175 -0.40282 -5.13667 -820.71 0 
1 825.725 0.305861 0.0222702 0.681274 -0.854125 -0.470125 -1.38564 -4.56873 -819.771 0 
3 826.375 0.307515 0.0222129 0.678726 -0.846037 -0.46103 -2.50504 -4.41222 -819.457 0 
3 825.23 0.306802 0.0223289 0.680636 -0.836475 -0.529913 -1.09778 -4.6384 -819.494 0 
2 823.772 0.320932 0.0223235 0.667394 -0.816602 -0.473001 -0.231637 -4.22185 -819.319 0 
1 824.243 0.323982 0.0223911 0.665208 -0.806153 -0.48933 -0.25007 -4.40022 -819.593 0 
3 824.558 0.326247 0.0222368 0.664872 -0.816798 -0.528903 -0.436829 -4.80056 -819.321 0 
1 824.236 0.319889 0.0222216 0.672047 -0.835171 -0.575282 -0.676696 -4.47668 -819.083 0 
1 827.862 0.314015 0.0222442 0.678158 -0.830847 -0.635432 -4.22001 -4.33565 -819.306 0 
1 827.14 0.317286 0.0223372 0.676153 -0.837775 -0.598085 -3.56487 -4.37533 -819.199 0 
1 823.835 0.318363 0.022331 0.673012 -0.815938 -0.605355 -0.721165 -4.06801 -819.046 0 
3 823.67 0.319681 0.0222627 0.669762 -0.805539 -0.575542 -0.545111 -3.96846 -819.156 0 
1 824.932 0.326225 0.0221756 0.664869 -0.820665 -0.533303 -0.791599 -4.89495 -819.246 0 
1 825.016 0.3232 0.0222275 0.666675 -0.801404 -0.564556 -1.52935 -4.1313 -819.356 0 
4 825.63 0.326664 0.0222812 0.661381 -0.775497 -0.540586 -0.761895 -4.39365 -820.474 0 
3 825.888 0.328215 0.022451 0.661262 -0.763736 -0.572608 -0.600523 -4.39856 -820.889 0 
1 825.793 0.327898 0.0224375 0.661287 -0.771314 -0.562619 -0.791993 -4.40379 -820.597 0 
1 826.19 0.325415 0.0224531 0.661448 -0.742507 -0.612255 -0.644476 -4.21298 -821.332 0 
1 827.946 0.307846 0.0226882 0.678842 -0.754902 -0.689148 -2.40352 -6.22501 -819.318 0 
1 829.525 0.308739 0.0227674 0.67816 -0.74699 -0.695893 -3.79689 -6.2546 -819.474 0 
1 828.907 0.307731 0.0226721 0.676779 -0.748853 -0.638761 -2.58853 -6.7195 -819.599 0 
3 828.653 0.302135 0.0225805 0.682915 -0.770276 -0.662139 -1.86392 -7.61146 -819.178 0 
1 827.883 0.303072 0.0225426 0.68303 -0.775555 -0.669024 -1.64439 -7.06944 -819.169 0 
3 827.764 0.301513 0.0225458 0.686226 -0.790875 -0.684381 -1.31465 -7.07783 -819.372 0 
1 826.482 0.307003 0.022566 0.680565 -0.780004 -0.65543 -1.65436 -5.70066 -819.127 0 
1 825.643 0.308309 0.0224198 0.679046 -0.772711 -0.705132 -0.996461 -5.523 -819.123 0 
1 825.285 0.309646 0.0223979 0.680758 -0.805935 -0.679918 -1.32286 -4.73765 -819.224 0 
2 824.649 0.309474 0.0224163 0.677455 -0.786118 -0.646954 -0.62498 -4.91889 -819.105 0 
3 824.855 0.305864 0.0223829 0.682752 -0.818308 -0.631617 -0.19071 -5.17913 -819.486 0 
12 825.123 0.313208 0.0222416 0.673531 -0.798512 -0.604493 -1.84565 -4.18702 -819.09 0 
3 825.002 0.314743 0.022189 0.673723 -0.803174 -0.624277 -1.86753 -4.07135 -819.063 0 
2 825.004 0.313263 0.0222552 0.673084 -0.789007 -0.614714 -1.58854 -4.27632 -819.14 0 
11 823.78 0.319973 0.0222774 0.668252 -0.781142 -0.619155 -0.4587 -3.8862 -819.436 0 
3 824.011 0.320032 0.022249 0.669013 -0.801893 -0.596964 -0.884473 -3.96931 -819.157 0 
5 823.94 0.317062 0.0222697 0.671419 -0.803493 -0.599425 -0.893019 -3.95545 -819.092 0 
1 826.002 0.314373 0.0222037 0.675123 -0.833997 -0.585414 -2.49797 -4.26916 -819.235 0 
2 825.96 0.306338 0.0222181 0.682043 -0.833745 -0.608352 -1.27615 -4.9446 -819.739 0 
3 830.126 0.314052 0.0220924 0.672122 -0.813023 -0.580123 -6.97737 -4.06841 -819.08 0 
4 826.117 0.308187 0.0221725 0.680276 -0.83133 -0.618102 -1.80383 -4.72439 -819.589 0 
6 825.726 0.306061 0.022364 0.684549 -0.846492 -0.612511 -0.495307 -5.05003 -820.18 0 
1 824.589 0.313464 0.0222999 0.678665 -0.841148 -0.608605 -0.694761 -4.4367 -819.457 0 
4 825.413 0.31683 0.0221597 0.675815 -0.853905 -0.591897 -1.09422 -4.83137 -819.488 0 
4 825.648 0.318959 0.0222324 0.672206 -0.838462 -0.568635 -2.01068 -4.51598 -819.122 0 
2 824.753 0.314062 0.0222115 0.677395 -0.863006 -0.526805 -0.529847 -4.55948 -819.664 0 
5 825.819 0.31071 0.0223401 0.680514 -0.847281 -0.55153 -1.90197 -4.34134 -819.576 0 
1 824.615 0.308727 0.0222588 0.680403 -0.850287 -0.525647 -0.510807 -4.41767 -819.686 0 
1 824.599 0.323998 0.0222108 0.665172 -0.817583 -0.495002 -0.746908 -4.51348 -819.339 0 
4 824.683 0.313697 0.022377 0.672408 -0.802756 -0.522462 -1.32604 -4.17337 -819.184 0 
1 824.089 0.314789 0.0223652 0.673729 -0.825314 -0.519588 -0.960561 -4.02507 -819.104 0 
1 824.071 0.314629 0.0224137 0.674723 -0.82068 -0.556474 -0.938906 -4.04053 -819.092 0 
1 824.536 0.306809 0.022446 0.682794 -0.841504 -0.540762 -0.242662 -4.6485 -819.645 0 
10 824.86 0.31924 0.0223549 0.673745 -0.840015 -0.562698 -1.2534 -4.48357 -819.123 0 
1 826.569 0.318126 0.0225009 0.675222 -0.8375 -0.550774 -3.16529 -4.28437 -819.12 0 
2 826.519 0.326752 0.0223319 0.667384 -0.834663 -0.541292 -2.00968 -5.41383 -819.095 0 
2 825.5 0.325656 0.0224053 0.667123 -0.820004 -0.537669 -1.50436 -4.77072 -819.225 0 
2 826.047 0.327408 0.0222297 0.665497 -0.824517 -0.542984 -1.64995 -5.19476 -819.202 0 
3 826.338 0.331356 0.0222135 0.660367 -0.813141 -0.498504 -0.765697 -5.77764 -819.794 0 
5 826.779 0.325796 0.0221504 0.666567 -0.840101 -0.50167 -2.37733 -5.28407 -819.117 0 
8 824.712 0.317754 0.0221786 0.670959 -0.831362 -0.495444 -1.50577 -4.10109 -819.105 0 
2 824.868 0.321111 0.0222174 0.668706 -0.829886 -0.484338 -1.38732 -4.33436 -819.147 0 
1 827.998 0.311243 0.022256 0.677286 -0.819892 -0.560596 -4.58284 -4.26779 -819.148 0 
2 828.159 0.325829 0.022094 0.661474 -0.811983 -0.437487 -3.49329 -4.86568 -819.8 0 
1 827.279 0.330239 0.0221987 0.657756 -0.801256 -0.43447 -1.18696 -5.58495 -820.507 0 
1 827.145 0.32091 0.02221 0.664039 -0.804852 -0.428501 -2.98804 -4.40912 -819.748 0 
1 826.838 0.311498 0.0222123 0.673408 -0.827862 -0.435433 -3.43106 -4.2506 -819.156 0 
6 825.346 0.311434 0.022226 0.675473 -0.842596 -0.444318 -1.97905 -4.13353 -819.234 0 
2 825.74 0.322654 0.0221755 0.665512 -0.827843 -0.427076 -1.79778 -4.5905 -819.352 0 
5 825.619 0.320669 0.0221602 0.666807 -0.838653 -0.40143 -1.85571 -4.52501 -819.238 0 
4 825.737 0.318512 0.0222655 0.673078 -0.853876 -0.471909 -2.07899 -4.46496 -819.193 0 
1 826.269 0.30414 0.022347 0.686161 -0.874602 -0.485613 -0.712581 -4.82977 -820.726 0 
9 825.033 0.312409 0.0223052 0.679165 -0.873829 -0.4646 -0.759279 -4.43388 -819.84 0 
8 824.751 0.307805 0.0224476 0.682813 -0.857631 -0.505807 -0.410181 -4.46466 -819.876 0 
4 826.511 0.312212 0.0224751 0.680087 -0.856134 -0.504169 -2.71786 -4.25331 -819.54 0 
1 825.409 0.318323 0.0222543 0.673978 -0.865108 -0.470484 -1.34079 -4.7305 -819.337 0 
2 823.789 0.319784 0.0223182 0.669269 -0.831852 -0.461443 -0.363218 -4.2704 -819.156 0 
2 825.264 0.325997 0.0223118 0.663515 -0.812684 -0.481501 -0.920196 -4.76548 -819.579 0 
5 826.864 0.329539 0.0223149 0.659932 -0.800407 -0.483347 -1.50208 -5.21012 -820.152 0 
1 824.988 0.322566 0.022308 0.664949 -0.802338 -0.490692 -1.13534 -4.24759 -819.605 0 
2 824.812 0.326621 0.0222209 0.663201 -0.810363 -0.50762 -0.500991 -4.76255 -819.549 0 
5 825.373 0.324831 0.022181 0.6644 -0.808735 -0.509946 -1.42374 -4.46215 -819.487 0 
12 825.097 0.328071 0.0222631 0.661312 -0.79008 -0.527852 -0.315884 -4.66082 -820.12 0 
1 826.035 0.326184 0.0224575 0.660908 -0.77308 -0.492215 -0.487464 -4.64401 -820.904 0 
7 824.168 0.324112 0.0222874 0.664971 -0.794453 -0.542655 -0.327064 -4.19477 -819.646 0 
5 824.279 0.323019 0.0224445 0.665603 -0.772325 -0.582542 -0.22017 -4.02249 -820.036 0 
1 823.557 0.318326 0.0224173 0.671095 -0.803646 -0.553218 -0.40314 -3.95291 -819.201 0 
3 823.871 0.319863 0.0224649 0.669159 -0.789373 -0.563515 -0.440496 -3.96367 -819.466 0 
6 823.423 0.318198 0.0223208 0.670049 -0.80607 -0.544581 -0.274442 -3.95904 -819.189 0 
1 823.644 0.314421 0.0224372 0.673441 -0.816883 -0.503813 -0.476647 -4.04415 -819.123 0 
2 823.326 0.315627 0.0223504 0.67324 -0.836967 -0.47092 -0.117913 -4.07414 -819.134 0 
1 823.416 0.314974 0.0223873 0.674916 -0.837896 -0.490856 -0.194508 -4.07052 -819.151 0 
3 824.223 0.312019 0.0224016 0.678173 -0.847626 -0.486618 -0.736622 -4.14345 -819.343 0 
1 824.726 0.311096 0.02253 0.678999 -0.853652 -0.454187 -1.1504 -4.16067 -819.415 0 
1 824.486 0.311783 0.0224763 0.676984 -0.852482 -0.425126 -1.0481 -4.1221 -819.316 0 
2 824.137 0.311638 0.0224647 0.678039 -0.847754 -0.45565 -0.709221 -4.12483 -819.303 0 
2 824.413 0.31385 0.0223874 0.67666 -0.864814 -0.416126 -0.769188 -4.23244 -819.411 0 
3 825.708 0.315996 0.0224909 0.676021 -0.865529 -0.439598 -1.87168 -4.45601 -819.381 0 
1 825.139 0.313447 0.0224335 0.678634 -0.876074 -0.43817 -0.9413 -4.46351 -819.734 0 
2 823.994 0.315595 0.0224015 0.675037 -0.863161 -0.411357 -0.359658 -4.31916 -819.315 0 
2 825.518 0.323064 0.0222513 0.664946 -0.830996 -0.410586 -1.40184 -4.74448 -819.372 0 
10 824.729 0.319783 0.0224123 0.66994 -0.850924 -0.392813 -0.957039 -4.59102 -819.181 0 
11 823.609 0.315562 0.0224049 0.672647 -0.854702 -0.363394 -0.122263 -4.2708 -819.216 0 
1 823.913 0.311227 0.0223789 0.677997 -0.864782 -0.40537 -0.239911 -4.16908 -819.504 0 
10 823.586 0.317231 0.0223799 0.671644 -0.851114 -0.38947 -0.0792729 -4.32155 -819.185 0 
6 824.699 0.307933 0.0224301 0.679213 -0.841871 -0.433524 -0.956258 -4.42745 -819.315 0 
1 824.625 0.3135 0.0224016 0.672498 -0.81567 -0.441645 -1.12071 -4.28332 -819.221 0 
3 825.852 0.320863 0.0224294 0.66485 -0.793341 -0.42285 -1.09307 -4.62894 -820.13 0 
4 825.682 0.327362 0.0224508 0.661943 -0.80942 -0.418546 -0.399207 -5.1951 -820.088 0 
2 825.593 0.326419 0.0223231 0.66112 -0.803059 -0.428728 -0.46218 -4.9625 -820.168 0 
2 825.888 0.316751 0.0223966 0.670163 -0.79937 -0.487184 -2.26 -4.20902 -819.419 0 
7 826.963 0.322827 0.0223849 0.663125 -0.781875 -0.454961 -1.80653 -4.6568 -820.5 0 
4 825.261 0.324386 0.0224257 0.662772 -0.777316 -0.496907 -0.277056 -4.46604 -820.518 0 
1 826.178 0.321058 0.0224965 0.664206 -0.75975 -0.524193 -0.830739 -4.56289 -820.784 0 
1 825.068 0.314037 0.0224388 0.671844 -0.788983 -0.52042 -1.22316 -4.4461 -819.399 0 
1 827.628 0.312453 0.0225057 0.674425 -0.774186 -0.595369 -3.43368 -4.81865 -819.375 0 
2 827.298 0.314803 0.0223719 0.669792 -0.758492 -0.595568 -2.56875 -4.84158 -819.887 0 
1 827.651 0.306671 0.0223462 0.678899 -0.784671 -0.625255 -2.83576 -5.68658 -819.129 0 
1 827.684 0.303397 0.0224531 0.682315 -0.795011 -0.596675 -2.16766 -6.32607 -819.19 0 
1 830.053 0.300907 0.0224577 0.683467 -0.779756 -0.632009 -3.08326 -7.77319 -819.196 0 
1 830.304 0.307383 0.0223643 0.676395 -0.765741 -0.615878 -4.76751 -6.22085 -819.316 0 
3 828.248 0.311435 0.0224529 0.671366 -0.75575 -0.574554 -2.68572 -5.6757 -819.886 0 
2 828.19 0.304693 0.0225311 0.679608 -0.774802 -0.595832 -2.30036 -6.69003 -819.2 0 
1 827.175 0.310327 0.0224588 0.673638 -0.761003 -0.600282 -2.0012 -5.61186 -819.562 0 
1 826.405 0.312 0.0224277 0.672742 -0.753483 -0.647065 -1.47486 -5.29447 -819.636 0 
1 826.436 0.309335 0.0223455 0.67636 -0.754935 -0.729585 -1.46851 -5.71024 -819.257 0 
3 825.831 0.314739 0.0221964 0.67214 -0.756924 -0.748277 -2.05551 -4.47026 -819.306 0 
1 829.132 0.311392 0.0221638 0.673208 -0.748032 -0.751917 -4.44471 -5.32272 -819.364 0 
4 830.247 0.315198 0.0219768 0.671207 -0.775104 -0.720086 -6.91284 -4.21042 -819.124 0 
4 826.553 0.307713 0.0223278 0.679306 -0.752434 -0.810749 -1.13339 -6.25294 -819.167 0 
1 826.84 0.309167 0.0222396 0.677202 -0.756113 -0.797049 -1.9951 -5.69342 -819.151 0 
1 826.222 0.308406 0.0222812 0.678939 -0.751778 -0.846424 -0.982204 -6.08482 -819.155 0 
6 824.32 0.314252 0.0222212 0.674582 -0.767384 -0.791909 -0.72953 -4.50157 -819.089 0 
6 825.192 0.30947 0.0223201 0.678234 -0.775659 -0.751237 -0.89615 -5.19017 -819.106 0 
1 827.056 0.302986 0.0223358 0.685044 -0.781163 -0.795533 -0.567327 -7.02695 -819.462 0 
1 826.207 0.305732 0.0223954 0.68181 -0.769593 -0.784625 -0.660595 -6.35771 -819.189 0 
2 824.086 0.319274 0.0224569 0.67072 -0.744328 -0.792592 -0.463261 -4.01544 -819.607 0 
1 824.438 0.314024 0.0223304 0.675669 -0.762785 -0.797246 -0.741243 -4.57953 -819.118 0 
18 823.903 0.318856 0.0223077 0.673419 -0.773931 -0.827696 -0.606667 -4.26839 -819.027 0 
1 824.803 0.322962 0.0224198 0.669147 -0.741056 -0.866153 -1.35424 -3.88614 -819.563 0 
2 824.507 0.320917 0.0224103 0.671115 -0.754141 -0.842114 -1.22798 -4.00738 -819.272 0 
1 826.989 0.322987 0.0224616 0.669105 -0.751347 -0.829916 -3.63575 -3.90633 -819.447 0 
1 825.597 0.315594 0.0224655 0.677399 -0.767163 -0.869934 -1.92161 -4.6258 -819.049 0 
4 825.676 0.313287 0.0224868 0.678836 -0.754615 -0.905863 -1.48593 -5.09181 -819.098 0 
2 825.075 0.323802 0.0223137 0.66948 -0.758012 -0.877731 -1.67446 -4.21215 -819.188 0 
5 824.553 0.318872 0.0222818 0.674213 -0.777633 -0.861307 -1.01568 -4.53418 -819.003 0 
2 824.644 0.317168 0.022326 0.675825 -0.762973 -0.914851 -0.925267 -4.6792 -819.039 0 
1 826.702 0.330949 0.0221799 0.662977 -0.74531 -0.90357 -2.45698 -4.54881 -819.696 0 
3 826.753 0.333571 0.0221605 0.660995 -0.731684 -0.937564 -2.03652 -4.56345 -820.153 0 
9 826.597 0.329951 0.0221021 0.664275 -0.741845 -0.940801 -2.5824 -4.44364 -819.571 0 
5 826.69 0.325077 0.0221679 0.669154 -0.744547 -0.969793 -3.10177 -4.37248 -819.216 0 
12 827.224 0.31651 0.0223982 0.67601 -0.730518 -0.982149 -3.10667 -4.87926 -819.238 0 
3 824.627 0.316885 0.022344 0.673794 -0.726422 -0.948888 -0.516319 -4.71861 -819.392 0 
1 825.112 0.324038 0.0223679 0.666762 -0.700342 -0.955044 -0.615879 -3.9004 -820.595 0 
2 824.627 0.325763 0.0222772 0.664138 -0.708301 -0.904276 -0.189717 -3.70747 -820.729 0 
1 825.437 0.317137 0.0224063 0.67174 -0.709557 -0.915181 -0.584275 -4.85944 -819.994 0 
1 826.523 0.312607 0.0224024 0.674252 -0.703545 -0.926719 -0.419971 -6.20646 -819.897 0 
2 826.779 0.311369 0.0224699 0.676517 -0.706682 -0.941895 -0.567303 -6.51963 -819.692 0 
1 827.657 0.31296 0.0223918 0.672801 -0.697974 -0.918192 -1.24763 -6.26238 -820.147 0 
1 824.861 0.315431 0.0222837 0.673103 -0.720614 -0.93317 -0.317265 -5.02264 -819.521 0 
3 825.701 0.309712 0.022367 0.679579 -0.735316 -0.938664 -0.22833 -6.26984 -819.203 0 
1 826.777 0.314246 0.0224273 0.677685 -0.725106 -1.0047 -2.08225 -5.44577 -819.249 0 
1 826.638 0.318439 0.0224356 0.674335 -0.718584 -1.01365 -2.51508 -4.70627 -819.417 0 
2 829.505 0.313311 0.0225385 0.677801 -0.691471 -1.07622 -3.33868 -6.46436 -819.702 0 
2 828.587 0.315014 0.0224937 0.675642 -0.689755 -1.05628 -2.7509 -5.94953 -819.886 0 
1 828.628 0.318374 0.0224959 0.673554 -0.697956 -1.03094 -3.81854 -4.91341 -819.896 0 
1 828.429 0.318287 0.0224539 0.674602 -0.714728 -1.01841 -4.19116 -4.75515 -819.482 0 
1 828.449 0.314965 0.0223398 0.676997 -0.719944 -1.03332 -3.72979 -5.43664 -819.283 0 
1 827.268 0.328843 0.0223479 0.663084 -0.691844 -1.01436 -2.57337 -3.71233 -820.982 0 
4 825.241 0.316716 0.0223296 0.674961 -0.705495 -1.09527 -0.396804 -5.41462 -819.43 0 
5 825.328 0.314291 0.0222207 0.677174 -0.737483 -1.03552 -0.588284 -5.59609 -819.143 0 
5 825.533 0.317584 0.0221725 0.67387 -0.743034 -0.996255 -1.5142 -4.92131 -819.097 0 
1 825.588 0.312466 0.022286 0.679881 -0.749537 -1.02277 -0.468463 -5.91784 -819.202 0 
5 826.798 0.313444 0.0221993 0.679939 -0.753902 -1.0514 -1.56564 -5.97853 -819.254 0 
1 826.809 0.314344 0.0220937 0.676508 -0.737528 -1.03121 -2.12809 -5.53942 -819.141 0 
2 826.658 0.313558 0.0221369 0.676085 -0.71763 -1.06804 -1.45131 -5.94588 -819.261 0 
1 825.268 0.317374 0.022144 0.673973 -0.731926 -1.0281 -1.10165 -5.00204 -819.164 0 
7 826.072 0.312783 0.0222862 0.67748 -0.704905 -1.09637 -0.283705 -6.40847 -819.38 0 
2 825.807 0.317571 0.0223214 0.672217 -0.688115 -1.09245 -0.5598 -5.34407 -819.903 0 
2 825.494 0.313998 0.0223671 0.676738 -0.70699 -1.07416 -0.142281 -5.95333 -819.398 0 
2 825.974 0.313702 0.0223566 0.676874 -0.69718 -1.11984 -0.155505 -6.34207 -819.477 0 
3 826.365 0.316154 0.0224036 0.675783 -0.693809 -1.12974 -1.02457 -5.76758 -819.573 0 
1 826.404 0.326231 0.0222633 0.667975 -0.697671 -1.12045 -2.2146 -4.28319 -819.906 0 
1 827.043 0.324543 0.0222169 0.664854 -0.672048 -1.08647 -1.82236 -4.17018 -821.051 0 
4 826.064 0.322104 0.0221551 0.667563 -0.682542 -1.08262 -1.18187 -4.47085 -820.411 0 
3 826.657 0.314209 0.0222277 0.675196 -0.693419 -1.10366 -0.858582 -6.19691 -819.601 0 
1 824.884 0.32377 0.022223 0.667115 -0.692718 -1.05578 -0.467729 -4.14595 -820.27 0 
1 825.969 0.31568 0.0223433 0.673213 -0.690769 -1.03471 -0.310552 -5.68153 -819.977 0 
2 826.211 0.312438 0.0223822 0.675667 -0.700981 -1.00525 -0.215048 -6.3354 -819.661 0 
1 826.042 0.31296 0.0222917 0.676592 -0.713593 -1.01761 -0.710211 -5.95272 -819.379 0 
1 825.937 0.316619 0.0223907 0.671697 -0.69497 -0.990724 -0.577253 -5.26643 -820.093 0 
3 825.225 0.319125 0.0221781 0.671161 -0.727286 -0.950905 -1.40811 -4.38024 -819.436 0 
4 826.268 0.317268 0.022217 0.673722 -0.735827 -0.946225 -2.41385 -4.61442 -819.24 0 
4 824.642 0.324788 0.0223567 0.666155 -0.708032 -0.941627 -0.429947 -3.80182 -820.41 0 
2 824.48 0.322482 0.0223006 0.669736 -0.726328 -0.958322 -0.841624 -4.07542 -819.563 0 
2 825.255 0.323329 0.0223005 0.670686 -0.741941 -0.967116 -1.71256 -4.3192 -819.223 0 
1 826.475 0.318678 0.0223892 0.675814 -0.760516 -0.940067 -2.77649 -4.6702 -819.029 0 
1 825.025 0.321483 0.0223412 0.671817 -0.763928 -0.876073 -1.65334 -4.30461 -819.067 0 
8 824.311 0.316875 0.0222863 0.675234 -0.757637 -0.923445 -0.552877 -4.70277 -819.056 0 
1 825.195 0.310162 0.0223611 0.680523 -0.764382 -0.897367 -0.357394 -5.65749 -819.18 0 
5 824.567 0.324024 0.0222669 0.66793 -0.745238 -0.885133 -1.13571 -4.0008 -819.431 0 
4 826.377 0.328391 0.0221427 0.666553 -0.773777 -0.863583 -2.32265 -4.95971 -819.095 0 
1 826.33 0.329665 0.0221108 0.662306 -0.747093 -0.851296 -2.29098 -4.21376 -819.825 0 
4 827.253 0.333719 0.02209 0.66084 -0.75795 -0.848364 -2.38896 -5.11116 -819.753 0 
2 828.022 0.332256 0.0219866 0.660451 -0.758826 -0.832074 -3.45976 -4.84498 -819.717 0 
1 828.832 0.321441 0.0220892 0.672243 -0.787337 -0.834958 -5.32945 -4.53002 -818.972 0 
1 828.023 0.314759 0.0221695 0.678731 -0.808905 -0.80348 -3.81634 -4.8789 -819.328 0 
1 825.79 0.326484 0.022157 0.667426 -0.780917 -0.825962 -1.9581 -4.78853 -819.043 0 
2 823.968 0.322504 0.0222255 0.669127 -0.769318 -0.80229 -0.743352 -4.0597 -819.165 0 
5 823.881 0.315722 0.0223858 0.675075 -0.764093 -0.823286 -0.38491 -4.40875 -819.087 0 
1 825.615 0.311426 0.0223632 0.679548 -0.778014 -0.803456 -1.55809 -4.94909 -819.108 0 
3 826.797 0.318697 0.0222599 0.674656 -0.785937 -0.80922 -3.46706 -4.32732 -819.002 0 
6 824.728 0.319083 0.0221698 0.673226 -0.793398 -0.777791 -1.38525 -4.34291 -819 0 
1 824.082 0.314023 0.0222348 0.675956 -0.795678 -0.734483 -0.610188 -4.39694 -819.075 0 
3 824.946 0.314137 0.0221642 0.676196 -0.811654 -0.709916 -1.3032 -4.46375 -819.179 0 
9 824.422 0.312956 0.0222765 0.678064 -0.81567 -0.701373 -0.616414 -4.53981 -819.266 0 
2 824.954 0.317423 0.0223211 0.670376 -0.793178 -0.603077 -1.83404 -3.92815 -819.192 0 
2 825.161 0.314406 0.0223472 0.673933 -0.806159 -0.604608 -2.02297 -4.06815 -819.07 0 
1 824.651 0.310215 0.0224449 0.677976 -0.814739 -0.576866 -1.11272 -4.39046 -819.148 0 
1 825.942 0.305574 0.0224828 0.681484 -0.820292 -0.552088 -1.57025 -5.05156 -819.321 0 
1 826.657 0.302325 0.0224568 0.68584 -0.834995 -0.57492 -1.12725 -5.59687 -819.932 0 
1 825.722 0.312215 0.0225583 0.678873 -0.827209 -0.551355 -2.39004 -4.15523 -819.176 0 
2 824.93 0.315168 0.0225569 0.673537 -0.826684 -0.460467 -1.73781 -4.05189 -819.141 0 
1 825.076 0.314888 0.0224449 0.675012 -0.844544 -0.477933 -1.74354 -4.13544 -819.197 0 
1 823.659 0.313288 0.0223959 0.67617 -0.84503 -0.479675 -0.298512 -4.11128 -819.249 0 
6 823.841 0.311021 0.0223928 0.678584 -0.838132 -0.538113 -0.262166 -4.2393 -819.339 0 
1 825.78 0.315246 0.0224511 0.676986 -0.853826 -0.520787 -1.99372 -4.40558 -819.381 0 
4 826.345 0.314582 0.0224654 0.675937 -0.842134 -0.514689 -2.95273 -4.17155 -819.221 0 
1 826.109 0.312312 0.0224501 0.680836 -0.862265 -0.546462 -1.69002 -4.57687 -819.842 0 
2 824.504 0.317563 0.0223688 0.674563 -0.849459 -0.521887 -0.822578 -4.45694 -819.225 0 
3 827.532 0.324006 0.0222156 0.671095 -0.862865 -0.545504 -2.31529 -6.00152 -819.215 0 
2 825.609 0.324557 0.0221499 0.666247 -0.826863 -0.543277 -1.67022 -4.82532 -819.113 0 
2 824.911 0.322557 0.0221618 0.667424 -0.815586 -0.574985 -1.46767 -4.331 -819.112 0 
3 824.035 0.321183 0.0222691 0.670554 -0.826415 -0.566676 -0.616866 -4.36288 -819.055 0 
1 824.055 0.314492 0.0222777 0.67669 -0.846084 -0.546926 -0.435977 -4.28073 -819.338 0 
3 824.88 0.322138 0.0223178 0.669859 -0.837621 -0.499023 -1.17939 -4.60129 -819.099 0 
9 823.602 0.318618 0.0223088 0.670699 -0.836313 -0.453958 -0.249155 -4.21626 -819.137 0 
2 825.356 0.316312 0.0223271 0.673213 -0.846646 -0.426941 -2.01678 -4.17226 -819.167 0 
1 825.695 0.317702 0.0224804 0.672284 -0.848165 -0.381559 -2.16134 -4.34451 -819.189 0 
3 825.934 0.30843 0.0226033 0.680696 -0.850172 -0.417463 -2.22982 -4.3127 -819.391 0 
4 824.88 0.317722 0.0224818 0.668869 -0.816007 -0.391287 -0.957354 -4.42661 -819.496 0 
1 825.743 0.318796 0.0225703 0.67008 -0.821375 -0.411195 -2.05939 -4.31253 -819.371 0 
1 828.474 0.302192 0.0226942 0.684983 -0.844664 -0.40422 -3.54128 -5.3929 -819.54 0 
1 826.725 0.308483 0.0225833 0.680881 -0.850587 -0.421616 -3.00993 -4.31096 -819.404 0 
1 824.86 0.310843 0.0225038 0.678352 -0.859196 -0.387234 -1.31456 -4.161 -819.385 0 
1 824.74 0.307121 0.0223676 0.681159 -0.876014 -0.373243 -0.5237 -4.29505 -819.922 0 
1 823.948 0.312265 0.0224105 0.676403 -0.873554 -0.332903 -0.236889 -4.2452 -819.466 0 
2 824.344 0.311479 0.0224882 0.677405 -0.862984 -0.363632 -0.791786 -4.17189 -819.38 0 
1 824.481 0.312129 0.0225256 0.673917 -0.837952 -0.35779 -0.947455 -4.32248 -819.211 0 
2 823.867 0.313692 0.0223192 0.674086 -0.861319 -0.362544 -0.363781 -4.20948 -819.294 0 
4 824.606 0.31642 0.0222592 0.671023 -0.865155 -0.32686 -0.86342 -4.48009 -819.263 0 
1 824.581 0.314017 0.0222558 0.675017 -0.887747 -0.324842 -0.407241 -4.52962 -819.645 0 
1 825.64 0.316854 0.0222332 0.670088 -0.873416 -0.286612 -1.6268 -4.70384 -819.309 0 
4 825.18 0.311328 0.022228 0.677013 -0.891411 -0.319106 -0.940314 -4.36699 -819.872 0 
3 824.326 0.316556 0.0223214 0.670038 -0.846206 -0.344957 -0.721488 -4.37029 -819.234 0 
1 825.347 0.309995 0.0225296 0.677338 -0.831818 -0.423896 -1.78764 -4.38216 -819.177 0 
1 825.148 0.30953 0.0223794 0.676133 -0.836113 -0.401815 -1.55209 -4.39742 -819.199 0 
1 825.329 0.310376 0.0223431 0.674745 -0.844386 -0.358104 -1.77258 -4.33142 -819.225 0 
1 825.116 0.309386 0.0224037 0.679167 -0.868097 -0.369928 -1.34088 -4.20201 -819.573 0 
1 824.219 0.316954 0.0223251 0.67168 -0.852811 -0.375119 -0.692472 -4.32958 -819.197 0 
5 824.387 0.313141 0.0223748 0.674048 -0.844343 -0.383859 -1.01559 -4.17654 -819.195 0 
3 825.638 0.322748 0.0222925 0.663637 -0.823794 -0.364536 -1.09177 -4.86332 -819.683 0 
1 825.941 0.32073 0.0222874 0.665291 -0.823264 -0.361081 -1.64638 -4.6875 -819.608 0 
1 825.512 0.322218 0.0224278 0.663615 -0.807453 -0.369863 -0.551158 -4.88094 -820.08 0 
1 825.509 0.322953 0.0223346 0.66386 -0.804428 -0.41912 -0.940094 -4.63295 -819.936 0 
1 825.834 0.31102 0.022459 0.675116 -0.822543 -0.42246 -2.20099 -4.45603 -819.177 0 
1 825.651 0.309587 0.0222657 0.676826 -0.84048 -0.440734 -2.12461 -4.26897 -819.257 0 
1 824.662 0.310019 0.0223463 0.676882 -0.838161 -0.440155 -1.18387 -4.25604 -819.222 0 
6 824.629 0.310406 0.022411 0.678197 -0.841233 -0.462336 -1.16118 -4.19804 -819.269 0 
2 824.624 0.317137 0.0225606 0.671902 -0.829218 -0.419272 -1.23188 -4.17921 -819.213 0 
2 825.026 0.316963 0.0225644 0.672493 -0.833312 -0.414955 -1.65408 -4.18193 -819.19 0 
1 824.933 0.317201 0.0225387 0.669324 -0.82028 -0.368454 -0.962345 -4.49034 -819.48 0 
5 825.034 0.31355 0.0225636 0.673476 -0.846186 -0.319447 -1.38969 -4.39864 -819.245 0 
5 823.897 0.314722 0.0223569 0.672436 -0.85676 -0.337622 -0.368545 -4.29125 -819.238 0 
9 824.558 0.318109 0.0223885 0.670958 -0.85404 -0.38454 -0.919292 -4.44959 -819.19 0 
1 823.793 0.315496 0.0223885 0.673543 -0.864591 -0.350829 -0.167841 -4.34721 -819.278 0 
9 823.753 0.314163 0.0223506 0.674898 -0.86418 -0.378429 -0.187943 -4.23467 -819.331 0 
4 824.473 0.306729 0.0224018 0.680415 -0.855514 -0.414924 -0.495391 -4.41255 -819.565 0 
4 825.381 0.307646 0.0223339 0.678661 -0.850516 -0.401534 -1.59888 -4.38592 -819.396 0 
3 824.337 0.313332 0.022351 0.674012 -0.830513 -0.445601 -1.07342 -4.11813 -819.146 0 
1 827.163 0.309466 0.0221831 0.675791 -0.847 -0.410799 -3.62566 -4.2386 -819.299 0 
2 824.753 0.313339 0.0222326 0.673726 -0.845605 -0.430921 -1.45384 -4.09293 -819.206 0 
1 826.213 0.315949 0.022266 0.668782 -0.815964 -0.424215 -2.67454 -4.21782 -819.32 0 
2 825.181 0.322573 0.0223038 0.664193 -0.80155 -0.444972 -0.863468 -4.46293 -819.855 0 
2 825.959 0.328678 0.0222666 0.659717 -0.806607 -0.426043 -0.354221 -5.36929 -820.236 0 
2 825.987 0.328457 0.0223537 0.662892 -0.82377 -0.436903 -0.842399 -5.49062 -819.654 0 
9 826.037 0.327742 0.0223975 0.663678 -0.822888 -0.439527 -1.09639 -5.31706 -819.623 0 
1 824.798 0.31525 0.0223602 0.672566 -0.82116 -0.468079 -1.55943 -4.08227 -819.156 0 
2 824.832 0.317987 0.0222957 0.670199 -0.822416 -0.464146 -1.53781 -4.10021 -819.194 0 
2 824.919 0.317989 0.0223429 0.670032 -0.820826 -0.449732 -1.53427 -4.14184 -819.243 0 
1 824.639 0.315555 0.0223556 0.671067 -0.821573 -0.427804 -1.21915 -4.18583 -819.234 0 
4 824.053 0.320369 0.0223115 0.667839 -0.825591 -0.430673 -0.425351 -4.32813 -819.299 0 
2 825.252 0.324848 0.022267 0.663548 -0.815374 -0.430117 -0.782579 -4.77851 -819.691 0 
1 826.468 0.324666 0.0222271 0.665717 -0.820828 -0.483512 -2.48517 -4.63486 -819.348 0 
1 827.189 0.325614 0.0223243 0.665504 -0.810818 -0.504913 -3.10393 -4.58504 -819.5 0 
4 826.361 0.329532 0.0223355 0.661213 -0.793588 -0.513264 -1.18836 -4.97191 -820.201 0 
3 827.929 0.330596 0.0223051 0.661087 -0.782707 -0.575302 -2.84653 -4.8026 -820.28 0 
4 827.035 0.325499 0.022275 0.662228 -0.769664 -0.556133 -2.26292 -4.2678 -820.504 0 
5 826.266 0.323387 0.0223877 0.665269 -0.783083 -0.53306 -2.08387 -4.1927 -819.989 0 
4 823.726 0.319812 0.0224605 0.670033 -0.799101 -0.562016 -0.490987 -3.95214 -819.283 0 
6 825.342 0.316626 0.0224456 0.673393 -0.802073 -0.579063 -2.24299 -3.96937 -819.13 0 
1 825.253 0.321295 0.0224358 0.670115 -0.801805 -0.584536 -2.03485 -3.99709 -819.221 0 
3 826.16 0.329732 0.0224379 0.661467 -0.780804 -0.574643 -1.20076 -4.67305 -820.286 0 
19 824.182 0.322456 0.022368 0.669506 -0.819607 -0.560855 -0.728548 -4.34964 -819.104 0 
2 825.639 0.327598 0.0221426 0.664473 -0.821161 -0.56723 -1.22982 -5.22556 -819.184 0 
1 823.748 0.314406 0.0223094 0.673455 -0.810256 -0.565556 -0.622723 -4.03862 -819.086 0 
4 825.287 0.307546 0.0224313 0.683111 -0.840335 -0.601306 -0.712902 -4.77107 -819.803 0 
1 825.274 0.313074 0.0222826 0.679644 -0.857645 -0.594361 -0.655374 -4.76802 -819.85 0 
3 825.663 0.322365 0.0222742 0.671417 -0.84825 -0.558924 -1.37798 -5.16738 -819.118 0 
4 826.866 0.325124 0.022102 0.66522 -0.822958 -0.553222 -2.88454 -4.84375 -819.138 0 
5 824.241 0.313647 0.022215 0.674516 -0.816562 -0.578208 -1.05534 -4.09163 -819.094 0 
1 825.104 0.312589 0.0222085 0.67522 -0.807171 -0.604794 -1.80374 -4.21576 -819.085 0 
5 824.337 0.314792 0.0222498 0.672374 -0.800812 -0.574752 -1.15571 -4.05779 -819.124 0 
1 823.525 0.314808 0.0224387 0.672892 -0.792625 -0.578738 -0.210038 -4.11779 -819.197 0 
1 824.44 0.316981 0.0223389 0.67159 -0.809087 -0.569407 -1.37961 -3.96293 -819.098 0 
3 824.578 0.311988 0.0223047 0.676235 -0.812421 -0.608447 -1.20145 -4.2581 -819.118 0 
1 824.76 0.315471 0.0221905 0.675592 -0.826067 -0.629859 -1.33756 -4.25368 -819.169 0 
3 824.226 0.312069 0.0222379 0.676336 -0.813402 -0.618317 -0.821741 -4.27198 -819.132 0 
1 824.951 0.306503 0.022366 0.681709 -0.800725 -0.683025 -0.290862 -5.37069 -819.289 0 
3 824.089 0.324259 0.0222079 0.666546 -0.784378 -0.672216 -0.71388 -4.0266 -819.348 0 
3 824.023 0.323653 0.022194 0.666439 -0.780831 -0.673896 -0.684951 -3.9465 -819.391 0 
2 825.501 0.328036 0.0221861 0.66094 -0.758739 -0.669288 -1.08525 -4.04012 -820.375 0 
2 826.138 0.332777 0.0222176 0.658901 -0.766512 -0.654045 -0.791252 -4.77669 -820.57 0 
2 825.733 0.331345 0.0223411 0.660792 -0.769191 -0.657592 -0.822966 -4.59832 -820.312 0 
1 824.796 0.328905 0.0222211 0.662522 -0.779784 -0.652712 -0.568956 -4.43266 -819.794 0 
3 824.785 0.325159 0.0223897 0.665389 -0.764279 -0.665239 -0.91967 -3.88863 -819.977 0 
7 825.26 0.327311 0.0223878 0.661353 -0.753362 -0.614282 -0.138177 -4.16352 -820.958 0 
2 826.601 0.324281 0.0224448 0.662431 -0.746955 -0.615352 -1.52242 -4.11294 -820.966 0 
1 825.918 0.324717 0.0222781 0.662149 -0.750119 -0.644192 -1.33038 -3.95231 -820.635 0 
9 825.334 0.319706 0.0222946 0.666545 -0.745427 -0.682159 -1.0402 -4.12346 -820.17 0 
4 826.628 0.318508 0.0222159 0.667013 -0.746464 -0.688555 -2.40874 -4.2072 -820.012 0 
6 825.455 0.327812 0.0222537 0.66036 -0.751087 -0.646208 -0.536867 -4.05866 -820.859 0 
3 824.858 0.319687 0.0221897 0.667671 -0.777189 -0.637278 -1.53917 -3.87754 -819.441 0 
2 824.218 0.316722 0.022333 0.670233 -0.760525 -0.681624 -0.508291 -4.18181 -819.528 0 
1 825.817 0.316772 0.022396 0.668802 -0.748275 -0.670579 -1.46323 -4.41494 -819.939 0 
1 825.397 0.314562 0.0223745 0.671395 -0.761592 -0.666519 -1.4668 -4.46035 -819.47 0 
7 826.485 0.312108 0.0223184 0.672661 -0.762105 -0.646719 -2.06905 -4.98104 -819.435 0 
1 826.501 0.305126 0.0222932 0.682397 -0.802792 -0.667239 -1.50537 -5.65178 -819.344 0 
1 825.424 0.307747 0.0222405 0.680299 -0.811408 -0.660778 -1.12101 -4.9605 -819.342 0 
2 825.75 0.30785 0.0223452 0.681405 -0.790928 -0.730654 -1.20358 -5.33314 -819.213 0 
2 826.173 0.313708 0.0222856 0.67803 -0.801428 -0.732903 -2.622 -4.4284 -819.123 0 
1 826.615 0.304213 0.0223462 0.684534 -0.793501 -0.743995 -0.906941 -6.25639 -819.452 0 
22 823.783 0.313615 0.0223303 0.675473 -0.775092 -0.736544 -0.254941 -4.43842 -819.09 0 
3 825.235 0.313839 0.0224158 0.677981 -0.793467 -0.733742 -1.79023 -4.37672 -819.068 0 
3 824.094 0.312304 0.022307 0.67889 -0.808768 -0.712712 -0.331584 -4.54231 -819.22 0 
4 823.713 0.319122 0.0223479 0.67288 -0.796701 -0.706463 -0.588672 -4.10402 -819.02 0 
1 826.156 0.317295 0.0223768 0.675533 -0.799423 -0.715171 -2.983 -4.14921 -819.024 0 
7 826.841 0.317879 0.0223352 0.673561 -0.777855 -0.740045 -3.72818 -4.01429 -819.098 0 
1 827.423 0.323218 0.0223877 0.668892 -0.770092 -0.712831 -4.1262 -3.83164 -819.465 0 
3 825.881 0.329549 0.0223338 0.659634 -0.752435 -0.643284 -0.685567 -4.2084 -820.987 0 
2 825.78 0.320965 0.0225021 0.668602 -0.774618 -0.6462 -2.40964 -3.84718 -819.524 0 
2 825.258 0.318291 0.0225112 0.671375 -0.770603 -0.693122 -1.9993 -3.93082 -819.328 0 
4 827.534 0.309876 0.0226262 0.681775 -0.796106 -0.702894 -3.56775 -4.81404 -819.152 0 
5 827.735 0.314538 0.022722 0.674659 -0.764299 -0.669078 -3.89753 -4.43639 -819.401 0 
1 825.362 0.308872 0.0225571 0.679374 -0.773029 -0.702999 -0.885926 -5.35362 -819.122 0 
1 824.668 0.310763 0.0225157 0.677784 -0.780772 -0.687302 -0.796851 -4.77419 -819.097 0 
1 824.178 0.308877 0.0224509 0.680383 -0.80479 -0.649765 -0.201987 -4.78922 -819.186 0 
1 823.966 0.313052 0.0224404 0.677802 -0.799408 -0.696172 -0.518347 -4.36087 -819.086 0 
7 824.194 0.312257 0.0224736 0.677496 -0.792397 -0.685086 -0.695278 -4.42613 -819.072 0 
2 824.022 0.314343 0.0222768 0.674868 -0.800069 -0.673349 -0.773535 -4.19217 -819.057 0 
8 823.717 0.313274 0.022394 0.676602 -0.800455 -0.671371 -0.371574 -4.27326 -819.073 0 
2 824.778 0.318354 0.0224011 0.674601 -0.807146 -0.686658 -1.57544 -4.18007 -819.022 0 
3 825.547 0.318243 0.0224044 0.673561 -0.792731 -0.679536 -2.51821 -3.96325 -819.066 0 
1 826.806 0.318554 0.0225372 0.673882 -0.788953 -0.67944 -3.77087 -3.93354 -819.102 0 
5 823.299 0.319079 0.0223433 0.671184 -0.780359 -0.692892 -0.209828 -3.9021 -819.188 0 
2 824.95 0.316175 0.0222177 0.674046 -0.79127 -0.709221 -1.80288 -4.10858 -819.039 0 
1 823.649 0.322027 0.0223407 0.667735 -0.76766 -0.683541 -0.239507 -3.81762 -819.592 0 
2 825.864 0.329154 0.0222023 0.661949 -0.77013 -0.701533 -1.6789 -4.33546 -819.849 0 
1 823.84 0.323523 0.022224 0.668219 -0.779043 -0.744361 -0.592883 -4.05607 -819.192 0 
6 824.218 0.318257 0.0222124 0.673696 -0.789814 -0.775229 -0.941789 -4.26796 -819.008 0 
13 823.821 0.321429 0.0222216 0.670258 -0.771007 -0.809576 -0.617646 -4.1007 -819.103 0 
3 824.398 0.319033 0.0223574 0.672089 -0.768247 -0.798303 -1.19645 -4.0841 -819.117 0 
2 826.753 0.318476 0.0222285 0.674404 -0.774825 -0.846503 -3.39837 -4.3414 -819.014 0 
3 825.921 0.330732 0.0221365 0.663043 -0.757467 -0.843165 -1.7413 -4.56596 -819.613 0 
2 828.115 0.331054 0.0219878 0.662327 -0.768177 -0.846638 -3.67327 -5.09901 -819.343 0 
1 827.177 0.325998 0.0220553 0.668175 -0.759378 -0.937567 -3.43924 -4.65811 -819.08 0 
4 828.38 0.317578 0.0219386 0.673559 -0.778912 -0.892008 -4.53904 -4.79641 -819.044 0 
5 828.838 0.314954 0.0219896 0.675858 -0.767327 -0.925162 -4.74503 -5.00195 -819.091 0 
5 827.458 0.323972 0.0219785 0.666496 -0.740564 -0.933074 -3.94846 -4.14054 -819.369 0 
1 828.534 0.326341 0.0219218 0.665546 -0.74503 -0.93948 -4.91946 -4.27772 -819.337 0 
2 828.865 0.322167 0.0219633 0.666306 -0.732203 -0.908655 -5.28801 -3.98722 -819.589 0 
7 826.784 0.322154 0.0220679 0.66616 -0.721841 -0.900927 -2.90666 -3.93664 -819.941 0 
1 826.53 0.319514 0.0221483 0.668326 -0.719202 -0.886106 -2.32204 -4.25815 -819.95 0 
1 826.506 0.323865 0.0221517 0.663775 -0.707305 -0.87712 -1.84013 -3.85692 -820.809 0 
4 827.456 0.317481 0.0223048 0.668052 -0.69499 -0.886566 -1.51651 -5.15593 -820.783 0 
1 828.125 0.320462 0.022158 0.668365 -0.717156 -0.900898 -3.95618 -4.16845 -820 0 
3 826.968 0.32252 0.0221753 0.666002 -0.707436 -0.903057 -2.45429 -4.00232 -820.511 0 
25 824.819 0.323721 0.0222702 0.665204 -0.708497 -0.886727 -0.289412 -3.8574 -820.672 0 
1 824.412 0.325668 0.0222739 0.66413 -0.721189 -0.84685 -0.177181 -3.69022 -820.545 0 
1 825.278 0.322939 0.0222263 0.668002 -0.754406 -0.792807 -1.95179 -3.81137 -819.515 0 
2 825.092 0.315457 0.022378 0.674195 -0.754869 -0.787953 -1.41676 -4.41907 -819.256 0 
6 826.113 0.309997 0.0223462 0.678645 -0.768162 -0.767906 -1.7462 -5.25914 -819.107 0 
2 827.601 0.307519 0.0222706 0.682667 -0.790284 -0.789571 -2.63108 -5.61418 -819.356 0 
2 826.919 0.30669 0.0222182 0.682676 -0.791402 -0.78944 -1.7049 -5.79565 -819.419 0 
2 825.551 0.314331 0.0222032 0.673607 -0.757912 -0.783596 -1.80371 -4.55064 -819.197 0 
3 825.197 0.317566 0.0221751 0.670522 -0.749364 -0.797667 -1.62812 -4.17426 -819.394 0 
1 827.471 0.324131 0.0222657 0.662522 -0.729237 -0.738879 -2.80844 -3.83408 -820.829 0 
1 827.708 0.321886 0.0221546 0.663876 -0.728188 -0.752785 -3.1488 -3.98049 -820.579 0 
1 825.376 0.319192 0.0222398 0.667995 -0.738742 -0.783294 -1.50817 -4.05931 -819.808 0 
1 824.989 0.316022 0.0223476 0.671128 -0.735189 -0.801917 -0.754661 -4.57052 -819.663 0 
3 825.684 0.323074 0.0222826 0.666256 -0.729355 -0.855156 -1.89527 -3.80733 -819.982 0 
1 825.487 0.326702 0.0222071 0.662807 -0.725782 -0.840903 -1.32867 -3.6871 -820.471 0 
4 824.8 0.32695 0.0223299 0.664082 -0.729091 -0.845395 -0.764135 -3.71242 -820.324 0 
5 825.159 0.316538 0.0222459 0.673156 -0.750829 -0.8357 -1.56748 -4.36014 -819.232 0 
6 825.413 0.317259 0.0224824 0.673463 -0.746467 -0.814157 -1.76028 -4.26129 -819.391 0 
1 825.72 0.319708 0.0225276 0.671628 -0.737396 -0.837702 -2.04755 -4.04676 -819.626 0 
2 827.301 0.326721 0.0225552 0.663287 -0.709259 -0.815238 -2.07126 -3.74687 -821.483 0 
4 827.321 0.32684 0.0224558 0.664421 -0.737608 -0.798374 -3.29869 -3.74736 -820.275 0 
3 826.807 0.317095 0.0224107 0.676637 -0.772582 -0.857722 -3.32324 -4.4569 -819.027 0 
1 826.506 0.309502 0.0223423 0.682475 -0.785129 -0.847388 -1.68232 -5.49043 -819.333 0 
3 826.143 0.315613 0.0222214 0.676604 -0.77303 -0.869702 -2.43851 -4.6535 -819.051 0 
6 824.375 0.320443 0.0221508 0.670381 -0.760708 -0.852744 -1.09849 -4.1454 -819.131 0 
2 824.776 0.318992 0.0222121 0.672892 -0.780933 -0.827655 -1.35409 -4.41965 -819.002 0 
1 825.462 0.316216 0.0223315 0.675288 -0.767164 -0.870606 -1.81747 -4.60092 -819.043 0 
3 826.15 0.314746 0.0222331 0.677651 -0.783755 -0.893664 -1.82992 -5.13889 -819.181 0 
2 825.701 0.312766 0.0222212 0.680072 -0.788994 -0.905096 -0.82918 -5.48175 -819.39 0 
2 825.251 0.320416 0.0222221 0.672618 -0.76915 -0.904077 -1.62657 -4.62528 -819 0 
1 826.647 0.322943 0.0221868 0.670633 -0.777597 -0.880495 -2.88535 -4.79177 -818.97 0 
10 826.336 0.313114 0.0222127 0.680619 -0.802104 -0.889756 -1.13868 -5.60925 -819.588 0 
4 825.886 0.311159 0.022185 0.679657 -0.785706 -0.867564 -1.19881 -5.37415 -819.313 0 
5 824.297 0.317444 0.0222161 0.674741 -0.775165 -0.869595 -0.685071 -4.589 -819.023 0 
1 824.894 0.316737 0.0223074 0.676681 -0.788444 -0.847719 -1.08264 -4.73456 -819.076 0 
9 827.519 0.310927 0.0221415 0.682427 -0.804647 -0.891448 -1.85478 -5.82751 -819.836 0 
1 826.236 0.328193 0.0220888 0.663067 -0.745013 -0.85663 -2.41243 -4.05078 -819.773 0 
3 830.252 0.33445 0.0221251 0.657238 -0.72442 -0.871045 -4.94279 -4.29684 -821.012 0 
1 829.656 0.331046 0.02221 0.658475 -0.71427 -0.844227 -4.4989 -3.74529 -821.411 0 
2 826.243 0.326529 0.0221974 0.662916 -0.724984 -0.853821 -2.14217 -3.69588 -820.405 0 
3 826.15 0.327661 0.0222601 0.66641 -0.747498 -0.883741 -2.50278 -4.1022 -819.545 0 
1 825.37 0.33062 0.0222468 0.661701 -0.729183 -0.869982 -0.991947 -3.92556 -820.453 0 
1 828.386 0.331519 0.0223632 0.66102 -0.734201 -0.829766 -3.7354 -4.05867 -820.592 0 
1 826.212 0.311778 0.0225114 0.679599 -0.752031 -0.882588 -1.76504 -5.32446 -819.123 0 
2 825.538 0.311809 0.0225187 0.677543 -0.736061 -0.877594 -0.72847 -5.53164 -819.278 0 
1 826.559 0.308597 0.0225154 0.679011 -0.730291 -0.863662 -0.569456 -6.65124 -819.338 0 
2 826.802 0.30926 0.0224971 0.680798 -0.739112 -0.910375 -1.33882 -6.27047 -819.193 0 
1 826.771 0.315942 0.0224797 0.671013 -0.713183 -0.850897 -1.61245 -5.02627 -820.133 0 
7 825.078 0.315177 0.0224937 0.675254 -0.736974 -0.889029 -0.98844 -4.78532 -819.304 0 
1 826.348 0.307399 0.0223934 0.679911 -0.74156 -0.862596 -0.454055 -6.68825 -819.206 0 
1 824.164 0.316487 0.0222852 0.672374 -0.74846 -0.810498 -0.487808 -4.3392 -819.337 0 
9 823.748 0.323789 0.0223187 0.666895 -0.753116 -0.764653 -0.254208 -3.77299 -819.72 0 
3 824.883 0.319948 0.0222109 0.66882 -0.755233 -0.752335 -1.46477 -3.89785 -819.52 0 
5 824.924 0.325047 0.0221419 0.664841 -0.76384 -0.724735 -1.39479 -3.85884 -819.67 0 
7 827.04 0.331557 0.0220425 0.660704 -0.782403 -0.692866 -2.36853 -4.99486 -819.676 0 
13 825.98 0.328955 0.0220729 0.663017 -0.784622 -0.708383 -1.90071 -4.66886 -819.41 0 
5 825.408 0.329427 0.0221345 0.662328 -0.775475 -0.701044 -1.24882 -4.45358 -819.706 0 
16 825.962 0.327178 0.0221412 0.661241 -0.751154 -0.692892 -1.61351 -3.89543 -820.453 0 
3 825.913 0.328388 0.0221291 0.661707 -0.760743 -0.698542 -1.72944 -4.0478 -820.136 0 
1 825.182 0.322452 0.0221614 0.667692 -0.780193 -0.689074 -1.98623 -3.89203 -819.304 0 
11 824.332 0.326281 0.022221 0.664667 -0.766508 -0.733733 -0.714814 -3.99591 -819.621 0 
2 824.873 0.328431 0.0222806 0.664138 -0.773682 -0.707552 -0.925807 -4.2808 -819.666 0 
11 824.317 0.32455 0.0221815 0.665238 -0.759844 -0.742847 -0.822468 -3.82354 -819.671 0 
2 825.134 0.32159 0.0223596 0.665668 -0.737659 -0.725316 -0.861349 -3.93238 -820.34 0 
2 824.725 0.318023 0.0224586 0.669201 -0.737261 -0.731976 -0.33685 -4.32855 -820.06 0 
2 826.91 0.321136 0.0224828 0.665744 -0.728255 -0.726398 -2.09774 -4.10968 -820.702 0 
2 825.506 0.318802 0.0225305 0.670402 -0.75082 -0.738266 -1.86318 -4.00176 -819.641 0 
3 826.187 0.31578 0.0225681 0.67237 -0.745658 -0.744725 -2.12235 -4.45728 -819.608 0 
3 826.198 0.318841 0.022557 0.668566 -0.733611 -0.725437 -1.61149 -4.29173 -820.295 0 
2 827.816 0.306897 0.0226187 0.67903 -0.758615 -0.692602 -2.26698 -6.3082 -819.24 0 
2 826.749 0.307038 0.0225256 0.679727 -0.766813 -0.719715 -1.64582 -5.95929 -819.144 0 
2 827.894 0.305452 0.0225829 0.681655 -0.770968 -0.720259 -2.43351 -6.31152 -819.149 0 
2 826.001 0.317631 0.0224859 0.669115 -0.744208 -0.699733 -1.74102 -4.28908 -819.971 0 
1 825.724 0.316444 0.0224294 0.670202 -0.737533 -0.750445 -1.3708 -4.49881 -819.854 0 
3 826.165 0.305181 0.0223833 0.684972 -0.794226 -0.777739 -0.54307 -6.0985 -819.524 0 
7 823.652 0.318328 0.0222535 0.671349 -0.774125 -0.747733 -0.511988 -4.00738 -819.132 0 
1 824.628 0.311189 0.0222305 0.679447 -0.802386 -0.766065 -0.43844 -4.88782 -819.301 0 
8 823.872 0.312675 0.0222995 0.67726 -0.785997 -0.749986 -0.240751 -4.55769 -819.073 0 
1 825.424 0.308999 0.0224186 0.68194 -0.780113 -0.813741 -0.760015 -5.45213 -819.212 0 
10 825.941 0.310711 0.0225673 0.677425 -0.745941 -0.778248 -1.06105 -5.56492 -819.315 0 
2 827.654 0.311895 0.0224168 0.672583 -0.72266 -0.763935 -1.57578 -6.06197 -820.016 0 
7 827.334 0.321224 0.0222396 0.664415 -0.737988 -0.705727 -2.90493 -4 -820.429 0 
14 827.116 0.323852 0.0221192 0.662934 -0.746019 -0.697669 -2.92155 -3.83355 -820.361 0 
2 825.945 0.321328 0.0222184 0.666316 -0.748437 -0.711138 -2.04612 -3.89694 -820.002 0 
1 825.935 0.324564 0.0221599 0.662896 -0.76077 -0.656008 -1.9467 -3.87546 -820.113 0 
3 824.833 0.314654 0.0223797 0.674112 -0.763645 -0.729143 -1.18218 -4.40956 -819.241 0 
3 825.373 0.323841 0.0221733 0.66661 -0.763831 -0.74209 -2.01928 -3.82565 -819.528 0 
5 825.917 0.332381 0.022305 0.660469 -0.757434 -0.724812 -1.00123 -4.50271 -820.413 0 
2 823.894 0.323904 0.0223492 0.665254 -0.758503 -0.681348 -0.078385 -3.81951 -819.996 0 
3 825.981 0.321702 0.0222495 0.6647 -0.738382 -0.699209 -1.46154 -4.02407 -820.496 0 
1 825.463 0.318756 0.0222512 0.670855 -0.753717 -0.786235 -2.05926 -4.02161 -819.382 0 
3 826.24 0.322102 0.0221776 0.664762 -0.730838 -0.766813 -1.94607 -3.90696 -820.387 0 
7 825.001 0.325596 0.0221374 0.664225 -0.746701 -0.787387 -1.3159 -3.76778 -819.918 0 
7 824.388 0.325366 0.022183 0.66659 -0.764484 -0.793298 -0.989448 -4.01914 -819.379 0 
2 824.248 0.325115 0.0222467 0.666614 -0.763524 -0.78865 -0.84033 -4.00023 -819.408 0 
2 823.947 0.320469 0.0223359 0.671585 -0.759701 -0.847664 -0.686601 -4.10491 -819.156 0 
2 825.708 0.310095 0.0223861 0.682619 -0.790809 -0.853965 -0.826626 -5.46404 -819.418 0 
6 824.953 0.316247 0.0222439 0.67691 -0.795389 -0.821857 -1.13898 -4.6992 -819.115 0 
2 825.014 0.319584 0.0221169 0.672627 -0.799367 -0.765172 -1.58145 -4.43055 -819.002 0 
2 824.436 0.325121 0.0222232 0.665845 -0.770063 -0.740861 -0.998226 -3.99723 -819.441 0 
7 824.672 0.325057 0.0221979 0.666049 -0.772958 -0.745703 -1.25517 -4.06247 -819.355 0 
7 823.846 0.318938 0.0222619 0.672892 -0.782617 -0.774874 -0.679815 -4.14095 -819.026 0 
4 823.858 0.320661 0.0222893 0.669927 -0.774378 -0.747866 -0.73328 -3.9471 -819.178 0 
2 823.964 0.322331 0.022306 0.668341 -0.749915 -0.819224 -0.607861 -3.8624 -819.494 0 
1 824.123 0.318712 0.0223072 0.673961 -0.773856 -0.841502 -0.771203 -4.33345 -819.018 0 
2 824.391 0.31852 0.0223784 0.67379 -0.75985 -0.85437 -1.05788 -4.22392 -819.109 0 
1 826.613 0.316342 0.022386 0.677679 -0.777679 -0.871821 -2.89499 -4.66743 -819.051 0 
5 825.622 0.314363 0.0224198 0.678635 -0.763231 -0.926512 -1.45975 -5.07089 -819.092 0 
3 825.8 0.313383 0.0225119 0.678334 -0.749254 -0.906238 -1.5876 -5.09269 -819.12 0 
1 827.239 0.308601 0.0225759 0.682156 -0.744671 -0.91778 -1.70117 -6.35837 -819.179 0 
3 825.496 0.311887 0.0224882 0.678373 -0.735547 -0.925279 -0.663604 -5.62016 -819.213 0 
3 826.006 0.315719 0.022489 0.674864 -0.740443 -0.890382 -2.08711 -4.66342 -819.256 0 
17 824.106 0.314994 0.0223987 0.675598 -0.748719 -0.876416 -0.243377 -4.70351 -819.159 0 
9 826.137 0.326484 0.0223785 0.664447 -0.724597 -0.862135 -2.07163 -3.70205 -820.363 0 
1 824.62 0.32738 0.0222797 0.665179 -0.746001 -0.846713 -0.917369 -3.95991 -819.743 0 
4 823.797 0.321452 0.0222937 0.669207 -0.762074 -0.785611 -0.583594 -3.90571 -819.307 0 
2 824.842 0.322051 0.022155 0.667748 -0.775111 -0.737111 -1.66773 -3.94112 -819.234 0 
2 825.034 0.320387 0.0221166 0.669648 -0.788966 -0.724093 -1.90229 -4.07912 -819.053 0 
1 824.915 0.31978 0.0221923 0.668389 -0.768795 -0.712902 -1.6946 -3.86909 -819.351 0 
1 825.351 0.325212 0.022232 0.663585 -0.757183 -0.703678 -1.52362 -3.82424 -820.003 0 
3 824.182 0.322296 0.0223197 0.665856 -0.757589 -0.680296 -0.429102 -3.82649 -819.926 0 
3 826.467 0.321397 0.0222065 0.664617 -0.746514 -0.685046 -2.29007 -3.94272 -820.234 0 
1 824.936 0.316265 0.0221976 0.672275 -0.77526 -0.715717 -1.69105 -4.09975 -819.146 0 
5 825.403 0.317582 0.022149 0.671938 -0.773379 -0.758839 -2.22953 -4.06486 -819.109 0 
1 825.546 0.323947 0.0221501 0.664745 -0.749573 -0.741077 -1.81899 -3.75928 -819.967 0 
1 825.3 0.329546 0.0223376 0.66061 -0.725519 -0.778589 -0.300232 -3.78193 -821.218 0 
5 826.434 0.327363 0.0221972 0.660458 -0.722527 -0.755502 -1.28107 -3.80452 -821.348 0 
13 826.359 0.325352 0.0221173 0.662876 -0.747282 -0.724445 -2.32897 -3.77797 -820.252 0 
2 826.431 0.334351 0.0222684 0.657438 -0.732465 -0.767888 -0.664852 -4.31458 -821.452 0 
4 825.659 0.32753 0.0221585 0.662918 -0.745642 -0.771757 -1.66564 -3.81026 -820.183 0 
1 826.886 0.325457 0.022045 0.66421 -0.74671 -0.802413 -3.28096 -3.77651 -819.829 0 
1 827.018 0.329635 0.0219992 0.66185 -0.748891 -0.841684 -3.01718 -4.18612 -819.815 0 
1 827.583 0.32332 0.021963 0.666767 -0.760286 -0.846598 -4.267 -4.09647 -819.219 0 
2 827.189 0.318386 0.0219805 0.672236 -0.775635 -0.861881 -3.67313 -4.50572 -819.01 0 
3 824.904 0.323052 0.0221336 0.668394 -0.769684 -0.82065 -1.60181 -4.17278 -819.129 0 
5 827.747 0.330713 0.0219679 0.66187 -0.767672 -0.809799 -3.48553 -4.77599 -819.486 0 
3 825.228 0.320964 0.0221937 0.668044 -0.736167 -0.829822 -1.54 -3.92596 -819.762 0 
1 823.48 0.31828 0.0222882 0.671755 -0.761489 -0.787348 -0.209603 -4.05115 -819.219 0 
7 824.019 0.321009 0.0223322 0.668314 -0.752307 -0.764953 -0.585129 -3.83975 -819.594 0 
5 826.348 0.312481 0.0221837 0.674946 -0.772647 -0.764375 -2.59469 -4.67114 -819.082 0 
6 824.402 0.315969 0.0223042 0.673237 -0.765844 -0.784347 -1.00788 -4.26849 -819.125 0 
1 824.324 0.316978 0.0221604 0.673726 -0.793531 -0.744237 -1.07674 -4.22432 -819.023 0 
1 825.982 0.316317 0.0222039 0.672845 -0.783763 -0.747996 -2.73988 -4.20205 -819.04 0 
1 826.435 0.309427 0.0222894 0.683258 -0.819524 -0.761064 -1.44379 -5.21745 -819.774 0 
2 826.437 0.312634 0.0223535 0.679703 -0.796309 -0.77131 -2.60141 -4.66676 -819.169 0 
7 823.668 0.320508 0.0223081 0.671238 -0.788725 -0.727274 -0.541833 -4.07496 -819.051 0 
2 824.344 0.311695 0.022259 0.677969 -0.798793 -0.729917 -0.551204 -4.63492 -819.158 0 
2 823.839 0.313637 0.0222819 0.677413 -0.798545 -0.743461 -0.246638 -4.47882 -819.114 0 
1 823.779 0.316989 0.0222655 0.673272 -0.78589 -0.741445 -0.598541 -4.14556 -819.035 0 
7 824.522 0.322147 0.0222105 0.671048 -0.794774 -0.768199 -1.08346 -4.45777 -818.981 0 
4 824.601 0.318841 0.0222472 0.674149 -0.797797 -0.768063 -1.20674 -4.38397 -819.01 0 
2 824.046 0.320311 0.0222612 0.67225 -0.797489 -0.731864 -0.808954 -4.23734 -819 0 
3 824.228 0.313234 0.0224682 0.675448 -0.76404 -0.74251 -0.441986 -4.60618 -819.179 0 
1 824.67 0.31859 0.0224356 0.670745 -0.769397 -0.704328 -1.42526 -3.91952 -819.325 0 
1 824.346 0.321713 0.0224616 0.669587 -0.763703 -0.73934 -1.07777 -3.82333 -819.445 0 
2 824.259 0.325614 0.0223072 0.664452 -0.747628 -0.736162 -0.304711 -3.76981 -820.185 0 
2 824.996 0.320054 0.0223561 0.669894 -0.753261 -0.754173 -1.52402 -3.90412 -819.568 0 
1 824.294 0.323426 0.022295 0.66769 -0.765003 -0.737117 -0.969426 -3.82469 -819.5 0 
4 824.103 0.315645 0.0223349 0.674697 -0.774045 -0.757592 -0.785231 -4.23288 -819.085 0 
2 825.778 0.311828 0.0224855 0.67775 -0.757668 -0.786531 -1.56658 -5.05008 -819.162 0 
1 824.379 0.31521 0.0223496 0.672055 -0.751615 -0.735094 -0.41958 -4.48693 -819.473 0 
1 826.197 0.309647 0.0223077 0.679367 -0.775773 -0.768348 -1.86603 -5.22079 -819.11 0 
2 826.053 0.311761 0.0224287 0.673847 -0.738387 -0.745312 -0.886841 -5.54929 -819.617 0 
1 826.506 0.318219 0.0225232 0.668074 -0.720284 -0.749836 -1.20499 -4.65229 -820.649 0 
2 826.616 0.317986 0.022522 0.668382 -0.718819 -0.763249 -1.33321 -4.68162 -820.601 0 
2 824.88 0.319431 0.022363 0.670685 -0.755688 -0.757927 -1.47625 -3.93904 -819.465 0 
3 823.894 0.316952 0.0223157 0.672887 -0.774416 -0.726307 -0.692275 -4.05458 -819.147 0 
1 823.581 0.32327 0.0222709 0.667251 -0.780021 -0.684165 -0.291407 -3.93447 -819.355 0 
2 824.787 0.322279 0.0223849 0.670963 -0.793245 -0.715669 -1.56026 -4.17453 -819.052 0 
4 828.067 0.327609 0.0223909 0.661982 -0.76451 -0.641968 -3.66676 -4.10544 -820.295 0 
3 826.529 0.327495 0.0224083 0.662806 -0.783808 -0.581882 -2.17088 -4.39203 -819.966 0 
3 825.582 0.330182 0.0222849 0.661757 -0.79548 -0.585484 -0.801599 -5.01638 -819.764 0 
6 824.23 0.322167 0.022351 0.670294 -0.811202 -0.62181 -0.909489 -4.2607 -819.06 0 
8 824.706 0.317353 0.0223142 0.67314 -0.814899 -0.62691 -1.52746 -4.13088 -819.048 0 
3 824.129 0.311189 0.0223508 0.679584 -0.81059 -0.685082 -0.344922 -4.55023 -819.233 0 
5 824.369 0.313409 0.0224969 0.677007 -0.790983 -0.677477 -1.01852 -4.2857 -819.065 0 
7 824.242 0.321108 0.0224488 0.667329 -0.755488 -0.675878 -0.408781 -3.88932 -819.944 0 
10 824.92 0.325733 0.0223886 0.662796 -0.741545 -0.67619 -0.110585 -3.93128 -820.878 0 
4 824.275 0.321689 0.0224462 0.668033 -0.75051 -0.721622 -0.541585 -3.83666 -819.897 0 
1 823.646 0.31872 0.0223406 0.671388 -0.782179 -0.678361 -0.553328 -3.90425 -819.189 0 
4 824.639 0.32074 0.0223647 0.671149 -0.789658 -0.682542 -1.57132 -3.94127 -819.126 0 
2 824.916 0.316797 0.0225405 0.674004 -0.775748 -0.700199 -1.69715 -4.03677 -819.182 0 
5 825.256 0.313249 0.0225812 0.676199 -0.765207 -0.72274 -1.45608 -4.59659 -819.204 0 
1 824.774 0.321063 0.0224829 0.669957 -0.768369 -0.697134 -1.47604 -3.82699 -819.471 0 
3 823.93 0.3206 0.0223912 0.66941 -0.765336 -0.701655 -0.58489 -3.84069 -819.505 0 
2 825.552 0.322376 0.0223158 0.664721 -0.74818 -0.684621 -1.43673 -3.86953 -820.246 0 
2 825.508 0.308255 0.0223538 0.678603 -0.766487 -0.74516 -0.710818 -5.66774 -819.129 0 
6 824.63 0.319834 0.0223377 0.667012 -0.745613 -0.696766 -0.493192 -4.05233 -820.084 0 
2 826.381 0.317615 0.0224453 0.669214 -0.736945 -0.702712 -1.60794 -4.55608 -820.217 0 
5 825.002 0.313439 0.0225232 0.675161 -0.775054 -0.654421 -1.31747 -4.46035 -819.224 0 
3 825.914 0.316802 0.0225975 0.673088 -0.78424 -0.606861 -2.58345 -4.03116 -819.299 0 
1 826.78 0.324868 0.0225897 0.664494 -0.754889 -0.628055 -2.23516 -3.9872 -820.558 0 
6 826.026 0.326365 0.0225076 0.665577 -0.783099 -0.614071 -2.0971 -4.19 -819.739 0 
1 826.258 0.320862 0.0226281 0.668093 -0.774571 -0.574668 -2.38129 -4.0132 -819.863 0 
1 824.146 0.312174 0.0224144 0.674524 -0.793347 -0.567942 -0.551995 -4.42892 -819.165 0 
5 825.688 0.311411 0.0224752 0.673619 -0.767516 -0.607169 -1.18729 -5.06846 -819.432 0 
3 826.13 0.311862 0.0226263 0.674966 -0.759364 -0.653894 -1.57576 -5.09356 -819.46 0 
7 827.792 0.325616 0.0226044 0.661954 -0.726513 -0.652496 -1.64773 -4.26429 -821.88 0 
1 827.006 0.317756 0.0225192 0.666874 -0.734512 -0.628323 -1.2009 -4.95073 -820.855 0 
1 826.955 0.320092 0.0225179 0.664912 -0.736771 -0.615543 -1.2818 -4.60881 -821.065 0 
2 827.221 0.314726 0.0225284 0.676329 -0.78075 -0.697044 -3.89325 -4.2256 -819.102 0 
3 824.883 0.315332 0.0225614 0.673102 -0.757057 -0.699107 -0.987953 -4.41127 -819.484 0 
10 826.781 0.308626 0.0226209 0.679191 -0.751436 -0.75563 -1.54049 -5.99776 -819.243 0 
3 826.03 0.316332 0.0226114 0.673618 -0.746756 -0.774544 -2.1834 -4.35922 -819.487 0 
6 825.951 0.312059 0.0225345 0.676764 -0.753749 -0.756922 -1.61088 -5.07079 -819.27 0 
7 826.116 0.318692 0.0225815 0.671976 -0.747452 -0.766387 -2.44912 -4.06081 -819.606 0 
1 825.37 0.323871 0.0224918 0.666882 -0.739051 -0.78542 -1.54822 -3.73975 -820.082 0 
3 825.236 0.330108 0.0223221 0.662033 -0.729691 -0.83913 -0.799083 -3.83576 -820.601 0 
1 826.212 0.322467 0.0224165 0.670864 -0.741954 -0.894544 -2.82473 -3.97604 -819.412 0 
2 824.04 0.322896 0.0223474 0.668622 -0.73604 -0.871858 -0.506039 -3.85896 -819.675 0 
1 824.249 0.317835 0.0223597 0.674088 -0.743276 -0.9268 -0.580438 -4.48854 -819.18 0 
2 825.767 0.321121 0.0223498 0.668632 -0.728165 -0.884588 -2.01448 -3.99463 -819.758 0 
1 825.584 0.30954 0.022321 0.680243 -0.74671 -0.948871 -0.227851 -6.17431 -819.182 0 
7 824.675 0.315951 0.0223422 0.675717 -0.739142 -0.975483 -0.562982 -4.96935 -819.143 0 
5 825.201 0.315705 0.0222995 0.676849 -0.73491 -1.03342 -0.76077 -5.30145 -819.138 0 
2 824.908 0.316028 0.0222362 0.676508 -0.750525 -0.990127 -0.705265 -5.12026 -819.083 0 
4 824.72 0.323018 0.0221736 0.669666 -0.745974 -0.953015 -1.1805 -4.35707 -819.182 0 
4 826.597 0.326206 0.0220594 0.668273 -0.761008 -0.961483 -2.59283 -4.98351 -819.021 0 
1 825.229 0.323785 0.0221879 0.667877 -0.731016 -0.96397 -1.61475 -4.13694 -819.478 0 
1 825.512 0.319983 0.0220734 0.670866 -0.744812 -0.945174 -1.95434 -4.39968 -819.158 0 
1 825.501 0.316217 0.0221265 0.675598 -0.761007 -0.944097 -1.52071 -4.91945 -819.061 0 
3 825.95 0.319272 0.0220879 0.670786 -0.738191 -0.954525 -2.27777 -4.44833 -819.224 0 
1 826.239 0.310811 0.0222099 0.678551 -0.737645 -0.990116 -0.942852 -6.11407 -819.182 0 
2 826.286 0.3119 0.0222091 0.680456 -0.761446 -0.988624 -1.18488 -5.84007 -819.261 0 
3 825.084 0.320481 0.0222921 0.670438 -0.721032 -0.983873 -1.21879 -4.34295 -819.523 0 
2 825.141 0.320126 0.0222093 0.670461 -0.718465 -1.00913 -1.17694 -4.47814 -819.486 0 
1 825.741 0.319251 0.0222171 0.673213 -0.735897 -1.03646 -1.68872 -4.92783 -819.124 0 
1 825.68 0.326689 0.0221981 0.66729 -0.725332 -1.03833 -1.78168 -4.43113 -819.468 0 
1 824.717 0.315857 0.0222956 0.675676 -0.732281 -1.01252 -0.388376 -5.1579 -819.171 0 
1 826.586 0.322537 0.0222661 0.672712 -0.747046 -1.02263 -2.70278 -4.83504 -819.049 0 
3 825.458 0.324823 0.0222618 0.66856 -0.737067 -0.974121 -1.817 -4.2988 -819.343 0 
4 826.404 0.328714 0.0221317 0.664938 -0.738898 -0.968022 -2.43393 -4.49344 -819.477 0 
7 824.994 0.323316 0.02217 0.669765 -0.73475 -0.99907 -1.35564 -4.36759 -819.271 0 
2 824.625 0.316024 0.0222693 0.674077 -0.720575 -0.996025 -0.19525 -5.06714 -819.362 0 
1 825.115 0.317017 0.022207 0.674873 -0.735485 -1.01149 -0.99965 -4.96972 -819.145 0 
3 825.104 0.315602 0.0223023 0.676121 -0.733269 -1.02397 -0.674213 -5.27544 -819.154 0 
4 825.699 0.319726 0.0222637 0.67325 -0.726967 -1.07075 -1.54216 -4.97378 -819.183 0 
1 827.221 0.32317 0.0223622 0.672299 -0.730723 -1.06472 -3.29959 -4.73593 -819.186 0 
8 826.706 0.309661 0.0224154 0.682754 -0.755345 -0.996917 -1.02177 -6.36943 -819.314 0 
2 826.62 0.318431 0.02245 0.674378 -0.740907 -0.962067 -2.86103 -4.59976 -819.159 0 
5 824.681 0.322955 0.0222994 0.669999 -0.724707 -0.998307 -0.991498 -4.2123 -819.477 0 
1 825.281 0.318647 0.0223669 0.673106 -0.714576 -1.01042 -1.0878 -4.67009 -819.523 0 
1 826.307 0.325502 0.0223031 0.666455 -0.691545 -1.0304 -1.80928 -3.89704 -820.601 0 
15 826.172 0.332473 0.0221648 0.660145 -0.691125 -1.02483 -1.14182 -3.7466 -821.283 0 
2 826.072 0.329411 0.0221946 0.661735 -0.687623 -1.02738 -1.23543 -3.68813 -821.148 0 
2 825.679 0.324015 0.0223601 0.666236 -0.678844 -1.04622 -0.584936 -4.13176 -820.962 0 
2 825.557 0.324408 0.0223473 0.666123 -0.693254 -1.00333 -0.9914 -3.94782 -820.618 0 
2 825.314 0.328183 0.0222882 0.664602 -0.700416 -1.02648 -1.02259 -3.84147 -820.45 0 
4 825.385 0.31855 0.0223959 0.673482 -0.712526 -1.02662 -1.11724 -4.75116 -819.516 0 
11 825.895 0.322457 0.0224063 0.670945 -0.715156 -1.02217 -2.03178 -4.24844 -819.615 0 
3 827.843 0.32069 0.0225422 0.669774 -0.688398 -1.01296 -2.83751 -4.51852 -820.487 0 
3 829.728 0.315689 0.0225805 0.672217 -0.67829 -1.00607 -3.1632 -5.95718 -820.608 0 
1 827.741 0.313801 0.022496 0.672824 -0.689981 -0.944904 -1.13966 -6.24401 -820.357 0 
3 826.944 0.312786 0.022558 0.676417 -0.703159 -0.976622 -1.07527 -6.15332 -819.715 0 
1 827.115 0.314517 0.0225678 0.674992 -0.698305 -0.976968 -1.39727 -5.78365 -819.934 0 
3 828.136 0.314847 0.0225909 0.674754 -0.684879 -1.02058 -1.84638 -6.08364 -820.206 0 
2 827.905 0.316645 0.0225335 0.673839 -0.6866 -1.03599 -2.20466 -5.53334 -820.167 0 
13 827.275 0.325148 0.0225023 0.66443 -0.667385 -0.998151 -1.04235 -4.12285 -822.11 0 
6 827.415 0.316622 0.0224996 0.671307 -0.670072 -1.02225 -0.45886 -6.00641 -820.95 0 
5 827.438 0.313594 0.0224711 0.674576 -0.687049 -1.03262 -1.06719 -6.36433 -820.006 0 
1 827.005 0.309093 0.0224098 0.679297 -0.714737 -1.00046 -0.585019 -7.07406 -819.346 0 
2 827.203 0.309184 0.0222041 0.679934 -0.740035 -0.996931 -1.40907 -6.57066 -819.224 0 
2 826.861 0.321115 0.0220176 0.668964 -0.72756 -0.990273 -3.13497 -4.35153 -819.375 0 
2 827.635 0.318328 0.0220291 0.671775 -0.71987 -1.03657 -3.47035 -4.83343 -819.331 0 
10 827.865 0.317551 0.0220036 0.671939 -0.724393 -1.02513 -3.6771 -4.92223 -819.266 0 
1 826.721 0.323029 0.0220348 0.66819 -0.728779 -1.01394 -2.98085 -4.40148 -819.339 0 
2 826.416 0.325889 0.0220553 0.667375 -0.736275 -1.02485 -2.52736 -4.64467 -819.244 0 
2 826.73 0.326946 0.0220549 0.666595 -0.735573 -1.02782 -2.75393 -4.69547 -819.281 0 
11 826.816 0.325959 0.0220274 0.668163 -0.754476 -0.989325 -2.81095 -4.95904 -819.046 0 
3 828.663 0.314952 0.0221085 0.678977 -0.763585 -1.03751 -3.60913 -5.79471 -819.259 0 
6 826.175 0.323426 0.0221564 0.67127 -0.743638 -1.04076 -2.21629 -4.8943 -819.065 0 
1 826.028 0.316849 0.0221723 0.673911 -0.73415 -1.01491 -1.8294 -5.04469 -819.154 0 
2 827.034 0.309658 0.0223626 0.679516 -0.715596 -1.04302 -0.74786 -6.98523 -819.301 0 
2 824.547 0.316016 0.0223569 0.675155 -0.731079 -0.977918 -0.357253 -4.95874 -819.231 0 
2 824.85 0.31625 0.0224406 0.675311 -0.736847 -0.929129 -0.894885 -4.71402 -819.241 0 
2 825.937 0.314802 0.0225194 0.677128 -0.741963 -0.917779 -1.85819 -4.90416 -819.174 0 
1 825.694 0.318993 0.022419 0.673888 -0.741929 -0.924901 -2.13415 -4.33676 -819.223 0 
8 825.003 0.323831 0.0223109 0.66831 -0.753894 -0.851067 -1.64085 -4.01537 -819.347 0 
2 824.776 0.323426 0.0223323 0.669815 -0.752926 -0.871821 -1.45558 -4.0344 -819.286 0 
7 825.463 0.323321 0.022365 0.670652 -0.760886 -0.862583 -2.15363 -4.14137 -819.168 0 
1 826.227 0.324814 0.0223197 0.670105 -0.757848 -0.910626 -2.71661 -4.3752 -819.136 0 
2 826.668 0.328971 0.022211 0.664624 -0.750892 -0.890611 -2.72793 -4.44898 -819.491 0 
7 825.206 0.32731 0.0221599 0.665629 -0.74256 -0.923188 -1.49639 -4.21433 -819.495 0 
10 824.183 0.319951 0.0222911 0.671595 -0.732017 -0.96154 -0.495115 -4.35668 -819.331 0 
6 823.884 0.320721 0.0222305 0.670519 -0.74423 -0.902536 -0.460438 -4.14183 -819.281 0 
4 824.282 0.32377 0.0221869 0.667611 -0.733839 -0.917795 -0.752723 -3.9467 -819.583 0 
1 824.844 0.31991 0.02227 0.671918 -0.73833 -0.928923 -1.30207 -4.24413 -819.298 0 
1 830.13 0.303498 0.0223012 0.686848 -0.756476 -0.968422 -2.46989 -8.07774 -819.583 0 
2 825.795 0.318087 0.0222025 0.669984 -0.724672 -0.904399 -1.74919 -4.41973 -819.626 0 
4 825.49 0.316807 0.0221017 0.673242 -0.749704 -0.92225 -1.75349 -4.63054 -819.106 0 
1 825.29 0.317129 0.0221421 0.673355 -0.744456 -0.932206 -1.54185 -4.59985 -819.148 0 
1 826.432 0.321356 0.0221801 0.672181 -0.74046 -1.00338 -2.74981 -4.54788 -819.134 0 
1 825.934 0.328222 0.0220855 0.665016 -0.73498 -0.977581 -2.0475 -4.36857 -819.518 0 
1 825.03 0.316357 0.0221509 0.675239 -0.758642 -0.948868 -1.0428 -4.9277 -819.06 0 
2 824.992 0.320088 0.022254 0.672752 -0.750096 -0.964083 -1.30625 -4.61314 -819.073 0 
5 825.545 0.313496 0.0221704 0.677972 -0.767645 -0.94203 -1.03112 -5.35136 -819.162 0 
7 825.724 0.320402 0.0220719 0.672327 -0.770914 -0.922087 -1.95557 -4.77592 -818.992 0 
2 825.998 0.310619 0.0221937 0.679725 -0.771794 -0.906265 -1.12976 -5.62095 -819.247 0 
1 828.105 0.306799 0.0222529 0.683153 -0.788563 -0.860905 -2.31582 -6.1803 -819.609 0 
2 827.343 0.311309 0.0222031 0.682594 -0.817275 -0.834938 -1.87806 -5.56521 -819.899 0 
6 825.618 0.30991 0.0223005 0.68201 -0.815388 -0.770277 -0.730168 -5.22263 -819.665 0 
8 825.814 0.309869 0.022357 0.682964 -0.813666 -0.790741 -0.769854 -5.33329 -819.71 0 
7 825.691 0.317269 0.0223309 0.67426 -0.789978 -0.769789 -2.34531 -4.3268 -819.018 0 
4 824.77 0.313601 0.0223153 0.677282 -0.78124 -0.81872 -0.959711 -4.7248 -819.085 0 
2 824.029 0.312394 0.0223836 0.67707 -0.766528 -0.798607 -0.118142 -4.8211 -819.09 0 
6 824.467 0.312536 0.0223715 0.677815 -0.759204 -0.870587 -0.298629 -5.07303 -819.096 0 
1 824.024 0.320553 0.0223569 0.670138 -0.731706 -0.895905 -0.373722 -4.06974 -819.581 0 
3 824.511 0.32477 0.0223124 0.668297 -0.749628 -0.873562 -1.09853 -4.01182 -819.4 0 
1 825.124 0.323084 0.0221779 0.670582 -0.773471 -0.864829 -1.65364 -4.45985 -819.01 0 
4 825.066 0.316426 0.0223037 0.676433 -0.767055 -0.895814 -1.35683 -4.66686 -819.042 0 
6 825.797 0.325729 0.0221992 0.666504 -0.763355 -0.831677 -2.28261 -4.22978 -819.285 0 
5 826.152 0.328801 0.0220639 0.664405 -0.767479 -0.827796 -2.25962 -4.56178 -819.331 0 
2 826.522 0.327351 0.0222003 0.667812 -0.780518 -0.832973 -2.62215 -4.85009 -819.05 0 
10 827.32 0.33294 0.0222075 0.662585 -0.758747 -0.862627 -2.6328 -5.0754 -819.611 0 
3 824.93 0.326595 0.0221854 0.666781 -0.75774 -0.866738 -1.36891 -4.24497 -819.316 0 
5 824.086 0.321982 0.0222353 0.670643 -0.769157 -0.842056 -0.797647 -4.21466 -819.073 0 
4 824.573 0.323282 0.022326 0.669399 -0.760339 -0.843025 -1.26814 -4.0783 -819.227 0 
1 824.526 0.320625 0.0223551 0.671465 -0.765547 -0.826886 -1.2971 -4.10598 -819.123 0 
1 824.985 0.312175 0.0223277 0.679235 -0.76175 -0.902035 -0.600152 -5.26772 -819.117 0 
4 824.693 0.316199 0.0224173 0.675909 -0.750548 -0.910477 -0.931437 -4.65284 -819.108 0 
5 825.025 0.315044 0.0223878 0.67741 -0.759632 -0.901816 -1.15807 -4.79806 -819.069 0 
5 824.984 0.324987 0.0223044 0.668163 -0.739599 -0.905544 -1.49824 -3.95063 -819.536 0 
2 827.887 0.327467 0.0222169 0.667437 -0.759286 -0.88076 -4.24646 -4.37056 -819.27 0 
4 825.837 0.327006 0.0223367 0.666006 -0.729114 -0.89527 -2.03297 -3.77685 -820.027 0 
4 827.713 0.334284 0.0222642 0.660708 -0.739863 -0.858208 -2.7674 -4.55475 -820.391 0 
3 827.484 0.334847 0.0222458 0.656861 -0.720655 -0.823741 -1.65323 -4.17388 -821.656 0 
1 828.473 0.338034 0.0222664 0.655639 -0.734345 -0.790526 -1.90001 -5.01412 -821.559 0 
1 827.08 0.330361 0.0223062 0.658 -0.715337 -0.754121 -1.08385 -3.8843 -822.111 0 
2 827.934 0.319469 0.0222804 0.667673 -0.720897 -0.794312 -3.14051 -4.37624 -820.417 0 
2 825.472 0.319409 0.0223569 0.667098 -0.725779 -0.751009 -0.623545 -4.35341 -820.495 0 
1 826.368 0.32205 0.0225559 0.666335 -0.737836 -0.707741 -1.93303 -3.94673 -820.488 0 
2 827.241 0.314879 0.022653 0.674799 -0.741197 -0.778216 -2.96032 -4.73129 -819.549 0 
9 826.682 0.312922 0.0226275 0.675636 -0.744601 -0.752073 -2.09983 -5.09676 -819.486 0 
6 826.334 0.305441 0.0225661 0.682834 -0.775976 -0.729252 -0.936847 -6.2297 -819.168 0 
4 826.637 0.307062 0.0224644 0.682439 -0.788381 -0.717951 -1.90937 -5.53388 -819.194 0 
1 826.079 0.311781 0.0224272 0.677008 -0.77608 -0.693632 -2.24557 -4.71369 -819.12 0 
6 823.563 0.314639 0.0223474 0.674764 -0.781374 -0.705784 -0.249268 -4.22832 -819.086 0 
1 824.504 0.325927 0.0223615 0.663705 -0.742049 -0.737947 -0.321298 -3.76243 -820.42 0 
5 824.525 0.322232 0.0224154 0.668414 -0.743926 -0.782308 -0.898693 -3.80093 -819.826 0 
1 825.371 0.320643 0.0224726 0.670111 -0.745717 -0.777788 -1.77184 -3.89615 -819.703 0 
3 825.491 0.314098 0.0225556 0.675487 -0.739621 -0.834226 -1.23461 -4.88542 -819.371 0 
1 826.343 0.317804 0.0225524 0.672563 -0.744754 -0.816704 -2.71848 -4.18466 -819.44 0 
1 826.325 0.310459 0.0225923 0.679803 -0.759996 -0.813071 -1.87449 -5.33111 -819.119 0 
1 826.351 0.311809 0.0225899 0.679246 -0.764529 -0.811845 -2.27074 -4.98448 -819.095 0 
8 824.797 0.317008 0.0225019 0.673237 -0.757299 -0.780127 -1.35614 -4.16596 -819.275 0 
3 824.541 0.31485 0.0225089 0.674678 -0.750937 -0.789139 -0.693116 -4.54378 -819.304 0 
1 824.683 0.313675 0.0224363 0.676055 -0.752457 -0.813296 -0.70891 -4.77305 -819.201 0 
6 823.892 0.318823 0.0224031 0.670349 -0.743478 -0.793673 -0.225064 -4.06284 -819.604 0 
4 824.063 0.313341 0.0224088 0.677572 -0.773357 -0.807099 -0.32945 -4.66795 -819.066 0 
2 824.773 0.323234 0.022335 0.668196 -0.764754 -0.778002 -1.50001 -3.93055 -819.343 0 
1 823.965 0.321536 0.0223272 0.669972 -0.762489 -0.807324 -0.756049 -3.97146 -819.238 0 
1 826.093 0.317871 0.0223582 0.670175 -0.751294 -0.765417 -2.53551 -4.0814 -819.476 0 
3 826.874 0.315213 0.0222472 0.672532 -0.764272 -0.770793 -3.38934 -4.32898 -819.155 0 
6 826.291 0.315752 0.0221863 0.675195 -0.782155 -0.784756 -2.932 -4.32397 -819.035 0 
1 824.455 0.317177 0.0221744 0.671571 -0.770997 -0.756711 -1.23192 -4.09004 -819.133 0 
1 824.141 0.313947 0.0222813 0.674434 -0.764363 -0.764869 -0.476845 -4.51676 -819.147 0 
7 824.367 0.320016 0.0221968 0.668361 -0.768291 -0.699366 -1.09171 -3.85579 -819.419 0 
3 824.901 0.310573 0.0222581 0.678657 -0.79554 -0.713368 -1.03127 -4.72945 -819.141 0 
2 824.169 0.310987 0.0222836 0.678517 -0.793827 -0.7269 -0.325049 -4.71172 -819.133 0 
1 824.861 0.307096 0.0224268 0.682775 -0.798185 -0.729651 -0.111168 -5.41048 -819.34 0 
6 824.707 0.307273 0.0224004 0.681283 -0.792064 -0.705398 -0.133484 -5.37237 -819.201 0 
1 825.589 0.310089 0.0221561 0.679467 -0.82013 -0.687472 -1.379 -4.75158 -819.458 0 
5 824.482 0.315638 0.0221883 0.673703 -0.816586 -0.623449 -1.27312 -4.13 -819.079 0 
1 824.674 0.310843 0.0222066 0.679356 -0.827697 -0.650142 -0.659916 -4.56102 -819.453 0 
3 825.015 0.313691 0.0222202 0.676756 -0.811302 -0.670254 -1.6098 -4.27636 -819.129 0 
2 826.65 0.310319 0.0220869 0.679552 -0.831538 -0.672889 -2.21489 -4.77822 -819.657 0 
1 825.414 0.317031 0.0221633 0.671453 -0.79796 -0.65914 -2.34438 -4.01755 -819.052 0 
2 824.579 0.315075 0.0223425 0.672094 -0.775174 -0.663837 -1.157 -4.18432 -819.238 0 
3 825.141 0.321081 0.0221954 0.666208 -0.767101 -0.66052 -1.63294 -3.84495 -819.663 0 
4 824.545 0.324509 0.0223212 0.663615 -0.754824 -0.659119 -0.350198 -3.87919 -820.315 0 
4 823.693 0.322172 0.0223463 0.666448 -0.771614 -0.63305 -0.0935774 -3.87065 -819.728 0 
5 823.693 0.31995 0.0223118 0.668102 -0.77253 -0.638804 -0.244324 -3.89075 -819.558 0 
5 824.081 0.318156 0.0224569 0.668806 -0.783856 -0.542236 -0.373245 -4.10118 -819.606 0 
1 824.166 0.323117 0.0223589 0.664786 -0.781034 -0.554617 -0.173962 -4.07756 -819.914 0 
1 824.58 0.327185 0.0223806 0.663298 -0.781345 -0.584997 -0.267982 -4.30439 -820.008 0 
6 824.704 0.32639 0.0224086 0.66321 -0.763024 -0.620127 -0.244124 -4.05762 -820.402 0 
1 826.641 0.320529 0.0225477 0.670885 -0.780083 -0.644483 -3.39114 -3.86291 -819.387 0 
5 827.151 0.315598 0.0226667 0.674787 -0.773719 -0.664709 -3.69873 -4.17965 -819.273 0 
1 827.15 0.320431 0.0226355 0.671215 -0.775157 -0.674451 -3.926 -3.84621 -819.378 0 
6 827.288 0.316397 0.0225679 0.675827 -0.795827 -0.659311 -4.21578 -4.01194 -819.06 0 
3 825.524 0.310065 0.0224976 0.677708 -0.782237 -0.637964 -1.45266 -4.94034 -819.131 0 
4 827.146 0.308322 0.0226663 0.678222 -0.765176 -0.649748 -2.09935 -5.78184 -819.265 0 
2 826.211 0.313561 0.0225865 0.674785 -0.760685 -0.678963 -2.09969 -4.70387 -819.408 0 
3 824.509 0.314505 0.0224594 0.672352 -0.759065 -0.677723 -0.503205 -4.52178 -819.484 0 
3 824.734 0.317529 0.0225509 0.672408 -0.767706 -0.69656 -1.37675 -4.01003 -819.347 0 
1 826.014 0.318437 0.0226122 0.671484 -0.763331 -0.671251 -2.42128 -4.01278 -819.58 0 
7 825.131 0.325572 0.0224423 0.662715 -0.742092 -0.657558 -0.14933 -3.99656 -820.985 0 
3 825.278 0.320641 0.0224623 0.668378 -0.750344 -0.693252 -1.32029 -3.96671 -819.991 0 
2 827.401 0.31052 0.0224533 0.68175 -0.800583 -0.742152 -3.3254 -4.82815 -819.248 0 
2 827.199 0.311378 0.0223406 0.681552 -0.806065 -0.775728 -2.90334 -4.91272 -819.383 0 
2 825.146 0.307218 0.0222978 0.683176 -0.808047 -0.749128 -0.124339 -5.43065 -819.591 0 
1 827.268 0.30375 0.0222265 0.685056 -0.801153 -0.769605 -1.14349 -6.37021 -819.754 0 
8 828.419 0.300031 0.0223599 0.690081 -0.797427 -0.831106 -0.216292 -7.90896 -820.294 0 
2 827.255 0.307725 0.0221664 0.683062 -0.802902 -0.808118 -1.9391 -5.64743 -819.668 0 
2 826.962 0.304937 0.0222811 0.686417 -0.799119 -0.866835 -0.228027 -6.65334 -820.08 0 
1 826.564 0.311224 0.0223579 0.682325 -0.798388 -0.873904 -1.4134 -5.57601 -819.574 0 
5 824.986 0.316054 0.0222843 0.675485 -0.770927 -0.870158 -1.29177 -4.65243 -819.042 0 
1 828.008 0.322221 0.0221146 0.667995 -0.758293 -0.854151 -4.67557 -4.1298 -819.203 0 
3 825.547 0.315179 0.0222821 0.677238 -0.775079 -0.903781 -1.43665 -5.00777 -819.103 0 
5 826.855 0.324269 0.0223257 0.670068 -0.766056 -0.891271 -3.24765 -4.55174 -819.056 0 
7 824.325 0.320569 0.0222951 0.672018 -0.75267 -0.914097 -0.883658 -4.32025 -819.121 0 
4 825.108 0.322618 0.0222959 0.671189 -0.762465 -0.901172 -1.62851 -4.42248 -819.057 0 
4 825.961 0.317724 0.0223333 0.676284 -0.763874 -0.932902 -2.18731 -4.74047 -819.033 0 
1 824.24 0.313825 0.022318 0.67768 -0.767864 -0.872426 -0.297229 -4.8665 -819.076 0 
14 824.349 0.320088 0.0223847 0.672414 -0.75516 -0.868636 -1.03445 -4.14717 -819.168 0 
1 825.008 0.312947 0.0224458 0.678363 -0.760829 -0.875126 -0.905871 -5.01336 -819.089 0 
16 825.275 0.326749 0.0223679 0.666182 -0.745805 -0.848118 -1.63747 -3.93209 -819.706 0 
2 824.8 0.326904 0.0223019 0.665544 -0.742596 -0.860233 -1.12442 -3.92153 -819.754 0 
1 825.271 0.324163 0.0224415 0.667723 -0.718745 -0.906767 -1.3232 -3.79789 -820.15 0 
2 825.011 0.321918 0.0224299 0.669657 -0.722776 -0.908218 -1.18205 -3.96905 -819.859 0 
5 824.537 0.318211 0.0224203 0.671493 -0.726367 -0.868111 -0.436943 -4.36406 -819.736 0 
1 825.23 0.325485 0.0224169 0.664253 -0.701482 -0.880092 -0.223018 -3.78001 -821.227 0 
1 825.833 0.331479 0.0223173 0.660267 -0.703787 -0.895066 -0.588443 -3.65367 -821.591 0 
4 826.303 0.330936 0.0221125 0.660188 -0.71432 -0.897776 -1.60857 -3.73595 -820.959 0 
2 826.033 0.328433 0.0222673 0.664786 -0.714719 -0.965045 -1.96955 -3.79931 -820.264 0 
6 826.283 0.325501 0.0221165 0.666261 -0.730841 -0.925278 -2.67603 -3.8832 -819.724 0 
1 826.849 0.329601 0.0222217 0.660006 -0.696758 -0.918143 -1.67237 -3.59588 -821.581 0 
1 825.513 0.328204 0.0222351 0.661569 -0.697034 -0.927314 -0.550117 -3.6206 -821.343 0 
5 825.917 0.32381 0.0222475 0.665276 -0.684785 -0.986154 -0.746682 -4.07692 -821.094 0 
2 824.517 0.322203 0.022286 0.668031 -0.708322 -0.954468 -0.321339 -4.05629 -820.14 0 
1 825.564 0.313839 0.0224881 0.676595 -0.72183 -0.963521 -0.758379 -5.43797 -819.367 0 
10 825.149 0.321421 0.0224235 0.667984 -0.696652 -0.947567 -0.288887 -4.25724 -820.603 0 
2 825.834 0.329313 0.0223325 0.661696 -0.695413 -0.944552 -0.83399 -3.60183 -821.398 0 
3 825.36 0.327156 0.0223795 0.664416 -0.701487 -0.955756 -0.875031 -3.6873 -820.798 0 
1 825.277 0.328865 0.0223226 0.662949 -0.699831 -0.963142 -0.650709 -3.65038 -820.976 0 
2 824.498 0.324743 0.0222915 0.666945 -0.720476 -0.949662 -0.711271 -3.89327 -819.893 0 
1 824.326 0.318171 0.0222448 0.672726 -0.726704 -0.983346 -0.360783 -4.63531 -819.33 0 
1 825.086 0.324347 0.0222195 0.665569 -0.705533 -0.965126 -0.877646 -3.87494 -820.334 0 
4 824.894 0.318448 0.0223424 0.671864 -0.71109 -1.00212 -0.570132 -4.69208 -819.632 0 
6 825.354 0.314693 0.0222479 0.676816 -0.721215 -1.07834 -0.407337 -5.72702 -819.219 0 
2 825.7 0.319933 0.0222361 0.673987 -0.732326 -1.07103 -1.57848 -4.99536 -819.126 0 
4 825.561 0.320661 0.022228 0.672365 -0.72749 -1.06882 -1.48866 -4.88382 -819.189 0 
3 825.642 0.317065 0.0221251 0.675459 -0.750959 -1.01951 -1.3273 -5.23656 -819.078 0 
1 826.549 0.308035 0.0222559 0.683028 -0.752336 -1.01261 -0.257215 -6.89271 -819.399 0 
1 826.908 0.316615 0.0222432 0.67787 -0.766786 -0.986363 -2.51668 -5.27413 -819.118 0 
8 825.734 0.323834 0.022243 0.669699 -0.749453 -0.954432 -2.11002 -4.48076 -819.143 0 
2 826.485 0.325004 0.0222683 0.66946 -0.746766 -0.98228 -2.70733 -4.62994 -819.147 0 
3 825.883 0.316729 0.0223085 0.677281 -0.761051 -0.992307 -1.54027 -5.25505 -819.088 0 
1 826.332 0.317389 0.022258 0.677006 -0.759613 -1.00205 -2.05823 -5.19891 -819.075 0 
1 826.836 0.319596 0.0221161 0.671499 -0.750168 -0.953583 -3.15122 -4.60354 -819.081 0 
5 826.792 0.322712 0.0220351 0.667577 -0.743006 -0.919654 -3.33342 -4.14255 -819.316 0 
5 825.685 0.320978 0.0220655 0.671172 -0.755594 -0.954515 -2.02522 -4.61928 -819.041 0 
2 825.019 0.316734 0.0221583 0.675184 -0.751809 -0.97859 -0.966935 -4.98321 -819.069 0 
2 824.68 0.320136 0.0221478 0.671167 -0.737128 -0.969776 -1.03137 -4.42321 -819.225 0 
1 824.469 0.321592 0.022187 0.670382 -0.73528 -0.977504 -0.853251 -4.34375 -819.272 0 
2 824.932 0.316498 0.0223073 0.675502 -0.739487 -0.99739 -0.791644 -5.01691 -819.123 0 
4 825.487 0.321399 0.0222345 0.67253 -0.744874 -1.01967 -1.58537 -4.83509 -819.067 0 
6 827.037 0.31499 0.0222567 0.675075 -0.727976 -1.01434 -2.4895 -5.33764 -819.209 0 
2 826.586 0.315998 0.0223332 0.675386 -0.721421 -1.0568 -1.97673 -5.3689 -819.24 0 
4 826.727 0.321859 0.0221977 0.670264 -0.730181 -1.02469 -2.89701 -4.57642 -819.254 0 
11 826.089 0.329536 0.0221516 0.664587 -0.719846 -1.03832 -1.94801 -4.38174 -819.759 0 
1 826.316 0.331026 0.0220906 0.662442 -0.722512 -0.99248 -2.03754 -4.2838 -819.995 0 
1 826.172 0.327238 0.0222571 0.667233 -0.733663 -1.00122 -2.31253 -4.44072 -819.419 0 
1 825.331 0.315861 0.0224074 0.676071 -0.735865 -0.983126 -1.15001 -5.01523 -819.166 0 
2 825.346 0.315378 0.0222814 0.675064 -0.725736 -1.01278 -0.8571 -5.24881 -819.24 0 
4 825.55 0.311752 0.0223614 0.680466 -0.750928 -0.991331 -0.511495 -5.85276 -819.186 0 
5 825.563 0.323184 0.0222241 0.667857 -0.710027 -1.02067 -1.58509 -4.17293 -819.805 0 
5 824.434 0.320057 0.0222453 0.671138 -0.714693 -1.02118 -0.388633 -4.51039 -819.535 0 
6 825.148 0.316577 0.022408 0.675166 -0.722151 -1.01497 -0.809133 -5.03382 -819.305 0 
1 824.826 0.320466 0.0222426 0.672719 -0.735738 -1.02036 -0.999762 -4.67052 -819.156 0 
2 825.311 0.323001 0.0222292 0.670126 -0.721893 -1.02993 -1.54999 -4.32169 -819.439 0 
6 824.912 0.317962 0.0222609 0.674293 -0.722481 -1.06732 -0.594277 -5.08914 -819.229 0 
5 825.607 0.316615 0.0223281 0.674072 -0.710973 -1.05339 -0.955635 -5.23142 -819.42 0 
5 824.765 0.317966 0.0222778 0.672486 -0.70855 -1.03998 -0.294188 -4.92171 -819.549 0 
2 825.442 0.311332 0.0223459 0.680062 -0.744075 -0.997412 -0.276015 -5.98723 -819.179 0 
5 826.641 0.323857 0.0222856 0.669082 -0.738307 -0.968034 -3.02104 -4.31664 -819.304 0 
4 826.904 0.327436 0.0221619 0.668237 -0.75886 -0.96391 -2.84233 -5.00033 -819.061 0 
2 825.934 0.324144 0.0221609 0.670471 -0.755345 -0.976245 -2.1479 -4.74976 -819.036 0 
5 826.391 0.326742 0.0221818 0.668522 -0.749461 -0.996667 -2.39993 -4.87962 -819.111 0 
1 825.352 0.321164 0.0221604 0.671425 -0.73986 -1.01254 -1.5381 -4.68905 -819.125 0 
1 825.947 0.318191 0.0222681 0.67345 -0.719536 -1.06557 -1.62497 -5.04661 -819.276 0 
4 825.567 0.321398 0.022276 0.672791 -0.731847 -1.05843 -1.60974 -4.80086 -819.157 0 
1 826.792 0.314904 0.0224359 0.676302 -0.718959 -1.03475 -2.02615 -5.47209 -819.294 0 
3 826.005 0.313128 0.0223737 0.679581 -0.73439 -1.05161 -0.926544 -5.90409 -819.175 0 
3 826.554 0.310744 0.0224362 0.680786 -0.722296 -1.05667 -0.70246 -6.60571 -819.246 0 
3 826.469 0.32404 0.0222601 0.667344 -0.715492 -0.997865 -2.6045 -4.0815 -819.783 0 
6 825.127 0.322537 0.0222509 0.670863 -0.72354 -1.04107 -1.3231 -4.44864 -819.355 0 
1 825.115 0.318283 0.0222885 0.674419 -0.732979 -1.01162 -1.15514 -4.77956 -819.18 0 
3 825.494 0.31814 0.0222297 0.674745 -0.734567 -1.03435 -1.41097 -4.94769 -819.135 0 
7 825.561 0.31718 0.0221237 0.674568 -0.736206 -1.04071 -1.28774 -5.15395 -819.12 0 
2 825.793 0.327234 0.0220941 0.665767 -0.715331 -1.04702 -1.8489 -4.2096 -819.735 0 
2 826.781 0.319098 0.0220784 0.670174 -0.711512 -1.03129 -2.54339 -4.69332 -819.544 0 
1 826.576 0.314869 0.0221231 0.675136 -0.723946 -1.05649 -1.78652 -5.57935 -819.21 0 
2 825.097 0.3177 0.0221918 0.674282 -0.725003 -1.06473 -0.773992 -5.1234 -819.199 0 
1 825.607 0.314473 0.0222813 0.677951 -0.738513 -1.02927 -0.967891 -5.50288 -819.137 0 
1 825.855 0.311333 0.0222191 0.679672 -0.742331 -1.01938 -0.54388 -6.11308 -819.198 0 
1 828.366 0.305586 0.0223514 0.686266 -0.764627 -1.01321 -0.995174 -7.57892 -819.792 0 
2 828.593 0.315534 0.022261 0.675556 -0.759087 -0.93612 -4.52556 -4.99873 -819.068 0 
1 827.132 0.312279 0.0222522 0.679421 -0.767498 -0.959174 -2.20278 -5.68449 -819.244 0 
4 826.815 0.322499 0.0220174 0.671162 -0.77413 -0.939284 -2.79338 -5.0557 -818.966 0 
1 828.469 0.319067 0.0220872 0.675145 -0.79026 -0.888084 -4.42502 -4.97135 -819.072 0 
6 825.064 0.321807 0.022246 0.670873 -0.759779 -0.900143 -1.61561 -4.37067 -819.078 0 
3 825.073 0.320209 0.0222053 0.673545 -0.772326 -0.908593 -1.39675 -4.68373 -818.993 0 
10 825.062 0.324632 0.0221286 0.668454 -0.765501 -0.869778 -1.59739 -4.35254 -819.112 0 
2 824.093 0.320891 0.0221979 0.670933 -0.752419 -0.900063 -0.718236 -4.21822 -819.157 0 
2 824.962 0.323595 0.02228 0.670072 -0.746907 -0.931694 -1.51465 -4.2139 -819.234 0 
1 825.509 0.320405 0.0223307 0.673167 -0.748454 -0.940292 -2.01678 -4.36605 -819.126 0 
8 825.136 0.322937 0.0221872 0.667332 -0.738814 -0.883861 -1.65418 -3.93295 -819.549 0 
1 825.34 0.323418 0.0222278 0.667567 -0.746652 -0.867921 -1.93491 -3.97017 -819.435 0 
9 825.48 0.32509 0.0221966 0.667264 -0.745379 -0.916863 -1.94126 -4.18131 -819.358 0 
1 825.093 0.32261 0.0220964 0.669492 -0.751786 -0.930683 -1.61325 -4.34504 -819.135 0 
1 825.701 0.317153 0.0220919 0.672394 -0.751865 -0.895564 -2.09754 -4.48413 -819.119 0 
13 824.897 0.31566 0.0221579 0.67426 -0.754762 -0.886452 -1.16728 -4.6334 -819.096 0 
5 824.874 0.31702 0.022189 0.671565 -0.740094 -0.863139 -1.10894 -4.40102 -819.364 0 
2 825.769 0.316498 0.0221081 0.673267 -0.762151 -0.846627 -2.29611 -4.39155 -819.081 0 
1 828.066 0.322301 0.0220194 0.670264 -0.785176 -0.814275 -4.67753 -4.40343 -818.985 0 
1 827.106 0.320231 0.0220854 0.672497 -0.792367 -0.799 -3.69116 -4.42764 -818.987 0 
4 828.254 0.321037 0.0220725 0.670314 -0.772815 -0.802233 -5.11793 -4.0474 -819.089 0 
5 825.633 0.327872 0.0220742 0.663849 -0.756828 -0.816397 -1.92003 -4.11602 -819.597 0 
6 825.259 0.328101 0.0222676 0.663692 -0.746769 -0.815715 -1.38046 -3.9538 -819.925 0 
1 825.657 0.327005 0.02208 0.664107 -0.759601 -0.804245 -2.03206 -4.09517 -819.53 0 
2 825.708 0.324402 0.0220502 0.666106 -0.755072 -0.833891 -2.34511 -3.95849 -819.404 0 
1 825.112 0.324756 0.022104 0.66614 -0.756916 -0.82965 -1.7208 -3.9996 -819.392 0 
2 825.772 0.332098 0.022171 0.660703 -0.731813 -0.878016 -1.22131 -4.13973 -820.411 0 
3 825.409 0.328937 0.0222508 0.664401 -0.729473 -0.916688 -1.46092 -3.92325 -820.025 0 
4 826.352 0.332418 0.0221869 0.660184 -0.706954 -0.969295 -1.54266 -3.89809 -820.911 0 
8 826.023 0.329965 0.0221136 0.663866 -0.73035 -0.97389 -1.96502 -4.29688 -819.761 0 
2 824.694 0.322822 0.0222074 0.670049 -0.734277 -0.985581 -1.09765 -4.29411 -819.303 0 
2 826.022 0.326701 0.022114 0.663062 -0.710555 -0.936496 -1.81932 -3.71828 -820.485 0 
1 827.181 0.331883 0.0220594 0.660863 -0.736616 -0.909758 -2.76274 -4.40707 -820.011 0 
2 824.777 0.327038 0.0221831 0.665713 -0.733377 -0.937294 -1.07152 -4.0294 -819.676 0 
3 824.227 0.321056 0.0221875 0.670669 -0.752441 -0.904522 -0.830485 -4.24631 -819.15 0 
6 825.823 0.307594 0.0223246 0.682715 -0.762228 -0.925056 -0.065635 -6.44246 -819.314 0 
2 825.2 0.312232 0.0224151 0.679501 -0.751282 -0.940535 -0.608952 -5.4652 -819.126 0 
4 825.601 0.318621 0.022345 0.675542 -0.761505 -0.948355 -1.80286 -4.77187 -819.026 0 
1 825.45 0.323309 0.0222507 0.668066 -0.725084 -0.965266 -1.76292 -4.08055 -819.606 0 
2 824.278 0.320226 0.0223564 0.671704 -0.732336 -0.946893 -0.637632 -4.26552 -819.375 0 
1 824.533 0.312934 0.02229 0.677043 -0.746522 -0.921725 -0.147265 -5.25671 -819.129 0 
3 824.344 0.318095 0.0223161 0.671141 -0.733316 -0.879262 -0.529386 -4.31495 -819.5 0 
1 824.928 0.315874 0.0223346 0.672316 -0.728711 -0.877614 -0.671739 -4.72453 -819.532 0 
2 824.4 0.313646 0.0223267 0.675662 -0.747619 -0.874531 -0.295661 -4.94284 -819.162 0 
4 825.571 0.314604 0.0224733 0.675247 -0.733447 -0.902801 -1.29189 -4.95964 -819.32 0 
3 828.169 0.316255 0.02232 0.67252 -0.722233 -0.952267 -3.8558 -4.86237 -819.451 0 
2 828.038 0.305287 0.0224516 0.686145 -0.742042 -1.02881 -0.608923 -7.97478 -819.455 0 
1 825.528 0.316069 0.0223768 0.675459 -0.721069 -1.00324 -1.10812 -5.08151 -819.338 0 
6 825.688 0.314252 0.0224323 0.675683 -0.702121 -1.0298 -0.250152 -5.82351 -819.614 0 
3 825.407 0.319952 0.0224496 0.67074 -0.695196 -1.01187 -0.649628 -4.58429 -820.173 0 
3 825.509 0.314847 0.0223087 0.674996 -0.717691 -0.982009 -0.772323 -5.3132 -819.424 0 
1 824.985 0.316894 0.022345 0.673138 -0.712646 -0.976051 -0.447663 -4.91247 -819.625 0 
3 825.327 0.316963 0.0222309 0.675062 -0.753647 -0.926137 -1.61611 -4.63726 -819.074 0 
4 824.581 0.313808 0.0222938 0.678168 -0.770837 -0.885798 -0.530127 -4.95427 -819.096 0 
2 824.938 0.316712 0.0221608 0.674479 -0.771586 -0.877696 -1.25937 -4.64411 -819.034 0 
3 825.705 0.318019 0.0221708 0.673285 -0.770235 -0.878904 -2.11865 -4.56682 -819.02 0 
5 828.173 0.315429 0.0220807 0.676215 -0.790734 -0.882774 -3.77032 -5.18788 -819.214 0 
13 826.751 0.318064 0.02208 0.675633 -0.804116 -0.865585 -2.16242 -5.34864 -819.24 0 
3 827.477 0.317081 0.0220576 0.676817 -0.800385 -0.912907 -2.44529 -5.66399 -819.367 0 
3 828.511 0.317288 0.0219622 0.675403 -0.793564 -0.890513 -4.17471 -5.15207 -819.184 0 
6 825.681 0.318304 0.0220713 0.672285 -0.750824 -0.932222 -2.05295 -4.53566 -819.092 0 
3 825.381 0.32503 0.0221153 0.666126 -0.733864 -0.930756 -1.78879 -4.00414 -819.588 0 
1 824.651 0.319951 0.0221713 0.669358 -0.733981 -0.888875 -1.01633 -4.11183 -819.523 0 
6 824.563 0.321997 0.0222642 0.668307 -0.735929 -0.882749 -1.03112 -3.9453 -819.587 0 
1 824.233 0.321477 0.0222367 0.669196 -0.744248 -0.849549 -0.835031 -3.91775 -819.48 0 
5 824.417 0.323041 0.0224265 0.667778 -0.735397 -0.816412 -0.65737 -3.77941 -819.98 0 
9 824.954 0.319478 0.0224431 0.670702 -0.730244 -0.843456 -1.01913 -4.13604 -819.799 0 
3 825.508 0.314765 0.0225132 0.67327 -0.721039 -0.844517 -0.526376 -5.1523 -819.83 0 
1 825.777 0.315409 0.0225255 0.671948 -0.723166 -0.808632 -0.829972 -4.97443 -819.972 0 
4 827.631 0.305783 0.0223718 0.682298 -0.739393 -0.908305 -0.969793 -7.43521 -819.226 0 
9 825.727 0.310681 0.0224059 0.677719 -0.726639 -0.913374 -0.269045 -6.12492 -819.333 0 
2 827.227 0.315083 0.0224478 0.676326 -0.729952 -0.937758 -2.90712 -5.01004 -819.31 0 
2 827.335 0.312588 0.0225945 0.677959 -0.72995 -0.900768 -2.48329 -5.51025 -819.341 0 
1 827.49 0.315535 0.022632 0.675312 -0.722482 -0.909239 -2.98584 -4.94367 -819.56 0 
5 827.203 0.32389 0.0225732 0.66704 -0.714025 -0.867858 -2.83363 -3.80055 -820.569 0 
1 826.49 0.316055 0.0226175 0.673689 -0.730781 -0.828993 -2.15656 -4.66017 -819.674 0 
2 824.259 0.320102 0.0223868 0.671337 -0.7483 -0.837084 -0.889674 -3.99222 -819.377 0 
1 824.973 0.314653 0.022477 0.677395 -0.772752 -0.817485 -1.38861 -4.53204 -819.053 0 
2 825.114 0.321734 0.0224769 0.669703 -0.754113 -0.788696 -1.7863 -3.84423 -819.484 0 
1 825.717 0.318495 0.0225598 0.672718 -0.752956 -0.794972 -2.30664 -4.05064 -819.36 0 
3 824.469 0.315436 0.0224172 0.675474 -0.767159 -0.786032 -1.03117 -4.33319 -819.104 0 
10 825.119 0.311883 0.0225483 0.677104 -0.758237 -0.757804 -0.929349 -4.98799 -819.202 0 
1 824.725 0.323989 0.0222747 0.668041 -0.768251 -0.759002 -1.45098 -3.90985 -819.365 0 
5 825.241 0.325013 0.0221466 0.667038 -0.781313 -0.737249 -1.86597 -4.15579 -819.22 0 
2 823.613 0.323157 0.0223211 0.66796 -0.76989 -0.724739 -0.33513 -3.85767 -819.42 0 
1 824.902 0.329338 0.0223148 0.661295 -0.740151 -0.739331 -0.212643 -3.89717 -820.792 0 
4 825.681 0.326599 0.0223136 0.661313 -0.722074 -0.736854 -0.337802 -3.88711 -821.456 0 
3 827.057 0.33319 0.022251 0.656079 -0.727929 -0.709954 -0.674884 -4.2569 -822.125 0 
2 825.853 0.330876 0.0222026 0.659122 -0.743198 -0.727342 -0.885052 -4.08081 -820.888 0 
1 825.763 0.327041 0.0222873 0.661949 -0.735591 -0.755208 -1.33673 -3.75278 -820.674 0 
1 825.474 0.31264 0.022249 0.676022 -0.766098 -0.781302 -1.61446 -4.75674 -819.103 0 
3 826.457 0.320152 0.0221302 0.668841 -0.751412 -0.792586 -3.07269 -3.91859 -819.466 0 
1 826.622 0.320311 0.0221348 0.666624 -0.736015 -0.797381 -2.76588 -3.96577 -819.89 0 
3 824.836 0.319869 0.0223116 0.668338 -0.723974 -0.852899 -0.731237 -4.12488 -819.98 0 
1 826.311 0.309869 0.0222574 0.679674 -0.745591 -0.934271 -1.09974 -6.04686 -819.165 0 
3 826.725 0.315618 0.0222128 0.675846 -0.747496 -0.940446 -2.77281 -4.84595 -819.106 0 
5 823.957 0.321537 0.0222488 0.669931 -0.735186 -0.931016 -0.430944 -4.11891 -819.407 0 
2 824.885 0.325164 0.022258 0.664708 -0.711003 -0.916756 -0.662247 -3.74849 -820.474 0 
1 824.702 0.323942 0.0223404 0.665321 -0.707149 -0.891696 -0.145668 -3.83937 -820.717 0 
1 824.248 0.318545 0.0223792 0.670993 -0.719483 -0.911061 -0.0659478 -4.41406 -819.768 0 
1 823.98 0.316537 0.0223589 0.673307 -0.735003 -0.888687 -0.0363447 -4.56544 -819.378 0 
2 826.892 0.307554 0.0223678 0.680217 -0.732571 -0.909385 -0.66089 -6.98756 -819.243 0 
4 826.319 0.316301 0.0222204 0.673998 -0.739906 -0.910727 -2.4511 -4.63512 -819.233 0 
1 825.562 0.315558 0.0223617 0.672224 -0.705658 -0.943407 -0.384227 -5.27585 -819.902 0 
1 828.51 0.307241 0.0225498 0.680669 -0.703577 -0.99141 -0.817421 -8.18373 -819.509 0 
2 829.811 0.303945 0.0224366 0.682717 -0.709485 -0.996232 -1.00934 -9.40466 -819.397 0 
2 830.412 0.309299 0.0224284 0.675913 -0.680554 -1.00345 -2.00115 -8.26463 -820.146 0 
3 830.245 0.310383 0.0223397 0.674704 -0.677733 -1.01935 -2.09446 -7.92405 -820.226 0 
6 830.952 0.313297 0.0221922 0.671457 -0.679911 -1.00442 -3.83963 -6.722 -820.39 0 
1 829.924 0.309816 0.0222823 0.678392 -0.700519 -1.0383 -3.04161 -7.36797 -819.514 0 
3 832.43 0.31232 0.0223548 0.676155 -0.680968 -1.06065 -5.25457 -7.15271 -820.023 0 
3 830.488 0.317939 0.0223142 0.671216 -0.674606 -1.0601 -4.37387 -5.52175 -820.592 0 
3 826.658 0.325002 0.022337 0.663389 -0.659454 -1.02884 -0.0954551 -4.26036 -822.302 0 
1 826.968 0.32851 0.0221752 0.660488 -0.669269 -1.01846 -1.09803 -3.69257 -822.177 0 
5 825.668 0.321486 0.0222482 0.668 -0.684584 -1.03777 -0.640198 -4.47463 -820.553 0 
6 825.113 0.323319 0.0222731 0.667567 -0.697987 -1.00758 -0.741064 -4.06185 -820.31 0 
6 825.281 0.320971 0.022372 0.669594 -0.698801 -0.98987 -0.711594 -4.34717 -820.222 0 
3 827.883 0.316365 0.0225508 0.670646 -0.678833 -0.949271 -0.981101 -5.88046 -821.021 0 
5 826.557 0.312145 0.0224243 0.674971 -0.702081 -0.946695 -0.339783 -6.38185 -819.835 0 
1 827.044 0.314209 0.0224337 0.672113 -0.696157 -0.918185 -0.80957 -5.94272 -820.292 0 
2 826.372 0.314886 0.0223592 0.672826 -0.703075 -0.935885 -0.819129 -5.56554 -819.987 0 
4 826.119 0.315911 0.0223721 0.671516 -0.69587 -0.943665 -0.378047 -5.47276 -820.268 0 
1 826.009 0.322765 0.0223024 0.665875 -0.687288 -0.952387 -0.660869 -4.21698 -821.131 0 
1 825.98 0.328706 0.0221913 0.660708 -0.693387 -0.924308 -0.74697 -3.61107 -821.622 0 
4 824.964 0.3261 0.0221979 0.664778 -0.713009 -0.935006 -0.88305 -3.73593 -820.345 0 
6 824.779 0.328075 0.0222695 0.663869 -0.714336 -0.930195 -0.592505 -3.71266 -820.474 0 
11 825.385 0.328782 0.0221754 0.663996 -0.725305 -0.959373 -1.41269 -4.04396 -819.928 0 
6 825.673 0.322537 0.0220642 0.669014 -0.740906 -0.951297 -2.17983 -4.23178 -819.262 0 
3 827.244 0.325345 0.0219806 0.665103 -0.733042 -0.933066 -3.63999 -3.98672 -819.617 0 
2 826.159 0.322058 0.022102 0.666934 -0.719852 -0.937293 -2.31523 -4.02276 -819.821 0 
3 825.385 0.311712 0.0222839 0.677318 -0.734069 -0.953342 -0.418702 -5.76694 -819.199 0 
6 826.955 0.314767 0.022308 0.672548 -0.711865 -0.940421 -1.94728 -5.31552 -819.693 0 
6 826.247 0.311577 0.0224486 0.676361 -0.707559 -0.957307 -0.228843 -6.39351 -819.625 0 
4 825.585 0.315238 0.0224245 0.673888 -0.698201 -1.00089 -0.128901 -5.58928 -819.867 0 
1 825.453 0.314699 0.0223963 0.674504 -0.700812 -1.01134 -0.036128 -5.68976 -819.727 0 
5 824.734 0.32055 0.0222792 0.670211 -0.70469 -1.01608 -0.450801 -4.42485 -819.858 0 
1 824.752 0.321779 0.0223816 0.668939 -0.699082 -0.995608 -0.293619 -4.2268 -820.232 0 
16 824.847 0.323903 0.0223129 0.668469 -0.715378 -0.98393 -1.01339 -3.9889 -819.844 0 
4 825.98 0.319756 0.0224142 0.67215 -0.715071 -0.978585 -1.91149 -4.39946 -819.669 0 
6 825.655 0.322401 0.0224411 0.667459 -0.682942 -0.995816 -0.358244 -4.30773 -820.989 0 
1 825.644 0.327649 0.0223793 0.664846 -0.69665 -0.996253 -1.15104 -3.71493 -820.778 0 
4 825.168 0.327104 0.0222838 0.664646 -0.698278 -0.989509 -0.736106 -3.7284 -820.704 0 
3 827.857 0.328987 0.022407 0.660153 -0.67015 -0.954975 -1.33122 -3.70904 -822.817 0 
6 828.871 0.329369 0.0223478 0.6598 -0.683371 -0.928517 -3.00371 -3.60755 -822.26 0 
1 828.42 0.329498 0.0223721 0.661179 -0.711195 -0.873103 -3.58971 -3.65785 -821.173 0 
2 826.821 0.325814 0.0223449 0.663661 -0.709263 -0.886577 -2.30887 -3.69411 -820.818 0 
1 826.374 0.32418 0.0221939 0.665021 -0.721233 -0.895094 -2.45608 -3.79309 -820.125 0 
3 825.869 0.325868 0.0220628 0.664754 -0.727235 -0.929854 -2.15049 -3.88199 -819.836 0 
2 825.055 0.321368 0.0221688 0.66781 -0.71961 -0.928519 -1.15548 -4.06656 -819.833 0 
15 824.86 0.328474 0.0221994 0.663942 -0.726611 -0.920511 -0.90859 -3.87548 -820.075 0 
1 825.561 0.330168 0.0222211 0.661573 -0.714774 -0.895571 -0.979604 -3.69958 -820.881 0 
1 827.566 0.335292 0.0223585 0.655688 -0.691645 -0.847546 -0.347743 -3.88668 -823.332 0 
13 827.555 0.329359 0.0223523 0.662782 -0.713884 -0.86888 -2.84959 -3.64905 -821.056 0 
2 826.33 0.330026 0.0224142 0.660409 -0.690809 -0.886807 -0.410157 -3.6396 -822.28 0 
1 827.233 0.326643 0.0224764 0.663599 -0.685869 -0.913067 -1.45843 -3.8334 -821.941 0 
2 828.988 0.319729 0.0225646 0.667368 -0.674084 -0.901777 -1.58746 -5.39113 -822.009 0 
3 830.273 0.325049 0.0226729 0.664609 -0.668833 -0.942178 -3.46593 -4.25115 -822.556 0 
3 826.134 0.322285 0.0225087 0.668122 -0.699239 -0.944544 -1.46098 -4.09669 -820.576 0 
3 826.772 0.317113 0.0225029 0.67259 -0.691884 -1.02151 -1.45679 -5.2381 -820.077 0 
1 827.517 0.326901 0.0223232 0.663007 -0.685936 -0.990718 -2.501 -3.72949 -821.287 0 
1 826.64 0.332744 0.0222702 0.659477 -0.693025 -0.976881 -1.34062 -3.68758 -821.612 0 
1 826.76 0.325072 0.0224197 0.668214 -0.704784 -1.00783 -2.68191 -3.91507 -820.163 0 
5 825.513 0.326924 0.0223791 0.664377 -0.687774 -1.00055 -0.659658 -3.7376 -821.116 0 
3 827.443 0.318211 0.022546 0.671778 -0.681259 -1.0452 -1.81427 -5.20855 -820.42 0 
1 826.352 0.323798 0.0224381 0.669046 -0.70357 -1.03711 -2.25017 -4.12932 -819.973 0 
6 824.499 0.323192 0.0223354 0.668312 -0.709274 -0.988821 -0.479572 -4.03564 -819.984 0 
7 824.699 0.326293 0.0222081 0.665676 -0.717532 -0.97622 -0.832841 -3.91475 -819.951 0 
1 824.767 0.323621 0.0221484 0.66871 -0.73412 -0.974134 -1.191 -4.21063 -819.365 0 
4 825.582 0.32621 0.0221484 0.667777 -0.741119 -0.97964 -1.87669 -4.41831 -819.287 0 
4 825.951 0.32939 0.0221178 0.664515 -0.738375 -0.962559 -1.94496 -4.46051 -819.545 0 
2 828.506 0.329573 0.0220693 0.662826 -0.738077 -0.937343 -4.43661 -4.39407 -819.675 0 
2 824.983 0.323303 0.0221388 0.668729 -0.736314 -0.973608 -1.39127 -4.28139 -819.31 0 
2 825.197 0.319639 0.0222114 0.669682 -0.715436 -0.969202 -1.11495 -4.38987 -819.692 0 
1 825.491 0.321424 0.0220812 0.669632 -0.733576 -0.971877 -1.88711 -4.28953 -819.314 0 
6 825.999 0.319858 0.0220677 0.671052 -0.739023 -0.986111 -2.25867 -4.5789 -819.161 0 
2 825.318 0.315818 0.0221443 0.674723 -0.742756 -0.977032 -1.18882 -5.01505 -819.115 0 
10 825.327 0.314944 0.022212 0.674932 -0.730456 -0.992251 -0.894309 -5.22497 -819.208 0 
1 826.832 0.309672 0.0223662 0.680541 -0.738118 -0.999304 -1.15838 -6.4636 -819.21 0 
4 826.786 0.310899 0.0224454 0.681538 -0.744773 -1.01658 -1.36437 -6.20453 -819.217 0 
9 826.301 0.322652 0.0223748 0.672087 -0.74425 -0.982193 -2.67214 -4.48896 -819.14 0 
1 826.869 0.320505 0.0223785 0.67349 -0.741227 -0.963562 -3.31352 -4.37333 -819.182 0 
4 826.177 0.329228 0.0222873 0.665519 -0.730255 -0.969833 -2.21958 -4.21701 -819.741 0 
2 826.54 0.329419 0.0222724 0.665515 -0.732658 -0.961381 -2.5918 -4.23048 -819.717 0 
1 824.389 0.322326 0.0223313 0.669202 -0.724547 -0.926072 -0.673264 -3.97364 -819.742 0 
5 824.537 0.325565 0.0223157 0.664863 -0.712817 -0.903822 -0.306739 -3.71616 -820.514 0 
2 824.463 0.32262 0.0223253 0.668511 -0.720146 -0.923241 -0.614991 -3.93627 -819.912 0 
1 824.541 0.324696 0.0223185 0.665956 -0.72143 -0.895538 -0.624177 -3.76645 -820.151 0 
3 824.594 0.317343 0.0224204 0.672924 -0.71915 -0.938632 -0.311704 -4.67222 -819.61 0 
8 824.916 0.314914 0.0223645 0.674688 -0.723698 -0.932818 -0.37591 -5.10342 -819.437 0 
4 823.979 0.316875 0.022351 0.672739 -0.732557 -0.888899 -0.00940271 -4.52943 -819.44 0 
6 824.171 0.321855 0.0223595 0.668432 -0.732832 -0.859647 -0.508828 -3.89087 -819.772 0 
5 824.757 0.324949 0.0223774 0.667503 -0.73622 -0.884136 -1.18295 -3.85087 -819.723 0 
1 825.172 0.323212 0.0223209 0.666556 -0.730235 -0.852647 -1.40039 -3.79782 -819.973 0 
7 823.892 0.318645 0.0222879 0.670556 -0.735896 -0.855801 -0.154094 -4.19298 -819.545 0 
1 825.023 0.323311 0.0224542 0.667484 -0.721114 -0.874773 -1.01806 -3.81617 -820.188 0 
1 824.903 0.322258 0.0224628 0.668842 -0.729638 -0.848923 -1.093 -3.85618 -819.954 0 
2 826.605 0.335201 0.0222158 0.657033 -0.728142 -0.80309 -0.796595 -4.34076 -821.468 0 
1 826.956 0.334145 0.0221175 0.659468 -0.759171 -0.778549 -1.8776 -4.94029 -820.138 0 
17 826.162 0.329829 0.0220855 0.660548 -0.756854 -0.730929 -1.82062 -4.15305 -820.188 0 
2 824.134 0.32416 0.022266 0.667167 -0.757709 -0.778194 -0.758065 -3.82678 -819.549 0 
1 824.252 0.324398 0.0222881 0.664665 -0.733159 -0.78281 -0.148193 -3.73873 -820.365 0 
4 824.373 0.32626 0.0223715 0.664694 -0.736601 -0.796478 -0.373271 -3.717 -820.282 0 
1 826.099 0.32883 0.0223016 0.660087 -0.727718 -0.751101 -1.02801 -3.80808 -821.263 0 
2 825.146 0.324276 0.0224098 0.665171 -0.72647 -0.776307 -0.644873 -3.81013 -820.691 0 
2 824.838 0.320955 0.0224886 0.667808 -0.730036 -0.775327 -0.559934 -4 -820.278 0 
3 824.535 0.313615 0.022384 0.674931 -0.778156 -0.713845 -1.07363 -4.36838 -819.093 0 
14 824.09 0.313688 0.0223588 0.674977 -0.791096 -0.671645 -0.787006 -4.23666 -819.067 0 
5 823.428 0.319427 0.0222522 0.670596 -0.790587 -0.679948 -0.373707 -3.95629 -819.098 0 
6 823.764 0.311455 0.0223888 0.678891 -0.804585 -0.687153 -0.0914744 -4.51522 -819.158 0 
6 824.132 0.316795 0.0223269 0.672788 -0.793115 -0.675264 -1.04708 -4.02562 -819.059 0 
2 824.373 0.311991 0.0223202 0.679065 -0.811058 -0.691003 -0.663622 -4.4906 -819.219 0 
7 824.313 0.315219 0.0221663 0.674555 -0.818342 -0.633765 -1.02786 -4.17854 -819.107 0 
5 824.412 0.315787 0.0222487 0.676268 -0.828995 -0.64137 -0.832859 -4.36538 -819.214 0 
2 824.139 0.31307 0.0223629 0.676612 -0.826452 -0.57976 -0.786315 -4.17338 -819.179 0 
2 824.109 0.31433 0.0223606 0.67754 -0.841346 -0.57799 -0.451612 -4.3223 -819.335 0 
2 825.027 0.315914 0.0222554 0.672634 -0.833785 -0.510888 -1.81748 -4.09007 -819.12 0 
11 824.607 0.315339 0.0223194 0.675745 -0.85683 -0.501664 -0.810187 -4.41021 -819.387 0 
6 823.899 0.315179 0.0223067 0.676007 -0.85458 -0.505541 -0.19572 -4.34045 -819.363 0 
3 823.993 0.309676 0.0223889 0.679526 -0.847251 -0.502686 -0.229329 -4.27963 -819.484 0 
6 823.985 0.308739 0.0223779 0.680549 -0.835545 -0.551454 -0.0986041 -4.45148 -819.435 0 
2 823.573 0.313538 0.0224499 0.676395 -0.829358 -0.533607 -0.349315 -4.07816 -819.146 0 
11 823.547 0.314794 0.0223959 0.675249 -0.838893 -0.490744 -0.310956 -4.07486 -819.162 0 
5 823.998 0.315951 0.0223966 0.674911 -0.839698 -0.501684 -0.732154 -4.11542 -819.151 0 
4 825.212 0.318898 0.0223659 0.669375 -0.821762 -0.482203 -1.92682 -4.10593 -819.179 0 
5 824.268 0.32288 0.0222673 0.668099 -0.827304 -0.529687 -0.606723 -4.55177 -819.109 0 
3 825.409 0.32289 0.0221405 0.668318 -0.833774 -0.528193 -1.6671 -4.66158 -819.081 0 
15 823.337 0.316533 0.0223012 0.672169 -0.825171 -0.511699 -0.215862 -4.02185 -819.099 0 
2 823.536 0.316541 0.0223429 0.673895 -0.836263 -0.510959 -0.302339 -4.11127 -819.123 0 
2 824.184 0.309049 0.0223756 0.680575 -0.848543 -0.506455 -0.293491 -4.33254 -819.558 0 
1 825.191 0.313549 0.0223279 0.678138 -0.847918 -0.542965 -1.51874 -4.26523 -819.407 0 
1 824.014 0.311769 0.022442 0.678896 -0.846487 -0.515722 -0.408664 -4.20701 -819.399 0 
2 825.615 0.314685 0.0222945 0.67801 -0.855335 -0.554244 -1.59659 -4.48748 -819.531 0 
2 824.65 0.316917 0.0223529 0.675478 -0.860195 -0.497193 -0.716545 -4.56789 -819.366 0 
1 825.146 0.321568 0.0224339 0.669091 -0.837138 -0.453184 -1.43311 -4.55159 -819.161 0 
14 823.569 0.313046 0.0224521 0.676358 -0.846742 -0.448926 -0.234727 -4.09557 -819.239 0 
1 823.819 0.31174 0.0224491 0.676943 -0.84827 -0.422344 -0.432614 -4.12441 -819.262 0 
1 824.793 0.316523 0.0225517 0.670176 -0.833316 -0.344318 -1.02015 -4.43471 -819.338 0 
2 824.666 0.314797 0.0225645 0.671652 -0.829677 -0.361031 -1.00414 -4.36943 -819.292 0 
4 825.51 0.314248 0.0226331 0.673595 -0.83024 -0.401619 -2.12408 -4.18865 -819.197 0 
1 826.213 0.309003 0.0226718 0.680178 -0.848603 -0.416418 -2.60712 -4.26222 -819.343 0 
6 824.806 0.320316 0.0224808 0.669969 -0.854362 -0.364458 -0.85033 -4.74452 -819.211 0 
1 824.988 0.318182 0.022371 0.673155 -0.876891 -0.380202 -0.727296 -4.8817 -819.379 0 
4 825.888 0.311944 0.0225596 0.677861 -0.870592 -0.37064 -2.17448 -4.21136 -819.503 0 
1 825.081 0.312109 0.022531 0.677876 -0.870053 -0.379573 -1.36336 -4.21237 -819.505 0 
4 824.927 0.31418 0.0225064 0.676817 -0.869931 -0.393034 -1.17622 -4.31072 -819.44 0 
4 824.305 0.312332 0.0224585 0.676959 -0.863661 -0.397615 -0.712651 -4.17489 -819.418 0 
12 825.021 0.314454 0.0224544 0.676849 -0.876591 -0.396765 -0.998883 -4.45752 -819.565 0 
1 828.54 0.311725 0.0223152 0.681698 -0.905765 -0.404934 -2.9025 -4.90084 -820.737 0 
1 825.441 0.320734 0.0222806 0.670877 -0.885611 -0.349151 -0.515755 -5.54477 -819.381 0 
3 826.311 0.326996 0.0222408 0.664735 -0.867093 -0.346306 -0.592112 -6.44805 -819.271 0 
7 825.404 0.321029 0.0224665 0.67025 -0.860744 -0.359998 -1.24645 -4.94621 -819.212 0 
3 824.27 0.317651 0.0224124 0.672648 -0.86303 -0.368844 -0.527319 -4.50739 -819.236 0 
1 824.696 0.3116 0.0224146 0.674706 -0.857648 -0.335409 -1.1931 -4.21656 -819.286 0 
2 823.971 0.31865 0.0222833 0.670138 -0.856319 -0.373807 -0.234576 -4.53879 -819.198 0 
3 825.3 0.325273 0.022346 0.664233 -0.843931 -0.338782 -0.263873 -5.53421 -819.502 0 
9 825.289 0.324826 0.0223932 0.663921 -0.83008 -0.35487 -0.355161 -5.24129 -819.693 0 
3 825.476 0.319813 0.0223624 0.665529 -0.817272 -0.358492 -1.08041 -4.68426 -819.711 0 
1 826.604 0.32776 0.0223311 0.659844 -0.818763 -0.357557 -0.704976 -5.71068 -820.189 0 
1 827.397 0.327681 0.0223041 0.659232 -0.814413 -0.361528 -1.44195 -5.64922 -820.306 0 
20 823.756 0.310922 0.0224534 0.676674 -0.836854 -0.437961 -0.36636 -4.19702 -819.192 0 
1 823.771 0.316636 0.0223565 0.672123 -0.851653 -0.401499 -0.313189 -4.27051 -819.187 0 
9 823.885 0.310017 0.0224376 0.67884 -0.864472 -0.400713 -0.158635 -4.18075 -819.546 0 
1 825.176 0.321918 0.0223923 0.668417 -0.846611 -0.41314 -1.19171 -4.80215 -819.182 0 
1 825.006 0.325014 0.022411 0.664558 -0.82672 -0.408699 -0.470814 -4.99874 -819.537 0 
1 824.853 0.3211 0.0225182 0.668391 -0.836653 -0.381386 -0.91193 -4.62061 -819.321 0 
8 824.972 0.324602 0.022438 0.664304 -0.818131 -0.399235 -0.305333 -4.90862 -819.758 0 
3 825.833 0.326724 0.0224698 0.66277 -0.811228 -0.409939 -0.651813 -5.14493 -820.036 0 
3 826.862 0.324908 0.0225205 0.664389 -0.808644 -0.410915 -1.99772 -4.87875 -819.985 0 
1 828.099 0.321469 0.0224401 0.66716 -0.823287 -0.381903 -3.89552 -4.64985 -819.553 0 
2 827.507 0.313312 0.0224358 0.674908 -0.84379 -0.384188 -4.11436 -4.20003 -819.192 0 
3 828.149 0.315788 0.0224622 0.67237 -0.844981 -0.341977 -4.53258 -4.38049 -819.236 0 
1 827.085 0.309779 0.0225668 0.676673 -0.836751 -0.360675 -3.32663 -4.54994 -819.208 0 
4 825.472 0.313569 0.0224247 0.671718 -0.834508 -0.337188 -1.7248 -4.46979 -819.277 0 
1 824.957 0.316942 0.0223534 0.668485 -0.833299 -0.339553 -1.10866 -4.48521 -819.364 0 
1 824.442 0.317334 0.0223329 0.669217 -0.84099 -0.347044 -0.745218 -4.42346 -819.273 0 
1 825.968 0.318363 0.0222134 0.667799 -0.844894 -0.337213 -2.14553 -4.53916 -819.283 0 
3 824.338 0.312785 0.0222542 0.675218 -0.859343 -0.4026 -0.845677 -4.14984 -819.343 0 
7 826.266 0.315013 0.0221643 0.673864 -0.869349 -0.38367 -2.5458 -4.33764 -819.382 0 
7 826.784 0.324855 0.0221599 0.66415 -0.852663 -0.368461 -1.95747 -5.544 -819.283 0 
1 825.687 0.31824 0.0221163 0.670437 -0.855846 -0.419253 -2.04119 -4.45632 -819.189 0 
2 824.595 0.317529 0.0223285 0.673997 -0.869872 -0.414706 -0.611891 -4.63427 -819.348 0 
1 825.521 0.320894 0.0223725 0.671392 -0.873306 -0.378514 -1.0601 -5.19781 -819.263 0 
2 825.941 0.316234 0.0225381 0.674195 -0.865502 -0.338061 -2.24181 -4.43144 -819.268 0 
2 824.922 0.312699 0.0224944 0.676382 -0.863015 -0.350136 -1.39114 -4.20463 -819.326 0 
4 825.469 0.321852 0.0223837 0.667143 -0.850636 -0.31861 -1.03776 -5.07508 -819.357 0 
1 825.541 0.324057 0.02245 0.666255 -0.853694 -0.321004 -0.661223 -5.50202 -819.378 0 
1 824.884 0.323362 0.0222954 0.66692 -0.863539 -0.338434 -0.141781 -5.49153 -819.25 0 
1 824.505 0.312089 0.0222917 0.6758 -0.866645 -0.362564 -0.90758 -4.18518 -819.412 0 
2 824.601 0.319037 0.0223266 0.67014 -0.856344 -0.355136 -0.781317 -4.6067 -819.213 0 
4 824.102 0.318935 0.0222885 0.670883 -0.859315 -0.386937 -0.30919 -4.59272 -819.2 0 
2 823.844 0.315215 0.0223358 0.6718 -0.833846 -0.415089 -0.538713 -4.13403 -819.171 0 
3 824.073 0.315999 0.0222772 0.673651 -0.859228 -0.416281 -0.517701 -4.2935 -819.262 0 
7 823.772 0.318428 0.0224201 0.671446 -0.840209 -0.430771 -0.359067 -4.26077 -819.152 0 
3 823.772 0.313759 0.0223983 0.673093 -0.831244 -0.417471 -0.448168 -4.1551 -819.168 0 
2 824.304 0.31775 0.0224555 0.669029 -0.815624 -0.427033 -0.71105 -4.21811 -819.375 0 
1 826.205 0.32589 0.0224846 0.666222 -0.82375 -0.469966 -1.88899 -4.92301 -819.393 0 
2 826.989 0.321834 0.0226054 0.669573 -0.818881 -0.472795 -3.36654 -4.30785 -819.314 0 
1 825.673 0.316189 0.0225211 0.676033 -0.854426 -0.468377 -2.11601 -4.29782 -819.259 0 
3 823.93 0.314149 0.0224238 0.676409 -0.850764 -0.464048 -0.51608 -4.14189 -819.272 0 
1 824.166 0.315553 0.0224176 0.674311 -0.845449 -0.436903 -0.86768 -4.12753 -819.17 0 
4 823.826 0.310873 0.0224846 0.677392 -0.848838 -0.409579 -0.38866 -4.15949 -819.278 0 
3 824.189 0.318845 0.0224603 0.671687 -0.846435 -0.420868 -0.655779 -4.37716 -819.156 0 
6 824.312 0.315661 0.022525 0.674273 -0.843904 -0.431586 -1.01983 -4.12977 -819.162 0 
3 823.79 0.321689 0.0223624 0.6672 -0.826412 -0.431892 -0.00820552 -4.45662 -819.325 0 
2 824.721 0.321749 0.0223601 0.66524 -0.816715 -0.392682 -0.437581 -4.61646 -819.667 0 
1 824.507 0.323825 0.0224211 0.66468 -0.811445 -0.435898 -0.196246 -4.60663 -819.704 0 
2 823.693 0.314833 0.0223952 0.672409 -0.831596 -0.430327 -0.437405 -4.09772 -819.158 0 
1 825.299 0.310388 0.0225617 0.67966 -0.853871 -0.431034 -1.73243 -4.16677 -819.4 0 
4 825.751 0.306131 0.0225594 0.683723 -0.86516 -0.445823 -1.30688 -4.47213 -819.972 0 
1 826.324 0.302413 0.0223735 0.687175 -0.893361 -0.400635 -0.334549 -4.77628 -821.213 0 
3 826.096 0.304944 0.0224266 0.686084 -0.900884 -0.395051 -0.231022 -4.63543 -821.23 0 
1 827.065 0.300771 0.0225073 0.689179 -0.89711 -0.390463 -0.579083 -4.94796 -821.538 0 
1 826.474 0.304285 0.022556 0.684159 -0.856076 -0.421854 -1.97628 -4.75303 -819.745 0 
3 825.482 0.314423 0.0225132 0.671022 -0.825184 -0.346379 -1.53929 -4.56556 -819.377 0 
2 824.609 0.312966 0.0225845 0.674201 -0.835622 -0.37321 -1.12596 -4.27926 -819.203 0 
1 824.723 0.31941 0.022412 0.666826 -0.834229 -0.320364 -0.469346 -4.75456 -819.499 0 
3 825.149 0.30845 0.0224321 0.677798 -0.84426 -0.385216 -1.45619 -4.42482 -819.268 0 
3 825.093 0.308394 0.0223409 0.677496 -0.849224 -0.387414 -1.42376 -4.34193 -819.328 0 
3 826.716 0.30826 0.0223397 0.676501 -0.848612 -0.343644 -2.94562 -4.48996 -819.28 0 
4 825.704 0.316303 0.0222052 0.670051 -0.851912 -0.357287 -2.17478 -4.32048 -819.209 0 
1 826.064 0.315566 0.0223399 0.672806 -0.869929 -0.351361 -2.2946 -4.43797 -819.332 0 
3 824.744 0.31044 0.0224415 0.677059 -0.86022 -0.375673 -1.18617 -4.16258 -819.395 0 
1 824.116 0.315792 0.0223237 0.673042 -0.870876 -0.349645 -0.32549 -4.45494 -819.335 0 
2 824.944 0.314897 0.0222769 0.672377 -0.866447 -0.337011 -1.2973 -4.34664 -819.3 0 
2 825.177 0.317752 0.0222195 0.66959 -0.85598 -0.35866 -1.49796 -4.46932 -819.21 0 
2 824.599 0.315714 0.0222241 0.672674 -0.867335 -0.361914 -0.906962 -4.3841 -819.308 0 
3 827.812 0.322554 0.0221245 0.664898 -0.855221 -0.342271 -3.33929 -5.19828 -819.274 0 
1 827.402 0.315945 0.0220513 0.672737 -0.872141 -0.39792 -3.49582 -4.49089 -819.415 0 
4 827.624 0.320682 0.0220459 0.66708 -0.85154 -0.39258 -3.73468 -4.70537 -819.184 0 
2 824.899 0.323409 0.022206 0.666267 -0.847674 -0.399573 -0.614629 -5.06143 -819.223 0 
6 825.274 0.323077 0.0221827 0.667952 -0.855117 -0.427823 -0.975839 -5.14654 -819.151 0 
4 826.898 0.323873 0.0220684 0.665987 -0.850295 -0.444146 -2.52914 -5.22645 -819.142 0 
1 824.553 0.321393 0.0222322 0.668052 -0.843851 -0.435796 -0.747298 -4.65095 -819.154 0 
2 824.841 0.309201 0.0223548 0.678771 -0.863693 -0.415683 -1.00901 -4.21702 -819.615 0 
5 824.641 0.310999 0.0222672 0.676996 -0.872566 -0.379498 -0.819082 -4.20986 -819.612 0 
2 824.822 0.31902 0.0222386 0.668893 -0.859582 -0.343097 -0.911217 -4.68641 -819.225 0 
2 826.716 0.305587 0.0223167 0.679152 -0.867887 -0.323095 -2.61851 -4.46073 -819.636 0 
1 826.025 0.314801 0.0222784 0.670113 -0.853389 -0.298919 -2.32328 -4.43885 -819.263 0 
2 826.188 0.315943 0.0222635 0.670505 -0.865023 -0.311094 -2.44096 -4.47745 -819.269 0 
1 827.241 0.305564 0.0222432 0.680074 -0.877979 -0.32338 -2.96413 -4.38341 -819.893 0 
2 826.537 0.304599 0.0223668 0.680411 -0.864521 -0.327993 -2.27173 -4.63878 -819.627 0 
1 825.498 0.30514 0.0224255 0.680339 -0.870753 -0.307613 -1.31092 -4.50669 -819.681 0 
1 827.067 0.308511 0.0224278 0.679094 -0.865288 -0.339325 -3.28594 -4.29434 -819.487 0 
3 825.463 0.315406 0.0224821 0.672571 -0.853688 -0.316376 -1.80087 -4.41736 -819.245 0 
1 825.474 0.315378 0.0223934 0.673678 -0.858604 -0.357013 -1.94787 -4.28816 -819.238 0 
5 824.849 0.320525 0.0224002 0.669958 -0.851754 -0.382368 -0.96914 -4.68377 -819.196 0 
1 823.983 0.317495 0.0223388 0.672092 -0.856212 -0.389539 -0.39663 -4.38616 -819.2 0 
2 825.081 0.308197 0.0224019 0.68197 -0.862595 -0.467186 -0.899812 -4.34953 -819.832 0 
4 824.414 0.316867 0.0224412 0.674058 -0.84342 -0.464788 -1.09969 -4.16819 -819.146 0 
4 824.675 0.319539 0.022461 0.672025 -0.83692 -0.482001 -1.27444 -4.28975 -819.11 0 
7 823.677 0.316401 0.022462 0.673571 -0.834851 -0.470808 -0.473749 -4.07904 -819.124 0 
3 823.697 0.320434 0.0223477 0.669719 -0.84138 -0.439429 -0.0796218 -4.46707 -819.15 0 
5 823.815 0.315238 0.022515 0.673404 -0.822381 -0.467959 -0.60313 -4.0624 -819.149 0 
3 824.578 0.307305 0.0225029 0.680034 -0.819903 -0.527056 -0.615343 -4.74975 -819.213 0 
1 825.576 0.317853 0.0222999 0.670731 -0.821267 -0.530204 -2.43666 -4.04507 -819.094 0 
3 824.368 0.314466 0.0221987 0.675975 -0.851471 -0.525726 -0.668819 -4.31292 -819.386 0 
1 824.499 0.31114 0.022241 0.679329 -0.858043 -0.527556 -0.365264 -4.39957 -819.734 0 
5 823.256 0.314343 0.0223467 0.674669 -0.817695 -0.555446 -0.129545 -4.03865 -819.088 0 
2 823.319 0.316751 0.0224293 0.671722 -0.795402 -0.572224 -0.113641 -3.98302 -819.222 0 
2 824.435 0.325718 0.0223861 0.663333 -0.785423 -0.533549 -0.0282019 -4.33413 -820.072 0 
1 825.153 0.323909 0.0224308 0.663458 -0.768314 -0.559091 -0.589704 -4.15805 -820.405 0 
5 825.799 0.317298 0.0223985 0.66798 -0.766252 -0.585009 -1.68234 -4.26873 -819.848 0 
1 825.067 0.317212 0.0223989 0.668212 -0.776421 -0.545619 -1.06963 -4.25645 -819.741 0 
1 824.829 0.31331 0.0224137 0.673146 -0.78875 -0.555861 -1.14318 -4.41486 -819.271 0 
4 826.836 0.31377 0.022278 0.675014 -0.812533 -0.566522 -3.66016 -4.09085 -819.085 0 
1 826.55 0.313178 0.0224734 0.677701 -0.809721 -0.610888 -3.29524 -4.16986 -819.085 0 
2 824.287 0.308154 0.0224486 0.680527 -0.814406 -0.593751 -0.329991 -4.73129 -819.225 0 
1 823.267 0.319544 0.0223327 0.669498 -0.808555 -0.536241 -0.0541338 -4.00194 -819.211 0 
1 823.792 0.311813 0.0224012 0.675504 -0.814683 -0.52969 -0.47039 -4.21217 -819.11 0 
1 824.793 0.309957 0.022369 0.67616 -0.814371 -0.519075 -1.24126 -4.42553 -819.126 0 
1 824.25 0.31311 0.0223352 0.674359 -0.810361 -0.56314 -1.04065 -4.1189 -819.09 0 
5 824.597 0.311227 0.0223159 0.678614 -0.826471 -0.586189 -1.05478 -4.28895 -819.253 0 
1 823.381 0.31883 0.0223119 0.671654 -0.812822 -0.586104 -0.296004 -4.01505 -819.07 0 
5 823.405 0.315488 0.0223231 0.672551 -0.807332 -0.553648 -0.286116 -4.0021 -819.117 0 
1 825.1 0.308491 0.0223496 0.678146 -0.810381 -0.576544 -1.25994 -4.68357 -819.156 0 
2 823.904 0.310058 0.0223501 0.678414 -0.801323 -0.65081 -0.151517 -4.62551 -819.127 0 
5 823.378 0.316133 0.0223309 0.674179 -0.808531 -0.639983 -0.253704 -4.07548 -819.049 0 
8 824.27 0.320682 0.0223121 0.670279 -0.811033 -0.614032 -1.05365 -4.15918 -819.058 0 
2 824.031 0.312289 0.0222719 0.678559 -0.82824 -0.643586 -0.21607 -4.4491 -819.366 0 
1 824.221 0.314686 0.0222699 0.674791 -0.810062 -0.645263 -0.986667 -4.15887 -819.075 0 
3 825.167 0.319854 0.0223359 0.670642 -0.802818 -0.639692 -2.05067 -4.05075 -819.066 0 
2 825.405 0.312301 0.0224596 0.679905 -0.813026 -0.708678 -1.54891 -4.58362 -819.272 0 
4 824.265 0.312855 0.0224308 0.678036 -0.796415 -0.721609 -0.709367 -4.46026 -819.095 0 
1 824.449 0.310715 0.0224087 0.67742 -0.785514 -0.689479 -0.645474 -4.7169 -819.086 0 
2 825.9 0.314085 0.022408 0.673931 -0.77155 -0.715177 -2.39587 -4.34929 -819.155 0 
2 823.933 0.31321 0.0222873 0.676233 -0.787238 -0.739473 -0.409799 -4.45974 -819.063 0 
4 824.006 0.315789 0.0222613 0.676228 -0.80278 -0.748705 -0.483877 -4.42965 -819.092 0 
1 826.005 0.316703 0.0224515 0.674287 -0.786615 -0.728987 -2.82881 -4.13501 -819.041 0 
1 824.912 0.317217 0.0222449 0.673036 -0.805976 -0.676016 -1.7149 -4.16397 -819.033 0 
3 824.401 0.313539 0.0222011 0.676479 -0.82103 -0.65139 -0.84688 -4.34074 -819.213 0 
16 824.359 0.31216 0.0222195 0.678161 -0.825827 -0.651575 -0.544097 -4.46564 -819.35 0 
3 824.077 0.317273 0.0223168 0.674225 -0.817155 -0.649701 -0.776112 -4.2359 -819.065 0 
1 824.235 0.316751 0.0224257 0.673424 -0.803259 -0.627905 -1.17907 -3.99736 -819.059 0 
1 826.377 0.319235 0.0224486 0.668736 -0.788174 -0.577315 -3.04414 -3.92021 -819.412 0 
4 823.424 0.317696 0.022348 0.670573 -0.793821 -0.578163 -0.219419 -3.95044 -819.254 0 
1 823.901 0.324002 0.0223779 0.666536 -0.801087 -0.555314 -0.250545 -4.22037 -819.43 0 
1 824.347 0.318424 0.0225081 0.672351 -0.814617 -0.547869 -1.24059 -3.99797 -819.109 0 
3 825.603 0.320504 0.0225104 0.671189 -0.82424 -0.528977 -2.2739 -4.22721 -819.101 0 
1 828.293 0.319907 0.0225145 0.674893 -0.840636 -0.58071 -4.52139 -4.64331 -819.128 0 
1 829.491 0.318428 0.0225762 0.674663 -0.842379 -0.533811 -5.91432 -4.43643 -819.14 0 
1 826.879 0.30939 0.0225219 0.683446 -0.855091 -0.575335 -2.25399 -4.63961 -819.985 0 
1 826.915 0.314099 0.0226462 0.677529 -0.82375 -0.555045 -3.74031 -4.06299 -819.111 0 
3 829.767 0.309216 0.0227867 0.681488 -0.807823 -0.593155 -5.99787 -4.63177 -819.137 0 
7 828.133 0.313864 0.0227305 0.675615 -0.783525 -0.593568 -4.51549 -4.3545 -819.263 0 
2 827.82 0.309906 0.0226835 0.675948 -0.779733 -0.532336 -3.07208 -5.35812 -819.39 0 
3 827.841 0.310264 0.0225631 0.673809 -0.777871 -0.504598 -2.79335 -5.50492 -819.543 0 
2 827.205 0.310564 0.022513 0.677305 -0.802024 -0.543119 -3.47856 -4.60065 -819.126 0 
2 827.28 0.31236 0.0225098 0.67684 -0.81528 -0.520106 -3.95291 -4.21655 -819.111 0 
1 827.433 0.310733 0.022472 0.678194 -0.814719 -0.539565 -3.93696 -4.37715 -819.119 0 
3 828.264 0.30303 0.0226045 0.685443 -0.814219 -0.578144 -2.97914 -5.88597 -819.399 0 
4 827.438 0.30599 0.0226388 0.679585 -0.78494 -0.56002 -2.266 -5.99315 -819.179 0 
1 826.019 0.304546 0.0224842 0.68246 -0.824789 -0.51015 -1.44052 -5.23848 -819.34 0 
1 827.964 0.298888 0.022436 0.686711 -0.841409 -0.474535 -1.79142 -6.24633 -819.927 0 
1 828.305 0.297454 0.0224659 0.689481 -0.859577 -0.449731 -1.53364 -6.19884 -820.573 0 
1 827.91 0.30154 0.0226093 0.683482 -0.826127 -0.435315 -2.53535 -6.04789 -819.326 0 
1 827.107 0.30386 0.022548 0.681838 -0.816228 -0.485311 -2.21474 -5.66939 -819.222 0 
1 827.545 0.304017 0.0224101 0.682676 -0.840007 -0.456843 -2.97303 -5.07143 -819.501 0 
1 827.554 0.301023 0.0224259 0.683818 -0.836097 -0.450382 -2.18899 -5.8077 -819.557 0 
1 827.436 0.304215 0.0226252 0.679802 -0.820698 -0.410148 -2.66223 -5.5725 -819.202 0 
1 829.01 0.300721 0.022712 0.684447 -0.828253 -0.434885 -3.50643 -6.11794 -819.386 0 
2 826.092 0.322311 0.0224115 0.662868 -0.808417 -0.351016 -0.895384 -5.0256 -820.171 0 
3 824.249 0.309455 0.0224819 0.677599 -0.84016 -0.411313 -0.697512 -4.32218 -819.23 0 
3 825.239 0.317791 0.022353 0.667396 -0.81732 -0.379399 -1.25676 -4.46235 -819.52 0 
1 825.148 0.314719 0.0223696 0.671047 -0.832229 -0.364337 -1.5442 -4.34464 -819.259 0 
4 826.1 0.314957 0.0224432 0.669024 -0.832213 -0.306397 -2.04376 -4.63681 -819.419 0 
2 826.737 0.324227 0.0223776 0.661757 -0.822065 -0.324345 -1.35959 -5.34501 -820.032 0 
3 824.342 0.320348 0.0223388 0.667223 -0.844449 -0.342793 -0.300364 -4.72408 -819.318 0 
3 824.974 0.321154 0.0222791 0.665748 -0.833406 -0.359317 -0.825112 -4.70914 -819.439 0 
20 824.714 0.320601 0.0222618 0.667426 -0.84269 -0.370058 -0.803127 -4.63773 -819.273 0 
11 824.365 0.3085 0.0223335 0.678753 -0.852451 -0.430594 -0.634695 -4.2732 -819.457 0 
2 825.693 0.307413 0.0223311 0.67887 -0.844584 -0.45189 -1.86374 -4.41595 -819.413 0 
3 825.583 0.308411 0.0223067 0.678164 -0.843319 -0.464306 -1.88084 -4.32612 -819.376 0 
4 826.333 0.318401 0.0223384 0.668663 -0.837509 -0.394975 -2.79359 -4.32035 -819.219 0 
7 824.63 0.317164 0.022255 0.670543 -0.844435 -0.415737 -1.23698 -4.23268 -819.161 0 
2 824.968 0.321858 0.0222403 0.666292 -0.835033 -0.414521 -1.08743 -4.61074 -819.27 0 
1 824.96 0.322794 0.0223682 0.668043 -0.854087 -0.392976 -0.655748 -5.1114 -819.193 0 
3 826.345 0.321475 0.0221679 0.669344 -0.879742 -0.373381 -1.46203 -5.57199 -819.311 0 
2 826.596 0.325237 0.0221636 0.665084 -0.86329 -0.369615 -1.46848 -5.90533 -819.222 0 
1 824.566 0.312568 0.0222145 0.676267 -0.865038 -0.43003 -0.838152 -4.22286 -819.505 0 
4 825.546 0.307992 0.0222411 0.679981 -0.85845 -0.45431 -1.53156 -4.32838 -819.686 0 
1 826.431 0.302103 0.0224376 0.683361 -0.847202 -0.422835 -1.50186 -5.26868 -819.66 0 
2 825.234 0.309892 0.0223672 0.675448 -0.820072 -0.470399 -1.67447 -4.416 -819.144 0 
4 823.743 0.319823 0.022414 0.667963 -0.809132 -0.467918 -0.155659 -4.16336 -819.424 0 
3 824.859 0.321824 0.0225404 0.66696 -0.797367 -0.485298 -0.905334 -4.23504 -819.719 0 
11 823.769 0.313707 0.022466 0.673379 -0.812677 -0.478584 -0.409148 -4.18172 -819.178 0 
1 824.718 0.321454 0.0224987 0.666391 -0.799188 -0.469894 -0.725545 -4.26729 -819.725 0 
1 824.025 0.313218 0.0225217 0.674022 -0.805667 -0.504559 -0.59978 -4.24196 -819.183 0 
1 828.074 0.319996 0.0225192 0.666751 -0.790389 -0.498482 -4.20051 -4.13338 -819.74 0 
1 826.078 0.322264 0.0226046 0.666644 -0.783041 -0.529594 -2.00863 -4.13481 -819.935 0 
8 824.798 0.317923 0.0225647 0.669493 -0.793116 -0.499201 -1.08524 -4.15548 -819.557 0 
2 824.623 0.322645 0.0224911 0.667644 -0.80106 -0.525269 -0.980054 -4.15324 -819.489 0 
3 824.656 0.324096 0.0223702 0.66335 -0.788597 -0.491557 -0.172979 -4.38131 -820.102 0 
1 823.801 0.315446 0.0223663 0.6714 -0.807098 -0.498536 -0.481445 -4.0952 -819.224 0 
1 823.966 0.32159 0.0223099 0.667516 -0.819757 -0.470355 -0.366717 -4.29851 -819.301 0 
3 823.897 0.315118 0.0224451 0.675409 -0.834447 -0.507362 -0.705106 -4.05789 -819.134 0 
3 824.58 0.312746 0.0223508 0.677079 -0.845214 -0.483359 -1.19537 -4.1101 -819.274 0 
2 825.57 0.30497 0.0222912 0.684219 -0.868436 -0.484142 -0.480768 -4.7088 -820.38 0 
1 825.765 0.306681 0.0223505 0.680033 -0.83874 -0.493911 -1.73832 -4.58254 -819.444 0 
1 824.413 0.314852 0.0222772 0.671604 -0.808957 -0.513367 -1.18359 -4.0666 -819.163 0 
2 825.049 0.316666 0.0222924 0.668955 -0.791757 -0.526316 -1.50595 -4.11879 -819.424 0 
4 824.717 0.314164 0.0225046 0.673715 -0.791623 -0.560082 -1.21727 -4.25896 -819.241 0 
4 825.518 0.313178 0.0225296 0.674324 -0.782576 -0.58223 -1.72456 -4.50282 -819.29 0 
3 824.698 0.318156 0.0225701 0.670778 -0.792907 -0.540686 -1.26986 -4.02119 -819.407 0 
1 824.974 0.314675 0.0225931 0.674052 -0.793223 -0.578314 -1.66655 -4.11865 -819.189 0 
12 824.867 0.318035 0.0225511 0.672371 -0.7987 -0.575963 -1.73211 -3.93491 -819.2 0 
6 824.638 0.317972 0.022522 0.672689 -0.821848 -0.505895 -1.47789 -4.03631 -819.123 0 
4 825.822 0.324169 0.0224811 0.665624 -0.807812 -0.488438 -1.81367 -4.4406 -819.567 0 
2 825.934 0.323421 0.0224784 0.665798 -0.795961 -0.525896 -2.09418 -4.19127 -819.648 0 
1 826.665 0.322312 0.0225411 0.668417 -0.804336 -0.546368 -3.20542 -4.12804 -819.331 0 
1 826.665 0.315351 0.0226113 0.676088 -0.834132 -0.513243 -3.46035 -4.07397 -819.131 0 
3 825.296 0.313847 0.022448 0.678653 -0.852971 -0.52688 -1.53613 -4.31178 -819.448 0 
3 825.534 0.318229 0.0224453 0.674044 -0.836761 -0.520627 -2.22421 -4.20702 -819.103 0 
2 824.638 0.311928 0.0224624 0.678729 -0.846322 -0.492629 -1.15363 -4.14702 -819.338 0 
3 824.005 0.312718 0.0224233 0.67754 -0.843701 -0.514621 -0.531028 -4.16628 -819.308 0 
3 823.815 0.311537 0.0223597 0.678789 -0.846144 -0.523449 -0.165614 -4.22621 -819.423 0 
1 823.967 0.319562 0.0224088 0.671564 -0.831774 -0.500969 -0.640741 -4.22518 -819.101 0 
3 824.199 0.30881 0.0225045 0.678504 -0.824805 -0.486967 -0.542355 -4.47737 -819.179 0 
1 825.574 0.311641 0.0226063 0.676144 -0.819535 -0.451502 -2.07161 -4.34421 -819.158 0 
1 825.003 0.316084 0.0225471 0.671976 -0.826594 -0.401535 -1.50312 -4.24511 -819.255 0 
7 825.083 0.317109 0.0224972 0.669081 -0.818461 -0.371845 -1.08342 -4.50135 -819.498 0 
3 823.692 0.316098 0.0224291 0.671723 -0.843233 -0.382407 -0.277235 -4.22537 -819.19 0 
1 824.274 0.317571 0.0222714 0.669895 -0.844739 -0.389721 -0.785992 -4.30259 -819.185 0 
2 824.133 0.315735 0.0223266 0.671374 -0.854079 -0.347849 -0.59924 -4.3145 -819.219 0 
4 824.192 0.312364 0.0223758 0.673851 -0.849923 -0.352262 -0.74368 -4.21954 -819.228 0 
1 825.579 0.312971 0.0223665 0.671847 -0.863243 -0.258376 -1.78528 -4.49074 -819.303 0 
2 826.788 0.309224 0.022522 0.673712 -0.844162 -0.258344 -2.56165 -4.92242 -819.304 0 
5 828.222 0.310294 0.0225826 0.671937 -0.82347 -0.280262 -3.37976 -5.35813 -819.484 0 
1 828.133 0.315592 0.0226018 0.669286 -0.827275 -0.277833 -3.42125 -5.07267 -819.639 0 
1 827.204 0.32262 0.0224374 0.663467 -0.830097 -0.272073 -1.65981 -5.55468 -819.99 0 
1 828.459 0.318007 0.0224716 0.666652 -0.823769 -0.285954 -3.51448 -5.13767 -819.807 0 
2 828.706 0.321641 0.022512 0.661293 -0.790421 -0.328913 -2.11165 -5.59424 -821.001 0 
2 830.566 0.313177 0.0224204 0.667589 -0.789321 -0.369708 -4.96797 -5.54285 -820.056 0 
5 827.241 0.318159 0.0223098 0.665438 -0.816101 -0.344412 -2.80942 -4.71308 -819.719 0 
2 827.425 0.304777 0.0222782 0.680817 -0.851381 -0.414215 -3.11622 -4.73138 -819.577 0 
2 826.219 0.304623 0.0224172 0.68199 -0.844319 -0.437238 -1.84495 -4.87139 -819.503 0 
1 825.627 0.311784 0.0225282 0.673139 -0.806688 -0.424994 -1.5895 -4.70741 -819.33 0 
1 826.473 0.315664 0.0225151 0.66981 -0.799994 -0.420341 -2.23372 -4.60992 -819.629 0 
4 825.393 0.322835 0.0223714 0.663364 -0.798586 -0.418213 -0.599875 -4.671 -820.122 0 
4 824.516 0.324497 0.0223803 0.664657 -0.825551 -0.40214 -0.0288389 -4.92274 -819.564 0 
1 825.049 0.310655 0.0223667 0.679802 -0.861263 -0.464448 -1.19389 -4.22935 -819.625 0 
1 825.418 0.308667 0.0223486 0.682426 -0.867059 -0.496879 -0.90371 -4.45202 -820.062 0 
3 826.593 0.304798 0.0224264 0.685397 -0.877033 -0.475711 -1.14044 -4.75766 -820.695 0 
1 825.712 0.31622 0.0224964 0.675647 -0.859206 -0.456424 -2.02085 -4.38664 -819.304 0 
4 825.669 0.315397 0.0224802 0.677367 -0.854441 -0.507865 -1.97001 -4.34309 -819.356 0 
2 825.952 0.308918 0.0225663 0.682299 -0.843609 -0.532186 -2.02305 -4.39247 -819.536 0 
2 823.539 0.313486 0.022449 0.675244 -0.822972 -0.518064 -0.368976 -4.0596 -819.111 0 
1 823.984 0.317012 0.0223532 0.671052 -0.813777 -0.522438 -0.86345 -3.98164 -819.139 0 
1 823.256 0.315879 0.0223689 0.672112 -0.813648 -0.515318 -0.116052 -4.00306 -819.137 0 
1 823.21 0.315812 0.0223176 0.673499 -0.83014 -0.516562 -0.0574668 -4.04581 -819.107 0 
3 824.324 0.319168 0.0222736 0.670635 -0.831018 -0.520822 -1.00804 -4.23033 -819.085 0 
3 825.472 0.31483 0.0224397 0.671803 -0.806169 -0.507848 -2.19328 -4.07826 -819.2 0 
1 825.425 0.308692 0.0224315 0.676469 -0.802735 -0.522941 -1.44492 -4.84287 -819.137 0 
2 825.282 0.307593 0.0224526 0.678202 -0.793997 -0.57761 -0.948044 -5.20788 -819.126 0 
1 825.392 0.307041 0.0224775 0.679329 -0.785898 -0.631358 -0.777648 -5.49099 -819.123 0 
1 825.622 0.307644 0.0225288 0.68245 -0.79655 -0.696512 -1.18127 -5.221 -819.22 0 
1 824.977 0.311765 0.0224646 0.676614 -0.779489 -0.662597 -1.19194 -4.65219 -819.133 0 
3 825.241 0.32498 0.0224201 0.662921 -0.754943 -0.599292 -0.317631 -4.14292 -820.781 0 
18 826.21 0.324019 0.0223665 0.662885 -0.760739 -0.560186 -1.19157 -4.28786 -820.73 0 
3 826.268 0.328203 0.0223351 0.65932 -0.755724 -0.564109 -0.420244 -4.49003 -821.358 0 
1 826.879 0.322808 0.022504 0.662617 -0.74428 -0.560557 -0.820988 -4.63341 -821.425 0 
2 827.96 0.310756 0.0226568 0.676347 -0.765866 -0.621801 -3.25894 -5.30647 -819.394 0 
1 826.761 0.313317 0.0225594 0.672927 -0.749774 -0.654341 -1.83897 -5.14751 -819.774 0 
7 825.56 0.319172 0.0224712 0.667773 -0.747903 -0.64449 -0.981461 -4.30595 -820.273 0 
1 825.895 0.323172 0.022569 0.665122 -0.748365 -0.628428 -1.11684 -4.08357 -820.694 0 
5 826.237 0.324428 0.022583 0.664972 -0.754973 -0.622525 -1.66181 -4.01926 -820.556 0 
6 825.097 0.321327 0.0225031 0.667028 -0.769351 -0.608134 -1.28767 -3.93382 -819.876 0 
5 823.7 0.321038 0.0223822 0.667169 -0.774208 -0.604846 -0.0439701 -3.92847 -819.728 0 
2 823.509 0.320844 0.0224202 0.668853 -0.790777 -0.593893 -0.226187 -3.91899 -819.364 0 
3 823.844 0.316042 0.0223698 0.67454 -0.820043 -0.599975 -0.665251 -4.10078 -819.078 0 
1 823.366 0.316376 0.0223184 0.674144 -0.830662 -0.549574 -0.155147 -4.10317 -819.108 0 
7 824.08 0.310466 0.0225167 0.676976 -0.819457 -0.494146 -0.609461 -4.33745 -819.133 0 
4 825.452 0.31509 0.0224893 0.672478 -0.814343 -0.494484 -2.25971 -4.03515 -819.157 0 
1 826.574 0.318578 0.0226046 0.673181 -0.82028 -0.537882 -3.42998 -4.05071 -819.093 0 
3 826.814 0.317807 0.0226156 0.672793 -0.818514 -0.517135 -3.67595 -4.01344 -819.124 0 
5 826.46 0.306122 0.0226334 0.683586 -0.816954 -0.596326 -2.03972 -5.07332 -819.347 0 
1 827.601 0.304678 0.0226934 0.683883 -0.80485 -0.593795 -2.72052 -5.64521 -819.235 0 
1 827.854 0.30417 0.0226322 0.686046 -0.807637 -0.660575 -2.58936 -5.80594 -819.459 0 
4 828.063 0.305719 0.0226689 0.684957 -0.809771 -0.64576 -3.32878 -5.36042 -819.374 0 
6 827.715 0.302088 0.0226503 0.686486 -0.812743 -0.612615 -2.03436 -6.15663 -819.524 0 
1 824.842 0.306982 0.0225192 0.681267 -0.807369 -0.600116 -0.593553 -5.05036 -819.198 0 
1 826.028 0.308294 0.0226243 0.678611 -0.797525 -0.558965 -1.92299 -4.97852 -819.126 0 
1 825.4 0.312745 0.0225376 0.67458 -0.794474 -0.570221 -1.94786 -4.2933 -819.158 0 
2 824.512 0.314377 0.0225731 0.674479 -0.793435 -0.584134 -1.19896 -4.14464 -819.168 0 
3 824.172 0.320341 0.0225066 0.669338 -0.793094 -0.564884 -0.818145 -3.95161 -819.403 0 
2 823.948 0.315042 0.0224076 0.672871 -0.80544 -0.555787 -0.808213 -4.01788 -819.122 0 
8 824.537 0.30756 0.0224478 0.679828 -0.805563 -0.596746 -0.424877 -4.94878 -819.163 0 
2 826.126 0.309545 0.022359 0.676654 -0.811067 -0.553903 -2.50748 -4.49228 -819.126 0 
1 826.115 0.317546 0.0221711 0.66849 -0.806348 -0.51331 -2.86592 -4.00127 -819.248 0 
6 824.664 0.310596 0.0222538 0.676624 -0.816293 -0.568029 -1.18365 -4.33784 -819.143 0 
5 823.751 0.317256 0.0223355 0.670477 -0.803445 -0.527383 -0.505799 -4.00325 -819.242 0 
1 824.418 0.316476 0.022259 0.671203 -0.80495 -0.547197 -1.27192 -3.98542 -819.161 0 
5 823.932 0.318496 0.0222678 0.669624 -0.8007 -0.557026 -0.749029 -3.9484 -819.234 0 
1 824.634 0.315772 0.0223795 0.671951 -0.796573 -0.548645 -1.30535 -4.08652 -819.242 0 
4 824.24 0.314101 0.0225218 0.673302 -0.793283 -0.541374 -0.706284 -4.26944 -819.264 0 
1 824.499 0.310031 0.0224569 0.675991 -0.805458 -0.51749 -0.778316 -4.58579 -819.135 0 
3 824.197 0.311926 0.0225263 0.675658 -0.808321 -0.513619 -0.740794 -4.32034 -819.136 0 
4 824.572 0.323712 0.0224068 0.663951 -0.789636 -0.492715 -0.197774 -4.34177 -820.032 0 
3 823.668 0.317504 0.0223058 0.670227 -0.812954 -0.500604 -0.451698 -4.0177 -819.198 0 
5 824.379 0.312638 0.0224382 0.676938 -0.83943 -0.50791 -1.01401 -4.12385 -819.241 0 
1 826.59 0.314109 0.0224233 0.679516 -0.866199 -0.520895 -2.29277 -4.5746 -819.722 0 
4 826.058 0.322756 0.0224573 0.669288 -0.831784 -0.505271 -2.32096 -4.61682 -819.121 0 
2 824.759 0.322001 0.0224511 0.66741 -0.81142 -0.493491 -1.14768 -4.23527 -819.376 0 
5 825.623 0.320745 0.0225606 0.670313 -0.820139 -0.484833 -2.19085 -4.20203 -819.23 0 
2 824.947 0.315293 0.022604 0.673802 -0.821506 -0.468895 -1.73377 -4.05945 -819.153 0 
2 825.229 0.313304 0.022551 0.676505 -0.845446 -0.452147 -1.91414 -4.09254 -819.222 0 
6 826.596 0.301192 0.0225664 0.687782 -0.858707 -0.474135 -0.958177 -5.32203 -820.316 0 
1 825.705 0.309777 0.0224095 0.680226 -0.846997 -0.493484 -2.00249 -4.2535 -819.449 0 
1 824.73 0.309419 0.0224138 0.678853 -0.839175 -0.468404 -1.15735 -4.28765 -819.285 0 
2 825.44 0.309006 0.022259 0.677159 -0.832637 -0.483015 -1.84158 -4.35777 -819.24 0 
1 824.25 0.313729 0.0222994 0.672769 -0.826278 -0.45696 -1.01684 -4.09306 -819.141 0 
4 824.085 0.312922 0.0223485 0.673809 -0.825102 -0.456406 -0.794261 -4.14872 -819.142 0 
2 825.41 0.320437 0.0222957 0.665774 -0.818846 -0.40838 -1.51394 -4.40711 -819.489 0 
2 824.524 0.314174 0.0224152 0.672446 -0.832549 -0.414308 -1.22679 -4.12732 -819.17 0 
1 825.367 0.309906 0.0224885 0.678278 -0.865478 -0.376251 -1.67996 -4.17669 -819.511 0 
1 824.441 0.311607 0.0224914 0.675095 -0.844972 -0.374631 -1.0278 -4.20005 -819.213 0 
4 824.027 0.31519 0.0224911 0.674761 -0.850478 -0.416719 -0.664888 -4.16055 -819.202 0 
1 824.232 0.311051 0.0224345 0.679177 -0.858812 -0.468361 -0.446438 -4.22751 -819.558 0 
2 824.178 0.309295 0.0223958 0.679449 -0.847565 -0.488862 -0.427751 -4.27847 -819.472 0 
2 824.642 0.309633 0.0225262 0.680424 -0.856334 -0.453089 -0.882925 -4.2216 -819.537 0 
2 826.759 0.305453 0.0226371 0.684442 -0.861505 -0.444869 -2.30495 -4.54671 -819.908 0 
1 824.279 0.312681 0.0225367 0.676766 -0.846817 -0.433439 -0.947021 -4.09839 -819.234 0 
5 824.792 0.311444 0.0225794 0.675752 -0.837336 -0.396514 -1.38061 -4.22629 -819.185 0 
2 826.082 0.30593 0.0225159 0.681739 -0.864232 -0.395922 -1.9074 -4.41503 -819.76 0 
1 823.749 0.31295 0.0224605 0.675748 -0.86007 -0.366878 -0.268628 -4.17768 -819.303 0 
4 824.063 0.315342 0.0223507 0.673032 -0.851917 -0.406826 -0.665914 -4.19123 -819.206 0 
6 823.907 0.318304 0.0224438 0.670124 -0.821967 -0.459714 -0.579535 -4.11317 -819.214 0 
1 824.727 0.313313 0.0224737 0.674804 -0.833583 -0.461357 -1.51468 -4.0655 -819.147 0 
1 825.969 0.31053 0.0224843 0.67808 -0.851429 -0.444935 -2.42607 -4.1617 -819.382 0 
6 823.986 0.309593 0.022443 0.677907 -0.840508 -0.449846 -0.472518 -4.24468 -819.269 0 
1 823.721 0.320093 0.0223906 0.668728 -0.831167 -0.427493 -0.141628 -4.34338 -819.236 0 
1 824.476 0.315053 0.0223524 0.674293 -0.853787 -0.443066 -1.01122 -4.21087 -819.254 0 
8 823.731 0.316546 0.022288 0.673295 -0.846577 -0.481132 -0.320847 -4.23077 -819.179 0 
1 824.783 0.317945 0.0222067 0.670743 -0.84478 -0.456098 -1.35688 -4.28633 -819.14 0 
5 824.044 0.314946 0.0223487 0.67614 -0.86653 -0.444887 -0.196867 -4.39142 -819.455 0 
1 824.447 0.308952 0.0223616 0.681307 -0.869471 -0.457527 -0.167356 -4.34145 -819.938 0 
4 824.246 0.314622 0.02225 0.674932 -0.866955 -0.409611 -0.536322 -4.30612 -819.403 0 
6 824.254 0.316852 0.0224482 0.670795 -0.833077 -0.408091 -0.867791 -4.18488 -819.202 0 
2 823.666 0.311994 0.0224145 0.677952 -0.843474 -0.508542 -0.180779 -4.16315 -819.322 0 
7 823.459 0.314895 0.022363 0.675526 -0.843028 -0.503176 -0.115623 -4.13533 -819.208 0 
2 825.172 0.315309 0.0224388 0.674393 -0.834452 -0.508215 -1.96028 -4.08017 -819.131 0 
3 825.467 0.312304 0.0225545 0.677473 -0.837171 -0.495209 -2.15214 -4.10586 -819.209 0 
1 826.163 0.306738 0.0225591 0.682844 -0.854696 -0.478248 -1.92244 -4.48273 -819.758 0 
2 826.577 0.311713 0.0224555 0.681354 -0.884569 -0.448097 -1.84347 -4.57418 -820.16 0 
3 826.962 0.305714 0.0224985 0.686232 -0.900436 -0.395478 -1.2514 -4.59307 -821.118 0 
1 826.81 0.310259 0.022348 0.68249 -0.904093 -0.402639 -1.23821 -4.76191 -820.81 0 
2 824.733 0.313668 0.0222423 0.676786 -0.88275 -0.397336 -0.478386 -4.49843 -819.756 0 
17 824.539 0.321315 0.0223068 0.669516 -0.865777 -0.376723 -0.221404 -5.10835 -819.209 0 
1 825.072 0.317257 0.0223635 0.674687 -0.880496 -0.398893 -0.691787 -4.8686 -819.512 0 
2 825.12 0.312781 0.0224017 0.678854 -0.88082 -0.428547 -0.735237 -4.51058 -819.874 0 
4 825.803 0.321527 0.0224358 0.670129 -0.853075 -0.429221 -1.78212 -4.87084 -819.15 0 
2 829.201 0.310416 0.0224508 0.679815 -0.886296 -0.394392 -4.68058 -4.44129 -820.079 0 
5 830.135 0.304482 0.0225871 0.683918 -0.863734 -0.434953 -5.50528 -4.62249 -820.007 0 
1 826.547 0.30807 0.0226169 0.681187 -0.857128 -0.42735 -2.69918 -4.28386 -819.564 0 
3 825.141 0.304654 0.0225131 0.684291 -0.862948 -0.439191 -0.520503 -4.63252 -819.988 0 
1 826.068 0.30281 0.0225605 0.686373 -0.867481 -0.437179 -0.91632 -4.86361 -820.288 0 
1 824.782 0.310495 0.0225869 0.676941 -0.836088 -0.402033 -1.28043 -4.31355 -819.188 0 
4 824.834 0.31635 0.0224722 0.669105 -0.821256 -0.369332 -0.97556 -4.43068 -819.427 0 
6 824.379 0.318268 0.0224368 0.668028 -0.821645 -0.381524 -0.521378 -4.40807 -819.45 0 
2 824.451 0.313983 0.0224813 0.674958 -0.843327 -0.410221 -1.14952 -4.12285 -819.179 0 
1 825.304 0.312075 0.022621 0.675567 -0.831323 -0.398685 -1.82927 -4.29287 -819.182 0 
1 825.304 0.3154 0.0226132 0.67244 -0.825232 -0.413171 -1.89513 -4.18016 -819.228 0 
1 828.562 0.309281 0.022762 0.675823 -0.806568 -0.419896 -4.27207 -5.00872 -819.282 0 
3 827.087 0.315209 0.0227159 0.670901 -0.810885 -0.379501 -2.96644 -4.58236 -819.538 0 
1 826.714 0.31154 0.0227204 0.676647 -0.830884 -0.409973 -3.26569 -4.27583 -819.172 0 
1 827.405 0.312573 0.0226742 0.673138 -0.818364 -0.355941 -3.24564 -4.76973 -819.39 0 
1 827.03 0.309566 0.0225249 0.675702 -0.840205 -0.323574 -3.13006 -4.6637 -819.236 0 
2 827.545 0.30728 0.0225207 0.680409 -0.861997 -0.341908 -3.64803 -4.41198 -819.485 0 
2 824.426 0.314518 0.022449 0.674509 -0.863036 -0.343212 -0.86091 -4.28486 -819.28 0 
11 823.756 0.317016 0.0224396 0.67172 -0.854685 -0.353349 -0.145849 -4.39706 -819.213 0 
2 825.831 0.322964 0.022414 0.66373 -0.821735 -0.355715 -1.09699 -4.94504 -819.789 0 
1 825.559 0.31958 0.0223978 0.668206 -0.839098 -0.380719 -1.82501 -4.47502 -819.259 0 
4 824.264 0.315455 0.0223296 0.670791 -0.830933 -0.400345 -0.862635 -4.19159 -819.21 0 
1 824.158 0.310978 0.0225215 0.676359 -0.840304 -0.396003 -0.71563 -4.24246 -819.2 0 
2 824.627 0.312116 0.0224803 0.676163 -0.832869 -0.445113 -1.3074 -4.16164 -819.158 0 
1 823.67 0.311971 0.0223659 0.676251 -0.851518 -0.416561 -0.263969 -4.12039 -819.286 0 
1 824.887 0.311703 0.0223253 0.677198 -0.867743 -0.418279 -1.07917 -4.23204 -819.576 0 
1 825.257 0.313199 0.022306 0.678939 -0.889601 -0.427114 -0.418603 -4.73214 -820.107 0 
3 824.907 0.318548 0.022227 0.673005 -0.871732 -0.442874 -0.595552 -4.92574 -819.386 0 
5 825.479 0.323561 0.0222305 0.667016 -0.857676 -0.402479 -0.945985 -5.35589 -819.177 0 
1 825.38 0.320448 0.0222978 0.669129 -0.85246 -0.411609 -1.51076 -4.70518 -819.164 0 
6 824.843 0.321237 0.0223002 0.66699 -0.844587 -0.37407 -0.843135 -4.73937 -819.26 0 
1 825.946 0.309308 0.0223079 0.682014 -0.878664 -0.463274 -1.24665 -4.45905 -820.24 0 
3 824.256 0.314194 0.022294 0.675221 -0.870122 -0.402182 -0.455082 -4.339 -819.462 0 
1 826.717 0.316505 0.0222471 0.676364 -0.889982 -0.417423 -1.84409 -5.0412 -819.832 0 
1 827.539 0.315961 0.0222208 0.676286 -0.886349 -0.412167 -2.96843 -4.81802 -819.753 0 
2 826.281 0.317605 0.0221947 0.674141 -0.89297 -0.396928 -1.16997 -5.33995 -819.771 0 
6 829.45 0.318991 0.0220507 0.673721 -0.914841 -0.380237 -2.70198 -6.48707 -820.26 0 
1 829.442 0.309155 0.022136 0.683787 -0.931672 -0.405254 -1.33867 -5.70446 -822.399 0 
5 829.717 0.305063 0.0223302 0.689029 -0.926323 -0.433455 -1.29875 -5.41663 -823.002 0 
1 827.049 0.313042 0.0222862 0.677944 -0.896045 -0.393068 -2.03977 -4.82825 -820.181 0 
1 826.672 0.314761 0.0221751 0.676492 -0.90802 -0.357238 -1.14535 -5.2429 -820.283 0 
3 826.285 0.312639 0.0221495 0.678111 -0.901511 -0.383873 -1.07319 -4.84659 -820.365 0 
1 826.386 0.310754 0.0221756 0.679761 -0.909898 -0.356335 -0.864302 -4.79214 -820.73 0 
1 826.123 0.315988 0.0223649 0.670331 -0.860116 -0.301238 -2.3722 -4.49017 -819.261 0 
3 824.905 0.32043 0.0222874 0.667335 -0.860876 -0.303697 -0.598451 -5.02191 -819.284 0 
8 824.669 0.316276 0.022291 0.674318 -0.891938 -0.328462 -0.152095 -4.88697 -819.63 0 
4 825.352 0.308893 0.0223091 0.67944 -0.89207 -0.334948 -0.908639 -4.31548 -820.128 0 
1 825.197 0.313488 0.0222856 0.674117 -0.87828 -0.319933 -1.35138 -4.37015 -819.476 0 
1 824.774 0.317396 0.0223239 0.672854 -0.884025 -0.335347 -0.427401 -4.89706 -819.449 0 
2 826.327 0.314636 0.022222 0.676192 -0.897593 -0.336689 -1.66388 -4.77709 -819.886 0 
3 827.92 0.314841 0.0221668 0.677458 -0.909204 -0.361719 -2.3717 -5.2095 -820.339 0 
3 828.49 0.320543 0.0220297 0.670193 -0.90476 -0.307595 -2.76751 -6.07656 -819.646 0 
2 827.009 0.323003 0.0221928 0.668549 -0.886696 -0.350674 -1.53156 -6.1432 -819.335 0 
4 826.03 0.313586 0.0223782 0.679015 -0.901557 -0.368161 -0.957937 -4.86202 -820.21 0 
3 825.731 0.316939 0.022467 0.675251 -0.880742 -0.376292 -1.47476 -4.77336 -819.483 0 
4 826.468 0.318834 0.0224687 0.67402 -0.879521 -0.376024 -2.07154 -5.00713 -819.389 0 
3 825.518 0.319039 0.0224638 0.67325 -0.863414 -0.422076 -1.57404 -4.70857 -819.235 0 
4 824.977 0.313521 0.0223968 0.678565 -0.877241 -0.442346 -0.697029 -4.50546 -819.774 0 
1 824.765 0.320453 0.0223023 0.670496 -0.867185 -0.394879 -0.524844 -5.01383 -819.227 0 
2 826.137 0.314095 0.0222082 0.677129 -0.879277 -0.432195 -1.85298 -4.52846 -819.755 0 
1 827.917 0.313009 0.0221845 0.679386 -0.899235 -0.417326 -2.6053 -4.89558 -820.416 0 
1 826.193 0.310767 0.0222084 0.680451 -0.890988 -0.430262 -1.21049 -4.59666 -820.386 0 
4 825.219 0.312804 0.0221663 0.677733 -0.869717 -0.490792 -0.9271 -4.49491 -819.797 0 
3 825.581 0.316859 0.0222427 0.676089 -0.86208 -0.533001 -1.35479 -4.73346 -819.492 0 
3 826.211 0.319412 0.0220726 0.672255 -0.849772 -0.554077 -2.2535 -4.74538 -819.212 0 
3 826.381 0.30845 0.0222044 0.682517 -0.869389 -0.560752 -0.993124 -4.87546 -820.512 0 
1 826.265 0.316848 0.0221 0.674959 -0.867035 -0.534792 -1.68201 -4.97163 -819.612 0 
7 826.797 0.317061 0.0220983 0.675678 -0.877333 -0.526616 -1.64103 -5.31415 -819.842 0 
8 828.658 0.303761 0.0222223 0.687373 -0.900991 -0.490511 -1.20131 -5.29105 -822.166 0 
2 827.872 0.305349 0.0221789 0.68604 -0.884819 -0.530353 -1.4113 -5.08314 -821.377 0 
3 828.573 0.306736 0.022122 0.681626 -0.863114 -0.490534 -3.98031 -4.5287 -820.064 0 
3 826.605 0.312708 0.0221577 0.675808 -0.855055 -0.451124 -3.10037 -4.14077 -819.364 0 
2 824.199 0.317928 0.0224318 0.669489 -0.811796 -0.471728 -0.816954 -4.08255 -819.3 0 
3 827.702 0.325267 0.0223711 0.662412 -0.808251 -0.436905 -3.05254 -4.77557 -819.874 0 
2 825.611 0.311923 0.0223568 0.672546 -0.816456 -0.430488 -2.00815 -4.39298 -819.21 0 
2 824.779 0.314406 0.0224291 0.67149 -0.82046 -0.426974 -1.36988 -4.18541 -819.224 0 
3 824.819 0.31038 0.0224523 0.674769 -0.824785 -0.412762 -1.1919 -4.44907 -819.178 0 
1 825.531 0.306796 0.0224414 0.678466 -0.814773 -0.496502 -1.40439 -4.96387 -819.163 0 
1 825.424 0.304697 0.0223146 0.683002 -0.85554 -0.477324 -0.76248 -4.73608 -819.926 0 
2 823.705 0.313851 0.0224432 0.675163 -0.836403 -0.476925 -0.490592 -4.05898 -819.156 0 
1 824.582 0.323368 0.0222342 0.667079 -0.829441 -0.505606 -0.786573 -4.64974 -819.146 0 
4 824.382 0.32156 0.0222181 0.669678 -0.845329 -0.487728 -0.562587 -4.71345 -819.106 0 
7 823.888 0.310335 0.0224252 0.679736 -0.843694 -0.51962 -0.203855 -4.25853 -819.426 0 
1 823.503 0.314251 0.0224411 0.675463 -0.833619 -0.494645 -0.314875 -4.04894 -819.139 0 
4 824.177 0.310179 0.0224091 0.680353 -0.838911 -0.557854 -0.390288 -4.34288 -819.444 0 
1 824.297 0.311757 0.0224003 0.679583 -0.83523 -0.604898 -0.483475 -4.39404 -819.42 0 
2 826.733 0.311846 0.0225957 0.679936 -0.83408 -0.571163 -3.16413 -4.25808 -819.31 0 
3 826.877 0.317131 0.0225367 0.671708 -0.803296 -0.55228 -3.74533 -3.95085 -819.18 0 
4 827.069 0.32308 0.0223032 0.668248 -0.835916 -0.517581 -3.15633 -4.82467 -819.088 0 
1 825.441 0.318608 0.0223617 0.672186 -0.833627 -0.538367 -2.07609 -4.27768 -819.087 0 
2 825.772 0.319516 0.0221904 0.670239 -0.838059 -0.518747 -2.27186 -4.40658 -819.094 0 
6 826.37 0.307716 0.022172 0.680605 -0.868694 -0.470235 -1.85786 -4.44274 -820.07 0 
3 825.555 0.313005 0.0221803 0.67711 -0.865721 -0.497874 -1.37938 -4.47421 -819.701 0 
1 824.977 0.312947 0.0221931 0.678204 -0.864602 -0.522387 -0.691316 -4.52007 -819.766 0 
1 825.979 0.315903 0.022198 0.673543 -0.857005 -0.47489 -2.27653 -4.38916 -819.314 0 
5 825.794 0.310599 0.0222009 0.680498 -0.892899 -0.435156 -0.607302 -4.68516 -820.502 0 
1 826.365 0.318682 0.0221141 0.669055 -0.855358 -0.392868 -2.66043 -4.51896 -819.186 0 
3 827.141 0.309425 0.0222243 0.675795 -0.859112 -0.366237 -3.5388 -4.20342 -819.399 0 
4 828.904 0.304184 0.0222678 0.679697 -0.848384 -0.378991 -4.53341 -4.91575 -819.455 0 
8 824.903 0.310258 0.0224076 0.674922 -0.82508 -0.41875 -1.28078 -4.45126 -819.171 0 
4 825.414 0.303598 0.0224679 0.682997 -0.845058 -0.448257 -0.801672 -5.00512 -819.607 0 
1 825.104 0.306577 0.0224877 0.679835 -0.838835 -0.44021 -1.17475 -4.59733 -819.332 0 
1 823.972 0.309059 0.0224789 0.678515 -0.837302 -0.454533 -0.394969 -4.32289 -819.254 0 
2 823.603 0.314209 0.022445 0.672914 -0.818608 -0.461448 -0.303249 -4.12847 -819.171 0 
2 824.509 0.315167 0.0225275 0.671114 -0.815322 -0.417615 -0.901912 -4.28167 -819.326 0 
7 823.952 0.320556 0.0224133 0.669462 -0.841507 -0.412308 -0.243876 -4.51441 -819.193 0 
2 824.03 0.312364 0.0224748 0.677531 -0.858641 -0.417587 -0.514617 -4.14317 -819.372 0 
3 825.227 0.307051 0.0224007 0.683709 -0.885607 -0.422918 -0.263161 -4.46554 -820.498 0 
1 824.013 0.321219 0.0223131 0.669269 -0.849729 -0.421414 -0.130417 -4.72525 -819.157 0 
3 824.066 0.309805 0.0224138 0.677283 -0.846621 -0.417781 -0.565186 -4.20842 -819.293 0 
5 823.934 0.31237 0.0223408 0.6749 -0.840124 -0.427317 -0.62792 -4.12141 -819.185 0 
3 824.889 0.313161 0.0224356 0.673377 -0.826003 -0.444756 -1.6137 -4.1243 -819.151 0 
3 824.209 0.322643 0.0222796 0.668928 -0.835571 -0.513663 -0.438929 -4.67971 -819.091 0 
2 823.37 0.313011 0.0223488 0.676786 -0.835097 -0.540028 -0.00924633 -4.13739 -819.223 0 
7 823.707 0.312466 0.0222821 0.67756 -0.832979 -0.584436 -0.15425 -4.25836 -819.295 0 
4 824.278 0.312852 0.0224274 0.678652 -0.834019 -0.581369 -0.755034 -4.23514 -819.288 0 
1 824.51 0.312143 0.0224667 0.67807 -0.81726 -0.58337 -1.1773 -4.2057 -819.127 0 
2 824.628 0.310071 0.0224882 0.680009 -0.807365 -0.638418 -0.903304 -4.5661 -819.159 0 
4 825.552 0.306372 0.0224722 0.684284 -0.810731 -0.696165 -0.686985 -5.35327 -819.512 0 
1 825.352 0.323151 0.0224026 0.670277 -0.79696 -0.683457 -2.06944 -4.19344 -819.089 0 
1 824.933 0.324048 0.0223906 0.668113 -0.77963 -0.715377 -1.609 -4.03807 -819.286 0 
3 823.521 0.320586 0.022359 0.670379 -0.784072 -0.696832 -0.431409 -3.92738 -819.162 0 
1 823.649 0.313929 0.0224125 0.675646 -0.781514 -0.702118 -0.258293 -4.30581 -819.085 0 
1 824.414 0.313221 0.0223343 0.675943 -0.781288 -0.709274 -0.92047 -4.41489 -819.079 0 
2 824.437 0.313795 0.0222838 0.676789 -0.803654 -0.686701 -1.07606 -4.27455 -819.086 0 
4 823.574 0.316226 0.0222832 0.672067 -0.780619 -0.673952 -0.364079 -4.04471 -819.165 0 
2 823.857 0.319305 0.0223871 0.668442 -0.760817 -0.658921 -0.115042 -3.98792 -819.754 0 
4 824.583 0.310547 0.0224223 0.676602 -0.769684 -0.702273 -0.407181 -5.02442 -819.152 0 
2 824.764 0.310356 0.0223702 0.676816 -0.766859 -0.73233 -0.500396 -5.12677 -819.137 0 
4 824.797 0.311506 0.0223151 0.675584 -0.764264 -0.7376 -0.697943 -4.93674 -819.162 0 
4 823.814 0.314712 0.0224137 0.674494 -0.76821 -0.728745 -0.299105 -4.33569 -819.179 0 
10 824.407 0.320977 0.0224382 0.671002 -0.767125 -0.762811 -1.25031 -3.8909 -819.266 0 
3 824.611 0.313029 0.0223027 0.679261 -0.805297 -0.765242 -0.644508 -4.71074 -819.256 0 
1 824.597 0.323581 0.0222669 0.6699 -0.786469 -0.774227 -1.21218 -4.35138 -819.034 0 
5 823.718 0.322211 0.022276 0.669619 -0.775171 -0.770824 -0.538476 -4.03183 -819.148 0 
2 823.541 0.321879 0.0222614 0.668902 -0.760553 -0.792857 -0.315319 -3.89595 -819.33 0 
4 823.514 0.319748 0.0222827 0.67178 -0.779457 -0.762264 -0.401701 -4.04205 -819.07 0 
3 823.389 0.320325 0.0222504 0.670298 -0.7823 -0.722078 -0.306802 -3.96012 -819.123 0 
1 823.925 0.316362 0.0223122 0.673858 -0.776479 -0.742309 -0.703621 -4.13065 -819.09 0 
2 824.068 0.315632 0.0224493 0.673887 -0.751973 -0.798681 -0.375914 -4.4101 -819.282 0 
2 825.846 0.308971 0.0225598 0.680857 -0.766078 -0.791784 -1.16926 -5.557 -819.12 0 
1 825.742 0.313905 0.0225047 0.676992 -0.756093 -0.818426 -1.88771 -4.70121 -819.153 0 
33 823.944 0.325282 0.0223095 0.664991 -0.744358 -0.772565 -0.140088 -3.74118 -820.062 0 
7 824.544 0.317676 0.0221663 0.670656 -0.781513 -0.68998 -1.4356 -3.96003 -819.148 0 
4 825.469 0.315082 0.0222352 0.671095 -0.768799 -0.672077 -1.88027 -4.26745 -819.322 0 
2 826.52 0.308954 0.0221872 0.67773 -0.793209 -0.678696 -2.45015 -4.94121 -819.129 0 
1 827.334 0.318711 0.0221122 0.667351 -0.755974 -0.707291 -3.70809 -3.99363 -819.633 0 
1 827.146 0.305081 0.022317 0.680632 -0.782064 -0.684048 -1.84767 -6.13537 -819.163 0 
1 827.077 0.301881 0.0224234 0.684969 -0.792542 -0.690188 -0.813996 -6.86684 -819.396 0 
5 826.735 0.303438 0.022277 0.685013 -0.815333 -0.680909 -1.04154 -5.93004 -819.763 0 
10 823.918 0.312545 0.0222748 0.675759 -0.793911 -0.668949 -0.49134 -4.35623 -819.07 0 
5 823.771 0.31638 0.0222129 0.672988 -0.809306 -0.628165 -0.675189 -4.04685 -819.049 0 
3 823.511 0.321032 0.0223078 0.668556 -0.787106 -0.641752 -0.335892 -3.89561 -819.28 0 
4 824.016 0.323047 0.0222737 0.66632 -0.777522 -0.656926 -0.619978 -3.88839 -819.507 0 
2 823.591 0.318409 0.0224293 0.670398 -0.768107 -0.668458 -0.155062 -3.96274 -819.473 0 
4 824.224 0.32503 0.0224139 0.66485 -0.7631 -0.652285 -0.235747 -3.90277 -820.085 0 
1 825.194 0.312866 0.0222955 0.673727 -0.785815 -0.611254 -1.61662 -4.40594 -819.171 0 
2 824.095 0.318814 0.0222639 0.670002 -0.788078 -0.624965 -0.954014 -3.89677 -819.244 0 
3 825.397 0.329011 0.0223674 0.663183 -0.793593 -0.584385 -0.904247 -4.742 -819.751 0 
2 826.978 0.318967 0.0224759 0.67348 -0.795987 -0.658542 -3.95722 -3.94113 -819.079 0 
3 826.504 0.322441 0.0225849 0.669509 -0.774126 -0.674577 -3.17323 -3.84335 -819.487 0 
6 825.322 0.32352 0.0224609 0.668491 -0.782662 -0.653665 -1.96144 -3.93788 -819.423 0 
6 824.722 0.326133 0.0223737 0.663302 -0.771998 -0.610638 -0.535259 -4.08486 -820.101 0 
4 824.593 0.312769 0.0223576 0.676726 -0.797682 -0.652884 -1.2238 -4.29834 -819.07 0 
3 823.842 0.32049 0.0224157 0.669273 -0.78339 -0.640206 -0.639659 -3.86835 -819.334 0 
3 826.638 0.326648 0.0223828 0.662622 -0.76649 -0.630709 -2.36611 -4.05529 -820.217 0 
1 827.153 0.328558 0.0224199 0.663313 -0.785976 -0.616871 -2.83661 -4.5414 -819.775 0 
1 826.261 0.323078 0.0223875 0.666136 -0.78209 -0.616597 -2.7479 -3.94385 -819.57 0 
1 825.326 0.317906 0.0223934 0.671175 -0.795104 -0.622316 -2.2619 -3.9273 -819.136 0 
1 824.417 0.31795 0.0223067 0.670742 -0.798327 -0.612936 -1.36142 -3.93259 -819.123 0 
2 825.743 0.305829 0.0222884 0.683197 -0.831493 -0.633404 -0.788301 -5.13232 -819.822 0 
1 824.516 0.317835 0.0222616 0.672473 -0.821945 -0.598974 -1.28496 -4.1715 -819.06 0 
1 825.654 0.312702 0.0222055 0.678389 -0.828162 -0.644629 -1.90586 -4.4023 -819.346 0 
1 825.857 0.305221 0.0222567 0.683981 -0.823149 -0.677559 -0.575769 -5.45182 -819.83 0 
2 825.831 0.30706 0.0223111 0.679349 -0.790745 -0.662103 -1.31793 -5.36997 -819.143 0 
1 824.459 0.319616 0.0224035 0.668147 -0.771165 -0.629362 -0.927977 -3.91247 -819.618 0 
1 823.531 0.313622 0.0224144 0.675898 -0.796545 -0.643784 -0.266399 -4.19622 -819.068 0 
2 823.664 0.318675 0.0224613 0.671036 -0.774484 -0.67168 -0.423085 -3.90496 -819.336 0 
4 824.198 0.322144 0.0223956 0.666672 -0.768 -0.649314 -0.600364 -3.84627 -819.752 0 
7 823.639 0.318082 0.0223744 0.671569 -0.777722 -0.676278 -0.460683 -3.93287 -819.245 0 
3 824.544 0.32287 0.0224242 0.666558 -0.774484 -0.632431 -0.972436 -3.88272 -819.689 0 
2 823.887 0.31667 0.0223842 0.671824 -0.770839 -0.698065 -0.570506 -4.05773 -819.258 0 
3 823.992 0.316141 0.0224613 0.674144 -0.762604 -0.775128 -0.570001 -4.23794 -819.184 0 
6 823.771 0.319266 0.0224044 0.670654 -0.755984 -0.77026 -0.415707 -3.94886 -819.406 0 
1 825.066 0.318881 0.0223186 0.669021 -0.753076 -0.743965 -1.5347 -3.97068 -819.56 0 
1 824.67 0.318908 0.022303 0.669785 -0.763164 -0.740014 -1.39218 -3.93371 -819.344 0 
2 824.599 0.31759 0.0222404 0.670282 -0.763029 -0.735421 -1.24976 -4.03252 -819.317 0 
1 824.404 0.313202 0.0222122 0.678009 -0.803765 -0.758926 -0.540326 -4.65122 -819.212 0 
3 824.438 0.311775 0.0222256 0.67826 -0.796416 -0.759006 -0.519082 -4.73905 -819.18 0 
11 824.957 0.31596 0.0222958 0.677365 -0.790359 -0.851151 -0.995797 -4.83722 -819.124 0 
1 826.164 0.318048 0.0222399 0.676709 -0.803573 -0.852164 -1.78856 -5.17542 -819.2 0 
1 825.923 0.314305 0.0222706 0.678762 -0.796072 -0.860244 -1.47328 -5.15687 -819.293 0 
7 825.814 0.31446 0.0221821 0.677805 -0.790844 -0.873484 -1.43658 -5.13754 -819.24 0 
4 825.535 0.314847 0.0221167 0.676794 -0.787458 -0.865583 -1.41199 -4.96052 -819.162 0 
1 824.659 0.318746 0.0221708 0.670875 -0.746514 -0.877368 -1.18072 -4.22455 -819.254 0 
2 824.409 0.323372 0.022179 0.667872 -0.747059 -0.880064 -1.02257 -4.0057 -819.381 0 
5 825.474 0.317797 0.0220822 0.673187 -0.775398 -0.860155 -1.92923 -4.5278 -819.017 0 
5 826.125 0.308276 0.022273 0.681545 -0.787157 -0.827411 -1.10033 -5.65148 -819.373 0 
1 826.314 0.311083 0.0223266 0.678732 -0.774596 -0.836854 -2.01244 -5.16749 -819.135 0 
4 826.796 0.313728 0.0224204 0.676014 -0.761054 -0.830846 -2.98316 -4.71678 -819.096 0 
1 826.789 0.309653 0.0223432 0.679732 -0.770298 -0.848174 -2.11218 -5.51308 -819.164 0 
2 828.246 0.303989 0.0221739 0.687069 -0.804899 -0.86621 -0.988596 -6.88587 -820.372 0 
6 828.025 0.308317 0.0221285 0.68406 -0.803802 -0.885304 -1.89495 -6.11637 -820.013 0 
25 824.473 0.316636 0.0222015 0.675288 -0.77826 -0.86425 -0.76909 -4.66291 -819.041 0 
7 825.399 0.312625 0.0221931 0.679741 -0.795851 -0.852215 -0.860746 -5.18039 -819.358 0 
1 824.579 0.319141 0.0221742 0.671283 -0.767533 -0.825905 -1.32005 -4.17847 -819.081 0 
1 825.133 0.316186 0.0221447 0.67326 -0.769341 -0.822676 -1.69468 -4.38346 -819.055 0 
2 824.805 0.309938 0.0222878 0.680273 -0.773321 -0.85314 -0.162415 -5.45721 -819.185 0 
2 828.87 0.307225 0.0221521 0.685103 -0.803841 -0.877663 -2.56323 -6.23037 -820.076 0 
3 828.409 0.304305 0.0221729 0.687315 -0.810947 -0.857345 -1.1396 -6.75876 -820.511 0 
1 826.396 0.325333 0.0221762 0.666773 -0.775244 -0.795592 -2.8721 -4.35882 -819.165 0 
5 824.245 0.322781 0.0222046 0.66976 -0.778749 -0.803225 -0.927598 -4.26819 -819.05 0 
1 824.03 0.319606 0.0222884 0.670183 -0.758722 -0.792235 -0.770406 -3.96888 -819.291 0 
1 823.795 0.318809 0.0222565 0.67198 -0.778639 -0.771568 -0.635768 -4.10463 -819.055 0 
2 824.02 0.313742 0.0223551 0.677952 -0.792392 -0.774117 -0.358289 -4.56013 -819.102 0 
3 824.181 0.31035 0.0224088 0.679164 -0.780394 -0.758896 -0.0913116 -4.98456 -819.105 0 
8 824.304 0.311284 0.0223568 0.679036 -0.797993 -0.736006 -0.419792 -4.70987 -819.174 0 
1 825.242 0.308826 0.0223581 0.682827 -0.801318 -0.784618 -0.459738 -5.31325 -819.469 0 
1 827.067 0.310483 0.0222708 0.6818 -0.821457 -0.719457 -2.63868 -4.85355 -819.574 0 
3 828.512 0.307215 0.0222936 0.684648 -0.809397 -0.775171 -3.22411 -5.55515 -819.733 0 
2 829.355 0.308003 0.0224675 0.684393 -0.794664 -0.788779 -4.47154 -5.48114 -819.402 0 
1 828.566 0.303435 0.0225675 0.687216 -0.779284 -0.814359 -2.09806 -7.00334 -819.464 0 
1 828.255 0.309339 0.0225671 0.679496 -0.742203 -0.816233 -2.88987 -6.09845 -819.266 0 
2 824.468 0.325503 0.0224041 0.665625 -0.740642 -0.784794 -0.599052 -3.72648 -820.142 0 
1 824.792 0.322732 0.0223182 0.66495 -0.733071 -0.751247 -0.487451 -3.85709 -820.448 0 
1 824.512 0.314651 0.0223289 0.672676 -0.750206 -0.755839 -0.508327 -4.59249 -819.412 0 
2 825.055 0.314543 0.022553 0.674231 -0.747721 -0.7602 -0.952081 -4.65604 -819.447 0 
1 825.574 0.310312 0.0225645 0.678431 -0.761339 -0.759624 -1.15851 -5.26476 -819.15 0 
3 823.672 0.318496 0.0224004 0.671266 -0.772973 -0.71016 -0.500855 -3.92956 -819.241 0 
1 823.329 0.316929 0.0223238 0.672057 -0.785717 -0.668134 -0.217939 -3.98031 -819.131 0 
6 823.59 0.318568 0.022363 0.669776 -0.773932 -0.642276 -0.199976 -3.94248 -819.447 0 
1 824.085 0.318412 0.0225026 0.66984 -0.774293 -0.610092 -0.523515 -3.99882 -819.562 0 
1 824.657 0.316933 0.0224873 0.669383 -0.769076 -0.57626 -0.549195 -4.32247 -819.786 0 
4 824.6 0.311355 0.0225108 0.675005 -0.791913 -0.54533 -0.760366 -4.62918 -819.21 0 
1 824.064 0.313197 0.0225342 0.674525 -0.804883 -0.519609 -0.677995 -4.22372 -819.162 0 
2 825.015 0.319883 0.022544 0.66712 -0.779792 -0.514976 -0.817283 -4.23254 -819.965 0 
2 824.085 0.319061 0.022399 0.671963 -0.833556 -0.51586 -0.749536 -4.24622 -819.089 0 
2 824.709 0.31442 0.0222867 0.677085 -0.852794 -0.52408 -0.991954 -4.30852 -819.409 0 
1 824.867 0.314288 0.0222005 0.675526 -0.856144 -0.473956 -1.27828 -4.22659 -819.362 0 
2 824.719 0.314239 0.0221792 0.674371 -0.847478 -0.486287 -1.30706 -4.15404 -819.258 0 
1 825.417 0.305461 0.0223632 0.682048 -0.831825 -0.529986 -1.02018 -4.92549 -819.471 0 
2 825.089 0.319751 0.0222895 0.667144 -0.80452 -0.500894 -1.63837 -4.06174 -819.389 0 
6 824.011 0.309259 0.0223232 0.67929 -0.828134 -0.5697 -0.243444 -4.44298 -819.325 0 
2 824.8 0.314652 0.0224105 0.672627 -0.811277 -0.519588 -1.63162 -4.03518 -819.133 0 
1 823.847 0.319664 0.0224038 0.669225 -0.789148 -0.599465 -0.617975 -3.8971 -819.332 0 
2 823.522 0.319847 0.022359 0.670708 -0.795548 -0.64727 -0.451812 -3.95375 -819.116 0 
18 823.416 0.313108 0.0224085 0.676529 -0.80112 -0.642517 -0.116382 -4.2292 -819.07 0 
1 826.739 0.31356 0.0221865 0.677582 -0.817736 -0.676039 -3.16438 -4.35944 -819.215 0 
1 826.628 0.316964 0.0221028 0.673846 -0.810595 -0.680438 -3.38555 -4.18904 -819.054 0 
4 824.621 0.317221 0.0221522 0.671332 -0.797889 -0.641453 -1.57955 -3.96842 -819.073 0 
2 826.111 0.311279 0.0223371 0.680168 -0.814643 -0.681651 -2.29463 -4.5358 -819.28 0 
1 825.959 0.304508 0.0223602 0.685558 -0.832336 -0.635833 -0.61378 -5.37969 -819.966 0 
3 823.315 0.316282 0.0223002 0.674059 -0.815151 -0.608452 -0.204865 -4.05021 -819.06 0 
2 825.056 0.305692 0.0223733 0.68456 -0.837486 -0.620445 -0.00663014 -5.0959 -819.953 0 
2 825.464 0.30843 0.0222754 0.682291 -0.853704 -0.590258 -0.594702 -4.77317 -820.096 0 
1 826.045 0.310874 0.0223704 0.679418 -0.832916 -0.612545 -2.12748 -4.47389 -819.444 0 
3 828.038 0.309134 0.0222149 0.681245 -0.851081 -0.616897 -3.07777 -4.87985 -820.08 0 
7 827.951 0.304557 0.0221561 0.686783 -0.857273 -0.669258 -1.04418 -5.73111 -821.176 0 
5 826.323 0.316897 0.022071 0.673976 -0.836605 -0.63123 -2.46923 -4.59484 -819.259 0 
3 825.166 0.311529 0.0222208 0.680499 -0.846461 -0.642901 -0.519775 -4.79285 -819.854 0 
4 824.696 0.315083 0.0222229 0.677036 -0.844518 -0.615738 -0.628596 -4.60968 -819.457 0 
1 824.701 0.315468 0.0221946 0.676419 -0.848254 -0.589977 -0.692756 -4.56912 -819.439 0 
7 824.865 0.322403 0.0221496 0.669546 -0.826549 -0.59714 -1.2392 -4.59386 -819.032 0 
6 823.751 0.314277 0.0223275 0.674861 -0.802476 -0.618566 -0.584085 -4.09877 -819.068 0 
7 825.091 0.310108 0.0225758 0.679207 -0.804234 -0.597693 -1.43752 -4.5456 -819.108 0 
5 825.345 0.310343 0.0225885 0.675785 -0.790975 -0.536421 -1.29152 -4.83286 -819.221 0 
1 826.594 0.305881 0.0224992 0.682747 -0.821751 -0.602901 -2.07393 -5.05584 -819.465 0 
2 826.967 0.317185 0.0226102 0.672003 -0.780684 -0.624418 -3.67335 -3.97307 -819.32 0 
3 824.1 0.314909 0.0224642 0.673008 -0.788841 -0.603518 -0.803253 -4.10663 -819.19 0 
2 823.802 0.315683 0.0223847 0.672431 -0.783808 -0.643818 -0.562504 -4.05994 -819.18 0 
2 825.765 0.310284 0.0222736 0.675417 -0.791057 -0.611013 -1.96643 -4.68813 -819.11 0 
2 825.773 0.313139 0.0222938 0.672147 -0.772049 -0.630995 -1.89104 -4.55606 -819.326 0 
1 825.929 0.315974 0.0221293 0.671337 -0.797403 -0.610898 -2.82856 -3.99283 -819.108 0 
7 826.568 0.322047 0.0221572 0.66419 -0.769841 -0.599525 -2.64949 -3.96387 -819.955 0 
1 826.185 0.322412 0.0223184 0.66328 -0.754153 -0.583924 -1.23282 -4.25114 -820.701 0 
4 826.81 0.325554 0.0224204 0.660438 -0.739633 -0.598714 -0.829921 -4.35183 -821.628 0 
8 825.859 0.32584 0.022437 0.661694 -0.735809 -0.645262 -0.261135 -4.15517 -821.443 0 
11 827.332 0.333505 0.0224347 0.657226 -0.739109 -0.651267 -0.667491 -4.58823 -822.076 0 
3 826.844 0.33299 0.02225 0.656633 -0.756881 -0.616055 -0.705272 -4.78656 -821.352 0 
1 826.93 0.333903 0.0221661 0.656579 -0.761003 -0.631574 -0.88636 -4.93606 -821.107 0 
3 824.325 0.323664 0.0223388 0.665953 -0.76887 -0.646378 -0.613792 -3.87844 -819.833 0 
6 824.602 0.324721 0.0222735 0.664594 -0.77843 -0.603522 -0.742873 -4.02716 -819.831 0 
2 825.655 0.322563 0.0221777 0.665012 -0.7724 -0.618274 -1.94191 -3.90967 -819.804 0 
6 825.576 0.322887 0.0222746 0.663786 -0.751015 -0.638009 -1.07889 -4.01268 -820.484 0 
7 825.278 0.324194 0.022242 0.663513 -0.758027 -0.640004 -1.05801 -3.92989 -820.291 0 
1 828.543 0.321112 0.0224141 0.665156 -0.741512 -0.621434 -3.21079 -4.45226 -820.88 0 
2 830.328 0.31966 0.0223689 0.665845 -0.740944 -0.620886 -4.91435 -4.63466 -820.779 0 
2 829.607 0.333943 0.0223032 0.652778 -0.72334 -0.601559 -0.787807 -5.05664 -823.763 0 
1 828.498 0.329234 0.0223253 0.656833 -0.727289 -0.606145 -1.08969 -4.64373 -822.765 0 
2 828.652 0.324337 0.0223909 0.662294 -0.738105 -0.614601 -2.83021 -4.38784 -821.434 0 
1 828.86 0.319127 0.0223845 0.664409 -0.726287 -0.632636 -2.44184 -5.04629 -821.372 0 
3 825.501 0.319183 0.0224294 0.66664 -0.74084 -0.65412 -0.603397 -4.39847 -820.499 0 
4 826.165 0.320429 0.0222344 0.666833 -0.757474 -0.665995 -2.31683 -3.9597 -819.889 0 
1 827.759 0.327534 0.0222808 0.658441 -0.730555 -0.64635 -1.63716 -4.19982 -821.922 0 
1 826.03 0.32428 0.022496 0.662715 -0.735277 -0.638031 -0.430433 -4.22824 -821.371 0 
1 825.084 0.325385 0.0223834 0.665117 -0.770105 -0.636734 -1.15589 -3.9688 -819.959 0 
2 825.751 0.327802 0.0221854 0.660631 -0.762259 -0.625814 -1.09734 -4.13968 -820.514 0 
1 826.695 0.326441 0.0223006 0.660851 -0.759362 -0.60356 -1.90016 -4.11335 -820.682 0 
2 826.12 0.323924 0.0221815 0.665237 -0.765571 -0.676263 -2.48721 -3.83812 -819.794 0 
1 827.022 0.333583 0.0221951 0.656264 -0.752353 -0.647744 -0.927002 -4.72219 -821.373 0 
3 828.092 0.336692 0.0223415 0.65382 -0.727334 -0.676275 -0.22711 -4.88509 -822.98 0 
2 827.544 0.322696 0.0225183 0.667713 -0.743786 -0.720664 -3.4675 -3.8654 -820.212 0 
9 827.026 0.326363 0.0225308 0.661669 -0.7234 -0.675703 -0.905515 -4.19561 -821.925 0 
1 826.996 0.324554 0.0224911 0.663617 -0.728331 -0.68643 -1.52642 -4.12337 -821.346 0 
1 825.674 0.32225 0.02252 0.664623 -0.74571 -0.61389 -0.589377 -4.23919 -820.845 0 
4 826.086 0.319975 0.0225848 0.667109 -0.746952 -0.620788 -1.19763 -4.35087 -820.537 0 
8 826.859 0.322612 0.022555 0.663839 -0.740034 -0.597232 -1.06158 -4.49304 -821.304 0 
4 826.44 0.317549 0.0225612 0.668005 -0.745492 -0.606704 -1.18504 -4.75492 -820.5 0 
1 825.873 0.314293 0.0225032 0.670539 -0.764024 -0.566961 -1.18743 -4.85227 -819.834 0 
1 824.826 0.31665 0.0223936 0.668659 -0.796136 -0.46901 -0.972554 -4.29841 -819.555 0 
1 824.062 0.313099 0.0223245 0.673785 -0.814071 -0.509939 -0.796612 -4.14401 -819.121 0 
4 825.569 0.311183 0.0223379 0.673662 -0.800404 -0.511794 -1.83977 -4.54305 -819.186 0 
1 826.39 0.312793 0.0223178 0.672121 -0.806272 -0.497541 -2.95591 -4.24996 -819.184 0 
3 824.626 0.316025 0.0221979 0.671391 -0.82352 -0.503387 -1.50612 -4.01116 -819.109 0 
6 824.625 0.318301 0.0221599 0.670955 -0.844027 -0.478472 -1.1854 -4.30836 -819.132 0 
1 824.706 0.312491 0.0222191 0.675176 -0.830331 -0.512518 -1.44275 -4.10307 -819.16 0 
4 824.363 0.311125 0.0222433 0.677742 -0.844613 -0.511717 -0.772723 -4.20441 -819.385 0 
1 824.467 0.314019 0.0222173 0.673676 -0.838515 -0.469557 -1.24022 -4.06369 -819.163 0 
1 824.118 0.320159 0.0222592 0.667824 -0.825889 -0.451275 -0.621423 -4.26179 -819.235 0 
2 824.148 0.315088 0.0223095 0.67319 -0.83353 -0.489896 -0.969468 -4.05129 -819.127 0 
10 826.791 0.314855 0.0224545 0.671642 -0.805896 -0.50658 -3.51083 -4.07379 -819.207 0 
1 824.572 0.317969 0.0224513 0.670989 -0.800338 -0.572228 -1.45398 -3.93111 -819.187 0 
2 823.912 0.313742 0.0222925 0.673466 -0.812119 -0.53796 -0.729834 -4.0793 -819.103 0 
2 824.169 0.317412 0.0221749 0.671777 -0.816322 -0.584946 -1.08584 -4.02386 -819.06 0 
6 825.004 0.321726 0.0221683 0.670816 -0.83902 -0.578881 -1.10783 -4.82156 -819.075 0 
13 825.026 0.321431 0.0223335 0.672018 -0.830522 -0.60642 -1.34085 -4.64113 -819.044 0 
2 824.809 0.318603 0.0223846 0.673344 -0.820953 -0.618781 -1.51595 -4.24407 -819.049 0 
2 825.174 0.316158 0.0224182 0.677002 -0.818606 -0.672406 -1.73637 -4.3111 -819.127 0 
2 825.475 0.319261 0.0224008 0.674483 -0.810105 -0.697046 -2.14574 -4.31006 -819.019 0 
3 825.063 0.310039 0.0224004 0.682184 -0.839585 -0.63401 -0.652433 -4.67742 -819.734 0 
2 825.656 0.313183 0.0225326 0.679049 -0.810794 -0.666944 -2.21809 -4.30267 -819.135 0 
2 825.934 0.324135 0.0224631 0.667294 -0.785852 -0.64346 -2.47484 -4.03994 -819.419 0 
3 827.348 0.323767 0.0224699 0.670667 -0.818849 -0.623819 -3.66136 -4.65796 -819.029 0 
3 825.886 0.317305 0.0223458 0.676309 -0.842119 -0.598444 -2.11358 -4.51213 -819.26 0 
2 825.044 0.320796 0.0224492 0.671435 -0.820687 -0.576372 -1.73066 -4.254 -819.06 0 
3 825.671 0.31681 0.0224151 0.674614 -0.829357 -0.585047 -2.33286 -4.22662 -819.112 0 
2 825.175 0.306921 0.0223546 0.683664 -0.859075 -0.550763 -0.216828 -4.74352 -820.215 0 
1 825.344 0.307639 0.0222941 0.67909 -0.835688 -0.504974 -1.47529 -4.49647 -819.372 0 
1 825.748 0.30303 0.0225091 0.685575 -0.843775 -0.525212 -0.613774 -5.22167 -819.913 0 
3 824.38 0.307095 0.0224152 0.681248 -0.845575 -0.495454 -0.312391 -4.49838 -819.569 0 
5 824.506 0.307673 0.0225269 0.680563 -0.835986 -0.487944 -0.681382 -4.48588 -819.339 0 
7 823.424 0.318532 0.0223662 0.669687 -0.815599 -0.489573 -0.152684 -4.05382 -819.218 0 
5 823.626 0.313127 0.0224548 0.674696 -0.802387 -0.553525 -0.292849 -4.20605 -819.127 0 
2 824.355 0.316787 0.0224128 0.669218 -0.787834 -0.519128 -0.608524 -4.2036 -819.543 0 
1 826.164 0.323918 0.0223949 0.661963 -0.77896 -0.47667 -1.07833 -4.52902 -820.556 0 
3 825.84 0.314131 0.0225601 0.670908 -0.78293 -0.502212 -1.62018 -4.61147 -819.608 0 
2 824.103 0.31406 0.0225502 0.674461 -0.813628 -0.50292 -0.871238 -4.09429 -819.137 0 
3 825.336 0.323527 0.0225306 0.66657 -0.806249 -0.487721 -1.40388 -4.35719 -819.575 0 
2 825.075 0.313451 0.0224979 0.676733 -0.830304 -0.503761 -1.87283 -4.06453 -819.137 0 
2 824.295 0.310993 0.0225455 0.677471 -0.821581 -0.50027 -0.897047 -4.26494 -819.133 0 
4 823.654 0.311725 0.0224714 0.676536 -0.832322 -0.475382 -0.353636 -4.1337 -819.167 0 
3 823.712 0.312217 0.0224833 0.676446 -0.837176 -0.452829 -0.421885 -4.11123 -819.178 0 
2 824.105 0.314349 0.0225027 0.674075 -0.821846 -0.46731 -0.862464 -4.0971 -819.146 0 
1 825.117 0.316395 0.0224744 0.673282 -0.829455 -0.458773 -1.9025 -4.07484 -819.14 0 
3 825.182 0.324857 0.0224305 0.662777 -0.807233 -0.398581 -0.136151 -4.94543 -820.1 0 
3 826.538 0.318279 0.0224378 0.670024 -0.821514 -0.419424 -2.94525 -4.26717 -819.326 0 
1 827.22 0.318117 0.0223135 0.668716 -0.834449 -0.355328 -3.40184 -4.4814 -819.337 0 
3 826.775 0.314594 0.0224168 0.67128 -0.837813 -0.325293 -2.97862 -4.50122 -819.295 0 
2 825.698 0.316447 0.0223795 0.671098 -0.833237 -0.389819 -2.21101 -4.25834 -819.229 0 
3 826.1 0.320916 0.0223896 0.665563 -0.821917 -0.346761 -1.56586 -4.82018 -819.714 0 
2 827.015 0.316426 0.0223059 0.671851 -0.839599 -0.405239 -3.64894 -4.1926 -819.173 0 
4 825.931 0.312825 0.0223364 0.672331 -0.821383 -0.411824 -2.35442 -4.35703 -819.22 0 
2 825.641 0.319771 0.0223425 0.666315 -0.809698 -0.407537 -1.51385 -4.46475 -819.663 0 
2 825.356 0.318211 0.0224081 0.666678 -0.803492 -0.405421 -1.10137 -4.50791 -819.746 0 
1 824.513 0.313315 0.0223802 0.674254 -0.835064 -0.425838 -1.22106 -4.13285 -819.159 0 
2 823.921 0.318576 0.022419 0.67096 -0.849476 -0.381878 -0.295049 -4.43564 -819.19 0 
3 824.004 0.318748 0.0224536 0.670491 -0.850627 -0.363788 -0.285043 -4.50873 -819.211 0 
5 823.826 0.312815 0.0224248 0.676545 -0.86687 -0.374529 -0.216756 -4.20031 -819.409 0 
2 823.549 0.313524 0.0223317 0.674827 -0.852332 -0.415242 -0.174193 -4.12399 -819.251 0 
2 823.882 0.314339 0.0222685 0.673717 -0.845421 -0.443967 -0.591258 -4.09841 -819.193 0 
9 824.743 0.313013 0.0223224 0.676739 -0.848134 -0.473816 -1.33912 -4.11453 -819.29 0 
2 823.962 0.319242 0.022264 0.669193 -0.832811 -0.441107 -0.5327 -4.25175 -819.178 0 
1 824.116 0.321058 0.0224628 0.667445 -0.81776 -0.433482 -0.320301 -4.35601 -819.44 0 
1 826.849 0.331402 0.02231 0.657295 -0.790519 -0.456204 -0.344657 -5.601 -820.904 0 
2 828.08 0.331415 0.022395 0.657469 -0.789913 -0.453728 -1.50711 -5.62046 -820.953 0 
1 825.364 0.323349 0.0224837 0.66433 -0.792368 -0.474315 -0.946271 -4.39199 -820.026 0 
2 823.779 0.316967 0.0224226 0.672015 -0.806993 -0.53514 -0.620649 -3.98406 -819.174 0 
2 824.32 0.310182 0.0225265 0.677048 -0.811651 -0.518457 -0.747765 -4.44978 -819.122 0 
1 824.19 0.307879 0.0224637 0.680372 -0.819426 -0.562856 -0.266365 -4.68111 -819.243 0 
2 824.212 0.312582 0.0223147 0.674057 -0.81346 -0.522674 -0.938843 -4.16179 -819.111 0 
3 824.23 0.312112 0.0223093 0.677218 -0.833027 -0.535154 -0.860155 -4.14894 -819.221 0 
3 823.507 0.316708 0.02234 0.674099 -0.837104 -0.524673 -0.223287 -4.15332 -819.13 0 
4 824.202 0.319209 0.0223568 0.671785 -0.8387 -0.508211 -0.755489 -4.34677 -819.1 0 
8 824.123 0.322047 0.0222202 0.667012 -0.813503 -0.528177 -0.677778 -4.21062 -819.235 0 
1 823.658 0.321339 0.022258 0.668053 -0.814814 -0.531349 -0.304522 -4.16186 -819.191 0 
3 825.984 0.317333 0.0221666 0.672668 -0.840087 -0.507437 -2.67144 -4.18151 -819.131 0 
2 826.535 0.313774 0.0221068 0.675793 -0.861396 -0.475589 -2.75576 -4.29206 -819.487 0 
2 828.169 0.324614 0.0220038 0.666029 -0.847203 -0.471693 -3.80215 -5.24657 -819.121 0 
3 828.338 0.328392 0.0220004 0.662177 -0.836334 -0.469994 -3.28721 -5.76321 -819.287 0 
2 827.382 0.326955 0.0220467 0.663403 -0.831413 -0.48029 -2.82119 -5.28389 -819.277 0 
4 827.026 0.320318 0.0220735 0.66697 -0.83339 -0.447447 -3.49718 -4.35095 -819.178 0 
5 826.113 0.31334 0.0221318 0.674166 -0.845258 -0.46363 -2.78993 -4.09274 -819.231 0 
3 825.269 0.311429 0.0222475 0.674756 -0.825866 -0.492352 -1.9498 -4.17673 -819.143 0 
2 825.587 0.305874 0.0223754 0.681012 -0.830711 -0.529784 -1.32748 -4.83183 -819.428 0 
4 824.175 0.312376 0.0223569 0.677755 -0.826686 -0.573329 -0.799866 -4.18064 -819.194 0 
2 824.265 0.309567 0.0224394 0.680057 -0.818121 -0.598721 -0.534565 -4.50215 -819.229 0 
3 823.247 0.320025 0.0223768 0.669273 -0.79446 -0.586872 -0.0359368 -3.92018 -819.29 0 
2 823.306 0.316056 0.0222966 0.674167 -0.828014 -0.561676 -0.110275 -4.09232 -819.104 0 
3 824.221 0.314297 0.0221933 0.676058 -0.828999 -0.620787 -0.689887 -4.29741 -819.234 0 
1 825.557 0.30833 0.0222131 0.682036 -0.842197 -0.63699 -0.710617 -4.88626 -819.96 0 
3 826.037 0.31869 0.0221177 0.674379 -0.850837 -0.619328 -1.53411 -5.10561 -819.397 0 
2 825.41 0.30912 0.0222386 0.682188 -0.856555 -0.599477 -0.408771 -4.82212 -820.18 0 
3 825.929 0.308813 0.0222487 0.68113 -0.844646 -0.60535 -1.36522 -4.71536 -819.848 0 
6 826.103 0.314996 0.0221601 0.67268 -0.815711 -0.584789 -2.97891 -4.04839 -819.075 0 
9 826.209 0.320385 0.022168 0.668079 -0.811083 -0.569419 -3.00285 -4.08004 -819.126 0 
5 824.424 0.316503 0.0222108 0.675263 -0.828404 -0.635496 -0.912957 -4.34181 -819.17 0 
6 824.25 0.309781 0.0223352 0.680855 -0.818919 -0.67102 -0.157339 -4.69213 -819.401 0 
2 824.501 0.320631 0.0223127 0.672398 -0.818718 -0.645504 -1.09929 -4.38114 -819.02 0 
2 827.14 0.325472 0.0221455 0.668818 -0.810254 -0.706528 -3.24048 -4.91713 -818.982 0 
5 825.217 0.320213 0.0223135 0.671733 -0.779489 -0.742347 -2.14868 -3.95529 -819.113 0 
4 823.461 0.320932 0.0222905 0.668218 -0.771376 -0.679676 -0.164874 -3.83301 -819.463 0 
4 823.425 0.322575 0.0223274 0.667335 -0.772419 -0.675686 -0.0565762 -3.83783 -819.531 0 
4 824.232 0.315614 0.022434 0.67449 -0.781003 -0.690116 -0.995135 -4.11637 -819.12 0 
2 823.906 0.314582 0.022419 0.67539 -0.786654 -0.68269 -0.64379 -4.18505 -819.078 0 
2 824.47 0.310675 0.0222426 0.678338 -0.807913 -0.680328 -0.666933 -4.5933 -819.21 0 
6 823.5 0.317047 0.0223152 0.672962 -0.79086 -0.69394 -0.406865 -4.04018 -819.053 0 
2 824.695 0.315353 0.0221617 0.673153 -0.789015 -0.70078 -1.49776 -4.14446 -819.053 0 
2 829.983 0.305198 0.0221662 0.685848 -0.828424 -0.728591 -3.99182 -5.71907 -820.273 0 
2 826.699 0.307082 0.0222434 0.680456 -0.797694 -0.712684 -2.05768 -5.35081 -819.29 0 
1 826.079 0.308865 0.0221646 0.679634 -0.805854 -0.699505 -1.85704 -4.92365 -819.299 0 
1 827.212 0.311175 0.0220698 0.678111 -0.822595 -0.661947 -3.31104 -4.53102 -819.37 0 
1 826.191 0.308509 0.0221484 0.6801 -0.82433 -0.649124 -1.88949 -4.7857 -819.516 0 
1 825.98 0.314309 0.0221206 0.672974 -0.804359 -0.617132 -2.82415 -4.08946 -819.067 0 
1 825.573 0.308938 0.022201 0.679607 -0.82496 -0.630952 -1.46402 -4.66369 -819.446 0 
5 826.469 0.313891 0.0220689 0.67458 -0.814857 -0.635445 -3.16288 -4.19176 -819.115 0 
2 826.332 0.305948 0.0223583 0.684332 -0.81482 -0.692177 -1.31087 -5.40327 -819.618 0 
6 827.548 0.305763 0.0222168 0.684974 -0.828517 -0.70291 -1.99881 -5.47216 -820.077 0 
2 825.052 0.30987 0.0222605 0.68014 -0.816649 -0.666734 -1.05562 -4.65308 -819.343 0 
2 824.352 0.309281 0.0223378 0.678355 -0.797737 -0.644474 -0.449306 -4.78356 -819.119 0 
8 823.644 0.317009 0.0222714 0.671458 -0.800405 -0.590182 -0.566449 -3.94729 -819.131 0 
2 824.707 0.320523 0.02234 0.666012 -0.769834 -0.575023 -0.625026 -4.08828 -819.993 0 
1 823.556 0.320172 0.0224205 0.66908 -0.796797 -0.566131 -0.28607 -3.94892 -819.321 0 
8 823.172 0.316781 0.0223723 0.672322 -0.796115 -0.606831 -0.0782982 -3.95642 -819.137 0 
2 824.837 0.318524 0.0223209 0.669249 -0.79197 -0.592014 -1.6593 -3.90921 -819.268 0 
1 825.277 0.324838 0.022476 0.664399 -0.772713 -0.589599 -1.11122 -4.05603 -820.11 0 
6 824.745 0.320513 0.0225212 0.667834 -0.769466 -0.606765 -0.955859 -3.96011 -819.829 0 
9 825.187 0.319876 0.0225729 0.669366 -0.760813 -0.654441 -1.41106 -3.96636 -819.81 0 
2 823.637 0.321875 0.022411 0.66812 -0.780493 -0.628533 -0.259077 -3.87965 -819.498 0 
1 824.902 0.323359 0.0224055 0.669534 -0.787655 -0.695727 -1.65871 -4.05862 -819.185 0 
2 825.146 0.323963 0.022384 0.663511 -0.757273 -0.61963 -0.722057 -3.98382 -820.44 0 
1 826.673 0.322404 0.022583 0.665463 -0.749074 -0.632077 -2.05428 -4.04955 -820.569 0 
2 823.719 0.313048 0.0224822 0.67628 -0.797807 -0.624259 -0.411405 -4.22939 -819.078 0 
1 824.635 0.307417 0.0224683 0.681257 -0.797835 -0.666071 -0.264129 -5.18156 -819.19 0 
9 823.179 0.316224 0.0223106 0.673914 -0.809298 -0.628773 -0.0799589 -4.04845 -819.05 0 
2 824.073 0.321691 0.0224248 0.66979 -0.797992 -0.62497 -0.881876 -4.01293 -819.178 0 
1 823.834 0.316235 0.0224399 0.674331 -0.806605 -0.603893 -0.781186 -3.98553 -819.067 0 
3 824.023 0.310982 0.0223642 0.676287 -0.794624 -0.617338 -0.403777 -4.52526 -819.094 0 
3 823.815 0.311185 0.0224254 0.677608 -0.801667 -0.619839 -0.296503 -4.42701 -819.092 0 
1 823.177 0.317513 0.0223799 0.67276 -0.796289 -0.644109 -0.138802 -3.95571 -819.083 0 
2 823.324 0.31675 0.0223843 0.671278 -0.789426 -0.595167 -0.0890066 -3.98756 -819.247 0 
1 824.04 0.323449 0.0222066 0.666671 -0.798001 -0.604594 -0.637278 -4.11239 -819.291 0 
1 824.342 0.325507 0.0222818 0.665138 -0.786048 -0.615298 -0.609037 -4.1306 -819.602 0 
6 826.554 0.33288 0.02222 0.657123 -0.772446 -0.574741 -0.527683 -5.10325 -820.923 0 
3 825.946 0.332185 0.0222595 0.659332 -0.785941 -0.579233 -0.492563 -5.19181 -820.262 0 
8 827.147 0.330126 0.022288 0.66217 -0.789976 -0.587525 -2.40568 -4.82442 -819.916 0 
1 827.474 0.332845 0.0222749 0.655686 -0.757415 -0.549606 -0.425697 -5.11991 -821.929 0 
1 827.528 0.332613 0.0223868 0.656258 -0.762056 -0.536111 -0.586204 -5.17381 -821.768 0 
2 826.08 0.32923 0.0224008 0.659029 -0.761306 -0.552506 -0.190586 -4.60917 -821.28 0 
3 826.626 0.33079 0.0224591 0.658858 -0.768204 -0.53393 -0.454734 -4.91503 -821.257 0 
3 825.179 0.326604 0.022438 0.664667 -0.798693 -0.536759 -0.953752 -4.52144 -819.704 0 
1 825.228 0.325475 0.0224814 0.665799 -0.7937 -0.563325 -1.30414 -4.27981 -819.644 0 
1 824.98 0.321257 0.0223975 0.667453 -0.803467 -0.52782 -1.53646 -4.07231 -819.371 0 
1 825.041 0.312356 0.0223651 0.677437 -0.824916 -0.604552 -1.54382 -4.27389 -819.223 0 
1 823.79 0.316499 0.0222295 0.674368 -0.826565 -0.61386 -0.427767 -4.23975 -819.122 0 
4 825.505 0.322709 0.0222046 0.667953 -0.81107 -0.614989 -2.07715 -4.34865 -819.079 0 
2 830.512 0.329287 0.0222414 0.660857 -0.794278 -0.578704 -5.84222 -4.89169 -819.778 0 
1 824.366 0.321949 0.0222157 0.668387 -0.813248 -0.590214 -1.02358 -4.24884 -819.094 0 
1 823.575 0.318539 0.0222871 0.672905 -0.821666 -0.606417 -0.340633 -4.1831 -819.051 0 
1 823.333 0.313526 0.0224115 0.676102 -0.809527 -0.610194 -0.117382 -4.13638 -819.079 0 
3 824.994 0.305504 0.0224078 0.682913 -0.816086 -0.6176 -0.321437 -5.25435 -819.419 0 
1 824.079 0.316288 0.0224083 0.675184 -0.813412 -0.621326 -0.966012 -4.05655 -819.056 0 
3 823.479 0.313933 0.0224566 0.675734 -0.816792 -0.564575 -0.326992 -4.06233 -819.089 0 
1 823.835 0.317171 0.0224521 0.672463 -0.812376 -0.553017 -0.762417 -3.96962 -819.103 0 
3 823.993 0.317463 0.0225131 0.671668 -0.796157 -0.569607 -0.803876 -3.95217 -819.237 0 
2 824.847 0.311519 0.0223185 0.679588 -0.838146 -0.587251 -1.06191 -4.34452 -819.441 0 
4 823.591 0.320416 0.0223209 0.670345 -0.815354 -0.563615 -0.390885 -4.09767 -819.102 0 
1 823.875 0.318962 0.0222291 0.671483 -0.839373 -0.508284 -0.456888 -4.31307 -819.105 0 
1 824.187 0.313613 0.0223113 0.676373 -0.83276 -0.542847 -0.902395 -4.10227 -819.182 0 
2 824.236 0.308467 0.0223434 0.680926 -0.848823 -0.514884 -0.207871 -4.40079 -819.628 0 
2 823.563 0.311065 0.0224116 0.676661 -0.832543 -0.473292 -0.203467 -4.18012 -819.179 0 
2 824.053 0.30924 0.022507 0.679115 -0.832176 -0.491407 -0.472457 -4.34106 -819.239 0 
7 825.611 0.317466 0.0224354 0.668233 -0.807637 -0.436175 -1.89525 -4.23866 -819.477 0 
2 825.501 0.304448 0.0225038 0.682139 -0.822976 -0.508086 -0.910594 -5.27707 -819.313 0 
1 825.681 0.303356 0.0224504 0.682936 -0.839328 -0.468475 -0.969841 -5.15466 -819.556 0 
3 825.604 0.30599 0.0225266 0.679131 -0.828909 -0.42092 -1.44378 -4.94039 -819.22 0 
2 824.38 0.316461 0.0225314 0.670495 -0.803539 -0.459773 -0.709377 -4.24271 -819.428 0 
3 825.499 0.318578 0.0225072 0.667421 -0.796693 -0.452062 -1.47391 -4.30696 -819.718 0 
5 824.821 0.308098 0.022562 0.679534 -0.810722 -0.544714 -0.906212 -4.7706 -819.144 0 
5 824.836 0.309335 0.0225634 0.678508 -0.808678 -0.538272 -1.09048 -4.62391 -819.121 0 
2 825.697 0.320295 0.0225641 0.666898 -0.785572 -0.498714 -1.58313 -4.21442 -819.899 0 
1 825.15 0.326045 0.0224731 0.662885 -0.769003 -0.566015 -0.407622 -4.23453 -820.508 0 
5 826.143 0.326945 0.0223697 0.661958 -0.79069 -0.518483 -1.51363 -4.55616 -820.073 0 
4 825.139 0.324288 0.0223975 0.663086 -0.786734 -0.494561 -0.594573 -4.38142 -820.163 0 
16 823.897 0.315083 0.0224875 0.672308 -0.798124 -0.522101 -0.462031 -4.16226 -819.273 0 
4 825.724 0.310964 0.0224562 0.674347 -0.797627 -0.52556 -1.98174 -4.55922 -819.184 0 
3 826.707 0.317811 0.0223252 0.668292 -0.800043 -0.512822 -3.33445 -4.01535 -819.357 0 
2 825.504 0.312298 0.0222083 0.675725 -0.821082 -0.557059 -2.21544 -4.15826 -819.131 0 
4 824.751 0.311567 0.0222278 0.676706 -0.831148 -0.536472 -1.35311 -4.17951 -819.218 0 
1 823.416 0.312358 0.0223644 0.675757 -0.815104 -0.556477 -0.149875 -4.16398 -819.102 0 
2 824.431 0.31401 0.0225702 0.674834 -0.806721 -0.53298 -1.17996 -4.11478 -819.137 0 
3 826.461 0.304541 0.0224879 0.685498 -0.833197 -0.586812 -1.49482 -5.20201 -819.764 0 
11 824.041 0.310294 0.0224398 0.678481 -0.821777 -0.543512 -0.541438 -4.32977 -819.17 0 
3 823.431 0.312745 0.0223322 0.675762 -0.833256 -0.507524 -0.166795 -4.09063 -819.174 0 
1 824.012 0.316635 0.0222608 0.674759 -0.847303 -0.533382 -0.410521 -4.35609 -819.245 0 
8 823.767 0.310668 0.0224182 0.679032 -0.833115 -0.541874 -0.229617 -4.25339 -819.284 0 
1 827.34 0.300541 0.0223247 0.689324 -0.853541 -0.601754 -0.354557 -5.98484 -821 0 
1 826.431 0.304738 0.0225368 0.685801 -0.834117 -0.615661 -1.28106 -5.245 -819.905 0 
1 825.853 0.311203 0.0225823 0.679347 -0.821384 -0.585886 -2.3771 -4.28511 -819.191 0 
2 825.453 0.309559 0.0225332 0.679314 -0.821049 -0.561341 -1.83565 -4.41349 -819.204 0 
2 825.73 0.308485 0.0225969 0.679979 -0.809466 -0.578392 -1.87673 -4.70122 -819.152 0 
1 825.849 0.312826 0.0224541 0.673531 -0.802997 -0.529579 -2.47292 -4.22036 -819.156 0 
2 824.306 0.319269 0.0223255 0.66992 -0.810915 -0.560654 -1.16993 -4.00995 -819.126 0 
1 824.757 0.316191 0.0225048 0.673825 -0.80585 -0.59421 -1.69905 -3.97909 -819.079 0 
2 824.918 0.312407 0.0225678 0.677137 -0.814116 -0.563742 -1.65425 -4.16412 -819.1 0 
1 825.104 0.308741 0.0225263 0.680317 -0.816624 -0.591514 -1.27775 -4.59882 -819.227 0 
5 824.845 0.312634 0.022566 0.676989 -0.800836 -0.596355 -1.50499 -4.25162 -819.088 0 
2 825.229 0.319188 0.0224491 0.669719 -0.774868 -0.612672 -1.67572 -3.97908 -819.575 0 
10 825.642 0.323871 0.0224903 0.66371 -0.750875 -0.598452 -0.565566 -4.20233 -820.874 0 
8 825.162 0.319948 0.022443 0.667954 -0.769253 -0.592454 -1.21216 -4.07313 -819.877 0 
11 825.142 0.325716 0.0224051 0.66335 -0.758516 -0.619806 -0.564219 -4.04279 -820.535 0 
1 826.103 0.323943 0.0225428 0.664518 -0.745102 -0.635725 -1.14762 -4.09553 -820.86 0 
8 827.181 0.328969 0.0223811 0.659665 -0.753644 -0.57847 -1.26987 -4.48921 -821.422 0 
2 827.361 0.325906 0.0225653 0.660937 -0.747954 -0.541756 -0.958593 -4.6647 -821.738 0 
3 826.45 0.324132 0.0225313 0.662255 -0.764797 -0.503989 -0.882282 -4.56786 -821 0 
2 824.886 0.319231 0.0225498 0.67027 -0.804224 -0.525553 -1.59505 -3.99745 -819.294 0 
11 823.756 0.310472 0.0224752 0.677591 -0.820167 -0.522551 -0.305278 -4.31054 -819.14 0 
1 826.384 0.315336 0.0225601 0.673416 -0.805163 -0.502228 -3.00023 -4.14741 -819.236 0 
1 828.357 0.325868 0.0224622 0.664897 -0.797447 -0.498291 -3.93052 -4.52924 -819.897 0 
3 826.663 0.324651 0.0225841 0.666153 -0.800505 -0.494476 -2.48989 -4.42136 -819.752 0 
3 825.858 0.326042 0.0225055 0.663934 -0.809845 -0.44636 -1.18321 -4.84839 -819.827 0 
7 825.807 0.312077 0.0225595 0.677483 -0.822606 -0.506133 -2.50949 -4.17323 -819.125 0 
1 825.953 0.317381 0.0225168 0.670946 -0.808479 -0.463625 -2.41665 -4.17716 -819.359 0 
9 825.379 0.31447 0.0225104 0.67193 -0.793977 -0.492309 -1.53672 -4.42466 -819.418 0 
8 825.134 0.321397 0.022418 0.667882 -0.812483 -0.465748 -1.43396 -4.26758 -819.433 0 
5 826.137 0.3263 0.0224442 0.660485 -0.782302 -0.446329 -0.363756 -4.91268 -820.861 0 
1 827.348 0.319816 0.0223696 0.664998 -0.797502 -0.398142 -2.54548 -4.7363 -820.066 0 
2 829.479 0.32254 0.0223916 0.664167 -0.801984 -0.393065 -4.48795 -4.84923 -820.142 0 
1 828.345 0.31899 0.0224054 0.665281 -0.799493 -0.369917 -3.29387 -4.93691 -820.115 0 
2 828.133 0.315245 0.0225251 0.66827 -0.801375 -0.354259 -3.11755 -5.11592 -819.899 0 
1 826.617 0.317528 0.0225562 0.66973 -0.81865 -0.376972 -2.62919 -4.49593 -819.492 0 
3 826.022 0.318105 0.0224123 0.669616 -0.850987 -0.303184 -2.03166 -4.68457 -819.306 0 
4 825.774 0.31304 0.0224628 0.67541 -0.859028 -0.340197 -2.26069 -4.23985 -819.273 0 
1 826.86 0.309296 0.0224597 0.678306 -0.85216 -0.372209 -3.23545 -4.30772 -819.317 0 
5 826.629 0.302862 0.0225689 0.684405 -0.857289 -0.388691 -1.90518 -4.97694 -819.747 0 
1 825.114 0.312611 0.0225578 0.676023 -0.841306 -0.400872 -1.76006 -4.16784 -819.186 0 
7 824.068 0.316909 0.0224119 0.671024 -0.844206 -0.384047 -0.610919 -4.26724 -819.19 0 
2 826.374 0.314926 0.0223603 0.672936 -0.853231 -0.400891 -2.9624 -4.19186 -819.22 0 
1 826.311 0.313758 0.0221423 0.674517 -0.874773 -0.393131 -2.37929 -4.37929 -819.553 0 
3 828.452 0.313086 0.022125 0.675011 -0.886671 -0.365657 -4.14255 -4.51978 -819.79 0 
1 827.667 0.318774 0.0221686 0.674057 -0.905077 -0.388734 -1.64557 -6.02153 -820 0 
3 827.629 0.311064 0.022369 0.682251 -0.918101 -0.379025 -1.22906 -5.19736 -821.202 0 
2 827.821 0.302235 0.0224037 0.68918 -0.920763 -0.373583 -0.304732 -4.96918 -822.547 0 
1 827.928 0.298456 0.022507 0.690725 -0.905626 -0.354621 -0.739818 -5.14951 -822.039 0 
3 827.63 0.308733 0.0223688 0.682507 -0.892898 -0.381812 -2.85425 -4.38134 -820.394 0 
1 826.249 0.314952 0.0222944 0.675633 -0.877542 -0.372582 -2.30755 -4.43865 -819.503 0 
2 826.254 0.305811 0.0223518 0.682955 -0.879096 -0.385237 -1.68203 -4.39769 -820.174 0 
2 825.935 0.315442 0.0222404 0.673318 -0.858808 -0.38799 -2.43788 -4.24826 -819.249 0 
1 826.265 0.309145 0.0224291 0.682147 -0.872835 -0.446323 -1.96211 -4.32382 -819.979 0 
1 826.263 0.31157 0.0223473 0.680607 -0.876854 -0.464571 -1.81989 -4.44946 -819.993 0 
6 825.913 0.315414 0.022283 0.677328 -0.877785 -0.464784 -1.43687 -4.73483 -819.742 0 
1 824.731 0.31515 0.0222729 0.676258 -0.873853 -0.438903 -0.619509 -4.5308 -819.581 0 
2 824.548 0.313622 0.0224707 0.67411 -0.843935 -0.371638 -1.13621 -4.21455 -819.197 0 
1 823.58 0.31378 0.0224187 0.6742 -0.851389 -0.37585 -0.189689 -4.17096 -819.219 0 
6 823.762 0.316699 0.0224563 0.673211 -0.835959 -0.458819 -0.530198 -4.10165 -819.13 0 
1 823.837 0.319085 0.0224255 0.668643 -0.811305 -0.467279 -0.347837 -4.12942 -819.36 0 
5 823.591 0.31325 0.0224812 0.675966 -0.816972 -0.547159 -0.402849 -4.09056 -819.098 0 
1 823.626 0.312745 0.0224025 0.677266 -0.826427 -0.559025 -0.328539 -4.13445 -819.163 0 
2 824.189 0.310449 0.0222616 0.678253 -0.827304 -0.57846 -0.567412 -4.34142 -819.281 0 
1 824.114 0.315145 0.0222085 0.67455 -0.824333 -0.585045 -0.905551 -4.09693 -819.112 0 
2 825.273 0.323258 0.0221308 0.665354 -0.804561 -0.553797 -1.73892 -4.19739 -819.337 0 
3 826.05 0.315936 0.0221613 0.671233 -0.814069 -0.557493 -2.97792 -3.98756 -819.084 0 
1 825.274 0.309699 0.0223427 0.679714 -0.827814 -0.613549 -1.33493 -4.52933 -819.41 0 
3 824.835 0.311431 0.0223041 0.680593 -0.848929 -0.611576 -0.376814 -4.66108 -819.797 0 
1 826.574 0.31292 0.0220879 0.677567 -0.850049 -0.575804 -2.53904 -4.44879 -819.586 0 
8 824.258 0.309437 0.0222856 0.67885 -0.826617 -0.569998 -0.535656 -4.42775 -819.294 0 
2 824.422 0.3105 0.0222326 0.678492 -0.830167 -0.587251 -0.710902 -4.36743 -819.343 0 
3 824.298 0.311471 0.0222639 0.676197 -0.817422 -0.573715 -0.916951 -4.24501 -819.136 0 
13 823.682 0.312798 0.0224275 0.676966 -0.81964 -0.585453 -0.389541 -4.16078 -819.131 0 
13 824.035 0.309602 0.0224257 0.678659 -0.810892 -0.59772 -0.350273 -4.53072 -819.154 0 
6 824.216 0.311531 0.022318 0.676422 -0.803017 -0.630248 -0.752881 -4.3696 -819.093 0 
2 823.761 0.318703 0.0223162 0.668817 -0.783652 -0.596881 -0.415787 -3.93238 -819.413 0 
8 824.999 0.312844 0.0222597 0.673986 -0.795194 -0.597417 -1.60271 -4.28342 -819.113 0 
1 826.296 0.310844 0.0222091 0.677526 -0.815427 -0.603608 -2.76009 -4.36989 -819.166 0 
1 828.417 0.30477 0.0222906 0.680972 -0.800139 -0.607179 -3.44615 -5.76488 -819.206 0 
2 827.386 0.302674 0.0223233 0.687328 -0.843519 -0.612684 -1.37512 -5.60832 -820.403 0 
1 827.03 0.301009 0.0223533 0.686148 -0.826271 -0.598595 -0.991206 -6.15391 -819.885 0 
1 825.264 0.305054 0.0224935 0.683168 -0.811207 -0.610129 -0.507163 -5.41968 -819.337 0 
2 825.096 0.306734 0.0224936 0.67985 -0.809654 -0.550602 -0.896229 -5.03185 -819.168 0 
2 824.012 0.310365 0.022495 0.677228 -0.813402 -0.530984 -0.503185 -4.38924 -819.12 0 
3 823.722 0.31668 0.0223422 0.671743 -0.812209 -0.547189 -0.644479 -3.96988 -819.107 0 
12 824.475 0.31918 0.0223543 0.667303 -0.801941 -0.477675 -0.83009 -4.13868 -819.506 0 
1 824.174 0.311567 0.0224273 0.677096 -0.840846 -0.452086 -0.819639 -4.13378 -819.221 0 
2 823.738 0.312998 0.022425 0.677086 -0.842871 -0.489383 -0.389443 -4.10294 -819.245 0 
1 824.088 0.320076 0.0222275 0.668302 -0.82417 -0.478846 -0.705166 -4.19614 -819.186 0 
7 825.633 0.318417 0.0221323 0.668945 -0.824488 -0.487014 -2.40377 -4.08726 -819.142 0 
2 829.86 0.326268 0.0219444 0.662301 -0.827926 -0.471563 -5.43905 -5.08864 -819.332 0 
1 828.406 0.320554 0.0220583 0.665456 -0.821809 -0.443831 -4.79638 -4.29057 -819.319 0 
1 826.035 0.320666 0.0221002 0.668436 -0.850975 -0.441252 -2.19822 -4.69437 -819.143 0 
1 826.104 0.317988 0.0220802 0.67056 -0.841455 -0.482281 -2.74067 -4.2391 -819.124 0 
2 826.013 0.304973 0.0222873 0.685719 -0.877551 -0.511602 -0.1725 -4.90484 -820.936 0 
2 826.405 0.306721 0.0222505 0.684812 -0.891237 -0.488935 -0.28567 -4.90884 -821.21 0 
1 827.015 0.305636 0.0223502 0.687074 -0.886405 -0.528762 -0.510873 -5.09638 -821.408 0 
5 825.169 0.307832 0.0223169 0.682603 -0.874284 -0.487233 -0.255141 -4.57059 -820.343 0 
3 827.266 0.308186 0.0224208 0.682075 -0.881419 -0.437143 -2.48269 -4.47553 -820.307 0 
2 828.628 0.307945 0.0224448 0.686166 -0.904333 -0.457891 -2.14931 -5.00021 -821.479 0 
3 828.31 0.307055 0.0224444 0.686512 -0.889976 -0.493032 -2.31796 -4.85556 -821.136 0 
1 826.022 0.308468 0.0223632 0.683577 -0.891425 -0.460868 -0.463262 -4.74005 -820.819 0 
4 825.765 0.31369 0.0222012 0.677914 -0.897442 -0.405715 -0.603321 -4.92969 -820.232 0 
1 827.202 0.322358 0.0221872 0.671338 -0.892106 -0.408934 -1.37306 -6.30754 -819.522 0 
5 828.319 0.32543 0.0221587 0.668849 -0.892024 -0.402314 -1.8161 -7.11858 -819.384 0 
1 828.024 0.322135 0.0221409 0.670692 -0.903411 -0.359501 -1.74175 -6.62657 -819.656 0 
5 828.509 0.322453 0.0221361 0.671383 -0.904798 -0.38881 -1.87238 -6.88923 -819.747 0 
3 829.528 0.316549 0.0222096 0.67843 -0.928735 -0.385596 -1.85411 -6.58778 -821.087 0 
3 829.775 0.322049 0.0220137 0.671419 -0.910091 -0.382258 -2.9302 -6.95437 -819.89 0 
3 831.527 0.324467 0.021919 0.66776 -0.905943 -0.357225 -4.54214 -7.39526 -819.59 0 
2 831.788 0.329677 0.0220374 0.663129 -0.904873 -0.291044 -3.37497 -9.04317 -819.37 0 
2 827.484 0.320071 0.0221022 0.670978 -0.910319 -0.29105 -1.5643 -6.16764 -819.752 0 
1 828.131 0.324576 0.0221541 0.667092 -0.909256 -0.253378 -1.25553 -7.37789 -819.497 0 
3 828.006 0.319846 0.0220707 0.671082 -0.913269 -0.284773 -1.98225 -6.20629 -819.817 0 
1 828.13 0.318708 0.022083 0.671641 -0.904272 -0.289238 -2.86012 -5.58721 -819.683 0 
5 825.65 0.31043 0.0223123 0.674798 -0.875845 -0.257728 -1.84113 -4.35798 -819.451 0 
1 826.476 0.304251 0.0222811 0.682517 -0.894771 -0.307593 -1.5792 -4.40799 -820.489 0 
3 824.866 0.311121 0.0222675 0.677196 -0.893574 -0.305915 -0.587774 -4.37851 -819.9 0 
1 825.11 0.312235 0.0223175 0.677084 -0.895538 -0.292139 -0.811814 -4.46054 -819.837 0 
8 825.553 0.309186 0.022403 0.676589 -0.887054 -0.213315 -1.49976 -4.4479 -819.606 0 
1 825.914 0.305902 0.0226205 0.681911 -0.885352 -0.268325 -1.66224 -4.37398 -819.878 0 
1 826.866 0.301004 0.0226207 0.685424 -0.874087 -0.311492 -1.78848 -5.02685 -820.051 0 
2 827.234 0.304934 0.0225881 0.683579 -0.884309 -0.340822 -2.62694 -4.3935 -820.214 0 
1 828.012 0.305197 0.0226136 0.683028 -0.874079 -0.36431 -3.63064 -4.41486 -819.966 0 
1 826.399 0.30751 0.0225791 0.683115 -0.889778 -0.358963 -1.7977 -4.32718 -820.275 0 
2 825.675 0.306473 0.0225773 0.682715 -0.883664 -0.340875 -1.30045 -4.30504 -820.07 0 
2 825.947 0.313848 0.0226299 0.675547 -0.851573 -0.382147 -2.56891 -4.15793 -819.22 0 
4 825.668 0.305373 0.0224759 0.685371 -0.877045 -0.45137 -0.587655 -4.59186 -820.488 0 
1 826.997 0.309131 0.0223062 0.683371 -0.893839 -0.453443 -1.48363 -4.70953 -820.803 0 
5 823.898 0.320285 0.0223514 0.669055 -0.845471 -0.401702 -0.153409 -4.55741 -819.187 0 
2 823.869 0.311596 0.0223288 0.677314 -0.867516 -0.405191 -0.130706 -4.1973 -819.541 0 
2 825.763 0.315454 0.0222637 0.67663 -0.901491 -0.373251 -0.517859 -5.16537 -820.08 0 
2 827.344 0.309792 0.0223649 0.683363 -0.904314 -0.416639 -1.57591 -4.8081 -820.96 0 
1 826.792 0.310523 0.0222111 0.6815 -0.902465 -0.420604 -1.13955 -4.83192 -820.82 0 
2 826.641 0.312788 0.02222 0.679233 -0.902359 -0.389901 -1.36455 -4.8633 -820.413 0 
2 826.704 0.316878 0.0221415 0.674598 -0.904711 -0.342935 -1.38 -5.36734 -819.957 0 
3 828.154 0.316245 0.0220629 0.674787 -0.914635 -0.335189 -2.22727 -5.6395 -820.287 0 
2 827.626 0.315476 0.0221338 0.676715 -0.923636 -0.322814 -1.24706 -5.75031 -820.628 0 
5 825.663 0.320508 0.0222561 0.6704 -0.895682 -0.293905 -0.422582 -5.7746 -819.466 0 
1 824.514 0.317016 0.0223501 0.671965 -0.879836 -0.301665 -0.373086 -4.77497 -819.366 0 
7 824.429 0.316224 0.022339 0.674298 -0.884645 -0.335733 -0.209204 -4.71479 -819.505 0 
8 825.704 0.326154 0.0223721 0.663453 -0.854074 -0.294056 -0.0596169 -6.10571 -819.538 0 
2 825.827 0.324442 0.0222802 0.663104 -0.848094 -0.287555 -0.533119 -5.69976 -819.594 0 
1 825.523 0.31258 0.0223391 0.676178 -0.869371 -0.352531 -1.88654 -4.21584 -819.42 0 
5 824.855 0.3063 0.0224693 0.681975 -0.874563 -0.35816 -0.633105 -4.34358 -819.878 0 
1 824.375 0.318685 0.022379 0.671441 -0.877406 -0.314486 -0.112392 -4.94785 -819.315 0 
4 824.432 0.319324 0.0223807 0.670823 -0.871208 -0.324614 -0.25135 -4.91605 -819.265 0 
2 826.331 0.31826 0.0223405 0.674568 -0.890941 -0.367279 -1.52191 -5.20607 -819.603 0 
6 825.717 0.322711 0.0222851 0.668538 -0.88865 -0.291357 -0.31478 -6.06353 -819.338 0 
1 825.315 0.312572 0.022449 0.67851 -0.900228 -0.306168 -0.743032 -4.57959 -819.992 0 
1 825.089 0.310646 0.0224737 0.679867 -0.886862 -0.345816 -0.909281 -4.29448 -819.885 0 
3 824.556 0.307083 0.022411 0.679888 -0.871213 -0.339324 -0.571016 -4.30585 -819.679 0 
1 827.375 0.300486 0.0225608 0.684988 -0.852674 -0.374249 -2.07053 -5.58078 -819.724 0 
2 826.881 0.302925 0.0226153 0.682648 -0.85318 -0.338999 -2.24392 -5.132 -819.505 0 
1 825.922 0.307206 0.0226484 0.679352 -0.840048 -0.374795 -2.01036 -4.66112 -819.25 0 
3 826.515 0.30488 0.0226042 0.682376 -0.848534 -0.391858 -2.2546 -4.80373 -819.457 0 
2 826.303 0.309893 0.0225687 0.676163 -0.818057 -0.421219 -2.42434 -4.68827 -819.191 0 
3 825.937 0.315315 0.0225314 0.670188 -0.815673 -0.366714 -1.82679 -4.61261 -819.497 0 
2 824.369 0.316359 0.0225207 0.671092 -0.834178 -0.362943 -0.744225 -4.34732 -819.277 0 
3 827.309 0.32611 0.0224751 0.659613 -0.799763 -0.33446 -0.609027 -5.74042 -820.96 0 
1 829.044 0.322099 0.0224827 0.663284 -0.793051 -0.371238 -3.27814 -5.17404 -820.592 0 
1 826.525 0.32667 0.0223996 0.659744 -0.800817 -0.3716 -0.422513 -5.42977 -820.672 0 
3 824.673 0.325039 0.0223946 0.663707 -0.815126 -0.420424 -0.0656884 -4.85132 -819.756 0 
1 825.016 0.315501 0.0224173 0.672712 -0.826306 -0.44241 -1.73215 -4.11476 -819.169 0 
2 824.496 0.318662 0.0225053 0.668018 -0.809042 -0.415119 -0.534482 -4.3742 -819.588 0 
6 824.893 0.306432 0.0225289 0.680187 -0.840419 -0.416758 -0.921711 -4.65129 -819.32 0 
11 828.072 0.29942 0.0226493 0.689408 -0.854446 -0.481875 -1.89812 -5.80686 -820.367 0 
2 824.745 0.307202 0.0225301 0.679728 -0.826431 -0.481128 -0.838723 -4.68229 -819.224 0 
1 824.93 0.308729 0.0225847 0.679328 -0.813695 -0.531673 -1.15771 -4.63101 -819.142 0 
1 826.183 0.310115 0.0226018 0.677506 -0.803749 -0.519597 -2.38098 -4.66153 -819.141 0 
3 825.914 0.30823 0.0226417 0.678701 -0.799366 -0.537431 -1.76133 -5.01727 -819.136 0 
5 825.034 0.308561 0.0225385 0.67788 -0.80418 -0.521416 -1.02348 -4.87676 -819.134 0 
1 824.708 0.312481 0.0225774 0.675025 -0.807397 -0.493495 -1.20133 -4.32919 -819.177 0 
1 825.123 0.310754 0.0225601 0.679605 -0.832426 -0.524268 -1.65792 -4.22363 -819.242 0 
2 823.703 0.316774 0.022451 0.671549 -0.819043 -0.481569 -0.503178 -4.03257 -819.168 0 
4 823.791 0.31596 0.0224663 0.67439 -0.830892 -0.511237 -0.632581 -4.05041 -819.108 0 
3 824.645 0.309662 0.0225594 0.679607 -0.84066 -0.476991 -1.08882 -4.24531 -819.311 0 
3 823.738 0.31794 0.0224658 0.670391 -0.819268 -0.448386 -0.333745 -4.13998 -819.264 0 
1 824.001 0.314333 0.0224515 0.673435 -0.822909 -0.452835 -0.717514 -4.12373 -819.16 0 
1 825.489 0.322979 0.0224333 0.663872 -0.808501 -0.403223 -0.895072 -4.68944 -819.905 0 
2 824.887 0.323566 0.022415 0.666082 -0.834766 -0.400085 -0.628933 -4.89088 -819.367 0 
1 824.372 0.316057 0.0225111 0.674032 -0.854906 -0.392002 -0.900001 -4.26095 -819.211 0 
1 824.046 0.318014 0.022486 0.669896 -0.836913 -0.369613 -0.397297 -4.37734 -819.271 0 
4 824.114 0.320417 0.0224112 0.669489 -0.843618 -0.412298 -0.400228 -4.5335 -819.181 0 
6 827.145 0.318802 0.0223874 0.669439 -0.839814 -0.416565 -3.63869 -4.33232 -819.174 0 
2 829.443 0.311549 0.0222992 0.682131 -0.873097 -0.542353 -4.48587 -4.71618 -820.241 0 
5 825.645 0.305239 0.0223086 0.683962 -0.83758 -0.590805 -0.738227 -5.05262 -819.854 0 
1 825.362 0.306315 0.0223456 0.683804 -0.84455 -0.575044 -0.635171 -4.82063 -819.906 0 
1 827.991 0.303671 0.0223114 0.685821 -0.836496 -0.606198 -2.55235 -5.41648 -820.022 0 
2 828.62 0.300648 0.0223264 0.689474 -0.845985 -0.624344 -1.70218 -6.11295 -820.805 0 
1 825.299 0.310396 0.0221803 0.677669 -0.839653 -0.536608 -1.62768 -4.28006 -819.391 0 
1 825.373 0.318633 0.0221263 0.670783 -0.845193 -0.495067 -1.83541 -4.40145 -819.136 0 
4 825.839 0.321762 0.0221704 0.67047 -0.864173 -0.481294 -1.25829 -5.35616 -819.224 0 
3 826.771 0.324474 0.0220666 0.668364 -0.852204 -0.538076 -2.05259 -5.62185 -819.096 0 
1 826.73 0.318304 0.0220975 0.674791 -0.865734 -0.558988 -1.97378 -5.18888 -819.567 0 
2 826.79 0.315042 0.022099 0.675449 -0.841351 -0.57282 -3.21312 -4.28441 -819.292 0 
3 825.498 0.320376 0.0221107 0.670325 -0.83301 -0.552634 -2.04127 -4.39006 -819.067 0 
3 824.378 0.320103 0.0221953 0.670009 -0.833646 -0.52797 -0.93437 -4.36523 -819.079 0 
6 824.236 0.315853 0.0221735 0.674173 -0.829138 -0.593229 -0.897316 -4.19723 -819.142 0 
16 824.632 0.314826 0.0221536 0.674794 -0.83495 -0.571938 -1.21805 -4.20537 -819.209 0 
1 825.013 0.323487 0.0222634 0.666595 -0.815509 -0.542815 -1.39394 -4.41122 -819.208 0 
6 825.354 0.325545 0.0222783 0.663409 -0.799472 -0.52823 -1.25821 -4.43159 -819.664 0 
6 825.463 0.318905 0.0223972 0.668298 -0.809097 -0.481746 -2.04286 -4.07726 -819.342 0 
5 823.673 0.317594 0.0223051 0.67058 -0.810249 -0.522767 -0.506949 -3.98705 -819.179 0 
2 824.424 0.323457 0.0224574 0.665123 -0.791799 -0.500455 -0.23708 -4.28592 -819.901 0 
1 824.659 0.32285 0.0224035 0.664153 -0.787922 -0.483831 -0.225995 -4.35058 -820.083 0 
9 825.834 0.326658 0.0223466 0.661272 -0.794502 -0.472679 -0.894859 -4.73326 -820.206 0 
4 825.178 0.326106 0.0224439 0.664308 -0.785721 -0.552689 -0.896374 -4.3056 -819.976 0 
1 824.785 0.327187 0.02237 0.663141 -0.78359 -0.566936 -0.378694 -4.36665 -820.039 0 
1 824.801 0.326198 0.0223142 0.665874 -0.801029 -0.595371 -0.977817 -4.45003 -819.373 0 
1 824.256 0.326356 0.0223048 0.664452 -0.787487 -0.60295 -0.337417 -4.24872 -819.67 0 
2 823.49 0.322183 0.022326 0.668186 -0.78914 -0.628353 -0.226269 -3.93624 -819.327 0 
3 824.622 0.324353 0.0224313 0.666789 -0.794658 -0.592796 -1.02904 -4.15737 -819.435 0 
4 824.142 0.322165 0.0223945 0.668574 -0.790283 -0.638059 -0.904068 -3.96437 -819.274 0 
3 824.31 0.323107 0.0223223 0.665822 -0.787028 -0.590759 -0.751008 -3.9975 -819.562 0 
1 824.308 0.320934 0.0222053 0.667507 -0.794842 -0.597447 -1.08579 -3.94108 -819.281 0 
2 824.099 0.318532 0.0222382 0.669073 -0.794366 -0.58139 -0.916052 -3.92195 -819.261 0 
6 823.984 0.310533 0.0223917 0.677407 -0.803356 -0.614908 -0.398095 -4.4815 -819.104 0 
4 826.458 0.315627 0.0221706 0.670177 -0.795781 -0.570081 -3.23322 -4.02822 -819.196 0 
1 826.294 0.314272 0.0220848 0.67357 -0.815672 -0.602502 -3.10681 -4.09882 -819.089 0 
2 823.716 0.311444 0.0223026 0.677124 -0.823857 -0.569513 -0.294378 -4.23458 -819.187 0 
6 823.328 0.314278 0.0223765 0.674868 -0.808391 -0.586693 -0.187379 -4.06379 -819.076 0 
7 823.951 0.313168 0.0223753 0.676384 -0.81818 -0.600561 -0.658115 -4.16752 -819.125 0 
1 824.09 0.310523 0.0223051 0.679266 -0.817566 -0.640042 -0.338099 -4.48827 -819.264 0 
2 823.661 0.314939 0.0224143 0.675109 -0.786911 -0.685116 -0.434331 -4.15128 -819.075 0 
1 824.144 0.322109 0.0223044 0.669703 -0.804103 -0.654463 -0.862406 -4.22199 -819.059 0 
5 824.915 0.324831 0.0222954 0.66664 -0.798366 -0.636003 -1.35903 -4.32319 -819.233 0 
8 824.372 0.317233 0.0222388 0.674694 -0.816033 -0.669878 -1.04462 -4.25452 -819.073 0 
1 825.648 0.319509 0.0223329 0.674036 -0.823394 -0.644746 -2.20701 -4.38734 -819.054 0 
3 825.112 0.317158 0.0223863 0.675456 -0.827042 -0.637412 -1.59073 -4.38588 -819.136 0 
1 825.216 0.317814 0.0223225 0.675527 -0.833738 -0.62504 -1.58055 -4.4629 -819.172 0 
1 824.737 0.32617 0.0222098 0.664381 -0.79872 -0.57658 -0.831132 -4.40924 -819.496 0 
2 824.538 0.324426 0.0222677 0.664086 -0.799812 -0.50343 -0.461626 -4.36408 -819.712 0 
3 823.44 0.315707 0.0223263 0.673036 -0.817093 -0.534075 -0.350161 -3.99409 -819.096 0 
1 824.767 0.317914 0.0222665 0.672132 -0.822159 -0.543262 -1.65548 -4.03162 -819.08 0 
3 823.41 0.316964 0.0223486 0.670886 -0.802389 -0.541004 -0.210674 -3.98564 -819.214 0 
11 823.641 0.321896 0.0223504 0.66699 -0.809964 -0.497204 -0.0500076 -4.20634 -819.385 0 
3 823.91 0.310389 0.0224631 0.677411 -0.81496 -0.530908 -0.405628 -4.3814 -819.123 0 
3 823.216 0.31741 0.022372 0.671851 -0.821663 -0.516912 -0.0920513 -4.01902 -819.105 0 
1 823.247 0.318963 0.0223349 0.670898 -0.819863 -0.52973 -0.0802767 -4.05705 -819.109 0 
2 823.572 0.316621 0.0222722 0.672066 -0.821928 -0.534408 -0.473019 -4.01173 -819.087 0 
7 824.567 0.307721 0.022321 0.68235 -0.85282 -0.545174 -0.0708142 -4.58541 -819.911 0 
7 825.503 0.306646 0.0222537 0.683448 -0.869662 -0.510777 -0.41445 -4.67402 -820.414 0 
2 825.737 0.311364 0.0221707 0.679945 -0.873733 -0.516412 -0.933783 -4.65486 -820.149 0 
1 827.621 0.323522 0.0222992 0.671412 -0.870587 -0.496543 -2.33552 -6.01695 -819.269 0 
2 826.77 0.320493 0.0222702 0.673884 -0.874456 -0.50551 -1.68369 -5.60234 -819.484 0 
8 826.214 0.323141 0.0222626 0.670768 -0.850601 -0.532786 -1.8773 -5.23033 -819.107 0 
1 824.721 0.319315 0.0223953 0.672926 -0.83038 -0.550837 -1.4164 -4.23402 -819.07 0 
1 824.509 0.326231 0.022293 0.665312 -0.811097 -0.547125 -0.487765 -4.66416 -819.358 0 
15 823.41 0.320087 0.022385 0.668435 -0.78722 -0.579462 -0.0179571 -3.93161 -819.461 0 
2 823.345 0.319196 0.0223337 0.670033 -0.795884 -0.608176 -0.246818 -3.91228 -819.186 0 
1 825.135 0.323699 0.0222996 0.666656 -0.799125 -0.606414 -1.67476 -4.18599 -819.274 0 
5 824.935 0.32043 0.0223324 0.668742 -0.790348 -0.627916 -1.78074 -3.9073 -819.247 0 
6 825.37 0.321122 0.0221559 0.672358 -0.82588 -0.684908 -1.44256 -4.86245 -819.065 0 
2 823.638 0.31616 0.0222981 0.675375 -0.811084 -0.684303 -0.305933 -4.25537 -819.077 0 
1 823.247 0.321025 0.0223009 0.66921 -0.791982 -0.641558 -0.114172 -3.93177 -819.201 0 
6 823.864 0.313206 0.0224662 0.676455 -0.793469 -0.650712 -0.527123 -4.26327 -819.073 0 
5 824.878 0.313391 0.0225501 0.67579 -0.767463 -0.707185 -1.12519 -4.5437 -819.209 0 
7 824.023 0.314389 0.0224096 0.674393 -0.768514 -0.713153 -0.446002 -4.37566 -819.202 0 
2 824.537 0.32146 0.0224534 0.667002 -0.73746 -0.728149 -0.249284 -3.96812 -820.32 0 
1 824.472 0.325084 0.0223769 0.663553 -0.744108 -0.689178 -0.00983741 -3.85849 -820.604 0 
3 825.066 0.32504 0.0224476 0.663487 -0.733386 -0.705105 -0.183508 -3.90436 -820.978 0 
6 823.967 0.325661 0.022271 0.664427 -0.776783 -0.64165 -0.19436 -4.03273 -819.74 0 
3 824.118 0.317037 0.0223551 0.671798 -0.78451 -0.631402 -0.903392 -3.98274 -819.232 0 
2 825.144 0.324901 0.0223162 0.662294 -0.753562 -0.620708 -0.437631 -4.03327 -820.673 0 
4 824.932 0.32593 0.0222069 0.663072 -0.774932 -0.632609 -1.01902 -4.05212 -819.861 0 
5 824.18 0.324502 0.0222653 0.664687 -0.776403 -0.634681 -0.502991 -3.95991 -819.717 0 
3 824.269 0.321074 0.0222894 0.667651 -0.775189 -0.666124 -0.992635 -3.84106 -819.435 0 
1 823.643 0.321228 0.0222093 0.669033 -0.790662 -0.672673 -0.528694 -3.9674 -819.147 0 
2 824.593 0.313676 0.0222613 0.673457 -0.776548 -0.687083 -1.09231 -4.35663 -819.144 0 
1 825.075 0.309852 0.0223831 0.679269 -0.779146 -0.740109 -0.903708 -5.07111 -819.1 0 
1 824.742 0.312961 0.0223959 0.679256 -0.802755 -0.740227 -1.0165 -4.55304 -819.173 0 
1 824.094 0.319153 0.022417 0.672261 -0.781036 -0.730972 -1.00752 -3.9871 -819.099 0 
3 824.741 0.314336 0.0224901 0.676886 -0.773658 -0.770764 -1.25286 -4.41812 -819.07 0 
1 824.773 0.316533 0.0225298 0.672879 -0.74642 -0.770946 -0.915182 -4.34064 -819.517 0 
1 823.472 0.319262 0.0223502 0.67083 -0.760774 -0.758729 -0.194496 -3.93425 -819.344 0 
1 825.598 0.32205 0.0221324 0.667893 -0.790157 -0.696124 -2.40036 -4.07992 -819.118 0 
2 825.717 0.322661 0.0222232 0.667692 -0.785327 -0.702422 -2.48385 -4.05026 -819.183 0 
2 823.581 0.316047 0.02226 0.673954 -0.793686 -0.708831 -0.397481 -4.1486 -819.035 0 
1 824.294 0.31781 0.0223196 0.672122 -0.781835 -0.724668 -1.18137 -4.02864 -819.084 0 
6 824.154 0.311561 0.0223303 0.67942 -0.790321 -0.783778 -0.136942 -4.84986 -819.167 0 
2 823.808 0.316374 0.0222934 0.674769 -0.775193 -0.797516 -0.477766 -4.28683 -819.044 0 
3 823.682 0.319731 0.0223435 0.671058 -0.743397 -0.856692 -0.216013 -4.06026 -819.406 0 
4 823.927 0.315617 0.0222785 0.674785 -0.76567 -0.818538 -0.444276 -4.40243 -819.08 0 
1 823.98 0.315608 0.0223909 0.674627 -0.754062 -0.823086 -0.342206 -4.44518 -819.193 0 
5 824.58 0.314054 0.0225057 0.675197 -0.751234 -0.789871 -0.624621 -4.6783 -819.277 0 
1 825.545 0.3184 0.0224373 0.673406 -0.76286 -0.789435 -2.30353 -4.04503 -819.196 0 
4 823.967 0.318298 0.0223153 0.670024 -0.754749 -0.751776 -0.483016 -4.02105 -819.463 0 
1 823.915 0.323392 0.0223412 0.665988 -0.747209 -0.745892 -0.16897 -3.76056 -819.985 0 
1 824.975 0.319983 0.0223448 0.670967 -0.771516 -0.726178 -1.83397 -3.87672 -819.264 0 
1 825.121 0.329477 0.0222588 0.66179 -0.751913 -0.726718 -0.711428 -4.02739 -820.382 0 
3 825.038 0.329249 0.0221946 0.661632 -0.753191 -0.73388 -0.746706 -4.0261 -820.265 0 
2 824.734 0.322521 0.02221 0.668996 -0.762828 -0.799929 -1.53446 -3.91545 -819.284 0 
3 823.823 0.322451 0.0222078 0.668832 -0.771266 -0.772153 -0.646132 -3.96571 -819.211 0 
1 825.177 0.317718 0.0222056 0.669458 -0.75025 -0.758798 -1.53392 -4.12305 -819.52 0 
2 825.562 0.320504 0.0222914 0.666013 -0.725526 -0.768866 -0.957195 -4.13396 -820.471 0 
2 826.336 0.315674 0.0224181 0.674361 -0.74111 -0.837269 -2.35984 -4.59694 -819.379 0 
3 828.152 0.314202 0.0226538 0.676367 -0.744709 -0.800126 -3.98435 -4.7959 -819.372 0 
4 827.846 0.310701 0.0226904 0.678773 -0.74924 -0.785747 -3.12781 -5.47017 -819.248 0 
10 825.061 0.318337 0.0225588 0.671043 -0.749956 -0.724844 -1.26062 -4.09759 -819.703 0 
1 823.888 0.316345 0.0224385 0.673167 -0.765747 -0.742563 -0.519114 -4.15222 -819.216 0 
5 824.865 0.313262 0.0224202 0.678652 -0.79505 -0.743088 -1.28772 -4.47938 -819.098 0 
2 825.141 0.309509 0.0223505 0.680992 -0.7967 -0.740389 -0.915473 -4.98999 -819.235 0 
2 823.414 0.313886 0.0223698 0.676257 -0.790899 -0.7111 -0.0559436 -4.30337 -819.054 0 
2 825.935 0.310407 0.0223575 0.682209 -0.823798 -0.707247 -1.51439 -4.83047 -819.59 0 
1 827.027 0.315752 0.0222672 0.673543 -0.806355 -0.659941 -3.82731 -4.14916 -819.05 0 
4 824.022 0.314682 0.0223519 0.677186 -0.814079 -0.689965 -0.502589 -4.36556 -819.153 0 
6 824.572 0.316318 0.0223657 0.676641 -0.8113 -0.7129 -1.08738 -4.37985 -819.105 0 
4 824.684 0.317884 0.0223917 0.673714 -0.803039 -0.683601 -1.52269 -4.13694 -819.024 0 
3 823.881 0.317184 0.0223899 0.673453 -0.798234 -0.668266 -0.805015 -4.03234 -819.044 0 
2 823.657 0.314398 0.0223603 0.673997 -0.79069 -0.648759 -0.426444 -4.14123 -819.09 0 
7 823.684 0.321275 0.0222206 0.668259 -0.787586 -0.654868 -0.532423 -3.9119 -819.24 0 
3 824.361 0.313062 0.0223104 0.67414 -0.774773 -0.679218 -0.709843 -4.48285 -819.168 0 
3 825.414 0.315658 0.0221695 0.671577 -0.768398 -0.724411 -2.0105 -4.1984 -819.205 0 
4 825.056 0.31724 0.0221931 0.670285 -0.770953 -0.707576 -1.7969 -4.01275 -819.246 0 
1 824.481 0.313677 0.022197 0.675124 -0.782362 -0.743775 -1.00888 -4.41457 -819.057 0 
3 823.329 0.316422 0.0223657 0.673373 -0.769086 -0.752725 -0.0282135 -4.14967 -819.151 0 
5 823.818 0.315069 0.0223221 0.674088 -0.754144 -0.820589 -0.115066 -4.51486 -819.188 0 
7 825.634 0.316139 0.0221722 0.671266 -0.746532 -0.806611 -1.85926 -4.3986 -819.376 0 
1 825.419 0.321859 0.0221697 0.667634 -0.739657 -0.82961 -1.86059 -3.85185 -819.706 0 
1 825.946 0.327803 0.0221618 0.663417 -0.738599 -0.82343 -2.01002 -3.78256 -820.153 0 
2 825.048 0.325552 0.022135 0.665052 -0.749391 -0.804911 -1.49722 -3.81328 -819.738 0 
3 825.012 0.314851 0.0222618 0.673111 -0.73666 -0.850772 -0.804997 -4.80217 -819.405 0 
1 826.367 0.312498 0.0221853 0.676635 -0.752117 -0.879233 -2.08823 -5.15846 -819.12 0 
1 825.242 0.318962 0.0221182 0.670796 -0.757378 -0.832232 -1.95115 -4.09887 -819.192 0 
1 825.231 0.319874 0.0221619 0.669399 -0.755187 -0.824111 -1.9384 -4.01994 -819.273 0 
1 823.865 0.319762 0.0222121 0.670707 -0.753597 -0.852615 -0.54668 -4.09665 -819.222 0 
1 825.428 0.313636 0.0221988 0.674618 -0.745739 -0.863278 -1.28916 -4.94036 -819.199 0 
3 823.951 0.319935 0.0223473 0.669141 -0.729031 -0.843524 -0.0115494 -4.07642 -819.863 0 
3 824.425 0.322976 0.0222701 0.666807 -0.743679 -0.813131 -0.904842 -3.79605 -819.724 0 
6 824.398 0.314771 0.0221943 0.67639 -0.783871 -0.821851 -0.705904 -4.61979 -819.073 0 
3 825.611 0.32475 0.0220509 0.666901 -0.762564 -0.844668 -2.22484 -4.15958 -819.227 0 
2 826.166 0.316422 0.0221196 0.675782 -0.788118 -0.838838 -2.45183 -4.64143 -819.072 0 
3 825.143 0.318063 0.0221885 0.675057 -0.800542 -0.791579 -1.49947 -4.58359 -819.06 0 
3 824.548 0.320297 0.0223784 0.671497 -0.767858 -0.802684 -1.36222 -4.04962 -819.136 0 
2 825.461 0.319708 0.0224772 0.673153 -0.756162 -0.856579 -2.15833 -4.13081 -819.172 0 
1 823.949 0.314828 0.0223727 0.674902 -0.745973 -0.85785 -0.0252301 -4.70052 -819.223 0 
1 825.663 0.310502 0.022509 0.679205 -0.750236 -0.839174 -0.950354 -5.5523 -819.161 0 
4 825.72 0.313973 0.0225409 0.676398 -0.734234 -0.885591 -1.31981 -5.06788 -819.333 0 
4 826.786 0.311387 0.0225643 0.680483 -0.75591 -0.890087 -2.26846 -5.39956 -819.118 0 
1 826.429 0.307977 0.0225299 0.682031 -0.751468 -0.873254 -0.966506 -6.29639 -819.166 0 
3 825.682 0.312149 0.0224822 0.676325 -0.739046 -0.849882 -1.05452 -5.33328 -819.295 0 
3 826.012 0.306838 0.0224309 0.68335 -0.761852 -0.895544 -0.213803 -6.52191 -819.276 0 
1 825.838 0.311382 0.0223157 0.676798 -0.746364 -0.872894 -1.24042 -5.43438 -819.164 0 
2 825.301 0.315649 0.0223761 0.674532 -0.762098 -0.827714 -1.76624 -4.43631 -819.098 0 
1 826.911 0.307103 0.0223274 0.680116 -0.760046 -0.823143 -1.52751 -6.22394 -819.159 0 
1 825.525 0.31229 0.0222814 0.676088 -0.772984 -0.777997 -1.71089 -4.73621 -819.077 0 
1 825.37 0.314289 0.0223342 0.675694 -0.774298 -0.801763 -1.78062 -4.53415 -819.055 0 
11 824.689 0.318149 0.0222117 0.673988 -0.782439 -0.840666 -1.13661 -4.54067 -819.012 0 
2 825.679 0.312935 0.0223403 0.680649 -0.794592 -0.862588 -1.11916 -5.21063 -819.349 0 
2 828.144 0.305463 0.022526 0.687291 -0.796262 -0.834394 -2.06139 -6.29714 -819.785 0 
1 826.434 0.304598 0.0224193 0.686388 -0.792004 -0.830923 -0.180928 -6.52778 -819.725 0 
1 825.414 0.312816 0.022451 0.679061 -0.779655 -0.827685 -1.45476 -4.85289 -819.106 0 
1 823.88 0.316471 0.0223538 0.675226 -0.770478 -0.824523 -0.47654 -4.356 -819.048 0 
2 826.318 0.314404 0.0223795 0.678452 -0.770344 -0.872818 -2.46223 -4.78525 -819.07 0 
1 825.886 0.318038 0.0223521 0.675216 -0.769607 -0.857249 -2.50067 -4.3561 -819.029 0 
1 826.17 0.332826 0.0221726 0.66093 -0.745452 -0.846667 -1.54399 -4.49701 -820.129 0 
1 824.995 0.326374 0.0222641 0.666491 -0.748265 -0.849056 -1.45872 -3.92707 -819.609 0 
9 826.336 0.319639 0.0222231 0.673182 -0.777553 -0.82124 -3.09572 -4.2259 -819.014 0 
3 825.963 0.32121 0.022323 0.672839 -0.776665 -0.833979 -2.6707 -4.2811 -819.011 0 
1 825.021 0.317471 0.0223986 0.675878 -0.781778 -0.82516 -1.57929 -4.42448 -819.017 0 
3 825.138 0.321193 0.0222878 0.667415 -0.749821 -0.765513 -1.63686 -3.8308 -819.67 0 
5 824.487 0.325661 0.0223232 0.667217 -0.759228 -0.810173 -1.04289 -3.99316 -819.451 0 
2 824.469 0.324822 0.0222582 0.667917 -0.749424 -0.868827 -1.06608 -3.9783 -819.425 0 
1 824.627 0.317637 0.0224008 0.671914 -0.722061 -0.8921 -0.366082 -4.53124 -819.73 0 
1 826.517 0.321297 0.0223709 0.671278 -0.725004 -0.953891 -2.81653 -4.13632 -819.564 0 
4 826.335 0.331251 0.0222893 0.661567 -0.707806 -0.927703 -1.5559 -3.70028 -821.079 0 
7 826.199 0.331898 0.0222849 0.659771 -0.709043 -0.896214 -1.12056 -3.74164 -821.337 0 
8 826.803 0.330714 0.0222341 0.662942 -0.725568 -0.913521 -2.55289 -3.92564 -820.324 0 
4 825.946 0.329977 0.022184 0.663673 -0.740615 -0.888993 -1.93954 -4.14685 -819.859 0 
5 827.726 0.329297 0.0222956 0.665383 -0.739568 -0.899222 -3.85271 -4.07522 -819.798 0 
2 825.73 0.322206 0.0224541 0.669795 -0.728811 -0.884325 -2.03018 -3.90137 -819.799 0 
4 824.389 0.320946 0.0224243 0.670239 -0.732199 -0.874772 -0.726461 -3.98831 -819.674 0 
1 824.889 0.315458 0.0223587 0.673756 -0.726226 -0.899666 -0.489018 -4.89995 -819.5 0 
8 825.716 0.315036 0.0222044 0.672248 -0.735963 -0.850569 -1.52593 -4.7646 -819.426 0 
1 825.499 0.314356 0.0221774 0.675246 -0.758874 -0.85458 -1.70563 -4.70039 -819.093 0 
3 825.585 0.316473 0.0221916 0.672205 -0.742993 -0.882855 -1.82388 -4.51429 -819.247 0 
4 825.967 0.321279 0.0221635 0.667398 -0.724194 -0.904202 -2.14838 -4.02085 -819.798 0 
4 825.034 0.321442 0.0221086 0.668855 -0.738401 -0.912268 -1.55998 -4.08029 -819.394 0 
1 826.109 0.319327 0.0222152 0.672268 -0.737478 -0.939019 -2.50647 -4.33036 -819.272 0 
8 825.523 0.325957 0.0223562 0.66706 -0.711966 -0.98178 -1.57304 -3.85108 -820.099 0 
2 824.874 0.326039 0.0222539 0.666159 -0.701227 -1.02917 -0.713625 -3.91602 -820.244 0 
4 825.588 0.329857 0.0221777 0.663139 -0.708458 -1.002 -1.31235 -3.87897 -820.397 0 
2 824.918 0.31837 0.0223715 0.673766 -0.729771 -0.970866 -1.05405 -4.55545 -819.309 0 
5 826.753 0.327427 0.0223792 0.664869 -0.716525 -0.939579 -2.692 -3.78775 -820.274 0 
13 825.687 0.330815 0.0223039 0.661384 -0.705001 -0.939191 -0.90956 -3.69009 -821.088 0 
1 825.756 0.330702 0.0222522 0.662069 -0.718477 -0.933524 -1.36641 -3.90097 -820.488 0 
2 824.687 0.326539 0.0221995 0.664813 -0.712262 -0.961765 -0.65536 -3.78815 -820.243 0 
12 825.18 0.328988 0.0223334 0.663086 -0.709263 -0.924247 -0.696638 -3.66082 -820.822 0 
2 826.159 0.327294 0.0223086 0.664259 -0.704994 -0.93021 -1.67187 -3.65714 -820.83 0 
6 826.507 0.32284 0.0222773 0.665925 -0.699772 -0.906305 -1.57788 -4.06383 -820.865 0 
6 826.115 0.326975 0.0222758 0.661458 -0.68363 -0.925898 -0.34447 -3.77708 -821.994 0 
2 829.64 0.332733 0.0219831 0.656805 -0.703859 -0.886706 -4.12005 -3.71781 -821.802 0 
6 830.681 0.336864 0.021966 0.65766 -0.735283 -0.906822 -5.17521 -5.03169 -820.474 0 
2 829.572 0.33802 0.0221819 0.654028 -0.692462 -0.926963 -2.7011 -4.10783 -822.763 0 
1 825.483 0.328139 0.0222446 0.663366 -0.703286 -0.95177 -0.999958 -3.65468 -820.828 0 
2 826.596 0.33255 0.0223054 0.661011 -0.703721 -0.95773 -1.64942 -3.77132 -821.175 0 
11 825.411 0.324654 0.022372 0.668741 -0.720641 -0.983275 -1.67998 -4.00722 -819.724 0 
1 825.136 0.325639 0.022246 0.667806 -0.717155 -1.02778 -1.3132 -4.13955 -819.683 0 
7 824.984 0.320906 0.0222036 0.671356 -0.718276 -1.04915 -1.02834 -4.56118 -819.395 0 
2 826.794 0.32766 0.0223269 0.664624 -0.702304 -1.01202 -2.52666 -3.84522 -820.422 0 
5 827.141 0.31981 0.0223975 0.674563 -0.734211 -1.01749 -3.31856 -4.65024 -819.172 0 
4 824.717 0.321178 0.0221905 0.671298 -0.728847 -1.02372 -0.922226 -4.5308 -819.264 0 
3 825.056 0.32031 0.0222007 0.671052 -0.705659 -1.07144 -0.788867 -4.66821 -819.599 0 
6 825.346 0.324564 0.0221744 0.666031 -0.689174 -1.06564 -0.846449 -4.08912 -820.41 0 
3 825.045 0.32201 0.0221942 0.668974 -0.698722 -1.07632 -0.742354 -4.45069 -819.852 0 
9 825.594 0.320395 0.0223879 0.66981 -0.68033 -1.07594 -0.386047 -4.78278 -820.425 0 
2 827.421 0.316491 0.0224529 0.67633 -0.698114 -1.12481 -2.28739 -5.63217 -819.502 0 
3 828.755 0.319225 0.0224788 0.674314 -0.696913 -1.10697 -4.10326 -4.98863 -819.663 0 
1 826.378 0.314841 0.0224835 0.675177 -0.690831 -1.0583 -0.597208 -5.94246 -819.839 0 
1 826.219 0.323448 0.0224336 0.670058 -0.71141 -1.03211 -2.29912 -4.19376 -819.726 0 
4 825.524 0.323993 0.022426 0.668379 -0.703528 -1.00395 -1.37331 -3.98947 -820.161 0 
5 827.004 0.322726 0.022519 0.668634 -0.676961 -1.05524 -1.75658 -4.36613 -820.881 0 
3 827.535 0.330685 0.0222708 0.66058 -0.678339 -1.03712 -2.21595 -3.61868 -821.701 0 
6 825.377 0.325142 0.0222733 0.668115 -0.703043 -1.07243 -1.31538 -4.16646 -819.895 0 
1 827.996 0.317811 0.0225513 0.674943 -0.701535 -1.08199 -3.26786 -5.14862 -819.58 0 
2 828.919 0.325729 0.0225123 0.665287 -0.673636 -1.04056 -3.5474 -3.93933 -821.432 0 
2 827.192 0.325216 0.0224373 0.665435 -0.670918 -1.06105 -1.78085 -4.04625 -821.365 0 
1 826.409 0.316256 0.0224417 0.674235 -0.683114 -1.09648 -0.641304 -5.78436 -819.983 0 
1 826.669 0.317136 0.0223572 0.67325 -0.689504 -1.06858 -1.33854 -5.39028 -819.94 0 
4 827.804 0.313976 0.0221531 0.677481 -0.718337 -1.10885 -2.51885 -6.05324 -819.232 0 
1 825.089 0.32346 0.0221698 0.668225 -0.703085 -1.06419 -0.989875 -4.25688 -819.842 0 
1 825.142 0.320883 0.0222215 0.669038 -0.699964 -1.03456 -0.750592 -4.44809 -819.944 0 
3 824.856 0.318037 0.0222594 0.674206 -0.725306 -1.04244 -0.689673 -4.93704 -819.23 0 
7 825.217 0.32148 0.022318 0.671859 -0.717528 -1.06697 -1.22406 -4.61584 -819.377 0 
1 825.092 0.316032 0.0223609 0.675597 -0.722754 -1.03369 -0.612375 -5.22452 -819.255 0 
1 824.611 0.322239 0.0222846 0.670032 -0.711137 -1.04359 -0.631486 -4.34685 -819.632 0 
1 824.987 0.316641 0.0222218 0.674312 -0.719839 -1.0391 -0.559186 -5.13157 -819.296 0 
3 825.168 0.324113 0.0222476 0.667322 -0.700991 -1.04728 -1.0071 -4.13107 -820.03 0 
2 825.095 0.324271 0.0221419 0.666881 -0.709124 -1.02441 -1.13342 -4.0863 -819.875 0 
3 825.096 0.319224 0.0222368 0.673249 -0.733125 -1.00384 -1.26671 -4.62746 -819.202 0 
1 826.876 0.328076 0.0222126 0.666698 -0.720874 -1.03588 -2.95962 -4.25561 -819.661 0 
1 826.591 0.326308 0.0223921 0.66832 -0.725719 -0.99114 -2.85484 -4.11125 -819.625 0 
1 828.61 0.321063 0.0226034 0.67184 -0.703074 -1.01084 -4.30508 -4.34194 -819.963 0 
1 827.071 0.314555 0.0225216 0.6782 -0.726724 -1.02141 -2.41359 -5.444 -819.213 0 
3 826.366 0.325091 0.022411 0.668961 -0.728907 -0.974111 -2.71188 -4.10526 -819.549 0 
2 827.208 0.327116 0.0222898 0.668121 -0.735743 -0.983338 -3.48744 -4.2919 -819.428 0 
2 825.814 0.327958 0.0221305 0.664624 -0.733578 -0.950397 -1.97897 -4.17487 -819.66 0 
3 825.159 0.32314 0.0221823 0.668443 -0.721463 -1.00787 -1.3902 -4.23778 -819.531 0 
4 826.783 0.308718 0.0223532 0.680802 -0.714899 -1.05168 -0.101012 -7.37329 -819.308 0 
2 826.261 0.313533 0.0222847 0.676368 -0.710131 -1.03924 -0.939206 -5.91733 -819.405 0 
1 827.276 0.31314 0.0221753 0.674545 -0.707726 -1.01029 -1.78645 -5.9793 -819.511 0 
1 827.197 0.322177 0.0223287 0.665983 -0.681822 -0.993613 -1.82397 -4.33151 -821.042 0 
2 825.758 0.32204 0.0222484 0.669373 -0.70118 -1.0372 -1.51619 -4.28799 -819.954 0 
1 825.843 0.325605 0.0222926 0.663579 -0.675967 -1.00719 -0.348438 -3.92654 -821.568 0 
3 826.601 0.320618 0.0221281 0.669471 -0.693116 -1.07797 -1.99736 -4.64936 -819.955 0 
5 826.039 0.327444 0.0221201 0.664129 -0.693409 -1.05117 -1.65298 -3.85135 -820.535 0 
4 826.899 0.328353 0.0220836 0.661615 -0.683917 -1.03374 -2.00328 -3.70553 -821.19 0 
2 827.629 0.316617 0.0222162 0.673767 -0.702592 -1.06201 -2.72944 -5.32082 -819.578 0 
1 825.666 0.323804 0.0222571 0.666043 -0.683406 -1.04944 -0.820892 -4.13853 -820.707 0 
1 827.453 0.326405 0.0221723 0.663711 -0.693313 -1.02627 -2.97698 -3.85478 -820.621 0 
1 825.423 0.320593 0.0223466 0.668535 -0.687199 -1.01475 -0.342862 -4.56064 -820.52 0 
2 825.97 0.324305 0.0223316 0.66553 -0.674167 -1.05478 -0.673343 -4.1385 -821.159 0 
5 826.725 0.322955 0.0222802 0.668977 -0.689066 -1.08077 -2.19199 -4.31335 -820.22 0 
6 826.643 0.327484 0.022313 0.664165 -0.662004 -1.11137 -1.07265 -3.90286 -821.667 0 
2 826.282 0.315864 0.0224251 0.674489 -0.685143 -1.09237 -0.518001 -5.84549 -819.918 0 
2 827.077 0.313179 0.0224667 0.676476 -0.681902 -1.09987 -0.432699 -6.76882 -819.875 0 
3 827.479 0.312473 0.022381 0.674847 -0.679002 -1.05629 -0.305851 -7.05822 -820.115 0 
6 827.215 0.316188 0.0223889 0.671609 -0.669606 -1.05357 -0.352636 -6.13328 -820.729 0 
1 827.049 0.319564 0.0223659 0.668723 -0.665423 -1.04938 -0.522426 -5.29475 -821.232 0 
2 826.745 0.333347 0.0222831 0.659026 -0.667652 -1.058 -0.740838 -3.54195 -822.462 0 
1 829.934 0.32534 0.0221028 0.666345 -0.70197 -1.02706 -5.82583 -3.92799 -820.18 0 
3 830.634 0.324859 0.0220622 0.662999 -0.681857 -0.975751 -5.20977 -3.99361 -821.431 0 
1 830.3 0.322427 0.0220817 0.663927 -0.681922 -0.953034 -4.54855 -4.37364 -821.378 0 
2 830.611 0.327185 0.0220218 0.659563 -0.696484 -0.891436 -5.35546 -3.67982 -821.576 0 
2 827.606 0.318158 0.0221003 0.670517 -0.720372 -0.941762 -3.47606 -4.53018 -819.6 0 
1 825.185 0.318962 0.0222217 0.669737 -0.710762 -0.946203 -0.793223 -4.48873 -819.903 0 
1 824.963 0.318872 0.0222161 0.670524 -0.716641 -0.952308 -0.810873 -4.4604 -819.691 0 
7 825.43 0.316629 0.0222522 0.673936 -0.728302 -0.962355 -1.3191 -4.79508 -819.315 0 
3 825.553 0.319941 0.0221855 0.671689 -0.735601 -0.956476 -1.93968 -4.33548 -819.277 0 
1 826.001 0.321053 0.0221661 0.669432 -0.731843 -0.909555 -2.40493 -4.05099 -819.546 0 
1 827.977 0.321297 0.0220934 0.66979 -0.737109 -0.926538 -4.50028 -4.10504 -819.371 0 
1 826.787 0.321765 0.0221421 0.666014 -0.694178 -0.968111 -1.94095 -4.24243 -820.603 0 
3 825.593 0.327028 0.0222346 0.662711 -0.688622 -0.961721 -0.494675 -3.70592 -821.393 0 
3 827.151 0.322386 0.0223891 0.667316 -0.687867 -0.960018 -1.862 -4.27936 -821.009 0 
1 826.146 0.324453 0.0222729 0.663223 -0.690381 -0.896468 -0.548848 -4.00584 -821.592 0 
5 828.133 0.31984 0.0222266 0.66837 -0.700482 -0.92966 -3.18479 -4.51455 -820.434 0 
1 827.789 0.322411 0.0224326 0.663896 -0.671274 -0.908997 -0.605332 -4.76348 -822.42 0 
3 827.771 0.31767 0.0222794 0.670485 -0.708004 -0.908984 -2.85225 -4.80555 -820.113 0 
3 827.472 0.318531 0.0222151 0.667177 -0.706488 -0.857402 -2.2587 -4.66777 -820.545 0 
9 825.664 0.322739 0.0224161 0.665568 -0.700767 -0.87761 -0.586853 -4.0539 -821.024 0 
3 825.802 0.326214 0.0224518 0.66576 -0.713318 -0.898858 -1.5378 -3.68555 -820.578 0 
2 827.135 0.323752 0.0225735 0.667958 -0.712115 -0.899672 -2.87697 -3.82958 -820.429 0 
3 827.354 0.32016 0.0225177 0.672223 -0.724971 -0.917481 -3.52579 -4.16875 -819.659 0 
3 827.219 0.320618 0.0224091 0.671016 -0.728237 -0.890691 -3.45567 -4.0611 -819.702 0 
9 825.418 0.330854 0.0223032 0.66057 -0.721628 -0.82418 -0.467375 -3.77806 -821.172 0 
1 826.294 0.329958 0.0224071 0.659692 -0.704985 -0.812851 -0.436337 -3.73867 -822.119 0 
3 827.345 0.322959 0.0222297 0.663942 -0.711772 -0.800725 -2.18341 -4.06715 -821.094 0 
5 827.287 0.320558 0.0223039 0.666354 -0.703106 -0.842232 -1.82702 -4.47785 -820.982 0 
1 827.025 0.314916 0.0222114 0.672545 -0.732157 -0.849386 -2.62782 -4.88528 -819.512 0 
3 824.802 0.325121 0.0222413 0.664057 -0.727952 -0.824888 -0.737088 -3.70434 -820.361 0 
1 825.271 0.310308 0.0222931 0.677497 -0.758433 -0.802764 -0.755534 -5.38287 -819.133 0 
1 823.753 0.322045 0.0222469 0.669715 -0.768035 -0.797941 -0.573644 -3.99522 -819.184 0 
4 823.501 0.318504 0.0222982 0.671602 -0.755568 -0.808685 -0.160164 -4.07178 -819.269 0 
2 824.179 0.321532 0.0222351 0.67063 -0.773136 -0.798753 -1.01134 -4.06748 -819.1 0 
3 826.272 0.327883 0.0221843 0.666152 -0.782612 -0.76342 -2.46544 -4.59388 -819.213 0 
1 824.775 0.312221 0.0223388 0.678715 -0.770767 -0.837777 -0.721255 -4.96208 -819.092 0 
7 824.66 0.31281 0.0223392 0.67767 -0.768199 -0.820221 -0.775632 -4.80702 -819.077 0 
3 825.12 0.310408 0.0223838 0.677735 -0.742651 -0.854184 -0.164843 -5.741 -819.214 0 
1 827.161 0.30636 0.0223102 0.682634 -0.76173 -0.865058 -1.35191 -6.57449 -819.235 0 
5 827.383 0.312516 0.0223224 0.672524 -0.736789 -0.767913 -2.47193 -5.30985 -819.602 0 
6 829.185 0.319042 0.0221346 0.666826 -0.762468 -0.688058 -5.71332 -3.91178 -819.56 0 
3 829.843 0.320764 0.0220366 0.666435 -0.771979 -0.712113 -6.6514 -3.86555 -819.326 0 
1 828.186 0.309091 0.0220745 0.679757 -0.803998 -0.771208 -3.4929 -5.23186 -819.462 0 
2 825.047 0.313227 0.022148 0.67785 -0.810561 -0.747126 -1.08263 -4.68027 -819.284 0 
4 824.353 0.314688 0.0222403 0.677316 -0.807607 -0.744993 -0.65149 -4.52843 -819.173 0 
6 824.46 0.313318 0.022197 0.677642 -0.803336 -0.752428 -0.670597 -4.60037 -819.189 0 
3 824.288 0.316903 0.0222904 0.675766 -0.799893 -0.760142 -0.834242 -4.40003 -819.054 0 
1 824.09 0.311953 0.0223194 0.678877 -0.80495 -0.728901 -0.237297 -4.63483 -819.217 0 
1 824.184 0.31598 0.0223663 0.676454 -0.808021 -0.712393 -0.765177 -4.33185 -819.086 0 
3 824.368 0.315337 0.0224731 0.67577 -0.787492 -0.721234 -1.129 -4.19372 -819.045 0 
4 828.143 0.308191 0.0225394 0.684725 -0.796032 -0.797732 -3.21078 -5.48622 -819.446 0 
4 825.882 0.317122 0.0225043 0.672836 -0.7586 -0.772665 -2.47232 -4.13418 -819.276 0 
6 825.105 0.319814 0.0224892 0.670523 -0.753433 -0.771724 -1.70905 -3.91397 -819.482 0 
9 824.908 0.324585 0.0223945 0.668154 -0.758957 -0.788957 -1.541 -3.87432 -819.493 0 
3 824.302 0.326587 0.0222562 0.665107 -0.75526 -0.77685 -0.656213 -3.88714 -819.759 0 
3 826.37 0.33147 0.0223495 0.657827 -0.720688 -0.73201 -0.217402 -4.01519 -822.137 0 
1 825.713 0.331212 0.0223376 0.659667 -0.72845 -0.773474 -0.521667 -3.91073 -821.281 0 
1 827.431 0.330784 0.0224654 0.658419 -0.700575 -0.784431 -0.738103 -3.8874 -822.805 0 
2 827.459 0.329386 0.0224612 0.659107 -0.68367 -0.838638 -0.354455 -3.90417 -823.2 0 
3 827.94 0.332867 0.0223639 0.65604 -0.673004 -0.872467 -0.0314261 -3.81419 -824.095 0 
1 826.379 0.326157 0.0223916 0.662403 -0.680531 -0.907885 -0.140967 -3.97016 -822.268 0 
4 826.674 0.328611 0.0223863 0.661117 -0.683024 -0.906454 -0.529968 -3.73108 -822.413 0 
5 827.991 0.329905 0.0223791 0.658257 -0.666397 -0.897418 -0.165061 -3.95176 -823.874 0 
7 827.304 0.326387 0.0224648 0.66202 -0.676853 -0.888927 -0.469765 -4.09982 -822.734 0 
1 826.153 0.324037 0.0224432 0.665711 -0.700069 -0.88295 -1.06897 -3.94627 -821.138 0 
2 826.233 0.324183 0.0224862 0.663987 -0.696012 -0.837847 -0.369607 -4.09855 -821.765 0 
1 826.284 0.319919 0.0224305 0.666767 -0.698343 -0.852013 -0.573294 -4.62271 -821.088 0 
3 825.61 0.313278 0.02242 0.67415 -0.722339 -0.87473 -0.566219 -5.44324 -819.601 0 
2 825.517 0.319969 0.0225206 0.669823 -0.71358 -0.874647 -1.00288 -4.2664 -820.248 0 
8 824.278 0.320547 0.0222953 0.667987 -0.727711 -0.839588 -0.301049 -4.01307 -819.964 0 
1 824.927 0.318549 0.0221996 0.670911 -0.737593 -0.875187 -1.26242 -4.23355 -819.431 0 
2 825.921 0.326184 0.0220984 0.663065 -0.730122 -0.836611 -1.94033 -3.70116 -820.28 0 
4 825.707 0.329124 0.0221665 0.660671 -0.73236 -0.798648 -1.23155 -3.78896 -820.687 0 
1 823.931 0.321784 0.0222516 0.668753 -0.749584 -0.816229 -0.580769 -3.85991 -819.49 0 
1 823.97 0.322004 0.0223899 0.667457 -0.740758 -0.778044 -0.215806 -3.81514 -819.939 0 
1 825.379 0.31184 0.0224431 0.675107 -0.745455 -0.775284 -0.771133 -5.24763 -819.36 0 
5 827.018 0.316305 0.0224287 0.66999 -0.727606 -0.784173 -2.34057 -4.67574 -820.002 0 
7 825.929 0.310969 0.0225389 0.676961 -0.735711 -0.828161 -0.820349 -5.73126 -819.377 0 
1 825.302 0.316736 0.0224884 0.673549 -0.744161 -0.811622 -1.51422 -4.35669 -819.432 0 
7 828.018 0.321309 0.0225957 0.66779 -0.731005 -0.768366 -3.76805 -3.94071 -820.309 0 
7 825.256 0.320502 0.0225401 0.669781 -0.736852 -0.794643 -1.41506 -3.95273 -819.888 0 
3 826.028 0.327043 0.022478 0.663132 -0.721353 -0.792958 -1.25555 -3.70945 -821.063 0 
4 824.283 0.318388 0.0224616 0.671315 -0.744096 -0.784886 -0.559977 -4.11954 -819.603 0 
2 824.92 0.315763 0.022442 0.673661 -0.743688 -0.805187 -0.974821 -4.51662 -819.429 0 
6 823.841 0.317703 0.0222497 0.670937 -0.771219 -0.710263 -0.608798 -3.98468 -819.248 0 
4 825.107 0.32377 0.0221959 0.664425 -0.776942 -0.62701 -1.47737 -3.93277 -819.697 0 
7 824.868 0.31491 0.0223914 0.673441 -0.776358 -0.655445 -1.38814 -4.24316 -819.237 0 
3 824.492 0.311086 0.0224587 0.677841 -0.792202 -0.646884 -0.838492 -4.56799 -819.086 0 
1 823.539 0.314044 0.0224171 0.676191 -0.795549 -0.673072 -0.281021 -4.20143 -819.057 0 
5 823.801 0.317996 0.0223155 0.67244 -0.798002 -0.644091 -0.774272 -3.95103 -819.075 0 
3 824.479 0.317433 0.0221928 0.674443 -0.817476 -0.677403 -1.06622 -4.32694 -819.086 0 
4 823.741 0.317598 0.0223151 0.673048 -0.808344 -0.64617 -0.620564 -4.08451 -819.036 0 
2 823.776 0.318853 0.02233 0.672374 -0.806796 -0.653771 -0.645731 -4.10148 -819.029 0 
3 824.111 0.323064 0.0224221 0.667305 -0.784258 -0.622762 -0.675208 -3.94608 -819.489 0 
1 823.242 0.320048 0.0223716 0.670156 -0.7987 -0.603445 -0.123583 -3.93719 -819.181 0 
1 825.336 0.320699 0.0225026 0.668585 -0.795264 -0.556019 -1.95664 -3.97298 -819.406 0 
1 824.932 0.319036 0.0224034 0.668905 -0.794415 -0.559882 -1.64799 -3.93913 -819.345 0 
3 824.305 0.312561 0.0224391 0.674109 -0.785401 -0.599936 -0.676284 -4.43553 -819.193 0 
1 824.52 0.312693 0.0224324 0.673677 -0.789056 -0.577901 -0.936323 -4.3846 -819.199 0 
3 824.404 0.308597 0.0224122 0.67889 -0.802036 -0.616382 -0.455718 -4.8135 -819.135 0 
2 823.587 0.312227 0.0223873 0.676602 -0.799579 -0.629827 -0.191181 -4.31772 -819.078 0 
1 823.629 0.316708 0.0223141 0.671257 -0.792009 -0.594826 -0.437314 -3.98103 -819.21 0 
1 824.772 0.30926 0.0222991 0.678425 -0.795954 -0.659653 -0.816832 -4.8335 -819.121 0 
2 824.838 0.30695 0.0223128 0.682421 -0.814322 -0.68036 -0.178248 -5.16062 -819.499 0 
9 824.002 0.313253 0.0222497 0.67593 -0.817655 -0.619627 -0.656439 -4.20769 -819.138 0 
2 823.741 0.319908 0.0222426 0.67105 -0.810815 -0.637618 -0.549445 -4.16104 -819.031 0 
2 824.22 0.315614 0.0223493 0.675904 -0.820865 -0.646196 -0.814821 -4.2734 -819.132 0 
2 824.153 0.318231 0.0223834 0.674165 -0.801766 -0.69501 -1.00793 -4.12569 -819.019 0 
1 825.027 0.322065 0.0222478 0.6716 -0.819925 -0.679733 -1.27501 -4.744 -819.007 0 
1 823.729 0.318563 0.0223623 0.673364 -0.794181 -0.716552 -0.606839 -4.10093 -819.022 0 
1 824.213 0.309799 0.0224495 0.679726 -0.789826 -0.710683 -0.205659 -4.88791 -819.12 0 
2 824.277 0.310702 0.0224604 0.678213 -0.776021 -0.72401 -0.276905 -4.90552 -819.095 0 
4 824.345 0.312431 0.0224613 0.677971 -0.773897 -0.770226 -0.572368 -4.69641 -819.076 0 
3 824.064 0.31271 0.0224548 0.677097 -0.770241 -0.766056 -0.307492 -4.66505 -819.091 0 
1 823.913 0.311723 0.022443 0.677378 -0.778617 -0.719058 -0.155285 -4.67285 -819.085 0 
1 826.344 0.318391 0.0224127 0.675237 -0.796825 -0.739442 -3.13502 -4.19918 -819.01 0 
2 826.608 0.304896 0.0224562 0.685966 -0.801727 -0.755196 -0.982185 -6.00188 -819.624 0 
1 827.404 0.304356 0.0225111 0.685741 -0.800042 -0.712502 -1.91395 -6.02336 -819.467 0 
1 828.096 0.303547 0.0224719 0.685773 -0.793436 -0.723452 -2.2516 -6.42078 -819.423 0 
5 828.646 0.301853 0.022397 0.686212 -0.795039 -0.709219 -2.24824 -6.89554 -819.502 0 
4 826.299 0.314643 0.0222031 0.674158 -0.789687 -0.675293 -3.06674 -4.16361 -819.069 0 
3 826.203 0.31327 0.0221374 0.675394 -0.797819 -0.683636 -2.83533 -4.29869 -819.069 0 
3 826.884 0.318155 0.0220213 0.670773 -0.812362 -0.624278 -3.77554 -4.06814 -819.04 0 
2 827.067 0.319255 0.021999 0.670038 -0.816396 -0.627052 -3.83469 -4.19923 -819.033 0 
1 828.575 0.321815 0.0219625 0.669101 -0.834565 -0.579801 -4.84994 -4.67185 -819.053 0 
3 828.943 0.308461 0.0220507 0.680823 -0.84685 -0.597067 -4.35149 -4.68617 -819.905 0 
1 827.163 0.314205 0.0220269 0.674957 -0.838799 -0.589058 -3.50363 -4.33668 -819.323 0 
4 826.716 0.317848 0.0221673 0.672286 -0.838032 -0.567342 -3.15138 -4.42022 -819.145 0 
1 825.796 0.31196 0.0222713 0.681146 -0.856861 -0.63015 -0.73812 -4.97095 -820.087 0 
2 826.458 0.314393 0.0223842 0.67924 -0.847023 -0.600865 -2.44079 -4.51046 -819.507 0 
1 824.613 0.319224 0.0222672 0.673572 -0.842692 -0.575562 -0.833883 -4.6162 -819.163 0 
5 824.149 0.318421 0.0222105 0.672489 -0.823546 -0.59396 -0.926681 -4.16458 -819.057 0 
1 825.301 0.316518 0.0225059 0.675497 -0.815961 -0.622946 -2.13163 -4.10807 -819.061 0 
1 827.357 0.315295 0.0225192 0.677484 -0.833467 -0.606956 -3.78338 -4.34273 -819.231 0 
1 826.154 0.316606 0.0223608 0.674328 -0.821878 -0.620272 -2.84307 -4.22245 -819.089 0 
3 825.128 0.316144 0.0223384 0.677285 -0.839961 -0.630802 -1.18222 -4.5949 -819.351 0 
2 826.2 0.310856 0.0222299 0.681804 -0.846243 -0.658053 -1.35297 -4.87309 -819.974 0 
2 826.39 0.315312 0.0222102 0.676947 -0.848344 -0.626559 -1.9797 -4.84546 -819.565 0 
2 826.945 0.313769 0.0221348 0.679352 -0.851649 -0.68419 -1.62507 -5.30036 -820.02 0 
6 826.884 0.313632 0.0221117 0.679361 -0.841147 -0.728061 -1.6635 -5.31112 -819.91 0 
1 826.76 0.314312 0.0221781 0.678932 -0.837071 -0.732772 -1.75679 -5.24898 -819.754 0 
12 827.277 0.316284 0.0221104 0.677862 -0.845766 -0.724985 -1.91459 -5.55117 -819.811 0 
1 827.227 0.325144 0.0220187 0.668705 -0.814455 -0.747293 -2.86453 -5.40349 -818.959 0 
2 826.946 0.322052 0.0221067 0.670054 -0.814057 -0.707305 -3.1706 -4.78186 -818.994 0 
6 826.059 0.323176 0.0220547 0.669528 -0.814197 -0.712552 -2.19756 -4.88007 -818.981 0 
5 825.758 0.322027 0.022066 0.669138 -0.798208 -0.729815 -2.37844 -4.3812 -818.999 0 
5 825.365 0.323142 0.0220753 0.668957 -0.799051 -0.738226 -1.86301 -4.51145 -818.99 0 
4 826.387 0.328921 0.0220639 0.663861 -0.795182 -0.708149 -2.15821 -5.02661 -819.202 0 
3 826.415 0.328769 0.0220529 0.663665 -0.794831 -0.68792 -2.27142 -4.87561 -819.268 0 
8 826.329 0.326673 0.0221014 0.662854 -0.776923 -0.673744 -2.54271 -4.1487 -819.637 0 
2 824.662 0.324442 0.0221572 0.665702 -0.787558 -0.663603 -1.23513 -4.10505 -819.322 0 
2 824.464 0.310723 0.0223333 0.676173 -0.789119 -0.634775 -0.714762 -4.64957 -819.1 0 
1 825.389 0.311088 0.0222314 0.676266 -0.79559 -0.643329 -1.78425 -4.51913 -819.086 0 
14 823.345 0.31337 0.0223431 0.676201 -0.800061 -0.661507 -0.0383505 -4.2397 -819.067 0 
4 824.123 0.316294 0.0224106 0.675804 -0.812902 -0.658726 -0.884673 -4.17201 -819.066 0 
2 823.886 0.319237 0.0222853 0.672736 -0.819332 -0.624711 -0.625018 -4.22402 -819.037 0 
6 824.329 0.3154 0.0222918 0.677015 -0.835282 -0.6302 -0.573207 -4.45203 -819.303 0 
9 823.778 0.314262 0.0222568 0.676554 -0.829736 -0.61533 -0.259561 -4.28317 -819.235 0 
5 823.645 0.316709 0.0223636 0.674924 -0.810711 -0.655943 -0.468951 -4.12712 -819.048 0 
2 824.91 0.318641 0.0223974 0.673653 -0.799959 -0.711302 -1.70108 -4.19601 -819.013 0 
5 824.396 0.317169 0.0224305 0.674528 -0.804111 -0.67333 -1.25425 -4.10971 -819.032 0 
4 828.111 0.324264 0.0225915 0.668079 -0.777928 -0.667256 -4.64291 -3.9553 -819.513 0 
12 829.035 0.316938 0.0226873 0.675902 -0.793448 -0.667314 -5.97474 -3.99394 -819.067 0 
8 829.37 0.313353 0.0226203 0.679746 -0.814727 -0.637918 -6.02498 -4.21519 -819.13 0 
1 826.851 0.320565 0.0225759 0.672137 -0.817618 -0.556792 -3.61826 -4.13331 -819.1 0 
4 826.489 0.314524 0.0226063 0.67741 -0.833453 -0.528864 -3.26201 -4.07499 -819.152 0 
1 826.742 0.317499 0.0226073 0.674357 -0.830396 -0.515667 -3.54974 -4.09807 -819.094 0 
1 826.519 0.311478 0.0225886 0.680627 -0.844306 -0.539467 -2.82732 -4.25973 -819.432 0 
3 824.552 0.324765 0.0223751 0.667 -0.817598 -0.533304 -0.719087 -4.58943 -819.244 0 
5 824.574 0.319949 0.0222341 0.67212 -0.844341 -0.534761 -0.873698 -4.57671 -819.123 0 
2 824.219 0.312524 0.0223664 0.678923 -0.840596 -0.589769 -0.398348 -4.3778 -819.443 0 
7 825.282 0.313987 0.0224288 0.678914 -0.843574 -0.596236 -1.39436 -4.44537 -819.442 0 
1 825.577 0.32292 0.0224499 0.66862 -0.81525 -0.550515 -2.06296 -4.33666 -819.177 0 
2 824.862 0.316942 0.022511 0.67467 -0.827662 -0.548053 -1.69227 -4.08383 -819.086 0 
1 824.417 0.31201 0.0225071 0.676412 -0.820332 -0.523208 -1.14361 -4.1539 -819.119 0 
2 824.107 0.313997 0.022425 0.674498 -0.8104 -0.56756 -0.961944 -4.06007 -819.085 0 
1 825.938 0.303124 0.0225058 0.68453 -0.811031 -0.609697 -0.605561 -5.9079 -819.425 0 
2 826.448 0.303574 0.0224721 0.684844 -0.832325 -0.579996 -1.30553 -5.36108 -819.781 0 
2 827.188 0.307968 0.0225844 0.679466 -0.827034 -0.495596 -3.44414 -4.5176 -819.227 0 
3 825.236 0.308505 0.0225815 0.67911 -0.82109 -0.505113 -1.5223 -4.54138 -819.172 0 
2 825.445 0.310927 0.0226321 0.677057 -0.832663 -0.433153 -2.04722 -4.2275 -819.17 0 
1 825.801 0.30665 0.02261 0.681775 -0.844679 -0.454953 -1.82684 -4.51647 -819.458 0 
1 826.516 0.312483 0.0225525 0.676207 -0.859912 -0.375406 -3.03351 -4.15967 -819.323 0 
2 827.313 0.30292 0.02261 0.684205 -0.859078 -0.398832 -2.61609 -4.86719 -819.829 0 
2 826.719 0.307606 0.0225649 0.67692 -0.831263 -0.379639 -2.7962 -4.72017 -819.203 0 
1 824.172 0.309003 0.0224741 0.678578 -0.840755 -0.450262 -0.587989 -4.29296 -819.291 0 
4 823.851 0.317323 0.0224026 0.670438 -0.832335 -0.418466 -0.477393 -4.179 -819.194 0 
1 825.066 0.310585 0.0222659 0.675727 -0.837622 -0.455068 -1.66308 -4.18562 -819.217 0 
7 824.044 0.318888 0.022297 0.669417 -0.817502 -0.483241 -0.739756 -4.08486 -819.22 0 
1 823.724 0.313587 0.0223653 0.673287 -0.819662 -0.476159 -0.469957 -4.11519 -819.139 0 
5 823.549 0.312251 0.0224365 0.677214 -0.840394 -0.491706 -0.193471 -4.11332 -819.242 0 
5 824.554 0.319961 0.022489 0.668975 -0.820274 -0.454097 -1.04904 -4.21328 -819.292 0 
2 824.609 0.319127 0.0224582 0.668722 -0.816207 -0.451714 -1.11002 -4.1665 -819.332 0 
4 825.214 0.316644 0.0224727 0.673428 -0.831424 -0.506401 -2.02914 -4.0804 -819.104 0 
2 825.249 0.320005 0.0225323 0.671222 -0.82327 -0.509318 -1.9541 -4.16208 -819.133 0 
4 825.338 0.320258 0.0224763 0.670034 -0.825774 -0.489701 -1.9545 -4.22921 -819.154 0 
5 823.477 0.31669 0.0224304 0.671287 -0.811222 -0.501995 -0.264862 -4.01574 -819.197 0 
3 824.25 0.321374 0.0224819 0.668214 -0.816637 -0.46777 -0.630187 -4.2696 -819.35 0 
4 824.449 0.321725 0.0223992 0.668966 -0.829541 -0.487662 -0.869446 -4.42718 -819.152 0 
1 825.062 0.313865 0.0224957 0.674889 -0.83283 -0.476729 -1.87401 -4.04955 -819.138 0 
1 823.547 0.317583 0.0224033 0.672301 -0.839071 -0.463079 -0.242376 -4.17771 -819.127 0 
1 824.207 0.312524 0.0224838 0.67609 -0.835226 -0.473591 -0.951377 -4.08579 -819.17 0 
3 823.774 0.313496 0.022404 0.675795 -0.836395 -0.504897 -0.510098 -4.08305 -819.181 0 
7 825.738 0.313837 0.0224231 0.679161 -0.854053 -0.568893 -1.58596 -4.55196 -819.601 0 
1 824.899 0.317782 0.0223775 0.673444 -0.833641 -0.555597 -1.53891 -4.25712 -819.103 0 
9 824.701 0.319487 0.0223372 0.672582 -0.830394 -0.588543 -1.2259 -4.40686 -819.069 0 
4 824.736 0.311671 0.0224422 0.678081 -0.827896 -0.571517 -1.27163 -4.2351 -819.229 0 
8 824.457 0.321069 0.0224044 0.669274 -0.808909 -0.565174 -1.20163 -4.08273 -819.172 0 
1 824.816 0.315607 0.0225246 0.675644 -0.807103 -0.613198 -1.73621 -4.01965 -819.06 0 
1 826.741 0.313771 0.0224488 0.678216 -0.81137 -0.649958 -3.43321 -4.20218 -819.105 0 
1 826.468 0.315573 0.0224921 0.676656 -0.817973 -0.603956 -3.32846 -4.06122 -819.078 0 
3 825.625 0.327084 0.022479 0.664154 -0.790722 -0.554441 -1.29475 -4.45754 -819.873 0 
2 826.202 0.31521 0.022528 0.675879 -0.81629 -0.559333 -3.1116 -4.01004 -819.081 0 
1 826.376 0.317308 0.0224804 0.674448 -0.820331 -0.556523 -3.29517 -4.00782 -819.073 0 
1 825.258 0.318419 0.0224015 0.673358 -0.831 -0.530775 -2.03132 -4.1429 -819.084 0 
1 826.181 0.316117 0.0224856 0.676074 -0.829516 -0.554737 -2.99658 -4.07611 -819.108 0 
3 825.006 0.308946 0.0225228 0.679719 -0.816986 -0.54509 -1.28099 -4.55979 -819.165 0 
2 826.359 0.313484 0.0226006 0.673751 -0.793527 -0.507014 -2.53258 -4.48475 -819.342 0 
2 827.596 0.30898 0.0225751 0.678157 -0.798642 -0.532421 -3.47422 -4.97595 -819.146 0 
2 825.5 0.315575 0.0224689 0.673628 -0.814619 -0.505271 -2.31421 -4.04233 -819.143 0 
2 825.433 0.320772 0.0225558 0.669243 -0.796838 -0.529801 -1.91126 -4.04407 -819.478 0 
2 826.246 0.322207 0.0226138 0.666183 -0.772723 -0.547154 -1.91762 -4.14815 -820.181 0 
1 825.736 0.316243 0.022621 0.670809 -0.780217 -0.526321 -1.66914 -4.39056 -819.676 0 
5 824.883 0.313049 0.0224931 0.672298 -0.796354 -0.488195 -1.06921 -4.47424 -819.339 0 
3 825.114 0.311037 0.0223879 0.674919 -0.8179 -0.488632 -1.7018 -4.28178 -819.13 0 
8 825.336 0.317932 0.0224784 0.670528 -0.812878 -0.502055 -2.11971 -4.01151 -819.205 0 
1 825.118 0.30735 0.0225737 0.68143 -0.824707 -0.531327 -1.15459 -4.69009 -819.273 0 
2 824.628 0.316822 0.0224938 0.671016 -0.816149 -0.469372 -1.34622 -4.06029 -819.221 0 
1 824.204 0.316986 0.0224539 0.670567 -0.820994 -0.446944 -0.874329 -4.10448 -819.226 0 
4 825.376 0.324283 0.0223501 0.665514 -0.831926 -0.432321 -1.14998 -4.89598 -819.33 0 
6 824.932 0.318081 0.0222529 0.673515 -0.869311 -0.433196 -0.861176 -4.72237 -819.349 0 
2 824.272 0.321337 0.0223122 0.668481 -0.844322 -0.426463 -0.450937 -4.65614 -819.165 0 
3 823.781 0.318965 0.0223205 0.671217 -0.855327 -0.413236 -0.0737277 -4.52922 -819.178 0 
2 826.081 0.317082 0.022246 0.675026 -0.864365 -0.47595 -2.12394 -4.57025 -819.387 0 
4 826.374 0.321588 0.0221966 0.67052 -0.860568 -0.451477 -2.17064 -5.02792 -819.175 0 
4 825.707 0.311293 0.0221789 0.676757 -0.846538 -0.483933 -2.19953 -4.15814 -819.35 0 
3 824.703 0.316445 0.0222802 0.671515 -0.839562 -0.449682 -1.43271 -4.13073 -819.139 0 
2 824.685 0.319667 0.0222687 0.668954 -0.837258 -0.44697 -1.19374 -4.34194 -819.149 0 
7 823.899 0.31404 0.0222914 0.675191 -0.842634 -0.504334 -0.53535 -4.13338 -819.23 0 
4 824.974 0.315314 0.0223946 0.671446 -0.815037 -0.482915 -1.75134 -4.04732 -819.175 0 
2 825.15 0.312912 0.0223932 0.673674 -0.824403 -0.468978 -1.91339 -4.10322 -819.134 0 
5 823.661 0.312899 0.0224424 0.677015 -0.847185 -0.472006 -0.267673 -4.11507 -819.278 0 
13 826.093 0.307957 0.0225061 0.679473 -0.846039 -0.441919 -2.36005 -4.34029 -819.393 0 
7 824.697 0.31014 0.0224556 0.678506 -0.83876 -0.499243 -1.16372 -4.22707 -819.306 0 
2 824.461 0.306989 0.0225067 0.680965 -0.841471 -0.46138 -0.538737 -4.52283 -819.4 0 
1 823.464 0.313383 0.0224428 0.675974 -0.842224 -0.462798 -0.185032 -4.07936 -819.199 0 
9 825.277 0.318959 0.0224482 0.6733 -0.840867 -0.498952 -1.85792 -4.3086 -819.111 0 
2 824.677 0.323359 0.0222126 0.666182 -0.835981 -0.434889 -0.650472 -4.78143 -819.245 0 
1 823.715 0.319771 0.0223124 0.668486 -0.82552 -0.444399 -0.224542 -4.24365 -819.247 0 
8 824.345 0.324693 0.0223684 0.665498 -0.816919 -0.469861 -0.239218 -4.63336 -819.472 0 
1 824.532 0.309874 0.0223662 0.67848 -0.843043 -0.466868 -0.985871 -4.22671 -819.319 0 
3 824.633 0.319001 0.0223006 0.671154 -0.824381 -0.516212 -1.43668 -4.09129 -819.105 0 
7 827.908 0.329962 0.0221338 0.659075 -0.80171 -0.470922 -2.36309 -5.32658 -820.218 0 
2 828.331 0.319282 0.0222131 0.667151 -0.80146 -0.477777 -4.62123 -4.18874 -819.521 0 
1 828.185 0.329236 0.0221493 0.658232 -0.782774 -0.493169 -2.48046 -4.95623 -820.748 0 
2 828.085 0.331571 0.0222025 0.657095 -0.77255 -0.525018 -1.78508 -5.10182 -821.199 0 
1 827.755 0.323775 0.0222205 0.662079 -0.784085 -0.477193 -2.92039 -4.49937 -820.335 0 
1 830.147 0.31973 0.0223061 0.666471 -0.789453 -0.475217 -5.89062 -4.3839 -819.873 0 
2 830.638 0.326161 0.022167 0.663869 -0.803273 -0.518884 -6.46084 -4.5325 -819.645 0 
2 828.927 0.334885 0.0221175 0.654596 -0.784932 -0.498023 -1.6947 -6.05871 -821.174 0 
1 829.766 0.339278 0.0221597 0.652982 -0.793062 -0.501438 -1.05406 -7.48851 -821.223 0 
1 830.934 0.339674 0.022238 0.650399 -0.776579 -0.467176 -0.95244 -7.47933 -822.502 0 
3 828.735 0.336554 0.0223519 0.6535 -0.774777 -0.474051 -0.0853494 -6.5156 -822.134 0 
1 828.151 0.332794 0.0221588 0.655673 -0.787493 -0.474148 -1.36451 -5.75117 -821.035 0 
3 828.169 0.330177 0.0221968 0.656888 -0.769857 -0.504789 -1.78146 -5.0231 -821.364 0 
3 830.403 0.329156 0.0222204 0.656336 -0.757265 -0.495077 -3.24639 -5.11747 -822.04 0 
4 829.203 0.30829 0.0223213 0.675078 -0.784028 -0.54179 -4.44361 -5.50656 -819.253 0 
2 827.809 0.311659 0.0223475 0.673558 -0.789401 -0.533653 -3.7922 -4.73919 -819.277 0 
2 827.723 0.305675 0.0224501 0.679339 -0.787458 -0.576884 -2.61506 -5.96016 -819.148 0 
2 828.327 0.30386 0.0224306 0.681405 -0.791953 -0.590755 -2.85611 -6.30945 -819.162 0 
4 829.237 0.305977 0.0225173 0.67663 -0.765104 -0.579377 -3.13461 -6.71267 -819.389 0 
1 826.937 0.312639 0.022498 0.671262 -0.757762 -0.578009 -1.74392 -5.31834 -819.875 0 
1 826.121 0.312971 0.0224306 0.672055 -0.758723 -0.622093 -1.44869 -5.02132 -819.651 0 
1 826.411 0.308904 0.0224478 0.676427 -0.760635 -0.667659 -1.34455 -5.76344 -819.303 0 
2 825.867 0.309603 0.0224285 0.675689 -0.764715 -0.656485 -1.1425 -5.44044 -819.284 0 
2 825.13 0.313897 0.022516 0.673032 -0.754101 -0.677103 -0.76303 -4.78642 -819.581 0 
2 824.474 0.317212 0.0224872 0.670706 -0.753915 -0.684032 -0.504364 -4.24965 -819.719 0 
3 824.48 0.316224 0.0224487 0.67093 -0.759093 -0.676076 -0.652148 -4.26367 -819.564 0 
1 825.418 0.317423 0.0224667 0.673727 -0.773345 -0.723993 -2.22574 -4.01784 -819.175 0 
2 823.789 0.320992 0.022422 0.669501 -0.765178 -0.714306 -0.48735 -3.82619 -819.476 0 
3 825.06 0.328305 0.0221994 0.662402 -0.772976 -0.67899 -0.981016 -4.25368 -819.826 0 
4 823.604 0.320303 0.0222845 0.671549 -0.799686 -0.691491 -0.450819 -4.12916 -819.024 0 
1 824.159 0.321779 0.0223518 0.668831 -0.789621 -0.65669 -0.979067 -3.9632 -819.217 0 
6 823.227 0.318787 0.0223541 0.671245 -0.796982 -0.619215 -0.171254 -3.91748 -819.139 0 
6 823.977 0.323613 0.0222747 0.667298 -0.790126 -0.638263 -0.620991 -4.02721 -819.328 0 
3 823.456 0.318913 0.0224237 0.669638 -0.784084 -0.599905 -0.134383 -3.92095 -819.401 0 
1 823.636 0.312962 0.0224565 0.674733 -0.797287 -0.574972 -0.253344 -4.25216 -819.13 0 
1 825.791 0.313334 0.0225034 0.672758 -0.78616 -0.561211 -2.11959 -4.37414 -819.297 0 
2 825.351 0.308579 0.0224693 0.678842 -0.782186 -0.653684 -0.994838 -5.24114 -819.115 0 
4 825.11 0.316175 0.0223904 0.669899 -0.758138 -0.636949 -0.905423 -4.43909 -819.766 0 
6 825.256 0.314511 0.0223656 0.672078 -0.76602 -0.646111 -1.32616 -4.4863 -819.444 0 
1 825.225 0.311112 0.0222836 0.675075 -0.787969 -0.620782 -1.49491 -4.61047 -819.119 0 
6 825.827 0.31327 0.0223327 0.671932 -0.780309 -0.592353 -2.0945 -4.4311 -819.301 0 
1 826.461 0.312992 0.0222897 0.671655 -0.777579 -0.593051 -2.58713 -4.53668 -819.338 0 
1 825.014 0.315754 0.0221832 0.671352 -0.796431 -0.604578 -1.88878 -4.0024 -819.123 0 
1 827.139 0.31337 0.0222493 0.671737 -0.78452 -0.600774 -3.6043 -4.31567 -819.219 0 
1 826.266 0.31448 0.0224468 0.670007 -0.766901 -0.572079 -1.87856 -4.65478 -819.733 0 
6 825.809 0.310648 0.0225238 0.676483 -0.788781 -0.61359 -2.04732 -4.64125 -819.12 0 
1 824.924 0.312337 0.0224753 0.673157 -0.782937 -0.554559 -0.938758 -4.64518 -819.34 0 
1 824.417 0.311631 0.0225163 0.675424 -0.799642 -0.548793 -0.877446 -4.40092 -819.138 0 
2 825.114 0.311423 0.0223954 0.674015 -0.806596 -0.481646 -1.42507 -4.49904 -819.19 0 
3 826.333 0.304222 0.0224163 0.680852 -0.820851 -0.496955 -1.6956 -5.36335 -819.274 0 
10 825.107 0.31197 0.0222694 0.674391 -0.821016 -0.488551 -1.78241 -4.19757 -819.127 0 
3 825.554 0.317803 0.0223517 0.669853 -0.812234 -0.465377 -2.11287 -4.13339 -819.308 0 
2 824.309 0.313193 0.0224142 0.674996 -0.831477 -0.453987 -1.05956 -4.10616 -819.144 0 
1 826.168 0.322163 0.0222983 0.666363 -0.827245 -0.402362 -2.12599 -4.61372 -819.428 0 
2 824.917 0.315389 0.0224699 0.673525 -0.835249 -0.422649 -1.63071 -4.12628 -819.16 0 
1 824.854 0.316033 0.0224756 0.670043 -0.835331 -0.346224 -1.17354 -4.38189 -819.299 0 
1 824.225 0.315031 0.0225281 0.672174 -0.832612 -0.375567 -0.707108 -4.27933 -819.238 0 
2 824.03 0.310635 0.0224383 0.67633 -0.847668 -0.380427 -0.558098 -4.22443 -819.247 0 
4 823.872 0.310294 0.0224627 0.677068 -0.828329 -0.466896 -0.416216 -4.29188 -819.164 0 
3 823.651 0.318877 0.0224102 0.668895 -0.817849 -0.440855 -0.119519 -4.19836 -819.333 0 
1 823.823 0.315177 0.0224701 0.673576 -0.836002 -0.426994 -0.561817 -4.10698 -819.155 0 
8 824.823 0.321105 0.0224784 0.669477 -0.828776 -0.448033 -1.21932 -4.36925 -819.234 0 
1 825.625 0.315884 0.022363 0.676175 -0.849406 -0.511021 -2.10293 -4.25733 -819.265 0 
4 823.88 0.321584 0.0224073 0.668876 -0.82488 -0.486247 -0.354752 -4.33156 -819.194 0 
7 823.863 0.322077 0.022391 0.6673 -0.823589 -0.450243 -0.111412 -4.42959 -819.322 0 
3 823.981 0.319623 0.0224877 0.669754 -0.820212 -0.464178 -0.55905 -4.16735 -819.255 0 
2 823.578 0.317249 0.0224202 0.672163 -0.824831 -0.483849 -0.397687 -4.04753 -819.133 0 
2 823.602 0.317059 0.0223378 0.671414 -0.837311 -0.444932 -0.32052 -4.14239 -819.14 0 
2 823.529 0.314958 0.0224141 0.672729 -0.828561 -0.45076 -0.317223 -4.06761 -819.145 0 
4 824.925 0.322658 0.0222216 0.666844 -0.846615 -0.414745 -0.823169 -4.91313 -819.189 0 
3 824.251 0.313776 0.0223683 0.672517 -0.840573 -0.382504 -0.886831 -4.1764 -819.188 0 
1 824.025 0.309575 0.0223911 0.67787 -0.851136 -0.408698 -0.462824 -4.21589 -819.347 0 
2 823.976 0.311102 0.0223338 0.678286 -0.872648 -0.405918 -0.0468641 -4.24185 -819.687 0 
2 824.75 0.322431 0.022225 0.667203 -0.848069 -0.414092 -0.668716 -4.9019 -819.18 0 
6 826.82 0.326299 0.0220891 0.665161 -0.849807 -0.450235 -1.98493 -5.67635 -819.159 0 
1 825.881 0.3166 0.0221157 0.672614 -0.8505 -0.470617 -2.41893 -4.25592 -819.206 0 
10 825.29 0.317532 0.0221866 0.673742 -0.868742 -0.448837 -1.22308 -4.67815 -819.389 0 
3 823.568 0.317997 0.0223577 0.672317 -0.845669 -0.45257 -0.144352 -4.28001 -819.143 0 
3 825.067 0.315315 0.0224034 0.674672 -0.842851 -0.450143 -1.80706 -4.09753 -819.162 0 
1 824.647 0.325216 0.0223535 0.666369 -0.82681 -0.488202 -0.528932 -4.85684 -819.262 0 
1 823.757 0.313054 0.0222806 0.677271 -0.8425 -0.547671 -0.186006 -4.22771 -819.344 0 
4 824.343 0.31368 0.0223461 0.676856 -0.823992 -0.585706 -1.07125 -4.12695 -819.145 0 
1 825.883 0.304222 0.0223639 0.686697 -0.860877 -0.572051 -0.0295806 -5.16463 -820.689 0 
4 824.502 0.317065 0.0223096 0.674781 -0.837629 -0.558326 -1.10489 -4.24483 -819.152 0 
6 824.301 0.312235 0.0223592 0.679053 -0.849322 -0.555841 -0.378058 -4.37768 -819.545 0 
7 826.217 0.309523 0.0224312 0.67971 -0.840562 -0.538309 -2.402 -4.35851 -819.457 0 
1 826.353 0.306789 0.0224475 0.68122 -0.815546 -0.610267 -2.06638 -4.95849 -819.328 0 
1 826.016 0.30586 0.0224652 0.685437 -0.822543 -0.699475 -0.713618 -5.43898 -819.863 0 
1 824.762 0.309614 0.0224539 0.680877 -0.806858 -0.694802 -0.703695 -4.78941 -819.269 0 
4 824.977 0.318213 0.0222876 0.675104 -0.827445 -0.67753 -1.15936 -4.65278 -819.165 0 
3 825.756 0.319256 0.0223395 0.675126 -0.821664 -0.706902 -1.95168 -4.69809 -819.107 0 
3 824.343 0.314975 0.0222365 0.676896 -0.819529 -0.687288 -0.722955 -4.41493 -819.205 0 
1 824.512 0.319701 0.0223589 0.669399 -0.784517 -0.646148 -1.36764 -3.87665 -819.268 0 
2 824.053 0.323559 0.022275 0.666552 -0.778995 -0.67506 -0.695425 -3.93457 -819.423 0 
8 824.002 0.321819 0.0223093 0.669141 -0.793305 -0.667014 -0.827026 -4.03531 -819.14 0 
1 823.849 0.320791 0.0222876 0.670582 -0.789131 -0.692949 -0.774137 -3.96365 -819.112 0 
2 823.856 0.318013 0.0222012 0.671109 -0.791352 -0.664753 -0.812523 -3.9469 -819.097 0 
2 824.473 0.321567 0.0222133 0.669777 -0.807191 -0.63056 -1.26751 -4.13796 -819.068 0 
2 824.919 0.319178 0.0223042 0.671181 -0.807798 -0.582146 -1.84035 -3.96593 -819.112 0 
3 826.059 0.327233 0.0221037 0.664513 -0.807525 -0.605999 -2.02754 -4.77379 -819.258 0 
1 824.385 0.31752 0.0221674 0.673029 -0.823278 -0.607547 -1.14416 -4.16873 -819.072 0 
4 823.821 0.315669 0.0222449 0.673773 -0.81052 -0.610281 -0.732721 -4.02869 -819.059 0 
2 824.245 0.316165 0.0223143 0.672099 -0.790528 -0.609321 -1.0451 -4.01725 -819.183 0 
7 824.003 0.317952 0.0223762 0.669315 -0.778746 -0.60393 -0.558979 -3.98312 -819.461 0 
8 825.062 0.326086 0.0223846 0.665089 -0.780847 -0.645753 -1.29798 -4.1338 -819.63 0 
1 826.932 0.315342 0.0223557 0.677837 -0.812369 -0.706453 -3.44964 -4.34423 -819.138 0 
11 825.875 0.316737 0.0224664 0.676516 -0.80669 -0.695907 -2.62553 -4.20141 -819.048 0 
1 826.436 0.306359 0.0223981 0.68536 -0.832387 -0.666784 -1.28035 -5.19154 -819.964 0 
1 824.708 0.308589 0.0223888 0.682244 -0.812607 -0.698372 -0.325129 -4.95524 -819.427 0 
5 824.568 0.308716 0.0224826 0.680536 -0.795148 -0.676077 -0.451502 -4.97273 -819.144 0 
9 824.433 0.313638 0.0224452 0.677589 -0.812381 -0.634439 -1.14872 -4.18219 -819.102 0 
1 825.082 0.313676 0.0224669 0.677579 -0.815715 -0.609681 -1.8411 -4.13651 -819.104 0 
3 824.795 0.313895 0.0225008 0.67647 -0.809775 -0.587252 -1.62753 -4.09033 -819.078 0 
10 824.629 0.311395 0.0225583 0.677465 -0.813992 -0.55114 -1.26375 -4.25515 -819.11 0 
1 824.443 0.314486 0.0225563 0.674273 -0.800208 -0.564988 -1.21832 -4.08417 -819.141 0 
7 824.546 0.324517 0.0223857 0.665284 -0.796598 -0.549351 -0.721331 -4.24229 -819.582 0 
1 824.083 0.320504 0.0222442 0.669173 -0.817796 -0.529632 -0.815251 -4.12119 -819.147 0 
1 823.74 0.321631 0.0222774 0.669014 -0.819671 -0.555999 -0.362978 -4.27697 -819.1 0 
1 823.566 0.320488 0.02229 0.669755 -0.814841 -0.571007 -0.34983 -4.12186 -819.095 0 
5 824.002 0.323765 0.0222374 0.666977 -0.813813 -0.56361 -0.418749 -4.40081 -819.183 0 
5 824.785 0.326048 0.0221955 0.665911 -0.815771 -0.587142 -0.81721 -4.81074 -819.158 0 
2 824.343 0.310862 0.0222357 0.678975 -0.842159 -0.571318 -0.451068 -4.37695 -819.515 0 
3 823.366 0.31726 0.0222991 0.671009 -0.809037 -0.546512 -0.267211 -3.9613 -819.138 0 
5 823.101 0.315602 0.0223525 0.674026 -0.809897 -0.601073 -0.0199567 -4.01742 -819.063 0 
5 824.202 0.317351 0.0223325 0.67234 -0.80342 -0.631381 -1.14738 -3.99851 -819.056 0 
1 824.871 0.315131 0.0224963 0.675893 -0.798637 -0.674739 -1.68805 -4.13562 -819.047 0 
4 824.938 0.319605 0.0224966 0.670015 -0.773627 -0.665516 -1.66384 -3.86423 -819.41 0 
3 828.248 0.314322 0.0226018 0.678821 -0.810578 -0.691641 -4.76925 -4.34713 -819.132 0 
6 825.922 0.32076 0.0224164 0.672001 -0.809688 -0.66272 -2.61461 -4.29235 -819.015 0 
7 824.955 0.306887 0.0224241 0.683645 -0.814649 -0.693398 -0.174542 -5.22386 -819.556 0 
9 824.427 0.314727 0.0223686 0.675445 -0.798359 -0.691674 -1.16157 -4.21345 -819.051 0 
2 824.203 0.311274 0.0223407 0.677558 -0.795504 -0.691481 -0.541921 -4.56037 -819.101 0 
7 823.987 0.316604 0.0222855 0.673692 -0.804306 -0.672121 -0.825363 -4.12389 -819.037 0 
1 823.46 0.312629 0.0223942 0.677101 -0.798332 -0.671533 -0.0461215 -4.33794 -819.076 0 
1 823.973 0.314657 0.0222764 0.674653 -0.781432 -0.720723 -0.651873 -4.2507 -819.07 0 
1 823.918 0.318384 0.0222129 0.670325 -0.775678 -0.703527 -0.774197 -3.93115 -819.213 0 
17 824.089 0.324494 0.0222473 0.666075 -0.753746 -0.765892 -0.571157 -3.78198 -819.736 0 
3 824.666 0.325272 0.0221957 0.664925 -0.761648 -0.72197 -1.06104 -3.84285 -819.762 0 
1 825.907 0.316297 0.0222056 0.672321 -0.773536 -0.713465 -2.62855 -4.10667 -819.172 0 
2 826.978 0.309159 0.0222146 0.677998 -0.787832 -0.685939 -2.85933 -5.0111 -819.108 0 
3 825.506 0.328389 0.0223604 0.660547 -0.748969 -0.653085 -0.473658 -4.07112 -820.961 0 
3 824.691 0.321834 0.0223835 0.669873 -0.782133 -0.685133 -1.5427 -3.8892 -819.259 0 
1 825.061 0.322871 0.0224241 0.669386 -0.775629 -0.710104 -1.84149 -3.88171 -819.338 0 
5 823.731 0.321818 0.0223292 0.669928 -0.774577 -0.745657 -0.595282 -3.92463 -819.211 0 
6 824.086 0.323301 0.0223713 0.666106 -0.735331 -0.774901 -0.0585529 -3.78224 -820.245 0 
2 826.991 0.325678 0.0222953 0.663308 -0.734385 -0.7873 -2.89385 -3.71097 -820.386 0 
1 824.92 0.310394 0.022233 0.68029 -0.788554 -0.827401 -0.384549 -5.24821 -819.287 0 
7 824.697 0.312223 0.0222394 0.679349 -0.797651 -0.810259 -0.425739 -4.98085 -819.291 0 
1 826.521 0.305985 0.0223355 0.685356 -0.798783 -0.814283 -0.753674 -6.04706 -819.72 0 
8 825.549 0.314365 0.0224003 0.677308 -0.807722 -0.713852 -1.98946 -4.42583 -819.134 0 
1 827.57 0.312611 0.0224261 0.677973 -0.801652 -0.719351 -3.90464 -4.52539 -819.14 0 
1 829.478 0.305952 0.0225031 0.685728 -0.826992 -0.710464 -3.90535 -5.52308 -820.049 0 
3 826.336 0.308835 0.0223494 0.683595 -0.835113 -0.710423 -1.05969 -5.22119 -820.055 0 
2 827.327 0.306433 0.02242 0.685932 -0.83636 -0.70846 -1.4988 -5.50638 -820.322 0 
5 826.129 0.311526 0.0224354 0.681931 -0.837313 -0.66436 -1.71676 -4.72488 -819.687 0 
1 826.638 0.305918 0.0223715 0.68675 -0.863813 -0.613218 -0.479578 -5.25754 -820.901 0 
4 826.305 0.306286 0.0223695 0.686179 -0.860268 -0.614754 -0.418986 -5.17497 -820.711 0 
8 826.147 0.303247 0.0224067 0.684503 -0.830424 -0.579883 -0.938001 -5.45717 -819.752 0 
1 823.492 0.313646 0.0224364 0.675607 -0.818265 -0.557479 -0.324693 -4.07115 -819.096 0 
1 823.56 0.313334 0.0223741 0.677034 -0.838905 -0.539328 -0.134523 -4.16535 -819.26 0 
5 824.373 0.316135 0.0224046 0.676037 -0.839792 -0.562661 -0.879208 -4.28422 -819.21 0 
1 825.737 0.320416 0.0224768 0.671361 -0.823443 -0.552182 -2.42049 -4.24216 -819.075 0 
3 825.29 0.30988 0.0225142 0.67883 -0.81869 -0.566759 -1.71678 -4.39463 -819.178 0 
2 825.801 0.313681 0.0223892 0.675534 -0.842219 -0.497676 -2.44611 -4.12732 -819.227 0 
3 826.588 0.311082 0.0225289 0.676933 -0.837 -0.46248 -3.23811 -4.14315 -819.206 0 
3 825.323 0.31042 0.0225405 0.677163 -0.828881 -0.47266 -1.91564 -4.24044 -819.167 0 
1 825.216 0.30556 0.0225287 0.684078 -0.847031 -0.513226 -0.71403 -4.73437 -819.768 0 
1 824.684 0.307091 0.0223333 0.68043 -0.841339 -0.502711 -0.653595 -4.53072 -819.499 0 
1 824.439 0.309912 0.0223909 0.68013 -0.838109 -0.543969 -0.709725 -4.32429 -819.405 0 
1 823.702 0.319758 0.0224129 0.668575 -0.806141 -0.504679 -0.298828 -4.05586 -819.347 0 
5 824.107 0.311142 0.0223814 0.675398 -0.816502 -0.49602 -0.670288 -4.30961 -819.127 0 
1 827.192 0.320225 0.0223011 0.672499 -0.830648 -0.567172 -3.81278 -4.31949 -819.06 0 
2 826.901 0.319613 0.0224797 0.672152 -0.811787 -0.559411 -3.77135 -4.00336 -819.127 0 
6 826.14 0.322069 0.0225822 0.668458 -0.787368 -0.562471 -2.50201 -4.01104 -819.627 0 
1 825.225 0.312096 0.0225221 0.678453 -0.811129 -0.603343 -1.86841 -4.25138 -819.105 0 
1 827.667 0.300684 0.0224952 0.688066 -0.821595 -0.62044 -1.36186 -6.43034 -819.875 0 
2 826.881 0.302544 0.0225983 0.686793 -0.828355 -0.579031 -1.45771 -5.68003 -819.743 0 
1 825.452 0.304265 0.0225048 0.682883 -0.820843 -0.546938 -0.733363 -5.34476 -819.374 0 
14 824.39 0.313996 0.0225464 0.673295 -0.789268 -0.557087 -0.824625 -4.28704 -819.278 0 
7 824.579 0.310983 0.0223014 0.675871 -0.806968 -0.565477 -1.09233 -4.38428 -819.102 0 
10 824.188 0.31115 0.0224387 0.675688 -0.787917 -0.605539 -0.434825 -4.61355 -819.139 0 
1 824.901 0.310819 0.0224827 0.676395 -0.788668 -0.621274 -1.16788 -4.61945 -819.113 0 
1 827.117 0.305536 0.0223377 0.679974 -0.796651 -0.597845 -2.31809 -5.6441 -819.155 0 
4 825.475 0.308881 0.022318 0.677278 -0.794724 -0.604829 -1.45923 -4.90644 -819.109 0 
1 826.797 0.308423 0.0222332 0.677461 -0.803435 -0.610178 -2.84603 -4.80936 -819.141 0 
4 827.368 0.316974 0.0223278 0.668436 -0.779516 -0.575201 -3.77711 -4.07641 -819.514 0 
6 827.256 0.321153 0.0223596 0.663678 -0.763451 -0.547975 -2.53757 -4.2639 -820.454 0 
2 824.072 0.31163 0.0222792 0.676539 -0.81755 -0.573294 -0.704981 -4.2347 -819.133 0 
2 823.226 0.315377 0.0223524 0.673014 -0.803724 -0.574617 -0.107268 -4.00897 -819.11 0 
11 823.762 0.315537 0.0222572 0.672956 -0.827935 -0.507825 -0.63192 -4.02438 -819.106 0 
3 824.879 0.309729 0.022259 0.678233 -0.837828 -0.509703 -1.26989 -4.28083 -819.329 0 
1 825.279 0.30468 0.0224671 0.683915 -0.845179 -0.519072 -0.587269 -4.8883 -819.803 0 
2 825.483 0.304782 0.0225403 0.684257 -0.84657 -0.504599 -0.874983 -4.83313 -819.775 0 
4 827.089 0.301096 0.0225013 0.685617 -0.843544 -0.486599 -1.63948 -5.57052 -819.879 0 
2 825.983 0.308443 0.0223338 0.676505 -0.835374 -0.423975 -2.33339 -4.4286 -819.221 0 
1 825.933 0.314229 0.0222926 0.670315 -0.809619 -0.447397 -2.35567 -4.28372 -819.294 0 
4 825.005 0.312428 0.0223558 0.672656 -0.829368 -0.3976 -1.54234 -4.27158 -819.191 0 
3 826.078 0.30387 0.0224461 0.68382 -0.861898 -0.408183 -1.46061 -4.73593 -819.881 0 
2 824.356 0.314586 0.0223406 0.672 -0.82524 -0.431431 -1.0218 -4.15173 -819.182 0 
3 824.588 0.319478 0.0223452 0.670113 -0.837456 -0.428217 -1.08897 -4.32427 -819.175 0 
3 824.384 0.32045 0.022307 0.668556 -0.852052 -0.35876 -0.417197 -4.7371 -819.229 0 
1 826.112 0.317314 0.0221697 0.673887 -0.88853 -0.375656 -1.48701 -5.00432 -819.62 0 
5 824.539 0.314399 0.0223173 0.675615 -0.877245 -0.364589 -0.635906 -4.39748 -819.505 0 
2 824.748 0.308309 0.022341 0.679366 -0.875201 -0.368391 -0.710715 -4.23732 -819.8 0 
4 824.71 0.309702 0.0223037 0.677967 -0.884763 -0.322882 -0.650544 -4.24936 -819.81 0 
2 825.23 0.307815 0.0223392 0.679974 -0.884204 -0.321537 -1.06322 -4.25497 -819.912 0 
2 825.313 0.306471 0.0223448 0.682758 -0.907868 -0.309253 -0.0878016 -4.41011 -820.815 0 
3 824.472 0.312769 0.0223584 0.676319 -0.898174 -0.275776 -0.081742 -4.56725 -819.823 0 
1 826.25 0.31358 0.0224606 0.6782 -0.914905 -0.265957 -1.05615 -4.97717 -820.217 0 
1 827.366 0.313763 0.0224496 0.678174 -0.920969 -0.267356 -1.73445 -5.21686 -820.415 0 
2 827.887 0.312143 0.0224009 0.677834 -0.919491 -0.245064 -2.55708 -4.9317 -820.399 0 
1 827.09 0.30959 0.0223065 0.682259 -0.940997 -0.256547 -0.261694 -5.1504 -821.678 0 
3 825.907 0.316155 0.0223307 0.671599 -0.893338 -0.230851 -1.41493 -4.99742 -819.495 0 
3 825.395 0.316412 0.0224997 0.673995 -0.892068 -0.266127 -0.959886 -4.9251 -819.51 0 
1 826.952 0.315055 0.0225482 0.677255 -0.89058 -0.334223 -2.5877 -4.68612 -819.678 0 
1 827.706 0.313906 0.0226007 0.678511 -0.887372 -0.348762 -3.48381 -4.51607 -819.706 0 
2 827.41 0.316467 0.0225221 0.676403 -0.890992 -0.357561 -2.78914 -4.94731 -819.673 0 
2 826.1 0.310566 0.022554 0.680385 -0.889291 -0.349079 -1.78414 -4.34221 -819.973 0 
2 825.508 0.31353 0.0224305 0.678209 -0.898816 -0.339746 -0.777992 -4.72175 -820.009 0 
3 826.054 0.315931 0.0223418 0.675456 -0.905899 -0.310002 -0.896091 -5.21782 -819.94 0 
2 827.752 0.303541 0.0222945 0.687864 -0.92153 -0.38904 -0.195136 -5.02916 -822.528 0 
5 827.729 0.311446 0.0222753 0.681719 -0.910958 -0.431896 -1.21935 -5.33769 -821.172 0 
1 826.076 0.310598 0.0222906 0.681719 -0.895921 -0.452727 -0.47133 -4.87768 -820.727 0 
3 826.777 0.305535 0.0222307 0.684821 -0.899631 -0.416114 -0.851663 -4.67941 -821.246 0 
1 826.626 0.30863 0.0222564 0.682277 -0.895723 -0.440225 -1.01219 -4.75473 -820.859 0 
1 825.992 0.311037 0.0221822 0.678845 -0.896047 -0.386324 -1.07001 -4.59845 -820.323 0 
1 825.158 0.308212 0.022306 0.682463 -0.888835 -0.430735 -0.072646 -4.53022 -820.555 0 
3 825.57 0.306108 0.0223919 0.684577 -0.898712 -0.38963 -0.0718963 -4.54632 -820.952 0 
13 824.144 0.311371 0.0224182 0.677977 -0.873999 -0.37858 -0.294339 -4.2286 -819.622 0 
3 824.176 0.318566 0.0224263 0.671795 -0.86012 -0.379697 -0.392209 -4.57576 -819.208 0 
1 824.569 0.318956 0.0223529 0.671692 -0.858787 -0.422677 -0.749607 -4.62152 -819.198 0 
1 825.784 0.326129 0.0222914 0.666164 -0.849964 -0.442734 -0.931845 -5.68259 -819.169 0 
2 825.564 0.323995 0.0223985 0.667129 -0.842226 -0.429914 -1.30745 -5.04476 -819.211 0 
4 825.002 0.320527 0.0222434 0.670062 -0.858358 -0.436073 -0.972437 -4.85491 -819.174 0 
2 825.466 0.318986 0.0225761 0.670039 -0.817136 -0.457673 -2.02662 -4.14387 -819.296 0 
6 823.781 0.319495 0.022451 0.67014 -0.826899 -0.46208 -0.39766 -4.19735 -819.186 0 
1 824.674 0.32357 0.0223034 0.668419 -0.84436 -0.474514 -0.55481 -5.00088 -819.118 0 
3 824.348 0.311042 0.0222858 0.679432 -0.86663 -0.478944 -0.214059 -4.34415 -819.79 0 
1 825.142 0.323046 0.022182 0.668531 -0.849602 -0.471992 -0.994102 -5.03325 -819.115 0 
3 825.113 0.317394 0.0221724 0.671351 -0.841355 -0.461484 -1.80126 -4.17871 -819.133 0 
6 829.303 0.308294 0.0220788 0.679587 -0.866524 -0.454628 -5.08195 -4.33352 -819.887 0 
1 827.679 0.306969 0.0221124 0.681273 -0.872845 -0.462635 -2.95334 -4.48594 -820.24 0 
6 827.758 0.306674 0.0221529 0.679659 -0.865648 -0.422315 -3.5311 -4.37923 -819.848 0 
4 828.674 0.309575 0.0221705 0.674822 -0.842986 -0.410511 -5.17475 -4.24814 -819.251 0 
3 828.525 0.311203 0.0222219 0.674779 -0.869772 -0.349284 -4.85607 -4.19405 -819.475 0 
1 827.505 0.314757 0.0220615 0.673698 -0.885347 -0.352763 -3.30331 -4.57702 -819.625 0 
2 827.635 0.32196 0.0220538 0.668158 -0.878693 -0.352758 -2.79844 -5.55669 -819.28 0 
1 828.253 0.327675 0.0221151 0.664627 -0.887794 -0.325971 -1.50391 -7.46815 -819.281 0 
3 827.641 0.323214 0.022057 0.667836 -0.88515 -0.352877 -2.25207 -6.07375 -819.315 0 
3 825.733 0.324624 0.022199 0.667321 -0.863407 -0.420591 -0.816061 -5.75331 -819.163 0 
1 828.012 0.316027 0.0221342 0.676867 -0.88336 -0.480807 -3.06004 -5.03703 -819.915 0 
3 828.103 0.316513 0.0220575 0.675833 -0.882495 -0.486798 -3.10289 -5.12375 -819.877 0 
1 828.692 0.326778 0.0221741 0.664478 -0.838837 -0.49535 -3.94281 -5.59581 -819.153 0 
1 829.774 0.329087 0.0222049 0.661709 -0.824417 -0.496236 -4.68879 -5.66718 -819.418 0 
2 829.979 0.33263 0.0222248 0.658139 -0.808543 -0.49699 -3.88039 -6.06992 -820.028 0 
3 828.071 0.329374 0.0222794 0.664314 -0.839771 -0.509484 -2.65193 -6.25065 -819.168 0 
3 824.5 0.317359 0.0224097 0.674058 -0.852585 -0.474741 -0.901578 -4.38736 -819.211 0 
2 823.975 0.319449 0.0224573 0.670969 -0.82736 -0.479853 -0.654217 -4.17218 -819.148 0 
2 824.774 0.319104 0.0222634 0.671734 -0.851859 -0.450464 -1.14209 -4.4733 -819.158 0 
1 825.178 0.309632 0.0222352 0.67942 -0.881322 -0.40976 -0.779013 -4.35016 -820.049 0 
1 826.594 0.30852 0.0221413 0.681304 -0.884178 -0.458836 -1.5264 -4.56892 -820.499 0 
2 825.977 0.312535 0.0221915 0.677938 -0.851403 -0.53298 -2.19102 -4.2828 -819.504 0 
1 826.333 0.309254 0.0221399 0.67898 -0.866097 -0.461998 -2.17877 -4.31956 -819.835 0 
6 826.73 0.302039 0.0222889 0.685663 -0.868672 -0.465152 -1.10761 -5.05122 -820.571 0 
2 826.421 0.305845 0.0224294 0.680996 -0.856791 -0.422005 -2.27134 -4.48266 -819.667 0 
2 824.051 0.318398 0.0222462 0.670675 -0.847946 -0.422209 -0.543469 -4.3504 -819.157 0 
2 824.121 0.31897 0.0225106 0.669865 -0.823701 -0.431756 -0.615742 -4.22374 -819.281 0 
4 824.09 0.315653 0.022509 0.671594 -0.824368 -0.405463 -0.596151 -4.23524 -819.259 0 
3 824.907 0.312862 0.0225731 0.673192 -0.830324 -0.368167 -1.31177 -4.35915 -819.236 0 
2 826.151 0.320699 0.0224731 0.666545 -0.835865 -0.339813 -1.94562 -4.75387 -819.451 0 
3 823.812 0.313409 0.0223631 0.674737 -0.854452 -0.403264 -0.409495 -4.13798 -819.265 0 
6 823.852 0.314787 0.0224601 0.67358 -0.848267 -0.391983 -0.496817 -4.16209 -819.193 0 
1 824.71 0.307557 0.0223631 0.682108 -0.879615 -0.409371 -0.20079 -4.34886 -820.16 0 
3 824.462 0.308451 0.0223254 0.680437 -0.867497 -0.428036 -0.385128 -4.27809 -819.799 0 
1 824.422 0.310343 0.0222968 0.676928 -0.849233 -0.428022 -0.926524 -4.17081 -819.324 0 
2 823.88 0.312008 0.0224412 0.675549 -0.846787 -0.404533 -0.525403 -4.12735 -819.227 0 
4 825.765 0.308084 0.0222958 0.677675 -0.847736 -0.419084 -2.06716 -4.32916 -819.369 0 
1 826.47 0.305534 0.0222871 0.680135 -0.853767 -0.419536 -2.30613 -4.55838 -819.605 0 
4 825.459 0.307075 0.0223066 0.680432 -0.864998 -0.427418 -1.28215 -4.35529 -819.822 0 
2 825.221 0.314318 0.0222047 0.675948 -0.885324 -0.399247 -0.780238 -4.65291 -819.788 0 
2 824.373 0.315625 0.022269 0.674849 -0.868598 -0.418332 -0.549311 -4.41644 -819.407 0 
3 823.53 0.313221 0.0223844 0.674325 -0.841802 -0.414247 -0.2356 -4.11369 -819.181 0 
4 824.156 0.319126 0.0224024 0.66766 -0.823872 -0.387199 -0.323178 -4.40927 -819.423 0 
2 824.617 0.307566 0.0225212 0.680956 -0.867065 -0.382867 -0.652808 -4.2775 -819.687 0 
2 824.699 0.30765 0.0224395 0.68204 -0.882346 -0.389164 -0.223164 -4.32608 -820.15 0 
2 825.785 0.317913 0.0223601 0.668944 -0.842377 -0.365534 -2.16495 -4.38432 -819.235 0 
2 826.698 0.321724 0.0224123 0.66439 -0.820224 -0.363415 -2.22495 -4.75353 -819.719 0 
3 825.603 0.321211 0.0224357 0.665067 -0.821567 -0.356775 -1.16772 -4.74479 -819.69 0 
3 825.092 0.323516 0.0222961 0.664517 -0.828451 -0.399801 -0.80284 -4.81781 -819.471 0 
3 823.815 0.312935 0.022284 0.675209 -0.847398 -0.44878 -0.467072 -4.09913 -819.249 0 
5 823.98 0.320634 0.0222783 0.669644 -0.850514 -0.428422 -0.172039 -4.65769 -819.15 0 
1 825.828 0.320855 0.0221934 0.671742 -0.877788 -0.439586 -0.931941 -5.5081 -819.388 0 
12 825.874 0.319073 0.0221406 0.673343 -0.87266 -0.485727 -1.22441 -5.17826 -819.471 0 
6 825.06 0.321628 0.0221802 0.670012 -0.858815 -0.462303 -0.84298 -5.05191 -819.166 0 
1 823.677 0.319224 0.0222655 0.670892 -0.841962 -0.47534 -0.209281 -4.35031 -819.117 0 
3 823.944 0.317247 0.0222641 0.671484 -0.83378 -0.489251 -0.720392 -4.11313 -819.11 0 
1 824.127 0.310481 0.0224649 0.6761 -0.8131 -0.501592 -0.582444 -4.41571 -819.128 0 
6 823.866 0.310585 0.0223647 0.677252 -0.831033 -0.494785 -0.445329 -4.2259 -819.195 0 
2 823.941 0.32167 0.022406 0.666559 -0.814566 -0.44177 -0.0727024 -4.37195 -819.497 0 
7 823.289 0.313617 0.0224308 0.675172 -0.82807 -0.497859 -0.111506 -4.05345 -819.124 0 
1 823.732 0.312939 0.0222992 0.677402 -0.848331 -0.521919 -0.114671 -4.2259 -819.392 0 
5 823.4 0.318064 0.0223395 0.671157 -0.826384 -0.501568 -0.21004 -4.08015 -819.109 0 
4 823.73 0.313404 0.022457 0.676676 -0.845039 -0.475274 -0.388502 -4.10166 -819.24 0 
3 825.441 0.320521 0.0224343 0.669754 -0.837995 -0.45284 -1.85259 -4.44329 -819.146 0 
5 824.368 0.321909 0.0224125 0.668252 -0.834411 -0.44007 -0.596346 -4.5575 -819.214 0 
1 824.883 0.321491 0.0224102 0.667978 -0.815918 -0.500492 -1.39936 -4.22017 -819.263 0 
3 824.051 0.314994 0.0225174 0.674505 -0.81563 -0.53777 -0.94773 -4.00786 -819.096 0 
2 823.76 0.315584 0.0224011 0.67238 -0.811493 -0.503742 -0.539423 -4.05051 -819.17 0 
2 825.031 0.315807 0.0225952 0.672362 -0.808999 -0.485914 -1.70731 -4.08349 -819.241 0 
7 823.742 0.315823 0.0225092 0.672713 -0.808734 -0.515202 -0.537157 -4.02713 -819.177 0 
1 824.586 0.314907 0.0224921 0.672508 -0.81569 -0.478252 -1.34499 -4.06902 -819.172 0 
2 824.279 0.315412 0.0225035 0.672049 -0.810009 -0.488343 -0.987274 -4.07732 -819.214 0 
1 824.087 0.316174 0.0225049 0.672816 -0.811546 -0.506666 -0.88483 -4.02785 -819.174 0 
3 824.907 0.307026 0.0224904 0.68027 -0.818881 -0.521538 -0.856634 -4.84579 -819.205 0 
1 826.499 0.309302 0.022454 0.67608 -0.812724 -0.495135 -2.81221 -4.55076 -819.136 0 
1 830.166 0.306781 0.022386 0.678719 -0.840472 -0.454519 -6.28673 -4.503 -819.377 0 
2 828.41 0.31134 0.0222097 0.675189 -0.847981 -0.455716 -4.95598 -4.13659 -819.317 0 
6 828.344 0.308599 0.0223359 0.676459 -0.839588 -0.428227 -4.75837 -4.3254 -819.26 0 
4 825.202 0.312692 0.0222697 0.674012 -0.837379 -0.455675 -1.94751 -4.08146 -819.173 0 
6 824.946 0.314877 0.0223087 0.671282 -0.828508 -0.432538 -1.68056 -4.09867 -819.166 0 
7 824.179 0.309274 0.0223931 0.677388 -0.833149 -0.460995 -0.630832 -4.33414 -819.214 0 
3 825.017 0.308135 0.0222558 0.67967 -0.855749 -0.4679 -1.02247 -4.33766 -819.656 0 
4 825.871 0.305483 0.0223609 0.679999 -0.841257 -0.427737 -1.72179 -4.76304 -819.386 0 
8 825.27 0.309276 0.0224551 0.675753 -0.820476 -0.440716 -1.55079 -4.55852 -819.161 0 
1 827.099 0.323936 0.022347 0.660862 -0.783079 -0.432293 -1.56622 -4.8171 -820.716 0 
1 826.097 0.320207 0.0224692 0.667275 -0.795666 -0.462563 -1.97121 -4.33903 -819.787 0 
2 826.78 0.326762 0.0224413 0.660459 -0.795622 -0.417732 -1.14326 -5.08655 -820.55 0 
2 825.017 0.321626 0.0225364 0.666343 -0.790317 -0.493766 -0.929026 -4.22322 -819.865 0 
2 825.76 0.317935 0.022603 0.668532 -0.785532 -0.486552 -1.6038 -4.33679 -819.82 0 
7 826.069 0.32294 0.0226031 0.666522 -0.785288 -0.524334 -1.953 -4.17875 -819.937 0 
1 827.44 0.315342 0.0227117 0.673401 -0.786641 -0.567243 -3.94764 -4.1601 -819.333 0 
4 825.371 0.320702 0.0225766 0.669332 -0.785888 -0.573552 -1.87038 -3.95622 -819.545 0 
1 824.645 0.323569 0.0224422 0.667001 -0.792519 -0.565096 -0.989507 -4.0922 -819.563 0 
5 829.489 0.329455 0.0224846 0.65729 -0.752313 -0.524014 -2.52296 -4.88909 -822.077 0 
2 827.374 0.326018 0.0224071 0.659273 -0.752144 -0.521741 -0.949381 -4.71962 -821.705 0 
1 824.512 0.32471 0.0224113 0.663695 -0.757727 -0.623351 -0.0632134 -3.99084 -820.458 0 
6 824.691 0.327502 0.022326 0.661694 -0.754923 -0.649472 -0.0301564 -4.02954 -820.631 0 
1 826.975 0.330592 0.0224161 0.65944 -0.740216 -0.690085 -1.54788 -4.11045 -821.317 0 
1 826.033 0.320125 0.0225967 0.668644 -0.735157 -0.733575 -1.65276 -4.10382 -820.277 0 
1 827.563 0.31087 0.0225485 0.680335 -0.771709 -0.782352 -3.42337 -5.04677 -819.093 0 
1 825.884 0.311347 0.0223372 0.67459 -0.747131 -0.759653 -1.17745 -5.34853 -819.358 0 
1 825.391 0.312776 0.0222191 0.674609 -0.75842 -0.784168 -1.41035 -4.81372 -819.167 0 
1 824.429 0.320428 0.0221855 0.669762 -0.755003 -0.817398 -1.16324 -3.95238 -819.313 0 
3 825.603 0.317503 0.0223141 0.67394 -0.768285 -0.798079 -2.35555 -4.15045 -819.097 0 
1 825.658 0.325179 0.0222141 0.668604 -0.77564 -0.809778 -2.22522 -4.31393 -819.119 0 
4 823.976 0.316915 0.0223456 0.675128 -0.769971 -0.843251 -0.536756 -4.40064 -819.039 0 
2 825.707 0.315875 0.0224229 0.673948 -0.744133 -0.866975 -1.90154 -4.55377 -819.252 0 
2 825.455 0.310179 0.0224322 0.681365 -0.762656 -0.906178 -0.573956 -5.70019 -819.181 0 
3 824.821 0.314592 0.0224007 0.677946 -0.775433 -0.857409 -1.0008 -4.75004 -819.071 0 
4 824.798 0.321465 0.0224123 0.67134 -0.752525 -0.867282 -1.49607 -4.05451 -819.247 0 
1 825.177 0.310123 0.0222654 0.681146 -0.791315 -0.82267 -0.577632 -5.26844 -819.331 0 
1 826.912 0.304495 0.022246 0.685445 -0.793514 -0.840877 -0.490153 -6.60343 -819.819 0 
2 825.812 0.306964 0.0222788 0.683814 -0.795743 -0.818354 -0.361123 -5.85868 -819.593 0 
2 826.193 0.308277 0.0224145 0.679694 -0.779082 -0.743512 -1.67681 -5.38544 -819.131 0 
3 825.411 0.308589 0.022421 0.681427 -0.77866 -0.81354 -0.650816 -5.54792 -819.213 0 
2 825.611 0.311648 0.0225318 0.679535 -0.764771 -0.831625 -1.44296 -5.07372 -819.095 0 
2 824.762 0.311975 0.0224598 0.679737 -0.794228 -0.755706 -0.932672 -4.68408 -819.145 0 
3 827.714 0.30745 0.0225601 0.683244 -0.797768 -0.74328 -2.97545 -5.38643 -819.352 0 
1 828.543 0.308582 0.0226666 0.68318 -0.797035 -0.729789 -4.17171 -5.11603 -819.256 0 
1 827.524 0.31775 0.0226062 0.675126 -0.774884 -0.753747 -4.37293 -4.04773 -819.104 0 
5 826.863 0.332418 0.0221974 0.662272 -0.777107 -0.753677 -2.13005 -5.15252 -819.581 0 
3 827.462 0.330637 0.0223789 0.663935 -0.771416 -0.731146 -3.15635 -4.55782 -819.748 0 
14 824.907 0.327138 0.0223715 0.665143 -0.748727 -0.783025 -1.09596 -3.83547 -819.975 0 
5 825.031 0.329005 0.0223192 0.663604 -0.747197 -0.79498 -0.982817 -3.95611 -820.092 0 
1 825.239 0.321751 0.0223139 0.669948 -0.754829 -0.810521 -1.97963 -3.87239 -819.387 0 
2 825.536 0.319791 0.0222721 0.669382 -0.744429 -0.785768 -1.89864 -3.97823 -819.659 0 
1 826.064 0.328807 0.0221601 0.660249 -0.734084 -0.767975 -1.45703 -3.79904 -820.808 0 
3 826.556 0.31631 0.0222518 0.671707 -0.738505 -0.812366 -2.49802 -4.51148 -819.546 0 
2 828.174 0.320953 0.0224272 0.66413 -0.701019 -0.776508 -1.84247 -4.64232 -821.689 0 
3 827.874 0.317243 0.0224191 0.668448 -0.70362 -0.84324 -2.191 -5.01421 -820.668 0 
12 825.696 0.313884 0.022433 0.673391 -0.717556 -0.874915 -0.526078 -5.41311 -819.757 0 
1 826.309 0.307756 0.0223267 0.680586 -0.742844 -0.905417 -0.488001 -6.63098 -819.19 0 
3 825.498 0.309679 0.0224464 0.679356 -0.737984 -0.899576 -0.166299 -6.12498 -819.207 0 
2 825.471 0.3129 0.0224464 0.674814 -0.720029 -0.881706 -0.22449 -5.62664 -819.62 0 
5 824.852 0.317126 0.0224389 0.671264 -0.715366 -0.876799 -0.133523 -4.73051 -819.988 0 
3 826.226 0.309993 0.0223827 0.677989 -0.736781 -0.86274 -0.922221 -6.03578 -819.268 0 
2 824.891 0.326509 0.0223076 0.663322 -0.724245 -0.828492 -0.604556 -3.67786 -820.608 0 
1 824.072 0.321246 0.0223079 0.668288 -0.740344 -0.823911 -0.507915 -3.88366 -819.68 0 
1 824.11 0.31761 0.0223123 0.672802 -0.756649 -0.844649 -0.694721 -4.26361 -819.151 0 
5 824.627 0.312457 0.022395 0.676351 -0.758036 -0.80933 -0.582653 -4.90932 -819.135 0 
10 823.808 0.317159 0.0224315 0.672679 -0.751174 -0.793602 -0.246328 -4.20592 -819.356 0 
3 824.636 0.320096 0.0224978 0.670481 -0.745353 -0.793542 -1.08795 -3.93359 -819.615 0 
3 825.612 0.3106 0.0224649 0.677494 -0.742596 -0.816126 -0.646285 -5.68397 -819.282 0 
1 824.004 0.322227 0.0223591 0.667863 -0.73234 -0.829848 -0.202741 -3.83975 -819.961 0 
1 823.695 0.31935 0.0223613 0.670287 -0.740383 -0.820311 -0.046402 -4.04816 -819.601 0 
8 824.99 0.311189 0.0224992 0.677997 -0.751195 -0.81871 -0.49099 -5.32157 -819.178 0 
2 826.73 0.309326 0.0224743 0.676743 -0.729681 -0.811403 -0.767722 -6.46254 -819.5 0 
6 826.291 0.310138 0.0225967 0.677652 -0.745902 -0.76915 -1.25216 -5.71463 -819.325 0 
3 826.914 0.315981 0.0226173 0.672295 -0.721169 -0.801441 -1.82854 -4.96791 -820.117 0 
1 825.516 0.320575 0.0225362 0.667933 -0.721847 -0.78471 -0.820798 -4.16739 -820.528 0 
1 826.854 0.312854 0.0224811 0.672942 -0.729261 -0.776863 -1.61782 -5.4455 -819.791 0 
4 827.038 0.308362 0.0223986 0.67831 -0.745583 -0.824833 -1.6393 -6.19273 -819.206 0 
2 827.093 0.308905 0.0224913 0.678719 -0.747011 -0.826034 -1.9087 -5.98983 -819.195 0 
2 825.122 0.315789 0.0224602 0.673755 -0.757131 -0.788774 -1.56937 -4.32639 -819.226 0 
1 825.571 0.30957 0.0224924 0.68164 -0.772918 -0.834367 -0.948729 -5.45748 -819.165 0 
8 824.987 0.31485 0.0224832 0.675831 -0.765241 -0.801336 -1.4386 -4.45046 -819.098 0 
3 824.328 0.312827 0.0224576 0.676813 -0.765651 -0.783271 -0.507961 -4.71504 -819.105 0 
3 826.443 0.319021 0.0225171 0.671189 -0.761662 -0.745485 -3.14996 -3.93272 -819.361 0 
1 827.29 0.319051 0.0225134 0.673618 -0.781094 -0.768078 -4.11838 -4.1294 -819.043 0 
3 826.462 0.310447 0.0225291 0.680132 -0.783934 -0.767173 -2.368 -4.96754 -819.127 0 
1 825.403 0.314804 0.0225306 0.676807 -0.764544 -0.815488 -1.81619 -4.49864 -819.088 0 
6 824.089 0.316502 0.0223984 0.673532 -0.752398 -0.829114 -0.529052 -4.3381 -819.222 0 
1 824.223 0.31654 0.0221838 0.673941 -0.776138 -0.802268 -0.88368 -4.30218 -819.037 0 
1 824.912 0.314876 0.0221745 0.674564 -0.765688 -0.820901 -1.33159 -4.50391 -819.077 0 
2 824.566 0.311857 0.0222605 0.679546 -0.788373 -0.832235 -0.281444 -5.055 -819.229 0 
6 824.413 0.312743 0.0223141 0.678343 -0.77685 -0.825243 -0.494806 -4.82646 -819.091 0 
11 825.412 0.319396 0.0222696 0.67015 -0.765377 -0.776396 -2.21394 -3.98458 -819.213 0 
1 824.31 0.318474 0.022294 0.672376 -0.771086 -0.803456 -1.07664 -4.16037 -819.073 0 
2 823.913 0.314634 0.0223803 0.676521 -0.775456 -0.805717 -0.361235 -4.50118 -819.05 0 
2 824.227 0.318296 0.0223592 0.672313 -0.750572 -0.853452 -0.788236 -4.20472 -819.234 0 
1 825.01 0.312477 0.0223564 0.675885 -0.749994 -0.836683 -0.775637 -5.05705 -819.177 0 
1 824.238 0.317945 0.0223944 0.671209 -0.731819 -0.855344 -0.299041 -4.31625 -819.623 0 
5 823.772 0.316729 0.0223144 0.67265 -0.744051 -0.846215 -0.059518 -4.38583 -819.327 0 
3 824.259 0.324817 0.0223196 0.66706 -0.733349 -0.891415 -0.64975 -3.84042 -819.769 0 
1 823.96 0.323366 0.0222028 0.667904 -0.749646 -0.85248 -0.613917 -3.92702 -819.419 0 
3 824.329 0.326088 0.0222176 0.665722 -0.739022 -0.869554 -0.713274 -3.84411 -819.771 0 
6 825.158 0.323337 0.0222473 0.668746 -0.760567 -0.805979 -1.9166 -3.90276 -819.339 0 
1 824.826 0.321555 0.0223481 0.666463 -0.729027 -0.791841 -0.649655 -3.91823 -820.258 0 
1 825.987 0.320057 0.0224697 0.667041 -0.707759 -0.819142 -0.658191 -4.44427 -820.885 0 
4 827.324 0.31544 0.0224214 0.669528 -0.708201 -0.805139 -1.27912 -5.46329 -820.582 0 
2 828.692 0.318569 0.0224278 0.666024 -0.681744 -0.84803 -1.21132 -5.56142 -821.919 0 
2 826.84 0.314995 0.0223883 0.67097 -0.707292 -0.845069 -0.969866 -5.539 -820.331 0 
2 827.881 0.315251 0.0224083 0.671517 -0.708308 -0.848089 -2.11598 -5.47502 -820.29 0 
4 826.753 0.321806 0.0225679 0.666465 -0.700264 -0.834117 -1.10983 -4.33053 -821.312 0 
5 829.408 0.312374 0.0227074 0.676153 -0.713161 -0.85681 -3.43506 -6.07492 -819.898 0 
1 826.654 0.307962 0.0225551 0.680996 -0.747492 -0.835965 -1.13426 -6.33864 -819.182 0 
3 826.022 0.316404 0.0225633 0.674233 -0.732666 -0.861598 -1.9275 -4.58191 -819.513 0 
6 824.728 0.323803 0.022442 0.667371 -0.738766 -0.816716 -1.06131 -3.7547 -819.912 0 
1 827.186 0.320572 0.0222328 0.667014 -0.743268 -0.783511 -3.55258 -3.88784 -819.745 0 
1 829.796 0.320121 0.0223488 0.665719 -0.729848 -0.746965 -5.29474 -4.0961 -820.405 0 
1 830.044 0.325552 0.0222644 0.661869 -0.732287 -0.75421 -5.60862 -3.73597 -820.699 0 
2 825.889 0.323405 0.0222198 0.66424 -0.731056 -0.785875 -1.7597 -3.77497 -820.354 0 
9 825.719 0.315892 0.0223651 0.671173 -0.740067 -0.785244 -1.6251 -4.49989 -819.594 0 
1 825.444 0.316873 0.0223644 0.669652 -0.729517 -0.784377 -0.922505 -4.55207 -819.97 0 
1 824.237 0.317202 0.0224508 0.671713 -0.738248 -0.79864 -0.240493 -4.34801 -819.649 0 
2 823.907 0.315972 0.0224304 0.673283 -0.748041 -0.799173 -0.139648 -4.40378 -819.363 0 
1 824.965 0.312003 0.0224644 0.675717 -0.743294 -0.799205 -0.357206 -5.26813 -819.34 0 
3 825.55 0.313269 0.0225735 0.676216 -0.748007 -0.795261 -1.35293 -4.89776 -819.299 0 
4 824.438 0.31674 0.0224635 0.674784 -0.768059 -0.797387 -1.11952 -4.22648 -819.092 0 
2 824.09 0.318546 0.022403 0.672972 -0.784576 -0.734247 -0.986256 -4.04827 -819.056 0 
1 823.562 0.316597 0.0223217 0.673587 -0.790724 -0.70562 -0.428811 -4.09045 -819.042 0 
1 823.362 0.318209 0.0223554 0.67293 -0.796448 -0.681666 -0.297602 -4.02311 -819.041 0 
4 826.75 0.31321 0.0223444 0.680339 -0.824905 -0.708063 -2.65926 -4.65207 -819.439 0 
1 824.792 0.31614 0.0224656 0.676242 -0.806708 -0.675667 -1.59328 -4.14916 -819.049 0 
1 824.268 0.315805 0.0223939 0.676458 -0.804429 -0.704809 -0.967813 -4.23952 -819.061 0 
4 824.656 0.323493 0.0222526 0.667783 -0.803608 -0.637798 -1.23567 -4.30102 -819.12 0 
1 824.955 0.318406 0.0223527 0.671148 -0.80775 -0.59539 -1.88318 -3.98897 -819.083 0 
1 825.786 0.309761 0.0223082 0.679751 -0.831566 -0.615428 -1.74049 -4.55716 -819.488 0 
3 825.161 0.312632 0.0224537 0.679032 -0.828337 -0.62666 -1.484 -4.36964 -819.308 0 
13 824.298 0.315792 0.0223435 0.676568 -0.835881 -0.601255 -0.730923 -4.33202 -819.235 0 
2 824.94 0.323271 0.0223564 0.669964 -0.817562 -0.615672 -1.37823 -4.52073 -819.041 0 
2 824.699 0.325519 0.0222111 0.666976 -0.81402 -0.613136 -0.870187 -4.72438 -819.104 0 
1 824.602 0.317936 0.0222782 0.674501 -0.835077 -0.594622 -1.08815 -4.37112 -819.143 0 
1 824.19 0.309369 0.0223637 0.680846 -0.832762 -0.592511 -0.230129 -4.49546 -819.464 0 
2 825.639 0.310151 0.0223098 0.680584 -0.828298 -0.623421 -1.71613 -4.49991 -819.423 0 
3 824.673 0.311584 0.0222984 0.676604 -0.819629 -0.550991 -1.32212 -4.2189 -819.132 0 
2 823.519 0.315156 0.022284 0.673034 -0.814984 -0.552199 -0.428739 -4.00422 -819.086 0 
3 825.87 0.308056 0.0222544 0.678753 -0.832326 -0.531358 -2.01615 -4.49565 -819.358 0 
3 825.126 0.309525 0.0222692 0.677943 -0.834836 -0.526773 -1.47986 -4.32081 -819.326 0 
2 825.174 0.304293 0.022429 0.685159 -0.849009 -0.538148 -0.14595 -4.99131 -820.037 0 
1 824.002 0.308618 0.0224363 0.680139 -0.842305 -0.488087 -0.253526 -4.34478 -819.403 0 
5 823.848 0.31057 0.0223449 0.678112 -0.85318 -0.448124 -0.264314 -4.16709 -819.417 0 
3 823.741 0.319168 0.0223391 0.669791 -0.847285 -0.396091 -0.102501 -4.45769 -819.181 0 
2 824.044 0.315446 0.022332 0.671248 -0.839303 -0.387579 -0.662142 -4.19184 -819.19 0 
12 823.651 0.31465 0.0223443 0.672914 -0.84696 -0.390918 -0.302377 -4.15936 -819.189 0 
6 823.981 0.315692 0.0224864 0.67173 -0.842714 -0.349871 -0.424613 -4.32395 -819.232 0 
3 825.303 0.30534 0.0225438 0.68152 -0.8506 -0.406361 -1.16289 -4.62954 -819.51 0 
2 825.521 0.304073 0.0225624 0.683104 -0.84649 -0.427665 -1.06127 -4.91091 -819.549 0 
1 825.214 0.307813 0.0225082 0.677176 -0.842782 -0.346771 -1.35771 -4.60859 -819.247 0 
3 824.719 0.31057 0.0225409 0.675131 -0.830329 -0.384728 -1.08947 -4.43635 -819.194 0 
2 824.721 0.316406 0.0224408 0.669006 -0.822718 -0.367477 -0.883762 -4.42566 -819.412 0 
3 824.418 0.317932 0.0223554 0.671351 -0.835416 -0.440038 -1.08789 -4.17767 -819.152 0 
12 825.291 0.321621 0.0225155 0.668297 -0.836948 -0.396721 -1.36044 -4.64177 -819.289 0 
1 825.638 0.324063 0.0223309 0.668484 -0.863443 -0.407037 -0.870334 -5.59416 -819.174 0 
2 825.475 0.322667 0.0224168 0.669176 -0.853781 -0.399423 -1.25459 -5.03673 -819.183 0 
1 825.323 0.317291 0.0225371 0.673401 -0.851041 -0.396347 -1.83444 -4.30704 -819.181 0 
2 825.488 0.323382 0.0224261 0.664517 -0.835027 -0.338497 -0.773986 -5.12842 -819.585 0 
4 825.99 0.309802 0.0225108 0.675501 -0.842014 -0.359065 -2.4144 -4.35522 -819.221 0 
1 825.006 0.311437 0.022461 0.674335 -0.841651 -0.367843 -1.55056 -4.25067 -819.205 0 
2 824.671 0.317961 0.0225428 0.669279 -0.833938 -0.343342 -0.788561 -4.50846 -819.374 0 
2 825.037 0.316543 0.022594 0.670532 -0.832833 -0.343529 -1.23935 -4.45155 -819.347 0 
3 823.954 0.313266 0.0224296 0.673298 -0.847352 -0.351915 -0.505724 -4.23343 -819.214 0 
5 823.727 0.314924 0.0224128 0.672379 -0.841969 -0.386642 -0.367861 -4.17462 -819.184 0 
3 826.076 0.329542 0.0222144 0.66098 -0.82915 -0.423998 -0.509468 -5.91946 -819.647 0 
4 825.037 0.325988 0.0223123 0.663337 -0.820936 -0.418344 -0.314754 -5.04893 -819.673 0 
3 825.226 0.323473 0.0221992 0.664647 -0.831048 -0.410141 -1.04262 -4.79572 -819.387 0 
2 827.643 0.326142 0.0221919 0.661005 -0.822663 -0.390634 -2.62851 -5.2391 -819.775 0 
1 823.924 0.317753 0.0222864 0.67161 -0.852426 -0.409759 -0.394681 -4.3515 -819.178 0 
5 824.623 0.318306 0.0223356 0.668815 -0.834868 -0.370956 -0.92515 -4.40287 -819.295 0 
1 824.25 0.316473 0.0223655 0.671656 -0.85245 -0.352725 -0.68953 -4.34732 -819.213 0 
2 824.447 0.320244 0.0222867 0.668921 -0.848309 -0.384649 -0.642703 -4.60322 -819.201 0 
3 824.105 0.313535 0.0225022 0.674657 -0.850216 -0.363628 -0.688569 -4.20023 -819.217 0 
2 824.282 0.319368 0.022258 0.670229 -0.860217 -0.379731 -0.409166 -4.67105 -819.202 0 
2 824.828 0.320301 0.0222672 0.668942 -0.877146 -0.299083 -0.279291 -5.25553 -819.293 0 
3 825.608 0.318631 0.022216 0.671055 -0.89476 -0.287705 -0.738863 -5.3627 -819.506 0 
4 825.475 0.322341 0.0223208 0.668244 -0.881006 -0.299181 -0.403529 -5.77585 -819.296 0 
1 825.43 0.323354 0.0223681 0.668185 -0.869986 -0.339756 -0.555254 -5.63647 -819.238 0 
4 825.877 0.321601 0.0224698 0.669348 -0.871867 -0.314481 -1.24224 -5.37291 -819.262 0 
1 826.129 0.321549 0.0224734 0.668559 -0.86262 -0.326661 -1.70221 -5.17378 -819.253 0 
1 826.14 0.319438 0.0225633 0.668688 -0.855115 -0.284444 -1.87218 -4.92476 -819.343 0 
2 825.836 0.314592 0.0225572 0.672078 -0.863978 -0.2598 -1.97741 -4.55839 -819.3 0 
3 825.537 0.314232 0.0225442 0.67203 -0.857021 -0.277572 -1.77001 -4.4867 -819.281 0 
1 824.972 0.309301 0.022564 0.679207 -0.863293 -0.352383 -1.29631 -4.22988 -819.446 0 
1 826.578 0.306717 0.0226676 0.681894 -0.870412 -0.328489 -2.56983 -4.35982 -819.649 0 
2 826.04 0.319078 0.022332 0.670518 -0.87767 -0.28124 -1.67161 -5.0571 -819.311 0 
1 826.95 0.322531 0.0225384 0.663844 -0.831458 -0.283869 -1.68081 -5.38647 -819.882 0 
4 825.906 0.325853 0.0224379 0.662431 -0.828336 -0.32325 -0.315897 -5.62719 -819.963 0 
4 826.944 0.319421 0.0222585 0.665785 -0.840949 -0.290897 -2.52972 -4.91874 -819.496 0 
7 825.949 0.321321 0.0223126 0.667124 -0.860112 -0.287745 -1.40198 -5.21088 -819.336 0 
2 826.436 0.327247 0.0222688 0.662442 -0.851978 -0.308853 -0.625065 -6.24743 -819.564 0 
3 824.662 0.323474 0.0223141 0.666764 -0.847738 -0.383218 -0.307888 -5.09446 -819.26 0 
8 824.327 0.322184 0.0222583 0.667795 -0.850224 -0.405405 -0.246215 -4.89921 -819.182 0 
4 824.3 0.320012 0.022466 0.668523 -0.823742 -0.430272 -0.690692 -4.29437 -819.315 0 
3 828.301 0.31498 0.0225244 0.676414 -0.830094 -0.510216 -5.15166 -4.03273 -819.116 0 
1 827.134 0.32342 0.022449 0.667071 -0.796587 -0.528295 -3.32464 -4.18871 -819.621 0 
1 828.183 0.323658 0.0224945 0.667614 -0.794288 -0.54876 -4.44305 -4.14198 -819.598 0 
10 827.23 0.324447 0.022491 0.665716 -0.772696 -0.585166 -3.04518 -4.07509 -820.109 0 
1 826.385 0.324138 0.0224885 0.667262 -0.78983 -0.577439 -2.68745 -4.09275 -819.605 0 
2 827.722 0.328597 0.0225642 0.660206 -0.755943 -0.562504 -1.80867 -4.51025 -821.403 0 
6 827.827 0.331388 0.0225093 0.660437 -0.766919 -0.590247 -2.20508 -4.71403 -820.908 0 
1 826.055 0.329912 0.0224183 0.661043 -0.761703 -0.621732 -0.933417 -4.36243 -820.759 0 
1 826.806 0.330218 0.0224664 0.658722 -0.737303 -0.6269 -0.384967 -4.39142 -822.03 0 
5 826.855 0.329065 0.0222803 0.660843 -0.756565 -0.639597 -1.88926 -4.19069 -820.775 0 
1 826.581 0.314757 0.0224155 0.674188 -0.786991 -0.620309 -3.2282 -4.1795 -819.173 0 
4 825.112 0.323481 0.0223073 0.665886 -0.782702 -0.58799 -1.39627 -4.00554 -819.71 0 
1 827.464 0.33325 0.0223079 0.655851 -0.75663 -0.579541 -0.735945 -4.99749 -821.731 0 
5 827.318 0.33418 0.0222079 0.655585 -0.770372 -0.557584 -0.610902 -5.40411 -821.303 0 
1 826.861 0.326866 0.0222476 0.659755 -0.761389 -0.551239 -1.39131 -4.42694 -821.043 0 
2 825.659 0.322608 0.0223578 0.66398 -0.771624 -0.530986 -1.01641 -4.2819 -820.36 0 
1 825.421 0.313691 0.0223055 0.671543 -0.785721 -0.561419 -1.72731 -4.37934 -819.314 0 
3 825.43 0.319251 0.0222686 0.666692 -0.784531 -0.548002 -1.7846 -4.02624 -819.619 0 
5 825.226 0.318399 0.0223502 0.670621 -0.793937 -0.578276 -2.00785 -3.94476 -819.273 0 
3 827.007 0.327372 0.0222577 0.658875 -0.763466 -0.528677 -1.24222 -4.58207 -821.183 0 
1 825.284 0.320935 0.0223726 0.667506 -0.784445 -0.558067 -1.59815 -4.02167 -819.664 0 
1 825.484 0.316401 0.0223613 0.673782 -0.802265 -0.609587 -2.42726 -3.97561 -819.081 0 
4 824.575 0.316547 0.0225212 0.672781 -0.778325 -0.636428 -1.20827 -4.06241 -819.304 0 
2 824.277 0.31953 0.022311 0.667444 -0.778177 -0.579973 -0.624632 -3.99924 -819.654 0 
1 826.472 0.320971 0.0222191 0.664609 -0.764066 -0.591113 -2.25892 -4.08176 -820.131 0 
2 825.326 0.314667 0.0224183 0.671493 -0.762403 -0.629766 -1.1322 -4.59246 -819.602 0 
2 827.65 0.307715 0.0225769 0.677797 -0.771027 -0.602219 -2.43012 -5.9425 -819.277 0 
1 827.922 0.308453 0.0226185 0.67631 -0.768685 -0.570128 -2.53614 -5.95669 -819.43 0 
2 827.867 0.304871 0.0226122 0.679724 -0.777152 -0.588201 -2.18253 -6.49218 -819.192 0 
2 828.476 0.313046 0.022709 0.677118 -0.775603 -0.660956 -4.76973 -4.51254 -819.194 0 
1 830.049 0.312048 0.0227557 0.67875 -0.773524 -0.691447 -6.20114 -4.70081 -819.147 0 
1 829.613 0.31964 0.022609 0.669737 -0.753951 -0.648118 -5.38788 -4.167 -820.058 0 
1 827.8 0.316408 0.0226657 0.671453 -0.768231 -0.573972 -3.53985 -4.46759 -819.792 0 
4 826.892 0.320154 0.0226114 0.668451 -0.767441 -0.576355 -2.68315 -4.16648 -820.043 0 
3 827 0.309447 0.0226586 0.678116 -0.773983 -0.628819 -2.48317 -5.30186 -819.215 0 
5 827.841 0.306716 0.0225529 0.680536 -0.785878 -0.616821 -3.03282 -5.67886 -819.129 0 
1 827.809 0.307451 0.0224886 0.680894 -0.798612 -0.613331 -3.49507 -5.17667 -819.138 0 
6 824.641 0.315977 0.0225379 0.671993 -0.78024 -0.582177 -1.01372 -4.19854 -819.429 0 
2 824.315 0.322267 0.0223764 0.665 -0.779348 -0.538632 -0.182548 -4.12853 -820.004 0 
2 825.221 0.318965 0.0223315 0.666872 -0.768334 -0.591039 -1.27923 -4.08894 -819.853 0 
2 826.364 0.323155 0.0223498 0.66335 -0.775519 -0.542494 -2.04393 -4.14112 -820.179 0 
4 824.135 0.319781 0.0223369 0.668073 -0.795018 -0.556314 -0.809656 -3.95223 -819.373 0 
3 823.778 0.315053 0.0224002 0.674133 -0.809152 -0.591575 -0.682421 -4.02522 -819.071 0 
5 824.343 0.309802 0.0222936 0.678398 -0.820734 -0.577248 -0.7047 -4.42189 -819.216 0 
2 824.164 0.315894 0.0222253 0.673304 -0.821338 -0.559654 -1.0644 -4.01915 -819.08 0 
4 824.789 0.318379 0.0221479 0.670242 -0.81925 -0.544841 -1.66917 -4.03219 -819.088 0 
2 825.373 0.322216 0.022282 0.663953 -0.777096 -0.534347 -1.10368 -4.16605 -820.104 0 
7 825.939 0.323892 0.0223668 0.66215 -0.767129 -0.516857 -0.723292 -4.45027 -820.765 0 
5 827.056 0.324932 0.02241 0.660258 -0.759903 -0.493702 -0.843622 -4.79162 -821.421 0 
1 827.595 0.326 0.0223846 0.659108 -0.761961 -0.474484 -1.01712 -4.97325 -821.605 0 
3 827.277 0.325897 0.0223776 0.65942 -0.759453 -0.49494 -0.911232 -4.82744 -821.539 0 
3 828.406 0.318557 0.02249 0.665467 -0.755813 -0.510931 -2.52932 -5.03355 -820.843 0 
1 827.751 0.323734 0.0223461 0.660529 -0.762854 -0.49055 -1.87938 -4.70188 -821.17 0 
1 827.915 0.319784 0.0222571 0.664244 -0.771122 -0.509859 -3.16408 -4.4513 -820.299 0 
3 828.397 0.315601 0.0222267 0.668902 -0.778565 -0.545021 -4.37836 -4.41754 -819.601 0 
1 827.399 0.325276 0.0221532 0.660922 -0.782697 -0.508539 -2.69218 -4.41003 -820.297 0 
1 827.562 0.312407 0.0223198 0.671827 -0.769874 -0.583629 -3.11436 -4.94184 -819.506 0 
8 825.209 0.306133 0.0224531 0.681611 -0.795127 -0.653349 -0.500396 -5.52191 -819.186 0 
11 824.739 0.311309 0.0225089 0.675582 -0.775728 -0.626335 -0.670824 -4.83494 -819.233 0 
3 825.851 0.305012 0.0225688 0.683008 -0.800701 -0.626661 -0.96189 -5.65498 -819.234 0 
1 827.696 0.29903 0.02251 0.688025 -0.819295 -0.593052 -0.949202 -6.93793 -819.809 0 
8 826.557 0.302941 0.0224702 0.683173 -0.808734 -0.583062 -1.25768 -5.97185 -819.327 0 
2 824.082 0.319058 0.0222582 0.668649 -0.798184 -0.56427 -0.878669 -3.93611 -819.267 0 
4 824.884 0.320495 0.0221141 0.669313 -0.819842 -0.582129 -1.60654 -4.2219 -819.055 0 
4 825.432 0.329569 0.0222182 0.66236 -0.805029 -0.573123 -0.756119 -5.13839 -819.537 0 
4 824.389 0.316313 0.0222785 0.675914 -0.826063 -0.642903 -0.91005 -4.31849 -819.16 0 
3 825.031 0.31571 0.0223661 0.677315 -0.827465 -0.65007 -1.44923 -4.36974 -819.212 0 
2 824.262 0.320327 0.0222944 0.67185 -0.8142 -0.655967 -0.916907 -4.32903 -819.016 0 
6 825.034 0.320637 0.022164 0.672294 -0.83167 -0.644433 -1.16846 -4.77761 -819.088 0 
2 826.066 0.317642 0.0220805 0.673734 -0.820684 -0.672024 -2.59433 -4.3694 -819.102 0 
1 826.112 0.315225 0.0221316 0.677029 -0.821262 -0.718924 -2.21066 -4.61019 -819.291 0 
1 825.236 0.307541 0.0222816 0.6822 -0.790959 -0.793108 -0.241961 -5.61864 -819.376 0 
1 823.988 0.312542 0.0224115 0.676225 -0.76542 -0.762903 -0.126485 -4.73475 -819.127 0 
1 824.468 0.317738 0.0223058 0.66959 -0.749122 -0.742811 -0.715326 -4.13692 -819.616 0 
3 824.79 0.318427 0.022465 0.668922 -0.734846 -0.73316 -0.286763 -4.3341 -820.169 0 
1 825.589 0.320162 0.0225303 0.66845 -0.731035 -0.770646 -1.30954 -4.06908 -820.21 0 
2 824.712 0.312969 0.0224672 0.67798 -0.767339 -0.80858 -0.883761 -4.74821 -819.08 0 
1 825.133 0.313916 0.0222707 0.674633 -0.748658 -0.827391 -1.1079 -4.79516 -819.23 0 
2 826.396 0.320681 0.0221987 0.670399 -0.76236 -0.798879 -3.22574 -3.93133 -819.239 0 
1 826.72 0.315846 0.0223539 0.673586 -0.750192 -0.79005 -2.95031 -4.42573 -819.344 0 
2 827.234 0.30799 0.0223441 0.682059 -0.779534 -0.798023 -2.38033 -5.63943 -819.215 0 
1 824.281 0.313115 0.0224599 0.675612 -0.756051 -0.767465 -0.269925 -4.7779 -819.234 0 
6 823.833 0.319617 0.0223178 0.668758 -0.758685 -0.719582 -0.38577 -3.89495 -819.552 0 
1 824.157 0.324425 0.0222479 0.664784 -0.748802 -0.737986 -0.354372 -3.75818 -820.045 0 
10 825.939 0.329913 0.022279 0.661501 -0.756579 -0.733381 -1.56532 -4.18365 -820.19 0 
1 825.541 0.323977 0.022467 0.667536 -0.769659 -0.707402 -2.12952 -3.87732 -819.534 0 
21 825.173 0.324645 0.0224185 0.668458 -0.775566 -0.735473 -1.83032 -4.02309 -819.32 0 
1 824.813 0.311469 0.0224871 0.679079 -0.778326 -0.758462 -0.928797 -4.80183 -819.082 0 
1 824.763 0.312096 0.0224839 0.678852 -0.783507 -0.764697 -0.986869 -4.69184 -819.085 0 
2 825.402 0.313694 0.0223257 0.678183 -0.799282 -0.740427 -1.83853 -4.44857 -819.115 0 
1 824.496 0.321519 0.0221721 0.668652 -0.791679 -0.659634 -1.36734 -3.95652 -819.172 0 
3 824.612 0.326359 0.0222026 0.665502 -0.801044 -0.636529 -0.812232 -4.56182 -819.238 0 
5 823.319 0.315446 0.0222824 0.674727 -0.813408 -0.630266 -0.142672 -4.10638 -819.07 0 
2 824.749 0.314143 0.0223282 0.674715 -0.798534 -0.660469 -1.51871 -4.17206 -819.058 0 
6 824.441 0.316943 0.0223071 0.673817 -0.800296 -0.700387 -1.24072 -4.17178 -819.029 0 
17 823.614 0.313022 0.0223058 0.676406 -0.78627 -0.728172 -0.103106 -4.4487 -819.063 0 
10 825.306 0.312817 0.0221387 0.676136 -0.792459 -0.741883 -1.69054 -4.52345 -819.092 0 
2 825.442 0.323651 0.0221029 0.666265 -0.771633 -0.749169 -2.15819 -3.96879 -819.315 0 
1 825.264 0.309111 0.0222623 0.680576 -0.787185 -0.783345 -0.772094 -5.26677 -819.225 0 
10 824.79 0.315522 0.0222128 0.672493 -0.769506 -0.748688 -1.41548 -4.23485 -819.139 0 
4 823.703 0.314056 0.0223091 0.675104 -0.775383 -0.754776 -0.221409 -4.40825 -819.073 0 
2 824.785 0.309968 0.0224425 0.681148 -0.791715 -0.772377 -0.511736 -5.0514 -819.222 0 
2 825.164 0.310711 0.0223994 0.678364 -0.777157 -0.769075 -1.10489 -4.9634 -819.095 0 
2 824.817 0.309829 0.0224475 0.681078 -0.783598 -0.791507 -0.465471 -5.17493 -819.177 0 
1 825.129 0.315397 0.0223978 0.674392 -0.775738 -0.753366 -1.80118 -4.25216 -819.076 0 
2 824.077 0.322436 0.0223383 0.669082 -0.765226 -0.781924 -0.858773 -3.92714 -819.291 0 
1 823.794 0.32293 0.022235 0.667187 -0.769074 -0.729355 -0.52063 -3.86147 -819.411 0 
1 824.303 0.318674 0.022315 0.669391 -0.762867 -0.681278 -0.758786 -3.98282 -819.561 0 
4 825.126 0.316325 0.0223228 0.669644 -0.754161 -0.672932 -1.03424 -4.37453 -819.717 0 
2 824.877 0.312399 0.0224005 0.675967 -0.774019 -0.694473 -1.11189 -4.62388 -819.142 0 
1 826.42 0.307979 0.0223095 0.677951 -0.771416 -0.700463 -1.66819 -5.62013 -819.132 0 
7 824.474 0.312949 0.0222315 0.675647 -0.787558 -0.704988 -1.0076 -4.40201 -819.064 0 
2 824.374 0.310579 0.0223419 0.677224 -0.774586 -0.728986 -0.327892 -4.94783 -819.098 0 
1 826.073 0.309662 0.0225047 0.676305 -0.748571 -0.723485 -0.869136 -5.81864 -819.385 0 
3 825.462 0.317077 0.0225492 0.670306 -0.7373 -0.725885 -0.945265 -4.48576 -820.031 0 
2 826.809 0.311787 0.0225036 0.673711 -0.726094 -0.76542 -0.96996 -5.95113 -819.888 0 
16 825.016 0.314208 0.0225174 0.673539 -0.740196 -0.766061 -0.544704 -4.87787 -819.594 0 
6 823.765 0.321784 0.0223244 0.669774 -0.769994 -0.755783 -0.611544 -3.89333 -819.261 0 
7 823.478 0.315884 0.0222562 0.674104 -0.786456 -0.732057 -0.26049 -4.17673 -819.041 0 
10 824.008 0.314174 0.0222635 0.674296 -0.770606 -0.753217 -0.488922 -4.41168 -819.107 0 
4 823.779 0.31477 0.0222515 0.674454 -0.77621 -0.756889 -0.386108 -4.32542 -819.068 0 
5 824.075 0.321141 0.0221572 0.669644 -0.78655 -0.728628 -0.947461 -4.05028 -819.077 0 
1 824.164 0.324305 0.0222444 0.667574 -0.772301 -0.749784 -0.864586 -3.97508 -819.324 0 
8 823.44 0.316401 0.0222581 0.673761 -0.788254 -0.721749 -0.278455 -4.12134 -819.04 0 
8 824.111 0.310072 0.0223624 0.680037 -0.793875 -0.742113 -0.0173363 -4.9089 -819.185 0 
1 823.915 0.311704 0.0223397 0.676932 -0.777127 -0.738574 -0.111995 -4.72148 -819.082 0 
2 824.122 0.312279 0.0223344 0.675464 -0.777084 -0.692618 -0.426781 -4.5783 -819.117 0 
1 824.194 0.314882 0.0224064 0.671722 -0.77055 -0.62998 -0.431852 -4.34381 -819.418 0 
6 825.289 0.323774 0.0225176 0.667066 -0.758572 -0.68851 -1.53305 -3.81181 -819.944 0 
1 824.27 0.314329 0.0225194 0.674812 -0.769073 -0.705939 -0.698058 -4.36333 -819.209 0 
1 823.709 0.314072 0.0224516 0.675741 -0.785579 -0.694808 -0.384589 -4.25376 -819.071 0 
1 823.703 0.314526 0.0223869 0.676789 -0.809116 -0.668783 -0.398675 -4.21601 -819.089 0 
4 825.566 0.321602 0.0224596 0.668093 -0.778516 -0.641361 -2.22432 -3.86165 -819.48 0 
1 825.542 0.321008 0.0224793 0.670649 -0.792589 -0.659992 -2.41793 -3.97735 -819.147 0 
3 825.278 0.324199 0.0223764 0.667276 -0.784045 -0.678712 -1.88772 -4.06075 -819.329 0 
5 823.524 0.318469 0.0223683 0.672703 -0.786303 -0.719764 -0.442262 -4.02027 -819.061 0 
8 827.03 0.320123 0.0223619 0.673878 -0.796147 -0.746212 -3.80893 -4.22483 -818.996 0 
1 826.384 0.329013 0.0223302 0.665295 -0.784905 -0.72847 -2.29554 -4.75901 -819.33 0 
7 827.544 0.332238 0.0221569 0.660923 -0.78315 -0.70874 -2.64982 -5.2753 -819.619 0 
3 825.188 0.326675 0.0222145 0.666314 -0.788474 -0.73327 -1.4516 -4.57102 -819.165 0 
7 825.52 0.322335 0.022313 0.671876 -0.784564 -0.804981 -2.16203 -4.36156 -818.997 0 
2 825.104 0.322938 0.0223729 0.670774 -0.785507 -0.763588 -1.81675 -4.23487 -819.052 0 
3 825.027 0.322163 0.0223113 0.667358 -0.773725 -0.690276 -1.75029 -3.85464 -819.422 0 
1 825.972 0.310314 0.0221401 0.679322 -0.811328 -0.712091 -1.85011 -4.77107 -819.35 0 
6 827.071 0.307809 0.022211 0.681119 -0.794581 -0.743402 -2.44181 -5.34251 -819.287 0 
1 825.086 0.311843 0.0224321 0.675955 -0.756573 -0.742403 -0.7788 -5.05157 -819.255 0 
1 823.869 0.31985 0.0223403 0.668924 -0.754479 -0.723221 -0.291153 -3.9166 -819.661 0 
1 824.823 0.316772 0.0224322 0.671641 -0.749972 -0.73063 -0.919833 -4.30456 -819.598 0 
2 824.073 0.324045 0.0223349 0.667349 -0.765535 -0.730949 -0.690358 -3.84058 -819.542 0 
2 825.733 0.327515 0.0222575 0.662402 -0.759088 -0.705101 -1.66484 -3.97727 -820.091 0 
2 824.281 0.327273 0.0222814 0.664541 -0.764612 -0.737226 -0.527375 -4.03819 -819.716 0 
3 825.582 0.324512 0.0221237 0.667015 -0.782272 -0.723058 -2.25979 -4.09311 -819.229 0 
3 824.802 0.32512 0.0222461 0.668141 -0.779673 -0.767987 -1.39477 -4.24413 -819.163 0 
2 824.795 0.320005 0.022305 0.673404 -0.79546 -0.760879 -1.49112 -4.31157 -818.993 0 
3 824.615 0.317898 0.0221312 0.671708 -0.77856 -0.76416 -1.4531 -4.10446 -819.058 0 
3 824.965 0.319405 0.0221481 0.670185 -0.771657 -0.779767 -1.80579 -4.04092 -819.118 0 
3 826.642 0.319714 0.0223557 0.669296 -0.754659 -0.772861 -3.27649 -3.92102 -819.445 0 
5 824.142 0.313824 0.022268 0.67772 -0.791229 -0.795386 -0.379946 -4.64431 -819.118 0 
4 824.916 0.317663 0.022412 0.674711 -0.775888 -0.816235 -1.5819 -4.30669 -819.027 0 
9 824.362 0.319191 0.0223908 0.672442 -0.769863 -0.796341 -1.17468 -4.08223 -819.105 0 
1 824.752 0.313516 0.0222343 0.67586 -0.788284 -0.752778 -1.20658 -4.47907 -819.067 0 
3 824.236 0.315717 0.0222062 0.67605 -0.801824 -0.760745 -0.652198 -4.48233 -819.102 0 
3 823.605 0.319838 0.0222375 0.671682 -0.788282 -0.744999 -0.461104 -4.1172 -819.026 0 
4 824.417 0.314556 0.0222838 0.677799 -0.802804 -0.766132 -0.682283 -4.57451 -819.16 0 
1 825.019 0.312012 0.0221993 0.679715 -0.815678 -0.749378 -0.710333 -4.85614 -819.452 0 
1 824.465 0.309771 0.0222953 0.680709 -0.808726 -0.72989 -0.158029 -4.92372 -819.383 0 
6 824.845 0.31345 0.0221806 0.675263 -0.798924 -0.694136 -1.45052 -4.31951 -819.075 0 
3 824.218 0.317383 0.022169 0.673812 -0.813543 -0.686062 -0.841104 -4.31061 -819.066 0 
9 824.372 0.317811 0.0221827 0.674036 -0.819548 -0.682688 -0.827656 -4.44478 -819.099 0 
