2 821.161 0.312163 0.0223811 0.677524 -0.935135 -0.148924 -0.146116 -5.19167 -815.823 0 
5 821.053 0.305028 0.0224963 0.682052 -0.916721 -0.167674 -0.856092 -4.42007 -815.777 0 
1 820.885 0.305929 0.0224441 0.682613 -0.939535 -0.141073 -0.247067 -4.57076 -816.067 0 
6 821.161 0.307395 0.0225113 0.678561 -0.897701 -0.179725 -0.97456 -4.47327 -815.713 0 
1 821.234 0.309115 0.022498 0.677903 -0.901563 -0.200391 -1.11639 -4.43233 -815.686 0 
1 821.318 0.313261 0.0224989 0.673627 -0.879221 -0.231479 -0.765393 -4.56554 -815.987 0 
2 820.427 0.313029 0.0223512 0.674518 -0.877217 -0.296729 -0.321819 -4.35296 -815.752 0 
1 820.615 0.315258 0.0223708 0.674459 -0.893663 -0.286754 -0.169025 -4.78033 -815.666 0 
2 820.758 0.311438 0.022464 0.678502 -0.915586 -0.22181 -0.368757 -4.70294 -815.687 0 
4 820.32 0.311919 0.0224414 0.676543 -0.880481 -0.294832 -0.328612 -4.31138 -815.68 0 
2 821.349 0.318231 0.0223174 0.673321 -0.89085 -0.331881 -0.533635 -5.1599 -815.655 0 
2 822.375 0.31006 0.0223427 0.678396 -0.863302 -0.386903 -2.62018 -4.18197 -815.573 0 
2 821.235 0.311406 0.022406 0.676074 -0.844432 -0.401748 -1.17644 -4.18376 -815.875 0 
1 822.415 0.323278 0.0222477 0.66799 -0.850309 -0.428476 -1.00067 -5.04871 -816.365 0 
6 823.43 0.323514 0.0221125 0.669171 -0.877769 -0.423787 -1.6989 -6.00196 -815.73 0 
7 822.993 0.321147 0.0221284 0.671281 -0.897128 -0.370846 -1.31903 -6.08951 -815.584 0 
3 824.25 0.324883 0.0220707 0.666614 -0.867016 -0.4316 -2.26458 -5.99643 -815.989 0 
3 821.255 0.317519 0.0221989 0.672991 -0.884987 -0.360309 -0.705686 -4.93158 -815.618 0 
4 821.492 0.315993 0.0223746 0.675354 -0.889785 -0.330126 -1.1098 -4.77048 -815.612 0 
4 821.757 0.309862 0.0224817 0.681265 -0.893343 -0.342104 -1.8557 -4.3338 -815.568 0 
1 822.148 0.300345 0.0226126 0.687553 -0.904343 -0.254391 -1.56227 -4.70971 -815.876 0 
1 822.968 0.304558 0.0226629 0.684925 -0.904538 -0.25001 -2.87954 -4.37051 -815.718 0 
1 821.897 0.305946 0.0226251 0.682489 -0.912235 -0.188102 -1.77703 -4.39194 -815.728 0 
1 820.973 0.307528 0.0224925 0.681409 -0.935821 -0.143972 -0.387822 -4.64594 -815.939 0 
8 821.249 0.303564 0.0224599 0.684261 -0.944244 -0.11646 -0.49915 -4.51409 -816.235 0 
1 820.791 0.305246 0.0224591 0.682267 -0.920791 -0.176166 -0.556876 -4.40675 -815.827 0 
5 820.448 0.309471 0.022406 0.679092 -0.916392 -0.201055 -0.197134 -4.53769 -815.713 0 
1 821.135 0.305703 0.0224298 0.68064 -0.902783 -0.20456 -1.07444 -4.38867 -815.672 0 
4 821.129 0.305517 0.0224173 0.680633 -0.904784 -0.198612 -1.05307 -4.39176 -815.684 0 
6 820.321 0.308823 0.0224073 0.680353 -0.916349 -0.230239 -0.105844 -4.48372 -815.732 0 
6 821.146 0.308738 0.0224606 0.680833 -0.923864 -0.217937 -0.735172 -4.59537 -815.815 0 
2 824.155 0.302356 0.0225314 0.680677 -0.861875 -0.256257 -3.17188 -5.25795 -815.725 0 
2 823.737 0.301367 0.0226111 0.682925 -0.882372 -0.204912 -3.01218 -5.07263 -815.652 0 
5 823.508 0.30643 0.0226922 0.678541 -0.883231 -0.162622 -2.84042 -4.78746 -815.88 0 
2 822.503 0.31033 0.0226423 0.67588 -0.8936 -0.146128 -1.8107 -4.74831 -815.944 0 
4 822.224 0.316035 0.0224536 0.672052 -0.916252 -0.120429 -0.596985 -5.67082 -815.956 0 
1 823.207 0.319048 0.0225017 0.670371 -0.915447 -0.117521 -0.758676 -6.33098 -816.117 0 
4 823.968 0.317507 0.0226032 0.670254 -0.903648 -0.0884561 -1.49075 -6.04651 -816.431 0 
2 822.688 0.307732 0.0226332 0.680596 -0.944461 -0.0583473 -1.79984 -4.91516 -815.973 0 
4 821.861 0.318333 0.0222771 0.672023 -0.916625 -0.210551 -0.18718 -5.91552 -815.758 0 
1 822.666 0.319415 0.0222904 0.669466 -0.901503 -0.210183 -0.881885 -5.80627 -815.977 0 
1 822.529 0.319542 0.0222905 0.672349 -0.919503 -0.240759 -0.517238 -6.30717 -815.705 0 
5 822.694 0.318593 0.0224255 0.670713 -0.894687 -0.226799 -1.25447 -5.45309 -815.987 0 
2 822.406 0.316913 0.022494 0.673064 -0.908465 -0.192584 -1.10801 -5.46072 -815.837 0 
4 822.35 0.309239 0.0225562 0.678669 -0.888342 -0.231761 -2.26403 -4.3881 -815.698 0 
3 822.253 0.319195 0.0222353 0.669671 -0.847397 -0.399341 -1.49576 -4.44138 -816.316 0 
1 823.58 0.324267 0.0221053 0.667451 -0.876013 -0.38622 -1.5763 -6.0424 -815.962 0 
4 821.343 0.312623 0.0223624 0.679136 -0.914173 -0.297716 -0.801868 -4.87096 -815.67 0 
3 821.113 0.308505 0.0223606 0.682601 -0.915663 -0.310035 -0.695594 -4.57077 -815.847 0 
3 820.77 0.302603 0.0224454 0.686468 -0.907902 -0.308706 -0.24279 -4.54121 -815.986 0 
1 822.94 0.298693 0.0225051 0.691405 -0.939539 -0.259219 -0.876088 -4.88068 -817.183 0 
1 823.575 0.305006 0.02248 0.687935 -0.948514 -0.27492 -1.5461 -5.062 -816.966 0 
1 823.438 0.307701 0.0223573 0.686032 -0.940172 -0.326388 -1.54824 -5.23864 -816.651 0 
1 822.158 0.30578 0.0224506 0.686079 -0.9114 -0.352581 -1.56552 -4.57111 -816.021 0 
1 822.551 0.304091 0.0223854 0.686045 -0.904357 -0.342295 -2.12366 -4.50605 -815.922 0 
1 822.792 0.305817 0.0224732 0.686382 -0.928054 -0.294458 -1.88933 -4.64309 -816.26 0 
5 820.731 0.311566 0.0222786 0.679355 -0.912803 -0.314214 -0.258172 -4.77736 -815.695 0 
4 827.857 0.322176 0.0219729 0.672127 -0.944127 -0.301662 -3.56863 -8.50028 -815.788 0 
6 821.668 0.311249 0.0222765 0.679019 -0.947944 -0.170125 -0.22091 -5.38827 -816.059 0 
1 823.328 0.306756 0.0224314 0.678729 -0.89719 -0.173505 -3.07744 -4.53296 -815.717 0 
2 822.136 0.30812 0.0223502 0.67804 -0.909684 -0.164084 -1.91604 -4.5027 -815.718 0 
1 821.944 0.305785 0.0223938 0.679734 -0.915645 -0.13833 -1.68755 -4.50124 -815.756 0 
1 824.046 0.307836 0.0222654 0.679741 -0.934115 -0.135546 -3.50471 -4.64707 -815.895 0 
2 822.471 0.312543 0.0223114 0.677989 -0.951129 -0.125555 -0.844078 -5.6319 -815.995 0 
1 823.961 0.309486 0.0222919 0.681345 -0.964171 -0.115101 -2.16042 -5.39939 -816.401 0 
1 823.147 0.305784 0.0223966 0.685788 -0.982308 -0.0958869 -0.533029 -5.3409 -817.273 0 
2 822.896 0.306206 0.0224043 0.685579 -0.976145 -0.123688 -0.467391 -5.30449 -817.124 0 
7 823.479 0.299643 0.0225482 0.68983 -0.975053 -0.0846556 -1.21018 -4.7031 -817.566 0 
2 822.622 0.307398 0.022368 0.683828 -0.971193 -0.115602 -0.54444 -5.29701 -816.781 0 
1 824.17 0.307395 0.0223816 0.682153 -0.967823 -0.10188 -2.28307 -5.27783 -816.609 0 
3 824.148 0.29778 0.0223979 0.688413 -0.982988 -0.00129287 -1.86803 -4.6651 -817.615 0 
1 824.205 0.309337 0.0223396 0.68106 -0.985095 -0.053615 -1.29798 -6.06863 -816.838 0 
2 825.818 0.313676 0.0221137 0.676163 -0.971698 -0.100337 -2.82729 -6.68159 -816.31 0 
1 824.502 0.314007 0.022154 0.677459 -0.9798 -0.0976627 -0.980884 -7.0286 -816.492 0 
3 824.44 0.315324 0.0222182 0.675567 -0.963223 -0.122092 -1.53829 -6.80252 -816.099 0 
1 822.124 0.30431 0.0224118 0.683893 -0.960511 -0.0918163 -0.817373 -4.7389 -816.567 0 
2 821.077 0.309102 0.0224224 0.679061 -0.936143 -0.126594 -0.363422 -4.83206 -815.882 0 
3 821.47 0.31496 0.0222985 0.674183 -0.923588 -0.177795 -0.293322 -5.43101 -815.746 0 
3 822.666 0.319569 0.0221889 0.670072 -0.91123 -0.215346 -0.786862 -6.05195 -815.827 0 
1 822.374 0.316806 0.0222485 0.671032 -0.896089 -0.209301 -1.25872 -5.16928 -815.946 0 
8 820.947 0.314283 0.0222885 0.673974 -0.900718 -0.231944 -0.417064 -4.80944 -815.72 0 
4 821.526 0.310833 0.0222701 0.676693 -0.918948 -0.191504 -1.08899 -4.71832 -815.719 0 
3 823.664 0.307371 0.0224204 0.682112 -0.948869 -0.160612 -2.49779 -4.90382 -816.262 0 
5 823.534 0.299742 0.0225232 0.686228 -0.932491 -0.140022 -2.75363 -4.54954 -816.23 0 
1 825.092 0.306273 0.0225001 0.685089 -0.972467 -0.124566 -2.82906 -5.28916 -816.974 0 
2 828.273 0.312278 0.0224297 0.680182 -0.965049 -0.16464 -5.58028 -6.28998 -816.403 0 
2 827.29 0.319615 0.022264 0.673828 -0.951426 -0.21019 -3.63444 -7.77766 -815.878 0 
1 828.573 0.32173 0.0221588 0.672071 -0.956642 -0.209749 -3.89418 -8.78654 -815.892 0 
3 828.828 0.320966 0.0222173 0.672332 -0.943421 -0.240561 -5.10753 -7.9447 -815.776 0 
1 828.434 0.321058 0.022306 0.672316 -0.94851 -0.192937 -4.54729 -8.06579 -815.821 0 
1 826.983 0.326374 0.0221182 0.66841 -0.928449 -0.282782 -2.29636 -8.97434 -815.712 0 
3 822.75 0.318628 0.0222231 0.673628 -0.920951 -0.283693 -0.87519 -6.22911 -815.645 0 
1 821.785 0.316373 0.0223328 0.675738 -0.914406 -0.295141 -0.648042 -5.51389 -815.623 0 
1 821.805 0.302116 0.0224149 0.68863 -0.943719 -0.252669 -0.104347 -4.7577 -816.943 0 
5 822.395 0.303435 0.0223489 0.686452 -0.946508 -0.230816 -0.836375 -4.76179 -816.796 0 
9 821.732 0.304406 0.0222615 0.684798 -0.939702 -0.226442 -0.670393 -4.61509 -816.447 0 
10 821.577 0.306929 0.0223672 0.683498 -0.957003 -0.15976 -0.0535655 -4.99549 -816.528 0 
1 821.587 0.304831 0.0223228 0.68489 -0.953025 -0.182324 -0.145945 -4.77634 -816.664 0 
3 821.193 0.306692 0.0223747 0.683499 -0.94833 -0.177079 -0.0506712 -4.79533 -816.347 0 
1 823.285 0.300492 0.0226201 0.689351 -0.95554 -0.125399 -1.85997 -4.55834 -816.867 0 
4 822.602 0.300548 0.022567 0.688932 -0.955122 -0.12781 -1.1864 -4.55778 -816.858 0 
1 824.241 0.308161 0.0223546 0.683438 -0.960117 -0.151143 -2.60625 -5.13615 -816.499 0 
1 822.145 0.304695 0.0224103 0.682972 -0.938519 -0.122276 -1.56973 -4.51402 -816.062 0 
1 824.384 0.301622 0.0223839 0.681553 -0.901712 -0.158059 -3.91756 -4.75728 -815.709 0 
1 827.516 0.299674 0.0223854 0.683205 -0.8895 -0.193105 -6.63543 -5.21974 -815.661 0 
4 824.365 0.311898 0.0222256 0.674043 -0.874145 -0.273793 -4.16369 -4.36317 -815.838 0 
3 825.099 0.3172 0.0221824 0.667724 -0.855782 -0.29407 -3.91734 -4.62277 -816.559 0 
1 825.214 0.316994 0.0221663 0.667987 -0.856638 -0.299399 -4.15705 -4.5809 -816.476 0 
1 824.63 0.32279 0.0221074 0.666988 -0.897632 -0.26629 -2.21163 -6.43722 -815.981 0 
1 824.622 0.324019 0.0221654 0.663989 -0.858867 -0.315718 -2.07123 -5.63156 -816.919 0 
1 822.005 0.312464 0.0223559 0.673054 -0.866294 -0.262577 -1.46892 -4.45205 -816.084 0 
3 826.283 0.312492 0.0222357 0.671199 -0.850686 -0.280537 -5.29711 -4.54969 -816.436 0 
3 823.438 0.3122 0.0222961 0.672506 -0.860721 -0.271115 -2.81255 -4.45881 -816.167 0 
2 823.686 0.318936 0.0222039 0.667038 -0.849503 -0.320318 -2.25183 -4.67503 -816.759 0 
1 821.839 0.318697 0.0222961 0.668518 -0.857421 -0.308506 -0.578468 -4.72924 -816.531 0 
1 822.52 0.314417 0.0223635 0.67055 -0.860833 -0.248409 -1.41351 -4.64276 -816.463 0 
2 822.134 0.316363 0.0222878 0.669973 -0.873596 -0.245925 -1.10493 -4.78937 -816.24 0 
1 821.451 0.314602 0.0223688 0.675973 -0.929884 -0.187563 -0.192362 -5.50518 -815.754 0 
2 821.987 0.306974 0.0225584 0.682491 -0.942686 -0.131668 -1.22408 -4.69853 -816.065 0 
2 822.662 0.306434 0.0226323 0.682559 -0.937925 -0.104418 -2.07428 -4.63121 -815.957 0 
2 822.67 0.310053 0.0225948 0.679897 -0.927075 -0.148006 -2.11178 -4.77244 -815.786 0 
2 822.079 0.316645 0.0224236 0.673772 -0.927437 -0.145973 -0.370817 -5.89452 -815.814 0 
5 821.435 0.313729 0.022479 0.673906 -0.897851 -0.172265 -0.611309 -4.8997 -815.924 0 
4 821.077 0.311974 0.0225151 0.675267 -0.893592 -0.195991 -0.633 -4.61494 -815.829 0 
2 822.919 0.319397 0.0225371 0.669436 -0.879342 -0.207672 -0.92545 -5.45746 -816.536 0 
1 822.595 0.313001 0.0226175 0.67505 -0.893429 -0.174754 -1.83808 -4.8041 -815.953 0 
2 823.513 0.316726 0.0224114 0.676311 -0.933769 -0.213491 -1.71085 -6.04862 -815.753 0 
3 821.318 0.304127 0.0225113 0.68345 -0.916038 -0.18731 -1.10425 -4.40578 -815.808 0 
2 826.979 0.289738 0.0226367 0.694599 -0.937887 -0.100901 -3.81404 -6.10338 -817.061 0 
1 827.292 0.296389 0.0227395 0.690926 -0.923595 -0.145901 -5.96557 -5.10681 -816.219 0 
2 826.434 0.301585 0.022793 0.688102 -0.933236 -0.140858 -5.79859 -4.4903 -816.145 0 
3 824.665 0.30775 0.0227286 0.683067 -0.914438 -0.223749 -4.52679 -4.40795 -815.73 0 
1 824.971 0.306331 0.0227481 0.684168 -0.922357 -0.187203 -4.71489 -4.42561 -815.83 0 
2 822.945 0.307103 0.0226558 0.683274 -0.918866 -0.215412 -2.73296 -4.4203 -815.792 0 
8 823.04 0.300019 0.0226921 0.687109 -0.911241 -0.193323 -2.4659 -4.68962 -815.884 0 
1 822.493 0.309445 0.0225535 0.682219 -0.922514 -0.245504 -2.05439 -4.62973 -815.809 0 
1 821.956 0.308708 0.0225471 0.682337 -0.914461 -0.260699 -1.75307 -4.46412 -815.739 0 
4 821.06 0.306439 0.0225171 0.680779 -0.880815 -0.282622 -1.10508 -4.35991 -815.595 0 
14 820.158 0.310746 0.0224215 0.677413 -0.889807 -0.270564 -0.187951 -4.33665 -815.633 0 
3 821.155 0.312663 0.0223246 0.673954 -0.87475 -0.290211 -1.02084 -4.33586 -815.799 0 
3 820.813 0.313305 0.0222689 0.674605 -0.889297 -0.283574 -0.657013 -4.49436 -815.662 0 
1 821.967 0.31664 0.0222464 0.675419 -0.922082 -0.27674 -0.537456 -5.76325 -815.666 0 
1 822.183 0.318418 0.0221575 0.671175 -0.890692 -0.304801 -1.25171 -5.18796 -815.744 0 
6 823.913 0.31592 0.0220477 0.67309 -0.905109 -0.290449 -3.17327 -5.1248 -815.614 0 
1 823.734 0.316351 0.0220554 0.673801 -0.919252 -0.277561 -2.45586 -5.62586 -815.652 0 
1 824.191 0.314895 0.0221022 0.672312 -0.880437 -0.303893 -3.92866 -4.50925 -815.753 0 
2 824.801 0.311457 0.0220501 0.67525 -0.889606 -0.315929 -4.87619 -4.3533 -815.571 0 
1 824.928 0.30795 0.022106 0.677777 -0.887501 -0.322213 -5.10458 -4.26144 -815.562 0 
1 827.381 0.321012 0.0219475 0.667313 -0.864023 -0.411189 -6.38916 -5.0713 -815.921 0 
4 828.4 0.321149 0.021934 0.665726 -0.846658 -0.41542 -7.32235 -4.68283 -816.395 0 
1 826.977 0.314835 0.0220176 0.670686 -0.856653 -0.381909 -6.8845 -4.21878 -815.874 0 
1 824.608 0.306465 0.0221907 0.679743 -0.893493 -0.276925 -4.69305 -4.30855 -815.606 0 
1 822.27 0.304008 0.0223638 0.681031 -0.886417 -0.257202 -2.15477 -4.51011 -815.605 0 
2 821.174 0.310283 0.0223622 0.676256 -0.890999 -0.245217 -1.14223 -4.36262 -815.67 0 
4 820.608 0.306428 0.0224552 0.681326 -0.91593 -0.203268 -0.460492 -4.38621 -815.762 0 
6 821.157 0.304859 0.0224191 0.681871 -0.926994 -0.142 -0.813668 -4.45631 -815.887 0 
2 823.628 0.301075 0.0225394 0.682189 -0.918291 -0.0751372 -2.9783 -4.82019 -815.829 0 
4 822.219 0.304701 0.0225288 0.679823 -0.90791 -0.124522 -1.86855 -4.6038 -815.747 0 
1 821.41 0.307571 0.0224327 0.679873 -0.935967 -0.119214 -0.809521 -4.68855 -815.912 0 
3 821.344 0.312868 0.0223193 0.677151 -0.933107 -0.191467 -0.253564 -5.28701 -815.803 0 
4 821.305 0.307464 0.022362 0.678492 -0.908674 -0.178253 -1.17065 -4.43366 -815.701 0 
1 821.358 0.312217 0.0224755 0.676955 -0.932078 -0.121154 -0.346365 -5.19797 -815.814 0 
1 822.053 0.313385 0.0224899 0.67564 -0.904894 -0.185909 -1.42703 -4.84348 -815.782 0 
2 822.696 0.317455 0.0224384 0.673794 -0.926335 -0.16296 -0.88937 -6.00869 -815.798 0 
2 821.402 0.312985 0.0224721 0.674557 -0.909654 -0.15231 -0.617801 -4.96204 -815.822 0 
5 821.743 0.316418 0.0224301 0.671974 -0.912574 -0.140562 -0.197723 -5.59987 -815.946 0 
12 823.07 0.31023 0.0226648 0.677822 -0.923041 -0.0878869 -2.26215 -4.96891 -815.839 0 
2 821.947 0.309164 0.0225959 0.678027 -0.916238 -0.110137 -1.38536 -4.76108 -815.801 0 
1 822.908 0.318658 0.0223697 0.669816 -0.909126 -0.157106 -0.907624 -5.96672 -816.034 0 
9 822.794 0.316504 0.022493 0.670075 -0.906196 -0.0816512 -0.543191 -5.91341 -816.337 0 
2 822.587 0.315059 0.0224339 0.674105 -0.949891 -0.0344439 -0.239337 -6.38077 -815.966 0 
2 822.695 0.311409 0.0223165 0.67513 -0.950469 -0.0150289 -1.01741 -5.69416 -815.983 0 
1 822.441 0.30683 0.022447 0.679593 -0.970608 0.0429294 -0.729764 -5.39695 -816.314 0 
4 823.153 0.309746 0.0223796 0.676493 -0.961149 0.0168394 -1.36755 -5.68219 -816.103 0 
2 822.679 0.310624 0.0223803 0.675754 -0.955256 0.00401996 -0.938997 -5.70841 -816.032 0 
4 824.678 0.316816 0.0223282 0.672263 -0.970242 0.0138696 -0.921136 -7.65185 -816.105 0 
1 823.807 0.307189 0.0225146 0.676978 -0.938578 0.028665 -2.47649 -5.34238 -815.988 0 
13 822.89 0.312993 0.022294 0.675117 -0.965968 -0.0052969 -0.42677 -6.3583 -816.105 0 
4 825.258 0.310196 0.0223433 0.675225 -0.941073 -0.000687864 -3.7887 -5.50026 -815.969 0 
3 823.849 0.306169 0.0225296 0.680104 -0.962884 0.0521426 -2.35384 -5.30576 -816.189 0 
1 824.807 0.301593 0.0225831 0.680928 -0.935591 0.0269386 -3.74326 -5.09257 -815.971 0 
2 824.884 0.301546 0.0225824 0.680911 -0.94377 0.0447309 -3.80046 -5.03774 -816.046 0 
4 823.009 0.303112 0.0225189 0.682045 -0.964002 0.0369002 -1.75295 -4.91218 -816.344 0 
1 825.471 0.296981 0.0227392 0.68822 -0.974842 0.0745653 -3.72585 -4.81597 -816.929 0 
2 823.085 0.305302 0.0226079 0.682183 -0.97524 0.0527274 -1.36303 -5.25546 -816.467 0 
6 822.011 0.307255 0.0224825 0.679839 -0.961871 0.00901576 -0.593374 -5.23433 -816.184 0 
1 822.049 0.314313 0.0224333 0.673146 -0.932742 -0.0568898 -0.260387 -5.84324 -815.946 0 
8 823.525 0.321108 0.022392 0.669104 -0.927712 -0.100776 -0.196416 -7.23469 -816.094 0 
1 822.569 0.314318 0.0224666 0.673025 -0.929217 -0.0656813 -0.858293 -5.76536 -815.945 0 
3 822.531 0.310665 0.0223986 0.67398 -0.910692 -0.0909059 -1.60429 -5.00158 -815.925 0 
6 823.305 0.307381 0.0224971 0.677358 -0.91413 -0.0730262 -2.57064 -4.87806 -815.856 0 
2 821.987 0.311577 0.0225242 0.675034 -0.926527 -0.0536968 -0.726724 -5.3352 -815.925 0 
2 822.118 0.313801 0.0223754 0.673786 -0.939265 -0.0605277 -0.391785 -5.81765 -815.908 0 
1 822.232 0.308131 0.0225044 0.678777 -0.954939 0.00695135 -0.872917 -5.29589 -816.063 0 
3 822.572 0.30769 0.0225588 0.678511 -0.939748 -0.0142109 -1.53834 -5.09486 -815.939 0 
9 822.941 0.30853 0.0224154 0.679134 -0.941608 -0.0696284 -2.0739 -4.93728 -815.929 0 
2 824.184 0.315129 0.022434 0.676297 -0.953041 -0.0851196 -1.96189 -6.27906 -815.943 0 
7 823.835 0.317162 0.0224506 0.67513 -0.941804 -0.14094 -1.59565 -6.40866 -815.831 0 
2 822.801 0.320968 0.022416 0.668698 -0.885963 -0.242839 -0.830549 -5.7223 -816.248 0 
4 821.512 0.31653 0.0224767 0.671139 -0.876056 -0.237304 -0.420827 -4.85743 -816.234 0 
1 820.677 0.312728 0.0224344 0.675682 -0.890854 -0.245599 -0.432731 -4.51256 -815.732 0 
4 822.004 0.310647 0.0225666 0.678285 -0.900533 -0.209369 -1.81327 -4.49555 -815.695 0 
2 820.872 0.308856 0.0224748 0.680023 -0.930822 -0.155126 -0.330959 -4.69853 -815.843 0 
1 821.253 0.303789 0.0224431 0.682307 -0.909492 -0.190464 -1.07982 -4.43105 -815.742 0 
5 821.47 0.30505 0.0223382 0.682875 -0.925869 -0.198236 -1.09901 -4.41616 -815.955 0 
2 820.864 0.309997 0.0223045 0.679413 -0.922671 -0.22614 -0.425702 -4.66551 -815.773 0 
4 822.572 0.317574 0.0222099 0.674247 -0.930907 -0.23823 -0.618403 -6.23367 -815.72 0 
3 821.724 0.30956 0.022438 0.678044 -0.913783 -0.191832 -1.47617 -4.54488 -815.703 0 
1 821.927 0.303048 0.0226328 0.683642 -0.896479 -0.221586 -1.73523 -4.53192 -815.66 0 
2 821.008 0.302962 0.0225316 0.684753 -0.913127 -0.218551 -0.732456 -4.42609 -815.849 0 
4 820.901 0.309302 0.0223583 0.678794 -0.905375 -0.232811 -0.848707 -4.40102 -815.651 0 
1 820.494 0.308011 0.0223404 0.680211 -0.896982 -0.290521 -0.592915 -4.29303 -815.608 0 
3 821.182 0.312466 0.022288 0.67479 -0.864097 -0.345906 -1.21469 -4.20518 -815.763 0 
3 820.481 0.306078 0.0223184 0.681851 -0.881556 -0.374637 -0.556955 -4.36355 -815.561 0 
6 822.225 0.299902 0.0223287 0.687202 -0.9011 -0.329056 -1.30012 -4.87111 -816.054 0 
5 821.815 0.306888 0.022176 0.682869 -0.902694 -0.3854 -1.38665 -4.57212 -815.856 0 
1 820.605 0.304956 0.0223099 0.684531 -0.899281 -0.377581 -0.19019 -4.54844 -815.866 0 
3 821.375 0.30941 0.0222587 0.680553 -0.878698 -0.423191 -1.54379 -4.32466 -815.507 0 
1 821.434 0.308243 0.0223337 0.681945 -0.878236 -0.421219 -1.57711 -4.3347 -815.522 0 
1 821.541 0.305424 0.0224242 0.680501 -0.846653 -0.4206 -1.32009 -4.66226 -815.559 0 
2 820.723 0.315451 0.0222044 0.673655 -0.844216 -0.496952 -0.864945 -4.16695 -815.691 0 
7 822.271 0.318444 0.0221277 0.673399 -0.846147 -0.56331 -2.15609 -4.5582 -815.557 0 
1 821.795 0.304199 0.0224365 0.681784 -0.834966 -0.47306 -1.19297 -5.05955 -815.543 0 
9 821.364 0.304544 0.0224161 0.681637 -0.849415 -0.416943 -1.05398 -4.7819 -815.528 0 
2 821.906 0.313583 0.0222876 0.676099 -0.878404 -0.403358 -1.92924 -4.47226 -815.505 0 
2 820.385 0.312264 0.0222675 0.676405 -0.879057 -0.35429 -0.534868 -4.28716 -815.562 0 
2 821.221 0.312275 0.0225236 0.677848 -0.879999 -0.325916 -1.31516 -4.29104 -815.615 0 
1 820.16 0.312 0.0224136 0.677855 -0.895199 -0.305131 -0.121848 -4.45798 -815.58 0 
7 820.31 0.308997 0.0224427 0.678314 -0.87703 -0.310501 -0.473787 -4.23352 -815.603 0 
1 820.72 0.309283 0.0224397 0.680807 -0.913619 -0.271991 -0.468303 -4.52713 -815.724 0 
1 821.782 0.310712 0.0223381 0.680124 -0.932936 -0.246204 -0.771689 -5.06883 -815.941 0 
3 820.986 0.307609 0.0222795 0.681237 -0.927463 -0.23136 -0.461713 -4.58133 -815.943 0 
6 822.102 0.29937 0.0224404 0.687108 -0.921629 -0.208025 -1.25097 -4.65508 -816.196 0 
2 820.865 0.305809 0.0223357 0.681894 -0.923082 -0.206294 -0.560287 -4.41682 -815.888 0 
12 820.906 0.304721 0.0224274 0.681702 -0.892892 -0.266162 -0.906948 -4.3778 -815.621 0 
17 820.917 0.310188 0.0223322 0.676682 -0.884314 -0.272156 -0.960209 -4.30065 -815.656 0 
1 822.97 0.315231 0.0223835 0.67006 -0.848615 -0.306357 -1.96643 -4.44326 -816.56 0 
1 823.525 0.32247 0.022183 0.66562 -0.839746 -0.405604 -1.8989 -4.78277 -816.843 0 
1 823.029 0.323405 0.0221252 0.666286 -0.85155 -0.41347 -1.45478 -5.14304 -816.431 0 
2 823.109 0.320412 0.0221943 0.670813 -0.877108 -0.368082 -2.11979 -5.17978 -815.81 0 
3 821.072 0.314066 0.0223217 0.67392 -0.847726 -0.403367 -1.00364 -4.13133 -815.937 0 
1 821.325 0.32011 0.0224025 0.669588 -0.853752 -0.360354 -0.186131 -4.70958 -816.429 0 
9 821.263 0.316464 0.0225073 0.672113 -0.862664 -0.307537 -0.544779 -4.51962 -816.199 0 
2 821.578 0.31396 0.0224739 0.672048 -0.853876 -0.284575 -0.671344 -4.48605 -816.42 0 
1 822.47 0.322295 0.0223585 0.666102 -0.8409 -0.344442 -0.23289 -4.95815 -817.279 0 
12 823.427 0.323895 0.0224646 0.665065 -0.84692 -0.299777 -0.338401 -5.50819 -817.581 0 
2 824.755 0.325504 0.0223968 0.662872 -0.856626 -0.258736 -0.856893 -6.21543 -817.683 0 
2 825.261 0.317943 0.0225396 0.667041 -0.847206 -0.205054 -2.05098 -5.44831 -817.761 0 
2 824.49 0.313756 0.0226222 0.670565 -0.8501 -0.205266 -2.22093 -5.12455 -817.145 0 
4 827.167 0.313705 0.0227535 0.670507 -0.839779 -0.205782 -4.12955 -5.4057 -817.632 0 
1 824.049 0.307457 0.0227182 0.677653 -0.87543 -0.177774 -3.22181 -4.82238 -816.005 0 
1 826.296 0.300258 0.0228342 0.684351 -0.905811 -0.0917597 -5.40591 -5.12373 -815.766 0 
14 825.103 0.30275 0.0227732 0.681343 -0.901945 -0.0971425 -4.39954 -4.922 -815.781 0 
5 823.169 0.302901 0.0226951 0.684067 -0.941224 -0.0534111 -2.49462 -4.61463 -816.06 0 
6 823.67 0.308276 0.02262 0.681485 -0.960836 -0.0481571 -2.23759 -5.21747 -816.215 0 
1 822.95 0.310325 0.022527 0.680884 -0.944641 -0.139849 -1.87479 -5.0927 -815.982 0 
5 823.775 0.317114 0.0222594 0.67531 -0.930915 -0.229209 -2.02089 -6.02746 -815.727 0 
3 820.863 0.307294 0.0224488 0.681604 -0.91723 -0.213291 -0.687846 -4.41092 -815.764 0 
1 820.893 0.308817 0.0223652 0.677764 -0.889894 -0.262156 -0.981053 -4.29191 -815.62 0 
1 820.898 0.309066 0.0224405 0.677216 -0.879127 -0.255977 -0.829714 -4.34809 -815.72 0 
10 820.796 0.312728 0.0223801 0.675285 -0.899817 -0.213706 -0.407878 -4.65366 -815.734 0 
2 821.34 0.314083 0.0223698 0.675827 -0.915877 -0.204502 -0.583569 -5.05154 -815.705 0 
1 821.789 0.313475 0.0223992 0.677528 -0.925934 -0.203852 -0.891079 -5.1636 -815.734 0 
7 821.276 0.314467 0.0223513 0.674039 -0.893441 -0.238232 -0.772453 -4.7222 -815.781 0 
1 821.875 0.309346 0.0226033 0.676851 -0.875807 -0.223295 -1.47496 -4.5057 -815.894 0 
1 823.934 0.306792 0.0225703 0.677009 -0.861957 -0.221943 -2.95931 -4.91539 -816.059 0 
1 823.457 0.313921 0.0223093 0.670379 -0.836252 -0.33819 -2.37719 -4.39861 -816.681 0 
1 822.074 0.313552 0.0223431 0.672236 -0.853537 -0.308867 -1.45405 -4.37072 -816.25 0 
6 821.101 0.309285 0.0224653 0.677034 -0.861795 -0.310025 -0.966387 -4.33423 -815.801 0 
2 820.592 0.309435 0.0224098 0.677351 -0.876075 -0.288766 -0.644103 -4.27505 -815.673 0 
1 820.948 0.316161 0.0223887 0.674391 -0.88451 -0.31939 -0.557084 -4.69535 -815.695 0 
3 821.603 0.309642 0.0223968 0.677308 -0.865945 -0.321767 -1.63139 -4.26444 -815.708 0 
8 820.914 0.3179 0.0222664 0.672117 -0.881667 -0.340337 -0.27302 -4.91193 -815.729 0 
1 821.045 0.309364 0.0223427 0.679269 -0.905018 -0.28543 -0.973409 -4.42828 -815.643 0 
2 821.185 0.306208 0.0224741 0.68037 -0.890371 -0.261919 -1.2616 -4.3174 -815.606 0 
2 820.935 0.30699 0.022532 0.679448 -0.887524 -0.233982 -0.903406 -4.37739 -815.654 0 
2 821.097 0.314127 0.0224835 0.676174 -0.885492 -0.304083 -0.937374 -4.49427 -815.666 0 
1 821.318 0.316249 0.022512 0.672217 -0.864041 -0.301532 -0.612634 -4.52539 -816.18 0 
9 820.92 0.309411 0.0224983 0.676861 -0.868258 -0.281053 -0.768789 -4.34732 -815.803 0 
1 821.366 0.305772 0.0223784 0.679842 -0.877444 -0.294661 -1.38948 -4.39387 -815.583 0 
2 822.81 0.300513 0.0223634 0.685241 -0.88815 -0.323365 -2.22069 -4.85528 -815.734 0 
6 820.418 0.307422 0.0223067 0.682172 -0.909673 -0.318531 -0.142105 -4.4727 -815.803 0 
2 823.499 0.312933 0.0221206 0.679263 -0.928931 -0.32348 -2.0996 -5.47012 -815.929 0 
1 823.744 0.318943 0.0220827 0.672994 -0.917057 -0.308116 -1.96667 -6.16139 -815.616 0 
6 824.496 0.320357 0.0220135 0.670736 -0.901779 -0.344065 -2.88543 -6.01372 -815.597 0 
2 825.171 0.318884 0.0220728 0.670016 -0.880677 -0.36611 -4.35317 -5.12279 -815.695 0 
4 822.924 0.311452 0.0221636 0.676637 -0.913301 -0.262322 -2.53928 -4.71541 -815.669 0 
7 821.462 0.306798 0.0222472 0.680188 -0.8863 -0.336229 -1.60336 -4.29257 -815.566 0 
3 820.639 0.306651 0.0223007 0.682483 -0.917113 -0.27916 -0.285784 -4.46258 -815.891 0 
1 820.544 0.304066 0.0224496 0.684374 -0.89899 -0.314543 -0.362099 -4.43007 -815.751 0 
8 820.863 0.305478 0.0224475 0.685002 -0.920733 -0.281841 -0.328357 -4.49446 -816.04 0 
6 820.985 0.307663 0.0223067 0.68175 -0.918862 -0.260868 -0.668005 -4.47613 -815.841 0 
4 820.724 0.307821 0.0224052 0.679883 -0.899634 -0.24456 -0.769953 -4.32122 -815.632 0 
4 820.488 0.309027 0.0224262 0.679334 -0.908813 -0.235077 -0.397216 -4.42283 -815.668 0 
3 821.177 0.315227 0.0222604 0.674871 -0.906529 -0.267783 -0.52268 -5.0168 -815.637 0 
3 822.605 0.317736 0.0222047 0.673182 -0.914003 -0.25178 -1.27343 -5.65603 -815.675 0 
2 822.197 0.312804 0.0222618 0.678221 -0.940116 -0.196934 -0.874258 -5.42106 -815.902 0 
1 821.625 0.31075 0.0223776 0.679738 -0.934664 -0.186095 -0.804327 -4.94889 -815.872 0 
2 821.467 0.302071 0.0225441 0.685553 -0.923792 -0.175152 -1.0078 -4.4621 -815.997 0 
1 823.457 0.298971 0.0226883 0.689254 -0.932563 -0.154511 -2.49068 -4.63107 -816.335 0 
5 821.02 0.310479 0.0224399 0.679619 -0.928642 -0.201042 -0.372014 -4.83547 -815.813 0 
4 821.75 0.309677 0.0222768 0.681262 -0.946063 -0.205005 -0.435153 -5.12953 -816.185 0 
1 821.026 0.306527 0.0223458 0.682587 -0.937064 -0.18608 -0.345384 -4.58827 -816.092 0 
4 821.781 0.302781 0.0223618 0.683529 -0.923136 -0.176086 -1.39411 -4.43315 -815.954 0 
7 820.994 0.308072 0.0224513 0.679381 -0.893395 -0.242524 -1.03338 -4.32874 -815.632 0 
2 820.759 0.315686 0.0223131 0.674564 -0.90226 -0.275083 -0.110831 -5.00267 -815.645 0 
9 820.929 0.316892 0.0222817 0.67204 -0.886068 -0.284733 -0.24468 -4.86575 -815.819 0 
3 821.36 0.311133 0.0223695 0.674623 -0.871353 -0.266478 -1.10917 -4.36764 -815.883 0 
2 821.054 0.316523 0.0223031 0.671519 -0.881174 -0.275467 -0.361447 -4.76869 -815.924 0 
3 820.893 0.309988 0.0222777 0.677362 -0.893428 -0.275813 -0.968316 -4.32098 -815.604 0 
5 821.181 0.314489 0.0222533 0.674087 -0.900433 -0.262304 -0.707039 -4.81544 -815.658 0 
1 822.369 0.308542 0.0223946 0.677377 -0.869091 -0.286139 -2.2564 -4.37325 -815.739 0 
2 822.2 0.307447 0.0224423 0.678488 -0.86849 -0.288287 -2.06599 -4.43042 -815.703 0 
5 822.628 0.312848 0.0223783 0.673966 -0.85895 -0.310219 -2.25154 -4.32986 -816.047 0 
1 822.766 0.32468 0.0221986 0.665915 -0.848176 -0.412936 -0.809323 -5.28679 -816.669 0 
4 821.803 0.321944 0.0222436 0.667279 -0.847861 -0.395337 -0.413736 -4.83367 -816.556 0 
1 821.453 0.316965 0.0223126 0.670988 -0.861027 -0.350019 -0.948522 -4.45774 -816.046 0 
2 821.526 0.312176 0.0224466 0.67335 -0.850585 -0.312768 -0.956293 -4.35337 -816.217 0 
1 821.107 0.317149 0.0223868 0.672378 -0.870534 -0.347804 -0.649466 -4.60356 -815.854 0 
3 821.025 0.311459 0.0223593 0.676176 -0.868967 -0.359635 -1.21859 -4.18922 -815.617 0 
5 820.889 0.309146 0.0225058 0.677278 -0.851072 -0.354798 -0.746364 -4.32214 -815.821 0 
2 820.946 0.307987 0.0224653 0.678231 -0.850715 -0.365905 -0.810474 -4.40002 -815.736 0 
2 822 0.302981 0.0226197 0.683167 -0.877987 -0.27456 -1.70654 -4.705 -815.588 0 
2 821.17 0.302629 0.0225429 0.685998 -0.896924 -0.304844 -0.878086 -4.53653 -815.756 0 
2 821.954 0.308501 0.0225179 0.683264 -0.918628 -0.29568 -1.4667 -4.61542 -815.872 0 
17 820.941 0.307128 0.0224928 0.683394 -0.914053 -0.287626 -0.657489 -4.45323 -815.83 0 
2 820.678 0.304733 0.0224378 0.682949 -0.888254 -0.310284 -0.679459 -4.39697 -815.602 0 
1 821.631 0.318805 0.022182 0.671714 -0.86747 -0.435119 -1.14071 -4.83595 -815.655 0 
3 823.431 0.315671 0.0220462 0.67282 -0.851193 -0.479121 -3.55399 -4.2354 -815.641 0 
1 823.452 0.318579 0.02202 0.671938 -0.861627 -0.490574 -3.13371 -4.75919 -815.559 0 
1 823.003 0.32096 0.0221812 0.672613 -0.882704 -0.447047 -1.78672 -5.69747 -815.519 0 
5 820.93 0.312523 0.0224683 0.676872 -0.855652 -0.399982 -1.08302 -4.13351 -815.713 0 
2 820.993 0.318026 0.022405 0.672581 -0.877899 -0.333181 -0.329622 -4.84331 -815.82 0 
3 820.401 0.312463 0.0224455 0.675156 -0.865581 -0.32693 -0.357051 -4.23584 -815.808 0 
1 820.316 0.310009 0.0224166 0.677307 -0.864101 -0.344445 -0.431499 -4.20931 -815.675 0 
2 820.969 0.302881 0.0224621 0.684594 -0.911361 -0.230242 -0.688482 -4.43684 -815.844 0 
1 820.851 0.307472 0.022388 0.681591 -0.919152 -0.22597 -0.618285 -4.43538 -815.798 0 
1 820.31 0.306493 0.0224343 0.681157 -0.897349 -0.271858 -0.38264 -4.3009 -815.627 0 
2 821.029 0.308466 0.0223518 0.68098 -0.917764 -0.271464 -0.662052 -4.55659 -815.81 0 
3 820.867 0.306659 0.0224585 0.679442 -0.875634 -0.291866 -0.905885 -4.3533 -815.608 0 
1 820.741 0.309888 0.0225517 0.678161 -0.874314 -0.300838 -0.8179 -4.25168 -815.672 0 
5 820.819 0.313733 0.0224802 0.673479 -0.855465 -0.323094 -0.393417 -4.29977 -816.126 0 
1 820.698 0.312415 0.022481 0.674898 -0.862478 -0.319748 -0.548846 -4.25283 -815.896 0 
7 822.369 0.30976 0.0225817 0.676801 -0.860447 -0.31357 -2.25318 -4.28329 -815.833 0 
1 822.627 0.310615 0.0226686 0.678269 -0.861848 -0.333047 -2.62351 -4.23314 -815.77 0 
2 822.542 0.32177 0.0224067 0.668319 -0.840245 -0.426715 -1.28584 -4.65502 -816.601 0 
2 822.933 0.315892 0.0225408 0.671139 -0.830546 -0.386898 -1.97441 -4.23107 -816.727 0 
3 821.176 0.310363 0.0225104 0.676216 -0.835385 -0.410693 -0.896574 -4.28375 -815.996 0 
1 821.236 0.313742 0.0225339 0.67654 -0.859417 -0.393715 -1.34007 -4.1741 -815.722 0 
2 821.151 0.310412 0.0225767 0.678918 -0.856458 -0.397165 -1.35146 -4.16579 -815.634 0 
15 822.087 0.309435 0.0225044 0.676292 -0.817334 -0.445177 -1.16426 -4.63924 -816.283 0 
6 823.745 0.315708 0.0222053 0.669836 -0.798933 -0.535124 -2.76763 -4.05758 -816.92 0 
2 825.467 0.310995 0.0222883 0.673194 -0.822457 -0.44524 -4.95088 -4.28894 -816.227 0 
2 821.049 0.317458 0.022198 0.671474 -0.841957 -0.475347 -0.904622 -4.21097 -815.933 0 
4 820.815 0.318602 0.0222658 0.673189 -0.863438 -0.469084 -0.454933 -4.76204 -815.598 0 
5 822.057 0.323449 0.0221853 0.666538 -0.817266 -0.54131 -0.80289 -4.41793 -816.836 0 
2 822.305 0.316126 0.0223356 0.671205 -0.798525 -0.537245 -1.27361 -4.06792 -816.963 0 
4 821.175 0.317047 0.0223356 0.673455 -0.835971 -0.500713 -1.12632 -4.11051 -815.938 0 
2 823.557 0.325757 0.0221488 0.666252 -0.81765 -0.578503 -2.03982 -4.75071 -816.767 0 
2 822.846 0.322214 0.0221464 0.667489 -0.8116 -0.560092 -1.85783 -4.17666 -816.812 0 
1 824.18 0.328194 0.0221436 0.66393 -0.834758 -0.491128 -1.56159 -5.64993 -816.968 0 
2 824.345 0.321443 0.0223671 0.668468 -0.821343 -0.459742 -2.92586 -4.31651 -817.103 0 
1 824.23 0.320448 0.0223301 0.66921 -0.823203 -0.464829 -3.12195 -4.2324 -816.876 0 
2 824.686 0.320962 0.0222715 0.667767 -0.783983 -0.592603 -2.99892 -3.93286 -817.754 0 
2 821.931 0.316239 0.0223867 0.670786 -0.803029 -0.498414 -0.731142 -4.11697 -817.083 0 
1 822.05 0.306058 0.0224858 0.680577 -0.842556 -0.412376 -1.70381 -4.70058 -815.646 0 
6 820.533 0.31522 0.0223165 0.672598 -0.830441 -0.465664 -0.32707 -4.04779 -816.159 0 
5 820.021 0.310615 0.022427 0.677444 -0.84434 -0.440797 -0.16698 -4.16611 -815.688 0 
1 820.707 0.305629 0.0225309 0.683172 -0.869606 -0.401012 -0.761072 -4.43733 -815.508 0 
1 820.005 0.312669 0.022431 0.67743 -0.831947 -0.541542 -0.229179 -4.13166 -815.644 0 
1 819.899 0.311513 0.0224277 0.67756 -0.839999 -0.488809 -0.124787 -4.13791 -815.636 0 
14 819.855 0.312585 0.0223768 0.676296 -0.842103 -0.470158 -0.0570567 -4.09328 -815.705 0 
1 821.234 0.317574 0.0224706 0.670745 -0.824431 -0.442185 -0.384901 -4.12982 -816.719 0 
4 821.659 0.317629 0.0224685 0.670769 -0.808196 -0.491475 -0.552814 -4.06279 -817.043 0 
2 821.016 0.314318 0.0224855 0.673599 -0.820012 -0.465947 -0.469849 -4.10956 -816.437 0 
1 820.614 0.315663 0.022468 0.673149 -0.838369 -0.428717 -0.344557 -4.11023 -816.16 0 
1 821.514 0.311312 0.0225862 0.677293 -0.845268 -0.398341 -1.46545 -4.18206 -815.867 0 
1 820.267 0.31054 0.0224161 0.67994 -0.871998 -0.419334 -0.538952 -4.24404 -815.484 0 
2 820.536 0.30558 0.0224228 0.681559 -0.863233 -0.394378 -0.560726 -4.4693 -815.506 0 
4 820.27 0.313392 0.0224128 0.676583 -0.852686 -0.465578 -0.522878 -4.16462 -815.583 0 
1 820.035 0.31265 0.0224112 0.675838 -0.829938 -0.497018 -0.089975 -4.08922 -815.856 0 
2 820.893 0.314634 0.0222609 0.674168 -0.830828 -0.539302 -1.0495 -4.08519 -815.758 0 
1 821.999 0.317382 0.0221418 0.671259 -0.823509 -0.559521 -1.92178 -4.07624 -816.001 0 
1 822.53 0.310838 0.0223447 0.674772 -0.825553 -0.462441 -2.25516 -4.24599 -816.029 0 
3 821.993 0.315981 0.0221952 0.671672 -0.837197 -0.472635 -1.92331 -4.09052 -815.979 0 
2 822.28 0.314579 0.0221042 0.673735 -0.846731 -0.495088 -2.49113 -4.16932 -815.62 0 
2 821.52 0.314995 0.0221962 0.677345 -0.894061 -0.425473 -0.961437 -5.0412 -815.517 0 
1 821.277 0.311492 0.0222629 0.677804 -0.90274 -0.317616 -1.08335 -4.59166 -815.602 0 
5 822.076 0.313558 0.0221637 0.677531 -0.923409 -0.290146 -1.05808 -5.26989 -815.748 0 
3 821.025 0.306859 0.0224243 0.683619 -0.933276 -0.225056 -0.326988 -4.60521 -816.093 0 
5 820.557 0.306864 0.0224455 0.682407 -0.911756 -0.254936 -0.440846 -4.36534 -815.75 0 
5 820.997 0.317414 0.0223304 0.673294 -0.891343 -0.305418 -0.27227 -5.0252 -815.699 0 
9 820.438 0.31229 0.0224221 0.676331 -0.885816 -0.279815 -0.379621 -4.38271 -815.676 0 
2 820.801 0.314552 0.0223268 0.674313 -0.886644 -0.284922 -0.509624 -4.57094 -815.721 0 
4 820.778 0.310015 0.0224094 0.678498 -0.886948 -0.293092 -0.907012 -4.27416 -815.597 0 
1 821.943 0.309363 0.0222523 0.680483 -0.921573 -0.258061 -1.51199 -4.6148 -815.816 0 
1 822.089 0.29913 0.0223861 0.68917 -0.944905 -0.193646 -0.471169 -4.66423 -816.954 0 
1 820.755 0.303941 0.0223546 0.684555 -0.914303 -0.276098 -0.35902 -4.43585 -815.96 0 
1 820.773 0.30642 0.0223013 0.682524 -0.91515 -0.277089 -0.491133 -4.42329 -815.859 0 
1 821.54 0.307906 0.0223289 0.67796 -0.901627 -0.210208 -1.50507 -4.372 -815.663 0 
5 821.92 0.312661 0.0222645 0.674039 -0.895362 -0.235102 -1.63246 -4.5724 -815.715 0 
4 823.384 0.304037 0.0223037 0.680238 -0.895717 -0.218711 -3.26804 -4.46784 -815.648 0 
2 820.916 0.30584 0.0224015 0.681763 -0.935505 -0.137594 -0.398048 -4.53287 -815.986 0 
1 823.397 0.300471 0.0224359 0.685808 -0.926657 -0.149282 -2.74964 -4.57467 -816.073 0 
3 822.293 0.306505 0.0223145 0.68054 -0.919716 -0.178899 -2.08228 -4.42624 -815.785 0 
3 823.448 0.300637 0.0223941 0.683854 -0.928277 -0.107194 -2.84073 -4.60465 -816.003 0 
1 824.399 0.31131 0.0221106 0.675224 -0.912127 -0.203433 -4.05782 -4.65194 -815.689 0 
1 821.573 0.315175 0.0222737 0.673855 -0.917975 -0.200994 -0.529756 -5.32494 -815.718 0 
4 822.18 0.306178 0.0225732 0.678684 -0.897143 -0.151341 -1.83607 -4.59045 -815.754 0 
1 821.414 0.318195 0.0223981 0.670948 -0.889173 -0.242393 -0.188304 -5.22332 -816.003 0 
3 821.813 0.318351 0.0224336 0.671913 -0.901905 -0.218922 -0.388831 -5.53814 -815.887 0 
5 821.751 0.312494 0.0224898 0.676694 -0.908192 -0.220535 -1.3448 -4.72957 -815.676 0 
4 822.6 0.318017 0.0223953 0.672695 -0.905517 -0.25084 -1.31749 -5.55114 -815.731 0 
5 820.443 0.310333 0.0224124 0.67802 -0.914859 -0.191998 -0.132439 -4.60643 -815.704 0 
1 821.275 0.315261 0.0222731 0.673487 -0.908014 -0.224994 -0.465199 -5.09978 -815.71 0 
8 822.042 0.314008 0.0223416 0.677107 -0.947503 -0.154476 -0.225983 -5.88799 -815.928 0 
1 821.367 0.315299 0.022307 0.673143 -0.897674 -0.225967 -0.658143 -4.91028 -815.799 0 
2 821.134 0.313146 0.0223057 0.674447 -0.910031 -0.187147 -0.517366 -4.87803 -815.739 0 
1 822.731 0.312057 0.0221667 0.675117 -0.915151 -0.199292 -2.24505 -4.78717 -815.699 0 
1 823.331 0.305251 0.0222473 0.679699 -0.902269 -0.222776 -3.3034 -4.35786 -815.67 0 
2 823.456 0.311318 0.0221873 0.67453 -0.90291 -0.211693 -3.20443 -4.5605 -815.691 0 
3 825.05 0.311097 0.0221816 0.674255 -0.911633 -0.17537 -4.62898 -4.69622 -815.724 0 
1 825.104 0.30968 0.0221633 0.67735 -0.941865 -0.143328 -4.12047 -5.01988 -815.964 0 
1 825.022 0.318064 0.0220747 0.672017 -0.942314 -0.172769 -2.45886 -6.75282 -815.81 0 
2 823.901 0.30838 0.0222282 0.677702 -0.938512 -0.113601 -3.16874 -4.81222 -815.92 0 
1 822.513 0.311703 0.0222793 0.678255 -0.957099 -0.127249 -0.658233 -5.71536 -816.14 0 
1 821.933 0.307902 0.0222588 0.680906 -0.952022 -0.143811 -0.697521 -4.9734 -816.262 0 
1 821.372 0.31045 0.0223088 0.679159 -0.948487 -0.138399 -0.101817 -5.22695 -816.044 0 
1 821.641 0.305678 0.0223842 0.682628 -0.953425 -0.113133 -0.55224 -4.74838 -816.34 0 
3 822.699 0.307414 0.022463 0.68384 -0.971266 -0.104695 -0.647701 -5.31695 -816.734 0 
2 823.35 0.314572 0.0224403 0.676906 -0.946885 -0.146406 -1.43388 -6.01638 -815.9 0 
1 823.389 0.315081 0.022244 0.674405 -0.936364 -0.169259 -1.75662 -5.83608 -815.797 0 
1 824.135 0.317563 0.0221858 0.672589 -0.933621 -0.191712 -2.03762 -6.33947 -815.758 0 
2 821.811 0.313798 0.0222121 0.674394 -0.914877 -0.210164 -1.10024 -5.01567 -815.695 0 
1 822.258 0.314488 0.0221588 0.673792 -0.905414 -0.248347 -1.69591 -4.89901 -815.663 0 
3 821.964 0.31272 0.0223863 0.677908 -0.925502 -0.233605 -1.09068 -5.12668 -815.747 0 
1 822.29 0.31305 0.022473 0.678664 -0.927639 -0.228431 -1.32716 -5.20311 -815.76 0 
1 822.743 0.316992 0.0224637 0.675308 -0.907051 -0.269118 -1.76274 -5.32277 -815.657 0 
1 821.742 0.312154 0.0225197 0.678553 -0.909294 -0.258789 -1.41204 -4.69 -815.64 0 
4 820.578 0.31249 0.0224926 0.675432 -0.868355 -0.314002 -0.502313 -4.2657 -815.81 0 
1 821.327 0.31224 0.022431 0.673498 -0.847835 -0.331103 -0.820473 -4.31031 -816.196 0 
4 825.2 0.306618 0.0224177 0.675469 -0.841672 -0.295623 -4.00472 -4.9976 -816.197 0 
1 822.429 0.307411 0.022367 0.677485 -0.853653 -0.336359 -2.16935 -4.49254 -815.767 0 
5 821.849 0.313167 0.0223529 0.673193 -0.842069 -0.369344 -1.40115 -4.23465 -816.213 0 
11 821.678 0.315057 0.0224232 0.67094 -0.83077 -0.376895 -0.68643 -4.27632 -816.716 0 
6 822.013 0.319282 0.0222729 0.667899 -0.819258 -0.454093 -0.826058 -4.17052 -817.017 0 
1 820.5 0.317772 0.0223647 0.671109 -0.835304 -0.445173 -0.0194727 -4.16527 -816.315 0 
1 821.302 0.318516 0.0222729 0.67051 -0.839901 -0.46298 -0.913205 -4.26673 -816.122 0 
5 820.107 0.310556 0.0223246 0.677336 -0.858523 -0.412236 -0.376474 -4.15737 -815.573 0 
2 820.625 0.306655 0.0222938 0.681737 -0.879485 -0.391684 -0.727861 -4.35288 -815.544 0 
12 820.804 0.304721 0.0223364 0.684505 -0.892354 -0.377029 -0.566554 -4.49528 -815.742 0 
1 820.195 0.307226 0.0224306 0.681852 -0.89973 -0.296802 -0.240102 -4.31182 -815.643 0 
2 820.664 0.307875 0.0223772 0.68211 -0.910353 -0.29183 -0.498356 -4.41675 -815.749 0 
7 820.92 0.305777 0.0223999 0.68523 -0.921922 -0.309132 -0.168348 -4.60718 -816.144 0 
1 821.178 0.312249 0.0223594 0.679965 -0.913112 -0.337674 -0.518591 -4.95193 -815.707 0 
1 820.755 0.309508 0.0223604 0.681747 -0.920247 -0.300761 -0.15256 -4.73449 -815.868 0 
3 821.727 0.301211 0.0224419 0.687023 -0.912691 -0.292087 -0.96136 -4.62653 -816.139 0 
1 821.565 0.306009 0.0224089 0.68125 -0.87514 -0.368165 -1.68689 -4.35209 -815.526 0 
1 821.559 0.311238 0.0223524 0.676261 -0.860029 -0.396929 -1.79652 -4.14792 -815.614 0 
1 820.741 0.308273 0.0223822 0.678175 -0.852914 -0.387017 -0.787416 -4.30975 -815.644 0 
6 820.417 0.309664 0.0223118 0.677831 -0.866326 -0.385109 -0.685914 -4.1866 -815.544 0 
2 821.138 0.319578 0.0222937 0.672246 -0.869915 -0.425843 -0.481983 -4.97739 -815.679 0 
4 821.04 0.316153 0.0224307 0.675247 -0.867187 -0.406413 -0.966822 -4.42065 -815.653 0 
2 822.189 0.314218 0.0222842 0.676688 -0.88968 -0.400529 -1.88587 -4.7977 -815.506 0 
1 821.523 0.313213 0.022188 0.678689 -0.893222 -0.452715 -0.943372 -5.00933 -815.571 0 
2 820.911 0.315856 0.0222029 0.674763 -0.860658 -0.494177 -0.914957 -4.50507 -815.491 0 
3 820.923 0.316719 0.0222254 0.67509 -0.874849 -0.463351 -0.608579 -4.84748 -815.467 0 
2 819.969 0.314738 0.0223284 0.675212 -0.849564 -0.481504 -0.159137 -4.18556 -815.625 0 
2 820.609 0.314878 0.0221926 0.675662 -0.849685 -0.530485 -0.807762 -4.30536 -815.496 0 
2 823.193 0.317755 0.0220322 0.673096 -0.856612 -0.54998 -2.92255 -4.81904 -815.451 0 
1 825.23 0.315676 0.0219953 0.673958 -0.854096 -0.559387 -5.16357 -4.64486 -815.421 0 
2 821.82 0.306758 0.0222137 0.680599 -0.847134 -0.511271 -1.80515 -4.56668 -815.448 0 
3 824.058 0.315208 0.0219987 0.6736 -0.833562 -0.590292 -4.24324 -4.25674 -815.558 0 
1 826.005 0.31402 0.021951 0.673733 -0.835797 -0.565824 -6.24952 -4.19979 -815.556 0 
1 824.544 0.309542 0.0220897 0.677636 -0.849693 -0.517114 -4.75464 -4.34713 -815.443 0 
3 827.503 0.298192 0.0222731 0.686653 -0.843924 -0.517552 -5.53962 -6.37769 -815.586 0 
3 821.831 0.303832 0.0222753 0.683663 -0.842017 -0.541908 -1.24126 -5.12727 -815.462 0 
3 820.767 0.304065 0.0223934 0.684992 -0.864347 -0.489482 -0.358988 -4.83359 -815.574 0 
3 820.868 0.30621 0.0222509 0.683547 -0.87288 -0.500714 -0.532083 -4.70593 -815.63 0 
7 820.663 0.307888 0.0222471 0.682916 -0.865071 -0.544035 -0.426855 -4.69451 -815.541 0 
4 821.027 0.30613 0.0222388 0.684493 -0.86206 -0.572163 -0.450469 -4.94939 -815.628 0 
1 821.902 0.302974 0.0223247 0.688937 -0.87518 -0.574084 -0.292254 -5.47193 -816.138 0 
1 822.181 0.302663 0.0223939 0.689639 -0.879304 -0.56805 -0.376724 -5.54176 -816.263 0 
3 821.55 0.305097 0.0223994 0.687017 -0.8665 -0.587084 -0.522359 -5.21584 -815.812 0 
4 820.911 0.305037 0.0223026 0.685831 -0.857517 -0.595705 -0.0799132 -5.16515 -815.666 0 
1 820.496 0.309879 0.0222507 0.680812 -0.831381 -0.649037 -0.425564 -4.66979 -815.401 0 
1 821.748 0.30616 0.0221715 0.683841 -0.859528 -0.584582 -1.13435 -4.99761 -815.616 0 
2 821.581 0.306137 0.0223322 0.684347 -0.861307 -0.564384 -1.05825 -4.92483 -815.598 0 
3 821.106 0.316043 0.0222335 0.676119 -0.849009 -0.59341 -1.02422 -4.67465 -815.407 0 
1 823.198 0.319407 0.0220444 0.673504 -0.85082 -0.634495 -2.49514 -5.32559 -815.377 0 
4 822.523 0.316332 0.0220974 0.677147 -0.855611 -0.642927 -1.97295 -5.18667 -815.363 0 
6 821.398 0.311094 0.0222594 0.681715 -0.862651 -0.588391 -1.13323 -4.78822 -815.477 0 
4 821.753 0.312046 0.022354 0.681792 -0.872985 -0.561103 -1.30402 -4.9299 -815.519 0 
1 820.712 0.308034 0.0222319 0.682467 -0.854462 -0.586743 -0.444609 -4.78006 -815.487 0 
2 824.107 0.317721 0.0220583 0.676346 -0.858826 -0.640231 -3.36228 -5.3891 -815.356 0 
1 820.804 0.317652 0.0222304 0.674497 -0.822632 -0.673293 -0.760194 -4.4718 -815.572 0 
1 820.441 0.310349 0.022315 0.678808 -0.817173 -0.634843 -0.408746 -4.49495 -815.537 0 
1 820.688 0.308398 0.0224981 0.681735 -0.827739 -0.589692 -0.620036 -4.59722 -815.471 0 
3 820.414 0.307927 0.022426 0.681923 -0.844753 -0.547465 -0.444619 -4.53873 -815.43 0 
6 821.168 0.302431 0.022402 0.687528 -0.877659 -0.484449 -0.229613 -5.0657 -815.873 0 
2 824.414 0.301286 0.0225795 0.690117 -0.880448 -0.453829 -3.40284 -5.1087 -815.902 0 
1 824.796 0.294841 0.0226196 0.69326 -0.851017 -0.517302 -1.56978 -7.36599 -815.86 0 
3 825.573 0.294089 0.0226682 0.695623 -0.873413 -0.475728 -2.23348 -6.98941 -816.35 0 
2 826.57 0.295081 0.0227115 0.695589 -0.867484 -0.524076 -3.28708 -6.95619 -816.327 0 
1 826.513 0.29262 0.0225706 0.697477 -0.862596 -0.561423 -1.79838 -8.09618 -816.619 0 
3 827.387 0.293099 0.0226188 0.698703 -0.87764 -0.548652 -2.67782 -7.5978 -817.111 0 
6 828.575 0.289409 0.0226535 0.701153 -0.873083 -0.559235 -1.98735 -9.1185 -817.47 0 
6 827.564 0.290965 0.022494 0.699368 -0.86434 -0.597939 -1.51056 -8.89903 -817.155 0 
3 824.165 0.296869 0.0225202 0.694538 -0.873087 -0.573543 -0.857466 -6.65819 -816.649 0 
1 821.985 0.306456 0.0221816 0.684281 -0.836078 -0.690394 -1.12014 -5.34527 -815.519 0 
1 822.618 0.308864 0.0222086 0.680684 -0.816757 -0.716339 -2.1628 -5.04335 -815.412 0 
6 822.266 0.304838 0.0223986 0.686611 -0.841879 -0.67238 -1.08655 -5.55476 -815.625 0 
2 821.942 0.31507 0.0223678 0.676602 -0.809004 -0.711255 -1.93437 -4.40523 -815.602 0 
1 823.147 0.318262 0.0223023 0.676573 -0.844265 -0.67762 -2.534 -5.26288 -815.35 0 
2 821.719 0.316631 0.022385 0.675755 -0.816517 -0.680386 -1.73966 -4.35935 -815.62 0 
4 822.55 0.321657 0.0221394 0.669304 -0.795988 -0.716992 -1.99641 -4.25356 -816.3 0 
5 821.654 0.320501 0.0221731 0.672384 -0.812028 -0.730421 -1.286 -4.66714 -815.701 0 
6 821.99 0.322181 0.0222173 0.67165 -0.812707 -0.715884 -1.45845 -4.69882 -815.833 0 
2 822.414 0.322991 0.0221617 0.670844 -0.820222 -0.691671 -1.71006 -4.90598 -815.798 0 
1 822.88 0.325095 0.0220915 0.666591 -0.778277 -0.771653 -1.66906 -4.25792 -816.953 0 
20 822.148 0.320975 0.0222067 0.668413 -0.762069 -0.747187 -0.789078 -3.84028 -817.518 0 
2 823.29 0.328349 0.0222215 0.664288 -0.771693 -0.755043 -1.12285 -4.36551 -817.802 0 
1 822.972 0.324832 0.0222659 0.666033 -0.765791 -0.749137 -1.28525 -3.93372 -817.753 0 
5 822.98 0.32628 0.0222973 0.665592 -0.768455 -0.745833 -1.10607 -4.06124 -817.813 0 
1 823.051 0.32238 0.0222833 0.666043 -0.76606 -0.674573 -1.07019 -3.81802 -818.163 0 
2 824.855 0.317573 0.0225632 0.669133 -0.755663 -0.630596 -1.91412 -4.28595 -818.654 0 
1 825.645 0.315866 0.0225813 0.669448 -0.751352 -0.609049 -1.95158 -4.73322 -818.96 0 
3 827.531 0.317064 0.0226469 0.668652 -0.757136 -0.58042 -3.9435 -4.51868 -819.069 0 
3 828.992 0.311781 0.0228536 0.676364 -0.784891 -0.557834 -7.34069 -4.65323 -816.998 0 
2 827.141 0.323532 0.0226525 0.668271 -0.787801 -0.598024 -5.3155 -4.01958 -817.806 0 
5 825.093 0.321392 0.0225997 0.67065 -0.788697 -0.618307 -3.87133 -3.90514 -817.316 0 
1 823.547 0.321075 0.0225602 0.669404 -0.777239 -0.637161 -1.97169 -3.85874 -817.716 0 
3 823.642 0.327792 0.0223546 0.665123 -0.770156 -0.721692 -1.34027 -4.15405 -818.148 0 
1 824.79 0.324892 0.0223508 0.665894 -0.738671 -0.781087 -1.91504 -3.72744 -819.148 0 
1 824.816 0.323146 0.0225731 0.668042 -0.753126 -0.72044 -2.43902 -3.78051 -818.597 0 
3 823.706 0.314298 0.0225642 0.673138 -0.747457 -0.718776 -1.13594 -4.74422 -817.825 0 
1 823.212 0.320016 0.0225093 0.66973 -0.752931 -0.715519 -1.0454 -3.928 -818.238 0 
2 822.61 0.321132 0.022463 0.669088 -0.754622 -0.743917 -0.794327 -3.82544 -817.99 0 
1 827.812 0.314583 0.0224209 0.669469 -0.708017 -0.768527 -1.82789 -5.92179 -820.063 0 
3 824.484 0.322603 0.0224128 0.665117 -0.722559 -0.767188 -0.324531 -3.96913 -820.19 0 
3 823.718 0.32685 0.02224 0.665726 -0.764771 -0.766339 -1.79016 -4.03028 -817.898 0 
3 824.042 0.320158 0.0224403 0.671755 -0.765736 -0.754384 -2.97822 -3.88588 -817.178 0 
1 822.664 0.320592 0.0223734 0.671478 -0.767144 -0.777842 -1.77037 -3.92516 -816.968 0 
2 823.291 0.320657 0.0223861 0.670568 -0.753648 -0.788211 -1.83886 -3.88136 -817.571 0 
2 823.047 0.321568 0.0222853 0.668011 -0.737209 -0.812869 -0.758888 -3.86674 -818.421 0 
1 823.708 0.324855 0.0221967 0.664807 -0.738315 -0.825877 -1.2979 -3.75211 -818.658 0 
5 820.814 0.315253 0.0223253 0.674674 -0.767734 -0.788045 -0.0475478 -4.35836 -816.408 0 
1 821.659 0.320279 0.0224088 0.671762 -0.776811 -0.75452 -0.992896 -3.9841 -816.682 0 
2 821.412 0.31375 0.0224916 0.675284 -0.775693 -0.689505 -0.43909 -4.36586 -816.607 0 
2 820.811 0.310237 0.0224705 0.680014 -0.801427 -0.680384 -0.481278 -4.66335 -815.666 0 
6 820.5 0.317548 0.0222815 0.674118 -0.796035 -0.733517 -0.366106 -4.2038 -815.93 0 
4 820.425 0.313588 0.022321 0.678618 -0.824359 -0.676477 -0.503179 -4.48595 -815.436 0 
5 821.335 0.31196 0.0224967 0.679527 -0.829013 -0.607133 -1.51764 -4.32841 -815.489 0 
1 820.35 0.31795 0.0223145 0.673598 -0.820748 -0.618056 -0.335276 -4.18572 -815.83 0 
1 821.575 0.314604 0.0221388 0.674734 -0.833188 -0.584582 -1.78068 -4.23375 -815.56 0 
4 821.727 0.311865 0.0221657 0.67608 -0.824263 -0.582715 -1.87922 -4.23145 -815.616 0 
1 821.53 0.304736 0.022312 0.682472 -0.839958 -0.529173 -1.13477 -4.94212 -815.453 0 
2 822.07 0.308137 0.0221624 0.681283 -0.852172 -0.55406 -2.05615 -4.57315 -815.441 0 
2 823.398 0.3071 0.0221342 0.685574 -0.908536 -0.487146 -1.66523 -5.32103 -816.412 0 
3 825.024 0.30678 0.0220178 0.683205 -0.881734 -0.549937 -3.95877 -5.14289 -815.923 0 
7 825.823 0.31368 0.0219325 0.678015 -0.879513 -0.580201 -4.77152 -5.47268 -815.579 0 
6 826.901 0.310914 0.0218928 0.679128 -0.871697 -0.569529 -6.40531 -4.93621 -815.559 0 
2 826.871 0.303092 0.0219811 0.686964 -0.884093 -0.572701 -4.87358 -5.58853 -816.409 0 
6 823.248 0.30439 0.0221232 0.684676 -0.855321 -0.58927 -2.40464 -5.19951 -815.644 0 
2 823.083 0.310954 0.0220935 0.680167 -0.841902 -0.64979 -2.95809 -4.72807 -815.397 0 
3 821.365 0.306869 0.0221977 0.682749 -0.859998 -0.55624 -1.04152 -4.78603 -815.537 0 
4 823.209 0.313086 0.0220923 0.675114 -0.822126 -0.619293 -3.36785 -4.2578 -815.584 0 
2 821.017 0.316166 0.0223051 0.674077 -0.802773 -0.642057 -0.891207 -4.02278 -816.103 0 
1 821.39 0.308701 0.0225069 0.68197 -0.827731 -0.588931 -1.35452 -4.55917 -815.477 0 
1 820.608 0.305171 0.0224443 0.684796 -0.849654 -0.539555 -0.278232 -4.85706 -815.473 0 
2 820.514 0.311145 0.0223833 0.680741 -0.862026 -0.518141 -0.670945 -4.41241 -815.431 0 
1 821.865 0.310044 0.0224429 0.682695 -0.870775 -0.504824 -1.87736 -4.50042 -815.487 0 
2 820.613 0.315973 0.0224427 0.674676 -0.834633 -0.518896 -0.688668 -4.09794 -815.826 0 
3 820.568 0.312292 0.0224951 0.676193 -0.821215 -0.511281 -0.437156 -4.1397 -815.991 0 
5 821.066 0.315248 0.0224965 0.674868 -0.827933 -0.519583 -1.08551 -4.03254 -815.948 0 
7 820.938 0.315555 0.0224676 0.675114 -0.834342 -0.521323 -1.04555 -4.09116 -815.801 0 
4 820.427 0.312162 0.0224776 0.677095 -0.815063 -0.567019 -0.356217 -4.18848 -815.883 0 
1 820.454 0.31003 0.0224802 0.678652 -0.823355 -0.542373 -0.423775 -4.33431 -815.695 0 
6 820.525 0.307122 0.0224821 0.6818 -0.838776 -0.523624 -0.47982 -4.57516 -815.47 0 
1 821.824 0.30515 0.0225553 0.68337 -0.828622 -0.552234 -1.31705 -5.02678 -815.48 0 
9 820.558 0.315606 0.0223402 0.676607 -0.837776 -0.604212 -0.675283 -4.40462 -815.478 0 
13 820.255 0.310055 0.0223891 0.680995 -0.830177 -0.623325 -0.300684 -4.5289 -815.426 0 
5 821.558 0.303994 0.0225018 0.686884 -0.848289 -0.586446 -0.772199 -5.23046 -815.556 0 
1 821.025 0.307788 0.022476 0.681397 -0.802897 -0.666541 -0.386768 -5.03678 -815.602 0 
2 821.431 0.313981 0.0224414 0.678675 -0.810156 -0.718359 -1.42525 -4.47609 -815.53 0 
9 820.584 0.314514 0.0224098 0.676219 -0.798894 -0.689964 -0.485673 -4.21817 -815.88 0 
2 821.434 0.312933 0.0224054 0.675395 -0.763324 -0.745355 -0.0814917 -4.68071 -816.672 0 
6 820.559 0.31717 0.0222766 0.673404 -0.786278 -0.740245 -0.260815 -4.13016 -816.168 0 
6 820.414 0.313716 0.0223847 0.676873 -0.796083 -0.710827 -0.257958 -4.33468 -815.822 0 
2 821.415 0.31508 0.022411 0.67642 -0.791538 -0.719361 -1.22043 -4.21547 -815.979 0 
4 821.692 0.321143 0.0223565 0.670759 -0.776085 -0.764974 -0.957694 -4.01708 -816.717 0 
1 822.562 0.305634 0.0225114 0.682611 -0.78608 -0.715715 -0.973584 -5.89263 -815.696 0 
3 822.13 0.306691 0.0225073 0.683988 -0.808795 -0.684275 -1.39052 -5.26372 -815.476 0 
2 821.324 0.313016 0.02228 0.679675 -0.814775 -0.745274 -1.18736 -4.72641 -815.411 0 
1 821.109 0.315088 0.0222231 0.676538 -0.814366 -0.726056 -1.05283 -4.57493 -815.481 0 
1 820.503 0.311926 0.0223244 0.677848 -0.787419 -0.748544 -0.0482372 -4.65654 -815.798 0 
5 820.492 0.313704 0.0223321 0.676109 -0.786466 -0.734359 -0.133403 -4.38519 -815.974 0 
2 820.475 0.317006 0.0222416 0.674301 -0.799225 -0.728829 -0.390002 -4.24875 -815.836 0 
4 821.24 0.317809 0.0222021 0.675222 -0.826397 -0.701501 -1.04111 -4.75083 -815.448 0 
2 822.122 0.32175 0.0222005 0.672197 -0.803836 -0.766 -1.63517 -4.67252 -815.814 0 
1 820.781 0.318594 0.0223053 0.672971 -0.803685 -0.689934 -0.626597 -4.16829 -815.986 0 
7 820.401 0.316222 0.0222793 0.674467 -0.80521 -0.684282 -0.38907 -4.17857 -815.834 0 
2 820.444 0.313667 0.022404 0.675881 -0.795734 -0.665255 -0.187406 -4.22079 -816.035 0 
1 820.553 0.312793 0.0224386 0.6771 -0.805144 -0.626851 -0.42096 -4.22835 -815.904 0 
5 821.431 0.312695 0.02234 0.674858 -0.782776 -0.654631 -0.527479 -4.43451 -816.469 0 
1 822.36 0.313994 0.0223485 0.672824 -0.762292 -0.691751 -0.598686 -4.53545 -817.226 0 
4 822.168 0.310144 0.022494 0.676873 -0.786438 -0.60184 -0.843361 -4.85761 -816.467 0 
5 821.775 0.310928 0.0222622 0.676069 -0.798405 -0.630016 -1.3233 -4.48504 -815.967 0 
2 822.851 0.309143 0.0222242 0.678191 -0.81467 -0.585556 -2.59891 -4.57221 -815.68 0 
1 823.299 0.313763 0.0221214 0.675669 -0.823077 -0.608 -3.50343 -4.17014 -815.626 0 
2 824.194 0.321304 0.0221111 0.671888 -0.837754 -0.61201 -3.73093 -4.8118 -815.651 0 
1 820.735 0.312681 0.0223884 0.67914 -0.844661 -0.559987 -1.00202 -4.28909 -815.444 0 
2 821.054 0.310087 0.0225275 0.680787 -0.836019 -0.55212 -1.24077 -4.32527 -815.488 0 
1 820.65 0.315173 0.0223716 0.676528 -0.851393 -0.506405 -0.845708 -4.26282 -815.542 0 
2 821.068 0.313245 0.0223696 0.678291 -0.858134 -0.489683 -1.34115 -4.25501 -815.472 0 
3 820.393 0.317627 0.0223391 0.673317 -0.835355 -0.523679 -0.345629 -4.16832 -815.879 0 
2 820.934 0.315314 0.0223242 0.677102 -0.87305 -0.465188 -0.862844 -4.61253 -815.459 0 
11 821.276 0.312153 0.0225588 0.67819 -0.838827 -0.488826 -1.48535 -4.11002 -815.68 0 
1 821.705 0.317575 0.0225122 0.672467 -0.808678 -0.558297 -1.23418 -3.9558 -816.515 0 
1 821.464 0.307478 0.0225954 0.681217 -0.832207 -0.49799 -1.30699 -4.56075 -815.596 0 
1 822.149 0.304956 0.0226397 0.683958 -0.845601 -0.465627 -1.88868 -4.77343 -815.487 0 
4 819.94 0.309901 0.0224019 0.678796 -0.833256 -0.523329 -0.0667242 -4.28868 -815.584 0 
2 820.744 0.308573 0.0224 0.681401 -0.845592 -0.522179 -0.893627 -4.40257 -815.448 0 
1 821.291 0.308656 0.0224844 0.683137 -0.886007 -0.416865 -1.29932 -4.41353 -815.578 0 
2 821.305 0.30711 0.0225608 0.683521 -0.869436 -0.435041 -1.43404 -4.37686 -815.494 0 
3 822.466 0.302606 0.02241 0.687658 -0.898825 -0.377955 -1.77292 -4.69603 -815.997 0 
1 820.813 0.304871 0.0223241 0.685654 -0.906302 -0.380867 -0.115371 -4.64793 -816.05 0 
1 821.796 0.307267 0.0223678 0.685398 -0.918067 -0.37689 -0.743641 -4.86253 -816.19 0 
1 821.463 0.305305 0.0224789 0.686016 -0.92222 -0.306619 -0.683568 -4.6032 -816.176 0 
3 821.678 0.310102 0.0225232 0.681412 -0.906029 -0.316511 -1.49822 -4.52304 -815.657 0 
2 821.039 0.314843 0.0223748 0.67566 -0.891723 -0.33348 -0.739318 -4.72536 -815.575 0 
1 822.18 0.315063 0.0223664 0.677688 -0.919623 -0.304884 -1.02554 -5.47744 -815.677 0 
3 821.341 0.316742 0.02231 0.674284 -0.902962 -0.303218 -0.482758 -5.24896 -815.609 0 
1 820.098 0.314756 0.0223521 0.674591 -0.87571 -0.345965 -0.00442037 -4.41715 -815.677 0 
6 820.259 0.312286 0.0223765 0.677381 -0.89606 -0.30742 -0.17616 -4.50387 -815.579 0 
1 823.717 0.308786 0.0223534 0.680265 -0.914426 -0.283786 -3.37899 -4.57255 -815.766 0 
1 824.947 0.310428 0.0224057 0.681503 -0.943072 -0.246938 -3.36275 -5.39305 -816.191 0 
1 824.275 0.31487 0.0222592 0.677718 -0.940851 -0.267803 -2.12518 -6.19711 -815.952 0 
3 825.769 0.319895 0.022125 0.674678 -0.936798 -0.33414 -2.37729 -7.60035 -815.791 0 
1 824.178 0.318674 0.0221564 0.675286 -0.926916 -0.347888 -1.6826 -6.78906 -815.706 0 
3 825.452 0.323882 0.0221888 0.671533 -0.895815 -0.457519 -2.76042 -7.21008 -815.482 0 
1 824.779 0.319763 0.022169 0.675643 -0.895857 -0.489219 -3.03071 -6.27635 -815.472 0 
4 824.615 0.319579 0.0221745 0.67555 -0.89666 -0.472778 -2.98247 -6.15558 -815.477 0 
2 824.719 0.321288 0.022136 0.674069 -0.898768 -0.483574 -2.43479 -6.81669 -815.468 0 
1 824.627 0.311212 0.0225087 0.682513 -0.904069 -0.416614 -3.89256 -4.9893 -815.745 0 
1 823.15 0.312248 0.0225339 0.68049 -0.887315 -0.417898 -3.04359 -4.5931 -815.514 0 
1 822.128 0.314119 0.0224976 0.678289 -0.884118 -0.401206 -2.02859 -4.59974 -815.5 0 
1 822.076 0.307876 0.0223952 0.678041 -0.834498 -0.45655 -1.91477 -4.4612 -815.7 0 
5 820.396 0.306959 0.0223426 0.681904 -0.86002 -0.484817 -0.441087 -4.4879 -815.467 0 
1 821.165 0.308468 0.0225084 0.678715 -0.825542 -0.491513 -0.899994 -4.49325 -815.772 0 
1 820.736 0.31236 0.0225042 0.67836 -0.840155 -0.520279 -1.01458 -4.15208 -815.569 0 
2 820.27 0.314803 0.0223466 0.675524 -0.844861 -0.513512 -0.474142 -4.19575 -815.6 0 
4 820.334 0.315864 0.0223473 0.674655 -0.833397 -0.552266 -0.470734 -4.15133 -815.712 0 
2 819.948 0.312542 0.0223791 0.67853 -0.846886 -0.538628 -0.225429 -4.26224 -815.46 0 
6 820.932 0.310283 0.0225303 0.680095 -0.848549 -0.478243 -1.21029 -4.20278 -815.519 0 
1 820.649 0.318595 0.0223153 0.672757 -0.831249 -0.568327 -0.536482 -4.2813 -815.831 0 
6 821.11 0.318937 0.0223382 0.673609 -0.83988 -0.569474 -0.938596 -4.51151 -815.66 0 
3 820.735 0.309776 0.0224681 0.681862 -0.858886 -0.519605 -0.885352 -4.4144 -815.436 0 
1 820.261 0.307908 0.0223944 0.68136 -0.842547 -0.542237 -0.303792 -4.51885 -815.438 0 
1 821.516 0.310657 0.0223721 0.681712 -0.866502 -0.554929 -1.29232 -4.73863 -815.485 0 
3 820.554 0.316036 0.0222935 0.676502 -0.842637 -0.601276 -0.602239 -4.5088 -815.443 0 
2 823.711 0.312025 0.0223244 0.680781 -0.874385 -0.490122 -3.74927 -4.4977 -815.464 0 
14 824.092 0.307909 0.0223694 0.682001 -0.850181 -0.497411 -4.22072 -4.41841 -815.453 0 
1 828.826 0.3007 0.0223329 0.684785 -0.836709 -0.466928 -7.36305 -5.96291 -815.5 0 
3 823.227 0.302027 0.0223251 0.684539 -0.853962 -0.449755 -2.53056 -5.19667 -815.5 0 
1 823.047 0.300306 0.0222958 0.686023 -0.863979 -0.446255 -2.04748 -5.37348 -815.626 0 
2 823.846 0.298381 0.0223643 0.687638 -0.855511 -0.454988 -2.21289 -6.03006 -815.603 0 
2 823.124 0.297778 0.0223619 0.689114 -0.875406 -0.419914 -1.50085 -5.7403 -815.882 0 
1 824.336 0.303814 0.0222329 0.68393 -0.854749 -0.489963 -3.91831 -4.92277 -815.495 0 
1 823.801 0.310153 0.0221587 0.680794 -0.881903 -0.461308 -3.76273 -4.49478 -815.544 0 
1 823.597 0.300286 0.0224597 0.688802 -0.8836 -0.396598 -2.65674 -5.09694 -815.844 0 
4 821.527 0.306136 0.0223166 0.685539 -0.900891 -0.425655 -0.817305 -4.72166 -815.988 0 
1 821.03 0.304629 0.0224891 0.686307 -0.882068 -0.44766 -0.620608 -4.67764 -815.732 0 
1 819.976 0.311698 0.0222736 0.678697 -0.859178 -0.50934 -0.195412 -4.34921 -815.432 0 
1 820.096 0.314454 0.0223255 0.67496 -0.835298 -0.522697 -0.280826 -4.0926 -815.722 0 
8 819.87 0.311203 0.0224208 0.678515 -0.84438 -0.50273 -0.155667 -4.18509 -815.529 0 
5 822.92 0.307008 0.0225425 0.684014 -0.856442 -0.487212 -2.98313 -4.48046 -815.457 0 
20 820.501 0.313989 0.022333 0.675179 -0.819511 -0.555844 -0.523098 -4.05657 -815.922 0 
2 822.605 0.307197 0.0222376 0.67969 -0.825981 -0.546702 -2.34161 -4.71326 -815.55 0 
6 822.907 0.31048 0.0222369 0.675814 -0.805652 -0.595554 -2.55771 -4.4436 -815.905 0 
6 823.909 0.312406 0.0221708 0.673373 -0.807088 -0.565464 -3.57897 -4.1991 -816.131 0 
1 823.599 0.311129 0.0221108 0.676455 -0.82394 -0.574254 -3.70627 -4.27101 -815.622 0 
1 826.821 0.314767 0.0220048 0.671074 -0.809671 -0.572753 -6.62652 -4.02356 -816.171 0 
2 826.655 0.310148 0.0220816 0.674643 -0.809991 -0.551968 -6.22688 -4.45456 -815.973 0 
2 822.282 0.308176 0.0222665 0.678047 -0.821113 -0.527943 -1.96335 -4.60413 -815.715 0 
1 821.748 0.310689 0.0224047 0.676359 -0.801514 -0.560567 -1.00436 -4.52337 -816.22 0 
1 821.76 0.308186 0.0223515 0.678291 -0.800547 -0.597135 -0.927667 -4.92297 -815.909 0 
4 822.629 0.309371 0.0224267 0.679638 -0.812259 -0.58776 -2.32208 -4.57812 -815.729 0 
5 825.999 0.30453 0.0226046 0.684747 -0.824896 -0.540027 -5.19421 -5.28264 -815.522 0 
2 825.632 0.307616 0.0226684 0.684041 -0.845638 -0.507977 -5.69784 -4.47672 -815.457 0 
4 824.945 0.314869 0.0225334 0.679003 -0.842899 -0.567507 -5.18406 -4.27522 -815.485 0 
1 824.16 0.317156 0.0225329 0.676877 -0.832568 -0.599847 -4.25707 -4.28897 -815.614 0 
1 824.686 0.325487 0.0223657 0.669914 -0.831751 -0.614921 -3.34057 -5.32666 -816.019 0 
2 822.985 0.314663 0.0224706 0.67833 -0.837594 -0.57744 -3.23957 -4.22585 -815.52 0 
1 821.552 0.310496 0.0225222 0.679295 -0.82201 -0.550605 -1.52612 -4.31451 -815.712 0 
2 821.904 0.31046 0.022512 0.681826 -0.854983 -0.526295 -2.12463 -4.35351 -815.426 0 
5 822.103 0.312279 0.022345 0.681705 -0.859315 -0.61072 -1.80924 -4.85419 -815.44 0 
1 821.233 0.309073 0.0224652 0.68234 -0.843147 -0.565207 -1.33779 -4.47312 -815.422 0 
1 821.459 0.321962 0.0222049 0.669961 -0.816387 -0.641359 -0.911502 -4.46204 -816.085 0 
2 821.188 0.313356 0.0222273 0.674368 -0.811396 -0.583901 -1.10369 -4.1152 -815.969 0 
7 820.585 0.316592 0.0221872 0.67421 -0.825998 -0.621173 -0.692861 -4.25327 -815.639 0 
1 821.252 0.316832 0.0222103 0.675063 -0.83073 -0.621895 -1.35771 -4.33006 -815.564 0 
2 820.681 0.305194 0.0224218 0.684992 -0.854033 -0.534245 -0.350805 -4.83256 -815.498 0 
2 820.74 0.305017 0.0225322 0.683958 -0.861903 -0.436552 -0.663491 -4.5871 -815.49 0 
2 819.737 0.310774 0.0223933 0.678271 -0.851893 -0.457768 -0.0296355 -4.16592 -815.541 0 
11 819.979 0.309996 0.0223972 0.678915 -0.865526 -0.415906 -0.273484 -4.20219 -815.503 0 
2 819.963 0.307412 0.0223881 0.681306 -0.881452 -0.372737 -0.128434 -4.29655 -815.538 0 
5 822.903 0.306454 0.0222329 0.684765 -0.897432 -0.433308 -2.31618 -4.67641 -815.91 0 
2 822.319 0.300959 0.02237 0.687808 -0.877269 -0.437368 -1.4012 -5.11969 -815.798 0 
2 822.816 0.302782 0.0224089 0.687136 -0.882336 -0.424071 -2.25861 -4.79176 -815.766 0 
1 822.23 0.30848 0.0223267 0.682565 -0.877526 -0.451988 -2.28812 -4.40748 -815.535 0 
2 821.966 0.305187 0.0223814 0.684407 -0.870432 -0.44458 -1.85228 -4.5687 -815.545 0 
1 820.416 0.304412 0.0224034 0.68359 -0.874137 -0.399035 -0.317345 -4.54621 -815.553 0 
2 821.404 0.308743 0.0225418 0.681958 -0.884386 -0.383166 -1.54919 -4.31677 -815.538 0 
2 821.029 0.308307 0.0225185 0.679403 -0.83841 -0.46222 -1.01961 -4.3766 -815.633 0 
3 821.394 0.316799 0.0224595 0.675495 -0.847804 -0.507323 -1.44575 -4.30175 -815.647 0 
1 820.61 0.311315 0.0224473 0.677568 -0.818829 -0.546055 -0.52844 -4.24434 -815.837 0 
1 820.659 0.317618 0.0223382 0.674457 -0.837481 -0.561302 -0.686206 -4.2953 -815.677 0 
4 820.771 0.312658 0.0222263 0.676679 -0.832698 -0.55953 -1.02463 -4.16959 -815.576 0 
2 821.683 0.312857 0.0221461 0.677041 -0.840153 -0.572352 -1.94811 -4.2727 -815.462 0 
1 820.97 0.304141 0.0223914 0.683523 -0.840022 -0.52494 -0.467594 -5.04588 -815.457 0 
3 821.202 0.303658 0.0223063 0.68658 -0.868381 -0.547425 -0.228678 -5.16764 -815.806 0 
2 821.893 0.30332 0.0222803 0.688454 -0.896937 -0.495822 -0.248638 -5.23161 -816.413 0 
1 821.282 0.305283 0.0222611 0.685976 -0.881254 -0.520523 -0.40411 -4.97546 -815.903 0 
10 821.664 0.300488 0.0223897 0.689556 -0.867523 -0.540147 -0.0502091 -5.64658 -815.967 0 
3 821.456 0.301412 0.022411 0.687836 -0.846695 -0.577287 -0.126945 -5.71034 -815.619 0 
1 822.88 0.302431 0.0224631 0.689085 -0.860398 -0.56513 -1.70895 -5.40053 -815.77 0 
3 822.617 0.3035 0.0225922 0.68735 -0.837307 -0.599111 -1.71957 -5.41086 -815.487 0 
1 820.721 0.309536 0.0224569 0.680684 -0.818166 -0.618175 -0.631619 -4.54667 -815.542 0 
2 822.62 0.305105 0.0223941 0.682362 -0.810567 -0.598762 -1.60597 -5.43107 -815.583 0 
1 823.136 0.302928 0.0223554 0.685613 -0.843016 -0.540152 -2.33826 -5.31702 -815.481 0 
5 822.266 0.298688 0.0224148 0.689355 -0.863089 -0.487548 -0.602586 -5.87455 -815.789 0 
5 821.54 0.301515 0.0223173 0.688247 -0.870439 -0.531023 -0.196578 -5.41085 -815.932 0 
5 823.216 0.301496 0.0224746 0.687351 -0.857853 -0.523377 -2.16238 -5.39874 -815.655 0 
3 822.353 0.301431 0.0224954 0.687382 -0.849009 -0.542563 -1.22793 -5.54863 -815.576 0 
2 820.588 0.311606 0.0223623 0.676995 -0.816546 -0.590365 -0.605049 -4.25758 -815.726 0 
2 820.159 0.311269 0.0223405 0.677712 -0.809552 -0.629866 -0.0651907 -4.38044 -815.714 0 
4 820.703 0.31236 0.0222934 0.676939 -0.796412 -0.68569 -0.447888 -4.40581 -815.849 0 
1 820.337 0.313017 0.022338 0.676149 -0.796543 -0.673035 -0.0992737 -4.30116 -815.936 0 
1 821.611 0.310873 0.0225217 0.680111 -0.805838 -0.662851 -1.43501 -4.51562 -815.661 0 
1 821.194 0.311435 0.02246 0.67782 -0.780166 -0.71109 -0.351032 -4.70081 -816.142 0 
3 821.875 0.317755 0.0222497 0.671163 -0.758993 -0.787543 -0.780027 -4.0975 -816.998 0 
4 821.384 0.31759 0.0223637 0.674431 -0.784174 -0.756648 -1.07822 -4.129 -816.177 0 
6 821.968 0.319085 0.0223508 0.674463 -0.792116 -0.777599 -1.73226 -4.31211 -815.924 0 
1 822.663 0.314737 0.0225261 0.677019 -0.779259 -0.750287 -2.17337 -4.30989 -816.18 0 
2 822.391 0.317881 0.0224878 0.672551 -0.748377 -0.804341 -0.839625 -4.14787 -817.404 0 
4 822.509 0.316856 0.0225136 0.673922 -0.755334 -0.791878 -1.24236 -4.21615 -817.05 0 
1 822.466 0.315333 0.022521 0.674922 -0.756967 -0.777752 -1.13598 -4.3948 -816.935 0 
1 821.706 0.321001 0.0223113 0.669286 -0.748976 -0.807123 -0.126413 -3.88217 -817.698 0 
1 821.177 0.317212 0.0223236 0.673539 -0.770615 -0.776555 -0.524673 -4.12906 -816.523 0 
2 822.41 0.321408 0.0223743 0.671999 -0.782071 -0.773456 -1.84643 -4.12194 -816.442 0 
5 821.202 0.319925 0.0223804 0.67185 -0.782976 -0.728211 -0.644443 -3.98018 -816.578 0 
7 821.429 0.320289 0.0223549 0.671014 -0.763558 -0.784541 -0.439837 -3.93389 -817.055 0 
1 821.819 0.316499 0.0224594 0.674075 -0.760575 -0.79614 -0.828894 -4.24301 -816.747 0 
1 821.943 0.321255 0.0223622 0.6704 -0.772427 -0.769046 -1.10285 -3.9821 -816.858 0 
1 821.746 0.318088 0.0222395 0.671545 -0.782777 -0.72842 -1.28051 -4.03523 -816.43 0 
4 822.122 0.321085 0.0220868 0.671164 -0.802453 -0.75263 -1.72075 -4.52902 -815.872 0 
1 822.806 0.310356 0.0222629 0.677712 -0.796819 -0.702386 -2.39547 -4.72006 -815.69 0 
1 822.543 0.307466 0.02221 0.680764 -0.826712 -0.633711 -2.24178 -4.87708 -815.424 0 
1 821.246 0.315426 0.02215 0.674964 -0.81468 -0.686413 -1.30564 -4.35095 -815.59 0 
6 821.761 0.317343 0.0221988 0.672774 -0.794357 -0.725794 -1.5769 -4.18188 -816.002 0 
1 821.646 0.320313 0.0221302 0.671526 -0.785355 -0.800959 -1.22512 -4.33351 -816.087 0 
3 821.149 0.312479 0.0222408 0.676874 -0.782889 -0.775426 -0.64199 -4.67696 -815.83 0 
2 821.39 0.312913 0.0221725 0.67901 -0.805746 -0.792739 -1.06571 -4.8999 -815.424 0 
7 820.94 0.312326 0.0222874 0.679158 -0.797424 -0.797104 -0.549924 -4.8948 -815.495 0 
4 820.923 0.309229 0.0222375 0.681346 -0.808656 -0.751696 -0.387886 -5.10907 -815.426 0 
1 821.528 0.304646 0.0223166 0.686403 -0.823479 -0.734345 -0.12096 -5.86951 -815.538 0 
4 821.396 0.305515 0.0223279 0.685174 -0.817069 -0.726888 -0.295418 -5.64388 -815.457 0 
2 821.303 0.304953 0.0223721 0.684191 -0.813188 -0.689255 -0.245743 -5.60974 -815.447 0 
1 822.026 0.304754 0.0225044 0.68385 -0.793515 -0.699997 -0.462174 -5.97359 -815.59 0 
2 822.188 0.312777 0.0223558 0.67481 -0.754901 -0.760655 -0.401963 -4.8652 -816.921 0 
1 821.2 0.319309 0.022342 0.673505 -0.793868 -0.749392 -0.948597 -4.22873 -816.023 0 
1 822.013 0.319807 0.0222458 0.673376 -0.804843 -0.728769 -1.82021 -4.34875 -815.844 0 
4 823.023 0.327269 0.022166 0.666179 -0.784865 -0.766413 -1.44673 -4.66173 -816.915 0 
2 822.661 0.323124 0.0222353 0.666679 -0.765771 -0.736032 -1.1426 -3.84861 -817.67 0 
1 824.639 0.326848 0.0220916 0.662869 -0.745828 -0.796412 -2.05371 -3.82106 -818.764 0 
1 823.079 0.316306 0.022312 0.670952 -0.755047 -0.741778 -1.42287 -4.23646 -817.42 0 
2 823.207 0.318872 0.0221883 0.668982 -0.745002 -0.79163 -1.34131 -4.049 -817.817 0 
14 822.648 0.324395 0.0222467 0.669221 -0.786665 -0.762906 -1.7201 -4.34009 -816.588 0 
2 821.88 0.320145 0.0221829 0.669159 -0.770692 -0.73906 -0.924445 -3.89657 -817.059 0 
2 821.278 0.311839 0.0222569 0.676368 -0.788693 -0.694556 -0.761246 -4.52752 -815.99 0 
4 822.042 0.312763 0.0222987 0.679045 -0.809848 -0.713394 -2.02952 -4.49827 -815.515 0 
2 822.03 0.312034 0.0223413 0.679542 -0.813947 -0.681614 -2.05696 -4.45955 -815.514 0 
1 822.995 0.304951 0.0224713 0.684797 -0.799373 -0.707216 -1.62228 -5.86 -815.512 0 
4 824.48 0.299873 0.0224303 0.6874 -0.792409 -0.710309 -1.27428 -7.66869 -815.537 0 
1 824.339 0.310798 0.0222528 0.679418 -0.786036 -0.769987 -3.71833 -4.91167 -815.709 0 
2 824.727 0.311157 0.0222441 0.680335 -0.797734 -0.772163 -4.35214 -4.85768 -815.517 0 
1 823.379 0.310029 0.0221922 0.678756 -0.774995 -0.798855 -2.33209 -5.22186 -815.825 0 
4 823.927 0.310525 0.0221843 0.67711 -0.76109 -0.809485 -2.42366 -5.30533 -816.198 0 
1 824.044 0.312357 0.0221635 0.676353 -0.769167 -0.7967 -3.11533 -4.81441 -816.114 0 
3 822.481 0.315017 0.0221673 0.674266 -0.767844 -0.801864 -1.75043 -4.42507 -816.306 0 
2 821.902 0.318928 0.0223037 0.672359 -0.794591 -0.723155 -1.62542 -4.16443 -816.112 0 
7 820.302 0.315836 0.0223021 0.675363 -0.803981 -0.6928 -0.303485 -4.19007 -815.808 0 
6 820.272 0.31215 0.0223641 0.679421 -0.828726 -0.645563 -0.372273 -4.47261 -815.427 0 
6 821.854 0.320591 0.0222158 0.673306 -0.835552 -0.654182 -1.36741 -4.96363 -815.523 0 
4 821.382 0.317295 0.0222272 0.675201 -0.835157 -0.650646 -1.25129 -4.68592 -815.445 0 
2 825.959 0.324808 0.0219214 0.667281 -0.808975 -0.73888 -4.8686 -5.10261 -815.988 0 
1 825.39 0.314786 0.0220177 0.673371 -0.797115 -0.725091 -5.27033 -4.32845 -815.791 0 
2 825.152 0.316713 0.0219533 0.67299 -0.806799 -0.740755 -5.05763 -4.48313 -815.611 0 
3 824.528 0.323214 0.0220042 0.668667 -0.801867 -0.757998 -3.75585 -4.77827 -815.994 0 
1 823.664 0.323757 0.0222025 0.671763 -0.813383 -0.769073 -2.72576 -5.25854 -815.68 0 
2 823.37 0.315195 0.0224042 0.679393 -0.84551 -0.66674 -3.01098 -5.00193 -815.357 0 
2 824.212 0.317141 0.0222592 0.678807 -0.872744 -0.63347 -2.78107 -5.97842 -815.452 0 
9 821.584 0.308524 0.0224491 0.681847 -0.832993 -0.610416 -1.50052 -4.66474 -815.419 0 
1 821.332 0.315799 0.022423 0.676509 -0.830318 -0.614277 -1.46737 -4.30692 -815.558 0 
2 820.736 0.314952 0.0224772 0.674979 -0.807467 -0.588051 -0.5414 -4.02628 -816.168 0 
6 822.143 0.307735 0.022428 0.678738 -0.797436 -0.584139 -1.00404 -5.10874 -816.031 0 
3 823.619 0.302041 0.0225099 0.682986 -0.812622 -0.515155 -1.74015 -6.19019 -815.688 0 
2 825.495 0.298314 0.0226407 0.687246 -0.836845 -0.463438 -3.50121 -6.49084 -815.503 0 
5 824.682 0.296574 0.0225742 0.690941 -0.852681 -0.504207 -2.25935 -6.66986 -815.753 0 
1 824.785 0.297375 0.0226006 0.688109 -0.835079 -0.460352 -2.31891 -6.95674 -815.51 0 
2 824.847 0.295975 0.0226421 0.690879 -0.865439 -0.387269 -2.71364 -6.43966 -815.693 0 
3 823.897 0.294612 0.0225697 0.692768 -0.880646 -0.39406 -1.34536 -6.42509 -816.127 0 
1 825.546 0.294769 0.0225326 0.691747 -0.865294 -0.41037 -2.88724 -6.85263 -815.806 0 
2 823.534 0.296729 0.022576 0.690506 -0.875187 -0.377539 -1.77486 -5.9558 -815.804 0 
3 823.428 0.295338 0.0224837 0.693126 -0.881094 -0.441029 -0.763557 -6.35457 -816.309 0 
2 823.426 0.296762 0.022514 0.693017 -0.904337 -0.397949 -1.01107 -5.63263 -816.782 0 
1 822.689 0.299515 0.0225348 0.69063 -0.882528 -0.438526 -1.31997 -5.35557 -816.013 0 
2 821.417 0.300955 0.0225095 0.687943 -0.867573 -0.458541 -0.501994 -5.23673 -815.679 0 
3 827.145 0.29392 0.0224007 0.690516 -0.843525 -0.488665 -3.58889 -7.87285 -815.684 0 
1 827.12 0.293124 0.0224807 0.691161 -0.844175 -0.460892 -3.28828 -8.17047 -815.661 0 
2 825.685 0.296298 0.0226359 0.689216 -0.854757 -0.412487 -3.5297 -6.56128 -815.594 0 
1 821.237 0.303103 0.0225299 0.684298 -0.855097 -0.42238 -0.80491 -4.93695 -815.495 0 
10 822.302 0.299755 0.0225803 0.68759 -0.871725 -0.384976 -1.38588 -5.27774 -815.638 0 
2 821.133 0.303721 0.0224313 0.682729 -0.860046 -0.393785 -0.873056 -4.75233 -815.508 0 
1 821.21 0.302302 0.0225542 0.685655 -0.877748 -0.360659 -0.865919 -4.74489 -815.599 0 
2 821.584 0.30739 0.0225136 0.680258 -0.843431 -0.42436 -1.45488 -4.48891 -815.64 0 
1 824.495 0.30619 0.0224984 0.680467 -0.816427 -0.496007 -3.50143 -5.14389 -815.85 0 
2 821.933 0.305018 0.0226273 0.682953 -0.842596 -0.449555 -1.60542 -4.79616 -815.531 0 
4 821.647 0.315317 0.0222986 0.676192 -0.851989 -0.505382 -1.84349 -4.26183 -815.541 0 
2 821.103 0.320473 0.0222047 0.669785 -0.821172 -0.560231 -0.619972 -4.19303 -816.29 0 
1 821.231 0.316647 0.0222123 0.671451 -0.827274 -0.49946 -1.03084 -4.03501 -816.165 0 
3 821.22 0.319326 0.0221726 0.670528 -0.826226 -0.549735 -0.936447 -4.17942 -816.104 0 
1 821.952 0.320631 0.0221148 0.670733 -0.847647 -0.52662 -1.4579 -4.74358 -815.751 0 
1 821.441 0.322358 0.022203 0.66821 -0.821853 -0.54921 -0.572324 -4.37547 -816.494 0 
7 822.014 0.323659 0.022257 0.665779 -0.807578 -0.533399 -0.349243 -4.29136 -817.374 0 
9 824.994 0.320151 0.0221238 0.66602 -0.789258 -0.557311 -3.32075 -3.97155 -817.702 0 
3 824.936 0.317388 0.0221006 0.668491 -0.808772 -0.513406 -4.11833 -3.99829 -816.819 0 
1 825.743 0.323893 0.0220152 0.664119 -0.803913 -0.556719 -4.11679 -4.24914 -817.377 0 
2 826.701 0.318786 0.0220141 0.667277 -0.807792 -0.532373 -5.86718 -3.98281 -816.852 0 
1 825.835 0.317309 0.0219782 0.670093 -0.846497 -0.459148 -5.6957 -4.24848 -815.891 0 
2 825.781 0.309623 0.0220864 0.676921 -0.862182 -0.403701 -6.05022 -4.19255 -815.539 0 
3 823.434 0.312193 0.0223244 0.678468 -0.886128 -0.357848 -3.55378 -4.34759 -815.533 0 
2 824.089 0.2993 0.022477 0.685476 -0.882718 -0.26529 -3.21073 -5.24605 -815.632 0 
1 822.902 0.300215 0.0224817 0.685666 -0.89045 -0.264565 -2.29235 -4.92503 -815.685 0 
1 822.243 0.302278 0.0223357 0.683638 -0.884928 -0.31481 -1.95484 -4.66253 -815.626 0 
1 820.631 0.304787 0.0223481 0.683961 -0.91744 -0.268988 -0.234862 -4.43071 -815.965 0 
1 821.512 0.301346 0.0223397 0.687463 -0.925813 -0.271618 -0.44799 -4.62152 -816.443 0 
1 821.484 0.299725 0.0224475 0.688488 -0.91976 -0.264696 -0.428547 -4.71081 -816.345 0 
3 821.55 0.303798 0.0224467 0.686713 -0.926086 -0.294317 -0.562559 -4.63314 -816.354 0 
6 820.636 0.3108 0.0223485 0.679252 -0.906256 -0.311034 -0.41461 -4.58223 -815.64 0 
1 821.265 0.30682 0.0223118 0.683001 -0.898932 -0.388115 -0.918086 -4.55618 -815.791 0 
1 820.885 0.314643 0.0222801 0.67654 -0.88454 -0.415685 -0.669933 -4.72648 -815.489 0 
11 821.63 0.314022 0.0222923 0.674842 -0.863252 -0.422385 -1.77354 -4.26814 -815.588 0 
3 820.854 0.315762 0.0221765 0.675026 -0.864163 -0.480013 -0.867118 -4.49856 -815.488 0 
4 820.648 0.314372 0.0223249 0.676114 -0.879525 -0.398645 -0.603753 -4.52806 -815.516 0 
3 822.386 0.308613 0.0224469 0.677866 -0.848528 -0.408244 -2.46058 -4.27123 -815.654 0 
1 821.598 0.312733 0.0223939 0.674722 -0.84878 -0.409962 -1.67591 -4.10912 -815.813 0 
1 821.737 0.309693 0.0222749 0.677105 -0.849018 -0.445971 -1.96179 -4.20016 -815.575 0 
4 820.775 0.304357 0.0223869 0.682977 -0.868826 -0.404228 -0.673955 -4.57967 -815.521 0 
5 821.026 0.309554 0.0222183 0.678509 -0.85871 -0.464747 -1.29946 -4.26068 -815.466 0 
1 822.893 0.312501 0.0220493 0.6775 -0.87649 -0.47725 -2.85834 -4.57003 -815.465 0 
1 822.665 0.302026 0.0223259 0.687028 -0.883433 -0.423055 -1.9523 -4.88795 -815.825 0 
3 821.75 0.302652 0.022425 0.685865 -0.871159 -0.420009 -1.31429 -4.84339 -815.593 0 
3 821.222 0.312323 0.0222948 0.676343 -0.832159 -0.511811 -1.37718 -4.11388 -815.731 0 
2 820.622 0.309389 0.022301 0.67881 -0.846914 -0.475493 -0.84456 -4.25547 -815.522 0 
1 820.61 0.311097 0.0222471 0.680441 -0.889437 -0.448076 -0.337607 -4.68773 -815.585 0 
1 823.353 0.299999 0.0222905 0.686275 -0.875007 -0.413761 -2.38647 -5.22812 -815.739 0 
3 820.894 0.303946 0.0223244 0.686454 -0.894664 -0.437795 -0.0560262 -4.81624 -816.022 0 
4 820.868 0.31073 0.0222041 0.680407 -0.891507 -0.441011 -0.566825 -4.68799 -815.613 0 
4 820.633 0.308484 0.0223383 0.682944 -0.884477 -0.453002 -0.484846 -4.53134 -815.617 0 
1 821.782 0.300614 0.0225117 0.689315 -0.901849 -0.357569 -0.786866 -4.85933 -816.136 0 
1 822.652 0.299966 0.0224284 0.685888 -0.855713 -0.431155 -1.55634 -5.56238 -815.534 0 
6 824.776 0.297833 0.0224963 0.686445 -0.839599 -0.438138 -2.66146 -6.60306 -815.512 0 
1 824.103 0.300786 0.0225799 0.684065 -0.822948 -0.461514 -2.16821 -6.29753 -815.637 0 
1 823.773 0.310127 0.0225443 0.677064 -0.801522 -0.522857 -2.65004 -4.71488 -816.408 0 
4 823.426 0.3108 0.0224661 0.679865 -0.84005 -0.510619 -3.66992 -4.20503 -815.551 0 
1 820.813 0.312249 0.0224804 0.677235 -0.830656 -0.501313 -0.89765 -4.11543 -815.8 0 
1 820.603 0.314987 0.022445 0.67423 -0.830399 -0.494883 -0.580401 -4.0346 -815.988 0 
4 820.452 0.310962 0.0225025 0.677106 -0.840451 -0.435924 -0.493087 -4.16443 -815.795 0 
4 820.998 0.314637 0.0223988 0.672482 -0.820639 -0.456161 -0.377176 -4.11475 -816.506 0 
1 820.4 0.312772 0.0224404 0.675121 -0.839293 -0.435458 -0.388376 -4.09482 -815.917 0 
4 821.102 0.309448 0.022491 0.68068 -0.868794 -0.402809 -1.38914 -4.21055 -815.502 0 
1 820.245 0.312666 0.0224508 0.675895 -0.84166 -0.43545 -0.288895 -4.10003 -815.856 0 
1 821.005 0.317563 0.0224022 0.671165 -0.818305 -0.484855 -0.308646 -4.04463 -816.652 0 
5 821.8 0.315794 0.0223734 0.672127 -0.811209 -0.502963 -1.10136 -4.05273 -816.646 0 
1 823.058 0.310518 0.0224649 0.677365 -0.823941 -0.47671 -2.72811 -4.34719 -815.982 0 
1 822.005 0.304916 0.0225005 0.684862 -0.867546 -0.433469 -1.90536 -4.58201 -815.518 0 
1 822.786 0.298285 0.0225524 0.688395 -0.859972 -0.418833 -1.28445 -5.90212 -815.599 0 
4 821.51 0.303808 0.0223417 0.682778 -0.853212 -0.448184 -1.17892 -4.84896 -815.482 0 
2 821.323 0.313296 0.0222738 0.67475 -0.809618 -0.575741 -1.13855 -4.12716 -816.057 0 
1 822.373 0.314148 0.0224039 0.672359 -0.801513 -0.533913 -1.57814 -4.12419 -816.67 0 
2 823.07 0.31343 0.0223941 0.672608 -0.773645 -0.604768 -1.15804 -4.5824 -817.329 0 
3 822.949 0.321215 0.0222063 0.666457 -0.777701 -0.619146 -1.18399 -3.88289 -817.883 0 
3 823.007 0.323552 0.0220995 0.667194 -0.801415 -0.642003 -2.02785 -4.21968 -816.76 0 
2 822.559 0.32174 0.0223464 0.668282 -0.772416 -0.668134 -0.95328 -3.83412 -817.772 0 
5 823.563 0.327684 0.0222192 0.662933 -0.760457 -0.706793 -0.665309 -3.98179 -818.916 0 
1 822.549 0.321534 0.0223271 0.670678 -0.790612 -0.690821 -1.89105 -3.98935 -816.669 0 
1 823.386 0.320913 0.022351 0.67265 -0.809274 -0.670938 -3.07829 -4.23729 -816.07 0 
7 823.072 0.32368 0.0222469 0.670604 -0.824224 -0.649166 -2.25528 -4.88278 -815.934 0 
3 823.752 0.318676 0.0223827 0.676609 -0.866733 -0.557838 -3.07364 -5.28303 -815.396 0 
6 822.835 0.310714 0.0225656 0.681635 -0.859372 -0.516977 -3.00855 -4.39694 -815.43 0 
4 824.268 0.313201 0.0224119 0.682204 -0.895555 -0.499457 -3.25543 -5.32478 -815.688 0 
4 822.002 0.308771 0.0225828 0.681471 -0.859041 -0.455699 -2.25028 -4.2822 -815.47 0 
3 820.829 0.310852 0.0225463 0.679069 -0.847668 -0.461319 -1.08963 -4.15589 -815.584 0 
2 821.737 0.311643 0.0225384 0.67862 -0.841397 -0.47551 -1.94778 -4.12862 -815.661 0 
4 820.564 0.313995 0.0224209 0.674493 -0.813024 -0.534135 -0.265761 -4.06955 -816.229 0 
2 821.765 0.313172 0.0224819 0.673542 -0.793555 -0.540002 -0.527342 -4.36105 -816.876 0 
1 822.277 0.322519 0.0221957 0.666386 -0.790003 -0.612554 -0.881297 -3.96727 -817.429 0 
2 822.461 0.306502 0.0225293 0.67942 -0.803593 -0.542394 -1.24043 -5.23362 -815.987 0 
2 824.286 0.306725 0.0224709 0.677546 -0.779656 -0.58375 -1.8466 -5.85972 -816.58 0 
3 823.195 0.316389 0.0223814 0.669691 -0.761487 -0.642305 -0.915415 -4.27822 -818.001 0 
2 822.78 0.318641 0.0223336 0.668286 -0.765512 -0.645679 -0.780847 -3.99062 -818.009 0 
1 822.554 0.322371 0.0222785 0.665965 -0.76745 -0.658164 -0.470207 -3.83659 -818.247 0 
1 822.491 0.320422 0.0224219 0.667979 -0.761596 -0.668316 -0.360986 -3.88455 -818.245 0 
3 822.128 0.323265 0.0223874 0.66889 -0.793135 -0.665898 -1.10812 -4.10861 -816.912 0 
7 822.398 0.320132 0.0224571 0.669084 -0.773842 -0.649606 -0.864612 -3.8595 -817.673 0 
1 822.489 0.32126 0.0223555 0.66789 -0.782904 -0.633653 -1.1487 -3.87664 -817.464 0 
1 822.097 0.315951 0.0225278 0.672337 -0.777745 -0.615349 -0.655543 -4.1426 -817.299 0 
1 823.009 0.309324 0.0224809 0.678097 -0.780687 -0.64311 -1.51741 -5.13027 -816.361 0 
3 823.424 0.312094 0.0225355 0.678248 -0.807861 -0.594153 -3.21208 -4.26878 -815.943 0 
2 820.182 0.311048 0.0224081 0.677194 -0.819507 -0.544708 -0.111532 -4.25645 -815.814 0 
1 822.006 0.303494 0.0226092 0.686111 -0.866459 -0.441316 -1.68528 -4.77301 -815.548 0 
3 823.084 0.304766 0.0225398 0.687732 -0.90437 -0.415421 -2.13716 -4.8065 -816.141 0 
4 822.983 0.300778 0.0225916 0.690365 -0.904213 -0.382219 -1.73896 -4.93907 -816.305 0 
2 821.774 0.303532 0.0223677 0.68343 -0.845373 -0.499715 -1.26269 -5.0446 -815.467 0 
1 820.237 0.309374 0.0223531 0.679735 -0.854759 -0.487743 -0.481858 -4.30119 -815.454 0 
1 819.89 0.309366 0.0223141 0.680416 -0.853734 -0.514765 -0.0910906 -4.36394 -815.435 0 
2 820.53 0.315023 0.0222888 0.675235 -0.830399 -0.555718 -0.718934 -4.08954 -815.722 0 
1 820.233 0.309484 0.022398 0.67881 -0.822698 -0.550912 -0.159928 -4.41508 -815.658 0 
4 821.64 0.314861 0.0222084 0.675149 -0.810769 -0.644307 -1.71421 -4.12966 -815.796 0 
3 820.555 0.31102 0.0223607 0.678129 -0.822775 -0.566682 -0.620211 -4.27183 -815.663 0 
2 820.985 0.317953 0.0222318 0.671178 -0.797278 -0.632462 -0.559299 -3.93811 -816.487 0 
2 822.357 0.322961 0.0221407 0.668708 -0.812581 -0.630089 -1.62382 -4.37999 -816.354 0 
1 822.925 0.317905 0.0223683 0.675441 -0.840128 -0.572565 -2.94464 -4.37722 -815.603 0 
5 822.802 0.314742 0.0224967 0.678186 -0.837667 -0.569799 -3.05368 -4.20741 -815.541 0 
1 821.632 0.313433 0.0224918 0.679038 -0.846856 -0.542685 -1.90239 -4.26157 -815.468 0 
1 822.738 0.318689 0.0224936 0.672395 -0.820689 -0.554363 -2.44417 -4.0886 -816.205 0 
4 822.497 0.321706 0.0224424 0.669392 -0.813422 -0.556505 -1.59611 -4.18751 -816.713 0 
1 821.471 0.313559 0.022456 0.673353 -0.797106 -0.536152 -0.417271 -4.26709 -816.786 0 
1 822.608 0.314772 0.0224852 0.674571 -0.80761 -0.543984 -2.12875 -4.06286 -816.417 0 
1 822.924 0.311331 0.0226303 0.678319 -0.823342 -0.501418 -2.77077 -4.2269 -815.926 0 
2 822.361 0.314746 0.0225832 0.673482 -0.812059 -0.472613 -1.46294 -4.1599 -816.738 0 
5 821.863 0.313135 0.022546 0.673916 -0.802678 -0.501898 -0.789099 -4.30903 -816.765 0 
2 821.983 0.309161 0.0224563 0.676499 -0.807741 -0.509344 -1.09974 -4.68026 -816.203 0 
3 820.573 0.311923 0.0224597 0.675827 -0.816327 -0.516809 -0.291091 -4.20253 -816.08 0 
2 820.132 0.311642 0.0224391 0.676865 -0.826527 -0.510567 -0.14558 -4.16191 -815.825 0 
4 820.329 0.31019 0.0224277 0.677698 -0.832037 -0.480965 -0.317633 -4.25577 -815.755 0 
1 822.541 0.32104 0.0222441 0.671294 -0.849695 -0.495847 -1.95178 -4.72917 -815.86 0 
1 820.464 0.317921 0.0222516 0.672783 -0.851929 -0.483671 -0.320794 -4.43702 -815.706 0 
2 821.424 0.321817 0.0222578 0.668906 -0.831073 -0.522219 -0.635526 -4.49124 -816.297 0 
1 821.251 0.321625 0.022218 0.670353 -0.83464 -0.559796 -0.674471 -4.61084 -815.966 0 
1 821.346 0.318142 0.022409 0.672327 -0.826398 -0.50454 -1.00098 -4.07094 -816.274 0 
3 822.604 0.320246 0.0223033 0.67356 -0.877627 -0.449446 -1.69139 -5.37384 -815.539 0 
2 822.335 0.315263 0.0225074 0.677228 -0.871058 -0.4204 -2.35861 -4.43088 -815.545 0 
1 820.559 0.309832 0.0225233 0.679879 -0.871529 -0.375344 -0.830921 -4.19563 -815.533 0 
1 820.537 0.307118 0.0225066 0.682057 -0.887648 -0.324464 -0.689775 -4.27859 -815.569 0 
1 823.484 0.300253 0.0226282 0.689127 -0.903004 -0.295749 -2.74347 -4.77466 -815.966 0 
8 824.363 0.29479 0.0225799 0.692595 -0.895223 -0.318822 -2.18574 -5.97057 -816.207 0 
2 821.894 0.301702 0.0223969 0.685102 -0.879052 -0.351349 -1.44736 -4.82806 -815.618 0 
5 821.473 0.312601 0.0221553 0.676202 -0.861961 -0.450914 -1.75139 -4.21827 -815.503 0 
1 821.618 0.309419 0.0222635 0.680306 -0.871503 -0.438009 -1.85447 -4.28535 -815.478 0 
3 822.466 0.30469 0.0222854 0.682837 -0.861689 -0.438588 -2.3268 -4.64605 -815.493 0 
9 820.475 0.309308 0.022305 0.679206 -0.863019 -0.424711 -0.760983 -4.21915 -815.495 0 
6 820.407 0.312194 0.0223855 0.675057 -0.845807 -0.407122 -0.420945 -4.12451 -815.862 0 
1 820.023 0.311565 0.0223656 0.676473 -0.862273 -0.376568 -0.211171 -4.15793 -815.654 0 
2 820.142 0.306861 0.0224657 0.682116 -0.892208 -0.32056 -0.245439 -4.29723 -815.599 0 
2 822.255 0.308697 0.0225619 0.683078 -0.910044 -0.30703 -2.03352 -4.48247 -815.739 0 
1 822.007 0.314049 0.0224732 0.67772 -0.90216 -0.319067 -1.58751 -4.84068 -815.579 0 
2 822.95 0.311425 0.0224147 0.68239 -0.917914 -0.362254 -1.99784 -5.07884 -815.874 0 
1 823.462 0.30731 0.0225628 0.685533 -0.905636 -0.368328 -3.07191 -4.54144 -815.849 0 
1 822.837 0.301737 0.0226065 0.689364 -0.90677 -0.351259 -1.93817 -4.7302 -816.169 0 
1 821.131 0.306042 0.0225231 0.684347 -0.880694 -0.398844 -1.14956 -4.40817 -815.573 0 
1 821.613 0.306218 0.0224917 0.68523 -0.890566 -0.404658 -1.42492 -4.48117 -815.707 0 
2 821.196 0.305076 0.0223443 0.685021 -0.887144 -0.450693 -0.656389 -4.72358 -815.816 0 
8 821.397 0.303209 0.0223658 0.68437 -0.836789 -0.55041 -0.611656 -5.32518 -815.46 0 
3 821.402 0.3108 0.0222862 0.676702 -0.803066 -0.609644 -1.01671 -4.45847 -815.927 0 
3 822.011 0.313873 0.0223645 0.676772 -0.820849 -0.586343 -2.15809 -4.10125 -815.752 0 
1 820.775 0.313745 0.0224483 0.67598 -0.809285 -0.587001 -0.638555 -4.09933 -816.037 0 
1 820.932 0.309581 0.022539 0.680406 -0.828531 -0.552943 -0.992586 -4.37674 -815.563 0 
1 820.312 0.312403 0.0223905 0.679221 -0.846413 -0.554176 -0.570492 -4.30412 -815.437 0 
3 820.593 0.307126 0.0223258 0.681302 -0.846236 -0.524796 -0.593389 -4.55854 -815.442 0 
1 820.05 0.309076 0.0223288 0.681143 -0.845397 -0.559099 -0.157933 -4.47063 -815.421 0 
2 820.948 0.316319 0.0221726 0.674387 -0.835156 -0.580353 -1.09466 -4.25191 -815.601 0 
8 822.328 0.321991 0.0220978 0.670519 -0.829423 -0.633049 -1.76429 -4.7866 -815.778 0 
4 821.628 0.322764 0.0221705 0.669066 -0.821633 -0.60986 -0.906386 -4.56526 -816.156 0 
2 822.541 0.319863 0.0220634 0.671161 -0.841096 -0.57776 -2.20589 -4.68681 -815.648 0 
1 822.417 0.320786 0.0220954 0.672148 -0.852316 -0.584387 -1.71726 -5.20861 -815.491 0 
5 820.696 0.315043 0.0223677 0.673612 -0.828487 -0.506217 -0.679883 -4.03007 -815.986 0 
4 821.331 0.318287 0.0224327 0.673883 -0.84938 -0.488596 -1.16125 -4.41668 -815.753 0 
7 820.245 0.312088 0.0224483 0.676074 -0.827444 -0.48955 -0.195024 -4.13027 -815.92 0 
2 821.283 0.319205 0.0223254 0.668893 -0.811826 -0.503897 -0.298849 -4.04441 -816.939 0 
1 820.844 0.31307 0.0223504 0.674327 -0.827333 -0.488671 -0.786816 -4.07247 -815.985 0 
4 819.766 0.310829 0.0224031 0.67876 -0.866792 -0.419214 -0.061245 -4.20388 -815.501 0 
1 819.781 0.312512 0.0223714 0.676555 -0.856208 -0.426496 -0.0274878 -4.13478 -815.619 0 
1 820.018 0.307012 0.0224375 0.681269 -0.875981 -0.365285 -0.202234 -4.29235 -815.523 0 
4 821.096 0.304205 0.0224665 0.686058 -0.910585 -0.31417 -0.642904 -4.48014 -815.973 0 
2 820.58 0.307109 0.0223568 0.679774 -0.866787 -0.37046 -0.739136 -4.30996 -815.531 0 
5 824.537 0.298445 0.0224916 0.685533 -0.862239 -0.34577 -3.21482 -5.76812 -815.554 0 
3 822.274 0.298394 0.0223832 0.688883 -0.895029 -0.352442 -0.981131 -5.2105 -816.083 0 
2 822.659 0.304917 0.0222825 0.683205 -0.881919 -0.377682 -2.60777 -4.45836 -815.593 0 
1 826.431 0.308326 0.0224229 0.682455 -0.878857 -0.391007 -6.64503 -4.26956 -815.516 0 
2 822.46 0.307128 0.022475 0.680194 -0.858674 -0.361058 -2.4292 -4.41953 -815.611 0 
7 822.516 0.312496 0.0222672 0.673662 -0.837002 -0.41132 -2.26303 -4.17224 -816.081 0 
1 822.851 0.320781 0.0220957 0.668607 -0.857851 -0.416391 -1.98539 -4.83507 -816.03 0 
2 822.14 0.320545 0.0222221 0.670296 -0.871267 -0.372567 -1.15777 -5.06995 -815.912 0 
3 820.515 0.313008 0.02248 0.675706 -0.872047 -0.327417 -0.513999 -4.27769 -815.723 0 
3 821.403 0.305941 0.0225658 0.680513 -0.874756 -0.27571 -1.30094 -4.46873 -815.633 0 
2 823.575 0.305477 0.0224634 0.68089 -0.869063 -0.30574 -3.41505 -4.55522 -815.605 0 
5 820.639 0.310463 0.0222739 0.677601 -0.874737 -0.362856 -0.890029 -4.20402 -815.545 0 
7 820.491 0.307138 0.02232 0.68047 -0.881589 -0.354302 -0.666279 -4.28383 -815.541 0 
3 820.847 0.310624 0.0222833 0.678218 -0.882159 -0.382145 -1.01474 -4.31962 -815.513 0 
4 821.712 0.303898 0.0224321 0.683687 -0.887695 -0.346078 -1.5839 -4.48018 -815.648 0 
5 820.459 0.308809 0.0224295 0.681465 -0.895717 -0.35487 -0.449886 -4.39559 -815.614 0 
4 821.322 0.306448 0.0225624 0.681773 -0.865437 -0.385954 -1.44716 -4.36254 -815.512 0 
2 821.512 0.313734 0.0224862 0.675492 -0.857866 -0.400973 -1.61747 -4.17246 -815.722 0 
2 821.899 0.306866 0.0225718 0.681509 -0.851894 -0.407512 -1.87236 -4.46032 -815.566 0 
1 821.501 0.305637 0.0225698 0.680825 -0.85221 -0.374204 -1.28444 -4.60467 -815.612 0 
5 824.877 0.29698 0.0226629 0.689844 -0.859445 -0.394217 -2.95963 -6.31999 -815.597 0 
2 823.249 0.30089 0.0226116 0.686856 -0.865848 -0.377806 -2.5025 -5.19927 -815.547 0 
1 824.018 0.307773 0.0226279 0.683973 -0.887296 -0.367221 -4.14617 -4.30374 -815.568 0 
2 823.287 0.303336 0.0225638 0.687537 -0.896233 -0.36006 -2.87728 -4.57039 -815.839 0 
1 823.442 0.302434 0.0225262 0.687898 -0.907266 -0.313858 -2.88063 -4.56412 -815.997 0 
1 822.813 0.308536 0.0224586 0.683021 -0.894903 -0.365109 -2.82453 -4.36577 -815.622 0 
2 822.761 0.305452 0.022635 0.684565 -0.893416 -0.307466 -2.78651 -4.34505 -815.629 0 
8 822.43 0.305027 0.0225601 0.686062 -0.918543 -0.276692 -1.98596 -4.44548 -815.999 0 
1 822.981 0.297873 0.0225936 0.687707 -0.895362 -0.243781 -1.96717 -5.21775 -815.796 0 
5 823.15 0.300129 0.022692 0.686373 -0.89614 -0.230655 -2.5936 -4.841 -815.716 0 
2 824.007 0.299977 0.0227368 0.686811 -0.901734 -0.197701 -3.40453 -4.85211 -815.751 0 
1 823.855 0.305098 0.0226091 0.68303 -0.898383 -0.222835 -3.78114 -4.42283 -815.651 0 
7 823.257 0.304122 0.0227156 0.684234 -0.915233 -0.179033 -3.05832 -4.40906 -815.789 0 
2 823.81 0.302409 0.0226945 0.687262 -0.936372 -0.167978 -3.08432 -4.46367 -816.262 0 
1 820.311 0.306995 0.0224653 0.68114 -0.906253 -0.236995 -0.299603 -4.33505 -815.676 0 
3 820.415 0.308734 0.0223801 0.678787 -0.894136 -0.261291 -0.499167 -4.30245 -815.613 0 
1 820.563 0.31048 0.0223156 0.677641 -0.896395 -0.271742 -0.589342 -4.36534 -815.609 0 
2 820.608 0.307971 0.0223016 0.680239 -0.906851 -0.268479 -0.571494 -4.35917 -815.678 0 
1 823.729 0.299683 0.022375 0.684623 -0.893772 -0.252847 -3.09279 -4.91021 -815.726 0 
2 822.698 0.296918 0.0224675 0.68963 -0.927882 -0.192646 -1.29059 -4.90073 -816.507 0 
1 824.712 0.297179 0.0223645 0.687151 -0.905115 -0.225838 -3.56546 -5.1741 -815.972 0 
1 825.165 0.29874 0.0221748 0.688305 -0.933335 -0.248301 -3.5348 -4.78958 -816.841 0 
2 824.227 0.307331 0.0220577 0.682711 -0.925522 -0.338088 -3.11618 -4.86361 -816.247 0 
1 821.685 0.305585 0.0222386 0.683207 -0.911394 -0.329846 -1.19381 -4.53136 -815.96 0 
1 824.39 0.302844 0.0222765 0.68301 -0.874669 -0.391727 -4.09409 -4.70724 -815.589 0 
4 824.299 0.309545 0.0221879 0.676607 -0.859909 -0.415871 -4.5744 -4.19345 -815.531 0 
1 823.676 0.30993 0.0222947 0.674357 -0.813619 -0.4712 -2.8516 -4.53705 -816.287 0 
2 821.583 0.313416 0.0222856 0.675168 -0.869104 -0.397154 -1.72619 -4.28388 -815.573 0 
1 821.842 0.306819 0.0224239 0.6812 -0.887303 -0.340634 -1.9658 -4.30297 -815.573 0 
1 820.301 0.306379 0.0224771 0.681581 -0.88743 -0.309528 -0.427457 -4.29724 -815.576 0 
2 821.913 0.302365 0.0224952 0.683299 -0.868031 -0.326759 -1.46612 -4.89737 -815.549 0 
2 822.251 0.302673 0.0224623 0.683959 -0.87085 -0.344385 -1.90429 -4.80391 -815.543 0 
1 821.273 0.31771 0.0222361 0.674277 -0.889051 -0.397393 -0.562306 -5.19025 -815.52 0 
5 821.132 0.316799 0.0222242 0.671319 -0.846665 -0.425739 -0.899073 -4.21492 -816.018 0 
3 823.44 0.314505 0.0222498 0.672285 -0.834069 -0.466829 -3.38953 -4.05021 -816.001 0 
1 822.592 0.313317 0.0223964 0.674867 -0.846262 -0.4465 -2.74638 -4.09941 -815.746 0 
5 822.514 0.309531 0.0224149 0.678098 -0.853146 -0.435331 -2.76462 -4.19895 -815.551 0 
1 820.288 0.311776 0.0222388 0.678282 -0.863981 -0.490458 -0.484527 -4.36425 -815.44 0 
1 820.648 0.307155 0.0222506 0.683081 -0.886641 -0.450852 -0.343095 -4.60326 -815.702 0 
1 820.98 0.303527 0.0223883 0.686268 -0.891412 -0.420162 -0.33273 -4.74202 -815.905 0 
1 823.079 0.300655 0.02237 0.687454 -0.889796 -0.408728 -2.04399 -5.02643 -816.009 0 
2 823.318 0.304017 0.0223045 0.683309 -0.867105 -0.456694 -3.02721 -4.73269 -815.558 0 
1 822.321 0.308341 0.0223936 0.684127 -0.909646 -0.408328 -1.39772 -4.92021 -816.003 0 
1 823.349 0.313745 0.0222835 0.680885 -0.920419 -0.412125 -1.57763 -5.83456 -815.937 0 
4 820.824 0.307616 0.0223838 0.684294 -0.896096 -0.432439 -0.341251 -4.6719 -815.811 0 
2 820.269 0.31195 0.0223647 0.679619 -0.879114 -0.446119 -0.309129 -4.4805 -815.48 0 
3 820.015 0.311314 0.0224131 0.678791 -0.858034 -0.469793 -0.317143 -4.21989 -815.478 0 
1 820.454 0.310754 0.022359 0.677968 -0.840088 -0.515264 -0.700377 -4.21558 -815.538 0 
2 820.778 0.314405 0.0222787 0.676526 -0.859217 -0.510654 -0.88379 -4.44639 -815.448 0 
2 823.094 0.320196 0.0222366 0.674451 -0.879569 -0.514512 -1.83536 -5.83908 -815.42 0 
4 822.723 0.31735 0.0222942 0.676682 -0.88192 -0.505398 -1.8614 -5.42727 -815.434 0 
7 822.834 0.31389 0.022337 0.680753 -0.889712 -0.505944 -2.03238 -5.22129 -815.58 0 
5 823.039 0.319914 0.0221853 0.674577 -0.881454 -0.5186 -1.73028 -5.89293 -815.415 0 
3 820.335 0.317097 0.0222558 0.674098 -0.839988 -0.54992 -0.400367 -4.28558 -815.649 0 
1 821.555 0.317 0.0221951 0.676303 -0.866135 -0.555897 -1.12184 -5.03878 -815.394 0 
2 822.721 0.311149 0.0222485 0.682564 -0.873991 -0.5774 -2.12275 -4.99919 -815.599 0 
1 820.563 0.309085 0.0223746 0.682767 -0.86739 -0.53538 -0.400597 -4.64669 -815.515 0 
3 822.228 0.302629 0.0225492 0.686569 -0.875565 -0.427982 -1.73874 -4.82355 -815.666 0 
2 821.392 0.307632 0.022407 0.681965 -0.86315 -0.486238 -1.45526 -4.46498 -815.472 0 
6 820.494 0.306644 0.0223211 0.682566 -0.856073 -0.522403 -0.397952 -4.62668 -815.47 0 
1 820.672 0.310472 0.0223321 0.681526 -0.872522 -0.502855 -0.649143 -4.53268 -815.49 0 
4 821.083 0.314651 0.0223854 0.677997 -0.862953 -0.520634 -1.0881 -4.57172 -815.423 0 
1 822.034 0.317242 0.0222792 0.676933 -0.85981 -0.582621 -1.66364 -4.98736 -815.383 0 
1 821.207 0.314493 0.0221378 0.676632 -0.820301 -0.706073 -1.19518 -4.57281 -815.439 0 
1 820.959 0.309964 0.0222884 0.680763 -0.835556 -0.644976 -0.84346 -4.71816 -815.397 0 
3 821.133 0.312349 0.0222131 0.676505 -0.816984 -0.633824 -1.22449 -4.30735 -815.602 0 
1 820.927 0.317133 0.0222131 0.673363 -0.798142 -0.694412 -0.805383 -4.0876 -816.034 0 
4 822.998 0.313275 0.0222267 0.674856 -0.78443 -0.6837 -2.36623 -4.35734 -816.275 0 
2 822.053 0.310451 0.0222253 0.680167 -0.839919 -0.595312 -2.1925 -4.4506 -815.41 0 
1 824.751 0.311292 0.0221969 0.679768 -0.838371 -0.604192 -4.93375 -4.40584 -815.411 0 
3 824.656 0.303338 0.0224026 0.68872 -0.85735 -0.595597 -3.51519 -5.38645 -815.754 0 
7 821.715 0.304715 0.0224428 0.686619 -0.843222 -0.615773 -0.953808 -5.23576 -815.525 0 
1 821.548 0.306196 0.0225044 0.684238 -0.82152 -0.634434 -0.99803 -5.10764 -815.442 0 
1 821.065 0.309288 0.0224792 0.679301 -0.795809 -0.643943 -0.365586 -4.81374 -815.885 0 
6 821.309 0.304717 0.02241 0.683435 -0.814302 -0.623179 -0.352448 -5.46653 -815.49 0 
1 821.434 0.312224 0.0222783 0.679039 -0.822632 -0.655922 -1.55218 -4.41485 -815.467 0 
1 821.461 0.306758 0.0223427 0.68348 -0.841477 -0.581903 -1.2453 -4.78189 -815.433 0 
3 821.261 0.307254 0.0224951 0.682516 -0.823932 -0.588253 -0.982084 -4.78782 -815.491 0 
1 822.185 0.314147 0.0222975 0.679254 -0.849205 -0.610766 -2.19662 -4.60773 -815.38 0 
2 824.321 0.317393 0.0222544 0.676598 -0.853448 -0.581518 -4.18938 -4.71787 -815.414 0 
1 824.23 0.309167 0.0226302 0.681443 -0.836202 -0.5009 -4.30242 -4.34609 -815.582 0 
1 822.845 0.316353 0.022497 0.674253 -0.808287 -0.567951 -2.50671 -3.97327 -816.365 0 
2 822.947 0.322284 0.0224828 0.669531 -0.799957 -0.591682 -1.81546 -4.04082 -817.09 0 
3 823.837 0.32167 0.0224502 0.672592 -0.854209 -0.506222 -3.04953 -5.03545 -815.752 0 
1 823.358 0.328 0.022229 0.665078 -0.815576 -0.585645 -1.20072 -5.12483 -817.032 0 
1 822.247 0.320165 0.0223754 0.667472 -0.77877 -0.577526 -0.153079 -3.98593 -818.108 0 
8 823.222 0.324163 0.022291 0.665399 -0.781384 -0.600549 -0.972165 -4.01063 -818.239 0 
2 822.68 0.323618 0.0224236 0.666432 -0.784616 -0.583749 -0.508878 -4.02468 -818.147 0 
7 824.33 0.313882 0.0225649 0.673039 -0.783823 -0.536775 -2.32876 -4.54653 -817.454 0 
3 823.096 0.322859 0.0224157 0.669131 -0.805729 -0.580181 -1.97151 -4.14683 -816.978 0 
1 823.444 0.325053 0.0223351 0.66893 -0.836635 -0.544759 -2.06959 -5.13994 -816.234 0 
8 821.039 0.319523 0.0223387 0.672672 -0.838135 -0.554155 -0.787927 -4.46707 -815.784 0 
3 819.904 0.310017 0.0223726 0.680693 -0.858421 -0.512197 -0.0950904 -4.37478 -815.434 0 
1 821.37 0.312334 0.0222121 0.679753 -0.866278 -0.542873 -1.31622 -4.61845 -815.436 0 
1 823.051 0.310529 0.0222689 0.678816 -0.8194 -0.604429 -3.06602 -4.3975 -815.588 0 
1 824.234 0.299248 0.0224447 0.685978 -0.819521 -0.541756 -1.91316 -6.8148 -815.507 0 
1 822.656 0.301312 0.0223688 0.685557 -0.825384 -0.589218 -1.12886 -6.0553 -815.472 0 
1 820.359 0.314612 0.0222279 0.675154 -0.824154 -0.604014 -0.538442 -4.1679 -815.652 0 
8 820.981 0.307362 0.0223097 0.680744 -0.83558 -0.558288 -0.901133 -4.63066 -815.449 0 
1 820.89 0.310013 0.0223853 0.67997 -0.841465 -0.563298 -1.05265 -4.4057 -815.432 0 
2 820.46 0.31233 0.0222309 0.678678 -0.837476 -0.630849 -0.530529 -4.53508 -815.395 0 
2 820.559 0.312631 0.0223111 0.679907 -0.836633 -0.659578 -0.526288 -4.65452 -815.378 0 
8 821.216 0.311457 0.0223933 0.681213 -0.840905 -0.646489 -1.11233 -4.71639 -815.388 0 
1 822.53 0.30412 0.0225428 0.687514 -0.837 -0.647457 -1.49252 -5.50196 -815.536 0 
3 824.7 0.306444 0.0224178 0.68726 -0.882984 -0.586641 -3.06542 -5.49612 -816.139 0 
1 824.563 0.307268 0.022492 0.684986 -0.867864 -0.559556 -4.00478 -4.92082 -815.638 0 
1 824.901 0.308437 0.0224094 0.687135 -0.902006 -0.548067 -2.83127 -5.69106 -816.378 0 
1 828.77 0.297079 0.0225819 0.695781 -0.917003 -0.461756 -4.84969 -6.08051 -817.84 0 
1 825.531 0.308034 0.022567 0.684568 -0.875935 -0.509145 -5.18145 -4.73155 -815.618 0 
1 825.355 0.313409 0.0223991 0.680355 -0.881014 -0.532368 -4.64444 -5.18394 -815.526 0 
2 824.644 0.311514 0.0223715 0.683918 -0.893397 -0.564274 -3.00445 -5.7019 -815.938 0 
3 822.914 0.304477 0.0224175 0.689141 -0.888941 -0.555537 -1.1295 -5.43618 -816.349 0 
1 822.971 0.30222 0.0223312 0.688593 -0.882495 -0.536508 -1.28 -5.44749 -816.243 0 
2 821.848 0.311386 0.0221493 0.681365 -0.871903 -0.592565 -1.15245 -5.10613 -815.59 0 
3 821.878 0.300563 0.0224298 0.688823 -0.863218 -0.507908 -0.61171 -5.51463 -815.752 0 
1 821.335 0.30568 0.0225093 0.685242 -0.853455 -0.533399 -1.08935 -4.76413 -815.481 0 
1 821.121 0.31197 0.0225095 0.67957 -0.844114 -0.53891 -1.40439 -4.24354 -815.473 0 
5 820.611 0.309069 0.0224299 0.681711 -0.852684 -0.51509 -0.80539 -4.36911 -815.436 0 
4 820.063 0.316521 0.0223528 0.674046 -0.837273 -0.519628 -0.124186 -4.14616 -815.792 0 
3 820.262 0.315271 0.0223679 0.67574 -0.845988 -0.520537 -0.441585 -4.24244 -815.578 0 
2 820.427 0.318454 0.0222629 0.672402 -0.818508 -0.611862 -0.330083 -4.15198 -815.945 0 
1 821.1 0.321555 0.022286 0.67016 -0.820107 -0.595063 -0.545723 -4.35398 -816.2 0 
1 822.733 0.32413 0.0221081 0.668587 -0.826693 -0.635165 -1.71923 -5.04868 -815.965 0 
6 821.174 0.319699 0.0222364 0.670258 -0.790174 -0.684363 -0.64039 -3.96627 -816.567 0 
2 820.946 0.315563 0.0223072 0.67412 -0.797436 -0.680755 -0.79793 -4.12302 -816.025 0 
2 821.59 0.315455 0.0221434 0.676998 -0.834715 -0.696461 -1.34191 -4.88826 -815.36 0 
5 820.577 0.312133 0.0222146 0.678761 -0.819377 -0.702033 -0.518702 -4.63665 -815.421 0 
2 820.94 0.312322 0.0221803 0.679487 -0.83382 -0.683975 -0.808918 -4.75632 -815.375 0 
1 820.81 0.311455 0.0222059 0.679268 -0.815936 -0.721601 -0.636527 -4.75642 -815.417 0 
1 820.913 0.308654 0.0222694 0.680746 -0.80527 -0.719889 -0.391357 -5.04079 -815.481 0 
1 820.555 0.312375 0.0222522 0.678748 -0.799863 -0.770528 -0.28872 -4.74959 -815.517 0 
2 820.547 0.311496 0.0223155 0.678979 -0.790529 -0.774549 -0.0924521 -4.82224 -815.632 0 
2 820.985 0.310099 0.0223991 0.682295 -0.823447 -0.705142 -0.725697 -4.8641 -815.395 0 
3 822.506 0.308779 0.0224711 0.684848 -0.854808 -0.628202 -1.99435 -4.97944 -815.533 0 
2 822.153 0.307297 0.0223952 0.686123 -0.864071 -0.627871 -1.12162 -5.27041 -815.761 0 
2 822.084 0.30458 0.0224756 0.687669 -0.849339 -0.626644 -1.11061 -5.33821 -815.635 0 
1 820.364 0.309064 0.022364 0.682277 -0.830852 -0.657475 -0.168368 -4.79214 -815.403 0 
2 820.72 0.307416 0.0224207 0.682679 -0.819944 -0.659388 -0.302357 -4.98428 -815.433 0 
1 822.211 0.311541 0.0223866 0.67649 -0.791981 -0.667258 -1.71702 -4.4862 -816.008 0 
2 823.195 0.310963 0.0222752 0.675525 -0.782961 -0.677812 -2.31338 -4.68396 -816.198 0 
3 822.623 0.310927 0.0221833 0.676072 -0.796867 -0.657367 -2.20457 -4.53363 -815.885 0 
1 821.67 0.308104 0.0221567 0.681888 -0.851398 -0.589272 -1.47177 -4.73636 -815.462 0 
3 822.522 0.308772 0.0221298 0.679339 -0.834612 -0.595674 -2.51512 -4.58251 -815.424 0 
2 822.909 0.312103 0.0221781 0.680547 -0.85378 -0.619954 -2.74715 -4.74834 -815.414 0 
3 820.313 0.314167 0.0222945 0.677639 -0.845943 -0.571874 -0.507627 -4.36902 -815.436 0 
1 820.061 0.311738 0.02236 0.678827 -0.833082 -0.579347 -0.294493 -4.26971 -815.497 0 
2 820.4 0.317083 0.0223272 0.673623 -0.810723 -0.619639 -0.336002 -4.02358 -816.041 0 
3 821.174 0.310809 0.0223641 0.677237 -0.811 -0.57039 -0.904386 -4.37215 -815.898 0 
6 822.183 0.308346 0.0225766 0.681737 -0.81778 -0.588316 -1.92454 -4.66714 -815.591 0 
1 821.701 0.322167 0.0223982 0.669458 -0.79321 -0.651949 -0.785517 -4.00948 -816.906 0 
1 823.223 0.32399 0.0223548 0.670363 -0.823118 -0.625642 -2.30829 -4.80388 -816.111 0 
1 823.306 0.325576 0.0223049 0.667973 -0.81717 -0.631297 -1.96986 -4.93585 -816.401 0 
2 820.71 0.317538 0.0224071 0.672018 -0.803256 -0.589368 -0.258155 -3.94097 -816.511 0 
3 820.992 0.312332 0.0224408 0.67554 -0.815523 -0.510837 -0.628862 -4.19889 -816.164 0 
4 821.206 0.310829 0.0223291 0.677629 -0.833175 -0.506439 -1.33172 -4.20548 -815.669 0 
2 821.523 0.318744 0.0223116 0.670792 -0.820685 -0.510159 -0.980639 -4.05407 -816.488 0 
1 820.938 0.319547 0.0223467 0.669255 -0.816656 -0.497507 -0.0383295 -4.08694 -816.813 0 
2 821.528 0.311721 0.0225459 0.675794 -0.819831 -0.480968 -1.15295 -4.21929 -816.156 0 
4 823.522 0.313478 0.0226145 0.67379 -0.819563 -0.444466 -2.82018 -4.17338 -816.528 0 
1 823.175 0.312258 0.0226673 0.675403 -0.81038 -0.477984 -2.3072 -4.32194 -816.546 0 
1 823.662 0.315003 0.0226636 0.674592 -0.796757 -0.563949 -2.84369 -4.09 -816.728 0 
1 825.426 0.315523 0.0225998 0.676322 -0.811592 -0.577733 -5.28872 -4.00243 -816.135 0 
3 824.634 0.311875 0.022652 0.675663 -0.775413 -0.595238 -2.62566 -4.85077 -817.158 0 
4 822.429 0.320255 0.0224557 0.668453 -0.760685 -0.667488 -0.229815 -3.91046 -818.289 0 
1 823.641 0.317921 0.0225388 0.672655 -0.785275 -0.62739 -2.66786 -3.9376 -817.035 0 
2 821.327 0.319142 0.0224468 0.671878 -0.791953 -0.652951 -0.745156 -3.91824 -816.663 0 
6 821.799 0.316792 0.0224835 0.672626 -0.780749 -0.663167 -0.953714 -3.9927 -816.853 0 
7 820.63 0.312265 0.0224509 0.677817 -0.818736 -0.603461 -0.732716 -4.23382 -815.663 0 
1 820.679 0.315975 0.0224208 0.675338 -0.801005 -0.673806 -0.60114 -4.09706 -815.981 0 
8 821.462 0.317223 0.0224401 0.675423 -0.81168 -0.665139 -1.47954 -4.17357 -815.808 0 
3 820.272 0.315587 0.0223312 0.675104 -0.796227 -0.706399 -0.152938 -4.18233 -815.937 0 
5 821.002 0.310778 0.0223195 0.678097 -0.788377 -0.71125 -0.401661 -4.73293 -815.868 0 
1 820.717 0.306464 0.0224224 0.68333 -0.817074 -0.662393 -0.102448 -5.17176 -815.443 0 
1 821.272 0.306041 0.0225157 0.682756 -0.812885 -0.611049 -0.555196 -5.16995 -815.546 0 
1 820.512 0.313483 0.0223892 0.677901 -0.812631 -0.681453 -0.57041 -4.36813 -815.574 0 
2 820.554 0.311599 0.0224393 0.679665 -0.827522 -0.622063 -0.695565 -4.39045 -815.468 0 
1 820.443 0.313973 0.0223322 0.677921 -0.828674 -0.651151 -0.554499 -4.44272 -815.445 0 
4 820.369 0.309376 0.022418 0.682028 -0.84589 -0.58096 -0.411229 -4.5445 -815.414 0 
4 820.488 0.309653 0.0224066 0.680887 -0.835235 -0.575194 -0.616808 -4.42079 -815.45 0 
4 820.38 0.307087 0.022403 0.681964 -0.845297 -0.529891 -0.362157 -4.57718 -815.44 0 
7 821.184 0.315104 0.0221918 0.677577 -0.855842 -0.590766 -1.05565 -4.74564 -815.383 0 
2 823.93 0.319748 0.0222228 0.675736 -0.851641 -0.65082 -3.161 -5.41317 -815.356 0 
6 820.576 0.307688 0.0224438 0.682794 -0.842696 -0.575399 -0.495084 -4.65576 -815.425 0 
4 824.719 0.300851 0.0225436 0.689344 -0.853962 -0.579058 -3.14294 -5.79929 -815.777 0 
6 823.276 0.310968 0.0225164 0.683041 -0.852754 -0.60449 -3.17571 -4.67952 -815.42 0 
6 823.413 0.310976 0.0225368 0.682781 -0.860312 -0.569875 -3.31233 -4.65876 -815.442 0 
3 824.325 0.31062 0.0224251 0.684659 -0.876177 -0.589747 -3.47379 -5.15704 -815.694 0 
1 823.888 0.307476 0.0225806 0.686058 -0.860977 -0.570596 -3.53521 -4.80081 -815.552 0 
1 824.686 0.306142 0.0225577 0.688222 -0.880725 -0.550882 -3.63574 -5.10498 -815.946 0 
9 822.857 0.310837 0.0222944 0.682008 -0.861872 -0.56975 -2.76935 -4.6316 -815.456 0 
1 823.736 0.299438 0.0225138 0.691043 -0.872324 -0.488838 -2.15517 -5.6249 -815.956 0 
2 825.66 0.298156 0.0226154 0.693286 -0.880384 -0.474438 -3.64957 -5.79451 -816.216 0 
4 825.674 0.293576 0.0226846 0.694941 -0.869972 -0.452808 -2.35914 -7.14935 -816.166 0 
2 825.293 0.293372 0.0225729 0.694925 -0.872978 -0.449547 -1.86286 -7.17146 -816.259 0 
3 825.539 0.292669 0.0225197 0.693487 -0.86718 -0.436053 -1.97056 -7.49182 -816.077 0 
1 825.813 0.292573 0.0226388 0.694656 -0.884795 -0.381664 -2.54061 -6.91133 -816.361 0 
2 826.342 0.298959 0.0225726 0.693875 -0.908233 -0.421616 -4.11246 -5.37329 -816.856 0 
9 825.849 0.302052 0.0224587 0.692698 -0.926116 -0.443943 -2.87229 -5.52014 -817.456 0 
3 824.364 0.296852 0.0223324 0.695347 -0.926987 -0.442036 -0.0459765 -6.0487 -818.269 0 
4 823.034 0.300994 0.0222142 0.687692 -0.860753 -0.558807 -1.54236 -5.64861 -815.843 0 
1 823.957 0.298957 0.0222986 0.688826 -0.862937 -0.532303 -2.06823 -5.96134 -815.927 0 
3 820.954 0.30447 0.022302 0.685697 -0.857237 -0.578673 -0.161564 -5.14793 -815.644 0 
3 822.108 0.30591 0.022221 0.683266 -0.836016 -0.644643 -1.45546 -5.1851 -815.467 0 
7 820.689 0.312621 0.0222 0.6792 -0.843982 -0.637765 -0.622552 -4.68629 -815.38 0 
2 821.07 0.314572 0.0221409 0.676713 -0.829038 -0.667978 -1.12901 -4.51868 -815.422 0 
8 820.761 0.309954 0.0222056 0.68067 -0.834794 -0.656951 -0.606356 -4.75814 -815.397 0 
4 823.893 0.308256 0.0222644 0.686507 -0.894965 -0.570715 -2.04065 -5.57588 -816.276 0 
3 823.042 0.30436 0.0222064 0.688639 -0.875129 -0.647071 -0.760561 -5.89129 -816.391 0 
3 822.909 0.299341 0.0223292 0.692079 -0.884877 -0.56224 -0.0634954 -6.07355 -816.772 0 
5 822.573 0.301202 0.0222514 0.68978 -0.890826 -0.528162 -0.3824 -5.6037 -816.587 0 
2 824.002 0.298681 0.022214 0.690242 -0.86942 -0.566293 -1.53014 -6.17834 -816.293 0 
4 821.907 0.304621 0.022191 0.685343 -0.859046 -0.59327 -0.977892 -5.22122 -815.708 0 
5 821.907 0.30594 0.0221764 0.684788 -0.858035 -0.611441 -1.083 -5.15249 -815.672 0 
3 821.934 0.302784 0.0222525 0.686786 -0.849485 -0.608491 -0.700468 -5.55534 -815.678 0 
2 822.573 0.300738 0.0223423 0.689496 -0.86038 -0.572437 -0.901628 -5.76933 -815.902 0 
4 823.514 0.301329 0.0225713 0.689755 -0.853647 -0.556014 -2.23383 -5.60288 -815.677 0 
4 822.352 0.30128 0.0225428 0.689908 -0.882725 -0.466749 -1.18199 -5.16142 -816.008 0 
1 820.433 0.308301 0.02227 0.682744 -0.871107 -0.523018 -0.202208 -4.66451 -815.566 0 
1 821.408 0.307359 0.0222813 0.68518 -0.886966 -0.522345 -0.502112 -4.99664 -815.91 0 
1 821.585 0.303594 0.0222966 0.688008 -0.894076 -0.496939 -0.11322 -5.17555 -816.296 0 
1 821.154 0.305553 0.0223165 0.686196 -0.900804 -0.450576 -0.126193 -4.90199 -816.126 0 
1 820.7 0.30524 0.0223011 0.684598 -0.877028 -0.468232 -0.367304 -4.6668 -815.666 0 
8 820.739 0.304297 0.0223933 0.684986 -0.875539 -0.453329 -0.386852 -4.70185 -815.65 0 
1 821.175 0.311344 0.0224072 0.681326 -0.889937 -0.437637 -0.950121 -4.6549 -815.57 0 
1 821.129 0.306665 0.0222347 0.682337 -0.885465 -0.425337 -0.973056 -4.50576 -815.65 0 
5 820.823 0.304745 0.0222879 0.683835 -0.89071 -0.386186 -0.573893 -4.51599 -815.733 0 
1 822.357 0.303472 0.0222814 0.682572 -0.869207 -0.385657 -2.14627 -4.68045 -815.53 0 
2 822.946 0.308487 0.022158 0.680305 -0.890836 -0.371175 -3.01826 -4.34064 -815.587 0 
1 821.843 0.313128 0.0221565 0.677682 -0.918242 -0.313201 -0.987028 -5.13757 -815.719 0 
2 821.014 0.311078 0.0223086 0.67924 -0.916088 -0.29252 -0.50095 -4.78582 -815.727 0 
1 822.123 0.308354 0.0223171 0.683477 -0.951508 -0.234552 -0.307745 -5.26563 -816.55 0 
3 823.419 0.304575 0.0223557 0.684791 -0.952268 -0.185723 -1.95102 -4.79241 -816.676 0 
6 822.76 0.302766 0.0224525 0.688459 -0.961894 -0.190585 -0.591705 -4.88965 -817.278 0 
1 822.109 0.30098 0.022432 0.689659 -0.949776 -0.223851 -0.219246 -4.74022 -817.15 0 
2 823.077 0.297133 0.022626 0.691367 -0.927671 -0.216895 -1.57122 -4.9043 -816.602 0 
1 823.146 0.301111 0.0226457 0.688374 -0.916738 -0.240375 -2.51933 -4.55714 -816.07 0 
1 823.72 0.312825 0.0224993 0.68061 -0.903623 -0.354261 -3.36142 -4.75874 -815.599 0 
4 821.008 0.304637 0.0225554 0.68382 -0.871512 -0.372609 -0.966503 -4.51649 -815.525 0 
1 821.214 0.30322 0.0225494 0.684593 -0.877841 -0.354828 -1.02993 -4.60969 -815.575 0 
1 822.348 0.302145 0.0226377 0.686553 -0.882436 -0.338756 -1.99972 -4.7204 -815.628 0 
3 823.389 0.297431 0.022617 0.691887 -0.891896 -0.372254 -1.74862 -5.4945 -816.146 0 
3 824.489 0.299484 0.0225971 0.688151 -0.86199 -0.398945 -3.32076 -5.60539 -815.563 0 
1 824.057 0.300448 0.0225554 0.686832 -0.849305 -0.438098 -2.8888 -5.66615 -815.502 0 
2 825.868 0.300057 0.0224187 0.684227 -0.831852 -0.444633 -4.04407 -6.26951 -815.554 0 
5 825.333 0.305616 0.0222892 0.683354 -0.859231 -0.471938 -5.24853 -4.60555 -815.479 0 
5 822.815 0.305617 0.0222458 0.683675 -0.873394 -0.456178 -2.67424 -4.56246 -815.578 0 
3 822.472 0.311296 0.0220787 0.677935 -0.856634 -0.539737 -2.61328 -4.44143 -815.418 0 
1 823.051 0.310765 0.022132 0.680248 -0.851286 -0.592507 -3.06927 -4.57024 -815.412 0 
3 822.448 0.303553 0.0222043 0.685957 -0.867647 -0.533556 -1.60525 -5.09042 -815.753 0 
1 823.047 0.315195 0.0220418 0.677215 -0.866962 -0.582699 -2.57599 -5.06246 -815.408 0 
7 821.32 0.306683 0.0222293 0.683238 -0.863921 -0.524342 -1.11381 -4.66845 -815.537 0 
1 822.233 0.310302 0.0221327 0.680596 -0.88185 -0.481183 -2.05346 -4.61538 -815.565 0 
5 820.718 0.313214 0.0222032 0.675961 -0.849373 -0.49334 -1.00803 -4.16458 -815.545 0 
1 821.464 0.306058 0.022286 0.680849 -0.842093 -0.493527 -1.32389 -4.66049 -815.48 0 
3 820.549 0.309791 0.0223762 0.678652 -0.852593 -0.462948 -0.825615 -4.21867 -815.505 0 
3 820.738 0.314216 0.0224948 0.675782 -0.832717 -0.492421 -0.797188 -4.04618 -815.895 0 
1 823.475 0.302929 0.0225945 0.686432 -0.852398 -0.467684 -2.91413 -5.07353 -815.487 0 
1 821.837 0.30163 0.0225433 0.688365 -0.880789 -0.438882 -1.00065 -4.9966 -815.839 0 
4 822.433 0.301769 0.0224351 0.688313 -0.902755 -0.399678 -1.25799 -4.91592 -816.259 0 
2 820.939 0.302508 0.0223753 0.686129 -0.864724 -0.480189 -0.279989 -5.03982 -815.619 0 
2 820.915 0.312191 0.022301 0.679992 -0.863483 -0.532352 -0.991334 -4.49956 -815.424 0 
2 821.386 0.306563 0.0222395 0.68215 -0.845151 -0.550563 -1.2432 -4.70364 -815.439 0 
1 820.768 0.312137 0.0222267 0.676484 -0.846096 -0.507162 -1.06256 -4.18309 -815.522 0 
1 821.636 0.316463 0.0222315 0.676954 -0.881538 -0.497232 -1.00509 -5.1895 -815.442 0 
5 820.966 0.315677 0.0222383 0.676957 -0.873512 -0.504806 -0.673313 -4.86661 -815.426 0 
14 820.066 0.313135 0.0223805 0.677692 -0.835142 -0.575213 -0.315861 -4.23416 -815.516 0 
2 825.54 0.316979 0.0223117 0.679208 -0.874118 -0.590343 -4.59873 -5.5176 -815.424 0 
1 823.822 0.319173 0.0224388 0.675687 -0.847927 -0.582467 -3.5345 -4.78443 -815.503 0 
1 824.705 0.325077 0.0223425 0.670376 -0.823655 -0.652742 -3.58603 -5.09476 -816.024 0 
1 825.717 0.328259 0.0223452 0.667488 -0.82295 -0.627715 -3.69681 -5.57257 -816.448 0 
1 822.897 0.323103 0.0222458 0.671376 -0.846395 -0.585759 -1.90662 -5.32536 -815.665 0 
1 824.192 0.325922 0.0220458 0.667848 -0.843597 -0.598856 -2.50995 -5.86375 -815.818 0 
9 823.628 0.323053 0.02204 0.67014 -0.855159 -0.569451 -2.43688 -5.62166 -815.57 0 
1 822.804 0.323796 0.022089 0.668689 -0.832346 -0.599247 -1.84409 -4.99004 -815.97 0 
3 820.969 0.308611 0.0222607 0.680796 -0.853101 -0.513896 -1.13044 -4.40057 -815.438 0 
1 820.072 0.306954 0.0224026 0.681739 -0.853996 -0.469992 -0.158503 -4.4499 -815.464 0 
4 820.888 0.308644 0.0224165 0.682013 -0.873459 -0.434211 -1.07912 -4.31659 -815.493 0 
4 822.44 0.304402 0.022449 0.686492 -0.884581 -0.427126 -2.07571 -4.62729 -815.737 0 
1 821.909 0.315202 0.0222884 0.677524 -0.880754 -0.450418 -1.71467 -4.73159 -815.463 0 
4 820.41 0.313787 0.0223432 0.677778 -0.881207 -0.415547 -0.400187 -4.5221 -815.488 0 
2 823.276 0.315608 0.022439 0.678147 -0.892028 -0.400023 -2.84938 -4.9205 -815.506 0 
5 821.191 0.317561 0.0222591 0.674901 -0.871658 -0.483825 -0.78344 -4.94522 -815.462 0 
3 821.346 0.31204 0.0222594 0.679445 -0.877361 -0.497352 -1.13795 -4.7188 -815.489 0 
4 821.901 0.310185 0.022297 0.680184 -0.87754 -0.468789 -1.85345 -4.53806 -815.509 0 
3 821.031 0.308693 0.0222269 0.680756 -0.882219 -0.438754 -1.00027 -4.46901 -815.562 0 
2 821.95 0.307984 0.0222959 0.682835 -0.915374 -0.357864 -1.15585 -4.79482 -815.999 0 
6 820.34 0.308186 0.0224337 0.682162 -0.905415 -0.317633 -0.212251 -4.42243 -815.705 0 
5 820.562 0.305092 0.0225214 0.683779 -0.884598 -0.349431 -0.575671 -4.39804 -815.588 0 
2 821.657 0.303557 0.0225104 0.686347 -0.908665 -0.32543 -1.11765 -4.53844 -816.001 0 
1 822.144 0.301631 0.0225851 0.685754 -0.888785 -0.309406 -1.77953 -4.68416 -815.68 0 
4 822.357 0.301365 0.0226508 0.686825 -0.902782 -0.260934 -1.9435 -4.59619 -815.817 0 
4 822.686 0.304782 0.0226219 0.685777 -0.92311 -0.243919 -2.22016 -4.44287 -816.023 0 
2 825.162 0.301802 0.0227623 0.684779 -0.907189 -0.17364 -4.83866 -4.57393 -815.749 0 
1 827.651 0.301131 0.0227571 0.690965 -0.969289 -0.11995 -5.57676 -4.72271 -817.352 0 
1 826.81 0.310717 0.0227061 0.681562 -0.92949 -0.178229 -6.17088 -4.83769 -815.801 0 
3 824.023 0.312016 0.0226912 0.677952 -0.888312 -0.246841 -3.84297 -4.446 -815.734 0 
1 821.582 0.316092 0.0224121 0.674503 -0.89674 -0.265813 -0.931613 -4.9355 -815.715 0 
1 821.302 0.317766 0.0223861 0.672174 -0.894669 -0.245796 -0.218665 -5.21462 -815.869 0 
10 821.391 0.318004 0.0222613 0.669799 -0.855412 -0.353152 -0.638637 -4.49609 -816.256 0 
2 821.448 0.313568 0.0222057 0.675969 -0.889127 -0.342285 -1.3888 -4.50376 -815.555 0 
3 821.908 0.315578 0.0223338 0.675996 -0.896097 -0.327377 -1.48228 -4.84765 -815.578 0 
2 821.899 0.31917 0.0223491 0.673461 -0.886171 -0.371615 -1.02702 -5.24929 -815.623 0 
1 820.887 0.310833 0.0224615 0.679532 -0.907899 -0.263217 -0.727756 -4.51809 -815.641 0 
3 824.006 0.304345 0.0225161 0.686264 -0.92838 -0.225837 -3.44027 -4.44407 -816.122 0 
2 822.259 0.304848 0.0225903 0.681604 -0.873144 -0.279135 -2.04485 -4.59683 -815.618 0 
1 823.014 0.307666 0.0226936 0.681328 -0.889357 -0.271646 -3.13348 -4.28101 -815.6 0 
2 823.852 0.306509 0.0226982 0.682616 -0.898985 -0.258052 -3.91161 -4.30505 -815.636 0 
5 826.459 0.303245 0.0226841 0.68456 -0.899671 -0.261974 -6.32538 -4.42472 -815.708 0 
3 826.728 0.300903 0.0226397 0.686823 -0.916213 -0.23252 -6.14241 -4.54052 -816.045 0 
2 825.935 0.304534 0.0224727 0.683681 -0.915352 -0.267207 -5.56795 -4.43846 -815.928 0 
1 821.549 0.307471 0.0224469 0.681571 -0.910202 -0.274251 -1.40871 -4.40529 -815.735 0 
6 821.4 0.302726 0.0223379 0.684463 -0.901019 -0.294308 -1.09734 -4.50345 -815.799 0 
3 821.222 0.312714 0.0222052 0.676651 -0.901853 -0.303091 -1.00706 -4.62431 -815.591 0 
2 822.852 0.297396 0.0225187 0.688283 -0.906642 -0.23175 -1.74606 -5.09272 -816.013 0 
2 824.108 0.294602 0.0225097 0.69138 -0.91489 -0.223039 -2.18479 -5.52068 -816.402 0 
1 821.196 0.303009 0.0224147 0.686899 -0.930685 -0.253519 -0.260807 -4.55001 -816.385 0 
5 821.495 0.304799 0.0224424 0.685337 -0.937249 -0.207439 -0.694185 -4.53316 -816.268 0 
2 821.421 0.303101 0.0224483 0.682646 -0.903554 -0.209505 -1.2365 -4.47537 -815.709 0 
3 821.528 0.301027 0.0224025 0.68611 -0.928893 -0.193668 -0.787225 -4.50446 -816.236 0 
1 822.978 0.30077 0.0223162 0.68758 -0.956608 -0.168574 -1.17335 -4.67703 -817.128 0 
1 822.459 0.305425 0.0221909 0.683372 -0.941206 -0.221619 -1.38304 -4.6806 -816.395 0 
2 821.545 0.309245 0.0222344 0.681389 -0.930437 -0.269296 -0.681962 -4.8458 -816.017 0 
1 822.507 0.308786 0.0222119 0.681788 -0.929512 -0.272604 -1.7051 -4.77165 -816.031 0 
1 823.56 0.296252 0.0223594 0.692658 -0.954699 -0.201727 -0.766186 -4.96824 -817.825 0 
1 822.226 0.30322 0.022556 0.687151 -0.942491 -0.196544 -1.16091 -4.56232 -816.502 0 
2 822.322 0.300441 0.0224998 0.687972 -0.930943 -0.222386 -1.27729 -4.58469 -816.46 0 
4 822.845 0.301583 0.0225829 0.68853 -0.942868 -0.198589 -1.60531 -4.57518 -816.665 0 
16 821.377 0.30802 0.0224418 0.683147 -0.936779 -0.222329 -0.515949 -4.75772 -816.103 0 
6 822.371 0.301646 0.0225555 0.688729 -0.945496 -0.19658 -1.03273 -4.59189 -816.746 0 
1 822.276 0.304919 0.0224624 0.68665 -0.954102 -0.195566 -0.692454 -4.82309 -816.76 0 
1 822.137 0.299503 0.0224352 0.689994 -0.930572 -0.261102 -0.661041 -4.74748 -816.728 0 
2 821.31 0.307115 0.0222255 0.682442 -0.914712 -0.329208 -0.766038 -4.59734 -815.947 0 
8 821.846 0.305895 0.0222228 0.682564 -0.902358 -0.354482 -1.53928 -4.48798 -815.819 0 
1 822.41 0.303567 0.0222427 0.685182 -0.907795 -0.365302 -1.60642 -4.68151 -816.122 0 
2 822.164 0.315394 0.0220753 0.674556 -0.861274 -0.498628 -2.21367 -4.48149 -815.469 0 
1 822.498 0.314091 0.0221404 0.673404 -0.844177 -0.475765 -2.68079 -4.10765 -815.71 0 
2 822.235 0.314528 0.0220781 0.675488 -0.870033 -0.471347 -2.26517 -4.51556 -815.455 0 
2 822.924 0.312578 0.0220525 0.676856 -0.873792 -0.464025 -3.00848 -4.45965 -815.456 0 
1 822.303 0.306854 0.0221657 0.681377 -0.873618 -0.462665 -2.2374 -4.51384 -815.552 0 
4 821.882 0.307709 0.0222278 0.680535 -0.854214 -0.517206 -1.9333 -4.50444 -815.445 0 
2 821.655 0.312366 0.0221963 0.67976 -0.883948 -0.509166 -1.09986 -4.9918 -815.563 0 
2 821.037 0.310897 0.0222545 0.681288 -0.877643 -0.509067 -0.81985 -4.68146 -815.535 0 
2 821.711 0.312821 0.0223008 0.678006 -0.847185 -0.523343 -2.02581 -4.19427 -815.491 0 
1 821.782 0.319771 0.0222225 0.671055 -0.814265 -0.5989 -1.466 -4.08155 -816.235 0 
1 820.718 0.320304 0.0223152 0.66984 -0.820419 -0.533837 -0.0955781 -4.15054 -816.472 0 
8 821.041 0.318911 0.0223324 0.669561 -0.800446 -0.560483 -0.128508 -3.94224 -816.97 0 
3 820.706 0.315409 0.0224096 0.67339 -0.806237 -0.558031 -0.267945 -4.01015 -816.428 0 
1 822.116 0.319681 0.0222987 0.670511 -0.801221 -0.599368 -1.46403 -3.93772 -816.714 0 
1 822.256 0.31864 0.0224326 0.669338 -0.79803 -0.538744 -1.04687 -3.97112 -817.238 0 
2 823.089 0.319361 0.0224828 0.66846 -0.7847 -0.532022 -0.847757 -4.12138 -818.12 0 
2 822.795 0.322838 0.0224143 0.666931 -0.789004 -0.563361 -0.759974 -4.04034 -817.994 0 
3 823.032 0.325319 0.0223511 0.665131 -0.79264 -0.562408 -0.666218 -4.24816 -818.117 0 
5 824.155 0.327903 0.0223577 0.663871 -0.803799 -0.532981 -1.24893 -4.79133 -818.115 0 
3 825.384 0.331791 0.0223337 0.659627 -0.789735 -0.550412 -0.727867 -5.2567 -819.4 0 
1 826.508 0.331179 0.0224475 0.659147 -0.789235 -0.471617 -0.691401 -5.44445 -820.372 0 
3 828.251 0.327403 0.0224384 0.65984 -0.773065 -0.457858 -1.9467 -5.07768 -821.227 0 
1 828.767 0.327376 0.0225563 0.660062 -0.774373 -0.433846 -2.00956 -5.27897 -821.478 0 
1 827.232 0.330843 0.0222939 0.656663 -0.765595 -0.516563 -0.558243 -5.03523 -821.638 0 
2 823.227 0.322715 0.0223231 0.664881 -0.803261 -0.459029 -0.607299 -4.3961 -818.224 0 
5 822.383 0.318619 0.0224575 0.669004 -0.820121 -0.407282 -0.75261 -4.32556 -817.305 0 
1 822.364 0.311415 0.0225056 0.674094 -0.848681 -0.296207 -1.53734 -4.50731 -816.319 0 
4 823.406 0.321554 0.0223631 0.665084 -0.816476 -0.401067 -0.957341 -4.5403 -817.908 0 
4 821.567 0.321895 0.0223165 0.667821 -0.854729 -0.366518 -0.0711501 -4.99092 -816.505 0 
1 821.711 0.310528 0.0223227 0.676745 -0.879916 -0.291395 -1.7802 -4.27425 -815.656 0 
1 823.007 0.311053 0.0222631 0.674532 -0.858685 -0.326067 -2.8616 -4.26748 -815.878 0 
3 826.608 0.313587 0.0221833 0.67006 -0.822594 -0.390807 -5.42157 -4.37767 -816.809 0 
1 826.666 0.320022 0.022269 0.664383 -0.811943 -0.39241 -4.11656 -4.49141 -818.058 0 
1 825.216 0.312671 0.0223418 0.67064 -0.812798 -0.409953 -3.74971 -4.46938 -816.996 0 
1 827.976 0.32152 0.0221603 0.665142 -0.830259 -0.42839 -6.502 -4.50504 -816.969 0 
1 822.775 0.318866 0.022188 0.668974 -0.836248 -0.454751 -2.21117 -4.2536 -816.31 0 
1 821.133 0.319094 0.0222623 0.669839 -0.853694 -0.394909 -0.452126 -4.53677 -816.144 0 
2 821.066 0.317281 0.022262 0.670725 -0.850879 -0.390409 -0.620474 -4.32285 -816.123 0 
4 823.12 0.323318 0.0222906 0.666905 -0.838043 -0.458315 -1.67998 -4.83898 -816.601 0 
1 820.855 0.31255 0.0224112 0.674152 -0.832564 -0.427566 -0.583768 -4.14732 -816.124 0 
11 820.88 0.315148 0.0222456 0.672773 -0.834456 -0.480651 -0.866715 -4.05209 -815.961 0 
1 820.622 0.31888 0.0222395 0.671754 -0.848514 -0.482971 -0.343977 -4.4532 -815.825 0 
1 821.955 0.316319 0.0223408 0.673491 -0.860689 -0.429247 -1.87363 -4.39984 -815.682 0 
6 821.879 0.318859 0.0222832 0.673333 -0.883758 -0.408162 -1.0575 -5.27261 -815.549 0 
1 820.569 0.315978 0.0223699 0.675331 -0.879029 -0.389976 -0.365345 -4.64163 -815.562 0 
3 820.93 0.319614 0.0222445 0.670676 -0.8598 -0.415878 -0.31095 -4.70536 -815.914 0 
1 822.544 0.320753 0.0221582 0.671103 -0.887006 -0.373275 -1.29542 -5.58987 -815.659 0 
8 820.124 0.308604 0.0224234 0.679267 -0.885642 -0.297019 -0.289523 -4.25332 -815.581 0 
1 820.647 0.31194 0.0223265 0.675512 -0.861245 -0.361 -0.739371 -4.17392 -815.734 0 
3 820.748 0.311095 0.0223835 0.675644 -0.864822 -0.333392 -0.805817 -4.20299 -815.74 0 
9 820.765 0.304829 0.022494 0.681844 -0.886466 -0.276442 -0.763863 -4.40864 -815.593 0 
1 822.306 0.320198 0.0221635 0.668985 -0.868666 -0.363697 -1.31533 -4.99839 -815.992 0 
3 823.834 0.325747 0.022127 0.664761 -0.853999 -0.412489 -1.55495 -5.72153 -816.557 0 
7 820.999 0.31273 0.0222819 0.675468 -0.889002 -0.284418 -0.918501 -4.43245 -815.648 0 
1 821.241 0.313951 0.0224179 0.677433 -0.899474 -0.309233 -0.950047 -4.70771 -815.583 0 
1 823.585 0.308422 0.0224337 0.68272 -0.924249 -0.242861 -3.16323 -4.55093 -815.871 0 
2 821.8 0.30599 0.0225466 0.681305 -0.881888 -0.272826 -1.79487 -4.40383 -815.601 0 
2 822.43 0.304871 0.0226131 0.684381 -0.900289 -0.265038 -2.39073 -4.36204 -815.677 0 
4 822.303 0.30734 0.0225215 0.684356 -0.93291 -0.250843 -1.45727 -4.71181 -816.134 0 
3 821.401 0.312316 0.0224841 0.679237 -0.905629 -0.304299 -1.1186 -4.67321 -815.609 0 
4 821.293 0.308323 0.0224765 0.683169 -0.916274 -0.306012 -0.849507 -4.58542 -815.858 0 
2 820.956 0.307393 0.0222441 0.681339 -0.904486 -0.327422 -0.797618 -4.42358 -815.735 0 
2 820.935 0.308068 0.0222504 0.681936 -0.91984 -0.30249 -0.366277 -4.63481 -815.934 0 
1 820.989 0.306616 0.0222917 0.682423 -0.91342 -0.284131 -0.740064 -4.41549 -815.833 0 
3 821.19 0.306585 0.0223697 0.682738 -0.913113 -0.26776 -1.00959 -4.38125 -815.799 0 
2 820.446 0.307683 0.0223665 0.682847 -0.914276 -0.311245 -0.0559598 -4.52915 -815.861 0 
3 821.673 0.301471 0.0225029 0.685834 -0.904425 -0.270723 -1.23614 -4.57267 -815.864 0 
2 821.494 0.309563 0.0223111 0.680934 -0.90897 -0.348208 -1.05215 -4.6814 -815.76 0 
1 822.143 0.311189 0.0221276 0.679827 -0.901833 -0.404778 -1.66468 -4.79275 -815.685 0 
1 821.334 0.308748 0.0221874 0.681383 -0.906247 -0.375112 -0.870507 -4.65726 -815.806 0 
2 823.82 0.309335 0.0221663 0.680961 -0.920856 -0.347298 -2.79727 -5.00665 -816.016 0 
3 825.991 0.305865 0.0222061 0.682173 -0.927244 -0.271784 -5.19601 -4.64599 -816.149 0 
2 826.232 0.305357 0.0222946 0.686215 -0.967744 -0.225815 -3.24021 -5.51817 -817.474 0 
5 824.35 0.308136 0.0221382 0.683856 -0.962058 -0.261324 -1.43617 -5.79766 -817.116 0 
3 822.139 0.301037 0.0223641 0.688521 -0.95121 -0.210825 -0.283557 -4.73076 -817.124 0 
1 821.586 0.304747 0.0223796 0.685936 -0.948297 -0.220859 -0.103994 -4.79379 -816.688 0 
1 821.354 0.309034 0.0224102 0.682153 -0.936983 -0.230704 -0.374187 -4.90491 -816.075 0 
1 822.381 0.305248 0.0225295 0.685656 -0.934598 -0.240266 -1.4849 -4.61377 -816.282 0 
2 822.33 0.30351 0.0224538 0.685845 -0.919949 -0.244264 -1.87992 -4.42839 -816.021 0 
4 821.408 0.312293 0.0223265 0.678451 -0.905996 -0.298262 -1.15889 -4.63739 -815.612 0 
4 821.93 0.305911 0.0224487 0.681662 -0.890194 -0.273158 -1.98302 -4.34787 -815.599 0 
2 820.09 0.313048 0.0223306 0.676289 -0.889257 -0.317224 -0.0449919 -4.45749 -815.587 0 
1 822.936 0.319108 0.0222671 0.672584 -0.885708 -0.345849 -2.08086 -5.15361 -815.701 0 
2 822.782 0.318237 0.0221557 0.671301 -0.86067 -0.406188 -2.40669 -4.51346 -815.862 0 
1 823.249 0.309219 0.0223522 0.674849 -0.836238 -0.362963 -2.55653 -4.54085 -816.152 0 
1 821.939 0.308489 0.0224501 0.676376 -0.845161 -0.34976 -1.5381 -4.46306 -815.938 0 
4 823.841 0.305892 0.0223847 0.677983 -0.841457 -0.380995 -3.35051 -4.729 -815.762 0 
6 827.681 0.307289 0.0222357 0.674862 -0.836514 -0.366082 -6.99195 -4.68253 -816.007 0 
2 827.252 0.31192 0.0222253 0.67089 -0.834472 -0.35476 -6.43498 -4.35799 -816.46 0 
1 824.053 0.316543 0.0222839 0.670895 -0.859997 -0.364031 -3.6757 -4.40117 -815.976 0 
1 823.841 0.314091 0.022323 0.674121 -0.88713 -0.308376 -3.63711 -4.56461 -815.639 0 
1 820.261 0.305837 0.0224186 0.683331 -0.908413 -0.291099 -0.0871774 -4.38126 -815.792 0 
1 824.009 0.298573 0.0225516 0.690316 -0.93701 -0.224766 -2.38708 -4.75282 -816.869 0 
1 823.239 0.306898 0.0224361 0.681664 -0.902054 -0.307305 -3.18347 -4.36799 -815.687 0 
2 823.591 0.301356 0.0226069 0.686691 -0.908495 -0.264133 -3.0959 -4.55845 -815.936 0 
2 822.67 0.306598 0.0225632 0.684007 -0.926748 -0.239817 -2.13312 -4.53963 -815.997 0 
6 822.281 0.303691 0.0225864 0.686083 -0.91747 -0.26419 -1.82095 -4.44809 -816.012 0 
11 820.918 0.307216 0.0225388 0.682503 -0.892861 -0.314625 -1.03489 -4.28737 -815.596 0 
4 821.815 0.306169 0.0225431 0.683279 -0.890688 -0.311976 -1.90362 -4.31461 -815.596 0 
1 820.436 0.310204 0.0224151 0.678284 -0.880425 -0.316319 -0.609153 -4.23622 -815.591 0 
4 821.226 0.313238 0.0224491 0.676952 -0.912639 -0.235922 -0.678796 -4.88454 -815.663 0 
3 820.87 0.310145 0.0222961 0.679496 -0.917966 -0.271733 -0.430371 -4.68409 -815.756 0 
1 822.239 0.311508 0.0224119 0.680323 -0.944617 -0.20204 -0.795102 -5.3983 -816.046 0 
1 821.908 0.312521 0.0224121 0.678861 -0.943301 -0.175212 -0.498693 -5.47612 -815.933 0 
1 821.084 0.30724 0.0224859 0.680803 -0.910803 -0.223274 -1.00894 -4.37024 -815.705 0 
4 822.951 0.315669 0.0221625 0.671226 -0.862602 -0.359713 -2.71821 -4.3444 -815.888 0 
3 821.748 0.312978 0.0222748 0.673593 -0.864236 -0.320193 -1.5898 -4.27147 -815.887 0 
2 821.21 0.311284 0.0223978 0.675376 -0.867262 -0.295276 -1.05725 -4.30406 -815.849 0 
6 820.791 0.307527 0.0223785 0.679697 -0.877614 -0.320653 -0.954716 -4.27347 -815.563 0 
3 820.342 0.306849 0.0224976 0.681361 -0.895584 -0.272197 -0.434795 -4.29439 -815.613 0 
1 821.244 0.307865 0.0224911 0.682836 -0.914542 -0.290745 -0.928808 -4.50101 -815.814 0 
4 821.64 0.306036 0.0226092 0.682411 -0.901696 -0.245068 -1.66011 -4.322 -815.658 0 
2 821.716 0.304083 0.0226288 0.683959 -0.902095 -0.233464 -1.62244 -4.40321 -815.69 0 
1 821.516 0.306602 0.0225567 0.679367 -0.87035 -0.272576 -1.32475 -4.491 -815.7 0 
12 821.276 0.310054 0.0225018 0.675789 -0.858415 -0.295055 -0.915083 -4.38996 -815.971 0 
2 822.184 0.31096 0.0225915 0.676552 -0.891736 -0.212269 -1.93576 -4.48293 -815.765 0 
4 821.913 0.309144 0.0225211 0.67961 -0.918822 -0.19318 -1.61725 -4.56093 -815.735 0 
2 820.706 0.310157 0.0224816 0.677683 -0.909621 -0.184704 -0.436363 -4.56538 -815.705 0 
10 821.307 0.309335 0.0224263 0.680157 -0.930828 -0.193663 -0.682358 -4.75651 -815.868 0 
4 821.411 0.315588 0.0222042 0.674522 -0.909311 -0.277094 -0.615709 -5.16921 -815.626 0 
3 821.576 0.310818 0.022208 0.6786 -0.930167 -0.227928 -0.780159 -4.94065 -815.855 0 
1 822.089 0.313614 0.0222358 0.677219 -0.928461 -0.259657 -0.895196 -5.41274 -815.781 0 
6 820.668 0.31089 0.0222736 0.6787 -0.912149 -0.274495 -0.38285 -4.61197 -815.673 0 
2 821.868 0.299136 0.022443 0.687736 -0.90557 -0.27394 -0.982811 -4.86312 -816.022 0 
1 822.698 0.29925 0.0225831 0.686502 -0.881365 -0.297441 -1.86511 -5.18651 -815.646 0 
1 822.693 0.304617 0.0224923 0.682287 -0.890637 -0.29352 -2.70694 -4.37145 -815.614 0 
1 823.607 0.298374 0.0226507 0.687256 -0.877959 -0.297854 -2.53379 -5.43915 -815.634 0 
1 824.574 0.296847 0.0225128 0.687496 -0.865283 -0.351721 -2.85689 -6.11171 -815.606 0 
2 823.342 0.299862 0.0224747 0.685357 -0.862551 -0.355064 -2.31493 -5.48656 -815.541 0 
2 825.873 0.297618 0.0224154 0.689528 -0.8875 -0.34406 -4.45968 -5.49958 -815.914 0 
1 825.486 0.298988 0.0224544 0.690358 -0.903623 -0.334852 -4.2372 -5.03656 -816.212 0 
2 822.563 0.300172 0.0224949 0.690566 -0.931055 -0.280565 -1.00874 -4.76275 -816.792 0 
2 823.34 0.304389 0.0224424 0.687678 -0.932342 -0.290726 -2.16964 -4.67502 -816.496 0 
4 821.896 0.299646 0.0223488 0.689532 -0.919865 -0.320936 -0.364543 -4.89288 -816.638 0 
2 823.043 0.296895 0.0225474 0.690089 -0.904841 -0.264007 -1.67945 -5.25554 -816.108 0 
3 822.738 0.297736 0.0225388 0.691123 -0.917224 -0.275483 -1.26274 -4.99912 -816.476 0 
1 821.458 0.300476 0.0223895 0.687278 -0.89998 -0.334929 -0.63705 -4.81197 -816.009 0 
1 821.691 0.302943 0.0224429 0.684027 -0.874854 -0.34645 -1.43311 -4.70149 -815.556 0 
5 821.24 0.304542 0.0223949 0.683217 -0.883066 -0.34007 -1.21137 -4.44808 -815.581 0 
3 820.99 0.308752 0.0222204 0.679658 -0.878389 -0.397452 -1.19901 -4.28105 -815.51 0 
3 821.495 0.303003 0.0224362 0.682858 -0.872909 -0.334991 -1.25733 -4.69007 -815.548 0 
2 821.368 0.305486 0.0224052 0.680121 -0.863089 -0.343626 -1.28082 -4.51306 -815.575 0 
2 821.745 0.308949 0.0224178 0.683157 -0.913249 -0.334895 -1.28692 -4.62173 -815.836 0 
3 821.052 0.309723 0.0225067 0.680939 -0.901888 -0.297731 -1.04438 -4.39002 -815.617 0 
5 822.189 0.305427 0.0226095 0.684734 -0.914388 -0.260833 -1.94619 -4.38939 -815.854 0 
3 822.429 0.309337 0.0226364 0.680043 -0.898026 -0.252712 -2.46222 -4.34356 -815.624 0 
2 822.666 0.30533 0.0226179 0.681141 -0.883876 -0.258263 -2.65087 -4.40533 -815.61 0 
6 822.109 0.307974 0.0223743 0.681359 -0.922093 -0.257828 -1.64068 -4.58855 -815.88 0 
2 822.167 0.310907 0.022469 0.679256 -0.928324 -0.203036 -1.46405 -4.90331 -815.799 0 
1 821.659 0.309906 0.0224388 0.680926 -0.932659 -0.223828 -0.837283 -4.89582 -815.926 0 
7 822.225 0.315849 0.0222814 0.676803 -0.928706 -0.273487 -0.65379 -5.83368 -815.738 0 
1 821.372 0.306473 0.0223176 0.682752 -0.930356 -0.244021 -0.664105 -4.60744 -816.1 0 
3 823.561 0.31032 0.0220642 0.678669 -0.910734 -0.337313 -3.10181 -4.7196 -815.739 0 
2 824.196 0.306299 0.0222143 0.685544 -0.962064 -0.257591 -1.33024 -5.56061 -817.305 0 
3 825.018 0.309268 0.0221048 0.683536 -0.961288 -0.293705 -1.70952 -6.15754 -817.151 0 
2 825.096 0.306068 0.022225 0.684334 -0.943372 -0.286676 -3.25423 -5.12182 -816.72 0 
1 823.68 0.308117 0.022084 0.681715 -0.919585 -0.358268 -2.6755 -4.90437 -816.1 0 
1 821.516 0.303958 0.0222616 0.685678 -0.92724 -0.297556 -0.473256 -4.6498 -816.393 0 
2 821.162 0.306411 0.0223104 0.684397 -0.919937 -0.321446 -0.450343 -4.61869 -816.093 0 
2 823.392 0.30985 0.0221718 0.681947 -0.924097 -0.33773 -2.39095 -4.96769 -816.033 0 
10 820.963 0.309511 0.0222517 0.679813 -0.900229 -0.325073 -0.948752 -4.39554 -815.619 0 
2 822.101 0.319361 0.0221217 0.670514 -0.866986 -0.413218 -1.49424 -4.8423 -815.765 0 
1 820.263 0.31408 0.0223177 0.674126 -0.860778 -0.381711 -0.299041 -4.20768 -815.757 0 
3 820.691 0.316807 0.0222093 0.672721 -0.852863 -0.455225 -0.643645 -4.30235 -815.745 0 
1 822.74 0.316051 0.0221602 0.671808 -0.823403 -0.514299 -2.57358 -4.00763 -816.158 0 
1 822.045 0.314767 0.0221668 0.674037 -0.838771 -0.503268 -2.22131 -4.08271 -815.741 0 
1 820.843 0.30847 0.0223128 0.678642 -0.836062 -0.491485 -0.85927 -4.39492 -815.589 0 
1 821.075 0.311015 0.0222812 0.680847 -0.881605 -0.466694 -0.996809 -4.55414 -815.524 0 
3 822.332 0.315554 0.0222126 0.677886 -0.899412 -0.433892 -1.43809 -5.33868 -815.555 0 
1 821.676 0.313763 0.0222863 0.679435 -0.905458 -0.406404 -0.840224 -5.18902 -815.647 0 
1 820.074 0.308209 0.0223419 0.682115 -0.891037 -0.396703 -0.0146865 -4.43349 -815.625 0 
2 821.208 0.303505 0.0225231 0.686548 -0.888209 -0.385387 -0.862364 -4.60347 -815.743 0 
9 820.486 0.314513 0.0223047 0.677355 -0.880527 -0.440449 -0.348299 -4.66772 -815.47 0 
3 820.009 0.308226 0.0223419 0.680803 -0.87045 -0.421259 -0.231535 -4.2901 -815.487 0 
9 820.175 0.308506 0.0223473 0.680467 -0.870786 -0.429681 -0.385065 -4.30584 -815.484 0 
4 821.358 0.311781 0.0222257 0.676775 -0.860206 -0.461297 -1.63973 -4.23355 -815.485 0 
5 821.889 0.311124 0.022116 0.678287 -0.875335 -0.464649 -1.95186 -4.46191 -815.475 0 
1 822.559 0.311882 0.0221138 0.675744 -0.850217 -0.483849 -2.8629 -4.17092 -815.525 0 
1 821.923 0.305301 0.0222413 0.681851 -0.864814 -0.447288 -1.86193 -4.55937 -815.502 0 
1 823.052 0.30713 0.0221373 0.680944 -0.850287 -0.528295 -3.03956 -4.57073 -815.442 0 
1 822.529 0.312915 0.0220623 0.678389 -0.865785 -0.562301 -2.33705 -4.75959 -815.433 0 
2 820.918 0.309009 0.0221988 0.681808 -0.880201 -0.491545 -0.660513 -4.65071 -815.606 0 
7 821.573 0.306672 0.0221846 0.684354 -0.884805 -0.514235 -0.763285 -4.93562 -815.874 0 
2 822.289 0.304324 0.0222268 0.684929 -0.874004 -0.513741 -1.54754 -4.96465 -815.777 0 
7 821.546 0.309858 0.0221393 0.681113 -0.873813 -0.537353 -1.19668 -4.77982 -815.569 0 
7 822.331 0.313073 0.0221088 0.675421 -0.819097 -0.630168 -2.46847 -4.26157 -815.601 0 
3 822.323 0.316747 0.0220589 0.673787 -0.81924 -0.683294 -2.33661 -4.41936 -815.567 0 
3 822.665 0.315681 0.0221003 0.673166 -0.800209 -0.69533 -2.5938 -4.18629 -815.885 0 
1 825.301 0.323572 0.0220831 0.671709 -0.841479 -0.673766 -4.10901 -5.71207 -815.48 0 
1 825.118 0.322004 0.0220479 0.673029 -0.860258 -0.625724 -3.76792 -5.98368 -815.367 0 
2 822.168 0.315747 0.0221698 0.676342 -0.847605 -0.627956 -1.94446 -4.85104 -815.373 0 
4 820.764 0.316733 0.0221967 0.67525 -0.82313 -0.683492 -0.753472 -4.50519 -815.505 0 
4 820.918 0.312356 0.0222379 0.680153 -0.841705 -0.657375 -0.796626 -4.74128 -815.38 0 
7 822.244 0.304779 0.0224802 0.687941 -0.869471 -0.56991 -1.24051 -5.16604 -815.838 0 
1 820.259 0.309627 0.0224494 0.680702 -0.828928 -0.590076 -0.32691 -4.45409 -815.478 0 
6 820.2 0.310905 0.0223755 0.680166 -0.848152 -0.544291 -0.442687 -4.32933 -815.428 0 
2 820.897 0.309102 0.0225274 0.68082 -0.855699 -0.464648 -1.15524 -4.26756 -815.474 0 
5 821.047 0.307611 0.0224745 0.680205 -0.828126 -0.502162 -0.787019 -4.60808 -815.652 0 
3 820.036 0.310264 0.0223939 0.679038 -0.843093 -0.497211 -0.281359 -4.22109 -815.534 0 
1 821.608 0.31687 0.0224287 0.675195 -0.837121 -0.534972 -1.69133 -4.16661 -815.75 0 
5 822.402 0.311516 0.0226352 0.678943 -0.848581 -0.443557 -2.63294 -4.12481 -815.644 0 
3 822.163 0.314253 0.022567 0.676408 -0.849172 -0.452368 -2.32191 -4.13065 -815.711 0 
9 822.186 0.313435 0.0225828 0.675615 -0.824914 -0.491982 -2.06586 -4.06244 -816.058 0 
3 821.618 0.313711 0.0225328 0.677312 -0.851932 -0.469542 -1.86001 -4.16706 -815.591 0 
4 821.524 0.317726 0.0225147 0.672475 -0.823788 -0.49941 -1.1163 -4.04576 -816.362 0 
1 820.523 0.309172 0.0225033 0.679132 -0.840205 -0.467762 -0.622842 -4.28225 -815.618 0 
1 821.055 0.312906 0.0225213 0.678158 -0.854274 -0.466251 -1.33957 -4.16794 -815.548 0 
1 821.885 0.311143 0.0224867 0.680178 -0.86007 -0.460297 -2.20508 -4.20065 -815.479 0 
3 823.554 0.314479 0.0224544 0.678559 -0.856877 -0.505583 -3.7768 -4.3041 -815.473 0 
1 823.676 0.317199 0.0223323 0.676009 -0.839073 -0.583726 -3.77755 -4.33882 -815.56 0 
1 821.347 0.313359 0.0222818 0.674389 -0.795504 -0.620492 -0.865703 -4.21486 -816.266 0 
3 821.197 0.311052 0.0222057 0.678491 -0.828813 -0.605781 -1.35273 -4.36909 -815.476 0 
2 819.856 0.312237 0.0223137 0.677861 -0.830003 -0.593148 -0.0712098 -4.27033 -815.514 0 
4 820.244 0.312175 0.022394 0.675963 -0.820085 -0.535134 -0.194833 -4.14872 -815.9 0 
1 820.675 0.316795 0.0224259 0.672489 -0.799327 -0.592454 -0.143907 -3.95209 -816.579 0 
7 819.914 0.310748 0.0223674 0.679271 -0.829589 -0.593697 -0.062192 -4.36649 -815.485 0 
3 820.301 0.314045 0.0222912 0.677004 -0.838619 -0.591663 -0.491895 -4.34789 -815.462 0 
3 822.121 0.315614 0.0223364 0.67336 -0.8164 -0.579313 -2.09856 -4.03349 -815.989 0 
4 820.905 0.320024 0.0222542 0.672423 -0.819908 -0.651638 -0.675793 -4.41228 -815.816 0 
3 820.458 0.318138 0.0223082 0.671721 -0.798044 -0.638111 -0.072012 -3.94903 -816.437 0 
5 819.958 0.313514 0.0223191 0.676291 -0.817543 -0.607516 -0.0785946 -4.15426 -815.725 0 
1 822.736 0.307371 0.0224621 0.67821 -0.791014 -0.588289 -1.24843 -5.3034 -816.184 0 
3 822.171 0.307886 0.0225298 0.67837 -0.802556 -0.544166 -1.11524 -4.96518 -816.091 0 
2 820.973 0.309023 0.0225573 0.679679 -0.829921 -0.500379 -0.908064 -4.38669 -815.678 0 
1 822.423 0.310929 0.0225616 0.681107 -0.85491 -0.496131 -2.72448 -4.24469 -815.454 0 
8 820.683 0.310101 0.022501 0.678714 -0.821355 -0.536118 -0.572903 -4.3484 -815.762 0 
1 821.553 0.316631 0.0223526 0.672691 -0.809543 -0.597682 -1.39026 -3.99718 -816.166 0 
3 821.464 0.307603 0.0224256 0.680468 -0.821451 -0.581248 -1.21252 -4.71373 -815.538 0 
2 823.701 0.303235 0.0225801 0.683232 -0.808363 -0.571583 -2.18563 -5.8804 -815.635 0 
2 821.072 0.304209 0.0224786 0.684595 -0.830453 -0.571144 -0.373173 -5.24701 -815.451 0 
1 822.877 0.299872 0.0225662 0.689737 -0.865701 -0.470736 -1.62003 -5.52891 -815.728 0 
1 821.437 0.312115 0.0223639 0.680153 -0.84497 -0.584644 -1.6358 -4.39466 -815.407 0 
1 823.522 0.310529 0.022234 0.67629 -0.812307 -0.599882 -3.39664 -4.39272 -815.733 0 
2 824.5 0.312934 0.0221825 0.676194 -0.840659 -0.579073 -4.67674 -4.37618 -815.447 0 
1 822.919 0.306314 0.0221681 0.683465 -0.868762 -0.556762 -2.25414 -4.97147 -815.693 0 
1 823.175 0.299579 0.0222837 0.69142 -0.88367 -0.567188 -0.382256 -6.06377 -816.729 0 
2 822.708 0.308805 0.022136 0.684089 -0.893929 -0.549105 -1.1869 -5.42516 -816.096 0 
1 823.025 0.31084 0.0221204 0.682035 -0.869972 -0.607186 -2.29599 -5.11064 -815.618 0 
3 822.828 0.312596 0.0221619 0.681569 -0.886263 -0.584776 -1.41344 -5.64489 -815.77 0 
3 822.937 0.300121 0.0223555 0.691878 -0.911325 -0.467189 -0.169543 -5.59587 -817.172 0 
1 823.373 0.302745 0.0223063 0.687846 -0.892761 -0.493381 -1.81322 -5.24913 -816.311 0 
3 823.065 0.310329 0.0220753 0.681924 -0.875491 -0.586771 -2.24093 -5.13563 -815.689 0 
1 822.752 0.307891 0.0221633 0.683702 -0.860475 -0.606508 -2.18617 -4.96233 -815.604 0 
3 821.122 0.307536 0.0222504 0.68301 -0.870129 -0.535989 -0.736341 -4.77803 -815.608 0 
1 823.504 0.312548 0.0221856 0.681201 -0.871829 -0.587508 -2.93442 -5.03883 -815.531 0 
1 824.748 0.306239 0.0223632 0.68603 -0.874282 -0.515619 -4.31962 -4.74118 -815.687 0 
1 825.881 0.2924 0.0225079 0.697621 -0.888841 -0.47541 -1.43826 -7.28555 -817.157 0 
1 826.008 0.292108 0.0224953 0.697242 -0.904416 -0.430638 -1.46571 -6.92903 -817.613 0 
1 824.51 0.294721 0.022486 0.695292 -0.901329 -0.445377 -0.949231 -6.33673 -817.224 0 
2 824.397 0.299223 0.0224124 0.693792 -0.911034 -0.474732 -1.35306 -5.71264 -817.332 0 
4 824.811 0.303502 0.0222973 0.690851 -0.917951 -0.497022 -1.85486 -5.68921 -817.267 0 
9 824.711 0.299797 0.0223297 0.693781 -0.927751 -0.477931 -0.471553 -6.06827 -818.171 0 
1 823.594 0.300802 0.0223189 0.691089 -0.903069 -0.511691 -0.821219 -5.74236 -817.031 0 
3 823.009 0.299799 0.0223711 0.692453 -0.911582 -0.460926 -0.263451 -5.56755 -817.178 0 
1 822.738 0.30112 0.0223191 0.691069 -0.921118 -0.428629 -0.132583 -5.3842 -817.222 0 
2 822.21 0.304157 0.0222498 0.683627 -0.875257 -0.445632 -1.88263 -4.69071 -815.636 0 
3 822.596 0.311687 0.0221069 0.676605 -0.852802 -0.510794 -2.86681 -4.27666 -815.453 0 
2 821.462 0.305453 0.0222736 0.682947 -0.882116 -0.421948 -1.29029 -4.53087 -815.641 0 
2 821.333 0.306294 0.0222024 0.683057 -0.893537 -0.413267 -0.989241 -4.56749 -815.777 0 
2 820.707 0.307457 0.0222658 0.680439 -0.869559 -0.41886 -0.892311 -4.32386 -815.491 0 
11 819.908 0.310819 0.0223431 0.677571 -0.868103 -0.387254 -0.179286 -4.18067 -815.548 0 
1 819.802 0.310673 0.0223934 0.678944 -0.871439 -0.400572 -0.0828829 -4.21334 -815.506 0 
1 820.376 0.310628 0.0222982 0.677598 -0.869977 -0.378538 -0.643259 -4.18459 -815.548 0 
3 821.279 0.307729 0.0223255 0.678546 -0.858268 -0.377455 -1.3677 -4.3209 -815.59 0 
9 822.121 0.311649 0.0222936 0.675422 -0.855012 -0.412958 -2.34302 -4.12986 -815.648 0 
6 820.494 0.3149 0.0223584 0.676744 -0.881257 -0.406351 -0.3822 -4.60749 -815.504 0 
1 820.566 0.311574 0.0224456 0.679646 -0.877506 -0.409404 -0.764721 -4.31085 -815.491 0 
5 820.133 0.31063 0.0224718 0.679184 -0.859884 -0.438448 -0.440686 -4.18439 -815.508 0 
3 821.117 0.308083 0.0225588 0.679116 -0.841472 -0.409727 -0.934991 -4.43499 -815.747 0 
1 821.443 0.317421 0.0222587 0.675459 -0.878025 -0.460831 -0.99094 -4.98641 -815.466 0 
7 820.706 0.313346 0.0221793 0.676507 -0.858648 -0.493845 -0.939403 -4.30274 -815.464 0 
4 821.316 0.308648 0.0224686 0.683566 -0.887266 -0.437043 -1.1784 -4.51528 -815.623 0 
2 820.078 0.307891 0.0224116 0.682565 -0.867179 -0.473575 -0.173544 -4.42045 -815.484 0 
3 820.52 0.305758 0.0223691 0.683845 -0.859973 -0.496871 -0.383512 -4.64191 -815.494 0 
4 820.7 0.306225 0.0223597 0.684023 -0.860283 -0.516085 -0.540993 -4.65523 -815.504 0 
1 820.084 0.30899 0.0222805 0.681061 -0.85805 -0.524329 -0.181788 -4.4602 -815.442 0 
6 821.865 0.312084 0.022182 0.680876 -0.896637 -0.487928 -0.912596 -5.2168 -815.735 0 
1 822.045 0.317551 0.0221241 0.673937 -0.865736 -0.515121 -1.68238 -4.91781 -815.445 0 
6 821.83 0.314181 0.0221126 0.676769 -0.876438 -0.490699 -1.60912 -4.77529 -815.446 0 
1 822.157 0.306048 0.0222006 0.683399 -0.891109 -0.444108 -1.62867 -4.70226 -815.826 0 
6 822.182 0.302964 0.0222286 0.686994 -0.895883 -0.461977 -0.890723 -5.05412 -816.237 0 
3 823.68 0.297875 0.0223449 0.691884 -0.922326 -0.371609 -1.02313 -5.38534 -817.272 0 
3 825.141 0.298372 0.0222183 0.689447 -0.89496 -0.439588 -3.09419 -5.54186 -816.505 0 
2 825.513 0.304325 0.0220818 0.683847 -0.882066 -0.489127 -4.71191 -4.92845 -815.872 0 
5 822.466 0.302483 0.0222582 0.684469 -0.857175 -0.485777 -1.82166 -5.10365 -815.541 0 
7 821.311 0.304942 0.0222802 0.683169 -0.873381 -0.444596 -1.12853 -4.59951 -815.583 0 
2 822.103 0.30056 0.0223089 0.686884 -0.887624 -0.392263 -1.20824 -4.99201 -815.903 0 
1 821.431 0.311758 0.0221345 0.678349 -0.877863 -0.460066 -1.45652 -4.49651 -815.478 0 
3 822.399 0.307013 0.0222906 0.678523 -0.842331 -0.428219 -2.24166 -4.52449 -815.633 0 
1 822.008 0.308279 0.0222202 0.678644 -0.847922 -0.461303 -2.15706 -4.33089 -815.52 0 
2 822.133 0.319858 0.0221301 0.670222 -0.84496 -0.484521 -1.7044 -4.47026 -815.959 0 
2 824.225 0.317048 0.0220249 0.67104 -0.841211 -0.506884 -4.21341 -4.22465 -815.787 0 
2 823.092 0.316811 0.0221022 0.671422 -0.816116 -0.568453 -2.96521 -3.99219 -816.134 0 
2 823.201 0.321948 0.0220632 0.670932 -0.844554 -0.59534 -2.47945 -5.10838 -815.613 0 
2 822.197 0.31569 0.0221699 0.674118 -0.821257 -0.595052 -2.32574 -4.075 -815.797 0 
2 821.885 0.315728 0.0220903 0.675766 -0.860535 -0.550885 -1.76952 -4.71071 -815.405 0 
1 822.709 0.317218 0.0220913 0.673949 -0.851514 -0.578135 -2.50487 -4.77293 -815.431 0 
1 822.357 0.315253 0.0221547 0.676605 -0.866905 -0.55189 -2.00537 -4.94867 -815.403 0 
3 822.115 0.313249 0.022207 0.677845 -0.887721 -0.447071 -1.76159 -4.84208 -815.511 0 
7 822.524 0.307164 0.022356 0.680968 -0.882237 -0.383585 -2.63172 -4.34167 -815.55 0 
1 822.468 0.307961 0.0223868 0.679102 -0.86926 -0.376175 -2.70315 -4.24317 -815.522 0 
1 822.861 0.30714 0.0224888 0.681605 -0.891047 -0.33612 -2.95358 -4.31452 -815.593 0 
7 821.37 0.308193 0.0224094 0.683108 -0.919394 -0.291889 -0.903841 -4.57346 -815.893 0 
2 822.681 0.307236 0.0224046 0.680214 -0.877094 -0.311773 -2.79197 -4.31457 -815.574 0 
2 823.253 0.302628 0.0225386 0.684955 -0.903746 -0.227109 -2.9944 -4.52211 -815.736 0 
3 822.894 0.299721 0.0226482 0.686972 -0.907255 -0.197844 -2.26552 -4.79218 -815.836 0 
2 823.719 0.298215 0.0226548 0.688173 -0.908927 -0.189037 -2.81499 -4.996 -815.908 0 
3 821.767 0.308013 0.0225435 0.678258 -0.876282 -0.244323 -1.56183 -4.44849 -815.757 0 
3 822.665 0.30811 0.0226181 0.676712 -0.861801 -0.240851 -1.9401 -4.68103 -816.044 0 
1 822.884 0.305428 0.0226775 0.680181 -0.879381 -0.222267 -2.59499 -4.58163 -815.708 0 
2 822.998 0.30588 0.0227142 0.680777 -0.884533 -0.219063 -2.81546 -4.49989 -815.683 0 
1 822.421 0.309425 0.0225553 0.675271 -0.842901 -0.310988 -1.54365 -4.61194 -816.265 0 
9 822.594 0.307893 0.0226165 0.67831 -0.855147 -0.329097 -2.40113 -4.40473 -815.788 0 
1 824.814 0.305604 0.0226922 0.681605 -0.887066 -0.257255 -4.85029 -4.35636 -815.608 0 
2 823.685 0.314084 0.0226556 0.674771 -0.872404 -0.281111 -3.29626 -4.44065 -815.948 0 
4 822.031 0.307019 0.0226459 0.67975 -0.872612 -0.27543 -1.94821 -4.40358 -815.679 0 
3 821.78 0.310662 0.0225711 0.676022 -0.859211 -0.310797 -1.57848 -4.28783 -815.914 0 
2 820.846 0.313199 0.0225324 0.675091 -0.854353 -0.358554 -0.712369 -4.19121 -815.942 0 
1 820.53 0.305306 0.0224556 0.683002 -0.879475 -0.354749 -0.577448 -4.40117 -815.551 0 
1 820.992 0.307865 0.0223668 0.682658 -0.916368 -0.290233 -0.644845 -4.5008 -815.846 0 
2 821.178 0.307154 0.0222566 0.68269 -0.928211 -0.276056 -0.390477 -4.68115 -816.106 0 
8 820.677 0.307267 0.0223978 0.682248 -0.920029 -0.259747 -0.301874 -4.49887 -815.876 0 
2 820.006 0.310387 0.0223628 0.679145 -0.897814 -0.31525 -0.01846 -4.40145 -815.586 0 
3 821.052 0.315138 0.0221969 0.674954 -0.886277 -0.365971 -0.851941 -4.65168 -815.548 0 
8 821.102 0.310681 0.0222407 0.676754 -0.872106 -0.359431 -1.33874 -4.19225 -815.571 0 
5 820.736 0.308127 0.0224176 0.680058 -0.901007 -0.27426 -0.781623 -4.32477 -815.63 0 
6 820.233 0.31166 0.0224128 0.67752 -0.883792 -0.335046 -0.358861 -4.31115 -815.563 0 
6 820.234 0.316013 0.0223899 0.673969 -0.864483 -0.384437 -0.100973 -4.36692 -815.766 0 
1 820.656 0.318167 0.0222772 0.672665 -0.857094 -0.446434 -0.410191 -4.48315 -815.763 0 
1 820.549 0.317179 0.0222729 0.67353 -0.873665 -0.395268 -0.251607 -4.66129 -815.636 0 
8 820.45 0.309484 0.0223773 0.677674 -0.852484 -0.398541 -0.573244 -4.22132 -815.655 0 
2 821.07 0.32045 0.022387 0.670157 -0.843076 -0.441184 -0.278514 -4.49686 -816.295 0 
5 823.066 0.325999 0.0221678 0.663892 -0.809017 -0.539103 -0.934565 -4.60712 -817.525 0 
1 822.715 0.3232 0.0222977 0.66719 -0.83662 -0.467066 -1.349 -4.78326 -816.582 0 
6 823.201 0.326233 0.022139 0.664879 -0.829153 -0.519916 -1.28493 -5.13657 -816.779 0 
2 823.895 0.318069 0.0221077 0.669362 -0.828555 -0.471762 -3.38799 -4.10648 -816.401 0 
1 823.204 0.317718 0.0220571 0.671986 -0.864665 -0.441624 -2.97956 -4.59017 -815.634 0 
5 821.971 0.317256 0.0221189 0.673968 -0.881982 -0.425729 -1.5064 -4.9654 -815.499 0 
3 823.155 0.319297 0.0220925 0.669934 -0.859985 -0.436355 -2.6328 -4.71913 -815.803 0 
2 822.916 0.313899 0.0221348 0.674631 -0.89261 -0.33904 -2.70437 -4.65681 -815.555 0 
3 822.235 0.312524 0.0221444 0.675911 -0.892629 -0.342076 -2.1677 -4.51897 -815.548 0 
1 821.61 0.312476 0.0222206 0.677826 -0.920171 -0.285797 -0.830781 -5.0464 -815.732 0 
1 822.848 0.311357 0.0221285 0.678266 -0.933307 -0.245876 -1.77356 -5.15524 -815.919 0 
2 822.056 0.307085 0.0222419 0.679651 -0.90539 -0.244136 -2.0571 -4.32943 -815.67 0 
5 822.919 0.310214 0.0222477 0.676627 -0.896979 -0.234911 -2.86137 -4.40069 -815.657 0 
5 823.319 0.314379 0.022104 0.673098 -0.893645 -0.281496 -2.99649 -4.6651 -815.658 0 
1 823.471 0.313102 0.022218 0.672053 -0.878642 -0.23746 -2.9731 -4.5345 -815.964 0 
4 823.828 0.301993 0.0224206 0.681959 -0.88475 -0.22554 -3.34799 -4.85163 -815.628 0 
1 824.963 0.300075 0.0223967 0.683183 -0.878174 -0.253448 -4.14599 -5.21385 -815.604 0 
3 826.396 0.294042 0.0224312 0.689917 -0.930428 -0.149136 -4.50152 -5.26806 -816.626 0 
1 823.508 0.296378 0.0225359 0.690068 -0.945551 -0.124567 -1.8778 -4.77144 -816.859 0 
1 822.447 0.304752 0.0223672 0.68324 -0.928831 -0.176175 -2.03958 -4.42864 -815.979 0 
1 821.741 0.302379 0.0224913 0.685276 -0.914162 -0.214665 -1.39029 -4.46747 -815.883 0 
2 823.451 0.304245 0.0224173 0.684106 -0.907844 -0.250295 -3.29184 -4.38715 -815.772 0 
1 820.801 0.315983 0.022313 0.673896 -0.889407 -0.300888 -0.342053 -4.77033 -815.688 0 
1 823.851 0.30684 0.0224385 0.681219 -0.889928 -0.273641 -3.93332 -4.3215 -815.596 0 
2 822.76 0.314728 0.0224327 0.675348 -0.883096 -0.295936 -2.50191 -4.52132 -815.737 0 
3 821.546 0.316445 0.0222705 0.67471 -0.909682 -0.277256 -0.610402 -5.305 -815.631 0 
3 820.73 0.311584 0.0224523 0.679014 -0.903257 -0.286463 -0.597268 -4.52494 -815.608 0 
1 821.137 0.30862 0.0225736 0.678277 -0.879164 -0.255178 -1.08254 -4.34624 -815.708 0 
1 820.789 0.30746 0.0224914 0.678939 -0.876406 -0.275764 -0.785475 -4.35138 -815.652 0 
1 822.57 0.308455 0.0224505 0.676958 -0.858058 -0.297938 -2.19796 -4.48918 -815.883 0 
3 822.425 0.315879 0.0223313 0.669879 -0.848668 -0.323875 -1.53047 -4.40175 -816.493 0 
11 822.256 0.307052 0.0224034 0.677295 -0.873622 -0.250903 -2.05237 -4.46546 -815.739 0 
4 821.383 0.305618 0.0225135 0.679896 -0.899033 -0.180128 -1.22323 -4.47293 -815.687 0 
1 823.765 0.314366 0.022534 0.670806 -0.879499 -0.164273 -2.32498 -5.02599 -816.414 0 
4 824.035 0.305776 0.0227262 0.679944 -0.916558 -0.0803037 -3.50718 -4.71666 -815.811 0 
2 824.995 0.306274 0.0227385 0.679887 -0.921469 -0.0749745 -4.45882 -4.71327 -815.823 0 
1 823.935 0.303061 0.022673 0.680704 -0.913202 -0.0563131 -3.15924 -4.9495 -815.826 0 
1 826.06 0.294958 0.0226461 0.687772 -0.93961 -0.00411965 -4.51232 -5.27565 -816.272 0 
2 824.715 0.301039 0.0224134 0.681995 -0.925524 -0.0638872 -4.05224 -4.76768 -815.895 0 
1 823.482 0.305775 0.0224195 0.682097 -0.959056 -0.0366349 -2.34008 -4.87518 -816.267 0 
1 822.381 0.31005 0.0224984 0.679927 -0.961146 -0.0536111 -0.74057 -5.48293 -816.158 0 
2 823.327 0.310094 0.0224728 0.679733 -0.964154 -0.0324384 -1.57395 -5.57263 -816.18 0 
1 823.661 0.310146 0.022431 0.679851 -0.982549 -0.0128649 -0.967336 -6.13529 -816.558 0 
1 824.685 0.306263 0.0222914 0.681084 -0.97537 -0.0315229 -2.77467 -5.24373 -816.666 0 
10 824.533 0.308141 0.0222783 0.679377 -0.975209 -0.0219032 -2.47728 -5.55137 -816.505 0 
1 823.643 0.303588 0.0223055 0.681853 -0.96085 -0.0299859 -2.5007 -4.73086 -816.412 0 
1 823.086 0.303434 0.022374 0.68148 -0.946518 -0.0360048 -2.30303 -4.67442 -816.108 0 
2 824.179 0.30567 0.0223463 0.683352 -0.997503 0.00755418 -1.15374 -5.66564 -817.36 0 
1 824.56 0.303998 0.0222275 0.681969 -0.977444 0.00373406 -2.80701 -4.98689 -816.767 0 
1 824.1 0.304819 0.0223422 0.682523 -0.974578 0.00651676 -2.46348 -5.02795 -816.608 0 
1 827.77 0.300428 0.0223132 0.686687 -0.992124 0.0421208 -5.44311 -4.85055 -817.476 0 
1 827.079 0.307493 0.0223454 0.682338 -1.00041 0.0555617 -4.00847 -5.99481 -817.076 0 
1 826.766 0.302453 0.0223715 0.687387 -1.00218 0.0220257 -3.74621 -5.17381 -817.846 0 
1 824.785 0.29953 0.0224198 0.684805 -0.964591 0.0295054 -3.45676 -4.74757 -816.58 0 
1 826.235 0.300637 0.0222424 0.68413 -0.965696 -0.0122922 -4.89708 -4.64383 -816.694 0 
2 823.846 0.304303 0.0223305 0.680688 -0.950755 -0.0210905 -2.94512 -4.77029 -816.13 0 
2 823.794 0.30538 0.0222662 0.68142 -0.975239 -0.0179298 -2.01182 -5.10659 -816.676 0 
7 824.486 0.311815 0.0221393 0.677116 -0.977736 -0.042265 -1.73619 -6.33452 -816.415 0 
1 823.708 0.304662 0.022287 0.680374 -0.943925 -0.0582941 -2.99613 -4.66043 -816.052 0 
1 823.643 0.298005 0.0224664 0.687703 -0.980325 0.0275924 -1.67472 -4.67701 -817.291 0 
3 825.286 0.296242 0.022501 0.687927 -0.97321 0.034171 -3.44023 -4.71742 -817.128 0 
1 822.256 0.303342 0.0223233 0.684846 -0.968569 -0.0845659 -0.584456 -4.77547 -816.896 0 
2 823.083 0.300568 0.0225253 0.686673 -0.969651 -0.0321503 -1.52113 -4.63226 -816.929 0 
2 821.44 0.304455 0.0224435 0.6822 -0.943135 -0.0863817 -0.768904 -4.57898 -816.092 0 
2 821.689 0.31466 0.0223735 0.67411 -0.928836 -0.114624 -0.260322 -5.58986 -815.839 0 
6 822.761 0.319089 0.0223115 0.670936 -0.934043 -0.116108 -0.0835916 -6.7735 -815.904 0 
3 822.877 0.31897 0.0223853 0.670804 -0.933152 -0.0940405 -0.11438 -6.79342 -815.969 0 
2 822.858 0.317856 0.0224013 0.672333 -0.940804 -0.0820331 -0.223174 -6.70961 -815.926 0 
2 825.072 0.319946 0.0224496 0.672192 -0.950503 -0.0744638 -1.49298 -7.62526 -815.954 0 
5 823.837 0.315705 0.0225169 0.671963 -0.926842 -0.0326985 -1.48508 -6.21848 -816.134 0 
2 823.717 0.316123 0.02233 0.66952 -0.913774 -0.0628095 -1.46116 -6.00996 -816.246 0 
15 822.812 0.317874 0.0223874 0.670705 -0.930066 -0.067002 -0.213204 -6.54648 -816.052 0 
2 822.899 0.310337 0.0223496 0.675504 -0.922609 -0.0849964 -2.05589 -4.99559 -815.847 0 
1 822.05 0.306307 0.0224746 0.679998 -0.944838 -0.0324159 -1.18408 -4.87102 -815.995 0 
2 821.875 0.303039 0.0224597 0.683743 -0.96019 -0.0332238 -0.755272 -4.68267 -816.437 0 
4 821.302 0.309338 0.0224058 0.678154 -0.937705 -0.100467 -0.490167 -4.92801 -815.883 0 
3 821.532 0.31206 0.0223982 0.674508 -0.915958 -0.123862 -0.707693 -4.99864 -815.826 0 
2 821.352 0.308398 0.022423 0.677981 -0.91623 -0.149685 -1.05173 -4.55785 -815.742 0 
1 824.081 0.323799 0.0223045 0.667787 -0.909218 -0.220212 -0.894385 -7.16117 -816.026 0 
1 823.103 0.323633 0.0223588 0.66531 -0.875296 -0.229227 -0.0109065 -6.18501 -816.908 0 
8 824.265 0.320802 0.0224388 0.669719 -0.899364 -0.186057 -1.95542 -6.09398 -816.215 0 
1 822.62 0.319057 0.0224867 0.670212 -0.877596 -0.238139 -1.02922 -5.22233 -816.369 0 
1 822.947 0.319085 0.0224531 0.67264 -0.914342 -0.210008 -1.13384 -6.01654 -815.797 0 
2 822.884 0.314744 0.0224893 0.677444 -0.92993 -0.205542 -1.6146 -5.52112 -815.748 0 
2 821.883 0.30828 0.0226047 0.681344 -0.916087 -0.199817 -1.69935 -4.45788 -815.726 0 
2 820.922 0.313171 0.0223687 0.675646 -0.90442 -0.243253 -0.53448 -4.7308 -815.657 0 
1 822.402 0.316189 0.0222192 0.670563 -0.874305 -0.273976 -1.67805 -4.66389 -816.06 0 
1 823.084 0.318127 0.0222021 0.66821 -0.849472 -0.3383 -2.00742 -4.5193 -816.558 0 
5 821.827 0.319919 0.0224329 0.670159 -0.881922 -0.267994 -0.346503 -5.3375 -816.143 0 
1 822.693 0.323077 0.0221757 0.666841 -0.868901 -0.346568 -0.859575 -5.55836 -816.275 0 
4 822.077 0.322299 0.0222386 0.668373 -0.871079 -0.363227 -0.555935 -5.45276 -816.069 0 
2 820.474 0.313073 0.0223366 0.674344 -0.866691 -0.330753 -0.420981 -4.25213 -815.801 0 
2 822.348 0.318552 0.0223645 0.672166 -0.887084 -0.325008 -1.4412 -5.17642 -815.73 0 
5 822.317 0.314508 0.0222899 0.673502 -0.873242 -0.349442 -2.2392 -4.3879 -815.69 0 
3 820.423 0.309416 0.0223254 0.678122 -0.882701 -0.324424 -0.628254 -4.23512 -815.56 0 
4 820.435 0.305187 0.0224196 0.682291 -0.895456 -0.288895 -0.451525 -4.34237 -815.641 0 
1 821.482 0.312249 0.0222002 0.678915 -0.915497 -0.326164 -0.795727 -4.96063 -815.725 0 
2 821.137 0.307813 0.0222759 0.680825 -0.912254 -0.288154 -0.898725 -4.46409 -815.774 0 
2 822.116 0.307958 0.022345 0.683954 -0.944549 -0.263384 -0.499698 -5.13768 -816.478 0 
3 824.743 0.312402 0.0221579 0.681213 -0.968423 -0.239384 -1.23887 -6.69324 -816.811 0 
7 824.803 0.306278 0.0222092 0.686677 -0.981628 -0.21699 -0.774134 -6.03752 -817.991 0 
1 825.166 0.308108 0.0221605 0.68529 -0.981309 -0.223585 -1.06203 -6.33241 -817.772 0 
4 824.566 0.301379 0.0222217 0.690297 -0.980754 -0.210497 -0.488234 -5.44435 -818.633 0 
1 823.336 0.304343 0.0222662 0.687708 -0.96548 -0.24474 -0.338634 -5.37147 -817.626 0 
5 823.321 0.308889 0.0221543 0.682924 -0.948746 -0.289601 -1.11915 -5.53604 -816.666 0 
1 822.366 0.307119 0.0221768 0.680829 -0.905007 -0.324575 -2.18989 -4.42822 -815.748 0 
2 823.359 0.305218 0.0221539 0.68184 -0.910085 -0.29462 -3.08628 -4.41632 -815.856 0 
1 823.373 0.304913 0.022142 0.684161 -0.927633 -0.312695 -2.22676 -4.75068 -816.396 0 
3 824.039 0.30084 0.0221763 0.68779 -0.940291 -0.274255 -2.13246 -4.83722 -817.069 0 
1 823.742 0.303865 0.0221947 0.685791 -0.956622 -0.222297 -1.64466 -4.97854 -817.119 0 
4 826.805 0.303975 0.0221311 0.684662 -0.961949 -0.19474 -4.59938 -5.03581 -817.17 0 
2 829.082 0.296945 0.0222048 0.690641 -0.970908 -0.17021 -5.70011 -5.00212 -818.38 0 
2 826.115 0.303225 0.0222494 0.689452 -0.997529 -0.171489 -1.08907 -6.01036 -819.016 0 
5 825.912 0.306958 0.0221216 0.685133 -0.993379 -0.159878 -1.51633 -6.30528 -818.09 0 
1 825.732 0.304602 0.0223176 0.686843 -0.998951 -0.0939595 -1.68582 -5.8224 -818.224 0 
4 824.865 0.301166 0.0222787 0.688968 -0.990968 -0.113629 -1.20358 -5.22913 -818.432 0 
3 824.753 0.298047 0.0222957 0.692034 -0.995011 -0.109059 -0.481633 -5.12349 -819.148 0 
1 826.185 0.302762 0.022184 0.689107 -1.00438 -0.106424 -1.56319 -5.69172 -818.93 0 
11 827.362 0.300197 0.0220752 0.688908 -0.990746 -0.128847 -3.46267 -5.19778 -818.702 0 
1 828.968 0.30094 0.0220108 0.685801 -0.961145 -0.163666 -6.96939 -4.71785 -817.281 0 
8 828.013 0.305617 0.0220089 0.680722 -0.954009 -0.137809 -6.79631 -4.77036 -816.446 0 
3 826.807 0.310891 0.0220124 0.679819 -0.986552 -0.115479 -3.20291 -6.56914 -817.035 0 
2 825.216 0.309197 0.0220685 0.681079 -0.976153 -0.14229 -2.39702 -5.89108 -816.928 0 
2 824.209 0.303815 0.0221744 0.685834 -0.972996 -0.140017 -1.86814 -4.99874 -817.342 0 
2 822.692 0.30825 0.02229 0.683452 -0.969007 -0.158738 -0.373674 -5.49073 -816.827 0 
2 822.023 0.310207 0.0223235 0.680799 -0.945375 -0.185382 -0.807934 -5.12745 -816.088 0 
2 822.795 0.310571 0.0221904 0.68061 -0.95533 -0.194803 -0.922436 -5.52831 -816.344 0 
4 821.907 0.308191 0.0223905 0.683141 -0.95589 -0.167346 -0.36657 -5.11166 -816.429 0 
1 823.383 0.317577 0.0222092 0.674158 -0.909917 -0.290694 -2.24922 -5.51119 -815.622 0 
2 823.939 0.321836 0.0220755 0.667426 -0.868908 -0.355877 -2.5301 -5.276 -816.133 0 
5 820.529 0.315018 0.0223177 0.674335 -0.883723 -0.313696 -0.288431 -4.55662 -815.684 0 
1 820.277 0.310276 0.0224105 0.677183 -0.881987 -0.282758 -0.342959 -4.28093 -815.653 0 
1 820.004 0.313552 0.0224061 0.675628 -0.872219 -0.349963 -0.0476819 -4.28729 -815.669 0 
2 820.92 0.31226 0.022519 0.675498 -0.862266 -0.329801 -0.844984 -4.22523 -815.85 0 
6 820.536 0.314891 0.0224247 0.673381 -0.859081 -0.34155 -0.230337 -4.29552 -816.01 0 
3 821.091 0.313164 0.0225043 0.675688 -0.878453 -0.304692 -1.01705 -4.35976 -815.714 0 
14 820.564 0.312925 0.0224469 0.67613 -0.87461 -0.321937 -0.570712 -4.29123 -815.703 0 
1 821.845 0.313837 0.0224445 0.678006 -0.908324 -0.285839 -1.36887 -4.86048 -815.616 0 
3 822.2 0.315396 0.0225289 0.675313 -0.884919 -0.291249 -1.81886 -4.62918 -815.752 0 
1 821.346 0.312974 0.0224105 0.676136 -0.8738 -0.327698 -1.36839 -4.28041 -815.697 0 
1 820.82 0.314659 0.0223642 0.674479 -0.868957 -0.346278 -0.722459 -4.32469 -815.772 0 
2 821.347 0.317323 0.0223148 0.67512 -0.892654 -0.376068 -0.65449 -5.15645 -815.536 0 
9 820.401 0.307 0.0223682 0.683056 -0.908256 -0.318978 -0.170177 -4.43406 -815.797 0 
1 821.219 0.312514 0.0221897 0.677808 -0.893098 -0.398071 -0.993575 -4.68361 -815.541 0 
1 821.779 0.302629 0.0223039 0.684359 -0.895509 -0.330463 -1.42694 -4.56663 -815.785 0 
3 821.625 0.307339 0.0223483 0.684517 -0.934849 -0.285406 -0.455902 -4.856 -816.313 0 
6 821.813 0.312256 0.0222005 0.67954 -0.924889 -0.31666 -0.722278 -5.2251 -815.865 0 
1 821.518 0.315545 0.0222606 0.676703 -0.912692 -0.329578 -0.520311 -5.38135 -815.617 0 
1 821.465 0.30792 0.0223699 0.683708 -0.930401 -0.279622 -0.578631 -4.76035 -816.126 0 
3 821.067 0.309453 0.0223806 0.682713 -0.903492 -0.387541 -0.666769 -4.64918 -815.751 0 
2 825.112 0.30642 0.0222478 0.688179 -0.944377 -0.389497 -2.0114 -5.73856 -817.362 0 
4 822.491 0.306283 0.0222335 0.686381 -0.928021 -0.399255 -0.475834 -5.28565 -816.73 0 
2 822.976 0.302654 0.0224037 0.688188 -0.92793 -0.333391 -1.37172 -4.88325 -816.721 0 
7 821.858 0.302183 0.0224427 0.688917 -0.931482 -0.305893 -0.315674 -4.79096 -816.751 0 
1 820.481 0.304137 0.0224517 0.685512 -0.889415 -0.387853 -0.182524 -4.55758 -815.741 0 
1 821.169 0.308494 0.0224452 0.683237 -0.890244 -0.430444 -0.943064 -4.56602 -815.66 0 
8 821.225 0.302429 0.0224962 0.684704 -0.869257 -0.384284 -0.854839 -4.82451 -815.546 0 
1 822.226 0.308343 0.0225317 0.684016 -0.90498 -0.363296 -1.9006 -4.55157 -815.774 0 
1 821.939 0.309308 0.0224521 0.681945 -0.8967 -0.386461 -1.74641 -4.54376 -815.649 0 
1 822.558 0.305489 0.0224846 0.682988 -0.869005 -0.426149 -2.55558 -4.48945 -815.513 0 
4 822.338 0.306822 0.0224951 0.681724 -0.864537 -0.42848 -2.47918 -4.37542 -815.483 0 
1 821.042 0.304548 0.0224638 0.683159 -0.850817 -0.467957 -0.804317 -4.76643 -815.471 0 
1 822.289 0.303451 0.0225998 0.683182 -0.840833 -0.438276 -1.64173 -5.10564 -815.541 0 
1 822.16 0.299704 0.0225746 0.688838 -0.889481 -0.36219 -1.2201 -5.04211 -815.897 0 
1 822.154 0.299812 0.0225685 0.688323 -0.874272 -0.390717 -1.21107 -5.26067 -815.682 0 
5 826.44 0.303827 0.0226332 0.685945 -0.855323 -0.438481 -6.08242 -4.87144 -815.486 0 
2 822.442 0.308137 0.0225976 0.68364 -0.877898 -0.425901 -2.55943 -4.35834 -815.524 0 
1 821.506 0.313402 0.0223665 0.678744 -0.877931 -0.435599 -1.57372 -4.45978 -815.472 0 
3 822.373 0.315288 0.022397 0.677233 -0.875193 -0.426731 -2.35398 -4.5152 -815.504 0 
1 822.063 0.317494 0.022414 0.675557 -0.88473 -0.398199 -1.53042 -4.99661 -815.536 0 
1 823.616 0.321889 0.0224577 0.671509 -0.863377 -0.437317 -2.54652 -5.20356 -815.866 0 
3 823.732 0.323475 0.0224687 0.669927 -0.837168 -0.509158 -2.59521 -4.82827 -816.308 0 
3 825.038 0.319086 0.0225913 0.673981 -0.829288 -0.52886 -4.7661 -4.1611 -816.111 0 
5 823.393 0.314681 0.0226194 0.677409 -0.839132 -0.514162 -3.59465 -4.10823 -815.69 0 
1 824.384 0.322132 0.0224505 0.672 -0.831695 -0.600043 -3.72854 -4.77657 -815.878 0 
2 822.271 0.317533 0.0224814 0.67515 -0.841024 -0.54585 -2.26591 -4.3424 -815.663 0 
5 823.757 0.313237 0.022612 0.679576 -0.836344 -0.575449 -4.01308 -4.24134 -815.503 0 
2 822.876 0.315222 0.0225046 0.678463 -0.855945 -0.538874 -2.9477 -4.49284 -815.435 0 
1 825.182 0.310096 0.0226753 0.68182 -0.827653 -0.566392 -5.27304 -4.35417 -815.555 0 
5 822.383 0.314391 0.0224827 0.678686 -0.83971 -0.580313 -2.62285 -4.27904 -815.481 0 
1 821.938 0.317572 0.0224309 0.674607 -0.804662 -0.657089 -1.84306 -4.03637 -816.059 0 
3 822.123 0.306003 0.0223947 0.682053 -0.790619 -0.696363 -0.737871 -5.70687 -815.678 0 
1 821.55 0.306969 0.0223174 0.68265 -0.814027 -0.674885 -0.958074 -5.14124 -815.451 0 
3 821.173 0.305664 0.0222581 0.683589 -0.831927 -0.640847 -0.535891 -5.19081 -815.447 0 
2 822.088 0.310643 0.0221487 0.677987 -0.809201 -0.675988 -1.94862 -4.58088 -815.559 0 
3 821.984 0.309843 0.0222026 0.679053 -0.798008 -0.717513 -1.52831 -4.84929 -815.607 0 
1 821.227 0.316105 0.0221536 0.674995 -0.792969 -0.77871 -1.06552 -4.41753 -815.744 0 
11 821.057 0.310521 0.0222819 0.679717 -0.807504 -0.731048 -0.757447 -4.8338 -815.466 0 
2 820.917 0.311874 0.0223979 0.678534 -0.799696 -0.715314 -0.708278 -4.56 -815.649 0 
4 821.632 0.309704 0.0222768 0.678651 -0.777835 -0.773154 -0.620388 -5.17408 -815.837 0 
2 821.769 0.313045 0.0224604 0.677247 -0.772639 -0.784293 -1.02194 -4.6383 -816.109 0 
5 821.257 0.317798 0.0223089 0.675279 -0.794651 -0.796289 -1.02466 -4.51501 -815.717 0 
1 821.746 0.315309 0.0223651 0.676299 -0.774675 -0.838286 -1.2334 -4.58507 -815.928 0 
3 822.112 0.318784 0.022341 0.674846 -0.799173 -0.785434 -1.83829 -4.57374 -815.7 0 
2 822.807 0.324018 0.0221246 0.668139 -0.756222 -0.893921 -1.60956 -4.26552 -816.932 0 
2 823.297 0.320495 0.0222349 0.674815 -0.79127 -0.881296 -2.65791 -5.02715 -815.611 0 
10 821.042 0.310605 0.0223576 0.680749 -0.792958 -0.804705 -0.416718 -5.11742 -815.507 0 
6 821.118 0.314361 0.0223137 0.678334 -0.790617 -0.837416 -0.714665 -4.85324 -815.551 0 
1 821.668 0.311276 0.0223874 0.680654 -0.788968 -0.83253 -0.991559 -5.15769 -815.519 0 
9 821.517 0.31753 0.0221861 0.675747 -0.795529 -0.843522 -1.11417 -4.86013 -815.543 0 
1 821.234 0.309388 0.022352 0.683064 -0.808607 -0.794833 -0.470948 -5.34892 -815.414 0 
8 821.369 0.310996 0.0222422 0.681346 -0.809318 -0.814929 -0.645284 -5.32612 -815.398 0 
11 821.93 0.310351 0.0222266 0.681286 -0.801722 -0.836061 -1.05746 -5.45599 -815.417 0 
3 822.399 0.31327 0.0222058 0.677112 -0.788734 -0.813276 -1.97544 -4.81064 -815.613 0 
2 822.615 0.318612 0.0221116 0.675574 -0.815031 -0.818641 -1.92245 -5.32255 -815.37 0 
1 820.967 0.314408 0.0222651 0.678096 -0.795389 -0.812472 -0.684541 -4.74581 -815.536 0 
6 820.916 0.312709 0.0223668 0.679246 -0.81541 -0.714729 -0.850327 -4.62053 -815.445 0 
2 821.311 0.311944 0.0224179 0.680545 -0.823744 -0.694163 -1.23685 -4.67409 -815.4 0 
2 822.175 0.307921 0.0224795 0.682798 -0.805767 -0.727232 -1.51287 -5.20249 -815.46 0 
2 820.678 0.310701 0.0223439 0.679313 -0.790522 -0.759283 -0.149407 -4.87888 -815.65 0 
8 820.552 0.311839 0.0222773 0.679033 -0.800907 -0.760673 -0.268216 -4.77193 -815.512 0 
2 820.863 0.310174 0.0222618 0.67979 -0.801849 -0.745775 -0.448029 -4.91761 -815.498 0 
1 820.723 0.308203 0.0223569 0.683479 -0.828349 -0.689436 -0.267413 -5.03851 -815.417 0 
3 820.874 0.309197 0.0223101 0.682778 -0.832041 -0.685339 -0.530106 -4.93371 -815.41 0 
4 821.305 0.310893 0.0222103 0.681888 -0.846135 -0.689278 -0.701633 -5.13943 -815.464 0 
1 822.268 0.305192 0.0223381 0.682341 -0.822697 -0.60731 -1.61735 -5.19533 -815.456 0 
2 823.29 0.308231 0.0222142 0.678321 -0.798331 -0.663155 -2.5983 -4.98345 -815.708 0 
3 824.109 0.306743 0.0223571 0.67974 -0.779576 -0.718493 -2.53025 -5.70888 -815.87 0 
1 823.183 0.312654 0.0221758 0.674497 -0.77372 -0.741799 -2.31987 -4.59093 -816.273 0 
2 821.475 0.308857 0.0223182 0.680182 -0.817091 -0.656201 -1.24965 -4.75821 -815.467 0 
4 821.039 0.312589 0.0222126 0.676708 -0.792391 -0.73841 -0.75121 -4.53778 -815.75 0 
1 823.347 0.321423 0.0220511 0.672096 -0.831682 -0.709822 -2.53724 -5.35525 -815.455 0 
1 821.289 0.314478 0.0221956 0.67871 -0.8356 -0.705319 -1.01317 -4.92004 -815.356 0 
4 821.879 0.313419 0.0222743 0.680732 -0.857608 -0.64193 -1.37335 -5.07697 -815.429 0 
2 821.645 0.31522 0.0222011 0.678347 -0.867331 -0.587661 -1.09529 -5.13741 -815.412 0 
1 821.477 0.302906 0.022323 0.68818 -0.866051 -0.587566 -0.0372835 -5.48901 -815.951 0 
3 821.01 0.305916 0.0224154 0.685634 -0.847057 -0.613811 -0.426611 -5.06226 -815.521 0 
11 820.494 0.310281 0.0223938 0.681309 -0.84339 -0.602746 -0.524115 -4.56717 -815.402 0 
1 821.949 0.311965 0.0224042 0.679726 -0.851475 -0.568728 -2.04224 -4.50302 -815.404 0 
6 822.263 0.311561 0.0223921 0.681085 -0.863083 -0.568197 -2.0633 -4.75261 -815.447 0 
1 824.74 0.310952 0.0224518 0.679149 -0.853082 -0.51316 -4.96983 -4.32778 -815.442 0 
1 823.669 0.322908 0.0222066 0.671601 -0.842091 -0.646136 -2.56162 -5.57935 -815.528 0 
1 821.181 0.318827 0.0221612 0.673525 -0.821097 -0.68927 -1.02554 -4.5634 -815.592 0 
2 820.588 0.312612 0.0222388 0.679437 -0.843867 -0.628235 -0.593941 -4.61162 -815.382 0 
1 820.111 0.310492 0.0224267 0.678944 -0.821893 -0.585796 -0.158618 -4.35301 -815.6 0 
1 821.011 0.315184 0.0223779 0.674538 -0.803751 -0.641651 -0.916737 -4.08246 -816.012 0 
11 820.74 0.318591 0.0222539 0.67249 -0.79449 -0.720832 -0.503204 -4.13237 -816.105 0 
1 820.7 0.311362 0.022337 0.681099 -0.842418 -0.646235 -0.568459 -4.74051 -815.391 0 
1 821.038 0.318785 0.0222134 0.673943 -0.81829 -0.702383 -0.876296 -4.56222 -815.599 0 
2 821.967 0.305062 0.0225603 0.683285 -0.807756 -0.616659 -0.908954 -5.47833 -815.58 0 
9 821.298 0.31103 0.0223983 0.677612 -0.788582 -0.698748 -0.719143 -4.65021 -815.929 0 
2 821.16 0.310798 0.022511 0.678556 -0.79308 -0.662405 -0.601853 -4.60131 -815.957 0 
7 821.621 0.316176 0.0224369 0.675709 -0.798949 -0.685118 -1.52941 -4.09525 -815.997 0 
5 820.45 0.313783 0.0223805 0.676058 -0.792881 -0.680731 -0.156423 -4.24378 -816.05 0 
1 820.269 0.309732 0.0224278 0.680079 -0.818123 -0.614237 -0.199969 -4.51086 -815.558 0 
5 820.534 0.309037 0.0223251 0.682797 -0.851832 -0.600731 -0.346604 -4.7331 -815.454 0 
2 820.342 0.313254 0.0223206 0.678667 -0.841189 -0.597809 -0.532535 -4.39108 -815.419 0 
4 820.028 0.310511 0.0223453 0.680603 -0.840731 -0.596095 -0.142703 -4.47822 -815.407 0 
6 821.76 0.303389 0.0223913 0.686434 -0.850051 -0.589594 -0.794563 -5.35579 -815.61 0 
2 821.583 0.306562 0.0224423 0.686014 -0.856149 -0.60705 -0.948152 -5.03588 -815.599 0 
1 823.692 0.304411 0.0224592 0.689269 -0.873769 -0.585251 -2.31978 -5.34004 -816.032 0 
3 821.574 0.30416 0.0223442 0.687895 -0.86579 -0.601035 -0.275219 -5.38928 -815.909 0 
4 820.65 0.30684 0.0223974 0.68471 -0.871617 -0.520978 -0.282329 -4.73986 -815.628 0 
1 820.629 0.306739 0.0224366 0.68414 -0.858096 -0.540963 -0.426615 -4.7029 -815.5 0 
8 820.38 0.315243 0.0222609 0.6752 -0.82864 -0.601575 -0.552314 -4.22365 -815.604 0 
5 820.014 0.309597 0.0223361 0.681173 -0.869415 -0.489305 -0.0890508 -4.44882 -815.476 0 
1 820.688 0.314358 0.0223167 0.677877 -0.869376 -0.503543 -0.617056 -4.64319 -815.428 0 
1 822.389 0.301241 0.0223568 0.685089 -0.850459 -0.467691 -1.4679 -5.41758 -815.504 0 
4 822.532 0.301561 0.0223171 0.684642 -0.857535 -0.448188 -1.80043 -5.20444 -815.527 0 
1 823.292 0.298415 0.0223544 0.687579 -0.876021 -0.392532 -2.00587 -5.50886 -815.777 0 
2 822.67 0.297184 0.0224398 0.690949 -0.899604 -0.350652 -0.959559 -5.40795 -816.302 0 
1 821.624 0.300152 0.0224337 0.687558 -0.889258 -0.352223 -0.819511 -4.9653 -815.839 0 
5 821.163 0.304295 0.0223739 0.686267 -0.892553 -0.417093 -0.629015 -4.65849 -815.875 0 
2 821.502 0.303331 0.022357 0.684303 -0.868519 -0.415535 -1.2076 -4.74962 -815.544 0 
2 821.245 0.301647 0.0223487 0.686613 -0.887487 -0.392901 -0.565209 -4.8399 -815.84 0 
4 821.324 0.300662 0.0224591 0.688115 -0.891573 -0.370807 -0.496478 -4.90988 -815.917 0 
2 820.662 0.30424 0.0225138 0.684635 -0.87022 -0.41416 -0.517805 -4.60728 -815.537 0 
4 821.019 0.302475 0.0224733 0.687181 -0.87669 -0.440323 -0.414358 -4.88553 -815.719 0 
2 821.027 0.304232 0.0225064 0.686158 -0.887858 -0.408015 -0.66371 -4.60599 -815.757 0 
4 821.365 0.30441 0.0224778 0.686096 -0.913618 -0.326252 -0.728736 -4.56084 -816.075 0 
8 821.298 0.303372 0.0224791 0.687021 -0.922813 -0.291163 -0.450486 -4.57524 -816.272 0 
5 820.776 0.306704 0.0223386 0.684328 -0.91591 -0.346524 -0.0513244 -4.6693 -816.056 0 
4 820.869 0.302454 0.0224198 0.687224 -0.910334 -0.332191 -0.0967513 -4.63049 -816.142 0 
1 822.563 0.308865 0.0223073 0.683312 -0.932504 -0.292229 -1.47973 -4.92055 -816.163 0 
3 821.821 0.300453 0.0223482 0.688768 -0.932959 -0.273671 -0.272388 -4.74962 -816.799 0 
3 822.828 0.301122 0.0222616 0.689014 -0.936299 -0.319657 -0.674045 -4.99579 -817.158 0 
2 822.298 0.302442 0.0222933 0.687289 -0.931354 -0.305336 -0.784343 -4.79671 -816.717 0 
2 822.489 0.303876 0.0222567 0.68742 -0.942098 -0.31382 -0.363645 -5.06867 -817.057 0 
1 823.239 0.303192 0.0222617 0.687616 -0.95589 -0.254156 -0.78147 -5.0867 -817.371 0 
1 822.692 0.306392 0.0222269 0.683362 -0.92475 -0.318373 -1.70706 -4.76949 -816.216 0 
1 820.921 0.303925 0.0223609 0.684161 -0.910416 -0.286617 -0.578606 -4.43624 -815.906 0 
2 821.405 0.30552 0.0223134 0.680732 -0.873741 -0.350613 -1.47341 -4.39885 -815.532 0 
1 821.367 0.315391 0.022167 0.673274 -0.862587 -0.420146 -1.39923 -4.32046 -815.647 0 
3 820.895 0.308317 0.0222838 0.678727 -0.865104 -0.394307 -1.136 -4.24085 -815.518 0 
3 821.052 0.310379 0.0222673 0.678937 -0.885011 -0.397739 -1.13176 -4.39839 -815.522 0 
4 820.395 0.307477 0.022361 0.681391 -0.894911 -0.340791 -0.426012 -4.34401 -815.625 0 
7 820.614 0.311499 0.0224278 0.677509 -0.874886 -0.365349 -0.824797 -4.23414 -815.555 0 
2 820.214 0.315398 0.022266 0.674902 -0.857864 -0.460874 -0.333562 -4.28988 -815.59 0 
2 819.771 0.310013 0.0223753 0.678858 -0.851846 -0.466352 -0.0537375 -4.20895 -815.508 0 
6 820.114 0.309056 0.0222965 0.681595 -0.869959 -0.498873 -0.106476 -4.50886 -815.498 0 
2 820.484 0.313377 0.0223557 0.677563 -0.856319 -0.508679 -0.694168 -4.33434 -815.455 0 
2 820.35 0.307914 0.0223247 0.681832 -0.851962 -0.545534 -0.337026 -4.57303 -815.44 0 
1 821.085 0.302189 0.0223618 0.687272 -0.864578 -0.521782 -0.105319 -5.24743 -815.732 0 
5 821.386 0.308407 0.0221656 0.682186 -0.862515 -0.566122 -1.10887 -4.74801 -815.529 0 
5 821.8 0.305531 0.0222224 0.685486 -0.876336 -0.558655 -0.738781 -5.15317 -815.908 0 
1 822.208 0.308701 0.0221681 0.683946 -0.884765 -0.570927 -0.939396 -5.32434 -815.944 0 
12 822.852 0.310656 0.0220594 0.680978 -0.875123 -0.574175 -2.1538 -5.06532 -815.633 0 
6 820.473 0.307839 0.0222583 0.682307 -0.860662 -0.54242 -0.333695 -4.64504 -815.494 0 
5 820.408 0.306031 0.0223232 0.684229 -0.874767 -0.480857 -0.146659 -4.63664 -815.625 0 
1 820.528 0.309767 0.0222931 0.681487 -0.892308 -0.418356 -0.356562 -4.54887 -815.622 0 
2 821.751 0.312111 0.0224496 0.679134 -0.874847 -0.441141 -1.86807 -4.41408 -815.469 0 
1 823.34 0.313947 0.0224108 0.677787 -0.882626 -0.430087 -3.16434 -4.69673 -815.479 0 
6 822.834 0.314036 0.0223748 0.680516 -0.891115 -0.48832 -2.07965 -5.18759 -815.566 0 
2 822.237 0.308372 0.0224527 0.684408 -0.892335 -0.465484 -1.65599 -4.79572 -815.785 0 
1 821.204 0.306896 0.0222596 0.684992 -0.892324 -0.493558 -0.27843 -4.9566 -815.969 0 
6 822.212 0.306771 0.0222931 0.685459 -0.907773 -0.452637 -0.854496 -5.11086 -816.247 0 
1 822.124 0.307729 0.022176 0.682536 -0.884063 -0.493953 -1.59195 -4.79756 -815.735 0 
3 822.683 0.299232 0.0222709 0.69006 -0.890642 -0.467694 -0.737182 -5.52084 -816.425 0 
5 823.53 0.295838 0.0223552 0.692811 -0.893709 -0.431984 -0.819381 -6.04342 -816.667 0 
4 823.005 0.29687 0.0224458 0.693721 -0.908252 -0.413523 -0.271432 -5.68969 -817.044 0 
1 823.548 0.297148 0.0222931 0.692704 -0.914016 -0.403309 -0.744713 -5.60082 -817.202 0 
3 824.655 0.306544 0.0221539 0.68571 -0.895981 -0.501295 -3.49092 -5.03657 -816.127 0 
2 824.522 0.307842 0.0222159 0.68575 -0.903068 -0.495531 -3.13489 -5.17868 -816.208 0 
2 823.929 0.301661 0.0224281 0.691457 -0.939503 -0.341827 -1.40674 -5.12408 -817.399 0 
3 825.691 0.309418 0.022273 0.685791 -0.953267 -0.339293 -2.59366 -6.02997 -817.067 0 
1 824.22 0.309131 0.0224447 0.685484 -0.931717 -0.364638 -2.45533 -5.35299 -816.412 0 
1 824.668 0.306665 0.0225929 0.68579 -0.919442 -0.329632 -3.88026 -4.69619 -816.091 0 
2 827.273 0.301701 0.0227391 0.68945 -0.917354 -0.30107 -6.35658 -4.64146 -816.275 0 
2 824.152 0.299588 0.0226836 0.690098 -0.899259 -0.341248 -3.12894 -4.95129 -816.072 0 
1 822.634 0.300239 0.0226009 0.688891 -0.897548 -0.344127 -1.76664 -4.87147 -815.996 0 
2 821.527 0.303252 0.0224015 0.687443 -0.904665 -0.376547 -0.744872 -4.68078 -816.102 0 
2 820.81 0.30271 0.0224023 0.687123 -0.897264 -0.394377 -0.052561 -4.74745 -816.01 0 
3 820.734 0.306627 0.0222831 0.68188 -0.872912 -0.441104 -0.758745 -4.44714 -815.528 0 
6 821.08 0.312803 0.0221762 0.675788 -0.853467 -0.478723 -1.36823 -4.18756 -815.525 0 
2 821.125 0.310323 0.0221574 0.679781 -0.866692 -0.517802 -1.14449 -4.51933 -815.461 0 
1 821.488 0.314128 0.0222416 0.678163 -0.890422 -0.454763 -0.939759 -5.0278 -815.52 0 
3 821.084 0.302477 0.022328 0.686683 -0.872758 -0.484315 -0.275178 -5.04379 -815.765 0 
1 821.221 0.306073 0.0222157 0.682843 -0.864636 -0.505012 -1.02587 -4.65836 -815.536 0 
2 820.356 0.312731 0.0222634 0.675874 -0.837964 -0.504725 -0.589452 -4.10272 -815.664 0 
7 821.504 0.318382 0.022161 0.671444 -0.828432 -0.570731 -1.40028 -4.22645 -815.877 0 
2 821.755 0.321208 0.0221474 0.670257 -0.824828 -0.597878 -1.32731 -4.41197 -816.016 0 
1 821.647 0.317541 0.0222696 0.674887 -0.844605 -0.557692 -1.66764 -4.41371 -815.565 0 
5 820.068 0.312925 0.0223051 0.678174 -0.86435 -0.495527 -0.219178 -4.41196 -815.437 0 
1 820.291 0.308019 0.0223298 0.681692 -0.871062 -0.467236 -0.345255 -4.4415 -815.504 0 
12 820.557 0.30688 0.0222881 0.682622 -0.847747 -0.557049 -0.422626 -4.69066 -815.443 0 
8 820.102 0.30699 0.0224074 0.683045 -0.853809 -0.524843 -0.0613541 -4.58653 -815.454 0 
4 820.56 0.315689 0.0222634 0.67286 -0.81876 -0.54564 -0.459091 -3.99915 -816.101 0 
4 823.109 0.318861 0.0222093 0.669085 -0.786726 -0.609098 -1.98164 -3.91107 -817.216 0 
1 822.81 0.320143 0.0221606 0.667703 -0.789639 -0.607474 -1.69047 -3.89519 -817.225 0 
2 821.168 0.318361 0.0222972 0.670592 -0.798629 -0.588932 -0.469602 -3.92243 -816.776 0 
2 821.387 0.312211 0.0225596 0.676271 -0.816476 -0.503915 -1.01975 -4.20237 -816.165 0 
2 821.928 0.317529 0.0224955 0.670399 -0.787795 -0.5571 -0.417605 -4.03769 -817.473 0 
1 823.239 0.31608 0.0226317 0.673385 -0.807401 -0.524827 -2.56499 -4.00543 -816.669 0 
1 821.925 0.315744 0.0225556 0.674856 -0.817264 -0.553457 -1.81901 -3.99778 -816.108 0 
1 822.47 0.312499 0.0225985 0.674814 -0.794883 -0.537171 -1.27658 -4.41677 -816.776 0 
4 822.475 0.317326 0.0224928 0.673176 -0.806356 -0.564746 -1.98194 -3.95345 -816.54 0 
1 821.476 0.317919 0.0224242 0.673105 -0.80736 -0.59885 -1.1868 -3.96001 -816.329 0 
1 822.959 0.308361 0.022584 0.682085 -0.848375 -0.472232 -3.12003 -4.3415 -815.498 0 
1 822.993 0.300037 0.0226206 0.687254 -0.856283 -0.411383 -1.90046 -5.56828 -815.525 0 
1 821.642 0.304476 0.0224934 0.68203 -0.826064 -0.498676 -0.846459 -5.1991 -815.597 0 
2 820.996 0.305674 0.0225167 0.683158 -0.841882 -0.497257 -0.788147 -4.73504 -815.473 0 
1 821.658 0.307917 0.0222688 0.681019 -0.846187 -0.522663 -1.7459 -4.46859 -815.443 0 
4 821.607 0.311882 0.0222753 0.679997 -0.866549 -0.511857 -1.72022 -4.45092 -815.436 0 
1 821.896 0.31575 0.0222602 0.678095 -0.879444 -0.516419 -1.33369 -5.11913 -815.443 0 
5 820.628 0.310106 0.0223921 0.681952 -0.870229 -0.503864 -0.645956 -4.5015 -815.481 0 
3 821.044 0.30586 0.0224549 0.685096 -0.87058 -0.479243 -0.864403 -4.60764 -815.572 0 
5 820.924 0.309063 0.0225261 0.68183 -0.867116 -0.450155 -1.15421 -4.30105 -815.468 0 
6 821.086 0.302646 0.022331 0.685663 -0.872838 -0.448962 -0.524218 -4.89381 -815.668 0 
1 820.731 0.303025 0.0224027 0.686891 -0.883905 -0.445113 -0.0420276 -4.84247 -815.846 0 
1 821.557 0.310166 0.0224442 0.681905 -0.877324 -0.481119 -1.4714 -4.56664 -815.519 0 
2 822.301 0.305276 0.022434 0.687745 -0.909056 -0.430996 -1.03525 -4.95263 -816.313 0 
2 822.244 0.311516 0.0224106 0.681919 -0.888993 -0.481713 -1.72077 -4.90543 -815.618 0 
2 821.631 0.306837 0.0224417 0.684583 -0.877283 -0.494547 -1.26784 -4.70414 -815.659 0 
2 820.956 0.31414 0.0223727 0.678759 -0.860838 -0.542666 -0.967003 -4.58167 -815.408 0 
2 820.168 0.310803 0.0222986 0.680093 -0.854902 -0.536312 -0.360749 -4.38625 -815.421 0 
2 820.994 0.302558 0.0224972 0.68657 -0.864646 -0.46429 -0.419856 -4.98695 -815.587 0 
5 823.602 0.298426 0.0226416 0.690508 -0.861411 -0.475608 -1.94586 -5.92091 -815.735 0 
1 822.329 0.303259 0.0224451 0.682827 -0.819858 -0.54127 -1.17991 -5.59871 -815.55 0 
2 822.267 0.302894 0.0224172 0.683725 -0.817602 -0.569404 -0.963444 -5.786 -815.517 0 
1 822.272 0.301284 0.0224693 0.68599 -0.831434 -0.537256 -0.918467 -5.8805 -815.473 0 
2 821.335 0.303274 0.0224624 0.684707 -0.829864 -0.565254 -0.441385 -5.43609 -815.458 0 
1 820.74 0.308695 0.0224238 0.679269 -0.808879 -0.602808 -0.324829 -4.69794 -815.717 0 
1 821.053 0.316217 0.0222559 0.676664 -0.848441 -0.591879 -1.03834 -4.5992 -815.415 0 
5 820.578 0.315844 0.0222405 0.67586 -0.854404 -0.547094 -0.58156 -4.55557 -815.441 0 
3 820.192 0.314586 0.0222594 0.676967 -0.842101 -0.592976 -0.342312 -4.41278 -815.437 0 
1 820.911 0.313645 0.0223511 0.679317 -0.859337 -0.55849 -0.916085 -4.59344 -815.402 0 
2 822.738 0.310359 0.022536 0.682891 -0.8603 -0.545144 -2.78016 -4.5187 -815.439 0 
4 822.541 0.315444 0.022469 0.678369 -0.852811 -0.561462 -2.59284 -4.52491 -815.423 0 
4 822.564 0.321987 0.0222628 0.672311 -0.838513 -0.634387 -1.81311 -5.16253 -815.588 0 
1 822.966 0.318945 0.0224054 0.675585 -0.846234 -0.601238 -2.65474 -4.84074 -815.471 0 
2 823.819 0.316655 0.0225394 0.676944 -0.837352 -0.591508 -3.89237 -4.38128 -815.545 0 
1 823.833 0.31645 0.0225296 0.677739 -0.841504 -0.591928 -3.90551 -4.44366 -815.484 0 
8 823.646 0.32132 0.0225127 0.670162 -0.785742 -0.664942 -2.67279 -3.91318 -817.06 0 
1 822.44 0.323052 0.0222774 0.667726 -0.781338 -0.70557 -1.32052 -3.99747 -817.122 0 
4 820.873 0.320332 0.0223317 0.67059 -0.788442 -0.680566 -0.217525 -3.93322 -816.722 0 
3 821.476 0.320617 0.022429 0.669979 -0.78991 -0.633771 -0.53198 -3.90033 -817.043 0 
1 820.889 0.31604 0.0224418 0.673439 -0.786119 -0.652183 -0.225751 -4.03039 -816.633 0 
5 821.214 0.316484 0.0222948 0.672956 -0.78947 -0.663474 -0.748394 -4.00441 -816.461 0 
1 821.017 0.312634 0.0224173 0.677085 -0.794938 -0.662505 -0.669455 -4.33829 -816.01 0 
1 820.975 0.306311 0.0225 0.683713 -0.827726 -0.601092 -0.588487 -4.94567 -815.441 0 
1 820.913 0.304159 0.0224132 0.685035 -0.834984 -0.586678 -0.206519 -5.25288 -815.453 0 
5 821.125 0.304321 0.0223871 0.684405 -0.819893 -0.638929 -0.158263 -5.51875 -815.448 0 
3 822.544 0.303398 0.0225362 0.684105 -0.800548 -0.630797 -0.818811 -6.11397 -815.611 0 
3 825.079 0.301474 0.0226951 0.687246 -0.799091 -0.652207 -2.73165 -6.79446 -815.553 0 
5 825.747 0.299686 0.022552 0.691525 -0.824663 -0.687398 -3.17692 -6.91348 -815.657 0 
4 823.389 0.302285 0.0225713 0.689383 -0.829152 -0.682885 -1.69595 -6.10363 -815.589 0 
1 821.716 0.306101 0.0224862 0.68558 -0.833345 -0.662243 -1.02343 -5.22813 -815.464 0 
2 824.692 0.310076 0.0222867 0.683738 -0.838274 -0.710704 -4.16384 -5.07818 -815.45 0 
4 821.118 0.313636 0.0222421 0.676925 -0.787803 -0.769626 -0.818566 -4.51219 -815.787 0 
4 820.522 0.314978 0.0222677 0.676333 -0.797109 -0.745236 -0.429628 -4.36865 -815.724 0 
2 820.582 0.315526 0.0222699 0.674844 -0.780517 -0.77061 -0.198334 -4.29933 -816.085 0 
1 820.857 0.316761 0.0223582 0.675066 -0.785411 -0.775897 -0.590468 -4.28 -815.987 0 
5 821.431 0.316958 0.0223527 0.674214 -0.791342 -0.737017 -1.22309 -4.19532 -816.012 0 
2 821.462 0.315578 0.0223901 0.676199 -0.806098 -0.707781 -1.45519 -4.31678 -815.69 0 
2 823.789 0.301529 0.0224515 0.685543 -0.808963 -0.648159 -1.85583 -6.44642 -815.486 0 
1 821.849 0.303322 0.0223733 0.686671 -0.83524 -0.658869 -0.554793 -5.72579 -815.569 0 
4 821.543 0.306409 0.0223511 0.686095 -0.849649 -0.671476 -0.463892 -5.40914 -815.67 0 
2 821.804 0.30757 0.0221717 0.683166 -0.834589 -0.704597 -1.01709 -5.29804 -815.489 0 
3 822.011 0.309213 0.0221325 0.680778 -0.816135 -0.736099 -1.52135 -5.08304 -815.407 0 
1 822.247 0.302152 0.0223475 0.687587 -0.842051 -0.642487 -0.688774 -5.87742 -815.681 0 
2 823.785 0.297117 0.0224216 0.693384 -0.870922 -0.581221 -0.545744 -6.65128 -816.588 0 
3 821.953 0.301373 0.0224089 0.688489 -0.857229 -0.573463 -0.504893 -5.65298 -815.795 0 
1 823.252 0.301457 0.0221907 0.689185 -0.868449 -0.606507 -1.16731 -5.86123 -816.224 0 
1 821.01 0.309495 0.0223209 0.683245 -0.860094 -0.601834 -0.623296 -4.86414 -815.522 0 
3 821.673 0.3041 0.0224339 0.687801 -0.861414 -0.580967 -0.700666 -5.22689 -815.745 0 
3 821.055 0.305145 0.0224478 0.685799 -0.859491 -0.552737 -0.523453 -4.94228 -815.589 0 
2 822.031 0.305513 0.0224115 0.687334 -0.894165 -0.481304 -1.02452 -4.93727 -816.07 0 
2 822.633 0.31418 0.0220799 0.676956 -0.857643 -0.558004 -2.6798 -4.55197 -815.401 0 
1 822.405 0.308505 0.0222166 0.678944 -0.824452 -0.564808 -2.29217 -4.55305 -815.56 0 
2 821.994 0.305012 0.0223372 0.684832 -0.857913 -0.519079 -1.66971 -4.80504 -815.519 0 
1 825.491 0.294222 0.0225033 0.691187 -0.849539 -0.460285 -2.24976 -7.5492 -815.692 0 
1 824.415 0.294657 0.0224243 0.6924 -0.863735 -0.481633 -1.35522 -7.02079 -816.039 0 
3 824.934 0.296719 0.022475 0.688773 -0.841715 -0.496142 -2.46654 -6.89315 -815.575 0 
3 825.568 0.295127 0.0225471 0.691762 -0.864351 -0.460884 -2.88619 -6.74416 -815.937 0 
1 824.596 0.296916 0.0226237 0.690579 -0.860387 -0.455985 -2.5712 -6.2882 -815.737 0 
1 823.448 0.2996 0.0225644 0.692148 -0.884253 -0.490598 -1.59082 -5.56066 -816.297 0 
1 822.111 0.299758 0.0224826 0.689102 -0.856724 -0.525775 -0.580682 -5.80461 -815.725 0 
3 820.923 0.306844 0.0224235 0.684834 -0.875753 -0.505494 -0.542291 -4.72252 -815.659 0 
1 821.309 0.306978 0.0224822 0.683767 -0.865533 -0.498383 -1.22799 -4.57003 -815.511 0 
1 823.209 0.3034 0.0225949 0.687054 -0.87955 -0.440101 -2.71429 -4.76848 -815.726 0 
1 822.352 0.307652 0.0225457 0.684812 -0.879367 -0.463452 -2.23705 -4.51957 -815.596 0 
6 824.065 0.308617 0.0224656 0.686 -0.895763 -0.493851 -3.12405 -5.00223 -815.939 0 
3 823.31 0.310867 0.0223131 0.683115 -0.882308 -0.533719 -2.74225 -4.91946 -815.648 0 
1 821.678 0.308454 0.0225001 0.683973 -0.876138 -0.482691 -1.58525 -4.53473 -815.559 0 
2 821.432 0.311932 0.0225372 0.679612 -0.854884 -0.488233 -1.73554 -4.21926 -815.477 0 
1 820.558 0.311059 0.0225057 0.679227 -0.841288 -0.505463 -0.819391 -4.18279 -815.556 0 
4 820.735 0.318875 0.022208 0.671848 -0.80969 -0.644411 -0.572162 -4.10238 -816.06 0 
1 821.674 0.320199 0.0222348 0.672303 -0.824937 -0.619414 -1.44704 -4.38165 -815.846 0 
3 820.96 0.313057 0.022484 0.677536 -0.80868 -0.623665 -0.923629 -4.19522 -815.841 0 
2 821.172 0.315793 0.0224478 0.676544 -0.824418 -0.615425 -1.33006 -4.18576 -815.656 0 
1 820.866 0.30766 0.0224674 0.680787 -0.807605 -0.615823 -0.281286 -4.92394 -815.66 0 
3 822.006 0.311856 0.0224345 0.675595 -0.793813 -0.616298 -1.38038 -4.38564 -816.24 0 
1 820.944 0.31151 0.0223563 0.679005 -0.833454 -0.608333 -1.09101 -4.41553 -815.437 0 
3 820.857 0.304694 0.022398 0.684362 -0.836149 -0.589912 -0.259599 -5.14766 -815.45 0 
1 821.53 0.301538 0.022445 0.687157 -0.848724 -0.544141 -0.419122 -5.53876 -815.572 0 
2 820.995 0.305132 0.022447 0.68343 -0.817712 -0.615062 -0.215356 -5.30206 -815.478 0 
1 823.028 0.307573 0.0225579 0.682037 -0.82702 -0.585668 -2.85923 -4.69689 -815.472 0 
2 823.207 0.307975 0.0224352 0.680538 -0.8134 -0.63466 -2.84963 -4.82642 -815.531 0 
4 822.577 0.308348 0.022475 0.68139 -0.818522 -0.642074 -2.32883 -4.77903 -815.469 0 
1 823.454 0.316461 0.0222984 0.672165 -0.794017 -0.65947 -3.11965 -4.01786 -816.317 0 
1 822.419 0.314736 0.022276 0.672491 -0.785274 -0.65239 -1.73105 -4.13426 -816.553 0 
1 821.563 0.312778 0.0222723 0.674944 -0.800908 -0.631947 -1.32701 -4.2406 -815.995 0 
1 820.569 0.308929 0.0223661 0.679125 -0.814508 -0.598715 -0.333636 -4.60242 -815.633 0 
2 821.23 0.306962 0.0223909 0.680958 -0.801494 -0.646052 -0.374389 -5.1984 -815.657 0 
1 821.182 0.312611 0.0223292 0.677801 -0.804431 -0.674906 -1.11805 -4.3476 -815.717 0 
11 821.297 0.309304 0.0223303 0.678392 -0.803089 -0.619327 -0.789399 -4.69823 -815.809 0 
2 821.321 0.314247 0.0222159 0.673807 -0.811088 -0.582823 -1.22398 -4.05968 -816.038 0 
1 821.18 0.308722 0.0222916 0.678123 -0.829134 -0.514548 -1.11658 -4.42841 -815.635 0 
1 821.118 0.307075 0.0224072 0.679189 -0.842273 -0.435361 -1.01041 -4.49165 -815.616 0 
2 820.529 0.313258 0.022276 0.677984 -0.871959 -0.459431 -0.652056 -4.41955 -815.457 0 
4 823.062 0.313253 0.0223278 0.679005 -0.881285 -0.429073 -3.10071 -4.48144 -815.48 0 
3 823.105 0.310835 0.0223957 0.682038 -0.888894 -0.433491 -2.99953 -4.5377 -815.568 0 
1 824.458 0.294534 0.0226503 0.692782 -0.88126 -0.3667 -2.0344 -6.38944 -816.034 0 
2 822.498 0.299154 0.0225189 0.688817 -0.877941 -0.384465 -1.39887 -5.34284 -815.757 0 
1 822.101 0.299912 0.0224839 0.688607 -0.873883 -0.423199 -1.04621 -5.30777 -815.747 0 
1 820.802 0.307549 0.0224368 0.68302 -0.883887 -0.398897 -0.881646 -4.35316 -815.567 0 
9 820.662 0.308873 0.0224402 0.68145 -0.88234 -0.381134 -0.860315 -4.27598 -815.525 0 
1 823.052 0.31406 0.0224189 0.679152 -0.902044 -0.359554 -2.61341 -4.87032 -815.569 0 
2 821.616 0.310949 0.022434 0.680163 -0.918963 -0.278045 -1.05816 -4.80516 -815.753 0 
3 821.384 0.311855 0.0223983 0.677123 -0.896921 -0.290115 -1.30322 -4.48603 -815.595 0 
2 821.269 0.310816 0.0223252 0.676816 -0.884423 -0.317897 -1.41029 -4.28157 -815.577 0 
1 821.487 0.315388 0.0222803 0.674208 -0.898212 -0.298009 -0.954543 -4.91596 -815.616 0 
3 821.354 0.313311 0.0223372 0.675206 -0.88427 -0.321872 -1.30839 -4.43252 -815.613 0 
1 822.067 0.316124 0.022353 0.676603 -0.916061 -0.306455 -0.89257 -5.5436 -815.631 0 
2 819.849 0.310392 0.0223952 0.679366 -0.881256 -0.37199 -0.0649865 -4.26591 -815.518 0 
1 821.595 0.313983 0.0224516 0.677599 -0.910316 -0.283 -1.00695 -4.964 -815.624 0 
6 821.577 0.308923 0.0225923 0.679679 -0.886911 -0.284171 -1.71551 -4.26346 -815.598 0 
1 820.357 0.313162 0.0224397 0.674449 -0.851449 -0.369298 -0.22653 -4.17268 -815.958 0 
4 822.827 0.312036 0.0223875 0.67329 -0.848822 -0.34371 -2.50656 -4.23531 -816.085 0 
2 823.765 0.309836 0.0223337 0.674681 -0.849533 -0.351083 -3.58558 -4.27561 -815.904 0 
3 824.833 0.312902 0.0223622 0.672959 -0.847941 -0.375574 -4.68828 -4.14685 -815.998 0 
4 825.019 0.320159 0.0222073 0.666664 -0.827465 -0.438951 -3.84539 -4.3068 -816.867 0 
2 825.145 0.322461 0.0223568 0.665163 -0.818597 -0.435068 -3.08269 -4.4893 -817.573 0 
2 825.12 0.322355 0.022434 0.667925 -0.849567 -0.396661 -3.62796 -4.97052 -816.522 0 
3 821.495 0.317771 0.0224164 0.669703 -0.828119 -0.414527 -0.488904 -4.21061 -816.795 0 
1 822.165 0.318941 0.0223907 0.670084 -0.854744 -0.373515 -1.36917 -4.57057 -816.225 0 
1 821.85 0.311911 0.0225538 0.673983 -0.838634 -0.342422 -1.06184 -4.39359 -816.395 0 
8 820.996 0.310627 0.0225075 0.676796 -0.853995 -0.350502 -0.897766 -4.2476 -815.85 0 
1 822.604 0.313859 0.0222847 0.673411 -0.840918 -0.408722 -2.3958 -4.13458 -816.074 0 
1 820.628 0.307695 0.022457 0.680906 -0.862309 -0.40211 -0.815852 -4.29884 -815.513 0 
1 820.163 0.311764 0.0223958 0.677468 -0.863973 -0.417826 -0.439795 -4.18688 -815.537 0 
9 821.448 0.30578 0.022585 0.68144 -0.853299 -0.391938 -1.33674 -4.54753 -815.564 0 
1 821.679 0.305666 0.02256 0.684634 -0.891909 -0.343921 -1.66798 -4.36721 -815.644 0 
5 821.913 0.305573 0.0225155 0.682483 -0.860632 -0.388005 -1.86682 -4.52684 -815.52 0 
1 822.767 0.30609 0.02256 0.684192 -0.87284 -0.401333 -2.84742 -4.40297 -815.516 0 
2 822.179 0.304178 0.0225862 0.686742 -0.910015 -0.312387 -1.74928 -4.47422 -815.956 0 
4 824.731 0.311197 0.0223962 0.680946 -0.880931 -0.419977 -4.89536 -4.34081 -815.495 0 
1 821.731 0.315745 0.0222795 0.677543 -0.891242 -0.439115 -1.1357 -5.10265 -815.492 0 
1 820.203 0.307928 0.0224104 0.682463 -0.894372 -0.373351 -0.147773 -4.41096 -815.644 0 
1 821.562 0.304118 0.0224199 0.683082 -0.866681 -0.410966 -1.42291 -4.62305 -815.516 0 
2 821.604 0.310676 0.0223344 0.675018 -0.833482 -0.42706 -1.37118 -4.25031 -815.983 0 
1 823.294 0.306921 0.0224471 0.677666 -0.841524 -0.382352 -2.91756 -4.5766 -815.8 0 
1 822.843 0.317191 0.0223834 0.672179 -0.8592 -0.399581 -2.54142 -4.43568 -815.866 0 
4 820.949 0.311151 0.0224933 0.677086 -0.861855 -0.372462 -1.13348 -4.15758 -815.658 0 
1 821.17 0.312225 0.0225405 0.674819 -0.855213 -0.322817 -0.856616 -4.27523 -816.039 0 
1 821.731 0.306937 0.0225785 0.678883 -0.85185 -0.33148 -1.35675 -4.57638 -815.798 0 
3 823.127 0.315719 0.0225956 0.674927 -0.882678 -0.277286 -2.61043 -4.66649 -815.85 0 
3 823.216 0.311546 0.0226576 0.67709 -0.869963 -0.279664 -2.99111 -4.35087 -815.874 0 
4 822.558 0.314689 0.0226096 0.673825 -0.8633 -0.304689 -2.0874 -4.39073 -816.08 0 
1 821.411 0.320668 0.022376 0.668205 -0.84506 -0.369783 -0.0132615 -4.67051 -816.727 0 
3 822.045 0.314484 0.0225784 0.672359 -0.845912 -0.313214 -1.07331 -4.42518 -816.546 0 
1 822.269 0.321234 0.0223777 0.667022 -0.833173 -0.396466 -0.63151 -4.56569 -817.072 0 
1 821.864 0.31772 0.0223131 0.669849 -0.830868 -0.443007 -1.24119 -4.14412 -816.479 0 
2 821.574 0.31706 0.0223463 0.670133 -0.829525 -0.429235 -0.867885 -4.1394 -816.566 0 
1 820.651 0.317779 0.022301 0.670787 -0.836707 -0.447144 -0.219185 -4.17456 -816.258 0 
10 821.112 0.319685 0.0222487 0.670572 -0.856835 -0.43204 -0.522899 -4.67794 -815.911 0 
10 820.549 0.316097 0.0223473 0.674587 -0.8695 -0.394641 -0.447762 -4.44609 -815.655 0 
2 820.862 0.318162 0.0224053 0.67224 -0.869066 -0.357481 -0.280125 -4.6863 -815.895 0 
1 821.602 0.318518 0.0223667 0.673062 -0.892464 -0.32439 -0.648398 -5.28609 -815.668 0 
3 821.1 0.319661 0.0222682 0.670972 -0.874894 -0.362274 -0.230279 -5.03264 -815.837 0 
8 820.874 0.318254 0.0223144 0.670931 -0.864266 -0.347044 -0.185158 -4.62718 -816.062 0 
4 821.107 0.317504 0.0222899 0.670804 -0.867202 -0.333013 -0.48357 -4.60983 -816.014 0 
5 821.927 0.315011 0.0223374 0.671187 -0.869809 -0.268179 -1.24927 -4.55105 -816.126 0 
1 820.663 0.314742 0.0223065 0.675246 -0.906154 -0.265267 -0.0775362 -4.94866 -815.637 0 
2 821.252 0.315953 0.0222851 0.675747 -0.909805 -0.31068 -0.342014 -5.31004 -815.6 0 
1 821.754 0.314232 0.022357 0.677448 -0.930161 -0.235789 -0.493474 -5.49488 -815.766 0 
4 822.412 0.319409 0.022333 0.672136 -0.912314 -0.248869 -0.64783 -6.04332 -815.72 0 
3 821.429 0.316135 0.0223723 0.672949 -0.914124 -0.178433 -0.176573 -5.45164 -815.801 0 
1 821.727 0.316079 0.0223386 0.672347 -0.91392 -0.168744 -0.431501 -5.46734 -815.828 0 
2 822.177 0.319152 0.0224437 0.670887 -0.902441 -0.196759 -0.395063 -5.77674 -816.005 0 
1 822.969 0.304172 0.0227028 0.682823 -0.914553 -0.132635 -2.67261 -4.53175 -815.764 0 
1 821.301 0.311428 0.0225434 0.676865 -0.909747 -0.170518 -0.839795 -4.71754 -815.743 0 
4 822.008 0.310528 0.0226136 0.677993 -0.912001 -0.159113 -1.58682 -4.67762 -815.744 0 
3 821.488 0.306386 0.0226019 0.680933 -0.912126 -0.161913 -1.31565 -4.44699 -815.725 0 
3 822.196 0.301341 0.0225673 0.683988 -0.913123 -0.144725 -1.7555 -4.63836 -815.802 0 
1 821.437 0.308518 0.0223265 0.677276 -0.889563 -0.24174 -1.45368 -4.33051 -815.653 0 
3 822.577 0.307603 0.0223846 0.678524 -0.919745 -0.154818 -2.30369 -4.51282 -815.76 0 
3 822.266 0.311441 0.0222725 0.677685 -0.944903 -0.14953 -0.960916 -5.34321 -815.962 0 
1 823.286 0.30513 0.0224504 0.678194 -0.905195 -0.106684 -2.76857 -4.73155 -815.786 0 
4 821.522 0.307851 0.022512 0.678415 -0.929687 -0.0737905 -0.865634 -4.80822 -815.848 0 
7 822.043 0.308229 0.0225034 0.676676 -0.913485 -0.0886439 -1.39494 -4.80733 -815.841 0 
27 822.195 0.312373 0.0225582 0.674298 -0.911511 -0.0899465 -1.00928 -5.20392 -815.982 0 
1 822.182 0.311873 0.0225198 0.676012 -0.933591 -0.0588294 -0.902146 -5.38623 -815.894 0 
1 823.173 0.315563 0.0225117 0.672866 -0.944171 -0.0168129 -0.644936 -6.51148 -816.017 0 
1 823.003 0.308044 0.0225833 0.680915 -0.97045 0.00811715 -1.22385 -5.45801 -816.321 0 
1 822.047 0.316131 0.022403 0.673332 -0.933044 -0.102557 -0.145983 -6.02513 -815.876 0 
3 822.557 0.315169 0.0222996 0.673865 -0.933171 -0.115071 -0.959151 -5.76057 -815.837 0 
5 822.585 0.313797 0.0224107 0.6754 -0.909688 -0.184925 -1.88291 -4.94323 -815.759 0 
3 825.593 0.31548 0.0225682 0.675229 -0.911881 -0.164713 -4.46794 -5.28511 -815.84 0 
1 825.685 0.321597 0.0225194 0.671208 -0.915428 -0.187039 -3.02871 -6.70258 -815.954 0 
5 822.04 0.312831 0.0225453 0.677069 -0.919597 -0.162409 -1.28572 -5.0034 -815.751 0 
1 824.927 0.302318 0.0226216 0.683842 -0.909191 -0.14115 -4.48566 -4.69289 -815.748 0 
1 825.168 0.294479 0.0226539 0.691235 -0.924249 -0.141033 -3.42666 -5.39416 -816.348 0 
3 824.123 0.293427 0.0225593 0.693131 -0.94464 -0.136174 -1.719 -5.20912 -817.195 0 
1 823.637 0.294517 0.0225222 0.693477 -0.94373 -0.18162 -1.17623 -5.12408 -817.337 0 
1 822.894 0.302054 0.0222832 0.687486 -0.931396 -0.272028 -1.68508 -4.63129 -816.577 0 
2 824.587 0.303691 0.0222622 0.689001 -0.972605 -0.225405 -1.28688 -5.36122 -817.939 0 
3 822.55 0.305045 0.0222105 0.684435 -0.946107 -0.233601 -1.08512 -4.81974 -816.645 0 
5 823.723 0.308589 0.0222259 0.684875 -0.953922 -0.297127 -1.11277 -5.67382 -816.936 0 
1 822.745 0.307767 0.0223396 0.685345 -0.945277 -0.291993 -0.8564 -5.23223 -816.656 0 
3 821.905 0.312701 0.0222493 0.680028 -0.920001 -0.363672 -0.673935 -5.37658 -815.855 0 
1 821.697 0.309538 0.0222057 0.681691 -0.923127 -0.341591 -0.64793 -5.0082 -816.041 0 
4 820.545 0.308353 0.0223316 0.682042 -0.897488 -0.364941 -0.468669 -4.41697 -815.66 0 
1 821.23 0.306597 0.0224185 0.681437 -0.864832 -0.389434 -1.34105 -4.37813 -815.511 0 
1 821.579 0.307939 0.0223766 0.683161 -0.90021 -0.363483 -1.43089 -4.43671 -815.711 0 
2 821.898 0.311773 0.0223058 0.680444 -0.910821 -0.348253 -1.36541 -4.82642 -815.706 0 
2 820.488 0.315788 0.022317 0.675245 -0.886573 -0.367025 -0.180541 -4.75345 -815.554 0 
1 821.066 0.308704 0.0223177 0.679132 -0.882259 -0.356321 -1.27819 -4.25642 -815.532 0 
1 822.284 0.312249 0.0223669 0.676515 -0.896458 -0.294373 -2.16836 -4.52337 -815.593 0 
3 821.312 0.309193 0.0224123 0.682147 -0.932907 -0.249214 -0.421035 -4.86902 -816.022 0 
16 821 0.304638 0.0223973 0.685291 -0.920628 -0.298637 -0.292511 -4.55979 -816.148 0 
2 820.578 0.310943 0.0222592 0.679723 -0.902023 -0.357641 -0.349965 -4.59856 -815.63 0 
7 820.266 0.313278 0.0223003 0.676241 -0.886368 -0.335749 -0.257164 -4.43623 -815.572 0 
1 821.191 0.312287 0.0224102 0.678821 -0.910226 -0.277634 -0.848244 -4.70444 -815.638 0 
3 821.613 0.317698 0.0223218 0.67413 -0.908964 -0.28684 -0.419157 -5.56293 -815.631 0 
2 822.205 0.308196 0.0223568 0.677975 -0.890758 -0.264148 -2.31364 -4.28193 -815.61 0 
2 821.7 0.312684 0.0223551 0.674232 -0.879705 -0.283032 -1.57673 -4.37269 -815.75 0 
5 820.869 0.315551 0.0223232 0.672801 -0.875035 -0.321677 -0.558386 -4.50906 -815.801 0 
1 820.502 0.315768 0.0222855 0.673561 -0.881786 -0.326306 -0.194758 -4.61247 -815.694 0 
2 822.158 0.316813 0.0222623 0.671521 -0.860475 -0.349134 -1.68029 -4.42255 -816.055 0 
1 822.34 0.314685 0.0222136 0.672218 -0.85449 -0.364762 -2.12122 -4.22407 -815.995 0 
1 821.577 0.317066 0.0223147 0.670596 -0.865652 -0.31939 -0.909328 -4.57307 -816.094 0 
1 821.518 0.310437 0.0224736 0.675187 -0.872451 -0.236166 -1.07711 -4.48373 -815.957 0 
1 821.916 0.311919 0.0223632 0.676187 -0.893318 -0.241951 -1.74812 -4.47135 -815.696 0 
1 821.722 0.312148 0.022572 0.675824 -0.887622 -0.213337 -1.2996 -4.56412 -815.858 0 
7 822.028 0.316113 0.0224283 0.670451 -0.872128 -0.218251 -0.687574 -4.9092 -816.431 0 
2 822.806 0.313269 0.0224805 0.67227 -0.859089 -0.243829 -1.68232 -4.66421 -816.459 0 
1 823.041 0.307237 0.0225608 0.678213 -0.878354 -0.208363 -2.60163 -4.61889 -815.82 0 
2 822.179 0.320698 0.0223814 0.669051 -0.895222 -0.21084 -0.0738654 -5.93002 -816.175 0 
3 821.857 0.316689 0.0223761 0.672948 -0.925348 -0.136974 -0.133691 -5.87833 -815.845 0 
7 821.969 0.311399 0.0224987 0.676793 -0.947133 -0.0354914 -0.462551 -5.55588 -815.95 0 
1 823.232 0.311713 0.0225329 0.677019 -0.938518 -0.0584813 -1.93853 -5.39849 -815.895 0 
1 821.422 0.310857 0.0224547 0.677949 -0.94549 -0.0799179 -0.197537 -5.29238 -815.932 0 
1 822.138 0.310347 0.0222635 0.677341 -0.948589 -0.0845615 -0.902829 -5.25379 -815.982 0 
1 823.522 0.306348 0.0222335 0.678945 -0.91522 -0.168262 -3.3489 -4.43058 -815.742 0 
1 821.587 0.308209 0.0222715 0.679101 -0.930624 -0.161144 -1.09124 -4.63391 -815.862 0 
1 822.623 0.318801 0.0221811 0.671866 -0.918806 -0.238491 -0.817843 -6.10526 -815.7 0 
4 823.175 0.320477 0.0221468 0.668475 -0.894061 -0.250552 -1.43551 -5.74542 -815.994 0 
1 821.231 0.313853 0.0223249 0.673462 -0.905949 -0.179305 -0.479496 -4.94742 -815.805 0 
1 821.425 0.312007 0.0224495 0.674166 -0.896688 -0.157759 -0.710064 -4.79189 -815.924 0 
2 822.914 0.303209 0.0224096 0.680927 -0.903477 -0.173738 -2.68056 -4.5318 -815.702 0 
1 822.197 0.307929 0.0223482 0.680872 -0.950582 -0.134661 -1.04309 -4.9552 -816.199 0 
5 822.221 0.306092 0.0222896 0.684614 -0.965878 -0.15813 -0.202462 -5.11093 -816.907 0 
2 822.043 0.306026 0.0223927 0.683886 -0.95923 -0.143254 -0.505988 -4.93352 -816.603 0 
3 822.03 0.307386 0.0223924 0.683436 -0.958858 -0.160509 -0.363617 -5.11122 -816.555 0 
2 822.729 0.311007 0.0223068 0.681566 -0.959007 -0.204013 -0.476497 -5.79779 -816.455 0 
2 822.132 0.304617 0.022488 0.685632 -0.957045 -0.147165 -0.707926 -4.76223 -816.661 0 
3 822.359 0.301096 0.0225786 0.686628 -0.925528 -0.190943 -1.73065 -4.49502 -816.133 0 
3 821.982 0.302946 0.0224865 0.687854 -0.943195 -0.231247 -0.592952 -4.67038 -816.719 0 
1 822.112 0.299437 0.0225335 0.686977 -0.911392 -0.220145 -1.4061 -4.72806 -815.977 0 
2 821.823 0.302142 0.0225114 0.685147 -0.881165 -0.322868 -1.4818 -4.73995 -815.601 0 
1 821.573 0.305873 0.0224 0.681392 -0.883409 -0.340738 -1.67821 -4.33263 -815.563 0 
1 822.341 0.306595 0.0225271 0.681201 -0.894067 -0.281595 -2.4441 -4.28962 -815.607 0 
3 822.141 0.300171 0.022512 0.685489 -0.881248 -0.298327 -1.48295 -5.03368 -815.625 0 
2 820.37 0.311318 0.0224267 0.678512 -0.877566 -0.361043 -0.590298 -4.23475 -815.545 0 
4 820.164 0.309134 0.0224577 0.678545 -0.868478 -0.348194 -0.362263 -4.20958 -815.593 0 
1 821.417 0.305783 0.0225777 0.681736 -0.877408 -0.317582 -1.50142 -4.35861 -815.557 0 
2 823.584 0.304762 0.0226892 0.680049 -0.852729 -0.289094 -2.7365 -4.99526 -815.852 0 
4 822.904 0.305654 0.0226475 0.679708 -0.876804 -0.23305 -2.63662 -4.55661 -815.711 0 
1 823.082 0.303913 0.0226532 0.680681 -0.868665 -0.243113 -2.47508 -4.88129 -815.725 0 
1 822.648 0.307581 0.0225006 0.680504 -0.906878 -0.243253 -2.62074 -4.35413 -815.673 0 
2 821.834 0.303275 0.0225964 0.685048 -0.922851 -0.191478 -1.46269 -4.41099 -815.96 0 
1 823.044 0.307146 0.0226641 0.681635 -0.908039 -0.213407 -2.99853 -4.36133 -815.684 0 
6 821.193 0.309856 0.022493 0.67995 -0.931858 -0.167046 -0.541693 -4.81048 -815.84 0 
1 823.109 0.304956 0.0226456 0.6805 -0.893338 -0.160179 -2.68651 -4.68869 -815.734 0 
1 822.899 0.302127 0.022631 0.68265 -0.911418 -0.110295 -2.39289 -4.73741 -815.769 0 
3 823.467 0.299193 0.0226894 0.688281 -0.947319 -0.079415 -2.41018 -4.58027 -816.476 0 
3 823.819 0.298002 0.0225981 0.687558 -0.930546 -0.126447 -2.85767 -4.72083 -816.24 0 
1 821.407 0.305479 0.0224842 0.679913 -0.884018 -0.243071 -1.32817 -4.44542 -815.633 0 
3 821.521 0.315605 0.0222917 0.674541 -0.913863 -0.249669 -0.560338 -5.30209 -815.658 0 
1 822.654 0.312831 0.0223448 0.672723 -0.874857 -0.255483 -2.26591 -4.44252 -815.946 0 
3 821.713 0.310076 0.0223362 0.675777 -0.870189 -0.287747 -1.63145 -4.30701 -815.775 0 
1 821.767 0.307925 0.0224227 0.678829 -0.878583 -0.278115 -1.79938 -4.32935 -815.639 0 
1 822.059 0.307649 0.0223434 0.677888 -0.874281 -0.283128 -2.04739 -4.35364 -815.658 0 
7 821.407 0.308052 0.0223265 0.677768 -0.869966 -0.324935 -1.53229 -4.26645 -815.608 0 
6 821.345 0.310262 0.0222576 0.677256 -0.892193 -0.303783 -1.44178 -4.32636 -815.576 0 
2 823.264 0.319253 0.0221964 0.669783 -0.891659 -0.284618 -1.99619 -5.43339 -815.835 0 
3 822.019 0.307996 0.022378 0.676847 -0.882235 -0.225111 -1.84036 -4.43682 -815.742 0 
9 822.788 0.305091 0.0224292 0.679275 -0.897265 -0.164581 -2.48999 -4.58868 -815.709 0 
1 822.889 0.31054 0.0224379 0.674498 -0.876974 -0.199894 -2.21542 -4.63901 -816.034 0 
2 823.289 0.315425 0.0225261 0.669283 -0.853982 -0.216733 -1.23573 -5.00329 -817.05 0 
2 823.848 0.324776 0.0223971 0.663372 -0.852626 -0.258368 -0.0479936 -6.00058 -817.799 0 
1 823.887 0.322011 0.0223745 0.667694 -0.881184 -0.228113 -1.45132 -5.87623 -816.559 0 
10 823.416 0.318349 0.0224314 0.670264 -0.884638 -0.203481 -1.76217 -5.33026 -816.324 0 
2 824.182 0.326161 0.0222807 0.662538 -0.857731 -0.269722 -0.279875 -6.29819 -817.604 0 
2 823.736 0.32416 0.0223088 0.664592 -0.861307 -0.26758 -0.627215 -5.88292 -817.226 0 
4 824.543 0.322137 0.0224849 0.664585 -0.851068 -0.218148 -0.770601 -5.82213 -817.95 0 
1 823.584 0.324147 0.0223045 0.663498 -0.849316 -0.288452 -0.338021 -5.64758 -817.599 0 
1 823.386 0.322464 0.0224654 0.665482 -0.861587 -0.229488 -0.242308 -5.78634 -817.358 0 
2 824.297 0.319749 0.0225078 0.667562 -0.849128 -0.257477 -1.75668 -5.16017 -817.38 0 
2 823.745 0.325968 0.0222687 0.662574 -0.840264 -0.340965 -0.331709 -5.63273 -817.781 0 
2 823.898 0.326317 0.0222133 0.663327 -0.852331 -0.336913 -0.715737 -5.9121 -817.27 0 
1 823.392 0.319693 0.0223951 0.665985 -0.817538 -0.362802 -0.747067 -4.64339 -818.002 0 
1 821.487 0.316475 0.022394 0.670752 -0.834967 -0.381842 -0.57667 -4.26713 -816.643 0 
3 821.862 0.320139 0.0222521 0.669904 -0.856287 -0.395075 -1.0331 -4.68529 -816.143 0 
3 824.167 0.323699 0.0222916 0.666832 -0.840542 -0.40732 -2.31044 -4.93629 -816.92 0 
1 824.2 0.326285 0.0222133 0.667211 -0.856508 -0.461326 -2.09555 -5.89455 -816.21 0 
5 824.464 0.322105 0.0223068 0.667432 -0.819665 -0.461497 -2.86192 -4.36362 -817.239 0 
2 822.656 0.323948 0.0222708 0.665313 -0.814732 -0.475467 -0.586903 -4.49612 -817.573 0 
3 824.48 0.31184 0.0223671 0.674394 -0.817229 -0.453943 -3.68243 -4.38184 -816.416 0 
1 824.199 0.317768 0.0223122 0.673163 -0.859644 -0.407804 -3.92218 -4.42521 -815.852 0 
2 824.387 0.314277 0.0223016 0.672 -0.824191 -0.42224 -3.58609 -4.22608 -816.575 0 
5 825.622 0.304895 0.022409 0.678444 -0.82656 -0.390999 -4.2298 -5.38608 -816.006 0 
1 821.713 0.307732 0.0225214 0.677946 -0.835206 -0.404073 -1.25848 -4.57014 -815.885 0 
1 820.881 0.308759 0.0224555 0.677668 -0.83691 -0.427808 -0.702481 -4.38095 -815.798 0 
1 821.751 0.302467 0.0225665 0.683973 -0.871177 -0.33465 -1.41311 -4.79058 -815.547 0 
2 820.614 0.310437 0.0223144 0.677501 -0.878891 -0.351229 -0.836317 -4.2339 -815.544 0 
3 820.805 0.304366 0.0223293 0.684892 -0.918245 -0.298108 -0.18342 -4.52141 -816.1 0 
2 821.294 0.307074 0.0222814 0.683019 -0.918885 -0.297602 -0.806409 -4.53456 -815.953 0 
11 821.863 0.302017 0.0223209 0.688114 -0.925238 -0.335382 -0.320312 -4.85085 -816.692 0 
2 822.408 0.304335 0.0223388 0.686554 -0.922441 -0.316406 -1.50041 -4.61419 -816.294 0 
1 822.064 0.305919 0.0223102 0.68289 -0.896643 -0.329419 -2.03417 -4.35299 -815.676 0 
3 822.115 0.309681 0.0222823 0.679604 -0.886981 -0.350715 -2.30367 -4.27051 -815.541 0 
3 820.011 0.312212 0.0223873 0.677796 -0.880641 -0.363225 -0.163548 -4.30788 -815.539 0 
3 821.452 0.3109 0.0224664 0.677624 -0.844869 -0.423166 -1.52115 -4.17653 -815.754 0 
2 820.728 0.313145 0.0223797 0.674605 -0.841812 -0.414408 -0.631174 -4.12071 -815.976 0 
1 821 0.315459 0.0224958 0.673686 -0.862953 -0.346082 -0.72512 -4.34445 -815.931 0 
1 821.634 0.317777 0.0224842 0.672996 -0.870931 -0.338022 -1.0413 -4.67054 -815.922 0 
1 822.263 0.315811 0.0225585 0.674927 -0.881069 -0.312521 -1.89259 -4.61995 -815.75 0 
1 822.66 0.318806 0.0225075 0.671415 -0.861368 -0.357455 -1.87813 -4.66305 -816.119 0 
1 824.323 0.320511 0.0225816 0.669617 -0.84405 -0.380431 -3.02984 -4.61985 -816.673 0 
1 821.72 0.315468 0.0225408 0.671776 -0.83042 -0.382251 -0.726009 -4.26627 -816.728 0 
1 821.733 0.313326 0.0225079 0.673011 -0.836611 -0.36964 -1.08183 -4.25156 -816.4 0 
1 820.656 0.311446 0.0224163 0.675449 -0.845806 -0.383032 -0.526815 -4.19879 -815.931 0 
3 820.186 0.314079 0.0224352 0.674566 -0.85889 -0.370266 -0.143381 -4.2047 -815.838 0 
3 820.01 0.314998 0.0223464 0.674497 -0.86626 -0.38615 -0.00692034 -4.31382 -815.689 0 
1 820.196 0.314598 0.0223496 0.674247 -0.876345 -0.325132 -0.0470349 -4.42008 -815.729 0 
1 821.406 0.308668 0.0224036 0.678407 -0.893726 -0.232699 -1.39859 -4.35538 -815.653 0 
1 820.818 0.314993 0.0223753 0.676117 -0.903227 -0.295292 -0.279529 -4.93524 -815.603 0 
1 821.272 0.308969 0.0222797 0.67885 -0.89446 -0.288546 -1.39041 -4.29032 -815.591 0 
1 820.66 0.313889 0.022269 0.67398 -0.868796 -0.353313 -0.663715 -4.27769 -815.718 0 
7 820.373 0.311197 0.0222671 0.677955 -0.890485 -0.350838 -0.435498 -4.3949 -815.543 0 
3 820.403 0.305506 0.0223627 0.682288 -0.891536 -0.322144 -0.434582 -4.34671 -815.622 0 
4 820.968 0.316176 0.0222197 0.675062 -0.884651 -0.411582 -0.58638 -4.8829 -815.499 0 
2 820.366 0.31302 0.0223153 0.678326 -0.892617 -0.385099 -0.195419 -4.64123 -815.529 0 
1 821.006 0.31815 0.0222475 0.673413 -0.881213 -0.397435 -0.426382 -5.00244 -815.577 0 
1 820.453 0.314834 0.0223322 0.674065 -0.860996 -0.400822 -0.485482 -4.25252 -815.715 0 
2 821.377 0.303862 0.0223914 0.682205 -0.871998 -0.349972 -1.25703 -4.58303 -815.537 0 
3 823.942 0.307569 0.0222339 0.677638 -0.865062 -0.365214 -4.11549 -4.27151 -815.555 0 
1 822.07 0.301217 0.0224699 0.684571 -0.871982 -0.347458 -1.53311 -4.97173 -815.565 0 
1 820.234 0.311129 0.0224345 0.678736 -0.892251 -0.323813 -0.296312 -4.37656 -815.561 0 
5 821.234 0.317959 0.0222066 0.672342 -0.872155 -0.390329 -0.819286 -4.71379 -815.701 0 
1 820.161 0.312008 0.0223701 0.675883 -0.86367 -0.358371 -0.274424 -4.17909 -815.707 0 
3 820.493 0.309228 0.0223881 0.677439 -0.866453 -0.335253 -0.616691 -4.22904 -815.648 0 
2 820.221 0.309566 0.0223627 0.677887 -0.88203 -0.307982 -0.394376 -4.23901 -815.588 0 
4 820.327 0.313581 0.0223687 0.67403 -0.856414 -0.362329 -0.235387 -4.19271 -815.899 0 
1 822.479 0.320645 0.0222781 0.668662 -0.84994 -0.413865 -1.53586 -4.68375 -816.259 0 
4 822.554 0.31965 0.022282 0.667648 -0.851384 -0.339273 -1.23957 -4.69923 -816.616 0 
2 825.388 0.324397 0.0221807 0.664532 -0.843946 -0.410114 -3.35098 -5.20876 -816.828 0 
1 824.179 0.326554 0.0222398 0.663222 -0.853429 -0.348784 -1.03616 -5.99724 -817.146 0 
1 821.667 0.32048 0.0223205 0.668299 -0.855938 -0.351224 -0.394228 -4.82717 -816.446 0 
6 822.258 0.323309 0.0222632 0.667972 -0.861241 -0.386812 -0.628606 -5.34854 -816.28 0 
3 823.026 0.314851 0.0224389 0.674451 -0.863942 -0.335275 -2.77669 -4.32468 -815.925 0 
1 821.867 0.315119 0.0223257 0.675336 -0.893337 -0.30162 -1.52395 -4.71171 -815.631 0 
1 822.996 0.324676 0.0221702 0.666401 -0.868464 -0.37292 -0.846164 -5.89585 -816.254 0 
3 822.601 0.323517 0.0222122 0.667224 -0.872466 -0.339361 -0.617428 -5.7358 -816.248 0 
3 822.162 0.321574 0.0223266 0.668202 -0.868625 -0.304577 -0.434484 -5.3028 -816.425 0 
4 822.656 0.320101 0.0221744 0.668634 -0.882084 -0.281881 -1.24073 -5.33711 -816.079 0 
2 823.364 0.316892 0.0220989 0.671637 -0.903649 -0.254128 -2.40773 -5.24802 -815.708 0 
1 821.851 0.308515 0.0222608 0.678368 -0.927765 -0.156125 -1.40311 -4.63139 -815.816 0 
5 821.534 0.304501 0.0224511 0.681899 -0.93982 -0.0802684 -0.927509 -4.58743 -816.019 0 
1 821.878 0.30683 0.0224403 0.681458 -0.954765 -0.0845269 -0.756742 -4.8925 -816.228 0 
1 822.066 0.304253 0.0225925 0.682233 -0.940831 -0.0492416 -1.38915 -4.67225 -816.004 0 
6 822.407 0.315547 0.0224479 0.672112 -0.918781 -0.105594 -0.768792 -5.68005 -815.959 0 
3 821.622 0.315152 0.0225028 0.673025 -0.904077 -0.155395 -0.453554 -5.21123 -815.957 0 
2 821.348 0.305704 0.0225282 0.680571 -0.921975 -0.118778 -1.01846 -4.52907 -815.8 0 
1 821.873 0.305929 0.0224269 0.678885 -0.903255 -0.161759 -1.67361 -4.48981 -815.709 0 
1 822.442 0.310825 0.0223444 0.674161 -0.884962 -0.214775 -2.12721 -4.47552 -815.839 0 
1 823.915 0.299868 0.0224884 0.684014 -0.905008 -0.152864 -3.24228 -4.91925 -815.754 0 
1 823.048 0.301317 0.0225229 0.68333 -0.905592 -0.153168 -2.55897 -4.75337 -815.736 0 
3 821.695 0.302915 0.0225153 0.685391 -0.955805 -0.0892948 -0.594794 -4.58852 -816.511 0 
5 821.312 0.302813 0.0225324 0.684234 -0.928414 -0.141763 -0.873991 -4.45413 -815.984 0 
4 822.166 0.300842 0.0226223 0.686129 -0.92368 -0.152668 -1.62379 -4.54283 -816 0 
6 821.568 0.303975 0.0225331 0.68436 -0.936364 -0.153358 -0.975876 -4.46792 -816.124 0 
1 822.011 0.312087 0.0222231 0.678519 -0.932283 -0.230525 -1.02298 -5.13908 -815.849 0 
1 821.564 0.314378 0.0222017 0.67582 -0.920673 -0.254269 -0.623178 -5.25722 -815.684 0 
1 822.824 0.316142 0.0223395 0.676473 -0.940472 -0.213086 -0.788517 -6.20843 -815.827 0 
2 820.921 0.312287 0.0222881 0.676668 -0.919999 -0.213952 -0.317244 -4.89774 -815.706 0 
1 821.74 0.317201 0.022179 0.672371 -0.897703 -0.290597 -0.912369 -5.15579 -815.672 0 
3 821.259 0.312118 0.0224104 0.67418 -0.87532 -0.245272 -0.851003 -4.46266 -815.945 0 
1 821.649 0.315245 0.0222517 0.673201 -0.889065 -0.27159 -1.19526 -4.69763 -815.756 0 
2 822.02 0.317124 0.0224916 0.670322 -0.861664 -0.277891 -0.861971 -4.69729 -816.461 0 
1 823.041 0.318322 0.0222987 0.669012 -0.863714 -0.312956 -2.04212 -4.72776 -816.271 0 
6 822.565 0.322007 0.0222328 0.669631 -0.888139 -0.322297 -0.84718 -5.84217 -815.876 0 
3 821.131 0.315564 0.0222059 0.67429 -0.89369 -0.323217 -0.719093 -4.81774 -815.594 0 
1 820.264 0.313075 0.0222609 0.676294 -0.880822 -0.368764 -0.350817 -4.37249 -815.54 0 
7 820.945 0.316178 0.0222106 0.673628 -0.883609 -0.353175 -0.625159 -4.70744 -815.613 0 
3 820.196 0.31352 0.0223991 0.674752 -0.874487 -0.310279 -0.0862995 -4.34367 -815.766 0 
1 822.15 0.312911 0.0226028 0.677097 -0.891519 -0.263217 -1.96361 -4.50358 -815.683 0 
18 822.33 0.32157 0.0224489 0.668107 -0.854226 -0.325397 -0.503894 -5.03823 -816.788 0 
1 824.251 0.325358 0.0222886 0.66657 -0.900785 -0.246407 -0.79542 -7.29152 -816.164 0 
1 822.784 0.320872 0.0224116 0.669376 -0.906477 -0.173452 -0.314294 -6.3406 -816.129 0 
1 822.398 0.317217 0.0224793 0.670782 -0.909482 -0.109749 -0.359633 -5.87371 -816.165 0 
1 822.408 0.314034 0.0224124 0.674015 -0.922001 -0.136884 -1.26938 -5.33169 -815.807 0 
2 822.376 0.310127 0.0226151 0.676398 -0.909387 -0.112856 -1.69185 -4.82972 -815.855 0 
3 821.915 0.315981 0.022425 0.670563 -0.885359 -0.186862 -0.607809 -5.07199 -816.235 0 
4 822.398 0.312759 0.0223497 0.673719 -0.891413 -0.192725 -1.79543 -4.69908 -815.904 0 
3 822.006 0.316485 0.0222976 0.670958 -0.904792 -0.161422 -0.6109 -5.41328 -815.982 0 
2 821.21 0.313976 0.0223776 0.672957 -0.898759 -0.178891 -0.407351 -4.90698 -815.896 0 
3 822.572 0.315318 0.0222856 0.670305 -0.87677 -0.224818 -1.59016 -4.78 -816.202 0 
7 821.384 0.31449 0.0223447 0.672515 -0.893022 -0.210936 -0.686563 -4.81394 -815.884 0 
3 821.789 0.304318 0.0224118 0.685346 -0.966332 -0.110558 -0.0927704 -4.84551 -816.851 0 
1 823.505 0.307105 0.0222843 0.678483 -0.9196 -0.167074 -3.27265 -4.46612 -815.767 0 
4 821.051 0.306934 0.0223111 0.681325 -0.931896 -0.193529 -0.510043 -4.56159 -815.98 0 
5 821.186 0.304575 0.0223085 0.683589 -0.930328 -0.215205 -0.592547 -4.47013 -816.124 0 
7 822.15 0.306098 0.0221871 0.682931 -0.930019 -0.269103 -1.30631 -4.64378 -816.2 0 
1 823.494 0.306399 0.0222091 0.680842 -0.910559 -0.286719 -3.28137 -4.41463 -815.798 0 
1 823.372 0.306459 0.0221942 0.681678 -0.931731 -0.240015 -2.61459 -4.63459 -816.123 0 
9 821.9 0.305181 0.0222253 0.684501 -0.938218 -0.255311 -0.723612 -4.71395 -816.463 0 
2 821.449 0.301086 0.0224279 0.685998 -0.924569 -0.203337 -0.792863 -4.50708 -816.149 0 
1 821.013 0.308294 0.0223021 0.681569 -0.933473 -0.234553 -0.205174 -4.76301 -816.044 0 
2 822.446 0.312098 0.022202 0.677996 -0.935462 -0.23236 -1.2302 -5.31271 -815.903 0 
3 822.813 0.307428 0.0222624 0.680298 -0.929236 -0.208043 -2.28728 -4.58934 -815.936 0 
3 823.879 0.313368 0.0221722 0.67886 -0.954274 -0.235749 -1.34099 -6.27375 -816.265 0 
2 824.744 0.317508 0.0221547 0.67641 -0.951313 -0.259402 -1.49946 -7.22225 -816.022 0 
2 824.299 0.314116 0.0222673 0.67978 -0.9554 -0.231917 -1.71191 -6.35204 -816.235 0 
2 823.198 0.308038 0.022384 0.684276 -0.969688 -0.169272 -0.706733 -5.56642 -816.925 0 
1 822.638 0.308348 0.0222072 0.682978 -0.956124 -0.21739 -0.69948 -5.30742 -816.631 0 
1 822.038 0.308679 0.022273 0.681319 -0.943926 -0.183699 -1.01432 -4.89393 -816.13 0 
6 821.617 0.308493 0.0223523 0.67912 -0.934175 -0.120239 -1.00747 -4.74027 -815.869 0 
1 821.7 0.308844 0.0223339 0.680734 -0.963086 -0.0939955 -0.0410419 -5.31114 -816.348 0 
5 822.22 0.308631 0.022451 0.681388 -0.967468 -0.0705552 -0.421065 -5.39109 -816.408 0 
2 822.126 0.306442 0.0225104 0.681392 -0.954404 -0.0565646 -1.06968 -4.87899 -816.177 0 
3 821.566 0.312213 0.0224599 0.676494 -0.928951 -0.133278 -0.63496 -5.13853 -815.793 0 
1 821.788 0.312642 0.0223715 0.675082 -0.925685 -0.133107 -0.83767 -5.16136 -815.789 0 
3 821.715 0.312926 0.0225129 0.673612 -0.896622 -0.144746 -0.742638 -4.95249 -816.02 0 
3 821.917 0.310658 0.0225459 0.677437 -0.920062 -0.11827 -1.24771 -4.87197 -815.797 0 
1 824.268 0.31443 0.0226259 0.673304 -0.902781 -0.1065 -2.72737 -5.38337 -816.157 0 
2 824.054 0.319675 0.0224609 0.670302 -0.920323 -0.102834 -1.30389 -6.61923 -816.131 0 
1 823.18 0.321638 0.0224256 0.668336 -0.905631 -0.156262 -0.297147 -6.59965 -816.283 0 
3 821.947 0.317417 0.022424 0.669686 -0.887938 -0.175126 -0.250274 -5.36379 -816.333 0 
3 824.349 0.323311 0.0223541 0.669363 -0.917936 -0.213389 -1.13686 -7.31498 -815.897 0 
8 821.658 0.315626 0.0224449 0.673094 -0.898653 -0.191195 -0.659441 -5.07645 -815.922 0 
12 821.588 0.317261 0.0224385 0.671443 -0.889209 -0.213123 -0.347991 -5.1526 -816.087 0 
2 823.307 0.315571 0.0223877 0.669202 -0.870736 -0.199708 -1.79316 -4.95954 -816.555 0 
1 823.838 0.307859 0.022553 0.675781 -0.883827 -0.133735 -2.83594 -4.94514 -816.057 0 
1 824.347 0.309202 0.0223866 0.674875 -0.886439 -0.158178 -3.63551 -4.74594 -815.965 0 
3 823.881 0.306523 0.0224995 0.678572 -0.908562 -0.105582 -3.34898 -4.73522 -815.797 0 
3 822.634 0.313565 0.0222977 0.67157 -0.876974 -0.22073 -1.88259 -4.64479 -816.107 0 
6 821.786 0.316407 0.0223812 0.670703 -0.891453 -0.19081 -0.540597 -5.14712 -816.098 0 
1 822.555 0.316415 0.0223515 0.669361 -0.886331 -0.166957 -0.947914 -5.25335 -816.353 0 
1 823.671 0.309641 0.0223643 0.674853 -0.890386 -0.160493 -3.07328 -4.68776 -815.91 0 
2 821.693 0.30857 0.0223631 0.676904 -0.901948 -0.182171 -1.5235 -4.46143 -815.708 0 
5 822.463 0.307106 0.0223343 0.678109 -0.908024 -0.157961 -2.25164 -4.49246 -815.719 0 
5 821.213 0.309601 0.0224739 0.677323 -0.918027 -0.134656 -0.747253 -4.70119 -815.764 0 
2 822.081 0.304532 0.0225785 0.680981 -0.917027 -0.102567 -1.67615 -4.6185 -815.786 0 
1 822.464 0.303119 0.0225765 0.682998 -0.933026 -0.0715673 -1.90499 -4.6126 -815.946 0 
1 822.969 0.302215 0.0224755 0.683519 -0.957089 -0.00453531 -1.92737 -4.71933 -816.322 0 
3 823.863 0.299436 0.0225216 0.684281 -0.950284 0.00823172 -2.81788 -4.77586 -816.269 0 
1 822.047 0.309014 0.0224528 0.677969 -0.945235 -0.0313257 -0.913391 -5.17694 -815.956 0 
3 822.461 0.311401 0.0224928 0.674405 -0.911188 -0.0832868 -1.35234 -5.1364 -815.972 0 
2 822.658 0.310748 0.0224859 0.674865 -0.917783 -0.0610465 -1.51852 -5.18938 -815.95 0 
2 822.087 0.309267 0.0224909 0.677193 -0.922035 -0.0842507 -1.36121 -4.89141 -815.835 0 
1 822.487 0.306502 0.0225708 0.679324 -0.935403 -0.0275454 -1.64939 -4.92568 -815.912 0 
2 823.022 0.308653 0.022539 0.680722 -0.973747 0.0101109 -1.04868 -5.6111 -816.362 0 
2 823.503 0.300266 0.0226373 0.686055 -0.953966 -0.0127911 -2.45684 -4.67453 -816.371 0 
2 823.135 0.303228 0.0226299 0.684627 -0.968512 0.0110466 -1.77312 -4.84235 -816.52 0 
2 823.468 0.303337 0.0224865 0.682288 -0.944059 -0.0296974 -2.69168 -4.71674 -816.06 0 
2 822.085 0.31004 0.0223652 0.679018 -0.95806 -0.0630038 -0.572323 -5.39647 -816.116 0 
1 823.435 0.314293 0.022439 0.677256 -0.966148 -0.067983 -0.773212 -6.54512 -816.116 0 
1 821.189 0.311109 0.0223395 0.677641 -0.939133 -0.134208 -0.172404 -5.13948 -815.878 0 
1 820.678 0.308591 0.0223971 0.679504 -0.916988 -0.190771 -0.45831 -4.49147 -815.728 0 
4 820.796 0.306786 0.0224394 0.680011 -0.889111 -0.256888 -0.852765 -4.33083 -815.612 0 
6 821.814 0.30971 0.0223764 0.676228 -0.862274 -0.309621 -1.68168 -4.32009 -815.812 0 
5 823.081 0.320181 0.0222925 0.666251 -0.843586 -0.324953 -1.2055 -4.78205 -817.093 0 
1 821.422 0.312021 0.0223874 0.673707 -0.86915 -0.269805 -1.08772 -4.37678 -815.958 0 
4 823.18 0.306861 0.0224087 0.676914 -0.877046 -0.228307 -2.92649 -4.49486 -815.759 0 
7 820.58 0.309454 0.0224581 0.678145 -0.908066 -0.186874 -0.380003 -4.50246 -815.698 0 
3 820.31 0.308675 0.0223682 0.679291 -0.906662 -0.237727 -0.270116 -4.38117 -815.658 0 
1 820.618 0.313657 0.0223924 0.67559 -0.899118 -0.263118 -0.282691 -4.68654 -815.649 0 
26 820.777 0.309913 0.0225011 0.677541 -0.900819 -0.202664 -0.615191 -4.467 -815.695 0 
1 821.748 0.307291 0.0225956 0.679499 -0.91389 -0.1362 -1.45695 -4.54245 -815.749 0 
7 821.539 0.30738 0.022558 0.680832 -0.929206 -0.1361 -1.1079 -4.58587 -815.845 0 
1 822.549 0.302253 0.0226217 0.683003 -0.924298 -0.0860174 -2.04899 -4.6307 -815.869 0 
2 824.181 0.308859 0.0226384 0.676794 -0.895428 -0.117909 -3.33671 -4.88216 -815.963 0 
2 822.453 0.312189 0.0224941 0.672481 -0.883136 -0.153217 -1.31823 -4.90754 -816.227 0 
6 821.123 0.315439 0.0223315 0.672044 -0.889424 -0.227229 -0.355251 -4.84575 -815.922 0 
2 822.473 0.310359 0.0224395 0.674898 -0.877052 -0.209454 -1.91545 -4.57914 -815.979 0 
3 820.919 0.309356 0.0224208 0.676723 -0.887179 -0.225769 -0.79745 -4.39519 -815.727 0 
2 821.394 0.313993 0.0224121 0.675949 -0.902419 -0.242601 -0.95035 -4.76492 -815.679 0 
1 821.215 0.320262 0.0223119 0.669422 -0.864387 -0.344777 -0.0866096 -4.92089 -816.208 0 
6 821.222 0.314059 0.0223526 0.672791 -0.865395 -0.294438 -0.786564 -4.39423 -816.041 0 
4 821.22 0.315807 0.0223308 0.671265 -0.871903 -0.271613 -0.494188 -4.61907 -816.107 0 
2 822.023 0.312273 0.0224138 0.673098 -0.859251 -0.270291 -1.32791 -4.47819 -816.217 0 
5 821.351 0.31037 0.0224753 0.675236 -0.862827 -0.274491 -0.952609 -4.41278 -815.985 0 
1 826.587 0.31209 0.0222609 0.672238 -0.850115 -0.293476 -5.7381 -4.50833 -816.341 0 
1 824.217 0.312553 0.0222725 0.67291 -0.85865 -0.296691 -3.73023 -4.38004 -816.106 0 
2 823.507 0.314275 0.0222141 0.671168 -0.866019 -0.278367 -2.91969 -4.46485 -816.122 0 
9 822.209 0.314754 0.0222705 0.671495 -0.881992 -0.242645 -1.58537 -4.66327 -815.96 0 
2 822.349 0.310149 0.0222259 0.67589 -0.892518 -0.245701 -2.33073 -4.36169 -815.657 0 
2 822.016 0.300562 0.0223882 0.685695 -0.925245 -0.184904 -1.34387 -4.53379 -816.138 0 
4 823.167 0.297754 0.0225031 0.688487 -0.927076 -0.185079 -2.01244 -4.7743 -816.38 0 
1 821.982 0.299893 0.0225072 0.688344 -0.954568 -0.115417 -0.59598 -4.553 -816.833 0 
5 821.649 0.301433 0.0224238 0.686599 -0.954202 -0.120315 -0.395118 -4.5473 -816.707 0 
1 822.966 0.297338 0.0225682 0.688644 -0.939752 -0.10844 -1.74907 -4.72744 -816.49 0 
3 824.979 0.298007 0.0225019 0.685011 -0.907859 -0.130863 -3.99766 -5.17348 -815.808 0 
2 822.494 0.303409 0.0226167 0.681855 -0.903461 -0.143919 -2.11781 -4.65786 -815.718 0 
1 821.477 0.306378 0.0225668 0.679806 -0.912394 -0.133129 -1.19349 -4.53632 -815.747 0 
1 822.462 0.31917 0.0223339 0.669201 -0.88949 -0.228659 -0.877711 -5.46544 -816.119 0 
2 822.768 0.321702 0.022207 0.66812 -0.89686 -0.240732 -0.593397 -6.12211 -816.052 0 
1 824.513 0.314885 0.0222052 0.671629 -0.889744 -0.254685 -3.99247 -4.73062 -815.79 0 
1 823.108 0.310066 0.022484 0.677577 -0.908576 -0.203051 -2.89872 -4.52679 -815.682 0 
5 822.445 0.314704 0.0222042 0.673018 -0.892515 -0.280049 -2.05845 -4.70843 -815.678 0 
2 821.946 0.313847 0.0222156 0.674365 -0.905098 -0.253718 -1.47145 -4.82794 -815.647 0 
4 822.183 0.31073 0.0222557 0.675907 -0.883899 -0.274304 -2.20351 -4.31242 -815.667 0 
2 825.175 0.31361 0.0223039 0.676124 -0.892245 -0.285028 -5.01071 -4.52139 -815.643 0 
1 824.207 0.306043 0.0224098 0.679526 -0.874756 -0.265939 -4.02201 -4.52743 -815.657 0 
5 823.664 0.310311 0.0223073 0.674933 -0.871614 -0.257685 -3.37504 -4.41355 -815.875 0 
11 822.476 0.310725 0.0223538 0.676552 -0.908774 -0.171434 -2.10093 -4.6407 -815.734 0 
4 823.547 0.313905 0.022188 0.673169 -0.906917 -0.186756 -2.8402 -4.93023 -815.777 0 
1 824.201 0.318115 0.0224182 0.668581 -0.89878 -0.135096 -2.04909 -5.82292 -816.329 0 
7 822.265 0.315874 0.0224178 0.671696 -0.921339 -0.0942665 -0.453805 -5.83141 -815.98 0 
2 822.37 0.308989 0.0225528 0.677341 -0.915313 -0.0921113 -1.68422 -4.84696 -815.839 0 
1 822.952 0.303971 0.0225767 0.683296 -0.94159 -0.0633505 -2.28632 -4.62316 -816.043 0 
1 822.695 0.303713 0.0225836 0.682847 -0.935451 -0.066854 -2.11156 -4.62408 -815.959 0 
1 822.418 0.302499 0.0226143 0.68357 -0.935122 -0.0755133 -1.85058 -4.56506 -816.002 0 
1 821.809 0.313565 0.0223696 0.676676 -0.948796 -0.111312 -0.0601294 -5.82145 -815.927 0 
5 822.047 0.313977 0.0223077 0.67697 -0.947435 -0.148321 -0.278117 -5.84623 -815.923 0 
2 822.257 0.315387 0.0223959 0.675199 -0.927126 -0.163702 -0.923819 -5.56516 -815.768 0 
2 821.591 0.307761 0.0225157 0.678911 -0.919895 -0.109924 -1.14093 -4.66281 -815.787 0 
5 821.974 0.31502 0.0224843 0.674533 -0.926044 -0.122676 -0.546245 -5.58974 -815.838 0 
2 821.91 0.313796 0.0223327 0.676845 -0.945525 -0.138633 -0.264303 -5.74835 -815.897 0 
3 822.829 0.314206 0.0222606 0.67751 -0.943021 -0.194701 -1.15806 -5.77261 -815.898 0 
1 823.799 0.320377 0.0222208 0.672222 -0.931405 -0.23751 -1.05567 -7.03035 -815.713 0 
3 822.265 0.318956 0.0222695 0.670643 -0.897742 -0.261031 -0.914152 -5.53197 -815.818 0 
1 823.933 0.30844 0.0224691 0.682785 -0.961732 -0.144079 -2.10435 -5.32682 -816.502 0 
2 823.946 0.31465 0.0223961 0.678288 -0.949584 -0.200427 -1.7272 -6.21783 -816.001 0 
1 822.314 0.307754 0.0223905 0.681048 -0.92917 -0.210438 -1.77229 -4.61607 -815.926 0 
1 821.581 0.311043 0.0222681 0.67686 -0.926284 -0.175722 -0.944025 -4.86996 -815.767 0 
1 821.783 0.311163 0.0223108 0.679884 -0.952361 -0.17054 -0.124942 -5.49821 -816.16 0 
2 821.791 0.303203 0.022417 0.686375 -0.959091 -0.131767 -0.345338 -4.66071 -816.785 0 
5 821.396 0.301883 0.0223981 0.686042 -0.937135 -0.186829 -0.506711 -4.49609 -816.393 0 
4 820.52 0.308855 0.022296 0.679243 -0.900233 -0.283332 -0.569963 -4.33315 -815.617 0 
1 820.542 0.309296 0.0223981 0.678228 -0.88835 -0.289236 -0.681925 -4.26883 -815.591 0 
4 822.006 0.315497 0.0221779 0.675217 -0.91057 -0.316375 -1.0985 -5.30369 -815.604 0 
1 820.897 0.312138 0.0223007 0.678722 -0.920363 -0.280203 -0.186635 -4.97237 -815.738 0 
1 821.216 0.31211 0.0224075 0.67838 -0.912802 -0.273493 -0.774963 -4.78295 -815.658 0 
2 821.163 0.31175 0.0222324 0.678692 -0.913025 -0.320572 -0.606357 -4.8564 -815.7 0 
1 821.217 0.305382 0.0224966 0.685159 -0.924808 -0.262636 -0.62246 -4.50818 -816.086 0 
4 820.351 0.305717 0.0223711 0.683842 -0.907159 -0.319779 -0.087501 -4.42791 -815.836 0 
4 820.586 0.312605 0.0224423 0.678233 -0.886445 -0.350376 -0.646487 -4.39674 -815.543 0 
7 820.204 0.313531 0.0224492 0.675468 -0.865325 -0.362742 -0.252228 -4.22588 -815.726 0 
3 819.907 0.310451 0.0223697 0.679189 -0.891426 -0.336804 -0.0117871 -4.34085 -815.555 0 
2 820.116 0.312051 0.0224476 0.677849 -0.87258 -0.384834 -0.336759 -4.23601 -815.543 0 
1 819.999 0.30923 0.0224432 0.680031 -0.879904 -0.355406 -0.239898 -4.22923 -815.53 0 
1 822.077 0.306116 0.0225069 0.683498 -0.880616 -0.362293 -2.17755 -4.35089 -815.548 0 
2 823.872 0.311056 0.0224171 0.679878 -0.883568 -0.361965 -4.07393 -4.27071 -815.527 0 
1 822.605 0.313637 0.0225521 0.678124 -0.882919 -0.350019 -2.62418 -4.40984 -815.571 0 
3 822.161 0.306992 0.0226288 0.683196 -0.902399 -0.278789 -2.18259 -4.31683 -815.662 0 
1 823.964 0.299581 0.0226232 0.688389 -0.92267 -0.218738 -3.07973 -4.6326 -816.252 0 
4 824.639 0.299338 0.0226892 0.690213 -0.943616 -0.171619 -3.28005 -4.59984 -816.759 0 
2 822.277 0.299989 0.0225852 0.68676 -0.905084 -0.238647 -1.68645 -4.72145 -815.869 0 
1 822.713 0.297645 0.0225544 0.688942 -0.915959 -0.220056 -1.59573 -4.91928 -816.198 0 
5 822.188 0.298652 0.0224709 0.688693 -0.925926 -0.221847 -1.0249 -4.72751 -816.436 0 
1 823.072 0.311712 0.0223007 0.680383 -0.94935 -0.232201 -1.11531 -5.72872 -816.228 0 
3 822.169 0.302593 0.0225167 0.68577 -0.935567 -0.180243 -1.42672 -4.47093 -816.271 0 
4 821.668 0.305206 0.0224938 0.685402 -0.944169 -0.195059 -0.618567 -4.65293 -816.396 0 
3 821.534 0.314051 0.0223576 0.677715 -0.927841 -0.241391 -0.409367 -5.37627 -815.748 0 
1 820.442 0.313374 0.0223852 0.675231 -0.893828 -0.251176 -0.1505 -4.58576 -815.706 0 
2 821.207 0.312622 0.0223281 0.675145 -0.89387 -0.26469 -1.03777 -4.513 -815.656 0 
1 820.808 0.312771 0.0225028 0.674554 -0.868901 -0.281369 -0.489161 -4.36846 -815.95 0 
6 823.099 0.316141 0.0224665 0.669562 -0.850352 -0.283798 -1.75845 -4.60173 -816.739 0 
3 822.594 0.311849 0.0226338 0.6742 -0.863049 -0.240572 -1.77286 -4.5698 -816.251 0 
2 821.744 0.310371 0.0226028 0.676671 -0.856242 -0.31124 -1.42938 -4.3521 -815.963 0 
3 821.367 0.314172 0.022556 0.674049 -0.86817 -0.288108 -0.935162 -4.41845 -816.013 0 
1 822.225 0.311718 0.0225631 0.674333 -0.873579 -0.228945 -1.67937 -4.50992 -816.036 0 
2 821.812 0.314175 0.022357 0.671469 -0.855446 -0.300893 -1.13193 -4.39491 -816.285 0 
2 821.325 0.313444 0.022536 0.673799 -0.8718 -0.256373 -0.796116 -4.48694 -816.042 0 
1 821.614 0.308052 0.0225743 0.678039 -0.860525 -0.307595 -1.43936 -4.39471 -815.78 0 
2 821.43 0.304515 0.0225723 0.681898 -0.871491 -0.309984 -1.309 -4.55034 -815.571 0 
3 821.703 0.301928 0.0225773 0.685327 -0.900209 -0.257461 -1.40199 -4.55115 -815.75 0 
4 821.596 0.306361 0.022526 0.68312 -0.891862 -0.31201 -1.68735 -4.3072 -815.602 0 
2 820.296 0.312883 0.0224297 0.676662 -0.874878 -0.363786 -0.424676 -4.28579 -815.585 0 
1 820.059 0.308989 0.0224224 0.680777 -0.896935 -0.320097 -0.124169 -4.33537 -815.599 0 
12 820.636 0.306467 0.0224227 0.681401 -0.882152 -0.324189 -0.771877 -4.30898 -815.555 0 
2 821.767 0.308801 0.0222249 0.67887 -0.875489 -0.371724 -2.02277 -4.22672 -815.518 0 
2 820.817 0.311412 0.022212 0.678197 -0.881532 -0.401363 -0.966979 -4.3502 -815.5 0 
2 820.483 0.316163 0.0222397 0.674214 -0.849089 -0.494092 -0.587921 -4.25039 -815.645 0 
1 820.131 0.307461 0.0223201 0.682007 -0.87019 -0.453774 -0.224648 -4.40657 -815.5 0 
4 820.466 0.305835 0.02243 0.682361 -0.862907 -0.41601 -0.505958 -4.46874 -815.491 0 
3 821.271 0.31321 0.0224614 0.677566 -0.856018 -0.44246 -1.52824 -4.14454 -815.598 0 
2 821.466 0.318559 0.0222703 0.673785 -0.847314 -0.53388 -1.3416 -4.48844 -815.636 0 
4 821.865 0.308895 0.0223843 0.677541 -0.804202 -0.556964 -1.06583 -4.76045 -816.038 0 
1 821.954 0.311467 0.0224042 0.674252 -0.800112 -0.52333 -0.905837 -4.48038 -816.568 0 
8 820.808 0.308895 0.0225436 0.679549 -0.833746 -0.485078 -0.789333 -4.36227 -815.657 0 
1 821.053 0.315589 0.0225018 0.674543 -0.831353 -0.499512 -1.03337 -4.04345 -815.976 0 
1 821.948 0.311267 0.0225867 0.679838 -0.857633 -0.445073 -2.26019 -4.16364 -815.525 0 
1 824.233 0.303598 0.0227051 0.68754 -0.876072 -0.428118 -3.89516 -4.70159 -815.636 0 
1 824.721 0.303855 0.0225441 0.688686 -0.907862 -0.424345 -3.37344 -4.98196 -816.366 0 
2 825.554 0.302386 0.0225231 0.689639 -0.909744 -0.425077 -3.86309 -5.11652 -816.575 0 
1 825.03 0.302418 0.022542 0.689739 -0.920024 -0.37871 -3.32863 -5.00363 -816.698 0 
2 823.622 0.298558 0.0225262 0.690469 -0.885757 -0.43092 -2.0005 -5.48018 -816.141 0 
1 823.177 0.297712 0.0224469 0.689432 -0.86755 -0.454234 -1.40934 -5.93815 -815.829 0 
2 822.965 0.2987 0.0223951 0.689032 -0.857742 -0.519538 -1.1551 -6.02773 -815.783 0 
2 823.649 0.301925 0.0222246 0.684846 -0.834259 -0.581169 -2.42839 -5.73366 -815.487 0 
2 823.043 0.301094 0.0222454 0.687877 -0.861003 -0.54872 -1.65551 -5.58034 -815.807 0 
3 823.182 0.299746 0.0222989 0.691875 -0.890252 -0.537745 -0.543168 -5.85526 -816.784 0 
2 823.791 0.304118 0.0222647 0.689893 -0.909705 -0.530005 -0.995344 -5.74882 -817.046 0 
1 822.29 0.30605 0.0222317 0.686868 -0.896881 -0.535215 -0.532166 -5.39536 -816.362 0 
2 822.144 0.312109 0.0222837 0.681966 -0.886533 -0.544815 -1.17377 -5.28063 -815.689 0 
3 821.654 0.311005 0.0222992 0.682492 -0.882008 -0.533839 -1.05708 -4.9594 -815.637 0 
1 822.195 0.311195 0.0222449 0.682584 -0.878484 -0.571356 -1.42115 -5.11608 -815.658 0 
1 823.051 0.307189 0.0221233 0.685121 -0.888897 -0.554678 -1.66457 -5.28191 -816.105 0 
1 820.954 0.304638 0.0222858 0.684068 -0.862805 -0.503158 -0.589217 -4.80554 -815.559 0 
6 820.628 0.310235 0.0223264 0.681186 -0.869566 -0.492497 -0.7298 -4.43072 -815.467 0 
5 820.685 0.306572 0.0223778 0.684563 -0.86628 -0.521216 -0.435421 -4.6854 -815.564 0 
3 821.043 0.304615 0.022385 0.68657 -0.863188 -0.55516 -0.334907 -5.03221 -815.676 0 
1 821.177 0.302871 0.0223853 0.68794 -0.867728 -0.544265 -0.100357 -5.24792 -815.829 0 
1 820.243 0.314341 0.0222453 0.676986 -0.823735 -0.664192 -0.356929 -4.40482 -815.481 0 
1 821.396 0.319942 0.0222331 0.673152 -0.814339 -0.698103 -1.1879 -4.45976 -815.749 0 
3 821.98 0.319095 0.0221795 0.671529 -0.793099 -0.735718 -1.68669 -4.18991 -816.104 0 
7 821.739 0.317882 0.0221291 0.674516 -0.812948 -0.756147 -1.49838 -4.73863 -815.502 0 
1 821.278 0.312558 0.0222664 0.678365 -0.826345 -0.670482 -1.29285 -4.57045 -815.415 0 
2 821.963 0.314623 0.0223827 0.679397 -0.821625 -0.731044 -1.84604 -4.72473 -815.392 0 
3 820.833 0.310983 0.0224043 0.679887 -0.789954 -0.760745 -0.329506 -4.83766 -815.666 0 
1 820.764 0.312324 0.0222607 0.679315 -0.806176 -0.773756 -0.463787 -4.86103 -815.439 0 
1 823.278 0.316348 0.0222175 0.678309 -0.818395 -0.790935 -2.8799 -5.03836 -815.36 0 
1 823.6 0.322928 0.0220774 0.67197 -0.795333 -0.882286 -2.57093 -5.40792 -815.622 0 
2 822.683 0.322114 0.0221277 0.671258 -0.762989 -0.9255 -1.84173 -4.5519 -816.29 0 
1 824.925 0.328305 0.0220093 0.666023 -0.774283 -0.890391 -3.14173 -5.20561 -816.578 0 
2 824.785 0.328146 0.0220146 0.666199 -0.770912 -0.900021 -3.05402 -5.09475 -816.637 0 
2 823.421 0.316581 0.0221857 0.67147 -0.752213 -0.820324 -2.15855 -4.30728 -816.955 0 
4 821.95 0.320085 0.0221344 0.672654 -0.780344 -0.854281 -1.47441 -4.51295 -815.962 0 
2 821.989 0.317213 0.0221625 0.673802 -0.783008 -0.821837 -1.63712 -4.47884 -815.873 0 
3 821.311 0.318627 0.0222471 0.672975 -0.768769 -0.851069 -0.7272 -4.33128 -816.253 0 
1 821.915 0.31292 0.0221856 0.676527 -0.768546 -0.849348 -1.08311 -4.90496 -815.926 0 
6 821.203 0.309188 0.0222263 0.681476 -0.800071 -0.796087 -0.438923 -5.32145 -815.443 0 
4 823.53 0.308225 0.0223333 0.679063 -0.771472 -0.771635 -2.01598 -5.57784 -815.937 0 
4 821.425 0.315493 0.0221481 0.675508 -0.804279 -0.75547 -1.32197 -4.53317 -815.57 0 
3 820.687 0.310757 0.0222926 0.679847 -0.809138 -0.729195 -0.42693 -4.80394 -815.456 0 
2 821.211 0.315111 0.0222144 0.675413 -0.77655 -0.807931 -0.756919 -4.45561 -815.999 0 
1 821.959 0.313388 0.022141 0.675851 -0.784993 -0.77128 -1.57868 -4.54286 -815.837 0 
2 821.679 0.313109 0.0222097 0.675771 -0.776207 -0.768607 -1.02622 -4.5734 -816.079 0 
1 822.133 0.315101 0.0221197 0.674639 -0.774273 -0.82687 -1.62006 -4.53484 -815.978 0 
3 824.209 0.319648 0.0219771 0.671323 -0.77105 -0.878548 -3.63301 -4.47572 -816.1 0 
1 823.434 0.320578 0.0220134 0.670857 -0.771368 -0.875003 -2.81282 -4.45164 -816.169 0 
5 823.357 0.310426 0.0221287 0.678713 -0.772579 -0.848039 -2.28844 -5.33611 -815.732 0 
2 822.557 0.309132 0.0221827 0.67951 -0.785492 -0.796041 -1.63561 -5.32376 -815.598 0 
1 822.264 0.313894 0.022145 0.675247 -0.782386 -0.786321 -1.85279 -4.54403 -815.868 0 
1 822.068 0.323045 0.0221331 0.669229 -0.776397 -0.816189 -1.2639 -4.27983 -816.524 0 
1 821.742 0.316623 0.0222653 0.675818 -0.799044 -0.752462 -1.68236 -4.33288 -815.727 0 
2 823.001 0.321532 0.0223191 0.672973 -0.802321 -0.752009 -2.59515 -4.50133 -815.905 0 
2 822.364 0.311994 0.0224514 0.677656 -0.783365 -0.694246 -1.63209 -4.56839 -816.164 0 
3 820.509 0.314463 0.0224466 0.676292 -0.816647 -0.607231 -0.609974 -4.10767 -815.791 0 
2 820.524 0.308722 0.0223558 0.680892 -0.835799 -0.588915 -0.528659 -4.56966 -815.425 0 
9 821.389 0.304149 0.0225253 0.68526 -0.832955 -0.570306 -0.710219 -5.23011 -815.449 0 
1 821.264 0.308704 0.0224161 0.681489 -0.822588 -0.612479 -1.14635 -4.63315 -815.485 0 
2 821.224 0.315779 0.0222691 0.674368 -0.808753 -0.628553 -1.20953 -4.04423 -815.97 0 
4 820.976 0.316514 0.0222114 0.672611 -0.79727 -0.657067 -0.739714 -4.01404 -816.222 0 
4 821.727 0.314741 0.0222407 0.672757 -0.79884 -0.594563 -1.2478 -4.06713 -816.412 0 
1 821.871 0.313639 0.0223633 0.67336 -0.775421 -0.645852 -0.532727 -4.41342 -816.925 0 
5 821.186 0.309256 0.0224472 0.677694 -0.812442 -0.541703 -0.741528 -4.5384 -815.906 0 
2 821.848 0.307276 0.0224283 0.679482 -0.812969 -0.536831 -1.1255 -4.90798 -815.814 0 
1 820.797 0.312884 0.0223809 0.674525 -0.802612 -0.564837 -0.270063 -4.20952 -816.317 0 
2 820.133 0.31135 0.0224354 0.67737 -0.824478 -0.536408 -0.182209 -4.19943 -815.751 0 
4 821.094 0.308561 0.0224963 0.678829 -0.822023 -0.515041 -0.816886 -4.51704 -815.76 0 
2 820.599 0.307594 0.0224651 0.679967 -0.828367 -0.506122 -0.374615 -4.5895 -815.635 0 
1 820.371 0.304383 0.0224096 0.684762 -0.866291 -0.46873 -0.0914928 -4.72488 -815.555 0 
3 822.956 0.300083 0.0225758 0.688165 -0.871199 -0.42657 -1.9788 -5.27638 -815.701 0 
1 821.084 0.311922 0.0223846 0.676843 -0.847185 -0.475313 -1.36015 -4.13999 -815.584 0 
5 820.653 0.308535 0.0222847 0.679845 -0.843064 -0.513106 -0.793564 -4.38647 -815.473 0 
2 821.275 0.316749 0.0221744 0.672082 -0.823056 -0.552158 -1.23035 -4.03328 -816.011 0 
2 819.964 0.312495 0.0222736 0.677161 -0.845929 -0.523815 -0.255805 -4.21252 -815.496 0 
2 820.032 0.314714 0.0224101 0.675254 -0.830632 -0.527185 -0.159046 -4.05624 -815.817 0 
3 820.616 0.315842 0.0224118 0.673776 -0.818303 -0.557317 -0.546291 -4.00666 -816.063 0 
7 820.738 0.310136 0.0224298 0.68133 -0.858708 -0.507769 -0.959655 -4.34336 -815.435 0 
2 820.025 0.308054 0.0224261 0.680515 -0.84755 -0.479574 -0.169563 -4.36739 -815.488 0 
1 820.439 0.304086 0.0224181 0.685036 -0.867098 -0.466092 -0.114974 -4.75457 -815.569 0 
1 820.606 0.304085 0.022374 0.685444 -0.885771 -0.426715 -0.156893 -4.67546 -815.773 0 
1 819.76 0.31181 0.022353 0.678539 -0.863155 -0.46396 -0.0352742 -4.25827 -815.466 0 
2 821.555 0.305238 0.0224728 0.681404 -0.829712 -0.481541 -0.952908 -4.9903 -815.612 0 
7 822.304 0.301669 0.022412 0.68456 -0.836528 -0.497934 -1.20574 -5.61881 -815.48 0 
10 820.205 0.308888 0.0223709 0.679666 -0.8308 -0.540996 -0.232125 -4.42891 -815.544 0 
9 821.993 0.317318 0.0222478 0.672138 -0.7873 -0.671845 -1.46658 -3.9658 -816.561 0 
4 821.452 0.316791 0.0223756 0.671825 -0.779194 -0.646712 -0.378597 -4.02044 -817.053 0 
1 822.389 0.321245 0.0224689 0.669538 -0.779509 -0.649729 -1.03782 -3.85563 -817.496 0 
2 823.198 0.315007 0.0223878 0.676277 -0.814583 -0.610421 -3.27721 -4.0651 -815.856 0 
7 823.405 0.321015 0.0222579 0.672997 -0.830146 -0.635936 -3.05199 -4.65322 -815.7 0 
2 821.155 0.314138 0.0223348 0.674166 -0.804311 -0.608473 -0.966272 -4.08932 -816.1 0 
6 821.178 0.318629 0.0223099 0.671256 -0.805991 -0.616763 -0.855186 -4.0011 -816.322 0 
1 822.426 0.307017 0.0226407 0.681698 -0.820615 -0.539467 -1.99127 -4.79201 -815.643 0 
2 822.536 0.307041 0.0225817 0.679245 -0.812298 -0.505568 -1.62585 -4.95468 -815.955 0 
3 822.215 0.304032 0.0225649 0.682461 -0.830664 -0.460201 -1.3576 -5.23658 -815.621 0 
1 821.262 0.316073 0.0224403 0.675067 -0.825421 -0.5505 -1.31184 -4.03581 -815.914 0 
1 821.375 0.322295 0.0222771 0.669798 -0.819527 -0.59207 -0.697854 -4.38246 -816.295 0 
7 822.598 0.326378 0.0221842 0.665631 -0.805724 -0.619038 -0.933019 -4.6297 -817.036 0 
3 821.645 0.318293 0.0224757 0.673388 -0.838345 -0.506328 -1.47072 -4.24855 -815.925 0 
1 823.588 0.317782 0.0223285 0.673939 -0.827431 -0.560591 -3.57768 -4.09562 -815.915 0 
1 822.763 0.325798 0.0222724 0.667317 -0.824809 -0.566655 -1.23282 -4.9593 -816.571 0 
2 823.333 0.316946 0.022318 0.673382 -0.808563 -0.593364 -3.12187 -3.96535 -816.246 0 
1 821.312 0.315931 0.0224612 0.675714 -0.830571 -0.549091 -1.44034 -4.08394 -815.788 0 
1 820.597 0.313667 0.022436 0.676438 -0.822857 -0.552772 -0.689795 -4.07298 -815.834 0 
1 825.106 0.309481 0.0226209 0.678902 -0.799453 -0.555746 -4.06392 -4.80994 -816.232 0 
2 823.269 0.312337 0.0226235 0.677335 -0.803041 -0.570363 -2.75735 -4.28222 -816.229 0 
3 823.052 0.315817 0.0225878 0.675879 -0.828479 -0.523822 -3.0729 -4.03261 -815.947 0 
3 821.975 0.317855 0.0225015 0.673311 -0.808437 -0.581911 -1.62718 -3.95594 -816.392 0 
1 821.236 0.315243 0.0224662 0.673361 -0.784517 -0.624803 -0.290278 -4.11874 -816.827 0 
1 820.937 0.315587 0.022466 0.674555 -0.794878 -0.639266 -0.560115 -4.03437 -816.342 0 
4 821.038 0.317693 0.0224074 0.672647 -0.787013 -0.684762 -0.549454 -3.97095 -816.517 0 
8 820.799 0.311871 0.0224847 0.678482 -0.810603 -0.63532 -0.773313 -4.32784 -815.698 0 
3 821.153 0.306509 0.0225097 0.683178 -0.816822 -0.632871 -0.60565 -5.07162 -815.475 0 
2 822.577 0.308635 0.022593 0.683011 -0.826271 -0.624988 -2.46194 -4.67784 -815.437 0 
1 823.645 0.308701 0.0226288 0.680253 -0.789683 -0.665399 -2.70774 -5.01406 -815.923 0 
3 823.364 0.320244 0.0223408 0.66852 -0.744784 -0.787509 -1.41411 -3.91271 -818.037 0 
7 823.509 0.318124 0.0223971 0.672356 -0.769044 -0.779809 -2.78022 -4.08724 -816.642 0 
7 821.656 0.311456 0.0224167 0.678054 -0.764831 -0.814123 -0.49151 -5.05269 -816.112 0 
3 821.97 0.315388 0.0223247 0.675245 -0.744278 -0.898844 -0.585732 -4.72865 -816.656 0 
6 822.135 0.311266 0.0224626 0.678797 -0.752453 -0.86898 -0.522119 -5.38303 -816.23 0 
2 821.853 0.314558 0.0224141 0.676409 -0.761514 -0.853853 -0.969278 -4.6725 -816.211 0 
10 820.865 0.314313 0.0223489 0.676635 -0.772758 -0.823814 -0.268162 -4.60486 -815.991 0 
2 821.38 0.318698 0.0223627 0.672394 -0.768408 -0.792287 -0.670438 -4.07581 -816.633 0 
1 821.731 0.313571 0.0223691 0.678318 -0.775507 -0.831804 -1.153 -4.73124 -815.846 0 
3 821.705 0.320095 0.0222694 0.672716 -0.763199 -0.87885 -1.00756 -4.29582 -816.402 0 
2 822.067 0.315338 0.0224194 0.674645 -0.754294 -0.831543 -0.896613 -4.49695 -816.673 0 
2 821.78 0.319527 0.0223727 0.672588 -0.752185 -0.878231 -0.777942 -4.19385 -816.808 0 
4 822.001 0.316342 0.0224039 0.676271 -0.776412 -0.815409 -1.5951 -4.36576 -816.04 0 
3 822.38 0.314205 0.0223492 0.677925 -0.784894 -0.794388 -2.06259 -4.52941 -815.788 0 
2 822.379 0.322452 0.0221169 0.669168 -0.759444 -0.875269 -1.4034 -4.20041 -816.775 0 
6 824.517 0.330522 0.0221531 0.663184 -0.731917 -0.93912 -1.66198 -4.20431 -818.651 0 
1 825.654 0.333289 0.0221252 0.66027 -0.722786 -0.944547 -1.73766 -4.27325 -819.643 0 
2 824.95 0.328055 0.0223631 0.662964 -0.697747 -0.932185 -0.386713 -3.62675 -820.936 0 
1 824.093 0.32598 0.0223314 0.66583 -0.705053 -0.966109 -0.764994 -3.76391 -819.564 0 
2 824.482 0.321986 0.0223344 0.667867 -0.702501 -0.93889 -0.880037 -4.12184 -819.48 0 
1 823.797 0.32123 0.0224366 0.671071 -0.73628 -0.885362 -2.08507 -3.98704 -817.725 0 
3 822.694 0.313384 0.0224542 0.675773 -0.734702 -0.864882 -0.370047 -5.17047 -817.153 0 
3 823.959 0.321313 0.0225063 0.671019 -0.744418 -0.839 -2.35479 -3.90589 -817.698 0 
2 824.28 0.319976 0.0225023 0.66965 -0.712119 -0.877984 -0.79605 -4.28798 -819.196 0 
4 826.248 0.328079 0.0223711 0.662065 -0.684922 -0.930856 -0.429723 -3.68986 -822.128 0 
2 826.739 0.328961 0.0224312 0.662338 -0.688119 -0.933956 -1.17613 -3.61878 -821.945 0 
1 828.179 0.334289 0.0222809 0.656838 -0.676201 -0.968424 -0.965811 -3.57576 -823.638 0 
2 827.384 0.331567 0.0221943 0.658186 -0.675266 -0.968858 -0.67483 -3.54735 -823.162 0 
2 825.818 0.330025 0.0222071 0.660369 -0.687501 -0.968462 -0.559105 -3.57806 -821.681 0 
1 826.771 0.334507 0.0221587 0.657961 -0.694658 -0.971151 -1.15029 -3.79277 -821.828 0 
4 826.319 0.334284 0.0222211 0.658666 -0.703612 -0.941407 -1.01832 -3.8836 -821.417 0 
2 827.565 0.337381 0.0221698 0.657033 -0.717623 -0.923184 -1.90377 -4.6256 -821.036 0 
2 828.308 0.335626 0.0220429 0.658342 -0.710972 -0.978537 -3.48925 -4.30075 -820.518 0 
2 829.653 0.338636 0.0220418 0.654582 -0.698888 -0.980836 -3.09517 -4.46589 -822.092 0 
1 829.674 0.334482 0.0219189 0.656982 -0.71207 -0.953016 -4.93729 -4.16712 -820.57 0 
3 828.407 0.324452 0.0219845 0.664923 -0.718409 -0.926984 -5.76022 -3.81225 -818.834 0 
1 825.876 0.318878 0.0221455 0.669434 -0.730602 -0.85582 -3.59951 -4.22141 -818.055 0 
3 823.408 0.306372 0.0223851 0.680305 -0.760914 -0.766042 -0.840618 -6.3957 -816.172 0 
8 822.043 0.311088 0.0224806 0.678744 -0.781457 -0.716112 -1.2233 -4.7644 -816.055 0 
5 821.068 0.309145 0.0224473 0.682623 -0.832598 -0.63082 -0.998373 -4.66176 -815.408 0 
2 822.779 0.31967 0.0223227 0.67522 -0.828998 -0.692289 -2.43926 -4.85499 -815.485 0 
2 824.197 0.323003 0.0223007 0.671071 -0.803022 -0.760242 -3.43991 -4.8209 -815.936 0 
2 821.438 0.313398 0.0223183 0.680147 -0.838692 -0.691623 -1.14495 -4.92591 -815.367 0 
1 825.208 0.319164 0.0222307 0.677466 -0.877635 -0.611944 -3.52215 -6.26753 -815.418 0 
1 823.781 0.318885 0.022233 0.676582 -0.858446 -0.632228 -2.97646 -5.45312 -815.352 0 
2 821.986 0.308582 0.0223949 0.68505 -0.873174 -0.576216 -1.26011 -5.0163 -815.71 0 
6 821.164 0.310536 0.0223289 0.681953 -0.862964 -0.584687 -0.838157 -4.83393 -815.492 0 
2 820.751 0.31432 0.0222193 0.678204 -0.839929 -0.6553 -0.682674 -4.69645 -815.372 0 
1 821.376 0.310246 0.0222757 0.681016 -0.844242 -0.594555 -1.46253 -4.5085 -815.404 0 
3 820.992 0.313151 0.0222246 0.67616 -0.810446 -0.640606 -1.02956 -4.22597 -815.737 0 
1 821.227 0.311328 0.0223004 0.680605 -0.838257 -0.627812 -1.30402 -4.52889 -815.394 0 
1 821.122 0.30392 0.022373 0.686053 -0.838248 -0.616858 -0.224876 -5.3929 -815.505 0 
2 821.043 0.309888 0.0223971 0.680484 -0.802284 -0.697082 -0.688787 -4.76306 -815.592 0 
3 820.254 0.312222 0.0222903 0.678802 -0.81165 -0.71227 -0.185185 -4.58668 -815.482 0 
9 820.722 0.310562 0.0223142 0.679236 -0.794453 -0.729351 -0.279169 -4.78367 -815.66 0 
1 821.389 0.3041 0.0224727 0.685181 -0.817975 -0.649462 -0.316302 -5.62156 -815.451 0 
3 821.957 0.302665 0.0223519 0.686052 -0.828357 -0.64556 -0.615395 -5.84029 -815.501 0 
10 820.769 0.309994 0.0222192 0.681168 -0.835623 -0.66082 -0.597636 -4.77318 -815.398 0 
1 822.641 0.321166 0.0221101 0.672137 -0.817405 -0.715066 -2.2328 -4.73394 -815.674 0 
3 821.026 0.318603 0.0222179 0.67287 -0.796143 -0.722746 -0.842468 -4.13955 -816.044 0 
4 820.296 0.316562 0.0223037 0.673805 -0.795617 -0.690988 -0.121925 -4.08262 -816.092 0 
6 820.645 0.307554 0.0224269 0.681597 -0.809209 -0.655094 -0.115867 -4.99654 -815.533 0 
3 821.579 0.304545 0.0224625 0.68361 -0.817713 -0.612921 -0.688289 -5.41461 -815.476 0 
5 820.465 0.313185 0.0222245 0.678377 -0.826248 -0.67918 -0.502954 -4.55145 -815.411 0 
4 820.624 0.310975 0.0224122 0.68111 -0.839718 -0.612998 -0.710118 -4.51481 -815.399 0 
3 820.528 0.311923 0.0223775 0.680172 -0.829552 -0.651678 -0.605928 -4.51137 -815.411 0 
8 821.595 0.315504 0.0223747 0.677136 -0.812 -0.689969 -1.68717 -4.27754 -815.63 0 
1 823.053 0.308182 0.022268 0.683219 -0.831019 -0.669693 -2.70462 -4.93255 -815.416 0 
1 821.658 0.301432 0.0224246 0.688731 -0.845074 -0.613911 -0.0928598 -5.87822 -815.687 0 
8 821.832 0.309864 0.0222523 0.683173 -0.845074 -0.684311 -1.26962 -5.08193 -815.481 0 
1 823.882 0.303634 0.0223871 0.687184 -0.860905 -0.599681 -2.60878 -5.44777 -815.825 0 
7 825.962 0.304493 0.0224118 0.684136 -0.832919 -0.618297 -5.19931 -5.30543 -815.458 0 
2 821.869 0.305646 0.0224111 0.684166 -0.842953 -0.59307 -1.40424 -4.99837 -815.466 0 
2 822.537 0.300605 0.022458 0.690359 -0.853866 -0.619432 -0.523225 -6.0718 -815.942 0 
2 820.979 0.309038 0.0223738 0.683166 -0.845997 -0.639208 -0.635004 -4.89226 -815.451 0 
3 820.831 0.31278 0.0222296 0.676751 -0.804985 -0.696435 -0.771802 -4.4189 -815.64 0 
3 820.845 0.310796 0.022291 0.678148 -0.812792 -0.649615 -0.783318 -4.48553 -815.576 0 
2 821.702 0.313927 0.0221376 0.676553 -0.813668 -0.692806 -1.77714 -4.38434 -815.54 0 
1 821.307 0.306394 0.022366 0.681018 -0.807147 -0.62486 -0.510838 -5.19311 -815.603 0 
1 821.502 0.304864 0.0224027 0.682294 -0.813682 -0.594699 -0.567231 -5.3882 -815.546 0 
5 821.027 0.305322 0.0223529 0.682323 -0.831413 -0.549077 -0.587291 -4.97181 -815.468 0 
2 820.177 0.311894 0.0223707 0.679384 -0.837149 -0.58806 -0.403675 -4.32859 -815.445 0 
1 821.868 0.322098 0.0222182 0.670366 -0.813225 -0.646667 -1.34351 -4.35967 -816.165 0 
5 820.747 0.314318 0.022276 0.673772 -0.803851 -0.601476 -0.506561 -4.07499 -816.165 0 
2 820.916 0.309838 0.0223678 0.67876 -0.819474 -0.567987 -0.822425 -4.41944 -815.674 0 
2 820.354 0.312312 0.0223505 0.676454 -0.810573 -0.593917 -0.2526 -4.21714 -815.884 0 
2 819.957 0.313689 0.0223197 0.676485 -0.826194 -0.583158 -0.165789 -4.14275 -815.648 0 
9 821.395 0.310914 0.022414 0.678605 -0.81343 -0.5964 -1.29498 -4.3616 -815.739 0 
1 821.396 0.317162 0.0224575 0.675031 -0.837008 -0.548677 -1.44361 -4.23954 -815.713 0 
3 822.083 0.322743 0.0223451 0.670068 -0.808254 -0.657274 -1.38164 -4.38242 -816.319 0 
4 822.202 0.320028 0.0222433 0.6732 -0.845882 -0.600213 -1.69395 -4.99936 -815.508 0 
2 822.07 0.316464 0.0220888 0.675747 -0.845592 -0.628235 -1.93363 -4.75131 -815.385 0 
3 821.626 0.317859 0.0221808 0.672444 -0.823708 -0.615002 -1.59906 -4.25928 -815.768 0 
7 820.464 0.313151 0.0223227 0.675963 -0.807633 -0.637024 -0.433302 -4.21474 -815.816 0 
5 821.57 0.304492 0.0222986 0.684467 -0.838391 -0.588295 -0.934246 -5.17424 -815.461 0 
2 820.767 0.304416 0.0224116 0.68491 -0.855456 -0.525316 -0.334407 -4.91216 -815.521 0 
2 821.888 0.302779 0.0224919 0.684924 -0.839707 -0.522301 -1.11349 -5.30891 -815.466 0 
4 820.892 0.303029 0.0224356 0.687137 -0.871591 -0.494223 -0.14661 -5.00368 -815.742 0 
1 822.002 0.302703 0.0223901 0.689499 -0.907306 -0.447618 -0.277788 -5.14378 -816.58 0 
2 821.197 0.305845 0.0223392 0.684391 -0.856352 -0.537069 -0.932329 -4.76099 -815.504 0 
1 821.701 0.306524 0.0222006 0.684972 -0.889179 -0.50462 -0.791307 -4.95375 -815.956 0 
5 821.175 0.303003 0.0223801 0.687914 -0.887024 -0.470517 -0.184458 -4.97606 -816.015 0 
8 821.543 0.30137 0.0223998 0.689278 -0.900526 -0.416153 -0.247961 -4.99572 -816.299 0 
1 823.945 0.303683 0.0224428 0.689125 -0.927128 -0.345421 -2.46043 -4.82935 -816.655 0 
2 823.694 0.297169 0.022478 0.693781 -0.939964 -0.308467 -0.650987 -5.27186 -817.771 0 
11 824.442 0.298337 0.0224281 0.692186 -0.932245 -0.339837 -1.72375 -5.25945 -817.459 0 
2 824.744 0.296797 0.0223068 0.691402 -0.917184 -0.357148 -2.24794 -5.4355 -817.06 0 
2 822.125 0.30142 0.0223209 0.687779 -0.897812 -0.417498 -0.914901 -4.99451 -816.216 0 
2 822.188 0.300059 0.0223585 0.689995 -0.902076 -0.431136 -0.372933 -5.26113 -816.554 0 
3 821.371 0.301466 0.022358 0.687438 -0.860823 -0.525166 -0.25654 -5.40419 -815.71 0 
1 821.881 0.304259 0.0222196 0.686673 -0.879679 -0.550525 -0.572048 -5.25319 -816.056 0 
2 823.037 0.300978 0.0224055 0.690807 -0.87949 -0.534031 -1.25383 -5.53902 -816.244 0 
8 823.011 0.305171 0.0222574 0.685153 -0.852198 -0.579912 -2.45141 -5.01298 -815.547 0 
1 826.528 0.302507 0.0221544 0.6852 -0.820187 -0.661777 -4.99362 -6.05671 -815.477 0 
2 824.354 0.309202 0.0221592 0.681808 -0.838184 -0.644639 -4.19364 -4.75065 -815.41 0 
3 822.733 0.309186 0.0222651 0.679021 -0.799764 -0.661283 -2.19181 -4.8194 -815.722 0 
2 821.081 0.308816 0.0223837 0.680839 -0.810438 -0.650615 -0.758991 -4.76688 -815.555 0 
2 820.648 0.311925 0.0223379 0.676841 -0.810508 -0.623903 -0.607653 -4.29637 -815.744 0 
1 821.078 0.318013 0.0221491 0.672948 -0.823691 -0.636593 -1.05976 -4.32774 -815.691 0 
2 822.547 0.321045 0.0221741 0.673132 -0.848336 -0.614677 -1.83953 -5.23754 -815.47 0 
3 821.742 0.316611 0.0222234 0.675554 -0.847126 -0.603603 -1.59699 -4.73288 -815.412 0 
8 821.39 0.313997 0.0223564 0.677605 -0.839538 -0.600829 -1.53062 -4.42315 -815.436 0 
1 821.561 0.311131 0.022244 0.681505 -0.871022 -0.580739 -0.965713 -5.03221 -815.563 0 
7 822.042 0.30316 0.0223027 0.685801 -0.857501 -0.555758 -1.1497 -5.23974 -815.652 0 
4 820.828 0.307236 0.0222463 0.683788 -0.853356 -0.61301 -0.304543 -4.97871 -815.545 0 
4 822.883 0.300956 0.0223101 0.688122 -0.848824 -0.613994 -1.12498 -5.97334 -815.784 0 
1 822.224 0.306616 0.0222225 0.682408 -0.814176 -0.686507 -1.53493 -5.24936 -815.44 0 
2 820.331 0.311391 0.0222649 0.678529 -0.810186 -0.688508 -0.250943 -4.54684 -815.534 0 
11 823.101 0.318885 0.0221354 0.673168 -0.806736 -0.712889 -3.01365 -4.27306 -815.815 0 
4 820.763 0.315692 0.0222718 0.6751 -0.798554 -0.701405 -0.69421 -4.1667 -815.902 0 
4 821.041 0.319161 0.0222044 0.672196 -0.795434 -0.71996 -0.799855 -4.12228 -816.118 0 
2 821.594 0.314699 0.0223636 0.673719 -0.781236 -0.688342 -0.932571 -4.18924 -816.472 0 
1 822.188 0.314062 0.0222957 0.674691 -0.793775 -0.688288 -1.94868 -4.23658 -816.003 0 
3 821.543 0.308306 0.0223878 0.681033 -0.810563 -0.678482 -1.1275 -4.92816 -815.487 0 
5 820.891 0.309651 0.0224091 0.68261 -0.832851 -0.667207 -0.684464 -4.80756 -815.399 0 
8 820.962 0.305675 0.0224427 0.683092 -0.819733 -0.618905 -0.331168 -5.16746 -815.464 0 
4 820.607 0.308186 0.0224217 0.6813 -0.813931 -0.649888 -0.266196 -4.84117 -815.499 0 
3 821.35 0.317298 0.0223838 0.675927 -0.821764 -0.665234 -1.38305 -4.36844 -815.599 0 
1 820.89 0.317469 0.0222355 0.675194 -0.814146 -0.714701 -0.850345 -4.45396 -815.586 0 
4 821.467 0.318913 0.0223751 0.673618 -0.793105 -0.745599 -1.21547 -4.21198 -816.04 0 
4 821.875 0.317729 0.0224436 0.674984 -0.784063 -0.771278 -1.57438 -4.18893 -816.112 0 
1 821.767 0.318593 0.0223588 0.67496 -0.792438 -0.796559 -1.50432 -4.45588 -815.806 0 
2 821.132 0.308979 0.0224449 0.680682 -0.785589 -0.74889 -0.230119 -5.18292 -815.719 0 
3 822.928 0.305293 0.0224369 0.682604 -0.769341 -0.772624 -0.551749 -6.51798 -815.858 0 
4 821.903 0.306032 0.0224975 0.683415 -0.788249 -0.745247 -0.476182 -5.82898 -815.597 0 
5 822.692 0.312592 0.0225309 0.679594 -0.796393 -0.748634 -2.45806 -4.5987 -815.635 0 
2 823.54 0.308435 0.0225697 0.683971 -0.818819 -0.705889 -3.08301 -5.04482 -815.412 0 
3 822.185 0.311893 0.0224763 0.681365 -0.822475 -0.694826 -2.14438 -4.63436 -815.406 0 
3 821.868 0.319417 0.0223041 0.673804 -0.819205 -0.693127 -1.63272 -4.59683 -815.639 0 
3 820.983 0.309865 0.0224416 0.680593 -0.809545 -0.685765 -0.748132 -4.72187 -815.513 0 
2 823.078 0.311179 0.0224227 0.679656 -0.826543 -0.644214 -3.11248 -4.53119 -815.434 0 
2 822.759 0.320519 0.0222391 0.673814 -0.83697 -0.676669 -2.10139 -5.21448 -815.443 0 
1 820.454 0.315524 0.0222365 0.675916 -0.825889 -0.654382 -0.549911 -4.39811 -815.506 0 
7 821.32 0.30977 0.0224928 0.681182 -0.837717 -0.581421 -1.4351 -4.45643 -815.429 0 
9 822.616 0.315511 0.0223886 0.672441 -0.778278 -0.670538 -1.72253 -4.10654 -816.787 0 
5 821.507 0.320769 0.0222446 0.66932 -0.763026 -0.77665 -0.409644 -3.90411 -817.194 0 
1 822.584 0.321732 0.0221547 0.668297 -0.752584 -0.817688 -1.21003 -3.88463 -817.489 0 
1 820.387 0.315557 0.0223387 0.675384 -0.790037 -0.7326 -0.17887 -4.22096 -815.987 0 
1 821.216 0.321487 0.022258 0.669733 -0.782893 -0.732539 -0.504592 -4.02032 -816.691 0 
5 821.797 0.320575 0.0222957 0.671249 -0.784331 -0.726851 -1.22931 -3.97833 -816.589 0 
1 822.339 0.322138 0.0223642 0.667013 -0.764607 -0.682571 -0.389466 -3.81239 -818.137 0 
7 823.201 0.324053 0.0221949 0.666838 -0.777046 -0.699036 -1.76377 -3.93022 -817.507 0 
2 825.098 0.321679 0.0222831 0.670817 -0.784277 -0.724034 -4.42211 -3.96498 -816.711 0 
1 822.517 0.321117 0.0224109 0.670831 -0.779643 -0.707545 -1.64393 -3.88761 -816.986 0 
5 822.004 0.320494 0.0222727 0.668585 -0.756668 -0.742521 -0.343044 -3.85588 -817.805 0 
7 821.57 0.32098 0.0222258 0.669721 -0.780597 -0.717436 -0.796717 -3.92028 -816.853 0 
1 822.637 0.326109 0.0221507 0.66658 -0.800377 -0.693257 -1.27769 -4.68468 -816.675 0 
8 822.031 0.317239 0.0221034 0.672348 -0.796214 -0.706252 -1.88133 -4.11141 -816.038 0 
2 822.083 0.310945 0.0223002 0.675992 -0.775449 -0.702961 -0.935889 -4.8341 -816.313 0 
1 823.317 0.310979 0.0223488 0.674794 -0.763891 -0.694175 -1.42646 -5.05203 -816.839 0 
2 822.911 0.303892 0.0225009 0.682509 -0.796202 -0.623878 -1.13858 -6.05335 -815.719 0 
2 821.989 0.307767 0.0223387 0.681279 -0.811049 -0.64357 -1.5214 -4.92942 -815.538 0 
1 821.505 0.311104 0.0224195 0.677479 -0.784566 -0.675669 -0.659718 -4.67935 -816.166 0 
1 823.172 0.308937 0.0225891 0.681709 -0.806486 -0.639296 -2.76034 -4.75878 -815.653 0 
2 823.135 0.312491 0.0225441 0.680716 -0.81618 -0.687306 -3.17568 -4.47604 -815.483 0 
2 822.83 0.313653 0.0226008 0.676742 -0.787561 -0.672611 -2.31143 -4.26105 -816.257 0 
1 821.347 0.320772 0.0222252 0.669873 -0.765908 -0.791003 -0.439837 -3.96479 -816.943 0 
1 821.556 0.321766 0.0222131 0.669662 -0.76074 -0.835171 -0.576062 -4.03537 -816.944 0 
1 823.959 0.316348 0.0222437 0.67637 -0.799708 -0.757223 -3.92058 -4.35438 -815.684 0 
1 824.071 0.319808 0.0223876 0.672739 -0.770595 -0.779771 -3.3699 -3.97576 -816.726 0 
10 821.186 0.318115 0.0223735 0.674141 -0.792931 -0.726261 -0.983245 -4.1098 -816.093 0 
2 823.08 0.321583 0.0222403 0.672136 -0.795478 -0.762559 -2.66669 -4.35813 -816.056 0 
5 822.308 0.32176 0.0222589 0.670499 -0.769286 -0.800792 -1.49058 -4.00551 -816.812 0 
1 822.409 0.322824 0.0221172 0.668465 -0.767136 -0.812947 -1.43991 -4.04803 -816.921 0 
4 820.754 0.317775 0.0222271 0.673081 -0.785648 -0.75353 -0.457872 -4.13772 -816.158 0 
2 821.385 0.31443 0.0221525 0.676455 -0.812925 -0.703342 -1.44523 -4.40133 -815.539 0 
2 823.986 0.305981 0.0223111 0.685656 -0.845317 -0.627946 -3.36572 -5.09607 -815.525 0 
2 824.137 0.313573 0.0222005 0.68033 -0.858924 -0.622814 -3.80628 -4.91354 -815.417 0 
6 820.919 0.311161 0.0221864 0.679774 -0.842435 -0.618981 -0.953883 -4.57219 -815.393 0 
1 820.984 0.307387 0.0223241 0.684423 -0.858687 -0.585655 -0.570541 -4.85843 -815.555 0 
1 820.569 0.305471 0.022372 0.684983 -0.851339 -0.57106 -0.118217 -4.93743 -815.513 0 
1 820.801 0.308067 0.0223278 0.683781 -0.858007 -0.582832 -0.500569 -4.78338 -815.517 0 
2 821.439 0.311294 0.0221694 0.681213 -0.85855 -0.630507 -0.949965 -5.00037 -815.488 0 
6 822.84 0.306228 0.0221197 0.683792 -0.856856 -0.619637 -1.99442 -5.18676 -815.659 0 
6 821.591 0.312345 0.0221247 0.679022 -0.854134 -0.613284 -1.38908 -4.79516 -815.407 0 
3 821.536 0.308473 0.0222544 0.679053 -0.816735 -0.610129 -1.30621 -4.67562 -815.554 0 
4 820.582 0.318036 0.0222208 0.673215 -0.818829 -0.634739 -0.571697 -4.20161 -815.808 0 
1 820.744 0.309472 0.0224058 0.679846 -0.82518 -0.59751 -0.754387 -4.4902 -815.5 0 
2 821.066 0.302561 0.0224534 0.686726 -0.850592 -0.53601 -0.232103 -5.29012 -815.544 0 
7 822.793 0.299414 0.0225214 0.68814 -0.840857 -0.532235 -1.09963 -6.1531 -815.54 0 
4 822.559 0.299102 0.022409 0.690036 -0.869958 -0.517739 -0.699535 -5.82162 -816.038 0 
6 821.29 0.310557 0.0222086 0.681933 -0.882561 -0.532826 -0.643235 -4.98177 -815.665 0 
6 822.125 0.30171 0.0222716 0.689304 -0.888201 -0.525692 -0.217851 -5.48211 -816.425 0 
8 821.738 0.302489 0.0224044 0.689255 -0.877752 -0.538819 -0.31061 -5.3388 -816.089 0 
4 822.684 0.311254 0.0223714 0.683131 -0.882502 -0.541127 -2.0071 -5.02606 -815.651 0 
2 821.915 0.315778 0.0222372 0.677445 -0.854406 -0.585549 -1.84045 -4.68469 -815.39 0 
2 820.966 0.316142 0.0222228 0.67413 -0.814287 -0.626502 -1.03224 -4.08037 -815.854 0 
1 822.558 0.303005 0.0224273 0.683695 -0.816264 -0.567575 -1.22119 -5.80189 -815.535 0 
1 823.647 0.303038 0.0223751 0.68252 -0.810553 -0.562457 -2.08394 -5.94296 -815.62 0 
4 823.267 0.306327 0.0222741 0.679213 -0.809623 -0.578886 -2.46515 -5.10998 -815.692 0 
1 821.448 0.307672 0.0222413 0.681391 -0.84878 -0.565324 -1.34936 -4.65955 -815.439 0 
2 821.129 0.314476 0.0221806 0.675651 -0.838689 -0.586449 -1.31036 -4.33795 -815.481 0 
1 822.193 0.317816 0.0220721 0.672754 -0.821308 -0.645744 -2.20815 -4.28793 -815.697 0 
1 822.126 0.310109 0.0222625 0.677747 -0.807401 -0.612357 -1.82599 -4.52558 -815.774 0 
7 821.193 0.311369 0.0223608 0.677926 -0.820461 -0.57121 -1.23421 -4.25356 -815.705 0 
3 821.512 0.311912 0.022303 0.67609 -0.800545 -0.614943 -1.13039 -4.34441 -816.038 0 
2 820.258 0.315949 0.0223916 0.6743 -0.823733 -0.560895 -0.306369 -4.05027 -815.901 0 
3 820.988 0.307884 0.022383 0.67965 -0.819095 -0.552047 -0.640385 -4.68689 -815.661 0 
1 821.013 0.311564 0.0224673 0.676752 -0.807852 -0.558684 -0.610022 -4.31438 -816.088 0 
6 820.842 0.309203 0.0224606 0.678116 -0.812637 -0.541265 -0.38122 -4.56044 -815.9 0 
10 820.551 0.312123 0.0223632 0.678004 -0.83533 -0.540338 -0.811041 -4.16505 -815.575 0 
1 820.47 0.31816 0.0222546 0.672984 -0.833372 -0.560267 -0.428951 -4.24795 -815.793 0 
1 820.695 0.317178 0.0222789 0.672637 -0.825202 -0.537624 -0.601145 -4.04062 -816.054 0 
8 821.058 0.321315 0.0223189 0.668972 -0.819313 -0.522816 -0.165833 -4.20937 -816.683 0 
2 821.062 0.315099 0.0224414 0.671994 -0.819423 -0.449694 -0.301229 -4.12258 -816.639 0 
2 820.965 0.315282 0.0223761 0.672524 -0.826603 -0.451995 -0.51334 -4.08108 -816.371 0 
4 822.546 0.307271 0.0226383 0.679202 -0.831621 -0.406052 -1.86718 -4.74113 -815.937 0 
2 822.478 0.310383 0.0226164 0.678154 -0.846246 -0.418661 -2.58421 -4.17119 -815.723 0 
3 826.404 0.305399 0.0228472 0.682714 -0.842316 -0.395287 -5.92354 -4.80036 -815.68 0 
3 825.054 0.305895 0.0227708 0.681829 -0.820005 -0.470964 -4.08827 -5.10828 -815.857 0 
3 823.327 0.309079 0.0226447 0.681076 -0.847733 -0.443319 -3.47754 -4.26854 -815.581 0 
2 824.288 0.313389 0.0226114 0.677608 -0.847115 -0.43284 -4.40278 -4.09957 -815.786 0 
3 821.59 0.321226 0.0223914 0.671066 -0.833304 -0.533754 -1.00704 -4.4688 -816.115 0 
1 822.007 0.317693 0.022415 0.672923 -0.839669 -0.500514 -1.88094 -4.24109 -815.885 0 
2 821.428 0.306946 0.0225557 0.681394 -0.84217 -0.475742 -1.39904 -4.50919 -815.52 0 
1 821.878 0.311333 0.0224794 0.681488 -0.885582 -0.444144 -1.75672 -4.58827 -815.533 0 
1 821.36 0.306789 0.0225786 0.682841 -0.86546 -0.424166 -1.50023 -4.37368 -815.486 0 
2 820.806 0.311305 0.0224129 0.680926 -0.87987 -0.461522 -0.774977 -4.53217 -815.499 0 
4 820.902 0.312417 0.0223861 0.679087 -0.87805 -0.447965 -0.921299 -4.50955 -815.471 0 
9 819.977 0.308731 0.0224364 0.680797 -0.854696 -0.478827 -0.202794 -4.31488 -815.46 0 
3 819.953 0.310444 0.0223842 0.677981 -0.83801 -0.490553 -0.123942 -4.20398 -815.625 0 
11 820.031 0.310484 0.0224703 0.678888 -0.85653 -0.434945 -0.323552 -4.16804 -815.54 0 
3 820.584 0.316025 0.0224399 0.674908 -0.858259 -0.43109 -0.580915 -4.30021 -815.703 0 
2 820.883 0.318118 0.0223669 0.672201 -0.858375 -0.415302 -0.516133 -4.50259 -815.865 0 
5 822.098 0.31833 0.0224727 0.671686 -0.848626 -0.414671 -1.59584 -4.37697 -816.125 0 
5 820.897 0.317171 0.0223648 0.675045 -0.867909 -0.450153 -0.708311 -4.63616 -815.552 0 
1 821.43 0.319308 0.0224024 0.672128 -0.850138 -0.464994 -1.01573 -4.52225 -815.892 0 
1 820.769 0.317864 0.0223855 0.671604 -0.825854 -0.505263 -0.434928 -4.06808 -816.266 0 
4 821.066 0.31475 0.0223866 0.672637 -0.828661 -0.455225 -0.766001 -4.05834 -816.241 0 
1 820.448 0.316243 0.0224162 0.673215 -0.829507 -0.498311 -0.329267 -4.04241 -816.076 0 
3 822.285 0.318281 0.0221533 0.670352 -0.799769 -0.616149 -1.82554 -3.93143 -816.528 0 
3 823.058 0.323245 0.0221348 0.667665 -0.792708 -0.670175 -2.08512 -4.0767 -816.896 0 
1 824.329 0.323939 0.0221871 0.670025 -0.835599 -0.594536 -3.37089 -5.04234 -815.916 0 
1 823.512 0.309911 0.0223599 0.680663 -0.845356 -0.525134 -3.75724 -4.29818 -815.457 0 
1 823.286 0.312248 0.0222106 0.678978 -0.840242 -0.594847 -3.5135 -4.3539 -815.419 0 
1 821.897 0.309117 0.0222304 0.682644 -0.863782 -0.564858 -1.67715 -4.70194 -815.518 0 
2 822.266 0.309366 0.0221697 0.678394 -0.827329 -0.596206 -2.28773 -4.50034 -815.478 0 
2 820.638 0.306311 0.0223917 0.68303 -0.83486 -0.593235 -0.316529 -4.89142 -815.431 0 
1 820.109 0.313269 0.0223734 0.677487 -0.816438 -0.644978 -0.226099 -4.27384 -815.609 0 
3 820.354 0.310775 0.0223793 0.677858 -0.811918 -0.608402 -0.246137 -4.38745 -815.721 0 
4 820.237 0.310662 0.022409 0.680581 -0.833224 -0.612039 -0.350681 -4.4614 -815.425 0 
1 821.057 0.31747 0.0222919 0.671936 -0.787127 -0.687966 -0.595267 -3.98807 -816.473 0 
1 820.59 0.312369 0.0224193 0.676961 -0.804811 -0.636415 -0.459895 -4.28237 -815.847 0 
3 820.315 0.31286 0.0224207 0.677086 -0.811065 -0.626397 -0.330775 -4.22012 -815.764 0 
7 821.315 0.314212 0.0225054 0.677079 -0.804892 -0.654503 -1.28523 -4.16612 -815.864 0 
2 821.291 0.315287 0.0223617 0.677833 -0.82962 -0.653032 -1.40603 -4.42709 -815.457 0 
1 821.127 0.310269 0.0224732 0.680203 -0.807748 -0.654142 -0.92593 -4.56978 -815.631 0 
1 821.311 0.311885 0.0224634 0.678093 -0.804982 -0.658946 -1.19441 -4.38493 -815.732 0 
2 820.757 0.309913 0.0223263 0.678752 -0.801899 -0.658478 -0.378626 -4.66184 -815.717 0 
7 820.4 0.3067 0.0224489 0.683352 -0.840713 -0.56412 -0.237018 -4.73072 -815.433 0 
1 821.931 0.311498 0.0223553 0.682317 -0.881861 -0.536652 -1.28543 -5.02699 -815.619 0 
1 821.698 0.310207 0.0223961 0.68308 -0.890492 -0.480402 -1.14649 -4.85562 -815.696 0 
2 822.254 0.304634 0.0223775 0.68502 -0.864072 -0.527315 -1.70867 -4.92354 -815.622 0 
2 825.052 0.317911 0.0221592 0.67681 -0.883065 -0.58126 -3.36187 -6.21806 -815.472 0 
1 825.008 0.317907 0.0222694 0.675142 -0.873199 -0.522948 -4.2419 -5.35286 -815.413 0 
1 826.122 0.322503 0.0222022 0.670609 -0.851674 -0.576011 -4.98538 -5.5546 -815.582 0 
5 823.584 0.31467 0.0221153 0.674042 -0.838906 -0.558156 -3.77618 -4.25479 -815.553 0 
3 823.039 0.316184 0.0221884 0.673136 -0.853142 -0.489103 -3.06274 -4.37696 -815.599 0 
3 823.624 0.321375 0.0220135 0.669139 -0.838699 -0.550577 -3.06501 -4.66851 -815.89 0 
2 822.835 0.319694 0.0221049 0.668845 -0.814808 -0.555753 -2.30288 -4.05058 -816.482 0 
3 822.915 0.318492 0.0222608 0.669334 -0.817019 -0.517834 -2.33301 -4.03011 -816.552 0 
1 824.742 0.310051 0.0223102 0.673844 -0.787742 -0.54449 -2.98544 -4.95 -816.807 0 
1 827.703 0.315909 0.0222439 0.667787 -0.744207 -0.648636 -3.88843 -4.81258 -819.002 0 
2 827.307 0.327536 0.0222483 0.65906 -0.722494 -0.704661 -1.30936 -3.99417 -822.003 0 
5 827.086 0.325351 0.0222095 0.660882 -0.721286 -0.729812 -1.82226 -3.95192 -821.312 0 
4 826.291 0.330643 0.0221406 0.658899 -0.729633 -0.766996 -1.4114 -3.88094 -820.999 0 
6 824.422 0.322736 0.0222245 0.664248 -0.748421 -0.683493 -1.25168 -3.87677 -819.293 0 
1 824.262 0.320789 0.0222723 0.666268 -0.748128 -0.686128 -1.27955 -3.99205 -818.991 0 
6 824.333 0.316172 0.0223342 0.671767 -0.779354 -0.620595 -3.00665 -4.12988 -817.196 0 
2 826.046 0.309782 0.0224413 0.677329 -0.773718 -0.649099 -4.17079 -5.24499 -816.63 0 
1 822.703 0.312469 0.0223633 0.676371 -0.797423 -0.62306 -2.25685 -4.31975 -816.126 0 
9 821.179 0.312072 0.0224286 0.675121 -0.791979 -0.594811 -0.30843 -4.41593 -816.454 0 
3 822.235 0.315691 0.0222667 0.67126 -0.778851 -0.635875 -1.06823 -4.12201 -817.045 0 
4 826.247 0.316522 0.0223257 0.669645 -0.756366 -0.64268 -3.4544 -4.46087 -818.332 0 
1 822.032 0.32076 0.0221867 0.668322 -0.801728 -0.586175 -1.15686 -3.97942 -816.896 0 
4 821.967 0.323946 0.0222039 0.666706 -0.782454 -0.682669 -0.613894 -3.99456 -817.359 0 
3 821.897 0.324119 0.0222485 0.666477 -0.787702 -0.655434 -0.481758 -4.06586 -817.35 0 
3 822.137 0.325171 0.0222313 0.665663 -0.789419 -0.647324 -0.505697 -4.17608 -817.455 0 
4 822.913 0.312729 0.0224375 0.676168 -0.805527 -0.568119 -2.49808 -4.2268 -816.188 0 
2 826.293 0.313707 0.0223846 0.673966 -0.770124 -0.653039 -4.60777 -4.55898 -817.127 0 
1 827.539 0.317869 0.0222559 0.670956 -0.768329 -0.68682 -6.14513 -4.02213 -817.372 0 
2 828.06 0.319608 0.0223026 0.670015 -0.764287 -0.695608 -6.42942 -3.92011 -817.711 0 
1 827.544 0.324168 0.0221555 0.666817 -0.77652 -0.692942 -6.03302 -3.90644 -817.605 0 
4 828.333 0.326174 0.0220792 0.663648 -0.758306 -0.719524 -5.79214 -3.84593 -818.694 0 
7 828.018 0.324563 0.022104 0.665399 -0.761552 -0.724164 -5.99533 -3.80768 -818.215 0 
1 824.807 0.327945 0.0221791 0.66105 -0.742314 -0.729116 -0.956856 -3.84159 -820.008 0 
1 825.118 0.322259 0.0221567 0.668023 -0.7664 -0.740533 -3.80103 -3.82415 -817.493 0 
4 825.05 0.316387 0.022179 0.673985 -0.803374 -0.659715 -4.99846 -4.04435 -816.007 0 
4 823.392 0.321616 0.0221901 0.670332 -0.800732 -0.676104 -2.89311 -4.11922 -816.379 0 
3 822.945 0.324766 0.0223642 0.667324 -0.784875 -0.660188 -1.3667 -4.04955 -817.529 0 
6 822.827 0.319699 0.0224952 0.671465 -0.791843 -0.620636 -1.96787 -3.89452 -816.965 0 
2 821.849 0.322063 0.0223813 0.670556 -0.811814 -0.615921 -1.20578 -4.24624 -816.397 0 
13 822.506 0.320027 0.0223509 0.673177 -0.835869 -0.567158 -2.2552 -4.44496 -815.806 0 
1 821.598 0.322479 0.0221761 0.669212 -0.817646 -0.613784 -0.935963 -4.42094 -816.241 0 
3 823.876 0.316438 0.0220904 0.671205 -0.805379 -0.594504 -3.59678 -3.96952 -816.31 0 
1 822.912 0.317235 0.0221195 0.670256 -0.811984 -0.558083 -2.57827 -3.96781 -816.366 0 
3 822.827 0.311733 0.0222428 0.674311 -0.830221 -0.47834 -2.81372 -4.13046 -815.883 0 
1 822.069 0.317862 0.0220895 0.673375 -0.866095 -0.493105 -1.76055 -4.81992 -815.488 0 
1 823.163 0.311219 0.0221051 0.680394 -0.90098 -0.430742 -2.55936 -4.88253 -815.721 0 
1 822.574 0.307917 0.0222912 0.682708 -0.890582 -0.400766 -2.5271 -4.41159 -815.635 0 
4 822.498 0.311457 0.0221363 0.679212 -0.894815 -0.404663 -2.30151 -4.61246 -815.584 0 
1 822.748 0.314951 0.0220775 0.674458 -0.87684 -0.411392 -2.71641 -4.51533 -815.516 0 
9 820.664 0.314762 0.0223201 0.675112 -0.894186 -0.31304 -0.326644 -4.73978 -815.598 0 
6 821.115 0.315852 0.0223282 0.674527 -0.896562 -0.310973 -0.559827 -4.94792 -815.607 0 
1 821.963 0.316379 0.0223662 0.671041 -0.859764 -0.33211 -1.39683 -4.43001 -816.136 0 
15 821.395 0.31969 0.0223632 0.669107 -0.845314 -0.390526 -0.403205 -4.50858 -816.483 0 
1 822.462 0.314784 0.0224377 0.676961 -0.909542 -0.297282 -1.73762 -5.11429 -815.61 0 
5 822.315 0.314906 0.0224054 0.67829 -0.912839 -0.33053 -1.40719 -5.2784 -815.629 0 
2 823.641 0.31697 0.0221582 0.675972 -0.927541 -0.329164 -1.56736 -6.32815 -815.746 0 
2 821.806 0.311998 0.0222329 0.676468 -0.896194 -0.316794 -1.72402 -4.51045 -815.571 0 
1 821.281 0.308374 0.022271 0.67847 -0.873133 -0.349359 -1.50235 -4.23104 -815.548 0 
2 821.667 0.302895 0.0224 0.683679 -0.893028 -0.303013 -1.4702 -4.50962 -815.687 0 
3 821.155 0.305185 0.0223487 0.681657 -0.905241 -0.253842 -1.10053 -4.34056 -815.714 0 
7 821.964 0.308763 0.0222507 0.678681 -0.901852 -0.286322 -1.97262 -4.36299 -815.629 0 
2 821.425 0.313736 0.022277 0.674795 -0.905235 -0.249977 -0.957147 -4.81688 -815.651 0 
1 821.348 0.313249 0.0222516 0.673994 -0.887382 -0.266964 -1.13494 -4.48969 -815.724 0 
3 822.476 0.304567 0.0226503 0.681124 -0.876537 -0.238841 -2.13325 -4.6701 -815.672 0 
1 821.544 0.313713 0.0224273 0.6746 -0.894687 -0.245296 -1.16243 -4.6592 -815.723 0 
1 822.118 0.315411 0.0223902 0.676912 -0.907618 -0.302561 -1.42598 -5.09237 -815.6 0 
1 822.747 0.312496 0.0223846 0.680731 -0.925067 -0.304794 -1.72997 -5.18308 -815.834 0 
7 821.053 0.31593 0.0222716 0.675484 -0.89979 -0.346905 -0.397672 -5.10124 -815.554 0 
3 820.511 0.312186 0.0224493 0.67732 -0.885197 -0.306411 -0.553356 -4.3417 -815.616 0 
2 820.932 0.30924 0.0225258 0.678074 -0.890227 -0.224831 -0.842467 -4.39009 -815.699 0 
1 822.41 0.312967 0.0225822 0.674257 -0.891118 -0.163771 -1.50363 -4.86543 -816.041 0 
3 822.838 0.316103 0.0225116 0.670226 -0.896645 -0.118096 -0.946308 -5.54971 -816.342 0 
6 823.96 0.319351 0.0223661 0.666042 -0.874307 -0.168934 -1.26378 -5.70087 -816.996 0 
1 822.989 0.319342 0.0224267 0.66936 -0.921135 -0.0826705 -0.109247 -6.68971 -816.19 0 
5 823.725 0.318836 0.0222701 0.670153 -0.941792 -0.0746313 -0.680531 -7.08416 -815.96 0 
3 824.197 0.311499 0.0225569 0.675275 -0.922631 -0.0464124 -2.84694 -5.37648 -815.973 0 
8 823.668 0.315473 0.0225765 0.671174 -0.92585 -0.00924676 -1.06456 -6.3641 -816.239 0 
4 822.339 0.311068 0.0224436 0.674337 -0.922581 -0.0507521 -1.11035 -5.28117 -815.948 0 
2 824.759 0.300318 0.0226131 0.682083 -0.921959 -0.0281425 -3.84934 -5.0392 -815.871 0 
6 824.047 0.304669 0.0227277 0.681637 -0.944789 0.00700177 -3.0942 -4.94135 -816.012 0 
1 825.814 0.310719 0.0227779 0.676631 -0.937262 0.0110048 -4.14473 -5.65902 -816.011 0 
1 825.381 0.303025 0.0227542 0.680766 -0.932858 0.0160853 -4.40195 -5.03675 -815.942 0 
1 826.899 0.307188 0.022644 0.675009 -0.933753 0.0675022 -5.10718 -5.69212 -816.099 0 
4 826.684 0.303701 0.0226401 0.677686 -0.933209 0.0613375 -5.27619 -5.3958 -816.012 0 
3 826.082 0.30595 0.022374 0.67658 -0.938083 0.00630693 -5.08962 -5.04023 -815.952 0 
2 824.953 0.310529 0.0222733 0.673432 -0.937368 -0.000547416 -3.42797 -5.54472 -815.98 0 
2 825.235 0.314222 0.0223371 0.669591 -0.914599 -0.0208467 -2.88294 -6.02236 -816.33 0 
1 825.404 0.309282 0.0224434 0.673283 -0.899178 -0.0580771 -3.92837 -5.29583 -816.179 0 
4 823.5 0.312246 0.0222854 0.672667 -0.917348 -0.0815489 -2.32089 -5.24139 -815.938 0 
2 821.965 0.310467 0.0223609 0.675722 -0.908583 -0.145569 -1.46727 -4.71312 -815.785 0 
1 821.178 0.313483 0.022378 0.673194 -0.891832 -0.203357 -0.571225 -4.7195 -815.887 0 
3 822.421 0.317438 0.0222714 0.669519 -0.890512 -0.204534 -1.06435 -5.24462 -816.112 0 
3 822.562 0.319467 0.0222451 0.668304 -0.890677 -0.20961 -0.758475 -5.59426 -816.21 0 
13 821.11 0.313688 0.0223637 0.673268 -0.896554 -0.194596 -0.452973 -4.79828 -815.859 0 
1 820.929 0.311664 0.0223956 0.677164 -0.931989 -0.139294 -0.0424536 -5.08041 -815.806 0 
1 821.105 0.313998 0.0222968 0.675697 -0.924093 -0.20287 -0.137166 -5.24679 -815.721 0 
4 821.316 0.305538 0.0225304 0.683589 -0.939749 -0.145062 -0.664958 -4.55157 -816.1 0 
8 822.502 0.306348 0.022593 0.682807 -0.940279 -0.131022 -1.83797 -4.62157 -816.043 0 
2 823.844 0.305216 0.0226522 0.683339 -0.935015 -0.132961 -3.34181 -4.50974 -815.993 0 
4 824.094 0.308198 0.022646 0.681578 -0.93361 -0.150805 -3.51308 -4.68798 -815.893 0 
1 822.86 0.314229 0.0224237 0.677687 -0.945085 -0.171897 -1.07142 -5.88461 -815.904 0 
2 822.919 0.314782 0.0223257 0.676464 -0.955722 -0.131052 -0.565237 -6.35054 -816.003 0 
3 822.378 0.315406 0.022204 0.674006 -0.932853 -0.173304 -0.84192 -5.76356 -815.772 0 
1 823.028 0.317737 0.0223266 0.672323 -0.927636 -0.166935 -1.06037 -6.17731 -815.79 0 
1 821.861 0.307036 0.022416 0.681675 -0.955403 -0.100795 -0.664911 -4.92177 -816.275 0 
2 821.431 0.311752 0.022315 0.678817 -0.942914 -0.174294 -0.167288 -5.31121 -815.952 0 
5 821.196 0.311003 0.0223189 0.675511 -0.896864 -0.21394 -0.987218 -4.49348 -815.715 0 
1 823.584 0.303563 0.0225327 0.679686 -0.873172 -0.211284 -2.8602 -4.9702 -815.754 0 
8 823.545 0.303623 0.0224505 0.679672 -0.873845 -0.230444 -2.99764 -4.85219 -815.695 0 
1 823.454 0.303697 0.0222971 0.68099 -0.881941 -0.279446 -3.30559 -4.56236 -815.586 0 
3 822.333 0.309955 0.0222096 0.679387 -0.9108 -0.285101 -2.13696 -4.50953 -815.686 0 
1 823.33 0.316127 0.0222142 0.673346 -0.888533 -0.299026 -2.86824 -4.75357 -815.708 0 
2 822.894 0.319581 0.0221844 0.67061 -0.889046 -0.300608 -1.72286 -5.34052 -815.83 0 
2 822.817 0.3173 0.0222969 0.668763 -0.851361 -0.31934 -1.74742 -4.51957 -816.55 0 
4 822.772 0.320449 0.0222991 0.667912 -0.861118 -0.331979 -1.42026 -4.95389 -816.398 0 
3 824.084 0.322881 0.0223047 0.664306 -0.819058 -0.416464 -1.69621 -4.60755 -817.78 0 
3 823.193 0.317885 0.0225073 0.67415 -0.898755 -0.286798 -2.18391 -5.3181 -815.691 0 
1 823.724 0.318023 0.0224565 0.673625 -0.900032 -0.292656 -2.63796 -5.41672 -815.669 0 
1 822.67 0.311279 0.0222984 0.681955 -0.938355 -0.297381 -1.0436 -5.44951 -816.177 0 
4 821.022 0.311933 0.02229 0.680128 -0.907465 -0.369936 -0.473949 -4.86395 -815.684 0 
2 820.594 0.305835 0.0223852 0.683964 -0.908277 -0.331707 -0.225831 -4.48601 -815.882 0 
2 821.936 0.307048 0.0223863 0.683407 -0.912216 -0.341117 -1.39209 -4.61532 -815.929 0 
2 820.956 0.308229 0.0223122 0.682882 -0.918192 -0.338116 -0.209341 -4.75649 -815.99 0 
2 821.926 0.314404 0.0221733 0.677934 -0.905165 -0.395805 -1.11545 -5.20005 -815.611 0 
4 822.843 0.317342 0.0221841 0.675837 -0.905024 -0.386083 -1.6893 -5.60629 -815.547 0 
3 821.421 0.316129 0.0222255 0.675683 -0.904856 -0.343521 -0.600703 -5.25437 -815.566 0 
1 820.305 0.316319 0.0222835 0.673679 -0.87098 -0.389214 -0.13816 -4.50693 -815.66 0 
1 820.16 0.314083 0.0222796 0.675075 -0.871765 -0.382091 -0.236468 -4.32312 -815.601 0 
2 820.822 0.314594 0.0222851 0.672789 -0.838022 -0.436744 -0.687235 -4.08171 -816.054 0 
1 821.1 0.319677 0.0222146 0.669985 -0.847432 -0.44711 -0.543811 -4.48207 -816.074 0 
1 820.119 0.309206 0.0224041 0.679276 -0.883385 -0.338726 -0.332107 -4.24323 -815.543 0 
5 821.388 0.301575 0.0225107 0.685878 -0.894991 -0.304827 -0.978105 -4.64446 -815.766 0 
22 821.721 0.313504 0.0224728 0.677846 -0.895271 -0.337724 -1.51183 -4.65436 -815.554 0 
2 821.254 0.31262 0.0224907 0.674745 -0.835225 -0.425671 -1.06662 -4.12423 -816.063 0 
2 820.326 0.308587 0.0224939 0.679046 -0.857272 -0.380245 -0.450133 -4.25988 -815.616 0 
2 821.197 0.311735 0.0225439 0.676245 -0.842778 -0.391886 -1.01947 -4.1981 -815.979 0 
1 821.909 0.3132 0.0225388 0.674398 -0.827074 -0.419101 -1.28179 -4.22712 -816.401 0 
5 821.474 0.319737 0.0224522 0.669143 -0.815195 -0.474071 -0.25096 -4.13796 -817.085 0 
3 822.001 0.31555 0.0225646 0.672522 -0.835095 -0.395504 -1.35663 -4.18078 -816.463 0 
1 822.754 0.309175 0.0225916 0.676561 -0.823726 -0.399845 -1.72567 -4.70087 -816.327 0 
2 823.733 0.311842 0.0225393 0.672747 -0.799011 -0.441458 -1.60993 -4.82041 -817.303 0 
1 823.58 0.325236 0.0223444 0.66336 -0.80211 -0.486167 -0.702526 -4.53096 -818.347 0 
2 822.977 0.321432 0.0224747 0.668413 -0.821551 -0.440451 -1.34531 -4.37502 -817.257 0 
3 824.202 0.323942 0.0225351 0.665281 -0.813727 -0.40862 -1.13139 -4.76444 -818.307 0 
4 822.75 0.319069 0.0224793 0.669414 -0.823665 -0.409177 -1.25844 -4.3235 -817.168 0 
1 822.425 0.322114 0.0224654 0.668212 -0.829019 -0.449334 -1.01289 -4.49666 -816.916 0 
5 821.427 0.314979 0.0223947 0.671462 -0.81409 -0.459393 -0.503808 -4.149 -816.774 0 
1 823.258 0.307534 0.0225806 0.676883 -0.827275 -0.380348 -2.19499 -4.85325 -816.21 0 
1 822.326 0.311815 0.0225086 0.674213 -0.814659 -0.436004 -1.22761 -4.46341 -816.635 0 
4 820.91 0.312107 0.0224642 0.674714 -0.826943 -0.442147 -0.535027 -4.19328 -816.182 0 
9 821.588 0.313692 0.0225646 0.674295 -0.827064 -0.440903 -1.16725 -4.11911 -816.301 0 
1 821.112 0.307471 0.022585 0.680835 -0.848801 -0.423691 -1.14207 -4.39413 -815.575 0 
2 821.183 0.308023 0.0225781 0.680392 -0.840534 -0.450055 -1.14339 -4.41212 -815.628 0 
2 820.976 0.30589 0.0225593 0.68304 -0.856463 -0.43507 -0.975366 -4.51632 -815.485 0 
1 820.54 0.308491 0.0223682 0.679407 -0.84454 -0.463897 -0.654561 -4.33241 -815.553 0 
4 820.792 0.310303 0.0223669 0.681534 -0.895775 -0.414835 -0.485275 -4.66109 -815.646 0 
1 822.554 0.316884 0.0222231 0.677168 -0.893273 -0.467127 -1.55695 -5.50242 -815.495 0 
1 821.398 0.318658 0.0221764 0.673641 -0.867835 -0.497321 -0.906967 -5.00961 -815.482 0 
1 822.397 0.322735 0.022357 0.669423 -0.857057 -0.436731 -1.13612 -5.18613 -816.075 0 
1 823.677 0.327007 0.0222739 0.666156 -0.854251 -0.452329 -1.23377 -6.04924 -816.394 0 
1 823.044 0.326623 0.022196 0.664364 -0.825082 -0.509209 -0.8737 -5.0908 -817.079 0 
2 824.365 0.330099 0.022139 0.661547 -0.8095 -0.559572 -1.1764 -5.37193 -817.816 0 
2 823.785 0.320846 0.0221877 0.665938 -0.789637 -0.561031 -2.08898 -3.96662 -817.73 0 
1 823.783 0.323309 0.0222492 0.666246 -0.805454 -0.574808 -2.46221 -4.23874 -817.082 0 
1 825.389 0.328529 0.0222075 0.661479 -0.778523 -0.636917 -2.35591 -4.39718 -818.636 0 
2 824.886 0.327755 0.022261 0.662858 -0.791364 -0.60696 -2.2881 -4.53927 -818.059 0 
1 824.784 0.329288 0.0220573 0.662457 -0.799613 -0.64621 -2.30924 -5.04648 -817.428 0 
2 824.82 0.33101 0.0221069 0.661412 -0.797428 -0.640516 -1.71015 -5.30006 -817.81 0 
2 823.058 0.326552 0.0221328 0.664643 -0.797981 -0.630013 -1.24347 -4.48136 -817.333 0 
1 822.909 0.318804 0.0222851 0.668121 -0.777719 -0.591489 -1.05108 -4.00331 -817.854 0 
5 822.557 0.321622 0.0224188 0.667978 -0.785001 -0.586157 -0.770328 -3.94528 -817.841 0 
6 822.735 0.311883 0.0224394 0.6739 -0.789633 -0.540276 -1.1725 -4.63434 -816.928 0 
1 821.054 0.321421 0.0223474 0.669351 -0.820544 -0.529763 -0.220981 -4.2384 -816.594 0 
6 821.003 0.3165 0.0223373 0.673963 -0.838887 -0.494806 -1.02462 -4.11553 -815.862 0 
1 821.094 0.31204 0.0224854 0.676543 -0.833586 -0.455659 -1.03017 -4.14208 -815.922 0 
1 821.941 0.323348 0.0222645 0.666675 -0.80691 -0.546359 -0.456284 -4.22739 -817.257 0 
9 821.94 0.322164 0.0222826 0.666543 -0.785733 -0.595445 -0.223134 -3.94044 -817.776 0 
1 821.235 0.316825 0.0223535 0.672392 -0.809928 -0.551423 -0.817294 -3.96721 -816.451 0 
3 823.024 0.327527 0.022214 0.665474 -0.817401 -0.595128 -1.05803 -5.13763 -816.829 0 
4 821.629 0.322627 0.022283 0.668595 -0.807413 -0.593376 -0.680909 -4.16987 -816.779 0 
1 822.072 0.324543 0.0222886 0.665696 -0.786577 -0.616073 -0.18688 -4.05944 -817.826 0 
1 821.665 0.323079 0.0222862 0.667027 -0.779877 -0.658759 -0.154219 -3.90138 -817.609 0 
2 821.705 0.315845 0.0224476 0.671765 -0.775048 -0.627253 -0.220094 -4.16245 -817.322 0 
1 823.689 0.315366 0.0224218 0.670752 -0.75613 -0.671495 -1.34651 -4.43997 -817.903 0 
1 823.116 0.316934 0.0224517 0.67013 -0.744963 -0.707244 -0.29375 -4.39435 -818.428 0 
1 822.294 0.317361 0.0225089 0.671447 -0.763855 -0.682578 -0.632288 -4.06883 -817.592 0 
1 823.427 0.318922 0.022478 0.669722 -0.757094 -0.707998 -1.5496 -3.95473 -817.923 0 
2 823.201 0.326642 0.0223256 0.665839 -0.772407 -0.740562 -1.35395 -4.16025 -817.687 0 
6 822.81 0.323432 0.0223486 0.668754 -0.779512 -0.74325 -1.77467 -4.08814 -816.947 0 
2 822.439 0.321547 0.0223043 0.671555 -0.802625 -0.729829 -1.95732 -4.47655 -816.005 0 
1 821.738 0.319167 0.0222608 0.674445 -0.834552 -0.660715 -1.40791 -4.85452 -815.476 0 
4 822.437 0.319455 0.0223939 0.673686 -0.810423 -0.696403 -2.23453 -4.37824 -815.825 0 
3 822.319 0.316959 0.0224129 0.676494 -0.831244 -0.649578 -2.2906 -4.54278 -815.486 0 
3 821.404 0.318072 0.0223409 0.67542 -0.824209 -0.677428 -1.31844 -4.53838 -815.548 0 
8 822.915 0.312996 0.022495 0.680377 -0.834778 -0.622235 -3.10394 -4.3853 -815.425 0 
1 821.314 0.305354 0.0225538 0.683998 -0.83328 -0.552174 -0.908125 -4.9501 -815.456 0 
1 820.433 0.308033 0.0224556 0.68145 -0.840578 -0.538517 -0.489247 -4.49365 -815.45 0 
4 822.127 0.316852 0.0221939 0.675956 -0.849333 -0.586976 -2.08379 -4.61699 -815.426 0 
9 820.259 0.30655 0.0223888 0.683452 -0.85249 -0.531593 -0.150867 -4.65093 -815.458 0 
1 822.749 0.308346 0.0223418 0.684253 -0.867958 -0.549369 -2.46885 -4.709 -815.571 0 
3 821.42 0.313595 0.0222412 0.678785 -0.846746 -0.605752 -1.50885 -4.52257 -815.388 0 
6 821.353 0.307015 0.0224162 0.683169 -0.835759 -0.57824 -1.18188 -4.73993 -815.431 0 
1 820.358 0.31322 0.02225 0.678346 -0.84236 -0.602274 -0.515661 -4.4364 -815.406 0 
3 820.115 0.312276 0.0224377 0.676821 -0.824343 -0.53246 -0.168481 -4.13233 -815.814 0 
4 820.426 0.311822 0.0224856 0.67775 -0.821665 -0.558458 -0.48923 -4.18971 -815.748 0 
5 820.46 0.313527 0.0224298 0.676185 -0.805684 -0.61276 -0.317541 -4.14389 -815.998 0 
1 819.941 0.312367 0.0222964 0.678318 -0.828721 -0.621903 -0.118255 -4.35194 -815.47 0 
5 820.198 0.311193 0.0222417 0.679261 -0.840862 -0.594806 -0.347537 -4.44078 -815.409 0 
1 821.478 0.315535 0.0221173 0.675848 -0.836762 -0.631377 -1.55445 -4.49147 -815.432 0 
1 821.385 0.316425 0.0222239 0.677031 -0.859461 -0.590901 -1.02651 -4.98101 -815.378 0 
4 821.15 0.313041 0.0222999 0.680316 -0.858633 -0.601548 -0.925593 -4.81337 -815.411 0 
1 820.79 0.316364 0.0222899 0.676222 -0.827405 -0.651024 -0.882119 -4.38999 -815.518 0 
3 820.485 0.315203 0.0223303 0.676839 -0.829508 -0.638959 -0.606431 -4.3908 -815.488 0 
5 821.593 0.314272 0.0223292 0.6795 -0.844776 -0.661858 -1.33825 -4.88977 -815.365 0 
2 821.788 0.311599 0.0223536 0.682078 -0.850256 -0.640583 -1.53751 -4.83093 -815.419 0 
1 821.986 0.30698 0.0225436 0.684791 -0.835633 -0.620075 -1.66246 -4.89655 -815.427 0 
1 820.987 0.310792 0.0224321 0.680915 -0.816827 -0.696244 -0.858538 -4.69276 -815.435 0 
2 821.808 0.303533 0.0224645 0.687357 -0.828685 -0.681259 -0.467302 -5.80819 -815.532 0 
2 821.754 0.308546 0.0224488 0.68408 -0.817789 -0.743383 -1.11531 -5.22444 -815.414 0 
1 822.259 0.312593 0.0223575 0.681725 -0.818295 -0.794019 -1.69698 -5.18822 -815.374 0 
2 821.156 0.311382 0.022272 0.680589 -0.79337 -0.846568 -0.431132 -5.2699 -815.455 0 
2 823.208 0.319694 0.022079 0.674755 -0.790374 -0.925815 -2.30052 -5.42284 -815.485 0 
2 822.048 0.31415 0.0221266 0.677027 -0.771751 -0.91026 -1.27067 -5.08604 -815.691 0 
7 823.204 0.323766 0.0221478 0.668768 -0.743371 -0.965075 -1.83499 -4.39249 -816.977 0 
4 822.119 0.317021 0.0223636 0.674143 -0.729029 -0.969824 -0.375301 -4.75875 -816.985 0 
4 821.87 0.310697 0.022253 0.68025 -0.763478 -0.921987 -0.488355 -5.66594 -815.716 0 
5 822.135 0.315314 0.0222555 0.675174 -0.731602 -0.975738 -0.372654 -5.0723 -816.69 0 
6 825.379 0.314179 0.0221632 0.675204 -0.725078 -0.978227 -3.14525 -5.37027 -816.863 0 
6 825.678 0.312466 0.0221989 0.674762 -0.718039 -0.935681 -2.47805 -5.84517 -817.355 0 
1 825.84 0.325355 0.0220732 0.668271 -0.748515 -0.947207 -4.48696 -4.32923 -817.023 0 
1 826.895 0.323062 0.0220151 0.668846 -0.748078 -0.919995 -5.73085 -4.14101 -817.023 0 
2 826.666 0.322919 0.0220481 0.669579 -0.75604 -0.9019 -5.69191 -4.19465 -816.78 0 
1 827.686 0.31774 0.0220948 0.673186 -0.761825 -0.854309 -6.98791 -4.27705 -816.421 0 
1 824.278 0.316821 0.0220813 0.673504 -0.759648 -0.875759 -3.51218 -4.45579 -816.31 0 
2 825.658 0.31756 0.0221854 0.675545 -0.783864 -0.83661 -5.38981 -4.45981 -815.808 0 
6 822.759 0.315926 0.0221538 0.673097 -0.760478 -0.81541 -1.82743 -4.35843 -816.573 0 
7 823.801 0.316936 0.0221111 0.671603 -0.745446 -0.859804 -2.41076 -4.37938 -817.011 0 
3 823.181 0.318597 0.0221668 0.670156 -0.733737 -0.880572 -1.31744 -4.25223 -817.612 0 
2 822.259 0.318335 0.0221783 0.670655 -0.753031 -0.820601 -1.06263 -4.1132 -817.083 0 
4 822.145 0.312794 0.0222525 0.67529 -0.76191 -0.783193 -0.902529 -4.76916 -816.473 0 
3 823.875 0.311839 0.0222991 0.675536 -0.746325 -0.802273 -1.67141 -5.27788 -816.925 0 
2 823.31 0.31394 0.0222366 0.673869 -0.744992 -0.824657 -1.45821 -4.8376 -817.014 0 
7 821.937 0.315494 0.0223595 0.674119 -0.758282 -0.78456 -0.724199 -4.37215 -816.84 0 
7 822.705 0.316368 0.0223952 0.671949 -0.739146 -0.791746 -0.363304 -4.48105 -817.86 0 
1 822.733 0.316886 0.0223716 0.671609 -0.744658 -0.773783 -0.637406 -4.32476 -817.771 0 
1 822.104 0.317301 0.0222934 0.672455 -0.756288 -0.795549 -0.915611 -4.16871 -817.02 0 
2 822.333 0.316419 0.0223786 0.676613 -0.798328 -0.745329 -2.27903 -4.29242 -815.761 0 
5 822.625 0.314962 0.0224968 0.678402 -0.828232 -0.649021 -2.7401 -4.41 -815.475 0 
2 824.3 0.310301 0.0226244 0.679805 -0.805928 -0.637696 -4.05445 -4.52426 -815.721 0 
1 824.051 0.314845 0.0225544 0.677705 -0.821972 -0.637861 -4.18872 -4.27147 -815.591 0 
11 825.265 0.314212 0.0225907 0.680273 -0.84479 -0.606964 -5.33465 -4.53367 -815.396 0 
1 825.12 0.312964 0.022605 0.680678 -0.839319 -0.613676 -5.24359 -4.46929 -815.407 0 
1 823.366 0.312726 0.0225412 0.681046 -0.833764 -0.649253 -3.43489 -4.53563 -815.396 0 
1 823.192 0.312938 0.0224534 0.681191 -0.84889 -0.6111 -3.21481 -4.59212 -815.385 0 
6 823.148 0.319849 0.0223481 0.675121 -0.82983 -0.678616 -2.83182 -4.80114 -815.515 0 
6 820.405 0.311574 0.0222462 0.678984 -0.820549 -0.668783 -0.436966 -4.51398 -815.454 0 
5 821.586 0.316722 0.0221923 0.672245 -0.78191 -0.71112 -1.07324 -4.04932 -816.463 0 
8 823.164 0.30338 0.0224771 0.683323 -0.792473 -0.643312 -1.08069 -6.36966 -815.714 0 
1 821.552 0.310719 0.0223802 0.677655 -0.781663 -0.695703 -0.621191 -4.80237 -816.129 0 
8 822.1 0.311644 0.0224548 0.677361 -0.782872 -0.677059 -1.23026 -4.61845 -816.251 0 
1 822.737 0.313232 0.0224777 0.678183 -0.805666 -0.651605 -2.69663 -4.23322 -815.807 0 
10 821.914 0.313357 0.0225572 0.676239 -0.789459 -0.63722 -1.26321 -4.27105 -816.38 0 
1 824.138 0.30933 0.0225492 0.676902 -0.767804 -0.63383 -1.65673 -5.51863 -816.963 0 
4 821.699 0.320636 0.0224168 0.669687 -0.77169 -0.689226 -0.375807 -3.83842 -817.485 0 
2 821.867 0.320672 0.0224496 0.670081 -0.780531 -0.661285 -0.733903 -3.85699 -817.276 0 
1 825.424 0.332516 0.022235 0.660233 -0.767913 -0.714941 -1.56126 -4.81805 -819.045 0 
2 824.074 0.3244 0.0224448 0.666626 -0.761331 -0.686856 -1.64005 -3.82741 -818.606 0 
6 824.066 0.32392 0.0224819 0.668054 -0.783278 -0.635827 -2.35873 -3.96627 -817.741 0 
1 824.879 0.32992 0.0222433 0.663947 -0.789129 -0.680549 -2.30341 -4.83374 -817.742 0 
3 825.252 0.331318 0.022072 0.662874 -0.805438 -0.683949 -2.38321 -5.81062 -817.058 0 
4 825.715 0.329746 0.0220014 0.663543 -0.809237 -0.689468 -3.32433 -5.70185 -816.689 0 
4 824.805 0.328474 0.0220757 0.66445 -0.819371 -0.631263 -2.63765 -5.58973 -816.578 0 
4 822.266 0.325354 0.0221954 0.667105 -0.817418 -0.611538 -0.950869 -4.81271 -816.503 0 
2 821.49 0.315993 0.022348 0.673456 -0.806233 -0.582807 -1.19013 -3.98286 -816.317 0 
7 821.642 0.321118 0.022203 0.668883 -0.809706 -0.580572 -0.925757 -4.08099 -816.635 0 
3 821.615 0.312422 0.0223958 0.676041 -0.794538 -0.619939 -1.03374 -4.34615 -816.235 0 
2 821.382 0.310942 0.0224494 0.676474 -0.783756 -0.642513 -0.311909 -4.69677 -816.373 0 
8 820.446 0.316687 0.0223004 0.673264 -0.788955 -0.700604 -0.122241 -4.0572 -816.267 0 
1 821.261 0.314085 0.0224305 0.678143 -0.817638 -0.654908 -1.41062 -4.26339 -815.587 0 
2 820.418 0.313437 0.0223851 0.678427 -0.824327 -0.643234 -0.585095 -4.33288 -815.5 0 
1 821.046 0.312781 0.0223795 0.680085 -0.819328 -0.715124 -0.982952 -4.65126 -815.411 0 
1 825.268 0.30476 0.0225836 0.689481 -0.862462 -0.618254 -4.0351 -5.37866 -815.855 0 
1 826.256 0.303463 0.0225925 0.691278 -0.865717 -0.641463 -4.34714 -5.76855 -816.141 0 
4 827.982 0.30411 0.0225823 0.691805 -0.878515 -0.628608 -5.7526 -5.80011 -816.429 0 
1 827.781 0.298659 0.0227341 0.694218 -0.858027 -0.598315 -5.26922 -6.40413 -816.108 0 
1 827.242 0.298346 0.0227493 0.692934 -0.836535 -0.613695 -4.71198 -6.82864 -815.701 0 
3 827.442 0.307131 0.0225835 0.686404 -0.827997 -0.673586 -6.9349 -5.08114 -815.426 0 
1 826.024 0.303248 0.022537 0.68771 -0.811881 -0.689409 -4.47728 -6.08264 -815.464 0 
2 826.72 0.298368 0.0226275 0.689348 -0.789625 -0.687726 -2.7622 -8.38811 -815.569 0 
1 827.643 0.298661 0.0226486 0.68677 -0.77593 -0.682978 -3.14179 -8.73315 -815.768 0 
3 827.79 0.297469 0.0227001 0.690307 -0.806063 -0.655763 -4.28084 -7.9825 -815.527 0 
2 827.338 0.296931 0.0226947 0.691882 -0.830938 -0.604448 -4.34283 -7.33732 -815.657 0 
2 823.747 0.303957 0.0225469 0.686637 -0.837624 -0.623561 -2.81894 -5.41997 -815.508 0 
1 820.137 0.310324 0.0223546 0.679775 -0.81354 -0.667397 -0.0270044 -4.59896 -815.511 0 
2 820.487 0.315926 0.0222865 0.675974 -0.813329 -0.702166 -0.513499 -4.38975 -815.583 0 
4 820.616 0.316085 0.0222582 0.675933 -0.825012 -0.650115 -0.736164 -4.33199 -815.547 0 
6 820.757 0.31637 0.0222064 0.675895 -0.827982 -0.667059 -0.786261 -4.49933 -815.471 0 
4 820.871 0.318522 0.0222586 0.674172 -0.823788 -0.667324 -0.76712 -4.50081 -815.603 0 
2 820.575 0.313227 0.0224625 0.67775 -0.823196 -0.599395 -0.757876 -4.18619 -815.631 0 
1 821.434 0.314566 0.0222858 0.674389 -0.810208 -0.624649 -1.44327 -4.11197 -815.879 0 
9 820.321 0.314392 0.022357 0.676684 -0.826382 -0.61583 -0.50737 -4.24475 -815.569 0 
1 825.876 0.322434 0.0223385 0.668521 -0.792554 -0.679523 -4.99307 -4.12989 -816.753 0 
1 823.757 0.322435 0.0223582 0.671007 -0.821492 -0.644932 -3.09126 -4.71599 -815.95 0 
3 821.432 0.318844 0.0223523 0.674248 -0.827647 -0.637838 -1.30821 -4.4792 -815.644 0 
2 821.56 0.3124 0.0224034 0.680426 -0.854346 -0.588465 -1.50947 -4.65059 -815.4 0 
4 820.284 0.313425 0.0223193 0.678531 -0.838286 -0.621964 -0.403049 -4.47451 -815.407 0 
6 820.434 0.31665 0.0222303 0.674572 -0.810383 -0.683145 -0.470433 -4.2262 -815.737 0 
2 820.4 0.317518 0.0222577 0.673463 -0.803755 -0.687648 -0.32464 -4.14597 -815.929 0 
3 821.279 0.317103 0.022179 0.673191 -0.791191 -0.746858 -1.07935 -4.22232 -815.978 0 
11 821.225 0.307728 0.0222929 0.681274 -0.803035 -0.701356 -0.553588 -5.1501 -815.521 0 
2 820.556 0.311679 0.0223008 0.679186 -0.80215 -0.733635 -0.350124 -4.65522 -815.551 0 
1 823.056 0.304172 0.0224265 0.686865 -0.831552 -0.649186 -2.05997 -5.50845 -815.488 0 
7 820.781 0.30957 0.0222873 0.679845 -0.813885 -0.653529 -0.613665 -4.64776 -815.52 0 
1 822.456 0.313638 0.0222306 0.678319 -0.811098 -0.724972 -2.46132 -4.50252 -815.493 0 
2 821.104 0.310593 0.0222176 0.681131 -0.827907 -0.704688 -0.846919 -4.86808 -815.389 0 
1 822.089 0.319032 0.0221892 0.675139 -0.827308 -0.721648 -1.70945 -4.95723 -815.422 0 
7 821.943 0.311461 0.0223892 0.68243 -0.835395 -0.708168 -1.56538 -4.98354 -815.394 0 
5 821.504 0.31185 0.0224394 0.679623 -0.799337 -0.716949 -1.29772 -4.55645 -815.65 0 
6 822.249 0.310499 0.0225325 0.68165 -0.804831 -0.719853 -1.97708 -4.75588 -815.516 0 
2 821.818 0.30648 0.0224507 0.682842 -0.803329 -0.703165 -0.919624 -5.40112 -815.497 0 
3 822.288 0.303601 0.0223901 0.685685 -0.812939 -0.712946 -0.784072 -6.03303 -815.471 0 
2 822.213 0.303089 0.0223759 0.685881 -0.804761 -0.735598 -0.377793 -6.35653 -815.479 0 
7 821.297 0.308666 0.02223 0.680953 -0.81188 -0.720293 -0.813945 -5.05315 -815.43 0 
4 820.888 0.309198 0.0222352 0.681697 -0.82745 -0.700857 -0.486449 -4.99725 -815.405 0 
1 821.072 0.309266 0.022269 0.683219 -0.84245 -0.691673 -0.424424 -5.16084 -815.487 0 
7 821.372 0.317066 0.0221401 0.674568 -0.817125 -0.711808 -1.30001 -4.54141 -815.531 0 
4 822.876 0.317816 0.0220849 0.67445 -0.834584 -0.687675 -2.51735 -4.96671 -815.391 0 
2 820.601 0.315317 0.0222041 0.676096 -0.823686 -0.673735 -0.665844 -4.45081 -815.484 0 
8 820.303 0.307885 0.0224243 0.681977 -0.825826 -0.613902 -0.114947 -4.74171 -815.446 0 
2 822.079 0.315944 0.0224158 0.677675 -0.844448 -0.610009 -2.05265 -4.61483 -815.412 0 
2 820.598 0.313738 0.0224346 0.677657 -0.826174 -0.609623 -0.800301 -4.22899 -815.568 0 
11 820.71 0.316564 0.0222963 0.672652 -0.792512 -0.648923 -0.277125 -3.98629 -816.446 0 
4 821.611 0.317815 0.0224469 0.673659 -0.793078 -0.671016 -1.25877 -3.96714 -816.385 0 
1 821.454 0.316054 0.0224237 0.677061 -0.831467 -0.62669 -1.57133 -4.36725 -815.515 0 
3 821.238 0.317979 0.0223261 0.675368 -0.840485 -0.609129 -1.13193 -4.61093 -815.495 0 
1 821.789 0.318806 0.0222158 0.672987 -0.845046 -0.570391 -1.54113 -4.6831 -815.565 0 
2 820.734 0.314891 0.022304 0.674914 -0.848559 -0.495605 -0.913242 -4.21884 -815.602 0 
2 820.737 0.312935 0.0222556 0.674779 -0.831166 -0.503174 -0.843925 -4.07805 -815.815 0 
1 821.58 0.31517 0.0222341 0.672621 -0.833051 -0.493634 -1.59378 -4.05098 -815.935 0 
3 821.414 0.318515 0.0222017 0.672023 -0.853817 -0.488678 -1.15437 -4.57958 -815.68 0 
3 821.258 0.319993 0.0222607 0.672934 -0.848545 -0.553417 -0.856297 -4.79378 -815.607 0 
3 820.452 0.305936 0.0223908 0.682379 -0.84229 -0.524474 -0.277924 -4.7244 -815.449 0 
7 822.083 0.308972 0.0222214 0.678082 -0.818449 -0.590269 -1.93614 -4.55261 -815.594 0 
1 822.39 0.309854 0.0221796 0.678842 -0.825796 -0.639556 -2.35047 -4.60747 -815.432 0 
3 821.5 0.303894 0.0222896 0.687317 -0.878743 -0.547632 -0.199585 -5.25504 -816.046 0 
2 822.667 0.303888 0.0222666 0.687425 -0.880116 -0.566598 -1.05926 -5.43447 -816.173 0 
1 821.888 0.305934 0.0222295 0.685569 -0.857183 -0.622632 -0.997424 -5.20229 -815.689 0 
1 821.122 0.313225 0.0221548 0.67768 -0.830704 -0.667851 -1.13371 -4.59233 -815.396 0 
1 821.728 0.307774 0.022332 0.681059 -0.827108 -0.618323 -1.52012 -4.77401 -815.434 0 
3 820.826 0.309655 0.0222577 0.679097 -0.811342 -0.662261 -0.623236 -4.66672 -815.536 0 
1 821.174 0.308737 0.0223757 0.680333 -0.819947 -0.628482 -1.01342 -4.67648 -815.484 0 
1 821.233 0.307379 0.0223665 0.68227 -0.840869 -0.587619 -1.06859 -4.73851 -815.426 0 
3 820.226 0.307268 0.0223361 0.683301 -0.851809 -0.571831 -0.0209646 -4.73704 -815.468 0 
1 820.601 0.311756 0.022386 0.680268 -0.858292 -0.547036 -0.685794 -4.50001 -815.415 0 
1 822.039 0.314222 0.0223481 0.679154 -0.849186 -0.594532 -2.12406 -4.52321 -815.392 0 
1 822.91 0.316899 0.0223406 0.677051 -0.844073 -0.605481 -2.91295 -4.55942 -815.438 0 
1 822.57 0.31624 0.0224147 0.678035 -0.86062 -0.556931 -2.39145 -4.77719 -815.401 0 
1 823.006 0.310701 0.0225152 0.682694 -0.865205 -0.524974 -3.06795 -4.48888 -815.449 0 
1 821.431 0.313478 0.022515 0.678417 -0.846922 -0.521426 -1.70962 -4.20834 -815.513 0 
3 821.08 0.317388 0.022467 0.673189 -0.827881 -0.518795 -0.918659 -4.07055 -816.09 0 
4 821.641 0.32214 0.0223779 0.669633 -0.829457 -0.524589 -0.790511 -4.4866 -816.364 0 
2 822.18 0.324445 0.0222456 0.667894 -0.824469 -0.581814 -1.00474 -4.8123 -816.363 0 
1 822.216 0.324205 0.0221794 0.669002 -0.823685 -0.633231 -1.2415 -4.90792 -816.067 0 
2 822.361 0.323858 0.0223173 0.66973 -0.825219 -0.606429 -1.41756 -4.79958 -816.144 0 
3 822.751 0.322432 0.0223188 0.670601 -0.836319 -0.575746 -1.97693 -4.87946 -815.894 0 
2 823.216 0.322088 0.022205 0.67256 -0.851775 -0.592508 -2.31165 -5.38813 -815.516 0 
2 820.682 0.317233 0.0221812 0.673516 -0.833931 -0.581807 -0.742112 -4.2854 -815.654 0 
1 821.825 0.318724 0.0220995 0.671538 -0.825097 -0.601791 -1.7368 -4.25063 -815.838 0 
1 821.397 0.315114 0.0221604 0.675738 -0.852308 -0.532183 -1.56426 -4.36019 -815.472 0 
1 822.526 0.314866 0.0221538 0.677163 -0.857561 -0.555927 -2.56926 -4.55275 -815.404 0 
2 823.244 0.319929 0.0220855 0.672877 -0.856157 -0.558591 -2.73334 -5.02393 -815.487 0 
3 821.496 0.322176 0.0221966 0.668975 -0.816697 -0.607357 -0.831866 -4.37651 -816.288 0 
2 821.45 0.317425 0.0223247 0.674476 -0.818617 -0.62258 -1.49662 -4.1201 -815.833 0 
1 821.691 0.319875 0.0222387 0.673731 -0.831541 -0.650289 -1.41653 -4.70114 -815.574 0 
1 822.696 0.317061 0.0221835 0.677506 -0.869925 -0.595313 -1.83983 -5.458 -815.398 0 
2 821.032 0.308516 0.0223282 0.682003 -0.863046 -0.53314 -0.936002 -4.60911 -815.487 0 
8 819.985 0.312897 0.0223602 0.678316 -0.844182 -0.559999 -0.233408 -4.30079 -815.45 0 
11 822.1 0.319422 0.0223598 0.673246 -0.84418 -0.554752 -1.80014 -4.645 -815.655 0 
1 822.644 0.321623 0.0222469 0.671859 -0.841171 -0.608521 -1.93759 -5.0927 -815.614 0 
5 822.913 0.320337 0.0222166 0.674534 -0.86192 -0.591723 -1.96077 -5.5656 -815.387 0 
3 823.129 0.317515 0.0221412 0.67282 -0.815305 -0.676307 -3.07915 -4.35421 -815.696 0 
3 822.957 0.322981 0.0220945 0.670932 -0.826661 -0.705319 -2.05766 -5.29543 -815.604 0 
2 824.145 0.322781 0.0221138 0.67283 -0.8439 -0.699956 -2.7845 -5.98784 -815.373 0 
1 821.806 0.316751 0.0221955 0.675228 -0.815707 -0.686797 -1.87675 -4.30989 -815.619 0 
4 819.898 0.314164 0.0223432 0.675901 -0.8198 -0.599669 -0.0385865 -4.12268 -815.736 0 
1 820.512 0.31232 0.0222895 0.678924 -0.831551 -0.623805 -0.691234 -4.38147 -815.439 0 
7 820.2 0.317551 0.0223002 0.673351 -0.816669 -0.616131 -0.17899 -4.10089 -815.92 0 
1 823.625 0.307984 0.0223652 0.676922 -0.782672 -0.60615 -1.81751 -5.39263 -816.415 0 
5 823.785 0.312693 0.022326 0.672293 -0.770665 -0.615715 -1.76085 -4.71552 -817.309 0 
2 824.393 0.321319 0.0221602 0.665447 -0.769471 -0.632146 -2.2543 -3.88228 -818.256 0 
2 821.764 0.320475 0.0222303 0.66793 -0.819669 -0.497737 -0.819768 -4.16963 -816.775 0 
1 823.729 0.323092 0.0221877 0.66479 -0.793579 -0.564458 -1.89888 -4.07441 -817.755 0 
1 825.842 0.321064 0.0221188 0.665327 -0.805319 -0.513956 -4.38475 -4.09424 -817.363 0 
1 825.148 0.320841 0.0220317 0.666669 -0.829475 -0.469693 -4.19876 -4.3281 -816.621 0 
4 824.384 0.321164 0.0221739 0.665157 -0.813829 -0.452115 -2.58811 -4.29014 -817.505 0 
2 824.789 0.319989 0.0222397 0.666034 -0.825664 -0.405311 -3.20242 -4.37895 -817.207 0 
1 824.222 0.312574 0.0222446 0.671524 -0.832784 -0.37844 -3.51858 -4.28793 -816.415 0 
1 824.783 0.314817 0.0222846 0.66916 -0.81829 -0.401331 -3.44401 -4.30406 -817.035 0 
1 822.721 0.315819 0.022373 0.66936 -0.834336 -0.332051 -1.24555 -4.48541 -816.99 0 
1 822.721 0.318473 0.0223267 0.667531 -0.833235 -0.346363 -0.988052 -4.53446 -817.198 0 
6 821.693 0.314095 0.0224009 0.67155 -0.842189 -0.336596 -0.867324 -4.33935 -816.486 0 
1 820.753 0.309928 0.0224727 0.676506 -0.860078 -0.324496 -0.681399 -4.26726 -815.804 0 
7 820.846 0.305534 0.0224953 0.681476 -0.874047 -0.318567 -0.858495 -4.4275 -815.56 0 
2 821.504 0.30394 0.0223889 0.685471 -0.915849 -0.280807 -1.04433 -4.45012 -816.01 0 
3 822.682 0.305776 0.0223375 0.679472 -0.860114 -0.345064 -2.53545 -4.54404 -815.602 0 
2 820.361 0.316047 0.0223092 0.673092 -0.868554 -0.366771 -0.160877 -4.43716 -815.763 0 
1 821.573 0.311992 0.0222622 0.674414 -0.860239 -0.360439 -1.64847 -4.16894 -815.755 0 
1 821.348 0.311612 0.0223137 0.67494 -0.865415 -0.340781 -1.42957 -4.19387 -815.725 0 
1 820.249 0.307599 0.0223364 0.680783 -0.888701 -0.336038 -0.400553 -4.27951 -815.569 0 
2 820.437 0.312139 0.0224799 0.677908 -0.884891 -0.330075 -0.524912 -4.33953 -815.573 0 
1 820.476 0.308089 0.0224975 0.680429 -0.880464 -0.319972 -0.667873 -4.24755 -815.561 0 
4 821.933 0.308007 0.0226027 0.681253 -0.886463 -0.29172 -2.08194 -4.2683 -815.583 0 
4 823.796 0.323082 0.0223875 0.670358 -0.880174 -0.363121 -2.03737 -5.84793 -815.91 0 
2 824.464 0.323352 0.0223972 0.6709 -0.886041 -0.372252 -2.5277 -6.1576 -815.779 0 
4 825.211 0.323278 0.0224423 0.669725 -0.888631 -0.324048 -3.03486 -6.25018 -815.926 0 
2 824.323 0.326592 0.0221708 0.667356 -0.876428 -0.425705 -1.64484 -6.77109 -815.907 0 
3 820.953 0.318841 0.0223201 0.67201 -0.865754 -0.39218 -0.409863 -4.6947 -815.849 0 
1 820.343 0.311555 0.0224159 0.676771 -0.874514 -0.320617 -0.438343 -4.24081 -815.663 0 
1 820.675 0.311805 0.0224258 0.675465 -0.861723 -0.32695 -0.585028 -4.23987 -815.85 0 
2 823.233 0.315308 0.0223635 0.672358 -0.861733 -0.302745 -2.61019 -4.45067 -816.172 0 
2 822.227 0.320504 0.0223127 0.670597 -0.901389 -0.249836 -0.430865 -5.92375 -815.872 0 
7 821.989 0.318997 0.0223203 0.669532 -0.862906 -0.309938 -0.828499 -4.79504 -816.365 0 
3 822.952 0.324924 0.0222078 0.665783 -0.866447 -0.354058 -0.59186 -5.90801 -816.453 0 
1 822.911 0.323946 0.0222302 0.666766 -0.856305 -0.380769 -1.02392 -5.35411 -816.533 0 
1 822.561 0.324376 0.0222487 0.66623 -0.86151 -0.355745 -0.375187 -5.62595 -816.56 0 
3 821.845 0.321632 0.0223606 0.666927 -0.844037 -0.355477 -0.0291317 -4.84165 -816.974 0 
1 822.743 0.314252 0.0224829 0.671766 -0.841843 -0.311069 -1.54222 -4.50758 -816.693 0 
4 821.943 0.315994 0.0225225 0.670735 -0.856812 -0.264875 -0.64152 -4.67982 -816.622 0 
4 822.37 0.317745 0.0225112 0.670646 -0.880945 -0.207725 -0.819544 -5.19277 -816.358 0 
3 822.344 0.320868 0.0223173 0.668983 -0.892368 -0.230824 -0.369142 -5.8266 -816.149 0 
1 824.857 0.308001 0.0224852 0.677805 -0.901675 -0.135328 -4.36565 -4.6893 -815.802 0 
3 825.424 0.31301 0.0225444 0.671943 -0.864186 -0.184654 -3.71843 -5.03671 -816.669 0 
1 825.895 0.319864 0.0222412 0.666298 -0.856598 -0.253649 -3.62967 -5.17677 -817.089 0 
1 823.475 0.316306 0.02223 0.669539 -0.894255 -0.175803 -2.14577 -5.22378 -816.105 0 
2 823.968 0.316561 0.0221291 0.670618 -0.907451 -0.185815 -2.73154 -5.3782 -815.858 0 
1 824.087 0.312727 0.0221952 0.672528 -0.905542 -0.151017 -3.3218 -4.90703 -815.858 0 
2 824.005 0.311526 0.0222271 0.673411 -0.909002 -0.130678 -3.28062 -4.87711 -815.847 0 
3 824.668 0.317345 0.0221994 0.667692 -0.877429 -0.203654 -3.06531 -5.14569 -816.457 0 
3 823.303 0.318888 0.0221915 0.668242 -0.889706 -0.214504 -1.68191 -5.45168 -816.169 0 
1 822.583 0.318677 0.0222149 0.670302 -0.914824 -0.17644 -0.70669 -5.9954 -815.881 0 
1 821.538 0.311004 0.0223423 0.675093 -0.903339 -0.168386 -1.10153 -4.65769 -815.778 0 
1 822.114 0.308398 0.0222941 0.677394 -0.914288 -0.15631 -1.84548 -4.5366 -815.732 0 
3 822.422 0.308144 0.0222993 0.677074 -0.90617 -0.168545 -2.2194 -4.48785 -815.714 0 
1 821.889 0.305988 0.0224268 0.678822 -0.90532 -0.152068 -1.65854 -4.50992 -815.721 0 
4 822.485 0.307267 0.0224656 0.677623 -0.907466 -0.138153 -2.18515 -4.54986 -815.75 0 
3 821.058 0.3097 0.022538 0.677548 -0.904596 -0.167554 -0.74601 -4.56883 -815.743 0 
1 821.352 0.308276 0.0225636 0.678762 -0.901242 -0.190195 -1.22948 -4.42959 -815.693 0 
6 821.044 0.309247 0.0225519 0.679258 -0.91078 -0.187434 -0.846303 -4.50011 -815.698 0 
4 821.599 0.312121 0.0225443 0.677496 -0.916892 -0.17531 -1.0204 -4.85006 -815.728 0 
3 821.425 0.315826 0.0222856 0.674381 -0.918017 -0.216454 -0.323558 -5.4001 -815.702 0 
1 821.537 0.318883 0.0222864 0.67137 -0.899826 -0.263294 -0.211913 -5.54428 -815.781 0 
2 821.35 0.311848 0.022215 0.676203 -0.902459 -0.264441 -1.19052 -4.53769 -815.622 0 
2 821.906 0.313392 0.0221604 0.676721 -0.916321 -0.282832 -1.22244 -5.01555 -815.668 0 
1 822.986 0.311518 0.0221868 0.67853 -0.920872 -0.260841 -2.43179 -4.81146 -815.743 0 
1 822.523 0.313186 0.0221544 0.677722 -0.938025 -0.23698 -1.0683 -5.54131 -815.913 0 
3 821.112 0.303779 0.0225579 0.684021 -0.908894 -0.219477 -0.949354 -4.40174 -815.761 0 
2 821.632 0.303959 0.0226146 0.684161 -0.911285 -0.206326 -1.46278 -4.39747 -815.772 0 
3 822.48 0.306807 0.0225911 0.6808 -0.899303 -0.197906 -2.38333 -4.42409 -815.672 0 
6 822.61 0.304478 0.0225965 0.685255 -0.925727 -0.19521 -2.22865 -4.40982 -815.971 0 
3 822.249 0.311809 0.0225035 0.679144 -0.931561 -0.172459 -1.4114 -5.03705 -815.8 0 
3 822.537 0.309219 0.0225931 0.679538 -0.918796 -0.172643 -2.21443 -4.58687 -815.736 0 
1 826.107 0.297279 0.0228035 0.689216 -0.925636 -0.127905 -5.07434 -4.87274 -816.16 0 
1 825.808 0.295496 0.022794 0.689866 -0.927776 -0.0902934 -4.42234 -5.18698 -816.199 0 
1 823.11 0.301972 0.0226027 0.683164 -0.91992 -0.115684 -2.69642 -4.56934 -815.844 0 
1 823.534 0.299404 0.0226701 0.685651 -0.92085 -0.0982882 -2.79606 -4.82985 -815.908 0 
4 823.699 0.304065 0.0226154 0.683575 -0.918837 -0.142423 -3.39972 -4.4952 -815.804 0 
6 823.672 0.307513 0.0226632 0.683365 -0.932207 -0.177382 -3.15549 -4.58588 -815.931 0 
1 821.685 0.308902 0.0224746 0.681402 -0.937901 -0.162586 -0.945881 -4.78598 -815.953 0 
8 823.159 0.311012 0.0224484 0.68053 -0.946189 -0.154015 -1.93119 -5.22268 -816.005 0 
1 821.655 0.306996 0.0224932 0.682232 -0.923183 -0.189146 -1.3787 -4.45197 -815.824 0 
2 821.869 0.307544 0.0224431 0.680169 -0.93333 -0.140775 -1.33518 -4.63648 -815.897 0 
5 823.884 0.316464 0.0222754 0.671466 -0.914868 -0.17422 -2.49195 -5.57638 -815.816 0 
2 823.788 0.317017 0.0222877 0.670441 -0.899648 -0.204632 -2.55394 -5.3174 -815.916 0 
4 822.131 0.308729 0.022495 0.6773 -0.8994 -0.154727 -1.734 -4.60856 -815.788 0 
2 821.489 0.311006 0.0223858 0.676058 -0.931635 -0.0852502 -0.517587 -5.12473 -815.846 0 
1 822.227 0.30462 0.0224603 0.681903 -0.962252 -0.0121232 -1.01949 -4.86583 -816.342 0 
1 822.752 0.315306 0.0223692 0.671542 -0.936347 -0.0306622 -0.475513 -6.25575 -816.021 0 
1 823.023 0.313694 0.0222999 0.67286 -0.938757 -0.0506397 -1.26061 -5.83689 -815.925 0 
1 822.612 0.313767 0.0222864 0.672706 -0.928771 -0.0798572 -1.13938 -5.57531 -815.898 0 
1 822.383 0.308582 0.0225274 0.677684 -0.925091 -0.0648061 -1.60026 -4.9279 -815.855 0 
2 822.13 0.307745 0.0225258 0.677768 -0.923911 -0.0596138 -1.38457 -4.8899 -815.856 0 
6 821.925 0.30395 0.0224937 0.681376 -0.929371 -0.088129 -1.47087 -4.56243 -815.892 0 
3 822.71 0.310152 0.0222942 0.681076 -0.969943 -0.115293 -0.453367 -5.73308 -816.524 0 
5 823.628 0.313765 0.0222556 0.67818 -0.972301 -0.105951 -0.677939 -6.61707 -816.333 0 
1 821.765 0.309578 0.0224345 0.68073 -0.957767 -0.10131 -0.273403 -5.29307 -816.199 0 
1 822.617 0.314254 0.0223823 0.676617 -0.947736 -0.114465 -0.805005 -5.90651 -815.905 0 
1 823.215 0.3134 0.0224162 0.67843 -0.960408 -0.104142 -1.02543 -6.09593 -816.094 0 
3 824.037 0.306652 0.0225109 0.685449 -0.983248 -0.0756012 -1.46439 -5.45972 -817.112 0 
2 822.868 0.30731 0.0224086 0.683775 -0.982166 -0.0633225 -0.404637 -5.51456 -816.949 0 
10 822.406 0.307411 0.0223198 0.682698 -0.976389 -0.0861644 -0.134457 -5.43877 -816.833 0 
2 821.751 0.307595 0.0224079 0.681859 -0.966912 -0.0713475 -0.0831341 -5.20875 -816.459 0 
3 821.438 0.308531 0.022408 0.681657 -0.952368 -0.132208 -0.213259 -5.02202 -816.203 0 
1 821.59 0.304275 0.0224217 0.684837 -0.959515 -0.104581 -0.298234 -4.70323 -816.589 0 
2 822.532 0.303211 0.0223537 0.684417 -0.972433 -0.0337668 -0.923057 -4.79629 -816.813 0 
6 824.62 0.305289 0.0222655 0.685557 -1.00482 -0.0226294 -0.926489 -5.7681 -817.926 0 
4 825.339 0.31086 0.0220841 0.679423 -0.97782 -0.101827 -2.5436 -6.1279 -816.668 0 
4 823.801 0.305118 0.0222282 0.684304 -0.983972 -0.0862583 -1.10421 -5.33517 -817.361 0 
2 823.387 0.305586 0.0222285 0.68456 -0.981753 -0.110762 -0.638472 -5.39117 -817.357 0 
2 822.356 0.301862 0.0223407 0.686422 -0.963739 -0.118108 -0.663368 -4.67069 -817.022 0 
4 822.66 0.299471 0.0224136 0.687403 -0.955328 -0.088204 -1.34055 -4.55577 -816.763 0 
1 822.862 0.302478 0.0225134 0.683716 -0.939336 -0.067141 -2.2054 -4.59235 -816.064 0 
4 822.983 0.302277 0.0224509 0.682874 -0.931436 -0.0827403 -2.42901 -4.59429 -815.96 0 
1 823.877 0.310263 0.0222992 0.67773 -0.919638 -0.167357 -3.46528 -4.67422 -815.737 0 
1 824.31 0.317549 0.0222009 0.67237 -0.913826 -0.20771 -2.93557 -5.60914 -815.765 0 
2 825.187 0.322919 0.0222035 0.669431 -0.913191 -0.239262 -2.42793 -6.90812 -815.851 0 
1 822.973 0.320453 0.0223177 0.669686 -0.910842 -0.200178 -0.742397 -6.31182 -815.919 0 
1 823.715 0.316116 0.0224308 0.670903 -0.903238 -0.149432 -2.26407 -5.40974 -816.041 0 
1 823.289 0.321125 0.0223707 0.666712 -0.895395 -0.151796 -0.405079 -6.33791 -816.546 0 
2 821.969 0.315923 0.0223839 0.670934 -0.906157 -0.12474 -0.366778 -5.51408 -816.088 0 
6 823.428 0.31908 0.0222684 0.668281 -0.911412 -0.126951 -1.0434 -6.23465 -816.15 0 
6 822.816 0.310879 0.0224266 0.676152 -0.925357 -0.123223 -2.08609 -4.93878 -815.792 0 
2 821.878 0.314016 0.0224731 0.674356 -0.926751 -0.105964 -0.536373 -5.48866 -815.853 0 
1 823.386 0.313231 0.0225872 0.674505 -0.93657 -0.0325075 -1.61286 -5.81102 -815.962 0 
1 821.742 0.311755 0.0223788 0.67543 -0.935891 -0.0672669 -0.51126 -5.35183 -815.879 0 
4 822.055 0.314126 0.0224396 0.673963 -0.940201 -0.046005 -0.1652 -5.95235 -815.938 0 
1 822.816 0.305354 0.0226465 0.680197 -0.930788 -0.0413164 -2.13792 -4.79428 -815.884 0 
1 822.453 0.302612 0.0226257 0.68426 -0.942378 -0.0702843 -1.77341 -4.55495 -816.124 0 
5 822.344 0.301567 0.022428 0.683968 -0.93356 -0.119455 -1.75828 -4.48953 -816.096 0 
1 822.02 0.303154 0.0223965 0.683007 -0.938909 -0.0986292 -1.41878 -4.51256 -816.088 0 
1 822.149 0.307593 0.0223349 0.677406 -0.896529 -0.194647 -2.02823 -4.42799 -815.693 0 
2 822.125 0.311979 0.0222689 0.674078 -0.902129 -0.188655 -1.69395 -4.67079 -815.761 0 
1 821.648 0.313277 0.0222326 0.67452 -0.912238 -0.205483 -1.05111 -4.89701 -815.7 0 
1 821.724 0.311035 0.0223111 0.674835 -0.883392 -0.240039 -1.53197 -4.40974 -815.782 0 
10 821.899 0.318842 0.0222466 0.670445 -0.886049 -0.27612 -0.769139 -5.18146 -815.948 0 
2 821.82 0.313125 0.0224233 0.675054 -0.890131 -0.229536 -1.43032 -4.58605 -815.804 0 
1 822.305 0.315711 0.0222905 0.670837 -0.885602 -0.207961 -1.27432 -4.92926 -816.101 0 
1 822.653 0.319589 0.022295 0.667523 -0.875518 -0.223231 -0.703079 -5.37756 -816.573 0 
2 823.099 0.305088 0.0224566 0.678332 -0.901005 -0.126827 -2.65311 -4.68211 -815.764 0 
1 821.521 0.304841 0.0225547 0.681248 -0.917539 -0.130806 -1.24635 -4.49718 -815.778 0 
3 823.077 0.30148 0.0225673 0.684796 -0.932227 -0.123266 -2.51167 -4.48491 -816.081 0 
1 824.371 0.297851 0.0226683 0.686277 -0.919457 -0.100773 -3.45198 -4.97873 -815.94 0 
1 824.459 0.29776 0.0227156 0.687654 -0.92556 -0.0917368 -3.47279 -4.94669 -816.039 0 
1 823.403 0.299973 0.0226302 0.686367 -0.928134 -0.107329 -2.70791 -4.6673 -816.028 0 
1 823.996 0.301393 0.0226398 0.687224 -0.949209 -0.084648 -3.06207 -4.53289 -816.401 0 
1 822.667 0.303729 0.0226011 0.684438 -0.966657 -0.0101558 -1.34623 -4.81799 -816.502 0 
4 821.751 0.310028 0.0224343 0.678548 -0.948427 -0.0862987 -0.547006 -5.21466 -815.989 0 
5 822.737 0.310856 0.0223749 0.678442 -0.957785 -0.0896868 -1.04484 -5.57123 -816.121 0 
2 823.133 0.307249 0.0222591 0.678651 -0.938659 -0.104677 -2.47811 -4.71033 -815.944 0 
1 823.041 0.311589 0.0221992 0.677231 -0.950706 -0.133905 -1.49285 -5.51531 -816.032 0 
3 824.71 0.31167 0.0220646 0.678869 -0.958215 -0.2008 -2.4199 -5.91815 -816.372 0 
1 827.216 0.303842 0.0220181 0.682971 -0.931561 -0.254096 -6.28998 -4.57622 -816.35 0 
1 826.202 0.304786 0.022135 0.680147 -0.912706 -0.2284 -6.04691 -4.36183 -815.794 0 
1 823.849 0.309548 0.0220918 0.677629 -0.908147 -0.271355 -3.73735 -4.45076 -815.661 0 
1 823.037 0.31091 0.0221374 0.675995 -0.900481 -0.264202 -2.97843 -4.44057 -815.618 0 
1 824.584 0.317868 0.0220534 0.669829 -0.8862 -0.290165 -3.73195 -5.01329 -815.839 0 
2 823.726 0.312234 0.0221445 0.673866 -0.897918 -0.227052 -3.45771 -4.56398 -815.704 0 
4 823.241 0.311354 0.0222307 0.674553 -0.894122 -0.240708 -3.11276 -4.44756 -815.68 0 
2 821.703 0.311444 0.0222409 0.678372 -0.931217 -0.20872 -0.883568 -4.99171 -815.827 0 
4 822.01 0.309339 0.0222168 0.678228 -0.921249 -0.199046 -1.6713 -4.58484 -815.754 0 
1 822.333 0.308536 0.0223004 0.678034 -0.902416 -0.211044 -2.27221 -4.39546 -815.665 0 
1 822.374 0.313974 0.0222324 0.675329 -0.915024 -0.21961 -1.69011 -4.99912 -815.685 0 
6 821.01 0.307603 0.0223027 0.679899 -0.920066 -0.20128 -0.772331 -4.45792 -815.78 0 
3 821.284 0.304943 0.0223426 0.682545 -0.934127 -0.159701 -0.76982 -4.47244 -816.042 0 
3 821.311 0.310165 0.0222526 0.677764 -0.919198 -0.20397 -0.954988 -4.63157 -815.725 0 
2 822.675 0.312225 0.0222111 0.678758 -0.959721 -0.156756 -0.511976 -5.92129 -816.242 0 
10 821.494 0.302341 0.022485 0.686002 -0.951062 -0.114479 -0.461085 -4.53035 -816.503 0 
2 822.793 0.302138 0.0223568 0.6832 -0.911232 -0.211104 -2.48675 -4.47072 -815.836 0 
2 822.404 0.29988 0.0224547 0.68787 -0.954038 -0.127041 -0.96425 -4.56546 -816.874 0 
2 822.144 0.298849 0.0225378 0.687979 -0.932254 -0.157201 -1.16701 -4.63165 -816.345 0 
1 825.732 0.294698 0.0227357 0.69015 -0.912544 -0.141548 -4.08051 -5.62329 -816.028 0 
1 822.018 0.30452 0.0225236 0.684901 -0.940901 -0.174194 -1.19995 -4.54621 -816.272 0 
2 821.422 0.304181 0.0225444 0.68467 -0.939837 -0.142742 -0.76063 -4.49441 -816.167 0 
1 822.382 0.301379 0.0226304 0.687175 -0.936298 -0.149881 -1.63822 -4.47939 -816.264 0 
1 821.293 0.303419 0.0224932 0.684964 -0.931241 -0.189297 -0.71442 -4.44389 -816.135 0 
9 821.714 0.303394 0.0225117 0.685319 -0.933484 -0.190806 -1.05144 -4.46373 -816.199 0 
4 821.165 0.302427 0.0224493 0.684296 -0.908415 -0.234364 -0.879276 -4.46621 -815.82 0 
1 820.411 0.30554 0.0224589 0.682091 -0.885925 -0.318043 -0.491286 -4.34206 -815.577 0 
2 821.939 0.314511 0.0223729 0.677898 -0.907818 -0.320267 -1.34305 -4.99878 -815.597 0 
4 823.829 0.318353 0.0223749 0.675225 -0.894936 -0.362304 -2.95222 -5.31493 -815.562 0 
4 822.545 0.323369 0.0223417 0.669031 -0.867631 -0.396079 -0.910181 -5.57934 -816.055 0 
2 820.974 0.317405 0.0223445 0.673664 -0.879703 -0.375521 -0.513641 -4.83169 -815.628 0 
1 821.304 0.312785 0.0225283 0.678084 -0.888602 -0.323825 -1.30087 -4.4271 -815.576 0 
1 822.047 0.308353 0.0225578 0.683227 -0.909328 -0.311093 -1.82946 -4.47106 -815.747 0 
4 824.769 0.30751 0.0227507 0.683122 -0.881529 -0.339918 -4.96584 -4.26081 -815.542 0 
2 821.988 0.307669 0.0226517 0.680155 -0.853099 -0.371008 -1.93464 -4.38384 -815.67 0 
1 823.235 0.304349 0.0226937 0.683513 -0.863898 -0.340821 -3.00052 -4.67636 -815.558 0 
3 823.089 0.307762 0.0227098 0.680379 -0.851593 -0.366707 -2.96607 -4.41286 -815.71 0 
2 821.55 0.321634 0.022368 0.667381 -0.820476 -0.455559 -0.00527591 -4.34558 -817.199 0 
3 821.237 0.318872 0.0223269 0.669008 -0.816288 -0.475849 -0.209683 -4.09609 -816.931 0 
4 821.563 0.322598 0.0223064 0.667673 -0.840859 -0.437579 -0.224375 -4.76216 -816.576 0 
1 822.618 0.322792 0.0223238 0.670047 -0.872362 -0.395139 -1.13516 -5.56946 -815.913 0 
2 822.927 0.318401 0.0225167 0.670209 -0.81216 -0.454934 -1.50423 -4.1741 -817.248 0 
2 825.429 0.314423 0.022744 0.672565 -0.82448 -0.346228 -3.67694 -4.57783 -817.174 0 
1 822.68 0.314919 0.0225388 0.670823 -0.813982 -0.396425 -0.948924 -4.43845 -817.293 0 
7 822.367 0.315066 0.0225091 0.670674 -0.82692 -0.362722 -0.989381 -4.38725 -816.99 0 
3 820.75 0.313821 0.0224988 0.674882 -0.857582 -0.353513 -0.603469 -4.22014 -815.926 0 
1 821.172 0.310737 0.0224527 0.676469 -0.846179 -0.3822 -1.04535 -4.23947 -815.887 0 
2 820.955 0.320059 0.0223218 0.66952 -0.850432 -0.394965 -0.0431683 -4.59868 -816.313 0 
2 821.501 0.316048 0.0225303 0.673909 -0.873769 -0.311838 -1.06439 -4.54926 -815.888 0 
6 822.645 0.31672 0.0225936 0.670642 -0.841338 -0.320114 -1.25327 -4.51431 -816.877 0 
1 824.545 0.312902 0.0227349 0.675967 -0.87447 -0.243953 -4.02122 -4.51258 -816.011 0 
2 822.156 0.312614 0.0225598 0.674653 -0.880276 -0.238361 -1.76068 -4.49114 -815.904 0 
1 826.236 0.321702 0.0225314 0.669099 -0.888141 -0.2479 -4.07595 -5.94483 -816.215 0 
3 825.707 0.32389 0.0224294 0.666679 -0.87614 -0.286484 -3.12631 -6.08742 -816.494 0 
9 821.764 0.31964 0.0224527 0.668948 -0.85854 -0.30382 -0.279292 -4.87904 -816.606 0 
8 820.622 0.315014 0.0224648 0.674003 -0.871345 -0.312381 -0.31395 -4.42746 -815.881 0 
7 821.515 0.316629 0.0225083 0.673867 -0.871155 -0.334767 -1.10145 -4.54207 -815.871 0 
1 822.526 0.315573 0.0224909 0.676989 -0.898342 -0.323444 -2.02879 -4.91934 -815.578 0 
1 821.334 0.319609 0.0224382 0.671147 -0.854328 -0.396533 -0.583981 -4.59635 -816.153 0 
4 820.616 0.311378 0.0223547 0.675413 -0.863582 -0.340128 -0.672597 -4.19609 -815.747 0 
4 821.314 0.314366 0.0222747 0.673548 -0.845779 -0.418261 -1.26955 -4.11374 -815.931 0 
3 821.641 0.318633 0.0222661 0.673047 -0.881491 -0.404692 -0.922086 -5.149 -815.57 0 
2 821.383 0.310939 0.0223367 0.68034 -0.916572 -0.32197 -0.718639 -4.88124 -815.783 0 
1 821.554 0.313141 0.0224099 0.67917 -0.911253 -0.326771 -0.929744 -4.97562 -815.648 0 
2 820.976 0.309033 0.0225191 0.681015 -0.889378 -0.343783 -1.12233 -4.29728 -815.556 0 
1 821.574 0.309573 0.0226219 0.678957 -0.866379 -0.330901 -1.67046 -4.2324 -815.671 0 
1 821.666 0.313604 0.0224884 0.672654 -0.830048 -0.392088 -0.924286 -4.23455 -816.507 0 
2 821.629 0.305983 0.02251 0.680183 -0.862875 -0.319362 -1.44976 -4.53783 -815.641 0 
1 822.521 0.299964 0.0226282 0.686301 -0.891478 -0.250421 -1.89684 -4.93667 -815.688 0 
1 820.78 0.308973 0.0224288 0.679283 -0.893709 -0.265359 -0.867861 -4.30232 -815.61 0 
1 822.439 0.314916 0.0221857 0.673639 -0.885506 -0.307356 -2.19157 -4.56758 -815.679 0 
3 822.472 0.306052 0.0225011 0.680041 -0.871677 -0.278893 -2.29867 -4.51922 -815.654 0 
8 821.424 0.308906 0.0224278 0.678192 -0.877133 -0.285268 -1.471 -4.29566 -815.657 0 
2 821.705 0.307384 0.0225791 0.678689 -0.873688 -0.249465 -1.47159 -4.47992 -815.753 0 
7 821.815 0.310249 0.0225173 0.678604 -0.878224 -0.301716 -1.92057 -4.25512 -815.64 0 
1 820.458 0.312765 0.022373 0.677326 -0.888645 -0.32825 -0.470693 -4.41861 -815.569 0 
3 820.91 0.302359 0.0224597 0.685307 -0.907688 -0.257872 -0.565518 -4.48731 -815.857 0 
7 822.162 0.301765 0.0224437 0.686583 -0.9385 -0.195789 -1.14841 -4.52922 -816.484 0 
5 821.633 0.304534 0.0224296 0.68662 -0.94378 -0.234437 -0.302659 -4.71862 -816.611 0 
1 821.34 0.303975 0.0224891 0.685526 -0.928926 -0.212791 -0.782258 -4.44138 -816.117 0 
1 821.986 0.318512 0.0222088 0.671977 -0.895585 -0.32171 -0.947177 -5.39221 -815.646 0 
2 824.363 0.32269 0.0221663 0.667729 -0.877291 -0.362229 -2.63465 -5.77569 -815.953 0 
2 824.388 0.321502 0.0223216 0.671593 -0.910145 -0.303357 -2.13074 -6.60014 -815.657 0 
2 821.11 0.312199 0.0225164 0.67746 -0.898639 -0.260284 -0.948071 -4.52693 -815.635 0 
9 821.912 0.309158 0.0225411 0.675952 -0.862927 -0.262523 -1.46071 -4.47872 -815.973 0 
4 821.228 0.314797 0.0225256 0.673503 -0.862235 -0.317918 -0.826086 -4.35707 -816.045 0 
1 821.097 0.317678 0.022428 0.672672 -0.879009 -0.319545 -0.433179 -4.82539 -815.838 0 
3 820.94 0.319445 0.0223128 0.670873 -0.869349 -0.359417 -0.118054 -4.86953 -815.952 0 
6 820.994 0.318276 0.0222088 0.67165 -0.863206 -0.419403 -0.620699 -4.61439 -815.759 0 
2 820.148 0.312984 0.0222967 0.675437 -0.860792 -0.400847 -0.335619 -4.16376 -815.648 0 
1 820.135 0.312736 0.022431 0.675592 -0.866377 -0.348634 -0.194982 -4.21344 -815.727 0 
1 820.829 0.305627 0.0224595 0.682452 -0.898009 -0.294288 -0.837834 -4.33063 -815.661 0 
1 822.074 0.315309 0.0222504 0.677233 -0.916334 -0.344118 -0.840306 -5.56822 -815.665 0 
2 822.306 0.303363 0.0224116 0.683291 -0.882506 -0.344916 -2.15902 -4.5424 -815.604 0 
3 822.162 0.30891 0.0222946 0.677177 -0.864673 -0.365002 -2.37139 -4.20695 -815.584 0 
2 820.13 0.310364 0.0224195 0.677355 -0.869593 -0.334837 -0.280189 -4.20415 -815.645 0 
1 823.368 0.319663 0.0221594 0.669626 -0.882102 -0.335684 -2.29547 -5.25879 -815.814 0 
3 826.853 0.327748 0.0221311 0.663477 -0.868567 -0.375158 -3.55553 -6.81052 -816.487 0 
1 823.696 0.325413 0.0221031 0.665609 -0.861542 -0.407258 -1.52457 -5.85949 -816.312 0 
2 823.422 0.322762 0.0221112 0.666108 -0.843706 -0.418736 -1.95429 -4.8498 -816.618 0 
1 826.891 0.324052 0.0219287 0.666812 -0.881608 -0.402188 -4.8154 -6.30358 -815.772 0 
3 827.269 0.320658 0.0218939 0.67171 -0.908225 -0.402615 -5.11751 -6.62129 -815.53 0 
1 826.122 0.314073 0.0221429 0.681104 -0.958818 -0.313093 -2.43581 -7.0254 -816.661 0 
1 826.839 0.321341 0.0220372 0.673907 -0.932584 -0.371945 -3.15638 -7.95446 -815.729 0 
1 825.601 0.312723 0.022217 0.682722 -0.956609 -0.333154 -1.98595 -6.80313 -816.811 0 
2 827.617 0.304853 0.0224503 0.690551 -0.982927 -0.249012 -2.94181 -6.13005 -818.545 0 
1 823.979 0.309411 0.0223877 0.684047 -0.949936 -0.279557 -1.76187 -5.6057 -816.611 0 
2 823.13 0.309619 0.0222858 0.684087 -0.945317 -0.31981 -0.861784 -5.64465 -816.624 0 
4 825.464 0.306089 0.0224578 0.688713 -0.957655 -0.300158 -2.47027 -5.5832 -817.411 0 
2 825.481 0.303502 0.0223604 0.690143 -0.969561 -0.281122 -1.48679 -5.74142 -818.253 0 
1 825.49 0.304386 0.0223093 0.689159 -0.964652 -0.30648 -1.59847 -5.83701 -818.054 0 
1 822.029 0.305316 0.0222137 0.685856 -0.925833 -0.3637 -0.521999 -4.95902 -816.548 0 
2 823.681 0.309546 0.0222123 0.682943 -0.922963 -0.35712 -2.59973 -4.99257 -816.089 0 
4 823.248 0.308803 0.0221439 0.679215 -0.887071 -0.359162 -3.41858 -4.2816 -815.548 0 
2 823.286 0.29973 0.0222625 0.688219 -0.914341 -0.312286 -2.06223 -4.83508 -816.389 0 
1 822.731 0.298163 0.022503 0.687813 -0.896875 -0.280173 -1.72442 -5.10995 -815.897 0 
2 823.694 0.298044 0.0226245 0.690187 -0.918036 -0.252975 -2.44276 -4.8819 -816.369 0 
1 822.055 0.300639 0.0225784 0.687349 -0.897983 -0.303896 -1.45578 -4.73901 -815.86 0 
4 820.878 0.301894 0.0224617 0.686933 -0.904477 -0.316466 -0.29727 -4.61011 -815.971 0 
1 820.869 0.309162 0.022327 0.681518 -0.905127 -0.336787 -0.690423 -4.48157 -815.697 0 
1 821.01 0.303161 0.0223562 0.685376 -0.90411 -0.318302 -0.602321 -4.51012 -815.897 0 
1 821.015 0.305786 0.0223189 0.68454 -0.927244 -0.283147 -0.211765 -4.60805 -816.195 0 
1 821.765 0.300493 0.0225129 0.687145 -0.918657 -0.213161 -1.11359 -4.58423 -816.067 0 
3 821.614 0.303803 0.0224153 0.684785 -0.909289 -0.268975 -1.35601 -4.41071 -815.848 0 
1 821.828 0.312743 0.0221769 0.676077 -0.886729 -0.34288 -1.8748 -4.40029 -815.553 0 
3 822.284 0.315113 0.0221655 0.672196 -0.862733 -0.375985 -2.20459 -4.28996 -815.79 0 
2 821.357 0.308565 0.0222837 0.682776 -0.934163 -0.278876 -0.252043 -4.92309 -816.182 0 
2 822.133 0.311578 0.022225 0.678667 -0.917556 -0.309312 -1.42938 -4.94971 -815.754 0 
2 823.253 0.312541 0.0222399 0.67645 -0.898848 -0.328879 -3.02816 -4.65481 -815.57 0 
1 823.514 0.30298 0.0224075 0.682717 -0.896317 -0.269011 -3.36716 -4.46317 -815.684 0 
6 823.694 0.297475 0.0225177 0.68718 -0.889716 -0.264652 -2.55569 -5.37673 -815.761 0 
3 823.547 0.300049 0.0224982 0.685019 -0.879511 -0.307563 -2.88884 -5.03836 -815.619 0 
1 820.731 0.30584 0.0224069 0.683408 -0.911559 -0.295524 -0.442782 -4.43035 -815.858 0 
5 820.475 0.308056 0.0223672 0.681932 -0.906457 -0.309572 -0.357828 -4.40484 -815.713 0 
1 820.373 0.310892 0.0223172 0.676539 -0.867895 -0.356551 -0.571275 -4.18038 -815.621 0 
2 820.634 0.309049 0.0222659 0.67893 -0.879461 -0.36265 -0.874657 -4.23465 -815.524 0 
1 821.072 0.314691 0.0223478 0.677365 -0.902526 -0.342224 -0.5491 -4.95632 -815.566 0 
3 821.744 0.313022 0.0223237 0.676686 -0.884531 -0.329473 -1.78116 -4.37286 -815.589 0 
1 823.278 0.317676 0.0222162 0.669691 -0.848957 -0.360407 -2.48348 -4.40412 -816.39 0 
6 823.234 0.321242 0.0221969 0.665968 -0.823896 -0.42579 -1.56676 -4.41529 -817.252 0 
3 822.276 0.320864 0.0223219 0.666391 -0.831367 -0.37598 -0.390946 -4.59443 -817.291 0 
1 821.643 0.317936 0.0224616 0.669585 -0.849727 -0.318157 -0.385992 -4.58324 -816.674 0 
1 822.068 0.317176 0.0224267 0.670959 -0.856263 -0.346036 -1.41001 -4.44574 -816.212 0 
2 820.901 0.315917 0.0224182 0.673064 -0.864043 -0.357218 -0.639084 -4.38055 -815.882 0 
2 821.573 0.321946 0.022257 0.668216 -0.855939 -0.39693 -0.30729 -4.99018 -816.276 0 
2 822.176 0.316732 0.0222484 0.670863 -0.862984 -0.32248 -1.55183 -4.4989 -816.126 0 
4 823.667 0.325299 0.0221643 0.665873 -0.881286 -0.323464 -0.940042 -6.49963 -816.227 0 
3 822.473 0.317695 0.0222445 0.6699 -0.852591 -0.350253 -1.68399 -4.45151 -816.338 0 
1 821.019 0.313237 0.022335 0.674145 -0.884561 -0.274118 -0.824421 -4.45955 -815.735 0 
1 821.921 0.314461 0.0224368 0.671514 -0.874561 -0.223341 -1.00601 -4.70372 -816.211 0 
3 822.408 0.310178 0.0224699 0.681138 -0.94964 -0.144413 -1.12887 -5.1899 -816.089 0 
5 824.426 0.319496 0.022262 0.674045 -0.948654 -0.192862 -1.19118 -7.39309 -815.842 0 
2 823.445 0.315344 0.0223333 0.677269 -0.959279 -0.152753 -0.740218 -6.63163 -816.073 0 
2 823.961 0.313508 0.0223905 0.678934 -0.96744 -0.126641 -1.2124 -6.46782 -816.281 0 
5 824.376 0.312398 0.0223045 0.675747 -0.923772 -0.19149 -3.60011 -5.04215 -815.734 0 
4 824.575 0.31438 0.0222945 0.67265 -0.898976 -0.225835 -3.97191 -4.84813 -815.755 0 
1 823.649 0.308651 0.0224092 0.675467 -0.878391 -0.224051 -3.39608 -4.43415 -815.819 0 
3 823.528 0.306972 0.0225197 0.677153 -0.883786 -0.193544 -3.21024 -4.53126 -815.787 0 
3 824.073 0.309114 0.0224396 0.673979 -0.861287 -0.236119 -3.30825 -4.62232 -816.142 0 
1 824.414 0.317599 0.0222861 0.67013 -0.891162 -0.243831 -3.30147 -5.18488 -815.928 0 
2 823.982 0.306621 0.0224311 0.676383 -0.863418 -0.249793 -3.4348 -4.65723 -815.89 0 
2 821.306 0.313998 0.0223644 0.672627 -0.878398 -0.238745 -0.69703 -4.59784 -816.011 0 
1 821.59 0.315382 0.0223566 0.673198 -0.89367 -0.227373 -0.872184 -4.86747 -815.85 0 
2 821.617 0.316145 0.0222706 0.6727 -0.908251 -0.22146 -0.615618 -5.26579 -815.736 0 
1 821.52 0.308782 0.022428 0.678429 -0.889357 -0.244362 -1.52582 -4.341 -815.653 0 
3 820.957 0.305613 0.0224381 0.681791 -0.897507 -0.254396 -0.978058 -4.34129 -815.637 0 
6 821.233 0.308659 0.0223661 0.677093 -0.877021 -0.27243 -1.23198 -4.31568 -815.685 0 
3 821.621 0.320182 0.0222914 0.669701 -0.884418 -0.281597 -0.190142 -5.39862 -816.032 0 
1 821.804 0.310389 0.0225141 0.675542 -0.858441 -0.28394 -1.31732 -4.44297 -816.044 0 
1 821.485 0.318396 0.0223572 0.671381 -0.873805 -0.339695 -0.758379 -4.83744 -815.889 0 
1 821.782 0.320914 0.0223771 0.67076 -0.868268 -0.374723 -0.714768 -5.07572 -815.991 0 
1 821.469 0.318512 0.0223818 0.672061 -0.861779 -0.3769 -0.903697 -4.57622 -815.989 0 
1 822.6 0.306787 0.0225382 0.679695 -0.845714 -0.371911 -2.21192 -4.63471 -815.754 0 
1 823.103 0.304036 0.022517 0.682186 -0.856665 -0.352193 -2.66525 -4.85518 -815.582 0 
6 821.415 0.308226 0.0223909 0.678262 -0.839679 -0.42629 -1.25855 -4.43075 -815.726 0 
4 820.593 0.304845 0.0223914 0.682408 -0.876973 -0.362177 -0.600832 -4.44633 -815.546 0 
6 820.327 0.306423 0.0224247 0.683279 -0.899738 -0.341172 -0.204772 -4.40074 -815.722 0 
1 820.91 0.301646 0.0224379 0.686718 -0.886296 -0.38185 -0.311851 -4.81262 -815.786 0 
2 822.824 0.305424 0.0223167 0.685296 -0.881477 -0.457694 -2.48594 -4.62958 -815.708 0 
1 821.21 0.305957 0.0222507 0.684148 -0.89502 -0.412923 -0.805473 -4.58136 -815.823 0 
3 821.795 0.308057 0.0222404 0.679993 -0.861002 -0.476476 -1.94674 -4.38962 -815.458 0 
4 820.03 0.308491 0.0223294 0.680547 -0.859506 -0.47706 -0.226857 -4.34891 -815.454 0 
5 819.976 0.311563 0.0223412 0.679263 -0.870719 -0.463929 -0.142927 -4.37671 -815.456 0 
2 821.568 0.304836 0.0225033 0.684683 -0.875042 -0.433388 -1.39778 -4.58115 -815.589 0 
2 822.412 0.307144 0.0225424 0.68237 -0.869994 -0.423981 -2.55902 -4.35811 -815.495 0 
1 822.578 0.300522 0.0224825 0.686801 -0.856185 -0.47217 -1.53913 -5.46928 -815.569 0 
2 820.338 0.308383 0.0224408 0.681161 -0.839915 -0.524809 -0.432407 -4.42956 -815.476 0 
2 820.351 0.309925 0.0223641 0.680363 -0.845135 -0.535451 -0.578239 -4.32773 -815.445 0 
2 819.78 0.313292 0.0223222 0.677092 -0.852768 -0.497337 -0.0570919 -4.22151 -815.502 0 
4 820.926 0.315856 0.0223221 0.676783 -0.874618 -0.474594 -0.700466 -4.77715 -815.448 0 
1 821.183 0.317023 0.0223817 0.674995 -0.867247 -0.454284 -0.996045 -4.64212 -815.545 0 
3 821.318 0.319184 0.0224221 0.671233 -0.826111 -0.515327 -0.873568 -4.14656 -816.298 0 
3 821.564 0.322118 0.0223797 0.668143 -0.812526 -0.518796 -0.270528 -4.20376 -817.089 0 
3 822.043 0.324884 0.0223217 0.666751 -0.816538 -0.546703 -0.480078 -4.59027 -816.972 0 
1 822.118 0.320971 0.0222476 0.671684 -0.834204 -0.57255 -1.71892 -4.52386 -815.875 0 
1 823.228 0.313853 0.0223311 0.678651 -0.848635 -0.557103 -3.47757 -4.31417 -815.436 0 
1 824.065 0.316471 0.0223392 0.678863 -0.883032 -0.52199 -3.26215 -5.34691 -815.456 0 
3 825.449 0.317946 0.0221728 0.676802 -0.880227 -0.528234 -4.59466 -5.43379 -815.42 0 
1 824.196 0.322631 0.0220547 0.67035 -0.848489 -0.56904 -3.32283 -5.20674 -815.666 0 
9 821.318 0.309698 0.022284 0.679956 -0.866436 -0.44691 -1.59367 -4.25668 -815.467 0 
3 820.825 0.306619 0.022276 0.681113 -0.867169 -0.425416 -0.943182 -4.39082 -815.491 0 
3 820.775 0.311348 0.0223792 0.678895 -0.873529 -0.399243 -1.03959 -4.22919 -815.507 0 
1 819.971 0.307331 0.0224286 0.681186 -0.862465 -0.422945 -0.150511 -4.33306 -815.487 0 
7 820.332 0.308072 0.0223032 0.67995 -0.869622 -0.403134 -0.568961 -4.26667 -815.496 0 
3 820.259 0.308234 0.0224314 0.681497 -0.888511 -0.349319 -0.412615 -4.28428 -815.562 0 
1 820.016 0.312006 0.0223815 0.676833 -0.882061 -0.330234 -0.125177 -4.30575 -815.585 0 
1 820.318 0.316422 0.0223599 0.673573 -0.870944 -0.369368 -0.0780265 -4.50982 -815.73 0 
2 820.534 0.312441 0.0224804 0.676824 -0.864761 -0.364157 -0.661762 -4.18394 -815.688 0 
6 821.565 0.318785 0.0223366 0.671248 -0.868157 -0.373247 -0.909644 -4.77668 -815.878 0 
4 822.576 0.310257 0.0226399 0.6759 -0.844347 -0.330268 -1.9832 -4.42537 -816.167 0 
3 823.311 0.310642 0.0226557 0.674899 -0.831627 -0.338136 -2.09196 -4.6476 -816.571 0 
3 823.002 0.315027 0.0225588 0.671074 -0.830894 -0.331226 -1.38462 -4.54761 -817.069 0 
9 823.217 0.321454 0.0225417 0.667412 -0.840253 -0.337998 -1.07614 -4.86978 -817.271 0 
2 824.21 0.312771 0.0225299 0.671213 -0.810392 -0.37118 -1.91044 -4.83372 -817.466 0 
1 824.765 0.318711 0.0224986 0.666733 -0.821457 -0.347765 -2.34396 -4.61086 -817.811 0 
4 823.301 0.312865 0.0225667 0.67159 -0.830857 -0.310498 -1.58828 -4.68987 -817.023 0 
9 823.915 0.319307 0.0225576 0.666759 -0.84326 -0.254721 -1.12507 -5.14608 -817.644 0 
3 822.644 0.320622 0.0223267 0.667167 -0.840318 -0.348292 -0.837681 -4.71637 -817.09 0 
1 822.979 0.309834 0.0225651 0.676853 -0.869482 -0.251621 -2.58507 -4.47573 -815.919 0 
1 821.415 0.309095 0.0225997 0.67855 -0.885221 -0.239293 -1.3484 -4.36407 -815.703 0 
3 822.717 0.307469 0.0224258 0.676558 -0.856376 -0.298339 -2.32012 -4.52922 -815.868 0 
3 821.706 0.313251 0.0223751 0.672248 -0.850147 -0.319488 -1.10724 -4.33121 -816.267 0 
6 821.231 0.31674 0.0222919 0.671162 -0.867717 -0.326738 -0.703079 -4.54117 -815.987 0 
2 821.612 0.315943 0.0222761 0.674151 -0.908859 -0.268685 -0.727534 -5.24503 -815.639 0 
7 824.813 0.312427 0.022448 0.679281 -0.924769 -0.275308 -3.83592 -5.19264 -815.785 0 
5 823.073 0.313408 0.0223343 0.676669 -0.911855 -0.282668 -2.46037 -4.97735 -815.636 0 
1 823.155 0.315534 0.0222777 0.677295 -0.936537 -0.270442 -1.1762 -6.12692 -815.852 0 
4 823.847 0.314935 0.0223513 0.677654 -0.956447 -0.171169 -1.28948 -6.48907 -816.068 0 
1 824.58 0.314292 0.022434 0.678021 -0.959224 -0.138328 -2.10283 -6.38593 -816.091 0 
2 825.264 0.312275 0.0225038 0.67829 -0.9325 -0.191579 -4.23142 -5.22331 -815.809 0 
5 824.231 0.304831 0.0225296 0.683114 -0.929838 -0.176859 -3.78123 -4.45216 -815.997 0 
2 823.426 0.304321 0.0224795 0.68301 -0.927097 -0.18115 -3.02947 -4.42214 -815.975 0 
2 822.596 0.304613 0.0226469 0.682619 -0.917063 -0.15606 -2.38389 -4.42984 -815.783 0 
7 822.603 0.305372 0.0226591 0.681518 -0.900788 -0.194063 -2.51716 -4.41275 -815.673 0 
4 821.176 0.311854 0.022546 0.676327 -0.884838 -0.242154 -0.947745 -4.44258 -815.785 0 
3 821.004 0.307811 0.0224726 0.678774 -0.888461 -0.25235 -1.06958 -4.30559 -815.629 0 
2 820.913 0.309197 0.0224964 0.67698 -0.866452 -0.289319 -0.778141 -4.34034 -815.794 0 
1 822.947 0.314309 0.0223665 0.670301 -0.832608 -0.339776 -1.64603 -4.44818 -816.853 0 
1 823.141 0.323586 0.0222174 0.666403 -0.873608 -0.322544 -0.972541 -5.84787 -816.32 0 
1 823.301 0.322565 0.0222995 0.670259 -0.894528 -0.315464 -1.29936 -6.17984 -815.822 0 
3 821.769 0.316381 0.0222737 0.673485 -0.889881 -0.296694 -1.23749 -4.82373 -815.708 0 
3 820.529 0.31463 0.0223234 0.673952 -0.88702 -0.280188 -0.199597 -4.59621 -815.733 0 
4 821.428 0.320479 0.0223399 0.669954 -0.871682 -0.331573 -0.221065 -5.10765 -816.099 0 
4 820.198 0.311404 0.0224283 0.678324 -0.893018 -0.303654 -0.23899 -4.379 -815.58 0 
7 821.629 0.319554 0.0222838 0.672588 -0.890789 -0.357697 -0.535013 -5.46822 -815.626 0 
2 821.352 0.314547 0.0222516 0.676806 -0.904135 -0.330982 -0.839182 -4.93589 -815.577 0 
1 820.862 0.317085 0.0223068 0.67362 -0.895115 -0.307326 -0.138598 -5.07452 -815.649 0 
1 820.925 0.302591 0.0225198 0.685164 -0.899454 -0.276754 -0.672047 -4.50657 -815.746 0 
4 822.476 0.30393 0.0226606 0.685503 -0.905732 -0.263411 -2.31061 -4.39326 -815.772 0 
2 822.603 0.314868 0.0225606 0.676312 -0.887295 -0.319029 -2.35527 -4.61689 -815.631 0 
2 824.116 0.317065 0.0226369 0.673827 -0.881363 -0.282392 -3.36926 -4.82805 -815.919 0 
1 823.886 0.323186 0.0224536 0.667437 -0.861712 -0.335102 -1.84073 -5.456 -816.59 0 
1 823.508 0.313923 0.0226696 0.674278 -0.871777 -0.235465 -2.69923 -4.6271 -816.181 0 
2 824.456 0.315645 0.0226356 0.671218 -0.847293 -0.264594 -2.71237 -4.77948 -816.964 0 
2 822.948 0.317405 0.0225443 0.671535 -0.863991 -0.277337 -1.79697 -4.73937 -816.412 0 
5 823.067 0.321258 0.0225006 0.669556 -0.869589 -0.313732 -1.49093 -5.2623 -816.313 0 
5 821.649 0.320168 0.0222919 0.668385 -0.861196 -0.332303 -0.38209 -4.89601 -816.371 0 
4 821.204 0.311018 0.0223869 0.675442 -0.854305 -0.343648 -1.06157 -4.24976 -815.893 0 
4 820.618 0.313071 0.0222981 0.674323 -0.84741 -0.412667 -0.66031 -4.11003 -815.848 0 
2 820.889 0.313431 0.0222659 0.675262 -0.849412 -0.446652 -1.08986 -4.10604 -815.693 0 
4 822.099 0.314372 0.0221635 0.672966 -0.844881 -0.441852 -2.15872 -4.09502 -815.845 0 
3 823.961 0.319723 0.0221058 0.66732 -0.818285 -0.493148 -3.05318 -4.11269 -816.795 0 
5 823.21 0.312703 0.0222156 0.672657 -0.822963 -0.459663 -2.79605 -4.16526 -816.249 0 
1 825.468 0.317534 0.022115 0.668378 -0.82858 -0.451094 -4.86236 -4.11355 -816.492 0 
1 822.323 0.321463 0.0221812 0.667019 -0.822637 -0.481543 -1.15494 -4.29678 -816.871 0 
3 823.844 0.3273 0.0222227 0.66217 -0.815295 -0.472198 -0.799834 -5.04488 -817.999 0 
4 824.464 0.329708 0.0221836 0.663155 -0.844711 -0.462427 -1.12642 -6.4035 -816.934 0 
1 823.743 0.325598 0.0223345 0.666433 -0.862289 -0.385426 -1.34918 -5.95196 -816.442 0 
1 822.397 0.32309 0.0224155 0.668587 -0.850509 -0.412783 -0.899734 -5.05265 -816.444 0 
2 821.436 0.313902 0.0224826 0.67391 -0.849706 -0.348126 -1.01802 -4.25788 -816.16 0 
7 820.543 0.309923 0.022487 0.677664 -0.874834 -0.309606 -0.669194 -4.22984 -815.644 0 
1 821.26 0.314314 0.0223782 0.673243 -0.857008 -0.365317 -1.13409 -4.21422 -815.912 0 
1 821.293 0.313441 0.02238 0.67368 -0.856779 -0.359308 -1.20513 -4.19076 -815.897 0 
2 821.552 0.321653 0.0223102 0.6692 -0.849493 -0.442562 -0.564879 -4.80741 -816.18 0 
4 820.78 0.315206 0.0224073 0.676231 -0.873264 -0.402905 -0.77313 -4.44268 -815.564 0 
2 820.272 0.312558 0.0224503 0.675909 -0.834036 -0.462985 -0.266251 -4.10002 -815.905 0 
1 821.05 0.313951 0.0225158 0.674309 -0.822582 -0.477785 -0.734833 -4.07026 -816.245 0 
1 820.449 0.314986 0.0223114 0.673225 -0.827986 -0.500925 -0.3993 -4.02619 -816.024 0 
1 820.561 0.313583 0.0221961 0.67607 -0.858523 -0.479056 -0.801766 -4.26497 -815.494 0 
6 822.098 0.316235 0.0221173 0.672823 -0.821365 -0.585843 -2.17098 -4.06423 -815.863 0 
7 822.166 0.310699 0.0221772 0.677703 -0.832792 -0.554915 -2.35947 -4.27534 -815.531 0 
3 821.774 0.309768 0.0222365 0.678446 -0.834245 -0.533473 -1.91439 -4.31798 -815.541 0 
1 821.555 0.314319 0.0221383 0.674792 -0.836252 -0.565204 -1.78364 -4.21058 -815.561 0 
1 823.008 0.310596 0.0222544 0.680468 -0.885321 -0.478919 -2.61559 -4.79671 -815.596 0 
1 822.974 0.302822 0.0223417 0.687294 -0.908127 -0.402203 -1.69901 -4.91956 -816.356 0 
1 822.66 0.305421 0.0222147 0.686594 -0.910223 -0.441421 -1.24499 -5.02473 -816.391 0 
5 821.359 0.304705 0.0223852 0.685104 -0.863946 -0.487462 -1.06963 -4.74284 -815.546 0 
1 820.515 0.309582 0.0223584 0.680624 -0.8538 -0.532938 -0.654925 -4.43245 -815.427 0 
9 822.03 0.308698 0.0222902 0.677706 -0.809409 -0.58291 -1.58158 -4.66931 -815.779 0 
3 822.417 0.312243 0.0223301 0.673735 -0.795225 -0.575108 -1.60045 -4.34407 -816.473 0 
3 821.999 0.311544 0.0224859 0.674555 -0.794331 -0.538485 -0.749876 -4.5464 -816.703 0 
7 820.77 0.32032 0.022239 0.671062 -0.820676 -0.60117 -0.449412 -4.2608 -816.059 0 
5 820.676 0.319322 0.0222346 0.671788 -0.807047 -0.655935 -0.460537 -4.10527 -816.11 0 
2 820.53 0.318443 0.0222256 0.672178 -0.81374 -0.627338 -0.419749 -4.10946 -816.001 0 
3 820.638 0.315963 0.0222021 0.674038 -0.80719 -0.664243 -0.651866 -4.12875 -815.857 0 
13 819.999 0.311145 0.0223727 0.678177 -0.818166 -0.604129 -0.0406811 -4.32882 -815.63 0 
2 821.872 0.311896 0.0222552 0.675667 -0.801037 -0.612537 -1.49892 -4.33843 -816.034 0 
1 821.738 0.318008 0.022221 0.672046 -0.798428 -0.653081 -1.45316 -3.9669 -816.318 0 
1 820.919 0.312991 0.0222907 0.675643 -0.794998 -0.658059 -0.580307 -4.28695 -816.052 0 
7 821.211 0.318261 0.0223279 0.673055 -0.831167 -0.575499 -1.13372 -4.29361 -815.784 0 
3 821.259 0.309665 0.0223101 0.678174 -0.830459 -0.547942 -1.35805 -4.34966 -815.552 0 
2 821.688 0.306432 0.0223593 0.680231 -0.827865 -0.53004 -1.36956 -4.77176 -815.547 0 
3 821.761 0.307075 0.0224369 0.679375 -0.81304 -0.549146 -1.11476 -4.88977 -815.757 0 
1 823.672 0.316887 0.0222396 0.67669 -0.845195 -0.609906 -3.65573 -4.59639 -815.42 0 
4 822.646 0.322386 0.0220996 0.670169 -0.838362 -0.610684 -1.85687 -5.09495 -815.694 0 
2 822.699 0.313821 0.0220512 0.675955 -0.830403 -0.646507 -2.80697 -4.45733 -815.435 0 
2 823.292 0.317164 0.0220103 0.67286 -0.82658 -0.640677 -3.32538 -4.37947 -815.587 0 
1 825.785 0.323814 0.0219275 0.667179 -0.815963 -0.671844 -4.89875 -4.82304 -816.063 0 
1 825.69 0.322607 0.0221087 0.673114 -0.883806 -0.56628 -3.26124 -7.04204 -815.387 0 
2 821.57 0.317171 0.0222436 0.676601 -0.857852 -0.594381 -1.17813 -5.01451 -815.378 0 
3 821.122 0.315754 0.022238 0.676843 -0.860787 -0.563206 -0.902758 -4.82489 -815.394 0 
2 821.547 0.314734 0.0221935 0.677992 -0.878308 -0.504615 -1.19929 -4.89927 -815.449 0 
3 821.863 0.300585 0.0224008 0.688888 -0.902554 -0.391626 -0.550604 -4.99959 -816.313 0 
1 821.062 0.304083 0.0222843 0.685796 -0.887777 -0.457851 -0.319627 -4.82913 -815.913 0 
2 822.805 0.30364 0.0225227 0.688708 -0.898065 -0.428141 -1.89522 -4.81134 -816.098 0 
4 821.03 0.306176 0.0223181 0.68546 -0.891718 -0.465912 -0.348203 -4.78006 -815.902 0 
3 822.272 0.301306 0.0223118 0.688917 -0.89965 -0.452018 -0.600799 -5.21026 -816.461 0 
1 821.354 0.307658 0.0222559 0.684514 -0.89607 -0.486733 -0.362667 -5.00463 -815.986 0 
2 822.169 0.304192 0.0222822 0.687497 -0.89969 -0.490081 -0.550341 -5.2234 -816.395 0 
1 822.297 0.309118 0.0222282 0.681238 -0.868827 -0.534961 -2.05671 -4.71103 -815.529 0 
4 821.861 0.318102 0.022108 0.673085 -0.834631 -0.62202 -1.75822 -4.55699 -815.546 0 
1 821.406 0.320486 0.0221494 0.671509 -0.830824 -0.61389 -1.07766 -4.58132 -815.747 0 
3 821.002 0.306292 0.0224783 0.681151 -0.821368 -0.541126 -0.486325 -4.91209 -815.604 0 
1 820.876 0.31363 0.0223415 0.677011 -0.82385 -0.59255 -1.07486 -4.14348 -815.658 0 
3 820.864 0.308603 0.022448 0.680577 -0.821768 -0.573095 -0.711905 -4.57244 -815.579 0 
1 821.117 0.315491 0.022297 0.675052 -0.809953 -0.634411 -1.15016 -4.07393 -815.893 0 
1 821.691 0.309687 0.0224812 0.681785 -0.824865 -0.625902 -1.68689 -4.54755 -815.456 0 
6 821.203 0.31974 0.0223283 0.673202 -0.82138 -0.639913 -1.02397 -4.36239 -815.816 0 
1 820.253 0.316016 0.0223655 0.675301 -0.815767 -0.636945 -0.340985 -4.14432 -815.767 0 
3 820.437 0.312774 0.0223263 0.675975 -0.795578 -0.661004 -0.121036 -4.30961 -816.007 0 
3 821.363 0.317306 0.0222221 0.674879 -0.830889 -0.62287 -1.43318 -4.35428 -815.575 0 
1 821.124 0.318754 0.0222014 0.673782 -0.828754 -0.659681 -0.950128 -4.62386 -815.55 0 
7 820.355 0.315052 0.0222473 0.675298 -0.799553 -0.708421 -0.296376 -4.24638 -815.813 0 
2 821.832 0.316806 0.0222763 0.672569 -0.774835 -0.717659 -1.06215 -4.056 -816.713 0 
2 821.562 0.323501 0.022243 0.668025 -0.782135 -0.721915 -0.507941 -4.05415 -817 0 
7 823.428 0.326137 0.0223323 0.66484 -0.764321 -0.719275 -1.17947 -3.94221 -818.306 0 
5 823.106 0.327713 0.0222851 0.664158 -0.758725 -0.759602 -0.647058 -4.01166 -818.447 0 
4 821.292 0.320696 0.0223659 0.670278 -0.781523 -0.689657 -0.412162 -3.88285 -816.997 0 
3 822.458 0.322945 0.0222104 0.667887 -0.784554 -0.680177 -1.34211 -3.95144 -817.165 0 
2 822.699 0.322038 0.0222085 0.667108 -0.766416 -0.700981 -1.05548 -3.81 -817.834 0 
2 824.658 0.327752 0.02221 0.66128 -0.737305 -0.741836 -0.655839 -3.79864 -820.203 0 
1 824.542 0.322799 0.0222574 0.666436 -0.753936 -0.714266 -2.17792 -3.80053 -818.563 0 
2 824.529 0.32609 0.022284 0.664633 -0.744104 -0.763462 -1.62989 -3.74864 -819.15 0 
1 825.552 0.329854 0.0221965 0.663357 -0.750556 -0.81567 -2.76613 -4.11561 -818.67 0 
4 822.439 0.3233 0.0222741 0.668482 -0.771436 -0.746901 -1.23855 -3.90707 -817.293 0 
3 822.423 0.319198 0.0225175 0.672828 -0.807797 -0.609337 -2.06736 -4.00637 -816.349 0 
2 822.893 0.316252 0.0225751 0.672834 -0.802172 -0.551824 -2.20659 -3.98215 -816.704 0 
1 824.503 0.312452 0.0225836 0.674403 -0.76334 -0.627732 -1.95098 -4.98615 -817.566 0 
1 824.125 0.324646 0.022395 0.666828 -0.769791 -0.678527 -2.05231 -3.8782 -818.194 0 
4 823.652 0.327 0.0223294 0.664642 -0.761551 -0.713734 -1.05318 -3.93546 -818.664 0 
6 823.858 0.329771 0.0223009 0.662117 -0.772969 -0.663815 -0.554354 -4.42461 -818.879 0 
1 823.994 0.319551 0.0225459 0.667285 -0.778357 -0.52377 -1.15056 -4.2056 -818.638 0 
1 826.629 0.312782 0.0226009 0.670027 -0.779972 -0.441522 -2.80332 -5.29681 -818.529 0 
5 826.32 0.310917 0.0226418 0.672107 -0.785182 -0.43311 -2.79199 -5.48308 -818.045 0 
1 821.533 0.315338 0.0223535 0.671478 -0.812253 -0.479089 -0.690073 -4.10657 -816.737 0 
1 822.221 0.316768 0.0224347 0.669512 -0.804735 -0.453597 -0.527783 -4.24271 -817.45 0 
2 821.662 0.317652 0.0223684 0.669337 -0.814701 -0.448163 -0.401951 -4.15578 -817.104 0 
1 820.998 0.318509 0.0222652 0.671926 -0.865869 -0.394894 -0.527414 -4.65325 -815.818 0 
1 822.201 0.317689 0.022219 0.672768 -0.870367 -0.390631 -1.86408 -4.61963 -815.717 0 
2 821.142 0.317495 0.0222742 0.672977 -0.900016 -0.287895 -0.202584 -5.27094 -815.668 0 
1 821.597 0.320307 0.0223598 0.670192 -0.880698 -0.297203 -0.236282 -5.3144 -816.047 0 
1 822.316 0.322807 0.0222282 0.666492 -0.859094 -0.347672 -0.478852 -5.27596 -816.561 0 
1 821.985 0.32238 0.0223599 0.667827 -0.866957 -0.317646 -0.116271 -5.40854 -816.46 0 
1 822.227 0.320998 0.0223804 0.670367 -0.89208 -0.274927 -0.509059 -5.76577 -815.952 0 
1 822.384 0.315587 0.0225873 0.671595 -0.864678 -0.243018 -1.18671 -4.73092 -816.467 0 
1 821.385 0.317357 0.0224741 0.671559 -0.869843 -0.296751 -0.559258 -4.69987 -816.126 0 
2 820.642 0.316966 0.0223827 0.673199 -0.88046 -0.321326 -0.125431 -4.74091 -815.775 0 
1 822.37 0.319168 0.0223879 0.671529 -0.883346 -0.287967 -1.25003 -5.15278 -815.967 0 
9 820.871 0.31107 0.0224855 0.67598 -0.894477 -0.195569 -0.528321 -4.55487 -815.788 0 
8 820.463 0.310849 0.022463 0.677139 -0.898341 -0.22106 -0.30502 -4.47136 -815.687 0 
5 820.604 0.31123 0.0223115 0.677255 -0.902317 -0.25562 -0.494933 -4.48096 -815.628 0 
1 822.111 0.309859 0.0223384 0.682294 -0.946745 -0.227788 -0.606594 -5.23991 -816.264 0 
2 821.283 0.309685 0.0222643 0.68075 -0.931823 -0.244315 -0.463398 -4.85667 -815.963 0 
3 820.801 0.308404 0.022264 0.680849 -0.918996 -0.271687 -0.41117 -4.55592 -815.833 0 
1 820.741 0.308322 0.0223246 0.679555 -0.896503 -0.28019 -0.844227 -4.29292 -815.604 0 
2 822.502 0.312494 0.022134 0.675191 -0.870648 -0.381775 -2.70669 -4.22269 -815.573 0 
2 820.75 0.311575 0.0223364 0.675074 -0.860624 -0.347305 -0.780689 -4.18931 -815.78 0 
6 820.564 0.308426 0.0223513 0.678918 -0.883129 -0.305783 -0.74129 -4.24775 -815.575 0 
1 820.899 0.313361 0.0223647 0.673604 -0.856333 -0.354711 -0.778209 -4.19771 -815.923 0 
2 821.067 0.310494 0.0222146 0.678927 -0.887556 -0.377796 -1.18201 -4.35306 -815.532 0 
1 820.541 0.310531 0.0223598 0.679279 -0.899614 -0.327781 -0.470883 -4.47361 -815.597 0 
2 821.684 0.313674 0.0223132 0.675416 -0.877895 -0.373106 -1.71811 -4.40702 -815.559 0 
1 820.702 0.311314 0.0222864 0.675929 -0.858676 -0.394628 -0.918245 -4.14313 -815.641 0 
2 822.395 0.319213 0.0221124 0.671655 -0.883866 -0.39559 -1.52318 -5.28712 -815.585 0 
1 822.05 0.317404 0.0221171 0.672215 -0.872312 -0.411644 -1.72758 -4.7096 -815.612 0 
3 822.117 0.310233 0.0222082 0.676257 -0.872904 -0.349413 -2.34476 -4.19592 -815.577 0 
9 821.044 0.313676 0.0222119 0.675095 -0.891796 -0.311527 -0.896914 -4.55257 -815.595 0 
9 820.41 0.308821 0.0224061 0.67894 -0.912829 -0.199795 -0.243838 -4.46758 -815.699 0 
4 821.102 0.310439 0.0222548 0.678228 -0.90286 -0.280774 -1.05739 -4.42909 -815.616 0 
1 820.642 0.308933 0.0223179 0.679866 -0.892075 -0.322939 -0.78579 -4.2843 -815.572 0 
3 820.337 0.310866 0.0223007 0.67781 -0.883256 -0.34091 -0.523065 -4.2649 -815.549 0 
3 820.794 0.303562 0.02247 0.683704 -0.898209 -0.26522 -0.670011 -4.43703 -815.687 0 
1 822.604 0.318915 0.0222994 0.673837 -0.909127 -0.301794 -1.1691 -5.81384 -815.621 0 
5 821.309 0.315249 0.0224716 0.674208 -0.881485 -0.277331 -0.856311 -4.60327 -815.849 0 
4 822.372 0.317283 0.0225482 0.669854 -0.852394 -0.274324 -0.780911 -4.75256 -816.838 0 
3 822.787 0.31309 0.0224341 0.672201 -0.856049 -0.260738 -1.75976 -4.59292 -816.435 0 
1 821.242 0.31399 0.0223254 0.673739 -0.881492 -0.269062 -0.912906 -4.50447 -815.825 0 
1 820.728 0.31343 0.0222955 0.674597 -0.895717 -0.251991 -0.423594 -4.61542 -815.689 0 
1 821.803 0.306108 0.022332 0.680765 -0.917223 -0.185293 -1.63077 -4.40184 -815.77 0 
1 820.827 0.30613 0.0224498 0.681529 -0.911399 -0.205518 -0.735493 -4.36832 -815.723 0 
1 820.515 0.311612 0.0224059 0.677798 -0.91634 -0.217218 -0.0825092 -4.74129 -815.691 0 
1 821.701 0.312224 0.0224353 0.678343 -0.937045 -0.171428 -0.584783 -5.26556 -815.85 0 
1 823.068 0.305536 0.0225985 0.681259 -0.930791 -0.101658 -2.62583 -4.55966 -815.882 0 
5 824.612 0.308537 0.0226607 0.680533 -0.93633 -0.11293 -3.92122 -4.80257 -815.889 0 
2 822.627 0.309739 0.0225393 0.679167 -0.950837 -0.0662879 -1.36341 -5.24922 -816.014 0 
1 823.591 0.309014 0.0224563 0.678129 -0.946965 -0.0614135 -2.50199 -5.11196 -815.977 0 
2 824.516 0.304117 0.0224678 0.678862 -0.92991 -0.0279507 -3.81192 -4.8108 -815.893 0 
3 824.413 0.304486 0.0225593 0.679454 -0.934148 -0.0219691 -3.68177 -4.81278 -815.919 0 
5 823.469 0.311377 0.0223325 0.673494 -0.927018 -0.0395695 -2.1183 -5.39702 -815.954 0 
6 823.522 0.311449 0.0222506 0.67457 -0.944298 -0.0473526 -2.09894 -5.49683 -815.926 0 
3 823.013 0.310679 0.0222891 0.67521 -0.943619 -0.0329182 -1.66761 -5.40946 -815.936 0 
4 822.773 0.311812 0.0223976 0.675306 -0.956393 0.0168999 -0.728895 -6.00398 -816.04 0 
5 823.088 0.313836 0.0223327 0.674637 -0.971421 0.0236673 -0.135688 -6.8035 -816.149 0 
1 823.649 0.315306 0.0223718 0.671603 -0.957122 0.0489732 -0.455402 -7.07117 -816.123 0 
1 823.783 0.306404 0.0224872 0.679173 -0.969126 0.0834105 -1.98958 -5.5395 -816.254 0 
10 824.164 0.30163 0.0226698 0.682539 -0.956435 0.0665988 -2.92693 -5.03288 -816.204 0 
1 823.961 0.304855 0.0225938 0.678974 -0.950334 0.0581601 -2.6701 -5.22561 -816.065 0 
5 823.69 0.307452 0.022437 0.676404 -0.948208 0.0415006 -2.26333 -5.39909 -816.027 0 
3 824.305 0.306576 0.0225178 0.679339 -0.965023 0.0354748 -2.78431 -5.29203 -816.229 0 
2 825.231 0.299405 0.0226784 0.686604 -0.988314 0.0975688 -3.2039 -4.90232 -817.125 0 
1 824.338 0.298458 0.0224828 0.686232 -0.979416 0.0724495 -2.55135 -4.80173 -816.985 0 
2 824.436 0.304926 0.0224626 0.685304 -1.01991 0.0855028 -0.324719 -6.09799 -818.014 0 
1 824.588 0.297241 0.0225028 0.689253 -1.01337 0.125643 -1.27389 -4.94507 -818.369 0 
7 823.082 0.302438 0.0224506 0.683442 -0.980534 0.0537757 -1.31977 -4.97058 -816.792 0 
2 823.32 0.303668 0.022427 0.685521 -1.00448 0.0425397 -0.172826 -5.46214 -817.685 0 
8 825.889 0.299957 0.0226045 0.690155 -1.01491 0.0556856 -2.06648 -5.20245 -818.62 0 
1 825.447 0.299934 0.0226381 0.690654 -1.00107 0.0179405 -2.3744 -4.93552 -818.137 0 
1 826.17 0.301574 0.0225692 0.688843 -0.977087 -0.0479316 -4.23586 -4.71808 -817.216 0 
4 825.093 0.300731 0.0226759 0.689035 -0.974275 -0.030504 -3.34418 -4.66173 -817.088 0 
5 823.132 0.300366 0.0225923 0.687813 -0.97184 -0.0179474 -1.52538 -4.64544 -816.961 0 
1 821.874 0.304161 0.0225669 0.684272 -0.946142 -0.0948887 -1.11825 -4.56582 -816.19 0 
1 822.129 0.302926 0.0224914 0.686863 -0.966457 -0.0975503 -0.497018 -4.71338 -816.918 0 
3 822.067 0.305724 0.0223284 0.684536 -0.966167 -0.130508 -0.256532 -4.9954 -816.815 0 
3 822.002 0.304276 0.0224292 0.685037 -0.93296 -0.196405 -1.39687 -4.45553 -816.149 0 
4 822.662 0.299604 0.0223769 0.685969 -0.906797 -0.240342 -1.97307 -4.76421 -815.925 0 
5 820.875 0.307665 0.0222448 0.681208 -0.895388 -0.353002 -0.874893 -4.36182 -815.639 0 
2 821.853 0.3051 0.0223014 0.681962 -0.892618 -0.329503 -1.8245 -4.37785 -815.651 0 
1 822.403 0.308401 0.0222321 0.677568 -0.852317 -0.42242 -2.56793 -4.27277 -815.563 0 
1 821.171 0.313492 0.0222206 0.674038 -0.849889 -0.432721 -1.32294 -4.11112 -815.737 0 
5 821.269 0.30952 0.0222398 0.680424 -0.89802 -0.356622 -1.22033 -4.42699 -815.622 0 
