8 828.218 0.308545 0.0224354 0.68093 -0.149064 -0.626873 -5.63249 -821.959 0 
2 827.609 0.319043 0.0224766 0.669501 -0.398281 -0.391616 -7.34631 -819.871 0 
2 828.498 0.319024 0.0225407 0.668577 -0.4644 -1.61304 -7.15212 -819.733 0 
2 828.164 0.316869 0.0226468 0.667731 -0.665952 -2.04238 -6.47153 -819.65 0 
1 830.439 0.31084 0.0223733 0.678914 -0.0827623 -1.75027 -6.49593 -822.193 0 
4 830.57 0.314331 0.022448 0.676524 -0.12214 -1.84987 -7.22924 -821.491 0 
1 830.074 0.310393 0.0223709 0.681072 0.0044316 -0.319772 -6.76434 -822.99 0 
8 830.492 0.324433 0.0223004 0.666774 -0.258999 -0.446079 -9.95969 -820.087 0 
36 830.625 0.329359 0.0223227 0.660707 -0.463437 -0.0919926 -10.7645 -819.768 0 
30 830 0.328779 0.0224366 0.659871 -0.59144 -0.164091 -9.9119 -819.924 0 
2 830.172 0.324867 0.0224559 0.663779 -0.479911 -1.50287 -8.9634 -819.705 0 
1 829.39 0.32082 0.022579 0.665958 -0.561404 -2.31738 -7.41276 -819.66 0 
4 830.478 0.317843 0.0226089 0.666914 -0.700925 -4.03231 -6.71943 -819.726 0 
4 828.536 0.322401 0.0224702 0.663451 -0.611358 -1.05624 -7.75174 -819.728 0 
4 828.598 0.31945 0.0224327 0.667078 -0.482159 -1.6683 -7.22801 -819.702 0 
1 828.09 0.318463 0.0224306 0.669583 -0.378069 -0.87376 -7.27198 -819.944 0 
8 827.131 0.314293 0.0224657 0.674445 -0.299394 -0.27546 -6.39601 -820.46 0 
12 828.379 0.322573 0.0224262 0.664019 -0.591308 -0.845056 -7.82396 -819.71 0 
2 829.464 0.323923 0.0224305 0.665805 -0.395419 -0.695334 -8.98906 -819.78 0 
7 829.083 0.310702 0.0224846 0.679568 -0.171372 -1.56469 -5.97759 -821.541 0 
2 829.129 0.320376 0.0225156 0.670026 -0.341985 -1.18236 -7.963 -819.984 0 
3 827.78 0.318172 0.0225764 0.668168 -0.57902 -1.42175 -6.72615 -819.633 0 
7 829.227 0.322537 0.0225755 0.664633 -0.58119 -1.67467 -7.85264 -819.7 0 
7 828.764 0.317947 0.0222244 0.669745 -0.306357 -1.15892 -7.3919 -820.213 0 
6 829.799 0.316619 0.0221461 0.67125 -0.250322 -2.04516 -7.21325 -820.541 0 
2 828.716 0.317667 0.0222651 0.671982 -0.224276 -0.483673 -7.6369 -820.596 0 
7 828.884 0.311749 0.0222498 0.67755 -0.121697 -0.651653 -6.45034 -821.782 0 
2 827.224 0.308621 0.0223688 0.677404 -0.302521 -1.05651 -5.28933 -820.879 0 
2 830.778 0.296451 0.0224574 0.691636 -0.0150218 -0.720717 -4.77629 -825.281 0 
10 830.917 0.29844 0.0223244 0.687424 -0.113895 -2.46271 -4.67506 -823.779 0 
3 827.644 0.3076 0.0224146 0.678457 -0.334434 -1.75923 -5.11061 -820.774 0 
16 827.71 0.315088 0.022423 0.668556 -0.593882 -1.97551 -6.12142 -819.613 0 
5 828.268 0.312571 0.0223129 0.672242 -0.408584 -2.39885 -5.78448 -820.085 0 
3 828.241 0.308138 0.0222821 0.677997 -0.250519 -1.66733 -5.31348 -821.26 0 
12 826.979 0.309394 0.0226169 0.676043 -0.467903 -1.68485 -5.28355 -820.011 0 
1 826.934 0.312995 0.0225427 0.67285 -0.4936 -1.35704 -5.77956 -819.797 0 
8 826.872 0.311732 0.0225159 0.675417 -0.352761 -0.779316 -5.7213 -820.371 0 
3 828.633 0.303988 0.0223611 0.682081 -0.204046 -1.66093 -4.88449 -822.088 0 
2 829.779 0.3046 0.0224687 0.676934 -0.523728 -4.6957 -5.0595 -820.024 0 
2 828.497 0.305244 0.0226687 0.677635 -0.552191 -3.44379 -5.16478 -819.888 0 
9 827.316 0.315675 0.0225644 0.668913 -0.614104 -1.47498 -6.23264 -819.609 0 
10 828.246 0.318239 0.0225563 0.66884 -0.487759 -1.65454 -6.88525 -819.706 0 
5 827.435 0.315222 0.0224929 0.673802 -0.317155 -0.554262 -6.56208 -820.319 0 
2 827.485 0.317996 0.0224274 0.668374 -0.513177 -1.05056 -6.75977 -819.675 0 
1 828.501 0.311264 0.0225671 0.677304 -0.327779 -2.31261 -5.66121 -820.527 0 
1 829.547 0.307023 0.0224963 0.679022 -0.384471 -3.9665 -5.04578 -820.535 0 
2 828.346 0.317927 0.0224629 0.6703 -0.429149 -1.61256 -6.90837 -819.825 0 
3 828.391 0.311662 0.0223465 0.675898 -0.296644 -1.92515 -5.80264 -820.663 0 
3 827.787 0.308699 0.0224378 0.678944 -0.27449 -1.40682 -5.33386 -821.047 0 
5 827.959 0.310714 0.0222778 0.676753 -0.226408 -0.966516 -5.82695 -821.166 0 
14 827.19 0.313774 0.0223717 0.671136 -0.473622 -1.44064 -5.92276 -819.827 0 
4 826.806 0.315775 0.0224188 0.670288 -0.471389 -0.702962 -6.32338 -819.779 0 
5 826.581 0.313002 0.0224857 0.673335 -0.434729 -0.788487 -5.82153 -819.971 0 
9 828.854 0.312593 0.0223106 0.675629 -0.192242 -1.22712 -6.42313 -821.204 0 
1 827.846 0.314349 0.0224716 0.672288 -0.458139 -1.94921 -6.04523 -819.851 0 
3 829.039 0.313337 0.0225583 0.676313 -0.295392 -2.33695 -6.15697 -820.545 0 
7 828.16 0.319728 0.0222922 0.668502 -0.368802 -0.593915 -7.63719 -819.929 0 
11 828.644 0.317175 0.0223824 0.672528 -0.282842 -1.09674 -7.19371 -820.354 0 
1 829.948 0.316171 0.0224677 0.673588 -0.315709 -2.90577 -6.77161 -820.271 0 
2 831.986 0.313189 0.0227112 0.677549 -0.294346 -5.29871 -6.12622 -820.561 0 
2 831.095 0.308894 0.022797 0.678529 -0.45343 -5.75933 -5.24499 -820.091 0 
1 829.006 0.307034 0.0227054 0.679482 -0.429525 -3.64204 -5.06003 -820.304 0 
12 829.344 0.304754 0.022614 0.684933 -0.139756 -1.72744 -5.07984 -822.536 0 
1 829.832 0.299966 0.0227295 0.687087 -0.275433 -3.16476 -4.66576 -822.002 0 
2 831.842 0.302607 0.0227047 0.685837 -0.177456 -4.52998 -4.80851 -822.503 0 
9 828.525 0.305007 0.0226393 0.681492 -0.367669 -2.8514 -4.88084 -820.793 0 
1 829.892 0.302575 0.0224615 0.686613 -0.0321791 -0.833064 -5.14266 -823.916 0 
17 827.381 0.305556 0.0224457 0.67906 -0.370721 -1.75241 -4.90025 -820.728 0 
1 829.004 0.311914 0.0224433 0.671024 -0.605878 -3.66905 -5.72373 -819.611 0 
8 828.13 0.309592 0.0223514 0.674458 -0.447129 -2.74449 -5.30459 -820.081 0 
5 830.211 0.317566 0.0224491 0.667591 -0.516268 -3.86179 -6.67454 -819.674 0 
3 830.08 0.308542 0.0223438 0.673581 -0.501843 -4.94996 -5.20403 -819.926 0 
6 828.665 0.299591 0.0224869 0.686867 -0.181247 -1.11052 -4.64555 -822.909 0 
5 829.132 0.302522 0.0225425 0.685616 -0.134683 -1.3519 -4.87174 -822.908 0 
2 828.435 0.31082 0.0224846 0.676987 -0.261358 -1.7164 -5.78266 -820.936 0 
2 830.67 0.319076 0.0225516 0.667783 -0.491931 -3.86659 -7.11031 -819.693 0 
7 828.053 0.312393 0.022647 0.670928 -0.64746 -2.65254 -5.81842 -819.582 0 
12 827.816 0.302402 0.0224846 0.683273 -0.285944 -1.48071 -4.71418 -821.621 0 
9 828.028 0.304475 0.0224813 0.682601 -0.205121 -1.07914 -4.93175 -822.017 0 
3 828.452 0.303814 0.0225268 0.685165 -0.126568 -0.660071 -5.00062 -822.791 0 
4 829.027 0.323617 0.0225656 0.663591 -0.606337 -1.15606 -8.11286 -819.758 0 
1 829.741 0.324076 0.0225956 0.6614 -0.726777 -1.59231 -8.0719 -820.077 0 
5 833.852 0.313253 0.0227797 0.678156 -0.275378 -6.99018 -6.20551 -820.656 0 
2 833.805 0.311652 0.0225578 0.681699 0.020114 -3.65788 -7.20841 -822.939 0 
2 832.032 0.326386 0.0226015 0.664141 -0.482272 -2.82587 -9.48322 -819.723 0 
4 832.732 0.331188 0.0225516 0.656523 -0.72194 -1.79408 -10.4054 -820.532 0 
2 829.325 0.327157 0.0224477 0.66034 -0.62778 -0.189612 -9.198 -819.937 0 
2 829.983 0.326732 0.0222976 0.659285 -0.639179 -1.01339 -9.02305 -819.947 0 
4 830.141 0.31869 0.0223351 0.665363 -0.632063 -3.66084 -6.82175 -819.659 0 
1 829.984 0.318908 0.0223354 0.667236 -0.5259 -3.36966 -6.95555 -819.659 0 
1 828.637 0.315451 0.0223354 0.674857 -0.151717 -0.0947414 -7.3564 -821.186 0 
1 829.438 0.316679 0.0223808 0.673304 -0.19513 -1.06061 -7.55402 -820.823 0 
2 827.686 0.311844 0.022438 0.674224 -0.367504 -1.66675 -5.72291 -820.296 0 
4 828.1 0.312745 0.0223277 0.674852 -0.247257 -1.00652 -6.23964 -820.854 0 
2 828.874 0.301127 0.0224209 0.683187 -0.297805 -2.52457 -4.67274 -821.676 0 
4 829.788 0.298408 0.0224631 0.685283 -0.309061 -3.16007 -4.71533 -821.913 0 
1 830.149 0.298348 0.0225846 0.683882 -0.450031 -4.19749 -5.0986 -820.853 0 
5 828.881 0.301304 0.022586 0.684085 -0.294284 -2.53059 -4.66685 -821.683 0 
3 828.078 0.308686 0.02254 0.676959 -0.376902 -2.41245 -5.2102 -820.456 0 
14 826.752 0.311591 0.0225286 0.673094 -0.515538 -1.40297 -5.5691 -819.78 0 
30 826.758 0.312672 0.0225252 0.673871 -0.437412 -1.02163 -5.76014 -819.976 0 
2 827.387 0.316403 0.0225696 0.668385 -0.608036 -1.41938 -6.35285 -819.615 0 
1 830.921 0.321547 0.0224456 0.66577 -0.46704 -3.29977 -7.91509 -819.706 0 
6 830.887 0.322015 0.0225895 0.662657 -0.703721 -3.44541 -7.54407 -819.898 0 
9 830.109 0.305203 0.0227825 0.681527 -0.373592 -4.49726 -4.87116 -820.74 0 
5 829.507 0.30994 0.0227387 0.673372 -0.665715 -4.21688 -5.72202 -819.568 0 
3 828.349 0.302531 0.0224638 0.681414 -0.3776 -2.61873 -4.78037 -820.95 0 
1 827.137 0.313026 0.0223567 0.673772 -0.326587 -0.680763 -6.04326 -820.413 0 
2 828.322 0.313827 0.0222975 0.672106 -0.354895 -1.93114 -6.15518 -820.236 0 
5 828.157 0.307607 0.0223451 0.679195 -0.212814 -1.24409 -5.32924 -821.584 0 
7 827.317 0.313673 0.02234 0.67463 -0.251205 -0.144191 -6.41796 -820.755 0 
1 827.514 0.31455 0.0224689 0.67179 -0.473458 -1.64013 -6.06843 -819.805 0 
10 826.904 0.316732 0.022445 0.668853 -0.526071 -0.77583 -6.45947 -819.669 0 
9 827.929 0.319094 0.0224428 0.66571 -0.595597 -1.36502 -6.91905 -819.645 0 
2 828.03 0.319556 0.0223635 0.665407 -0.585164 -1.34245 -7.03956 -819.648 0 
1 828.379 0.316402 0.022448 0.666571 -0.669217 -2.33896 -6.39703 -819.643 0 
4 828.421 0.316646 0.0224559 0.671192 -0.358484 -1.49951 -6.84195 -820.08 0 
21 826.728 0.312641 0.0224214 0.672675 -0.44386 -1.02311 -5.74923 -819.955 0 
1 827.583 0.308231 0.022608 0.678608 -0.344764 -1.7399 -5.18018 -820.663 0 
14 826.913 0.315582 0.0224043 0.670623 -0.456566 -0.790104 -6.30378 -819.819 0 
9 827.606 0.307559 0.0223786 0.680576 -0.176936 -0.355425 -5.3889 -821.861 0 
3 828.445 0.311667 0.0222781 0.677556 -0.13396 -0.359426 -6.38339 -821.702 0 
4 827.186 0.310082 0.022617 0.677033 -0.384583 -1.4652 -5.39562 -820.325 0 
1 828.602 0.311236 0.0225689 0.67804 -0.234282 -1.60323 -5.93347 -821.066 0 
5 826.885 0.315407 0.022535 0.671539 -0.448628 -0.755564 -6.28503 -819.845 0 
9 827.391 0.311485 0.022534 0.67671 -0.293393 -0.887615 -5.80834 -820.695 0 
11 829.268 0.300732 0.0225068 0.685279 -0.270131 -2.6418 -4.67673 -821.95 0 
1 830.973 0.298711 0.0223896 0.690131 0.0360007 -0.569963 -4.98152 -825.422 0 
1 828.478 0.300607 0.0224794 0.684807 -0.272566 -1.86743 -4.66582 -821.945 0 
1 827.909 0.310145 0.0224971 0.676221 -0.342564 -1.90839 -5.4697 -820.53 0 
6 826.988 0.305457 0.0225226 0.680048 -0.354651 -1.26123 -4.89286 -820.834 0 
1 826.538 0.313113 0.0225024 0.672869 -0.448024 -0.785742 -5.82849 -819.923 0 
9 827.043 0.310706 0.0224318 0.673705 -0.474634 -1.66938 -5.44307 -819.93 0 
10 827.805 0.301971 0.0225319 0.683411 -0.300885 -1.55463 -4.6955 -821.555 0 
6 830.585 0.303904 0.0223016 0.684606 -0.0146751 -1.33169 -5.38998 -823.864 0 
3 831.152 0.304387 0.0224515 0.677027 -0.562818 -6.00391 -5.26079 -819.887 0 
1 830.71 0.299154 0.022445 0.682941 -0.411729 -4.7595 -4.91272 -821.038 0 
1 830.736 0.305115 0.0222456 0.683155 -0.0258974 -1.65653 -5.53489 -823.545 0 
1 830.674 0.306802 0.0222787 0.681322 -0.0692046 -2.12745 -5.67708 -822.87 0 
1 829.824 0.300377 0.0223271 0.686559 -0.090676 -1.34938 -4.78482 -823.69 0 
1 828.585 0.301279 0.022564 0.682234 -0.424789 -2.9521 -4.87523 -820.758 0 
1 829.234 0.298959 0.0224341 0.68616 -0.228089 -2.03981 -4.63522 -822.559 0 
3 828.398 0.306466 0.0224889 0.679445 -0.367645 -2.73705 -4.9889 -820.672 0 
3 830.294 0.311138 0.0225679 0.676133 -0.423896 -4.66961 -5.52822 -820.096 0 
5 827.404 0.316091 0.0224243 0.672751 -0.296636 -0.160502 -6.88501 -820.358 0 
2 828.473 0.315768 0.0223504 0.668435 -0.519123 -2.518 -6.26594 -819.689 0 
12 827.61 0.311995 0.0223789 0.672112 -0.477099 -2.11548 -5.61989 -819.874 0 
2 827.419 0.31037 0.0224361 0.673238 -0.510204 -2.1754 -5.412 -819.832 0 
1 827.794 0.312611 0.0223539 0.671631 -0.489854 -2.25957 -5.7165 -819.818 0 
2 827.33 0.314996 0.0224173 0.66963 -0.542688 -1.56142 -6.10602 -819.663 0 
3 828.762 0.309923 0.0225071 0.680523 -0.137312 -0.920358 -5.9602 -821.881 0 
1 828.877 0.308492 0.0224267 0.681106 -0.147634 -1.28603 -5.61489 -821.976 0 
1 828.694 0.31166 0.0224341 0.678998 -0.112758 -0.355442 -6.47992 -821.859 0 
1 829.722 0.31854 0.0222177 0.671907 -0.152885 -0.468122 -8.35032 -820.903 0 
2 827.824 0.312586 0.022522 0.674744 -0.405504 -1.94992 -5.77863 -820.096 0 
1 829 0.302646 0.0225663 0.684457 -0.265414 -2.51249 -4.73347 -821.754 0 
1 829.103 0.30938 0.0223411 0.680882 -0.0683739 -0.484806 -6.11217 -822.506 0 
1 828.154 0.313975 0.0225293 0.670759 -0.583181 -2.57015 -5.96077 -819.623 0 
5 827.754 0.317174 0.022574 0.670234 -0.498397 -1.46027 -6.59046 -819.703 0 
6 828.055 0.314644 0.0226696 0.670439 -0.61667 -2.37745 -6.07598 -819.602 0 
1 828.303 0.311406 0.0226517 0.675225 -0.425819 -2.66656 -5.56114 -820.075 0 
12 827.251 0.309844 0.0225438 0.676224 -0.385438 -1.55255 -5.36154 -820.336 0 
13 826.51 0.309736 0.0224977 0.676657 -0.364901 -0.700099 -5.36552 -820.444 0 
5 826.908 0.311125 0.022473 0.676019 -0.320506 -0.656929 -5.67635 -820.575 0 
2 828.014 0.310335 0.0225162 0.679328 -0.191857 -0.717531 -5.85961 -821.437 0 
2 828.159 0.315436 0.0224423 0.67339 -0.276605 -0.857856 -6.80746 -820.493 0 
10 828.282 0.320469 0.0224089 0.66557 -0.529293 -1.23645 -7.38533 -819.66 0 
1 828.033 0.319543 0.0224714 0.665339 -0.644234 -1.34362 -6.99866 -819.691 0 
19 828.462 0.312378 0.0222438 0.674623 -0.278158 -1.73848 -6.01447 -820.709 0 
9 827.839 0.306788 0.0223417 0.680671 -0.18637 -0.711861 -5.24635 -821.881 0 
4 829.082 0.316715 0.0224476 0.670454 -0.472331 -2.80491 -6.52046 -819.757 0 
3 827.775 0.320474 0.0224198 0.667807 -0.441207 -0.423916 -7.60004 -819.751 0 
8 829.1 0.324816 0.0223993 0.6631 -0.551594 -0.757011 -8.615 -819.728 0 
8 830.292 0.316657 0.0224424 0.673761 -0.271843 -2.79013 -7.0659 -820.436 0 
8 829.66 0.311607 0.022422 0.678524 -0.178681 -2.12798 -6.13815 -821.393 0 
6 830.087 0.312048 0.0222989 0.679365 -0.0192872 -0.511159 -7.02913 -822.547 0 
7 830.713 0.3145 0.0221868 0.675627 -0.109223 -1.92733 -7.22437 -821.561 0 
6 830.399 0.316505 0.0224028 0.66956 -0.521608 -4.30554 -6.41698 -819.677 0 
1 831.153 0.320675 0.0222331 0.665015 -0.53849 -4.10215 -7.39145 -819.659 0 
2 829.828 0.319333 0.0221875 0.669445 -0.244265 -1.28865 -8.14634 -820.393 0 
4 829.949 0.327707 0.0223933 0.659265 -0.62775 -0.575566 -9.40985 -819.963 0 
4 827.147 0.317979 0.0224677 0.670019 -0.409408 -0.266744 -7.00735 -819.873 0 
12 827.394 0.320013 0.0224235 0.667357 -0.483242 -0.349313 -7.34812 -819.697 0 
4 827.69 0.3099 0.0223304 0.677756 -0.205003 -0.549095 -5.75027 -821.391 0 
5 828.684 0.315003 0.0223323 0.66937 -0.531594 -2.89115 -6.1136 -819.679 0 
7 828.461 0.312258 0.0223313 0.673987 -0.314816 -2.01061 -5.92788 -820.523 0 
5 828.994 0.306757 0.022275 0.678922 -0.271124 -2.65764 -5.07782 -821.259 0 
11 829.459 0.310146 0.0222624 0.674839 -0.376527 -3.68722 -5.41206 -820.36 0 
9 830.023 0.307442 0.0222157 0.677101 -0.306703 -3.94431 -5.12076 -820.958 0 
25 829.704 0.310882 0.0221914 0.677221 -0.160745 -2.03194 -6.07502 -821.597 0 
2 830.314 0.307851 0.0222065 0.677153 -0.264138 -3.8659 -5.25152 -821.196 0 
7 831.593 0.297879 0.0224072 0.686155 -0.23293 -4.28721 -4.63633 -822.669 0 
3 828.778 0.302857 0.0225076 0.679757 -0.459154 -3.43576 -4.90814 -820.434 0 
1 829.221 0.300557 0.022505 0.683559 -0.321706 -2.99062 -4.6762 -821.554 0 
2 831.163 0.300867 0.0226696 0.683941 -0.338687 -5.0931 -4.67938 -821.39 0 
2 827.975 0.308146 0.0224615 0.674922 -0.498895 -2.84667 -5.1755 -819.953 0 
1 828.837 0.302896 0.0224638 0.680386 -0.42672 -3.35408 -4.86961 -820.613 0 
1 827.937 0.311191 0.0225444 0.672899 -0.569796 -2.67564 -5.59002 -819.671 0 
1 827.719 0.313084 0.0225198 0.675421 -0.336261 -1.35376 -6.00217 -820.363 0 
5 830.177 0.31676 0.0224068 0.674776 -0.122282 -0.977762 -7.95553 -821.244 0 
2 828.694 0.322306 0.0224946 0.664253 -0.621914 -1.25535 -7.69841 -819.74 0 
10 827.084 0.317093 0.0224211 0.671119 -0.358673 -0.0957754 -6.92844 -820.059 0 
1 827.416 0.310813 0.0224508 0.676271 -0.350923 -1.42802 -5.54726 -820.441 0 
2 827.386 0.310137 0.0225578 0.676815 -0.34632 -1.41713 -5.45746 -820.511 0 
1 829.445 0.314367 0.0227222 0.670659 -0.650049 -3.75165 -6.09607 -819.598 0 
5 827.292 0.315111 0.0225615 0.673009 -0.394524 -0.947739 -6.32426 -820.02 0 
3 828.665 0.319132 0.0224822 0.666939 -0.589461 -2.08545 -6.93652 -819.643 0 
6 828.222 0.310356 0.0224792 0.679126 -0.206698 -1.09521 -5.79442 -821.332 0 
1 829.26 0.314236 0.0225174 0.676767 -0.188684 -1.39553 -6.79366 -821.071 0 
1 828.022 0.312788 0.0225415 0.675257 -0.317992 -1.52785 -6.02353 -820.47 0 
5 827.316 0.312187 0.0224761 0.672628 -0.513464 -1.88779 -5.65903 -819.769 0 
4 829.255 0.318731 0.0224769 0.665805 -0.666864 -2.71612 -6.84073 -819.699 0 
4 831.149 0.324965 0.0224242 0.658952 -0.746363 -2.64491 -8.29972 -820.205 0 
1 829.246 0.317439 0.0225684 0.66743 -0.662944 -2.98869 -6.59714 -819.66 0 
2 828.784 0.313125 0.0223344 0.670485 -0.496987 -3.20929 -5.79014 -819.785 0 
1 830.193 0.314397 0.0221716 0.674853 -0.109073 -1.32681 -7.29257 -821.573 0 
4 829.686 0.32074 0.0224402 0.666443 -0.547774 -2.6389 -7.38878 -819.658 0 
5 830.169 0.313537 0.0223869 0.674687 -0.329426 -3.70579 -6.09717 -820.366 0 
4 831.149 0.309579 0.0224151 0.676936 -0.378389 -5.42806 -5.3332 -820.388 0 
1 831.046 0.305315 0.022474 0.685009 -0.0838572 -2.81453 -5.27138 -822.96 0 
3 827.595 0.313403 0.02248 0.675686 -0.253546 -0.478583 -6.35237 -820.764 0 
2 826.906 0.308772 0.0225518 0.676263 -0.462488 -1.62334 -5.22194 -820.061 0 
5 827.253 0.314072 0.0224293 0.670148 -0.533941 -1.62475 -5.94002 -819.688 0 
3 827.65 0.312774 0.0223292 0.673389 -0.3792 -1.6006 -5.85726 -820.192 0 
6 827.472 0.319106 0.022453 0.669059 -0.409356 -0.300172 -7.32994 -819.842 0 
5 827.011 0.315917 0.0224114 0.671773 -0.379936 -0.430508 -6.54443 -820.036 0 
7 827.366 0.309108 0.0224759 0.679457 -0.20798 -0.329061 -5.5825 -821.454 0 
1 827.83 0.309442 0.0223652 0.677552 -0.241859 -1.0763 -5.56585 -821.188 0 
1 830.921 0.32439 0.0223064 0.663904 -0.414469 -2.05881 -9.11243 -819.75 0 
4 828.364 0.317142 0.0225198 0.666497 -0.652446 -2.22653 -6.49423 -819.643 0 
3 827.125 0.307956 0.0225454 0.679549 -0.302172 -0.996499 -5.18931 -820.94 0 
7 828.462 0.305736 0.0225339 0.683718 -0.133748 -0.782994 -5.22747 -822.452 0 
2 826.959 0.310251 0.0225119 0.677413 -0.296689 -0.618716 -5.56545 -820.775 0 
4 826.949 0.310619 0.0224475 0.676491 -0.301768 -0.607671 -5.62477 -820.716 0 
2 827.33 0.310035 0.0224632 0.673695 -0.516859 -2.11883 -5.38721 -819.824 0 
3 828.511 0.305538 0.0224689 0.677909 -0.470349 -3.29133 -5.01611 -820.203 0 
4 830.4 0.309707 0.0221763 0.677471 -0.14707 -2.63535 -5.93109 -821.833 0 
3 830.088 0.306102 0.0222481 0.678462 -0.314273 -4.09216 -4.9632 -821.033 0 
1 829.454 0.314937 0.0224263 0.667638 -0.672054 -3.63637 -6.20159 -819.616 0 
1 828.597 0.305089 0.0224322 0.683618 -0.0971173 -0.460086 -5.2658 -822.872 0 
4 828.321 0.300369 0.0225062 0.686136 -0.201681 -1.06394 -4.65568 -822.601 0 
4 828.526 0.30111 0.0226161 0.686174 -0.218439 -1.50705 -4.67333 -822.346 0 
11 827.559 0.30544 0.022613 0.680482 -0.355416 -1.84092 -4.88681 -820.831 0 
6 827.811 0.320717 0.0224029 0.665895 -0.506229 -0.630006 -7.50781 -819.674 0 
13 826.967 0.311382 0.0223892 0.673864 -0.420725 -1.30927 -5.56141 -820.096 0 
1 826.934 0.316932 0.0224017 0.670376 -0.398224 -0.230342 -6.76608 -819.938 0 
1 829.691 0.314992 0.0222574 0.668448 -0.517582 -3.87534 -6.11328 -819.702 0 
6 828.591 0.312219 0.0222327 0.673531 -0.327539 -2.26298 -5.86684 -820.462 0 
6 829.18 0.302648 0.022327 0.685255 -0.0780509 -0.748587 -4.99456 -823.437 0 
7 827.812 0.304304 0.0224678 0.683466 -0.189775 -0.721291 -4.92474 -822.166 0 
1 828.178 0.313254 0.0223253 0.673367 -0.36864 -2.00115 -5.96728 -820.21 0 
3 828.652 0.307219 0.0225749 0.682451 -0.165927 -1.29915 -5.36327 -821.99 0 
3 830.281 0.303946 0.0223922 0.685668 0.00733887 -0.723978 -5.4735 -824.083 0 
4 827.194 0.309889 0.0223789 0.676125 -0.323923 -1.09118 -5.45329 -820.65 0 
3 827.637 0.311678 0.0223192 0.676182 -0.221311 -0.462069 -6.06879 -821.106 0 
3 827.882 0.313527 0.0224107 0.6735 -0.329105 -1.35146 -6.16173 -820.369 0 
1 828.629 0.311245 0.0224078 0.676702 -0.224477 -1.5109 -5.99097 -821.127 0 
3 827.138 0.311915 0.0225365 0.67196 -0.570869 -1.82787 -5.65158 -819.658 0 
6 827.036 0.312336 0.0224651 0.671831 -0.521344 -1.62146 -5.6677 -819.747 0 
5 828.723 0.308512 0.0224412 0.673547 -0.56721 -3.65995 -5.32827 -819.734 0 
3 829.59 0.300438 0.0223764 0.685 -0.191513 -2.24189 -4.66275 -822.685 0 
1 829.428 0.305483 0.0224954 0.676858 -0.544783 -4.32934 -5.19444 -819.904 0 
1 827.464 0.305088 0.0224596 0.679372 -0.375789 -1.85802 -4.86891 -820.737 0 
1 827.933 0.313689 0.0225323 0.669214 -0.656184 -2.35075 -5.99131 -819.591 0 
2 827.823 0.316916 0.0224556 0.671126 -0.360518 -0.864841 -6.89716 -820.061 0 
5 828.035 0.317421 0.0223735 0.668377 -0.465267 -1.54452 -6.7325 -819.758 0 
4 827.822 0.316361 0.0225314 0.670967 -0.425826 -1.3825 -6.5624 -819.877 0 
2 829.02 0.315832 0.0226185 0.66961 -0.553554 -3.12727 -6.24924 -819.644 0 
3 829.802 0.324425 0.0225585 0.660396 -0.778535 -1.33242 -8.16165 -820.307 0 
3 828.174 0.320135 0.0225001 0.668923 -0.421791 -0.818421 -7.56319 -819.792 0 
4 827.749 0.321553 0.0224525 0.664411 -0.601035 -0.524484 -7.52934 -819.695 0 
2 827.654 0.317309 0.0223375 0.671591 -0.292555 -0.124055 -7.22563 -820.304 0 
4 828.673 0.324141 0.0225034 0.664175 -0.54206 -0.530047 -8.43656 -819.706 0 
1 827.72 0.31797 0.022429 0.669392 -0.459852 -1.11139 -6.85115 -819.758 0 
10 827.422 0.318474 0.0223947 0.669293 -0.42104 -0.502638 -7.08962 -819.83 0 
4 827.096 0.318204 0.0224574 0.669741 -0.418313 -0.215558 -7.03653 -819.844 0 
7 827.484 0.31478 0.0224433 0.673693 -0.293758 -0.468758 -6.56057 -820.454 0 
3 827.571 0.311839 0.0224114 0.677476 -0.195687 -0.142708 -6.17219 -821.256 0 
4 827.468 0.314186 0.0223376 0.673899 -0.290197 -0.567145 -6.38916 -820.512 0 
1 828.761 0.309064 0.0222718 0.678582 -0.197336 -1.64493 -5.58067 -821.535 0 
6 827.168 0.307688 0.022409 0.677704 -0.357987 -1.43328 -5.10434 -820.631 0 
6 826.741 0.312088 0.0224412 0.673684 -0.433137 -1.0601 -5.66519 -820.016 0 
2 827.325 0.306258 0.0225141 0.681478 -0.243364 -0.758149 -5.05794 -821.509 0 
3 827.504 0.310008 0.0224204 0.674241 -0.475977 -2.18757 -5.36231 -819.954 0 
2 828.068 0.306251 0.0224552 0.677891 -0.393149 -2.5746 -4.94859 -820.545 0 
1 827.44 0.312672 0.0224151 0.672963 -0.403341 -1.52719 -5.81259 -820.1 0 
6 829.941 0.314663 0.0224891 0.668201 -0.688316 -4.1018 -6.21565 -819.623 0 
2 827.515 0.315816 0.0225799 0.668763 -0.608727 -1.65894 -6.24512 -819.61 0 
24 827.17 0.309628 0.0225877 0.674428 -0.541597 -2.02484 -5.37631 -819.768 0 
4 828.323 0.303929 0.0226156 0.678953 -0.517667 -3.16387 -5.07502 -820.084 0 
8 827.131 0.307022 0.022612 0.677885 -0.45283 -1.87925 -5.05578 -820.196 0 
4 828.986 0.314653 0.0225699 0.669779 -0.634833 -3.26703 -6.12011 -819.599 0 
4 828.062 0.318639 0.0224469 0.665227 -0.655318 -1.58402 -6.79661 -819.681 0 
2 827.053 0.309708 0.0225371 0.674195 -0.526059 -1.88649 -5.35897 -819.808 0 
1 827.38 0.307637 0.0225608 0.677207 -0.426535 -2.02014 -5.07977 -820.28 0 
5 826.922 0.311623 0.0225747 0.673226 -0.514683 -1.57355 -5.5668 -819.782 0 
2 827.974 0.313696 0.0224821 0.67484 -0.279599 -1.02351 -6.3495 -820.601 0 
2 828.242 0.313394 0.0225965 0.675668 -0.310485 -1.6143 -6.16165 -820.466 0 
1 828.48 0.310598 0.0227324 0.675532 -0.508571 -3.20224 -5.44846 -819.829 0 
15 829.042 0.308877 0.0226269 0.680138 -0.279642 -2.69308 -5.35118 -820.998 0 
3 830.047 0.316644 0.0225626 0.671506 -0.378252 -3.25106 -6.78456 -820.012 0 
1 832.837 0.321873 0.0225046 0.665949 -0.459642 -5.06496 -8.05911 -819.713 0 
4 829.239 0.317957 0.0225988 0.671328 -0.376975 -2.15576 -7.11803 -819.965 0 
5 828.374 0.320396 0.0224486 0.66899 -0.356024 -0.493585 -7.93815 -819.943 0 
1 830.327 0.320706 0.0223582 0.671086 -0.172063 -0.656863 -9.03353 -820.637 0 
6 827.758 0.317258 0.0225216 0.670196 -0.480533 -1.38942 -6.63706 -819.732 0 
5 827.208 0.318482 0.0225077 0.668955 -0.482057 -0.553434 -6.94219 -819.712 0 
5 828.857 0.315754 0.0223239 0.674072 -0.217972 -1.02126 -7.06371 -820.772 0 
1 829.052 0.304651 0.0223474 0.682414 -0.197224 -2.04866 -4.94374 -822.06 0 
1 829.463 0.306154 0.0222842 0.683158 -0.0367709 -0.581999 -5.61106 -823.27 0 
4 829.377 0.308813 0.0224291 0.68089 -0.154862 -1.85244 -5.64412 -821.881 0 
1 829.336 0.307292 0.0223878 0.68311 -0.04593 -0.558077 -5.77043 -823.007 0 
7 827.712 0.318823 0.0223629 0.669983 -0.325992 -0.0527479 -7.56206 -820.098 0 
9 828.267 0.321393 0.0224463 0.664953 -0.592745 -1.08737 -7.49476 -819.684 0 
5 827.133 0.318604 0.0224622 0.667354 -0.537635 -0.607018 -6.87463 -819.651 0 
11 826.907 0.315232 0.0224744 0.671776 -0.438101 -0.770597 -6.25703 -819.879 0 
10 826.703 0.315491 0.022513 0.671412 -0.451564 -0.573029 -6.29514 -819.835 0 
13 827.689 0.303525 0.0225446 0.683049 -0.284367 -1.40958 -4.77283 -821.507 0 
4 827.78 0.302146 0.022548 0.682653 -0.349831 -1.86872 -4.73546 -821.176 0 
3 827.86 0.301761 0.0225857 0.683618 -0.326455 -1.76657 -4.70839 -821.385 0 
3 827.655 0.31177 0.0225556 0.67187 -0.60058 -2.34873 -5.68879 -819.618 0 
7 827.205 0.312103 0.0224125 0.673217 -0.415474 -1.43407 -5.68961 -820.081 0 
6 827.138 0.309684 0.0225887 0.67556 -0.486834 -1.87282 -5.33436 -819.931 0 
1 829.39 0.310788 0.0226585 0.672159 -0.674913 -4.01049 -5.81138 -819.568 0 
14 827.384 0.311926 0.0225515 0.672455 -0.526025 -2.03255 -5.60524 -819.746 0 
1 827.243 0.313525 0.0226012 0.671986 -0.518891 -1.66542 -5.85116 -819.726 0 
10 827.902 0.314684 0.0226666 0.670203 -0.614235 -2.23075 -6.06877 -819.603 0 
12 826.778 0.310769 0.0225544 0.67648 -0.36119 -0.853629 -5.53139 -820.393 0 
2 827.302 0.308172 0.0224766 0.680301 -0.205776 -0.311798 -5.41748 -821.573 0 
3 828.727 0.314703 0.0224888 0.675929 -0.208336 -0.979506 -6.83448 -820.913 0 
3 828.952 0.321702 0.0224398 0.667992 -0.356049 -0.664972 -8.38352 -819.903 0 
3 828.836 0.321728 0.0224042 0.668537 -0.318347 -0.275448 -8.55458 -820.006 0 
1 827.972 0.314372 0.022513 0.674955 -0.302903 -1.14855 -6.38607 -820.438 0 
2 828.621 0.313698 0.0222759 0.676014 -0.13198 -0.191037 -6.9386 -821.492 0 
5 828.141 0.314314 0.0222621 0.671687 -0.378792 -1.84637 -6.1802 -820.114 0 
4 828.8 0.311035 0.0222216 0.676059 -0.212637 -1.61865 -5.95762 -821.224 0 
13 827.947 0.316215 0.0223439 0.673416 -0.224876 -0.0427282 -7.20524 -820.699 0 
1 828.488 0.317063 0.0222695 0.668692 -0.456572 -2.06422 -6.64123 -819.783 0 
2 829.377 0.316051 0.0222049 0.669572 -0.413568 -2.95928 -6.49507 -819.923 0 
10 828.504 0.307474 0.0222682 0.67915 -0.209732 -1.58419 -5.29849 -821.622 0 
8 829.057 0.307279 0.0222991 0.67935 -0.190762 -1.92936 -5.34 -821.788 0 
5 830.408 0.31535 0.0221293 0.673568 -0.154833 -1.94789 -7.28463 -821.176 0 
16 829.558 0.318003 0.0222382 0.670645 -0.300288 -1.95881 -7.36511 -820.234 0 
2 828.98 0.324217 0.0223132 0.664596 -0.437929 -0.409107 -8.84446 -819.726 0 
1 828.632 0.315008 0.022308 0.675244 -0.147595 -0.159518 -7.21821 -821.255 0 
3 829.205 0.323092 0.0222609 0.664723 -0.454787 -1.1099 -8.38181 -819.713 0 
1 829.157 0.316577 0.0221979 0.671802 -0.252672 -1.45246 -7.1725 -820.532 0 
16 830.845 0.311325 0.0221791 0.678771 -0.0397256 -1.6542 -6.71378 -822.477 0 
1 831.187 0.305661 0.0224081 0.685515 0.00524353 -1.77587 -5.64993 -823.761 0 
2 830.831 0.300864 0.0224789 0.685375 -0.262163 -4.14786 -4.68338 -822 0 
9 828.377 0.303044 0.0224419 0.681691 -0.303398 -2.22605 -4.73303 -821.417 0 
10 828.764 0.317141 0.0224002 0.670561 -0.34781 -1.64761 -7.02083 -820.096 0 
1 829.556 0.314123 0.0223484 0.672541 -0.319749 -2.83643 -6.34461 -820.374 0 
3 828.101 0.319449 0.0224622 0.667615 -0.47022 -1.12776 -7.25463 -819.719 0 
1 828.761 0.322334 0.0224878 0.662845 -0.656896 -1.29406 -7.66592 -819.801 0 
4 829.585 0.321317 0.0222806 0.668933 -0.239487 -0.414683 -8.87016 -820.3 0 
3 830.739 0.311425 0.0222579 0.679807 -0.00988123 -1.13764 -6.8875 -822.713 0 
2 832.588 0.312356 0.0223465 0.676773 -0.246776 -5.64728 -6.05136 -820.889 0 
2 831.194 0.309711 0.0221875 0.677281 -0.225873 -4.31856 -5.60759 -821.268 0 
1 833.785 0.308097 0.0220614 0.681755 0.0685266 -3.32597 -6.49094 -823.969 0 
1 834.043 0.297818 0.0222235 0.691496 0.162875 -1.48118 -5.34485 -827.217 0 
14 828.154 0.30891 0.022275 0.678121 -0.212067 -1.17604 -5.53153 -821.447 0 
1 827.515 0.305873 0.02244 0.682052 -0.189282 -0.434429 -5.11054 -821.97 0 
1 828.425 0.317775 0.0224515 0.668375 -0.545314 -2.11201 -6.66746 -819.645 0 
2 829.291 0.319227 0.0224628 0.663994 -0.730278 -2.46859 -6.97916 -819.843 0 
1 829.142 0.318375 0.0223875 0.664959 -0.637675 -2.75127 -6.73398 -819.657 0 
2 828.294 0.317688 0.0223119 0.669435 -0.364867 -1.18045 -7.09991 -820.014 0 
3 829.229 0.324613 0.0224778 0.660578 -0.706918 -0.951586 -8.23838 -820.039 0 
1 829.851 0.318536 0.0223509 0.669855 -0.305396 -2.04378 -7.62071 -820.187 0 
5 829.972 0.313731 0.0222873 0.675753 -0.119838 -1.32708 -7.07351 -821.572 0 
2 830.514 0.320119 0.0223473 0.670323 -0.215538 -1.42907 -8.61272 -820.472 0 
4 827.632 0.320517 0.0223814 0.665421 -0.546945 -0.627889 -7.3478 -819.656 0 
1 826.925 0.314069 0.0224963 0.670925 -0.514016 -1.25352 -5.946 -819.725 0 
1 827.076 0.309126 0.0223804 0.676788 -0.323593 -1.03312 -5.33109 -820.712 0 
6 827.96 0.312858 0.0225179 0.676491 -0.243999 -0.840339 -6.25634 -820.863 0 
10 830.128 0.315856 0.0223684 0.675697 -0.0861525 -0.687001 -7.86918 -821.572 0 
12 828.001 0.32105 0.0223127 0.667015 -0.397498 -0.212879 -7.9649 -819.823 0 
7 826.82 0.314828 0.0223838 0.672387 -0.356782 -0.284105 -6.3613 -820.174 0 
6 827.601 0.321273 0.0224644 0.665419 -0.550795 -0.387102 -7.54925 -819.664 0 
2 828.597 0.32265 0.0224391 0.666797 -0.4009 -0.320555 -8.48821 -819.788 0 
1 828.642 0.32188 0.0224329 0.667416 -0.419866 -0.766297 -8.10846 -819.767 0 
16 827.136 0.310329 0.0224155 0.677696 -0.25611 -0.463668 -5.65989 -821.013 0 
9 828.541 0.311417 0.022544 0.678708 -0.194422 -1.14953 -6.08509 -821.307 0 
1 828.141 0.30972 0.022356 0.679519 -0.143826 -0.397113 -5.88793 -821.856 0 
7 827.481 0.318872 0.0224524 0.666348 -0.596788 -0.970181 -6.86855 -819.642 0 
14 827.019 0.313846 0.0225687 0.673672 -0.411021 -0.983963 -6.01787 -820.017 0 
1 827.627 0.313808 0.0224594 0.675322 -0.278279 -0.695936 -6.3317 -820.599 0 
2 827.63 0.318031 0.0224611 0.671154 -0.341927 -0.309208 -7.24438 -820.077 0 
2 828.395 0.321589 0.0223547 0.668004 -0.336477 -0.023863 -8.41259 -819.959 0 
5 828.968 0.316615 0.0225585 0.671539 -0.454645 -2.64159 -6.52863 -819.798 0 
2 828.267 0.307316 0.0225321 0.680583 -0.281113 -2.00249 -5.1293 -821.135 0 
18 826.839 0.315794 0.0224358 0.671975 -0.377689 -0.26383 -6.52525 -820.05 0 
7 827.324 0.317032 0.0224094 0.671714 -0.331817 -0.172463 -6.99109 -820.16 0 
1 827.073 0.314717 0.022361 0.670964 -0.444828 -1.05426 -6.14157 -819.877 0 
1 828.884 0.315312 0.0225504 0.672505 -0.374187 -2.34685 -6.45304 -820.084 0 
16 826.924 0.315358 0.0225371 0.672021 -0.436901 -0.75594 -6.28977 -819.878 0 
7 827.279 0.311502 0.0225365 0.67665 -0.327762 -1.05664 -5.71241 -820.51 0 
1 829.064 0.316388 0.0226474 0.672863 -0.390648 -2.44533 -6.63763 -819.981 0 
3 826.745 0.309909 0.0224973 0.677326 -0.330313 -0.696673 -5.43543 -820.613 0 
9 828.295 0.312182 0.0225714 0.674153 -0.481603 -2.77843 -5.66248 -819.855 0 
2 829.439 0.317148 0.0225113 0.669711 -0.528503 -3.22967 -6.5463 -819.663 0 
4 830.571 0.316838 0.0223638 0.673393 -0.253476 -2.87103 -7.18994 -820.51 0 
3 829.951 0.322006 0.0224357 0.662527 -0.712936 -2.46159 -7.56605 -819.923 0 
2 827.446 0.314803 0.0223227 0.673358 -0.284261 -0.37707 -6.56973 -820.499 0 
3 827.588 0.314707 0.0223942 0.669722 -0.539837 -1.8626 -6.05566 -819.67 0 
12 827.072 0.310782 0.0226218 0.67544 -0.455733 -1.62368 -5.45585 -819.993 0 
5 827.122 0.306923 0.0224696 0.679864 -0.295892 -0.979514 -5.06696 -821.075 0 
2 827.502 0.311838 0.0224218 0.674281 -0.41388 -1.76088 -5.64116 -820.1 0 
5 826.862 0.310173 0.0224446 0.67695 -0.32195 -0.732067 -5.4909 -820.639 0 
1 829.525 0.312388 0.0222221 0.671997 -0.417929 -3.73455 -5.73255 -820.058 0 
1 829.891 0.317726 0.0222597 0.665713 -0.588228 -3.64164 -6.62104 -819.628 0 
5 828.887 0.313474 0.0222165 0.675131 -0.181585 -1.06978 -6.63006 -821.187 0 
1 828.346 0.313284 0.0225125 0.67295 -0.484702 -2.69903 -5.83564 -819.812 0 
3 827.37 0.31603 0.0225639 0.670892 -0.498667 -1.31116 -6.33977 -819.719 0 
7 827.134 0.31721 0.0225039 0.668474 -0.561956 -0.969943 -6.52992 -819.634 0 
1 827.001 0.315833 0.0223967 0.672325 -0.328296 -0.0702682 -6.69381 -820.237 0 
4 827.817 0.319565 0.0225732 0.666146 -0.629191 -1.13542 -7.00596 -819.675 0 
1 828.084 0.318766 0.0224593 0.665112 -0.667355 -1.55565 -6.82808 -819.7 0 
1 830.7 0.316023 0.0223199 0.665743 -0.658468 -4.76775 -6.30609 -819.626 0 
1 831.111 0.31232 0.0226474 0.668646 -0.801657 -4.96274 -6.4059 -819.742 0 
4 829.362 0.300511 0.0227408 0.684627 -0.384114 -3.4729 -4.7912 -821.098 0 
1 830.364 0.300337 0.0227484 0.687284 -0.239508 -3.45341 -4.64667 -822.264 0 
3 830.573 0.299469 0.0226956 0.686123 -0.295338 -4.0217 -4.6553 -821.896 0 
1 830.894 0.307589 0.0223857 0.676547 -0.359722 -5.17671 -5.08891 -820.629 0 
5 829.479 0.30553 0.0225958 0.677416 -0.497362 -4.39349 -5.00099 -820.085 0 
7 828.883 0.302786 0.0225611 0.680229 -0.44618 -3.50713 -4.86494 -820.511 0 
5 829.414 0.304651 0.0224947 0.67707 -0.525864 -4.33336 -5.06748 -820.013 0 
2 829.33 0.302169 0.0225003 0.680228 -0.450168 -3.91288 -4.88275 -820.535 0 
6 828.909 0.311608 0.0226712 0.671034 -0.697536 -3.41732 -5.91382 -819.578 0 
1 829.093 0.316501 0.0224673 0.665641 -0.71763 -2.90561 -6.47525 -819.712 0 
2 828.444 0.315389 0.0224809 0.672333 -0.350944 -1.73344 -6.54185 -820.169 0 
6 831.126 0.309589 0.022384 0.679121 -0.118799 -3.00043 -6.05884 -822.066 0 
10 827.741 0.317674 0.0224619 0.668345 -0.497161 -1.31579 -6.72616 -819.699 0 
8 827.95 0.309447 0.0226674 0.675719 -0.524093 -2.77516 -5.35238 -819.822 0 
1 826.593 0.311013 0.0225268 0.674454 -0.462555 -1.14798 -5.4861 -819.959 0 
7 827.215 0.312699 0.0225867 0.674976 -0.379819 -1.17178 -5.84952 -820.193 0 
6 828.265 0.314888 0.0226792 0.669789 -0.646141 -2.5179 -6.14426 -819.603 0 
1 828.68 0.310557 0.0227151 0.67703 -0.401292 -3.00794 -5.45111 -820.221 0 
1 830.477 0.304352 0.0227024 0.68452 -0.196551 -3.44142 -4.93166 -822.103 0 
1 828.752 0.308299 0.0227261 0.678678 -0.422469 -3.33059 -5.16275 -820.259 0 
50 827.305 0.316511 0.0225703 0.66847 -0.605902 -1.31295 -6.3759 -819.616 0 
12 828.031 0.314037 0.0222882 0.671571 -0.383807 -1.79834 -6.12404 -820.108 0 
24 827.101 0.316961 0.0223789 0.669848 -0.436647 -0.608519 -6.66091 -819.832 0 
3 829.443 0.3136 0.0225027 0.676659 -0.241 -2.23648 -6.38827 -820.818 0 
4 829.597 0.317597 0.0223005 0.670759 -0.348651 -2.4707 -7.05361 -820.072 0 
1 829.248 0.318064 0.0224703 0.67006 -0.45115 -2.59004 -6.88468 -819.773 0 
2 829.767 0.322043 0.0225731 0.666375 -0.548223 -2.33883 -7.75444 -819.674 0 
2 829.694 0.317012 0.0223883 0.671492 -0.374573 -2.87677 -6.80806 -820.009 0 
3 830.236 0.312285 0.0223026 0.677481 -0.16006 -2.41834 -6.36779 -821.45 0 
3 828.608 0.31535 0.0223071 0.673998 -0.230051 -0.967212 -6.90211 -820.738 0 
1 829.099 0.315536 0.0223518 0.67545 -0.139348 -0.44084 -7.40304 -821.255 0 
2 828.141 0.313593 0.022601 0.67543 -0.324066 -1.58971 -6.16304 -820.388 0 
11 828.291 0.319619 0.0225869 0.668668 -0.490813 -1.38019 -7.22046 -819.69 0 
4 827.558 0.311867 0.0224401 0.67445 -0.41294 -1.80873 -5.64679 -820.102 0 
9 828.856 0.307986 0.0223865 0.67508 -0.495117 -3.69552 -5.18692 -819.974 0 
2 827.612 0.307763 0.0223384 0.678078 -0.288277 -1.37764 -5.18863 -821.046 0 
4 828.47 0.309067 0.0226573 0.675182 -0.570407 -3.3468 -5.41077 -819.713 0 
16 829.197 0.305286 0.0227548 0.678952 -0.537249 -4.09238 -5.1646 -819.94 0 
13 827.959 0.309345 0.0226441 0.677579 -0.373958 -2.23215 -5.3012 -820.425 0 
8 829.546 0.317154 0.0226992 0.67038 -0.508382 -3.27769 -6.57956 -819.688 0 
2 828.566 0.318529 0.0226598 0.666689 -0.673842 -2.0762 -6.78743 -819.703 0 
10 828.768 0.320068 0.0223455 0.664493 -0.586221 -1.94381 -7.16803 -819.656 0 
8 828.568 0.315144 0.0224643 0.671704 -0.38696 -2.14107 -6.38174 -820.045 0 
3 829.605 0.316941 0.0226783 0.668932 -0.579398 -3.52309 -6.4572 -819.625 0 
3 830.189 0.313391 0.0227332 0.669939 -0.678892 -4.62963 -5.96444 -819.594 0 
4 831.015 0.302908 0.0228237 0.679204 -0.626134 -5.73085 -5.54241 -819.741 0 
2 830.526 0.308279 0.0227972 0.676103 -0.554923 -5.49345 -5.26006 -819.773 0 
2 828.856 0.31738 0.022557 0.668373 -0.538247 -2.61165 -6.59214 -819.652 0 
2 826.633 0.313156 0.0225093 0.672004 -0.50278 -1.06517 -5.79757 -819.77 0 
13 827.303 0.318965 0.0223891 0.66723 -0.512827 -0.6292 -7.00333 -819.67 0 
4 827.257 0.308932 0.022483 0.675777 -0.460903 -1.95691 -5.24078 -820.059 0 
1 827.633 0.310235 0.0223041 0.676612 -0.267279 -1.05995 -5.62164 -820.952 0 
1 828.181 0.318929 0.0223762 0.665555 -0.60837 -1.65942 -6.87376 -819.647 0 
1 831.527 0.310973 0.0221492 0.675839 -0.238564 -4.64458 -5.81881 -821.063 0 
2 829.537 0.308424 0.0223904 0.678465 -0.310676 -3.45434 -5.23593 -820.846 0 
1 829.26 0.309336 0.0223573 0.681187 -0.0597535 -0.536632 -6.138 -822.586 0 
2 827.481 0.316661 0.0224092 0.672468 -0.28955 -0.0629058 -7.06323 -820.355 0 
7 827.203 0.318669 0.0224848 0.66917 -0.444432 -0.338631 -7.08964 -819.775 0 
4 827.258 0.315978 0.022429 0.670495 -0.469103 -1.11049 -6.36747 -819.78 0 
8 827.36 0.318041 0.0224501 0.668362 -0.483746 -0.803724 -6.84095 -819.715 0 
4 827.831 0.313753 0.0223154 0.671491 -0.412081 -1.80739 -6.00642 -820.018 0 
3 828.176 0.312846 0.0224033 0.675092 -0.257551 -1.15701 -6.23271 -820.786 0 
6 827.368 0.314451 0.0225769 0.672115 -0.460546 -1.45721 -6.06911 -819.841 0 
5 827.307 0.314614 0.0223561 0.670543 -0.458628 -1.36197 -6.10342 -819.842 0 
1 828.44 0.318838 0.02233 0.665847 -0.576478 -1.92338 -6.87831 -819.639 0 
9 826.765 0.311045 0.0225105 0.674476 -0.460239 -1.30682 -5.49323 -819.965 0 
1 826.645 0.313063 0.0225501 0.673138 -0.457868 -0.940296 -5.80962 -819.895 0 
1 827.522 0.30679 0.0225021 0.681689 -0.191867 -0.447324 -5.23661 -821.838 0 
5 827.427 0.308587 0.0224759 0.680168 -0.200585 -0.365015 -5.4978 -821.564 0 
8 827.96 0.303677 0.0225129 0.682724 -0.247111 -1.38085 -4.80224 -821.777 0 
1 827.433 0.310944 0.0225228 0.676903 -0.294003 -0.993396 -5.70544 -820.734 0 
1 828.426 0.311968 0.0225684 0.677332 -0.24962 -1.48164 -6.03822 -820.906 0 
2 829.017 0.309282 0.0226058 0.680314 -0.237183 -2.27178 -5.50968 -821.235 0 
2 828.678 0.312638 0.0226699 0.674918 -0.451671 -3.00477 -5.74318 -819.93 0 
14 827.676 0.309736 0.0225843 0.678892 -0.274306 -1.20677 -5.51602 -820.953 0 
10 827.656 0.307471 0.0225191 0.681335 -0.195001 -0.594033 -5.32938 -821.733 0 
3 827.11 0.305061 0.0225634 0.680935 -0.336541 -1.26222 -4.8636 -820.984 0 
7 826.741 0.312852 0.0225165 0.673341 -0.430129 -0.945057 -5.80307 -819.993 0 
3 828.686 0.315335 0.0224518 0.673329 -0.280972 -1.43268 -6.77422 -820.479 0 
1 829.438 0.311915 0.0224396 0.677299 -0.171882 -1.68213 -6.34859 -821.408 0 
15 826.958 0.316294 0.0225186 0.671198 -0.429777 -0.566121 -6.52364 -819.869 0 
5 827.283 0.310353 0.0225543 0.67616 -0.418558 -1.71281 -5.41244 -820.158 0 
4 826.992 0.310345 0.0225103 0.67783 -0.279516 -0.510564 -5.61277 -820.868 0 
4 828.639 0.312313 0.0224124 0.678302 -0.115612 -0.241214 -6.63701 -821.761 0 
6 829.032 0.320949 0.0224128 0.667975 -0.42601 -1.48539 -7.77691 -819.77 0 
1 830.986 0.326644 0.0221953 0.662497 -0.382105 -1.07786 -10.1334 -819.775 0 
1 829.496 0.31342 0.0223329 0.677217 -0.077901 -0.41442 -7.17266 -821.909 0 
1 828.565 0.304757 0.0223987 0.683266 -0.115824 -0.648184 -5.16694 -822.75 0 
1 828.899 0.30314 0.022502 0.679269 -0.486156 -3.6301 -4.99355 -820.276 0 
5 828.112 0.301391 0.0225808 0.683625 -0.350542 -2.1251 -4.73938 -821.248 0 
2 827.244 0.307697 0.0225081 0.679807 -0.286436 -1.00533 -5.17493 -821.064 0 
9 828.067 0.319262 0.0224909 0.665421 -0.657732 -1.42935 -6.93665 -819.701 0 
14 827.943 0.316415 0.022602 0.667566 -0.675209 -1.88757 -6.40665 -819.649 0 
3 828.053 0.316656 0.0223589 0.667418 -0.56203 -2.00738 -6.41193 -819.634 0 
1 828.045 0.313002 0.0224351 0.670578 -0.57875 -2.60188 -5.80893 -819.634 0 
6 827.195 0.308357 0.0224212 0.679015 -0.236234 -0.475699 -5.38383 -821.336 0 
1 831.14 0.313552 0.0224985 0.668235 -0.656103 -5.63064 -5.91897 -819.59 0 
1 830.278 0.314266 0.0226675 0.667329 -0.802389 -3.94747 -6.50653 -819.824 0 
1 828.043 0.314308 0.0226126 0.66916 -0.673584 -2.32887 -6.10781 -819.606 0 
3 828.042 0.312644 0.0226097 0.672413 -0.518383 -2.58892 -5.70608 -819.747 0 
6 827.928 0.307773 0.0226914 0.678795 -0.412121 -2.48433 -5.10323 -820.341 0 
4 827.055 0.315766 0.0225564 0.669406 -0.571864 -1.19052 -6.23674 -819.627 0 
1 827.994 0.303139 0.0226372 0.682531 -0.344489 -2.1274 -4.75268 -821.114 0 
2 828.187 0.305156 0.0225102 0.679761 -0.404776 -2.70785 -4.91586 -820.563 0 
1 828.352 0.310041 0.0223736 0.678053 -0.184727 -0.968493 -5.865 -821.518 0 
4 828.212 0.313661 0.0224889 0.67067 -0.522593 -2.62818 -5.86751 -819.716 0 
1 827.123 0.313264 0.0224033 0.672603 -0.401737 -1.11775 -5.92776 -820.078 0 
4 827.959 0.316994 0.0223354 0.670172 -0.40941 -1.32949 -6.72684 -819.903 0 
2 827.29 0.319157 0.0224704 0.666419 -0.57942 -0.696934 -6.95052 -819.642 0 
2 828.336 0.320326 0.0225199 0.663967 -0.703694 -1.34246 -7.17008 -819.824 0 
8 827.493 0.304833 0.022434 0.681223 -0.261111 -1.07069 -4.88689 -821.535 0 
1 829.089 0.307052 0.0222638 0.680247 -0.139771 -1.42379 -5.44211 -822.223 0 
1 830.723 0.313976 0.0222337 0.669192 -0.492781 -5.00643 -5.94271 -819.773 0 
2 832.579 0.317767 0.0222998 0.666945 -0.471324 -6.0109 -6.82853 -819.74 0 
1 828.953 0.31671 0.0224967 0.666142 -0.676354 -2.86362 -6.43274 -819.657 0 
6 829.498 0.31603 0.0226696 0.666467 -0.776811 -3.10149 -6.56768 -819.829 0 
4 828.501 0.312134 0.0225883 0.675716 -0.335131 -2.22566 -5.84577 -820.43 0 
4 829.368 0.312755 0.0224764 0.675497 -0.258774 -2.36093 -6.22008 -820.787 0 
2 828.159 0.310192 0.0224077 0.678049 -0.195476 -0.876062 -5.85685 -821.426 0 
4 827.375 0.311119 0.0223664 0.676992 -0.21814 -0.239214 -5.95572 -821.18 0 
10 827.934 0.310034 0.0225559 0.677252 -0.31726 -1.76365 -5.49502 -820.676 0 
2 829.609 0.313349 0.022426 0.674218 -0.283762 -2.72416 -6.28033 -820.605 0 
3 829.581 0.312599 0.0224314 0.672225 -0.434817 -3.83538 -5.75811 -819.988 0 
4 828.467 0.309394 0.0224632 0.676775 -0.319914 -2.36479 -5.39048 -820.712 0 
2 828.678 0.313358 0.0224603 0.672245 -0.42238 -2.76069 -5.91874 -819.999 0 
5 827.57 0.304497 0.0224572 0.680231 -0.361172 -1.85868 -4.83418 -820.878 0 
5 827.42 0.306934 0.0223829 0.679613 -0.245655 -0.849785 -5.15057 -821.419 0 
9 827.342 0.305128 0.0225102 0.679984 -0.378881 -1.743 -4.88385 -820.715 0 
1 827.384 0.308943 0.0223867 0.678544 -0.253663 -0.804949 -5.42003 -821.159 0 
4 827.607 0.31355 0.0223834 0.670565 -0.526134 -2.03589 -5.85975 -819.711 0 
5 829.391 0.311607 0.0223725 0.67426 -0.331393 -3.14247 -5.76379 -820.484 0 
3 829.239 0.312357 0.0225699 0.671611 -0.545155 -3.88239 -5.6604 -819.697 0 
3 830.294 0.307538 0.0225336 0.674593 -0.618061 -5.15904 -5.48922 -819.646 0 
1 828.799 0.305684 0.0223426 0.678442 -0.37151 -3.16995 -4.91648 -820.713 0 
2 827.537 0.315034 0.022411 0.66971 -0.503338 -1.67461 -6.13427 -819.728 0 
9 829.442 0.316108 0.0223887 0.673213 -0.222882 -1.47083 -7.25309 -820.718 0 
5 828.564 0.312094 0.0224289 0.678266 -0.127596 -0.325461 -6.53882 -821.699 0 
4 829.549 0.308819 0.0226983 0.680462 -0.271877 -3.12905 -5.36719 -821.052 0 
1 829.601 0.306743 0.0227142 0.681563 -0.281442 -3.34326 -5.06836 -821.189 0 
1 829.673 0.31327 0.0227532 0.673244 -0.557396 -4.17405 -5.83759 -819.661 0 
2 830.91 0.312273 0.0224202 0.675666 -0.229414 -3.67641 -6.23299 -821.001 0 
3 830.728 0.312097 0.0227193 0.676408 -0.352833 -4.58155 -5.79804 -820.348 0 
3 831.737 0.305731 0.0228973 0.678702 -0.590043 -6.64481 -5.33773 -819.754 0 
2 829.752 0.308314 0.0227796 0.677261 -0.48816 -4.59025 -5.17708 -819.985 0 
4 831 0.310566 0.0228355 0.674701 -0.567558 -5.835 -5.47802 -819.687 0 
2 833.985 0.308144 0.0226911 0.681066 -0.200538 -6.89198 -5.47846 -821.614 0 
2 833.231 0.320122 0.0228191 0.663316 -0.881795 -5.21415 -7.50007 -820.517 0 
1 828.242 0.319117 0.0225077 0.664987 -0.665904 -1.64176 -6.89225 -819.708 0 
1 828.034 0.311716 0.0224477 0.671211 -0.565832 -2.75848 -5.60574 -819.67 0 
18 828.017 0.317129 0.0222995 0.668013 -0.48948 -1.69728 -6.60181 -819.718 0 
2 828.689 0.316726 0.022458 0.667045 -0.654679 -2.59786 -6.45481 -819.637 0 
8 827.129 0.313358 0.0224 0.671361 -0.493819 -1.50589 -5.83646 -819.787 0 
1 826.624 0.314581 0.0224289 0.671401 -0.452865 -0.663499 -6.10196 -819.858 0 
3 828.108 0.310561 0.0224409 0.677478 -0.227848 -1.10947 -5.82742 -821.171 0 
13 827.03 0.314237 0.0223843 0.673424 -0.312346 -0.2706 -6.35775 -820.402 0 
1 827.631 0.316838 0.0223323 0.669497 -0.41302 -1.022 -6.71072 -819.898 0 
4 829.157 0.30877 0.0225476 0.673191 -0.640447 -3.98464 -5.57694 -819.595 0 
7 829.885 0.309668 0.0226804 0.672286 -0.712078 -4.43596 -5.88988 -819.56 0 
2 830.359 0.308731 0.0226099 0.675698 -0.461281 -5.1073 -5.18401 -820.068 0 
1 830.659 0.308754 0.0226351 0.676416 -0.428903 -5.269 -5.18758 -820.203 0 
1 830.711 0.309208 0.0226008 0.673683 -0.641946 -5.47438 -5.64663 -819.59 0 
4 830.857 0.300236 0.0224058 0.689298 0.0493472 -0.445275 -5.14925 -825.262 0 
1 830.995 0.297699 0.0224644 0.691898 0.0480508 -0.270781 -4.94081 -825.784 0 
7 826.514 0.31304 0.0224718 0.674045 -0.376679 -0.405491 -5.9203 -820.188 0 
2 828.428 0.320689 0.0224297 0.667226 -0.484862 -1.21356 -7.52259 -819.691 0 
4 828.446 0.318425 0.0224643 0.667576 -0.57086 -2.01999 -6.79017 -819.636 0 
1 828.423 0.320859 0.022415 0.664956 -0.552876 -1.32373 -7.43995 -819.66 0 
2 827.789 0.312656 0.0224766 0.676477 -0.230908 -0.570372 -6.26081 -820.958 0 
1 828.504 0.31778 0.0226609 0.667146 -0.677803 -2.16771 -6.64954 -819.687 0 
5 827.665 0.316179 0.0225177 0.668395 -0.580467 -1.73648 -6.30688 -819.622 0 
9 828.026 0.31246 0.0223492 0.67238 -0.418205 -2.2214 -5.75065 -820.054 0 
5 827.232 0.318038 0.0225209 0.667522 -0.574982 -0.901981 -6.69738 -819.632 0 
5 830.467 0.31391 0.022494 0.66772 -0.737 -4.54675 -6.25482 -819.665 0 
8 828.846 0.316149 0.022472 0.667874 -0.57825 -2.92526 -6.29788 -819.623 0 
1 827.386 0.309768 0.0225447 0.675292 -0.441382 -1.97497 -5.31548 -820.095 0 
3 827.517 0.317059 0.0223982 0.667935 -0.527505 -1.3215 -6.53122 -819.665 0 
8 827.202 0.308001 0.022393 0.677832 -0.33227 -1.28709 -5.1613 -820.753 0 
3 827.96 0.319723 0.0222842 0.667626 -0.403782 -0.595904 -7.52401 -819.84 0 
3 828.448 0.313965 0.0222689 0.675351 -0.158329 -0.271912 -6.88719 -821.288 0 
2 829.651 0.319833 0.022425 0.671472 -0.220161 -0.764435 -8.41705 -820.47 0 
4 828.204 0.313858 0.0223673 0.676188 -0.171446 -0.218944 -6.77039 -821.215 0 
3 828.702 0.32206 0.0223767 0.664693 -0.555905 -1.27858 -7.74675 -819.676 0 
4 832.305 0.326155 0.0225994 0.657904 -0.888185 -2.52778 -8.69967 -821.078 0 
3 832.672 0.328592 0.0224972 0.655063 -0.911498 -1.83074 -9.34584 -821.496 0 
2 830.921 0.32413 0.022357 0.664048 -0.436259 -2.27854 -8.91428 -819.728 0 
1 826.743 0.312331 0.022451 0.675569 -0.307028 -0.253505 -5.93214 -820.558 0 
8 827.13 0.312445 0.0225492 0.675547 -0.33741 -0.843687 -5.88815 -820.399 0 
2 826.904 0.308764 0.0224379 0.6783 -0.272918 -0.487095 -5.36576 -821.051 0 
21 826.816 0.311768 0.0225003 0.675464 -0.370201 -0.841333 -5.68588 -820.288 0 
3 827.357 0.313279 0.0225381 0.672385 -0.514643 -1.79178 -5.82449 -819.74 0 
3 827.26 0.314185 0.0225445 0.670532 -0.579616 -1.6559 -5.97888 -819.625 0 
8 826.737 0.310157 0.0225006 0.675974 -0.405028 -1.11864 -5.3908 -820.228 0 
5 826.866 0.30723 0.0224656 0.679369 -0.289347 -0.660543 -5.11664 -821.089 0 
5 827.786 0.305556 0.022491 0.682394 -0.216372 -0.976637 -5.01495 -821.794 0 
8 828.383 0.30308 0.022445 0.684378 -0.185323 -1.19698 -4.81747 -822.368 0 
11 826.819 0.308745 0.0225583 0.677607 -0.388246 -1.21055 -5.21402 -820.394 0 
2 826.922 0.307954 0.0224646 0.676752 -0.418926 -1.50714 -5.11811 -820.296 0 
1 827.412 0.307601 0.0225703 0.679063 -0.365792 -1.72378 -5.09406 -820.594 0 
5 827.647 0.315078 0.0224725 0.67214 -0.43488 -1.52854 -6.22507 -819.893 0 
17 827.406 0.320541 0.0224179 0.665931 -0.53442 -0.367874 -7.37891 -819.659 0 
6 828.566 0.311871 0.0223643 0.678404 -0.120343 -0.309462 -6.47835 -821.778 0 
1 828.232 0.310265 0.0224526 0.679785 -0.133504 -0.299455 -6.06336 -821.869 0 
2 830.642 0.32111 0.0223857 0.668198 -0.31671 -2.18551 -8.42255 -820.034 0 
1 830.043 0.325795 0.0223041 0.663477 -0.402275 -0.606024 -9.68021 -819.756 0 
1 832.438 0.323619 0.0222373 0.66942 -0.102912 -0.989183 -10.684 -820.765 0 
4 829.905 0.326593 0.0222702 0.660636 -0.538575 -0.819842 -9.32508 -819.76 0 
3 830.18 0.323387 0.0221703 0.665416 -0.349024 -1.32302 -8.98012 -819.877 0 
2 828.137 0.315388 0.0223955 0.674242 -0.251433 -0.686337 -6.82815 -820.623 0 
1 829.687 0.3241 0.0223161 0.665007 -0.378544 -0.725593 -9.1564 -819.805 0 
8 829.613 0.320213 0.0224601 0.670934 -0.256087 -0.971356 -8.34868 -820.293 0 
6 828.873 0.31341 0.0223312 0.676 -0.148852 -0.646405 -6.81941 -821.408 0 
1 828.176 0.312057 0.0224808 0.677624 -0.224232 -1.02207 -6.10152 -821.053 0 
8 827.746 0.31128 0.0226002 0.677302 -0.316835 -1.46485 -5.6984 -820.583 0 
2 829.814 0.300663 0.0224506 0.688792 -0.000908411 -0.196724 -5.0135 -824.604 0 
2 829.983 0.305298 0.0223422 0.680821 -0.27426 -3.67883 -4.91564 -821.388 0 
5 829.3 0.307256 0.0222648 0.677122 -0.342117 -3.47773 -5.06494 -820.757 0 
5 827.766 0.302296 0.0225685 0.682762 -0.35343 -1.88294 -4.74783 -821.136 0 
1 827.585 0.304426 0.0226178 0.680666 -0.411426 -2.12636 -4.87661 -820.582 0 
10 826.755 0.309108 0.0225585 0.67582 -0.467349 -1.47686 -5.25238 -820.026 0 
1 829.215 0.306387 0.0226024 0.678582 -0.396275 -3.74251 -4.95467 -820.518 0 
3 828.498 0.307527 0.0227164 0.679216 -0.41641 -3.07696 -5.08526 -820.336 0 
7 827.585 0.305959 0.0225061 0.681672 -0.215449 -0.749883 -5.0815 -821.754 0 
7 826.617 0.311537 0.0225018 0.675173 -0.372796 -0.678123 -5.64885 -820.291 0 
1 827.095 0.309499 0.0226303 0.676335 -0.449807 -1.72984 -5.28961 -820.075 0 
2 827.807 0.309641 0.0226687 0.677584 -0.388672 -2.14406 -5.32913 -820.334 0 
1 826.847 0.316107 0.0224534 0.671528 -0.400947 -0.347881 -6.53975 -819.959 0 
2 827.636 0.313053 0.0226423 0.674137 -0.437341 -1.84576 -5.82946 -819.96 0 
18 827.076 0.311429 0.0225869 0.675877 -0.392566 -1.26904 -5.59745 -820.209 0 
8 826.816 0.31624 0.0224649 0.671358 -0.408157 -0.327368 -6.55583 -819.932 0 
5 827.027 0.310931 0.0224832 0.67329 -0.496432 -1.70511 -5.46878 -819.853 0 
4 828.817 0.310488 0.0222286 0.677452 -0.156431 -1.10655 -6.03786 -821.673 0 
3 828.932 0.302902 0.0223907 0.682981 -0.255255 -2.38114 -4.7466 -821.805 0 
2 828.929 0.299532 0.0224418 0.685964 -0.215639 -1.70252 -4.63452 -822.592 0 
2 829.563 0.30242 0.022582 0.6814 -0.456789 -4.11479 -4.96939 -820.479 0 
1 827.941 0.308738 0.022634 0.677124 -0.41525 -2.47908 -5.1962 -820.265 0 
2 828.048 0.302922 0.0226586 0.682406 -0.3749 -2.34184 -4.77445 -820.931 0 
12 827.971 0.311073 0.0226799 0.673604 -0.55354 -2.74411 -5.52158 -819.705 0 
17 828.618 0.316905 0.0225829 0.666069 -0.723492 -2.33581 -6.54523 -819.737 0 
9 830.346 0.317709 0.0224252 0.664115 -0.724134 -3.92123 -6.658 -819.767 0 
1 829.393 0.317568 0.0223229 0.667945 -0.451579 -2.79941 -6.8114 -819.783 0 
7 827.36 0.314784 0.022466 0.669982 -0.520818 -1.58927 -6.07122 -819.7 0 
2 829.178 0.312933 0.0222467 0.672524 -0.342782 -2.84281 -5.99319 -820.342 0 
3 829.507 0.318091 0.0223514 0.669802 -0.328504 -2.00523 -7.38011 -820.122 0 
9 827.995 0.316103 0.0223259 0.673276 -0.238455 -0.259387 -7.09848 -820.637 0 
3 827.862 0.319761 0.0223688 0.669377 -0.332485 -0.0049177 -7.82098 -820.036 0 
8 828.723 0.321669 0.0222526 0.665156 -0.456768 -1.06492 -7.94122 -819.717 0 
12 827.618 0.319649 0.0224371 0.667176 -0.485512 -0.659537 -7.26224 -819.696 0 
2 829.341 0.312261 0.0224718 0.678811 -0.107177 -0.837269 -6.67422 -821.829 0 
4 828.096 0.314306 0.0224324 0.675579 -0.200289 -0.305423 -6.79602 -820.995 0 
1 827.451 0.317774 0.0225512 0.669683 -0.49094 -0.998576 -6.74587 -819.707 0 
14 828.157 0.319931 0.0225485 0.667234 -0.519411 -1.23796 -7.25535 -819.664 0 
9 827.711 0.314656 0.0225367 0.668664 -0.64623 -2.01474 -6.096 -819.6 0 
1 828.516 0.304368 0.0224548 0.68275 -0.182706 -1.33366 -4.96468 -822.218 0 
1 831.335 0.294614 0.0224581 0.690934 -0.134722 -2.36208 -4.7376 -824.235 0 
10 831.24 0.300769 0.0223371 0.685598 -0.18088 -3.8202 -4.68385 -822.736 0 
3 832.173 0.306592 0.022316 0.681533 -0.181828 -5.03845 -5.19382 -821.941 0 
1 831.344 0.298096 0.0223651 0.68994 -0.0405215 -1.94198 -4.75038 -824.652 0 
4 831.431 0.306071 0.0224847 0.682477 -0.225516 -4.7204 -5.04746 -821.663 0 
2 832.834 0.310105 0.0224372 0.682355 -0.0168719 -3.52646 -6.46262 -822.845 0 
1 833.06 0.305624 0.0224783 0.687509 0.13984 -1.51865 -6.35442 -825.187 0 
1 833.114 0.297529 0.022645 0.692517 0.0160951 -2.81041 -4.87214 -825.431 0 
3 829.688 0.304894 0.0227853 0.680585 -0.476603 -4.46425 -5.01103 -820.213 0 
1 829.303 0.300412 0.022588 0.688054 -0.119578 -1.17723 -4.73745 -823.388 0 
1 830.164 0.300748 0.0225169 0.688993 -0.0405976 -1.11447 -4.89561 -824.154 0 
1 829.876 0.30077 0.022437 0.688784 -0.00383243 -0.323577 -5.00143 -824.551 0 
9 830.236 0.307518 0.0224528 0.678857 -0.359999 -4.50866 -5.09464 -820.633 0 
1 829.691 0.311599 0.0224267 0.675334 -0.38662 -3.83749 -5.62832 -820.226 0 
6 829.766 0.320858 0.0223615 0.663547 -0.662467 -2.71004 -7.29796 -819.758 0 
4 831.056 0.321295 0.0221608 0.664038 -0.483491 -3.61283 -7.75185 -819.691 0 
5 830.369 0.313774 0.0222736 0.668516 -0.575654 -4.83865 -5.89845 -819.632 0 
7 829.079 0.305212 0.0223454 0.679381 -0.346581 -3.29095 -4.88188 -820.906 0 
5 827.041 0.310393 0.0223591 0.676553 -0.280963 -0.562838 -5.62311 -820.855 0 
4 827.203 0.317563 0.0224695 0.670757 -0.394363 -0.346164 -6.92923 -819.927 0 
2 830.369 0.310961 0.0225845 0.67923 -0.238912 -3.50205 -5.80445 -821.062 0 
1 828.823 0.313212 0.0225168 0.676211 -0.290871 -2.10581 -6.13968 -820.578 0 
3 828.751 0.312589 0.0224268 0.675705 -0.313691 -2.30297 -5.94263 -820.505 0 
2 827.796 0.314364 0.0224566 0.675371 -0.239227 -0.406286 -6.62341 -820.766 0 
3 827.025 0.31541 0.022353 0.672129 -0.340397 -0.270225 -6.54508 -820.21 0 
4 827.472 0.317249 0.0223943 0.670734 -0.349985 -0.371446 -7.018 -820.083 0 
1 827.133 0.31277 0.0223988 0.67369 -0.354735 -0.910651 -5.92457 -820.298 0 
10 827.125 0.309672 0.022586 0.676433 -0.405146 -1.54869 -5.32076 -820.255 0 
1 827.209 0.313213 0.0226021 0.672334 -0.511658 -1.65899 -5.80193 -819.748 0 
7 828.667 0.318307 0.0225042 0.668848 -0.452867 -1.9048 -6.99654 -819.765 0 
1 828.409 0.314953 0.0223424 0.671609 -0.35147 -1.78644 -6.43327 -820.189 0 
4 828.752 0.315147 0.0224468 0.672077 -0.355498 -2.11483 -6.47387 -820.163 0 
7 828.821 0.316444 0.0222625 0.670862 -0.304825 -1.5396 -6.97983 -820.301 0 
3 827.353 0.317225 0.022359 0.67107 -0.325055 -0.0862248 -7.09035 -820.177 0 
3 827.075 0.310205 0.0223731 0.677382 -0.252343 -0.373412 -5.65389 -821.048 0 
13 826.66 0.311542 0.0224885 0.675679 -0.338525 -0.495076 -5.71129 -820.453 0 
1 827.708 0.315049 0.022404 0.673557 -0.270572 -0.437662 -6.72017 -820.55 0 
3 827.721 0.309771 0.0225085 0.677307 -0.303396 -1.46613 -5.47881 -820.776 0 
3 829.275 0.30538 0.0227057 0.679948 -0.471521 -4.03953 -5.02852 -820.207 0 
2 827.434 0.31486 0.0225503 0.673157 -0.405895 -1.20674 -6.23528 -819.992 0 
7 828.082 0.31755 0.0226363 0.668959 -0.556667 -1.83743 -6.60635 -819.638 0 
21 826.588 0.312765 0.0224419 0.674441 -0.344915 -0.3093 -5.93542 -820.343 0 
12 828.443 0.310171 0.0222436 0.677029 -0.210164 -1.34025 -5.77537 -821.328 0 
5 828.395 0.3139 0.0223103 0.670084 -0.506484 -2.72751 -5.92304 -819.744 0 
4 829.005 0.308178 0.0222408 0.677584 -0.251471 -2.43569 -5.32009 -821.249 0 
10 828.471 0.309055 0.022271 0.676187 -0.315285 -2.37246 -5.33318 -820.766 0 
1 829.815 0.311797 0.0221616 0.674893 -0.240074 -2.82182 -6.0141 -820.979 0 
1 829.025 0.303902 0.0223175 0.684223 -0.0733708 -0.584645 -5.16093 -823.279 0 
5 828.769 0.315687 0.0222784 0.668468 -0.514977 -2.81954 -6.25297 -819.696 0 
3 830.85 0.315994 0.0222145 0.668692 -0.42302 -4.46017 -6.49253 -819.897 0 
4 831.398 0.314768 0.0222373 0.670767 -0.345811 -4.75147 -6.42396 -820.222 0 
1 831.368 0.316268 0.0224781 0.664734 -0.804524 -4.72536 -6.71758 -819.925 0 
5 827.814 0.310037 0.022471 0.672817 -0.557212 -2.67048 -5.4234 -819.72 0 
5 828.263 0.304489 0.0224444 0.683856 -0.119769 -0.395503 -5.11407 -822.754 0 
1 828.621 0.300989 0.022592 0.684473 -0.333897 -2.4797 -4.72821 -821.413 0 
3 828.969 0.301205 0.0224237 0.684146 -0.268594 -2.3881 -4.67766 -821.903 0 
3 828.257 0.306135 0.0224306 0.677666 -0.441201 -2.95374 -4.99895 -820.304 0 
16 827.533 0.305028 0.0224662 0.681944 -0.221809 -0.758143 -4.96 -821.815 0 
2 829.085 0.298403 0.0225614 0.685976 -0.314486 -2.48938 -4.72766 -821.868 0 
5 829.515 0.297817 0.0225025 0.688939 -0.136463 -1.21832 -4.64902 -823.647 0 
18 827.266 0.3094 0.0224341 0.674631 -0.462291 -1.9579 -5.27674 -820.031 0 
6 828.308 0.309644 0.0224438 0.673716 -0.490797 -3.08468 -5.30404 -819.919 0 
4 829.054 0.311792 0.022358 0.670936 -0.566188 -3.74934 -5.63692 -819.668 0 
18 829.653 0.311915 0.0224753 0.669667 -0.645549 -4.33515 -5.73712 -819.581 0 
4 828.265 0.310856 0.0225283 0.671491 -0.636985 -3.00864 -5.66965 -819.587 0 
2 826.819 0.307341 0.0225667 0.678611 -0.382538 -1.239 -5.05805 -820.522 0 
4 829.029 0.318335 0.0225941 0.666314 -0.695602 -2.51225 -6.78418 -819.733 0 
1 827.999 0.322665 0.0223768 0.664168 -0.543559 -0.348934 -7.96836 -819.682 0 
5 828.722 0.312291 0.0225465 0.671726 -0.602827 -3.34043 -5.77004 -819.612 0 
6 829.03 0.305624 0.0224467 0.680516 -0.325136 -3.1027 -4.92085 -821.006 0 
3 827.885 0.308324 0.0223847 0.680746 -0.131886 -0.0959186 -5.66666 -822.123 0 
3 826.595 0.310894 0.0225013 0.676026 -0.366491 -0.692364 -5.54295 -820.36 0 
2 826.844 0.3147 0.0224626 0.672932 -0.381974 -0.505218 -6.25476 -820.084 0 
9 827.448 0.309118 0.0225052 0.679581 -0.215494 -0.486566 -5.56064 -821.4 0 
5 827.735 0.304137 0.022502 0.681494 -0.334883 -1.84077 -4.81139 -821.083 0 
1 827.57 0.304246 0.0224743 0.683234 -0.202306 -0.599164 -4.90185 -822.069 0 
1 827.658 0.316373 0.0224068 0.667871 -0.564184 -1.67235 -6.35319 -819.633 0 
11 826.778 0.314411 0.0224701 0.670532 -0.523835 -1.073 -6.00448 -819.7 0 
12 827.032 0.309838 0.0225986 0.674708 -0.513686 -1.83648 -5.35653 -819.839 0 
2 829.305 0.311903 0.0227766 0.673987 -0.564195 -3.98367 -5.65197 -819.669 0 
4 828.93 0.306652 0.0227312 0.678009 -0.491638 -3.81666 -5.06228 -820.051 0 
10 829.114 0.307646 0.0227527 0.675964 -0.607354 -4.02796 -5.42115 -819.665 0 
2 828.039 0.314065 0.022647 0.672152 -0.502045 -2.33626 -5.95205 -819.75 0 
8 828.155 0.311491 0.0225808 0.67493 -0.401612 -2.38324 -5.60429 -820.168 0 
2 828.142 0.310527 0.0225111 0.675685 -0.362077 -2.23554 -5.50169 -820.405 0 
3 827.614 0.309602 0.0224077 0.674566 -0.4668 -2.29675 -5.31166 -820.005 0 
7 828.114 0.307293 0.0223045 0.679608 -0.213316 -1.2404 -5.25771 -821.616 0 
1 830.183 0.305203 0.0222458 0.683651 -0.00645724 -0.85738 -5.60262 -823.723 0 
2 826.654 0.310235 0.0224707 0.674865 -0.433473 -1.16714 -5.38371 -820.103 0 
1 829.327 0.311456 0.0224194 0.678467 -0.117803 -1.02101 -6.46012 -821.846 0 
2 829.352 0.320764 0.0223807 0.668741 -0.309506 -0.970301 -8.3108 -820.071 0 
1 830.726 0.323884 0.0226277 0.661929 -0.756381 -2.51825 -8.03065 -820.177 0 
14 827.939 0.318808 0.0223561 0.670326 -0.324614 -0.306364 -7.53003 -820.103 0 
15 828.579 0.313874 0.0223128 0.67623 -0.142121 -0.262458 -6.91157 -821.405 0 
2 826.986 0.314181 0.022381 0.67387 -0.302798 -0.178469 -6.35692 -820.451 0 
2 829.93 0.321728 0.0224234 0.661117 -0.764062 -2.35026 -7.50212 -820.077 0 
12 829.744 0.319711 0.0225102 0.662602 -0.786043 -2.57454 -7.12624 -820.044 0 
5 827.166 0.314562 0.0225279 0.67197 -0.481245 -1.3166 -6.06339 -819.786 0 
6 827.417 0.31319 0.0224632 0.676016 -0.251694 -0.338282 -6.28721 -820.791 0 
1 826.791 0.316084 0.0224081 0.67003 -0.45911 -0.574834 -6.41558 -819.8 0 
1 828.536 0.314785 0.0226865 0.670973 -0.596352 -2.83682 -6.0877 -819.611 0 
6 829.177 0.313355 0.0226969 0.674535 -0.455796 -3.4228 -5.86357 -819.891 0 
7 826.843 0.316546 0.0224276 0.669703 -0.463367 -0.547608 -6.5156 -819.78 0 
2 827.185 0.3157 0.0224262 0.672811 -0.311287 -0.144015 -6.72466 -820.317 0 
3 828.192 0.320157 0.0224472 0.669235 -0.354205 -0.37345 -7.86249 -819.956 0 
8 828.591 0.311912 0.0225181 0.677934 -0.232017 -1.53374 -6.03953 -821.018 0 
1 829.383 0.307548 0.0226199 0.682263 -0.168368 -2.02932 -5.42424 -821.93 0 
4 829.623 0.302374 0.0227336 0.685036 -0.299203 -3.38046 -4.72002 -821.523 0 
2 829.747 0.300373 0.0226009 0.683312 -0.379007 -3.8482 -4.75161 -821.147 0 
10 828.231 0.30896 0.0225239 0.673409 -0.599944 -3.13112 -5.4452 -819.654 0 
1 830.752 0.309335 0.0222843 0.681201 0.0243573 -0.772026 -6.64457 -823.336 0 
1 833.12 0.313334 0.0221705 0.679512 0.133315 -0.989963 -8.44038 -823.689 0 
6 832.175 0.314969 0.0223406 0.67844 0.0447115 -1.16143 -8.3497 -822.664 0 
3 833.126 0.320372 0.022322 0.673618 -0.0203987 -1.69637 -9.90354 -821.526 0 
2 830.783 0.323176 0.0223155 0.668897 -0.203827 -0.689359 -9.75209 -820.341 0 
15 831.63 0.329211 0.0225078 0.656349 -0.825879 -1.16769 -9.51451 -820.948 0 
27 831.078 0.321648 0.022107 0.665377 -0.387358 -3.0496 -8.19632 -819.832 0 
3 829.197 0.324691 0.0222663 0.66251 -0.513459 -0.768728 -8.72398 -819.704 0 
1 826.982 0.315335 0.0223648 0.672239 -0.346416 -0.288051 -6.50396 -820.19 0 
1 827.926 0.315579 0.0223181 0.673022 -0.245814 -0.327303 -6.96133 -820.638 0 
4 827.895 0.312493 0.0223077 0.675593 -0.213506 -0.525735 -6.29068 -821.079 0 
3 827.99 0.311059 0.0222903 0.674984 -0.303615 -1.61492 -5.70349 -820.671 0 
1 829.862 0.31086 0.0221824 0.674586 -0.290024 -3.40116 -5.69721 -820.764 0 
12 828.416 0.314212 0.0223603 0.670351 -0.520256 -2.72843 -5.97753 -819.71 0 
2 826.614 0.312642 0.0224616 0.674894 -0.338436 -0.313004 -5.92044 -820.381 0 
1 828.255 0.31951 0.0223613 0.670379 -0.282892 -0.0719164 -7.95953 -820.224 0 
2 828.874 0.32534 0.0223664 0.661353 -0.591542 -0.388247 -8.69523 -819.791 0 
9 828.358 0.322594 0.0224017 0.664195 -0.569091 -0.789659 -7.87615 -819.692 0 
2 828.288 0.317964 0.0223603 0.672024 -0.254164 -0.27056 -7.58353 -820.434 0 
5 827.77 0.31866 0.0223802 0.669953 -0.335907 -0.219502 -7.48011 -820.07 0 
4 828.207 0.317136 0.0225797 0.666393 -0.702005 -1.9464 -6.55561 -819.705 0 
1 828.096 0.315748 0.0225386 0.671873 -0.396897 -1.6199 -6.48968 -819.986 0 
2 827.084 0.318589 0.022476 0.668803 -0.470799 -0.359177 -6.99688 -819.728 0 
4 827.16 0.316006 0.02244 0.670329 -0.442276 -0.877461 -6.43839 -819.844 0 
4 827.488 0.315046 0.0224225 0.672922 -0.316322 -0.599833 -6.5549 -820.333 0 
3 827.972 0.31009 0.0224484 0.676531 -0.304651 -1.69512 -5.53458 -820.743 0 
3 828.35 0.310361 0.0224326 0.674157 -0.424716 -2.81473 -5.40263 -820.132 0 
17 828.77 0.309913 0.0226221 0.673424 -0.568006 -3.66571 -5.40533 -819.699 0 
2 829.265 0.314349 0.0226018 0.667508 -0.75634 -3.22657 -6.32455 -819.714 0 
3 829.204 0.312044 0.0226475 0.673648 -0.477297 -3.70825 -5.62337 -819.872 0 
12 827.99 0.305563 0.0226709 0.680249 -0.389403 -2.46876 -4.90287 -820.619 0 
1 828.909 0.312647 0.0227298 0.670939 -0.671915 -3.42411 -5.90178 -819.583 0 
3 829.086 0.309726 0.0226914 0.678285 -0.337786 -3.0957 -5.40369 -820.587 0 
1 829.34 0.318339 0.0227096 0.667158 -0.68181 -2.86915 -6.76137 -819.709 0 
4 829.407 0.314359 0.0226689 0.671884 -0.569316 -3.75564 -6.01577 -819.635 0 
1 829.402 0.304763 0.0226594 0.682514 -0.333486 -3.51232 -4.85682 -821.032 0 
2 832.49 0.309749 0.0227746 0.675856 -0.580992 -7.29311 -5.52136 -819.676 0 
2 828.527 0.314052 0.0227109 0.67294 -0.507988 -2.83953 -5.95001 -819.738 0 
2 829.669 0.308583 0.0226699 0.681204 -0.219802 -2.79257 -5.44962 -821.427 0 
1 829.344 0.30852 0.0226957 0.679146 -0.387253 -3.73661 -5.19277 -820.414 0 
4 829.846 0.306001 0.0225539 0.684082 -0.0828477 -1.52662 -5.45392 -822.866 0 
1 828.582 0.313086 0.0225502 0.675359 -0.299858 -1.89633 -6.14518 -820.541 0 
1 828.438 0.310669 0.0225078 0.679454 -0.159251 -0.750241 -6.05593 -821.632 0 
3 828.597 0.321692 0.022422 0.666299 -0.443774 -0.847094 -8.01693 -819.733 0 
1 829.328 0.318085 0.0224047 0.670631 -0.305855 -1.65092 -7.46933 -820.208 0 
7 827.761 0.306165 0.0223485 0.679853 -0.256383 -1.3038 -5.0323 -821.424 0 
8 828.061 0.311603 0.022332 0.673375 -0.3884 -2.20249 -5.64092 -820.218 0 
1 828.048 0.309467 0.022412 0.674376 -0.490119 -2.80496 -5.31446 -819.928 0 
9 828.936 0.303529 0.0223171 0.684045 -0.103289 -0.852796 -5.03171 -823.051 0 
1 828.955 0.315052 0.0225133 0.668753 -0.650837 -3.15312 -6.19534 -819.606 0 
1 828.861 0.315667 0.0226452 0.66789 -0.716445 -2.79089 -6.38622 -819.684 0 
13 828.46 0.320255 0.0225243 0.663814 -0.715857 -1.44891 -7.16017 -819.851 0 
2 826.833 0.313004 0.0223775 0.67316 -0.380283 -0.747078 -5.91072 -820.175 0 
4 827.298 0.315901 0.0225374 0.670392 -0.48616 -1.21783 -6.33471 -819.745 0 
7 826.881 0.313021 0.0223847 0.674733 -0.293065 -0.174853 -6.12551 -820.58 0 
4 827.232 0.310929 0.0223619 0.675425 -0.344427 -1.18572 -5.58114 -820.466 0 
4 827.305 0.307205 0.0224184 0.680593 -0.197551 -0.271354 -5.28912 -821.745 0 
1 827.545 0.308133 0.0224224 0.677139 -0.390786 -1.97749 -5.1446 -820.423 0 
1 827.415 0.306804 0.0225963 0.677026 -0.498735 -2.3044 -5.09567 -820.015 0 
2 828.044 0.30865 0.0226252 0.677796 -0.375004 -2.36915 -5.20698 -820.468 0 
5 828.926 0.30672 0.0226325 0.676291 -0.536389 -3.90817 -5.13522 -819.883 0 
1 829.891 0.312656 0.0225829 0.672769 -0.465597 -4.27298 -5.73247 -819.886 0 
3 828.786 0.305676 0.022514 0.678838 -0.375694 -3.2 -4.8966 -820.689 0 
1 828.438 0.311824 0.0224715 0.672712 -0.464845 -2.92311 -5.5959 -819.919 0 
1 832.769 0.321987 0.0225461 0.6632 -0.636912 -5.41193 -7.60475 -819.753 0 
6 833.719 0.3256 0.0225724 0.655878 -0.987599 -3.12733 -8.78581 -821.806 0 
3 827.771 0.317274 0.022489 0.668964 -0.487289 -1.40192 -6.64897 -819.72 0 
1 827.953 0.319846 0.0225137 0.664842 -0.668994 -1.15872 -7.05887 -819.736 0 
4 828.544 0.321436 0.0225486 0.666588 -0.503133 -1.143 -7.72428 -819.677 0 
24 828.457 0.324646 0.0224476 0.663028 -0.560843 -0.174361 -8.55039 -819.732 0 
1 828.756 0.306936 0.0226359 0.678314 -0.476037 -3.54557 -5.11078 -820.1 0 
4 831.705 0.302694 0.0227609 0.684536 -0.353831 -5.82209 -4.78882 -821.094 0 
2 831.12 0.298978 0.0227406 0.687556 -0.316327 -4.58343 -4.75406 -821.782 0 
6 829.434 0.298785 0.022559 0.688564 -0.174061 -1.68802 -4.64212 -823.104 0 
8 829.671 0.302167 0.0225008 0.679817 -0.498968 -4.33497 -5.06106 -820.274 0 
2 831.182 0.3064 0.0223529 0.674698 -0.556278 -6.13275 -5.21913 -819.831 0 
1 832.666 0.297755 0.0224693 0.687201 -0.188109 -4.91566 -4.6246 -823.126 0 
3 828.445 0.302365 0.0226606 0.682113 -0.433652 -2.94245 -4.8874 -820.615 0 
2 829.368 0.304218 0.0226553 0.677802 -0.596619 -4.21148 -5.37213 -819.784 0 
1 828.332 0.312025 0.0224835 0.674514 -0.355796 -2.20854 -5.78449 -820.339 0 
6 827.846 0.303637 0.0226229 0.680463 -0.44984 -2.50654 -4.91075 -820.429 0 
2 829.525 0.300246 0.0224983 0.687263 -0.168876 -1.92358 -4.67266 -822.929 0 
13 828.09 0.308291 0.0225665 0.680699 -0.232244 -1.35855 -5.36106 -821.37 0 
3 830.244 0.306201 0.022736 0.682461 -0.299134 -4.13614 -4.98426 -821.123 0 
3 830.189 0.308034 0.0227875 0.679887 -0.386149 -4.60176 -5.1338 -820.454 0 
1 830.273 0.303435 0.0227499 0.682308 -0.436921 -4.83619 -4.92274 -820.514 0 
1 829.79 0.301851 0.0227405 0.683014 -0.447836 -4.27061 -4.94733 -820.572 0 
4 827.316 0.31519 0.0225946 0.669835 -0.580497 -1.56314 -6.13139 -819.622 0 
5 829.146 0.310096 0.022626 0.675969 -0.409439 -3.55775 -5.37634 -820.212 0 
17 827.595 0.314808 0.0226378 0.670121 -0.602086 -1.90833 -6.07908 -819.608 0 
4 827.928 0.310795 0.0226506 0.672984 -0.61134 -2.70144 -5.61354 -819.613 0 
1 827.585 0.311051 0.0226706 0.67375 -0.55428 -2.3501 -5.53055 -819.704 0 
2 828.834 0.318602 0.0225089 0.667154 -0.541493 -2.3094 -6.87615 -819.648 0 
1 827.149 0.312755 0.0225579 0.674804 -0.367814 -1.02043 -5.88743 -820.241 0 
7 829.333 0.318073 0.0226273 0.670233 -0.496708 -2.83645 -6.80171 -819.695 0 
3 828.211 0.322335 0.0223988 0.663387 -0.596325 -0.743648 -7.75824 -819.709 0 
1 827.717 0.308329 0.0224843 0.680787 -0.170303 -0.350248 -5.54708 -821.82 0 
1 828.079 0.313108 0.0222985 0.676078 -0.170304 -0.190436 -6.59265 -821.296 0 
8 828.352 0.319699 0.0222501 0.667415 -0.405427 -1.00763 -7.50755 -819.836 0 
2 828.457 0.322096 0.022451 0.663747 -0.635585 -1.07764 -7.62565 -819.754 0 
4 826.858 0.311517 0.0225368 0.674322 -0.463979 -1.36428 -5.5604 -819.933 0 
11 826.995 0.31449 0.0224141 0.672862 -0.377302 -0.66762 -6.21631 -820.111 0 
5 827.917 0.317533 0.0223014 0.668501 -0.459905 -1.40084 -6.75039 -819.766 0 
1 828.411 0.324298 0.0223619 0.663052 -0.533201 -0.18017 -8.5264 -819.705 0 
3 828.664 0.318864 0.0224725 0.668575 -0.502306 -1.99647 -6.98579 -819.682 0 
6 829.316 0.315146 0.022287 0.673761 -0.254809 -1.96019 -6.73333 -820.623 0 
3 832.118 0.308714 0.022251 0.68077 -0.0965132 -3.94621 -5.81035 -822.361 0 
1 830.8 0.306132 0.0222161 0.68335 4.67571e-05 -1.42576 -5.74465 -823.63 0 
4 831.019 0.323052 0.0222526 0.666907 -0.337587 -2.24939 -8.85748 -819.912 0 
7 831.206 0.3258 0.0222903 0.665051 -0.351495 -1.52855 -9.85129 -819.827 0 
5 828.924 0.324295 0.0223536 0.664595 -0.455739 -0.420226 -8.79202 -819.712 0 
4 829.926 0.319844 0.022352 0.671446 -0.178127 -0.567914 -8.689 -820.669 0 
5 827.8 0.313887 0.0223914 0.675672 -0.197103 -0.0556836 -6.69255 -821.052 0 
6 828.139 0.304523 0.0226635 0.679037 -0.507622 -2.99759 -5.0468 -820.095 0 
3 827.383 0.307474 0.0226045 0.677506 -0.469933 -2.1651 -5.1205 -820.097 0 
6 826.623 0.313813 0.0225052 0.673172 -0.404624 -0.555135 -6.0268 -820.042 0 
1 829.237 0.297735 0.0225728 0.688653 -0.195018 -1.53702 -4.64052 -823.06 0 
7 829.282 0.302121 0.0226116 0.68473 -0.230891 -2.46688 -4.71156 -822.103 0 
8 829.724 0.298574 0.0226677 0.687767 -0.241649 -2.59673 -4.63943 -822.488 0 
2 828.774 0.302662 0.0225498 0.685439 -0.148086 -1.15603 -4.85545 -822.762 0 
7 827.626 0.305973 0.0226377 0.679388 -0.435256 -2.29953 -4.98276 -820.344 0 
1 830.866 0.306614 0.0224464 0.680321 -0.20138 -3.84942 -5.23164 -821.785 0 
1 829.981 0.31764 0.0226323 0.670296 -0.449696 -3.36762 -6.82838 -819.785 0 
4 827.72 0.312396 0.0224639 0.676578 -0.228673 -0.516123 -6.20963 -820.994 0 
1 827.307 0.309655 0.0225823 0.678355 -0.311985 -1.14526 -5.42637 -820.736 0 
6 827.487 0.314301 0.0225281 0.670614 -0.570167 -1.85614 -5.99643 -819.635 0 
7 827.668 0.309674 0.0223784 0.678982 -0.164802 -0.128934 -5.83493 -821.704 0 
6 827.377 0.305082 0.0225293 0.682428 -0.232843 -0.710696 -4.94403 -821.722 0 
7 828.391 0.318294 0.0225718 0.668375 -0.571333 -1.99592 -6.76014 -819.635 0 
2 827.887 0.321473 0.0224621 0.666606 -0.489995 -0.45053 -7.75076 -819.685 0 
7 828.664 0.322376 0.0224284 0.666536 -0.453231 -0.803326 -8.14337 -819.717 0 
16 827.177 0.317002 0.0224582 0.6702 -0.455928 -0.766022 -6.6253 -819.786 0 
1 829.987 0.323437 0.0223043 0.665778 -0.347427 -1.02583 -9.08165 -819.88 0 
2 834.161 0.315815 0.022091 0.672015 -0.153543 -5.45931 -7.56202 -821.14 0 
7 830.857 0.320324 0.0223306 0.663379 -0.616011 -3.98107 -7.19586 -819.68 0 
1 831.61 0.308267 0.0223884 0.682228 0.00620112 -1.94791 -6.32484 -823.338 0 
2 827.733 0.311844 0.0225161 0.671456 -0.602235 -2.42154 -5.69605 -819.615 0 
2 828.482 0.3076 0.0223183 0.676595 -0.370321 -2.82685 -5.0857 -820.569 0 
2 830.35 0.320074 0.0223405 0.66387 -0.603128 -3.53586 -7.14936 -819.665 0 
4 829.276 0.313475 0.0224103 0.669296 -0.576342 -3.80294 -5.83939 -819.633 0 
1 828.882 0.30858 0.0225822 0.674062 -0.618018 -3.7475 -5.50527 -819.629 0 
1 829.255 0.312604 0.0226271 0.669758 -0.719725 -3.57042 -6.07387 -819.61 0 
18 827.156 0.311937 0.022482 0.672952 -0.466933 -1.63424 -5.61424 -819.908 0 
1 829.599 0.308098 0.0226007 0.678782 -0.311754 -3.52014 -5.21065 -820.868 0 
5 828.224 0.30515 0.0226431 0.679571 -0.423841 -2.86951 -4.89533 -820.46 0 
5 827.563 0.307119 0.0225581 0.676335 -0.522094 -2.47799 -5.16943 -819.915 0 
3 827.258 0.315245 0.0223575 0.670506 -0.455819 -1.19417 -6.23315 -819.831 0 
4 829.051 0.31734 0.0224166 0.666434 -0.650397 -2.84457 -6.56048 -819.646 0 
3 828.477 0.313086 0.0223729 0.671358 -0.513284 -2.93466 -5.79447 -819.748 0 
2 829.514 0.304366 0.0225956 0.679508 -0.494741 -4.28663 -5.06638 -820.161 0 
2 828.522 0.303934 0.0223281 0.682443 -0.189477 -1.40968 -4.89483 -822.217 0 
1 828.404 0.306255 0.0225035 0.679418 -0.383825 -2.83173 -4.97597 -820.597 0 
3 829.033 0.325101 0.0223657 0.661193 -0.627041 -0.672135 -8.51407 -819.847 0 
2 830.974 0.321058 0.0221438 0.669525 -0.169389 -1.19615 -9.15254 -820.625 0 
3 833.931 0.319274 0.0222402 0.67303 -0.116635 -4.19376 -8.69188 -821.045 0 
1 835.772 0.320845 0.0222279 0.674285 0.0826261 -2.71709 -10.8811 -822.174 0 
2 834.144 0.330873 0.0223033 0.657448 -0.545869 -3.16119 -11.0657 -819.917 0 
1 832.719 0.330001 0.0223764 0.660888 -0.419486 -1.56872 -11.3823 -819.768 0 
3 828.593 0.325091 0.0224316 0.662415 -0.569294 -0.1644 -8.67609 -819.753 0 
1 829.424 0.326715 0.0223896 0.659506 -0.661514 -0.452648 -8.96365 -820.008 0 
10 830.927 0.329499 0.0223287 0.658323 -0.583967 -0.727568 -10.2604 -819.939 0 
1 830.893 0.326146 0.0222522 0.664977 -0.283529 -0.41992 -10.511 -819.962 0 
4 829.446 0.324776 0.0223765 0.665022 -0.388642 -0.327618 -9.33813 -819.781 0 
8 828.6 0.323641 0.022406 0.66304 -0.597778 -0.728395 -8.12523 -819.747 0 
2 828.451 0.322114 0.0225021 0.666147 -0.515652 -0.910542 -7.86564 -819.675 0 
1 828.398 0.310556 0.0224152 0.679133 -0.126983 -0.331652 -6.18213 -821.884 0 
12 826.606 0.309178 0.022523 0.67744 -0.358165 -0.795376 -5.29206 -820.518 0 
9 827.337 0.314453 0.0224266 0.671958 -0.397224 -1.10881 -6.18869 -820.04 0 
1 827.885 0.309665 0.0226753 0.674206 -0.58885 -2.75738 -5.46465 -819.663 0 
12 829.674 0.314547 0.0227422 0.669638 -0.664742 -3.97593 -6.09313 -819.605 0 
4 828.756 0.305783 0.0225761 0.680492 -0.303682 -2.68359 -4.93943 -821.133 0 
1 829.596 0.314874 0.0225982 0.672362 -0.415812 -3.38735 -6.24934 -819.959 0 
1 830.476 0.306005 0.02259 0.678902 -0.377317 -4.90339 -4.91896 -820.653 0 
2 829.233 0.309996 0.0226913 0.675154 -0.558523 -4.04529 -5.46952 -819.718 0 
3 828.16 0.30782 0.0226435 0.677832 -0.464989 -2.90881 -5.15158 -820.099 0 
2 829.352 0.300402 0.0225163 0.686155 -0.178841 -1.87036 -4.67184 -822.81 0 
1 828.85 0.299048 0.0225762 0.685204 -0.347088 -2.55334 -4.77004 -821.527 0 
3 828.909 0.299275 0.0226024 0.685089 -0.34264 -2.63372 -4.73885 -821.536 0 
16 827.678 0.309519 0.0224269 0.673854 -0.499943 -2.475 -5.30923 -819.894 0 
4 828.411 0.311232 0.0225312 0.670956 -0.653116 -3.09414 -5.74028 -819.576 0 
4 827.96 0.302282 0.0225378 0.681831 -0.383621 -2.25255 -4.77455 -820.933 0 
3 826.746 0.307733 0.0225475 0.677888 -0.393249 -1.21413 -5.09429 -820.438 0 
3 827.935 0.308155 0.0226212 0.679165 -0.319911 -1.92216 -5.19949 -820.814 0 
2 828.483 0.303334 0.0225845 0.683753 -0.231376 -1.74627 -4.79139 -821.945 0 
8 827.448 0.312336 0.0226429 0.672225 -0.581553 -2.09765 -5.71339 -819.637 0 
3 828.967 0.320871 0.0225869 0.663663 -0.736165 -1.7191 -7.31112 -819.937 0 
5 828.929 0.318211 0.0224845 0.669284 -0.419079 -2.01422 -7.07304 -819.842 0 
14 827.773 0.314565 0.0226433 0.670241 -0.618176 -2.10781 -6.06385 -819.601 0 
6 826.839 0.316965 0.0225006 0.669837 -0.483533 -0.537783 -6.57061 -819.731 0 
10 827.182 0.312597 0.0224944 0.675203 -0.316854 -0.71426 -5.97864 -820.489 0 
20 827.008 0.315665 0.0224479 0.670691 -0.440247 -0.785165 -6.36321 -819.859 0 
3 827.879 0.31178 0.0225636 0.675519 -0.35276 -1.77331 -5.73698 -820.368 0 
4 827.48 0.315457 0.0226168 0.670044 -0.584156 -1.67385 -6.18703 -819.619 0 
5 828.829 0.308176 0.0226544 0.676385 -0.542064 -3.7157 -5.3014 -819.812 0 
2 827.257 0.312647 0.0224562 0.671871 -0.525692 -1.80142 -5.72552 -819.73 0 
1 828.689 0.30124 0.0224661 0.685981 -0.141832 -0.895551 -4.75726 -823.037 0 
1 832.796 0.297398 0.0224372 0.693654 0.163057 -0.18207 -5.29107 -827.323 0 
2 833.26 0.307623 0.0222805 0.685364 0.166556 -1.27749 -6.90716 -825.075 0 
1 831.36 0.314424 0.0222138 0.677438 0.00227162 -1.10195 -7.86039 -822.397 0 
1 831.182 0.30669 0.0222558 0.68431 0.0977178 -0.281783 -6.37664 -824.524 0 
6 828.325 0.312249 0.0224159 0.673893 -0.427196 -2.59756 -5.6975 -820.03 0 
8 829.113 0.318432 0.0222341 0.669556 -0.341105 -1.71033 -7.3402 -820.062 0 
1 829.665 0.321414 0.0222664 0.667617 -0.300858 -1.00785 -8.5849 -820.073 0 
2 828.935 0.325429 0.0224591 0.662475 -0.558865 -0.354636 -8.83021 -819.75 0 
7 828.407 0.321277 0.0224598 0.668049 -0.412712 -0.670669 -7.94736 -819.789 0 
2 830.879 0.329623 0.0224403 0.657142 -0.735569 -0.62489 -9.77454 -820.48 0 
1 832.477 0.332238 0.0223812 0.653614 -0.792235 -0.856793 -10.6057 -821.014 0 
2 832.963 0.327337 0.0225426 0.660871 -0.676381 -3.76434 -9.11022 -820.089 0 
9 832.375 0.32933 0.0224424 0.662433 -0.433678 -1.7441 -10.8723 -819.759 0 
3 834.145 0.330865 0.0224532 0.65695 -0.739646 -3.35764 -10.1922 -820.596 0 
7 834.269 0.335961 0.02226 0.652579 -0.702217 -1.03142 -12.4168 -820.821 0 
1 833.232 0.331312 0.022268 0.658627 -0.529066 -2.1511 -11.178 -819.902 0 
3 828.787 0.322897 0.0224752 0.666765 -0.419763 -0.557587 -8.47427 -819.755 0 
1 828.601 0.317284 0.0223613 0.671911 -0.308899 -1.24362 -7.11969 -820.238 0 
1 827.237 0.313202 0.0224449 0.674461 -0.354015 -0.973029 -5.98844 -820.276 0 
3 829.717 0.310877 0.0225784 0.676331 -0.422551 -4.11237 -5.48992 -820.114 0 
15 829.152 0.31447 0.0225605 0.673852 -0.407754 -3.0116 -6.13852 -820.002 0 
1 827.595 0.309812 0.0224458 0.678698 -0.238958 -0.821765 -5.60168 -821.171 0 
4 828.148 0.313375 0.0225754 0.676009 -0.299184 -1.45067 -6.17353 -820.524 0 
1 829.085 0.316932 0.0226055 0.670585 -0.451823 -2.64473 -6.64352 -819.796 0 
5 829.582 0.305692 0.022748 0.681599 -0.33776 -3.75268 -4.91069 -820.919 0 
1 827.91 0.307593 0.0226676 0.679723 -0.347694 -2.11344 -5.09932 -820.697 0 
2 828.206 0.315648 0.0225691 0.670345 -0.560683 -2.33951 -6.2293 -819.637 0 
3 827.832 0.316653 0.0223456 0.668164 -0.508787 -1.67274 -6.46595 -819.693 0 
6 827.811 0.316297 0.0223593 0.670846 -0.358202 -0.971541 -6.74291 -820.097 0 
1 829.729 0.318582 0.0224085 0.666204 -0.547803 -3.22129 -6.8631 -819.645 0 
1 829.988 0.314613 0.0225934 0.672213 -0.427845 -3.88805 -6.16911 -819.931 0 
3 830.251 0.316901 0.0226251 0.665333 -0.807118 -3.48346 -6.80132 -819.966 0 
1 829.167 0.313138 0.0225692 0.669906 -0.677839 -3.56332 -6.01318 -819.59 0 
4 829.179 0.311219 0.0222509 0.675649 -0.224786 -2.07307 -5.97821 -821.127 0 
1 828.606 0.320918 0.0224473 0.66409 -0.616237 -1.56678 -7.34464 -819.695 0 
5 828.597 0.319585 0.0222835 0.666127 -0.483651 -1.64748 -7.24998 -819.699 0 
3 827.552 0.317361 0.0223193 0.668804 -0.436318 -0.954117 -6.77568 -819.822 0 
8 827.206 0.315758 0.0223311 0.671811 -0.332738 -0.322849 -6.6608 -820.222 0 
3 827.341 0.307266 0.0224779 0.680639 -0.238516 -0.710523 -5.19628 -821.435 0 
4 829.33 0.308774 0.0226873 0.680229 -0.295261 -3.10729 -5.31305 -820.91 0 
1 831.584 0.308302 0.022703 0.682052 -0.228024 -4.82502 -5.36058 -821.399 0 
1 831.404 0.3193 0.0226916 0.666422 -0.708873 -4.61471 -6.99433 -819.795 0 
1 831.167 0.307613 0.0223628 0.684543 0.0902003 -0.380165 -6.51317 -824.274 0 
5 828.356 0.31171 0.0224514 0.678295 -0.182533 -0.826459 -6.17274 -821.357 0 
33 828.169 0.310459 0.0224767 0.678859 -0.219045 -1.15373 -5.77636 -821.239 0 
3 827.15 0.312666 0.0224481 0.675566 -0.275053 -0.335476 -6.11153 -820.703 0 
10 827.155 0.310105 0.0225499 0.674514 -0.513541 -1.92432 -5.3999 -819.831 0 
1 827.269 0.308834 0.0226226 0.677563 -0.39463 -1.69302 -5.21867 -820.357 0 
6 827.811 0.316526 0.0225904 0.668138 -0.644775 -1.78049 -6.40422 -819.626 0 
1 828.551 0.314144 0.0225153 0.674006 -0.318273 -1.83316 -6.33833 -820.38 0 
9 827.575 0.311355 0.0224979 0.675775 -0.325341 -1.32609 -5.7159 -820.533 0 
15 826.598 0.313218 0.022508 0.673992 -0.386843 -0.524017 -5.93708 -820.137 0 
1 828.684 0.309763 0.0225044 0.673402 -0.58114 -3.52523 -5.48304 -819.675 0 
1 830.361 0.31045 0.0225935 0.672084 -0.675313 -4.98326 -5.8118 -819.566 0 
3 831.55 0.300993 0.0226274 0.681446 -0.534903 -6.05627 -5.32065 -820.173 0 
6 829.026 0.303732 0.0226887 0.679676 -0.494637 -3.84736 -4.98089 -820.198 0 
3 829.111 0.308833 0.022735 0.674094 -0.654591 -3.91949 -5.61262 -819.579 0 
14 829.051 0.313166 0.022468 0.66854 -0.681842 -3.47921 -5.97895 -819.593 0 
2 827.992 0.312905 0.0224066 0.670711 -0.526695 -2.52188 -5.74756 -819.723 0 
7 826.73 0.31571 0.0224905 0.669898 -0.521455 -0.792271 -6.25191 -819.686 0 
5 828.184 0.304439 0.0226433 0.680732 -0.428895 -2.78786 -4.91244 -820.484 0 
15 826.922 0.309432 0.022538 0.6748 -0.499202 -1.71964 -5.3026 -819.899 0 
15 828.296 0.300444 0.0225433 0.684385 -0.313807 -1.98339 -4.68338 -821.629 0 
2 827.884 0.302053 0.0225929 0.682715 -0.367408 -2.06855 -4.75255 -821.063 0 
3 828.809 0.309879 0.0223668 0.677204 -0.231734 -1.90764 -5.68934 -821.212 0 
3 829.129 0.303149 0.022488 0.68163 -0.30824 -3.02454 -4.73376 -821.37 0 
4 830.01 0.305612 0.0224859 0.675239 -0.599879 -4.94963 -5.32881 -819.731 0 
2 829.514 0.302891 0.0226187 0.679499 -0.50378 -4.30609 -5.00214 -820.206 0 
4 829.728 0.303225 0.0226172 0.682555 -0.303623 -3.59382 -4.73789 -821.396 0 
5 830.597 0.307177 0.0227202 0.676173 -0.623994 -5.4406 -5.51507 -819.641 0 
4 827.677 0.304761 0.0224983 0.681468 -0.269481 -1.32363 -4.87261 -821.481 0 
1 827.021 0.306734 0.0224502 0.680327 -0.249732 -0.496465 -5.11281 -821.411 0 
3 827.918 0.306471 0.0224543 0.680723 -0.216844 -1.08198 -5.15285 -821.683 0 
12 828.079 0.306784 0.0225347 0.679546 -0.304002 -1.99474 -5.04838 -821.036 0 
6 828.882 0.302597 0.0224768 0.685473 -0.112405 -0.847728 -4.92477 -823.109 0 
10 829.211 0.307704 0.0226624 0.675111 -0.626448 -4.07611 -5.50669 -819.628 0 
3 829.257 0.304607 0.0226391 0.682219 -0.349708 -3.46314 -4.85324 -820.941 0 
6 828.368 0.307636 0.0226549 0.680327 -0.324624 -2.4155 -5.12287 -820.83 0 
8 828.091 0.319347 0.0225767 0.668942 -0.472002 -1.17437 -7.19945 -819.717 0 
2 828.145 0.316641 0.0224926 0.673283 -0.283946 -0.692772 -7.07088 -820.381 0 
1 831.599 0.311089 0.0222331 0.680997 0.0910672 -0.483703 -7.44358 -823.672 0 
3 829.318 0.312375 0.022335 0.677285 -0.111841 -0.809971 -6.7262 -821.782 0 
1 831.467 0.307265 0.0223056 0.683551 0.0727765 -0.888731 -6.41874 -824.16 0 
12 826.915 0.309986 0.0224455 0.677715 -0.28113 -0.486057 -5.53991 -820.889 0 
2 827.267 0.311414 0.0223727 0.675984 -0.265112 -0.52887 -5.87562 -820.862 0 
15 826.922 0.310508 0.0225491 0.677198 -0.327547 -0.797052 -5.54212 -820.583 0 
5 830.027 0.30983 0.0226286 0.680108 -0.193098 -2.76586 -5.77961 -821.482 0 
3 829.547 0.314897 0.0224642 0.674816 -0.212253 -1.72558 -6.94702 -820.874 0 
3 829.516 0.321502 0.0223068 0.666519 -0.378096 -1.41751 -8.24268 -819.856 0 
7 828.77 0.306958 0.0224492 0.679058 -0.356081 -3.0349 -5.03504 -820.7 0 
3 827.273 0.314276 0.022327 0.673436 -0.301612 -0.439845 -6.38318 -820.45 0 
1 828.308 0.308966 0.0225724 0.674893 -0.556973 -3.1836 -5.37658 -819.748 0 
23 828.382 0.305992 0.0225621 0.682331 -0.240797 -1.79927 -5.02517 -821.558 0 
1 828.335 0.30938 0.0226829 0.678502 -0.350676 -2.46204 -5.3298 -820.543 0 
8 828.456 0.316228 0.0226067 0.671422 -0.438607 -2.10948 -6.49899 -819.847 0 
6 828.522 0.316382 0.02253 0.669009 -0.528764 -2.46957 -6.38438 -819.668 0 
1 827.883 0.315953 0.02252 0.668201 -0.599848 -2.00807 -6.26208 -819.613 0 
3 829.493 0.313587 0.0223626 0.670309 -0.485996 -3.81533 -5.87776 -819.8 0 
5 829.298 0.303095 0.0226048 0.680008 -0.510283 -4.0311 -5.1036 -820.163 0 
3 827.528 0.304045 0.0224406 0.682071 -0.252209 -1.00848 -4.82592 -821.693 0 
1 827.871 0.306157 0.022571 0.682304 -0.222114 -1.10992 -5.08156 -821.679 0 
6 827.018 0.309129 0.0224966 0.67875 -0.277855 -0.630092 -5.40245 -820.986 0 
2 827.212 0.311905 0.0225242 0.676107 -0.339453 -1.02412 -5.76417 -820.424 0 
4 828.715 0.321002 0.0223755 0.665052 -0.521564 -1.49053 -7.55837 -819.666 0 
2 827.981 0.320839 0.0225256 0.664475 -0.647716 -0.954183 -7.29326 -819.733 0 
1 827.823 0.318792 0.0225367 0.666962 -0.609675 -1.33226 -6.84523 -819.646 0 
7 827.11 0.31529 0.0225818 0.67166 -0.479096 -1.12574 -6.21068 -819.773 0 
3 827.973 0.315506 0.0225752 0.673089 -0.365558 -1.36302 -6.50369 -820.107 0 
4 827.706 0.312801 0.0226504 0.672494 -0.565969 -2.28089 -5.7707 -819.654 0 
9 829.876 0.313863 0.0226361 0.673139 -0.510738 -4.21213 -5.92818 -819.736 0 
6 827.927 0.319799 0.0224357 0.667421 -0.506469 -1.02699 -7.22587 -819.674 0 
5 827.879 0.321794 0.0223492 0.665014 -0.507971 -0.394464 -7.809 -819.676 0 
2 829.645 0.324263 0.0223495 0.66095 -0.634774 -1.56175 -8.25305 -819.83 0 
5 828.894 0.319049 0.0222611 0.667028 -0.477147 -2.0849 -7.09621 -819.713 0 
2 829.253 0.315372 0.0222031 0.673661 -0.189441 -1.17879 -7.10946 -820.965 0 
5 827.199 0.311576 0.0223736 0.67663 -0.243871 -0.275258 -5.94876 -820.975 0 
5 828.765 0.314587 0.0223028 0.675416 -0.134151 -0.181651 -7.19969 -821.384 0 
6 827.778 0.312302 0.0223283 0.672229 -0.450275 -2.14411 -5.68617 -819.948 0 
3 828.499 0.306915 0.0223411 0.681217 -0.120895 -0.618776 -5.4802 -822.4 0 
5 829.068 0.301587 0.0226221 0.686435 -0.174908 -1.66313 -4.73244 -822.672 0 
1 830.287 0.302466 0.0227347 0.682756 -0.44455 -4.80048 -4.94228 -820.544 0 
6 829.188 0.300694 0.0226693 0.684253 -0.392349 -3.32895 -4.8354 -821.023 0 
6 828.793 0.307543 0.0227374 0.679044 -0.409815 -3.35264 -5.07324 -820.367 0 
1 829.035 0.301942 0.0225939 0.681277 -0.434289 -3.5463 -4.84376 -820.645 0 
4 827.55 0.303176 0.0224834 0.682115 -0.311668 -1.4601 -4.7478 -821.343 0 
7 827.58 0.315064 0.0225069 0.673127 -0.343733 -0.897415 -6.46753 -820.215 0 
4 827.548 0.308719 0.0226426 0.678206 -0.372468 -1.85332 -5.21827 -820.476 0 
3 827.854 0.312496 0.0226527 0.674777 -0.4473 -2.18277 -5.72165 -819.95 0 
11 827.814 0.308206 0.0224294 0.680775 -0.143572 -0.150251 -5.61958 -822.044 0 
6 827.466 0.307945 0.0224623 0.680754 -0.183118 -0.258781 -5.43916 -821.768 0 
2 828.68 0.31313 0.0226009 0.672264 -0.565676 -3.19861 -5.83102 -819.651 0 
1 829.624 0.303244 0.0227419 0.681877 -0.457845 -4.25211 -4.95802 -820.414 0 
2 831.36 0.308204 0.0226931 0.681767 -0.187303 -4.15754 -5.4963 -821.706 0 
1 828.735 0.310506 0.0227466 0.676005 -0.48876 -3.41794 -5.4254 -819.892 0 
3 827.777 0.310047 0.0226103 0.674752 -0.535231 -2.5782 -5.42591 -819.773 0 
20 826.802 0.308832 0.0225068 0.677648 -0.362918 -1.04247 -5.24092 -820.518 0 
2 827.626 0.305617 0.0225467 0.680541 -0.308355 -1.5888 -4.91875 -821.118 0 
2 827.993 0.301683 0.0225863 0.683314 -0.356313 -2.07069 -4.74565 -821.177 0 
1 828.802 0.300686 0.0224426 0.686901 -0.127081 -0.797286 -4.73669 -823.268 0 
7 830.532 0.300717 0.0226931 0.681978 -0.531128 -5.02816 -5.29628 -820.208 0 
27 829.202 0.305818 0.0227642 0.678307 -0.527773 -4.14581 -5.10546 -819.951 0 
5 831.023 0.309955 0.0228679 0.674585 -0.640255 -5.8109 -5.62539 -819.587 0 
1 831.575 0.322543 0.0226781 0.665902 -0.544342 -3.94416 -7.95112 -819.68 0 
1 832.534 0.320488 0.0227261 0.663506 -0.837024 -4.77992 -7.44361 -820.31 0 
6 829.655 0.313466 0.0227336 0.673563 -0.526378 -4.08564 -5.8572 -819.712 0 
20 826.763 0.31213 0.0225278 0.67534 -0.367597 -0.72601 -5.75863 -820.279 0 
8 827.46 0.311679 0.0225071 0.677206 -0.249755 -0.56225 -5.9671 -820.931 0 
3 827.497 0.311815 0.0224245 0.677327 -0.216775 -0.289038 -6.08552 -821.122 0 
1 829.642 0.304752 0.022422 0.682683 -0.225121 -2.90874 -4.91129 -821.822 0 
2 830.059 0.317871 0.0222566 0.671354 -0.277504 -2.31337 -7.4099 -820.336 0 
12 829.928 0.30645 0.0224936 0.684057 -0.0865024 -1.7072 -5.4549 -822.766 0 
8 829.068 0.310766 0.0225626 0.677121 -0.367318 -3.18842 -5.51511 -820.364 0 
6 827.806 0.314653 0.0225467 0.671696 -0.510133 -2.02307 -6.06124 -819.722 0 
2 828.331 0.30202 0.0225618 0.684427 -0.24068 -1.59678 -4.70033 -822.034 0 
1 827.697 0.307568 0.02236 0.677159 -0.362588 -1.99523 -5.08687 -820.614 0 
1 827.394 0.309447 0.0224745 0.675908 -0.386787 -1.73486 -5.30384 -820.355 0 
3 827.537 0.306172 0.0223731 0.679849 -0.274455 -1.23459 -5.00725 -821.295 0 
2 829.928 0.317681 0.0224831 0.664398 -0.732397 -3.47819 -6.66525 -819.785 0 
4 830.121 0.313092 0.0223018 0.670192 -0.490576 -4.53157 -5.78703 -819.802 0 
6 830.537 0.310475 0.0223952 0.67159 -0.547075 -5.37801 -5.42592 -819.733 0 
1 829.031 0.314576 0.0223357 0.668355 -0.591008 -3.37865 -6.03816 -819.615 0 
8 827.478 0.313319 0.0223975 0.671238 -0.477936 -1.81224 -5.83705 -819.829 0 
6 828.852 0.311165 0.0225926 0.671621 -0.610468 -3.64653 -5.59414 -819.611 0 
9 828.865 0.300629 0.0226364 0.683602 -0.380348 -2.98816 -4.76469 -821.113 0 
5 828.569 0.300742 0.0226605 0.684714 -0.347645 -2.49532 -4.73724 -821.337 0 
7 827.963 0.302076 0.0224646 0.683109 -0.29468 -1.67105 -4.70142 -821.591 0 
2 828.236 0.314671 0.0224709 0.668267 -0.653535 -2.51283 -6.12138 -819.602 0 
4 827.611 0.310013 0.0225989 0.673408 -0.591755 -2.45857 -5.50066 -819.652 0 
1 828.856 0.310822 0.0225626 0.67077 -0.682363 -3.50694 -5.78157 -819.567 0 
7 829.754 0.307578 0.0225505 0.673204 -0.667721 -4.56775 -5.61263 -819.574 0 
2 830.079 0.304905 0.0224536 0.677925 -0.498918 -4.89259 -5.07472 -820.112 0 
2 828.817 0.308959 0.0223511 0.67886 -0.167727 -1.3405 -5.71171 -821.765 0 
1 830.246 0.314158 0.0223112 0.675542 -0.122101 -1.54406 -7.19247 -821.51 0 
12 827.654 0.312763 0.0222908 0.673241 -0.349215 -1.40416 -5.92629 -820.323 0 
2 832.298 0.306426 0.0221251 0.67839 -0.22239 -5.5222 -5.12952 -821.646 0 
3 833.493 0.30129 0.0222313 0.684075 -0.117256 -5.40454 -4.81965 -823.269 0 
1 830.296 0.306917 0.0222314 0.677942 -0.2634 -3.87593 -5.12409 -821.296 0 
1 830.976 0.298538 0.0224951 0.688499 -0.102033 -2.39058 -4.69643 -823.889 0 
7 831.052 0.300565 0.0224643 0.688431 -0.00367636 -1.43167 -5.02822 -824.592 0 
1 828.501 0.307247 0.0225165 0.682591 -0.124949 -0.684083 -5.49568 -822.321 0 
3 830.095 0.316018 0.0225739 0.673063 -0.320443 -3.02539 -6.81071 -820.259 0 
2 828.748 0.317739 0.0226214 0.667705 -0.649512 -2.45883 -6.63591 -819.653 0 
6 827.949 0.320446 0.0224637 0.667439 -0.450542 -0.617031 -7.59569 -819.737 0 
7 828.95 0.316688 0.0225784 0.671867 -0.436816 -2.52977 -6.58165 -819.839 0 
2 829.697 0.309026 0.0225967 0.679896 -0.287782 -3.4086 -5.35504 -820.933 0 
3 827.078 0.313689 0.0225499 0.674309 -0.372642 -0.848841 -6.05918 -820.17 0 
1 829.248 0.307769 0.0223358 0.68239 -0.018272 -0.0311842 -6.02833 -823.188 0 
4 829.743 0.307465 0.0222473 0.682054 -0.0260409 -0.67168 -5.90747 -823.164 0 
10 827.78 0.311319 0.0223538 0.672809 -0.468469 -2.32669 -5.52656 -819.926 0 
4 827.411 0.309623 0.0224189 0.67427 -0.468104 -2.10739 -5.30382 -819.999 0 
1 830.049 0.316633 0.0223355 0.671426 -0.277132 -2.45901 -7.1769 -820.413 0 
4 827.606 0.319464 0.0224081 0.665711 -0.57846 -0.934041 -7.02631 -819.646 0 
4 828.008 0.312461 0.0223784 0.673063 -0.442628 -2.32149 -5.72008 -819.967 0 
2 826.697 0.314369 0.0224136 0.671476 -0.442771 -0.726677 -6.07589 -819.894 0 
3 827.511 0.309661 0.0223843 0.676597 -0.30037 -1.24454 -5.46411 -820.803 0 
6 827.252 0.314767 0.0223714 0.670117 -0.492994 -1.4057 -6.09178 -819.754 0 
16 827.255 0.312972 0.0223619 0.673384 -0.384664 -1.20952 -5.88632 -820.159 0 
1 827.008 0.316556 0.0224493 0.668897 -0.517237 -0.893137 -6.43301 -819.682 0 
2 827.669 0.315384 0.0223366 0.673318 -0.249105 -0.148844 -6.88546 -820.635 0 
1 827.773 0.320868 0.0224881 0.664698 -0.617552 -0.749654 -7.32867 -819.695 0 
5 827.634 0.309657 0.0224425 0.674499 -0.449266 -2.26412 -5.30026 -820.069 0 
2 827.161 0.308934 0.0226318 0.676088 -0.492483 -1.96421 -5.25509 -819.942 0 
1 827.327 0.310722 0.0225604 0.673832 -0.535136 -2.08217 -5.4896 -819.755 0 
3 827.041 0.306696 0.0225267 0.677718 -0.438109 -1.73899 -5.01794 -820.284 0 
1 827.964 0.309613 0.0225132 0.672906 -0.587829 -2.85425 -5.44442 -819.665 0 
4 827.563 0.303613 0.0225954 0.681546 -0.382209 -1.92761 -4.81255 -820.823 0 
9 827.69 0.307273 0.0226231 0.679945 -0.317823 -1.69877 -5.08798 -820.903 0 
6 828.732 0.312228 0.0223987 0.678029 -0.115796 -0.322123 -6.64042 -821.77 0 
6 826.531 0.312177 0.0224275 0.674492 -0.364834 -0.467375 -5.7757 -820.288 0 
8 827.349 0.313089 0.0223517 0.675482 -0.231511 -0.0887489 -6.34409 -820.916 0 
2 828.225 0.313525 0.0223016 0.674399 -0.232671 -0.872018 -6.48069 -820.872 0 
1 827.795 0.316895 0.0223125 0.669241 -0.418341 -1.2036 -6.71013 -819.881 0 
7 828.229 0.307018 0.0223304 0.679112 -0.239364 -1.59463 -5.17951 -821.455 0 
6 826.95 0.30858 0.0224761 0.676662 -0.388812 -1.35763 -5.18942 -820.403 0 
4 828.372 0.30694 0.022509 0.677872 -0.445652 -3.06888 -5.06927 -820.233 0 
3 831.684 0.304085 0.0224567 0.681581 -0.349533 -5.85475 -4.83867 -820.99 0 
2 830.334 0.310028 0.0224195 0.681719 0.00441659 -0.62204 -6.66637 -823.045 0 
7 831.588 0.317637 0.0224258 0.675399 -0.0831425 -1.7671 -8.41581 -821.405 0 
3 832.973 0.319596 0.0223215 0.673212 -0.040796 -1.92932 -9.56857 -821.475 0 
2 829.742 0.316837 0.0224255 0.671305 -0.411727 -3.17471 -6.66525 -819.902 0 
14 828.894 0.319059 0.0222786 0.670119 -0.300347 -1.0144 -7.69929 -820.18 0 
5 829.318 0.319262 0.022338 0.671837 -0.196535 -0.381748 -8.31668 -820.62 0 
9 828.762 0.325426 0.0224389 0.662886 -0.538127 -0.142942 -8.88767 -819.731 0 
1 828.659 0.318748 0.0225578 0.670202 -0.435325 -1.75092 -7.11619 -819.792 0 
4 828.235 0.319599 0.0226138 0.667419 -0.576646 -1.52835 -7.05965 -819.647 0 
2 827.634 0.317647 0.0226082 0.668816 -0.562124 -1.3757 -6.62293 -819.635 0 
11 827.353 0.313352 0.0225501 0.675182 -0.32758 -0.866286 -6.09943 -820.387 0 
1 827.589 0.313213 0.0224062 0.673877 -0.321586 -1.05537 -6.10899 -820.424 0 
1 828.195 0.316135 0.0225053 0.670064 -0.467751 -1.99242 -6.42335 -819.779 0 
12 828.716 0.321923 0.0225779 0.664304 -0.630657 -1.38654 -7.58821 -819.741 0 
1 827.041 0.317505 0.0225029 0.668498 -0.529045 -0.752017 -6.62831 -819.66 0 
4 827.946 0.322514 0.0224837 0.664526 -0.565931 -0.385595 -7.8717 -819.689 0 
3 828.228 0.31005 0.022609 0.67899 -0.274987 -1.74356 -5.56366 -820.921 0 
1 827.949 0.312049 0.0225313 0.677531 -0.2339 -0.866385 -6.08935 -820.994 0 
2 828.651 0.321995 0.0225372 0.662685 -0.717402 -1.16614 -7.54916 -819.936 0 
1 828.964 0.323624 0.0225612 0.662311 -0.682122 -1.06263 -7.98765 -819.914 0 
5 828.8 0.320571 0.0224205 0.664852 -0.623825 -1.85603 -7.24996 -819.694 0 
2 829.264 0.310598 0.0224921 0.674872 -0.477891 -3.88823 -5.45208 -819.924 0 
2 829.268 0.307694 0.0223009 0.682153 -0.0374647 -0.344151 -5.90008 -823.023 0 
2 830.608 0.319771 0.0221585 0.669877 -0.226524 -1.85743 -8.30595 -820.445 0 
1 830.956 0.318905 0.0222482 0.668269 -0.428731 -3.99017 -7.16286 -819.803 0 
7 831.025 0.322851 0.0221946 0.661899 -0.594028 -3.4005 -7.90454 -819.72 0 
4 828.835 0.318102 0.0222363 0.667303 -0.467446 -2.20882 -6.88448 -819.741 0 
8 828.796 0.307867 0.022291 0.681018 -0.0987797 -0.649397 -5.68925 -822.458 0 
1 830.131 0.31482 0.0221916 0.671198 -0.316576 -3.2741 -6.51071 -820.346 0 
1 831.651 0.310989 0.0221548 0.677569 -0.0627023 -2.6903 -6.62624 -822.335 0 
5 829.771 0.310424 0.0222142 0.674103 -0.371248 -3.94163 -5.46194 -820.367 0 
1 828.377 0.307892 0.0222891 0.677579 -0.301984 -2.24781 -5.18296 -820.947 0 
7 829.197 0.302468 0.0223792 0.681908 -0.287059 -2.88548 -4.70637 -821.605 0 
4 829.034 0.304722 0.0223052 0.68128 -0.232515 -2.36265 -4.90451 -821.767 0 
2 831.264 0.302342 0.0225692 0.682586 -0.406262 -5.60354 -4.87746 -820.783 0 
2 829.541 0.299836 0.0226703 0.687523 -0.236297 -2.53043 -4.64947 -822.361 0 
1 829.885 0.305154 0.0224793 0.683165 -0.122538 -2.0316 -5.22089 -822.632 0 
2 827.641 0.303737 0.0226134 0.682733 -0.312733 -1.58587 -4.77924 -821.276 0 
4 829.112 0.30023 0.0225256 0.6869 -0.19902 -1.80823 -4.65767 -822.646 0 
4 828.069 0.314434 0.022561 0.671669 -0.528689 -2.3597 -6.01749 -819.692 0 
11 828.351 0.313001 0.0224272 0.669984 -0.604772 -2.91026 -5.83425 -819.607 0 
2 828.213 0.318767 0.0224775 0.666182 -0.634457 -1.71552 -6.83488 -819.662 0 
1 827.033 0.31696 0.0223623 0.670296 -0.39103 -0.285556 -6.78845 -819.959 0 
20 826.804 0.310252 0.022428 0.677143 -0.278517 -0.31599 -5.60547 -820.882 0 
2 827.137 0.310717 0.0226018 0.676323 -0.384576 -1.35734 -5.4937 -820.286 0 
10 827.546 0.317242 0.0225457 0.669469 -0.529341 -1.31796 -6.56607 -819.662 0 
3 828.311 0.31684 0.0224437 0.673327 -0.241513 -0.414883 -7.3274 -820.569 0 
3 830.848 0.320575 0.0222287 0.670198 -0.156425 -0.994076 -9.13019 -820.724 0 
1 831.199 0.309176 0.0221738 0.681179 0.0303321 -1.22686 -6.55495 -823.417 0 
3 830.011 0.316211 0.0222264 0.66829 -0.499113 -3.91833 -6.37757 -819.715 0 
15 829.063 0.315743 0.0222828 0.670972 -0.396587 -2.62656 -6.44894 -819.987 0 
12 826.869 0.313628 0.0223701 0.673596 -0.337351 -0.413605 -6.13121 -820.325 0 
3 827.915 0.310482 0.0223752 0.675405 -0.327117 -1.77287 -5.55447 -820.588 0 
3 827.241 0.318733 0.0223603 0.668548 -0.42451 -0.259945 -7.16553 -819.816 0 
3 827.672 0.320841 0.0224001 0.664996 -0.5708 -0.621018 -7.38859 -819.662 0 
1 826.785 0.309507 0.0224861 0.676778 -0.349567 -0.892606 -5.35249 -820.54 0 
13 827.467 0.304681 0.0226114 0.681646 -0.328257 -1.55603 -4.83596 -821.075 0 
1 826.821 0.310094 0.0224459 0.6753 -0.396046 -1.16179 -5.38744 -820.272 0 
1 827.495 0.318925 0.0224116 0.666325 -0.575608 -0.955728 -6.89952 -819.64 0 
13 827.516 0.319919 0.0224718 0.667666 -0.468199 -0.419157 -7.37979 -819.717 0 
2 828.645 0.319544 0.0224355 0.668821 -0.378942 -1.14093 -7.59722 -819.907 0 
1 826.85 0.312758 0.0224088 0.675239 -0.288445 -0.149868 -6.0765 -820.624 0 
3 826.935 0.312502 0.0225161 0.675049 -0.371966 -0.878873 -5.81793 -820.238 0 
5 827.295 0.317116 0.0225422 0.668423 -0.584883 -1.17144 -6.49948 -819.624 0 
4 827.013 0.310842 0.0224591 0.675004 -0.381575 -1.19945 -5.52054 -820.293 0 
3 828.368 0.316021 0.0226 0.669707 -0.53858 -2.41008 -6.29883 -819.659 0 
3 829.036 0.320554 0.0226556 0.666392 -0.601585 -2.09437 -7.26811 -819.674 0 
1 827.664 0.315766 0.0226299 0.671394 -0.493659 -1.63942 -6.29158 -819.733 0 
11 827.882 0.316703 0.0224575 0.673024 -0.285626 -0.436875 -7.07564 -820.37 0 
12 828.808 0.312839 0.0223566 0.677819 -0.106763 -0.242315 -6.80032 -821.765 0 
3 827.794 0.318682 0.0223007 0.669331 -0.34504 -0.31592 -7.43921 -820.039 0 
2 829.554 0.312032 0.0222312 0.67626 -0.143904 -1.4781 -6.48642 -821.59 0 
3 833.206 0.315635 0.0226234 0.67346 -0.435468 -6.99914 -6.33294 -819.874 0 
4 830.376 0.311125 0.0223461 0.677955 -0.209447 -3.22083 -5.91868 -821.236 0 
6 829.205 0.324764 0.0222759 0.664281 -0.402429 -0.203458 -9.23967 -819.762 0 
2 829.003 0.317197 0.0222401 0.668929 -0.428731 -2.42427 -6.7338 -819.845 0 
5 827.649 0.308962 0.0223498 0.675718 -0.383917 -2.00616 -5.24147 -820.401 0 
6 827.578 0.3125 0.0224565 0.671054 -0.548856 -2.19458 -5.6959 -819.687 0 
4 830.127 0.305902 0.0225198 0.675278 -0.620614 -5.0018 -5.45066 -819.674 0 
10 828.8 0.308054 0.0223811 0.674825 -0.471515 -3.59922 -5.13957 -820.061 0 
2 828.455 0.309248 0.0223344 0.676273 -0.308057 -2.2775 -5.38502 -820.792 0 
5 829.382 0.308301 0.0223337 0.680611 -0.0824258 -0.944923 -5.90009 -822.537 0 
5 828.551 0.315853 0.0222708 0.669744 -0.406403 -2.11039 -6.48858 -819.952 0 
4 827.956 0.311687 0.0222882 0.674037 -0.335755 -1.75032 -5.74887 -820.457 0 
5 829.115 0.311013 0.0223024 0.672153 -0.481212 -3.74048 -5.47706 -819.897 0 
3 826.882 0.312265 0.0224687 0.672134 -0.511273 -1.45112 -5.6577 -819.773 0 
3 826.685 0.313719 0.0224675 0.67378 -0.355004 -0.32933 -6.11422 -820.242 0 
14 827.351 0.317956 0.0225529 0.668304 -0.544062 -0.992288 -6.71216 -819.646 0 
18 827.016 0.313774 0.0225956 0.671993 -0.513541 -1.38716 -5.89681 -819.732 0 
2 826.558 0.313713 0.0224924 0.671829 -0.485776 -0.859269 -5.90191 -819.797 0 
4 828.469 0.317772 0.0223663 0.665864 -0.620883 -2.21466 -6.62 -819.634 0 
7 829.747 0.311748 0.0223013 0.674845 -0.260217 -2.89291 -5.9913 -820.862 0 
5 828.287 0.314738 0.0224882 0.67265 -0.361947 -1.77857 -6.35044 -820.158 0 
1 828.34 0.316416 0.0224431 0.666924 -0.655204 -2.31646 -6.39251 -819.631 0 
6 827.286 0.310495 0.0223468 0.675388 -0.33309 -1.19489 -5.53646 -820.555 0 
2 827.443 0.308705 0.0224579 0.674831 -0.490442 -2.26033 -5.22336 -819.959 0 
14 827.112 0.305151 0.0225101 0.680105 -0.352464 -1.37001 -4.86788 -820.874 0 
6 826.895 0.31344 0.0225738 0.672863 -0.482794 -1.22542 -5.85736 -819.812 0 
9 827.389 0.30964 0.0224585 0.674523 -0.491059 -2.14077 -5.33062 -819.918 0 
10 826.763 0.313572 0.0225347 0.671459 -0.534896 -1.20635 -5.86248 -819.694 0 
5 828.381 0.31066 0.0227248 0.67391 -0.592021 -3.17988 -5.55912 -819.642 0 
1 828.75 0.3093 0.0226867 0.677755 -0.380295 -3.06368 -5.28915 -820.397 0 
5 828.076 0.311602 0.0226822 0.675095 -0.450586 -2.5275 -5.57317 -819.975 0 
8 827.524 0.306664 0.0226405 0.679572 -0.374495 -1.91615 -4.99046 -820.618 0 
7 827.98 0.311322 0.022704 0.674336 -0.522095 -2.67482 -5.5343 -819.771 0 
7 828.418 0.309783 0.0227253 0.67575 -0.528628 -3.23488 -5.385 -819.799 0 
4 827.74 0.307861 0.0225131 0.679697 -0.247539 -1.14516 -5.28628 -821.309 0 
1 827.98 0.309429 0.0225894 0.678912 -0.270746 -1.49403 -5.48267 -821.003 0 
3 828.027 0.310506 0.022404 0.677354 -0.222131 -0.979989 -5.83362 -821.214 0 
4 829.258 0.305761 0.0227716 0.679056 -0.518939 -4.14807 -5.12357 -819.987 0 
3 829.449 0.308346 0.0226591 0.680403 -0.251512 -2.86575 -5.35114 -821.232 0 
1 831.865 0.30464 0.0224897 0.686503 0.0496125 -1.69382 -5.77024 -824.401 0 
6 829.123 0.312602 0.0223121 0.677406 -0.0928317 -0.36361 -6.86361 -821.895 0 
3 830.016 0.318143 0.0223761 0.673233 -0.146181 -0.758535 -8.28293 -820.975 0 
5 827.951 0.317476 0.0223534 0.671907 -0.258131 -0.0544519 -7.45032 -820.446 0 
3 829.836 0.309237 0.022622 0.678792 -0.359818 -4.03194 -5.29828 -820.505 0 
2 830.294 0.309442 0.0226939 0.680058 -0.291266 -3.99969 -5.41868 -820.876 0 
3 828.11 0.317057 0.0226513 0.669021 -0.597877 -2.00331 -6.48513 -819.621 0 
8 827.635 0.314495 0.0225415 0.672529 -0.412125 -1.48341 -6.16485 -819.986 0 
4 827.847 0.315337 0.0225609 0.668074 -0.662238 -2.01587 -6.21478 -819.616 0 
2 828.255 0.313307 0.0225683 0.671984 -0.49377 -2.64466 -5.82223 -819.788 0 
5 829.445 0.308861 0.0227376 0.673391 -0.684889 -4.17619 -5.71064 -819.558 0 
1 829.06 0.312869 0.0225857 0.668784 -0.726915 -3.35528 -6.08028 -819.624 0 
1 828.431 0.308185 0.0224627 0.678986 -0.241941 -1.75815 -5.35853 -821.314 0 
2 827.87 0.308453 0.0225441 0.678762 -0.289058 -1.59821 -5.29451 -820.977 0 
8 829.611 0.317874 0.0226189 0.66873 -0.524574 -3.21933 -6.72791 -819.663 0 
2 831.302 0.318623 0.0227979 0.667592 -0.657427 -4.82822 -6.79039 -819.683 0 
2 832.004 0.325544 0.0226428 0.660889 -0.703681 -3.40623 -8.51836 -820.079 0 
12 828.052 0.322443 0.0223893 0.665327 -0.471867 -0.214269 -8.139 -819.699 0 
9 827.516 0.314872 0.0225921 0.67279 -0.418819 -1.34126 -6.22515 -819.95 0 
6 826.821 0.31382 0.0225294 0.671707 -0.493987 -1.13239 -5.91419 -819.774 0 
3 827.84 0.311636 0.0225399 0.67305 -0.544657 -2.51672 -5.61186 -819.712 0 
3 828.59 0.312427 0.0227256 0.674352 -0.500239 -3.10579 -5.68841 -819.796 0 
1 827.354 0.309403 0.02258 0.678128 -0.317254 -1.24389 -5.38456 -820.726 0 
8 827.833 0.303337 0.0225699 0.683386 -0.28426 -1.54249 -4.76213 -821.528 0 
12 828.008 0.319487 0.0224657 0.667929 -0.453951 -0.953369 -7.31072 -819.744 0 
3 830.57 0.309911 0.0224194 0.679942 -0.0807938 -1.95904 -6.28068 -822.331 0 
7 830.968 0.31326 0.0226896 0.67743 -0.273267 -4.08015 -6.22039 -820.667 0 
2 831.566 0.306718 0.0226973 0.683838 -0.180741 -4.40104 -5.23081 -821.934 0 
1 830.334 0.304689 0.0225462 0.6863 -0.0202651 -1.22074 -5.44061 -823.672 0 
10 831.986 0.30863 0.0224969 0.684068 0.0512215 -1.71685 -6.56268 -823.707 0 
7 830.03 0.318776 0.0227353 0.668254 -0.616532 -3.5421 -6.83874 -819.649 0 
1 828.938 0.310536 0.0226129 0.678437 -0.257262 -2.22712 -5.72384 -820.987 0 
2 828.059 0.307634 0.0226251 0.678969 -0.399165 -2.54788 -5.09655 -820.414 0 
1 828.543 0.309226 0.0226428 0.678283 -0.384689 -2.88401 -5.27945 -820.38 0 
4 827.729 0.319408 0.0224779 0.666007 -0.582504 -1.07527 -7.00852 -819.646 0 
3 827.499 0.315662 0.0224233 0.668422 -0.581427 -1.65895 -6.21891 -819.621 0 
1 827.331 0.310558 0.02241 0.674404 -0.407312 -1.68996 -5.44623 -820.195 0 
8 827.927 0.312678 0.0224429 0.672044 -0.463786 -2.29942 -5.73744 -819.89 0 
2 827.673 0.313689 0.0226013 0.672468 -0.520681 -2.0632 -5.89032 -819.719 0 
28 827.909 0.304041 0.0225289 0.681476 -0.35473 -2.13161 -4.81739 -820.96 0 
4 827.643 0.309923 0.0226262 0.677752 -0.364127 -1.8157 -5.39219 -820.435 0 
8 828.843 0.30786 0.0226961 0.680334 -0.308259 -2.76074 -5.17218 -820.91 0 
4 827.927 0.30958 0.022675 0.676529 -0.474589 -2.63115 -5.31804 -819.978 0 
6 827.588 0.307951 0.0226241 0.675761 -0.548393 -2.51932 -5.2676 -819.801 0 
14 827.46 0.312864 0.0226272 0.672988 -0.496783 -1.9181 -5.7496 -819.793 0 
1 829.386 0.309779 0.0225346 0.677732 -0.274268 -2.88005 -5.5568 -820.95 0 
3 829.35 0.309629 0.0226177 0.680229 -0.198547 -2.17291 -5.71207 -821.465 0 
1 829.682 0.308105 0.0227383 0.680471 -0.313367 -3.6277 -5.19711 -820.858 0 
3 829.105 0.312965 0.0226652 0.674083 -0.493475 -3.5255 -5.78114 -819.798 0 
1 829.186 0.313396 0.0225182 0.675837 -0.240157 -1.91725 -6.42881 -820.84 0 
3 826.729 0.315674 0.0225159 0.671068 -0.468508 -0.633821 -6.3066 -819.788 0 
2 828.294 0.323382 0.0224374 0.662651 -0.631665 -0.514932 -7.98837 -819.791 0 
1 828.896 0.308667 0.0224438 0.681111 -0.146733 -1.28315 -5.65108 -821.962 0 
5 827.886 0.305627 0.0223591 0.681397 -0.203353 -0.946283 -5.0516 -821.888 0 
1 830.206 0.309553 0.0225776 0.681723 -0.10712 -2.03777 -6.00405 -822.164 0 
3 831.897 0.310736 0.0223879 0.682261 0.0623693 -1.31575 -7.11952 -823.462 0 
14 830.111 0.312558 0.0225271 0.678697 -0.162468 -2.26358 -6.4433 -821.404 0 
1 829.897 0.317159 0.0225667 0.671065 -0.472379 -3.52779 -6.62114 -819.749 0 
5 827.211 0.314631 0.0223869 0.673928 -0.287122 -0.200502 -6.51407 -820.497 0 
26 827.33 0.315881 0.0224536 0.672942 -0.327848 -0.401827 -6.69213 -820.236 0 
3 828.037 0.314456 0.0224047 0.671584 -0.465051 -2.14885 -6.05873 -819.829 0 
2 826.97 0.314391 0.022463 0.670545 -0.53239 -1.28266 -6.0015 -819.686 0 
12 826.788 0.311797 0.02247 0.673507 -0.441436 -1.17898 -5.61012 -819.999 0 
4 828.223 0.313661 0.0222916 0.675373 -0.174024 -0.261904 -6.74387 -821.217 0 
6 829.196 0.311179 0.0223537 0.673956 -0.439563 -3.63868 -5.52352 -820.034 0 
4 828.365 0.310562 0.0223924 0.675136 -0.409125 -2.73026 -5.44804 -820.187 0 
1 828.083 0.301201 0.0225112 0.68542 -0.209565 -0.990139 -4.68124 -822.412 0 
21 827.423 0.306041 0.0226168 0.6802 -0.375061 -1.81349 -4.94617 -820.663 0 
6 827.955 0.301528 0.0225035 0.683892 -0.2801 -1.50725 -4.67753 -821.77 0 
4 828.668 0.299477 0.0225366 0.685536 -0.281191 -1.99561 -4.65736 -822.015 0 
3 827.345 0.313461 0.0225762 0.670908 -0.571601 -1.85917 -5.84683 -819.639 0 
2 827.477 0.306029 0.0226319 0.679551 -0.396529 -1.99329 -4.94008 -820.543 0 
8 829.067 0.304152 0.0225232 0.68316 -0.192469 -1.9782 -4.92576 -822.163 0 
1 829.498 0.302864 0.0223935 0.686454 -0.0408153 -0.617622 -5.10421 -823.777 0 
4 828.533 0.302397 0.0224813 0.684525 -0.226594 -1.69697 -4.73198 -822.104 0 
7 828.755 0.30236 0.0226472 0.685215 -0.252033 -2.14043 -4.71801 -821.897 0 
16 828.109 0.306359 0.0226543 0.679099 -0.451436 -2.8351 -5.03188 -820.242 0 
12 827.382 0.315752 0.0224744 0.671956 -0.370487 -0.746635 -6.55865 -820.077 0 
5 827.71 0.317725 0.022522 0.670489 -0.405662 -0.860879 -6.95882 -819.89 0 
3 828.555 0.316094 0.0225717 0.668719 -0.63641 -2.60134 -6.33766 -819.616 0 
8 827.432 0.318813 0.0224906 0.667807 -0.506628 -0.767131 -6.987 -819.677 0 
1 827.169 0.314247 0.0224601 0.671464 -0.493782 -1.40956 -5.99499 -819.765 0 
16 826.999 0.308334 0.0224023 0.67842 -0.270849 -0.592102 -5.30173 -821.105 0 
5 827.131 0.309262 0.0225081 0.678703 -0.259714 -0.566389 -5.47614 -821.089 0 
8 826.614 0.310237 0.022467 0.676376 -0.35864 -0.725118 -5.44745 -820.442 0 
2 826.76 0.307868 0.022511 0.679086 -0.308757 -0.682615 -5.17122 -820.907 0 
1 827.864 0.303011 0.0225711 0.682152 -0.338727 -1.95566 -4.74181 -821.167 0 
1 828.998 0.300001 0.0226005 0.683331 -0.427357 -3.21985 -4.92466 -820.853 0 
5 829.456 0.303948 0.0224646 0.678344 -0.464588 -4.21529 -4.90984 -820.331 0 
1 829.423 0.315388 0.0223456 0.668357 -0.526782 -3.55914 -6.18213 -819.682 0 
4 828.621 0.318397 0.0224556 0.665342 -0.643038 -2.22104 -6.73791 -819.662 0 
6 830.285 0.315974 0.0222637 0.671609 -0.262282 -2.70893 -7.04974 -820.526 0 
22 827.404 0.316447 0.0223646 0.668919 -0.481976 -1.20022 -6.46105 -819.743 0 
6 827.514 0.316331 0.0223987 0.668048 -0.565808 -1.53524 -6.34706 -819.631 0 
1 827.236 0.311604 0.0225776 0.676117 -0.370383 -1.2813 -5.65694 -820.297 0 
2 826.828 0.316062 0.0224118 0.66975 -0.478136 -0.69166 -6.37841 -819.758 0 
2 827.02 0.312273 0.0223742 0.675346 -0.276087 -0.273426 -6.01774 -820.728 0 
3 826.995 0.312786 0.0225291 0.673912 -0.437209 -1.24297 -5.78008 -819.972 0 
5 827.472 0.307194 0.0224615 0.681324 -0.180002 -0.264133 -5.32608 -821.882 0 
5 829.357 0.307963 0.0224382 0.679536 -0.199532 -2.27451 -5.43989 -821.642 0 
2 828.675 0.302667 0.0224504 0.68424 -0.168449 -1.27568 -4.82399 -822.576 0 
13 827.548 0.308427 0.0224726 0.680371 -0.181772 -0.291511 -5.53474 -821.722 0 
3 826.962 0.312645 0.0225047 0.675288 -0.322422 -0.536534 -5.96763 -820.458 0 
2 827.048 0.311055 0.0225995 0.675333 -0.447455 -1.53992 -5.49772 -820.01 0 
5 828.164 0.312508 0.0224878 0.6775 -0.205875 -0.755528 -6.28268 -821.125 0 
3 829.794 0.310105 0.0225092 0.681113 -0.0766667 -1.17697 -6.2789 -822.339 0 
11 828.133 0.30688 0.0225763 0.678883 -0.417748 -2.72075 -5.04065 -820.372 0 
1 828.628 0.300103 0.0226041 0.686901 -0.219519 -1.50674 -4.64624 -822.475 0 
5 827.583 0.304816 0.0225325 0.679855 -0.410746 -2.13142 -4.89578 -820.556 0 
7 827.42 0.31338 0.022618 0.671169 -0.582351 -1.94743 -5.84552 -819.627 0 
6 827.494 0.316803 0.0225799 0.669884 -0.504665 -1.29128 -6.50465 -819.698 0 
1 827.723 0.320687 0.0225022 0.666277 -0.533369 -0.635655 -7.4275 -819.66 0 
7 828.554 0.318229 0.0226633 0.668629 -0.580911 -2.18438 -6.73663 -819.633 0 
11 827.857 0.30963 0.0225483 0.678998 -0.238822 -1.06935 -5.5982 -821.19 0 
1 828.452 0.31117 0.0226891 0.675909 -0.456182 -2.96343 -5.51443 -819.974 0 
1 828.334 0.310729 0.0224211 0.676654 -0.256342 -1.5786 -5.78012 -820.975 0 
14 826.657 0.309953 0.0225319 0.677087 -0.348744 -0.726823 -5.41803 -820.512 0 
1 828.771 0.31752 0.0225168 0.671398 -0.34424 -1.55386 -7.12588 -820.091 0 
10 829.945 0.32176 0.022696 0.663993 -0.715408 -2.53387 -7.49312 -819.918 0 
9 828.764 0.32242 0.02249 0.662735 -0.661805 -1.26721 -7.68322 -819.814 0 
3 831.959 0.318665 0.0225562 0.665669 -0.62451 -5.51168 -6.79461 -819.652 0 
4 828.421 0.308518 0.0227379 0.677211 -0.48179 -3.21948 -5.20201 -819.999 0 
3 828.495 0.304202 0.0226876 0.682934 -0.32057 -2.51068 -4.80987 -821.174 0 
16 827.613 0.30397 0.0225551 0.682188 -0.321756 -1.62559 -4.79803 -821.189 0 
2 827.083 0.306864 0.0225675 0.678199 -0.433948 -1.75323 -5.03673 -820.293 0 
2 828.528 0.309308 0.0225438 0.680653 -0.164297 -1.02934 -5.74852 -821.75 0 
4 830.805 0.321718 0.0223909 0.663413 -0.665511 -3.5011 -7.50875 -819.795 0 
10 827.624 0.316841 0.0223142 0.670471 -0.377793 -0.834624 -6.78411 -820.005 0 
5 827.892 0.321276 0.0223796 0.667499 -0.392098 -0.00726642 -8.05518 -819.83 0 
33 827.721 0.313088 0.0224333 0.67598 -0.259561 -0.745355 -6.22035 -820.755 0 
1 827.857 0.309525 0.0225427 0.677128 -0.398654 -2.25139 -5.31173 -820.294 0 
3 828.221 0.305384 0.0224337 0.680899 -0.296332 -2.08955 -4.90845 -821.223 0 
4 828.641 0.311493 0.0222525 0.674392 -0.334502 -2.46424 -5.69986 -820.477 0 
5 828.889 0.309171 0.0222379 0.67841 -0.178009 -1.55605 -5.66851 -821.664 0 
3 828.269 0.309883 0.0223121 0.678468 -0.149151 -0.525134 -5.94698 -821.797 0 
11 828.087 0.303674 0.0225526 0.682288 -0.287822 -1.84961 -4.77342 -821.464 0 
3 828.19 0.307542 0.0224716 0.676504 -0.423486 -2.82367 -5.06554 -820.3 0 
7 827.359 0.306457 0.0225587 0.678004 -0.459986 -2.12361 -5.03856 -820.196 0 
5 826.978 0.308834 0.0225068 0.675362 -0.484603 -1.76633 -5.23752 -819.974 0 
5 827.526 0.307304 0.0224113 0.677075 -0.409913 -2.08617 -5.05719 -820.382 0 
4 827.22 0.309586 0.0224631 0.676781 -0.327363 -1.16492 -5.40113 -820.654 0 
2 828.18 0.304152 0.0226901 0.681704 -0.378337 -2.55911 -4.82062 -820.8 0 
3 828.086 0.305568 0.022535 0.68263 -0.185896 -0.956126 -5.0937 -822.036 0 
2 828.213 0.305223 0.0225917 0.678321 -0.509084 -3.07284 -5.08816 -820.052 0 
1 829.676 0.314217 0.022555 0.670944 -0.589251 -4.04553 -6.01417 -819.617 0 
4 830.398 0.320249 0.022333 0.666388 -0.525561 -3.4383 -7.29837 -819.661 0 
8 830.05 0.323847 0.022199 0.662515 -0.510168 -1.90052 -8.45723 -819.692 0 
1 830.898 0.318515 0.0222089 0.670648 -0.274341 -2.96737 -7.61868 -820.312 0 
1 830.036 0.320369 0.0221464 0.666972 -0.358555 -2.19904 -7.90021 -819.937 0 
6 830.838 0.327836 0.0222282 0.659501 -0.537442 -1.23954 -9.80436 -819.794 0 
6 829.567 0.325376 0.022471 0.661289 -0.669222 -1.09353 -8.51119 -819.963 0 
1 832.163 0.325058 0.0222183 0.666589 -0.192194 -1.15073 -10.7248 -820.287 0 
2 832.12 0.31888 0.022249 0.673992 -0.00777217 -0.884435 -9.46371 -821.772 0 
1 830.906 0.311769 0.0221503 0.678027 -0.0198413 -1.31483 -7.00995 -822.581 0 
5 828.221 0.311522 0.0223868 0.672289 -0.518792 -2.87749 -5.57 -819.774 0 
6 828.045 0.314355 0.0222505 0.672353 -0.320431 -1.33484 -6.35376 -820.357 0 
3 831.733 0.318525 0.0224726 0.663825 -0.787672 -4.7546 -6.9937 -819.984 0 
2 829.866 0.318639 0.0224362 0.664247 -0.731162 -3.16703 -6.87802 -819.821 0 
12 829.526 0.316013 0.0222623 0.669346 -0.46961 -3.37566 -6.37299 -819.778 0 
1 827.799 0.308496 0.0223866 0.678238 -0.299572 -1.62645 -5.2645 -820.908 0 
13 828.844 0.304427 0.0224372 0.685095 -0.0690143 -0.381852 -5.22445 -823.238 0 
4 827.919 0.303484 0.0224237 0.682883 -0.214516 -1.03249 -4.82138 -822.065 0 
7 827.004 0.312016 0.0223791 0.674193 -0.379076 -1.05142 -5.71774 -820.235 0 
1 829.074 0.306159 0.0223072 0.680522 -0.22627 -2.3578 -5.06871 -821.648 0 
2 829.094 0.311279 0.0222803 0.676549 -0.24183 -2.20851 -5.87099 -821.015 0 
8 826.857 0.313141 0.0223705 0.674059 -0.329002 -0.416529 -6.04716 -820.394 0 
14 827.238 0.313225 0.02251 0.674594 -0.372273 -1.08541 -5.95667 -820.196 0 
1 829.331 0.311765 0.0223531 0.679086 -0.0517124 -0.180718 -6.82993 -822.32 0 
9 827.149 0.313721 0.022399 0.674905 -0.259495 -0.043945 -6.39911 -820.706 0 
6 827.165 0.312792 0.0223652 0.675516 -0.249724 -0.122216 -6.2074 -820.835 0 
5 829.562 0.310416 0.0223665 0.68011 -0.0948944 -1.1986 -6.2128 -822.151 0 
27 829.49 0.30687 0.0222464 0.677987 -0.300484 -3.3829 -5.05722 -821.05 0 
8 826.737 0.309808 0.022497 0.676582 -0.381606 -1.0208 -5.35862 -820.357 0 
2 828.068 0.302018 0.0225593 0.683824 -0.278392 -1.65229 -4.69028 -821.726 0 
6 827.151 0.30619 0.022532 0.681221 -0.261152 -0.736874 -5.02636 -821.388 0 
3 826.878 0.307425 0.0224642 0.679593 -0.279192 -0.587934 -5.15302 -821.137 0 
10 827.724 0.315985 0.0223267 0.673073 -0.245173 -0.05955 -7.05361 -820.611 0 
1 828.642 0.322197 0.0223222 0.663568 -0.554739 -1.15148 -7.8124 -819.678 0 
1 831.328 0.313198 0.0222187 0.678371 -0.00170306 -1.35607 -7.44039 -822.532 0 
2 828.157 0.318876 0.022453 0.670959 -0.312367 -0.389029 -7.62389 -820.144 0 
1 830.506 0.316555 0.0226301 0.674398 -0.281726 -3.05667 -7.05272 -820.397 0 
5 830.631 0.30911 0.0224613 0.682941 0.00585764 -1.01249 -6.41763 -823.201 0 
3 831.717 0.306054 0.0223177 0.685666 0.131361 -0.278416 -6.4314 -825.007 0 
5 828.895 0.310131 0.0223531 0.676656 -0.247402 -2.11612 -5.69257 -821.086 0 
1 831.706 0.321596 0.0223944 0.665505 -0.45235 -3.98961 -7.99394 -819.723 0 
1 831.884 0.326321 0.0226231 0.659771 -0.733725 -2.93379 -8.71018 -820.24 0 
12 830.854 0.328913 0.0225033 0.658207 -0.691443 -0.965483 -9.6505 -820.238 0 
6 830.694 0.323287 0.0223486 0.668585 -0.218543 -0.673881 -9.74246 -820.278 0 
3 829.071 0.324561 0.0224416 0.664948 -0.439345 -0.352736 -8.99364 -819.724 0 
8 830.404 0.328225 0.0224752 0.660467 -0.609787 -0.843003 -9.61903 -819.942 0 
1 831.043 0.324963 0.0225272 0.666288 -0.398684 -1.97414 -9.30311 -819.765 0 
4 830.435 0.325702 0.0224074 0.665601 -0.34517 -0.685536 -9.91042 -819.839 0 
9 834.597 0.32234 0.0223374 0.670279 -0.213849 -5.02042 -9.22929 -820.347 0 
4 832.483 0.316204 0.0221919 0.673139 -0.221066 -4.62263 -7.13992 -820.72 0 
3 831.741 0.312528 0.0221819 0.676531 -0.153455 -3.81836 -6.45397 -821.469 0 
6 829.64 0.310319 0.0223006 0.676956 -0.275793 -3.15293 -5.59391 -820.893 0 
2 832.057 0.309742 0.0220817 0.677005 -0.143384 -4.26514 -5.93498 -821.857 0 
15 831.624 0.308907 0.0222666 0.674078 -0.479352 -6.37441 -5.25913 -819.99 0 
10 828.091 0.307486 0.0223265 0.677401 -0.34373 -2.27237 -5.08984 -820.729 0 
3 828.19 0.311967 0.0222761 0.67534 -0.234651 -1.09762 -6.09559 -820.996 0 
12 827.562 0.314566 0.0224635 0.671807 -0.414156 -1.40709 -6.1787 -819.977 0 
1 827.783 0.312411 0.0226836 0.673191 -0.536491 -2.38392 -5.68603 -819.713 0 
11 826.852 0.313131 0.022539 0.67452 -0.377014 -0.734489 -5.93615 -820.182 0 
1 828.778 0.316412 0.0226599 0.672134 -0.442826 -2.43111 -6.51621 -819.831 0 
9 829.06 0.320326 0.0226058 0.668347 -0.470371 -1.86048 -7.48948 -819.71 0 
2 830.171 0.32389 0.0224114 0.665655 -0.384457 -1.31715 -9.05624 -819.798 0 
4 830.518 0.322949 0.0221647 0.666297 -0.284556 -1.23157 -9.2223 -820.064 0 
2 828.073 0.312155 0.0223332 0.674403 -0.354428 -1.9558 -5.78005 -820.337 0 
5 828.541 0.316022 0.0224049 0.673966 -0.206279 -0.454516 -7.27174 -820.815 0 
5 829.216 0.308436 0.0226524 0.680738 -0.233833 -2.47144 -5.40013 -821.344 0 
2 828.506 0.312043 0.0227251 0.672786 -0.605159 -3.17132 -5.72345 -819.611 0 
2 829.079 0.313443 0.0225001 0.677384 -0.160945 -1.0242 -6.7307 -821.324 0 
18 826.776 0.310657 0.0224971 0.676249 -0.367595 -0.905255 -5.50144 -820.37 0 
1 829.156 0.3088 0.0226347 0.677016 -0.481692 -3.90696 -5.26247 -819.987 0 
1 827.879 0.313591 0.0224285 0.673694 -0.323012 -1.29211 -6.1936 -820.393 0 
4 827.916 0.302962 0.022467 0.683334 -0.227173 -1.12167 -4.76742 -822.026 0 
8 827.632 0.310988 0.0223989 0.673663 -0.465891 -2.19758 -5.4861 -819.948 0 
3 827.699 0.306089 0.022389 0.681849 -0.164543 -0.354646 -5.20018 -822.144 0 
1 829.166 0.319085 0.0222293 0.666413 -0.466455 -2.28154 -7.15568 -819.729 0 
4 829.949 0.319347 0.0221566 0.669153 -0.280284 -1.8005 -7.90605 -820.243 0 
5 829.74 0.321876 0.0224258 0.669106 -0.278789 -0.777747 -8.83492 -820.127 0 
2 828.454 0.318799 0.0223282 0.671121 -0.241513 -0.0656456 -7.94984 -820.438 0 
18 827.54 0.314677 0.0223323 0.673419 -0.268273 -0.328192 -6.62373 -820.588 0 
6 828.446 0.319232 0.0225145 0.670168 -0.393404 -1.17986 -7.38795 -819.878 0 
5 827.847 0.310672 0.0223118 0.677856 -0.173507 -0.319585 -5.9978 -821.529 0 
5 826.641 0.312309 0.0224369 0.675219 -0.320041 -0.251297 -5.89727 -820.493 0 
1 827.746 0.30802 0.0224871 0.677474 -0.411703 -2.28269 -5.1365 -820.327 0 
3 827.777 0.303336 0.0224317 0.682712 -0.239176 -1.11341 -4.78271 -821.881 0 
2 828.977 0.31597 0.0223175 0.667365 -0.585314 -3.08386 -6.27456 -819.619 0 
5 828.048 0.311245 0.0225402 0.672255 -0.598659 -2.78296 -5.63962 -819.625 0 
1 827.966 0.31284 0.0224522 0.673381 -0.447079 -2.24842 -5.78111 -819.937 0 
11 827.761 0.316246 0.022397 0.669815 -0.489093 -1.63137 -6.39669 -819.733 0 
13 829.092 0.312756 0.0222737 0.673801 -0.343466 -2.82464 -5.91663 -820.35 0 
2 829.844 0.318039 0.0223541 0.667836 -0.532808 -3.44868 -6.73991 -819.655 0 
2 829.312 0.321096 0.0222961 0.669595 -0.234625 -0.209804 -8.77003 -820.332 0 
2 830.676 0.325706 0.0222869 0.658869 -0.690549 -2.04742 -8.58394 -820.045 0 
18 830.705 0.31932 0.0222865 0.666452 -0.534585 -4.00693 -7.04434 -819.654 0 
1 830.772 0.30619 0.0222793 0.684756 0.0739895 -0.291635 -6.11206 -824.369 0 
2 827.736 0.309071 0.0223978 0.679713 -0.18041 -0.442542 -5.63582 -821.658 0 
2 828.17 0.317392 0.022302 0.672048 -0.243872 -0.184369 -7.46619 -820.519 0 
2 828.948 0.314141 0.0225726 0.673619 -0.439299 -3.00889 -6.02608 -819.913 0 
12 827.177 0.314078 0.0225135 0.673314 -0.415375 -1.13297 -6.05197 -819.992 0 
4 827.028 0.3154 0.0225234 0.670546 -0.493935 -1.07062 -6.21784 -819.739 0 
4 827.349 0.317781 0.0225633 0.66803 -0.585566 -1.08469 -6.6356 -819.629 0 
2 826.642 0.311946 0.0224671 0.675639 -0.32162 -0.310109 -5.82158 -820.51 0 
2 828.047 0.319337 0.022555 0.665372 -0.677533 -1.36013 -6.95299 -819.734 0 
5 827.002 0.315248 0.0225648 0.670983 -0.498907 -1.08914 -6.18067 -819.732 0 
3 827.667 0.309965 0.0226284 0.677242 -0.366238 -1.84554 -5.39994 -820.422 0 
7 827.788 0.306165 0.0225801 0.6809 -0.281285 -1.5368 -5.00232 -821.248 0 
7 827.616 0.30945 0.0224746 0.674787 -0.496217 -2.38761 -5.32016 -819.908 0 
6 827.329 0.308034 0.0224272 0.677247 -0.386763 -1.74545 -5.13351 -820.45 0 
1 828.949 0.310468 0.0225779 0.675362 -0.488132 -3.61279 -5.44039 -819.895 0 
2 829.994 0.313093 0.0224802 0.6716 -0.565511 -4.50826 -5.83438 -819.651 0 
8 829.995 0.299821 0.0224791 0.689622 -0.0031852 -0.317018 -4.93647 -824.742 0 
1 829.89 0.303259 0.0225653 0.681625 -0.412749 -4.34171 -4.88203 -820.666 0 
10 827.763 0.313065 0.0223272 0.673015 -0.349012 -1.45612 -6.00123 -820.306 0 
9 826.823 0.311234 0.0224437 0.676648 -0.276576 -0.2172 -5.79555 -820.81 0 
10 828.075 0.315899 0.0223897 0.6717 -0.39358 -1.59139 -6.49257 -819.991 0 
11 828.535 0.317132 0.0222751 0.672035 -0.254469 -0.728319 -7.32067 -820.486 0 
1 828.365 0.317008 0.0222597 0.668857 -0.416355 -1.74011 -6.74207 -819.883 0 
9 828.992 0.322335 0.0224005 0.661903 -0.695836 -1.46328 -7.63776 -819.891 0 
5 827.76 0.321913 0.0224003 0.665625 -0.498933 -0.216631 -7.86295 -819.68 0 
1 827.754 0.320268 0.0224646 0.666577 -0.545257 -0.82363 -7.27567 -819.655 0 
1 827.629 0.309501 0.0223938 0.678655 -0.192349 -0.389968 -5.71597 -821.523 0 
1 828.103 0.304377 0.0223641 0.681242 -0.251819 -1.59016 -4.85466 -821.658 0 
2 829.137 0.300379 0.0224287 0.685318 -0.237214 -2.20296 -4.65543 -822.279 0 
6 827.005 0.307272 0.0225225 0.678672 -0.375033 -1.38063 -5.05596 -820.568 0 
3 826.875 0.31086 0.0225225 0.676402 -0.334856 -0.758994 -5.59623 -820.519 0 
4 827.606 0.317655 0.0224606 0.667451 -0.555148 -1.33559 -6.63149 -819.639 0 
1 827.036 0.308163 0.0224482 0.67669 -0.39579 -1.50257 -5.13829 -820.396 0 
8 828.992 0.315107 0.0222685 0.669742 -0.432579 -2.83442 -6.25851 -819.899 0 
3 828.63 0.317527 0.0222664 0.667415 -0.488563 -2.21479 -6.70089 -819.714 0 
6 828.782 0.320113 0.0222521 0.665719 -0.481258 -1.68438 -7.39891 -819.698 0 
6 829.028 0.319839 0.0223038 0.664512 -0.600999 -2.27754 -7.09106 -819.659 0 
3 828.136 0.316276 0.022337 0.669632 -0.420053 -1.68043 -6.55982 -819.896 0 
10 827.529 0.311192 0.0223748 0.673504 -0.451025 -2.0219 -5.51548 -819.991 0 
6 828.252 0.314646 0.0222529 0.671015 -0.387806 -1.94493 -6.24195 -820.065 0 
9 826.824 0.315351 0.0223817 0.671818 -0.370771 -0.283956 -6.44577 -820.095 0 
8 828.019 0.312488 0.0224573 0.676242 -0.234059 -0.842943 -6.22265 -820.954 0 
1 830.594 0.309334 0.0223987 0.678193 -0.193591 -3.34015 -5.72191 -821.532 0 
3 828.785 0.312414 0.0224786 0.675584 -0.273286 -1.9647 -6.08765 -820.733 0 
6 829.377 0.323402 0.0224708 0.66141 -0.690577 -1.5328 -7.91753 -819.927 0 
5 828.774 0.321886 0.0223598 0.66319 -0.600943 -1.44477 -7.62626 -819.703 0 
6 827.146 0.316145 0.0223574 0.671507 -0.340933 -0.2354 -6.7407 -820.169 0 
4 828.312 0.310908 0.0222546 0.677064 -0.181544 -0.838462 -6.02629 -821.447 0 
1 828.539 0.30234 0.0224976 0.683988 -0.269435 -2.06346 -4.71735 -821.759 0 
2 830.149 0.29662 0.0225615 0.690677 -0.142992 -1.69737 -4.66797 -823.784 0 
4 830.92 0.305259 0.0226631 0.681865 -0.36753 -5.2381 -4.90997 -820.772 0 
7 828.346 0.303663 0.0225049 0.684818 -0.156132 -0.883802 -4.91697 -822.545 0 
2 828.179 0.312861 0.0224785 0.673456 -0.456039 -2.49218 -5.77878 -819.908 0 
2 827.322 0.306761 0.0224551 0.680777 -0.215231 -0.471996 -5.18783 -821.662 0 
4 826.882 0.313263 0.0223817 0.6726 -0.40295 -0.887331 -5.92118 -820.073 0 
5 826.965 0.317796 0.0224378 0.669077 -0.472996 -0.440409 -6.78826 -819.736 0 
4 828.35 0.315089 0.0226035 0.6733 -0.376823 -1.88847 -6.37691 -820.085 0 
8 827.643 0.310422 0.0224709 0.676305 -0.377586 -1.85359 -5.45192 -820.337 0 
10 826.59 0.314435 0.0224759 0.671677 -0.467329 -0.712695 -6.05366 -819.824 0 
3 828.556 0.320033 0.0226218 0.667795 -0.535618 -1.66285 -7.23708 -819.656 0 
2 827.834 0.317844 0.022544 0.669865 -0.483435 -1.34329 -6.77293 -819.718 0 
5 829.351 0.314971 0.0222867 0.675928 -0.0932091 -0.230875 -7.50002 -821.62 0 
26 828.944 0.322093 0.0223434 0.668145 -0.313601 -0.252751 -8.68387 -820.007 0 
12 829.528 0.313365 0.0223947 0.675515 -0.282772 -2.73134 -6.18818 -820.609 0 
7 835.509 0.322884 0.0225017 0.6645 -0.63923 -7.88866 -7.83298 -819.787 0 
4 832.692 0.318558 0.0223271 0.672952 -0.197617 -4.0527 -7.97488 -820.665 0 
7 832.236 0.323594 0.0223902 0.669602 -0.169514 -1.60432 -10.1728 -820.459 0 
2 828.654 0.312082 0.022585 0.677671 -0.263053 -1.84727 -5.98864 -820.818 0 
2 830.23 0.313059 0.0222661 0.675891 -0.20892 -2.80728 -6.36728 -821.055 0 
1 833.863 0.314191 0.0222545 0.671669 -0.437111 -7.90871 -6.03612 -819.918 0 
3 829.66 0.317472 0.0222261 0.667511 -0.492959 -3.28198 -6.66996 -819.708 0 
8 829.546 0.312018 0.0221966 0.675694 -0.17081 -1.78657 -6.35558 -821.404 0 
7 827.182 0.310048 0.0224007 0.674434 -0.439845 -1.73756 -5.3577 -820.087 0 
1 826.761 0.308181 0.0224974 0.678789 -0.299927 -0.599478 -5.22797 -820.934 0 
1 827.762 0.304284 0.0224999 0.68009 -0.374045 -2.1304 -4.81623 -820.816 0 
10 827.251 0.313363 0.0223767 0.674371 -0.283225 -0.394897 -6.24923 -820.606 0 
1 828.555 0.318494 0.0225021 0.670584 -0.352368 -1.16091 -7.3719 -820.022 0 
1 829.716 0.312474 0.0225769 0.672231 -0.5911 -4.30656 -5.78559 -819.624 0 
4 828.737 0.314148 0.0226339 0.673456 -0.410441 -2.63663 -6.09427 -820.006 0 
21 828.274 0.312586 0.0226802 0.674002 -0.506043 -2.78035 -5.7169 -819.777 0 
2 827.978 0.309919 0.0225663 0.678723 -0.251023 -1.2762 -5.61892 -821.083 0 
5 829.289 0.317979 0.0223074 0.672675 -0.161729 -0.263725 -8.12459 -820.901 0 
7 828.255 0.320965 0.0223848 0.663825 -0.62115 -1.20456 -7.34916 -819.701 0 
3 829.016 0.325071 0.0224368 0.6605 -0.68703 -0.620157 -8.39661 -820 0 
2 828.559 0.322916 0.0224291 0.66639 -0.410267 -0.250801 -8.53953 -819.769 0 
4 827.841 0.319883 0.0224837 0.668166 -0.440686 -0.622748 -7.45796 -819.761 0 
1 827.239 0.307264 0.0225387 0.679117 -0.323401 -1.28772 -5.082 -820.869 0 
5 827.881 0.304758 0.0225356 0.683485 -0.181003 -0.701848 -4.99831 -822.181 0 
2 827.262 0.306556 0.0224556 0.678787 -0.367402 -1.60751 -4.98846 -820.666 0 
2 827.519 0.311641 0.0225628 0.671846 -0.583239 -2.25714 -5.61982 -819.642 0 
1 827.288 0.31087 0.0225992 0.674034 -0.53211 -2.028 -5.50151 -819.758 0 
21 827.138 0.308648 0.0224272 0.679329 -0.215776 -0.212249 -5.47749 -821.448 0 
7 826.921 0.311195 0.0224527 0.675873 -0.316708 -0.632991 -5.69829 -820.59 0 
5 827.067 0.308138 0.0224453 0.67975 -0.228806 -0.30229 -5.35389 -821.411 0 
13 827.059 0.311904 0.0223733 0.673269 -0.424392 -1.35994 -5.6429 -820.057 0 
4 827.484 0.305357 0.0224859 0.680355 -0.342945 -1.67557 -4.89174 -820.916 0 
3 829.121 0.30761 0.0223957 0.679733 -0.266659 -2.73177 -5.18592 -821.203 0 
6 828.311 0.310596 0.0223287 0.676922 -0.266992 -1.71743 -5.67236 -820.922 0 
1 828.898 0.314114 0.0223363 0.672154 -0.419849 -2.87425 -6.04826 -819.976 0 
1 827.762 0.316918 0.022325 0.66959 -0.399154 -1.05443 -6.77197 -819.935 0 
1 830.997 0.315572 0.0221123 0.672785 -0.198869 -2.98859 -7.11486 -820.893 0 
1 829.834 0.320632 0.0222005 0.669476 -0.209757 -0.604958 -8.76335 -820.466 0 
1 828.683 0.314261 0.022236 0.671462 -0.38458 -2.43297 -6.15494 -820.095 0 
1 828.922 0.320437 0.0222204 0.667431 -0.368683 -1.14731 -7.86744 -819.907 0 
4 827.057 0.317266 0.0224185 0.668722 -0.507247 -0.76749 -6.60099 -819.689 0 
6 828.022 0.313106 0.0223772 0.67666 -0.162621 -0.0374648 -6.63805 -821.347 0 
5 827.264 0.309676 0.0224624 0.677883 -0.302132 -1.03252 -5.4408 -820.791 0 
3 828.579 0.307292 0.0224339 0.682056 -0.0970393 -0.3995 -5.62675 -822.553 0 
7 826.717 0.311296 0.0225127 0.675407 -0.396942 -0.948911 -5.5703 -820.198 0 
1 828.683 0.307952 0.0225748 0.680859 -0.202765 -1.65589 -5.40798 -821.619 0 
8 827.468 0.312496 0.0224222 0.676767 -0.213853 -0.130354 -6.26122 -821.077 0 
1 828.538 0.30677 0.0227134 0.676573 -0.582568 -3.49126 -5.30357 -819.743 0 
1 831.665 0.305729 0.0226993 0.679837 -0.380693 -6.11299 -4.89618 -820.656 0 
6 830.45 0.308763 0.0224843 0.672203 -0.668953 -5.20481 -5.678 -819.567 0 
1 830.564 0.309449 0.0226115 0.677073 -0.353069 -4.69028 -5.34841 -820.526 0 
3 830.148 0.302537 0.0225253 0.681546 -0.346562 -4.2753 -4.71349 -821.16 0 
1 830.232 0.31175 0.0225016 0.668908 -0.712538 -4.72719 -5.91676 -819.588 0 
4 831.96 0.306182 0.0223057 0.674739 -0.534865 -6.90566 -5.1448 -819.91 0 
4 832.908 0.306848 0.0222235 0.674682 -0.485048 -7.75359 -5.08696 -820.067 0 
3 833.794 0.307431 0.0221477 0.67758 -0.202101 -6.75712 -5.35344 -821.684 0 
1 828.079 0.319143 0.0223844 0.665374 -0.611519 -1.50703 -6.91957 -819.653 0 
3 826.99 0.315791 0.0225668 0.670499 -0.512171 -1.01347 -6.27683 -819.699 0 
2 828.885 0.312372 0.0227206 0.675181 -0.456863 -3.26703 -5.69472 -819.923 0 
7 828.504 0.31198 0.0226361 0.676509 -0.32914 -2.21441 -5.81917 -820.47 0 
1 828.866 0.317438 0.022609 0.666428 -0.720717 -2.45873 -6.65705 -819.75 0 
4 828.124 0.311699 0.0224653 0.671089 -0.57926 -2.85937 -5.61689 -819.648 0 
5 827.835 0.31232 0.0223089 0.672539 -0.42231 -2.07369 -5.71592 -820.045 0 
2 829.173 0.308159 0.0224235 0.676249 -0.457364 -3.88131 -5.17814 -820.113 0 
2 829.682 0.322535 0.0224498 0.660994 -0.766132 -1.85286 -7.6959 -820.133 0 
6 829.635 0.32641 0.0223775 0.659183 -0.685581 -0.755467 -8.81264 -820.067 0 
5 830.666 0.32538 0.0224674 0.658923 -0.75639 -1.98139 -8.41026 -820.274 0 
3 830.276 0.321228 0.0224054 0.661229 -0.770912 -2.79879 -7.40351 -820.074 0 
11 828.748 0.318964 0.0224113 0.665229 -0.606573 -2.22235 -6.87857 -819.647 0 
7 828.55 0.316493 0.0225576 0.67167 -0.3875 -1.86081 -6.70148 -819.987 0 
3 827.142 0.31547 0.022464 0.669135 -0.551887 -1.31042 -6.18464 -819.647 0 
15 826.906 0.312959 0.0224165 0.672317 -0.443254 -1.15471 -5.80673 -819.945 0 
7 829.263 0.308408 0.0224968 0.68191 -0.130418 -1.48057 -5.65905 -822.124 0 
6 828.73 0.306157 0.0223015 0.678498 -0.314638 -2.73719 -4.96733 -821.025 0 
2 827.656 0.312091 0.0222881 0.674834 -0.27809 -0.95343 -5.9712 -820.732 0 
8 828.895 0.309038 0.0223239 0.676841 -0.33807 -2.96594 -5.29134 -820.637 0 
5 829.169 0.314807 0.0221934 0.671368 -0.34519 -2.5663 -6.38012 -820.223 0 
3 827.676 0.31522 0.0223558 0.669402 -0.497563 -1.76317 -6.17703 -819.736 0 
5 827.463 0.312502 0.0223811 0.673565 -0.361232 -1.31896 -5.85897 -820.285 0 
3 828.266 0.310563 0.0225923 0.672838 -0.5679 -3.10847 -5.47169 -819.686 0 
4 830.333 0.301669 0.0226318 0.685615 -0.200035 -3.18703 -4.71385 -822.432 0 
1 829.213 0.301957 0.0226333 0.683599 -0.312248 -3.05484 -4.68831 -821.47 0 
3 830.227 0.299968 0.022611 0.683122 -0.465386 -4.52195 -5.0868 -820.618 0 
1 828.911 0.303497 0.0223578 0.680947 -0.321174 -2.90106 -4.76906 -821.241 0 
2 828.244 0.311593 0.0222509 0.674674 -0.291494 -1.71596 -5.8314 -820.697 0 
1 828.851 0.311955 0.0222269 0.673885 -0.328988 -2.57628 -5.802 -820.472 0 
2 829.337 0.305041 0.0222969 0.683597 -0.0703784 -0.902131 -5.307 -823.128 0 
2 829.428 0.307153 0.0223437 0.682172 -0.102155 -1.37631 -5.52403 -822.528 0 
7 830.35 0.304957 0.0225629 0.680253 -0.42849 -4.94345 -4.95813 -820.449 0 
2 828.832 0.303484 0.0224594 0.683136 -0.260153 -2.35323 -4.78146 -821.697 0 
1 827.379 0.304242 0.0224652 0.68241 -0.238367 -0.744794 -4.85638 -821.778 0 
3 827.255 0.306852 0.0225712 0.679565 -0.331909 -1.37469 -5.02714 -820.853 0 
4 827.359 0.305096 0.0225834 0.68041 -0.386861 -1.80103 -4.88719 -820.67 0 
4 827.68 0.30485 0.0224726 0.682853 -0.181496 -0.503957 -5.01125 -822.165 0 
1 827.737 0.303749 0.0225995 0.683196 -0.270679 -1.36275 -4.78956 -821.585 0 
6 827.149 0.304849 0.0225002 0.680764 -0.322243 -1.20178 -4.84829 -821.099 0 
3 827.424 0.311067 0.0224971 0.672982 -0.505978 -2.11805 -5.48429 -819.821 0 
3 829.039 0.303569 0.0223907 0.684266 -0.151804 -1.53035 -4.91112 -822.597 0 
3 827.643 0.312856 0.0223646 0.672103 -0.465774 -1.99569 -5.76892 -819.878 0 
2 828.286 0.314995 0.0223912 0.669132 -0.570088 -2.54525 -6.10924 -819.631 0 
1 826.914 0.309902 0.0224453 0.676202 -0.379715 -1.18038 -5.3736 -820.36 0 
3 827.676 0.314488 0.0222882 0.673498 -0.268612 -0.524498 -6.55153 -820.6 0 
1 827.74 0.316629 0.0222813 0.671221 -0.31201 -0.515245 -6.9646 -820.261 0 
7 827.601 0.312757 0.0223775 0.676367 -0.195968 -0.0282135 -6.40871 -821.165 0 
6 826.688 0.315507 0.0224226 0.670575 -0.460422 -0.591331 -6.28437 -819.812 0 
2 828.027 0.310412 0.0222782 0.677277 -0.207441 -0.881322 -5.82476 -821.321 0 
6 830.336 0.321241 0.0221986 0.669567 -0.183365 -0.652728 -9.1369 -820.547 0 
4 830.36 0.323053 0.0221685 0.666521 -0.275859 -0.978104 -9.29491 -820.087 0 
14 828.972 0.324226 0.022271 0.664085 -0.43556 -0.3632 -8.88102 -819.728 0 
6 827.976 0.318169 0.0224483 0.671547 -0.311092 -0.392243 -7.40083 -820.183 0 
4 830.484 0.317491 0.0223515 0.67453 -0.0861408 -0.674495 -8.40881 -821.4 0 
2 828.808 0.3187 0.0224211 0.669623 -0.354176 -1.35564 -7.44445 -820.008 0 
4 827.551 0.317911 0.022378 0.668325 -0.495274 -1.08142 -6.77009 -819.699 0 
11 828.371 0.319048 0.0224549 0.667888 -0.461755 -1.46232 -7.17133 -819.737 0 
2 828.981 0.316464 0.0226404 0.671036 -0.464587 -2.70159 -6.50061 -819.779 0 
4 828.175 0.312415 0.0226089 0.676621 -0.30626 -1.66565 -5.9541 -820.556 0 
23 829.848 0.312419 0.0227191 0.676794 -0.349767 -3.65723 -5.84846 -820.342 0 
2 827.872 0.314594 0.0224602 0.675106 -0.234413 -0.375588 -6.72191 -820.774 0 
5 827.922 0.307557 0.0226102 0.680058 -0.326847 -1.98784 -5.11161 -820.823 0 
3 827.291 0.309653 0.0226089 0.674327 -0.546154 -2.15962 -5.37568 -819.756 0 
6 828.974 0.308053 0.0227018 0.674286 -0.644677 -3.8561 -5.52138 -819.597 0 
3 827.701 0.307844 0.0226762 0.676582 -0.524612 -2.61206 -5.21156 -819.878 0 
11 828.171 0.306406 0.0226478 0.679356 -0.386974 -2.64129 -4.96243 -820.568 0 
3 828.276 0.30016 0.022539 0.685635 -0.254705 -1.47423 -4.64703 -822.155 0 
2 829.352 0.303107 0.0224071 0.679815 -0.421991 -3.87172 -4.85642 -820.624 0 
4 831.412 0.309442 0.0223459 0.67113 -0.619503 -6.29808 -5.49771 -819.616 0 
1 831.6 0.310116 0.0223223 0.670556 -0.615496 -6.45245 -5.53297 -819.614 0 
4 829.779 0.303666 0.0222858 0.681663 -0.20929 -2.84707 -4.84673 -822.086 0 
4 828.287 0.30479 0.0224602 0.680235 -0.315827 -2.29702 -4.84152 -821.148 0 
3 829.045 0.304016 0.0226239 0.678581 -0.515778 -3.92534 -5.03234 -820.087 0 
10 829.108 0.310141 0.0225936 0.674302 -0.488023 -3.84485 -5.35462 -819.908 0 
3 828.755 0.311306 0.0227474 0.673264 -0.612376 -3.48884 -5.65806 -819.608 0 
1 830.982 0.308022 0.0227373 0.67637 -0.59402 -5.85084 -5.44625 -819.685 0 
1 829.641 0.302523 0.022483 0.685057 -0.130194 -1.80149 -4.88826 -822.951 0 
18 829.182 0.305226 0.0227799 0.679437 -0.511704 -4.06239 -5.07822 -820.041 0 
3 830.83 0.301209 0.0227958 0.685913 -0.297766 -4.48787 -4.67536 -821.667 0 
4 830.029 0.301535 0.0227816 0.682179 -0.510859 -4.63628 -5.13717 -820.256 0 
12 828.853 0.317825 0.0226845 0.667587 -0.643002 -2.57503 -6.62806 -819.65 0 
11 828.953 0.303572 0.0227384 0.681865 -0.433011 -3.53468 -4.893 -820.525 0 
4 829.001 0.300197 0.0226728 0.686426 -0.278489 -2.38713 -4.66681 -821.947 0 
2 826.956 0.308803 0.0225029 0.677676 -0.330715 -0.983854 -5.27523 -820.697 0 
4 828.679 0.31599 0.0226187 0.67054 -0.49863 -2.62128 -6.33821 -819.72 0 
6 827.912 0.317511 0.0225907 0.668915 -0.533086 -1.62997 -6.62583 -819.656 0 
1 829.239 0.316899 0.0223968 0.674387 -0.161895 -0.524852 -7.72226 -820.992 0 
5 828.262 0.320565 0.0222801 0.668007 -0.34735 -0.288276 -8.01162 -819.962 0 
1 828.969 0.310974 0.0222932 0.677109 -0.226028 -1.97054 -5.85523 -821.143 0 
1 828.452 0.307182 0.0223128 0.681227 -0.126122 -0.658882 -5.47338 -822.32 0 
14 828.715 0.31842 0.0223807 0.672237 -0.221025 -0.244034 -7.91165 -820.559 0 
15 828 0.321498 0.0223162 0.665579 -0.474296 -0.48159 -7.81936 -819.699 0 
3 831.214 0.307947 0.0222596 0.683211 0.0495792 -1.07093 -6.3363 -823.807 0 
2 833.865 0.30853 0.0222187 0.683727 0.190621 -1.26214 -7.45155 -825.151 0 
2 828.117 0.314769 0.0224305 0.675402 -0.205081 -0.312848 -6.87763 -820.926 0 
8 827.288 0.314693 0.0225143 0.673575 -0.370449 -0.88313 -6.27732 -820.128 0 
1 826.908 0.311824 0.022528 0.675541 -0.348984 -0.780027 -5.74499 -820.383 0 
1 826.64 0.308805 0.0224526 0.677065 -0.360841 -0.869633 -5.23903 -820.531 0 
12 826.894 0.314181 0.0225557 0.672951 -0.425616 -0.874865 -6.0646 -819.954 0 
1 827.849 0.314089 0.0223804 0.675633 -0.19301 -0.0385693 -6.75242 -821.058 0 
1 828.298 0.313542 0.0224089 0.674947 -0.305332 -1.64313 -6.17375 -820.481 0 
6 828.135 0.318842 0.0222746 0.669161 -0.354491 -0.706411 -7.42681 -820.002 0 
5 827.253 0.316449 0.0224171 0.671217 -0.400016 -0.685071 -6.61836 -819.95 0 
6 827.14 0.315221 0.0224244 0.672791 -0.325671 -0.298302 -6.55917 -820.282 0 
30 826.7 0.313869 0.0223924 0.672589 -0.395808 -0.577327 -6.05172 -820.071 0 
3 829.032 0.314474 0.0222613 0.670538 -0.406841 -2.85354 -6.17365 -820.005 0 
1 830.222 0.324614 0.0222393 0.660797 -0.597689 -2.00334 -8.44203 -819.777 0 
10 830.373 0.31631 0.0221347 0.669794 -0.351543 -3.51581 -6.73627 -820.121 0 
3 827.907 0.322709 0.0224126 0.664892 -0.505246 -0.122522 -8.10223 -819.682 0 
9 829.529 0.321079 0.0225295 0.669362 -0.349854 -1.41297 -8.1776 -819.938 0 
4 831.255 0.31634 0.0224307 0.675373 -0.175981 -2.8928 -7.40314 -820.959 0 
3 830.351 0.326831 0.0222706 0.661638 -0.504894 -1.10884 -9.50287 -819.739 0 
1 830.185 0.322574 0.0221551 0.664913 -0.399277 -1.93321 -8.46032 -819.792 0 
5 833.284 0.317037 0.0221409 0.668428 -0.350203 -6.18729 -7.00526 -820.092 0 
3 832.124 0.327294 0.0221236 0.659898 -0.490962 -2.57952 -9.80331 -819.741 0 
1 832.164 0.325812 0.022241 0.666637 -0.183992 -0.813026 -11.0709 -820.28 0 
1 831.754 0.319029 0.0222213 0.67356 -0.0273696 -0.783897 -9.34648 -821.623 0 
2 828.324 0.315209 0.0222836 0.674216 -0.182041 -0.173317 -7.12735 -821.023 0 
2 827.421 0.309553 0.0223718 0.678805 -0.186346 -0.132732 -5.72799 -821.56 0 
4 827.584 0.311991 0.0226294 0.674101 -0.501168 -2.14859 -5.62911 -819.806 0 
5 827.231 0.308267 0.022479 0.676771 -0.429004 -1.8397 -5.16046 -820.231 0 
16 827.016 0.306495 0.0224987 0.678706 -0.388648 -1.48136 -4.98352 -820.552 0 
7 827.42 0.304235 0.0225036 0.682932 -0.232449 -0.732866 -4.86106 -821.826 0 
3 829.883 0.299201 0.0224835 0.68986 -0.0215719 -0.379602 -4.84934 -824.654 0 
4 831.192 0.295612 0.0226128 0.69239 -0.075564 -1.7521 -4.71111 -824.729 0 
2 829.123 0.299544 0.0226323 0.683949 -0.423829 -3.2672 -4.93767 -820.918 0 
8 829.364 0.302769 0.0227476 0.68176 -0.44531 -3.97361 -4.87397 -820.517 0 
2 830.451 0.305221 0.0228202 0.677575 -0.631875 -5.29591 -5.49039 -819.665 0 
1 831.94 0.302616 0.0227969 0.680745 -0.506457 -6.7327 -4.99715 -820.21 0 
15 829.08 0.313628 0.0227315 0.670113 -0.678314 -3.46599 -6.01597 -819.598 0 
1 828.11 0.304652 0.0226293 0.678505 -0.519677 -2.99087 -5.08161 -820.038 0 
4 828.949 0.306025 0.0227611 0.678432 -0.515985 -3.87126 -5.09176 -819.986 0 
1 830.579 0.313013 0.0226935 0.675121 -0.374958 -4.44595 -5.93675 -820.197 0 
2 830.952 0.315572 0.0226201 0.67387 -0.31015 -3.89323 -6.72959 -820.329 0 
3 830.847 0.310073 0.0227115 0.67985 -0.243063 -4.06138 -5.66663 -821.119 0 
5 829.965 0.316613 0.0227628 0.67064 -0.559835 -3.92216 -6.40712 -819.636 0 
4 830.872 0.311596 0.0227864 0.677022 -0.386839 -5.01102 -5.63655 -820.225 0 
1 829.941 0.305002 0.0226974 0.68328 -0.238628 -3.32104 -4.93342 -821.687 0 
2 826.943 0.315946 0.022456 0.670846 -0.456242 -0.749775 -6.38237 -819.811 0 
2 827.33 0.315763 0.0223802 0.671282 -0.408216 -0.946474 -6.43406 -819.949 0 
5 827.223 0.316097 0.0225506 0.671807 -0.41937 -0.820814 -6.49784 -819.904 0 
2 827.625 0.304374 0.0224735 0.683033 -0.213999 -0.772459 -4.89571 -821.957 0 
1 828.89 0.305637 0.0223342 0.683265 -0.0565041 -0.246357 -5.47792 -823.165 0 
4 828.376 0.305381 0.0224202 0.683552 -0.0911394 -0.175198 -5.31823 -822.883 0 
4 827.629 0.312309 0.0223653 0.676814 -0.185059 -0.011242 -6.33844 -821.279 0 
7 826.97 0.313944 0.0223514 0.673276 -0.327984 -0.388106 -6.23374 -820.348 0 
4 827.41 0.318079 0.0224244 0.667512 -0.52338 -0.972811 -6.77336 -819.664 0 
18 827.969 0.311147 0.0223849 0.672175 -0.518936 -2.67585 -5.50937 -819.784 0 
11 826.895 0.311112 0.0225631 0.675937 -0.373207 -1.00621 -5.57396 -820.315 0 
2 829.079 0.309765 0.0227249 0.677274 -0.409824 -3.51932 -5.33031 -820.229 0 
2 830.305 0.323779 0.022535 0.661923 -0.662652 -2.3723 -8.06147 -819.872 0 
2 828.848 0.311306 0.0227221 0.676505 -0.41255 -3.15828 -5.55672 -820.133 0 
3 829.179 0.31717 0.0226836 0.66997 -0.564964 -3.02417 -6.52226 -819.632 0 
4 830.124 0.315553 0.0227401 0.671663 -0.557809 -4.27187 -6.21163 -819.641 0 
1 829.683 0.315547 0.0227006 0.672446 -0.495237 -3.70533 -6.24355 -819.734 0 
2 829.157 0.308306 0.0227183 0.680073 -0.323333 -3.1651 -5.21109 -820.781 0 
7 828.983 0.313481 0.0225252 0.67724 -0.193682 -1.29617 -6.57605 -821.11 0 
1 829.693 0.305333 0.0226465 0.681123 -0.391888 -4.14468 -4.92584 -820.623 0 
2 829.452 0.308648 0.0225543 0.680828 -0.224116 -2.63891 -5.42367 -821.39 0 
1 829.62 0.321406 0.0225984 0.665959 -0.607487 -2.44518 -7.4768 -819.698 0 
11 827.6 0.317608 0.0224718 0.67108 -0.354717 -0.455695 -7.09361 -820.051 0 
8 828.002 0.314161 0.0224087 0.674265 -0.317095 -1.33235 -6.28523 -820.384 0 
3 830.25 0.317483 0.0225453 0.67259 -0.352886 -3.1828 -7.00462 -820.063 0 
5 829.205 0.325574 0.0224014 0.662347 -0.566086 -0.616119 -8.82645 -819.763 0 
1 829.199 0.324135 0.0223897 0.66596 -0.371379 -0.215367 -9.16691 -819.817 0 
9 828.195 0.321602 0.0223803 0.667647 -0.381121 -0.155036 -8.19297 -819.847 0 
3 827.25 0.308728 0.0225137 0.679202 -0.280428 -0.911061 -5.33228 -821.006 0 
4 826.99 0.313981 0.0224696 0.671717 -0.490716 -1.26303 -5.94851 -819.778 0 
8 827.361 0.304558 0.0225448 0.682269 -0.280947 -1.0958 -4.84582 -821.419 0 
5 828.863 0.301908 0.0225844 0.686566 -0.16016 -1.33522 -4.7656 -822.762 0 
1 828.628 0.305577 0.0225212 0.684087 -0.111669 -0.692314 -5.2673 -822.668 0 
5 829.211 0.320098 0.0224087 0.670334 -0.262579 -0.638016 -8.30012 -820.273 0 
1 829.076 0.312403 0.0223811 0.678532 -0.0786764 -0.200798 -6.84851 -822.027 0 
13 828.86 0.319142 0.0224134 0.66947 -0.411109 -1.73577 -7.28755 -819.837 0 
8 827.874 0.319711 0.0223324 0.669149 -0.339691 -0.0965122 -7.76231 -820.015 0 
3 827.536 0.319139 0.0223549 0.669166 -0.362628 -0.0652492 -7.50472 -819.966 0 
5 827.901 0.31754 0.0224563 0.671977 -0.320768 -0.554791 -7.16841 -820.177 0 
1 829.306 0.312041 0.0224936 0.67604 -0.352582 -3.19926 -5.75369 -820.353 0 
2 827.808 0.313128 0.0226337 0.674769 -0.410065 -1.87834 -5.87641 -820.053 0 
4 827.937 0.311741 0.0225677 0.677439 -0.26441 -1.16721 -5.93115 -820.839 0 
1 828.048 0.31164 0.0225296 0.67726 -0.291212 -1.53896 -5.81457 -820.694 0 
3 829.044 0.323348 0.0224226 0.666833 -0.370761 -0.346191 -8.86527 -819.832 0 
2 828.494 0.322959 0.0225158 0.66449 -0.555842 -0.765259 -8.03724 -819.692 0 
2 828.552 0.324104 0.0224399 0.661749 -0.651043 -0.525978 -8.16779 -819.858 0 
1 828.502 0.319451 0.022554 0.669141 -0.42961 -1.34495 -7.36778 -819.79 0 
1 827.869 0.313994 0.0226787 0.671637 -0.570685 -2.29344 -5.93935 -819.636 0 
1 827.977 0.32118 0.0224378 0.663991 -0.624828 -0.865305 -7.39991 -819.711 0 
3 828.885 0.31182 0.0225594 0.672744 -0.573098 -3.55209 -5.67669 -819.656 0 
4 828.298 0.320876 0.0223638 0.664014 -0.603653 -1.26753 -7.34845 -819.682 0 
3 829.287 0.310172 0.0223339 0.68025 -0.0380573 -0.140351 -6.49451 -822.652 0 
4 827.636 0.317194 0.0224478 0.669084 -0.516363 -1.38878 -6.56989 -819.677 0 
3 827.679 0.316048 0.0224161 0.673478 -0.266528 -0.209848 -6.96849 -820.501 0 
3 827.373 0.319551 0.0225238 0.66725 -0.542044 -0.621299 -7.1009 -819.651 0 
10 826.957 0.314005 0.0225845 0.67196 -0.514832 -1.29284 -5.93923 -819.725 0 
2 828.576 0.320767 0.0224747 0.664453 -0.611445 -1.57692 -7.31223 -819.686 0 
4 829.021 0.320022 0.0225609 0.663688 -0.753587 -1.91664 -7.15563 -819.948 0 
2 835.34 0.326247 0.022783 0.6583 -0.941213 -5.01882 -8.83689 -821.484 0 
8 830.094 0.30829 0.0225533 0.682056 -0.162093 -2.67893 -5.52718 -821.888 0 
2 830.65 0.311555 0.0227429 0.675969 -0.47714 -5.18622 -5.57421 -819.89 0 
8 828.68 0.312324 0.0226041 0.674782 -0.454685 -3.05567 -5.69195 -819.932 0 
3 826.993 0.318257 0.022492 0.668334 -0.513648 -0.49279 -6.82734 -819.673 0 
11 827.065 0.316255 0.0224227 0.670641 -0.442586 -0.752046 -6.47708 -819.836 0 
3 827.982 0.319241 0.0225151 0.669856 -0.398386 -0.727839 -7.3891 -819.865 0 
4 828.215 0.320781 0.0224334 0.667934 -0.433201 -0.741806 -7.71273 -819.76 0 
4 827.76 0.318339 0.0223914 0.670332 -0.330375 -0.249592 -7.40665 -820.104 0 
4 828.068 0.321837 0.0224443 0.664954 -0.536123 -0.642404 -7.75523 -819.67 0 
5 827.665 0.321286 0.0224641 0.666369 -0.507856 -0.342748 -7.64872 -819.674 0 
2 829.648 0.316745 0.022307 0.674602 -0.102952 -0.252852 -8.0274 -821.368 0 
18 828.295 0.323834 0.0223905 0.663943 -0.521865 -0.203316 -8.39814 -819.694 0 
1 827.036 0.316926 0.0224743 0.669518 -0.502712 -0.806982 -6.52935 -819.699 0 
4 828.348 0.305363 0.0227088 0.681229 -0.376519 -2.74294 -4.89503 -820.71 0 
3 828.613 0.309002 0.0224121 0.680921 -0.0865043 -0.206655 -6.00045 -822.406 0 
1 828.665 0.309958 0.0226523 0.678923 -0.285286 -2.26252 -5.53511 -820.867 0 
2 828.73 0.312699 0.0225949 0.677174 -0.265079 -1.84943 -6.12436 -820.756 0 
6 827.009 0.311452 0.0225719 0.676097 -0.369322 -1.06368 -5.63366 -820.312 0 
1 827.18 0.316256 0.0224854 0.672049 -0.362322 -0.397788 -6.69809 -820.084 0 
16 826.997 0.313885 0.022594 0.671743 -0.524823 -1.37632 -5.91263 -819.708 0 
6 827.593 0.3092 0.0226015 0.678265 -0.324685 -1.55155 -5.34183 -820.7 0 
3 829.222 0.297842 0.0226238 0.687624 -0.273151 -2.22578 -4.69452 -822.301 0 
4 831.774 0.294437 0.0226917 0.690842 -0.243224 -3.82798 -4.85618 -823.09 0 
1 830.449 0.300631 0.0225647 0.680524 -0.526414 -5.01363 -5.19865 -820.236 0 
3 835.107 0.304382 0.0222565 0.679732 -0.234824 -8.42478 -4.89321 -821.789 0 
1 835.103 0.302003 0.0221977 0.67981 -0.336497 -9.12063 -4.69712 -821.286 0 
4 833.483 0.309755 0.0221258 0.673081 -0.423135 -7.98499 -5.32687 -820.171 0 
3 832.045 0.314031 0.02212 0.670065 -0.424647 -6.04926 -6.03248 -819.963 0 
1 832.503 0.305346 0.0221156 0.683114 0.027051 -2.69893 -5.76744 -824.037 0 
3 828.657 0.304456 0.0223836 0.682824 -0.195739 -1.63399 -4.92648 -822.097 0 
2 827.035 0.308182 0.0223908 0.678401 -0.276385 -0.684953 -5.2672 -821.083 0 
2 827.684 0.309649 0.0225071 0.674027 -0.542318 -2.52608 -5.39175 -819.766 0 
4 826.817 0.314461 0.0224306 0.671896 -0.440391 -0.82523 -6.09309 -819.898 0 
5 827.239 0.315368 0.0225742 0.671685 -0.45563 -1.14585 -6.26538 -819.828 0 
3 829.055 0.320669 0.0224568 0.666423 -0.482248 -1.78279 -7.57836 -819.694 0 
11 828.089 0.322719 0.0224173 0.663231 -0.607228 -0.512986 -7.84361 -819.732 0 
2 828.536 0.320375 0.0224451 0.667933 -0.406891 -0.977239 -7.74073 -819.818 0 
1 827.854 0.312025 0.0225189 0.676904 -0.24996 -0.903149 -6.05134 -820.899 0 
5 827.966 0.3155 0.0226699 0.670729 -0.56012 -2.13489 -6.19235 -819.639 0 
3 829.396 0.318655 0.0227174 0.667811 -0.631233 -2.93226 -6.80634 -819.657 0 
10 830.13 0.324203 0.0225289 0.662106 -0.635648 -2.06396 -8.23714 -819.829 0 
3 829.432 0.321219 0.0224668 0.667299 -0.414052 -1.65363 -7.99086 -819.787 0 
2 829.296 0.310241 0.0225349 0.67938 -0.170276 -1.74108 -5.95503 -821.6 0 
1 830.517 0.305819 0.022619 0.682332 -0.206051 -3.57556 -5.0982 -821.844 0 
4 827.182 0.307627 0.0225775 0.67839 -0.370562 -1.52815 -5.08793 -820.566 0 
13 828.562 0.306157 0.0224681 0.676448 -0.518318 -3.46905 -5.12246 -819.971 0 
2 830.648 0.305136 0.0225431 0.678219 -0.432684 -5.35332 -4.88127 -820.414 0 
3 830.438 0.308274 0.0226383 0.674986 -0.619145 -5.27462 -5.53128 -819.632 0 
1 828.311 0.303282 0.0226588 0.682411 -0.383682 -2.65408 -4.81453 -820.843 0 
5 828.045 0.310408 0.0226413 0.676916 -0.409584 -2.42685 -5.42482 -820.193 0 
8 827.876 0.315824 0.0225928 0.672625 -0.395558 -1.3949 -6.49339 -819.988 0 
1 828.633 0.319401 0.0226147 0.667071 -0.576653 -1.9732 -7.01474 -819.645 0 
1 828.124 0.315671 0.0225489 0.673401 -0.327006 -1.20589 -6.66699 -820.251 0 
11 828.894 0.320046 0.0226291 0.664608 -0.708272 -1.96746 -7.10337 -819.823 0 
5 827.12 0.316147 0.0225123 0.669554 -0.51743 -1.08756 -6.34575 -819.687 0 
2 829.173 0.310119 0.0224955 0.680782 -0.102013 -0.888257 -6.1522 -822.132 0 
2 828.349 0.313634 0.0224922 0.676527 -0.202888 -0.711708 -6.59805 -821.04 0 
1 829.905 0.316418 0.0226165 0.673766 -0.34155 -2.97988 -6.77202 -820.153 0 
2 828.055 0.321286 0.0224581 0.66748 -0.42151 -0.333747 -7.9489 -819.773 0 
17 827.016 0.316212 0.0223675 0.67133 -0.356791 -0.207027 -6.70303 -820.106 0 
6 827.291 0.310099 0.0224279 0.675032 -0.434621 -1.81395 -5.37157 -820.105 0 
4 828.375 0.315639 0.02252 0.673499 -0.350326 -1.67203 -6.54497 -820.158 0 
4 828.671 0.314405 0.0222733 0.675068 -0.179695 -0.686718 -6.87384 -821.111 0 
3 829.551 0.304447 0.0224732 0.685828 -0.0445054 -0.780504 -5.29823 -823.473 0 
3 831.701 0.309646 0.0225181 0.682026 -0.0933819 -3.41342 -6.02447 -822.263 0 
2 833.681 0.318169 0.0227661 0.671354 -0.500955 -7.17873 -6.81319 -819.689 0 
3 832.333 0.315485 0.0225317 0.676623 -0.183882 -4.23779 -7.1072 -820.988 0 
2 831.265 0.311151 0.0225035 0.681152 -0.0553963 -2.3154 -6.57691 -822.372 0 
15 831.096 0.307373 0.0225965 0.684254 -0.0626051 -2.52555 -5.7265 -822.844 0 
7 829.931 0.314417 0.0225918 0.673416 -0.455985 -4.01581 -6.0598 -819.855 0 
4 828.428 0.308768 0.0224983 0.681111 -0.154231 -0.876803 -5.66019 -821.891 0 
4 828.632 0.306436 0.0225484 0.680957 -0.307692 -2.58511 -5.00281 -821.044 0 
3 830.12 0.308859 0.0225036 0.676582 -0.459332 -4.79479 -5.25572 -820.069 0 
3 829.366 0.306363 0.0224277 0.682966 -0.132089 -1.68718 -5.29911 -822.38 0 
1 827.828 0.312482 0.0225717 0.673176 -0.51979 -2.37298 -5.70823 -819.747 0 
3 827.891 0.302152 0.022587 0.682997 -0.356929 -2.01345 -4.75226 -821.126 0 
6 826.73 0.309071 0.02243 0.677819 -0.295551 -0.482186 -5.36559 -820.882 0 
4 826.827 0.310833 0.0224937 0.674042 -0.483357 -1.46559 -5.46422 -819.897 0 
3 828.037 0.30234 0.0225002 0.681895 -0.357612 -2.19381 -4.74054 -821.102 0 
16 828.982 0.299166 0.0225698 0.688074 -0.164717 -1.19948 -4.64624 -823.136 0 
4 827.451 0.303973 0.0225636 0.682859 -0.273075 -1.10414 -4.80499 -821.542 0 
4 827.924 0.309469 0.0226914 0.676958 -0.436779 -2.51028 -5.28464 -820.13 0 
8 827.895 0.311149 0.0226185 0.672492 -0.615005 -2.63251 -5.65604 -819.606 0 
1 828.127 0.315814 0.0224837 0.671279 -0.400034 -1.65112 -6.50235 -819.973 0 
2 828.36 0.31303 0.0226137 0.672366 -0.564631 -2.89356 -5.81297 -819.653 0 
15 827.891 0.306298 0.0224398 0.677832 -0.42737 -2.53557 -4.99376 -820.362 0 
1 829.751 0.310063 0.0222536 0.673632 -0.404752 -4.14086 -5.37544 -820.234 0 
8 827.338 0.312031 0.022412 0.676303 -0.272281 -0.61784 -5.95098 -820.769 0 
2 829.164 0.31333 0.0224475 0.677128 -0.141417 -0.87646 -6.82091 -821.466 0 
6 828.606 0.311831 0.0224818 0.67869 -0.148974 -0.670645 -6.35971 -821.576 0 
6 827.764 0.31441 0.02246 0.671805 -0.477314 -1.9268 -6.0382 -819.799 0 
4 827.781 0.320529 0.022346 0.667483 -0.401001 -0.163977 -7.78993 -819.827 0 
1 826.756 0.316855 0.0224736 0.66958 -0.484968 -0.480789 -6.54517 -819.73 0 
2 827.36 0.319957 0.0224627 0.666842 -0.513796 -0.421474 -7.27021 -819.668 0 
5 828.873 0.316221 0.0225116 0.674369 -0.23919 -1.10253 -7.1459 -820.624 0 
2 828.421 0.320344 0.0225711 0.668324 -0.473451 -1.24465 -7.47063 -819.706 0 
17 827.87 0.320552 0.0224025 0.668536 -0.375811 -0.107607 -7.87663 -819.886 0 
4 828.307 0.318207 0.0225686 0.667933 -0.597531 -1.94784 -6.72593 -819.633 0 
5 827.471 0.320406 0.0224712 0.665668 -0.57308 -0.542645 -7.27134 -819.657 0 
8 827 0.315776 0.022368 0.670705 -0.424745 -0.692333 -6.40798 -819.899 0 
1 827.087 0.311689 0.0226037 0.674922 -0.426779 -1.42375 -5.60549 -820.058 0 
1 827.106 0.305174 0.0224718 0.680821 -0.296232 -0.972994 -4.88729 -821.245 0 
3 827.928 0.315005 0.0223156 0.673081 -0.261398 -0.582868 -6.74585 -820.599 0 
13 827.13 0.317308 0.022385 0.669124 -0.467946 -0.697224 -6.67854 -819.754 0 
17 827.391 0.308461 0.0224787 0.6752 -0.499191 -2.23074 -5.22113 -819.939 0 
3 827.087 0.311045 0.02263 0.67457 -0.493591 -1.73907 -5.49006 -819.858 0 
4 827.654 0.310197 0.0225117 0.673909 -0.533697 -2.44597 -5.43565 -819.773 0 
6 828.314 0.313353 0.0223945 0.672927 -0.429178 -2.44864 -5.88959 -819.976 0 
4 828.016 0.309546 0.0225795 0.678965 -0.257963 -1.40865 -5.53362 -821.073 0 
2 827.787 0.307796 0.0225641 0.677937 -0.427316 -2.39905 -5.12124 -820.267 0 
3 828.341 0.303672 0.0223717 0.683888 -0.128631 -0.559558 -4.98901 -822.793 0 
2 828.256 0.316662 0.022306 0.671667 -0.271969 -0.652861 -7.16863 -820.435 0 
6 827.978 0.309966 0.0223317 0.675876 -0.349956 -2.05809 -5.41481 -820.505 0 
3 828.772 0.316614 0.0224267 0.669695 -0.50772 -2.6237 -6.4523 -819.696 0 
2 829.42 0.320433 0.0224693 0.664841 -0.657397 -2.48065 -7.20381 -819.736 0 
1 827.305 0.317882 0.0223438 0.669971 -0.366576 -0.190133 -7.11463 -820.001 0 
3 827.932 0.318636 0.0222804 0.668948 -0.360417 -0.573987 -7.36692 -819.991 0 
1 829.617 0.324195 0.0223908 0.660677 -0.706532 -1.47899 -8.12343 -820.015 0 
1 827.322 0.317386 0.0224724 0.668906 -0.524303 -1.05241 -6.60369 -819.666 0 
4 826.916 0.316959 0.0224473 0.668763 -0.524855 -0.737687 -6.50996 -819.669 0 
2 827.65 0.319217 0.0225049 0.667513 -0.512572 -0.899885 -7.08013 -819.67 0 
4 827.594 0.317904 0.0224297 0.670991 -0.33105 -0.206579 -7.26599 -820.121 0 
8 827.968 0.315134 0.0224664 0.670478 -0.528981 -2.14488 -6.14138 -819.681 0 
1 828.005 0.312391 0.0225301 0.672632 -0.538689 -2.59016 -5.70583 -819.709 0 
2 828.057 0.319058 0.0224431 0.665609 -0.634783 -1.49404 -6.894 -819.669 0 
4 826.605 0.314059 0.0224612 0.671816 -0.46772 -0.789771 -5.98137 -819.834 0 
27 826.599 0.311609 0.0225484 0.674878 -0.420959 -0.917115 -5.59755 -820.084 0 
1 828.721 0.316264 0.02258 0.667197 -0.709265 -2.57407 -6.4568 -819.69 0 
2 827.86 0.311268 0.0225025 0.672355 -0.532088 -2.5938 -5.51833 -819.748 0 
11 828.131 0.308701 0.0226913 0.674959 -0.579742 -3.06586 -5.36444 -819.7 0 
7 827.878 0.308065 0.0226807 0.676701 -0.521209 -2.76579 -5.23213 -819.88 0 
4 828.303 0.304184 0.0224287 0.68279 -0.181339 -1.10421 -4.94471 -822.254 0 
1 828.323 0.311936 0.022438 0.674757 -0.325196 -1.99233 -5.83757 -820.493 0 
14 827.293 0.305312 0.0224846 0.681247 -0.261224 -0.87759 -4.93387 -821.482 0 
1 827.192 0.309753 0.0225159 0.675187 -0.478095 -1.8957 -5.3385 -819.958 0 
5 827.086 0.306276 0.0224788 0.679367 -0.329002 -1.19529 -4.96919 -820.922 0 
3 826.835 0.308555 0.0224564 0.678082 -0.301758 -0.664888 -5.28125 -820.889 0 
2 829.399 0.302905 0.022487 0.686825 -0.0338614 -0.401961 -5.15652 -823.841 0 
2 829.515 0.30426 0.0226028 0.685238 -0.120101 -1.64911 -5.08138 -822.784 0 
4 828.096 0.308077 0.0226809 0.676923 -0.514291 -2.96468 -5.22832 -819.903 0 
2 828.407 0.307645 0.0225215 0.68072 -0.195926 -1.32142 -5.38037 -821.706 0 
11 829.109 0.317331 0.0225936 0.665233 -0.760717 -2.57994 -6.68723 -819.842 0 
1 829.182 0.311252 0.0226677 0.673517 -0.593163 -3.90106 -5.64788 -819.633 0 
1 830.007 0.312121 0.022646 0.671176 -0.683475 -4.4774 -5.94989 -819.58 0 
1 826.907 0.313163 0.0224021 0.674865 -0.29558 -0.208952 -6.14153 -820.557 0 
10 830.08 0.298406 0.0225536 0.686814 -0.300112 -3.34595 -4.74434 -821.989 0 
1 830.255 0.295447 0.0225524 0.689061 -0.26162 -2.68274 -4.8212 -822.751 0 
1 830.042 0.303162 0.0226949 0.681565 -0.46926 -4.68043 -5.00208 -820.359 0 
1 830.34 0.301573 0.02261 0.686146 -0.239405 -3.54422 -4.69438 -822.102 0 
1 831.849 0.304789 0.0226005 0.681245 -0.405097 -6.32939 -4.92951 -820.59 0 
1 828.93 0.301369 0.0226839 0.684698 -0.3416 -2.87935 -4.73588 -821.315 0 
3 829.011 0.315376 0.0227372 0.669907 -0.631757 -3.21461 -6.19047 -819.606 0 
2 828.503 0.310334 0.0226984 0.677555 -0.383104 -2.75235 -5.43441 -820.317 0 
8 828.221 0.316776 0.0225399 0.66638 -0.697594 -2.04606 -6.48821 -819.687 0 
1 831.198 0.315998 0.022656 0.671529 -0.440105 -4.89329 -6.45528 -819.85 0 
2 830.077 0.315834 0.0227713 0.66825 -0.716341 -4.01265 -6.37525 -819.689 0 
1 829.39 0.313135 0.0227318 0.67179 -0.588892 -3.96299 -5.80568 -819.622 0 
1 828.939 0.311568 0.0225193 0.675336 -0.337279 -2.74206 -5.7394 -820.458 0 
2 827.134 0.307348 0.0225679 0.677209 -0.449638 -1.87225 -5.07031 -820.191 0 
12 826.993 0.309344 0.0225413 0.675683 -0.472178 -1.70732 -5.28836 -819.997 0 
10 827.374 0.304924 0.0226142 0.680939 -0.361019 -1.67719 -4.85544 -820.841 0 
1 827.084 0.306828 0.0225908 0.678527 -0.424831 -1.71785 -5.02645 -820.34 0 
3 827.627 0.31261 0.0225711 0.673272 -0.506778 -2.12923 -5.72282 -819.775 0 
3 828.528 0.307493 0.0225524 0.677288 -0.477564 -3.31492 -5.14826 -820.065 0 
1 827.797 0.307508 0.0226601 0.678309 -0.448107 -2.50446 -5.10381 -820.189 0 
5 828.067 0.315339 0.0226095 0.669369 -0.634536 -2.25379 -6.20723 -819.606 0 
7 829.27 0.305409 0.0225452 0.678552 -0.4134 -3.88389 -4.88891 -820.497 0 
3 831.399 0.297645 0.0227864 0.684936 -0.494575 -5.4287 -5.34068 -820.629 0 
6 828.322 0.304145 0.0227094 0.680964 -0.441115 -2.97417 -4.90908 -820.439 0 
2 829.045 0.307832 0.0227287 0.679567 -0.362893 -3.33662 -5.11611 -820.593 0 
1 829.014 0.312839 0.0226511 0.671381 -0.581975 -3.62947 -5.75289 -819.632 0 
1 827.848 0.313205 0.0224822 0.673887 -0.351043 -1.52782 -6.03146 -820.289 0 
7 827.861 0.318999 0.0225559 0.665842 -0.661719 -1.28403 -6.87767 -819.699 0 
2 829.038 0.318898 0.0224409 0.664059 -0.699602 -2.41855 -6.85976 -819.76 0 
3 827.995 0.311873 0.0225039 0.673882 -0.411496 -2.2295 -5.65751 -820.108 0 
3 831.169 0.323113 0.0225162 0.659238 -0.84716 -2.72049 -7.89181 -820.557 0 
1 830.862 0.321647 0.0223627 0.662411 -0.634689 -3.61029 -7.5133 -819.738 0 
2 829.64 0.318318 0.022292 0.66583 -0.590478 -3.2558 -6.75087 -819.634 0 
1 828.454 0.309853 0.0224305 0.675996 -0.407487 -2.8681 -5.35195 -820.234 0 
2 829.474 0.314989 0.0222209 0.669475 -0.461243 -3.47677 -6.17355 -819.824 0 
2 827.211 0.316526 0.0224516 0.668395 -0.568165 -1.19423 -6.38667 -819.63 0 
5 827.793 0.311448 0.0222958 0.674197 -0.343696 -1.67398 -5.68534 -820.434 0 
4 827.737 0.315043 0.0224885 0.669328 -0.55452 -1.98808 -6.10136 -819.647 0 
1 831.42 0.321826 0.0222852 0.660912 -0.702249 -4.03237 -7.50271 -819.885 0 
3 831.26 0.322383 0.0223952 0.659699 -0.814529 -3.22194 -7.70442 -820.334 0 
3 832.961 0.322794 0.0224949 0.659289 -0.891429 -4.17574 -7.9914 -820.794 0 
4 828.804 0.320334 0.0224287 0.663208 -0.698626 -1.82847 -7.16359 -819.812 0 
1 828.271 0.319131 0.0224577 0.664606 -0.674635 -1.64773 -6.90081 -819.722 0 
1 827.367 0.31385 0.0224395 0.671342 -0.507739 -1.70592 -5.91817 -819.743 0 
2 827.732 0.315386 0.0223305 0.672963 -0.297402 -0.672734 -6.66135 -820.398 0 
6 827.174 0.318735 0.0223957 0.66792 -0.484447 -0.465495 -7.00284 -819.706 0 
9 827.515 0.318452 0.0225358 0.66773 -0.574611 -1.08809 -6.79185 -819.635 0 
9 828.012 0.319064 0.022445 0.667353 -0.493004 -1.22985 -7.09014 -819.692 0 
1 829.781 0.314038 0.0224419 0.67353 -0.302701 -2.93769 -6.38269 -820.461 0 
1 831.746 0.311141 0.0226067 0.670958 -0.723354 -6.11513 -6.0452 -819.585 0 
6 828.429 0.309714 0.0225145 0.673059 -0.598743 -3.27673 -5.50846 -819.644 0 
22 830.092 0.311048 0.0222391 0.672435 -0.42861 -4.50812 -5.50249 -820.082 0 
9 832.974 0.32211 0.0220741 0.665551 -0.305166 -4.1098 -8.83251 -820.032 0 
1 830.555 0.312284 0.0221611 0.677049 -0.0594946 -1.41632 -6.94841 -822.19 0 
5 829.709 0.319533 0.022257 0.664737 -0.556359 -2.98342 -7.07864 -819.647 0 
1 828.072 0.311887 0.0224229 0.671668 -0.554161 -2.74275 -5.64169 -819.688 0 
4 826.976 0.31389 0.0225185 0.671854 -0.506696 -1.30738 -5.92469 -819.744 0 
8 827.421 0.318247 0.0225683 0.667733 -0.579219 -1.04744 -6.74073 -819.633 0 
5 828.379 0.315008 0.0224423 0.675407 -0.205013 -0.537655 -6.9357 -820.906 0 
1 827.804 0.314718 0.0225394 0.67451 -0.317657 -1.02354 -6.43374 -820.347 0 
1 829.119 0.309634 0.0224453 0.680539 -0.0897655 -0.68684 -6.13793 -822.294 0 
3 828.1 0.314631 0.0225569 0.674285 -0.317954 -1.31196 -6.43724 -820.351 0 
2 830.693 0.314596 0.0224107 0.67762 -0.0453094 -0.991753 -7.69223 -822.009 0 
4 830.784 0.322066 0.0222133 0.667114 -0.274728 -1.66801 -8.98365 -820.132 0 
10 830.015 0.322135 0.0223422 0.664291 -0.57346 -2.60221 -7.72719 -819.686 0 
7 829.282 0.322943 0.0225804 0.665218 -0.572877 -1.60967 -7.96971 -819.702 0 
1 827.648 0.311786 0.0225961 0.676422 -0.354577 -1.57357 -5.71476 -820.359 0 
2 827.925 0.320008 0.0225498 0.666178 -0.583214 -1.11472 -7.15577 -819.654 0 
8 828.129 0.319005 0.0225666 0.666907 -0.579967 -1.57383 -6.91494 -819.64 0 
4 829.604 0.323912 0.0226016 0.661311 -0.752063 -1.41943 -8.02317 -820.162 0 
3 828.466 0.321609 0.0224425 0.668069 -0.384105 -0.446487 -8.17992 -819.84 0 
10 829.753 0.328041 0.0224579 0.659263 -0.665608 -0.26293 -9.39706 -820.093 0 
1 829.978 0.328034 0.0224337 0.660214 -0.579181 -0.410016 -9.70065 -819.867 0 
10 829.135 0.32488 0.0225119 0.662507 -0.596305 -0.816241 -8.53516 -819.783 0 
6 828.525 0.324116 0.0224979 0.662659 -0.619516 -0.497291 -8.23253 -819.795 0 
8 828.029 0.316237 0.0225476 0.673068 -0.333814 -1.05627 -6.77985 -820.193 0 
3 828.659 0.318696 0.0223376 0.671708 -0.220194 -0.101941 -8.01287 -820.544 0 
8 829.031 0.316282 0.022457 0.674578 -0.216655 -1.05763 -7.23537 -820.738 0 
2 829.324 0.314386 0.022502 0.67608 -0.238074 -1.95145 -6.6017 -820.771 0 
3 830.62 0.323769 0.0224298 0.665673 -0.469787 -2.39574 -8.52162 -819.702 0 
2 829.897 0.324619 0.0222851 0.661114 -0.619563 -1.70517 -8.37832 -819.814 0 
3 829.349 0.326041 0.0222996 0.662797 -0.450118 -0.129428 -9.49667 -819.723 0 
5 827.635 0.318228 0.0224041 0.670899 -0.33066 -0.18992 -7.33689 -820.108 0 
17 828.091 0.32123 0.0224662 0.667778 -0.413682 -0.347614 -7.95526 -819.788 0 
5 827.677 0.317213 0.022355 0.67194 -0.283443 -0.0933158 -7.23466 -820.349 0 
8 828.023 0.318048 0.0224874 0.671389 -0.350665 -0.775538 -7.20144 -820.046 0 
1 829.151 0.313189 0.0223486 0.677587 -0.111682 -0.608472 -6.85351 -821.689 0 
1 830.708 0.312162 0.0221334 0.676881 -0.08954 -2.02544 -6.70851 -821.974 0 
2 831.233 0.306005 0.022403 0.682349 -0.195475 -4.23805 -5.09015 -821.905 0 
2 831.694 0.305438 0.0223272 0.683959 -0.0795251 -3.41466 -5.29876 -822.981 0 
2 830.232 0.311621 0.0222993 0.676073 -0.280086 -3.6486 -5.82497 -820.758 0 
1 829.37 0.305542 0.0225504 0.68028 -0.391949 -3.82584 -4.9383 -820.606 0 
2 829.842 0.313423 0.0222444 0.674222 -0.281883 -3.01953 -6.21395 -820.609 0 
2 828.469 0.309783 0.0222998 0.674388 -0.411581 -2.91485 -5.33355 -820.22 0 
3 828.267 0.318065 0.0223409 0.6684 -0.423127 -1.41843 -7.0132 -819.836 0 
1 828.565 0.320826 0.0223508 0.663782 -0.61182 -1.55139 -7.32502 -819.688 0 
6 830.909 0.321868 0.022375 0.662055 -0.652753 -3.58435 -7.5484 -819.776 0 
3 827.047 0.312047 0.0223771 0.674428 -0.33575 -0.794921 -5.81913 -820.433 0 
8 827.362 0.317231 0.0224332 0.66771 -0.551423 -1.17861 -6.5416 -819.641 0 
6 827.344 0.304264 0.0224734 0.681593 -0.298983 -1.20926 -4.81498 -821.32 0 
14 828.33 0.302905 0.0225785 0.683477 -0.30963 -2.196 -4.74749 -821.386 0 
1 827.802 0.305963 0.0226126 0.681354 -0.313362 -1.79946 -4.95099 -821.052 0 
2 831.018 0.305651 0.0227618 0.682339 -0.35177 -5.25978 -4.92299 -820.835 0 
3 831.862 0.306505 0.0227998 0.68309 -0.26127 -5.44712 -5.06111 -821.353 0 
7 831.734 0.301981 0.0228591 0.684908 -0.378346 -5.9474 -4.79034 -820.996 0 
6 831.2 0.312934 0.0227594 0.670748 -0.722583 -5.43508 -6.14439 -819.621 0 
2 830.104 0.31536 0.0227145 0.668544 -0.675453 -4.26351 -6.21423 -819.626 0 
1 830.112 0.322022 0.0225245 0.663072 -0.653951 -2.74097 -7.58735 -819.784 0 
1 827.902 0.320077 0.0224474 0.665029 -0.602758 -1.08895 -7.14811 -819.665 0 
9 827.528 0.312994 0.0223425 0.672567 -0.389295 -1.49211 -5.89704 -820.139 0 
4 828.344 0.316706 0.0222773 0.668422 -0.464154 -2.01561 -6.55357 -819.774 0 
5 830.482 0.317975 0.0222275 0.665704 -0.543719 -4.11654 -6.71934 -819.647 0 
1 832.413 0.31895 0.0220941 0.669099 -0.221857 -3.71969 -8.17431 -820.519 0 
1 830.77 0.318458 0.0221482 0.666808 -0.454947 -4.01078 -7.00038 -819.758 0 
3 829.146 0.320447 0.0222482 0.66936 -0.262305 -0.520507 -8.36945 -820.256 0 
1 828.399 0.319093 0.0224728 0.670897 -0.327334 -0.707973 -7.6098 -820.081 0 
6 828.125 0.320603 0.0224893 0.665984 -0.581759 -1.15906 -7.30331 -819.663 0 
6 829.008 0.324243 0.0224545 0.661355 -0.661694 -0.924637 -8.19412 -819.89 0 
1 829.226 0.313022 0.0221823 0.674458 -0.212963 -1.78385 -6.40878 -821.034 0 
3 829.162 0.306994 0.0222374 0.680509 -0.132833 -1.43984 -5.43343 -822.289 0 
7 827.214 0.313192 0.0223543 0.672305 -0.427681 -1.36153 -5.8654 -819.987 0 
2 827.634 0.316696 0.0224159 0.66751 -0.578769 -1.59822 -6.41128 -819.624 0 
5 827.966 0.308601 0.0223962 0.674973 -0.472639 -2.72829 -5.20818 -820.03 0 
7 826.935 0.315708 0.0225454 0.669725 -0.550651 -1.05532 -6.23216 -819.647 0 
1 828.453 0.302026 0.0225841 0.685077 -0.215163 -1.48458 -4.71829 -822.25 0 
1 828.17 0.308582 0.0225614 0.676571 -0.412923 -2.7082 -5.17617 -820.286 0 
22 827.653 0.314288 0.0224963 0.669196 -0.604624 -2.05611 -5.99113 -819.606 0 
6 830.063 0.314231 0.0222296 0.670184 -0.469663 -4.22828 -6.0114 -819.824 0 
2 829.432 0.317003 0.0221654 0.670958 -0.258773 -1.66479 -7.29321 -820.474 0 
11 829.127 0.309003 0.0222175 0.677117 -0.241933 -2.42417 -5.47139 -821.231 0 
2 829.51 0.309792 0.022287 0.67917 -0.0855695 -0.992509 -6.20968 -822.307 0 
1 827.588 0.309472 0.0223529 0.678122 -0.209796 -0.531605 -5.65391 -821.403 0 
2 827.275 0.311689 0.0223722 0.674803 -0.321542 -0.961345 -5.78452 -820.529 0 
1 827.825 0.311805 0.022459 0.676083 -0.270106 -1.07135 -5.95371 -820.8 0 
1 829.536 0.312883 0.0225008 0.669482 -0.622309 -4.14458 -5.79691 -819.594 0 
1 829.276 0.301818 0.022633 0.681224 -0.498495 -3.88462 -5.09157 -820.3 0 
1 830.135 0.299193 0.0226922 0.683562 -0.46361 -4.38992 -5.05275 -820.692 0 
4 831.873 0.303616 0.0227281 0.677621 -0.674225 -6.42494 -5.83581 -819.612 0 
5 827.301 0.309189 0.0226192 0.676244 -0.450522 -1.96501 -5.24859 -820.088 0 
5 827.503 0.307034 0.0226058 0.676755 -0.520354 -2.41742 -5.16055 -819.925 0 
1 828.587 0.308223 0.0225482 0.675889 -0.458267 -3.34245 -5.13796 -820.106 0 
1 830.946 0.315052 0.0226392 0.66677 -0.807344 -4.44774 -6.62397 -819.875 0 
2 830.882 0.320182 0.0225811 0.661492 -0.858286 -3.11027 -7.37692 -820.395 0 
1 830.462 0.314614 0.0223513 0.668163 -0.56529 -4.80655 -6.01771 -819.638 0 
5 827.252 0.311477 0.0226063 0.673751 -0.497481 -1.87917 -5.5409 -819.832 0 
6 827.425 0.315186 0.0226017 0.669548 -0.612224 -1.66769 -6.15108 -819.606 0 
1 827.776 0.310639 0.0225753 0.674904 -0.437958 -2.27606 -5.43459 -820.065 0 
16 827.958 0.310261 0.0225551 0.672671 -0.609843 -2.77261 -5.56556 -819.62 0 
6 829.242 0.310178 0.0227027 0.67404 -0.557103 -4.10869 -5.41667 -819.717 0 
13 828.278 0.309844 0.022622 0.673412 -0.578871 -3.17404 -5.42578 -819.678 0 
8 828.855 0.30763 0.0227224 0.675674 -0.585767 -3.83001 -5.31237 -819.712 0 
1 828.455 0.303346 0.0226481 0.680533 -0.448224 -3.11757 -4.87967 -820.458 0 
2 828.639 0.303562 0.0225556 0.684462 -0.168374 -1.28513 -4.90291 -822.451 0 
2 827.676 0.307454 0.0225044 0.677398 -0.442365 -2.35934 -5.09829 -820.218 0 
4 829.298 0.311042 0.0222188 0.678035 -0.107021 -0.976504 -6.34424 -821.977 0 
1 830.871 0.307773 0.0222098 0.68264 0.0525222 -0.643123 -6.36121 -823.866 0 
6 827.598 0.313323 0.0222988 0.673355 -0.315278 -1.01175 -6.13858 -820.447 0 
3 828.349 0.310255 0.0222751 0.678205 -0.142441 -0.506872 -6.03882 -821.803 0 
6 828.355 0.306754 0.0224425 0.682703 -0.118128 -0.487704 -5.42123 -822.446 0 
4 828.288 0.306801 0.022399 0.682077 -0.139056 -0.663731 -5.36195 -822.262 0 
9 828.349 0.315332 0.0223694 0.670655 -0.469803 -2.32758 -6.22775 -819.794 0 
1 827.372 0.312542 0.0224076 0.672755 -0.462414 -1.75262 -5.71957 -819.9 0 
1 826.849 0.315715 0.0224422 0.669636 -0.518405 -0.90315 -6.25551 -819.69 0 
2 827.386 0.317253 0.0224928 0.669737 -0.491277 -1.05333 -6.6195 -819.713 0 
1 827.485 0.3089 0.0224906 0.679952 -0.19895 -0.378603 -5.56534 -821.541 0 
4 827.998 0.315409 0.0225244 0.672343 -0.376673 -1.46493 -6.46248 -820.07 0 
7 827.503 0.312608 0.0224334 0.676335 -0.224965 -0.237276 -6.26771 -820.998 0 
7 828.14 0.318469 0.0223122 0.669464 -0.336977 -0.637915 -7.42763 -820.075 0 
2 827.075 0.318583 0.0224958 0.667805 -0.53528 -0.551649 -6.87073 -819.652 0 
3 828.406 0.313518 0.0226084 0.674484 -0.366556 -2.14744 -6.05419 -820.204 0 
3 829.135 0.308316 0.0225268 0.678113 -0.308846 -3.02093 -5.24704 -820.867 0 
3 829.031 0.30179 0.0225141 0.683546 -0.26904 -2.52534 -4.67775 -821.828 0 
5 828.82 0.30397 0.0223385 0.680486 -0.308987 -2.74996 -4.79088 -821.279 0 
2 828.617 0.303422 0.0223744 0.681671 -0.261931 -2.1555 -4.77121 -821.69 0 
11 827.677 0.305757 0.0224299 0.678433 -0.40008 -2.20214 -4.93037 -820.544 0 
3 828.113 0.304475 0.0224736 0.682944 -0.181824 -0.928088 -4.97416 -822.211 0 
11 827.731 0.308066 0.0223957 0.680777 -0.143413 -0.0838829 -5.58361 -822.063 0 
1 827.451 0.30713 0.0224034 0.679094 -0.30514 -1.37392 -5.0815 -820.996 0 
1 827.278 0.312464 0.0223984 0.672399 -0.445807 -1.60501 -5.71723 -819.956 0 
1 827.918 0.316245 0.0223727 0.672471 -0.272274 -0.414242 -7.04337 -820.46 0 
3 827.454 0.314661 0.0225342 0.669699 -0.604649 -1.77809 -6.0694 -819.606 0 
21 826.571 0.308982 0.022501 0.67746 -0.349421 -0.716959 -5.27469 -820.579 0 
3 828.534 0.307523 0.0227068 0.67955 -0.368036 -2.8678 -5.07861 -820.588 0 
6 828.679 0.314608 0.0226969 0.671204 -0.594837 -3.00791 -6.05944 -819.612 0 
1 828.969 0.323452 0.0223844 0.662526 -0.586697 -1.12458 -8.11614 -819.728 0 
6 829.096 0.316081 0.0223978 0.673072 -0.239508 -1.30055 -7.16271 -820.633 0 
2 829.442 0.303591 0.0227052 0.684439 -0.272848 -3.07466 -4.78117 -821.586 0 
2 830.184 0.307294 0.0225186 0.684087 -0.032985 -1.21518 -5.84219 -823.126 0 
3 828.853 0.318562 0.0223174 0.671108 -0.27934 -0.930683 -7.63341 -820.289 0 
1 831.234 0.317031 0.0222715 0.674749 -0.0990894 -1.80702 -8.06336 -821.364 0 
16 831.359 0.32194 0.0222602 0.670481 -0.130183 -0.861193 -9.74332 -820.754 0 
3 831.371 0.314569 0.0225734 0.677622 -0.134534 -2.8236 -7.16388 -821.383 0 
1 829.915 0.308766 0.0226471 0.681422 -0.181865 -2.63855 -5.59445 -821.682 0 
3 831.122 0.317196 0.0226112 0.674151 -0.282392 -3.56348 -7.20391 -820.355 0 
5 830.086 0.320496 0.0226832 0.668343 -0.511199 -2.99989 -7.41638 -819.67 0 
8 827.712 0.317301 0.0225793 0.670853 -0.440865 -1.1589 -6.74051 -819.813 0 
7 829.535 0.32183 0.0225462 0.667223 -0.440754 -1.73117 -8.06725 -819.736 0 
7 828.81 0.319336 0.0224068 0.671359 -0.251276 -0.391489 -8.05583 -820.363 0 
10 828.726 0.324126 0.0223447 0.664227 -0.478578 -0.381338 -8.6447 -819.7 0 
2 829.765 0.317412 0.0223382 0.66883 -0.492119 -3.405 -6.64988 -819.71 0 
2 828.289 0.316978 0.0222595 0.671905 -0.242475 -0.373319 -7.36153 -820.554 0 
7 827.171 0.318619 0.0224389 0.668355 -0.486971 -0.502549 -6.96457 -819.703 0 
2 827.848 0.318888 0.022522 0.669393 -0.456239 -0.995603 -7.10358 -819.749 0 
2 830.37 0.319239 0.022554 0.669615 -0.470568 -3.50485 -7.14435 -819.72 0 
10 828.397 0.314737 0.0223791 0.674408 -0.270183 -1.248 -6.57539 -820.574 0 
1 831.128 0.319139 0.0222703 0.666139 -0.55252 -4.50742 -6.97504 -819.645 0 
1 830.768 0.310614 0.0221738 0.678497 -0.0919097 -2.3374 -6.28198 -822.149 0 
6 828.807 0.305876 0.0223974 0.678614 -0.392251 -3.28139 -4.94746 -820.578 0 
1 828.783 0.308429 0.0224824 0.678132 -0.36773 -3.07015 -5.19086 -820.522 0 
4 827.687 0.308122 0.0224588 0.680763 -0.183555 -0.48497 -5.45847 -821.744 0 
1 827.288 0.312534 0.0223475 0.674265 -0.342035 -1.03322 -5.88375 -820.371 0 
1 832.261 0.321126 0.0220446 0.666962 -0.277557 -3.54026 -8.55578 -820.165 0 
4 830.557 0.318741 0.0222928 0.664402 -0.655105 -4.04586 -6.82805 -819.683 0 
1 831.984 0.31641 0.0222047 0.672353 -0.266352 -4.49441 -7.01226 -820.477 0 
6 830.953 0.321434 0.0221422 0.666613 -0.357263 -2.82244 -8.22264 -819.908 0 
2 830.374 0.311243 0.022179 0.678381 -0.0630344 -1.48873 -6.58732 -822.298 0 
1 830.482 0.304627 0.0223553 0.684967 -0.0529505 -1.84434 -5.27717 -823.361 0 
1 831.244 0.307141 0.0224254 0.680955 -0.244196 -4.68379 -5.15223 -821.408 0 
1 827.625 0.313673 0.0223065 0.673619 -0.3143 -0.999545 -6.19644 -820.429 0 
2 829.211 0.307892 0.022413 0.682578 -0.0347124 -0.208318 -5.98455 -823.018 0 
2 831.073 0.313764 0.0224095 0.678546 -0.017263 -1.12902 -7.61347 -822.33 0 
3 830.729 0.326073 0.0223508 0.659471 -0.645071 -1.98998 -8.80848 -819.931 0 
3 830.677 0.314898 0.0221553 0.673254 -0.169966 -2.40528 -7.14672 -821.125 0 
1 829.467 0.316254 0.0223256 0.673318 -0.184749 -1.06977 -7.48085 -820.916 0 
2 828.367 0.320539 0.02253 0.663762 -0.705519 -1.31653 -7.21309 -819.837 0 
2 829.411 0.323511 0.022433 0.660812 -0.735397 -1.4092 -7.92641 -820.075 0 
1 829.101 0.317932 0.0225834 0.666612 -0.691516 -2.67922 -6.70925 -819.712 0 
1 828.245 0.319597 0.0225896 0.668586 -0.495831 -1.35626 -7.20386 -819.685 0 
7 826.972 0.314696 0.0225768 0.671966 -0.482869 -1.10532 -6.08772 -819.779 0 
10 828.063 0.319544 0.0224009 0.664849 -0.626289 -1.38977 -7.0009 -819.672 0 
7 826.992 0.31499 0.022417 0.670938 -0.440256 -0.896996 -6.21375 -819.881 0 
1 826.935 0.306111 0.0225207 0.680018 -0.322258 -0.997168 -4.95763 -820.98 0 
1 828.751 0.302759 0.0225887 0.681646 -0.426437 -3.23908 -4.88641 -820.626 0 
8 827.911 0.305155 0.0226758 0.68104 -0.3716 -2.28144 -4.87381 -820.756 0 
5 827.554 0.306906 0.0226535 0.677749 -0.490592 -2.40852 -5.10317 -820.042 0 
1 828.584 0.308414 0.0223283 0.675164 -0.429347 -3.19948 -5.16444 -820.22 0 
6 828.693 0.314299 0.0222287 0.671226 -0.385436 -2.43702 -6.16627 -820.09 0 
1 827.517 0.317539 0.0223606 0.667604 -0.522417 -1.20458 -6.6449 -819.667 0 
20 828.128 0.309756 0.0223062 0.675689 -0.35217 -2.23821 -5.38132 -820.508 0 
7 829.671 0.320327 0.0221893 0.668534 -0.266157 -1.06335 -8.36026 -820.247 0 
1 828.467 0.313442 0.0223486 0.676711 -0.130002 -0.0515939 -6.88272 -821.533 0 
1 829.196 0.310256 0.022358 0.68053 -0.0523153 -0.277161 -6.39892 -822.52 0 
1 829.84 0.304904 0.0223774 0.685662 0.0276919 -0.0539518 -5.66361 -824.123 0 
6 827.144 0.312191 0.0224756 0.676373 -0.265473 -0.320155 -6.02861 -820.795 0 
8 829.019 0.3141 0.0224973 0.676812 -0.177482 -1.05065 -6.81498 -821.153 0 
11 828.856 0.315876 0.0225827 0.67352 -0.323097 -1.86249 -6.73742 -820.256 0 
2 827.086 0.315681 0.0225434 0.672062 -0.415851 -0.748005 -6.40949 -819.929 0 
16 827.93 0.314171 0.0225111 0.675018 -0.272801 -0.852472 -6.47624 -820.601 0 
7 827.931 0.310108 0.0224479 0.679039 -0.169111 -0.391812 -5.91596 -821.623 0 
4 826.626 0.310662 0.0225079 0.676592 -0.335869 -0.542759 -5.5552 -820.528 0 
4 828.191 0.315036 0.0224883 0.674115 -0.323093 -1.40887 -6.47781 -820.304 0 
8 826.485 0.313322 0.0224962 0.673317 -0.418429 -0.567245 -5.90395 -820.014 0 
2 827.227 0.309637 0.0224289 0.677092 -0.335766 -1.23972 -5.38264 -820.604 0 
1 827.321 0.309424 0.0223374 0.676916 -0.292834 -1.02566 -5.42778 -820.868 0 
4 827.051 0.313098 0.0223606 0.674148 -0.306054 -0.429908 -6.11296 -820.508 0 
7 828.086 0.318783 0.0224005 0.667329 -0.48541 -1.34763 -7.03459 -819.704 0 
7 828.383 0.321845 0.0225603 0.665011 -0.588921 -1.05815 -7.63359 -819.691 0 
9 827.557 0.314004 0.0225642 0.673985 -0.36541 -1.2171 -6.1567 -820.183 0 
5 827.671 0.314874 0.0226131 0.671557 -0.492776 -1.80542 -6.11338 -819.753 0 
8 829.957 0.301576 0.0227154 0.683623 -0.362493 -4.09141 -4.72128 -821.144 0 
8 829.896 0.304974 0.022711 0.679361 -0.45928 -4.68552 -4.91995 -820.29 0 
1 830.652 0.303481 0.0227972 0.681188 -0.459329 -5.36961 -4.89356 -820.389 0 
6 829.492 0.309896 0.022739 0.673444 -0.6228 -4.36227 -5.52315 -819.607 0 
1 829.264 0.307493 0.0227766 0.676199 -0.603355 -4.19554 -5.39225 -819.676 0 
10 830.468 0.304352 0.0228069 0.680985 -0.444746 -5.1718 -4.89078 -820.405 0 
4 831.956 0.297945 0.0227133 0.687984 -0.253409 -4.84175 -4.64645 -822.468 0 
2 832.199 0.2984 0.0224978 0.687023 -0.183822 -4.50729 -4.62424 -823.067 0 
3 831.805 0.306907 0.0222268 0.679732 -0.131866 -4.01931 -5.47741 -822.309 0 
1 830.298 0.309746 0.022238 0.677905 -0.134986 -2.37269 -6.00419 -821.921 0 
1 829.993 0.314954 0.0222092 0.670361 -0.370557 -3.50278 -6.37588 -820.114 0 
11 827.657 0.3173 0.0223653 0.668094 -0.492657 -1.3048 -6.64159 -819.71 0 
16 827.094 0.31835 0.0224232 0.668062 -0.486849 -0.479702 -6.90748 -819.706 0 
7 827.829 0.312734 0.0223024 0.674927 -0.274597 -1.02894 -6.09931 -820.7 0 
1 828.692 0.322328 0.0224161 0.662564 -0.647019 -1.23457 -7.67588 -819.782 0 
2 828.451 0.314817 0.0224598 0.670283 -0.553006 -2.71674 -6.08341 -819.651 0 
4 829.704 0.323405 0.022324 0.662018 -0.63532 -1.92041 -7.98537 -819.799 0 
4 830.267 0.319747 0.022409 0.664239 -0.691633 -3.43119 -7.06075 -819.775 0 
6 828.581 0.322567 0.0224712 0.662264 -0.68638 -1.00366 -7.70025 -819.877 0 
5 827.425 0.316589 0.0223276 0.671177 -0.327673 -0.318799 -6.90771 -820.199 0 
1 827.752 0.32021 0.0223439 0.668305 -0.374915 -0.0782745 -7.77606 -819.898 0 
5 827.759 0.313617 0.0223462 0.675267 -0.206722 -0.149293 -6.59168 -821.018 0 
5 827.227 0.311383 0.0223673 0.675121 -0.348183 -1.15684 -5.65358 -820.416 0 
3 826.833 0.312408 0.0225267 0.673472 -0.47334 -1.26975 -5.69255 -819.871 0 
1 828.259 0.3095 0.0226255 0.677158 -0.432849 -2.81198 -5.30264 -820.144 0 
7 830.699 0.314114 0.022662 0.672679 -0.542755 -5.05193 -5.974 -819.673 0 
2 830.899 0.313189 0.0225666 0.676333 -0.324848 -4.45614 -6.03291 -820.41 0 
2 829.208 0.315171 0.0225807 0.672962 -0.440338 -3.10078 -6.23291 -819.875 0 
3 829.694 0.311485 0.0224319 0.68006 -0.0533759 -0.632259 -6.71797 -822.344 0 
6 827.869 0.316709 0.0225025 0.668111 -0.61168 -1.82584 -6.42485 -819.618 0 
6 828.696 0.314455 0.0223811 0.669192 -0.583318 -3.04926 -6.02621 -819.621 0 
2 828.661 0.310081 0.0223489 0.679419 -0.0970325 -0.278332 -6.20577 -822.177 0 
11 827.441 0.313874 0.0225869 0.673718 -0.42739 -1.48634 -5.99393 -819.961 0 
4 826.641 0.308479 0.0225223 0.677099 -0.406777 -1.1445 -5.1758 -820.321 0 
7 827.333 0.309944 0.0226285 0.674222 -0.553788 -2.18452 -5.41851 -819.73 0 
3 828.797 0.304238 0.0224724 0.685233 -0.0674623 -0.291392 -5.22242 -823.283 0 
1 827.754 0.311638 0.0223842 0.673327 -0.456244 -2.21858 -5.58148 -819.954 0 
1 827.328 0.317724 0.022425 0.667326 -0.554818 -1.04238 -6.64687 -819.639 0 
18 827.797 0.315904 0.0222972 0.672264 -0.273813 -0.392889 -6.92878 -820.475 0 
2 827.935 0.321475 0.0225331 0.665611 -0.573163 -0.706962 -7.55418 -819.674 0 
10 827.258 0.319228 0.0224535 0.668778 -0.433184 -0.195013 -7.27621 -819.787 0 
2 828.891 0.317112 0.0221963 0.670395 -0.299089 -1.44369 -7.15961 -820.288 0 
8 829.456 0.302322 0.0223081 0.684432 -0.142587 -1.76745 -4.82392 -822.864 0 
4 829.314 0.299998 0.0224595 0.687999 -0.1062 -0.992224 -4.7284 -823.593 0 
4 829.426 0.299265 0.0226074 0.687724 -0.226979 -2.25332 -4.64777 -822.525 0 
1 831.224 0.298107 0.0225518 0.689176 -0.106334 -2.62438 -4.68073 -823.919 0 
8 828.973 0.300957 0.0226873 0.682633 -0.45586 -3.42505 -4.95264 -820.596 0 
2 828.68 0.301856 0.0225428 0.682742 -0.378572 -2.87982 -4.79374 -821.006 0 
1 830.773 0.299103 0.0222941 0.687167 -0.103919 -2.30165 -4.70071 -823.77 0 
1 831.08 0.298332 0.022388 0.689946 0.0123121 -0.960094 -4.90047 -825.219 0 
2 830.628 0.302087 0.0228044 0.683209 -0.453793 -5.14858 -4.95876 -820.52 0 
4 829.426 0.310509 0.0226308 0.67834 -0.328243 -3.31815 -5.52813 -820.58 0 
2 827.312 0.313943 0.0223745 0.673985 -0.315378 -0.65466 -6.25123 -820.406 0 
1 827.326 0.317756 0.0223614 0.670299 -0.350761 -0.12139 -7.14605 -820.058 0 
11 828.33 0.322769 0.0223226 0.664202 -0.516036 -0.571849 -8.07743 -819.681 0 
3 832.259 0.31803 0.0222021 0.672452 -0.0918496 -2.29442 -8.65442 -821.31 0 
3 832.584 0.309818 0.022236 0.681112 0.0778429 -1.71421 -7.10865 -823.761 0 
10 831.049 0.307231 0.0223277 0.679487 -0.277446 -4.76076 -5.12017 -821.168 0 
4 829.42 0.311426 0.0222247 0.676901 -0.179241 -1.89291 -6.11889 -821.409 0 
1 828.509 0.306783 0.022338 0.682026 -0.108243 -0.521196 -5.46069 -822.527 0 
2 827.905 0.308088 0.0223274 0.679993 -0.154689 -0.377409 -5.55718 -821.971 0 
15 827.858 0.317723 0.022467 0.667928 -0.521076 -1.49497 -6.69532 -819.668 0 
6 827.411 0.310671 0.0223692 0.674628 -0.374083 -1.57047 -5.50241 -820.338 0 
5 827.329 0.307939 0.0224177 0.677071 -0.36466 -1.62763 -5.12704 -820.575 0 
1 831.158 0.305167 0.0222934 0.683882 0.00820054 -1.58525 -5.69618 -823.876 0 
8 828.658 0.320492 0.0223448 0.664065 -0.620483 -1.73771 -7.23164 -819.689 0 
11 828.397 0.317561 0.0223298 0.67211 -0.226179 -0.163345 -7.63981 -820.594 0 
4 827.931 0.315706 0.0223341 0.672585 -0.269776 -0.519009 -6.90391 -820.508 0 
1 827.985 0.312677 0.0223661 0.676277 -0.187476 -0.316472 -6.44213 -821.227 0 
1 828.52 0.304103 0.0223552 0.681391 -0.271738 -2.16648 -4.8161 -821.537 0 
1 827.872 0.306443 0.0226032 0.681792 -0.247074 -1.33252 -5.07801 -821.462 0 
4 827.081 0.308409 0.022568 0.678559 -0.32923 -1.12279 -5.22063 -820.738 0 
1 827.145 0.309262 0.0224334 0.676795 -0.32979 -1.13342 -5.34576 -820.666 0 
4 829.25 0.315083 0.0227283 0.672014 -0.540281 -3.45965 -6.12545 -819.665 0 
2 829.573 0.314202 0.0226025 0.675561 -0.272585 -2.48064 -6.49255 -820.6 0 
1 831.287 0.323882 0.0226272 0.659874 -0.861984 -2.45646 -8.12557 -820.705 0 
3 828.246 0.314908 0.0225692 0.674158 -0.321597 -1.43606 -6.49153 -820.318 0 
3 829.577 0.312555 0.0226788 0.676217 -0.337122 -3.26476 -5.91916 -820.393 0 
2 830.181 0.313602 0.0227903 0.671907 -0.632561 -4.62408 -5.96456 -819.592 0 
1 830.517 0.320153 0.0225967 0.663434 -0.794416 -3.14463 -7.27062 -820.101 0 
1 829.714 0.320064 0.0226487 0.663799 -0.782809 -2.45047 -7.21169 -820.052 0 
5 827.229 0.315188 0.0225836 0.671641 -0.469947 -1.22692 -6.20467 -819.797 0 
6 827.069 0.318658 0.0224605 0.668363 -0.489691 -0.398591 -6.97122 -819.699 0 
10 828.043 0.313048 0.0224171 0.673079 -0.440417 -2.26958 -5.8229 -819.951 0 
2 828.78 0.318095 0.0222969 0.666454 -0.528239 -2.35062 -6.77 -819.659 0 
1 828.834 0.31848 0.0225213 0.665671 -0.694373 -2.2922 -6.80706 -819.735 0 
2 829.707 0.32455 0.0222115 0.663467 -0.428368 -0.931328 -9.04166 -819.734 0 
3 830.52 0.325093 0.0222312 0.66052 -0.584251 -2.10573 -8.6422 -819.772 0 
1 829.693 0.326486 0.0223347 0.662197 -0.471917 -0.384324 -9.58515 -819.723 0 
2 829.51 0.324253 0.0224242 0.660696 -0.682317 -1.39857 -8.16653 -819.945 0 
2 828.006 0.317263 0.0222857 0.670615 -0.30987 -0.597727 -7.17337 -820.235 0 
2 826.551 0.309377 0.0225022 0.677009 -0.367142 -0.781976 -5.31103 -820.458 0 
6 827.292 0.31075 0.0224804 0.677057 -0.274265 -0.708818 -5.71855 -820.865 0 
7 828.313 0.307213 0.0226282 0.678653 -0.43897 -2.98324 -5.08229 -820.248 0 
5 828.539 0.307943 0.022571 0.67644 -0.514134 -3.39719 -5.23336 -819.909 0 
16 828.414 0.303175 0.0226801 0.683489 -0.327298 -2.42513 -4.75823 -821.231 0 
8 828.545 0.30176 0.0226818 0.683867 -0.347082 -2.58773 -4.72302 -821.235 0 
3 829.534 0.301694 0.022575 0.685121 -0.205698 -2.44611 -4.70932 -822.379 0 
6 827.482 0.314287 0.022637 0.671579 -0.533527 -1.81775 -5.97844 -819.686 0 
1 827.556 0.309363 0.0226681 0.676829 -0.453603 -2.2094 -5.27996 -820.067 0 
2 830.448 0.318935 0.022654 0.665649 -0.742744 -3.61905 -6.96488 -819.864 0 
3 827.907 0.319254 0.0225349 0.669314 -0.430098 -0.816224 -7.29817 -819.793 0 
5 827.577 0.317593 0.0224141 0.670378 -0.36426 -0.491608 -7.06561 -820.02 0 
7 828.488 0.321616 0.0225397 0.663932 -0.646325 -1.24351 -7.489 -819.756 0 
7 828.303 0.319465 0.0223582 0.670361 -0.276129 -0.0566601 -7.99322 -820.253 0 
1 829.453 0.320499 0.022476 0.668989 -0.412753 -1.96825 -7.68179 -819.803 0 
3 829.598 0.32201 0.0225513 0.667751 -0.4472 -1.82433 -8.04754 -819.726 0 
1 830.573 0.323514 0.0225539 0.663034 -0.6862 -2.6946 -7.95786 -819.92 0 
1 830.338 0.319504 0.0221533 0.670434 -0.179701 -1.1303 -8.52159 -820.686 0 
7 828.551 0.31803 0.0223397 0.6716 -0.279399 -0.761206 -7.47147 -820.319 0 
14 829.251 0.319779 0.0222859 0.670685 -0.228939 -0.51159 -8.30585 -820.434 0 
8 828.901 0.322353 0.0224157 0.66348 -0.63174 -1.44622 -7.69842 -819.756 0 
6 829.985 0.323917 0.0223304 0.667056 -0.2802 -0.335312 -9.60838 -820.041 0 
2 831.656 0.329478 0.0224652 0.657858 -0.663244 -1.53336 -9.95425 -820.169 0 
2 830.334 0.322973 0.0221893 0.662733 -0.522043 -2.51305 -8.13869 -819.682 0 
4 828.613 0.316846 0.02233 0.672057 -0.246676 -0.726439 -7.34418 -820.543 0 
14 827.843 0.314976 0.0224033 0.67479 -0.225504 -0.208882 -6.84127 -820.793 0 
9 826.992 0.316293 0.0223648 0.670772 -0.396213 -0.423932 -6.60042 -819.967 0 
5 827.451 0.312576 0.0223156 0.67391 -0.342373 -1.18932 -5.89454 -820.367 0 
5 827.426 0.312734 0.0223227 0.672954 -0.376729 -1.35587 -5.86578 -820.204 0 
7 827.701 0.312871 0.0225045 0.673209 -0.475519 -2.08253 -5.76933 -819.849 0 
3 827.867 0.314935 0.0223309 0.673493 -0.28672 -0.809344 -6.57955 -820.478 0 
4 827.76 0.311365 0.0223683 0.674646 -0.386212 -1.92637 -5.59278 -820.241 0 
3 827.234 0.315944 0.022552 0.670041 -0.544942 -1.29689 -6.28462 -819.652 0 
4 826.971 0.314696 0.0224136 0.672944 -0.334546 -0.296402 -6.40041 -820.274 0 
2 830.843 0.315323 0.0227668 0.668728 -0.74182 -4.69847 -6.42659 -819.718 0 
2 827.401 0.310729 0.0225944 0.67438 -0.51983 -2.13003 -5.47761 -819.794 0 
6 829.413 0.30473 0.0223412 0.681535 -0.183937 -2.24596 -5.00681 -822.16 0 
1 830.73 0.300021 0.0224138 0.68884 0.0123873 -0.830466 -5.01973 -824.879 0 
1 830.486 0.305166 0.022526 0.685721 -0.00994511 -1.21205 -5.57978 -823.694 0 
1 827.514 0.312268 0.0225161 0.67619 -0.282287 -0.815418 -6.0036 -820.695 0 
6 827.437 0.31563 0.0224861 0.673325 -0.313138 -0.429255 -6.69528 -820.313 0 
4 828.014 0.313391 0.0223067 0.675716 -0.192145 -0.324973 -6.56092 -821.128 0 
1 827.656 0.31423 0.0223448 0.674562 -0.250649 -0.404427 -6.53747 -820.714 0 
2 829.608 0.322142 0.0222283 0.664882 -0.469981 -1.89035 -8.01606 -819.701 0 
1 829.212 0.323178 0.0222352 0.663777 -0.474185 -1.1469 -8.36671 -819.698 0 
3 828.789 0.319349 0.0223526 0.664596 -0.635885 -2.15792 -6.95459 -819.677 0 
12 828.989 0.309281 0.0222642 0.67504 -0.378657 -3.29509 -5.28772 -820.406 0 
5 830.067 0.309807 0.0221976 0.674714 -0.348044 -4.14427 -5.397 -820.526 0 
3 830.005 0.314942 0.0223598 0.669306 -0.566106 -4.26122 -6.10868 -819.635 0 
4 828.043 0.306853 0.0223588 0.678692 -0.32149 -2.08941 -5.03588 -820.918 0 
2 827.497 0.314907 0.0223807 0.670186 -0.502746 -1.65517 -6.11091 -819.731 0 
3 829.545 0.310604 0.0221815 0.676859 -0.165803 -1.92397 -6.029 -821.592 0 
1 829.198 0.313566 0.0222108 0.674166 -0.205539 -1.56921 -6.59934 -821.03 0 
6 830.163 0.319068 0.0221985 0.671672 -0.139743 -0.622924 -8.60798 -820.932 0 
4 829.019 0.31049 0.0222149 0.67764 -0.144825 -1.18722 -6.07399 -821.758 0 
4 829.252 0.316752 0.0222684 0.669883 -0.34815 -2.22898 -6.91047 -820.112 0 
14 827.684 0.313668 0.0222783 0.673404 -0.296945 -0.904876 -6.2645 -820.514 0 
12 828.401 0.307534 0.022309 0.67703 -0.347472 -2.60575 -5.09222 -820.703 0 
10 828.452 0.316801 0.0223281 0.669082 -0.481416 -2.18422 -6.53018 -819.738 0 
1 829.511 0.315885 0.0221838 0.67065 -0.314032 -2.43605 -6.78103 -820.294 0 
4 832.376 0.320207 0.0221166 0.663882 -0.532994 -5.4233 -7.29468 -819.658 0 
4 831.565 0.311879 0.0221101 0.67317 -0.316262 -5.20186 -5.82058 -820.543 0 
1 830.341 0.31366 0.0222528 0.669731 -0.525935 -4.74963 -5.88197 -819.71 0 
5 828.621 0.319573 0.0223329 0.666684 -0.4617 -1.57323 -7.31748 -819.73 0 
6 827.19 0.314636 0.0224397 0.670428 -0.524688 -1.44615 -6.04835 -819.695 0 
1 828.902 0.30879 0.0223188 0.677571 -0.302827 -2.73904 -5.30059 -820.862 0 
7 833.609 0.307595 0.0222123 0.685241 0.219832 -0.634451 -7.30802 -825.666 0 
11 827.865 0.313634 0.0222832 0.674385 -0.254414 -0.743048 -6.38191 -820.74 0 
2 828.721 0.307644 0.0222742 0.680745 -0.110195 -0.711789 -5.61719 -822.392 0 
1 827.985 0.306016 0.0223363 0.679807 -0.256269 -1.52727 -5.01632 -821.441 0 
8 827.842 0.310892 0.022461 0.678058 -0.199428 -0.537902 -5.97774 -821.327 0 
3 826.965 0.310424 0.0225621 0.677198 -0.335052 -0.899996 -5.51538 -820.55 0 
10 828.93 0.303586 0.0227092 0.681318 -0.417738 -3.4872 -4.8314 -820.611 0 
5 827.666 0.303951 0.0226112 0.680681 -0.408736 -2.19182 -4.83963 -820.634 0 
1 828.314 0.311089 0.0227272 0.6749 -0.517934 -3.01626 -5.50924 -819.788 0 
1 829.171 0.304189 0.022735 0.681708 -0.422805 -3.73756 -4.89719 -820.536 0 
6 829.289 0.306443 0.0226161 0.682088 -0.207732 -2.36493 -5.16847 -821.756 0 
2 830.695 0.305036 0.0226415 0.683664 -0.175461 -3.4423 -5.06213 -822.191 0 
1 833.462 0.298753 0.0224796 0.691054 0.0794612 -2.37369 -5.14894 -825.939 0 
2 833.568 0.302104 0.0227842 0.685905 -0.224417 -6.6907 -4.71642 -822.16 0 
1 830.259 0.318513 0.0227351 0.668347 -0.588944 -3.83229 -6.79133 -819.636 0 
2 828.876 0.316862 0.0225298 0.667238 -0.613659 -2.82753 -6.42818 -819.62 0 
6 828.541 0.316364 0.0225481 0.666375 -0.711389 -2.40356 -6.44053 -819.697 0 
3 827.507 0.30836 0.0224545 0.675157 -0.482849 -2.32043 -5.18468 -820.002 0 
3 826.954 0.311139 0.0224473 0.674799 -0.377769 -1.08661 -5.57533 -820.292 0 
10 827.389 0.311278 0.0223644 0.67429 -0.366441 -1.436 -5.61721 -820.336 0 
5 828.156 0.311082 0.0223671 0.67408 -0.431866 -2.57791 -5.51026 -820.067 0 
3 826.728 0.314237 0.0224425 0.671344 -0.480932 -0.931378 -6.00202 -819.795 0 
11 827.368 0.309056 0.0224204 0.679496 -0.185866 -0.112859 -5.63593 -821.619 0 
3 827.348 0.312812 0.0223348 0.67463 -0.300576 -0.746798 -6.04461 -820.556 0 
2 827.187 0.319024 0.0224016 0.668064 -0.467463 -0.339924 -7.11946 -819.728 0 
1 827.071 0.313843 0.0223442 0.673738 -0.30288 -0.315456 -6.28252 -820.473 0 
8 827.919 0.321508 0.0223566 0.665185 -0.503628 -0.499793 -7.74293 -819.677 0 
9 828.189 0.31569 0.0225416 0.673836 -0.303062 -1.08723 -6.74784 -820.354 0 
4 827.048 0.308009 0.0225143 0.679843 -0.259258 -0.565058 -5.26964 -821.214 0 
6 827.44 0.316326 0.0223828 0.672314 -0.318305 -0.349583 -6.8398 -820.251 0 
5 829.451 0.319127 0.0221706 0.668863 -0.303737 -1.54441 -7.74319 -820.164 0 
4 829.344 0.311309 0.0222557 0.676761 -0.214532 -2.19641 -5.96248 -821.185 0 
1 829.013 0.31917 0.0224301 0.669723 -0.334492 -1.28931 -7.66982 -820.054 0 
1 826.702 0.315989 0.0224264 0.670777 -0.434627 -0.399419 -6.43757 -819.865 0 
16 827.646 0.320434 0.0225017 0.665188 -0.614896 -0.741097 -7.2225 -819.682 0 
4 828.254 0.312593 0.02232 0.677062 -0.135593 -0.045385 -6.62271 -821.586 0 
5 828.097 0.317346 0.0224175 0.670346 -0.367952 -1.0835 -6.99591 -820.017 0 
2 829.756 0.320321 0.022685 0.664648 -0.714483 -2.74341 -7.16204 -819.85 0 
1 827.698 0.318981 0.0224932 0.665662 -0.644947 -1.14792 -6.87206 -819.678 0 
2 831.02 0.323536 0.0223544 0.664196 -0.446757 -2.64222 -8.65834 -819.719 0 
8 829.427 0.322016 0.022248 0.666938 -0.317675 -0.731885 -8.69682 -819.998 0 
5 827.302 0.312105 0.0225229 0.675957 -0.341349 -1.10214 -5.79761 -820.402 0 
17 827.455 0.31089 0.0225708 0.67457 -0.449583 -1.98021 -5.46522 -820.01 0 
5 826.669 0.312745 0.0225247 0.672628 -0.50001 -1.1457 -5.73568 -819.788 0 
7 827.528 0.308772 0.0223535 0.676566 -0.336098 -1.59544 -5.26306 -820.669 0 
1 827.617 0.306126 0.0224801 0.680277 -0.271847 -1.28702 -5.01125 -821.318 0 
4 829.006 0.314824 0.0223654 0.668123 -0.614933 -3.30318 -6.09969 -819.603 0 
1 828.68 0.31625 0.0224853 0.666905 -0.685782 -2.61202 -6.41084 -819.657 0 
2 828.682 0.320417 0.0224171 0.663382 -0.678058 -1.73012 -7.17988 -819.772 0 
4 828.593 0.320559 0.0223418 0.665945 -0.472591 -1.31784 -7.56913 -819.706 0 
2 828.983 0.323983 0.0225329 0.661483 -0.707655 -0.913863 -8.06187 -820.007 0 
4 828.786 0.311841 0.0225993 0.677835 -0.244918 -1.82281 -6.01795 -820.945 0 
1 828.995 0.307587 0.0224721 0.682729 -0.0696513 -0.472913 -5.772 -822.75 0 
6 828.845 0.309087 0.0225458 0.681181 -0.144434 -1.14623 -5.77068 -821.928 0 
9 827.806 0.316738 0.0224204 0.672105 -0.339496 -0.793158 -6.86741 -820.145 0 
1 827.784 0.316215 0.0223639 0.672046 -0.339719 -0.884932 -6.72888 -820.171 0 
3 828.126 0.319221 0.0225081 0.669836 -0.40885 -0.949859 -7.33556 -819.84 0 
8 827.07 0.316314 0.0225274 0.671452 -0.419292 -0.621149 -6.55162 -819.897 0 
3 827.587 0.320552 0.0224894 0.667244 -0.483368 -0.381151 -7.51206 -819.694 0 
1 827.364 0.313758 0.0224013 0.675088 -0.241691 -0.0808699 -6.48133 -820.801 0 
5 828.182 0.30978 0.0223263 0.679219 -0.122252 -0.149746 -6.01694 -822.015 0 
2 826.63 0.310574 0.0224833 0.67681 -0.316698 -0.418198 -5.57526 -820.637 0 
11 826.5 0.313915 0.0224729 0.672767 -0.413609 -0.46429 -6.03016 -820.005 0 
6 826.949 0.307608 0.0225066 0.678838 -0.344125 -1.12858 -5.10433 -820.716 0 
1 829.026 0.309775 0.0223695 0.675656 -0.40394 -3.42793 -5.34278 -820.255 0 
8 828.203 0.315903 0.0223449 0.669116 -0.516215 -2.21603 -6.29597 -819.691 0 
1 827.675 0.317338 0.0224284 0.668391 -0.540371 -1.44865 -6.57573 -819.65 0 
2 828.218 0.322234 0.0224339 0.66301 -0.643542 -0.791726 -7.65401 -819.772 0 
3 827.685 0.315265 0.0224039 0.66878 -0.551903 -1.89112 -6.14544 -819.649 0 
3 827.533 0.313744 0.0223196 0.671645 -0.426133 -1.58874 -5.97404 -819.97 0 
13 827.303 0.319209 0.0224594 0.666346 -0.576418 -0.694146 -6.96651 -819.642 0 
8 827.991 0.315414 0.0225781 0.672906 -0.377817 -1.47498 -6.4503 -820.066 0 
3 828.417 0.316409 0.0226508 0.669865 -0.584644 -2.43066 -6.36575 -819.621 0 
8 828.837 0.322168 0.0225128 0.66742 -0.422282 -0.856141 -8.22187 -819.759 0 
2 829.863 0.325071 0.0224293 0.662092 -0.623649 -1.52305 -8.50132 -819.839 0 
9 832.001 0.331421 0.0222978 0.655499 -0.670274 -1.00994 -10.672 -820.319 0 
3 829.423 0.316519 0.0223731 0.674867 -0.127901 -0.38471 -7.80648 -821.232 0 
11 827.205 0.31628 0.0224716 0.671253 -0.393238 -0.605758 -6.62247 -819.977 0 
10 827.469 0.318321 0.0224189 0.668201 -0.505908 -0.937489 -6.85027 -819.681 0 
2 827.566 0.309971 0.0225714 0.677338 -0.373498 -1.79144 -5.38908 -820.386 0 
5 827.32 0.30919 0.0224734 0.677263 -0.367021 -1.56295 -5.28543 -820.471 0 
2 828.035 0.310315 0.0223974 0.674343 -0.458432 -2.63086 -5.40033 -820.004 0 
4 828.705 0.307592 0.0222688 0.678991 -0.226877 -1.95214 -5.2693 -821.483 0 
6 828.382 0.303626 0.0225188 0.681147 -0.389376 -2.769 -4.83617 -820.777 0 
14 827.625 0.30478 0.0223957 0.681383 -0.243914 -1.05243 -4.90031 -821.672 0 
11 827.831 0.310103 0.0223737 0.679125 -0.152545 -0.139423 -5.94592 -821.745 0 
4 828.89 0.320689 0.0224652 0.669729 -0.326002 -0.731337 -8.13767 -820.021 0 
4 830.104 0.323829 0.0221814 0.665401 -0.330122 -0.932619 -9.26118 -819.91 0 
4 831.666 0.331523 0.0222861 0.65887 -0.475524 -0.182248 -11.6516 -819.832 0 
12 831.502 0.329354 0.0224219 0.661513 -0.47908 -1.08953 -10.6346 -819.778 0 
1 833.286 0.328278 0.0223894 0.664689 -0.312694 -2.26979 -11.1593 -819.857 0 
13 832.787 0.334121 0.0223415 0.656609 -0.548858 -0.3163 -12.3949 -820.075 0 
2 833.84 0.332924 0.0225457 0.658106 -0.581042 -2.05215 -11.6869 -820.101 0 
8 831.416 0.327838 0.0225189 0.662366 -0.534051 -1.87153 -9.75477 -819.79 0 
4 831.396 0.328856 0.022558 0.658522 -0.738536 -1.45437 -9.5044 -820.437 0 
3 830.622 0.32941 0.0224446 0.657876 -0.670304 -0.540135 -9.89188 -820.19 0 
1 829.618 0.321999 0.0222569 0.668458 -0.257577 -0.464855 -8.95676 -820.196 0 
3 829.288 0.319643 0.0222092 0.669722 -0.252395 -0.797202 -8.15092 -820.34 0 
4 828.885 0.307948 0.022295 0.681407 -0.0627566 -0.267883 -5.85829 -822.758 0 
7 828.91 0.312715 0.0223718 0.674355 -0.284178 -2.13513 -6.12469 -820.65 0 
7 828.957 0.3178 0.0224225 0.665438 -0.645815 -2.68886 -6.61637 -819.651 0 
8 828.061 0.316204 0.0224977 0.668328 -0.568171 -2.1167 -6.31491 -819.63 0 
1 829.313 0.310393 0.0226673 0.671444 -0.714515 -3.84423 -5.89965 -819.569 0 
3 829.79 0.316249 0.0226488 0.666104 -0.791109 -3.25085 -6.65829 -819.881 0 
4 827.906 0.311163 0.0225025 0.671718 -0.580861 -2.6929 -5.56089 -819.653 0 
7 827.705 0.305104 0.0224712 0.68124 -0.255765 -1.23857 -4.92129 -821.545 0 
5 828.791 0.313129 0.0223747 0.671842 -0.421018 -2.90257 -5.87554 -820.013 0 
2 828.223 0.313943 0.0224639 0.668764 -0.644712 -2.62599 -6.00413 -819.593 0 
4 826.873 0.308315 0.0225378 0.676195 -0.463926 -1.62576 -5.16907 -820.078 0 
8 827.597 0.303573 0.0224606 0.682935 -0.244883 -0.995128 -4.79479 -821.807 0 
2 829.724 0.303629 0.0225939 0.681725 -0.404072 -4.16198 -4.87371 -820.688 0 
8 830.803 0.297399 0.0227379 0.690025 -0.209083 -3.17262 -4.65824 -822.972 0 
1 831.358 0.299674 0.02259 0.689249 -0.0546077 -2.33327 -4.82696 -824.198 0 
2 828.437 0.309396 0.0225993 0.679002 -0.264945 -1.8995 -5.49481 -821.043 0 
3 828.493 0.311573 0.0225511 0.678462 -0.206948 -1.21071 -6.07429 -821.208 0 
4 829.016 0.308657 0.0224023 0.681924 -0.045604 -0.12675 -6.08344 -822.806 0 
1 833.23 0.307384 0.0222332 0.683858 0.141955 -1.51182 -6.85945 -824.858 0 
4 832.989 0.306407 0.022163 0.682133 0.021748 -3.19009 -6.002 -823.797 0 
2 827.976 0.315265 0.0223841 0.668579 -0.576298 -2.20059 -6.15046 -819.625 0 
2 829.208 0.309229 0.0224192 0.675409 -0.463399 -3.88674 -5.28577 -820.035 0 
1 827.76 0.316941 0.0223612 0.668285 -0.525452 -1.58686 -6.5048 -819.668 0 
3 828.507 0.310941 0.0222373 0.675808 -0.256149 -1.76428 -5.78599 -820.957 0 
2 830.373 0.306658 0.0222192 0.681272 -0.11644 -2.49631 -5.40271 -822.474 0 
2 828.839 0.300748 0.0224153 0.685112 -0.221214 -1.80579 -4.6626 -822.37 0 
2 830.525 0.300062 0.0224 0.68658 -0.179241 -3.00626 -4.66226 -822.857 0 
2 829.454 0.304317 0.022283 0.680621 -0.268854 -3.08538 -4.83412 -821.535 0 
3 828.603 0.307233 0.0222752 0.678344 -0.265602 -2.20082 -5.15383 -821.248 0 
4 828.222 0.303341 0.0223726 0.682864 -0.205217 -1.24 -4.81988 -822.162 0 
6 830.007 0.316878 0.0223953 0.665574 -0.701852 -3.7754 -6.53457 -819.697 0 
11 828.154 0.316675 0.0222568 0.669448 -0.408688 -1.57198 -6.66593 -819.916 0 
4 828.749 0.30352 0.0224139 0.684824 -0.124485 -0.931682 -4.96334 -822.854 0 
20 827.589 0.311968 0.0224202 0.671672 -0.538657 -2.23991 -5.63133 -819.717 0 
3 827.422 0.306895 0.0225119 0.67711 -0.47161 -2.22362 -5.07793 -820.121 0 
6 827.66 0.307464 0.0226072 0.675915 -0.549913 -2.60492 -5.24262 -819.813 0 
5 828.114 0.313104 0.022572 0.673511 -0.417144 -2.21208 -5.87365 -820.028 0 
1 831.413 0.302281 0.0227417 0.683038 -0.365529 -5.6358 -4.72344 -821.054 0 
5 829.293 0.304284 0.0227833 0.680849 -0.468658 -4.04462 -4.95984 -820.288 0 
7 829.245 0.305673 0.0226396 0.67904 -0.417742 -3.87978 -4.91073 -820.455 0 
1 831.053 0.304492 0.0224283 0.682662 -0.146075 -3.45549 -5.08032 -822.517 0 
8 829.012 0.306671 0.0226225 0.676447 -0.578337 -3.92806 -5.32639 -819.758 0 
1 828.235 0.306126 0.0223299 0.678979 -0.309633 -2.20622 -4.9682 -821.061 0 
5 828.72 0.310641 0.0222676 0.677066 -0.176929 -1.19784 -6.01419 -821.508 0 
13 826.705 0.314054 0.022415 0.671585 -0.456174 -0.845334 -5.99372 -819.866 0 
1 828.853 0.308174 0.0223839 0.680164 -0.13806 -1.0979 -5.66254 -822.092 0 
2 828.602 0.30735 0.0224146 0.682603 -0.0783271 -0.224797 -5.66982 -822.708 0 
4 828.569 0.301272 0.022497 0.686803 -0.119689 -0.53263 -4.78863 -823.248 0 
2 830.686 0.303132 0.0224094 0.685807 -0.0199957 -1.47262 -5.26892 -823.944 0 
1 830.97 0.306494 0.0226268 0.684723 -0.0781243 -2.61276 -5.52247 -822.835 0 
2 829.619 0.3123 0.0226357 0.677757 -0.27566 -2.89606 -5.99469 -820.729 0 
10 829.364 0.326276 0.0225118 0.660904 -0.660123 -0.566517 -8.81612 -819.982 0 
1 830.739 0.323022 0.0222258 0.6679 -0.246443 -1.16319 -9.38795 -820.188 0 
8 831.372 0.325138 0.0221336 0.664948 -0.278523 -1.26539 -10.1016 -820.005 0 
15 828.262 0.319456 0.0223423 0.669695 -0.335434 -0.545249 -7.67809 -820.039 0 
1 829.697 0.31988 0.0222367 0.667258 -0.429619 -2.46582 -7.45021 -819.781 0 
2 830.491 0.327702 0.0222531 0.658875 -0.606773 -1.11681 -9.46253 -819.911 0 
6 828.715 0.324599 0.0223718 0.662293 -0.560977 -0.436993 -8.54656 -819.731 0 
1 828.755 0.324192 0.0224113 0.66149 -0.643729 -0.700417 -8.20913 -819.846 0 
2 827.244 0.316867 0.0223666 0.669488 -0.431627 -0.730662 -6.6662 -819.847 0 
2 827.838 0.316764 0.022533 0.667235 -0.660897 -1.73856 -6.45658 -819.643 0 
2 827.397 0.310519 0.0224503 0.673071 -0.524797 -2.1668 -5.44362 -819.787 0 
4 827.985 0.309478 0.0224579 0.675036 -0.480261 -2.70838 -5.31506 -819.962 0 
7 827.337 0.314104 0.0225046 0.674516 -0.308402 -0.573799 -6.33444 -820.429 0 
1 827.958 0.318472 0.0223739 0.666039 -0.579437 -1.53239 -6.79086 -819.635 0 
11 829.155 0.317527 0.022273 0.670444 -0.286325 -1.45797 -7.37888 -820.318 0 
1 829.641 0.32447 0.0223266 0.6614 -0.588738 -1.45017 -8.43193 -819.759 0 
10 828.605 0.312138 0.0226191 0.670067 -0.694615 -3.10537 -5.91553 -819.584 0 
8 827.515 0.307295 0.022515 0.678619 -0.334399 -1.64 -5.0755 -820.8 0 
4 827.587 0.308084 0.0225185 0.677958 -0.340182 -1.71894 -5.16729 -820.701 0 
1 827.815 0.305471 0.0224197 0.681943 -0.179753 -0.621039 -5.09536 -822.099 0 
3 827.388 0.309031 0.0226169 0.678519 -0.340536 -1.47274 -5.29087 -820.624 0 
6 828.882 0.321742 0.0226165 0.664318 -0.658719 -1.59002 -7.50975 -819.782 0 
3 827.69 0.310917 0.0224194 0.678514 -0.169775 -0.0943707 -6.06695 -821.529 0 
6 827.166 0.319064 0.0224072 0.667983 -0.459032 -0.261609 -7.16324 -819.741 0 
14 827.15 0.311137 0.0223805 0.674774 -0.383131 -1.32222 -5.56039 -820.268 0 
1 827.525 0.309591 0.0223239 0.6773 -0.264242 -0.984009 -5.51196 -821.029 0 
1 827.764 0.307472 0.0225467 0.681339 -0.206257 -0.813945 -5.30255 -821.648 0 
6 826.933 0.311833 0.0223991 0.673223 -0.442959 -1.32558 -5.61556 -819.992 0 
17 827.706 0.319996 0.0223395 0.666335 -0.502144 -0.727613 -7.30065 -819.677 0 
3 829.336 0.309403 0.0222112 0.678732 -0.115479 -1.25552 -5.96406 -822.116 0 
2 829.752 0.309863 0.0221874 0.677586 -0.178008 -2.36497 -5.80121 -821.586 0 
1 828.094 0.303889 0.0223887 0.683356 -0.174556 -0.83147 -4.91062 -822.352 0 
8 827.796 0.312812 0.0224132 0.671403 -0.531042 -2.32742 -5.75262 -819.716 0 
6 829.363 0.312465 0.0224006 0.674431 -0.389784 -3.42355 -5.77497 -820.165 0 
1 831.038 0.305165 0.0223084 0.683144 -0.128842 -3.33125 -5.13157 -822.575 0 
1 830.401 0.303191 0.0222254 0.683631 -0.103086 -2.30127 -4.99375 -823.106 0 
1 829.927 0.301785 0.0223051 0.684619 -0.123596 -1.96926 -4.8295 -823.128 0 
1 828.282 0.313204 0.0223115 0.673283 -0.31358 -1.68611 -6.13254 -820.464 0 
11 828.485 0.309854 0.0223087 0.677696 -0.188048 -1.15792 -5.81183 -821.515 0 
2 828.242 0.315244 0.0222934 0.669335 -0.479074 -2.26426 -6.20379 -819.774 0 
1 828.498 0.310024 0.0223782 0.68014 -0.0916169 -0.0940991 -6.17635 -822.228 0 
1 827.683 0.315194 0.0224707 0.672078 -0.433402 -1.5368 -6.25236 -819.894 0 
2 829.084 0.315345 0.0224436 0.671834 -0.444624 -2.96454 -6.26246 -819.857 0 
2 827.413 0.315817 0.0225047 0.669709 -0.511362 -1.42802 -6.28422 -819.7 0 
3 829.34 0.308661 0.0225745 0.675797 -0.449932 -4.04437 -5.17752 -820.118 0 
31 829.698 0.307053 0.0226948 0.674657 -0.648183 -4.60221 -5.49264 -819.603 0 
3 830.211 0.310452 0.0226854 0.674988 -0.473114 -4.87208 -5.39319 -819.946 0 
3 829.977 0.302836 0.0227802 0.683169 -0.377239 -4.28462 -4.76813 -820.924 0 
1 832.245 0.307416 0.0228935 0.679013 -0.47676 -7.07402 -5.09875 -820.072 0 
2 832.901 0.308135 0.0229403 0.677116 -0.604016 -7.80269 -5.43669 -819.662 0 
4 830.421 0.311838 0.0227354 0.676802 -0.40522 -4.63659 -5.64958 -820.135 0 
2 830.692 0.310406 0.022562 0.68044 -0.111007 -2.43769 -6.22883 -822.025 0 
1 828.919 0.314754 0.0227114 0.672316 -0.528619 -3.16211 -6.06953 -819.687 0 
2 831.365 0.320533 0.0225879 0.663643 -0.777195 -3.98442 -7.32292 -820.057 0 
4 827.65 0.319095 0.0225543 0.66808 -0.514018 -0.940698 -7.04056 -819.669 0 
2 828.404 0.312912 0.0224063 0.674419 -0.291956 -1.67018 -6.13938 -820.594 0 
3 828.599 0.306964 0.0226684 0.680247 -0.369952 -2.94785 -5.03082 -820.62 0 
7 830.814 0.314969 0.022617 0.673305 -0.45515 -4.80404 -6.16927 -819.84 0 
2 831.235 0.319088 0.0225992 0.66935 -0.517279 -4.55809 -7.01074 -819.666 0 
3 830.625 0.316814 0.0224973 0.674981 -0.196341 -2.34515 -7.4749 -820.805 0 
4 829.524 0.325544 0.0224634 0.660606 -0.695181 -0.949811 -8.52311 -820.051 0 
16 827.858 0.316759 0.0224271 0.672969 -0.273651 -0.297301 -7.13994 -820.421 0 
1 829.303 0.319328 0.0224096 0.671514 -0.225829 -0.603509 -8.22318 -820.476 0 
6 828.052 0.314081 0.0224782 0.675634 -0.227432 -0.574511 -6.62164 -820.856 0 
2 828.903 0.312693 0.0225916 0.677006 -0.28716 -2.22184 -6.0452 -820.636 0 
1 831.628 0.324408 0.0224652 0.66792 -0.274761 -1.76877 -9.81918 -820.04 0 
1 830.633 0.326048 0.0223073 0.663937 -0.361482 -0.805347 -10.0208 -819.807 0 
6 830.154 0.316404 0.0223297 0.670098 -0.362255 -3.29195 -6.78433 -820.077 0 
3 829.39 0.320309 0.0223532 0.663126 -0.68123 -2.45522 -7.16007 -819.774 0 
4 827.791 0.317554 0.022387 0.668574 -0.456388 -1.23288 -6.78551 -819.773 0 
2 827.648 0.309721 0.0223076 0.676763 -0.269556 -1.13141 -5.53224 -820.984 0 
2 827.431 0.310893 0.0223884 0.677223 -0.219392 -0.328938 -5.90839 -821.194 0 
13 827.691 0.307748 0.0223452 0.680083 -0.178753 -0.446999 -5.41969 -821.824 0 
1 828.928 0.316382 0.0222134 0.671726 -0.27472 -1.46659 -7.02135 -820.44 0 
6 828.116 0.314712 0.0222781 0.670437 -0.429119 -2.02129 -6.1713 -819.923 0 
2 828.24 0.313206 0.0222489 0.672682 -0.34855 -1.92177 -6.01835 -820.3 0 
20 827.76 0.316389 0.0223049 0.669481 -0.424692 -1.31451 -6.56567 -819.88 0 
1 827.722 0.310604 0.0224078 0.673556 -0.488708 -2.39367 -5.43956 -819.889 0 
1 827.246 0.306038 0.0224256 0.679163 -0.337593 -1.41391 -4.94335 -820.889 0 
3 828.047 0.306686 0.0225933 0.678721 -0.439331 -2.72553 -5.0428 -820.279 0 
2 828.196 0.319737 0.0225209 0.66716 -0.5141 -1.30935 -7.21854 -819.668 0 
3 829.732 0.316488 0.0224545 0.673827 -0.205674 -1.51322 -7.43809 -820.781 0 
4 830.163 0.31693 0.0223738 0.675135 -0.100893 -0.720497 -8.08008 -821.362 0 
1 829.716 0.319258 0.0225739 0.666404 -0.659178 -3.0638 -6.94926 -819.703 0 
4 828.792 0.317286 0.0222551 0.670644 -0.331958 -1.60005 -7.04425 -820.147 0 
2 828.284 0.312818 0.0222876 0.67495 -0.223635 -0.957338 -6.33955 -820.987 0 
6 828.766 0.312506 0.0223697 0.673025 -0.373169 -2.69077 -5.84333 -820.232 0 
1 829.128 0.317136 0.0223427 0.671401 -0.271607 -1.38878 -7.33275 -820.406 0 
4 830.156 0.312499 0.0225053 0.67153 -0.507622 -4.70225 -5.67863 -819.775 0 
9 827.176 0.310562 0.0225293 0.673086 -0.549478 -1.98197 -5.46905 -819.725 0 
1 827.372 0.309916 0.0225551 0.673639 -0.546425 -2.22975 -5.39379 -819.748 0 
6 827.776 0.305253 0.022531 0.680085 -0.340523 -1.96381 -4.87083 -820.941 0 
3 828.481 0.307277 0.0226105 0.68129 -0.228781 -1.74405 -5.23364 -821.504 0 
12 828.767 0.302831 0.0226651 0.684712 -0.246213 -2.13766 -4.74336 -821.886 0 
2 828.959 0.303186 0.0227498 0.681889 -0.434413 -3.54274 -4.86982 -820.546 0 
3 829.499 0.300314 0.0227267 0.68635 -0.297596 -3.04519 -4.67954 -821.774 0 
7 832.041 0.29582 0.0225881 0.688877 -0.314494 -4.87446 -4.96635 -822.2 0 
5 830.438 0.296999 0.022726 0.68894 -0.295409 -3.42939 -4.79372 -822.214 0 
4 828.818 0.299456 0.0225757 0.686839 -0.220853 -1.63111 -4.6322 -822.555 0 
1 827.773 0.302874 0.0224805 0.683282 -0.243257 -1.11962 -4.74782 -821.905 0 
7 827.997 0.303876 0.0225944 0.682339 -0.339116 -2.1163 -4.80105 -821.079 0 
5 829.024 0.312074 0.0225571 0.676979 -0.247553 -2.02961 -6.08475 -820.909 0 
2 827.429 0.311057 0.0225859 0.674718 -0.442741 -1.90743 -5.49378 -820.028 0 
4 827.515 0.30904 0.0225302 0.674077 -0.553915 -2.42237 -5.3396 -819.753 0 
4 828.614 0.319476 0.0224638 0.665081 -0.6652 -1.90905 -6.98702 -819.718 0 
10 827.918 0.31871 0.0224206 0.665852 -0.619862 -1.44676 -6.82086 -819.65 0 
7 827.572 0.318437 0.0224311 0.666788 -0.554743 -1.11942 -6.81181 -819.641 0 
5 827.698 0.31707 0.0224333 0.667454 -0.567573 -1.57438 -6.49302 -819.631 0 
7 827.071 0.316479 0.0225095 0.668604 -0.57934 -1.07438 -6.37324 -819.623 0 
12 828.254 0.313113 0.0225095 0.672094 -0.467173 -2.57755 -5.81062 -819.865 0 
3 827.956 0.311873 0.0225709 0.672243 -0.541705 -2.64204 -5.60055 -819.713 0 
13 827.517 0.304662 0.0225944 0.679674 -0.444133 -2.2034 -4.92621 -820.387 0 
1 828.148 0.30523 0.0226008 0.678877 -0.440977 -2.86708 -4.91625 -820.365 0 
2 829.226 0.305609 0.022707 0.677315 -0.5598 -4.2054 -5.17224 -819.849 0 
4 831.238 0.301167 0.0227567 0.682461 -0.454912 -5.75977 -4.89389 -820.585 0 
5 832.633 0.303773 0.0228775 0.67815 -0.689219 -7.16009 -5.88862 -819.585 0 
1 832.135 0.300419 0.0228171 0.682399 -0.516396 -6.69618 -5.13823 -820.301 0 
2 829.773 0.305559 0.0227421 0.677859 -0.540978 -4.7466 -5.11238 -819.915 0 
2 830.267 0.309605 0.0227684 0.672575 -0.725737 -4.77229 -5.93149 -819.563 0 
6 828.445 0.317366 0.0226617 0.66725 -0.679557 -2.19677 -6.56989 -819.678 0 
1 830.587 0.31299 0.022354 0.674702 -0.230854 -3.26149 -6.39727 -820.929 0 
4 830.045 0.319453 0.0226249 0.665845 -0.633581 -3.39741 -6.97015 -819.677 0 
5 831.166 0.316134 0.0227507 0.669721 -0.589808 -5.25655 -6.29217 -819.618 0 
4 830.456 0.312401 0.0224306 0.676969 -0.158317 -2.46329 -6.54385 -821.449 0 
6 827.621 0.3111 0.0224815 0.674801 -0.44231 -2.08353 -5.50985 -820.027 0 
7 827.03 0.306059 0.0225797 0.679489 -0.391025 -1.51031 -4.94786 -820.571 0 
5 827.106 0.31225 0.022614 0.673773 -0.476041 -1.57634 -5.66144 -819.869 0 
1 826.798 0.307672 0.0225606 0.677583 -0.425101 -1.41925 -5.09375 -820.285 0 
1 826.939 0.312662 0.0225262 0.673172 -0.482525 -1.37235 -5.73001 -819.836 0 
1 826.854 0.309147 0.0225312 0.678132 -0.328197 -0.847996 -5.32216 -820.684 0 
8 827.139 0.313476 0.0224384 0.6735 -0.396927 -1.0915 -5.96182 -820.086 0 
2 827.666 0.316521 0.0223298 0.671947 -0.282208 -0.201263 -7.0678 -820.397 0 
4 827.363 0.318776 0.0224379 0.669634 -0.400083 -0.243954 -7.24556 -819.874 0 
6 828.463 0.316481 0.0225465 0.673332 -0.321738 -1.36502 -6.86987 -820.229 0 
5 827.042 0.317694 0.0224243 0.66992 -0.404144 -0.197111 -6.94999 -819.895 0 
3 827.739 0.313181 0.022422 0.670805 -0.551583 -2.25464 -5.81306 -819.672 0 
3 828.446 0.31212 0.0222601 0.675824 -0.192335 -0.910257 -6.28541 -821.25 0 
2 829.622 0.317515 0.0222723 0.671621 -0.212581 -1.22233 -7.73418 -820.666 0 
11 829.01 0.322901 0.0224951 0.666521 -0.429367 -0.812542 -8.45543 -819.742 0 
1 828.343 0.305911 0.0226738 0.681593 -0.325005 -2.42255 -4.9403 -820.981 0 
2 827.86 0.306447 0.0226337 0.681234 -0.30156 -1.76858 -5.00819 -821.083 0 
4 827.933 0.308568 0.0224065 0.680783 -0.127423 -0.0749134 -5.73072 -822.127 0 
2 828.041 0.310766 0.0225618 0.677181 -0.35125 -2.06047 -5.53772 -820.443 0 
6 829.236 0.305418 0.022412 0.681033 -0.287767 -3.03915 -4.91752 -821.28 0 
1 828.949 0.307628 0.022384 0.682663 -0.0413468 -0.0712126 -5.87969 -822.998 0 
1 828.816 0.309991 0.0224911 0.680585 -0.117382 -0.727836 -6.06102 -822.027 0 
9 828.581 0.313339 0.0224388 0.67406 -0.387319 -2.50665 -5.94463 -820.129 0 
1 829.896 0.31543 0.0224623 0.668761 -0.625203 -4.06038 -6.2295 -819.606 0 
3 829.218 0.320065 0.0224899 0.665972 -0.616628 -2.4077 -7.13545 -819.675 0 
9 827.147 0.316956 0.0224904 0.66849 -0.565342 -1.03998 -6.47521 -819.632 0 
1 829.117 0.315294 0.0225649 0.668153 -0.6938 -3.17174 -6.30229 -819.643 0 
5 827.446 0.310392 0.0224717 0.673055 -0.526848 -2.23946 -5.42139 -819.785 0 
1 827.728 0.308285 0.0224986 0.676818 -0.387887 -2.14772 -5.15275 -820.427 0 
2 827.173 0.305202 0.022583 0.680843 -0.342647 -1.3682 -4.87306 -820.932 0 
3 827.325 0.305651 0.0225577 0.679124 -0.426926 -1.96446 -4.95278 -820.408 0 
8 827.981 0.311659 0.0224206 0.671591 -0.533734 -2.67241 -5.57371 -819.735 0 
14 827.111 0.309683 0.0224914 0.677341 -0.306476 -0.892683 -5.45297 -820.765 0 
14 827.746 0.319464 0.0223554 0.665991 -0.53993 -1.00904 -7.08533 -819.652 0 
7 828.274 0.308032 0.0224379 0.681406 -0.11229 -0.251245 -5.70128 -822.322 0 
13 827.344 0.307784 0.0226493 0.677692 -0.456487 -2.08244 -5.12458 -820.137 0 
7 827.402 0.306911 0.0224839 0.677896 -0.419994 -2.00917 -5.03459 -820.358 0 
1 827.825 0.307147 0.022677 0.67696 -0.53011 -2.75622 -5.18168 -819.887 0 
4 827.702 0.305701 0.0225053 0.679784 -0.328214 -1.80869 -4.91371 -820.979 0 
1 830.142 0.300178 0.0224496 0.689051 0.00432905 -0.388042 -4.99735 -824.757 0 
2 827.8 0.305782 0.0224091 0.678399 -0.389743 -2.27468 -4.92531 -820.6 0 
3 828.306 0.310847 0.0224756 0.671661 -0.60856 -3.08362 -5.60626 -819.616 0 
2 827.959 0.309187 0.0225172 0.679383 -0.215257 -0.976107 -5.58774 -821.395 0 
2 827.635 0.310076 0.0225015 0.676975 -0.365097 -1.80257 -5.41256 -820.42 0 
2 828.377 0.307428 0.02258 0.6801 -0.327133 -2.44777 -5.09672 -820.832 0 
9 828.006 0.311288 0.02229 0.677178 -0.171329 -0.375 -6.15363 -821.478 0 
1 826.936 0.313878 0.0225516 0.673115 -0.421131 -0.941986 -6.0125 -819.981 0 
2 827.315 0.311574 0.0226143 0.67582 -0.400982 -1.53695 -5.61194 -820.166 0 
1 829.733 0.316501 0.022442 0.66696 -0.669846 -3.64483 -6.44265 -819.645 0 
4 829.155 0.30358 0.0222959 0.682603 -0.172525 -1.85089 -4.89298 -822.412 0 
9 829.127 0.301235 0.0224417 0.684282 -0.222116 -2.15661 -4.67382 -822.296 0 
1 829.646 0.317006 0.0221693 0.670462 -0.27394 -1.9868 -7.25535 -820.404 0 
8 830.81 0.317613 0.022128 0.667769 -0.408551 -4.01045 -6.91404 -819.886 0 
2 829.767 0.318095 0.022321 0.665963 -0.609485 -3.43475 -6.69772 -819.635 0 
8 830.149 0.309608 0.0221869 0.6767 -0.248786 -3.4785 -5.54417 -821.127 0 
11 827.552 0.314835 0.0223053 0.67137 -0.395681 -1.26566 -6.25758 -820.028 0 
6 827.962 0.309367 0.0223244 0.676076 -0.321151 -1.88001 -5.37586 -820.707 0 
15 827.379 0.310617 0.0223892 0.673595 -0.457885 -1.95835 -5.42864 -819.992 0 
7 827.11 0.313088 0.0224111 0.673625 -0.350831 -0.813352 -5.99973 -820.297 0 
1 827.594 0.316222 0.0224247 0.669662 -0.509555 -1.52856 -6.36789 -819.698 0 
1 827.435 0.317215 0.022422 0.671211 -0.338562 -0.263915 -7.04511 -820.126 0 
1 827.843 0.320937 0.022498 0.665075 -0.591755 -0.785654 -7.38264 -819.674 0 
19 827.043 0.316188 0.0223947 0.670329 -0.420696 -0.619005 -6.52701 -819.897 0 
11 826.767 0.312177 0.0225327 0.675224 -0.375032 -0.769141 -5.75446 -820.243 0 
1 827.752 0.316409 0.0225592 0.668667 -0.61277 -1.76734 -6.36946 -819.615 0 
1 827.679 0.3089 0.0225146 0.677993 -0.35883 -1.89012 -5.25348 -820.535 0 
1 827.162 0.311561 0.0225498 0.673457 -0.519678 -1.81515 -5.57665 -819.771 0 
3 827.902 0.309787 0.0224789 0.676843 -0.378233 -2.16869 -5.35903 -820.375 0 
2 828.207 0.314884 0.0224491 0.669346 -0.590817 -2.4906 -6.10192 -819.615 0 
5 826.648 0.310116 0.0224876 0.676546 -0.343339 -0.664325 -5.45508 -820.528 0 
2 828.188 0.313678 0.0222697 0.673811 -0.253275 -1.01152 -6.43314 -820.743 0 
22 826.909 0.314662 0.0224619 0.671508 -0.43839 -0.864406 -6.14737 -819.897 0 
5 828.333 0.302915 0.02241 0.6843 -0.147489 -0.724604 -4.87727 -822.731 0 
1 827.981 0.306026 0.0226324 0.681898 -0.273566 -1.67278 -4.99172 -821.317 0 
2 827.526 0.319691 0.0224993 0.666491 -0.580903 -0.799907 -7.07678 -819.649 0 
4 828.007 0.315909 0.022622 0.671649 -0.45486 -1.80587 -6.38666 -819.815 0 
1 829.097 0.308888 0.0227415 0.67833 -0.398351 -3.53768 -5.22353 -820.336 0 
7 828.21 0.316147 0.0225327 0.667085 -0.667552 -2.23603 -6.3384 -819.636 0 
5 826.904 0.306597 0.0225093 0.678432 -0.397886 -1.41924 -4.9909 -820.494 0 
1 826.802 0.308258 0.0224855 0.677366 -0.368357 -1.10777 -5.16313 -820.531 0 
4 827.224 0.315837 0.0225666 0.669272 -0.575285 -1.35165 -6.24738 -819.625 0 
1 827.398 0.310971 0.0223713 0.675293 -0.359995 -1.44917 -5.56254 -820.386 0 
1 829.198 0.309027 0.022637 0.679762 -0.303825 -3.02883 -5.33323 -820.836 0 
5 828.351 0.31659 0.0225178 0.673355 -0.288101 -0.938597 -7.04652 -820.366 0 
1 827.227 0.31109 0.0224344 0.677539 -0.239369 -0.322223 -5.85758 -821.047 0 
4 828.313 0.300656 0.02247 0.685645 -0.202689 -1.09844 -4.66431 -822.551 0 
3 829.054 0.305765 0.0225118 0.677638 -0.504091 -3.9039 -5.10517 -820.045 0 
1 828.757 0.300076 0.0224609 0.684694 -0.287567 -2.20155 -4.66939 -821.886 0 
2 828.493 0.303752 0.0224344 0.679936 -0.375988 -2.85055 -4.79249 -820.85 0 
2 828.305 0.306447 0.0225136 0.675891 -0.545973 -3.26096 -5.18225 -819.862 0 
1 827.729 0.31701 0.0224549 0.667454 -0.577827 -1.62973 -6.47358 -819.626 0 
6 828.129 0.310677 0.022334 0.675439 -0.300039 -1.75935 -5.64825 -820.721 0 
3 826.66 0.309578 0.0224496 0.676894 -0.346081 -0.743855 -5.3631 -820.553 0 
11 826.636 0.313863 0.0225051 0.673444 -0.393682 -0.501931 -6.05452 -820.079 0 
1 826.666 0.309768 0.0224963 0.677266 -0.322323 -0.565234 -5.43202 -820.668 0 
2 827.542 0.302811 0.0225058 0.683054 -0.282043 -1.20719 -4.72972 -821.605 0 
11 826.873 0.30914 0.0224688 0.675977 -0.428497 -1.43897 -5.25152 -820.183 0 
1 827.648 0.309568 0.0226316 0.677715 -0.35836 -1.80855 -5.3496 -820.489 0 
15 827.712 0.313762 0.0225708 0.670602 -0.567456 -2.18395 -5.88611 -819.642 0 
4 828.003 0.314582 0.0224121 0.669125 -0.587708 -2.34265 -6.04367 -819.617 0 
16 827.411 0.311185 0.0225566 0.675099 -0.401068 -1.67161 -5.55224 -820.187 0 
3 827.78 0.303657 0.0224602 0.68313 -0.208191 -0.839239 -4.84461 -822.096 0 
5 827.162 0.314076 0.0224424 0.670101 -0.548754 -1.55533 -5.94198 -819.664 0 
4 828.73 0.309855 0.02245 0.672264 -0.577369 -3.62011 -5.42908 -819.681 0 
1 828.837 0.308285 0.0223862 0.67515 -0.436436 -3.49896 -5.14168 -820.196 0 
1 829.034 0.308447 0.0225339 0.672927 -0.638865 -3.91849 -5.5157 -819.6 0 
6 828.244 0.313688 0.0225487 0.669088 -0.651738 -2.69177 -5.96142 -819.591 0 
1 829.313 0.312543 0.0226403 0.673253 -0.476044 -3.74934 -5.70462 -819.859 0 
3 829.813 0.313716 0.0227412 0.671056 -0.609802 -4.3073 -5.90342 -819.602 0 
13 827.62 0.305474 0.0226599 0.679996 -0.420285 -2.23415 -4.93088 -820.455 0 
12 827.376 0.310855 0.0224603 0.673881 -0.486856 -2.01842 -5.47276 -819.885 0 
3 829.17 0.307076 0.0223507 0.675733 -0.450217 -3.91904 -5.04627 -820.204 0 
1 830.413 0.318243 0.0222953 0.664251 -0.660687 -4.01998 -6.71614 -819.677 0 
8 828.079 0.311557 0.0223303 0.672399 -0.466787 -2.59614 -5.55982 -819.923 0 
21 829.269 0.30073 0.0223885 0.684177 -0.237655 -2.38893 -4.65193 -822.228 0 
4 829.292 0.300167 0.0226606 0.686762 -0.231268 -2.29037 -4.64107 -822.36 0 
1 830.131 0.304545 0.022761 0.683567 -0.284605 -3.8963 -4.84152 -821.394 0 
8 827.078 0.306884 0.0225942 0.679569 -0.360765 -1.38089 -5.01827 -820.678 0 
7 828.345 0.318377 0.0226095 0.666001 -0.682884 -1.88039 -6.75196 -819.712 0 
2 827.689 0.314537 0.0223312 0.670151 -0.481952 -1.84547 -6.05827 -819.785 0 
8 827.966 0.305061 0.0223939 0.68163 -0.203103 -1.00732 -4.99821 -821.96 0 
1 830.096 0.305158 0.0222387 0.68368 -0.0118328 -0.858962 -5.56069 -823.677 0 
3 827.104 0.30821 0.0225592 0.677193 -0.440202 -1.76152 -5.15905 -820.184 0 
5 827.702 0.302335 0.0225209 0.684064 -0.254064 -1.10523 -4.71357 -821.883 0 
1 827.404 0.30947 0.0224163 0.678728 -0.203425 -0.285941 -5.67058 -821.448 0 
8 828.279 0.309359 0.0227328 0.675824 -0.529981 -3.13751 -5.33394 -819.808 0 
2 828.451 0.309182 0.0223769 0.678479 -0.194754 -1.24713 -5.66311 -821.541 0 
12 827.434 0.306369 0.0226327 0.678876 -0.442819 -2.14075 -5.01144 -820.282 0 
25 829.633 0.299231 0.0225074 0.688479 -0.140416 -1.59812 -4.66432 -823.37 0 
10 831.453 0.30613 0.0222121 0.683753 0.0200138 -1.80901 -5.81664 -823.828 0 
5 828.577 0.316159 0.0222485 0.669326 -0.438566 -2.25933 -6.46828 -819.849 0 
1 828.323 0.312309 0.0223326 0.672927 -0.433573 -2.61692 -5.70178 -820.005 0 
6 828.088 0.319555 0.0222866 0.667162 -0.430839 -0.910925 -7.3917 -819.785 0 
1 829.981 0.32266 0.0223009 0.664774 -0.432651 -1.84132 -8.40043 -819.74 0 
12 828.925 0.32243 0.0223538 0.664863 -0.468737 -1.05711 -8.16596 -819.702 0 
4 829.018 0.318115 0.0224314 0.672005 -0.247955 -0.84434 -7.72178 -820.452 0 
1 830.724 0.326944 0.0223132 0.661596 -0.467946 -1.18781 -9.80753 -819.729 0 
1 830.394 0.328954 0.0224025 0.660943 -0.499255 -0.206154 -10.404 -819.784 0 
1 830.322 0.318025 0.0222689 0.672984 -0.164 -1.40265 -8.0345 -820.884 0 
1 831.362 0.324203 0.0223602 0.667332 -0.247758 -1.25823 -9.9716 -820.132 0 
2 831.216 0.32003 0.0222845 0.67212 -0.0919822 -0.769695 -9.32582 -821.12 0 
1 829.911 0.319103 0.0222782 0.6723 -0.138793 -0.358525 -8.61756 -820.934 0 
2 830.117 0.328262 0.0224736 0.658725 -0.679266 -0.515728 -9.44892 -820.152 0 
1 833.018 0.32162 0.0224247 0.663324 -0.703901 -5.64776 -7.48998 -819.88 0 
1 833.274 0.329439 0.0222854 0.659232 -0.487276 -2.72356 -10.7639 -819.786 0 
1 831.086 0.325724 0.0222176 0.665347 -0.283727 -0.839581 -10.2732 -819.973 0 
4 830.204 0.32711 0.0222984 0.662319 -0.424182 -0.385288 -10.0784 -819.74 0 
1 831.843 0.326527 0.022506 0.663205 -0.544566 -2.86958 -9.20883 -819.765 0 
1 831.167 0.323885 0.0225697 0.663573 -0.652136 -3.2204 -8.09489 -819.852 0 
10 829.246 0.31935 0.0224418 0.669945 -0.387713 -1.93401 -7.42251 -819.889 0 
4 829.41 0.326441 0.0225097 0.661652 -0.605528 -0.539175 -9.01463 -819.856 0 
7 828.95 0.313228 0.0223385 0.676939 -0.152466 -0.883925 -6.6641 -821.402 0 
4 830.191 0.317766 0.0226351 0.671329 -0.452769 -3.60616 -6.80892 -819.776 0 
10 829.811 0.31888 0.0226025 0.671492 -0.347848 -2.31507 -7.47397 -820.022 0 
1 827.833 0.310761 0.0225751 0.678115 -0.284415 -1.35901 -5.67031 -820.804 0 
6 826.97 0.310161 0.0225133 0.677795 -0.283421 -0.533868 -5.5755 -820.861 0 
1 827.398 0.31076 0.0226053 0.677085 -0.344569 -1.36466 -5.55696 -820.477 0 
5 829.396 0.309357 0.022319 0.678043 -0.180241 -2.01551 -5.75422 -821.627 0 
2 828.761 0.303153 0.0224834 0.681599 -0.312515 -2.68733 -4.7352 -821.339 0 
1 829.69 0.304142 0.0224956 0.681535 -0.267031 -3.29791 -4.82325 -821.568 0 
1 828.274 0.310285 0.0225811 0.676767 -0.343377 -2.26694 -5.49052 -820.516 0 
1 827.209 0.311204 0.0224741 0.67547 -0.342786 -1.10526 -5.64896 -820.455 0 
3 828.112 0.307585 0.0223229 0.679246 -0.2404 -1.48674 -5.23796 -821.387 0 
3 826.998 0.31063 0.0223849 0.677129 -0.249528 -0.224478 -5.74785 -821.026 0 
3 827.755 0.303554 0.0224445 0.682656 -0.234915 -1.06183 -4.80369 -821.889 0 
3 828.557 0.312124 0.0222913 0.675478 -0.21735 -1.2625 -6.20514 -821.089 0 
6 830.919 0.31789 0.0223419 0.67014 -0.300213 -3.21704 -7.46165 -820.24 0 
1 831.744 0.320854 0.0222396 0.668857 -0.21592 -2.41052 -8.90876 -820.425 0 
6 829.52 0.322446 0.0222525 0.667667 -0.269251 -0.288784 -9.09679 -820.135 0 
2 827.955 0.3228 0.0224231 0.665064 -0.505984 -0.153454 -8.11865 -819.683 0 
7 827.272 0.318216 0.0224565 0.668546 -0.503521 -0.756848 -6.8296 -819.685 0 
1 827.442 0.31735 0.0224637 0.669263 -0.504033 -1.12771 -6.6221 -819.693 0 
2 828.615 0.320247 0.0225347 0.664364 -0.702078 -1.63734 -7.16043 -819.817 0 
2 828.147 0.316411 0.0225825 0.6693 -0.593082 -2.16087 -6.36883 -819.618 0 
4 826.636 0.314486 0.0225261 0.672162 -0.452149 -0.688585 -6.08412 -819.863 0 
13 827.273 0.310367 0.0224066 0.677264 -0.246247 -0.481194 -5.72047 -821.071 0 
3 827.947 0.315194 0.0223597 0.671314 -0.37166 -1.41965 -6.42816 -820.099 0 
15 828.484 0.319099 0.0222713 0.666524 -0.497045 -1.72598 -7.07143 -819.686 0 
10 828.211 0.322989 0.0224081 0.665565 -0.449177 -0.0929832 -8.39947 -819.719 0 
2 828.037 0.317432 0.022347 0.667231 -0.556366 -1.81778 -6.58118 -819.638 0 
3 828.575 0.323185 0.0223142 0.66362 -0.512589 -0.651214 -8.23886 -819.685 0 
7 830.198 0.32307 0.0223158 0.660664 -0.695043 -2.44868 -7.82563 -819.923 0 
1 827.202 0.315615 0.0223634 0.670242 -0.436308 -0.971711 -6.35802 -819.872 0 
2 830.216 0.314633 0.022355 0.671386 -0.365659 -3.7352 -6.33193 -820.149 0 
2 830.183 0.306176 0.0223949 0.682955 -0.0524609 -1.44033 -5.62401 -823.119 0 
1 829.441 0.303684 0.022517 0.68165 -0.291988 -3.23883 -4.76993 -821.432 0 
2 828.501 0.312839 0.0226522 0.674393 -0.418618 -2.64791 -5.8185 -820.035 0 
5 827.737 0.31156 0.0224877 0.676328 -0.280422 -1.1054 -5.86973 -820.761 0 
14 827.415 0.309009 0.0225973 0.674938 -0.524002 -2.29673 -5.28121 -819.837 0 
3 830.735 0.308656 0.0223561 0.672472 -0.571463 -5.68959 -5.32512 -819.72 0 
7 829.496 0.302221 0.022439 0.681673 -0.327607 -3.46794 -4.70089 -821.327 0 
2 830.909 0.30393 0.0222817 0.679162 -0.342883 -5.07796 -4.78198 -821.049 0 
1 830.977 0.305748 0.0224837 0.675521 -0.607997 -5.84835 -5.42166 -819.707 0 
1 828.245 0.309257 0.0225439 0.673674 -0.59321 -3.11979 -5.46382 -819.662 0 
1 827.881 0.305945 0.0225147 0.679546 -0.332825 -2.02038 -4.9335 -820.928 0 
2 828.855 0.311117 0.0226174 0.6747 -0.440412 -3.31847 -5.50343 -820.033 0 
5 829.221 0.311078 0.022663 0.671632 -0.644358 -3.98018 -5.66019 -819.581 0 
1 829.869 0.311485 0.0227502 0.672202 -0.681261 -4.42039 -5.87562 -819.573 0 
10 827.659 0.307811 0.022661 0.679126 -0.375706 -2.02445 -5.10975 -820.524 0 
2 827.064 0.315132 0.0225376 0.670296 -0.55278 -1.28497 -6.12994 -819.649 0 
6 827.58 0.31632 0.0224494 0.672651 -0.302282 -0.331091 -6.92919 -820.319 0 
2 828.11 0.308262 0.0226433 0.679993 -0.292391 -1.88706 -5.24972 -820.973 0 
2 827.827 0.302917 0.0226057 0.6825 -0.342266 -1.93203 -4.74336 -821.152 0 
5 827.486 0.304038 0.0224787 0.681626 -0.29063 -1.28289 -4.79886 -821.404 0 
12 827.703 0.315364 0.0224608 0.669299 -0.531461 -1.85458 -6.17401 -819.675 0 
8 827.624 0.304255 0.0224485 0.680803 -0.316904 -1.62363 -4.80568 -821.194 0 
2 828.571 0.301395 0.022511 0.682186 -0.38217 -2.7813 -4.76399 -821.026 0 
5 828.667 0.308991 0.0222571 0.679071 -0.134358 -0.842365 -5.80556 -822.019 0 
4 830.216 0.315227 0.0221832 0.673688 -0.144643 -1.5965 -7.36742 -821.252 0 
1 828.863 0.315859 0.0225909 0.67126 -0.514522 -2.87872 -6.28998 -819.695 0 
12 828.08 0.313349 0.022528 0.674315 -0.404408 -2.09472 -5.92148 -820.064 0 
1 828.693 0.318167 0.022476 0.670285 -0.42898 -1.90463 -6.96931 -819.819 0 
1 827.786 0.311059 0.0224471 0.678195 -0.183262 -0.300779 -6.06536 -821.42 0 
2 829.148 0.312603 0.0225063 0.678194 -0.173588 -1.40066 -6.42211 -821.325 0 
2 830.066 0.315836 0.0224504 0.672466 -0.396965 -3.62583 -6.45721 -819.983 0 
3 827.586 0.318252 0.0223673 0.670093 -0.368352 -0.408494 -7.19691 -819.981 0 
5 827.918 0.314852 0.0223473 0.67463 -0.217955 -0.23714 -6.83524 -820.845 0 
6 827.314 0.308034 0.02245 0.678062 -0.353834 -1.53845 -5.14837 -820.627 0 
2 828.517 0.302408 0.0224186 0.68182 -0.336516 -2.54061 -4.73272 -821.244 0 
1 828.464 0.310514 0.0224559 0.672268 -0.585879 -3.26941 -5.54057 -819.654 0 
1 830.896 0.311237 0.0223665 0.669855 -0.652127 -5.5749 -5.74466 -819.577 0 
1 829.52 0.314077 0.0222634 0.669326 -0.522441 -3.86434 -5.94711 -819.709 0 
4 828.707 0.319221 0.0224644 0.665241 -0.667116 -2.05897 -6.93466 -819.713 0 
6 829.552 0.322556 0.0226132 0.662681 -0.713566 -1.91896 -7.68135 -819.952 0 
4 828.055 0.30672 0.0225919 0.680017 -0.362737 -2.36572 -5.00924 -820.68 0 
3 827.479 0.308431 0.022377 0.678937 -0.2468 -0.871024 -5.35286 -821.256 0 
10 827.308 0.312082 0.0223172 0.674646 -0.304688 -0.825778 -5.89447 -820.588 0 
3 828.057 0.308233 0.0223275 0.680078 -0.157659 -0.569112 -5.55793 -821.93 0 
6 828.076 0.308417 0.0223407 0.679642 -0.154649 -0.512129 -5.63295 -821.931 0 
3 829.337 0.318159 0.022283 0.669154 -0.340051 -1.91379 -7.34509 -820.078 0 
2 831.262 0.309057 0.0221492 0.675559 -0.291059 -4.97124 -5.38001 -820.911 0 
1 837.557 0.32116 0.0220337 0.663477 -0.429914 -9.84829 -7.94815 -819.76 0 
7 836.29 0.321975 0.0219656 0.663284 -0.410346 -8.25685 -8.25171 -819.782 0 
1 837.135 0.325444 0.0222101 0.659316 -0.707053 -8.56911 -8.48052 -820.086 0 
2 832.213 0.321073 0.0221479 0.664734 -0.497557 -4.93445 -7.59921 -819.68 0 
2 831.33 0.322002 0.0221279 0.664079 -0.440936 -3.47179 -8.12372 -819.734 0 
2 831.158 0.322341 0.0222581 0.664703 -0.42182 -3.04744 -8.35233 -819.758 0 
1 828.632 0.321932 0.0224798 0.667646 -0.415061 -0.701043 -8.15678 -819.774 0 
3 829.358 0.322742 0.0225353 0.665036 -0.527547 -1.61613 -8.06203 -819.68 0 
4 828.019 0.312988 0.022626 0.673136 -0.523009 -2.50819 -5.78204 -819.729 0 
8 829.034 0.302716 0.0224787 0.685503 -0.104365 -0.909594 -4.95659 -823.168 0 
3 829.287 0.302835 0.0226014 0.681717 -0.431548 -3.79038 -4.9066 -820.59 0 
2 829.111 0.303296 0.0227035 0.684095 -0.303959 -2.9646 -4.76057 -821.386 0 
1 827.096 0.306595 0.0225754 0.679686 -0.362875 -1.41436 -4.99185 -820.689 0 
3 827.271 0.304962 0.0225569 0.679635 -0.416252 -1.85829 -4.8986 -820.514 0 
5 829.041 0.311554 0.0224078 0.671254 -0.539287 -3.76085 -5.55511 -819.725 0 
15 827.305 0.30683 0.0225885 0.67715 -0.489139 -2.16975 -5.08386 -820.052 0 
3 828.75 0.30303 0.0225963 0.680052 -0.498277 -3.47521 -5.05156 -820.224 0 
18 829.458 0.297156 0.0225809 0.687731 -0.288838 -2.4432 -4.76249 -822.253 0 
8 829.499 0.306788 0.0226947 0.676426 -0.604966 -4.39054 -5.41963 -819.688 0 
11 827.409 0.308334 0.0223534 0.679099 -0.21511 -0.499753 -5.42199 -821.487 0 
1 828.015 0.309151 0.0223613 0.675116 -0.433113 -2.59974 -5.25317 -820.162 0 
9 827.672 0.314725 0.0223783 0.671934 -0.364052 -1.1857 -6.33583 -820.151 0 
3 827.325 0.318063 0.0224536 0.668543 -0.474437 -0.728309 -6.86714 -819.73 0 
14 827.366 0.313249 0.0223878 0.672231 -0.454846 -1.62301 -5.8453 -819.897 0 
6 827.429 0.306602 0.0224432 0.678513 -0.344472 -1.63841 -4.99225 -820.798 0 
1 828.458 0.31019 0.0225057 0.673009 -0.584997 -3.27599 -5.52164 -819.661 0 
2 827.182 0.305692 0.0225027 0.678831 -0.401862 -1.72094 -4.92164 -820.539 0 
4 827.982 0.305301 0.0224668 0.678048 -0.441508 -2.69361 -4.931 -820.357 0 
1 827.017 0.309005 0.0224739 0.675156 -0.471885 -1.76126 -5.24256 -820.014 0 
3 828.036 0.310969 0.0223316 0.677823 -0.154447 -0.242057 -6.16115 -821.633 0 
2 829.084 0.310416 0.0224112 0.679972 -0.121561 -1.03447 -6.1069 -821.942 0 
4 827.873 0.317439 0.0224771 0.671305 -0.384917 -1.0027 -6.91015 -819.96 0 
1 829.433 0.304212 0.022586 0.685692 -0.103567 -1.38543 -5.10393 -822.944 0 
1 832.443 0.303849 0.0224208 0.687513 0.0329547 -2.62128 -5.45013 -824.371 0 
1 827.027 0.315687 0.02249 0.671314 -0.422612 -0.713686 -6.4046 -819.909 0 
3 827.201 0.317031 0.022476 0.669952 -0.442245 -0.702466 -6.6825 -819.816 0 
8 828.844 0.318105 0.0225426 0.6678 -0.605978 -2.505 -6.70473 -819.634 0 
7 827.673 0.319616 0.0224535 0.668481 -0.451837 -0.611415 -7.31632 -819.745 0 
6 829.929 0.324967 0.0225689 0.660794 -0.747718 -1.40764 -8.31116 -820.21 0 
7 829.528 0.326924 0.0223193 0.662122 -0.467394 -0.0481291 -9.75142 -819.729 0 
1 828.072 0.321944 0.0223633 0.666917 -0.396998 -0.0144472 -8.25107 -819.807 0 
2 828.23 0.310238 0.0224372 0.676939 -0.338225 -2.21425 -5.46939 -820.546 0 
14 827.609 0.316287 0.0224931 0.669566 -0.542978 -1.60201 -6.35485 -819.652 0 
2 826.94 0.315443 0.0224267 0.670302 -0.491493 -0.969834 -6.22688 -819.744 0 
1 827.304 0.319023 0.0224139 0.666601 -0.54986 -0.701524 -6.95706 -819.646 0 
9 829.492 0.317379 0.0225061 0.665335 -0.696745 -3.22386 -6.56454 -819.704 0 
4 826.878 0.316504 0.022401 0.670054 -0.433363 -0.456437 -6.56913 -819.853 0 
4 828.8 0.322353 0.0223679 0.663517 -0.562061 -1.2697 -7.84664 -819.684 0 
6 828.163 0.317409 0.0224208 0.671026 -0.328307 -0.851587 -7.15675 -820.155 0 
1 829.509 0.307178 0.0224251 0.680697 -0.158249 -2.0237 -5.42904 -822.056 0 
1 830.514 0.29666 0.0226132 0.689613 -0.184894 -2.52239 -4.65709 -823.334 0 
1 832.792 0.29793 0.0226723 0.69282 0.0106204 -2.65665 -4.85353 -825.282 0 
4 831.212 0.305045 0.0225215 0.685061 -0.11771 -3.38126 -5.13953 -822.691 0 
5 829.332 0.307841 0.022613 0.682089 -0.18981 -2.21356 -5.38955 -821.729 0 
3 830.091 0.307915 0.022542 0.683223 -0.0836894 -1.76968 -5.74139 -822.58 0 
3 828.066 0.30913 0.0225492 0.67976 -0.214708 -1.08826 -5.57344 -821.405 0 
14 827.048 0.311491 0.0225353 0.675551 -0.395953 -1.25326 -5.60284 -820.192 0 
5 827.125 0.306123 0.0225241 0.680165 -0.334916 -1.27113 -4.95566 -820.898 0 
1 828.871 0.301776 0.0225531 0.68656 -0.157938 -1.31029 -4.75836 -822.802 0 
6 829.713 0.299311 0.0225253 0.689386 -0.0567901 -0.68524 -4.78755 -824.241 0 
9 827.705 0.312027 0.0225002 0.677428 -0.226777 -0.555954 -6.10905 -821.04 0 
4 828.416 0.309168 0.0224603 0.68093 -0.112507 -0.333047 -5.91238 -822.17 0 
3 829.488 0.317617 0.0226406 0.671664 -0.394521 -2.60255 -6.96021 -819.925 0 
18 828.172 0.321755 0.0225297 0.664269 -0.622789 -0.893637 -7.55363 -819.725 0 
3 827.549 0.314178 0.0225488 0.670506 -0.588305 -1.94384 -5.98741 -819.617 0 
6 828.395 0.320397 0.0226204 0.665986 -0.624564 -1.49921 -7.20469 -819.691 0 
6 827.648 0.311235 0.0224462 0.672976 -0.517117 -2.32751 -5.53416 -819.786 0 
2 827.982 0.312898 0.0223036 0.672117 -0.429589 -2.17979 -5.80906 -819.993 0 
3 827.593 0.315605 0.0223235 0.669922 -0.458673 -1.47311 -6.30663 -819.814 0 
5 828.543 0.311069 0.0222867 0.675831 -0.291101 -2.09596 -5.70669 -820.741 0 
1 828.257 0.307928 0.0223109 0.678956 -0.239108 -1.60628 -5.29063 -821.36 0 
5 827.445 0.306645 0.0224088 0.681227 -0.182153 -0.272286 -5.24066 -821.932 0 
4 827.07 0.31039 0.0224277 0.67797 -0.230646 -0.148971 -5.75187 -821.169 0 
1 828.892 0.309335 0.0223983 0.681239 -0.0601187 -0.147314 -6.16247 -822.583 0 
