1 826.567 0.314053 0.0224263 0.672412 -0.931412 -0.0470476 -0.566512 -6.04029 -819.96 0 
2 826.944 0.312999 0.0223615 0.671782 -0.912158 -0.123192 -1.64347 -5.57326 -819.727 0 
3 828.235 0.3153 0.0223353 0.668291 -0.898992 -0.111644 -2.68636 -6.01221 -819.537 0 
2 827.555 0.318941 0.0223231 0.666995 -0.908629 -0.133882 -1.21167 -6.78043 -819.563 0 
3 827.095 0.316117 0.0223883 0.670082 -0.920098 -0.106838 -1.06961 -6.28058 -819.744 0 
1 827.032 0.314979 0.0225164 0.672607 -0.931295 -0.0474105 -0.881291 -6.23013 -819.921 0 
1 827.097 0.314891 0.0224073 0.669859 -0.911634 -0.0711529 -1.38509 -6.06631 -819.645 0 
2 827.026 0.310706 0.0224977 0.67465 -0.928079 -0.0273642 -1.51872 -5.50415 -820.003 0 
2 829.31 0.32182 0.0225023 0.664521 -0.899399 -0.046597 -1.82596 -7.78349 -819.7 0 
1 829.276 0.324253 0.0224369 0.660757 -0.889228 -0.0516462 -0.900964 -8.47356 -819.902 0 
2 828.222 0.323524 0.0224322 0.662285 -0.884356 -0.126186 -0.637887 -7.87226 -819.711 0 
1 827.256 0.312633 0.0223606 0.673271 -0.922759 -0.106837 -1.74086 -5.58711 -819.928 0 
1 827.214 0.30975 0.0225027 0.676002 -0.915866 -0.125971 -2.1437 -5.12854 -819.942 0 
7 827.667 0.308609 0.0223588 0.677989 -0.947356 -0.0596295 -1.64048 -5.20301 -820.824 0 
1 827.595 0.311869 0.0223345 0.674768 -0.933914 -0.0980646 -1.80327 -5.55212 -820.24 0 
1 826.794 0.312372 0.0224068 0.675864 -0.94322 -0.0981056 -0.523097 -5.77277 -820.499 0 
3 827.723 0.308993 0.0225204 0.680584 -0.959608 -0.0849312 -0.867653 -5.43346 -821.422 0 
3 827.4 0.302762 0.0224757 0.683245 -0.949097 -0.0772542 -1.16118 -4.6603 -821.579 0 
2 827.098 0.30453 0.0224799 0.681263 -0.937017 -0.103397 -1.43067 -4.71281 -820.954 0 
2 826.77 0.305393 0.0224449 0.6816 -0.946679 -0.119189 -0.593411 -4.80245 -821.374 0 
4 826.383 0.313289 0.0223677 0.673531 -0.930202 -0.122383 -0.506115 -5.76906 -820.108 0 
1 826.548 0.318261 0.0224415 0.668716 -0.912058 -0.122338 -0.286115 -6.66102 -819.601 0 
2 826.705 0.317067 0.0225323 0.67043 -0.914249 -0.116681 -0.656875 -6.40354 -819.644 0 
2 828.591 0.312384 0.0225403 0.67811 -0.948719 -0.127916 -1.91314 -5.87787 -820.8 0 
1 828.108 0.310844 0.022548 0.679275 -0.95598 -0.0977498 -1.27224 -5.71371 -821.122 0 
4 827.34 0.315805 0.0224833 0.672381 -0.935895 -0.0839079 -0.83836 -6.46208 -820.04 0 
1 827.953 0.317609 0.0225647 0.668373 -0.918682 -0.00365368 -1.35433 -6.91038 -819.689 0 
3 826.949 0.316157 0.0225258 0.670785 -0.92516 -0.03499 -0.695326 -6.4835 -819.771 0 
9 826.805 0.311521 0.0225484 0.673747 -0.907719 -0.113284 -1.71138 -5.40151 -819.692 0 
7 826.682 0.315897 0.0224193 0.668788 -0.891559 -0.183456 -1.35179 -5.86906 -819.462 0 
1 826.207 0.317215 0.0225302 0.669057 -0.885777 -0.220307 -0.80101 -5.99256 -819.413 0 
2 827.173 0.314894 0.0223775 0.670935 -0.903846 -0.169932 -1.83546 -5.75185 -819.586 0 
2 827.485 0.313465 0.0223725 0.67135 -0.90278 -0.152173 -2.32732 -5.56107 -819.597 0 
2 828.431 0.308876 0.0223505 0.67412 -0.910206 -0.115901 -3.51063 -5.08284 -819.837 0 
2 828.423 0.31829 0.0225395 0.665026 -0.874554 -0.113905 -1.98284 -6.75771 -819.683 0 
3 828.53 0.310179 0.0224511 0.672269 -0.884005 -0.171913 -3.78715 -5.27569 -819.467 0 
1 829.346 0.31665 0.0224815 0.669686 -0.895532 -0.155211 -3.74388 -6.1112 -819.491 0 
1 828.345 0.316006 0.0223018 0.671445 -0.926027 -0.12524 -2.20488 -6.26157 -819.878 0 
4 828.807 0.312654 0.0222668 0.675874 -0.949119 -0.116747 -2.12769 -5.92912 -820.75 0 
1 828.991 0.314387 0.022201 0.672544 -0.93393 -0.127234 -2.80691 -6.02743 -820.156 0 
1 828.071 0.319745 0.0222339 0.669265 -0.936154 -0.13674 -0.589362 -7.53298 -819.948 0 
1 828.03 0.320574 0.0222558 0.667627 -0.923 -0.169984 -0.840287 -7.48173 -819.708 0 
4 827.834 0.321411 0.02228 0.666221 -0.915324 -0.155644 -0.691501 -7.55555 -819.587 0 
4 827.471 0.318164 0.02227 0.66817 -0.910716 -0.175142 -1.3332 -6.53703 -819.601 0 
1 828.51 0.32341 0.0222848 0.662113 -0.878776 -0.208697 -1.47448 -7.48118 -819.555 0 
8 829.775 0.325685 0.0223578 0.659374 -0.871358 -0.179985 -1.68911 -8.23878 -819.847 0 
1 827.462 0.323142 0.0224506 0.663539 -0.874684 -0.225254 -0.598432 -7.31453 -819.549 0 
3 826.465 0.319961 0.0224597 0.666024 -0.87842 -0.236488 -0.541187 -6.5025 -819.421 0 
1 826.382 0.315669 0.022464 0.668624 -0.873361 -0.257216 -1.41704 -5.60459 -819.36 0 
1 828.521 0.324647 0.0222988 0.662876 -0.889454 -0.249176 -1.14592 -7.94235 -819.433 0 
2 828.948 0.325384 0.0224176 0.665081 -0.905576 -0.2449 -0.88822 -8.60234 -819.458 0 
1 828.64 0.323146 0.0222166 0.666588 -0.919397 -0.245196 -0.737368 -8.26649 -819.636 0 
2 827.613 0.324377 0.0223656 0.665488 -0.900392 -0.260862 -0.132734 -8.05183 -819.428 0 
4 826.932 0.317732 0.0224734 0.671969 -0.915185 -0.257666 -0.667496 -6.48635 -819.778 0 
4 826.624 0.312287 0.0225148 0.677423 -0.914775 -0.312077 -1.08433 -5.31328 -820.226 0 
1 826.592 0.309196 0.0222851 0.678885 -0.923636 -0.330558 -0.609559 -5.06726 -820.915 0 
1 825.782 0.310151 0.0223515 0.676738 -0.902358 -0.341244 -0.867591 -4.83928 -820.075 0 
2 827.267 0.30532 0.022337 0.680983 -0.914569 -0.310584 -1.88563 -4.55269 -820.829 0 
2 828.22 0.30675 0.0224506 0.681104 -0.911086 -0.323097 -3.01713 -4.60405 -820.599 0 
9 827.082 0.302397 0.0224626 0.686029 -0.92817 -0.348755 -0.375035 -4.62247 -822.085 0 
2 825.244 0.309547 0.0224742 0.678021 -0.896409 -0.392202 -0.42759 -4.72771 -820.088 0 
3 826.003 0.308571 0.0223409 0.677142 -0.871021 -0.496084 -1.84219 -4.45135 -819.71 0 
1 828.089 0.304726 0.0223396 0.679615 -0.875749 -0.495776 -3.56375 -4.39682 -820.129 0 
2 828.287 0.307909 0.0224228 0.677439 -0.868487 -0.529427 -4.09655 -4.41764 -819.773 0 
5 825.477 0.307541 0.0224687 0.679134 -0.887068 -0.442941 -0.872536 -4.50214 -820.102 0 
2 825.845 0.311117 0.0223222 0.675803 -0.88201 -0.495953 -1.21025 -4.78558 -819.849 0 
8 826.596 0.304738 0.0224153 0.683642 -0.887512 -0.562917 -1.16163 -4.53015 -820.904 0 
1 828.733 0.307752 0.0222157 0.680483 -0.893198 -0.547915 -3.27344 -4.70865 -820.751 0 
1 825.911 0.309976 0.0222598 0.676994 -0.872118 -0.578288 -1.42883 -4.60009 -819.882 0 
6 826.415 0.306809 0.0223047 0.679803 -0.874797 -0.564654 -1.79573 -4.44059 -820.178 0 
1 825.3 0.312286 0.0223733 0.672458 -0.843836 -0.550102 -1.59363 -4.54483 -819.161 0 
4 824.866 0.317153 0.0223106 0.669229 -0.835218 -0.633671 -0.874045 -4.94349 -819.048 0 
6 825.651 0.32334 0.0224392 0.666696 -0.830642 -0.684868 -0.572177 -6.05629 -819.022 0 
4 825.171 0.320994 0.0224053 0.667141 -0.82585 -0.698749 -0.685042 -5.48498 -819.001 0 
1 825.38 0.316997 0.0224521 0.671187 -0.839733 -0.677228 -1.26529 -5.03225 -819.083 0 
1 825.772 0.317066 0.0225544 0.672532 -0.849389 -0.636315 -1.44384 -5.17053 -819.157 0 
3 824.688 0.308886 0.0224441 0.679721 -0.859904 -0.695795 -0.167579 -4.54739 -819.973 0 
1 824.776 0.314409 0.0223282 0.675069 -0.859622 -0.706684 -0.0497042 -5.13442 -819.592 0 
6 827.383 0.310946 0.0223975 0.679983 -0.89637 -0.614727 -1.05105 -5.46636 -820.866 0 
1 827.212 0.315994 0.0224568 0.676208 -0.883701 -0.629286 -1.33191 -5.92785 -819.952 0 
1 828.069 0.319184 0.022514 0.672441 -0.867597 -0.63223 -2.5901 -6.12187 -819.357 0 
3 827.234 0.319617 0.0225086 0.671942 -0.860432 -0.656729 -1.95565 -6.02822 -819.25 0 
3 825.223 0.314508 0.0224469 0.675892 -0.865344 -0.662127 -0.438041 -5.16539 -819.619 0 
2 825.619 0.313347 0.0223171 0.675982 -0.873159 -0.609934 -0.812757 -5.03828 -819.768 0 
2 826.335 0.306932 0.0224236 0.680808 -0.879241 -0.593331 -1.30572 -4.57316 -820.456 0 
3 825.272 0.310249 0.022311 0.677245 -0.878754 -0.54737 -0.61084 -4.6909 -819.97 0 
3 825.633 0.310995 0.0223003 0.674645 -0.851542 -0.595199 -1.82076 -4.45796 -819.354 0 
2 828.753 0.304034 0.0223297 0.67933 -0.849873 -0.572393 -4.61472 -4.50578 -819.633 0 
3 829.128 0.304017 0.0222911 0.680337 -0.866956 -0.529088 -4.68313 -4.43902 -820.006 0 
1 826.736 0.306185 0.0223171 0.679251 -0.868929 -0.542582 -2.40286 -4.38414 -819.949 0 
2 826.729 0.303301 0.0224063 0.681159 -0.862241 -0.551157 -2.27531 -4.47038 -819.984 0 
2 826.071 0.304293 0.022419 0.681176 -0.880503 -0.476721 -1.39267 -4.41507 -820.264 0 
1 826.592 0.30584 0.0225571 0.677587 -0.864211 -0.395729 -2.51383 -4.59023 -819.488 0 
3 827.023 0.30365 0.0224901 0.682588 -0.891174 -0.404881 -2.13115 -4.45498 -820.437 0 
3 827.731 0.300466 0.0223834 0.685983 -0.916723 -0.373568 -1.3122 -4.5622 -821.857 0 
5 827.456 0.300313 0.0225346 0.687291 -0.923472 -0.339751 -0.838869 -4.56852 -822.049 0 
2 827.542 0.304771 0.0224539 0.684709 -0.935114 -0.317133 -0.817541 -4.77431 -821.95 0 
8 826.276 0.304818 0.0224931 0.681874 -0.91082 -0.302175 -1.07691 -4.51602 -820.683 0 
1 826.919 0.304477 0.0224019 0.681939 -0.926731 -0.258839 -1.101 -4.59517 -821.223 0 
11 825.657 0.312163 0.0224314 0.674961 -0.916525 -0.210219 -0.326895 -5.32385 -820.007 0 
4 826.126 0.31432 0.0223366 0.671594 -0.900127 -0.246983 -1.03293 -5.48343 -819.61 0 
1 826.155 0.312992 0.0223213 0.673016 -0.899319 -0.280429 -1.24522 -5.21681 -819.693 0 
2 825.972 0.308925 0.022428 0.676958 -0.907996 -0.24021 -1.1172 -4.81255 -820.042 0 
2 826.485 0.309183 0.0223359 0.676652 -0.916918 -0.229334 -1.3136 -4.90371 -820.268 0 
8 827.016 0.322485 0.0223416 0.665773 -0.891672 -0.263354 -0.373001 -7.24413 -819.399 0 
4 827.297 0.320273 0.0223967 0.664334 -0.868725 -0.246381 -1.30714 -6.51562 -819.474 0 
4 826.253 0.315744 0.0222955 0.670964 -0.90164 -0.278538 -0.882978 -5.74786 -819.622 0 
3 826.266 0.313889 0.0223166 0.671432 -0.88666 -0.312125 -1.57525 -5.21579 -819.475 0 
1 826.87 0.311542 0.0223016 0.674222 -0.892791 -0.327033 -2.25037 -4.91799 -819.701 0 
1 827.374 0.314196 0.0222773 0.67175 -0.899044 -0.261542 -2.33773 -5.42388 -819.612 0 
3 827.168 0.307934 0.0223639 0.679369 -0.935704 -0.222521 -1.07925 -5.0041 -821.085 0 
2 826.701 0.311246 0.0225044 0.678347 -0.931722 -0.240672 -0.603474 -5.4276 -820.67 0 
5 827.612 0.308872 0.0224091 0.681557 -0.941973 -0.284082 -0.695884 -5.32689 -821.589 0 
1 828.328 0.312035 0.0222997 0.678488 -0.929978 -0.346122 -1.67985 -5.68323 -820.965 0 
1 827.449 0.315266 0.0224945 0.675916 -0.90904 -0.387098 -1.54145 -5.85381 -820.054 0 
3 826.112 0.308403 0.0225205 0.680548 -0.913436 -0.358687 -0.604453 -4.82114 -820.686 0 
2 827.994 0.313707 0.0224614 0.678336 -0.920943 -0.426126 -1.19 -6.04386 -820.76 0 
7 827.94 0.314966 0.0222124 0.675706 -0.9194 -0.45976 -0.777396 -6.4491 -820.713 0 
4 829.947 0.313552 0.0223258 0.676294 -0.914561 -0.449904 -3.348 -5.98456 -820.615 0 
2 831.339 0.316655 0.0221139 0.674713 -0.929445 -0.475186 -2.80252 -7.4995 -821.037 0 
1 829.308 0.312133 0.0221 0.676643 -0.924481 -0.411069 -2.47258 -5.82239 -821.013 0 
2 826.659 0.31305 0.0222344 0.675842 -0.911378 -0.418464 -0.652546 -5.59256 -820.413 0 
6 827.42 0.317333 0.0222134 0.673107 -0.914626 -0.403756 -0.699963 -6.59302 -820.127 0 
2 828.612 0.315838 0.0222525 0.675405 -0.929517 -0.350732 -1.47294 -6.54846 -820.59 0 
2 827.559 0.318718 0.0224192 0.672564 -0.920274 -0.304624 -0.691402 -6.92957 -819.938 0 
1 826.865 0.31685 0.0222754 0.672113 -0.912471 -0.34068 -0.632736 -6.30689 -819.926 0 
4 827.654 0.307045 0.0225084 0.683026 -0.931028 -0.353484 -0.980919 -5.03248 -821.641 0 
5 827.113 0.301819 0.0226057 0.683778 -0.896054 -0.359343 -1.99757 -4.50545 -820.61 0 
16 826.347 0.306541 0.022392 0.67824 -0.892234 -0.343051 -1.8111 -4.51385 -820.022 0 
3 826.261 0.309527 0.0224845 0.674474 -0.867957 -0.382381 -2.23338 -4.62791 -819.4 0 
6 826.476 0.316421 0.0224783 0.667292 -0.848278 -0.359501 -1.69827 -5.45679 -819.321 0 
1 826.64 0.318974 0.0225678 0.669615 -0.874969 -0.356565 -1.3824 -5.96669 -819.291 0 
3 826.161 0.313674 0.0226189 0.672732 -0.863006 -0.416401 -1.98534 -4.9121 -819.264 0 
1 824.995 0.316205 0.0225191 0.67137 -0.863171 -0.458176 -0.556532 -5.2065 -819.232 0 
1 825.773 0.323708 0.0223823 0.664323 -0.832734 -0.571842 -0.362815 -6.2004 -819.21 0 
2 827.143 0.323855 0.0224975 0.664324 -0.824705 -0.564383 -1.66447 -6.13279 -819.346 0 
1 830.192 0.31824 0.0226313 0.671505 -0.846451 -0.547534 -5.82278 -5.25916 -819.11 0 
1 829.016 0.313444 0.0226371 0.676797 -0.860343 -0.58121 -4.88099 -4.74579 -819.39 0 
1 827.105 0.318642 0.0225914 0.671993 -0.858697 -0.572405 -2.35268 -5.57071 -819.182 0 
9 825.273 0.318136 0.0224047 0.671193 -0.870203 -0.536345 -0.22684 -5.73139 -819.314 0 
7 824.709 0.313601 0.0223655 0.674041 -0.873252 -0.505821 -0.255146 -4.94416 -819.51 0 
1 826.87 0.312701 0.0222986 0.671183 -0.850178 -0.498939 -3.02392 -4.65449 -819.192 0 
2 826.848 0.321749 0.0222259 0.664826 -0.851409 -0.488104 -1.54486 -6.12275 -819.18 0 
1 828.437 0.327987 0.0222338 0.659742 -0.841936 -0.509979 -1.35309 -7.6903 -819.394 0 
1 826.855 0.325408 0.0223504 0.661723 -0.84052 -0.482613 -0.550657 -6.91282 -819.391 0 
4 826.619 0.322708 0.0225597 0.66365 -0.826294 -0.477405 -0.931101 -6.14472 -819.544 0 
1 826.759 0.318753 0.0225624 0.666807 -0.830097 -0.514829 -2.2122 -5.3187 -819.228 0 
4 825.395 0.316632 0.0224649 0.668295 -0.83558 -0.509794 -1.2038 -5.03854 -819.153 0 
2 827.282 0.316844 0.0225705 0.666062 -0.816346 -0.461151 -2.33453 -5.42335 -819.524 0 
1 827.983 0.317194 0.0226675 0.666036 -0.822733 -0.407218 -2.75478 -5.63247 -819.595 0 
1 827.272 0.318331 0.0224715 0.664799 -0.828274 -0.41207 -2.08254 -5.66977 -819.52 0 
10 826.273 0.32254 0.0224367 0.662842 -0.82381 -0.501448 -0.744904 -6.02498 -819.503 0 
1 827.992 0.320576 0.0224456 0.66358 -0.816637 -0.483601 -2.58623 -5.78186 -819.624 0 
1 827.426 0.319032 0.0226704 0.667024 -0.832719 -0.437902 -2.40854 -5.62357 -819.394 0 
2 827.247 0.318233 0.0226361 0.669317 -0.841643 -0.478984 -2.70435 -5.3522 -819.19 0 
2 826.126 0.317438 0.0224393 0.672348 -0.867035 -0.540843 -1.36737 -5.46408 -819.295 0 
3 826.554 0.30546 0.0224686 0.683594 -0.892969 -0.534389 -1.06218 -4.56365 -820.928 0 
1 827.311 0.304873 0.0224425 0.685514 -0.917393 -0.493363 -0.370174 -4.89738 -822.043 0 
2 826.979 0.306945 0.0222984 0.682392 -0.912612 -0.489703 -0.576354 -4.93084 -821.472 0 
1 826.757 0.304579 0.0224453 0.684726 -0.908626 -0.510291 -0.290636 -4.77031 -821.696 0 
1 826.292 0.310388 0.022255 0.677634 -0.886462 -0.535645 -1.30327 -4.81132 -820.178 0 
3 825.398 0.316931 0.0224012 0.670225 -0.84326 -0.566764 -1.28152 -5.01857 -819.098 0 
9 824.507 0.316754 0.0223447 0.670939 -0.84848 -0.611128 -0.301879 -5.06589 -819.139 0 
3 824.704 0.314767 0.0224717 0.672595 -0.842566 -0.598839 -0.867786 -4.71536 -819.121 0 
1 825.472 0.30836 0.022503 0.680725 -0.882598 -0.567186 -0.496482 -4.63598 -820.339 0 
6 826.215 0.311412 0.0223508 0.674071 -0.861707 -0.531306 -2.21295 -4.57977 -819.422 0 
1 826.508 0.316729 0.0222465 0.668097 -0.832494 -0.599967 -2.56304 -4.88215 -819.063 0 
1 826.308 0.313292 0.0224293 0.671239 -0.831754 -0.54807 -2.55359 -4.6567 -819.098 0 
5 824.937 0.309408 0.0224811 0.675263 -0.832697 -0.621803 -1.41856 -4.36042 -819.158 0 
5 825.088 0.308644 0.0224252 0.67667 -0.844759 -0.627782 -1.36737 -4.33236 -819.388 0 
1 824.462 0.311224 0.0224344 0.674859 -0.847581 -0.599591 -0.731192 -4.44869 -819.282 0 
1 825.91 0.307812 0.0223997 0.676178 -0.838843 -0.604018 -2.26802 -4.3656 -819.276 0 
4 825.147 0.3126 0.0224092 0.67198 -0.83715 -0.562906 -1.48853 -4.54759 -819.111 0 
1 825.16 0.314234 0.0224708 0.670301 -0.834633 -0.525593 -1.29188 -4.75153 -819.117 0 
5 827.268 0.323246 0.022316 0.663665 -0.828549 -0.55651 -1.93191 -6.05103 -819.285 0 
1 827.456 0.326096 0.0222617 0.661037 -0.830601 -0.536778 -1.20467 -6.82847 -819.423 0 
1 827.737 0.32625 0.0224073 0.660484 -0.817486 -0.523903 -1.20462 -6.76034 -819.772 0 
2 827.975 0.325353 0.0224396 0.661854 -0.819873 -0.531657 -1.82196 -6.52658 -819.626 0 
1 828.687 0.329619 0.0224737 0.65696 -0.789285 -0.60097 -0.850548 -7.2311 -820.605 0 
3 828.186 0.330005 0.022379 0.659352 -0.825894 -0.556512 -0.661829 -7.87018 -819.654 0 
2 830.344 0.333086 0.0223563 0.657089 -0.825839 -0.537841 -1.46017 -8.94927 -819.935 0 
1 833.188 0.339873 0.0223983 0.650346 -0.805859 -0.541286 -0.575205 -11.3076 -821.305 0 
3 833.612 0.337914 0.022269 0.650254 -0.808717 -0.522894 -1.90564 -10.622 -821.085 0 
4 830.976 0.332334 0.0222819 0.653361 -0.80975 -0.462356 -1.37036 -8.74176 -820.864 0 
1 829.66 0.331647 0.0222139 0.657457 -0.84363 -0.472724 -1.0262 -8.9702 -819.663 0 
1 830.224 0.329126 0.0221725 0.657491 -0.823172 -0.524571 -2.80848 -7.61579 -819.8 0 
4 829.945 0.33172 0.0221933 0.656391 -0.835621 -0.504918 -1.39851 -8.81949 -819.727 0 
5 829.567 0.324221 0.0221874 0.660516 -0.838028 -0.437637 -3.38148 -6.66537 -819.52 0 
1 828.318 0.317662 0.0222492 0.666321 -0.864909 -0.348783 -3.38293 -5.65525 -819.28 0 
1 829.068 0.31924 0.0222539 0.665455 -0.857311 -0.362545 -3.87875 -5.88238 -819.307 0 
3 828.85 0.316417 0.022104 0.670745 -0.900015 -0.370835 -3.27325 -5.87207 -819.705 0 
1 827.687 0.310017 0.0222053 0.676957 -0.920828 -0.302947 -2.00276 -5.08317 -820.601 0 
4 827.148 0.30761 0.0222658 0.679464 -0.924302 -0.305679 -1.30076 -4.85094 -820.996 0 
4 828.351 0.303769 0.0223185 0.680624 -0.910751 -0.291786 -3.12253 -4.4918 -820.736 0 
3 826.864 0.304884 0.0225409 0.679517 -0.899331 -0.232907 -2.17707 -4.65735 -820.029 0 
2 826.633 0.312183 0.0225931 0.672799 -0.885271 -0.209737 -1.91155 -5.27081 -819.45 0 
1 826.753 0.306934 0.022475 0.677086 -0.890752 -0.259519 -2.30083 -4.70041 -819.752 0 
2 827.972 0.305656 0.0225624 0.678156 -0.882785 -0.269131 -3.54174 -4.7751 -819.655 0 
1 827.652 0.309067 0.0225612 0.675206 -0.886509 -0.216108 -3.12458 -4.99535 -819.532 0 
2 826.033 0.312444 0.0225313 0.67463 -0.909257 -0.219507 -0.910988 -5.29251 -819.83 0 
3 826.573 0.308921 0.0226007 0.675485 -0.891859 -0.213672 -2.05243 -4.90241 -819.618 0 
5 827.603 0.31462 0.0224873 0.669668 -0.879195 -0.254399 -2.79071 -5.43502 -819.377 0 
2 828.26 0.315137 0.0226219 0.667817 -0.864417 -0.202651 -2.92423 -5.85948 -819.477 0 
1 827.422 0.311832 0.0226086 0.671431 -0.881018 -0.172524 -2.56762 -5.41648 -819.438 0 
1 827.239 0.311983 0.0226325 0.67314 -0.904845 -0.11291 -2.13934 -5.46181 -819.638 0 
1 827.813 0.313481 0.0224728 0.671422 -0.909537 -0.126394 -2.49854 -5.64064 -819.674 0 
3 828.121 0.307126 0.0226852 0.676433 -0.901275 -0.113336 -3.32702 -5.06631 -819.728 0 
1 829.787 0.300106 0.0226993 0.684055 -0.915217 -0.169658 -4.33715 -4.70671 -820.743 0 
3 830.11 0.299136 0.0227305 0.683388 -0.90835 -0.109233 -4.60963 -5.1642 -820.337 0 
3 830.989 0.295785 0.0225033 0.689367 -0.950521 -0.142834 -3.21611 -4.72224 -823.05 0 
2 829.737 0.300877 0.0227854 0.684242 -0.927244 -0.0727957 -4.16219 -4.8125 -820.762 0 
1 830.594 0.307709 0.0225839 0.68134 -0.966937 -0.0542304 -3.42816 -5.3896 -821.776 0 
9 829.314 0.310688 0.0227178 0.676025 -0.927222 -0.0571131 -3.86665 -5.41086 -820.037 0 
2 829.717 0.31507 0.0226844 0.66993 -0.902857 -0.0637026 -3.98779 -6.1459 -819.583 0 
2 830.023 0.317862 0.0226483 0.669057 -0.911312 -0.0789517 -3.72797 -6.68727 -819.607 0 
3 828.661 0.316022 0.0223738 0.668066 -0.903175 -0.115284 -2.97507 -6.1305 -819.555 0 
1 828.602 0.322152 0.0225516 0.662793 -0.873552 -0.146999 -1.43886 -7.41114 -819.752 0 
4 829.376 0.323076 0.0226324 0.663835 -0.87891 -0.140533 -1.97589 -7.67251 -819.728 0 
4 827.238 0.316429 0.0224808 0.668475 -0.894445 -0.118902 -1.51138 -6.2102 -819.516 0 
2 826.596 0.318381 0.022479 0.669378 -0.911177 -0.143279 -0.374512 -6.62924 -819.592 0 
3 826.503 0.32023 0.0224063 0.667856 -0.904143 -0.203253 -0.0833919 -6.91781 -819.502 0 
4 826.717 0.312406 0.0224716 0.675228 -0.907161 -0.24616 -1.66136 -5.22201 -819.834 0 
1 826.591 0.311674 0.0226051 0.675345 -0.899397 -0.230316 -1.80823 -5.10879 -819.674 0 
2 828.468 0.31454 0.0227293 0.67007 -0.859937 -0.253417 -3.45071 -5.62059 -819.397 0 
1 829.737 0.323022 0.0227077 0.663609 -0.855206 -0.251326 -2.81031 -7.1541 -819.773 0 
1 827.289 0.319257 0.0226082 0.66894 -0.886097 -0.262347 -1.57644 -6.32861 -819.384 0 
1 826.355 0.32047 0.0224327 0.667957 -0.896382 -0.253943 -0.135277 -6.78651 -819.433 0 
2 827 0.317503 0.0223223 0.672618 -0.92922 -0.253271 -0.058952 -6.80344 -820.137 0 
3 827.497 0.319985 0.0223113 0.668235 -0.911018 -0.239012 -0.885852 -7.01465 -819.597 0 
2 829.605 0.31806 0.0223721 0.668874 -0.90933 -0.212381 -3.50308 -6.49529 -819.606 0 
5 827.323 0.315844 0.0224629 0.667843 -0.87548 -0.221472 -2.16785 -5.75497 -819.4 0 
2 827.181 0.318737 0.0225105 0.66599 -0.872775 -0.219333 -1.42433 -6.2963 -819.46 0 
4 829.114 0.319 0.0222738 0.664405 -0.872056 -0.230252 -3.35689 -6.30749 -819.449 0 
2 827.128 0.315496 0.0223959 0.66838 -0.869828 -0.268975 -2.22093 -5.55897 -819.348 0 
1 827.078 0.323012 0.0223926 0.663063 -0.858284 -0.347077 -0.860675 -6.78961 -819.427 0 
2 825.857 0.316117 0.0225055 0.669867 -0.868937 -0.360926 -1.19714 -5.38091 -819.279 0 
3 826.281 0.312209 0.0224487 0.671993 -0.87119 -0.342625 -2.02534 -4.91011 -819.345 0 
3 827.102 0.313341 0.0224731 0.669976 -0.864388 -0.311911 -2.65655 -5.1464 -819.299 0 
1 827.425 0.316684 0.0223909 0.667561 -0.869484 -0.30784 -2.50505 -5.60583 -819.315 0 
1 826.902 0.314308 0.0223625 0.671 -0.891114 -0.284731 -2.03415 -5.36333 -819.505 0 
1 826.814 0.316159 0.0224999 0.667401 -0.85385 -0.320656 -1.93115 -5.53613 -819.346 0 
1 826.601 0.314846 0.0224392 0.669057 -0.866176 -0.313056 -1.9834 -5.31552 -819.302 0 
3 826.353 0.318723 0.0224766 0.667246 -0.872736 -0.300207 -0.996034 -6.02309 -819.334 0 
3 825.784 0.314023 0.0225548 0.670842 -0.864469 -0.328869 -1.32036 -5.1762 -819.287 0 
10 825.988 0.314 0.0226037 0.671798 -0.874494 -0.298682 -1.41293 -5.23245 -819.343 0 
1 826.287 0.314692 0.0225059 0.67051 -0.878588 -0.286791 -1.5653 -5.35703 -819.364 0 
5 826.003 0.313874 0.0224403 0.670607 -0.864035 -0.374066 -1.71086 -5.02414 -819.268 0 
7 825.48 0.317284 0.0224122 0.669108 -0.867694 -0.403739 -0.723701 -5.50495 -819.251 0 
1 825.156 0.314742 0.0225553 0.672944 -0.866285 -0.45591 -0.846936 -5.01753 -819.292 0 
1 826.608 0.304718 0.0226335 0.680515 -0.870598 -0.444937 -2.35425 -4.45041 -819.803 0 
1 827.705 0.305446 0.0227276 0.681381 -0.869903 -0.486109 -3.45417 -4.3971 -819.854 0 
1 826.361 0.311836 0.0226569 0.676516 -0.860088 -0.548324 -2.3652 -4.59505 -819.401 0 
1 826.877 0.310671 0.0226083 0.678943 -0.870513 -0.602949 -2.32509 -4.69306 -819.859 0 
3 828.519 0.314685 0.0225833 0.676902 -0.868797 -0.617708 -3.80289 -5.13062 -819.586 0 
3 828.439 0.313611 0.0223663 0.679203 -0.896386 -0.642211 -1.8121 -5.92447 -820.702 0 
2 828.525 0.312401 0.0224195 0.680201 -0.889224 -0.665444 -2.35569 -5.53457 -820.634 0 
2 828.457 0.306396 0.0223956 0.685739 -0.90802 -0.648395 -0.766814 -5.38539 -822.305 0 
2 828.116 0.309663 0.022263 0.682326 -0.906946 -0.66363 -0.427776 -5.84096 -821.847 0 
2 827.278 0.312698 0.0223186 0.679421 -0.89266 -0.695777 -0.418631 -5.95771 -820.901 0 
2 828.422 0.321393 0.0222391 0.670316 -0.874803 -0.682947 -1.70059 -7.22973 -819.492 0 
2 827.432 0.317708 0.0221541 0.671937 -0.868022 -0.702377 -1.78379 -6.0587 -819.59 0 
1 827.65 0.320877 0.0222367 0.66731 -0.844932 -0.67708 -2.65422 -5.94228 -819.054 0 
3 827.377 0.314987 0.0222462 0.672271 -0.846712 -0.719461 -3.10571 -4.97508 -819.296 0 
1 824.774 0.317261 0.0222951 0.670501 -0.83568 -0.727694 -0.665199 -5.04343 -819.065 0 
2 825.694 0.314002 0.0224859 0.672953 -0.829055 -0.72001 -2.09259 -4.52856 -819.072 0 
8 824.737 0.3118 0.0225147 0.674031 -0.815658 -0.752806 -1.42469 -4.2929 -819.019 0 
1 825.019 0.308 0.0224573 0.678562 -0.829722 -0.795426 -1.21306 -4.33911 -819.467 0 
1 825.176 0.307238 0.022511 0.677765 -0.810684 -0.782905 -1.68582 -4.37413 -819.116 0 
3 825.167 0.308684 0.0223511 0.678847 -0.836315 -0.800761 -1.16047 -4.39517 -819.611 0 
1 825.584 0.319797 0.0224629 0.67083 -0.82905 -0.779057 -1.24296 -5.36201 -818.979 0 
1 826.298 0.3224 0.0223547 0.669091 -0.844737 -0.731626 -0.946815 -6.31153 -819.039 0 
4 824.703 0.311488 0.0224398 0.675908 -0.838533 -0.73696 -0.905014 -4.46187 -819.336 0 
2 825.185 0.315759 0.0224063 0.67242 -0.826953 -0.801254 -1.33213 -4.7861 -819.067 0 
1 824.773 0.318176 0.0224354 0.670762 -0.81459 -0.808131 -1.01903 -4.82238 -818.931 0 
6 824.601 0.315088 0.0224062 0.674333 -0.824115 -0.848595 -0.815147 -4.67837 -819.107 0 
3 825.839 0.313912 0.0225125 0.676535 -0.830316 -0.840263 -1.9258 -4.65999 -819.253 0 
4 824.677 0.312356 0.0224714 0.675915 -0.838209 -0.758012 -0.796941 -4.55208 -819.328 0 
2 825.208 0.311099 0.0223562 0.677601 -0.838509 -0.805502 -1.16839 -4.51901 -819.521 0 
4 823.989 0.311674 0.0224698 0.676497 -0.827334 -0.804702 -0.355728 -4.39666 -819.237 0 
1 824.484 0.309615 0.0224743 0.675816 -0.816331 -0.753391 -1.12598 -4.27925 -819.079 0 
1 825.346 0.310271 0.0225981 0.676253 -0.817743 -0.771037 -1.98797 -4.2648 -819.094 0 
1 824.921 0.316566 0.0225576 0.670925 -0.812994 -0.757077 -1.35378 -4.60925 -818.958 0 
1 824.507 0.311966 0.0223537 0.677204 -0.847069 -0.784597 -0.149329 -4.72346 -819.634 0 
1 824.836 0.313501 0.0224615 0.675853 -0.835291 -0.779904 -0.97934 -4.60109 -819.256 0 
2 824.554 0.31072 0.0225592 0.677155 -0.833486 -0.740766 -0.916399 -4.3568 -819.28 0 
5 824.852 0.308363 0.022507 0.678682 -0.830615 -0.74874 -1.19284 -4.3039 -819.355 0 
7 824.914 0.306887 0.0225598 0.678936 -0.826507 -0.733933 -1.26496 -4.33409 -819.315 0 
1 825.839 0.30961 0.022439 0.674624 -0.809832 -0.730723 -2.4785 -4.34892 -819.012 0 
1 825.206 0.313124 0.0224292 0.671712 -0.801891 -0.756864 -1.8908 -4.34808 -818.968 0 
3 826.02 0.308633 0.0224468 0.676382 -0.812272 -0.762671 -2.62525 -4.32512 -819.07 0 
3 829.865 0.301252 0.0222907 0.682287 -0.831885 -0.75345 -5.16194 -4.82437 -819.879 0 
2 830.378 0.297188 0.0223449 0.687531 -0.856632 -0.69672 -4.07831 -5.25042 -821.049 0 
2 831.081 0.301897 0.0224431 0.681265 -0.814965 -0.738038 -6.70378 -5.03866 -819.339 0 
1 828.575 0.30175 0.0223182 0.68253 -0.836033 -0.750004 -3.885 -4.72627 -819.964 0 
1 827.903 0.303117 0.0223553 0.680378 -0.821103 -0.770491 -3.74601 -4.66926 -819.488 0 
1 824.545 0.31312 0.0223637 0.672225 -0.809512 -0.791132 -1.26788 -4.30995 -818.968 0 
2 823.973 0.314414 0.0224086 0.673778 -0.833414 -0.745202 -0.213526 -4.62264 -819.136 0 
3 825.599 0.308306 0.022522 0.677651 -0.824373 -0.769323 -2.03772 -4.28769 -819.274 0 
3 825.897 0.309867 0.0225216 0.674429 -0.801313 -0.795191 -2.6533 -4.27014 -818.974 0 
8 828.03 0.302392 0.0225373 0.680256 -0.79888 -0.828314 -3.84918 -4.98738 -819.194 0 
2 826.903 0.304097 0.0223445 0.680757 -0.818321 -0.877666 -2.6486 -4.58186 -819.672 0 
4 824.91 0.306243 0.0224618 0.682138 -0.82996 -0.890627 -0.462132 -4.5298 -819.918 0 
3 823.882 0.315726 0.0223447 0.672079 -0.807886 -0.882855 -0.424764 -4.51989 -818.938 0 
1 823.794 0.315492 0.0224996 0.671898 -0.804215 -0.828964 -0.453602 -4.41876 -818.922 0 
2 824.802 0.31508 0.02239 0.669958 -0.790128 -0.858698 -1.57982 -4.30161 -818.92 0 
2 824.693 0.314054 0.0223072 0.671808 -0.807946 -0.822947 -1.39502 -4.34781 -818.95 0 
2 824.425 0.321594 0.0223773 0.666898 -0.810497 -0.783692 -0.144847 -5.30956 -818.971 0 
3 825.009 0.317339 0.0225829 0.668408 -0.786089 -0.777738 -1.29552 -4.56621 -819.148 0 
2 825.752 0.318044 0.0224905 0.668567 -0.788649 -0.808723 -2.12392 -4.56882 -819.06 0 
4 825.566 0.325265 0.022389 0.664746 -0.795822 -0.8735 -0.730663 -5.80949 -819.026 0 
3 825.39 0.314575 0.0225001 0.674188 -0.817124 -0.875786 -1.72885 -4.60032 -819.061 0 
2 824.689 0.314685 0.0223709 0.675722 -0.842475 -0.833182 -0.157409 -5.06621 -819.466 0 
1 826.518 0.31112 0.0223987 0.680717 -0.868762 -0.800731 -0.677511 -5.30077 -820.54 0 
3 827.11 0.317072 0.0225324 0.674969 -0.847664 -0.773321 -2.41579 -5.38039 -819.313 0 
1 829.014 0.314793 0.0223483 0.678274 -0.888291 -0.751109 -1.73117 -6.54494 -820.738 0 
3 830.12 0.31467 0.0225341 0.678455 -0.880226 -0.720527 -3.8559 -5.98278 -820.281 0 
2 828.661 0.314691 0.0225079 0.677496 -0.864227 -0.779313 -3.07947 -5.64789 -819.934 0 
2 828.715 0.317953 0.0224485 0.675389 -0.866938 -0.787319 -2.50032 -6.42992 -819.785 0 
3 827.451 0.305073 0.0223639 0.68509 -0.886468 -0.737834 -0.470524 -5.13775 -821.843 0 
4 826.772 0.30826 0.0224804 0.680926 -0.862848 -0.736325 -1.7613 -4.71031 -820.3 0 
2 827.004 0.305953 0.0224891 0.685148 -0.874111 -0.768857 -0.832592 -4.92835 -821.243 0 
1 827.239 0.303996 0.0223818 0.686068 -0.876879 -0.795927 -0.282769 -5.11507 -821.842 0 
1 824.761 0.312417 0.0224577 0.677209 -0.827962 -0.901669 -0.635944 -4.69751 -819.428 0 
7 824.419 0.311831 0.0224762 0.677123 -0.820579 -0.908581 -0.593288 -4.51854 -819.307 0 
2 824.435 0.312846 0.0223389 0.675362 -0.827897 -0.864583 -0.497472 -4.62739 -819.31 0 
4 824.512 0.313972 0.0225622 0.67157 -0.78904 -0.834266 -1.28741 -4.28076 -818.943 0 
6 824.01 0.316891 0.0223835 0.670271 -0.812687 -0.801462 -0.419312 -4.65311 -818.938 0 
1 824.552 0.315207 0.0224982 0.673223 -0.827603 -0.767738 -0.828969 -4.66222 -819.061 0 
3 824.408 0.313949 0.0223225 0.673729 -0.831887 -0.793533 -0.564736 -4.6457 -819.197 0 
3 824.19 0.316046 0.0224262 0.670653 -0.806597 -0.816336 -0.767211 -4.49651 -818.927 0 
1 824.977 0.315446 0.0223156 0.671845 -0.829948 -0.769105 -1.1498 -4.74434 -819.083 0 
2 825.258 0.313087 0.0222937 0.675084 -0.85193 -0.73244 -0.85894 -4.85441 -819.544 0 
3 827.621 0.309472 0.0221512 0.679515 -0.882332 -0.702272 -1.62637 -5.15718 -820.838 0 
2 828.767 0.317927 0.0220883 0.673388 -0.878542 -0.721129 -2.31023 -6.5212 -819.936 0 
1 826.8 0.310796 0.0221889 0.678562 -0.882356 -0.674076 -1.06921 -5.17649 -820.555 0 
1 826.705 0.317899 0.0222357 0.672856 -0.865557 -0.691716 -1.36238 -5.85089 -819.492 0 
4 827.048 0.321767 0.0222352 0.667718 -0.850749 -0.69196 -1.5887 -6.36819 -819.091 0 
1 825.343 0.313241 0.0224187 0.673075 -0.845412 -0.618117 -1.54195 -4.59853 -819.202 0 
1 826.044 0.307572 0.0223955 0.680119 -0.871898 -0.636269 -1.17976 -4.57479 -820.289 0 
1 826.573 0.310524 0.0225584 0.678941 -0.867976 -0.585756 -2.25394 -4.5754 -819.744 0 
1 826.155 0.312266 0.0225438 0.67514 -0.850418 -0.552267 -2.35927 -4.55991 -819.235 0 
1 825.786 0.311029 0.0224872 0.678065 -0.873614 -0.55531 -1.33255 -4.67052 -819.783 0 
3 825.534 0.314065 0.0224146 0.67494 -0.870066 -0.55069 -1.05944 -4.97103 -819.504 0 
3 825.009 0.316217 0.0223182 0.670377 -0.846079 -0.581669 -0.94374 -4.94542 -819.119 0 
1 825.454 0.321335 0.0222938 0.66607 -0.841575 -0.587643 -0.547294 -5.82313 -819.084 0 
2 826.999 0.315681 0.0222083 0.670841 -0.859225 -0.587914 -2.60032 -5.10989 -819.289 0 
2 826.76 0.319589 0.0222886 0.666502 -0.83955 -0.583014 -2.22892 -5.45007 -819.081 0 
4 828.083 0.3214 0.0222507 0.664045 -0.830878 -0.585407 -3.25327 -5.68761 -819.143 0 
3 829.253 0.321636 0.0221413 0.663926 -0.844966 -0.538492 -4.12978 -5.9874 -819.135 0 
4 826.152 0.320054 0.0222335 0.66792 -0.867211 -0.496101 -0.917026 -6.02539 -819.21 0 
1 825.741 0.318729 0.022429 0.668661 -0.862314 -0.465794 -0.874648 -5.67044 -819.196 0 
5 825.562 0.31986 0.022396 0.666201 -0.847298 -0.464952 -0.648418 -5.70685 -819.206 0 
1 826.811 0.319525 0.0224355 0.665022 -0.840254 -0.428841 -1.7728 -5.70616 -819.332 0 
4 826.187 0.316941 0.0224616 0.66717 -0.840013 -0.436138 -1.65293 -5.28236 -819.252 0 
2 826.403 0.315381 0.0223069 0.670053 -0.875758 -0.380308 -1.77717 -5.28269 -819.343 0 
3 826.081 0.321949 0.0223949 0.664963 -0.856793 -0.395847 -0.39942 -6.37651 -819.305 0 
8 826.538 0.321674 0.0223858 0.666778 -0.86665 -0.414634 -0.90384 -6.3994 -819.235 0 
2 825.844 0.317133 0.0222757 0.670126 -0.875382 -0.438661 -0.971638 -5.54196 -819.331 0 
2 827.407 0.316227 0.0222341 0.668907 -0.867164 -0.403888 -2.84331 -5.30561 -819.258 0 
4 826.909 0.319088 0.0222054 0.66761 -0.873232 -0.425076 -1.71675 -5.9277 -819.265 0 
2 825.511 0.315118 0.0223166 0.671467 -0.880379 -0.405097 -0.808455 -5.27097 -819.432 0 
2 825.34 0.314547 0.0224478 0.670481 -0.856284 -0.414777 -1.11045 -5.01438 -819.216 0 
2 826.191 0.310595 0.0225543 0.673007 -0.850946 -0.396749 -2.16032 -4.80585 -819.225 0 
7 826.378 0.306866 0.0223837 0.677822 -0.88849 -0.36436 -1.92675 -4.50184 -819.949 0 
1 826.284 0.320238 0.022386 0.666729 -0.871923 -0.370488 -0.786156 -6.2253 -819.272 0 
3 827.299 0.318884 0.0225279 0.671562 -0.89402 -0.360733 -1.54331 -6.2791 -819.477 0 
1 826.926 0.31881 0.022527 0.67118 -0.893331 -0.344728 -1.22398 -6.24671 -819.456 0 
3 825.605 0.317219 0.0224192 0.671399 -0.893555 -0.359807 -0.168252 -5.91233 -819.524 0 
3 824.917 0.315106 0.0224074 0.672004 -0.877964 -0.410096 -0.283298 -5.23293 -819.4 0 
2 827.486 0.322182 0.0222671 0.667252 -0.883328 -0.406244 -1.28719 -6.89822 -819.301 0 
2 826.531 0.319839 0.0223897 0.668342 -0.864404 -0.440486 -1.41622 -5.90575 -819.209 0 
4 825.093 0.315808 0.0224604 0.672208 -0.872517 -0.441728 -0.508743 -5.25303 -819.331 0 
1 825.396 0.310143 0.0224316 0.676406 -0.889034 -0.368143 -0.911976 -4.71295 -819.771 0 
3 825.311 0.313788 0.0224415 0.673625 -0.882061 -0.389036 -0.748256 -5.07407 -819.488 0 
1 825.961 0.312378 0.0225015 0.671238 -0.846293 -0.421651 -1.91406 -4.85106 -819.196 0 
2 826.008 0.310916 0.0224265 0.674226 -0.870239 -0.434704 -1.92027 -4.63565 -819.452 0 
1 825.33 0.311858 0.0223297 0.675002 -0.883876 -0.439017 -0.784939 -4.83759 -819.707 0 
4 827.47 0.308876 0.0224927 0.678778 -0.878168 -0.463016 -3.16375 -4.50931 -819.797 0 
1 827.205 0.312387 0.0224124 0.678191 -0.902184 -0.46716 -1.61616 -5.27278 -820.316 0 
3 827.12 0.30826 0.0224658 0.678278 -0.872192 -0.463855 -2.97678 -4.46471 -819.679 0 
1 825.662 0.310914 0.0223579 0.678268 -0.896193 -0.490005 -0.36092 -4.98848 -820.312 0 
8 824.887 0.312174 0.0223894 0.676221 -0.884961 -0.49574 -0.0738016 -4.95047 -819.863 0 
2 825.372 0.306767 0.0224992 0.67907 -0.876731 -0.454973 -1.07726 -4.42205 -819.872 0 
4 825.329 0.309579 0.0224704 0.678437 -0.891264 -0.45508 -0.490835 -4.71372 -820.124 0 
3 826.676 0.306054 0.0224314 0.680745 -0.900886 -0.415422 -1.48799 -4.54346 -820.645 0 
3 826.274 0.309736 0.0223616 0.678769 -0.905447 -0.448146 -0.659827 -5.00267 -820.612 0 
5 826.12 0.312648 0.0224557 0.677287 -0.901939 -0.422477 -0.748177 -5.24163 -820.13 0 
1 826.256 0.309593 0.0225514 0.679535 -0.898598 -0.437012 -1.13019 -4.81069 -820.315 0 
4 826.966 0.307076 0.0226814 0.677573 -0.846215 -0.512798 -3.19897 -4.46769 -819.299 0 
1 827.545 0.308845 0.0227376 0.674846 -0.8327 -0.486809 -3.69064 -4.71146 -819.143 0 
6 826.606 0.305693 0.0225579 0.677583 -0.858235 -0.421571 -2.57137 -4.61068 -819.424 0 
1 827.607 0.303389 0.0225095 0.680838 -0.865446 -0.453287 -3.24911 -4.59054 -819.768 0 
1 826.287 0.307674 0.0224257 0.677685 -0.869007 -0.460246 -2.21295 -4.44925 -819.625 0 
4 826.19 0.305395 0.0224842 0.678947 -0.868971 -0.453941 -2.01589 -4.43328 -819.74 0 
1 826.195 0.304911 0.0223914 0.681557 -0.898151 -0.432404 -0.991834 -4.48251 -820.721 0 
3 829.064 0.310166 0.0223315 0.675138 -0.89123 -0.387605 -4.43402 -4.75307 -819.877 0 
1 827.206 0.311903 0.0223754 0.672796 -0.886328 -0.321146 -2.72134 -4.93892 -819.546 0 
4 826.408 0.314504 0.0224852 0.673498 -0.902311 -0.30751 -1.14994 -5.52487 -819.734 0 
2 826.443 0.314053 0.0224732 0.673605 -0.898836 -0.326032 -1.34253 -5.38879 -819.712 0 
3 827.595 0.311665 0.0227189 0.673177 -0.87303 -0.261172 -3.11711 -5.11437 -819.364 0 
2 827.07 0.317345 0.0226082 0.667241 -0.853087 -0.317818 -1.95928 -5.72412 -819.387 0 
3 826.963 0.315547 0.0226491 0.669698 -0.855453 -0.327756 -2.21639 -5.4339 -819.312 0 
4 826.273 0.316194 0.0224563 0.668142 -0.866581 -0.292604 -1.36061 -5.58156 -819.331 0 
1 826.962 0.315351 0.0223967 0.669087 -0.880077 -0.269993 -2.08473 -5.50614 -819.371 0 
2 826.101 0.318078 0.0223709 0.667759 -0.880017 -0.284103 -0.779722 -5.96885 -819.352 0 
8 825.972 0.317591 0.0223951 0.670924 -0.904619 -0.271172 -0.17956 -6.19248 -819.6 0 
1 826.494 0.317328 0.02252 0.6711 -0.898049 -0.283607 -0.942155 -6.03401 -819.517 0 
1 826.15 0.314291 0.0224296 0.675476 -0.914271 -0.343085 -0.241353 -5.75252 -820.157 0 
2 825.635 0.31927 0.0224349 0.668676 -0.881403 -0.340574 -0.158079 -6.14929 -819.327 0 
1 825.318 0.317231 0.0224223 0.669514 -0.872457 -0.367833 -0.452873 -5.57878 -819.286 0 
2 826.284 0.312769 0.0225404 0.674575 -0.889047 -0.311994 -1.66602 -5.06722 -819.55 0 
2 826.666 0.308004 0.0223372 0.677786 -0.906049 -0.296841 -1.781 -4.67258 -820.213 0 
5 825.508 0.314879 0.0224501 0.671448 -0.890038 -0.269907 -0.578192 -5.46362 -819.466 0 
1 827.244 0.322232 0.0223543 0.664035 -0.877425 -0.244976 -0.763853 -7.0258 -819.455 0 
1 828.028 0.318776 0.022344 0.66509 -0.875775 -0.204043 -2.19461 -6.36359 -819.47 0 
1 826.898 0.32066 0.0224199 0.665324 -0.881972 -0.206952 -0.653515 -6.77877 -819.466 0 
1 827.695 0.320203 0.0223583 0.66402 -0.865928 -0.259157 -1.77427 -6.44987 -819.47 0 
2 827.567 0.323854 0.0223563 0.662589 -0.874343 -0.263556 -0.676319 -7.40813 -819.482 0 
4 827.076 0.320552 0.0223296 0.665084 -0.880181 -0.25001 -1.05769 -6.61567 -819.403 0 
1 827.476 0.319555 0.0225064 0.66959 -0.897263 -0.254085 -1.487 -6.53809 -819.451 0 
1 827.87 0.324385 0.022539 0.663416 -0.872903 -0.253754 -0.766769 -7.56508 -819.538 0 
3 829.324 0.323136 0.0223072 0.664967 -0.893081 -0.3013 -2.40878 -7.53689 -819.378 0 
5 828.235 0.318898 0.0222105 0.671301 -0.927197 -0.310186 -0.794056 -7.30649 -820.135 0 
2 828.17 0.319415 0.0222428 0.669829 -0.908318 -0.361619 -1.5172 -6.92684 -819.726 0 
1 828.762 0.321877 0.0222465 0.668323 -0.907407 -0.374848 -1.4692 -7.67625 -819.616 0 
3 826.648 0.315196 0.0224509 0.674851 -0.918371 -0.311783 -0.506829 -6.01291 -820.128 0 
4 827.249 0.30924 0.0224471 0.68096 -0.941978 -0.254612 -0.531467 -5.32768 -821.39 0 
2 827.241 0.3097 0.0223205 0.677951 -0.934514 -0.238685 -1.06305 -5.25484 -820.923 0 
2 827.727 0.316982 0.0224116 0.673013 -0.927548 -0.251032 -0.958437 -6.65158 -820.117 0 
1 828.463 0.318449 0.0224636 0.672059 -0.930202 -0.212907 -1.36846 -7.08272 -820.012 0 
2 828.52 0.319848 0.0223153 0.671923 -0.937165 -0.263601 -0.43998 -7.83605 -820.244 0 
2 828.587 0.327444 0.0223729 0.660074 -0.867962 -0.289327 -0.58336 -8.38121 -819.623 0 
1 828.688 0.327756 0.0224867 0.660747 -0.869376 -0.270108 -0.472351 -8.54161 -819.674 0 
2 830.117 0.327541 0.022461 0.657678 -0.840728 -0.304122 -1.78897 -8.12478 -820.203 0 
2 829.868 0.328875 0.0224172 0.657278 -0.850464 -0.278985 -1.03991 -8.69672 -820.132 0 
7 825.867 0.320113 0.0224252 0.66681 -0.871628 -0.345489 -0.354584 -6.2178 -819.294 0 
7 826.213 0.313782 0.0225282 0.675889 -0.899445 -0.379037 -1.02322 -5.33517 -819.855 0 
1 827.146 0.30486 0.0224818 0.684448 -0.929266 -0.36151 -0.462382 -4.80041 -821.884 0 
8 825.95 0.305961 0.0224991 0.681366 -0.912652 -0.325439 -0.619407 -4.58195 -820.749 0 
2 827.566 0.300747 0.0224915 0.686793 -0.923816 -0.356722 -0.860461 -4.58665 -822.118 0 
1 827.012 0.308679 0.0225261 0.681785 -0.914454 -0.42049 -1.05556 -4.97151 -820.985 0 
2 826.678 0.305495 0.0225352 0.683736 -0.908994 -0.446776 -0.788437 -4.6604 -821.229 0 
2 827.446 0.305412 0.0224204 0.684991 -0.927456 -0.448189 -0.132797 -5.05588 -822.257 0 
1 826.699 0.30924 0.0223636 0.680828 -0.923268 -0.40103 -0.25247 -5.20925 -821.237 0 
1 827.425 0.313955 0.0224525 0.676875 -0.899088 -0.455831 -1.94208 -5.43773 -820.045 0 
2 825.72 0.307439 0.0225352 0.679928 -0.887657 -0.452067 -1.05261 -4.50565 -820.162 0 
3 826.935 0.31094 0.0224122 0.679181 -0.91181 -0.460351 -0.744975 -5.37799 -820.812 0 
3 826.99 0.317239 0.022358 0.674502 -0.90295 -0.495977 -0.508407 -6.43588 -820.046 0 
1 829.073 0.309627 0.0222991 0.682921 -0.93086 -0.524658 -0.701004 -6.03973 -822.332 0 
2 830.819 0.30169 0.0223629 0.690603 -0.9451 -0.535447 -0.190071 -5.74094 -824.888 0 
1 829.579 0.306558 0.0224072 0.686148 -0.937464 -0.503938 -0.729996 -5.74283 -823.106 0 
2 832.18 0.307137 0.0222981 0.685824 -0.956613 -0.476468 -1.45619 -6.5933 -824.13 0 
2 831.933 0.304871 0.0224014 0.685469 -0.937974 -0.445746 -3.54725 -5.39645 -822.989 0 
1 830.953 0.299909 0.022438 0.689898 -0.934749 -0.477307 -1.90626 -5.13215 -823.915 0 
1 830.581 0.306299 0.0225055 0.68644 -0.930149 -0.481968 -2.77409 -5.29103 -822.516 0 
2 830.821 0.302462 0.0224762 0.689203 -0.933083 -0.463438 -2.61624 -4.99401 -823.211 0 
3 830.133 0.300252 0.0224962 0.691298 -0.941631 -0.457299 -0.790605 -5.14902 -824.194 0 
2 828.361 0.302902 0.0224632 0.687852 -0.933617 -0.439885 -0.383634 -4.98808 -822.989 0 
1 827.111 0.306759 0.022507 0.683461 -0.92042 -0.405903 -0.827245 -4.86064 -821.423 0 
3 826.554 0.302522 0.0225585 0.683131 -0.892723 -0.387673 -1.55025 -4.47322 -820.53 0 
2 825.468 0.307201 0.0224948 0.680592 -0.898035 -0.419849 -0.459368 -4.56934 -820.44 0 
4 825.392 0.307412 0.022521 0.680395 -0.890384 -0.445282 -0.638509 -4.51814 -820.235 0 
2 825.343 0.308227 0.0225788 0.6782 -0.874975 -0.435587 -1.1793 -4.48053 -819.683 0 
2 825.884 0.312163 0.0224831 0.673767 -0.859681 -0.502945 -1.9261 -4.63928 -819.319 0 
4 827.099 0.311453 0.0223009 0.673399 -0.862635 -0.511773 -3.09888 -4.59334 -819.407 0 
3 827.964 0.311025 0.0221997 0.677359 -0.900992 -0.525167 -2.033 -5.29536 -820.636 0 
1 827.573 0.314947 0.0223807 0.675287 -0.897796 -0.510371 -1.61099 -5.85992 -820.102 0 
3 827.119 0.318211 0.0222246 0.672978 -0.897872 -0.545488 -0.460473 -6.69325 -819.966 0 
5 826.744 0.322902 0.0222228 0.666372 -0.868081 -0.536372 -0.689889 -6.87565 -819.178 0 
3 827.911 0.324396 0.0221952 0.666222 -0.885559 -0.487803 -0.736158 -7.87134 -819.304 0 
1 827.734 0.324163 0.0222223 0.667323 -0.883246 -0.541945 -0.575848 -7.83978 -819.318 0 
3 831.06 0.323747 0.0223707 0.668589 -0.890051 -0.53165 -3.54862 -8.07967 -819.431 0 
2 831.031 0.323638 0.0222573 0.670472 -0.920409 -0.473526 -1.73458 -9.24847 -820.048 0 
1 832.899 0.328729 0.0220618 0.664236 -0.908626 -0.473367 -2.70439 -10.6992 -819.495 0 
1 833.675 0.329501 0.0219916 0.662456 -0.901395 -0.472596 -3.68923 -10.6209 -819.365 0 
3 832.711 0.323515 0.0219964 0.666263 -0.907672 -0.430246 -4.6477 -8.42978 -819.634 0 
3 828.932 0.321518 0.0221104 0.667175 -0.893335 -0.428508 -2.34596 -7.13855 -819.447 0 
1 830.871 0.324477 0.0220951 0.668196 -0.915034 -0.449935 -2.00924 -9.07317 -819.789 0 
5 829.941 0.324581 0.0221034 0.664566 -0.878188 -0.443925 -3.20191 -7.50027 -819.239 0 
4 829.594 0.325497 0.0220897 0.664342 -0.882312 -0.459255 -2.35271 -7.99092 -819.251 0 
1 829.787 0.328647 0.0221626 0.661485 -0.87698 -0.451312 -1.53519 -9.01316 -819.239 0 
11 830.01 0.329115 0.0222157 0.662652 -0.890479 -0.426338 -1.02255 -9.70526 -819.282 0 
8 829.672 0.328067 0.0221839 0.660098 -0.85508 -0.482139 -2.28246 -8.09122 -819.298 0 
3 827.323 0.324982 0.0222125 0.66404 -0.866365 -0.493512 -0.761372 -7.38476 -819.177 0 
3 826.798 0.326622 0.0223151 0.663034 -0.844277 -0.563589 -0.365462 -7.24274 -819.189 0 
2 828.322 0.324043 0.0224028 0.665556 -0.838077 -0.583122 -2.84282 -6.33463 -819.145 0 
2 827.747 0.323861 0.0223773 0.665084 -0.841178 -0.54629 -2.18584 -6.37658 -819.184 0 
1 825.823 0.323015 0.0223019 0.666167 -0.854769 -0.555056 -0.212339 -6.49607 -819.114 0 
1 825.796 0.320271 0.0224215 0.669538 -0.859243 -0.55398 -0.735824 -5.90863 -819.151 0 
5 826.936 0.316992 0.0223213 0.671456 -0.862885 -0.538165 -2.3968 -5.28942 -819.249 0 
1 826.328 0.318855 0.022364 0.669225 -0.851416 -0.540954 -1.75523 -5.44842 -819.125 0 
2 825.442 0.31516 0.0225084 0.671918 -0.842532 -0.554352 -1.53147 -4.79853 -819.112 0 
1 825.932 0.309062 0.0223556 0.675989 -0.846091 -0.59789 -2.22847 -4.3618 -819.341 0 
4 825.813 0.313852 0.0222312 0.67341 -0.869344 -0.560699 -1.3295 -4.96451 -819.519 0 
1 826.113 0.312415 0.0222178 0.674769 -0.870429 -0.592697 -1.54904 -4.85847 -819.706 0 
1 826.473 0.311165 0.0222791 0.673361 -0.839762 -0.613521 -2.87793 -4.40832 -819.187 0 
3 827.9 0.312963 0.0222871 0.669803 -0.815184 -0.636042 -4.34745 -4.50873 -819.044 0 
2 827.136 0.313354 0.0224394 0.668825 -0.809261 -0.581339 -3.19897 -4.75919 -819.177 0 
1 825.972 0.312891 0.0224722 0.670353 -0.815581 -0.589773 -2.23781 -4.63602 -819.098 0 
2 825.435 0.317749 0.022603 0.668248 -0.81097 -0.62738 -1.35927 -4.90306 -819.172 0 
1 826.874 0.316757 0.0226388 0.668092 -0.801529 -0.611423 -2.60462 -4.94414 -819.325 0 
2 828.138 0.315914 0.0226138 0.665835 -0.786296 -0.595859 -3.24785 -5.19963 -819.69 0 
1 827.879 0.320252 0.0223798 0.663271 -0.807028 -0.592624 -3.12562 -5.32468 -819.429 0 
1 828.101 0.318392 0.0222586 0.665095 -0.818514 -0.593781 -3.86966 -5.05632 -819.175 0 
4 825.727 0.321953 0.0223427 0.665399 -0.823211 -0.635979 -0.99277 -5.60698 -819.128 0 
3 826.337 0.325685 0.0224629 0.662609 -0.812507 -0.636843 -0.611568 -6.29889 -819.426 0 
1 826.424 0.325933 0.0224445 0.663762 -0.826205 -0.636359 -0.615519 -6.6023 -819.206 0 
3 826.544 0.324085 0.0223674 0.666555 -0.837381 -0.680842 -1.13108 -6.398 -819.015 0 
9 826.741 0.325097 0.0222298 0.665908 -0.852287 -0.674832 -0.458505 -7.23676 -819.046 0 
2 824.837 0.320601 0.0224044 0.669068 -0.837649 -0.705294 -0.160987 -5.6614 -819.014 0 
2 825.35 0.321573 0.0222858 0.668217 -0.843617 -0.713337 -0.2257 -6.08462 -819.04 0 
3 825.244 0.317152 0.022498 0.672674 -0.853593 -0.639764 -0.754991 -5.27566 -819.213 0 
1 825.383 0.318298 0.0222659 0.668919 -0.840906 -0.658047 -1.07597 -5.2441 -819.062 0 
3 826.19 0.317663 0.0221732 0.671289 -0.859245 -0.674379 -1.27097 -5.58325 -819.335 0 
4 826.034 0.317729 0.0222122 0.672092 -0.871658 -0.631433 -0.649717 -5.87192 -819.512 0 
1 825.639 0.311708 0.022285 0.676757 -0.878052 -0.609153 -0.60849 -4.98858 -820.042 0 
8 826.24 0.306044 0.0223192 0.681729 -0.883503 -0.613026 -0.769076 -4.64283 -820.828 0 
1 826.569 0.30117 0.022499 0.686588 -0.881844 -0.607849 -0.608896 -4.65156 -821.308 0 
1 826.926 0.300883 0.0225483 0.687265 -0.882046 -0.600494 -0.95754 -4.65661 -821.312 0 
1 826.727 0.300626 0.0225374 0.687042 -0.876898 -0.621459 -0.839369 -4.68409 -821.203 0 
1 827.344 0.309656 0.0223787 0.681313 -0.886253 -0.650784 -1.58912 -5.01955 -820.735 0 
3 826.874 0.302031 0.0223967 0.686853 -0.887296 -0.666077 -0.193467 -4.82135 -821.859 0 
1 827.382 0.303231 0.0224352 0.684966 -0.869713 -0.668653 -2.01923 -4.56005 -820.803 0 
4 827.021 0.303683 0.0224178 0.685851 -0.893829 -0.610798 -0.657694 -4.73115 -821.633 0 
4 826.253 0.303161 0.0224507 0.684177 -0.884346 -0.542756 -0.933986 -4.4873 -820.832 0 
3 827.157 0.305665 0.0223891 0.682614 -0.869249 -0.655788 -2.21467 -4.48561 -820.456 0 
1 827.208 0.303166 0.0223527 0.684917 -0.887621 -0.599314 -1.29884 -4.60858 -821.301 0 
3 827.174 0.299955 0.0224566 0.686771 -0.885462 -0.551061 -1.18689 -4.67253 -821.315 0 
1 828.231 0.30731 0.0223829 0.680917 -0.881866 -0.540456 -3.4409 -4.49093 -820.299 0 
3 827.498 0.309737 0.0224446 0.678213 -0.856382 -0.615825 -3.51232 -4.41938 -819.566 0 
1 828.225 0.308523 0.022466 0.675607 -0.827694 -0.602128 -4.61365 -4.49443 -819.117 0 
2 826.074 0.317096 0.0224698 0.668063 -0.822711 -0.555135 -1.88772 -5.00742 -819.179 0 
1 825.156 0.317511 0.0223598 0.668041 -0.835902 -0.555258 -0.983616 -5.06901 -819.104 0 
4 824.735 0.312288 0.0224274 0.673387 -0.844757 -0.563132 -1.02595 -4.5322 -819.177 0 
7 825.302 0.320679 0.0225216 0.666372 -0.825263 -0.573857 -0.614375 -5.4836 -819.204 0 
2 826.214 0.310486 0.022442 0.673722 -0.827719 -0.600559 -2.67089 -4.45732 -819.085 0 
1 826.016 0.310738 0.0222841 0.675215 -0.846996 -0.642216 -2.24215 -4.41339 -819.361 0 
1 825.652 0.306646 0.0223289 0.680301 -0.865411 -0.659674 -0.94276 -4.48219 -820.227 0 
1 826.2 0.305789 0.0223776 0.67872 -0.85253 -0.587633 -2.19273 -4.37296 -819.634 0 
1 825.664 0.310573 0.0224669 0.674279 -0.837903 -0.562842 -2.0484 -4.46786 -819.148 0 
1 826.168 0.307614 0.0225275 0.676263 -0.83653 -0.549449 -2.45946 -4.51518 -819.193 0 
3 826.042 0.314983 0.0222841 0.669857 -0.837247 -0.595212 -2.24878 -4.71085 -819.083 0 
1 826.24 0.313381 0.0222165 0.67258 -0.849387 -0.625767 -2.32758 -4.64682 -819.266 0 
5 827.326 0.313771 0.0221449 0.672438 -0.854112 -0.640125 -3.18916 -4.78181 -819.355 0 
3 826.576 0.316409 0.0221947 0.669496 -0.845401 -0.610937 -2.48216 -4.97601 -819.118 0 
1 825.099 0.319813 0.0222886 0.669138 -0.852828 -0.625169 -0.223962 -5.7525 -819.123 0 
3 825.707 0.321576 0.0222941 0.668604 -0.8513 -0.660212 -0.457264 -6.1622 -819.088 0 
2 826.728 0.326121 0.0224111 0.665306 -0.833087 -0.721597 -0.779143 -6.95149 -818.998 0 
6 825.74 0.318601 0.0225686 0.670416 -0.82485 -0.689994 -1.73801 -5.0017 -819.001 0 
4 824.491 0.3177 0.022389 0.670824 -0.838756 -0.702885 -0.277264 -5.1431 -819.071 0 
8 826.134 0.318979 0.0223852 0.670164 -0.846703 -0.685868 -1.44325 -5.57862 -819.112 0 
2 827.519 0.315668 0.0223072 0.672923 -0.854123 -0.716694 -2.83194 -5.27836 -819.409 0 
4 824.944 0.314331 0.0224418 0.674857 -0.844229 -0.752228 -0.732896 -4.87073 -819.34 0 
4 824.525 0.310822 0.0224424 0.67808 -0.854988 -0.713742 -0.168098 -4.62843 -819.728 0 
3 825.251 0.318126 0.0223868 0.669998 -0.829218 -0.689368 -1.2605 -4.98446 -819.006 0 
1 825.135 0.320721 0.0224692 0.668508 -0.837887 -0.634161 -0.488199 -5.60367 -819.043 0 
1 826.982 0.320626 0.0224701 0.67115 -0.865658 -0.623635 -1.3866 -6.33956 -819.256 0 
2 826.774 0.318837 0.0225011 0.672345 -0.871727 -0.55537 -1.52338 -5.91539 -819.336 0 
2 825.481 0.314725 0.0225661 0.674617 -0.85824 -0.593149 -1.24519 -4.91977 -819.316 0 
1 824.772 0.313423 0.0224609 0.674853 -0.857531 -0.621028 -0.581157 -4.78497 -819.405 0 
1 824.362 0.313917 0.0223918 0.674699 -0.854523 -0.670747 -0.0902602 -4.85739 -819.415 0 
1 824.599 0.31209 0.0224471 0.672745 -0.812405 -0.728859 -1.28721 -4.31929 -818.992 0 
1 826.147 0.320635 0.0223984 0.663267 -0.770404 -0.79664 -1.70143 -4.86682 -819.579 0 
2 826.96 0.316858 0.0223427 0.666868 -0.777298 -0.814261 -3.28048 -4.49844 -819.181 0 
1 827.481 0.316786 0.0224346 0.667028 -0.772765 -0.800712 -3.58537 -4.58811 -819.307 0 
2 830.821 0.315825 0.0224196 0.665156 -0.751577 -0.809521 -6.10764 -4.9167 -819.797 0 
1 831.044 0.318339 0.0224207 0.661734 -0.74295 -0.793176 -5.46059 -5.18142 -820.402 0 
2 827.775 0.313258 0.0224102 0.668271 -0.756787 -0.890754 -4.10036 -4.45739 -819.217 0 
4 827.066 0.315429 0.0223945 0.667321 -0.76664 -0.839336 -3.32923 -4.48016 -819.257 0 
1 827.981 0.31993 0.0221934 0.668226 -0.805159 -0.873983 -4.13532 -4.95955 -818.886 0 
1 825.748 0.320671 0.0222338 0.665894 -0.790775 -0.867251 -1.91494 -4.85216 -818.981 0 
2 826.119 0.320131 0.0224128 0.663698 -0.758495 -0.861619 -1.8041 -4.69386 -819.621 0 
1 826.401 0.313781 0.0224416 0.66904 -0.752286 -0.945129 -2.85826 -4.37271 -819.17 0 
3 825.129 0.310773 0.0224521 0.673697 -0.781238 -0.898775 -1.94844 -4.2737 -818.906 0 
4 825.853 0.310719 0.0226892 0.675996 -0.80212 -0.823112 -2.6417 -4.24041 -818.971 0 
5 825.091 0.313084 0.0225898 0.673782 -0.807916 -0.80518 -1.83027 -4.2991 -818.962 0 
1 825.361 0.309246 0.0225718 0.679171 -0.82784 -0.798301 -1.68576 -4.31792 -819.358 0 
1 826.908 0.312788 0.0227549 0.674367 -0.80002 -0.787071 -3.66427 -4.29456 -818.949 0 
7 827.752 0.314762 0.022719 0.673911 -0.814401 -0.735899 -4.32168 -4.45499 -818.975 0 
3 828.17 0.318819 0.0227507 0.669016 -0.788735 -0.770241 -4.28348 -4.71128 -819.175 0 
2 828.836 0.31842 0.0225892 0.673188 -0.840418 -0.719649 -4.49665 -5.25921 -819.08 0 
1 828.809 0.330327 0.0225406 0.660746 -0.803562 -0.735938 -1.95209 -7.33954 -819.518 0 
1 826.723 0.32673 0.0224879 0.663093 -0.809514 -0.739923 -1.04078 -6.47326 -819.209 0 
1 826.677 0.324851 0.022579 0.664868 -0.796611 -0.802515 -1.77187 -5.72795 -819.177 0 
1 828.299 0.326759 0.0226095 0.664106 -0.791817 -0.84981 -3.00926 -6.08624 -819.204 0 
1 827.512 0.331257 0.0224539 0.658108 -0.771505 -0.870356 -0.738057 -6.84303 -819.931 0 
1 827.868 0.33285 0.0224062 0.655399 -0.762598 -0.838684 -0.107232 -7.16667 -820.594 0 
4 826.338 0.326287 0.0225364 0.660481 -0.761281 -0.839371 -0.696632 -5.57417 -820.067 0 
1 825.434 0.325318 0.0224162 0.661401 -0.77501 -0.819425 -0.280081 -5.51557 -819.639 0 
3 825.895 0.320682 0.0225748 0.665128 -0.772973 -0.795035 -1.50044 -4.87649 -819.518 0 
1 825.828 0.324102 0.0225234 0.664777 -0.797957 -0.794917 -1.07575 -5.60405 -819.148 0 
1 827.235 0.320887 0.0224432 0.668916 -0.831159 -0.766225 -2.54113 -5.71838 -818.975 0 
5 824.942 0.323007 0.0223562 0.665776 -0.81701 -0.763478 -0.206749 -5.75517 -818.98 0 
1 824.918 0.317702 0.0223145 0.667822 -0.802572 -0.78016 -1.31464 -4.6301 -818.973 0 
14 824.721 0.313857 0.0223286 0.671833 -0.811916 -0.781209 -1.39089 -4.36206 -818.968 0 
3 824.25 0.316412 0.0224275 0.670585 -0.801639 -0.819693 -0.853127 -4.47101 -818.926 0 
1 825.183 0.313313 0.0222886 0.671928 -0.806198 -0.824716 -1.93226 -4.29809 -818.952 0 
4 825.775 0.310506 0.0222651 0.678446 -0.844563 -0.838356 -1.23369 -4.69446 -819.846 0 
1 826.515 0.301851 0.0224749 0.686601 -0.846301 -0.879581 -0.542443 -4.94836 -821.024 0 
2 832.3 0.294016 0.0223533 0.690118 -0.841436 -0.837038 -4.5846 -6.16095 -821.554 0 
11 830.616 0.293444 0.0224419 0.692102 -0.838644 -0.879151 -2.42834 -6.41459 -821.773 0 
8 830.294 0.295323 0.0223595 0.690721 -0.844366 -0.873013 -2.6026 -5.90715 -821.784 0 
3 827.307 0.298852 0.0225318 0.688629 -0.837909 -0.871588 -1.11763 -5.24822 -820.941 0 
1 828.489 0.297803 0.0226123 0.689206 -0.836119 -0.86788 -2.11004 -5.41645 -820.962 0 
1 826.289 0.300981 0.0225034 0.685993 -0.828068 -0.888485 -0.982499 -4.96312 -820.343 0 
1 824.59 0.30693 0.0224276 0.680719 -0.822256 -0.901989 -0.478925 -4.4547 -819.657 0 
9 824.814 0.308419 0.0225864 0.678713 -0.804944 -0.884774 -1.38526 -4.29683 -819.131 0 
2 826.163 0.312515 0.0226489 0.676866 -0.80484 -0.909827 -2.85272 -4.2976 -819.012 0 
3 825.862 0.31601 0.0225749 0.671759 -0.78397 -0.903051 -2.64398 -4.30874 -818.909 0 
2 826.617 0.31203 0.0224544 0.678639 -0.834096 -0.877792 -2.40691 -4.66413 -819.546 0 
1 824.743 0.31226 0.02248 0.677111 -0.827551 -0.882134 -0.747643 -4.6181 -819.377 0 
2 824.964 0.311185 0.0223591 0.678509 -0.845943 -0.825171 -0.435639 -4.73907 -819.789 0 
1 825.075 0.314824 0.0222486 0.674908 -0.844147 -0.845904 -0.335961 -5.20492 -819.534 0 
2 824.494 0.315503 0.02234 0.672953 -0.832471 -0.803484 -0.470367 -4.86529 -819.158 0 
1 825.833 0.317704 0.0222453 0.67207 -0.845971 -0.803959 -0.895894 -5.63101 -819.306 0 
4 827.022 0.319516 0.0222286 0.672876 -0.861321 -0.822787 -0.704913 -6.70473 -819.613 0 
3 825.795 0.32116 0.0221856 0.668382 -0.836937 -0.778882 -0.865668 -5.91325 -819.016 0 
6 824.977 0.313154 0.0222766 0.673413 -0.832842 -0.737036 -1.32237 -4.49159 -819.163 0 
1 825.505 0.31337 0.0223128 0.675318 -0.841875 -0.760965 -1.47566 -4.67096 -819.358 0 
2 826.107 0.314692 0.0222776 0.671509 -0.832436 -0.727562 -2.35899 -4.65112 -819.097 0 
1 826.097 0.311939 0.02231 0.673468 -0.821182 -0.733661 -2.71785 -4.32554 -819.054 0 
1 825.521 0.307282 0.0225689 0.678481 -0.816644 -0.755039 -1.99435 -4.3645 -819.162 0 
1 825.84 0.304553 0.0225988 0.680315 -0.818043 -0.74393 -1.9915 -4.56633 -819.282 0 
8 825.435 0.310663 0.0225588 0.675114 -0.7994 -0.805637 -2.18964 -4.28958 -818.956 0 
1 824.42 0.310315 0.0225485 0.675191 -0.805244 -0.790981 -1.16525 -4.26661 -818.988 0 
3 824.335 0.309744 0.0224261 0.676054 -0.805192 -0.858584 -1.03465 -4.25016 -819.05 0 
1 824.44 0.316044 0.0224106 0.66948 -0.790997 -0.852253 -1.14139 -4.36782 -818.93 0 
4 823.96 0.313302 0.0224377 0.675171 -0.819081 -0.852562 -0.407872 -4.44636 -819.106 0 
11 824.34 0.318511 0.0224032 0.670353 -0.800871 -0.899551 -0.738249 -4.72551 -818.876 0 
5 825.055 0.314751 0.0225657 0.675153 -0.81499 -0.887867 -1.45284 -4.56171 -819.041 0 
1 825.035 0.308105 0.0224746 0.679943 -0.8266 -0.889451 -0.907311 -4.47322 -819.654 0 
6 825.499 0.308583 0.0223896 0.676221 -0.799733 -0.900995 -2.14491 -4.28198 -819.072 0 
2 827.516 0.304077 0.0224464 0.679848 -0.798874 -0.917298 -3.56118 -4.66105 -819.293 0 
1 826.2 0.306146 0.0225209 0.677205 -0.786245 -0.864371 -2.5883 -4.63865 -818.973 0 
1 825.922 0.312113 0.0225907 0.671607 -0.767259 -0.868117 -2.41563 -4.44518 -819.062 0 
11 826.478 0.306419 0.0225905 0.677617 -0.789234 -0.837465 -2.86951 -4.63284 -818.975 0 
1 825.696 0.305264 0.0225252 0.679144 -0.797591 -0.861416 -1.99164 -4.59348 -819.11 0 
2 825.543 0.305435 0.0224069 0.679459 -0.809064 -0.874421 -1.73224 -4.47572 -819.335 0 
1 825.693 0.304803 0.0225673 0.680043 -0.800066 -0.859353 -1.90651 -4.62359 -819.163 0 
1 825.056 0.304813 0.0225151 0.681393 -0.81822 -0.847052 -1.03269 -4.50196 -819.522 0 
1 825.059 0.309669 0.0224435 0.677072 -0.813754 -0.833546 -1.65224 -4.26746 -819.139 0 
1 825.788 0.311359 0.0225573 0.676578 -0.820307 -0.777666 -2.3924 -4.297 -819.098 0 
2 828.167 0.302759 0.0227827 0.683067 -0.827186 -0.696644 -3.98651 -4.71496 -819.465 0 
3 828.907 0.301079 0.0227569 0.68733 -0.849738 -0.72935 -3.70657 -4.73827 -820.463 0 
4 829.217 0.301092 0.0227614 0.686434 -0.843536 -0.740551 -4.20678 -4.74911 -820.261 0 
2 830.637 0.301422 0.0225095 0.689476 -0.896353 -0.725527 -2.361 -5.30899 -822.967 0 
1 833.522 0.299059 0.0225289 0.690978 -0.90174 -0.687102 -4.71867 -5.34587 -823.458 0 
1 831.877 0.298245 0.0224304 0.691641 -0.896462 -0.754947 -2.4694 -5.58467 -823.822 0 
1 830.785 0.301923 0.0223938 0.684968 -0.862566 -0.767356 -4.78874 -4.82772 -821.169 0 
2 834.132 0.308518 0.0222583 0.679309 -0.865081 -0.78402 -8.50611 -5.03908 -820.587 0 
3 828.685 0.312082 0.0221541 0.675236 -0.850162 -0.792497 -4.03475 -4.91031 -819.74 0 
1 826.442 0.308841 0.0223339 0.678885 -0.851849 -0.775915 -1.80757 -4.63357 -820.001 0 
2 827.327 0.307605 0.0223567 0.684137 -0.885066 -0.77525 -0.308084 -5.38119 -821.638 0 
2 827.944 0.310258 0.0223542 0.681341 -0.877532 -0.740069 -2.05336 -5.16875 -820.722 0 
1 826.109 0.313169 0.0223685 0.675229 -0.84657 -0.685583 -2.18152 -4.60975 -819.318 0 
3 824.537 0.315342 0.0224421 0.673583 -0.853036 -0.652194 -0.257397 -4.9931 -819.287 0 
3 824.541 0.31336 0.0224481 0.672598 -0.834884 -0.636358 -0.930302 -4.51422 -819.096 0 
2 825.122 0.307241 0.0225706 0.678127 -0.837157 -0.625257 -1.45484 -4.36515 -819.302 0 
3 824.329 0.310752 0.0225236 0.67533 -0.829307 -0.679749 -0.869062 -4.32867 -819.131 0 
6 826.126 0.307802 0.0224616 0.67568 -0.823871 -0.659568 -2.61787 -4.37486 -819.133 0 
1 826.585 0.30723 0.0225283 0.676402 -0.814986 -0.669318 -2.97942 -4.5362 -819.069 0 
1 826.158 0.310034 0.0227059 0.676238 -0.82137 -0.666309 -2.73269 -4.36161 -819.063 0 
4 824.874 0.313023 0.0226 0.67465 -0.832311 -0.670832 -1.32018 -4.4563 -819.097 0 
1 824.436 0.315297 0.0225579 0.670829 -0.80419 -0.745914 -1.00067 -4.45264 -818.982 0 
2 824.935 0.316009 0.0226132 0.671006 -0.807018 -0.736188 -1.42225 -4.5258 -818.987 0 
4 826.922 0.309694 0.0227594 0.676782 -0.81044 -0.735593 -3.58536 -4.32163 -819.015 0 
4 825.098 0.314908 0.0226262 0.673058 -0.80882 -0.785739 -1.73939 -4.41134 -818.947 0 
4 825.113 0.31274 0.022631 0.674098 -0.81107 -0.741307 -1.79868 -4.33446 -818.98 0 
3 825.112 0.310791 0.0225854 0.678113 -0.837098 -0.752055 -1.33493 -4.40409 -819.373 0 
1 824.653 0.312909 0.0225531 0.672918 -0.812597 -0.73104 -1.32485 -4.34299 -818.985 0 
4 823.853 0.311549 0.0224506 0.675571 -0.824255 -0.78356 -0.358435 -4.33931 -819.155 0 
2 824.691 0.309285 0.0224952 0.675498 -0.805331 -0.796131 -1.39878 -4.28091 -819.011 0 
1 824.733 0.311056 0.0224687 0.678497 -0.846111 -0.792549 -0.372275 -4.66433 -819.696 0 
1 824.732 0.314099 0.0223133 0.674895 -0.832962 -0.869682 -0.477197 -4.89085 -819.364 0 
4 825.11 0.320961 0.0222354 0.668233 -0.813701 -0.90477 -0.703249 -5.51664 -818.89 0 
1 825.637 0.322337 0.0222069 0.667919 -0.825907 -0.87018 -0.588487 -6.11175 -818.937 0 
4 825.677 0.32016 0.0221897 0.670246 -0.831845 -0.890074 -0.68139 -5.91065 -819.085 0 
2 825.33 0.321893 0.0221943 0.668229 -0.809811 -0.962319 -0.750556 -5.71694 -818.863 0 
2 825.046 0.321284 0.0222276 0.668606 -0.808056 -0.949515 -0.705727 -5.4789 -818.861 0 
2 825.505 0.310953 0.0222784 0.674254 -0.792444 -0.966545 -2.28386 -4.24213 -818.979 0 
7 825.852 0.30336 0.0224019 0.683451 -0.815865 -0.957884 -1.12378 -4.77063 -819.957 0 
3 826.68 0.302387 0.0223725 0.685888 -0.827512 -1.02754 -0.602888 -5.17391 -820.904 0 
3 825.248 0.306306 0.0223757 0.682965 -0.830116 -0.989754 -0.0504322 -4.84251 -820.355 0 
1 826.355 0.303202 0.0223548 0.683085 -0.813302 -0.994131 -1.46818 -4.85213 -820.034 0 
5 825.558 0.306488 0.0223844 0.683522 -0.834245 -0.99953 -0.0323548 -4.96529 -820.56 0 
19 824.457 0.309096 0.0224112 0.68023 -0.821544 -0.983797 -0.062167 -4.64615 -819.749 0 
1 825.919 0.303759 0.0225469 0.685006 -0.822487 -0.960436 -0.971685 -4.7718 -820.176 0 
1 825.099 0.309372 0.0224421 0.680783 -0.828103 -0.959333 -0.564461 -4.68654 -819.848 0 
1 824.759 0.311331 0.0225555 0.67812 -0.805276 -0.981883 -1.18544 -4.39324 -819.18 0 
3 824.391 0.308084 0.0224055 0.680273 -0.821115 -0.953228 -0.137988 -4.54466 -819.708 0 
4 824.162 0.313814 0.0224183 0.675677 -0.816755 -0.951031 -0.252858 -4.69612 -819.213 0 
1 824.916 0.310489 0.0224423 0.679823 -0.833563 -0.932828 -0.294903 -4.78786 -819.833 0 
1 825.781 0.309756 0.02234 0.680857 -0.841642 -0.937506 -0.624942 -4.94462 -820.212 0 
1 827.919 0.30545 0.0223025 0.68341 -0.839364 -0.993859 -1.89673 -5.131 -820.891 0 
1 828.533 0.307513 0.0222807 0.683109 -0.847336 -1.02858 -1.71332 -5.59714 -821.223 0 
1 828.117 0.304921 0.0223161 0.685077 -0.84488 -1.02563 -1.23889 -5.43762 -821.441 0 
2 827.498 0.30447 0.022596 0.684235 -0.817618 -0.998682 -2.61564 -4.79004 -820.092 0 
4 827.298 0.304665 0.022625 0.682677 -0.796704 -1.03696 -3.0454 -4.71309 -819.54 0 
2 826.171 0.306953 0.0224914 0.681327 -0.802289 -1.07778 -1.81497 -4.69012 -819.666 0 
4 823.771 0.317045 0.022398 0.672526 -0.787416 -1.06382 -0.31189 -4.60948 -818.849 0 
2 824.626 0.316325 0.0224008 0.668911 -0.750387 -1.09082 -1.55376 -4.1363 -818.936 0 
1 825.757 0.319679 0.0223748 0.66443 -0.738753 -1.04404 -2.03207 -4.30016 -819.425 0 
4 824.255 0.321637 0.0223042 0.66576 -0.758173 -1.07279 -0.658479 -4.59558 -819 0 
4 824.503 0.324274 0.0222987 0.66332 -0.757111 -1.05496 -0.372137 -4.96487 -819.166 0 
3 824.699 0.326129 0.0224158 0.663008 -0.752625 -1.08981 -0.215173 -5.24415 -819.24 0 
4 824.612 0.321984 0.0224521 0.665181 -0.754272 -1.04654 -0.862064 -4.59587 -819.154 0 
1 824.478 0.322081 0.0224895 0.665185 -0.751317 -1.0464 -0.685518 -4.57034 -819.223 0 
2 826.263 0.325077 0.0224846 0.661684 -0.739754 -1.04744 -1.68329 -4.87012 -819.709 0 
1 825.709 0.327079 0.0224942 0.660912 -0.734191 -1.09238 -0.78156 -5.09828 -819.829 0 
2 824.276 0.323684 0.0224185 0.663585 -0.740862 -1.10419 -0.27 -4.64803 -819.358 0 
1 823.917 0.32099 0.0223373 0.666541 -0.751911 -1.11714 -0.479299 -4.46103 -818.976 0 
3 823.937 0.319349 0.0223524 0.66776 -0.756358 -1.08798 -0.666066 -4.33873 -818.932 0 
1 823.66 0.318602 0.0223826 0.668361 -0.763126 -1.06449 -0.42513 -4.35301 -818.882 0 
1 823.696 0.314891 0.0223074 0.672775 -0.766265 -1.1685 -0.557065 -4.32256 -818.817 0 
1 823.756 0.314225 0.0223127 0.674628 -0.792192 -1.09408 -0.140679 -4.59153 -819.024 0 
1 826.458 0.313123 0.0223523 0.671799 -0.7665 -1.06888 -3.45456 -4.16771 -818.836 0 
1 825.583 0.311122 0.0224223 0.672333 -0.746485 -1.08899 -2.39556 -4.28793 -818.899 0 
1 823.478 0.317348 0.0224468 0.669289 -0.753611 -1.09149 -0.372366 -4.18896 -818.916 0 
2 825.843 0.317803 0.0221546 0.669606 -0.779578 -1.11104 -2.35253 -4.68236 -818.808 0 
1 826.483 0.314945 0.0221455 0.671149 -0.772549 -1.12829 -3.2962 -4.35487 -818.832 0 
2 825.498 0.314563 0.0222329 0.670807 -0.76004 -1.13168 -2.50291 -4.18541 -818.81 0 
1 825.186 0.322634 0.0224576 0.663561 -0.724641 -1.16349 -1.29577 -4.36164 -819.529 0 
4 825.695 0.319117 0.0224062 0.664604 -0.719881 -1.12144 -1.83071 -4.22197 -819.642 0 
3 827.069 0.319222 0.0223656 0.66351 -0.706644 -1.17037 -2.97008 -4.21472 -819.884 0 
1 827.403 0.324383 0.0224937 0.659111 -0.690136 -1.15997 -1.6537 -4.59132 -821.158 0 
1 829.319 0.32023 0.0223835 0.661077 -0.690413 -1.16635 -4.17606 -4.45431 -820.689 0 
1 826.356 0.321694 0.0224958 0.662674 -0.692419 -1.22289 -1.70187 -4.27466 -820.379 0 
3 825.034 0.321972 0.0225489 0.664 -0.706669 -1.22207 -1.01016 -4.19753 -819.826 0 
1 824.169 0.322586 0.022483 0.664333 -0.707755 -1.27721 -0.389487 -4.19932 -819.58 0 
2 825.914 0.323672 0.0226249 0.664925 -0.70919 -1.28631 -2.04847 -4.30283 -819.563 0 
5 826.696 0.325399 0.0224717 0.666202 -0.730994 -1.31897 -2.76876 -4.94167 -818.985 0 
1 826.8 0.330387 0.0223204 0.658955 -0.703192 -1.38786 -1.66552 -5.37397 -819.76 0 
3 825.631 0.329211 0.0224045 0.662302 -0.713885 -1.41376 -0.897515 -5.48551 -819.248 0 
3 825.799 0.331779 0.0222883 0.65972 -0.705024 -1.45995 -0.42997 -5.89497 -819.475 0 
1 825.784 0.330995 0.0222141 0.658053 -0.684842 -1.48769 -0.62418 -5.14893 -820.011 0 
1 824.652 0.32065 0.0223688 0.664674 -0.682384 -1.42488 -0.992871 -3.98689 -819.672 0 
4 824.93 0.322654 0.02257 0.664927 -0.695199 -1.36172 -1.18027 -4.11435 -819.636 0 
2 825.475 0.318663 0.0226386 0.670263 -0.710255 -1.37089 -2.37726 -4.07428 -819.024 0 
4 824.624 0.320974 0.0225461 0.665903 -0.693176 -1.38139 -1.07698 -4.02815 -819.519 0 
1 824.03 0.322162 0.0224435 0.664431 -0.693569 -1.37082 -0.333105 -4.07633 -819.621 0 
1 826.883 0.329054 0.0222688 0.658748 -0.684482 -1.3979 -1.86925 -4.65774 -820.356 0 
1 826.456 0.333844 0.0223614 0.655639 -0.677116 -1.4309 -0.0396431 -5.44989 -820.966 0 
3 825.699 0.328933 0.022496 0.659644 -0.676702 -1.41838 -0.565826 -4.55036 -820.583 0 
1 825.749 0.326558 0.0225341 0.660329 -0.665574 -1.42781 -0.691834 -4.2081 -820.849 0 
1 824.17 0.318639 0.0224351 0.669155 -0.694205 -1.48074 -1.03817 -4.06611 -819.065 0 
5 824.248 0.31268 0.0225275 0.673247 -0.697062 -1.44491 -0.934039 -4.36453 -818.95 0 
4 824.646 0.312871 0.022415 0.676585 -0.73572 -1.43259 -1.23526 -4.55022 -818.861 0 
2 824.335 0.311551 0.0224571 0.677321 -0.737379 -1.44173 -0.688816 -4.70571 -818.941 0 
1 825.119 0.315515 0.0222441 0.670649 -0.705357 -1.47003 -2.06435 -4.20386 -818.851 0 
2 826.078 0.314079 0.022174 0.671911 -0.704609 -1.53686 -2.86118 -4.41596 -818.801 0 
1 826.645 0.31824 0.0221799 0.667486 -0.694777 -1.52875 -3.51925 -4.18799 -818.938 0 
1 826.221 0.31934 0.0221853 0.668132 -0.694589 -1.5508 -3.0916 -4.20655 -818.923 0 
2 824.665 0.319315 0.0222276 0.667532 -0.683494 -1.58883 -1.4753 -4.15342 -819.037 0 
1 823.74 0.323062 0.022311 0.664973 -0.668967 -1.64668 -0.205061 -4.17272 -819.363 0 
2 824.877 0.326247 0.022466 0.662114 -0.646182 -1.65925 -0.48886 -4.03236 -820.356 0 
13 824.075 0.325768 0.0223878 0.662638 -0.65992 -1.63881 -0.0442481 -4.17667 -819.854 0 
6 823.886 0.32045 0.0224666 0.667278 -0.66359 -1.65686 -0.465376 -4.06312 -819.358 0 
4 823.549 0.313592 0.022433 0.674213 -0.692239 -1.61042 -0.20386 -4.5153 -818.83 0 
1 824.24 0.31082 0.0223834 0.675677 -0.699287 -1.56187 -0.669945 -4.72471 -818.845 0 
2 823.955 0.312185 0.0223386 0.674848 -0.709486 -1.53039 -0.56173 -4.57477 -818.818 0 
1 825.762 0.315893 0.0222565 0.669039 -0.682809 -1.5541 -2.53973 -4.18574 -819.036 0 
3 825.068 0.311536 0.0224197 0.673424 -0.672883 -1.60739 -1.32202 -4.73122 -819.015 0 
1 825.722 0.305838 0.0225228 0.680352 -0.700294 -1.5761 -1.14451 -5.59058 -818.987 0 
1 824.377 0.309139 0.022413 0.677861 -0.703819 -1.57907 -0.468379 -5.00489 -818.903 0 
3 824.014 0.317976 0.0224083 0.670387 -0.700173 -1.5015 -0.951377 -4.16131 -818.902 0 
4 823.602 0.31674 0.0223598 0.673529 -0.729401 -1.50184 -0.109692 -4.72595 -818.766 0 
2 824.422 0.316468 0.0224925 0.674362 -0.724073 -1.51144 -1.04572 -4.61895 -818.758 0 
5 823.522 0.320256 0.0224149 0.668838 -0.711125 -1.46886 -0.308271 -4.36558 -818.849 0 
4 824.699 0.318739 0.0225343 0.671957 -0.718531 -1.47682 -1.50206 -4.4438 -818.754 0 
2 824.764 0.314734 0.0226203 0.673505 -0.701999 -1.47312 -1.66472 -4.22434 -818.875 0 
1 823.509 0.319145 0.0224912 0.669338 -0.712311 -1.39716 -0.416967 -4.14958 -818.942 0 
1 824.984 0.310071 0.0223365 0.679346 -0.757784 -1.38304 -0.880109 -4.86184 -819.242 0 
1 825.548 0.311308 0.0221973 0.676217 -0.745882 -1.39961 -1.87549 -4.6794 -818.993 0 
3 824.434 0.310908 0.0223021 0.67739 -0.743247 -1.4175 -0.712769 -4.71461 -819.007 0 
3 824.517 0.307826 0.0223769 0.680129 -0.744152 -1.41822 -0.341571 -4.98218 -819.193 0 
1 824.933 0.306895 0.0225002 0.68153 -0.748675 -1.39573 -0.579838 -5.0671 -819.286 0 
1 824.797 0.307721 0.0225534 0.679216 -0.73245 -1.37229 -1.03636 -4.82254 -818.938 0 
5 826.332 0.308773 0.0226829 0.678236 -0.712169 -1.43468 -2.68299 -4.79262 -818.856 0 
1 826.756 0.306569 0.022654 0.679757 -0.701957 -1.47269 -2.52902 -5.32984 -818.897 0 
7 825.779 0.311834 0.0225339 0.673379 -0.69279 -1.42305 -2.22111 -4.51984 -819.038 0 
2 828.926 0.313713 0.0226596 0.670159 -0.653773 -1.49947 -4.18328 -4.80245 -819.94 0 
2 829.279 0.318065 0.0225796 0.664433 -0.633703 -1.51177 -3.52554 -4.58918 -821.164 0 
1 827.341 0.323046 0.0225468 0.660623 -0.638599 -1.49144 -1.6695 -4.13182 -821.539 0 
4 826.816 0.323924 0.0225852 0.66107 -0.649185 -1.45335 -1.40707 -4.11506 -821.294 0 
1 828.663 0.328862 0.0226178 0.65961 -0.652882 -1.48783 -2.99709 -4.30403 -821.362 0 
4 827.598 0.32774 0.0226405 0.661983 -0.665637 -1.51293 -2.88468 -4.28487 -820.429 0 
4 828.664 0.32424 0.0225768 0.66641 -0.682791 -1.52469 -5.01341 -4.1894 -819.461 0 
2 827.375 0.316454 0.0226967 0.67086 -0.677063 -1.48361 -3.85379 -4.13717 -819.384 0 
4 827.229 0.316332 0.0227526 0.671172 -0.680318 -1.4773 -3.80104 -4.11591 -819.312 0 
1 828.01 0.312664 0.022565 0.676276 -0.704463 -1.50924 -4.74697 -4.4423 -818.821 0 
1 826.324 0.311739 0.0225457 0.678535 -0.728102 -1.48411 -2.77563 -4.65435 -818.894 0 
6 826.417 0.311353 0.0224719 0.679503 -0.746714 -1.44055 -2.5151 -4.81384 -819.088 0 
3 826.335 0.310342 0.0224124 0.679752 -0.748412 -1.42546 -2.36172 -4.83041 -819.142 0 
2 825.872 0.313272 0.0224232 0.673162 -0.695259 -1.48716 -2.60709 -4.3471 -818.917 0 
2 824.034 0.323826 0.0224306 0.664613 -0.681664 -1.50828 -0.350948 -4.14525 -819.538 0 
4 824.376 0.322639 0.0224424 0.665064 -0.669546 -1.55297 -0.6918 -3.99835 -819.686 0 
1 823.779 0.31427 0.0224223 0.672456 -0.681736 -1.61729 -0.458042 -4.40483 -818.916 0 
3 823.88 0.314768 0.0224567 0.671861 -0.678068 -1.61271 -0.563917 -4.33733 -818.979 0 
1 825.479 0.316466 0.0224389 0.670258 -0.664104 -1.63622 -2.02821 -4.20452 -819.246 0 
3 823.843 0.316799 0.0225107 0.670782 -0.674456 -1.61085 -0.57609 -4.17412 -819.093 0 
1 826.018 0.311901 0.0225754 0.678674 -0.719967 -1.54984 -2.3574 -4.76366 -818.897 0 
2 827.388 0.316697 0.0227012 0.673224 -0.706785 -1.48986 -4.31674 -4.24787 -818.823 0 
2 826.17 0.31903 0.0225212 0.673052 -0.72886 -1.47821 -2.75455 -4.69767 -818.718 0 
2 825.738 0.325928 0.0223034 0.666486 -0.725887 -1.47886 -1.50799 -5.48048 -818.749 0 
4 825.56 0.311353 0.0225584 0.676227 -0.703044 -1.48693 -2.17338 -4.5437 -818.843 0 
2 825.159 0.31047 0.0224228 0.677797 -0.719573 -1.49853 -1.56034 -4.71531 -818.883 0 
1 823.83 0.310781 0.0224357 0.676668 -0.721663 -1.46641 -0.340392 -4.63249 -818.857 0 
5 824.462 0.31094 0.022535 0.676096 -0.718377 -1.42623 -1.12726 -4.51108 -818.824 0 
1 824.281 0.311518 0.0225691 0.675915 -0.709653 -1.46232 -0.96622 -4.48941 -818.826 0 
1 825.326 0.322363 0.0225894 0.667287 -0.700349 -1.42708 -1.9091 -4.19452 -819.222 0 
1 824.863 0.322193 0.0225569 0.667022 -0.703295 -1.423 -1.46847 -4.23881 -819.156 0 
2 824.69 0.319358 0.0224683 0.672181 -0.730001 -1.47635 -1.19332 -4.78333 -818.714 0 
1 826.023 0.326452 0.0224962 0.663539 -0.704421 -1.41668 -1.92452 -4.747 -819.351 0 
1 827.129 0.323224 0.0225869 0.665151 -0.685908 -1.47419 -3.47438 -4.14928 -819.505 0 
5 824.827 0.318854 0.0224933 0.671777 -0.719505 -1.50728 -1.47545 -4.62183 -818.73 0 
1 825.032 0.315902 0.0224507 0.675625 -0.73539 -1.49944 -1.38267 -4.81918 -818.83 0 
1 824.555 0.313983 0.0224984 0.675665 -0.725125 -1.45812 -1.32586 -4.43974 -818.79 0 
1 824.291 0.310275 0.0225077 0.678825 -0.736726 -1.43085 -0.606709 -4.71386 -818.97 0 
1 825.064 0.312979 0.0223358 0.67342 -0.707055 -1.46735 -1.8785 -4.35701 -818.828 0 
1 823.609 0.316308 0.0223397 0.670708 -0.705051 -1.47151 -0.566045 -4.18255 -818.861 0 
5 823.99 0.324672 0.0223974 0.665065 -0.69477 -1.50311 -0.320119 -4.448 -819.222 0 
2 827.773 0.323604 0.0226722 0.663433 -0.649827 -1.51707 -2.97889 -3.99706 -820.797 0 
1 824.874 0.321388 0.0224746 0.66428 -0.669822 -1.45432 -0.835384 -3.98364 -820.055 0 
3 825.412 0.327582 0.022463 0.660726 -0.66922 -1.48161 -0.680532 -4.29883 -820.433 0 
1 827.238 0.332799 0.0223396 0.655182 -0.66023 -1.45707 -0.709131 -4.92512 -821.603 0 
5 827.142 0.330353 0.0224569 0.655703 -0.642223 -1.48148 -0.462906 -4.43715 -822.242 0 
4 826.856 0.332975 0.022422 0.654894 -0.648425 -1.50569 -0.0939583 -4.79496 -821.967 0 
1 824.705 0.32603 0.022282 0.661831 -0.675974 -1.53019 -0.649936 -4.27702 -819.778 0 
2 825.415 0.326808 0.0222799 0.662132 -0.682018 -1.52598 -1.32811 -4.45227 -819.634 0 
1 826.704 0.328655 0.0222913 0.660526 -0.681152 -1.49146 -2.13486 -4.61193 -819.957 0 
1 825.484 0.325127 0.0222775 0.662186 -0.680847 -1.47657 -1.50182 -4.19598 -819.786 0 
2 823.861 0.32226 0.0224307 0.664706 -0.68723 -1.43268 -0.232809 -4.05298 -819.575 0 
5 823.681 0.32056 0.0224262 0.666222 -0.686107 -1.46586 -0.28246 -4.0111 -819.388 0 
1 824.052 0.317347 0.022547 0.669536 -0.696523 -1.42355 -0.884526 -4.04459 -819.123 0 
1 824.828 0.314113 0.0225406 0.671152 -0.690519 -1.4101 -1.38266 -4.26727 -819.179 0 
6 824.663 0.316133 0.0223865 0.674427 -0.742817 -1.40947 -1.25006 -4.62015 -818.793 0 
4 824.683 0.322606 0.0222282 0.668548 -0.731548 -1.4782 -0.812411 -5.18336 -818.687 0 
1 824.738 0.326564 0.0222507 0.662421 -0.700533 -1.47795 -0.677657 -4.81468 -819.246 0 
8 825.975 0.32871 0.0221433 0.662398 -0.72141 -1.47574 -1.15495 -5.9369 -818.883 0 
1 828.971 0.334069 0.0220769 0.65819 -0.715465 -1.46007 -2.79333 -6.87625 -819.302 0 
1 829.807 0.341168 0.0222043 0.651214 -0.682874 -1.47491 -0.843966 -7.81007 -821.153 0 
4 830.464 0.340825 0.0224314 0.651164 -0.672077 -1.4178 -1.12063 -7.16872 -822.174 0 
1 826.638 0.331025 0.0222567 0.659979 -0.70862 -1.40441 -1.48986 -5.60369 -819.545 0 
2 826.502 0.330052 0.0224012 0.661632 -0.709577 -1.39966 -1.61575 -5.41346 -819.473 0 
1 824.559 0.326681 0.0223722 0.660831 -0.691459 -1.37691 -0.129182 -4.44912 -819.981 0 
1 824.405 0.325772 0.0224179 0.661807 -0.685283 -1.42249 -0.189041 -4.29118 -819.925 0 
1 826.88 0.33201 0.0224751 0.658297 -0.683734 -1.44407 -1.24316 -5.25328 -820.384 0 
1 826.726 0.332266 0.0224402 0.658153 -0.684488 -1.45758 -1.07774 -5.353 -820.295 0 
1 828.004 0.330927 0.0225578 0.658393 -0.667103 -1.43459 -2.12604 -4.71079 -821.168 0 
8 827.956 0.325712 0.0226807 0.662613 -0.673343 -1.40277 -3.22042 -4.19296 -820.543 0 
1 828.519 0.324793 0.0227286 0.662666 -0.669555 -1.38215 -3.58104 -4.16593 -820.772 0 
4 826.207 0.325383 0.0225644 0.660554 -0.666712 -1.37936 -1.00717 -4.20488 -820.995 0 
2 824.749 0.32199 0.0224862 0.663844 -0.683961 -1.36326 -0.702334 -4.05215 -819.994 0 
1 825.098 0.328495 0.0224188 0.659657 -0.688574 -1.38037 -0.210848 -4.65963 -820.227 0 
1 823.596 0.322815 0.0224169 0.665681 -0.716483 -1.33098 -0.091526 -4.34945 -819.155 0 
1 824.37 0.322488 0.0224741 0.664998 -0.711773 -1.30616 -0.786933 -4.24148 -819.342 0 
1 825.582 0.326718 0.0222548 0.663 -0.735013 -1.31342 -1.20696 -5.4044 -818.971 0 
3 825.561 0.322086 0.022448 0.668557 -0.749774 -1.28664 -1.83011 -4.98719 -818.744 0 
3 825.551 0.327048 0.0223278 0.662232 -0.725976 -1.3053 -1.18535 -5.16334 -819.203 0 
3 826.383 0.31975 0.0224616 0.665646 -0.709734 -1.28011 -2.96828 -4.06258 -819.352 0 
4 826.567 0.324764 0.0224773 0.660344 -0.680545 -1.3258 -1.76108 -4.22186 -820.584 0 
1 824.76 0.31803 0.0223421 0.667102 -0.70576 -1.32336 -1.49777 -4.03205 -819.23 0 
1 824.311 0.320096 0.0224511 0.665399 -0.700294 -1.30295 -0.698822 -4.04954 -819.562 0 
2 823.794 0.31499 0.0225023 0.670983 -0.718924 -1.28554 -0.724213 -4.10304 -818.967 0 
1 824.576 0.322029 0.0223816 0.664618 -0.708406 -1.28924 -0.937029 -4.16061 -819.478 0 
3 825.146 0.325785 0.0224014 0.66336 -0.721268 -1.26299 -1.03808 -4.69352 -819.415 0 
2 825.906 0.33175 0.0223313 0.657713 -0.717553 -1.2328 -0.0426846 -5.75873 -820.104 0 
4 824.9 0.328029 0.0223576 0.662443 -0.738002 -1.23259 -0.226136 -5.47256 -819.201 0 
1 824.531 0.317353 0.0223816 0.672124 -0.763813 -1.18902 -1.31915 -4.4374 -818.775 0 
2 824.66 0.318171 0.0226114 0.668819 -0.726665 -1.19084 -1.40657 -4.09591 -819.157 0 
1 826.616 0.316408 0.022611 0.669968 -0.729917 -1.20854 -3.55116 -4.07296 -818.992 0 
2 825.938 0.315676 0.0226577 0.672375 -0.738764 -1.22595 -2.97224 -4.12605 -818.839 0 
5 824.976 0.318997 0.0225553 0.671465 -0.752153 -1.23287 -1.74834 -4.46121 -818.766 0 
1 824.802 0.315668 0.0225655 0.673157 -0.752769 -1.22155 -1.74452 -4.27735 -818.78 0 
1 824.17 0.309996 0.0223811 0.679344 -0.790071 -1.18002 -0.0193179 -4.72205 -819.429 0 
1 824.09 0.314855 0.0223796 0.675273 -0.796585 -1.08866 -0.326724 -4.70601 -819.057 0 
1 824.992 0.315709 0.0226285 0.67277 -0.768719 -1.04471 -1.94599 -4.20694 -818.84 0 
2 824.916 0.321784 0.0225242 0.666771 -0.750705 -1.07901 -1.2824 -4.51 -819.123 0 
3 824.588 0.324875 0.0224624 0.66234 -0.721783 -1.16721 -0.259925 -4.57763 -819.75 0 
3 824.595 0.32605 0.0222661 0.663133 -0.749156 -1.16862 -0.278079 -5.25006 -819.067 0 
3 824.895 0.32697 0.0222539 0.661916 -0.746656 -1.1605 -0.346989 -5.36362 -819.185 0 
1 825.496 0.319549 0.022389 0.665611 -0.727513 -1.1287 -1.88605 -4.20186 -819.408 0 
5 825.344 0.31447 0.0222738 0.671803 -0.753048 -1.17482 -2.3754 -4.16558 -818.803 0 
2 824.338 0.312328 0.0223609 0.67303 -0.743652 -1.20307 -1.31559 -4.2022 -818.821 0 
1 824.514 0.313203 0.0225472 0.672221 -0.714523 -1.28654 -1.28648 -4.23504 -818.992 0 
2 824.215 0.317741 0.0224183 0.669866 -0.726197 -1.29331 -1.19859 -4.10945 -818.907 0 
2 823.814 0.324043 0.0223047 0.665181 -0.72996 -1.31641 -0.0968901 -4.75224 -818.965 0 
1 823.619 0.316482 0.0222879 0.671879 -0.749175 -1.31231 -0.370689 -4.48246 -818.766 0 
1 823.958 0.319668 0.0223258 0.667075 -0.725168 -1.26937 -0.775123 -4.15518 -819.027 0 
2 825.217 0.31294 0.0223354 0.675092 -0.75385 -1.26252 -2.05069 -4.32561 -818.841 0 
2 823.68 0.319093 0.0222976 0.670866 -0.755364 -1.30147 -0.163148 -4.77794 -818.739 0 
4 824.397 0.324955 0.0223731 0.665687 -0.746847 -1.24174 -0.357333 -5.15019 -818.889 0 
1 824.31 0.319303 0.0223618 0.672012 -0.772241 -1.25171 -0.374551 -5.13549 -818.8 0 
3 824.488 0.322191 0.0223909 0.668547 -0.759701 -1.23936 -0.635171 -5.1168 -818.736 0 
2 825.221 0.328204 0.0222784 0.661932 -0.739295 -1.25697 -0.463289 -5.65598 -819.102 0 
3 823.648 0.321225 0.0224679 0.667255 -0.731889 -1.2427 -0.303255 -4.32369 -819.021 0 
4 823.467 0.316446 0.0224415 0.671664 -0.744954 -1.23215 -0.47755 -4.19381 -818.795 0 
2 823.161 0.31614 0.0224057 0.67233 -0.749764 -1.25555 -0.0863451 -4.30418 -818.77 0 
1 823.802 0.317081 0.0224402 0.671867 -0.749743 -1.23447 -0.74442 -4.28351 -818.774 0 
4 824.083 0.317181 0.0224215 0.668378 -0.730336 -1.17816 -0.910427 -4.09167 -819.081 0 
2 824.577 0.311508 0.0223938 0.673262 -0.748359 -1.14361 -1.50841 -4.228 -818.84 0 
2 823.537 0.313926 0.0224474 0.672378 -0.768357 -1.04471 -0.533355 -4.16362 -818.84 0 
2 823.584 0.318212 0.0224506 0.668719 -0.747923 -1.11558 -0.424399 -4.19624 -818.964 0 
4 823.811 0.314294 0.0223563 0.672372 -0.763091 -1.11565 -0.813899 -4.18252 -818.815 0 
3 824.445 0.313454 0.0223516 0.67402 -0.766759 -1.14211 -1.36908 -4.23894 -818.837 0 
2 824.769 0.31096 0.0224303 0.678098 -0.782342 -1.14482 -1.22202 -4.44038 -819.107 0 
3 823.999 0.316181 0.0224794 0.670213 -0.744163 -1.16154 -0.995765 -4.119 -818.884 0 
1 824.087 0.315131 0.0224972 0.670318 -0.731951 -1.18798 -1.02159 -4.09408 -818.971 0 
1 824.457 0.319029 0.0224935 0.667818 -0.732173 -1.20755 -1.26726 -4.15671 -819.033 0 
2 823.464 0.315697 0.0223799 0.672363 -0.752896 -1.22091 -0.429326 -4.2549 -818.78 0 
1 824.101 0.314685 0.0224301 0.670617 -0.73365 -1.18659 -1.0498 -4.11102 -818.94 0 
7 825.357 0.324294 0.0223758 0.662053 -0.706059 -1.24334 -1.09767 -4.3482 -819.911 0 
1 824.563 0.325506 0.0222508 0.664097 -0.750738 -1.21411 -0.333318 -5.32262 -818.907 0 
1 825.185 0.326949 0.0223007 0.663857 -0.755666 -1.21193 -0.504791 -5.79983 -818.88 0 
1 824.288 0.320931 0.0223389 0.669384 -0.765068 -1.23177 -0.476744 -5.076 -818.735 0 
1 823.909 0.318951 0.0224454 0.671413 -0.759056 -1.23882 -0.519556 -4.64036 -818.749 0 
3 826.145 0.313445 0.0224065 0.676317 -0.765532 -1.24165 -2.80181 -4.43119 -818.912 0 
1 825.034 0.317741 0.0224566 0.672094 -0.750347 -1.24996 -1.92078 -4.351 -818.762 0 
7 827.429 0.322446 0.0222568 0.669252 -0.769895 -1.22817 -3.36458 -5.33841 -818.726 0 
2 827.373 0.314486 0.0222088 0.675013 -0.781166 -1.19863 -3.7057 -4.6491 -819.018 0 
5 825.945 0.307387 0.0222735 0.681193 -0.789132 -1.21281 -1.33295 -4.88654 -819.725 0 
2 825.888 0.31223 0.0222591 0.676803 -0.78408 -1.18172 -2.15229 -4.58423 -819.152 0 
2 825.152 0.310083 0.0224591 0.673813 -0.745704 -1.11589 -1.91596 -4.36572 -818.87 0 
2 825.244 0.31157 0.0224965 0.677016 -0.774258 -1.12157 -2.02827 -4.28654 -818.929 0 
4 825.008 0.313765 0.0223466 0.671383 -0.747068 -1.13643 -2.00969 -4.13639 -818.862 0 
2 823.989 0.311401 0.0223856 0.674677 -0.760496 -1.14171 -0.90384 -4.23816 -818.847 0 
1 826.103 0.306521 0.0224923 0.677646 -0.747303 -1.14401 -2.40562 -4.81121 -818.886 0 
3 824.58 0.30875 0.0224673 0.67633 -0.74792 -1.17969 -1.24721 -4.47353 -818.86 0 
1 824.284 0.312537 0.0225803 0.67355 -0.734942 -1.20086 -1.20857 -4.2033 -818.873 0 
1 824.402 0.312257 0.0223697 0.674136 -0.742579 -1.24958 -1.34836 -4.24423 -818.809 0 
4 825.581 0.305971 0.0223728 0.679219 -0.761834 -1.19313 -1.70817 -4.77251 -819.101 0 
2 824.266 0.308339 0.0225308 0.67834 -0.763446 -1.1487 -0.855734 -4.45701 -818.953 0 
2 824.023 0.315505 0.02256 0.672605 -0.754606 -1.14364 -1.04435 -4.16052 -818.818 0 
2 824.087 0.313488 0.0224197 0.672015 -0.746136 -1.14394 -1.08714 -4.14196 -818.858 0 
5 824.018 0.318219 0.0223343 0.667744 -0.737803 -1.18117 -0.898065 -4.14522 -818.975 0 
11 823.826 0.322234 0.0223437 0.665212 -0.744624 -1.14371 -0.221118 -4.52674 -819.078 0 
7 824.627 0.326448 0.0223105 0.66307 -0.759936 -1.09775 -0.0626561 -5.49078 -819.074 0 
1 826.932 0.326822 0.0222977 0.659702 -0.733282 -1.11979 -2.16928 -5.05011 -819.712 0 
1 827.312 0.32262 0.0221629 0.663658 -0.749127 -1.14911 -3.62155 -4.695 -818.996 0 
1 828.067 0.32659 0.0220598 0.66198 -0.757898 -1.18832 -3.43087 -5.74696 -818.889 0 
2 827.998 0.328758 0.0221743 0.65927 -0.733181 -1.22559 -3.05249 -5.55488 -819.391 0 
1 826.29 0.329282 0.022349 0.657346 -0.700899 -1.23514 -0.710911 -4.97969 -820.599 0 
1 825.594 0.325072 0.022264 0.662116 -0.731972 -1.2088 -1.52363 -4.7853 -819.285 0 
3 825.539 0.327829 0.0222547 0.659502 -0.716371 -1.2345 -0.766201 -4.94027 -819.833 0 
2 824.297 0.325658 0.0223737 0.663414 -0.734507 -1.22922 -0.168933 -4.94554 -819.182 0 
1 823.822 0.321569 0.0223722 0.665844 -0.7355 -1.18698 -0.355278 -4.3522 -819.114 0 
1 824.226 0.318404 0.0224173 0.667188 -0.724941 -1.21662 -1.00979 -4.08761 -819.129 0 
1 824.659 0.31975 0.0225457 0.665885 -0.707531 -1.23825 -0.984556 -4.09484 -819.58 0 
1 825.674 0.315478 0.0225538 0.673342 -0.749023 -1.19564 -2.71251 -4.15903 -818.802 0 
4 823.661 0.313891 0.0224894 0.67429 -0.765628 -1.13512 -0.614459 -4.22449 -818.822 0 
4 824.583 0.310467 0.022371 0.679548 -0.79614 -1.16701 -0.277693 -4.78871 -819.517 0 
1 825.022 0.307051 0.0224398 0.682476 -0.796121 -1.16429 -0.385167 -4.84548 -819.791 0 
1 825.403 0.310181 0.0223894 0.680253 -0.804865 -1.12142 -0.982075 -4.78385 -819.637 0 
1 825.976 0.313055 0.0225865 0.676885 -0.777343 -1.12078 -2.74643 -4.31691 -818.913 0 
3 825.758 0.304463 0.0225239 0.683319 -0.78209 -1.14458 -1.34741 -4.90312 -819.507 0 
3 825.153 0.305564 0.0224118 0.681811 -0.776138 -1.19614 -0.862692 -4.85407 -819.436 0 
3 826.424 0.310429 0.0227006 0.675694 -0.734527 -1.17681 -3.11898 -4.41843 -818.886 0 
1 824.394 0.313668 0.022546 0.673705 -0.74154 -1.20959 -1.41881 -4.15091 -818.824 0 
5 824.228 0.314805 0.0225249 0.673201 -0.738129 -1.25518 -1.2724 -4.14695 -818.808 0 
1 824.224 0.315598 0.0222348 0.672649 -0.760612 -1.27567 -0.820723 -4.57385 -818.829 0 
6 825.368 0.314835 0.0222678 0.676471 -0.798338 -1.23081 -0.434892 -5.48252 -819.451 0 
1 826.032 0.310327 0.0222631 0.678305 -0.801708 -1.14538 -1.51959 -4.8971 -819.615 0 
2 824.104 0.317304 0.0223436 0.670231 -0.764917 -1.14024 -0.917416 -4.39892 -818.788 0 
1 824.674 0.321053 0.0225012 0.666688 -0.75173 -1.0936 -1.16569 -4.47081 -819.038 0 
5 826.187 0.324466 0.0226244 0.663903 -0.731785 -1.10807 -1.88121 -4.64949 -819.656 0 
4 826.367 0.329624 0.02241 0.657362 -0.715593 -1.13113 -0.467292 -5.30865 -820.591 0 
1 825.706 0.330395 0.0223094 0.658873 -0.740693 -1.11764 -0.0715484 -5.90973 -819.724 0 
1 825.116 0.326855 0.0222753 0.661306 -0.752117 -1.08245 -0.428457 -5.37334 -819.314 0 
1 827.328 0.333224 0.0223429 0.654741 -0.717235 -1.12556 -0.291305 -6.1293 -820.908 0 
1 824.438 0.322382 0.0222591 0.665328 -0.76089 -1.10093 -0.715917 -4.80212 -818.92 0 
3 825.133 0.315378 0.0222913 0.672024 -0.767707 -1.11914 -2.07266 -4.25305 -818.807 0 
3 824.102 0.315755 0.0223299 0.671571 -0.77466 -1.05927 -1.00201 -4.27865 -818.821 0 
1 823.636 0.315658 0.0223367 0.672757 -0.789954 -1.05547 -0.191758 -4.54603 -818.898 0 
11 823.624 0.315842 0.0223064 0.672508 -0.780893 -1.11364 -0.244683 -4.52051 -818.859 0 
5 824.425 0.316504 0.0222395 0.672664 -0.781524 -1.18658 -0.645847 -4.85989 -818.919 0 
1 824.999 0.315176 0.0221861 0.674137 -0.787549 -1.19925 -0.940671 -4.96238 -819.096 0 
1 825.092 0.321068 0.0222641 0.666211 -0.729217 -1.26018 -1.78981 -4.28055 -819.021 0 
3 824.867 0.320914 0.0222223 0.665609 -0.725253 -1.29489 -1.58561 -4.27926 -819.002 0 
1 824.646 0.325745 0.0223312 0.665409 -0.74447 -1.29014 -0.426047 -5.3753 -818.844 0 
5 824.361 0.318408 0.022361 0.671692 -0.759336 -1.29945 -0.727811 -4.86736 -818.766 0 
1 826.992 0.316061 0.0222666 0.672119 -0.755924 -1.31938 -3.4644 -4.71108 -818.816 0 
3 825.77 0.314501 0.022182 0.673096 -0.760435 -1.29774 -2.25671 -4.62624 -818.887 0 
5 824.624 0.316727 0.0223365 0.66933 -0.734772 -1.25758 -1.63177 -4.14562 -818.847 0 
4 825.636 0.313677 0.0223199 0.673106 -0.755253 -1.24829 -2.45526 -4.35814 -818.822 0 
3 826.022 0.314074 0.0221559 0.672618 -0.759684 -1.23364 -2.83464 -4.35626 -818.831 0 
3 825.351 0.314857 0.0222291 0.672412 -0.751365 -1.2561 -2.27999 -4.2839 -818.787 0 
1 826.819 0.313408 0.0221317 0.676751 -0.791401 -1.25709 -2.17863 -5.18477 -819.455 0 
1 825.914 0.310053 0.0222181 0.680266 -0.801345 -1.23976 -0.618852 -5.2888 -820.006 0 
1 826.176 0.31103 0.0222177 0.679878 -0.808884 -1.20445 -0.791151 -5.35723 -820.028 0 
1 826.537 0.308789 0.0222895 0.682852 -0.815644 -1.22669 -0.201048 -5.66304 -820.673 0 
4 826.473 0.306896 0.0223836 0.683833 -0.814928 -1.18091 -0.45949 -5.39113 -820.622 0 
3 826.781 0.314456 0.0222898 0.677429 -0.805902 -1.23296 -1.26396 -5.80177 -819.716 0 
3 826.401 0.312113 0.0224147 0.679086 -0.788957 -1.28143 -1.56308 -5.26564 -819.572 0 
2 825.862 0.314832 0.0221898 0.676298 -0.794774 -1.27709 -0.740416 -5.61758 -819.504 0 
3 826.523 0.309087 0.0221999 0.68039 -0.794843 -1.2787 -1.14149 -5.34206 -820.04 0 
3 826.565 0.306349 0.0223034 0.683643 -0.809432 -1.21713 -0.472293 -5.45125 -820.641 0 
3 824.838 0.311662 0.0223418 0.679144 -0.799832 -1.2011 -0.0843501 -5.10554 -819.648 0 
7 828.056 0.309116 0.0222428 0.683441 -0.824368 -1.22724 -1.04452 -5.96133 -821.05 0 
4 824.483 0.320187 0.0222665 0.670938 -0.775952 -1.23761 -0.369422 -5.31812 -818.795 0 
3 824.393 0.316177 0.0222378 0.673652 -0.77301 -1.26072 -0.620522 -4.84668 -818.925 0 
1 823.984 0.322177 0.0224046 0.668182 -0.746653 -1.28357 -0.357149 -4.85689 -818.77 0 
8 824.795 0.32189 0.0222995 0.669275 -0.757601 -1.33148 -0.6824 -5.40561 -818.707 0 
1 825.31 0.317599 0.0223605 0.672018 -0.76159 -1.28567 -1.69603 -4.8234 -818.79 0 
2 823.153 0.315358 0.0224252 0.672538 -0.730989 -1.34692 -0.144588 -4.22954 -818.779 0 
2 823.603 0.319742 0.0224232 0.666934 -0.694174 -1.42728 -0.316953 -4.02449 -819.262 0 
2 823.552 0.318337 0.0224446 0.668584 -0.685883 -1.50366 -0.335102 -4.04259 -819.174 0 
1 824.281 0.317484 0.0225371 0.670138 -0.687624 -1.49713 -1.09222 -4.06596 -819.123 0 
4 824.68 0.32186 0.0224952 0.664013 -0.670814 -1.45905 -0.680591 -3.97473 -820.025 0 
5 825.919 0.324191 0.0226036 0.665429 -0.691213 -1.4381 -2.15929 -4.22055 -819.539 0 
1 824.188 0.323906 0.0224713 0.664208 -0.688873 -1.44946 -0.444358 -4.19294 -819.55 0 
1 824.681 0.321473 0.0223931 0.664034 -0.677135 -1.43765 -0.838124 -3.98655 -819.857 0 
5 824.215 0.320578 0.0224411 0.665865 -0.679606 -1.46533 -0.644398 -3.97954 -819.591 0 
1 824.38 0.322851 0.0224224 0.6635 -0.664671 -1.52522 -0.403519 -3.96449 -820.012 0 
2 823.846 0.323716 0.0223432 0.665412 -0.685075 -1.56799 -0.316728 -4.31069 -819.218 0 
6 824.052 0.324446 0.022322 0.663303 -0.682284 -1.52185 -0.309146 -4.24325 -819.5 0 
3 824.83 0.326263 0.0223748 0.661591 -0.685593 -1.45882 -0.660895 -4.39563 -819.774 0 
2 825.754 0.329707 0.0224458 0.660122 -0.693373 -1.41838 -0.821077 -5.00519 -819.928 0 
3 826.892 0.330712 0.0224995 0.660937 -0.702684 -1.40785 -1.77695 -5.4066 -819.708 0 
1 825.93 0.322294 0.0225114 0.669646 -0.739907 -1.34636 -2.33403 -4.84656 -818.749 0 
4 824.808 0.315778 0.022472 0.675609 -0.761057 -1.33297 -1.12603 -4.78853 -818.893 0 
1 825.183 0.307564 0.0225607 0.680795 -0.751505 -1.33951 -1.18066 -4.8471 -819.155 0 
7 824.899 0.30837 0.0223885 0.681568 -0.775697 -1.32029 -0.228508 -5.0371 -819.634 0 
3 826.835 0.309037 0.0224174 0.683434 -0.796364 -1.3278 -0.870619 -5.62131 -820.343 0 
2 826.916 0.303841 0.0225335 0.686018 -0.784237 -1.2987 -1.13302 -5.49425 -820.288 0 
4 826.434 0.30551 0.0224464 0.684856 -0.794575 -1.27813 -0.574227 -5.43935 -820.42 0 
1 826.147 0.314405 0.0224788 0.677979 -0.783741 -1.28978 -1.64288 -5.21864 -819.286 0 
3 824.731 0.31735 0.0224614 0.672918 -0.750446 -1.33992 -1.28303 -4.68413 -818.764 0 
1 824.738 0.312135 0.022614 0.675658 -0.738957 -1.28024 -1.65559 -4.27426 -818.808 0 
2 824.917 0.318207 0.0226242 0.668632 -0.707913 -1.29996 -1.62271 -4.035 -819.259 0 
3 824.135 0.31784 0.0225646 0.668948 -0.708558 -1.31892 -0.92966 -4.03523 -819.17 0 
2 826.78 0.3107 0.0225759 0.675128 -0.724765 -1.3281 -3.54718 -4.40428 -818.829 0 
5 827.579 0.31173 0.0225254 0.674167 -0.728799 -1.32066 -4.45035 -4.31422 -818.815 0 
1 826.209 0.309048 0.0225039 0.677276 -0.749085 -1.26214 -2.77691 -4.51433 -818.918 0 
1 824.502 0.311222 0.0225253 0.677883 -0.757632 -1.29847 -0.969169 -4.54693 -818.986 0 
2 825.178 0.310687 0.0225687 0.678618 -0.754411 -1.32288 -1.57332 -4.59779 -819.007 0 
1 824.056 0.310312 0.0224617 0.678959 -0.756243 -1.3442 -0.258652 -4.69821 -819.099 0 
1 825.008 0.309786 0.0223853 0.680273 -0.772037 -1.35749 -0.34366 -5.12076 -819.543 0 
1 824.79 0.308171 0.022344 0.679255 -0.746598 -1.40076 -0.686787 -4.92795 -819.176 0 
1 824.89 0.307716 0.0224287 0.678915 -0.739322 -1.37531 -1.01936 -4.84704 -819.023 0 
1 826.407 0.304159 0.0223176 0.682445 -0.7664 -1.30616 -1.46208 -5.28729 -819.658 0 
4 826.086 0.309566 0.0224351 0.677014 -0.739534 -1.35784 -2.54543 -4.61796 -818.922 0 
1 824.89 0.310771 0.0222886 0.675797 -0.733914 -1.4112 -1.39482 -4.60281 -818.892 0 
2 823.869 0.313826 0.0225462 0.673603 -0.71287 -1.41425 -0.792436 -4.24398 -818.832 0 
3 824.224 0.320109 0.0224604 0.667053 -0.703126 -1.39765 -0.983144 -4.08964 -819.151 0 
1 825.656 0.319123 0.0224076 0.667637 -0.719571 -1.3323 -2.52903 -4.16559 -818.962 0 
1 824.382 0.315209 0.0223043 0.67073 -0.721126 -1.36565 -1.38642 -4.17272 -818.823 0 
2 824.937 0.320742 0.0221484 0.668229 -0.740503 -1.37998 -1.37506 -4.84794 -818.714 0 
2 824.48 0.312675 0.0222552 0.676804 -0.754225 -1.41745 -0.484138 -4.89967 -819.097 0 
2 824.159 0.313658 0.022352 0.6766 -0.754522 -1.4197 -0.148843 -4.95839 -819.052 0 
1 824.127 0.309543 0.0224848 0.678994 -0.73936 -1.4154 -0.353464 -4.76193 -819.012 0 
1 824.699 0.315752 0.0225479 0.673562 -0.71855 -1.42575 -1.67645 -4.23422 -818.789 0 
5 824.057 0.314314 0.0225455 0.674263 -0.714261 -1.44868 -0.973812 -4.28537 -818.798 0 
3 824.627 0.314195 0.0226027 0.672142 -0.691459 -1.45027 -1.32878 -4.23653 -819.062 0 
1 824.25 0.316732 0.0223931 0.669173 -0.69957 -1.4375 -1.1537 -4.08606 -819.01 0 
2 824.744 0.313029 0.0226079 0.675345 -0.71824 -1.42643 -1.59965 -4.3447 -818.8 0 
1 825.143 0.309088 0.0225743 0.678679 -0.731088 -1.40552 -1.50762 -4.71727 -818.918 0 
3 825.271 0.310392 0.0226318 0.678195 -0.724754 -1.42639 -1.8259 -4.59157 -818.853 0 
3 826.134 0.315003 0.0225675 0.675573 -0.721519 -1.47869 -2.94595 -4.41701 -818.771 0 
1 826.982 0.316193 0.0224694 0.677249 -0.76324 -1.449 -2.32212 -5.52087 -819.139 0 
5 829.07 0.326298 0.0224787 0.66845 -0.736663 -1.50157 -4.19594 -6.2266 -818.647 0 
1 830.592 0.332832 0.0223279 0.663164 -0.741086 -1.48652 -3.7656 -8.13831 -818.688 0 
1 831.588 0.331488 0.02247 0.664107 -0.734772 -1.47119 -5.53852 -7.286 -818.763 0 
2 828.119 0.325584 0.0223114 0.668964 -0.75365 -1.49201 -2.51154 -6.93692 -818.671 0 
1 827.757 0.327266 0.0222123 0.666773 -0.754437 -1.46572 -1.91606 -7.20708 -818.634 0 
1 827.344 0.324103 0.0223745 0.67005 -0.754637 -1.44995 -2.32001 -6.33578 -818.689 0 
2 827.848 0.326968 0.0222922 0.66738 -0.756115 -1.43964 -2.182 -7.026 -818.64 0 
2 826.881 0.322014 0.0224362 0.671353 -0.738357 -1.4781 -2.8736 -5.32475 -818.683 0 
8 826.069 0.324811 0.0224019 0.667804 -0.718921 -1.51053 -2.13478 -5.17173 -818.762 0 
1 825.653 0.32786 0.0224119 0.664272 -0.706765 -1.50081 -1.33132 -5.24306 -819.078 0 
1 825.926 0.33154 0.022312 0.65828 -0.683805 -1.50088 -0.615955 -5.28264 -820.027 0 
2 826.725 0.332394 0.0223127 0.660497 -0.705617 -1.52333 -1.13041 -6.34482 -819.25 0 
1 824.409 0.325704 0.0223117 0.665455 -0.716988 -1.47251 -0.410064 -5.12188 -818.877 0 
8 826.597 0.333822 0.0222431 0.658274 -0.689983 -1.55347 -0.75822 -6.13124 -819.707 0 
2 826.707 0.333187 0.0222201 0.658867 -0.695832 -1.53255 -1.04133 -6.11031 -819.556 0 
1 827.209 0.332721 0.0222148 0.66063 -0.714249 -1.53791 -1.27593 -6.92618 -819.006 0 
2 825.496 0.325049 0.0222952 0.667906 -0.72883 -1.54117 -1.0024 -5.83691 -818.657 0 
1 825.349 0.327304 0.0223612 0.665097 -0.710244 -1.54655 -0.974798 -5.50146 -818.872 0 
1 826.912 0.330702 0.0221637 0.662543 -0.714825 -1.59575 -1.36833 -6.75771 -818.786 0 
1 826.37 0.320791 0.0220708 0.669748 -0.731105 -1.58093 -2.0783 -5.56891 -818.723 0 
5 825.344 0.323293 0.0221686 0.667015 -0.713313 -1.5931 -1.36712 -5.27451 -818.703 0 
2 824.204 0.320389 0.0222128 0.667693 -0.698494 -1.56043 -0.964091 -4.37216 -818.868 0 
1 824.922 0.326337 0.0223734 0.662321 -0.670002 -1.60707 -0.873686 -4.38073 -819.668 0 
2 825.016 0.320741 0.0224474 0.665473 -0.654209 -1.64284 -1.3258 -3.96844 -819.722 0 
3 824.123 0.320533 0.022429 0.668085 -0.657704 -1.72726 -0.70657 -4.1213 -819.295 0 
3 824.573 0.313943 0.0224613 0.67161 -0.656988 -1.68045 -0.842141 -4.51885 -819.212 0 
5 823.647 0.316196 0.0223733 0.671255 -0.674969 -1.67007 -0.366662 -4.32674 -818.953 0 
1 824.687 0.314519 0.0223877 0.675215 -0.695827 -1.68292 -1.1593 -4.71954 -818.808 0 
2 824.063 0.318001 0.0223894 0.668458 -0.654532 -1.71891 -0.5873 -4.17282 -819.303 0 
1 825.12 0.322523 0.0225461 0.664274 -0.630004 -1.72165 -0.770696 -3.90403 -820.445 0 
8 824.887 0.316732 0.0224335 0.668377 -0.639486 -1.72931 -0.956121 -4.27977 -819.652 0 
1 825.023 0.324614 0.0222876 0.662558 -0.65334 -1.69217 -1.13349 -4.11102 -819.779 0 
1 823.676 0.320175 0.022329 0.667837 -0.666996 -1.71919 -0.324343 -4.26577 -819.085 0 
3 823.703 0.321524 0.0222826 0.667227 -0.665891 -1.74694 -0.282091 -4.33961 -819.082 0 
6 824.776 0.316342 0.022205 0.671797 -0.68889 -1.72351 -1.24173 -4.74477 -818.79 0 
4 825.402 0.317653 0.0221397 0.670293 -0.693917 -1.66745 -2.03914 -4.58804 -818.775 0 
8 824.862 0.316207 0.0222255 0.670529 -0.684139 -1.65648 -1.59583 -4.40804 -818.858 0 
3 825.31 0.315796 0.0222794 0.669858 -0.672105 -1.66037 -1.984 -4.31842 -819.008 0 
13 823.716 0.318701 0.0222863 0.67144 -0.697193 -1.69874 -0.134281 -4.83802 -818.744 0 
3 824.643 0.323886 0.0224251 0.667754 -0.683125 -1.70669 -0.952486 -4.78406 -818.907 0 
11 824.057 0.326161 0.0222859 0.663213 -0.664069 -1.70531 -0.134094 -4.46838 -819.455 0 
1 823.914 0.316432 0.0223418 0.671075 -0.680502 -1.64193 -0.694004 -4.29758 -818.923 0 
1 825.114 0.318325 0.0222518 0.667727 -0.670343 -1.65628 -1.83048 -4.17086 -819.113 0 
3 824.238 0.316128 0.0223741 0.670502 -0.673211 -1.66365 -0.935013 -4.31256 -818.99 0 
3 823.516 0.321136 0.0224412 0.667133 -0.671418 -1.62394 -0.142565 -4.09074 -819.283 0 
8 824.4 0.322729 0.0225165 0.665773 -0.659683 -1.65618 -0.761475 -4.04247 -819.596 0 
1 823.694 0.32305 0.0224123 0.666631 -0.66764 -1.70896 -0.176665 -4.31976 -819.197 0 
3 825.363 0.326792 0.0224401 0.660067 -0.620213 -1.75424 -0.341001 -3.89935 -821.122 0 
1 825.427 0.331676 0.0222551 0.658804 -0.642927 -1.80595 -0.329296 -4.95084 -820.147 0 
3 825.239 0.330118 0.0222902 0.659601 -0.632116 -1.82349 -0.396957 -4.4384 -820.403 0 
2 825.787 0.331423 0.0223082 0.658498 -0.640812 -1.78036 -0.649454 -4.78041 -820.357 0 
3 825.395 0.330605 0.0223908 0.659931 -0.636262 -1.79491 -0.452967 -4.52758 -820.414 0 
7 824.894 0.327592 0.0222889 0.663143 -0.657477 -1.81873 -0.656559 -4.91997 -819.317 0 
2 824.658 0.325438 0.0221869 0.664258 -0.658946 -1.82381 -0.761242 -4.72645 -819.17 0 
3 824.802 0.318325 0.0223704 0.671095 -0.660403 -1.81842 -1.3769 -4.45924 -818.966 0 
3 824.289 0.316611 0.0224321 0.67354 -0.667238 -1.84063 -0.68529 -4.74739 -818.856 0 
4 824.773 0.318491 0.0224935 0.668821 -0.640949 -1.81071 -1.13728 -4.23062 -819.405 0 
2 824.71 0.320832 0.0225114 0.666777 -0.633906 -1.77899 -0.826043 -4.00843 -819.875 0 
2 825.454 0.321499 0.0224154 0.66689 -0.641798 -1.78479 -1.79601 -4.04572 -819.612 0 
1 826.055 0.317939 0.0222928 0.668777 -0.640233 -1.82295 -2.4122 -4.27752 -819.366 0 
1 826.823 0.320569 0.0224781 0.666168 -0.616816 -1.83119 -2.46549 -4.05511 -820.302 0 
1 826.986 0.317416 0.0225568 0.667727 -0.603543 -1.86437 -1.97741 -4.51404 -820.494 0 
1 825.537 0.310015 0.0224208 0.675538 -0.646132 -1.83669 -1.02884 -5.44579 -819.063 0 
8 825.354 0.310214 0.0224019 0.675938 -0.647911 -1.85993 -0.88599 -5.4427 -819.026 0 
2 826.031 0.314222 0.0224517 0.67094 -0.624174 -1.84461 -1.61541 -4.81133 -819.605 0 
2 824.85 0.312643 0.022413 0.673783 -0.646603 -1.8308 -0.822948 -4.94435 -819.082 0 
1 824.49 0.314845 0.0223418 0.672096 -0.6469 -1.85295 -0.731553 -4.68641 -819.072 0 
1 824.913 0.317073 0.0222116 0.670949 -0.665486 -1.8165 -1.41672 -4.60562 -818.891 0 
2 823.485 0.319653 0.0224028 0.669406 -0.657359 -1.80754 -0.0499327 -4.37099 -819.064 0 
2 825.798 0.31963 0.0224081 0.668328 -0.650185 -1.82604 -2.27518 -4.35159 -819.171 0 
1 824.615 0.31966 0.0223235 0.667731 -0.648131 -1.82564 -1.09197 -4.30276 -819.22 0 
3 824.187 0.317449 0.0223586 0.669327 -0.63763 -1.8638 -0.490227 -4.39754 -819.299 0 
1 824.444 0.313663 0.0223398 0.673364 -0.650766 -1.87474 -0.536825 -4.92419 -818.983 0 
2 825.004 0.317758 0.0223163 0.668046 -0.631516 -1.85879 -1.18986 -4.32456 -819.489 0 
4 825.083 0.324179 0.0223428 0.662514 -0.616619 -1.84335 -0.656782 -3.90253 -820.524 0 
5 827.701 0.317035 0.0223221 0.669961 -0.640771 -1.82316 -4.02364 -4.35891 -819.318 0 
4 825.613 0.319016 0.0222425 0.667032 -0.635929 -1.83283 -1.9147 -4.1982 -819.5 0 
7 826.378 0.312201 0.0222739 0.673166 -0.643145 -1.86485 -2.20853 -5.0881 -819.082 0 
1 826.136 0.310445 0.0225085 0.674531 -0.636852 -1.80662 -1.45941 -5.41302 -819.263 0 
2 827.157 0.314011 0.022582 0.671554 -0.615657 -1.86096 -2.38263 -4.9621 -819.812 0 
1 827.252 0.311919 0.0224713 0.680488 -0.696811 -1.85448 -2.33139 -5.74111 -819.179 0 
5 826.863 0.315548 0.0226563 0.674936 -0.660452 -1.83997 -3.23264 -4.71452 -818.916 0 
2 826.641 0.310904 0.0225854 0.678664 -0.669533 -1.81209 -2.49189 -5.22707 -818.922 0 
1 825.469 0.313718 0.0224676 0.675499 -0.665733 -1.81355 -1.73975 -4.83372 -818.895 0 
1 824.204 0.311824 0.0224075 0.6768 -0.681009 -1.76625 -0.25867 -5.05744 -818.888 0 
2 824.293 0.317415 0.0224431 0.672665 -0.674687 -1.76539 -0.889668 -4.55481 -818.849 0 
1 824.135 0.316107 0.0225331 0.671916 -0.660086 -1.73994 -0.685905 -4.37801 -819.071 0 
1 824.304 0.319331 0.0224662 0.666907 -0.643118 -1.70422 -0.492994 -4.04003 -819.771 0 
1 823.363 0.320557 0.0223722 0.668581 -0.674002 -1.70788 -0.0203844 -4.35804 -818.985 0 
2 823.63 0.319243 0.0223488 0.668422 -0.657484 -1.74917 -0.235169 -4.20446 -819.19 0 
1 823.944 0.321552 0.0224402 0.666374 -0.648396 -1.75286 -0.342852 -4.07782 -819.524 0 
4 824.13 0.324294 0.0223597 0.66371 -0.647353 -1.74524 -0.280931 -4.10537 -819.743 0 
2 824.198 0.323713 0.0224555 0.665234 -0.654326 -1.72687 -0.498062 -4.15277 -819.547 0 
1 823.631 0.316393 0.0223622 0.672368 -0.681348 -1.70643 -0.294655 -4.49838 -818.838 0 
2 825.19 0.31521 0.022436 0.67555 -0.701791 -1.6721 -1.62861 -4.76173 -818.799 0 
2 824.287 0.320945 0.0224766 0.669576 -0.675142 -1.71608 -0.926573 -4.40353 -818.957 0 
2 824.306 0.321894 0.0223651 0.669168 -0.686425 -1.7018 -0.808163 -4.66865 -818.829 0 
5 824.004 0.324372 0.0224376 0.665392 -0.665827 -1.68338 -0.333386 -4.28164 -819.389 0 
1 825.219 0.326209 0.0224091 0.661753 -0.653783 -1.65429 -1.01108 -4.15558 -820.052 0 
1 826.708 0.327537 0.0224676 0.660185 -0.654885 -1.58921 -2.03512 -4.20729 -820.465 0 
5 826.861 0.320493 0.0225003 0.663929 -0.657483 -1.51106 -2.68836 -3.96551 -820.207 0 
2 824.979 0.313735 0.0225576 0.671568 -0.680558 -1.50168 -1.50379 -4.33337 -819.142 0 
1 825.846 0.314002 0.0225181 0.669551 -0.66927 -1.47359 -1.86979 -4.44621 -819.53 0 
5 823.873 0.314804 0.0224356 0.671623 -0.685991 -1.53934 -0.63234 -4.25332 -818.987 0 
4 825.04 0.311566 0.0225977 0.675373 -0.685789 -1.55448 -1.49276 -4.62371 -818.924 0 
7 824.891 0.317238 0.0225627 0.66974 -0.671511 -1.55108 -1.45416 -4.09063 -819.346 0 
8 823.386 0.314743 0.0224255 0.674203 -0.71374 -1.53348 -0.101779 -4.50526 -818.778 0 
6 823.524 0.3153 0.0223212 0.67348 -0.710412 -1.57202 -0.18666 -4.56296 -818.774 0 
4 823.831 0.311489 0.02238 0.676255 -0.712521 -1.53858 -0.304011 -4.68034 -818.847 0 
2 823.917 0.320894 0.0222526 0.669488 -0.719286 -1.54877 -0.276667 -4.93717 -818.703 0 
3 824.985 0.322821 0.0222046 0.666278 -0.710475 -1.53009 -1.36676 -4.81698 -818.801 0 
3 824.614 0.324322 0.0222366 0.667195 -0.723528 -1.52593 -0.511508 -5.40595 -818.696 0 
1 824.857 0.322871 0.022368 0.666053 -0.684863 -1.54521 -1.41904 -4.1784 -819.26 0 
1 824.192 0.319052 0.022388 0.67005 -0.708824 -1.47723 -1.10122 -4.24571 -818.845 0 
2 823.931 0.321083 0.0223597 0.667293 -0.692991 -1.51232 -0.684527 -4.15593 -819.09 0 
1 824.079 0.314852 0.0223131 0.671499 -0.702447 -1.49201 -0.977421 -4.25311 -818.848 0 
8 823.519 0.315715 0.0223449 0.671259 -0.706529 -1.47859 -0.457823 -4.2306 -818.831 0 
1 824.107 0.314188 0.0223237 0.671949 -0.709356 -1.45291 -1.01457 -4.2671 -818.825 0 
4 823.737 0.316302 0.0223654 0.673465 -0.733864 -1.46763 -0.253192 -4.70681 -818.777 0 
10 824.128 0.318424 0.0222591 0.672097 -0.735852 -1.50531 -0.305099 -5.06367 -818.76 0 
15 823.586 0.319928 0.0222961 0.669667 -0.718554 -1.51014 -0.186379 -4.66961 -818.73 0 
8 824.876 0.321888 0.0224217 0.668143 -0.705667 -1.54111 -1.41992 -4.62646 -818.829 0 
1 824.6 0.309519 0.0224545 0.67974 -0.739675 -1.4811 -0.423445 -5.01402 -819.163 0 
3 824.467 0.313404 0.0223651 0.677553 -0.759295 -1.4253 -0.186991 -5.10771 -819.172 0 
4 824.607 0.310473 0.0224897 0.679425 -0.738888 -1.46597 -0.69942 -4.84903 -819.059 0 
5 826.399 0.31124 0.0222888 0.678561 -0.74102 -1.49762 -2.32586 -4.94784 -819.125 0 
2 825.462 0.308605 0.0223789 0.682098 -0.763558 -1.44012 -0.432489 -5.32529 -819.704 0 
1 824.245 0.310294 0.0224079 0.679416 -0.750743 -1.43501 -0.0640379 -4.9632 -819.217 0 
1 824.808 0.308519 0.0225569 0.677822 -0.722323 -1.38795 -1.1992 -4.74454 -818.864 0 
4 823.606 0.311685 0.022446 0.675226 -0.727185 -1.37439 -0.402021 -4.39212 -818.812 0 
2 825.978 0.316016 0.0222107 0.669211 -0.701555 -1.45191 -2.91141 -4.13374 -818.932 0 
4 824.999 0.315042 0.0221765 0.67306 -0.72608 -1.50508 -1.57424 -4.62922 -818.795 0 
4 824.634 0.314333 0.0223328 0.671015 -0.693015 -1.49277 -1.43142 -4.24845 -818.954 0 
1 826.454 0.313127 0.0222318 0.671918 -0.688125 -1.56298 -3.114 -4.43979 -818.9 0 
1 826.582 0.31329 0.0224538 0.672206 -0.677571 -1.53 -3.01213 -4.4475 -819.122 0 
3 826.235 0.307319 0.0224783 0.679346 -0.687844 -1.63496 -1.84036 -5.46078 -818.934 0 
2 825.244 0.310297 0.0225818 0.676905 -0.687661 -1.58231 -1.52273 -4.83709 -818.885 0 
5 825.181 0.318742 0.0226053 0.670769 -0.685552 -1.57458 -2.0236 -4.14304 -819.014 0 
3 823.997 0.32355 0.0223765 0.667083 -0.698024 -1.59216 -0.376322 -4.73894 -818.882 0 
15 823.495 0.318115 0.0224037 0.671778 -0.692429 -1.66319 -0.175143 -4.53363 -818.786 0 
1 825.722 0.316374 0.0223666 0.673261 -0.689341 -1.67827 -2.41648 -4.50522 -818.8 0 
1 826.023 0.322021 0.02248 0.670619 -0.697131 -1.6803 -2.37072 -4.90956 -818.743 0 
1 826.266 0.318815 0.0224506 0.673932 -0.712398 -1.65945 -2.47448 -5.0529 -818.739 0 
1 825 0.314965 0.0224422 0.676422 -0.715939 -1.66836 -0.927196 -5.1709 -818.902 0 
2 824.33 0.320435 0.0223816 0.671251 -0.707168 -1.64799 -0.645058 -4.97457 -818.71 0 
4 824.689 0.321204 0.0224156 0.670752 -0.714367 -1.59188 -0.985598 -5.00303 -818.701 0 
5 825.971 0.327688 0.0223372 0.665512 -0.715194 -1.56582 -1.32539 -5.87629 -818.769 0 
1 825.25 0.31821 0.0223076 0.673322 -0.72857 -1.55599 -1.49846 -4.99119 -818.761 0 
1 823.691 0.322215 0.0223726 0.667294 -0.693461 -1.58562 -0.279423 -4.47325 -818.939 0 
8 825.887 0.318424 0.0224659 0.672316 -0.699126 -1.60293 -2.68926 -4.41316 -818.785 0 
5 823.985 0.3254 0.0224103 0.663334 -0.665062 -1.62087 -0.0646144 -4.19904 -819.722 0 
1 823.919 0.322053 0.022484 0.667182 -0.677579 -1.60157 -0.528688 -4.15796 -819.232 0 
10 824.462 0.32576 0.0223037 0.663349 -0.688755 -1.515 -0.602524 -4.4581 -819.402 0 
1 825.389 0.330855 0.0223923 0.658329 -0.672009 -1.49676 -0.060487 -4.82111 -820.507 0 
6 826.975 0.328328 0.0225822 0.66126 -0.685219 -1.42567 -2.25121 -4.61517 -820.108 0 
2 824.92 0.326602 0.0224987 0.661619 -0.679384 -1.43737 -0.461681 -4.30779 -820.15 0 
4 825.919 0.330168 0.0224153 0.658626 -0.695057 -1.35328 -0.626671 -5.04971 -820.243 0 
4 827.683 0.331513 0.0224752 0.656918 -0.686342 -1.34252 -1.69405 -5.147 -820.842 0 
1 828.665 0.333272 0.0224913 0.653747 -0.660953 -1.36675 -1.1832 -5.13887 -822.343 0 
2 828.764 0.330496 0.0224175 0.659553 -0.701817 -1.40753 -3.61307 -5.42581 -819.725 0 
2 828.3 0.330327 0.0222146 0.660197 -0.719331 -1.42027 -3.09232 -6.06374 -819.144 0 
2 826.377 0.328415 0.0222218 0.664216 -0.738902 -1.43895 -1.17704 -6.48949 -818.71 0 
2 827.212 0.32425 0.022492 0.665566 -0.717734 -1.38826 -3.46537 -4.7265 -819.02 0 
1 825.779 0.322127 0.0226344 0.667015 -0.700261 -1.38934 -2.30092 -4.13674 -819.342 0 
2 824.541 0.318105 0.0225599 0.667891 -0.689546 -1.38221 -1.04185 -4.02985 -819.47 0 
2 824.02 0.322294 0.02247 0.664834 -0.704849 -1.30998 -0.346487 -4.1545 -819.519 0 
1 825.139 0.327634 0.0222409 0.660986 -0.713342 -1.32844 -0.710534 -4.92819 -819.5 0 
2 827.303 0.331173 0.022177 0.659185 -0.715336 -1.35537 -2.0272 -5.7274 -819.548 0 
9 824.99 0.326592 0.0221906 0.662461 -0.718854 -1.37441 -0.851861 -5.00919 -819.129 0 
1 825.142 0.326739 0.0223358 0.662994 -0.711703 -1.3668 -1.00609 -4.7899 -819.346 0 
3 825.004 0.320837 0.0222741 0.666452 -0.712542 -1.36366 -1.76653 -4.16787 -819.069 0 
1 824.831 0.308904 0.0223681 0.677172 -0.734934 -1.37336 -1.22587 -4.68425 -818.921 0 
6 824.678 0.309674 0.0223095 0.676848 -0.735265 -1.39543 -1.09741 -4.6565 -818.925 0 
2 823.688 0.324068 0.0223324 0.665126 -0.713184 -1.40427 -0.0593123 -4.56459 -819.064 0 
4 824.165 0.324872 0.0224254 0.664141 -0.709186 -1.35322 -0.326098 -4.47262 -819.367 0 
8 825.032 0.325734 0.0223832 0.66329 -0.714405 -1.36239 -1.03011 -4.76459 -819.237 0 
3 826.001 0.324772 0.0225016 0.664646 -0.709504 -1.38859 -2.19613 -4.57685 -819.228 0 
3 826.866 0.330182 0.0224559 0.662275 -0.720031 -1.38266 -1.82208 -5.79735 -819.246 0 
1 825.672 0.329008 0.022336 0.661441 -0.714392 -1.39735 -0.947851 -5.44227 -819.282 0 
1 824.404 0.314543 0.0222403 0.673703 -0.746338 -1.38745 -0.920292 -4.63415 -818.849 0 
3 824.659 0.322508 0.0223177 0.667339 -0.736835 -1.36761 -0.960664 -4.9478 -818.751 0 
1 824.388 0.324735 0.0222972 0.66548 -0.736 -1.34671 -0.399659 -5.16205 -818.826 0 
1 823.648 0.317616 0.0222817 0.670039 -0.736148 -1.32985 -0.558113 -4.32423 -818.766 0 
1 823.89 0.315445 0.0222839 0.673599 -0.751109 -1.36711 -0.358789 -4.69058 -818.841 0 
6 823.69 0.312901 0.0224674 0.673785 -0.720977 -1.37768 -0.595175 -4.28467 -818.81 0 
2 825.039 0.314216 0.0225772 0.670622 -0.69447 -1.36868 -1.59924 -4.23075 -819.209 0 
1 824.994 0.313843 0.0223965 0.671279 -0.71386 -1.36104 -1.92442 -4.18418 -818.885 0 
3 825.334 0.310338 0.0224253 0.676426 -0.736157 -1.37447 -1.88308 -4.5661 -818.885 0 
2 826.021 0.306162 0.0224844 0.681161 -0.746168 -1.38527 -1.65418 -5.11632 -819.25 0 
1 827.515 0.304813 0.022623 0.683478 -0.749958 -1.3782 -2.79288 -5.31385 -819.408 0 
1 827.783 0.30131 0.0224246 0.687711 -0.776645 -1.39241 -0.818046 -6.18132 -820.784 0 
1 826.299 0.312123 0.022435 0.680453 -0.783937 -1.34954 -1.22184 -5.40617 -819.671 0 
3 826.437 0.304221 0.022471 0.685844 -0.776607 -1.37519 -0.437379 -5.67067 -820.329 0 
6 828.62 0.299259 0.022381 0.690811 -0.788878 -1.40391 -0.0710013 -6.74782 -821.802 0 
1 829.245 0.297899 0.0223624 0.69125 -0.785044 -1.41103 -0.373037 -7.02029 -821.851 0 
4 826.499 0.306321 0.0224602 0.67926 -0.708671 -1.46862 -2.27337 -5.31104 -818.914 0 
1 826.677 0.306421 0.0223635 0.682085 -0.728525 -1.54998 -1.89646 -5.45577 -819.325 0 
1 825.376 0.318574 0.0223454 0.6709 -0.713999 -1.48298 -2.27039 -4.32572 -818.78 0 
3 824.028 0.323428 0.0224065 0.666159 -0.704043 -1.45197 -0.534314 -4.3908 -819.103 0 
2 825.105 0.329043 0.0223268 0.660563 -0.698804 -1.43958 -0.443379 -5.0754 -819.587 0 
1 824.623 0.325622 0.0224071 0.662143 -0.686303 -1.44556 -0.540734 -4.31692 -819.765 0 
1 825.526 0.327643 0.0224121 0.658801 -0.665423 -1.43702 -0.329587 -4.29392 -820.903 0 
1 825.645 0.327126 0.022288 0.659605 -0.670673 -1.47185 -0.992701 -4.2694 -820.383 0 
3 825.076 0.320165 0.0223031 0.664984 -0.681628 -1.45921 -1.568 -3.98153 -819.527 0 
3 824.54 0.326373 0.0222789 0.661846 -0.696595 -1.42164 -0.442909 -4.53095 -819.566 0 
2 824.607 0.327809 0.0222841 0.661289 -0.70274 -1.42088 -0.237469 -4.90718 -819.462 0 
1 824.711 0.327759 0.0222688 0.661936 -0.704698 -1.45727 -0.384658 -5.06092 -819.266 0 
2 824.722 0.327247 0.0223353 0.663668 -0.71883 -1.39855 -0.461992 -5.17491 -819.085 0 
2 824.472 0.326761 0.022348 0.663756 -0.730875 -1.31835 -0.191255 -5.24111 -819.04 0 
2 824.452 0.321834 0.022368 0.664915 -0.704193 -1.33149 -0.902616 -4.12152 -819.428 0 
5 824.376 0.323896 0.0223777 0.662682 -0.702462 -1.30267 -0.385394 -4.26037 -819.731 0 
2 824.849 0.321719 0.022447 0.664662 -0.704857 -1.2729 -1.0718 -4.13698 -819.64 0 
2 825.701 0.319623 0.022427 0.666329 -0.712592 -1.23828 -2.18153 -4.10005 -819.419 0 
1 824.393 0.320369 0.0224839 0.665428 -0.717663 -1.18614 -0.711726 -4.16605 -819.515 0 
2 824.032 0.323424 0.0223715 0.666699 -0.748391 -1.23058 -0.274341 -4.90445 -818.854 0 
4 824.544 0.322349 0.0222965 0.666751 -0.744242 -1.2353 -1.02663 -4.64349 -818.874 0 
6 825.219 0.327898 0.0223126 0.663351 -0.754044 -1.20263 -0.379631 -5.88359 -818.956 0 
2 823.891 0.319485 0.0223844 0.667124 -0.745974 -1.13648 -0.632761 -4.2767 -818.982 0 
6 824.808 0.32438 0.0222456 0.663054 -0.743552 -1.14768 -0.824548 -4.80662 -819.177 0 
2 824.627 0.318764 0.0222066 0.669832 -0.771433 -1.15874 -1.17381 -4.67931 -818.774 0 
1 824.722 0.319988 0.0222152 0.667595 -0.755336 -1.20022 -1.35464 -4.58395 -818.783 0 
7 824.971 0.324042 0.0222361 0.666533 -0.773049 -1.14902 -0.693135 -5.51342 -818.764 0 
1 824.593 0.325364 0.0222638 0.664615 -0.760826 -1.15722 -0.290512 -5.42038 -818.882 0 
1 824.425 0.326393 0.0223093 0.66299 -0.744849 -1.18657 -0.0623451 -5.24527 -819.117 0 
2 824.205 0.324331 0.0224079 0.664627 -0.730367 -1.23422 -0.369864 -4.63255 -819.202 0 
12 824.089 0.32348 0.0223974 0.66502 -0.728007 -1.24232 -0.405464 -4.49091 -819.193 0 
1 824.052 0.323587 0.0222737 0.665501 -0.739984 -1.26295 -0.344792 -4.79803 -818.909 0 
1 826.453 0.32877 0.0221163 0.661494 -0.740923 -1.31051 -1.48744 -6.02278 -818.943 0 
1 824.91 0.32529 0.0222337 0.665628 -0.754361 -1.26624 -0.600157 -5.54374 -818.766 0 
4 824.803 0.323625 0.0222042 0.665771 -0.740944 -1.33289 -0.934377 -5.09607 -818.773 0 
1 826.131 0.322718 0.0221927 0.667971 -0.750712 -1.3931 -1.81786 -5.62704 -818.686 0 
1 828.006 0.325897 0.0223619 0.665585 -0.735978 -1.406 -3.54946 -5.70664 -818.75 0 
1 824.641 0.316076 0.0224337 0.673068 -0.746699 -1.33915 -1.34151 -4.5263 -818.774 0 
1 825.485 0.314709 0.0225462 0.675332 -0.748214 -1.35233 -2.10702 -4.55313 -818.825 0 
3 823.909 0.31952 0.022471 0.668636 -0.723166 -1.33391 -0.77341 -4.2235 -818.912 0 
6 824.721 0.311502 0.022339 0.677989 -0.769385 -1.33518 -0.508058 -4.93881 -819.274 0 
6 824.556 0.31053 0.0223833 0.679846 -0.766947 -1.3801 -0.0684673 -5.06569 -819.422 0 
2 823.257 0.314254 0.0224205 0.674346 -0.748058 -1.30395 -0.0929317 -4.36248 -818.802 0 
5 824.6 0.312251 0.0224819 0.678135 -0.767898 -1.2828 -0.897408 -4.63354 -819.069 0 
1 825.812 0.315059 0.0225227 0.673716 -0.756563 -1.24236 -2.62645 -4.38905 -818.797 0 
6 825.698 0.317272 0.0225169 0.671047 -0.739245 -1.28571 -2.63115 -4.28289 -818.784 0 
4 825.511 0.311746 0.02259 0.678604 -0.76135 -1.30099 -1.89342 -4.59504 -819.022 0 
2 825.525 0.317393 0.0223822 0.675134 -0.774436 -1.32681 -1.1936 -5.32599 -819.005 0 
7 824.844 0.308536 0.022548 0.680025 -0.755582 -1.31334 -1.01186 -4.71673 -819.115 0 
3 823.889 0.315416 0.0225349 0.673474 -0.733329 -1.34902 -0.84975 -4.26831 -818.771 0 
3 823.34 0.319492 0.0223285 0.669535 -0.735837 -1.3576 -0.0729685 -4.51787 -818.749 0 
2 824.558 0.312009 0.0222658 0.676267 -0.752013 -1.38823 -0.769768 -4.75746 -819.031 0 
2 823.603 0.31526 0.0223222 0.671959 -0.729107 -1.37699 -0.548879 -4.28158 -818.772 0 
1 823.928 0.317288 0.0222859 0.670501 -0.737604 -1.34504 -0.784615 -4.39146 -818.752 0 
3 823.812 0.322295 0.0224337 0.664809 -0.706965 -1.31805 -0.21363 -4.17497 -819.423 0 
2 824.005 0.32033 0.0224419 0.665756 -0.699537 -1.3463 -0.541657 -4.03609 -819.427 0 
1 823.91 0.319961 0.0223425 0.670365 -0.753728 -1.31541 -0.272166 -4.91256 -818.725 0 
3 823.611 0.317345 0.0223852 0.672766 -0.757 -1.30487 -0.136764 -4.69407 -818.78 0 
1 823.652 0.320736 0.0223298 0.666899 -0.725678 -1.31899 -0.401388 -4.31608 -818.934 0 
3 825.332 0.326952 0.0223148 0.662864 -0.735745 -1.28037 -0.91315 -5.36421 -819.055 0 
1 827.1 0.316057 0.0220743 0.671236 -0.760259 -1.26897 -3.74232 -4.54858 -818.809 0 
1 831.88 0.310464 0.0219532 0.676121 -0.78046 -1.26905 -7.56643 -4.89133 -819.422 0 
2 828.723 0.310049 0.0221209 0.674795 -0.758101 -1.22409 -5.38212 -4.41196 -818.929 0 
2 827.549 0.312353 0.0222108 0.671995 -0.742237 -1.20286 -4.52046 -4.20377 -818.825 0 
3 828.758 0.322792 0.0221573 0.661072 -0.717672 -1.17598 -4.72031 -4.32775 -819.71 0 
1 828.833 0.326169 0.022153 0.658847 -0.705148 -1.23393 -4.13647 -4.55372 -820.142 0 
1 827.689 0.325847 0.0221363 0.660012 -0.725483 -1.18091 -3.3102 -4.74937 -819.629 0 
1 829.529 0.332128 0.0222156 0.656053 -0.713994 -1.18434 -3.23425 -5.72117 -820.574 0 
3 827.194 0.333484 0.0223512 0.656266 -0.718274 -1.18283 -0.521128 -6.15627 -820.516 0 
4 827.008 0.331909 0.0224553 0.659277 -0.731389 -1.18663 -1.07785 -6.10118 -819.829 0 
2 826.493 0.330702 0.0224774 0.659516 -0.731658 -1.14891 -0.795951 -5.78341 -819.914 0 
3 826.522 0.332011 0.0224244 0.657252 -0.725959 -1.12721 -0.173942 -5.97716 -820.371 0 
2 827.307 0.32893 0.0224475 0.660066 -0.731401 -1.16957 -2.16143 -5.45194 -819.693 0 
1 824.2 0.325023 0.0223048 0.664093 -0.751574 -1.15913 -0.0813044 -5.10983 -819.009 0 
1 824.4 0.321886 0.0224725 0.666478 -0.74499 -1.16481 -0.86826 -4.52736 -819.004 0 
1 823.483 0.320526 0.0223973 0.66728 -0.744749 -1.18102 -0.163076 -4.38834 -818.931 0 
3 824.47 0.317315 0.0223346 0.667891 -0.726924 -1.22174 -1.35674 -4.07467 -819.038 0 
2 825.733 0.310716 0.0223193 0.673529 -0.743304 -1.18756 -2.59283 -4.30476 -818.835 0 
1 825.875 0.309492 0.022474 0.674809 -0.723951 -1.25011 -2.39929 -4.59007 -818.885 0 
2 824.418 0.313032 0.0223859 0.673649 -0.736115 -1.2814 -1.39806 -4.21709 -818.803 0 
2 824.954 0.313008 0.0224923 0.676986 -0.763793 -1.2536 -1.58178 -4.44832 -818.924 0 
5 825.884 0.307473 0.0225429 0.682875 -0.777933 -1.27092 -1.36977 -4.92131 -819.593 0 
1 826.125 0.31303 0.0223858 0.677912 -0.77081 -1.30348 -2.23892 -4.75959 -819.127 0 
1 823.58 0.319275 0.0224028 0.669701 -0.732828 -1.31995 -0.459206 -4.30927 -818.812 0 
3 823.859 0.322418 0.0224205 0.665599 -0.700942 -1.39536 -0.377628 -4.16545 -819.316 0 
7 823.859 0.324327 0.0223122 0.665007 -0.72181 -1.37587 -0.125242 -4.75735 -818.976 0 
2 823.959 0.320204 0.0223789 0.669162 -0.743433 -1.30874 -0.573167 -4.63505 -818.751 0 
3 823.737 0.323376 0.0223832 0.665322 -0.730145 -1.27413 -0.101829 -4.58753 -819.048 0 
3 825.282 0.325686 0.0222901 0.666205 -0.754076 -1.31761 -0.680446 -5.89161 -818.71 0 
1 824.573 0.321473 0.0222788 0.66833 -0.754213 -1.29125 -0.800288 -5.05188 -818.721 0 
2 825.083 0.32193 0.0223092 0.665799 -0.725399 -1.33303 -1.66786 -4.47434 -818.941 0 
1 824.972 0.326543 0.0222574 0.66313 -0.72926 -1.34084 -0.714369 -5.25533 -819.002 0 
2 825.579 0.315732 0.0221979 0.673577 -0.759262 -1.32443 -2.03808 -4.67812 -818.863 0 
5 825.459 0.313104 0.0222539 0.678319 -0.78955 -1.31191 -0.400835 -5.44127 -819.617 0 
1 825.788 0.309999 0.0223317 0.681495 -0.804167 -1.25021 -0.170817 -5.45034 -820.167 0 
1 827.61 0.315212 0.0221541 0.677032 -0.808971 -1.27934 -1.33528 -6.33851 -819.936 0 
3 824.113 0.318828 0.0223129 0.670979 -0.753641 -1.32792 -0.516958 -4.85249 -818.743 0 
1 824.033 0.320568 0.0222593 0.669608 -0.756215 -1.3111 -0.269984 -5.04167 -818.722 0 
1 823.957 0.321782 0.0224901 0.66738 -0.725649 -1.31164 -0.589821 -4.38554 -818.982 0 
3 823.902 0.313804 0.02252 0.674679 -0.741363 -1.31771 -0.796854 -4.31356 -818.792 0 
9 824.258 0.308424 0.0224867 0.678404 -0.734567 -1.35406 -0.643215 -4.70307 -818.911 0 
4 824.015 0.315388 0.0223455 0.671075 -0.72032 -1.35176 -1.03113 -4.13652 -818.848 0 
1 825.552 0.317281 0.0223904 0.668746 -0.723973 -1.30244 -2.5276 -4.1129 -818.911 0 
3 825.214 0.320117 0.0224353 0.666294 -0.725361 -1.23812 -1.91323 -4.17748 -819.124 0 
11 824.641 0.319861 0.0222083 0.667242 -0.7395 -1.26126 -1.43451 -4.36925 -818.837 0 
1 824.455 0.319658 0.0223066 0.667749 -0.737502 -1.2272 -1.28689 -4.24824 -818.919 0 
1 823.914 0.316219 0.0224591 0.670418 -0.733036 -1.21521 -0.898083 -4.08858 -818.927 0 
1 825.152 0.308174 0.0224367 0.678185 -0.744082 -1.2752 -1.60947 -4.627 -818.915 0 
3 823.369 0.315058 0.0223406 0.672417 -0.742027 -1.29956 -0.323403 -4.27103 -818.775 0 
3 823.435 0.319991 0.0223887 0.667388 -0.720392 -1.30636 -0.243039 -4.15735 -819.034 0 
2 823.711 0.314195 0.0224751 0.673517 -0.728403 -1.33679 -0.710936 -4.20167 -818.798 0 
2 825.234 0.321427 0.0222408 0.664322 -0.703885 -1.36288 -1.81401 -4.11839 -819.302 0 
1 825.984 0.316806 0.0222664 0.669325 -0.720662 -1.32154 -2.98534 -4.08699 -818.912 0 
3 829.138 0.311165 0.022282 0.674615 -0.729794 -1.31853 -5.94397 -4.37614 -818.818 0 
3 826.31 0.310473 0.0223553 0.678481 -0.761261 -1.29767 -2.65025 -4.58164 -819.078 0 
1 825.592 0.309451 0.0223614 0.677457 -0.750869 -1.26801 -2.17071 -4.49273 -818.929 0 
1 826.134 0.306607 0.0225164 0.677101 -0.72204 -1.28821 -2.22606 -5.03069 -818.877 0 
2 826.068 0.310669 0.0226891 0.675122 -0.729435 -1.22622 -2.82286 -4.37109 -818.874 0 
1 826.011 0.313128 0.0226191 0.677518 -0.780231 -1.15863 -2.52731 -4.487 -818.996 0 
4 827.951 0.314473 0.0226324 0.676727 -0.772746 -1.1716 -4.68291 -4.39381 -818.874 0 
1 829.677 0.311212 0.0228245 0.675825 -0.733078 -1.16112 -6.36102 -4.38657 -818.929 0 
1 829.712 0.317081 0.0227105 0.67102 -0.720869 -1.21995 -6.45816 -4.09802 -819.156 0 
1 830.14 0.313838 0.0226094 0.674249 -0.736216 -1.21078 -7.11924 -4.15902 -818.862 0 
8 831.338 0.313669 0.0224605 0.674114 -0.747302 -1.17959 -8.35775 -4.16032 -818.82 0 
2 830.292 0.30724 0.0224291 0.678061 -0.746486 -1.18393 -6.67316 -4.7346 -818.884 0 
3 831.372 0.309352 0.0222069 0.674327 -0.736156 -1.23247 -8.01784 -4.51124 -818.843 0 
3 828.915 0.314894 0.0223288 0.667174 -0.690724 -1.30078 -4.98695 -4.35033 -819.578 0 
1 828.635 0.310854 0.0222086 0.672814 -0.725008 -1.29848 -5.39829 -4.39441 -818.842 0 
1 828.777 0.311603 0.0221799 0.672541 -0.722902 -1.33418 -5.60313 -4.34474 -818.829 0 
1 828.579 0.306642 0.0222724 0.677715 -0.732013 -1.32924 -4.7061 -4.95209 -818.921 0 
4 829.027 0.308588 0.0221851 0.679979 -0.765596 -1.35457 -4.63194 -4.94527 -819.45 0 
1 830.064 0.319217 0.0220564 0.669939 -0.74825 -1.36004 -6.59054 -4.74499 -818.729 0 
3 829.856 0.318758 0.0219879 0.671581 -0.769194 -1.3631 -5.4768 -5.45653 -818.922 0 
5 828.248 0.321765 0.022046 0.670684 -0.788917 -1.33618 -2.32984 -6.86528 -819.053 0 
1 827.468 0.326218 0.0221077 0.666901 -0.773278 -1.34395 -1.6876 -7.0861 -818.695 0 
3 826.894 0.322835 0.0221199 0.66948 -0.764419 -1.42855 -1.63878 -6.4676 -818.787 0 
1 827.384 0.326098 0.0222417 0.666164 -0.74719 -1.4269 -2.38295 -6.34551 -818.656 0 
13 824.3 0.321379 0.0223604 0.670123 -0.734561 -1.46484 -0.502764 -5.10571 -818.692 0 
1 824.19 0.321858 0.0224902 0.668263 -0.716559 -1.4214 -0.839707 -4.45879 -818.892 0 
3 825.213 0.323366 0.0225299 0.666609 -0.696586 -1.46445 -1.70601 -4.26475 -819.242 0 
1 824.092 0.314662 0.0224209 0.674296 -0.715533 -1.49833 -0.91309 -4.40177 -818.777 0 
1 823.909 0.318595 0.0224875 0.669899 -0.701378 -1.46188 -0.82786 -4.10798 -818.973 0 
1 823.483 0.317816 0.0224263 0.669091 -0.701291 -1.43992 -0.397474 -4.08324 -819.003 0 
3 825.741 0.319462 0.0224877 0.664617 -0.662791 -1.46361 -1.54751 -4.0392 -820.154 0 
3 827.422 0.310954 0.0225054 0.671352 -0.665973 -1.4817 -2.96344 -5.00215 -819.456 0 
1 825.047 0.310237 0.0225433 0.676005 -0.690402 -1.52857 -1.36881 -4.77853 -818.9 0 
4 825.568 0.307152 0.0223779 0.678239 -0.70761 -1.51777 -1.44121 -5.19938 -818.927 0 
9 824.202 0.313066 0.0222761 0.676231 -0.725731 -1.58119 -0.249213 -4.99221 -818.961 0 
3 825.009 0.314086 0.0221927 0.674232 -0.720929 -1.5561 -1.44338 -4.73036 -818.835 0 
3 826.165 0.307909 0.0222244 0.680407 -0.73414 -1.56774 -1.33948 -5.42163 -819.403 0 
4 825.157 0.307795 0.0223229 0.681389 -0.734585 -1.5849 -0.142509 -5.5322 -819.482 0 
1 824.076 0.316566 0.0223483 0.67272 -0.698064 -1.62609 -0.807013 -4.48998 -818.779 0 
5 824.435 0.313586 0.0224974 0.673749 -0.681882 -1.64437 -1.02522 -4.52896 -818.881 0 
1 825.034 0.312755 0.0224753 0.678278 -0.720177 -1.6389 -0.871064 -5.15344 -819.009 0 
2 825.426 0.315548 0.0225332 0.675408 -0.698828 -1.69688 -1.77106 -4.8582 -818.797 0 
12 823.705 0.31704 0.0223621 0.673207 -0.703442 -1.66772 -0.11818 -4.82594 -818.761 0 
2 824.143 0.319135 0.0224191 0.669569 -0.686645 -1.6311 -0.90008 -4.34749 -818.895 0 
2 824.592 0.318222 0.0223594 0.669393 -0.682935 -1.63941 -1.36335 -4.30904 -818.92 0 
2 824.74 0.317254 0.0225235 0.669987 -0.67667 -1.59666 -1.49605 -4.14908 -819.095 0 
2 825.17 0.320889 0.0225728 0.667072 -0.667319 -1.59989 -1.6884 -4.01074 -819.471 0 
5 824.031 0.324769 0.0224223 0.663711 -0.672238 -1.57716 -0.21307 -4.19731 -819.621 0 
3 823.76 0.320783 0.0223863 0.669271 -0.694728 -1.60262 -0.47466 -4.42866 -818.856 0 
8 823.697 0.322251 0.0223846 0.666984 -0.679826 -1.61862 -0.320125 -4.24194 -819.135 0 
4 823.495 0.317198 0.0223251 0.671586 -0.693846 -1.63458 -0.247764 -4.45016 -818.797 0 
1 824.458 0.310985 0.0224511 0.677067 -0.695094 -1.62998 -0.753337 -4.84507 -818.86 0 
14 823.565 0.314075 0.0223695 0.673474 -0.692006 -1.62136 -0.23108 -4.50975 -818.824 0 
1 825.54 0.307726 0.0224728 0.679283 -0.696854 -1.64713 -1.16432 -5.39324 -818.983 0 
5 823.49 0.316524 0.0223657 0.672385 -0.688421 -1.66968 -0.192723 -4.48619 -818.811 0 
2 824.106 0.315524 0.0224354 0.671664 -0.66987 -1.66256 -0.745525 -4.32418 -819.036 0 
1 823.75 0.316737 0.0224153 0.672811 -0.686381 -1.71875 -0.297605 -4.65584 -818.796 0 
2 823.632 0.319152 0.0223023 0.670862 -0.691527 -1.71352 -0.102943 -4.77016 -818.759 0 
1 824.057 0.317029 0.0222712 0.67135 -0.696375 -1.65015 -0.688499 -4.59459 -818.774 0 
2 823.717 0.317427 0.022275 0.672306 -0.710645 -1.61918 -0.177049 -4.79204 -818.748 0 
4 824.007 0.310724 0.02247 0.677224 -0.700698 -1.60339 -0.295808 -4.846 -818.865 0 
2 823.884 0.314782 0.0224031 0.67477 -0.722595 -1.5379 -0.363354 -4.71211 -818.808 0 
1 824.755 0.316765 0.0221875 0.672885 -0.740902 -1.48742 -0.891239 -5.02658 -818.837 0 
5 825.082 0.320422 0.0221917 0.6697 -0.729333 -1.52858 -1.20013 -5.18066 -818.701 0 
2 824.915 0.32156 0.0222578 0.667657 -0.699341 -1.61463 -1.39394 -4.72881 -818.792 0 
11 823.844 0.317404 0.0223517 0.671958 -0.71194 -1.5715 -0.461012 -4.63884 -818.744 0 
2 823.415 0.316514 0.0223367 0.672026 -0.712674 -1.53074 -0.18698 -4.46947 -818.759 0 
1 825.246 0.313076 0.0225727 0.673535 -0.693766 -1.50968 -1.96937 -4.37424 -818.902 0 
5 823.7 0.31778 0.0222946 0.670499 -0.705384 -1.5595 -0.482488 -4.44422 -818.773 0 
2 824.431 0.325982 0.0223318 0.662118 -0.676923 -1.54658 -0.419348 -4.34392 -819.668 0 
4 824.146 0.321997 0.0223506 0.665451 -0.676024 -1.5912 -0.710781 -4.1311 -819.304 0 
3 824.213 0.315627 0.02241 0.674805 -0.714749 -1.58569 -0.744891 -4.6858 -818.782 0 
1 824.647 0.315665 0.0223996 0.675873 -0.721222 -1.6269 -0.715791 -5.06426 -818.867 0 
3 824.74 0.326143 0.0223505 0.665341 -0.680991 -1.68342 -0.823104 -4.84427 -819.073 0 
2 825.601 0.322439 0.0221835 0.668428 -0.695636 -1.69681 -1.89483 -4.96449 -818.742 0 
3 824.499 0.322963 0.0221996 0.667206 -0.695475 -1.67773 -0.731118 -4.99955 -818.768 0 
2 824.431 0.324042 0.0222563 0.667058 -0.695939 -1.68416 -0.494328 -5.17078 -818.766 0 
7 825.142 0.324282 0.022373 0.664822 -0.665348 -1.71411 -1.43923 -4.40981 -819.293 0 
5 825.01 0.31807 0.0222055 0.670691 -0.68306 -1.72678 -1.63764 -4.56344 -818.809 0 
6 826.554 0.312761 0.022179 0.675055 -0.685428 -1.7643 -2.67809 -5.00238 -818.873 0 
1 826.838 0.308431 0.0222351 0.681048 -0.704206 -1.80204 -1.44241 -5.97359 -819.422 0 
6 824.239 0.320355 0.0222263 0.670182 -0.684833 -1.80063 -0.419869 -5.07104 -818.748 0 
9 824.474 0.316496 0.0223794 0.674655 -0.686018 -1.8158 -0.591985 -5.07182 -818.81 0 
1 824.185 0.314702 0.0224423 0.674814 -0.682202 -1.77169 -0.482153 -4.87455 -818.829 0 
4 824.965 0.311482 0.0224041 0.676819 -0.682775 -1.72716 -1.11181 -4.97551 -818.878 0 
1 824.29 0.311472 0.0223644 0.675914 -0.683072 -1.72531 -0.420188 -4.9917 -818.878 0 
2 824.575 0.310222 0.0224451 0.677711 -0.68134 -1.73077 -0.511646 -5.1561 -818.907 0 
2 824.906 0.314422 0.0225449 0.671659 -0.642552 -1.75393 -0.948209 -4.58014 -819.377 0 
1 824.272 0.318222 0.0222444 0.66924 -0.670128 -1.73762 -0.937064 -4.38803 -818.947 0 
1 825.361 0.317863 0.0224044 0.669926 -0.665793 -1.67377 -2.0436 -4.16383 -819.153 0 
3 825.428 0.329438 0.0222766 0.658361 -0.63977 -1.69571 -0.431085 -4.26939 -820.728 0 
2 824.432 0.32007 0.022355 0.668745 -0.65883 -1.76838 -1.05329 -4.24245 -819.137 0 
3 825.107 0.322509 0.0223487 0.669223 -0.662234 -1.88534 -1.36625 -4.84671 -818.894 0 
6 824.012 0.323391 0.0222962 0.665844 -0.642005 -1.87604 -0.306909 -4.33052 -819.374 0 
1 824.316 0.315026 0.0223625 0.67239 -0.637579 -1.93024 -0.394894 -4.81755 -819.104 0 
3 824.21 0.318557 0.0222492 0.670751 -0.654234 -1.92679 -0.499907 -4.80202 -818.908 0 
1 824.944 0.319268 0.0221934 0.671593 -0.662803 -1.98773 -0.746911 -5.38203 -818.815 0 
6 824.613 0.320463 0.0222274 0.669345 -0.636614 -2.03746 -0.719504 -4.86989 -819.023 0 
3 824.885 0.318008 0.0222594 0.670492 -0.629579 -2.02699 -0.995387 -4.76528 -819.125 0 
2 828.833 0.329631 0.0224232 0.661507 -0.592298 -2.07378 -3.83547 -4.15449 -820.843 0 
3 826.152 0.332433 0.022388 0.657262 -0.578557 -2.0729 -0.113875 -4.13315 -821.905 0 
2 825.446 0.329148 0.0223148 0.662034 -0.61129 -2.0506 -0.818642 -4.56641 -820.061 0 
2 824.906 0.324402 0.0223049 0.665336 -0.609087 -2.0774 -0.790258 -4.37473 -819.741 0 
2 826.096 0.330831 0.0224154 0.658136 -0.584643 -2.03082 -0.38948 -4.04139 -821.665 0 
1 827.719 0.327819 0.0223409 0.660556 -0.599091 -2.03835 -2.95044 -4.20855 -820.56 0 
3 827.095 0.326705 0.0223988 0.661021 -0.597418 -2.00056 -2.3159 -4.01501 -820.764 0 
7 825.114 0.328232 0.0222096 0.662566 -0.62328 -2.03233 -0.676759 -4.80015 -819.637 0 
4 824.944 0.326266 0.0222757 0.663705 -0.616657 -2.06411 -0.664984 -4.64626 -819.633 0 
8 824.304 0.323255 0.0223499 0.665438 -0.606776 -2.06569 -0.1706 -4.32742 -819.806 0 
2 824.75 0.323284 0.0221976 0.666477 -0.625037 -2.0703 -0.747783 -4.75108 -819.251 0 
1 824.571 0.322738 0.022306 0.666397 -0.618021 -2.06315 -0.566205 -4.57063 -819.434 0 
3 824.365 0.323095 0.022292 0.667535 -0.629188 -2.05219 -0.412008 -4.75994 -819.193 0 
5 825.385 0.328513 0.0222827 0.663688 -0.631286 -2.05195 -0.770834 -5.2796 -819.335 0 
5 826.216 0.326476 0.0222356 0.665343 -0.639666 -2.06476 -1.65048 -5.53417 -819.031 0 
3 825.284 0.325288 0.0223053 0.666396 -0.631126 -2.09042 -0.946898 -5.21556 -819.121 0 
1 825.095 0.328305 0.0222875 0.661569 -0.59031 -2.16485 -0.308361 -4.4548 -820.332 0 
2 825.115 0.325379 0.0221857 0.665707 -0.619367 -2.15857 -0.731312 -5.15571 -819.228 0 
4 825.847 0.322825 0.0221573 0.665142 -0.599681 -2.15435 -1.61705 -4.53497 -819.695 0 
1 824.877 0.320982 0.0222086 0.667884 -0.614661 -2.12179 -0.823411 -4.75086 -819.303 0 
2 824.19 0.320744 0.0223674 0.668147 -0.608091 -2.11073 -0.0966594 -4.5987 -819.495 0 
1 825.244 0.321997 0.0223022 0.668955 -0.62264 -2.1167 -1.21145 -4.86922 -819.163 0 
6 824.701 0.319406 0.0223259 0.672089 -0.639835 -2.10707 -0.416869 -5.37287 -818.912 0 
8 824.473 0.31858 0.0224323 0.671439 -0.616776 -2.13284 -0.313468 -4.97575 -819.184 0 
7 824.564 0.318181 0.0224011 0.672476 -0.631885 -2.08557 -0.483885 -5.06972 -819.011 0 
1 826.016 0.314357 0.0224247 0.67385 -0.615424 -2.07644 -1.56378 -5.20914 -819.243 0 
4 824.718 0.322749 0.0222975 0.665573 -0.612435 -2.01086 -0.701072 -4.22116 -819.796 0 
2 825.247 0.328275 0.022323 0.659741 -0.593036 -2.00985 -0.183254 -3.98924 -821.075 0 
1 825.177 0.326932 0.0223239 0.66179 -0.613574 -1.97146 -0.753931 -4.22929 -820.194 0 
1 824.595 0.325987 0.0223537 0.663683 -0.630477 -1.92583 -0.501048 -4.40717 -819.686 0 
4 824.242 0.319686 0.0223251 0.669274 -0.633662 -1.96629 -0.534401 -4.50559 -819.202 0 
3 824.495 0.32015 0.0224391 0.669796 -0.646263 -1.88209 -0.956658 -4.40138 -819.137 0 
3 825.567 0.317678 0.0224446 0.668522 -0.615651 -1.89262 -1.30948 -4.37753 -819.88 0 
4 826.928 0.331476 0.0222704 0.655847 -0.606824 -1.84781 -1.04141 -4.15811 -821.729 0 
1 826.658 0.33232 0.0223516 0.655666 -0.610995 -1.80675 -0.512613 -4.26815 -821.877 0 
2 826.265 0.32605 0.0225854 0.661756 -0.617571 -1.76381 -1.26631 -3.86809 -821.131 0 
2 828.157 0.332866 0.0223433 0.653697 -0.604632 -1.75898 -1.17103 -4.22719 -822.759 0 
1 825.753 0.327 0.0223586 0.660095 -0.641461 -1.68572 -1.18809 -4.07766 -820.487 0 
1 825.254 0.323303 0.0225114 0.663459 -0.634285 -1.71193 -0.989774 -3.89847 -820.365 0 
8 824.427 0.322788 0.0222967 0.66531 -0.656511 -1.71884 -0.857096 -4.1094 -819.46 0 
6 824.893 0.32279 0.022324 0.666644 -0.665173 -1.72128 -1.42383 -4.25683 -819.212 0 
3 825.296 0.330148 0.0222701 0.661686 -0.671476 -1.72661 -0.586163 -5.34466 -819.365 0 
2 825.023 0.320266 0.0223594 0.670799 -0.682547 -1.74936 -1.55533 -4.66806 -818.799 0 
2 823.871 0.31711 0.0223653 0.671656 -0.680006 -1.73431 -0.452097 -4.59144 -818.828 0 
1 825.401 0.309688 0.0222615 0.679416 -0.704578 -1.77177 -0.441815 -5.71251 -819.247 0 
1 824.897 0.310054 0.0224163 0.679722 -0.686743 -1.84319 -0.0941417 -5.69534 -819.107 0 
2 824.14 0.316794 0.0224208 0.673817 -0.674368 -1.83712 -0.431923 -4.89011 -818.818 0 
5 824.282 0.313909 0.022508 0.674319 -0.653538 -1.84114 -0.487056 -4.80983 -818.985 0 
2 824.106 0.318074 0.0224967 0.670818 -0.64364 -1.86629 -0.523688 -4.40866 -819.174 0 
9 824.642 0.316086 0.0225005 0.672153 -0.645784 -1.83356 -0.994171 -4.49609 -819.152 0 
4 824.185 0.322561 0.0223813 0.667059 -0.653985 -1.79254 -0.65042 -4.2588 -819.275 0 
1 828.287 0.327254 0.0226781 0.662536 -0.62331 -1.78579 -3.51947 -3.9671 -820.8 0 
1 827.067 0.328343 0.0225153 0.659429 -0.604451 -1.86043 -1.71549 -3.91031 -821.442 0 
7 824.236 0.323194 0.0223086 0.664305 -0.63096 -1.85028 -0.350854 -4.06649 -819.819 0 
10 824.2 0.324253 0.0223657 0.664317 -0.635503 -1.82329 -0.292582 -4.07332 -819.834 0 
3 823.997 0.324286 0.0222768 0.666279 -0.666646 -1.80728 -0.215878 -4.77666 -819.004 0 
3 825.463 0.328052 0.0222482 0.664057 -0.683038 -1.75165 -0.908537 -5.63311 -818.921 0 
14 827.569 0.326397 0.0223039 0.66844 -0.711701 -1.73482 -2.41132 -6.53298 -818.625 0 
1 827.773 0.331227 0.0223407 0.663149 -0.678508 -1.77611 -2.61465 -6.09273 -819.066 0 
4 824.744 0.326699 0.0222793 0.66478 -0.67357 -1.75376 -0.687687 -4.9883 -819.068 0 
1 826.782 0.333058 0.0222376 0.660042 -0.683325 -1.6786 -1.20784 -6.2217 -819.352 0 
1 825.009 0.328355 0.0222159 0.663087 -0.676902 -1.7369 -0.602915 -5.30451 -819.102 0 
2 824.701 0.327825 0.022264 0.663552 -0.67673 -1.72805 -0.411191 -5.17987 -819.11 0 
2 825.726 0.325577 0.0221665 0.666996 -0.699185 -1.7578 -1.1063 -5.94856 -818.671 0 
2 824.546 0.323625 0.0223577 0.667987 -0.697491 -1.6668 -0.697377 -5.08137 -818.767 0 
1 825.2 0.328549 0.0223205 0.66254 -0.678623 -1.67302 -0.784383 -5.14745 -819.268 0 
8 826.122 0.325458 0.0224297 0.666781 -0.695546 -1.65818 -2.05666 -5.2287 -818.836 0 
2 825.992 0.326958 0.022202 0.662611 -0.673177 -1.71554 -1.85607 -4.93552 -819.2 0 
1 824.979 0.323069 0.0221703 0.665105 -0.678063 -1.67301 -1.4591 -4.46342 -819.057 0 
1 825.265 0.323476 0.0221521 0.665152 -0.68023 -1.6925 -1.64671 -4.63922 -818.979 0 
4 827.59 0.316772 0.0222382 0.6706 -0.695554 -1.65001 -4.18623 -4.62486 -818.779 0 
2 827.174 0.315561 0.0222092 0.672637 -0.708156 -1.65275 -3.43275 -4.94 -818.801 0 
1 827.387 0.313622 0.022069 0.675029 -0.714045 -1.71041 -2.99181 -5.37448 -819.02 0 
1 826.74 0.306368 0.0222384 0.682063 -0.711607 -1.75217 -0.969283 -6.17154 -819.599 0 
3 827.096 0.303212 0.0223301 0.685714 -0.725247 -1.69197 -0.420095 -6.6064 -820.069 0 
1 828.062 0.303819 0.0222303 0.683552 -0.7105 -1.73603 -1.78206 -6.54895 -819.731 0 
1 827.762 0.308655 0.0222312 0.680391 -0.699661 -1.78712 -2.72333 -5.77397 -819.265 0 
5 827.364 0.302719 0.0223349 0.685446 -0.708924 -1.75549 -0.631062 -6.86396 -819.869 0 
5 828.441 0.303038 0.0222507 0.685921 -0.725794 -1.71995 -1.41454 -6.77801 -820.248 0 
1 826.96 0.310906 0.0222724 0.680501 -0.734486 -1.66066 -1.80588 -5.66168 -819.492 0 
1 827.662 0.308095 0.0222997 0.682546 -0.745171 -1.57267 -2.35175 -5.59817 -819.712 0 
2 826.095 0.313773 0.0223755 0.676711 -0.712787 -1.62878 -2.39487 -4.83556 -818.864 0 
1 825.238 0.315832 0.0223811 0.674868 -0.714665 -1.59707 -1.74255 -4.71211 -818.784 0 
9 823.922 0.315551 0.0224874 0.674225 -0.70689 -1.5847 -0.601199 -4.54795 -818.773 0 
1 824.17 0.311296 0.0224662 0.677019 -0.711357 -1.56669 -0.515288 -4.78455 -818.87 0 
1 824.794 0.307332 0.0224878 0.681015 -0.725057 -1.53147 -0.396013 -5.24957 -819.148 0 
3 825.924 0.305863 0.0224653 0.683204 -0.733839 -1.56825 -0.65953 -5.70419 -819.561 0 
1 825.603 0.306079 0.0224582 0.683834 -0.74392 -1.53186 -0.278752 -5.63113 -819.694 0 
1 825.19 0.306268 0.0225351 0.682028 -0.737496 -1.44824 -0.728164 -5.22637 -819.235 0 
2 824.887 0.309378 0.0225429 0.68006 -0.729222 -1.50056 -0.915903 -4.93461 -819.037 0 
3 824.597 0.314273 0.0225171 0.676272 -0.722961 -1.53206 -1.10437 -4.67195 -818.82 0 
1 824.811 0.311035 0.0224035 0.678971 -0.737387 -1.54318 -0.458445 -5.16894 -819.184 0 
1 825.131 0.316268 0.022334 0.674881 -0.734031 -1.57972 -0.904909 -5.30959 -818.917 0 
1 824.897 0.318148 0.022365 0.674035 -0.736292 -1.55847 -0.725667 -5.34223 -818.829 0 
4 825.038 0.320277 0.0225192 0.670979 -0.706338 -1.57354 -1.67179 -4.60511 -818.761 0 
1 824.781 0.321459 0.0223724 0.669641 -0.714318 -1.5788 -1.06112 -5.01371 -818.706 0 
4 823.762 0.319111 0.0223722 0.670983 -0.700321 -1.64088 -0.32447 -4.68851 -818.749 0 
2 824.532 0.326261 0.0222867 0.665234 -0.703213 -1.58479 -0.432121 -5.22088 -818.879 0 
5 823.764 0.320692 0.0222671 0.669023 -0.704182 -1.58524 -0.388356 -4.60496 -818.771 0 
1 823.491 0.314953 0.0223486 0.673289 -0.707304 -1.56892 -0.191175 -4.52004 -818.78 0 
2 823.98 0.319321 0.0223786 0.670057 -0.702811 -1.53431 -0.837405 -4.30623 -818.836 0 
2 823.48 0.319979 0.0223481 0.669828 -0.703936 -1.58898 -0.117121 -4.5979 -818.765 0 
13 824.24 0.323277 0.0224072 0.667254 -0.698737 -1.57873 -0.66297 -4.68644 -818.891 0 
1 824.15 0.31294 0.0224854 0.676104 -0.708406 -1.5583 -0.763535 -4.57526 -818.812 0 
1 826.573 0.313757 0.0225503 0.675373 -0.696349 -1.56865 -3.32192 -4.42256 -818.828 0 
2 826.001 0.316237 0.0224338 0.67424 -0.709053 -1.57745 -2.73589 -4.50384 -818.761 0 
10 824.106 0.321753 0.022516 0.666591 -0.67578 -1.56311 -0.654143 -4.0555 -819.397 0 
1 824.179 0.318027 0.0225269 0.668279 -0.672574 -1.52764 -0.713422 -4.03254 -819.433 0 
7 823.752 0.315954 0.0224718 0.670819 -0.698244 -1.47037 -0.661104 -4.14409 -818.947 0 
2 824.373 0.315792 0.022367 0.671212 -0.692957 -1.52685 -1.25246 -4.19834 -818.923 0 
1 825.499 0.313403 0.0224349 0.674956 -0.706291 -1.52179 -2.27535 -4.41861 -818.805 0 
1 824.589 0.310734 0.0225565 0.675043 -0.700883 -1.44291 -1.12221 -4.57682 -818.89 0 
3 824.786 0.309308 0.0225768 0.678647 -0.717506 -1.48299 -1.09207 -4.80468 -818.889 0 
1 826.729 0.317186 0.0225546 0.673777 -0.716658 -1.49075 -3.60856 -4.36406 -818.756 0 
6 824.583 0.313025 0.0223916 0.677993 -0.740456 -1.52609 -0.440884 -5.06438 -819.078 0 
2 824.658 0.316815 0.0225618 0.673118 -0.716747 -1.47781 -1.52818 -4.36592 -818.764 0 
4 823.814 0.312043 0.0224057 0.677237 -0.734675 -1.46816 -0.177261 -4.70748 -818.929 0 
2 824.304 0.31163 0.0223493 0.678368 -0.753409 -1.42562 -0.222115 -4.91899 -819.163 0 
3 824.324 0.316885 0.0223322 0.673274 -0.749425 -1.40632 -0.590886 -4.91349 -818.82 0 
1 823.562 0.318514 0.0223364 0.671548 -0.740158 -1.40912 -0.0882692 -4.74343 -818.73 0 
4 825.048 0.317998 0.022265 0.673172 -0.759549 -1.41521 -0.72975 -5.41306 -818.906 0 
3 825.21 0.319012 0.0223862 0.669319 -0.720067 -1.43148 -2.02026 -4.40284 -818.787 0 
1 824.529 0.318154 0.0224407 0.670738 -0.720853 -1.44285 -1.36298 -4.40101 -818.765 0 
1 825.184 0.315119 0.0224269 0.673192 -0.72992 -1.42281 -1.96095 -4.45326 -818.769 0 
1 824.427 0.314267 0.0225769 0.672539 -0.707916 -1.39803 -1.33849 -4.18242 -818.906 0 
6 823.628 0.315827 0.02251 0.671022 -0.704703 -1.40726 -0.556294 -4.10692 -818.965 0 
5 824.622 0.319868 0.0225604 0.667187 -0.683484 -1.46708 -1.20691 -3.99074 -819.424 0 
4 824.914 0.315807 0.0225596 0.671835 -0.684221 -1.53373 -1.68702 -4.17442 -819.052 0 
4 824.043 0.313235 0.0222804 0.67466 -0.716774 -1.54504 -0.566522 -4.65086 -818.825 0 
2 824.151 0.314051 0.0223491 0.673225 -0.712076 -1.51064 -0.915654 -4.44739 -818.788 0 
6 824.077 0.310126 0.0224942 0.678103 -0.719307 -1.50604 -0.395565 -4.78124 -818.901 0 
2 825.706 0.307268 0.022457 0.682506 -0.737462 -1.52519 -0.966083 -5.34616 -819.394 0 
1 824.961 0.309396 0.0224908 0.680314 -0.73305 -1.53366 -0.653263 -5.13062 -819.177 0 
1 825.121 0.30913 0.0224616 0.680338 -0.741029 -1.49523 -0.733865 -5.13407 -819.253 0 
1 825.051 0.310741 0.0224811 0.679612 -0.738513 -1.487 -1.06575 -4.90093 -819.084 0 
1 825.052 0.311888 0.0225097 0.678982 -0.749414 -1.42851 -1.13414 -4.83872 -819.079 0 
1 825.931 0.315988 0.0223505 0.675579 -0.754307 -1.41103 -2.0958 -4.91824 -818.916 0 
2 824.786 0.317508 0.022316 0.671298 -0.727807 -1.39727 -1.71663 -4.31001 -818.759 0 
4 823.78 0.316178 0.0223691 0.672908 -0.734826 -1.38402 -0.650976 -4.37374 -818.756 0 
1 824.134 0.311645 0.0223667 0.674972 -0.728198 -1.37107 -0.927894 -4.39277 -818.813 0 
1 825.554 0.315468 0.0223884 0.66828 -0.706479 -1.29263 -2.24259 -4.1089 -819.202 0 
1 824.913 0.318677 0.0223242 0.666705 -0.722989 -1.25576 -1.74809 -4.09441 -819.071 0 
2 825.024 0.317715 0.0224573 0.666647 -0.701183 -1.26924 -1.39018 -4.09902 -819.534 0 
3 825.538 0.319599 0.0223854 0.66722 -0.7095 -1.32104 -2.26541 -4.05901 -819.213 0 
2 824.401 0.319045 0.0222953 0.667013 -0.718882 -1.297 -1.25064 -4.09408 -819.056 0 
4 824.457 0.322033 0.0224349 0.66562 -0.722824 -1.27928 -0.99243 -4.32942 -819.135 0 
1 824.145 0.319811 0.0224749 0.666114 -0.711206 -1.26357 -0.695622 -4.07516 -819.374 0 
4 825.758 0.318192 0.0225266 0.668673 -0.730409 -1.23482 -2.65735 -4.12653 -818.974 0 
1 827.939 0.31507 0.0223815 0.669453 -0.735705 -1.20172 -4.94827 -4.09418 -818.896 0 
3 827.892 0.31512 0.0222544 0.668438 -0.731133 -1.21015 -4.86675 -4.08548 -818.94 0 
2 826.202 0.313905 0.0224617 0.669063 -0.712369 -1.18996 -2.55045 -4.33418 -819.318 0 
4 826.109 0.314795 0.0222983 0.668892 -0.724517 -1.21838 -2.98392 -4.11016 -819.015 0 
1 825.207 0.316964 0.0223079 0.668071 -0.730046 -1.23191 -2.16665 -4.08636 -818.954 0 
1 825.96 0.319996 0.0224283 0.664433 -0.703658 -1.21388 -1.94905 -4.17342 -819.837 0 
3 824.39 0.319497 0.0225201 0.666395 -0.716095 -1.20263 -0.823199 -4.11959 -819.448 0 
4 825.812 0.31894 0.0226082 0.665647 -0.697774 -1.22314 -1.67863 -4.19518 -819.938 0 
6 825.115 0.319884 0.022445 0.665487 -0.707853 -1.23511 -1.41105 -4.1132 -819.591 0 
2 824.48 0.311385 0.0224919 0.673935 -0.740271 -1.17278 -1.34987 -4.27428 -818.856 0 
2 825.177 0.31812 0.0225943 0.669256 -0.720586 -1.23673 -1.95019 -4.07348 -819.153 0 
1 824.836 0.319697 0.0225418 0.667922 -0.722117 -1.23242 -1.51993 -4.11957 -819.196 0 
4 824.379 0.315485 0.022562 0.670024 -0.719641 -1.22974 -1.18545 -4.0969 -819.097 0 
2 823.446 0.316191 0.0224764 0.670585 -0.731343 -1.2405 -0.452614 -4.09054 -818.903 0 
2 825.016 0.325115 0.0224868 0.663263 -0.717469 -1.22706 -0.838548 -4.53676 -819.641 0 
3 824.646 0.323772 0.0225187 0.663589 -0.719547 -1.1857 -0.557349 -4.42148 -819.668 0 
1 825.997 0.31957 0.0224777 0.666508 -0.73272 -1.17198 -2.67705 -4.18294 -819.137 0 
3 825.89 0.313986 0.0225469 0.672918 -0.752253 -1.17114 -2.91069 -4.17038 -818.809 0 
1 827.302 0.311541 0.0225367 0.673192 -0.742605 -1.1634 -4.23162 -4.21948 -818.851 0 
4 827.361 0.314637 0.0226365 0.672215 -0.75875 -1.08255 -4.37141 -4.14118 -818.849 0 
8 825.977 0.311749 0.0225255 0.674819 -0.782194 -1.01539 -2.84976 -4.22324 -818.904 0 
2 825.296 0.309916 0.0226451 0.676359 -0.77307 -1.01267 -2.15002 -4.25872 -818.887 0 
3 824.624 0.32035 0.0225131 0.66863 -0.771288 -1.04668 -1.1111 -4.65065 -818.862 0 
4 824.935 0.317621 0.0223714 0.673893 -0.812454 -1.04244 -0.453164 -5.36337 -819.118 0 
4 824.172 0.310197 0.0224291 0.679183 -0.805358 -1.05912 -0.133647 -4.59318 -819.445 0 
4 823.506 0.31858 0.0224564 0.668846 -0.765198 -1.03894 -0.249749 -4.35375 -818.902 0 
1 823.946 0.316534 0.0224743 0.669155 -0.759667 -1.01068 -0.772407 -4.1978 -818.976 0 
1 824.308 0.308827 0.022419 0.678101 -0.788542 -1.0374 -0.841999 -4.35708 -819.109 0 
4 824.379 0.311381 0.0224036 0.674827 -0.774404 -1.04325 -1.29065 -4.21105 -818.877 0 
2 824.368 0.311671 0.0224965 0.675521 -0.770972 -1.07114 -1.29346 -4.20964 -818.865 0 
2 826.564 0.308599 0.0226779 0.678042 -0.760721 -1.07631 -3.2422 -4.4441 -818.877 0 
1 826.662 0.312688 0.0226083 0.674956 -0.760548 -1.0793 -3.6459 -4.17545 -818.84 0 
2 825.464 0.308089 0.0225946 0.678024 -0.762631 -1.08297 -2.09137 -4.47511 -818.897 0 
3 824.286 0.313391 0.0224701 0.673258 -0.764669 -1.06099 -1.28897 -4.15789 -818.84 0 
1 824.929 0.317979 0.0222248 0.671038 -0.7958 -1.03179 -1.2331 -4.82321 -818.872 0 
1 828.346 0.319524 0.0221376 0.669911 -0.800508 -1.01176 -4.41044 -5.07288 -818.863 0 
4 827.504 0.31942 0.0220806 0.670633 -0.814419 -1.01458 -2.912 -5.56847 -819.023 0 
1 827.865 0.322469 0.022289 0.669154 -0.807902 -0.969854 -3.30762 -5.71105 -818.846 0 
1 825.98 0.322132 0.0222719 0.668264 -0.798684 -0.981003 -1.74901 -5.40622 -818.825 0 
2 825.057 0.315034 0.0223649 0.670142 -0.774714 -0.935323 -1.91027 -4.22687 -818.92 0 
5 824.285 0.320331 0.0224224 0.665697 -0.76953 -0.916906 -0.529996 -4.58906 -819.166 0 
14 826.632 0.327303 0.0223965 0.658836 -0.758625 -0.877267 -0.911511 -5.67373 -820.047 0 
1 832.039 0.322626 0.0226185 0.660108 -0.730917 -0.816319 -5.19201 -5.60043 -821.246 0 
1 829.264 0.322867 0.0226762 0.662617 -0.744611 -0.855215 -3.78304 -5.1249 -820.356 0 
1 834.638 0.320019 0.0228184 0.666459 -0.743879 -0.885726 -9.82181 -4.82838 -819.988 0 
4 832.94 0.31407 0.0228161 0.672965 -0.762989 -0.906488 -9.45442 -4.39426 -819.091 0 
1 827.421 0.31207 0.0227214 0.675832 -0.788597 -0.895038 -4.29408 -4.22313 -818.904 0 
1 825.687 0.313266 0.022632 0.676188 -0.812884 -0.868401 -2.26434 -4.38117 -819.041 0 
4 828.339 0.317655 0.0225924 0.674706 -0.828835 -0.862488 -4.07049 -5.16977 -819.099 0 
3 827.311 0.318489 0.0226428 0.672543 -0.807459 -0.890838 -3.57262 -4.84493 -818.893 0 
4 828.548 0.318548 0.0226997 0.671646 -0.791376 -0.953408 -5.02796 -4.67029 -818.85 0 
2 828.461 0.315282 0.0227127 0.673752 -0.789261 -0.963271 -5.25129 -4.34446 -818.865 0 
1 827.158 0.314922 0.0226865 0.672304 -0.792426 -0.85807 -3.94293 -4.30294 -818.912 0 
1 825.602 0.316837 0.0223715 0.672439 -0.818817 -0.914941 -1.52513 -5.02476 -819.052 0 
2 824.573 0.31672 0.0224298 0.672585 -0.823129 -0.850198 -0.618369 -4.91585 -819.039 0 
2 827.255 0.318353 0.0223558 0.669248 -0.805786 -0.892266 -3.49076 -4.87628 -818.888 0 
8 826.061 0.318895 0.0223503 0.672603 -0.834979 -0.905496 -0.968602 -5.86992 -819.222 0 
5 827.256 0.316875 0.0222557 0.675922 -0.859838 -0.898307 -0.756443 -6.46505 -820.034 0 
4 827.695 0.324961 0.0222869 0.668431 -0.840978 -0.866458 -1.25078 -7.42473 -819.02 0 
3 826.983 0.325829 0.022167 0.665856 -0.822468 -0.907336 -1.12217 -6.98922 -818.871 0 
4 825.819 0.324856 0.0222471 0.666387 -0.817698 -0.906076 -0.411322 -6.54313 -818.865 0 
8 825.684 0.322072 0.0222838 0.668836 -0.825405 -0.893335 -0.598943 -6.13569 -818.949 0 
2 825.354 0.320874 0.0222457 0.669834 -0.833592 -0.854339 -0.325886 -5.98568 -819.043 0 
3 824.722 0.323979 0.0223299 0.665542 -0.802326 -0.882298 -0.0607573 -5.74373 -818.917 0 
2 825.564 0.305198 0.0223986 0.680048 -0.810471 -0.883571 -1.65898 -4.50092 -819.404 0 
1 825.886 0.303359 0.0223727 0.683077 -0.821982 -0.926516 -1.10514 -4.73578 -820.045 0 
1 827.159 0.305615 0.0223693 0.685605 -0.860012 -0.918333 -0.474141 -5.21721 -821.468 0 
3 825.579 0.306638 0.0225049 0.681975 -0.828139 -0.922785 -1.03317 -4.59838 -819.948 0 
3 826.898 0.306368 0.0225872 0.680861 -0.820885 -0.872483 -2.90741 -4.42709 -819.564 0 
2 825.415 0.306699 0.0226098 0.680993 -0.812051 -0.914203 -1.56496 -4.4185 -819.432 0 
1 826.233 0.303572 0.0224294 0.685548 -0.84048 -0.949476 -0.314509 -4.99094 -820.927 0 
1 825.333 0.310254 0.0223148 0.679032 -0.845072 -0.877368 -0.413381 -4.88405 -820.035 0 
3 826.176 0.314171 0.0222613 0.675703 -0.841407 -0.903268 -1.18593 -5.31317 -819.677 0 
1 824.722 0.309524 0.0223391 0.679454 -0.836402 -0.903266 -0.114627 -4.70779 -819.9 0 
6 827.213 0.307651 0.0221842 0.681244 -0.861916 -0.842871 -1.3357 -5.02879 -820.848 0 
2 826.893 0.308879 0.0222737 0.681223 -0.851096 -0.88229 -1.55988 -4.90417 -820.429 0 
1 825.774 0.30703 0.0222853 0.680726 -0.835298 -0.911928 -0.974381 -4.67393 -820.126 0 
5 826.475 0.307257 0.0222927 0.679257 -0.814915 -0.918884 -2.58231 -4.41066 -819.482 0 
1 826.257 0.30788 0.0223651 0.680155 -0.812115 -0.971578 -2.27969 -4.45499 -819.522 0 
1 825.065 0.316884 0.022298 0.674015 -0.815088 -1.01275 -0.745954 -5.17249 -819.147 0 
2 826.14 0.312708 0.0222005 0.678067 -0.835845 -1.02257 -0.595661 -5.47673 -820.068 0 
4 825.525 0.318204 0.0221959 0.672724 -0.820781 -1.0237 -0.621448 -5.69008 -819.213 0 
1 826.029 0.319648 0.0222001 0.668215 -0.791738 -1.01864 -2.21692 -4.99071 -818.821 0 
8 824.755 0.317924 0.0222322 0.67214 -0.811408 -1.00771 -0.515504 -5.21093 -819.029 0 
8 824.085 0.315856 0.02232 0.673461 -0.803147 -1.00573 -0.403226 -4.69348 -818.989 0 
1 825.76 0.311172 0.0222796 0.678506 -0.82699 -0.968629 -1.30488 -4.75933 -819.696 0 
1 827.995 0.305042 0.0222237 0.682017 -0.816871 -1.00417 -3.23362 -4.72826 -820.033 0 
2 827.475 0.313633 0.0222192 0.676794 -0.81308 -1.06931 -3.10213 -4.93606 -819.437 0 
2 827.042 0.314891 0.0220784 0.674165 -0.809885 -1.09542 -2.53025 -5.16794 -819.344 0 
2 826.18 0.31661 0.0221068 0.672206 -0.794278 -1.12484 -2.20756 -4.97014 -819.002 0 
6 827.21 0.319226 0.0221021 0.669518 -0.791403 -1.12609 -3.03554 -5.30382 -818.871 0 
2 826.365 0.321531 0.0221361 0.66937 -0.802108 -1.11744 -1.38013 -6.07747 -818.907 0 
2 827.471 0.321353 0.0221499 0.671694 -0.815449 -1.13698 -1.5967 -6.70134 -819.173 0 
1 826.087 0.324242 0.0221554 0.665354 -0.766995 -1.15093 -1.9366 -5.34563 -818.805 0 
3 825.406 0.329877 0.0223358 0.660189 -0.740012 -1.16992 -0.090787 -5.83237 -819.483 0 
6 826.52 0.328575 0.0222855 0.661504 -0.746762 -1.14739 -1.58042 -5.6313 -819.308 0 
6 826.148 0.329666 0.0221905 0.660632 -0.761037 -1.12738 -0.668754 -6.37917 -819.1 0 
1 828.117 0.329052 0.0220969 0.661573 -0.760815 -1.17217 -2.88558 -6.27399 -818.958 0 
2 827.19 0.329197 0.0221258 0.661577 -0.759124 -1.18396 -1.92422 -6.3048 -818.961 0 
3 827.221 0.332142 0.0221367 0.65814 -0.74498 -1.19384 -1.18507 -6.65282 -819.383 0 
2 827.691 0.334834 0.0222004 0.655997 -0.736576 -1.19956 -0.70874 -7.17791 -819.804 0 
1 827.062 0.331468 0.0221981 0.659258 -0.746185 -1.17767 -1.2752 -6.41434 -819.373 0 
1 827.055 0.326179 0.0223252 0.65849 -0.713165 -1.12462 -1.88084 -4.75144 -820.423 0 
8 827.047 0.323301 0.0224282 0.662675 -0.714241 -1.15306 -2.6563 -4.40938 -819.982 0 
3 825.666 0.32841 0.0223226 0.661748 -0.73818 -1.2009 -0.873886 -5.46471 -819.328 0 
5 825.936 0.328462 0.022248 0.663227 -0.768549 -1.15205 -0.671993 -6.39187 -818.872 0 
5 823.659 0.317466 0.0222983 0.671369 -0.777354 -1.12599 -0.251464 -4.60011 -818.808 0 
1 824.253 0.315167 0.0224247 0.674464 -0.783983 -1.10126 -0.888172 -4.4698 -818.895 0 
2 824.824 0.312565 0.0224282 0.672704 -0.757086 -1.11105 -1.82908 -4.16332 -818.832 0 
6 825.506 0.307977 0.0224078 0.676142 -0.755723 -1.12361 -2.11768 -4.50426 -818.884 0 
2 825.72 0.30997 0.0224357 0.673534 -0.743494 -1.1278 -2.46937 -4.37921 -818.872 0 
1 824.098 0.312006 0.0224158 0.6752 -0.773715 -1.12908 -0.864648 -4.31534 -818.918 0 
1 825.02 0.309957 0.0225037 0.674519 -0.738557 -1.15969 -1.71791 -4.42949 -818.873 0 
4 825.267 0.30968 0.0223579 0.676413 -0.763184 -1.14939 -2.00614 -4.35152 -818.909 0 
2 823.789 0.315524 0.022302 0.672698 -0.768574 -1.1725 -0.577714 -4.39344 -818.817 0 
4 823.981 0.319291 0.022387 0.667274 -0.735326 -1.17356 -0.735938 -4.17542 -819.07 0 
2 824.139 0.313212 0.0223883 0.676607 -0.787206 -1.15063 -0.455426 -4.59225 -819.092 0 
3 824.074 0.313865 0.022362 0.675975 -0.78932 -1.14074 -0.356026 -4.64071 -819.077 0 
1 825.944 0.305045 0.0223251 0.68222 -0.805016 -1.08921 -1.1033 -4.86994 -819.971 0 
6 826.058 0.307903 0.0222216 0.680491 -0.818806 -1.04481 -1.25295 -4.80094 -820.005 0 
2 825.69 0.311432 0.0221888 0.677205 -0.81474 -1.05506 -1.23304 -4.8547 -819.602 0 
1 826.552 0.317244 0.0223773 0.671288 -0.792796 -1.03578 -2.91726 -4.76677 -818.868 0 
4 825.28 0.321156 0.0223336 0.667706 -0.785654 -1.02903 -1.37626 -5.09321 -818.81 0 
7 825.421 0.321149 0.0222598 0.668801 -0.796661 -1.05357 -1.08752 -5.51124 -818.823 0 
2 824.204 0.31404 0.0223265 0.676024 -0.808004 -1.0612 -0.0842159 -4.85481 -819.265 0 
4 823.615 0.313075 0.0224948 0.674314 -0.77515 -1.06511 -0.53804 -4.22009 -818.857 0 
1 823.793 0.316252 0.0223922 0.673774 -0.791253 -1.09339 -0.13816 -4.7235 -818.931 0 
4 824.052 0.319606 0.0225341 0.667461 -0.740301 -1.12148 -0.693812 -4.23113 -819.127 0 
1 824.609 0.315214 0.0226093 0.671186 -0.739838 -1.12404 -1.49907 -4.12166 -818.989 0 
1 823.718 0.316847 0.0225111 0.672084 -0.762546 -1.14559 -0.613979 -4.31335 -818.791 0 
2 825.705 0.321915 0.0225962 0.667874 -0.747463 -1.14442 -2.1737 -4.51855 -819.013 0 
1 824.411 0.314336 0.0225771 0.672562 -0.760821 -1.07613 -1.42437 -4.1445 -818.842 0 
2 824.482 0.317634 0.0225339 0.66929 -0.752873 -1.09027 -1.34755 -4.20137 -818.933 0 
3 823.901 0.310699 0.0224501 0.676883 -0.789955 -1.04923 -0.487121 -4.34506 -819.069 0 
5 824.827 0.318493 0.0224461 0.670595 -0.792282 -0.997409 -1.21484 -4.77591 -818.836 0 
3 825.839 0.313067 0.0222562 0.67821 -0.838001 -1.00619 -0.291076 -5.50507 -820.043 0 
1 825.305 0.316431 0.0225505 0.674425 -0.790474 -1.06967 -1.77219 -4.63917 -818.893 0 
2 825.032 0.306063 0.0225102 0.682828 -0.797487 -1.11855 -0.504761 -4.78433 -819.743 0 
2 824.686 0.306027 0.0224373 0.680635 -0.77167 -1.17664 -0.696272 -4.74533 -819.245 0 
2 824.082 0.313802 0.022533 0.671724 -0.733216 -1.1814 -0.999523 -4.14477 -818.938 0 
4 823.647 0.313736 0.0223475 0.674368 -0.762354 -1.21623 -0.458293 -4.34308 -818.846 0 
1 823.349 0.315767 0.0224369 0.673383 -0.758196 -1.24073 -0.155216 -4.40386 -818.79 0 
5 823.96 0.31816 0.0223781 0.668919 -0.741681 -1.22562 -0.880149 -4.23712 -818.843 0 
3 824.206 0.310906 0.0223968 0.674671 -0.742648 -1.24155 -1.06336 -4.31706 -818.826 0 
2 824.04 0.313638 0.0223088 0.673319 -0.74905 -1.25232 -0.987195 -4.25325 -818.799 0 
9 823.774 0.319274 0.0224052 0.667012 -0.727568 -1.20747 -0.51127 -4.13065 -819.132 0 
6 825.738 0.317341 0.0222094 0.668423 -0.73694 -1.2655 -2.71523 -4.19975 -818.823 0 
3 825.153 0.319029 0.0221895 0.668066 -0.752467 -1.19187 -1.96386 -4.3852 -818.804 0 
1 823.966 0.32343 0.0223086 0.666402 -0.757283 -1.19552 -0.0787258 -5.07342 -818.814 0 
1 823.982 0.321005 0.0223747 0.669304 -0.766779 -1.19362 -0.253738 -4.98151 -818.747 0 
1 824.397 0.32068 0.0224847 0.669528 -0.756518 -1.18583 -0.987414 -4.61248 -818.797 0 
3 824.459 0.314396 0.0225035 0.675688 -0.774417 -1.17368 -1.1157 -4.44825 -818.896 0 
1 824.084 0.308595 0.0224813 0.679351 -0.774166 -1.18207 -0.380315 -4.54261 -819.161 0 
2 824.011 0.311072 0.0224127 0.674632 -0.749161 -1.19514 -0.907542 -4.27362 -818.83 0 
1 824.026 0.311662 0.0223294 0.674913 -0.761774 -1.18778 -0.850502 -4.3008 -818.875 0 
1 825.087 0.319202 0.0223071 0.667954 -0.739522 -1.20161 -1.94181 -4.21407 -818.931 0 
8 824.894 0.312276 0.0223832 0.673351 -0.748669 -1.15932 -1.87039 -4.19493 -818.829 0 
1 826.911 0.306245 0.0222807 0.678658 -0.765031 -1.17368 -3.09603 -4.71359 -819.101 0 
2 825.664 0.307436 0.0226446 0.677426 -0.755415 -1.07573 -2.17903 -4.60428 -818.881 0 
6 824.155 0.310031 0.0225607 0.676515 -0.768902 -1.06955 -0.996289 -4.2733 -818.885 0 
1 824.105 0.30847 0.0224798 0.677897 -0.77635 -1.07333 -0.721712 -4.38124 -819.002 0 
1 824.098 0.315539 0.0225646 0.672882 -0.77157 -1.05952 -1.03578 -4.23935 -818.823 0 
1 823.899 0.316936 0.0223629 0.669535 -0.746666 -1.15332 -0.871093 -4.14529 -818.883 0 
1 824.451 0.310763 0.0223122 0.676645 -0.780286 -1.16126 -0.843574 -4.49374 -819.114 0 
2 824.23 0.3144 0.0222438 0.674374 -0.780927 -1.18641 -0.578388 -4.65473 -818.997 0 
3 824.375 0.312311 0.0222733 0.675318 -0.769631 -1.20347 -1.00661 -4.41585 -818.953 0 
2 825.134 0.30884 0.0223678 0.679458 -0.790475 -1.16853 -0.9101 -4.73539 -819.488 0 
4 824.767 0.312499 0.022275 0.677747 -0.805392 -1.14247 -0.20303 -5.02334 -819.54 0 
3 824.974 0.313272 0.0224973 0.677647 -0.797228 -1.11275 -1.06964 -4.70404 -819.201 0 
6 823.92 0.313997 0.0225515 0.673487 -0.761269 -1.11641 -0.931342 -4.17116 -818.817 0 
4 824.082 0.317956 0.0223909 0.672114 -0.782873 -1.13628 -0.386925 -4.85812 -818.837 0 
1 823.862 0.318098 0.022342 0.671253 -0.779033 -1.13725 -0.279158 -4.77398 -818.808 0 
2 826.21 0.321364 0.0222433 0.671313 -0.81322 -1.08962 -0.846419 -6.32657 -819.037 0 
1 827.603 0.314019 0.0221552 0.677961 -0.847339 -1.00601 -1.31881 -5.97992 -820.304 0 
6 825.017 0.314565 0.022476 0.674701 -0.809477 -0.959524 -1.31425 -4.63845 -819.065 0 
2 824.495 0.316392 0.0223374 0.673175 -0.816607 -0.913119 -0.643455 -4.81635 -819.035 0 
1 824.733 0.310544 0.022399 0.677784 -0.820311 -0.890161 -1.01211 -4.38919 -819.331 0 
2 824.415 0.310897 0.0224504 0.674559 -0.789417 -0.903147 -1.27058 -4.22506 -818.92 0 
1 824.307 0.314364 0.0222789 0.673703 -0.819723 -0.883558 -0.575979 -4.61262 -819.119 0 
7 824.581 0.319879 0.0222959 0.670237 -0.823022 -0.880781 -0.110394 -5.49764 -818.973 0 
3 825.229 0.320653 0.0222881 0.670085 -0.829594 -0.875921 -0.319776 -5.88893 -819.021 0 
1 825.333 0.317862 0.0222413 0.672115 -0.835764 -0.871036 -0.567605 -5.54237 -819.223 0 
1 825.052 0.317128 0.0223662 0.673846 -0.840803 -0.846265 -0.274186 -5.46335 -819.315 0 
1 825.406 0.318906 0.0223164 0.672441 -0.839443 -0.867683 -0.323999 -5.84447 -819.237 0 
1 825.328 0.312541 0.022323 0.678257 -0.852175 -0.860516 -0.108051 -5.2084 -820.012 0 
3 825.427 0.309613 0.0225683 0.679353 -0.825975 -0.875876 -1.49341 -4.44477 -819.489 0 
2 826.902 0.302223 0.0224208 0.682856 -0.821919 -0.865969 -2.23587 -4.7707 -819.895 0 
1 824.738 0.307387 0.0223689 0.680564 -0.827585 -0.921112 -0.318511 -4.56362 -819.856 0 
9 825.605 0.317517 0.0222165 0.673287 -0.841175 -0.888518 -0.494161 -5.71354 -819.397 0 
1 827.697 0.313858 0.0221379 0.675936 -0.858291 -0.851831 -1.98522 -5.63604 -820.075 0 
1 825.362 0.316534 0.022222 0.67334 -0.84049 -0.863348 -0.551119 -5.43092 -819.38 0 
4 824.783 0.316845 0.0222855 0.672784 -0.836199 -0.843098 -0.283553 -5.26997 -819.229 0 
1 826.13 0.313238 0.0222367 0.671677 -0.810579 -0.811676 -2.8302 -4.32281 -818.977 0 
1 825.871 0.307509 0.022292 0.678808 -0.828341 -0.832283 -1.92989 -4.37449 -819.567 0 
6 825.211 0.306831 0.0223598 0.678897 -0.821538 -0.843809 -1.37321 -4.37144 -819.466 0 
1 827.028 0.308444 0.0222899 0.677538 -0.8328 -0.820386 -3.02221 -4.41716 -819.589 0 
5 826.742 0.306677 0.0222463 0.680792 -0.856728 -0.788669 -1.61162 -4.6781 -820.453 0 
6 826.114 0.309181 0.0222882 0.681045 -0.872772 -0.777595 -0.135499 -5.15569 -820.823 0 
5 824.659 0.312802 0.022301 0.675535 -0.845827 -0.750715 -0.509476 -4.69258 -819.456 0 
2 824.511 0.313146 0.0225197 0.675767 -0.840072 -0.723198 -0.672311 -4.57636 -819.262 0 
1 825.749 0.317129 0.0222906 0.66768 -0.808781 -0.72655 -2.09543 -4.65175 -819.002 0 
4 826.106 0.316824 0.0222116 0.66888 -0.823415 -0.720132 -2.36429 -4.75314 -818.989 0 
1 826.747 0.319773 0.0223032 0.665677 -0.807516 -0.680497 -2.55634 -5.03813 -819.153 0 
1 825.734 0.321696 0.0224537 0.664261 -0.787525 -0.739097 -1.17805 -5.13583 -819.42 0 
4 825.047 0.321957 0.0224342 0.665767 -0.790468 -0.819654 -0.861238 -5.05892 -819.127 0 
3 826.353 0.321168 0.0224044 0.668079 -0.801721 -0.846802 -2.34836 -5.07303 -818.932 0 
1 825.28 0.314525 0.0222626 0.671215 -0.807162 -0.82923 -1.96742 -4.37256 -818.94 0 
2 825.29 0.312879 0.0222942 0.672708 -0.796844 -0.89283 -2.12737 -4.23937 -818.923 0 
3 824.93 0.311754 0.0223667 0.67443 -0.795673 -0.914607 -1.76013 -4.22329 -818.946 0 
4 825.189 0.310751 0.0224902 0.674954 -0.789331 -0.889748 -2.02232 -4.24625 -818.92 0 
1 827.775 0.31204 0.0224191 0.669956 -0.766924 -0.846545 -4.13955 -4.52261 -819.113 0 
3 826.611 0.317127 0.0223663 0.66595 -0.771769 -0.816029 -2.7824 -4.53436 -819.294 0 
6 826.537 0.318526 0.0223788 0.665016 -0.781871 -0.771052 -2.57207 -4.67777 -819.287 0 
2 826.499 0.322508 0.02252 0.66192 -0.761886 -0.785881 -1.29176 -5.17733 -820.03 0 
2 827.26 0.317426 0.022629 0.66605 -0.764842 -0.761314 -2.69586 -4.86753 -819.697 0 
5 825.701 0.311166 0.0224873 0.672665 -0.79951 -0.76788 -2.43887 -4.29861 -818.963 0 
3 824.772 0.310559 0.0225667 0.674326 -0.804251 -0.752066 -1.47517 -4.31903 -818.978 0 
3 823.901 0.315385 0.0224634 0.671071 -0.80615 -0.779599 -0.519172 -4.43456 -818.947 0 
10 824.04 0.319846 0.0224148 0.667795 -0.806425 -0.786872 -0.120897 -4.95124 -818.968 0 
1 828.248 0.316161 0.0225472 0.669974 -0.799553 -0.711103 -4.54882 -4.61329 -819.086 0 
1 827.865 0.31199 0.0226032 0.673652 -0.808941 -0.682414 -4.38985 -4.46316 -819.012 0 
1 825.257 0.305674 0.0224533 0.680187 -0.84084 -0.694082 -1.25628 -4.3758 -819.625 0 
2 825.687 0.315638 0.0224958 0.668157 -0.79174 -0.728094 -2.01718 -4.53661 -819.133 0 
1 825.687 0.314597 0.0225009 0.668628 -0.77445 -0.808375 -2.06984 -4.45021 -819.167 0 
1 825.418 0.315043 0.0225471 0.670575 -0.784798 -0.816843 -2.02314 -4.37719 -819.018 0 
6 824.866 0.323473 0.0223738 0.66458 -0.791086 -0.83694 -0.411859 -5.32955 -819.125 0 
1 824.593 0.322235 0.0224653 0.665862 -0.795304 -0.807126 -0.318134 -5.18045 -819.095 0 
6 824.033 0.316898 0.0224016 0.669806 -0.812809 -0.749504 -0.432998 -4.63686 -818.963 0 
7 824.297 0.316982 0.0223246 0.669661 -0.815416 -0.769159 -0.664552 -4.67966 -818.953 0 
1 825.502 0.322684 0.0222993 0.663734 -0.79361 -0.806782 -1.10909 -5.25689 -819.136 0 
2 826.286 0.320558 0.0223355 0.666141 -0.802155 -0.81667 -2.28352 -5.03939 -818.963 0 
1 826.027 0.320703 0.0222248 0.666606 -0.815334 -0.802191 -1.7942 -5.30574 -818.927 0 
4 825.32 0.320186 0.0223472 0.665219 -0.789119 -0.780589 -1.28485 -4.84569 -819.19 0 
1 824.956 0.319095 0.0224451 0.666136 -0.793431 -0.729348 -0.914723 -4.82431 -819.217 0 
1 825.317 0.312565 0.0224711 0.671511 -0.800683 -0.723528 -1.90801 -4.40815 -819.001 0 
1 825.584 0.316504 0.0224924 0.667469 -0.789651 -0.734894 -1.82665 -4.58329 -819.174 0 
2 825.502 0.316247 0.0224405 0.669475 -0.803932 -0.724493 -1.91413 -4.56406 -819.024 0 
13 825.142 0.307275 0.0225022 0.677878 -0.826821 -0.695608 -1.55411 -4.35207 -819.235 0 
5 824.889 0.31145 0.0225225 0.673318 -0.821241 -0.637509 -1.42032 -4.42499 -819.044 0 
1 825.243 0.308777 0.0225558 0.675906 -0.824169 -0.665293 -1.78662 -4.34109 -819.115 0 
1 826.028 0.308849 0.0226727 0.675884 -0.815295 -0.671818 -2.57604 -4.40697 -819.045 0 
4 827.074 0.310235 0.0226363 0.679424 -0.859062 -0.671198 -2.73516 -4.57943 -819.759 0 
5 824.911 0.31068 0.0224702 0.67813 -0.854902 -0.709907 -0.568759 -4.61779 -819.724 0 
2 824.616 0.311579 0.0224317 0.67775 -0.859225 -0.698491 -0.124586 -4.74063 -819.751 0 
4 824.59 0.312162 0.022349 0.676937 -0.857528 -0.720682 -0.0433045 -4.81892 -819.727 0 
3 825.632 0.308511 0.0222803 0.679954 -0.864571 -0.74014 -0.528548 -4.74304 -820.36 0 
2 825.382 0.313162 0.0224675 0.67091 -0.802546 -0.73258 -2.02868 -4.36499 -818.988 0 
1 826.565 0.310083 0.0223604 0.673436 -0.817856 -0.705785 -3.21444 -4.30043 -819.05 0 
1 824.739 0.315467 0.0223068 0.670399 -0.817197 -0.750099 -1.2323 -4.53324 -818.974 0 
4 824.436 0.315811 0.0223641 0.669637 -0.797607 -0.812244 -1.08886 -4.40536 -818.942 0 
1 824.196 0.31787 0.0223983 0.671341 -0.817669 -0.836954 -0.362064 -4.88416 -818.95 0 
9 824.422 0.318413 0.0225327 0.670255 -0.803417 -0.83635 -0.793888 -4.71433 -818.914 0 
2 824.086 0.31339 0.0223277 0.673086 -0.800966 -0.910339 -0.83336 -4.30347 -818.949 0 
1 823.79 0.314922 0.0224472 0.671366 -0.795755 -0.861164 -0.565765 -4.31884 -818.905 0 
1 824.853 0.31192 0.0224017 0.67438 -0.813267 -0.844341 -1.47679 -4.31226 -819.064 0 
1 825.174 0.313313 0.0223069 0.673204 -0.811183 -0.885393 -1.72449 -4.41243 -819.037 0 
1 824.738 0.312854 0.0222571 0.674781 -0.824211 -0.866983 -0.962537 -4.53626 -819.239 0 
5 824.753 0.314747 0.022259 0.67465 -0.837349 -0.860311 -0.316133 -5.03208 -819.405 0 
3 825.821 0.312047 0.0221887 0.676075 -0.835317 -0.87035 -1.54835 -4.7166 -819.556 0 
1 825.723 0.318554 0.0221813 0.668138 -0.792537 -0.95608 -2.1813 -4.69373 -818.848 0 
2 823.691 0.314968 0.0223671 0.67173 -0.789116 -0.947361 -0.528131 -4.2926 -818.87 0 
2 823.984 0.316078 0.0223256 0.671753 -0.798418 -0.971664 -0.518073 -4.56401 -818.902 0 
1 824.122 0.317843 0.0223097 0.670147 -0.794113 -0.950777 -0.66776 -4.59924 -818.855 0 
1 825.514 0.318122 0.0223427 0.666267 -0.751085 -0.999687 -2.03039 -4.28069 -819.203 0 
1 826.038 0.318922 0.0223837 0.664555 -0.74131 -0.992201 -2.16049 -4.36441 -819.513 0 
2 825.827 0.312746 0.0223737 0.675886 -0.789788 -1.05366 -2.50071 -4.33711 -818.989 0 
4 827.064 0.322122 0.0221692 0.666382 -0.782299 -1.01372 -3.17884 -5.03723 -818.848 0 
3 825.072 0.323031 0.0222761 0.665105 -0.771618 -1.00675 -1.11468 -4.96593 -818.992 0 
4 827.156 0.328823 0.022148 0.662188 -0.782091 -1.05493 -1.57054 -6.67617 -818.91 0 
1 824.55 0.323555 0.0223051 0.666055 -0.784648 -1.02423 -0.252706 -5.46162 -818.836 0 
1 824.337 0.320307 0.0224603 0.668874 -0.788442 -0.973069 -0.614996 -4.87685 -818.846 0 
1 823.89 0.320408 0.0223222 0.667733 -0.782426 -1.00241 -0.239801 -4.80716 -818.843 0 
1 824.24 0.316943 0.0223617 0.669795 -0.781423 -0.988746 -1.00607 -4.3889 -818.845 0 
2 824.46 0.312035 0.0224121 0.676101 -0.798649 -1.03229 -0.87674 -4.46056 -819.122 0 
1 824.921 0.310279 0.0223524 0.675439 -0.786842 -1.01836 -1.65063 -4.27483 -818.996 0 
3 825.728 0.306052 0.0223312 0.680856 -0.80894 -1.02774 -1.29704 -4.66622 -819.764 0 
1 825.58 0.306658 0.0225547 0.682605 -0.80669 -1.03304 -1.31636 -4.60001 -819.663 0 
3 825.408 0.311246 0.0224019 0.677719 -0.805713 -0.994266 -1.78043 -4.40833 -819.219 0 
5 825.432 0.310689 0.0223153 0.678638 -0.825841 -0.947183 -1.17164 -4.63391 -819.626 0 
3 826.247 0.308086 0.0223824 0.68174 -0.825999 -0.982888 -1.5747 -4.68645 -819.985 0 
2 826.828 0.306561 0.0224626 0.684077 -0.835444 -0.96447 -1.58959 -4.8133 -820.425 0 
2 826.992 0.305766 0.0223743 0.685476 -0.865441 -0.893685 -0.134151 -5.27391 -821.584 0 
1 826.236 0.305579 0.0223374 0.683577 -0.858611 -0.84955 -0.334606 -4.91812 -820.984 0 
1 827.253 0.308453 0.0225041 0.681729 -0.852206 -0.846537 -2.04278 -4.85885 -820.351 0 
1 827.381 0.307606 0.0225584 0.681049 -0.834149 -0.866962 -2.98941 -4.54007 -819.851 0 
2 829.167 0.311156 0.0225345 0.676565 -0.814589 -0.906424 -5.53214 -4.41975 -819.215 0 
1 826.615 0.312333 0.022392 0.676391 -0.828857 -0.901046 -2.41119 -4.75031 -819.454 0 
2 826.697 0.310355 0.0222729 0.677353 -0.839612 -0.854091 -2.24133 -4.69933 -819.756 0 
2 826.436 0.307116 0.0223108 0.679645 -0.830083 -0.889678 -2.05635 -4.53656 -819.843 0 
2 825.189 0.308778 0.022358 0.677106 -0.814817 -0.877099 -1.58845 -4.3199 -819.281 0 
2 825.75 0.313159 0.022467 0.671726 -0.786739 -0.888343 -2.63917 -4.20975 -818.901 0 
3 824.311 0.310727 0.02234 0.677297 -0.817221 -0.951207 -0.388941 -4.51859 -819.403 0 
1 824.537 0.309771 0.0224889 0.679086 -0.817206 -0.951612 -0.575965 -4.49371 -819.467 0 
1 823.868 0.311302 0.0223736 0.676692 -0.804204 -1.00218 -0.224851 -4.44033 -819.203 0 
2 823.811 0.312831 0.0224296 0.676325 -0.808039 -0.988157 -0.112458 -4.52922 -819.169 0 
1 824.182 0.315806 0.0225463 0.672972 -0.793995 -0.94486 -0.904789 -4.40239 -818.875 0 
3 823.952 0.315588 0.0224175 0.671732 -0.788138 -0.979944 -0.728543 -4.3659 -818.858 0 
6 823.908 0.314507 0.0224329 0.67169 -0.791282 -0.902834 -0.749501 -4.27097 -818.888 0 
1 823.875 0.315651 0.0225109 0.672264 -0.804618 -0.847056 -0.517155 -4.44057 -818.917 0 
2 825.005 0.320309 0.0223577 0.668822 -0.817796 -0.793424 -0.86169 -5.21062 -818.933 0 
4 824.766 0.320912 0.0223053 0.667728 -0.805416 -0.85765 -0.730928 -5.13464 -818.901 0 
1 826.729 0.326019 0.0221961 0.664417 -0.823078 -0.803275 -1.07731 -6.71514 -818.937 0 
4 826.606 0.324324 0.0224146 0.66704 -0.821639 -0.797156 -1.49063 -6.18021 -818.935 0 
2 825.051 0.321011 0.022407 0.66917 -0.828483 -0.789674 -0.42387 -5.66723 -818.96 0 
1 824.804 0.318056 0.0224077 0.669822 -0.812382 -0.827112 -1.04417 -4.83764 -818.922 0 
2 824.529 0.317313 0.0225348 0.670672 -0.81322 -0.772399 -0.884581 -4.69635 -818.948 0 
2 824.461 0.319765 0.0224692 0.669589 -0.815919 -0.807326 -0.412399 -5.12312 -818.925 0 
1 824.071 0.316218 0.0224686 0.672728 -0.82475 -0.792426 -0.299015 -4.74927 -819.022 0 
2 827.004 0.314933 0.0224943 0.673128 -0.821424 -0.820967 -3.32858 -4.63101 -819.045 0 
5 826.464 0.310855 0.02243 0.677409 -0.845403 -0.776719 -2.1897 -4.63318 -819.642 0 
2 825.976 0.313459 0.0225242 0.677124 -0.852305 -0.75554 -1.42581 -4.95821 -819.592 0 
2 826.404 0.317803 0.0222543 0.672247 -0.848826 -0.803937 -1.27347 -5.76875 -819.362 0 
6 825.973 0.320051 0.022555 0.67006 -0.825703 -0.75498 -1.67794 -5.33203 -818.963 0 
1 825.854 0.318088 0.022432 0.670485 -0.826994 -0.773699 -1.78014 -5.08094 -818.993 0 
2 825.823 0.324812 0.0223462 0.662152 -0.790654 -0.799014 -0.884044 -5.64021 -819.298 0 
3 825.861 0.322133 0.0221961 0.667086 -0.829664 -0.798738 -0.921532 -5.98792 -818.952 0 
1 826.869 0.32611 0.0223679 0.665821 -0.82663 -0.822073 -0.962378 -6.99222 -818.914 0 
1 826.661 0.324364 0.0223316 0.664749 -0.814798 -0.802031 -1.59673 -6.1066 -818.958 0 
1 824.982 0.31376 0.0224411 0.676741 -0.85018 -0.780956 -0.399891 -4.99673 -819.586 0 
2 827.549 0.322802 0.0223329 0.670382 -0.85547 -0.788346 -1.21309 -7.11532 -819.221 0 
1 826.445 0.316445 0.0223503 0.675254 -0.859769 -0.805581 -0.806405 -5.89802 -819.741 0 
1 826.526 0.311979 0.0223616 0.678308 -0.866659 -0.763646 -1.06767 -5.25592 -820.203 0 
1 825.637 0.309951 0.0222995 0.679309 -0.859095 -0.799355 -0.440175 -4.93488 -820.262 0 
1 824.137 0.314406 0.0224719 0.673888 -0.822169 -0.816081 -0.519653 -4.55204 -819.065 0 
8 824.556 0.313975 0.0222682 0.6734 -0.824927 -0.828955 -0.849042 -4.57167 -819.136 0 
1 824.206 0.313299 0.0223404 0.675693 -0.836676 -0.831457 -0.044364 -4.75619 -819.405 0 
1 824.295 0.308512 0.0224239 0.678774 -0.824299 -0.844855 -0.514853 -4.34736 -819.432 0 
4 825.2 0.307721 0.022388 0.678865 -0.817773 -0.861448 -1.49262 -4.33973 -819.368 0 
2 827.359 0.302787 0.0223952 0.68389 -0.841566 -0.847513 -2.09468 -4.74857 -820.516 0 
1 826.567 0.300934 0.0225828 0.685631 -0.830548 -0.835195 -1.47827 -4.89243 -820.197 0 
4 826.566 0.302326 0.0226494 0.683233 -0.821543 -0.785404 -2.22517 -4.74715 -819.594 0 
2 827.391 0.300949 0.0225788 0.68833 -0.861025 -0.793117 -1.09586 -4.91911 -821.376 0 
2 825.609 0.305127 0.0225164 0.680902 -0.823896 -0.781584 -1.69108 -4.45448 -819.464 0 
1 826.32 0.309017 0.022642 0.678845 -0.83047 -0.721108 -2.7533 -4.29989 -819.267 0 
1 826.232 0.307914 0.0226582 0.67822 -0.822163 -0.736953 -2.7364 -4.29849 -819.197 0 
1 826.236 0.31002 0.0226822 0.674012 -0.791652 -0.753717 -2.77825 -4.46786 -818.99 0 
4 826.3 0.306716 0.022662 0.67746 -0.801914 -0.746109 -2.70521 -4.57875 -819.016 0 
3 826.2 0.302948 0.0226367 0.683414 -0.829873 -0.761519 -1.86658 -4.62147 -819.712 0 
4 828.008 0.304418 0.0225769 0.685518 -0.842659 -0.85473 -2.94221 -4.64411 -820.422 0 
3 826.391 0.303358 0.0225004 0.685658 -0.857039 -0.77956 -0.925584 -4.67423 -820.791 0 
1 826.96 0.301343 0.0224913 0.686206 -0.857901 -0.764966 -1.17083 -4.79463 -820.994 0 
2 826.252 0.304551 0.0226249 0.680804 -0.817018 -0.789673 -2.37873 -4.51492 -819.358 0 
5 825.541 0.305748 0.0225241 0.682498 -0.84332 -0.807846 -0.918119 -4.52062 -820.103 0 
1 824.782 0.305817 0.0224765 0.681086 -0.822434 -0.856515 -0.746495 -4.43971 -819.596 0 
4 824.836 0.306118 0.0224377 0.679846 -0.822382 -0.825771 -0.959065 -4.39331 -819.483 0 
4 824.322 0.311076 0.0223976 0.675718 -0.827123 -0.791344 -0.723012 -4.36191 -819.237 0 
1 825.332 0.306433 0.0224713 0.682039 -0.851679 -0.779495 -0.543621 -4.55645 -820.232 0 
3 825.359 0.307374 0.0223544 0.680018 -0.847552 -0.781935 -0.844606 -4.51183 -820.003 0 
4 826.124 0.307541 0.0224366 0.679528 -0.84786 -0.738934 -1.84663 -4.4369 -819.841 0 
1 825.824 0.312232 0.0226579 0.67603 -0.821707 -0.748672 -2.427 -4.33504 -819.062 0 
3 825.779 0.305701 0.0226108 0.682608 -0.839422 -0.774796 -1.51182 -4.42373 -819.843 0 
1 827.18 0.302634 0.0226783 0.685025 -0.838526 -0.756359 -2.55964 -4.6211 -820 0 
1 825.437 0.30638 0.022598 0.681616 -0.843786 -0.735247 -1.26252 -4.38434 -819.79 0 
1 826.816 0.314725 0.0226421 0.672544 -0.808384 -0.720793 -3.36097 -4.46517 -818.989 0 
2 825.373 0.306796 0.0225536 0.681323 -0.839612 -0.7603 -1.28257 -4.37542 -819.715 0 
1 824.573 0.310948 0.0223641 0.676905 -0.842241 -0.77502 -0.480281 -4.54868 -819.544 0 
3 824.379 0.313896 0.0223972 0.673649 -0.834536 -0.74258 -0.603566 -4.60747 -819.168 0 
3 824.694 0.313262 0.0225446 0.67458 -0.828202 -0.744959 -1.12865 -4.46088 -819.104 0 
2 824.081 0.31703 0.0223966 0.672062 -0.82781 -0.805163 -0.0821998 -4.95589 -819.043 0 
1 823.92 0.313915 0.0225125 0.673795 -0.814133 -0.80559 -0.546541 -4.38595 -818.988 0 
3 824.178 0.313352 0.022417 0.671951 -0.795269 -0.8455 -1.00602 -4.25429 -818.918 0 
2 824.166 0.314319 0.022524 0.671388 -0.795599 -0.803645 -0.891264 -4.32551 -818.949 0 
7 824.599 0.314283 0.0225602 0.673653 -0.818173 -0.784291 -1.1454 -4.45129 -819.003 0 
3 826.191 0.318703 0.022584 0.667885 -0.79525 -0.778047 -2.43016 -4.70049 -819.061 0 
2 826.557 0.320813 0.0224826 0.665648 -0.789567 -0.816256 -2.54057 -4.9054 -819.111 0 
6 824.055 0.314394 0.0223806 0.671722 -0.810052 -0.798982 -0.715779 -4.38548 -818.954 0 
6 825.752 0.314296 0.0222091 0.67248 -0.82577 -0.824498 -1.99537 -4.62633 -819.13 0 
1 826.522 0.312234 0.0221665 0.674573 -0.836124 -0.81083 -2.51065 -4.60619 -819.405 0 
2 827.623 0.31183 0.0221597 0.676652 -0.851791 -0.782981 -3.05272 -4.79196 -819.778 0 
2 826.666 0.315278 0.0221917 0.671616 -0.821544 -0.805569 -3.0585 -4.58452 -819.023 0 
2 826.451 0.321441 0.0222333 0.665695 -0.800952 -0.811428 -2.3426 -5.11058 -818.998 0 
2 826.387 0.329 0.0222538 0.660085 -0.793316 -0.832636 -0.35389 -6.70056 -819.333 0 
5 824.991 0.318523 0.0222563 0.670055 -0.833562 -0.752994 -0.752038 -5.20964 -819.03 0 
2 826.423 0.310277 0.0221844 0.678123 -0.856258 -0.790461 -1.51326 -4.8231 -820.087 0 
1 826.706 0.309782 0.0222521 0.680928 -0.872815 -0.79507 -0.599152 -5.26184 -820.845 0 
1 826.036 0.306955 0.0222731 0.681811 -0.84748 -0.875177 -0.82996 -4.75455 -820.451 0 
1 825.621 0.306723 0.0224798 0.682353 -0.835821 -0.865802 -1.11907 -4.52154 -819.981 0 
2 826.58 0.303498 0.0223188 0.683223 -0.834989 -0.894881 -1.43672 -4.74804 -820.395 0 
2 825.419 0.304618 0.0224587 0.68403 -0.83696 -0.891224 -0.399553 -4.67857 -820.34 0 
5 825.824 0.303481 0.0225515 0.684887 -0.830014 -0.896587 -0.914563 -4.7058 -820.204 0 
2 826.074 0.303266 0.0224886 0.685732 -0.838866 -0.925267 -0.42931 -4.89311 -820.751 0 
3 826.112 0.305417 0.0224206 0.68236 -0.829683 -0.869698 -1.69773 -4.51532 -819.899 0 
1 824.376 0.307925 0.0225221 0.679101 -0.819316 -0.841568 -0.709883 -4.3226 -819.343 0 
1 825.068 0.305261 0.0225444 0.682378 -0.827593 -0.850538 -0.810987 -4.48543 -819.772 0 
2 824.063 0.309256 0.0224611 0.677937 -0.81738 -0.856238 -0.495651 -4.30396 -819.264 0 
1 824.239 0.308668 0.0224954 0.678219 -0.819957 -0.818111 -0.679844 -4.29271 -819.266 0 
1 826.205 0.310886 0.0225212 0.679393 -0.836974 -0.835118 -2.0842 -4.54183 -819.578 0 
2 825.703 0.310365 0.0223847 0.67936 -0.845362 -0.820434 -1.24462 -4.63864 -819.82 0 
2 824.994 0.311064 0.0225356 0.678485 -0.84303 -0.770287 -0.911865 -4.53797 -819.544 0 
2 825.685 0.313831 0.0225347 0.676279 -0.849847 -0.731476 -1.36144 -4.8773 -819.446 0 
1 825.431 0.310116 0.0225683 0.677632 -0.835514 -0.74504 -1.70727 -4.36425 -819.36 0 
1 827.739 0.304416 0.0227164 0.680762 -0.82081 -0.728533 -3.89329 -4.53444 -819.312 0 
1 824.312 0.314153 0.0225344 0.672154 -0.814895 -0.723562 -0.904974 -4.42251 -818.984 0 
1 825.015 0.309366 0.0224699 0.676694 -0.831085 -0.732291 -1.43133 -4.30109 -819.282 0 
7 825.725 0.30617 0.022597 0.678701 -0.821789 -0.716615 -2.09245 -4.40276 -819.23 0 
1 825.543 0.307646 0.0225501 0.676243 -0.816528 -0.680774 -2.03296 -4.43242 -819.078 0 
4 827.236 0.305654 0.0226016 0.677035 -0.803834 -0.722946 -3.5319 -4.66409 -819.04 0 
1 825.326 0.305809 0.022598 0.679635 -0.816833 -0.772185 -1.64403 -4.42747 -819.255 0 
2 824.839 0.306416 0.0224955 0.680683 -0.837613 -0.75296 -0.809901 -4.36849 -819.661 0 
2 824.352 0.314751 0.0225197 0.67346 -0.826008 -0.735536 -0.770713 -4.54538 -819.035 0 
3 824.283 0.311437 0.0223656 0.676637 -0.847624 -0.73256 -0.165395 -4.57971 -819.538 0 
2 825.147 0.317884 0.0223721 0.672815 -0.848756 -0.745604 -0.40938 -5.48956 -819.248 0 
3 824.276 0.315355 0.0224451 0.673441 -0.835462 -0.754738 -0.329063 -4.80234 -819.144 0 
1 824.419 0.314758 0.0224192 0.67115 -0.802519 -0.790224 -1.10338 -4.37155 -818.944 0 
1 823.767 0.31394 0.0224402 0.672563 -0.809111 -0.80465 -0.462916 -4.34848 -818.955 0 
3 824.399 0.3148 0.0225409 0.670994 -0.791424 -0.808269 -1.07995 -4.34884 -818.97 0 
2 824.422 0.315306 0.0224839 0.670144 -0.778854 -0.876935 -1.14835 -4.29581 -818.978 0 
3 824.791 0.317076 0.0224438 0.673701 -0.824567 -0.890126 -0.621866 -5.07451 -819.095 0 
3 824.834 0.317276 0.0224251 0.673649 -0.825813 -0.903287 -0.509806 -5.198 -819.126 0 
5 826.924 0.3233 0.0222501 0.669549 -0.83525 -0.919136 -0.940146 -6.92969 -819.054 0 
1 827.757 0.327416 0.0223333 0.664151 -0.812138 -0.898397 -1.78282 -7.09034 -818.884 0 
10 828.931 0.329388 0.0221178 0.663271 -0.831406 -0.879008 -1.53548 -8.51337 -818.882 0 
4 829.592 0.325231 0.0220989 0.666305 -0.851197 -0.807722 -2.6426 -7.86199 -819.088 0 
5 825.737 0.322849 0.0223215 0.666447 -0.83365 -0.717509 -0.632853 -6.11892 -818.985 0 
2 826.433 0.321356 0.022226 0.668643 -0.850061 -0.683503 -1.23805 -6.10548 -819.089 0 
1 826.276 0.321099 0.0223146 0.670253 -0.855471 -0.700093 -0.82906 -6.27394 -819.173 0 
2 825.863 0.32075 0.0223793 0.670175 -0.860542 -0.646985 -0.392379 -6.26875 -819.202 0 
1 827.212 0.320809 0.02229 0.668281 -0.8521 -0.661439 -1.99237 -6.10855 -819.111 0 
1 825.611 0.317987 0.0222334 0.671205 -0.865121 -0.632667 -0.503321 -5.74423 -819.364 0 
8 826.418 0.317587 0.0222173 0.668857 -0.843538 -0.636103 -2.16966 -5.1591 -819.089 0 
2 825.969 0.324215 0.0222934 0.662772 -0.820616 -0.636317 -0.65482 -6.08943 -819.225 0 
3 827.189 0.317449 0.022319 0.669019 -0.826104 -0.645304 -3.28281 -4.87279 -819.033 0 
1 827.073 0.319009 0.0223632 0.6669 -0.812318 -0.655076 -2.94424 -4.99878 -819.13 0 
2 827.394 0.312948 0.0224163 0.674063 -0.825067 -0.712584 -3.9427 -4.39675 -819.054 0 
1 826.803 0.318914 0.0224328 0.667101 -0.804502 -0.681939 -2.72006 -4.91887 -819.164 0 
1 828.856 0.323074 0.0223912 0.663243 -0.793229 -0.696475 -3.86654 -5.47615 -819.513 0 
3 829.22 0.321765 0.0221571 0.664547 -0.811483 -0.717052 -4.79656 -5.34345 -819.08 0 
7 827.973 0.324646 0.0222448 0.660672 -0.797142 -0.676061 -2.54871 -5.84191 -819.583 0 
1 827.134 0.329598 0.0224073 0.658156 -0.795141 -0.670196 -0.088895 -7.04491 -820 0 
1 826.046 0.320846 0.0224898 0.664808 -0.803294 -0.628382 -1.31131 -5.32049 -819.414 0 
3 826.29 0.321994 0.0224471 0.66302 -0.796421 -0.637438 -1.20989 -5.47876 -819.602 0 
2 827.112 0.324569 0.0223824 0.660472 -0.795393 -0.623163 -1.27169 -5.98535 -819.855 0 
1 828.557 0.316536 0.022138 0.669672 -0.856479 -0.552444 -4.23409 -5.12733 -819.196 0 
2 827.479 0.320094 0.0222142 0.665772 -0.836161 -0.563569 -2.87857 -5.48062 -819.12 0 
1 825.79 0.31843 0.0222476 0.669698 -0.870433 -0.526578 -0.703329 -5.78844 -819.299 0 
2 825.07 0.313084 0.0223536 0.67382 -0.862103 -0.534406 -0.97404 -4.73108 -819.364 0 
3 826.926 0.314949 0.0223483 0.668246 -0.831358 -0.517176 -2.93896 -4.84514 -819.142 0 
1 826.067 0.318186 0.0223597 0.668101 -0.842153 -0.520437 -1.67412 -5.26042 -819.132 0 
3 826.285 0.323775 0.0222548 0.664008 -0.846271 -0.54095 -0.622021 -6.50632 -819.156 0 
2 825.901 0.318465 0.0223851 0.671745 -0.868903 -0.564468 -0.828381 -5.75852 -819.314 0 
1 826.255 0.315915 0.0222406 0.673244 -0.878975 -0.553233 -1.14458 -5.49528 -819.615 0 
3 824.794 0.315291 0.0224297 0.672161 -0.847645 -0.579768 -0.813714 -4.83253 -819.148 0 
3 824.762 0.314842 0.0224597 0.670351 -0.826931 -0.593012 -1.02104 -4.673 -819.068 0 
3 825.696 0.308038 0.0224279 0.676035 -0.840922 -0.579381 -2.04156 -4.38709 -819.267 0 
7 825.865 0.307602 0.0223004 0.679029 -0.873677 -0.584024 -1.23102 -4.49043 -820.144 0 
4 825.767 0.309471 0.0223004 0.677135 -0.865732 -0.612206 -1.40162 -4.53441 -819.831 0 
1 827.395 0.304872 0.0222822 0.680501 -0.866576 -0.591505 -2.83589 -4.40507 -820.154 0 
3 828.201 0.307865 0.0222041 0.676778 -0.855091 -0.611084 -4.20839 -4.35743 -819.635 0 
3 826.85 0.310802 0.0222683 0.673322 -0.84181 -0.599723 -3.23367 -4.40463 -819.211 0 
5 824.923 0.313779 0.0223304 0.674269 -0.865541 -0.577981 -0.556135 -4.89323 -819.474 0 
1 824.952 0.310119 0.0224625 0.678512 -0.871559 -0.580446 -0.491376 -4.59942 -819.861 0 
1 824.89 0.315988 0.0224154 0.671814 -0.855467 -0.58325 -0.598155 -5.07206 -819.22 0 
1 825.193 0.314027 0.0225257 0.672277 -0.842531 -0.571425 -1.4029 -4.66405 -819.126 0 
3 825.535 0.319878 0.0224928 0.669146 -0.842834 -0.588937 -0.948396 -5.50976 -819.077 0 
2 826.136 0.323751 0.0225194 0.66293 -0.81342 -0.576538 -0.603618 -6.01144 -819.521 0 
1 827.58 0.325282 0.022318 0.661538 -0.833816 -0.534879 -1.52992 -6.70834 -819.341 0 
6 826.421 0.325563 0.0224538 0.663528 -0.837488 -0.557054 -0.371679 -6.8051 -819.244 0 
2 827.927 0.330484 0.0223803 0.658195 -0.819826 -0.578717 -0.261119 -7.92018 -819.746 0 
1 827.581 0.32664 0.0224797 0.663612 -0.851086 -0.505092 -0.877248 -7.45641 -819.248 0 
1 827.284 0.320895 0.0226172 0.666708 -0.831927 -0.548061 -2.45539 -5.63447 -819.194 0 
7 825.285 0.31123 0.0226038 0.675622 -0.858629 -0.504084 -1.39608 -4.55327 -819.336 0 
2 826.2 0.304068 0.0223715 0.683675 -0.892117 -0.551411 -0.484384 -4.57344 -821.142 0 
2 829.939 0.300944 0.0222758 0.688164 -0.91738 -0.59074 -1.32552 -5.19766 -823.416 0 
2 830.923 0.298969 0.0222993 0.687281 -0.907123 -0.51817 -3.61353 -4.81728 -822.492 0 
3 828.147 0.298126 0.0224522 0.690159 -0.901403 -0.573876 -0.524539 -4.94352 -822.679 0 
1 826.868 0.303179 0.0223843 0.68569 -0.901185 -0.557295 -0.388741 -4.70675 -821.773 0 
4 828.986 0.298002 0.0224595 0.689171 -0.89983 -0.550086 -1.67303 -4.89502 -822.418 0 
4 826.212 0.305446 0.022452 0.679836 -0.860921 -0.533866 -2.0721 -4.4052 -819.735 0 
2 826.346 0.305817 0.0225244 0.679233 -0.854417 -0.523468 -2.37118 -4.45022 -819.524 0 
5 826.665 0.308993 0.0223484 0.679161 -0.882707 -0.532448 -1.91489 -4.59802 -820.152 0 
1 827.56 0.302678 0.0226202 0.681178 -0.844012 -0.539285 -3.28782 -4.78382 -819.488 0 
1 826.091 0.304726 0.0224072 0.680572 -0.865029 -0.571406 -1.66179 -4.39319 -820.036 0 
2 825.444 0.30828 0.0224675 0.676088 -0.844289 -0.550743 -1.75426 -4.41477 -819.275 0 
12 825.6 0.318597 0.0225036 0.666742 -0.8231 -0.561205 -1.23067 -5.16905 -819.2 0 
3 825.669 0.310881 0.0223503 0.6738 -0.853642 -0.522873 -1.87603 -4.49933 -819.294 0 
1 825.183 0.308125 0.0224411 0.677288 -0.866356 -0.495072 -1.1481 -4.41922 -819.615 0 
4 825.391 0.309505 0.0224031 0.679618 -0.889353 -0.536427 -0.242619 -4.78251 -820.366 0 
3 825.501 0.316501 0.0222813 0.67129 -0.870185 -0.508027 -0.814161 -5.34845 -819.338 0 
8 826.972 0.31973 0.0222496 0.66697 -0.858197 -0.465216 -2.01009 -5.78103 -819.181 0 
1 827.379 0.323953 0.0222074 0.663173 -0.855472 -0.468137 -1.36837 -6.78576 -819.225 0 
1 827.015 0.323806 0.0222322 0.66468 -0.869306 -0.439454 -0.747495 -7.04562 -819.222 0 
2 826.516 0.323795 0.0223642 0.664307 -0.86883 -0.382492 -0.141775 -7.08154 -819.292 0 
1 826.041 0.322121 0.0224324 0.666093 -0.862556 -0.410788 -0.327841 -6.46225 -819.251 0 
1 825.325 0.318054 0.0225085 0.668857 -0.859023 -0.423793 -0.582549 -5.53163 -819.211 0 
8 825.615 0.318372 0.0224727 0.670327 -0.876678 -0.405007 -0.492228 -5.82035 -819.303 0 
1 826.124 0.316326 0.0222628 0.673331 -0.898589 -0.461411 -0.269641 -5.97437 -819.88 0 
1 825.82 0.319555 0.0223439 0.66646 -0.856779 -0.420918 -0.789765 -5.80422 -819.226 0 
1 825.979 0.315802 0.0224254 0.671995 -0.887497 -0.389803 -0.943008 -5.52692 -819.509 0 
2 825.2 0.318342 0.0224809 0.669659 -0.866656 -0.436367 -0.318123 -5.65286 -819.229 0 
1 826.543 0.314657 0.0224341 0.676057 -0.912174 -0.388655 -0.502556 -5.83667 -820.203 0 
6 826.269 0.306237 0.0225531 0.681981 -0.90546 -0.371681 -1.09591 -4.54832 -820.625 0 
3 826.715 0.302629 0.0225031 0.684849 -0.906652 -0.39808 -1.03217 -4.48997 -821.192 0 
1 827.722 0.299296 0.0225374 0.687962 -0.920279 -0.35664 -0.997899 -4.60631 -822.118 0 
2 826.877 0.301953 0.0225657 0.68451 -0.89978 -0.397433 -1.45855 -4.47959 -820.939 0 
2 826.214 0.303657 0.0225018 0.682717 -0.899017 -0.395351 -1.04617 -4.45213 -820.715 0 
6 825.616 0.308412 0.0225855 0.678172 -0.886993 -0.35743 -1.23748 -4.58485 -819.793 0 
3 827.638 0.309878 0.0227228 0.675432 -0.845216 -0.451174 -3.75239 -4.69239 -819.193 0 
3 827.948 0.311892 0.0227211 0.671781 -0.824934 -0.464729 -3.72863 -4.99916 -819.22 0 
3 826.384 0.319171 0.0225415 0.66627 -0.828568 -0.474573 -1.49991 -5.52364 -819.36 0 
5 827.888 0.32617 0.0225007 0.659615 -0.802753 -0.536165 -1.05519 -6.67211 -820.161 0 
5 826.952 0.321974 0.0225436 0.663423 -0.821045 -0.501105 -1.50626 -5.9121 -819.534 0 
1 826.053 0.316211 0.022594 0.667923 -0.809676 -0.568177 -1.80041 -4.96276 -819.289 0 
1 825.114 0.311128 0.0223386 0.677028 -0.869023 -0.602919 -0.651567 -4.68061 -819.782 0 
5 824.486 0.312525 0.022386 0.674787 -0.855453 -0.621755 -0.430262 -4.64788 -819.408 0 
11 824.303 0.314152 0.0224497 0.673517 -0.848417 -0.628597 -0.348659 -4.72793 -819.226 0 
2 826.743 0.303912 0.0226148 0.682137 -0.862451 -0.564591 -2.3333 -4.41989 -819.99 0 
4 827.146 0.30268 0.0226926 0.682692 -0.863543 -0.492363 -2.70991 -4.56072 -819.875 0 
2 826.478 0.302092 0.0224984 0.685065 -0.901094 -0.443831 -0.739397 -4.50686 -821.231 0 
1 825.927 0.308496 0.0223462 0.67712 -0.883039 -0.440767 -1.50188 -4.52606 -819.899 0 
3 825.354 0.317816 0.022461 0.670733 -0.871285 -0.468376 -0.441296 -5.62987 -819.283 0 
4 825.471 0.318305 0.0222939 0.668732 -0.864026 -0.478601 -0.672781 -5.58934 -819.209 0 
1 825.408 0.319516 0.0224523 0.669368 -0.86376 -0.482693 -0.394028 -5.82148 -819.193 0 
1 825.434 0.313832 0.0223676 0.671646 -0.86166 -0.469696 -1.31136 -4.85386 -819.269 0 
1 825.922 0.315243 0.0225366 0.670914 -0.850555 -0.493271 -1.82508 -4.93573 -819.161 0 
3 825.375 0.315986 0.0223746 0.672949 -0.880986 -0.503789 -0.297604 -5.52197 -819.555 0 
1 825.56 0.319001 0.0223201 0.669698 -0.866426 -0.515439 -0.565465 -5.767 -819.227 0 
8 824.414 0.315903 0.0224933 0.671639 -0.839203 -0.610403 -0.513576 -4.81846 -819.082 0 
2 826.028 0.308729 0.0223448 0.678322 -0.868302 -0.624543 -1.46127 -4.55443 -820.012 0 
1 824.99 0.311387 0.0223938 0.675858 -0.850759 -0.629661 -1.12896 -4.47951 -819.382 0 
3 826.166 0.306144 0.0224056 0.678047 -0.84268 -0.608303 -2.34594 -4.391 -819.429 0 
2 824.567 0.312282 0.0224481 0.673655 -0.845885 -0.582449 -0.843884 -4.51941 -819.204 0 
2 824.981 0.309299 0.0224017 0.677009 -0.849291 -0.624874 -1.17105 -4.36497 -819.445 0 
1 824.927 0.307291 0.0224554 0.680646 -0.864705 -0.637399 -0.430388 -4.4409 -820.056 0 
3 825.609 0.312019 0.0225023 0.675849 -0.845087 -0.633996 -1.8763 -4.47371 -819.259 0 
8 824.706 0.315085 0.0224823 0.670974 -0.826657 -0.619045 -1.00733 -4.65026 -819.048 0 
5 824.985 0.315605 0.0223144 0.670664 -0.841055 -0.628201 -1.07217 -4.8104 -819.102 0 
3 824.471 0.313162 0.0224446 0.673083 -0.842041 -0.610889 -0.758446 -4.55522 -819.157 0 
1 824.923 0.312197 0.0224858 0.675789 -0.859516 -0.60449 -0.78413 -4.66166 -819.477 0 
4 825.732 0.312764 0.0225287 0.673855 -0.844993 -0.602334 -1.98578 -4.5498 -819.196 0 
5 825.191 0.313129 0.0223818 0.675001 -0.870831 -0.573666 -0.629113 -4.93878 -819.623 0 
2 826.138 0.310422 0.0223407 0.674638 -0.850498 -0.594467 -2.35703 -4.42272 -819.358 0 
1 825.857 0.308977 0.0223478 0.676829 -0.859496 -0.599159 -1.78646 -4.42088 -819.649 0 
7 826.324 0.318364 0.0223544 0.665899 -0.820179 -0.584652 -2.0722 -5.07636 -819.175 0 
4 825.251 0.317222 0.0224993 0.667805 -0.815566 -0.592742 -1.14094 -4.92983 -819.18 0 
2 824.935 0.314067 0.0224014 0.672412 -0.84629 -0.608288 -1.06428 -4.6901 -819.18 0 
7 824.199 0.31614 0.0224042 0.671816 -0.845263 -0.642398 -0.113016 -4.94685 -819.139 0 
1 824.162 0.314621 0.022495 0.672021 -0.82465 -0.688817 -0.612494 -4.53005 -819.019 0 
10 824.476 0.313728 0.0224809 0.672311 -0.82828 -0.661376 -0.933899 -4.49284 -819.049 0 
1 824.59 0.309303 0.0224807 0.676381 -0.839769 -0.639057 -0.97454 -4.33114 -819.285 0 
1 825.049 0.310311 0.0225003 0.675021 -0.826104 -0.69289 -1.62861 -4.30337 -819.117 0 
7 824.534 0.318795 0.0223691 0.669624 -0.834308 -0.684489 -0.32568 -5.18887 -819.02 0 
5 826.184 0.31631 0.0224758 0.673045 -0.831528 -0.731378 -2.35945 -4.7755 -819.049 0 
1 827.085 0.312672 0.0224744 0.6753 -0.825116 -0.747233 -3.62498 -4.37375 -819.087 0 
2 829.344 0.306678 0.0223955 0.682359 -0.863934 -0.693619 -4.54364 -4.48898 -820.311 0 
8 827.56 0.30326 0.0224297 0.68595 -0.889515 -0.609233 -1.4628 -4.64997 -821.447 0 
5 826.219 0.303179 0.022408 0.683156 -0.869989 -0.597887 -1.26989 -4.47683 -820.472 0 
2 826.821 0.307376 0.022418 0.676782 -0.841421 -0.573453 -3.10488 -4.42499 -819.292 0 
2 825.171 0.307529 0.0224182 0.677964 -0.856638 -0.568731 -1.2237 -4.36073 -819.586 0 
2 824.758 0.311825 0.0224852 0.673385 -0.835137 -0.602395 -1.20014 -4.44293 -819.115 0 
1 826.373 0.312107 0.0226905 0.672867 -0.829915 -0.520126 -2.5717 -4.68215 -819.12 0 
2 827.069 0.316511 0.0226896 0.669377 -0.831152 -0.504999 -2.839 -5.04284 -819.187 0 
2 824.892 0.319847 0.0224082 0.668916 -0.848893 -0.58211 -0.173783 -5.6229 -819.095 0 
3 825.654 0.309598 0.0223251 0.678941 -0.879353 -0.590687 -0.751405 -4.70362 -820.199 0 
4 828.352 0.296949 0.0225019 0.689141 -0.875983 -0.597373 -1.77452 -5.09091 -821.487 0 
1 829.004 0.295907 0.0226469 0.689317 -0.867496 -0.57068 -2.63726 -5.34991 -821.017 0 
1 828.596 0.298919 0.0225243 0.684684 -0.855025 -0.588147 -3.39377 -4.9604 -820.242 0 
3 827.298 0.301695 0.0225193 0.681663 -0.837601 -0.633 -2.90245 -4.774 -819.622 0 
2 826.156 0.303531 0.0223882 0.682052 -0.856748 -0.652417 -1.52916 -4.46946 -820.158 0 
1 825.03 0.305538 0.0225005 0.681065 -0.852722 -0.652108 -0.799639 -4.37787 -819.852 0 
1 827.202 0.306764 0.0224251 0.684352 -0.900364 -0.636746 -0.316568 -5.15999 -821.726 0 
1 826.72 0.31151 0.0223757 0.680166 -0.887629 -0.674953 -0.585475 -5.42702 -820.708 0 
2 825.438 0.31444 0.0224047 0.676247 -0.872344 -0.659905 -0.265878 -5.35762 -819.815 0 
4 826.222 0.313863 0.0223992 0.675624 -0.865158 -0.678171 -1.35481 -5.16683 -819.701 0 
2 825.972 0.312537 0.0225025 0.678296 -0.871721 -0.658649 -0.995107 -5.04072 -819.937 0 
3 824.974 0.313182 0.0224686 0.676114 -0.86834 -0.60496 -0.40754 -4.93221 -819.634 0 
1 824.586 0.308805 0.02249 0.678462 -0.859312 -0.60657 -0.499843 -4.41025 -819.676 0 
7 824.615 0.314746 0.0223426 0.671166 -0.830492 -0.668924 -0.973542 -4.59282 -819.049 0 
1 825.01 0.312862 0.0224437 0.673588 -0.836926 -0.623504 -1.39809 -4.49318 -819.119 0 
2 824.947 0.317914 0.0224113 0.669109 -0.833518 -0.603811 -0.840144 -5.04411 -819.062 0 
1 825.194 0.320748 0.0223137 0.667115 -0.842368 -0.593475 -0.429233 -5.68985 -819.075 0 
5 826.74 0.307593 0.0226089 0.678758 -0.861716 -0.537808 -2.73196 -4.37457 -819.633 0 
3 825.133 0.309284 0.0224252 0.675725 -0.854942 -0.526761 -1.33054 -4.42333 -819.379 0 
4 825.406 0.313096 0.0226048 0.671749 -0.826918 -0.556401 -1.67693 -4.6346 -819.095 0 
5 826.716 0.31699 0.0226317 0.668879 -0.827228 -0.550246 -2.58597 -4.98331 -819.147 0 
1 826.245 0.316802 0.0224672 0.672744 -0.872444 -0.546787 -1.2762 -5.55108 -819.417 0 
3 826.611 0.315481 0.022474 0.671381 -0.857344 -0.522178 -2.37994 -5.01853 -819.213 0 
4 825.396 0.312703 0.0223955 0.672857 -0.857723 -0.512068 -1.44193 -4.67116 -819.283 0 
1 826.71 0.313342 0.0222956 0.67257 -0.867982 -0.508116 -2.43046 -4.85875 -819.421 0 
1 826.583 0.312824 0.0223655 0.67352 -0.865193 -0.53549 -2.37575 -4.77251 -819.434 0 
3 825.273 0.318632 0.0223638 0.670845 -0.863982 -0.594392 -0.232856 -5.77362 -819.267 0 
7 825.463 0.321261 0.0223963 0.668245 -0.852285 -0.57684 -0.362514 -5.99938 -819.101 0 
1 825.331 0.318503 0.0225162 0.670986 -0.850455 -0.600006 -0.809619 -5.40235 -819.119 0 
2 825.078 0.317364 0.0225527 0.670866 -0.840233 -0.606396 -0.960239 -5.04557 -819.072 0 
1 824.925 0.313928 0.0223971 0.673745 -0.857055 -0.612853 -0.731134 -4.83531 -819.358 0 
3 825.202 0.314874 0.0223791 0.670827 -0.828028 -0.67518 -1.57899 -4.58968 -819.033 0 
8 824.576 0.310324 0.0225477 0.675993 -0.840113 -0.62587 -0.978336 -4.3652 -819.233 0 
1 824.713 0.309945 0.0223949 0.678316 -0.871353 -0.607195 -0.120639 -4.63723 -819.955 0 
4 826.006 0.309602 0.0223616 0.68074 -0.881218 -0.670184 -0.419122 -4.97209 -820.615 0 
2 827.378 0.304232 0.0223078 0.680447 -0.860521 -0.596802 -2.94584 -4.41664 -820.016 0 
2 827.658 0.307372 0.0222321 0.677612 -0.867718 -0.549832 -3.41488 -4.39529 -819.848 0 
6 825.816 0.310648 0.0223038 0.674756 -0.864714 -0.514433 -1.79196 -4.53615 -819.488 0 
5 826.77 0.308841 0.0223074 0.677608 -0.87406 -0.515674 -2.45792 -4.48218 -819.83 0 
4 825.889 0.307926 0.0224526 0.676941 -0.84954 -0.542703 -2.11712 -4.40902 -819.363 0 
1 824.802 0.316495 0.0223471 0.670442 -0.854595 -0.534964 -0.523602 -5.10694 -819.172 0 
6 824.404 0.314618 0.0223986 0.672058 -0.850338 -0.563013 -0.43316 -4.78994 -819.181 0 
2 825.323 0.318057 0.0222629 0.670272 -0.848579 -0.648958 -0.87683 -5.31481 -819.132 0 
1 825.312 0.317902 0.0222964 0.668007 -0.832101 -0.623824 -1.23945 -5.02551 -819.047 0 
2 824.898 0.31557 0.0224416 0.671762 -0.851863 -0.576517 -0.768066 -4.94746 -819.183 0 
2 827.097 0.315625 0.0223069 0.671555 -0.863519 -0.571514 -2.56998 -5.18575 -819.341 0 
1 827.274 0.317814 0.0222612 0.667637 -0.843839 -0.566366 -2.9803 -5.19787 -819.096 0 
1 824.924 0.316539 0.0224252 0.668726 -0.830211 -0.572929 -0.944657 -4.88684 -819.092 0 
1 825.606 0.319964 0.0222238 0.668178 -0.848065 -0.641631 -0.819555 -5.70113 -819.085 0 
2 824.645 0.312282 0.0224955 0.674667 -0.851806 -0.585357 -0.790005 -4.56244 -819.292 0 
1 824.412 0.311015 0.0224601 0.677152 -0.86036 -0.620981 -0.241085 -4.56888 -819.602 0 
4 824.264 0.312184 0.0224122 0.674646 -0.850459 -0.60787 -0.420338 -4.53893 -819.305 0 
2 824.406 0.312628 0.0224859 0.674002 -0.839674 -0.639041 -0.751697 -4.48766 -819.166 0 
2 824.764 0.312375 0.0224205 0.676986 -0.869294 -0.625517 -0.117649 -4.87671 -819.769 0 
1 824.451 0.314733 0.0224099 0.673262 -0.855199 -0.612924 -0.258932 -4.8999 -819.292 0 
1 824.864 0.312343 0.0224263 0.676524 -0.865731 -0.604548 -0.496322 -4.75035 -819.617 0 
2 825.215 0.312841 0.0223227 0.673975 -0.855669 -0.621687 -1.12685 -4.69163 -819.397 0 
3 824.861 0.314519 0.0223988 0.672712 -0.84916 -0.625912 -0.847876 -4.79178 -819.222 0 
2 824.377 0.312434 0.0224056 0.673636 -0.841799 -0.622141 -0.704514 -4.48933 -819.183 0 
1 824.753 0.31519 0.0223194 0.672699 -0.860909 -0.598638 -0.34341 -5.05698 -819.352 0 
1 826.101 0.309186 0.0224599 0.680919 -0.897611 -0.540054 -0.382121 -4.96604 -820.753 0 
1 826.77 0.307945 0.0224013 0.682587 -0.911674 -0.523306 -0.131844 -5.15089 -821.487 0 
2 827.559 0.307081 0.0223507 0.683842 -0.926044 -0.4848 -0.0727273 -5.31914 -822.167 0 
7 827.764 0.312488 0.0226075 0.678122 -0.897265 -0.427222 -2.63469 -5.1208 -820.009 0 
1 826.724 0.310368 0.0226752 0.677915 -0.879081 -0.430869 -2.43281 -4.63609 -819.655 0 
2 826.608 0.313486 0.0225551 0.676689 -0.895061 -0.428515 -1.48245 -5.24601 -819.879 0 
1 827.529 0.320498 0.0225036 0.671069 -0.881799 -0.493036 -1.63038 -6.53135 -819.367 0 
1 827.271 0.316076 0.0222044 0.671562 -0.886646 -0.476022 -1.9902 -5.65786 -819.623 0 
3 826.179 0.314034 0.0223216 0.672046 -0.853428 -0.584582 -2.14836 -4.77603 -819.254 0 
1 827.867 0.310106 0.0223375 0.673836 -0.834161 -0.654087 -4.35339 -4.32639 -819.188 0 
1 827.301 0.313652 0.0223058 0.669311 -0.814455 -0.636092 -3.7102 -4.53883 -819.051 0 
8 828.925 0.32052 0.0222069 0.66295 -0.798329 -0.673437 -4.43124 -5.14157 -819.353 0 
8 827.52 0.32616 0.0223291 0.659378 -0.796109 -0.666964 -1.57643 -6.20156 -819.742 0 
2 826.544 0.328783 0.0223171 0.659742 -0.806438 -0.702425 -0.0884097 -6.96764 -819.488 0 
1 826.332 0.325835 0.0223335 0.660806 -0.803052 -0.662432 -0.591062 -6.18517 -819.556 0 
3 825.734 0.321971 0.0223986 0.664785 -0.816549 -0.6219 -0.927982 -5.56338 -819.243 0 
1 824.591 0.316949 0.0223885 0.669208 -0.831785 -0.621012 -0.654728 -4.88786 -819.048 0 
2 824.893 0.316665 0.0223868 0.668771 -0.821147 -0.636503 -1.07344 -4.76875 -819.051 0 
5 825.158 0.311009 0.0223855 0.674045 -0.850504 -0.540223 -1.4099 -4.48488 -819.263 0 
3 825.454 0.313742 0.0224521 0.67164 -0.846196 -0.535775 -1.61385 -4.68937 -819.151 0 
3 824.855 0.309623 0.0225416 0.678286 -0.863847 -0.574531 -0.725664 -4.47049 -819.659 0 
2 825.061 0.313752 0.0224819 0.673629 -0.858203 -0.556427 -0.97095 -4.78665 -819.304 0 
5 824.598 0.31034 0.0224523 0.67618 -0.858959 -0.54601 -0.684792 -4.47109 -819.443 0 
2 825.794 0.315168 0.0223875 0.67571 -0.881698 -0.597088 -0.3803 -5.56152 -819.852 0 
1 827.02 0.315273 0.0223281 0.676298 -0.898248 -0.583565 -0.486831 -6.17703 -820.357 0 
3 827.486 0.312933 0.0221833 0.676517 -0.891536 -0.614885 -1.41828 -5.61793 -820.449 0 
2 829.835 0.304819 0.0222544 0.683116 -0.89557 -0.625952 -3.23958 -4.92938 -821.666 0 
5 826.945 0.314292 0.0222654 0.677248 -0.891573 -0.664587 -0.353695 -6.06185 -820.529 0 
2 825.267 0.313671 0.0224431 0.676246 -0.867036 -0.655742 -0.472061 -5.0921 -819.703 0 
1 824.522 0.318521 0.0224332 0.669937 -0.835427 -0.683185 -0.305459 -5.18882 -819.028 0 
3 825.086 0.321125 0.0223432 0.667233 -0.833805 -0.649058 -0.44416 -5.60697 -819.035 0 
7 824.56 0.314518 0.0223894 0.672389 -0.830218 -0.688546 -0.947518 -4.55754 -819.055 0 
2 825.407 0.315691 0.0222619 0.673626 -0.868019 -0.655169 -0.361972 -5.44846 -819.597 0 
6 825.496 0.315199 0.0224428 0.675411 -0.863164 -0.66587 -0.75635 -5.20842 -819.531 0 
4 824.727 0.310527 0.022442 0.676611 -0.844527 -0.658982 -0.986015 -4.3885 -819.353 0 
2 824.777 0.309267 0.0225127 0.678505 -0.860891 -0.612487 -0.617726 -4.45377 -819.705 0 
1 824.576 0.31221 0.0223499 0.674605 -0.85484 -0.609841 -0.594526 -4.59324 -819.388 0 
1 826.324 0.305832 0.0224548 0.679582 -0.851247 -0.641031 -2.21646 -4.35781 -819.75 0 
2 824.932 0.308457 0.0225121 0.676904 -0.84443 -0.596344 -1.24983 -4.34795 -819.334 0 
2 827.088 0.300338 0.0225513 0.685224 -0.868617 -0.571576 -1.8397 -4.6678 -820.58 0 
1 825.14 0.307827 0.0225116 0.679355 -0.871064 -0.544691 -0.806485 -4.43298 -819.901 0 
1 826.273 0.305645 0.0224616 0.683633 -0.900131 -0.534881 -0.298004 -4.72039 -821.255 0 
1 827.288 0.302983 0.0225803 0.685373 -0.898189 -0.493915 -1.48867 -4.54222 -821.257 0 
1 826.779 0.306899 0.022613 0.680499 -0.877419 -0.502548 -2.31542 -4.42828 -820.035 0 
1 825.126 0.316985 0.022452 0.670759 -0.860199 -0.515984 -0.628887 -5.28992 -819.207 0 
2 827.679 0.324461 0.02243 0.665403 -0.851546 -0.570135 -1.68229 -6.88921 -819.107 0 
1 826.449 0.323442 0.022458 0.66727 -0.852144 -0.589646 -0.785107 -6.57638 -819.087 0 
1 825.192 0.315312 0.0225119 0.674195 -0.863217 -0.585831 -0.725805 -5.09598 -819.37 0 
2 824.755 0.309975 0.022411 0.677337 -0.864339 -0.575535 -0.608855 -4.49393 -819.653 0 
2 824.909 0.312938 0.0224956 0.673 -0.844837 -0.532691 -1.13282 -4.62324 -819.153 0 
4 825.648 0.312314 0.0222925 0.673597 -0.867877 -0.497588 -1.4863 -4.71554 -819.446 0 
2 826.553 0.310365 0.0222491 0.677978 -0.904027 -0.475732 -0.835275 -5.10655 -820.611 0 
2 826.148 0.313768 0.0223064 0.674214 -0.88404 -0.458491 -1.40307 -5.09675 -819.649 0 
1 826.901 0.312087 0.0222104 0.675082 -0.892916 -0.467692 -1.79833 -5.07579 -820.026 0 
2 826.683 0.317091 0.0223245 0.673177 -0.905385 -0.432988 -0.392292 -6.34312 -819.948 0 
1 825.713 0.315929 0.0225171 0.673572 -0.880397 -0.45721 -0.834102 -5.41082 -819.468 0 
1 825.826 0.310169 0.0225657 0.678758 -0.88897 -0.450323 -1.11722 -4.71959 -819.989 0 
2 825.581 0.305438 0.022514 0.682483 -0.886459 -0.512854 -0.57396 -4.46582 -820.541 0 
2 827.358 0.300881 0.0224062 0.684225 -0.876543 -0.544393 -2.03286 -4.58813 -820.737 0 
1 826.387 0.306663 0.0223262 0.679484 -0.887341 -0.485751 -1.55062 -4.4918 -820.345 0 
1 827.199 0.311665 0.0222074 0.673597 -0.864455 -0.53969 -3.09232 -4.62499 -819.481 0 
1 827.888 0.319476 0.0221039 0.668626 -0.873474 -0.54074 -2.44059 -6.12398 -819.324 0 
2 828.19 0.322387 0.0221464 0.664731 -0.860568 -0.506136 -2.53763 -6.49566 -819.156 0 
1 828.545 0.322591 0.0221426 0.665447 -0.865405 -0.536846 -2.64548 -6.73613 -819.164 0 
1 828.265 0.320931 0.0221296 0.669696 -0.899432 -0.488293 -1.26876 -7.3091 -819.687 0 
1 826.884 0.313042 0.0223331 0.677572 -0.912596 -0.477066 -0.354146 -5.82832 -820.701 0 
2 826.743 0.310396 0.0224721 0.676673 -0.884095 -0.455666 -2.18659 -4.71155 -819.844 0 
7 827.055 0.30553 0.0224374 0.681555 -0.889875 -0.510985 -1.86782 -4.52027 -820.667 0 
1 827.933 0.307905 0.0223031 0.681486 -0.891629 -0.581181 -2.33766 -4.76767 -820.827 0 
1 827.808 0.310223 0.0221457 0.676631 -0.878866 -0.579498 -2.97394 -4.74739 -820.087 0 
3 827.432 0.308232 0.0222045 0.678935 -0.891285 -0.518698 -2.27137 -4.67188 -820.489 0 
7 826.762 0.311844 0.0222647 0.674709 -0.870418 -0.51299 -2.52884 -4.68329 -819.55 0 
2 825.166 0.312818 0.0223886 0.672359 -0.843598 -0.549373 -1.43035 -4.58631 -819.149 0 
1 825.246 0.311041 0.0223813 0.67416 -0.847577 -0.583966 -1.53338 -4.4436 -819.269 0 
1 826.45 0.310676 0.0226523 0.674527 -0.841966 -0.522935 -2.78154 -4.50246 -819.166 0 
1 827.202 0.314219 0.0226606 0.675146 -0.870254 -0.497571 -2.80451 -4.98724 -819.411 0 
5 828.05 0.309105 0.0225937 0.677245 -0.869771 -0.482814 -3.95554 -4.47868 -819.616 0 
2 826.552 0.307394 0.0226529 0.679098 -0.869586 -0.471732 -2.45401 -4.41649 -819.682 0 
2 825.833 0.306941 0.0225704 0.680794 -0.892457 -0.42751 -1.04338 -4.50625 -820.284 0 
1 826.234 0.3092 0.022523 0.677586 -0.881281 -0.44884 -1.84342 -4.566 -819.824 0 
3 826.287 0.308843 0.0225776 0.677387 -0.879868 -0.407008 -2.03864 -4.54373 -819.704 0 
6 827.605 0.312232 0.0226274 0.675725 -0.878285 -0.44117 -3.20689 -4.83493 -819.563 0 
5 828.262 0.309555 0.0227382 0.677254 -0.877231 -0.376918 -4.09224 -4.61819 -819.552 0 
1 828.729 0.307545 0.0227397 0.679328 -0.881819 -0.388204 -4.44818 -4.49722 -819.784 0 
1 828.977 0.308409 0.0228103 0.679255 -0.87097 -0.429183 -4.91175 -4.49751 -819.567 0 
1 827.203 0.30818 0.0226738 0.676078 -0.84748 -0.473482 -3.42339 -4.53134 -819.248 0 
4 825.78 0.312833 0.0226246 0.673392 -0.857112 -0.448989 -1.78802 -4.7571 -819.235 0 
1 826.208 0.31114 0.0226502 0.676378 -0.874088 -0.428829 -2.02472 -4.67738 -819.506 0 
1 827.793 0.311367 0.0225656 0.679637 -0.903169 -0.447039 -2.31769 -5.10918 -820.366 0 
2 827.448 0.303088 0.0226773 0.68487 -0.891327 -0.456284 -2.26742 -4.45407 -820.726 0 
3 827.357 0.306971 0.0225863 0.682547 -0.907942 -0.432374 -1.69986 -4.72151 -820.935 0 
2 827.49 0.310697 0.0225619 0.680219 -0.910537 -0.423016 -1.7188 -5.15361 -820.618 0 
4 828.705 0.303084 0.022481 0.688038 -0.934145 -0.452558 -0.54858 -5.06665 -823.09 0 
1 827.506 0.308377 0.0222379 0.680842 -0.92847 -0.402963 -0.624611 -5.26399 -821.617 0 
6 826.437 0.312082 0.0222409 0.676998 -0.90274 -0.480915 -0.707055 -5.31256 -820.417 0 
7 826.547 0.305531 0.0223596 0.682696 -0.912349 -0.44836 -0.412027 -4.73211 -821.403 0 
1 825.232 0.307418 0.0224548 0.68006 -0.892109 -0.450229 -0.373384 -4.54184 -820.316 0 
2 826.311 0.303513 0.0224778 0.680977 -0.865604 -0.505313 -1.92026 -4.47028 -819.92 0 
2 826.089 0.304969 0.0225525 0.679755 -0.849392 -0.548142 -2.0947 -4.48554 -819.509 0 
3 825.417 0.306463 0.0225045 0.678594 -0.853925 -0.54001 -1.50378 -4.39842 -819.515 0 
5 826.157 0.303829 0.0226204 0.682 -0.864604 -0.512665 -1.80639 -4.46083 -819.89 0 
1 826.025 0.309374 0.0226165 0.67537 -0.841795 -0.499492 -2.27755 -4.56655 -819.181 0 
1 827.933 0.310473 0.0226379 0.673951 -0.833347 -0.490007 -4.04895 -4.74529 -819.139 0 
4 825.021 0.311154 0.0224722 0.675819 -0.858004 -0.542541 -1.11978 -4.51909 -819.382 0 
5 824.932 0.309458 0.0224096 0.677657 -0.880066 -0.482671 -0.492924 -4.57139 -819.867 0 
1 824.932 0.310204 0.0224588 0.67646 -0.873836 -0.458517 -0.755374 -4.57731 -819.6 0 
1 824.806 0.313406 0.0224277 0.673895 -0.861649 -0.521959 -0.713856 -4.76324 -819.329 0 
1 825.22 0.311904 0.0224521 0.673618 -0.853546 -0.490811 -1.36839 -4.61457 -819.237 0 
1 824.968 0.309883 0.0224155 0.676097 -0.870626 -0.471384 -0.865528 -4.53208 -819.57 0 
11 826.636 0.307497 0.0222579 0.680429 -0.896727 -0.521972 -1.09979 -4.72632 -820.81 0 
2 824.741 0.313057 0.0223539 0.675515 -0.871616 -0.580378 -0.151264 -4.92495 -819.665 0 
1 826.617 0.31677 0.0223916 0.674834 -0.887941 -0.58701 -0.614733 -6.10957 -819.893 0 
2 825.995 0.320901 0.0224765 0.668471 -0.851088 -0.58154 -0.961457 -5.93638 -819.097 0 
1 825.985 0.324554 0.0223161 0.663818 -0.839783 -0.584183 -0.264114 -6.58061 -819.141 0 
4 826.753 0.326522 0.0224851 0.660686 -0.812103 -0.570088 -0.35411 -6.66137 -819.737 0 
2 829.923 0.328925 0.0225414 0.65825 -0.809123 -0.547923 -2.4545 -7.37049 -820.098 0 
1 825.155 0.316891 0.022525 0.668769 -0.838369 -0.495113 -0.880961 -5.11058 -819.164 0 
2 827.11 0.316834 0.0226532 0.670495 -0.846828 -0.50112 -2.84601 -5.12295 -819.141 0 
2 827.578 0.319182 0.0226555 0.668017 -0.832942 -0.538228 -3.06469 -5.34735 -819.166 0 
1 827.041 0.314435 0.0226633 0.672908 -0.844493 -0.557277 -3.1774 -4.73174 -819.132 0 
1 826.742 0.320242 0.0226367 0.668017 -0.827883 -0.601572 -2.23833 -5.38978 -819.114 0 
1 825.65 0.324421 0.0224452 0.664884 -0.827285 -0.648249 -0.281987 -6.2447 -819.124 0 
8 826.344 0.326229 0.0224981 0.662752 -0.805952 -0.716185 -0.754934 -6.26642 -819.323 0 
6 824.445 0.320533 0.0224709 0.667175 -0.809458 -0.732032 -0.289197 -5.11203 -819.043 0 
3 825.209 0.318528 0.0222385 0.668787 -0.827129 -0.751745 -1.12919 -5.09626 -818.983 0 
7 824.572 0.31015 0.0223917 0.675532 -0.825889 -0.749002 -1.09395 -4.29204 -819.186 0 
1 824.656 0.309746 0.0223995 0.676984 -0.823623 -0.797858 -1.11588 -4.29442 -819.245 0 
1 824.327 0.314338 0.0223752 0.673758 -0.817177 -0.843313 -0.814604 -4.47868 -819.034 0 
2 824.317 0.315489 0.0224406 0.67409 -0.817909 -0.880504 -0.604459 -4.66735 -819.045 0 
1 824.03 0.316231 0.0223999 0.669867 -0.783416 -0.905348 -0.800509 -4.31725 -818.912 0 
4 823.642 0.319033 0.0224056 0.668105 -0.776636 -0.960065 -0.222808 -4.49205 -818.927 0 
8 823.972 0.313434 0.0223208 0.674001 -0.808786 -0.924639 -0.487323 -4.43573 -819.049 0 
2 826.373 0.315311 0.0223941 0.670131 -0.79213 -0.885091 -3.15279 -4.32639 -818.894 0 
2 824.845 0.309556 0.0223795 0.676929 -0.8121 -0.907623 -1.25919 -4.33594 -819.25 0 
1 823.952 0.314723 0.0223709 0.673782 -0.813961 -0.888789 -0.3873 -4.53563 -819.029 0 
3 825.339 0.32369 0.0223202 0.667125 -0.809578 -0.902675 -0.572285 -5.90244 -818.864 0 
2 825.057 0.314942 0.0223884 0.675607 -0.826416 -0.911776 -0.906904 -4.8824 -819.267 0 
4 824.049 0.315353 0.0223746 0.674389 -0.813222 -0.956842 -0.215686 -4.74715 -819.087 0 
3 824.374 0.312578 0.0224284 0.677508 -0.821328 -0.957503 -0.269489 -4.70183 -819.402 0 
2 826.048 0.311397 0.0224122 0.677226 -0.821773 -0.941817 -1.95606 -4.64466 -819.448 0 
1 825.605 0.30914 0.0224103 0.679105 -0.821188 -0.955948 -1.38169 -4.58634 -819.637 0 
1 826.439 0.309836 0.0223537 0.677724 -0.817457 -0.961428 -2.38351 -4.55746 -819.498 0 
3 824.909 0.312064 0.0222983 0.678095 -0.833643 -0.956195 -0.127883 -4.99346 -819.788 0 
5 824.297 0.313045 0.0222842 0.674734 -0.816371 -0.918351 -0.587881 -4.53008 -819.179 0 
1 824.67 0.311601 0.0222688 0.675722 -0.817203 -0.915079 -0.955756 -4.45139 -819.262 0 
1 824.039 0.311751 0.0225379 0.674478 -0.781962 -0.946934 -0.954322 -4.19803 -818.886 0 
1 823.759 0.317608 0.0224995 0.670856 -0.78367 -0.979396 -0.460452 -4.4522 -818.846 0 
5 824.11 0.316586 0.0225262 0.672077 -0.788305 -0.980083 -0.824422 -4.43751 -818.848 0 
3 824.086 0.315838 0.0225321 0.672241 -0.78145 -1.00432 -0.927578 -4.31843 -818.84 0 
2 825.367 0.314724 0.0225882 0.674682 -0.780194 -1.0472 -2.24273 -4.27679 -818.847 0 
1 826.325 0.313604 0.0225096 0.674405 -0.766953 -1.08142 -3.32343 -4.1726 -818.829 0 
4 823.922 0.318126 0.0225134 0.668768 -0.746935 -1.09322 -0.705914 -4.18888 -819.027 0 
2 824.552 0.321286 0.0225607 0.666045 -0.737006 -1.10959 -0.894583 -4.34289 -819.315 0 
10 824.487 0.324452 0.0224027 0.663652 -0.74297 -1.10596 -0.381658 -4.76868 -819.337 0 
4 824.93 0.327725 0.0223552 0.660905 -0.744288 -1.0942 -0.0187986 -5.37669 -819.535 0 
5 826.326 0.326775 0.0223336 0.664282 -0.765595 -1.10548 -1.67187 -5.68606 -818.968 0 
1 826.78 0.332304 0.0222395 0.658695 -0.755515 -1.11289 -0.501206 -6.86077 -819.418 0 
1 826.462 0.325777 0.0221055 0.663803 -0.771152 -1.13091 -1.86751 -5.77249 -818.822 0 
5 824.793 0.327038 0.0223331 0.662423 -0.757803 -1.08015 -0.0730429 -5.52355 -819.197 0 
12 824.486 0.322395 0.0223969 0.667737 -0.767508 -1.11163 -0.721347 -4.93489 -818.83 0 
2 824.324 0.312535 0.0224698 0.675269 -0.772452 -1.09102 -1.2402 -4.21963 -818.864 0 
1 825.063 0.30739 0.0225113 0.681824 -0.796047 -1.10511 -0.886476 -4.63337 -819.543 0 
2 824.827 0.312162 0.0225409 0.677966 -0.797142 -1.06959 -1.15288 -4.51031 -819.164 0 
1 824.557 0.312173 0.0225083 0.674832 -0.773404 -1.081 -1.45523 -4.22976 -818.872 0 
1 825.475 0.312 0.0225755 0.675291 -0.77538 -1.06442 -2.36879 -4.22623 -818.88 0 
2 825.454 0.313332 0.022529 0.673048 -0.773314 -1.02615 -2.42916 -4.17754 -818.847 0 
4 827.087 0.31451 0.0224074 0.673618 -0.806991 -0.964125 -3.42635 -4.62355 -819.037 0 
2 824.551 0.319794 0.0224724 0.67027 -0.794959 -0.983959 -0.74899 -4.96894 -818.833 0 
7 824.824 0.322224 0.0225313 0.666707 -0.775369 -0.950592 -0.900046 -4.88038 -819.043 0 
8 823.505 0.317005 0.022417 0.670941 -0.792519 -0.948936 -0.146609 -4.49927 -818.859 0 
2 823.753 0.314107 0.0224053 0.674546 -0.799696 -0.982765 -0.349924 -4.424 -818.979 0 
2 823.873 0.309726 0.0224203 0.677193 -0.790318 -1.02055 -0.493351 -4.31073 -819.068 0 
1 825.494 0.319595 0.0225427 0.669242 -0.770033 -1.00101 -2.08554 -4.47177 -818.936 0 
1 825.955 0.310681 0.022451 0.676814 -0.786656 -1.01007 -2.73398 -4.25043 -818.97 0 
4 826.3 0.304485 0.0224458 0.680165 -0.786794 -1.01576 -2.32884 -4.71894 -819.252 0 
2 825.376 0.30868 0.0224682 0.675541 -0.772438 -1.00093 -2.12652 -4.34709 -818.902 0 
2 823.673 0.312288 0.0224345 0.673928 -0.780567 -0.996698 -0.603183 -4.19282 -818.877 0 
3 824.12 0.315146 0.0225091 0.672288 -0.781022 -0.96042 -1.01636 -4.2393 -818.864 0 
2 824.203 0.313296 0.0222877 0.675055 -0.80382 -1.01039 -0.567917 -4.52266 -819.112 0 
2 823.771 0.312455 0.0223684 0.675029 -0.792437 -1.03103 -0.408195 -4.35751 -819.005 0 
2 824.336 0.308543 0.0224944 0.67757 -0.78521 -1.01129 -0.97442 -4.33263 -819.029 0 
2 824.922 0.305706 0.02244 0.682728 -0.79974 -1.11813 -0.235805 -4.8393 -819.847 0 
2 825.375 0.308672 0.0223628 0.681068 -0.804211 -1.16806 -0.414248 -5.02798 -819.933 0 
1 825.714 0.311113 0.0225279 0.679749 -0.793882 -1.17601 -1.46152 -4.81744 -819.435 0 
1 826.345 0.314586 0.0226525 0.674408 -0.757747 -1.18607 -3.29784 -4.24893 -818.798 0 
4 824.619 0.319576 0.0225063 0.671007 -0.755958 -1.24459 -1.21104 -4.66181 -818.746 0 
16 824.388 0.314586 0.0224256 0.675885 -0.779828 -1.22557 -0.53353 -4.81362 -819.041 0 
2 824.426 0.31489 0.0225101 0.675238 -0.770386 -1.21557 -0.99607 -4.54718 -818.883 0 
8 823.95 0.318875 0.0224976 0.670235 -0.756429 -1.17516 -0.726585 -4.42838 -818.795 0 
2 823.524 0.314512 0.022478 0.672554 -0.756856 -1.14367 -0.54423 -4.16972 -818.81 0 
5 823.655 0.321027 0.0224455 0.666368 -0.738692 -1.15442 -0.207177 -4.32766 -819.121 0 
5 823.657 0.316349 0.0224028 0.670247 -0.748149 -1.17355 -0.661475 -4.16263 -818.833 0 
4 824.362 0.316335 0.0223158 0.670045 -0.749709 -1.19524 -1.34938 -4.21149 -818.801 0 
1 825.463 0.317247 0.0223856 0.669054 -0.75076 -1.15437 -2.40078 -4.21625 -818.846 0 
2 825.62 0.316508 0.0222321 0.668824 -0.75212 -1.1483 -2.60316 -4.18184 -818.835 0 
3 825.157 0.317134 0.0223415 0.668756 -0.74479 -1.12462 -2.05658 -4.13733 -818.963 0 
1 826.186 0.314775 0.0222686 0.672804 -0.774012 -1.1026 -3.0736 -4.27952 -818.833 0 
1 826.404 0.32261 0.0223168 0.667168 -0.756443 -1.16588 -2.76094 -4.78589 -818.857 0 
4 825.305 0.327534 0.0223859 0.66329 -0.748595 -1.17589 -0.652636 -5.5334 -819.119 0 
1 824.512 0.320613 0.0224318 0.66785 -0.751018 -1.12789 -1.14908 -4.40733 -818.955 0 
4 824.501 0.323759 0.0224543 0.66384 -0.738059 -1.10179 -0.436942 -4.61627 -819.448 0 
3 824.927 0.325514 0.0225033 0.662731 -0.730477 -1.13723 -0.522942 -4.76568 -819.638 0 
2 825.474 0.32659 0.0224732 0.663609 -0.749073 -1.11723 -0.965667 -5.25419 -819.254 0 
1 825.258 0.322157 0.0224226 0.668525 -0.779292 -1.05771 -1.37885 -5.06505 -818.814 0 
7 826.184 0.319303 0.0224393 0.671578 -0.791452 -1.02993 -2.50821 -4.85239 -818.823 0 
2 824.274 0.321055 0.0223822 0.669049 -0.781151 -1.06113 -0.517659 -4.95833 -818.798 0 
1 825.771 0.321174 0.0223589 0.66917 -0.780769 -1.06476 -2.02855 -4.94555 -818.796 0 
3 826.042 0.330351 0.0222933 0.660624 -0.762661 -1.09885 -0.307027 -6.54973 -819.186 0 
4 825.725 0.316835 0.0222644 0.673617 -0.791903 -1.1324 -1.85784 -4.89726 -818.969 0 
4 826.131 0.323934 0.0223035 0.667539 -0.781636 -1.10325 -1.7705 -5.58997 -818.771 0 
1 826.245 0.327206 0.0224514 0.662306 -0.743388 -1.09385 -1.48671 -5.22735 -819.531 0 
4 826.265 0.331045 0.0223912 0.659492 -0.749246 -1.08572 -0.368629 -6.26009 -819.636 0 
2 826.705 0.331849 0.0224109 0.658201 -0.752172 -1.01902 -0.276365 -6.517 -819.912 0 
5 826.666 0.331693 0.0223582 0.658565 -0.762144 -0.987258 -0.243941 -6.70593 -819.716 0 
1 826.484 0.330457 0.0224153 0.65999 -0.765451 -0.980891 -0.478098 -6.44632 -819.56 0 
2 824.182 0.321573 0.0223308 0.668198 -0.788067 -1.03846 -0.160077 -5.2215 -818.8 0 
1 824.149 0.321415 0.0224862 0.6674 -0.759949 -1.09148 -0.589961 -4.63168 -818.928 0 
1 824.305 0.315934 0.0225243 0.669375 -0.749349 -1.03055 -1.05053 -4.18353 -819.071 0 
2 825.2 0.319014 0.0226022 0.666753 -0.733032 -1.06524 -1.46758 -4.26566 -819.467 0 
2 825.999 0.310341 0.0226591 0.673919 -0.743222 -1.07319 -2.64025 -4.41703 -818.942 0 
1 825.493 0.312662 0.0225941 0.674513 -0.769952 -1.07079 -2.45816 -4.19016 -818.845 0 
1 823.733 0.314243 0.0225042 0.674416 -0.780345 -1.07747 -0.532944 -4.32941 -818.87 0 
1 823.456 0.317671 0.022338 0.671085 -0.777437 -1.10059 -0.0976461 -4.55624 -818.802 0 
1 824.086 0.314175 0.0223787 0.67146 -0.755874 -1.11902 -1.11603 -4.14142 -818.829 0 
2 823.777 0.316769 0.0224448 0.668962 -0.737879 -1.15027 -0.671462 -4.10285 -819.003 0 
2 824.679 0.313275 0.0224717 0.67431 -0.765397 -1.10337 -1.67068 -4.18102 -818.828 0 
1 825.964 0.31475 0.022488 0.671293 -0.74099 -1.12684 -2.86786 -4.14067 -818.956 0 
2 826.392 0.313106 0.0225711 0.674531 -0.764434 -1.0622 -3.38511 -4.16639 -818.84 0 
4 824.499 0.309911 0.0225205 0.676602 -0.770524 -1.05972 -1.32449 -4.28232 -818.892 0 
1 824.76 0.309379 0.0225683 0.675501 -0.762416 -1.03051 -1.52932 -4.35753 -818.873 0 
1 824.822 0.313699 0.022445 0.670963 -0.763531 -1.00561 -1.77038 -4.15521 -818.896 0 
2 824.73 0.317637 0.0224787 0.667427 -0.747716 -1.03888 -1.38941 -4.20265 -819.138 0 
4 824.098 0.316386 0.0224044 0.669447 -0.765586 -1.02228 -0.995941 -4.21221 -818.89 0 
5 824.027 0.311065 0.0224628 0.676315 -0.788592 -1.03811 -0.7029 -4.30866 -819.016 0 
1 823.895 0.315584 0.0223917 0.671996 -0.781901 -1.04509 -0.67759 -4.37644 -818.841 0 
1 824.857 0.311558 0.0224347 0.677449 -0.800401 -1.07235 -0.981498 -4.60286 -819.272 0 
1 826.032 0.308725 0.0224707 0.67851 -0.792208 -1.06497 -2.33009 -4.45892 -819.243 0 
1 824.023 0.30928 0.0225244 0.67761 -0.774054 -1.09043 -0.717055 -4.33858 -818.968 0 
3 823.833 0.312487 0.0223267 0.675745 -0.783441 -1.12872 -0.371671 -4.43853 -819.023 0 
2 827.774 0.306714 0.0222891 0.683026 -0.82421 -1.1268 -1.60898 -5.39574 -820.77 0 
4 827.431 0.313326 0.0221255 0.675908 -0.81205 -1.1264 -2.52008 -5.29588 -819.615 0 
1 826.409 0.313684 0.0223257 0.678721 -0.811665 -1.21107 -0.739212 -5.77628 -819.894 0 
1 826.663 0.315189 0.0223361 0.677757 -0.815756 -1.18221 -0.950474 -5.93569 -819.777 0 
1 826.975 0.316056 0.0221425 0.675959 -0.811533 -1.2236 -1.11423 -6.14229 -819.719 0 
2 825.945 0.317767 0.0222112 0.673818 -0.798132 -1.22634 -0.87678 -5.84126 -819.227 0 
1 826.164 0.317443 0.0222037 0.671048 -0.76773 -1.25398 -2.48334 -4.86342 -818.817 0 
8 826.103 0.316273 0.0222349 0.672175 -0.762934 -1.29182 -2.4706 -4.78696 -818.845 0 
1 826.993 0.310994 0.0222347 0.680218 -0.807646 -1.2643 -0.961305 -5.7683 -820.264 0 
1 827.839 0.311024 0.0222341 0.681414 -0.812772 -1.25417 -1.64698 -5.76989 -820.422 0 
2 824.315 0.309657 0.0223944 0.67994 -0.776304 -1.28472 -0.0256715 -4.86613 -819.423 0 
2 824.838 0.313615 0.0223218 0.677528 -0.792873 -1.22608 -0.355513 -5.10113 -819.381 0 
3 825.239 0.307877 0.022503 0.68229 -0.788641 -1.22039 -0.639495 -4.9029 -819.697 0 
2 825.921 0.308748 0.0223902 0.682291 -0.800591 -1.21294 -0.847143 -5.08348 -819.991 0 
1 825.348 0.314904 0.0224022 0.676423 -0.796392 -1.13871 -1.32177 -4.87557 -819.151 0 
1 824.431 0.32425 0.0223793 0.666546 -0.758689 -1.1915 -0.373312 -5.23712 -818.821 0 
4 824.255 0.320737 0.0223503 0.670471 -0.76794 -1.24362 -0.368527 -5.14408 -818.742 0 
2 823.866 0.312597 0.0224584 0.676811 -0.772035 -1.22451 -0.319654 -4.53831 -819.008 0 
5 824.191 0.32022 0.022431 0.66999 -0.756617 -1.24748 -0.673621 -4.77649 -818.741 0 
5 825.604 0.314213 0.0224919 0.674938 -0.762056 -1.25776 -2.21876 -4.51737 -818.867 0 
1 824.202 0.318931 0.022416 0.667955 -0.734227 -1.23238 -1.06864 -4.19433 -818.939 0 
1 825.906 0.322833 0.0225137 0.664125 -0.719707 -1.21767 -2.1055 -4.33044 -819.47 0 
4 825.016 0.314942 0.0225392 0.669648 -0.716673 -1.19837 -1.59113 -4.19518 -819.23 0 
2 824.527 0.315644 0.0224933 0.671293 -0.73762 -1.19074 -1.52562 -4.10015 -818.902 0 
1 825.663 0.304901 0.0225883 0.681195 -0.765294 -1.15534 -1.65594 -4.87192 -819.135 0 
1 823.676 0.314075 0.0223587 0.672291 -0.755804 -1.16225 -0.690792 -4.17892 -818.806 0 
1 823.997 0.313374 0.0222871 0.674056 -0.774601 -1.15283 -0.702119 -4.3866 -818.908 0 
1 825.7 0.307484 0.0224927 0.681221 -0.79851 -1.11111 -1.35756 -4.71414 -819.628 0 
1 825.113 0.312365 0.0224044 0.677508 -0.793246 -1.1093 -1.41514 -4.53524 -819.163 0 
2 824.207 0.31369 0.0225113 0.674314 -0.768989 -1.08928 -1.18426 -4.19301 -818.83 0 
3 824.732 0.312499 0.0225645 0.676833 -0.779825 -1.10305 -1.47892 -4.31522 -818.938 0 
3 825.953 0.318021 0.0226051 0.671908 -0.768742 -1.12407 -2.67715 -4.48784 -818.788 0 
2 827.8 0.326209 0.0225342 0.666586 -0.763049 -1.18774 -3.19237 -5.78912 -818.818 0 
2 828.371 0.317119 0.0223963 0.670429 -0.7556 -1.21815 -5.16515 -4.43628 -818.769 0 
2 828.282 0.317927 0.0222299 0.671193 -0.779155 -1.21902 -4.23354 -5.1695 -818.879 0 
1 829.152 0.313333 0.0223577 0.672627 -0.75554 -1.21393 -6.04136 -4.29524 -818.815 0 
2 825.752 0.312492 0.0223617 0.675415 -0.765709 -1.25485 -2.22305 -4.55777 -818.972 0 
2 827.129 0.311706 0.0223134 0.677574 -0.777917 -1.30388 -2.68925 -5.06507 -819.375 0 
1 829.296 0.312779 0.0220656 0.675855 -0.786255 -1.29989 -4.45042 -5.34092 -819.504 0 
1 828.977 0.312705 0.0220129 0.675737 -0.776036 -1.3277 -4.58805 -5.06096 -819.328 0 
4 825.393 0.314958 0.0221477 0.673766 -0.766518 -1.31058 -1.60667 -4.81963 -818.967 0 
1 825.659 0.311313 0.0223099 0.675168 -0.74849 -1.31429 -2.28287 -4.48002 -818.896 0 
1 827.85 0.314464 0.0223291 0.672136 -0.748253 -1.28142 -4.70035 -4.35961 -818.79 0 
1 825.819 0.310495 0.022468 0.678212 -0.763155 -1.30191 -2.00338 -4.69568 -819.12 0 
5 825.825 0.323983 0.0222481 0.668749 -0.766846 -1.32131 -1.07942 -6.04486 -818.7 0 
1 826.045 0.320159 0.0221392 0.67093 -0.773255 -1.29967 -1.7211 -5.49574 -818.829 0 
3 824.671 0.319148 0.0222207 0.668986 -0.735589 -1.33395 -1.51288 -4.38683 -818.771 0 
4 823.555 0.315702 0.022353 0.672617 -0.746434 -1.28722 -0.480603 -4.30423 -818.77 0 
5 823.355 0.315186 0.0224741 0.672345 -0.741323 -1.25293 -0.383608 -4.17673 -818.795 0 
2 823.954 0.317387 0.0224758 0.66838 -0.71359 -1.28492 -0.771075 -4.04394 -819.139 0 
5 825.961 0.317717 0.022446 0.665592 -0.687207 -1.31469 -2.01505 -4.13705 -819.809 0 
2 827.665 0.317453 0.0224716 0.66535 -0.675207 -1.32956 -3.14341 -4.33283 -820.188 0 
6 826.333 0.312268 0.0224917 0.672656 -0.704789 -1.33579 -2.90478 -4.40178 -819.026 0 
2 827.001 0.319862 0.0224777 0.666123 -0.692938 -1.32629 -3.24552 -4.06379 -819.692 0 
2 828.234 0.320334 0.0224789 0.664914 -0.685379 -1.31887 -4.06374 -4.12858 -820.042 0 
1 825.196 0.316451 0.0225087 0.669427 -0.698428 -1.35224 -1.85359 -4.08965 -819.252 0 
1 825.23 0.316614 0.022402 0.669192 -0.698294 -1.38927 -2.00897 -4.06902 -819.152 0 
2 824.613 0.321524 0.0225453 0.665318 -0.685225 -1.39619 -0.840523 -4.01672 -819.756 0 
5 824.572 0.319327 0.0225548 0.666751 -0.686522 -1.38666 -0.947872 -4.00841 -819.616 0 
3 826.116 0.323538 0.022528 0.662143 -0.667591 -1.43992 -1.69425 -4.02149 -820.401 0 
2 825.11 0.322645 0.0223997 0.667031 -0.711034 -1.41488 -1.72594 -4.35636 -819.028 0 
1 825.237 0.328481 0.0224392 0.661505 -0.705472 -1.35237 -0.599193 -4.92756 -819.71 0 
2 824.016 0.324237 0.0224417 0.66388 -0.715469 -1.27789 -0.147649 -4.43112 -819.438 0 
1 824.534 0.327293 0.0223818 0.661257 -0.710866 -1.30311 -0.0620911 -4.80454 -819.667 0 
1 826.516 0.327352 0.0222179 0.661609 -0.719829 -1.3034 -2.16497 -4.96211 -819.389 0 
8 825.193 0.328336 0.0223881 0.659513 -0.698839 -1.2963 -0.19313 -4.75672 -820.244 0 
2 824.069 0.320201 0.0224915 0.667565 -0.727553 -1.22584 -0.77396 -4.17945 -819.116 0 
2 824.648 0.322995 0.0224897 0.663359 -0.704554 -1.24548 -0.550413 -4.23495 -819.863 0 
1 826.083 0.323726 0.0225633 0.661717 -0.699417 -1.20251 -1.37342 -4.34977 -820.36 0 
2 826.381 0.319543 0.0225917 0.665217 -0.697476 -1.21286 -2.09652 -4.23828 -820.047 0 
1 826.524 0.319953 0.0225984 0.664105 -0.682654 -1.26784 -1.86031 -4.25437 -820.41 0 
2 827.769 0.316417 0.0225379 0.665365 -0.684319 -1.23639 -3.04562 -4.49734 -820.226 0 
1 827.675 0.309805 0.0225213 0.671885 -0.706661 -1.22349 -3.64613 -4.84008 -819.189 0 
1 825.345 0.307638 0.022363 0.6774 -0.745199 -1.25685 -1.75972 -4.66332 -818.922 0 
3 826.051 0.308502 0.0223016 0.676516 -0.752617 -1.2414 -2.56192 -4.54163 -818.947 0 
4 824.599 0.312957 0.0222802 0.673042 -0.759537 -1.17591 -1.53488 -4.23805 -818.826 0 
4 825.291 0.316285 0.0225106 0.668414 -0.730989 -1.14014 -2.04802 -4.10323 -819.14 0 
3 826.776 0.318017 0.0226167 0.669375 -0.737518 -1.18631 -3.66755 -4.14559 -818.963 0 
7 823.409 0.316319 0.0224256 0.671314 -0.756572 -1.16969 -0.36309 -4.25297 -818.793 0 
3 825.237 0.325415 0.0222483 0.666148 -0.767609 -1.2147 -0.637465 -5.86422 -818.736 0 
1 826.381 0.31826 0.0221726 0.673689 -0.798708 -1.21659 -1.41034 -5.78631 -819.185 0 
5 825.547 0.323106 0.0221797 0.667934 -0.784771 -1.17621 -0.842882 -5.94592 -818.758 0 
1 824.642 0.321867 0.0222336 0.667104 -0.753688 -1.25329 -0.944516 -4.94543 -818.752 0 
6 825.291 0.324898 0.0223299 0.666698 -0.762029 -1.25236 -0.808518 -5.75813 -818.725 0 
9 825.127 0.323504 0.0221799 0.66652 -0.759445 -1.23775 -1.11083 -5.27156 -818.744 0 
3 824.966 0.320629 0.0221675 0.668676 -0.769344 -1.20096 -1.21392 -5.00518 -818.747 0 
3 824.617 0.325289 0.022245 0.662821 -0.732998 -1.23551 -0.586685 -4.84992 -819.18 0 
2 825.38 0.32074 0.022314 0.667315 -0.732779 -1.25719 -2.1316 -4.29248 -818.956 0 
5 824.017 0.323111 0.0224656 0.664865 -0.712753 -1.29247 -0.334498 -4.28526 -819.398 0 
2 824.51 0.313761 0.0225287 0.671452 -0.716914 -1.25738 -1.28644 -4.19527 -819.029 0 
1 827.034 0.304947 0.0225672 0.680687 -0.734795 -1.28216 -2.85578 -5.23152 -818.946 0 
1 824.999 0.310903 0.0225612 0.674018 -0.712215 -1.30818 -1.57381 -4.48311 -818.943 0 
1 823.418 0.317921 0.0223198 0.670838 -0.746235 -1.31356 -0.167866 -4.50593 -818.744 0 
2 823.657 0.316231 0.0224497 0.670487 -0.726136 -1.27081 -0.654783 -4.08366 -818.918 0 
2 823.962 0.322928 0.0224757 0.665228 -0.721534 -1.25255 -0.314683 -4.35398 -819.293 0 
4 824.225 0.321664 0.0224137 0.665681 -0.728739 -1.23796 -0.779342 -4.33303 -819.113 0 
2 825.568 0.324201 0.0224904 0.663035 -0.710562 -1.2683 -1.56034 -4.37907 -819.629 0 
1 826.509 0.316693 0.022716 0.67192 -0.73853 -1.18712 -3.48634 -4.10586 -818.917 0 
1 828.982 0.307479 0.0226953 0.682918 -0.772432 -1.21928 -5.01179 -4.68523 -819.285 0 
1 830.754 0.310272 0.0225941 0.681867 -0.77981 -1.25479 -6.64741 -4.73142 -819.375 0 
3 829.845 0.305357 0.0226357 0.686933 -0.804377 -1.20228 -4.16161 -5.22761 -820.456 0 
2 827.662 0.314058 0.0225373 0.676091 -0.756574 -1.24425 -4.54277 -4.30088 -818.819 0 
4 827.467 0.316035 0.0226275 0.673172 -0.737097 -1.24291 -4.5102 -4.12022 -818.836 0 
3 824.338 0.313827 0.0225461 0.675345 -0.756341 -1.22484 -1.24706 -4.27746 -818.813 0 
4 824.012 0.323159 0.0224688 0.664971 -0.726194 -1.23019 -0.316918 -4.43229 -819.263 0 
9 823.744 0.319272 0.0224992 0.667665 -0.728307 -1.21035 -0.499742 -4.13603 -819.109 0 
6 825.309 0.319047 0.0226183 0.667997 -0.721852 -1.18909 -1.8725 -4.12064 -819.316 0 
1 825.603 0.32481 0.0225751 0.662439 -0.70891 -1.2115 -1.15497 -4.44561 -820.003 0 
3 827.888 0.320478 0.0225309 0.661829 -0.68304 -1.2083 -2.66712 -4.41291 -820.808 0 
1 827.645 0.316274 0.0225796 0.665703 -0.689375 -1.2048 -2.96347 -4.50885 -820.173 0 
6 828.521 0.316532 0.0224415 0.664887 -0.700095 -1.17354 -4.2448 -4.35151 -819.925 0 
2 829.29 0.317906 0.0224659 0.663345 -0.705579 -1.10355 -4.68848 -4.42747 -820.174 0 
2 826.436 0.313832 0.0224814 0.668625 -0.722346 -1.10498 -2.71315 -4.37605 -819.347 0 
2 826.194 0.318815 0.0225276 0.664534 -0.713311 -1.10879 -1.97706 -4.30655 -819.91 0 
3 825.756 0.324177 0.0225359 0.661425 -0.709067 -1.14936 -0.992211 -4.4803 -820.283 0 
2 825.486 0.321748 0.0225579 0.663761 -0.716033 -1.14507 -1.35457 -4.29117 -819.841 0 
1 828.733 0.32565 0.0224871 0.660713 -0.716249 -1.17775 -4.1342 -4.64156 -819.957 0 
2 826.843 0.322091 0.0224769 0.66317 -0.722154 -1.14303 -2.86386 -4.31732 -819.661 0 
3 827.904 0.321133 0.0224062 0.665537 -0.740735 -1.17199 -4.4538 -4.41382 -819.037 0 
1 826.892 0.319598 0.0225816 0.667866 -0.74203 -1.15062 -3.61299 -4.26254 -819.017 0 
4 826.968 0.330087 0.0224832 0.661041 -0.740866 -1.17301 -1.57457 -5.93516 -819.458 0 
2 828.336 0.332459 0.0225205 0.65746 -0.716599 -1.19519 -1.99622 -5.91882 -820.421 0 
2 827.212 0.334709 0.0223543 0.655161 -0.716135 -1.19101 -0.0711917 -6.45684 -820.684 0 
1 828.068 0.335911 0.0223125 0.654817 -0.729987 -1.16457 -0.506149 -7.22479 -820.337 0 
4 828.805 0.335591 0.0223238 0.657782 -0.752608 -1.17049 -1.35583 -7.97543 -819.474 0 
1 829.057 0.333405 0.0222688 0.657383 -0.721428 -1.2385 -2.7815 -6.21821 -820.057 0 
3 827.023 0.333309 0.0223285 0.656192 -0.719673 -1.17568 -0.3972 -6.14595 -820.48 0 
1 829.429 0.335734 0.0221469 0.652897 -0.729405 -1.11938 -1.69427 -7.1157 -820.619 0 
1 830.453 0.336804 0.0221751 0.651396 -0.723047 -1.10721 -2.03668 -7.29419 -821.122 0 
1 831.802 0.340276 0.0222225 0.65317 -0.753233 -1.13701 -2.06643 -9.78131 -819.954 0 
2 829.969 0.336827 0.0221425 0.656538 -0.768032 -1.1418 -1.58645 -9.13185 -819.25 0 
1 830.572 0.335938 0.0220243 0.656609 -0.767047 -1.15788 -2.63403 -8.76707 -819.171 0 
2 830.309 0.338345 0.0222414 0.655892 -0.751695 -1.19964 -1.70366 -9.04304 -819.563 0 
4 829.941 0.33487 0.0223024 0.657964 -0.749061 -1.14763 -2.88809 -7.42192 -819.631 0 
5 828.086 0.334261 0.0223486 0.653093 -0.704017 -1.13327 -0.227635 -6.17308 -821.685 0 
1 829.368 0.337374 0.0222172 0.651289 -0.713796 -1.13629 -0.699457 -7.19478 -821.474 0 
2 829.665 0.33419 0.0222625 0.653817 -0.715651 -1.10625 -2.1072 -6.32933 -821.228 0 
1 829.108 0.33661 0.0223342 0.653007 -0.716283 -1.12083 -0.74929 -6.99611 -821.362 0 
1 828.484 0.335926 0.0222949 0.654292 -0.73138 -1.0985 -0.646489 -7.15972 -820.678 0 
2 827.042 0.328928 0.0223282 0.658574 -0.72706 -1.09605 -1.49025 -5.32054 -820.231 0 
1 827.116 0.330924 0.0223405 0.656543 -0.716985 -1.11796 -0.798283 -5.58209 -820.735 0 
5 829.797 0.33924 0.0223528 0.650157 -0.701075 -1.15604 -0.00818464 -7.47831 -822.31 0 
3 831.081 0.339368 0.0223153 0.653345 -0.722605 -1.20086 -2.22451 -8.06826 -820.788 0 
4 830.875 0.340763 0.0224118 0.650529 -0.701796 -1.19113 -0.760564 -7.94193 -822.172 0 
5 832.504 0.338811 0.0224215 0.655773 -0.734352 -1.21268 -3.99361 -8.36353 -820.147 0 
3 829.447 0.336052 0.022274 0.657814 -0.751631 -1.20391 -1.88401 -8.16684 -819.396 0 
8 826.347 0.329929 0.0222746 0.662123 -0.747173 -1.25543 -1.05267 -6.27797 -819.016 0 
3 826.198 0.330673 0.0223396 0.661384 -0.737949 -1.27681 -0.806167 -6.20763 -819.184 0 
1 828.218 0.325883 0.0221559 0.665264 -0.746147 -1.31883 -3.94838 -5.49349 -818.776 0 
1 828.274 0.321958 0.0221766 0.669333 -0.759376 -1.3121 -4.3266 -5.23801 -818.709 0 
1 828.232 0.315122 0.0222451 0.673824 -0.746022 -1.34534 -5.03007 -4.40805 -818.794 0 
4 828.286 0.313787 0.0222373 0.676561 -0.763305 -1.35378 -4.44221 -4.78654 -819.057 0 
2 827.592 0.313857 0.0221566 0.674608 -0.753539 -1.35001 -4.11921 -4.56991 -818.903 0 
3 826.467 0.316901 0.0222096 0.667971 -0.714273 -1.33021 -3.4092 -4.06204 -818.996 0 
7 825.61 0.316307 0.0222083 0.669219 -0.724792 -1.32307 -2.63391 -4.12447 -818.851 0 
1 825.874 0.32086 0.0221294 0.666211 -0.734694 -1.30801 -2.56671 -4.4739 -818.834 0 
1 823.908 0.314793 0.0222929 0.672765 -0.743839 -1.30586 -0.828603 -4.3006 -818.779 0 
4 823.469 0.31942 0.0222977 0.668656 -0.737403 -1.30081 -0.291413 -4.38094 -818.796 0 
3 824.241 0.318163 0.0225558 0.668539 -0.707054 -1.33138 -1.02979 -4.03075 -819.18 0 
2 824.771 0.318537 0.0226095 0.668268 -0.694304 -1.37859 -1.39309 -4.01046 -819.367 0 
1 825.292 0.323539 0.0224265 0.66248 -0.677881 -1.39455 -1.01153 -4.08016 -820.2 0 
4 824.038 0.323003 0.0224181 0.663835 -0.692267 -1.38259 -0.25648 -4.11504 -819.666 0 
4 824.152 0.323069 0.0224397 0.663725 -0.69684 -1.35089 -0.345594 -4.1524 -819.654 0 
1 823.21 0.318692 0.0223868 0.670083 -0.731388 -1.34503 -0.106954 -4.31585 -818.787 0 
3 824.6 0.322476 0.0222393 0.6666 -0.734506 -1.32193 -1.10948 -4.64806 -818.843 0 
6 824.744 0.325138 0.0221943 0.66408 -0.731584 -1.34166 -0.776166 -5.05568 -818.912 0 
5 824.68 0.32426 0.0223404 0.662676 -0.707463 -1.28987 -0.702772 -4.33655 -819.641 0 
8 823.765 0.319144 0.0223395 0.667593 -0.726813 -1.26563 -0.631199 -4.1434 -818.991 0 
1 823.913 0.323887 0.022402 0.663805 -0.715981 -1.28125 -0.115894 -4.40648 -819.39 0 
4 824.671 0.32217 0.0225054 0.667966 -0.733474 -1.31248 -1.20196 -4.60137 -818.867 0 
3 823.648 0.319973 0.0223542 0.66686 -0.725814 -1.2704 -0.436628 -4.1885 -819.023 0 
4 824.075 0.323569 0.0224219 0.663498 -0.71161 -1.26753 -0.202647 -4.31422 -819.558 0 
2 824.197 0.323533 0.0224059 0.664676 -0.718664 -1.27707 -0.496737 -4.38681 -819.313 0 
1 824.343 0.322554 0.0223564 0.667541 -0.746284 -1.25434 -0.754775 -4.76775 -818.82 0 
2 824.923 0.32283 0.0223693 0.668196 -0.745058 -1.30314 -1.24494 -4.91226 -818.765 0 
1 823.825 0.320979 0.0223681 0.669292 -0.754109 -1.25383 -0.297755 -4.78172 -818.746 0 
4 824.411 0.315488 0.0224386 0.675405 -0.783552 -1.1814 -0.66948 -4.76115 -818.98 0 
2 824.69 0.313377 0.0225648 0.675796 -0.774815 -1.13925 -1.43453 -4.35946 -818.896 0 
2 824.086 0.318252 0.0224009 0.671101 -0.769694 -1.17232 -0.641673 -4.66804 -818.776 0 
1 823.781 0.311651 0.0224618 0.67731 -0.774034 -1.19856 -0.259116 -4.48546 -819.037 0 
5 823.573 0.31182 0.02244 0.67691 -0.761703 -1.26223 -0.143351 -4.47195 -818.957 0 
3 823.315 0.312951 0.022434 0.674918 -0.745258 -1.29879 -0.17399 -4.32634 -818.814 0 
6 825.271 0.313419 0.0224705 0.67036 -0.699051 -1.33588 -1.80664 -4.29485 -819.17 0 
1 826.243 0.313829 0.0223057 0.670575 -0.713919 -1.361 -3.17425 -4.18461 -818.884 0 
1 827.119 0.306289 0.0222529 0.679718 -0.750622 -1.374 -2.71543 -5.09649 -819.308 0 
3 826.459 0.307873 0.0223566 0.676186 -0.718346 -1.38387 -2.74291 -4.8508 -818.865 0 
5 824.741 0.316328 0.0222619 0.669446 -0.710113 -1.40693 -1.7231 -4.12152 -818.897 0 
1 825.134 0.319213 0.0222174 0.668564 -0.736223 -1.35722 -1.85217 -4.53552 -818.747 0 
2 825.346 0.315874 0.0222891 0.670473 -0.736702 -1.30593 -2.32283 -4.24387 -818.779 0 
1 825.493 0.309496 0.022222 0.678326 -0.770706 -1.30165 -1.30713 -4.84037 -819.346 0 
1 825.919 0.30717 0.0222433 0.68163 -0.781199 -1.32099 -0.748606 -5.24241 -819.928 0 
2 825.696 0.308922 0.0222573 0.679604 -0.770244 -1.30927 -1.44386 -4.853 -819.399 0 
1 825.817 0.307386 0.0222705 0.681346 -0.772495 -1.33196 -1.07036 -5.08115 -819.666 0 
3 825.468 0.30642 0.022345 0.683277 -0.779627 -1.34616 -0.0351625 -5.37117 -820.062 0 
1 824.835 0.309395 0.0225567 0.678801 -0.727578 -1.4182 -1.25226 -4.69025 -818.893 0 
2 824.709 0.312023 0.0225836 0.673929 -0.696962 -1.44928 -1.34061 -4.43309 -818.935 0 
1 826.282 0.317278 0.0225598 0.666258 -0.659408 -1.46045 -1.88841 -4.24285 -820.15 0 
1 826.125 0.313175 0.0226629 0.671579 -0.680334 -1.43358 -2.36339 -4.443 -819.318 0 
2 825.56 0.312971 0.0225853 0.671549 -0.682193 -1.44915 -1.91386 -4.42656 -819.219 0 
6 826.281 0.308623 0.0226717 0.6771 -0.685275 -1.51931 -2.22953 -5.10206 -818.95 0 
1 827.766 0.30771 0.0224691 0.679636 -0.729406 -1.49212 -3.52741 -5.12927 -819.109 0 
3 827.286 0.309121 0.0225621 0.678423 -0.71544 -1.51996 -3.44337 -4.92165 -818.921 0 
2 826.141 0.312082 0.0224768 0.674293 -0.708937 -1.47655 -2.85787 -4.46339 -818.819 0 
3 826.967 0.313782 0.0225418 0.670849 -0.683693 -1.47477 -3.53005 -4.29132 -819.145 0 
2 825.469 0.313967 0.0223365 0.674547 -0.731966 -1.48511 -1.88261 -4.73618 -818.85 0 
2 826.088 0.314245 0.0222949 0.673862 -0.737177 -1.44614 -2.54757 -4.6978 -818.842 0 
1 825.54 0.314198 0.0225325 0.677094 -0.738531 -1.46088 -1.96483 -4.70037 -818.875 0 
1 824.921 0.31254 0.0225945 0.676956 -0.72706 -1.44172 -1.61058 -4.48964 -818.821 0 
8 824.368 0.320957 0.0225117 0.669364 -0.707045 -1.49903 -1.10509 -4.39738 -818.865 0 
2 824.753 0.325275 0.0224632 0.665596 -0.703407 -1.49227 -0.950663 -4.72825 -819.074 0 
8 823.952 0.319073 0.0223264 0.668108 -0.69598 -1.51775 -0.811093 -4.18131 -818.959 0 
1 824.418 0.322519 0.0221974 0.666398 -0.698077 -1.59171 -0.914648 -4.64418 -818.859 0 
5 824.616 0.324527 0.0221795 0.665539 -0.704133 -1.58372 -0.777676 -5.01226 -818.826 0 
1 824.499 0.32474 0.0222231 0.664532 -0.699209 -1.55301 -0.742822 -4.77483 -818.981 0 
5 823.67 0.320842 0.0222931 0.66828 -0.702007 -1.57178 -0.316655 -4.54144 -818.812 0 
4 824.23 0.315291 0.0224599 0.672778 -0.690653 -1.57172 -1.06037 -4.28944 -818.88 0 
2 825.171 0.316526 0.022451 0.672835 -0.680885 -1.67987 -1.91745 -4.38482 -818.869 0 
1 825.474 0.315072 0.0223606 0.673133 -0.669131 -1.75067 -2.01647 -4.54752 -818.91 0 
2 824.049 0.315679 0.022507 0.672676 -0.670718 -1.6974 -0.697201 -4.38716 -818.965 0 
6 824.116 0.314571 0.022452 0.671551 -0.668562 -1.64619 -0.660759 -4.38342 -819.072 0 
3 823.388 0.316858 0.0224444 0.671276 -0.683354 -1.62913 -0.187505 -4.29096 -818.909 0 
1 823.518 0.320413 0.0224481 0.668562 -0.678344 -1.62945 -0.255244 -4.18733 -819.076 0 
2 823.59 0.323799 0.0223325 0.665066 -0.680257 -1.60064 -0.0280376 -4.32018 -819.242 0 
2 823.506 0.321786 0.0223784 0.667268 -0.685812 -1.60833 -0.150896 -4.33756 -819.017 0 
7 823.456 0.319739 0.0224343 0.668625 -0.678196 -1.62758 -0.210144 -4.18292 -819.063 0 
1 824.955 0.318134 0.0224178 0.668546 -0.652859 -1.6886 -1.38599 -4.11733 -819.452 0 
1 824.95 0.313818 0.0224423 0.671226 -0.660911 -1.65464 -1.27484 -4.48978 -819.186 0 
2 824.881 0.315843 0.0223229 0.669746 -0.65893 -1.71151 -1.39122 -4.34032 -819.149 0 
1 824.31 0.311133 0.022361 0.676057 -0.690402 -1.65753 -0.570064 -4.87656 -818.863 0 
1 825.471 0.312248 0.022482 0.678065 -0.699587 -1.69335 -1.60509 -4.9708 -818.895 0 
5 827.724 0.306129 0.0225775 0.684038 -0.709423 -1.68078 -2.5637 -5.83466 -819.325 0 
5 827.417 0.307124 0.022599 0.681232 -0.689854 -1.66473 -2.89102 -5.55125 -818.975 0 
1 827.52 0.306059 0.0225639 0.678584 -0.662985 -1.66714 -2.39737 -6.09396 -819.028 0 
1 826.969 0.310293 0.0223156 0.674106 -0.669838 -1.6492 -2.9797 -5.00423 -818.985 0 
1 825.768 0.312603 0.022248 0.672917 -0.694035 -1.55947 -2.41494 -4.50193 -818.851 0 
1 827.172 0.318502 0.0221603 0.669502 -0.699671 -1.57051 -4.03357 -4.32429 -818.814 0 
2 824.554 0.319069 0.0222061 0.669294 -0.699008 -1.58986 -1.33755 -4.41339 -818.803 0 
3 824.75 0.319288 0.022281 0.667222 -0.675721 -1.62284 -1.49031 -4.14692 -819.112 0 
3 824.693 0.323073 0.0222251 0.667633 -0.707093 -1.63078 -0.778893 -5.20031 -818.714 0 
1 824.733 0.31985 0.0221806 0.66974 -0.70104 -1.64995 -1.25387 -4.7408 -818.738 0 
1 824.475 0.321558 0.0223398 0.666656 -0.676193 -1.65805 -1.08705 -4.30198 -819.086 0 
1 823.724 0.323919 0.0222942 0.665816 -0.69053 -1.59981 -0.142374 -4.57091 -819.011 0 
3 823.836 0.322232 0.022337 0.665743 -0.67219 -1.64248 -0.391204 -4.19377 -819.251 0 
2 824.164 0.326806 0.0222811 0.662912 -0.675631 -1.64159 -0.148711 -4.63897 -819.376 0 
1 825.264 0.326693 0.0222218 0.660737 -0.653542 -1.66947 -1.04547 -4.1974 -820.021 0 
1 824.633 0.315176 0.0223805 0.670241 -0.659183 -1.68329 -1.07676 -4.36397 -819.193 0 
2 824.387 0.315291 0.0224988 0.670725 -0.659569 -1.64634 -0.77716 -4.32306 -819.286 0 
3 824.275 0.319674 0.0225242 0.667557 -0.655757 -1.66335 -0.72322 -4.02269 -819.529 0 
1 824.21 0.323059 0.0224722 0.66692 -0.663571 -1.7298 -0.668407 -4.30359 -819.238 0 
2 824.586 0.327011 0.022402 0.663812 -0.660382 -1.7517 -0.517571 -4.62797 -819.44 0 
4 823.758 0.323002 0.0223228 0.667185 -0.674649 -1.74603 -0.154919 -4.64974 -818.953 0 
1 824.086 0.319722 0.022234 0.669417 -0.678785 -1.74366 -0.677782 -4.56652 -818.842 0 
5 824.138 0.320708 0.0222689 0.669533 -0.680156 -1.76146 -0.623304 -4.70168 -818.813 0 
2 823.821 0.316153 0.0223231 0.673501 -0.681717 -1.78688 -0.173154 -4.84009 -818.808 0 
2 824.902 0.311359 0.0224377 0.679121 -0.692294 -1.80863 -0.393364 -5.46782 -819.041 0 
9 824.736 0.310604 0.0224344 0.679496 -0.700599 -1.75431 -0.214539 -5.44025 -819.081 0 
5 823.662 0.314737 0.0224176 0.673887 -0.67354 -1.77127 -0.0875962 -4.71664 -818.858 0 
4 824.943 0.315657 0.0222014 0.672317 -0.68193 -1.7698 -1.31297 -4.81668 -818.814 0 
2 824.144 0.319641 0.0222744 0.670102 -0.675232 -1.81603 -0.488854 -4.85092 -818.804 0 
2 824.863 0.316278 0.0222564 0.674004 -0.694483 -1.80718 -0.672616 -5.34344 -818.847 0 
2 825.309 0.311978 0.0222738 0.679006 -0.725365 -1.71265 -0.204194 -5.75292 -819.352 0 
3 824.413 0.316883 0.0222943 0.673991 -0.704374 -1.74366 -0.317544 -5.27278 -818.823 0 
1 826.147 0.319433 0.0220789 0.670522 -0.69855 -1.75695 -2.18564 -5.22463 -818.737 0 
2 827.217 0.315304 0.0220869 0.674889 -0.714293 -1.73244 -2.79955 -5.43771 -818.979 0 
4 830.119 0.325129 0.0219413 0.667367 -0.70732 -1.80098 -4.93373 -6.5377 -818.648 0 
1 828.041 0.31585 0.0220212 0.673204 -0.700692 -1.80232 -3.62919 -5.50124 -818.911 0 
1 828.14 0.313273 0.0220859 0.677506 -0.728357 -1.77052 -2.30598 -6.31163 -819.522 0 
1 827.96 0.318998 0.0219957 0.670905 -0.703674 -1.77572 -3.66151 -5.5186 -818.78 0 
1 827.134 0.311764 0.0221475 0.675044 -0.671772 -1.83908 -2.9769 -5.23888 -818.918 0 
1 826.437 0.307524 0.0222782 0.679237 -0.676165 -1.82439 -1.45047 -5.9098 -819.076 0 
2 828.337 0.312133 0.0224205 0.670357 -0.615337 -1.82862 -3.15001 -5.33303 -819.854 0 
2 827.635 0.311721 0.0223328 0.671825 -0.629492 -1.84854 -3.05506 -5.21834 -819.362 0 
2 825.124 0.31508 0.022427 0.670138 -0.631796 -1.82509 -1.05471 -4.58923 -819.48 0 
1 824.93 0.312883 0.0224796 0.672963 -0.637166 -1.83629 -0.746866 -4.93513 -819.248 0 
2 824.249 0.313075 0.0224534 0.675034 -0.660927 -1.84081 -0.352648 -4.97671 -818.92 0 
2 823.959 0.313679 0.0224471 0.673929 -0.660281 -1.79865 -0.241875 -4.76602 -818.952 0 
3 826.097 0.308766 0.0224612 0.676105 -0.651575 -1.76371 -1.43928 -5.58978 -819.068 0 
1 826.527 0.31784 0.0222487 0.671896 -0.66874 -1.83964 -2.98477 -4.70093 -818.842 0 
1 824.004 0.32247 0.0224116 0.666031 -0.633405 -1.85131 -0.225445 -4.09252 -819.686 0 
6 824.975 0.315816 0.022529 0.671038 -0.633515 -1.82542 -1.02109 -4.49411 -819.459 0 
3 824.99 0.319295 0.0225557 0.667393 -0.629546 -1.78872 -0.991348 -4.09699 -819.902 0 
4 824.455 0.320621 0.0225422 0.668301 -0.65262 -1.74201 -0.963225 -4.10107 -819.391 0 
2 824.581 0.312781 0.0224381 0.67399 -0.666149 -1.71032 -0.906362 -4.69941 -818.976 0 
2 823.667 0.319302 0.022332 0.668064 -0.663675 -1.70787 -0.325371 -4.18281 -819.159 0 
1 826.086 0.31727 0.0223259 0.667177 -0.642537 -1.72502 -2.28385 -4.20573 -819.596 0 
1 825.927 0.314484 0.0224737 0.669724 -0.638414 -1.72372 -1.75701 -4.57353 -819.596 0 
4 824.811 0.324993 0.0223279 0.662051 -0.635426 -1.76356 -0.643511 -3.99555 -820.172 0 
1 824.287 0.323558 0.0224457 0.663997 -0.62933 -1.7956 -0.17978 -3.94543 -820.162 0 
2 824.257 0.319579 0.0223363 0.667308 -0.647231 -1.78705 -0.725278 -4.18051 -819.351 0 
1 824.262 0.322124 0.022397 0.667553 -0.652603 -1.84962 -0.651406 -4.4763 -819.135 0 
1 824.346 0.323542 0.0222192 0.667232 -0.670183 -1.83917 -0.491233 -4.98979 -818.865 0 
6 824.891 0.312029 0.0222844 0.678004 -0.693036 -1.83838 -0.226148 -5.58917 -819.075 0 
3 824.227 0.316149 0.022284 0.674134 -0.681816 -1.84594 -0.260085 -5.13903 -818.828 0 
4 824.104 0.313764 0.0224338 0.675456 -0.664165 -1.86661 -0.191275 -5.02094 -818.892 0 
1 825.046 0.309661 0.0223379 0.679071 -0.677571 -1.88316 -0.148779 -5.80246 -819.095 0 
2 826.693 0.310997 0.0222037 0.680399 -0.712751 -1.87013 -0.564085 -6.45605 -819.673 0 
4 826.733 0.313212 0.0221632 0.678554 -0.719885 -1.82094 -0.973166 -6.27628 -819.484 0 
2 826.248 0.32261 0.0221556 0.670167 -0.714301 -1.75694 -1.27596 -6.26033 -818.712 0 
1 827.44 0.324477 0.0222949 0.669512 -0.719024 -1.71296 -2.27579 -6.50832 -818.656 0 
1 826.651 0.328764 0.0222951 0.663646 -0.686634 -1.72623 -1.90135 -5.81589 -818.933 0 
5 826.64 0.32721 0.0224158 0.665365 -0.678099 -1.76101 -2.31196 -5.35794 -818.97 0 
1 825.312 0.326646 0.0223765 0.665904 -0.685328 -1.71566 -1.14253 -5.24997 -818.92 0 
2 824.415 0.323323 0.0223536 0.666059 -0.660308 -1.78282 -0.780421 -4.46041 -819.174 0 
2 824.034 0.320368 0.022434 0.667816 -0.653146 -1.77124 -0.560339 -4.19888 -819.274 0 
4 824.311 0.313368 0.0223083 0.675572 -0.682661 -1.81677 -0.248826 -5.17362 -818.888 0 
2 828.075 0.305554 0.0224273 0.683478 -0.691071 -1.87832 -1.76482 -6.70488 -819.605 0 
3 827.93 0.305287 0.0225117 0.682248 -0.666403 -1.90335 -2.01804 -6.67957 -819.232 0 
2 828.174 0.307134 0.0227055 0.680896 -0.647769 -1.90307 -2.87004 -6.24401 -819.06 0 
2 828.044 0.315501 0.0226664 0.675519 -0.652486 -1.89358 -4.30909 -4.78459 -818.951 0 
2 827.269 0.313848 0.0227109 0.674002 -0.629769 -1.87271 -3.0581 -4.85596 -819.355 0 
3 826.764 0.316565 0.0225261 0.675741 -0.670362 -1.90814 -2.7975 -5.12978 -818.837 0 
1 828.264 0.316428 0.0226387 0.675937 -0.663629 -1.91581 -4.38202 -5.02734 -818.855 0 
2 828.981 0.317516 0.0226458 0.675205 -0.65715 -1.94706 -5.13572 -4.97596 -818.87 0 
1 826.663 0.32335 0.022352 0.669717 -0.647813 -2.03745 -2.52064 -5.25175 -818.891 0 
1 826.301 0.323593 0.0221769 0.668933 -0.665347 -1.98003 -1.92317 -5.61482 -818.763 0 
1 826.967 0.32622 0.0221051 0.66369 -0.645429 -1.97363 -2.67893 -5.17544 -819.113 0 
1 829.04 0.323406 0.0220244 0.669423 -0.687763 -1.93404 -4.0531 -6.281 -818.706 0 
1 828.023 0.325213 0.0220008 0.665244 -0.668808 -1.92334 -3.5472 -5.68961 -818.786 0 
2 828.49 0.324569 0.0219948 0.66763 -0.691228 -1.91165 -3.20853 -6.60639 -818.675 0 
10 826.625 0.324433 0.0221555 0.668143 -0.68508 -1.90468 -1.71474 -6.2272 -818.683 0 
3 827.981 0.324463 0.0220939 0.668137 -0.696942 -1.8709 -2.69708 -6.61353 -818.67 0 
1 828.407 0.31569 0.0221434 0.677046 -0.713885 -1.85399 -2.91781 -6.23761 -819.251 0 
7 827.601 0.314831 0.022162 0.677184 -0.705924 -1.86649 -2.40849 -6.00715 -819.186 0 
1 827.043 0.313579 0.0221389 0.676969 -0.713918 -1.81431 -1.67989 -6.07476 -819.288 0 
3 829.191 0.315811 0.0220479 0.675827 -0.728831 -1.8035 -3.03903 -6.71773 -819.435 0 
2 829.113 0.309658 0.0221106 0.681208 -0.735725 -1.7862 -2.13613 -6.77664 -820.201 0 
2 829.679 0.308389 0.0221903 0.679067 -0.701686 -1.78885 -4.38879 -5.96187 -819.328 0 
3 824.998 0.311194 0.0223864 0.679122 -0.708272 -1.74777 -0.301329 -5.54251 -819.154 0 
2 824.661 0.315109 0.0222629 0.675793 -0.711511 -1.74064 -0.248642 -5.44573 -818.967 0 
1 823.76 0.314452 0.022318 0.674533 -0.697567 -1.69385 -0.101416 -4.84026 -818.818 0 
1 824.562 0.315441 0.022461 0.673415 -0.669258 -1.74806 -1.13176 -4.51653 -818.913 0 
1 824.184 0.318312 0.0224382 0.671654 -0.674692 -1.74317 -0.850818 -4.45499 -818.878 0 
2 823.807 0.317906 0.0223713 0.672569 -0.678434 -1.80868 -0.16925 -4.8432 -818.795 0 
5 824.425 0.320149 0.0222185 0.670548 -0.679527 -1.84019 -0.580188 -5.08351 -818.761 0 
2 823.731 0.323368 0.022386 0.666188 -0.652845 -1.80333 -0.0951699 -4.33043 -819.306 0 
1 824.067 0.324347 0.0224106 0.665705 -0.643621 -1.85931 -0.276975 -4.36304 -819.427 0 
4 824.186 0.324667 0.0223191 0.664607 -0.653172 -1.80103 -0.400494 -4.42302 -819.362 0 
5 823.997 0.325767 0.0223117 0.664128 -0.663976 -1.74083 -0.125765 -4.56076 -819.311 0 
4 825.017 0.3286 0.0224466 0.660908 -0.642239 -1.7189 -0.364169 -4.25469 -820.398 0 
1 824.843 0.325599 0.0223895 0.665639 -0.675586 -1.69134 -1.04855 -4.63819 -819.156 0 
1 824.51 0.324824 0.0223459 0.665143 -0.668646 -1.68849 -0.828542 -4.36882 -819.313 0 
2 824.854 0.32408 0.0222654 0.666028 -0.678966 -1.68162 -1.26765 -4.53757 -819.049 0 
3 825.246 0.324817 0.0221777 0.663035 -0.665816 -1.67041 -1.50965 -4.27698 -819.46 0 
3 825.943 0.318241 0.0221428 0.668406 -0.68149 -1.65535 -2.72083 -4.30756 -818.915 0 
4 826.647 0.315692 0.0221249 0.67064 -0.689317 -1.64916 -3.35113 -4.47642 -818.819 0 
1 825.866 0.330874 0.0222089 0.65841 -0.664445 -1.64567 -0.882455 -4.96882 -820.015 0 
3 827.287 0.333614 0.0222247 0.657694 -0.668986 -1.68866 -1.57372 -5.88204 -819.831 0 
1 826.342 0.331481 0.0222314 0.661587 -0.687517 -1.69703 -1.08093 -6.16523 -819.096 0 
1 824.2 0.322825 0.0222301 0.66784 -0.694497 -1.69601 -0.41617 -5.02863 -818.755 0 
2 824.28 0.320727 0.0222343 0.670106 -0.715683 -1.61677 -0.424225 -5.15852 -818.697 0 
2 825.306 0.320837 0.0221256 0.668166 -0.700605 -1.64852 -1.73252 -4.83265 -818.741 0 
3 825.199 0.312603 0.0225134 0.67224 -0.656008 -1.65367 -1.22672 -4.71093 -819.261 0 
3 824.051 0.318331 0.0223636 0.667861 -0.66145 -1.6557 -0.628455 -4.09484 -819.328 0 
1 824.402 0.314875 0.0222465 0.674231 -0.697359 -1.71148 -0.705256 -4.8786 -818.818 0 
1 824.285 0.32091 0.0222192 0.667057 -0.676345 -1.68777 -0.937019 -4.35447 -818.993 0 
7 824.275 0.318111 0.0222685 0.669027 -0.677796 -1.64273 -1.06684 -4.21416 -818.994 0 
1 823.93 0.316771 0.0224979 0.669473 -0.682223 -1.50504 -0.645292 -4.08657 -819.198 0 
1 824.36 0.318693 0.0225278 0.667374 -0.67134 -1.50554 -0.764917 -4.00543 -819.59 0 
3 824.095 0.319249 0.0225164 0.669292 -0.692439 -1.49749 -0.938176 -4.07796 -819.079 0 
1 824.408 0.322108 0.0222101 0.665903 -0.705334 -1.49146 -1.03458 -4.44004 -818.934 0 
1 823.903 0.321015 0.0222651 0.669493 -0.732274 -1.46197 -0.243953 -4.95966 -818.699 0 
1 824.136 0.319427 0.0223102 0.671621 -0.734211 -1.48142 -0.490764 -4.92806 -818.717 0 
3 823.803 0.321915 0.0224227 0.666575 -0.694145 -1.506 -0.452186 -4.23763 -819.113 0 
2 823.235 0.318456 0.0223896 0.670484 -0.713895 -1.46641 -0.133198 -4.30429 -818.798 0 
2 823.552 0.319511 0.0223119 0.668396 -0.703196 -1.48468 -0.429815 -4.20366 -818.919 0 
3 824.305 0.311121 0.0223395 0.675421 -0.714283 -1.49575 -0.849565 -4.61977 -818.836 0 
1 824.921 0.3138 0.0224356 0.670676 -0.679412 -1.49828 -1.40147 -4.34254 -819.177 0 
3 824.344 0.311273 0.0224569 0.67657 -0.707827 -1.52873 -0.876718 -4.63461 -818.833 0 
9 823.968 0.317426 0.0223496 0.668809 -0.682484 -1.54319 -0.762356 -4.09417 -819.111 0 
3 826.518 0.321096 0.0223166 0.6633 -0.656863 -1.53064 -2.37737 -3.96391 -820.176 0 
1 827.639 0.320022 0.0224214 0.6652 -0.659181 -1.51319 -3.52452 -4.02487 -820.09 0 
2 826.973 0.317769 0.0226362 0.66649 -0.651007 -1.49306 -2.30323 -4.29013 -820.38 0 
2 825.787 0.311726 0.0226543 0.673908 -0.68187 -1.4841 -2.07422 -4.61074 -819.102 0 
1 825.454 0.31139 0.0226269 0.673988 -0.683545 -1.48292 -1.75239 -4.63632 -819.066 0 
5 824.752 0.315206 0.022616 0.672011 -0.69169 -1.48218 -1.56523 -4.1729 -819.014 0 
3 824.598 0.319241 0.022581 0.667935 -0.674033 -1.51585 -1.1142 -3.98944 -819.494 0 
1 824.057 0.318362 0.0225292 0.669815 -0.686832 -1.5253 -0.888391 -4.07274 -819.095 0 
3 824.546 0.316236 0.0225057 0.671396 -0.684802 -1.54399 -1.35618 -4.15996 -819.03 0 
2 824.234 0.314993 0.0224385 0.673391 -0.708233 -1.49322 -1.14181 -4.2896 -818.803 0 
1 824.571 0.310143 0.0223526 0.675988 -0.719592 -1.45241 -1.06836 -4.64967 -818.853 0 
4 826.459 0.302644 0.0223659 0.684643 -0.748948 -1.4452 -0.755369 -5.895 -819.809 0 
1 825.512 0.307922 0.0223644 0.682425 -0.763534 -1.43556 -0.422514 -5.34155 -819.748 0 
4 824.936 0.310671 0.0225984 0.676383 -0.70464 -1.4851 -1.48124 -4.61253 -818.842 0 
1 824.859 0.315887 0.022548 0.670852 -0.706428 -1.39872 -1.7989 -4.10382 -818.956 0 
2 824.28 0.317423 0.0225233 0.670154 -0.70667 -1.42227 -1.22977 -4.11042 -818.94 0 
5 823.737 0.317173 0.0224504 0.670203 -0.70302 -1.43055 -0.675829 -4.08434 -818.976 0 
2 823.906 0.314494 0.0225533 0.67297 -0.708966 -1.42463 -0.842772 -4.2033 -818.86 0 
1 824.476 0.318978 0.022478 0.66679 -0.680035 -1.44036 -0.887074 -4.00258 -819.586 0 
7 824.507 0.324509 0.0223461 0.663721 -0.689721 -1.46044 -0.745035 -4.24826 -819.514 0 
1 824.508 0.327921 0.0222968 0.661174 -0.693939 -1.45446 -0.136335 -4.75926 -819.612 0 
8 824.915 0.327679 0.0222797 0.660134 -0.690108 -1.42487 -0.441725 -4.60427 -819.869 0 
3 826.59 0.321742 0.022246 0.665909 -0.698306 -1.45329 -3.27762 -4.14849 -819.164 0 
2 827.904 0.319028 0.022289 0.669146 -0.712321 -1.41567 -4.85326 -4.1478 -818.902 0 
7 829.354 0.315991 0.0222915 0.668722 -0.696895 -1.37409 -6.02759 -4.12217 -819.204 0 
1 827.775 0.317753 0.0223266 0.665781 -0.685816 -1.35156 -3.96361 -4.11746 -819.694 0 
2 827.964 0.322236 0.0222307 0.661311 -0.678983 -1.38544 -3.8322 -4.03239 -820.1 0 
6 830.021 0.313009 0.0220532 0.671659 -0.720549 -1.42748 -6.86028 -4.36474 -818.796 0 
3 828.612 0.316551 0.0220412 0.669328 -0.716868 -1.47338 -5.48644 -4.35895 -818.766 0 
6 826.599 0.313652 0.0222317 0.670731 -0.696476 -1.48653 -3.39244 -4.29881 -818.908 0 
1 826.535 0.313062 0.0221555 0.674109 -0.722287 -1.50301 -3.12927 -4.57956 -818.827 0 
2 823.878 0.315655 0.0222559 0.673415 -0.727517 -1.51192 -0.386357 -4.70054 -818.791 0 
3 823.42 0.316819 0.022377 0.672101 -0.703247 -1.58984 -0.153996 -4.49632 -818.769 0 
6 823.841 0.318287 0.0223198 0.671198 -0.708115 -1.5992 -0.415268 -4.68769 -818.739 0 
2 824.079 0.322923 0.0222524 0.664983 -0.678081 -1.6104 -0.608039 -4.2422 -819.229 0 
5 823.87 0.31643 0.0224481 0.670957 -0.670115 -1.65366 -0.556213 -4.24229 -819.071 0 
2 825.035 0.319668 0.0225016 0.666721 -0.654344 -1.60254 -1.2158 -3.99281 -819.827 0 
1 824.93 0.322301 0.0225137 0.666051 -0.656317 -1.64606 -1.2305 -3.9717 -819.728 0 
2 824.714 0.326428 0.0224142 0.662278 -0.647429 -1.6871 -0.456479 -4.092 -820.166 0 
1 826.642 0.332296 0.0223404 0.655106 -0.623483 -1.68156 -0.222496 -4.35605 -822.064 0 
2 825.342 0.327993 0.0223255 0.661022 -0.651995 -1.72893 -0.98262 -4.47155 -819.887 0 
1 825.462 0.327388 0.0221527 0.663166 -0.676457 -1.75213 -1.17397 -5.25504 -819.033 0 
7 825.559 0.331161 0.0222298 0.660525 -0.663915 -1.76191 -0.628627 -5.40644 -819.524 0 
1 827.215 0.332195 0.0220929 0.659371 -0.669631 -1.75022 -1.99292 -5.77473 -819.448 0 
1 825.537 0.324811 0.0221533 0.666114 -0.684542 -1.74397 -1.61543 -5.08753 -818.835 0 
2 824.35 0.322212 0.0222193 0.666296 -0.670647 -1.73609 -0.858109 -4.46218 -819.03 0 
1 826.123 0.309065 0.0222988 0.678312 -0.703518 -1.68925 -1.65447 -5.40076 -819.068 0 
1 828.878 0.304663 0.0224274 0.680954 -0.694577 -1.6723 -3.65207 -6.08691 -819.139 0 
6 828.08 0.307378 0.0225818 0.678128 -0.672358 -1.68768 -3.53135 -5.59462 -818.955 0 
1 825.602 0.312397 0.0225391 0.673494 -0.660493 -1.70128 -1.79894 -4.73717 -819.066 0 
2 824.571 0.31413 0.0225113 0.674895 -0.675682 -1.72627 -1.07228 -4.62891 -818.87 0 
1 824.093 0.324591 0.0224123 0.663571 -0.643746 -1.74151 -0.131269 -4.04808 -819.914 0 
1 824.058 0.31952 0.0223135 0.668522 -0.662826 -1.73587 -0.71893 -4.2253 -819.114 0 
6 823.873 0.319914 0.022306 0.667541 -0.663538 -1.70245 -0.522509 -4.15255 -819.198 0 
1 824.981 0.317214 0.0222261 0.669307 -0.667179 -1.72743 -1.63824 -4.34856 -818.994 0 
2 827.471 0.30439 0.0222527 0.682296 -0.716291 -1.63411 -1.95773 -6.05431 -819.459 0 
3 824.589 0.308661 0.0224145 0.679475 -0.704764 -1.64177 -0.313947 -5.26119 -819.014 0 
3 824.715 0.308146 0.0224953 0.680236 -0.711167 -1.60169 -0.413979 -5.25715 -819.044 0 
1 824.684 0.31329 0.0225856 0.675601 -0.695572 -1.59207 -1.33972 -4.52033 -818.824 0 
1 823.874 0.31546 0.0225154 0.673252 -0.699693 -1.5394 -0.75002 -4.29612 -818.828 0 
1 825.58 0.325326 0.0225016 0.665378 -0.68058 -1.57881 -1.82154 -4.3762 -819.382 0 
3 825.297 0.322595 0.0225607 0.66629 -0.668096 -1.57975 -1.66947 -4.00861 -819.619 0 
4 824.595 0.326742 0.0224231 0.66107 -0.650634 -1.622 -0.0989081 -4.09181 -820.405 0 
7 825.324 0.325616 0.0224682 0.661535 -0.646574 -1.63248 -0.894184 -3.99295 -820.437 0 
2 824.3 0.319746 0.0225312 0.66821 -0.667562 -1.63183 -0.936353 -4.06368 -819.3 0 
1 826.458 0.325297 0.0225562 0.666347 -0.680871 -1.64282 -2.67948 -4.61929 -819.159 0 
1 827.973 0.326239 0.0226188 0.665846 -0.668094 -1.68362 -4.06852 -4.48769 -819.417 0 
4 826.481 0.322666 0.0226561 0.666381 -0.651473 -1.67577 -2.70765 -3.97746 -819.796 0 
1 826.485 0.323087 0.0223976 0.667033 -0.673786 -1.65432 -3.04294 -4.23334 -819.209 0 
1 825.715 0.330604 0.0224608 0.658691 -0.640159 -1.6749 -0.380523 -4.38288 -820.952 0 
1 826.882 0.324941 0.0226416 0.664947 -0.647625 -1.70774 -2.88448 -4.05155 -819.945 0 
1 826.547 0.32255 0.0226317 0.667595 -0.660398 -1.70442 -3.01081 -4.15176 -819.384 0 
2 824.535 0.321089 0.0225032 0.668125 -0.664292 -1.71806 -1.12793 -4.22884 -819.179 0 
1 823.578 0.320148 0.0224096 0.668111 -0.659908 -1.74015 -0.180606 -4.20866 -819.188 0 
2 823.703 0.318125 0.0223308 0.669745 -0.66166 -1.78087 -0.298589 -4.39871 -819.006 0 
1 824.724 0.319896 0.0221654 0.669437 -0.682788 -1.77689 -1.08686 -4.86287 -818.774 0 
5 823.817 0.31671 0.0222985 0.672988 -0.680532 -1.80359 -0.129774 -4.88497 -818.802 0 
2 824.377 0.316452 0.0222587 0.672448 -0.67522 -1.79763 -0.817733 -4.73275 -818.826 0 
1 824.663 0.326877 0.0222419 0.661753 -0.647774 -1.7603 -0.531314 -4.30509 -819.827 0 
5 824.388 0.325034 0.0222861 0.66319 -0.646633 -1.75547 -0.484971 -4.13158 -819.771 0 
1 826.509 0.326322 0.0222293 0.659977 -0.628886 -1.7463 -1.8927 -3.93935 -820.677 0 
1 827.34 0.317716 0.0224737 0.665388 -0.611101 -1.75241 -2.10393 -4.44999 -820.786 0 
1 826.716 0.319987 0.0224777 0.664087 -0.613858 -1.76721 -1.86973 -4.09577 -820.751 0 
3 826.334 0.321328 0.0223441 0.66338 -0.614192 -1.82986 -1.86592 -3.98305 -820.485 0 
7 826.32 0.319903 0.0221112 0.667471 -0.656434 -1.83254 -2.84659 -4.43796 -819.036 0 
3 825.05 0.314288 0.0222687 0.67238 -0.647804 -1.8851 -1.18781 -4.85298 -819.009 0 
5 823.797 0.323104 0.0223942 0.666664 -0.646346 -1.85063 -0.1415 -4.33343 -819.322 0 
2 824.031 0.324629 0.0223171 0.66611 -0.661968 -1.82552 -0.21243 -4.75094 -819.068 0 
3 824.04 0.325541 0.0223179 0.663715 -0.652488 -1.77854 -0.15303 -4.37922 -819.507 0 
3 824.931 0.323769 0.0224647 0.665613 -0.651069 -1.78014 -1.22093 -4.25668 -819.454 0 
2 824.279 0.323272 0.0224275 0.666491 -0.660496 -1.76453 -0.677939 -4.38095 -819.22 0 
1 824.212 0.320654 0.0225024 0.667275 -0.646805 -1.75157 -0.61336 -4.06641 -819.533 0 
6 826.17 0.317988 0.0226691 0.669273 -0.635959 -1.7513 -2.24262 -4.17635 -819.751 0 
4 825.579 0.316411 0.0226238 0.670544 -0.641691 -1.73292 -1.71009 -4.3169 -819.552 0 
1 825.674 0.323336 0.0225638 0.663045 -0.624291 -1.71314 -0.941707 -3.88742 -820.845 0 
1 826.819 0.319337 0.0226322 0.6671 -0.62295 -1.74991 -2.3223 -4.13167 -820.365 0 
4 826.648 0.321395 0.0226473 0.66474 -0.617654 -1.74261 -1.83009 -3.98839 -820.829 0 
1 827.352 0.316572 0.0226014 0.671317 -0.638913 -1.78174 -3.52098 -4.35472 -819.476 0 
1 827.121 0.311235 0.0226917 0.677713 -0.666525 -1.75517 -3.1736 -5.01634 -818.931 0 
2 824.356 0.31596 0.0224658 0.674347 -0.682804 -1.77742 -0.697263 -4.85079 -818.808 0 
3 824.158 0.319268 0.0224118 0.671224 -0.675483 -1.80055 -0.579662 -4.76398 -818.814 0 
1 824.161 0.313816 0.022501 0.673973 -0.661062 -1.78072 -0.491278 -4.70754 -818.962 0 
1 824.449 0.311418 0.0224539 0.678309 -0.693267 -1.7518 -0.278775 -5.21785 -818.952 0 
8 823.675 0.315346 0.0223782 0.673598 -0.670591 -1.81605 -0.0208838 -4.80062 -818.854 0 
1 824.124 0.316633 0.0222914 0.67338 -0.676165 -1.84818 -0.320602 -4.988 -818.816 0 
4 824.972 0.314379 0.0223687 0.676499 -0.68413 -1.84724 -0.832891 -5.24536 -818.893 0 
1 824.991 0.318989 0.0222558 0.673074 -0.695854 -1.84284 -0.529627 -5.66195 -818.799 0 
1 826.065 0.316909 0.0221008 0.672525 -0.694451 -1.80114 -1.96055 -5.28542 -818.819 0 
1 824.657 0.317883 0.0222533 0.67177 -0.69461 -1.7402 -0.902118 -4.9951 -818.76 0 
3 824.665 0.321136 0.0223668 0.670536 -0.69702 -1.68747 -1.06194 -4.8667 -818.736 0 
3 823.72 0.317691 0.0222923 0.672016 -0.694614 -1.71083 -0.149456 -4.81059 -818.76 0 
3 826.375 0.308865 0.0221937 0.679817 -0.713488 -1.73046 -1.25004 -5.75569 -819.369 0 
1 827.005 0.308634 0.0222091 0.681503 -0.721325 -1.7481 -1.33016 -6.02068 -819.654 0 
1 827.971 0.305538 0.0221938 0.683745 -0.728016 -1.71772 -1.55344 -6.37541 -820.042 0 
4 826.253 0.311646 0.0222499 0.679969 -0.737179 -1.67064 -0.897555 -5.81691 -819.539 0 
1 825.16 0.315697 0.0223677 0.676174 -0.718252 -1.67257 -1.04618 -5.21082 -818.903 0 
1 823.964 0.318031 0.0223199 0.670727 -0.681648 -1.68506 -0.713165 -4.38467 -818.866 0 
3 823.645 0.322829 0.0223107 0.666157 -0.656846 -1.78233 -0.0854752 -4.31689 -819.243 0 
3 824.595 0.323144 0.0222697 0.664415 -0.650022 -1.77047 -0.927495 -4.17846 -819.489 0 
1 824.791 0.326493 0.0223181 0.660847 -0.631683 -1.76537 -0.335783 -4.00868 -820.447 0 
1 824.664 0.320827 0.0222723 0.665833 -0.636634 -1.82765 -0.968326 -4.11272 -819.583 0 
4 823.993 0.322057 0.0223956 0.66777 -0.662361 -1.75994 -0.540049 -4.30976 -819.144 0 
2 824.012 0.322131 0.0223811 0.665517 -0.637179 -1.79893 -0.234371 -4.02892 -819.749 0 
15 823.595 0.318639 0.0223083 0.670144 -0.668247 -1.79234 -0.152286 -4.54477 -818.898 0 
1 824.199 0.323792 0.0224 0.667071 -0.673325 -1.74442 -0.532678 -4.66408 -819.003 0 
1 823.78 0.319794 0.0223848 0.668593 -0.663044 -1.75414 -0.395621 -4.31033 -819.074 0 
1 824.018 0.324789 0.0223746 0.663901 -0.643737 -1.78887 -0.130226 -4.17084 -819.716 0 
5 824.64 0.324272 0.0223286 0.667766 -0.684307 -1.75622 -0.728606 -5.1017 -818.809 0 
3 823.937 0.322229 0.0222482 0.667743 -0.679803 -1.73557 -0.389641 -4.67427 -818.873 0 
2 824.373 0.315234 0.02227 0.672599 -0.672141 -1.77449 -0.847318 -4.66187 -818.864 0 
4 824.498 0.311446 0.022419 0.678297 -0.689808 -1.78304 -0.242257 -5.28995 -818.966 0 
2 825.118 0.317687 0.0223401 0.674002 -0.688062 -1.82233 -1.18205 -5.14774 -818.789 0 
4 824.518 0.321941 0.0222915 0.666395 -0.644974 -1.82342 -0.93744 -4.18235 -819.398 0 
1 824.13 0.323186 0.0224453 0.666799 -0.65272 -1.7927 -0.528207 -4.26647 -819.335 0 
1 824.011 0.321978 0.0222425 0.667951 -0.666078 -1.82857 -0.396444 -4.69468 -818.919 0 
8 823.695 0.316221 0.0223835 0.672452 -0.660887 -1.84528 -0.0831507 -4.70357 -818.908 0 
2 824.873 0.317834 0.0224179 0.670811 -0.660227 -1.82577 -1.35713 -4.56527 -818.951 0 
1 825.696 0.312685 0.0223785 0.675054 -0.676523 -1.78798 -1.79176 -5.02985 -818.875 0 
4 825.734 0.307332 0.0224216 0.682301 -0.709262 -1.7491 -0.302106 -5.98208 -819.45 0 
3 825.29 0.310319 0.0222762 0.679729 -0.709808 -1.77486 -0.191256 -5.77985 -819.319 0 
2 824.552 0.313764 0.0223737 0.67728 -0.710196 -1.72736 -0.226441 -5.33281 -818.992 0 
2 824.538 0.310727 0.0223356 0.678152 -0.70825 -1.68772 -0.224542 -5.27033 -819.044 0 
4 824.796 0.321206 0.0221603 0.667891 -0.693651 -1.6741 -1.25304 -4.76617 -818.776 0 
3 827.826 0.321986 0.022032 0.666073 -0.689539 -1.69314 -4.20482 -4.81642 -818.804 0 
4 827.071 0.319961 0.0220596 0.668864 -0.692576 -1.75051 -3.26249 -5.07411 -818.735 0 
1 826.86 0.321588 0.0220444 0.668163 -0.69721 -1.74653 -2.83086 -5.32418 -818.705 0 
2 824.687 0.323698 0.022193 0.664982 -0.665012 -1.74057 -1.0966 -4.39542 -819.195 0 
1 826.533 0.329453 0.0224815 0.65743 -0.609309 -1.74959 -0.470136 -3.96611 -822.097 0 
3 825.602 0.330474 0.0224441 0.658778 -0.625959 -1.76763 -0.275623 -4.24072 -821.086 0 
2 827.756 0.332274 0.0223652 0.655154 -0.615318 -1.75507 -1.46325 -4.29276 -822 0 
1 826.572 0.331757 0.0222804 0.655606 -0.620109 -1.7414 -0.55308 -4.27154 -821.747 0 
3 827.11 0.33552 0.0222615 0.653618 -0.622184 -1.75949 -0.288763 -4.90283 -821.918 0 
2 825.641 0.329396 0.0223521 0.660535 -0.648083 -1.71203 -0.972705 -4.42851 -820.24 0 
2 826.477 0.33251 0.0224505 0.658216 -0.638602 -1.72244 -0.875897 -4.68863 -820.913 0 
3 825.783 0.329587 0.0224141 0.659505 -0.626287 -1.77054 -0.674517 -4.14643 -820.962 0 
5 825.842 0.329586 0.022484 0.658854 -0.623861 -1.73288 -0.405055 -4.08727 -821.349 0 
2 825.268 0.32097 0.0225034 0.664627 -0.624486 -1.74737 -0.860579 -3.97323 -820.434 0 
2 826.367 0.316181 0.0226737 0.67268 -0.648004 -1.79349 -2.75328 -4.41493 -819.199 0 
3 827.888 0.317118 0.0226906 0.668854 -0.62129 -1.80056 -3.51096 -4.34526 -820.032 0 
2 827.396 0.316589 0.0226966 0.670425 -0.632204 -1.79512 -3.40346 -4.35717 -819.635 0 
1 827.839 0.323272 0.0226332 0.665263 -0.632951 -1.78827 -3.8287 -3.98127 -820.029 0 
3 827.528 0.330415 0.022397 0.656464 -0.601532 -1.83503 -1.50445 -3.9874 -822.036 0 
2 826.75 0.327438 0.022406 0.65885 -0.607374 -1.8215 -1.42908 -3.86965 -821.452 0 
1 826.351 0.324958 0.0224284 0.66146 -0.618479 -1.8066 -1.75272 -3.88675 -820.712 0 
1 825.271 0.319643 0.0224651 0.665977 -0.634514 -1.74069 -1.28639 -4.03525 -819.949 0 
4 823.919 0.316467 0.0224776 0.671961 -0.659294 -1.79452 -0.434264 -4.49111 -818.993 0 
3 823.842 0.316692 0.0223549 0.671219 -0.670749 -1.74986 -0.442896 -4.49651 -818.903 0 
5 823.48 0.320605 0.0223708 0.669071 -0.66896 -1.76386 -0.0723424 -4.44433 -818.963 0 
6 823.487 0.318103 0.0224385 0.670874 -0.671746 -1.72912 -0.169014 -4.38263 -818.935 0 
6 823.807 0.321476 0.0223521 0.668062 -0.67795 -1.71208 -0.361035 -4.51724 -818.929 0 
4 825.022 0.324429 0.0224887 0.665398 -0.659128 -1.72766 -1.29228 -4.298 -819.432 0 
1 824.938 0.323355 0.0223789 0.66542 -0.660648 -1.73848 -1.31795 -4.31932 -819.301 0 
2 824.043 0.325416 0.0223339 0.663469 -0.661466 -1.69701 -0.189493 -4.32584 -819.528 0 
13 823.692 0.323269 0.0223428 0.664924 -0.661637 -1.68715 -0.0913442 -4.15595 -819.444 0 
2 823.864 0.324495 0.0223075 0.665014 -0.667212 -1.70886 -0.200422 -4.39437 -819.269 0 
1 824.888 0.32563 0.0223852 0.664628 -0.660322 -1.72158 -1.06588 -4.34056 -819.481 0 
2 825.506 0.326822 0.0221548 0.663261 -0.681723 -1.66733 -1.48189 -4.89554 -819.128 0 
2 825.408 0.327246 0.0221903 0.661208 -0.663906 -1.6865 -1.26277 -4.54886 -819.596 0 
2 826.661 0.331739 0.0223299 0.6573 -0.647654 -1.67654 -1.24113 -4.75103 -820.669 0 
1 827.785 0.332225 0.0223891 0.65642 -0.647071 -1.62721 -1.98487 -4.73472 -821.065 0 
4 825.21 0.328299 0.0223041 0.663967 -0.682045 -1.70975 -0.811071 -5.34209 -819.057 0 
2 824.649 0.326134 0.0222994 0.665671 -0.682245 -1.74285 -0.526786 -5.21982 -818.903 0 
1 823.964 0.320491 0.0223889 0.668541 -0.67514 -1.70614 -0.600738 -4.39604 -818.967 0 
3 824.899 0.328311 0.0223807 0.663057 -0.663686 -1.74467 -0.598472 -4.86539 -819.435 0 
4 825.183 0.319545 0.0221873 0.672112 -0.697708 -1.81554 -0.857153 -5.55969 -818.766 0 
4 824.173 0.319228 0.0223082 0.670708 -0.678789 -1.80071 -0.515671 -4.86896 -818.789 0 
2 823.892 0.321536 0.022331 0.668775 -0.666516 -1.83537 -0.248914 -4.74845 -818.895 0 
2 824.697 0.32401 0.0223462 0.664466 -0.637702 -1.85888 -0.854728 -4.24603 -819.596 0 
2 824.296 0.31354 0.0224982 0.67417 -0.650758 -1.83671 -0.442497 -4.82995 -819.023 0 
2 824.733 0.314684 0.0224861 0.671855 -0.645737 -1.80541 -0.953188 -4.59895 -819.181 0 
2 825.075 0.321266 0.0225077 0.666634 -0.632743 -1.83661 -1.28434 -4.08951 -819.701 0 
3 824.727 0.318597 0.0225607 0.670451 -0.643519 -1.84202 -1.16378 -4.31143 -819.252 0 
1 823.952 0.315912 0.0224861 0.672887 -0.659498 -1.81541 -0.403344 -4.59375 -818.955 0 
9 824.666 0.317622 0.02255 0.669855 -0.642531 -1.79119 -1.01661 -4.26136 -819.388 0 
7 824.378 0.318078 0.0225453 0.670285 -0.647813 -1.78776 -0.849525 -4.25076 -819.277 0 
9 825.403 0.309643 0.0225155 0.676253 -0.653248 -1.77389 -0.974811 -5.38785 -819.041 0 
6 824.725 0.310102 0.0224616 0.677063 -0.662331 -1.80797 -0.444402 -5.33035 -818.951 0 
3 824.187 0.314394 0.0223937 0.672507 -0.656394 -1.80032 -0.518293 -4.66641 -819.002 0 
1 824.313 0.314367 0.0224293 0.671992 -0.647235 -1.80339 -0.52688 -4.63837 -819.148 0 
1 824.228 0.322888 0.022321 0.664654 -0.628754 -1.8749 -0.351325 -4.10061 -819.777 0 
2 824.924 0.32707 0.0224572 0.663208 -0.629632 -1.88221 -0.66687 -4.28174 -819.976 0 
1 825.671 0.324997 0.0225669 0.663379 -0.615723 -1.84969 -1.16771 -3.90538 -820.598 0 
4 825.178 0.318335 0.0225251 0.669725 -0.63412 -1.8376 -1.4254 -4.24504 -819.508 0 
1 826.027 0.322872 0.0225221 0.668173 -0.644331 -1.86455 -2.40017 -4.30297 -819.324 0 
2 825.038 0.32646 0.0223779 0.664811 -0.643777 -1.87999 -1.02997 -4.55573 -819.453 0 
1 824.784 0.316641 0.0224117 0.671176 -0.640924 -1.86192 -1.10226 -4.4774 -819.204 0 
9 824.066 0.317259 0.0224113 0.669663 -0.63343 -1.87174 -0.284456 -4.40421 -819.377 0 
1 825.133 0.314195 0.0223556 0.673833 -0.637003 -1.97297 -1.03862 -5.04518 -819.049 0 
2 825.173 0.323491 0.0224975 0.665411 -0.609431 -1.95876 -0.953355 -4.0315 -820.188 0 
3 825.064 0.322148 0.0223346 0.666328 -0.620218 -1.95629 -1.17654 -4.18043 -819.707 0 
1 826.222 0.324764 0.0222299 0.663733 -0.612013 -1.99905 -2.08656 -4.1554 -819.98 0 
1 827.936 0.3237 0.0221327 0.6629 -0.612897 -1.95151 -3.79162 -4.05072 -820.094 0 
2 825.034 0.326468 0.0222742 0.661466 -0.612961 -1.92495 -0.575854 -4.03116 -820.427 0 
4 827.462 0.33366 0.0221757 0.655588 -0.612749 -1.92768 -1.61566 -4.78419 -821.062 0 
2 826.98 0.329458 0.0223815 0.657455 -0.59271 -1.91573 -1.21546 -3.89774 -821.867 0 
3 826.659 0.329868 0.0223363 0.661535 -0.634713 -1.94769 -1.91282 -5.06849 -819.677 0 
2 826.453 0.329612 0.0222338 0.659506 -0.618538 -1.95623 -1.66297 -4.53314 -820.257 0 
4 826.666 0.328571 0.0224244 0.661146 -0.619969 -1.924 -2.03084 -4.35387 -820.282 0 
1 826.805 0.327182 0.0225228 0.660805 -0.608127 -1.8723 -1.84758 -3.91653 -821.041 0 
1 827.307 0.332384 0.0221776 0.656328 -0.615267 -1.90777 -1.77199 -4.60258 -820.932 0 
1 825.127 0.324264 0.0223181 0.662322 -0.613499 -1.88923 -0.75778 -3.9465 -820.423 0 
1 824.554 0.326794 0.0223998 0.66184 -0.614722 -1.90334 -0.0345207 -4.02942 -820.49 0 
3 826.411 0.327562 0.0225451 0.663489 -0.625699 -1.90479 -2.05137 -4.29876 -820.061 0 
2 826.353 0.327692 0.0225396 0.663098 -0.625642 -1.87037 -1.92438 -4.18326 -820.246 0 
3 826.616 0.33052 0.0224386 0.65903 -0.620308 -1.79763 -1.24429 -4.17286 -821.199 0 
3 825.267 0.328591 0.0224149 0.659877 -0.630572 -1.73504 -0.312919 -4.08423 -820.87 0 
4 824.85 0.325957 0.0224349 0.663323 -0.644864 -1.73472 -0.753678 -4.10032 -819.996 0 
4 825.484 0.312721 0.0223944 0.672057 -0.65295 -1.70834 -1.53993 -4.74567 -819.199 0 
2 825.08 0.32182 0.0221513 0.666376 -0.674799 -1.71479 -1.65064 -4.4423 -818.987 0 
4 824.4 0.320972 0.0224302 0.665354 -0.640057 -1.7248 -0.53293 -3.97299 -819.894 0 
2 825.993 0.319288 0.0224657 0.664957 -0.625962 -1.71268 -1.46653 -4.10119 -820.425 0 
6 826.216 0.3178 0.0224998 0.666171 -0.629031 -1.69394 -1.70204 -4.23759 -820.276 0 
1 824.882 0.319949 0.0225381 0.666202 -0.639811 -1.6755 -0.813955 -4.00023 -820.067 0 
4 825.579 0.320226 0.022607 0.666754 -0.639558 -1.68222 -1.52596 -3.9892 -820.064 0 
1 825.779 0.327768 0.0225391 0.660823 -0.638723 -1.66415 -0.895159 -4.06264 -820.822 0 
3 826.531 0.328486 0.0224733 0.657657 -0.615491 -1.68748 -0.479332 -3.9738 -822.078 0 
1 825.153 0.325723 0.0224661 0.661898 -0.629724 -1.76044 -0.699802 -3.95044 -820.502 0 
1 826.856 0.325182 0.0226378 0.662341 -0.617485 -1.75179 -1.86573 -3.85944 -821.131 0 
5 825.289 0.32585 0.0224221 0.661404 -0.62168 -1.77046 -0.552886 -3.88588 -820.85 0 
1 826.727 0.323035 0.0225916 0.662551 -0.599629 -1.81367 -1.26575 -3.95234 -821.509 0 
2 827.308 0.32571 0.0225646 0.659792 -0.586095 -1.85174 -1.06499 -3.87324 -822.37 0 
1 825.313 0.320287 0.0225295 0.667448 -0.632977 -1.83663 -1.54647 -4.12568 -819.641 0 
2 824.949 0.310341 0.0225344 0.677531 -0.66447 -1.79706 -0.747124 -5.26264 -818.94 0 
1 824.883 0.311613 0.0224988 0.674891 -0.645447 -1.83168 -0.670911 -5.12507 -819.087 0 
2 824.59 0.317788 0.0225391 0.669379 -0.631435 -1.83578 -0.736826 -4.28244 -819.571 0 
1 825.317 0.321828 0.0225905 0.666766 -0.632907 -1.80584 -1.45159 -4.00901 -819.856 0 
2 824.853 0.323792 0.0224555 0.665821 -0.633234 -1.86167 -1.01282 -4.11523 -819.725 0 
3 824.264 0.317849 0.0224495 0.669754 -0.634104 -1.86347 -0.524613 -4.33414 -819.406 0 
5 824.722 0.314737 0.022518 0.672832 -0.647396 -1.80378 -0.976439 -4.59352 -819.152 0 
1 823.873 0.317641 0.0223684 0.672672 -0.669262 -1.8584 -0.19307 -4.85153 -818.829 0 
1 824.423 0.318844 0.0222414 0.669141 -0.65117 -1.86063 -0.908047 -4.45997 -819.055 0 
2 826.332 0.313088 0.0222393 0.674472 -0.664977 -1.8374 -2.45244 -4.98005 -818.899 0 
1 826.141 0.315177 0.022233 0.671851 -0.653302 -1.84532 -2.47846 -4.67007 -818.992 0 
4 824.928 0.320363 0.0222417 0.666263 -0.639218 -1.83229 -1.29767 -4.16568 -819.465 0 
1 825.868 0.31722 0.022204 0.668732 -0.64981 -1.80013 -2.3419 -4.35416 -819.172 0 
7 823.934 0.317041 0.0222749 0.671727 -0.679234 -1.75112 -0.502871 -4.60965 -818.822 0 
2 824.956 0.314138 0.0222551 0.673887 -0.689142 -1.74189 -1.20003 -4.92287 -818.833 0 
4 824.797 0.315058 0.0222714 0.674113 -0.702915 -1.70432 -0.934248 -5.02955 -818.833 0 
2 824.839 0.310794 0.0223943 0.679387 -0.723788 -1.64356 -0.270352 -5.37164 -819.197 0 
4 823.931 0.314751 0.0223133 0.675234 -0.710198 -1.6714 -0.0554424 -5.01579 -818.859 0 
1 824.069 0.313788 0.0223716 0.675935 -0.706551 -1.67942 -0.188765 -5.00545 -818.875 0 
2 824.241 0.316711 0.0222614 0.671602 -0.682599 -1.70969 -0.896612 -4.51928 -818.826 0 
1 824.368 0.311661 0.0223874 0.675134 -0.676764 -1.71721 -0.586546 -4.89744 -818.884 0 
5 824.058 0.313104 0.022444 0.675056 -0.682704 -1.71456 -0.430104 -4.78078 -818.847 0 
1 824.002 0.319714 0.022401 0.671215 -0.694361 -1.69663 -0.460466 -4.79233 -818.749 0 
5 825.049 0.321743 0.0224502 0.668092 -0.679537 -1.68341 -1.60799 -4.47605 -818.965 0 
6 826.175 0.322249 0.0225397 0.668367 -0.686267 -1.63591 -2.72285 -4.49299 -818.959 0 
1 825.242 0.320284 0.0224117 0.671761 -0.717285 -1.61794 -1.33966 -5.19764 -818.704 0 
4 826.695 0.316616 0.0225428 0.674705 -0.706988 -1.65959 -3.01017 -4.9107 -818.774 0 
1 827.149 0.314659 0.0224203 0.678195 -0.733491 -1.61826 -2.74332 -5.33174 -819.074 0 
1 825.401 0.320895 0.0224069 0.670272 -0.700147 -1.60641 -2.05867 -4.5548 -818.787 0 
2 824.659 0.324923 0.0224743 0.665561 -0.680071 -1.62051 -0.94338 -4.48248 -819.233 0 
4 824.746 0.327322 0.0224386 0.661157 -0.652764 -1.6202 -0.219943 -4.15968 -820.367 0 
1 826.498 0.318932 0.0225043 0.668634 -0.657859 -1.64016 -2.94308 -4.04301 -819.512 0 
2 830.31 0.318349 0.022469 0.666782 -0.638496 -1.63226 -5.8674 -4.21624 -820.226 0 
4 826.983 0.320702 0.0225318 0.665416 -0.637911 -1.64182 -2.60009 -4.00228 -820.38 0 
2 825.416 0.317106 0.022449 0.669545 -0.66614 -1.60377 -1.96797 -4.13169 -819.316 0 
2 825.094 0.32294 0.0225048 0.663666 -0.646522 -1.60513 -0.803569 -3.9186 -820.372 0 
2 825.657 0.319285 0.0226468 0.667963 -0.65708 -1.59635 -1.92527 -4.00046 -819.732 0 
2 826.417 0.319674 0.0226481 0.66747 -0.642194 -1.66088 -2.37346 -4.02003 -820.023 0 
1 826.906 0.319681 0.0226932 0.667612 -0.641235 -1.66243 -2.83094 -4.01989 -820.055 0 
1 824.566 0.324274 0.0225056 0.664515 -0.643565 -1.73283 -0.617099 -4.0092 -819.94 0 
1 828.975 0.324622 0.0226932 0.664253 -0.636096 -1.7312 -4.74252 -3.94874 -820.284 0 
1 828.046 0.318512 0.022675 0.672375 -0.675585 -1.72455 -4.7072 -4.44474 -818.894 0 
3 825.243 0.314996 0.0225809 0.67459 -0.666776 -1.79768 -1.6511 -4.70011 -818.891 0 
1 824.719 0.320994 0.0224286 0.667683 -0.645674 -1.84774 -1.13721 -4.31585 -819.266 0 
1 824.154 0.31811 0.0223928 0.668944 -0.641464 -1.83629 -0.536679 -4.31546 -819.302 0 
10 823.863 0.319992 0.022402 0.667162 -0.643209 -1.77037 -0.234206 -4.0854 -819.543 0 
1 824.626 0.325544 0.0224849 0.66307 -0.638701 -1.74389 -0.431449 -4.01979 -820.175 0 
1 825.271 0.323517 0.0224208 0.663765 -0.628983 -1.76683 -1.04037 -3.90713 -820.323 0 
10 825.799 0.325749 0.0224024 0.661024 -0.615814 -1.7854 -0.881915 -3.86187 -821.055 0 
4 826.953 0.329371 0.0224768 0.657224 -0.599659 -1.77807 -0.534978 -3.9207 -822.498 0 
1 827.234 0.330926 0.0224075 0.657325 -0.63075 -1.72269 -1.7099 -4.35121 -821.173 0 
2 825.084 0.328599 0.0223693 0.660074 -0.647154 -1.69664 -0.449994 -4.33441 -820.299 0 
1 825.758 0.32955 0.0223801 0.658356 -0.644502 -1.64449 -0.625552 -4.31208 -820.82 0 
2 825.475 0.328021 0.0222545 0.659241 -0.643376 -1.67997 -0.792447 -4.16347 -820.519 0 
1 825.034 0.322696 0.0222902 0.665336 -0.663339 -1.66811 -1.5098 -4.09115 -819.433 0 
1 825.056 0.318421 0.0223301 0.667227 -0.659392 -1.63163 -1.52493 -4.05987 -819.471 0 
5 823.663 0.317192 0.0223509 0.670807 -0.680051 -1.65752 -0.444897 -4.30225 -818.916 0 
3 824.265 0.313637 0.0222943 0.674494 -0.692504 -1.68064 -0.715821 -4.72646 -818.823 0 
1 824.297 0.312867 0.022348 0.674512 -0.684368 -1.70664 -0.652421 -4.79755 -818.847 0 
2 824.055 0.315861 0.0223491 0.674532 -0.693661 -1.74732 -0.317683 -4.93291 -818.804 0 
4 824.173 0.312609 0.0223592 0.677037 -0.698033 -1.74844 -0.0266869 -5.20421 -818.942 0 
5 824.361 0.321447 0.0224072 0.66885 -0.677956 -1.73837 -0.846636 -4.63235 -818.882 0 
6 824.043 0.320192 0.0224707 0.668079 -0.65009 -1.77811 -0.541963 -4.17401 -819.327 0 
3 825.848 0.31968 0.0226067 0.669117 -0.661326 -1.69741 -2.45765 -4.13214 -819.258 0 
1 824.62 0.316545 0.0225689 0.6703 -0.650709 -1.70208 -0.968381 -4.25314 -819.399 0 
2 825.806 0.322164 0.0225415 0.663369 -0.619799 -1.72087 -0.935982 -3.94684 -820.923 0 
3 825.888 0.316675 0.0223853 0.667414 -0.639071 -1.69218 -1.7891 -4.28689 -819.812 0 
2 826.081 0.318054 0.0226502 0.667916 -0.638657 -1.66287 -1.87659 -4.15832 -820.046 0 
8 827.877 0.3224 0.0226095 0.665508 -0.638723 -1.66873 -3.62646 -3.92029 -820.33 0 
1 825.981 0.323784 0.0225701 0.663164 -0.635103 -1.64845 -1.34101 -3.90377 -820.736 0 
3 825.961 0.315346 0.0225578 0.669652 -0.648752 -1.61791 -1.84118 -4.41521 -819.705 0 
4 824.654 0.31967 0.0223907 0.665773 -0.656838 -1.61286 -0.97712 -3.98377 -819.693 0 
6 825.272 0.312803 0.0224187 0.672747 -0.668767 -1.62815 -1.61478 -4.59043 -819.066 0 
2 825.262 0.310078 0.0223839 0.675036 -0.683994 -1.60184 -1.4654 -4.8985 -818.898 0 
1 826.411 0.311773 0.022275 0.674458 -0.698214 -1.6225 -2.77667 -4.79014 -818.845 0 
1 823.983 0.316929 0.0222967 0.671517 -0.693772 -1.62415 -0.769068 -4.4089 -818.805 0 
1 824.389 0.314425 0.022401 0.676264 -0.720965 -1.59132 -0.658058 -4.86619 -818.865 0 
1 823.667 0.315155 0.0224008 0.674899 -0.72595 -1.51872 -0.188435 -4.67657 -818.802 0 
2 825.761 0.328805 0.022484 0.660598 -0.669029 -1.54831 -1.05878 -4.53228 -820.17 0 
2 826.326 0.332459 0.0222779 0.659309 -0.693839 -1.54936 -0.827392 -5.99542 -819.503 0 
1 823.52 0.321807 0.02235 0.668355 -0.696779 -1.60812 -0.0931437 -4.58982 -818.837 0 
6 823.497 0.313831 0.0224251 0.673682 -0.695601 -1.57948 -0.219456 -4.45178 -818.826 0 
1 825.617 0.311718 0.0225238 0.674458 -0.677358 -1.57782 -1.94549 -4.6726 -818.999 0 
1 826.043 0.314641 0.0225283 0.670898 -0.673249 -1.51002 -2.39723 -4.32352 -819.322 0 
2 825.944 0.310897 0.022559 0.675168 -0.680429 -1.55156 -2.18981 -4.76889 -818.985 0 
1 826.726 0.307646 0.022567 0.676166 -0.674573 -1.53642 -2.19327 -5.48524 -819.048 0 
2 827.471 0.305034 0.0226225 0.679274 -0.67329 -1.59398 -2.31068 -6.16619 -818.994 0 
2 827.906 0.306054 0.0226048 0.677282 -0.668006 -1.55894 -2.7881 -6.03032 -819.088 0 
1 827.393 0.304499 0.0225733 0.679505 -0.682411 -1.56084 -2.30591 -6.12365 -818.964 0 
3 826.144 0.310557 0.0224489 0.673128 -0.677091 -1.51148 -2.19201 -4.84898 -819.103 0 
2 826.479 0.307389 0.0225603 0.676554 -0.684466 -1.48964 -2.10616 -5.38995 -818.983 0 
3 827.61 0.302268 0.0225903 0.682359 -0.698537 -1.51669 -2.11152 -6.47278 -819.025 0 
2 828.87 0.302364 0.0224409 0.681027 -0.687961 -1.58627 -3.18592 -6.64983 -819.035 0 
2 827.754 0.305419 0.0222508 0.67967 -0.715186 -1.5395 -3.08255 -5.55953 -819.112 0 
1 829.42 0.309272 0.0221834 0.674916 -0.696498 -1.5409 -5.63498 -4.91492 -818.87 0 
1 827.385 0.311548 0.0223633 0.671996 -0.677633 -1.55673 -3.71493 -4.64278 -819.027 0 
2 827.01 0.319343 0.0223164 0.664241 -0.664208 -1.50974 -3.16459 -3.98379 -819.861 0 
1 827.804 0.319333 0.02235 0.663502 -0.659529 -1.4852 -3.60451 -4.03073 -820.169 0 
3 825.195 0.316564 0.0223885 0.667884 -0.67364 -1.49392 -1.61974 -4.12409 -819.451 0 
2 824.714 0.320743 0.0223234 0.664817 -0.677023 -1.48883 -1.1497 -3.97545 -819.589 0 
1 824.258 0.316065 0.022265 0.670717 -0.707532 -1.48067 -1.20197 -4.23357 -818.822 0 
1 827.105 0.315444 0.0221527 0.673422 -0.733779 -1.47346 -3.66482 -4.63445 -818.805 0 
1 823.806 0.31266 0.0224395 0.675092 -0.713957 -1.47344 -0.572564 -4.42976 -818.804 0 
11 824.101 0.31071 0.0225036 0.677074 -0.722098 -1.43348 -0.70204 -4.56036 -818.838 0 
3 824.051 0.31428 0.0224647 0.672228 -0.709792 -1.4228 -0.98031 -4.21772 -818.853 0 
4 823.653 0.313854 0.0224148 0.672828 -0.705537 -1.46075 -0.529712 -4.27657 -818.847 0 
2 825.374 0.314001 0.0224035 0.676047 -0.734563 -1.4521 -1.97463 -4.5642 -818.835 0 
5 826.003 0.317949 0.0224677 0.672846 -0.725704 -1.44675 -2.84129 -4.42178 -818.74 0 
1 824.812 0.317088 0.0224206 0.669118 -0.688613 -1.45801 -1.55485 -4.06198 -819.195 0 
1 825.818 0.319767 0.0223581 0.66739 -0.693715 -1.44391 -2.56867 -4.02799 -819.222 0 
3 825.219 0.325355 0.0222368 0.661421 -0.678834 -1.50206 -1.2254 -4.23624 -819.758 0 
1 825.351 0.322372 0.0223312 0.665644 -0.684239 -1.5183 -1.91158 -4.09547 -819.344 0 
8 824.798 0.320713 0.0223256 0.666633 -0.681253 -1.54038 -1.48167 -4.04305 -819.274 0 
2 824.732 0.323128 0.0222947 0.664303 -0.678843 -1.53237 -1.14616 -4.09373 -819.492 0 
3 827.028 0.320109 0.0223894 0.668056 -0.680246 -1.55415 -3.75996 -4.03805 -819.23 0 
2 824.605 0.320527 0.0225087 0.667745 -0.683324 -1.50911 -1.27017 -4.022 -819.313 0 
4 824.504 0.319897 0.0224372 0.669394 -0.702773 -1.48601 -1.37675 -4.19568 -818.932 0 
1 824.531 0.321992 0.0225399 0.667424 -0.69019 -1.50613 -1.16807 -4.15308 -819.209 0 
2 824.034 0.321358 0.0225119 0.667813 -0.690338 -1.52836 -0.740467 -4.17828 -819.115 0 
4 823.981 0.318415 0.022348 0.672728 -0.725262 -1.55757 -0.280972 -4.95961 -818.74 0 
1 826.025 0.317102 0.0221907 0.675282 -0.760767 -1.51223 -0.904387 -5.92688 -819.194 0 
1 825.085 0.319538 0.0224002 0.672084 -0.72409 -1.57297 -1.23046 -5.13555 -818.719 0 
1 827.382 0.319617 0.022318 0.673575 -0.747684 -1.5761 -2.24777 -6.19161 -818.943 0 
1 827.952 0.323399 0.0220867 0.668609 -0.74331 -1.56311 -2.73655 -6.50142 -818.714 0 
1 828.058 0.329132 0.0221774 0.662284 -0.709961 -1.57768 -3.04576 -6.15226 -818.86 0 
1 826.143 0.326272 0.0221634 0.663271 -0.696479 -1.59845 -2.04844 -5.12254 -818.972 0 
3 823.956 0.323899 0.0222926 0.664526 -0.681378 -1.59513 -0.368234 -4.35275 -819.235 0 
1 823.98 0.316345 0.0223324 0.669961 -0.687836 -1.55484 -0.827936 -4.19242 -818.96 0 
5 824.723 0.311792 0.0222731 0.675542 -0.707359 -1.58546 -1.13119 -4.74138 -818.85 0 
8 824.326 0.312821 0.0222985 0.673881 -0.699987 -1.57607 -0.949605 -4.55908 -818.818 0 
2 823.852 0.321539 0.0223848 0.667401 -0.681222 -1.60111 -0.541481 -4.18501 -819.126 0 
2 825.156 0.327847 0.022197 0.662527 -0.676009 -1.68148 -0.964533 -4.91482 -819.277 0 
4 825.886 0.325382 0.0223924 0.667713 -0.699529 -1.66946 -1.77613 -5.34781 -818.762 0 
4 826.06 0.324552 0.0223404 0.668292 -0.69912 -1.6824 -2.07009 -5.2502 -818.74 0 
17 824.459 0.321301 0.0223981 0.669759 -0.705816 -1.61419 -0.851163 -4.87544 -818.732 0 
1 824.225 0.320377 0.02237 0.670826 -0.719399 -1.56366 -0.542763 -4.9799 -818.702 0 
6 824.248 0.326172 0.0223347 0.664581 -0.694821 -1.56551 -0.322752 -4.83281 -819.093 0 
5 825.892 0.328687 0.0224378 0.663439 -0.697211 -1.53526 -1.4445 -5.20477 -819.243 0 
1 825.817 0.331593 0.0222963 0.660425 -0.688795 -1.58314 -0.670626 -5.67527 -819.471 0 
4 826.488 0.330319 0.0224554 0.661591 -0.684438 -1.55023 -1.68456 -5.12827 -819.675 0 
2 825.683 0.324154 0.0223533 0.667578 -0.70188 -1.59051 -2.00264 -4.84168 -818.839 0 
5 825.094 0.327126 0.0223593 0.664182 -0.701291 -1.51551 -0.987124 -4.97646 -819.131 0 
5 824.631 0.325722 0.0223315 0.662758 -0.674835 -1.55052 -0.672375 -4.25178 -819.707 0 
3 825.8 0.316223 0.0222766 0.668619 -0.676881 -1.54594 -2.46504 -4.14689 -819.188 0 
2 828.578 0.312272 0.0222793 0.673893 -0.703865 -1.48596 -5.29708 -4.4444 -818.837 0 
1 829.75 0.309849 0.0222512 0.675007 -0.697062 -1.51331 -6.07887 -4.80272 -818.868 0 
1 828.926 0.304688 0.0224567 0.680205 -0.705841 -1.46108 -4.25873 -5.7285 -818.939 0 
3 827.152 0.302865 0.0224694 0.681552 -0.713812 -1.44599 -2.08741 -6.02449 -819.04 0 
2 827.491 0.300528 0.022598 0.685573 -0.73023 -1.41611 -1.71001 -6.41749 -819.364 0 
10 827.689 0.30106 0.0225533 0.684442 -0.724878 -1.41551 -2.11271 -6.35306 -819.223 0 
1 828.092 0.300237 0.0226162 0.685826 -0.730624 -1.39688 -2.26837 -6.48862 -819.335 0 
2 828.949 0.299065 0.0226731 0.68912 -0.74412 -1.44711 -2.19874 -6.75012 -820 0 
1 828.674 0.299321 0.0226006 0.688657 -0.749342 -1.44801 -1.84392 -6.6616 -820.169 0 
1 824.939 0.307108 0.0224932 0.680185 -0.732877 -1.43245 -0.831249 -5.03959 -819.069 0 
2 826.361 0.304035 0.0225896 0.684691 -0.737694 -1.47175 -1.22474 -5.66903 -819.467 0 
2 826.004 0.303977 0.0225642 0.682834 -0.726999 -1.45358 -1.17688 -5.63954 -819.187 0 
1 825.37 0.305886 0.0225078 0.681039 -0.723299 -1.48298 -0.944626 -5.33585 -819.09 0 
4 824.752 0.308807 0.0225206 0.676699 -0.710904 -1.40895 -1.11328 -4.78071 -818.858 0 
3 823.885 0.316179 0.0225309 0.671703 -0.706808 -1.42478 -0.85309 -4.12334 -818.909 0 
1 824.724 0.309788 0.0223933 0.675767 -0.72346 -1.38726 -1.30284 -4.5798 -818.841 0 
6 824.88 0.306954 0.0224569 0.67986 -0.736945 -1.3969 -0.825502 -4.98843 -819.066 0 
3 823.528 0.312709 0.0223638 0.675167 -0.726811 -1.45235 -0.190367 -4.5152 -818.822 0 
1 824.828 0.307802 0.022524 0.678416 -0.710851 -1.46166 -0.95185 -4.99461 -818.882 0 
2 826.93 0.311338 0.0226845 0.67759 -0.716784 -1.4297 -3.63723 -4.47433 -818.819 0 
1 824.871 0.312042 0.0224555 0.673192 -0.696944 -1.43762 -1.47533 -4.44286 -818.953 0 
2 826.196 0.320327 0.0224327 0.66335 -0.663008 -1.44608 -1.85846 -4.03036 -820.307 0 
2 826.058 0.324179 0.022519 0.661475 -0.6595 -1.47594 -1.42279 -4.01061 -820.624 0 
3 825.688 0.32182 0.0223684 0.66609 -0.708322 -1.43462 -2.32368 -4.36116 -819.003 0 
1 825.28 0.326158 0.0222843 0.663457 -0.717113 -1.41853 -1.18336 -5.07567 -819.021 0 
2 823.947 0.323473 0.0224031 0.666407 -0.718129 -1.38665 -0.404393 -4.55252 -818.99 0 
3 824.421 0.324282 0.0224901 0.664805 -0.712061 -1.32572 -0.645068 -4.41997 -819.356 0 
1 824.151 0.324532 0.0224298 0.664943 -0.72709 -1.29545 -0.336718 -4.71849 -819.096 0 
4 824.137 0.321997 0.0222899 0.668297 -0.761582 -1.22309 -0.356607 -5.03954 -818.741 0 
4 825.141 0.325763 0.0223111 0.665859 -0.755584 -1.25226 -0.740055 -5.61936 -818.782 0 
3 824.124 0.323218 0.0223234 0.666975 -0.752036 -1.2351 -0.339711 -4.98222 -818.802 0 
6 824.29 0.321131 0.0222863 0.666024 -0.742485 -1.20133 -0.903817 -4.44855 -818.938 0 
1 824.349 0.31827 0.0222975 0.670533 -0.762108 -1.18542 -1.10687 -4.47446 -818.768 0 
3 824.458 0.322388 0.0222758 0.668382 -0.779101 -1.15613 -0.239721 -5.46827 -818.75 0 
1 823.687 0.313686 0.0223657 0.674287 -0.774476 -1.12415 -0.507833 -4.30824 -818.871 0 
1 825.213 0.315151 0.0225028 0.67564 -0.7903 -1.09753 -1.65598 -4.59206 -818.965 0 
3 824.507 0.316763 0.0224133 0.674261 -0.802963 -1.06158 -0.483297 -4.99414 -819.029 0 
1 824.482 0.314681 0.0223762 0.674666 -0.793588 -1.10361 -0.714212 -4.72564 -819.042 0 
1 825.862 0.311543 0.0224201 0.680159 -0.81337 -1.11475 -1.0569 -5.04004 -819.765 0 
4 826.032 0.319187 0.0222792 0.672609 -0.815842 -1.07109 -0.910202 -5.96232 -819.159 0 
2 824.99 0.313226 0.0223627 0.675284 -0.79849 -1.06284 -1.25668 -4.61328 -819.12 0 
1 825.895 0.322062 0.0223185 0.666945 -0.785071 -1.03494 -1.82456 -5.26024 -818.81 0 
1 824.834 0.323559 0.0223711 0.665711 -0.780734 -1.00803 -0.615157 -5.32727 -818.891 0 
2 824.721 0.31567 0.0222091 0.67278 -0.803596 -1.02016 -0.946215 -4.75366 -819.021 0 
1 826.182 0.317395 0.022194 0.670949 -0.800464 -1.04081 -2.2443 -4.99471 -818.943 0 
2 825.361 0.313392 0.0222096 0.674625 -0.807649 -1.02808 -1.43705 -4.70755 -819.217 0 
4 825.186 0.320298 0.0222035 0.668007 -0.787213 -1.01019 -1.48558 -4.88108 -818.82 0 
1 825.098 0.32428 0.0222217 0.66472 -0.782834 -0.999404 -0.733189 -5.46505 -818.9 0 
1 824.481 0.320668 0.0222906 0.668278 -0.787663 -0.997441 -0.734554 -4.91788 -818.828 0 
1 824.246 0.319852 0.022266 0.668831 -0.799569 -0.960102 -0.360238 -5.03862 -818.847 0 
2 824.184 0.317247 0.0223402 0.672667 -0.822231 -0.900811 -0.0401181 -5.07615 -819.067 0 
4 823.948 0.31593 0.0223462 0.672367 -0.810569 -0.91509 -0.29616 -4.67346 -818.978 0 
1 824.161 0.315165 0.0223111 0.673493 -0.804436 -0.973683 -0.599801 -4.57039 -818.991 0 
3 824.676 0.315569 0.0223331 0.673833 -0.80864 -0.964887 -0.989355 -4.66542 -819.021 0 
1 824.036 0.311983 0.0223277 0.675864 -0.807408 -0.965993 -0.465149 -4.41468 -819.156 0 
1 825.322 0.317913 0.0222901 0.672373 -0.810317 -0.980166 -1.3058 -5.03779 -818.978 0 
1 823.985 0.317803 0.0223146 0.670255 -0.781777 -1.02904 -0.668304 -4.49659 -818.82 0 
4 824.421 0.310352 0.0224975 0.675189 -0.773629 -0.994477 -1.2881 -4.25225 -818.881 0 
1 825.015 0.312554 0.0224474 0.672394 -0.778171 -0.955018 -1.96209 -4.17666 -818.876 0 
1 823.811 0.315214 0.0225385 0.672094 -0.777641 -0.983533 -0.726374 -4.22874 -818.856 0 
3 823.971 0.315001 0.0223954 0.670886 -0.776389 -0.983916 -0.898147 -4.21366 -818.859 0 
1 823.912 0.311785 0.0223934 0.676606 -0.80478 -1.00837 -0.225042 -4.48483 -819.202 0 
1 824.686 0.310725 0.0223027 0.676939 -0.816917 -0.951717 -0.77143 -4.518 -819.397 0 
1 825.378 0.306377 0.0223189 0.681458 -0.830256 -0.921204 -0.72679 -4.61019 -820.041 0 
1 824.772 0.307827 0.0223943 0.678457 -0.814154 -0.898429 -1.03861 -4.36265 -819.371 0 
3 823.955 0.313051 0.0223504 0.674246 -0.812672 -0.872116 -0.531109 -4.37387 -819.05 0 
11 824.346 0.317611 0.0222947 0.671593 -0.829285 -0.832453 -0.132331 -5.14309 -819.07 0 
2 824.278 0.31432 0.0223568 0.674885 -0.840105 -0.802103 -0.0414698 -4.87938 -819.357 0 
6 825.245 0.3127 0.0222938 0.676776 -0.832078 -0.894693 -1.0049 -4.74485 -819.495 0 
1 824.858 0.32013 0.0222821 0.669767 -0.819219 -0.875093 -0.54632 -5.3808 -818.931 0 
2 825.928 0.317475 0.0222616 0.674225 -0.849205 -0.871007 -0.433625 -5.93483 -819.559 0 
1 825.142 0.312779 0.0222335 0.67549 -0.835214 -0.862462 -0.885663 -4.77469 -819.482 0 
5 827.069 0.308111 0.0221727 0.68019 -0.853584 -0.853932 -1.71651 -4.87231 -820.48 0 
2 828.286 0.309731 0.0222224 0.675814 -0.836827 -0.78171 -4.35293 -4.43241 -819.501 0 
4 830.315 0.309233 0.0221748 0.677508 -0.854287 -0.784088 -5.47007 -4.75954 -820.085 0 
1 830.556 0.31764 0.022284 0.668929 -0.838533 -0.688509 -6.31601 -5.17595 -819.064 0 
1 830.955 0.322483 0.0224182 0.668597 -0.854366 -0.695278 -5.07679 -6.76405 -819.114 0 
2 826.425 0.314576 0.022292 0.674857 -0.861219 -0.734896 -1.36855 -5.35203 -819.704 0 
1 825.636 0.317904 0.0223546 0.672015 -0.849333 -0.74081 -0.817425 -5.56903 -819.25 0 
1 826.564 0.311889 0.022383 0.675976 -0.848599 -0.737825 -2.32393 -4.6911 -819.549 0 
5 827.107 0.308451 0.0224995 0.679385 -0.855055 -0.704004 -2.72973 -4.49881 -819.878 0 
1 825.563 0.312445 0.0224168 0.673551 -0.827844 -0.727998 -2.057 -4.39738 -819.108 0 
5 826.241 0.31105 0.0224858 0.672258 -0.811465 -0.669867 -2.82577 -4.39802 -819.018 0 
2 825.332 0.308362 0.022549 0.675816 -0.820857 -0.654803 -1.83507 -4.41043 -819.087 0 
1 825.986 0.307857 0.0226285 0.676286 -0.812598 -0.67257 -2.43268 -4.5091 -819.044 0 
8 825.698 0.303777 0.0224427 0.683755 -0.867805 -0.657029 -0.587168 -4.51256 -820.598 0 
1 827.391 0.300224 0.0223841 0.686479 -0.869113 -0.700636 -1.24153 -4.82298 -821.327 0 
1 827.314 0.298496 0.0225491 0.687743 -0.851094 -0.729026 -1.43049 -5.07663 -820.807 0 
1 828.767 0.298806 0.0226553 0.68735 -0.849824 -0.71084 -3.1445 -5.00571 -820.617 0 
1 827.21 0.31261 0.0226108 0.678341 -0.858701 -0.708104 -2.64677 -4.87152 -819.692 0 
2 825.793 0.312725 0.0225819 0.676378 -0.848062 -0.687898 -1.78478 -4.63536 -819.373 0 
1 825.88 0.309617 0.022653 0.676673 -0.823491 -0.708657 -2.46975 -4.28882 -819.121 0 
3 825.239 0.318038 0.0224482 0.668177 -0.819339 -0.672419 -1.31815 -4.89254 -819.029 0 
2 828.269 0.318853 0.0223308 0.666075 -0.817087 -0.668556 -4.208 -5.00265 -819.058 0 
4 825.135 0.313386 0.0223735 0.673376 -0.84667 -0.601655 -1.33123 -4.60518 -819.199 0 
2 826.29 0.316217 0.0224005 0.667917 -0.82048 -0.56449 -2.23329 -4.8946 -819.162 0 
2 829.097 0.314795 0.0223868 0.667437 -0.801054 -0.603931 -4.93868 -4.8782 -819.28 0 
1 828.635 0.310704 0.0223622 0.671091 -0.813461 -0.598119 -4.93452 -4.62593 -819.075 0 
1 826.852 0.306349 0.0224119 0.676624 -0.829567 -0.629181 -3.18039 -4.45205 -819.22 0 
6 825.384 0.313123 0.0224675 0.670755 -0.812898 -0.636757 -1.80109 -4.5303 -819.053 0 
1 824.66 0.308884 0.0225127 0.677178 -0.848785 -0.586826 -0.914767 -4.36379 -819.381 0 
1 826.125 0.304363 0.0225743 0.682718 -0.861501 -0.632126 -1.52166 -4.42774 -820.176 0 
7 826.544 0.307991 0.0225234 0.677936 -0.843249 -0.663277 -2.75803 -4.32089 -819.465 0 
3 827.392 0.300911 0.0226085 0.683867 -0.846004 -0.642313 -2.68026 -4.74886 -819.963 0 
3 830.082 0.302538 0.0225757 0.679889 -0.833921 -0.605287 -5.93926 -4.7241 -819.418 0 
1 827.992 0.306669 0.0226161 0.675354 -0.805013 -0.62839 -4.02095 -4.91992 -819.051 0 
2 827.519 0.309581 0.0227353 0.673902 -0.801723 -0.636631 -3.70789 -4.73534 -819.076 0 
3 828.868 0.315152 0.022722 0.666931 -0.778059 -0.643062 -4.09328 -5.09647 -819.679 0 
2 825.823 0.317186 0.0226129 0.667715 -0.805192 -0.618988 -1.67369 -4.89269 -819.257 0 
1 826.206 0.321537 0.0225143 0.664926 -0.815412 -0.574091 -1.22856 -5.59499 -819.383 0 
1 825.31 0.314281 0.0224805 0.66991 -0.826145 -0.556964 -1.49443 -4.70992 -819.105 0 
2 825.773 0.310015 0.0224911 0.673756 -0.825546 -0.590432 -2.20131 -4.49066 -819.081 0 
1 825.807 0.303548 0.0224854 0.683205 -0.865217 -0.610703 -1.04676 -4.45827 -820.302 0 
1 826.52 0.304021 0.0223486 0.682871 -0.87699 -0.594188 -1.37154 -4.48288 -820.665 0 
2 826.442 0.304564 0.0223722 0.680035 -0.850346 -0.62964 -2.25264 -4.4118 -819.778 0 
2 824.403 0.309416 0.0224442 0.677223 -0.850207 -0.635619 -0.541216 -4.37823 -819.483 0 
6 824.361 0.316433 0.0223545 0.672048 -0.85061 -0.651753 -0.0519966 -5.10194 -819.207 0 
1 825.195 0.323276 0.0223409 0.664666 -0.823108 -0.659672 -0.196629 -5.88521 -819.113 0 
2 825.404 0.323072 0.0223332 0.664364 -0.829819 -0.606946 -0.26268 -5.99231 -819.149 0 
1 825.106 0.318536 0.022382 0.667322 -0.831336 -0.584368 -0.857057 -5.15503 -819.094 0 
1 825.397 0.318559 0.0224915 0.669126 -0.837248 -0.614016 -1.12889 -5.2117 -819.056 0 
3 824.643 0.316653 0.0225094 0.669523 -0.825823 -0.614895 -0.766522 -4.81715 -819.059 0 
1 826.949 0.309918 0.0224458 0.674776 -0.83271 -0.592965 -3.38028 -4.44071 -819.128 0 
7 826.615 0.308095 0.0223143 0.676401 -0.844343 -0.644859 -2.84938 -4.32325 -819.442 0 
2 826.548 0.313424 0.0225581 0.669534 -0.807409 -0.603352 -2.71291 -4.68167 -819.154 0 
2 825.201 0.312845 0.0224255 0.671713 -0.829197 -0.613152 -1.65143 -4.48454 -819.066 0 
2 824.809 0.30815 0.0225322 0.677339 -0.837651 -0.630501 -1.18773 -4.33889 -819.282 0 
5 824.959 0.308546 0.0225413 0.679655 -0.859668 -0.638078 -0.731249 -4.43159 -819.796 0 
2 826.925 0.303797 0.0227094 0.681551 -0.839184 -0.612184 -2.87254 -4.56873 -819.483 0 
7 825.533 0.306293 0.0224864 0.681291 -0.879318 -0.553171 -0.714981 -4.47054 -820.348 0 
6 826.202 0.304469 0.022561 0.683884 -0.881492 -0.574015 -0.989011 -4.49616 -820.716 0 
7 824.796 0.311107 0.0224692 0.67652 -0.869658 -0.516006 -0.609073 -4.60992 -819.577 0 
1 826.712 0.303915 0.0224681 0.682741 -0.879 -0.507744 -1.91499 -4.43037 -820.367 0 
1 828.65 0.300687 0.0223932 0.685757 -0.899989 -0.503246 -2.31061 -4.63163 -821.708 0 
2 829.069 0.298959 0.0223805 0.68531 -0.870247 -0.585556 -3.37823 -4.81485 -820.876 0 
2 828.452 0.298792 0.0224767 0.687982 -0.878304 -0.588903 -2.30206 -4.83357 -821.316 0 
1 831.51 0.301998 0.0226385 0.685895 -0.867597 -0.572701 -6.56136 -4.57069 -820.378 0 
2 829.231 0.303554 0.0227333 0.685242 -0.875517 -0.541288 -4.37804 -4.44604 -820.407 0 
2 831.665 0.304982 0.022608 0.683465 -0.867373 -0.566377 -7.17668 -4.41101 -820.077 0 
1 832.263 0.302252 0.0226475 0.687287 -0.88208 -0.565876 -6.77717 -4.53544 -820.95 0 
1 829.554 0.300362 0.0225473 0.690572 -0.9152 -0.549552 -1.59526 -4.92575 -823.033 0 
4 830.208 0.299373 0.0225011 0.691748 -0.911496 -0.611155 -1.64774 -5.10406 -823.457 0 
2 833.763 0.296898 0.0223677 0.694359 -0.928045 -0.590228 -3.27097 -5.43425 -825.058 0 
3 832.07 0.296817 0.0222939 0.693988 -0.930012 -0.615626 -0.924773 -5.643 -825.502 0 
2 830.921 0.30343 0.0222439 0.688546 -0.934901 -0.582175 -1.05728 -5.71109 -824.153 0 
2 829.254 0.312782 0.0221397 0.678772 -0.912246 -0.594537 -1.75171 -6.20819 -821.294 0 
1 828.107 0.30584 0.022243 0.684424 -0.914261 -0.592443 -0.419068 -5.30553 -822.382 0 
1 826.547 0.305428 0.0223688 0.683614 -0.897473 -0.58763 -0.275175 -4.82085 -821.451 0 
6 826.582 0.307517 0.0223557 0.682942 -0.895944 -0.627773 -0.216614 -5.03257 -821.333 0 
2 829.092 0.304785 0.0222601 0.686149 -0.918334 -0.630538 -0.40606 -5.57757 -823.108 0 
4 828.914 0.304051 0.022348 0.687028 -0.906007 -0.641617 -1.29254 -5.11352 -822.508 0 
2 827.577 0.303739 0.0224592 0.685912 -0.887725 -0.625217 -1.52956 -4.66199 -821.385 0 
6 825.6 0.305188 0.0224926 0.681773 -0.849236 -0.684919 -1.31693 -4.40128 -819.881 0 
2 825.115 0.304967 0.0224657 0.682304 -0.853122 -0.713566 -0.51633 -4.45432 -820.145 0 
2 825.446 0.304614 0.0224999 0.681501 -0.846202 -0.695458 -1.1584 -4.42165 -819.866 0 
1 825.578 0.314018 0.0224905 0.671354 -0.810769 -0.739833 -2.21925 -4.38648 -818.972 0 
3 824.538 0.31049 0.022564 0.676247 -0.829889 -0.689223 -1.06168 -4.32032 -819.156 0 
4 825.026 0.311368 0.0225883 0.673607 -0.820749 -0.63271 -1.54856 -4.43268 -819.045 0 
1 825.891 0.31356 0.0224849 0.670479 -0.817852 -0.628083 -2.32356 -4.51965 -819.048 0 
1 825.617 0.313459 0.0223466 0.671233 -0.827127 -0.658041 -2.10113 -4.47009 -819.046 0 
2 824.866 0.310173 0.0223714 0.675381 -0.837281 -0.679758 -1.25922 -4.3375 -819.269 0 
2 824.371 0.311223 0.0224996 0.676653 -0.849056 -0.661385 -0.471247 -4.4827 -819.417 0 
2 824.36 0.313665 0.0224986 0.674381 -0.842332 -0.674376 -0.532266 -4.62025 -819.208 0 
1 824.401 0.315491 0.0223952 0.673799 -0.852064 -0.687898 -0.0337003 -5.04697 -819.32 0 
1 826.024 0.315431 0.0224909 0.671515 -0.830894 -0.682402 -2.29534 -4.68591 -819.043 0 
1 826.758 0.315905 0.0223384 0.671066 -0.832747 -0.7347 -2.85827 -4.82699 -819.073 0 
1 824.139 0.31239 0.0224326 0.674578 -0.84603 -0.631575 -0.363407 -4.51891 -819.257 0 
1 826.144 0.310963 0.022349 0.674146 -0.842521 -0.637375 -2.48011 -4.40203 -819.262 0 
4 825.748 0.306194 0.0224574 0.677985 -0.837815 -0.629205 -1.99402 -4.38606 -819.368 0 
1 825.372 0.314416 0.0225896 0.670175 -0.80419 -0.671891 -1.75025 -4.54491 -819.077 0 
5 825.056 0.318127 0.0224671 0.666969 -0.81116 -0.626061 -0.923557 -4.94841 -819.184 0 
1 825.821 0.31395 0.0225717 0.669989 -0.812297 -0.585507 -1.93518 -4.73506 -819.151 0 
3 824.764 0.312738 0.0224268 0.672512 -0.838206 -0.592058 -1.12932 -4.51487 -819.12 0 
4 825.463 0.309426 0.0226124 0.675163 -0.826763 -0.603059 -1.93242 -4.4357 -819.095 0 
8 825.908 0.318454 0.0225904 0.669829 -0.834489 -0.586503 -1.67407 -5.15386 -819.08 0 
7 824.931 0.315992 0.0225554 0.672584 -0.84227 -0.628462 -0.958743 -4.86659 -819.105 0 
3 825.087 0.31383 0.0225531 0.67172 -0.82047 -0.62264 -1.47901 -4.55958 -819.048 0 
2 824.192 0.313001 0.0223895 0.674524 -0.846625 -0.660422 -0.315997 -4.59215 -819.284 0 
4 826.592 0.318476 0.0221601 0.66852 -0.843721 -0.654589 -2.19856 -5.31424 -819.08 0 
2 828.916 0.313461 0.0221039 0.674066 -0.870625 -0.608515 -4.23991 -4.99058 -819.686 0 
3 828.17 0.319804 0.022174 0.665383 -0.824797 -0.662371 -3.89077 -5.24314 -819.036 0 
2 828.266 0.315425 0.0222793 0.66869 -0.815647 -0.711193 -4.73945 -4.53912 -818.987 0 
2 830.462 0.310788 0.0220299 0.675409 -0.853888 -0.753746 -5.9148 -4.72025 -819.827 0 
3 830.647 0.313367 0.0220371 0.671669 -0.841807 -0.71334 -6.74643 -4.63369 -819.267 0 
2 829.042 0.311031 0.0221265 0.674163 -0.852778 -0.630132 -5.11937 -4.4801 -819.443 0 
2 828.207 0.30589 0.0222529 0.677968 -0.847269 -0.634619 -4.23027 -4.36068 -819.616 0 
1 825.746 0.312383 0.0222719 0.672754 -0.831375 -0.691714 -2.22045 -4.40644 -819.119 0 
1 825.696 0.313474 0.0222451 0.673883 -0.857948 -0.626947 -1.49363 -4.77907 -819.423 0 
2 827.575 0.312013 0.0221437 0.674471 -0.855584 -0.665038 -3.40357 -4.63956 -819.532 0 
3 825.656 0.315127 0.0222155 0.673968 -0.86463 -0.687627 -0.693515 -5.33457 -819.628 0 
1 827.119 0.311943 0.022216 0.677428 -0.872254 -0.680719 -2.02561 -5.01025 -820.083 0 
2 826.831 0.310848 0.0222473 0.678918 -0.876535 -0.685438 -1.45174 -5.01651 -820.363 0 
2 825.179 0.313818 0.0222778 0.674839 -0.862497 -0.655293 -0.641244 -4.96625 -819.572 0 
5 825.083 0.311534 0.0223236 0.676685 -0.864296 -0.635731 -0.677684 -4.69145 -819.714 0 
5 826.819 0.30778 0.0222895 0.676712 -0.852999 -0.598396 -2.91753 -4.34683 -819.554 0 
1 827.738 0.307169 0.0223717 0.677122 -0.851977 -0.531641 -3.88947 -4.4256 -819.423 0 
4 827.846 0.311589 0.0223126 0.674157 -0.856355 -0.525792 -3.97735 -4.55471 -819.314 0 
3 828.701 0.306979 0.0224217 0.677973 -0.859321 -0.490869 -4.736 -4.4589 -819.506 0 
2 827.391 0.307866 0.022442 0.677319 -0.860116 -0.483531 -3.46401 -4.45921 -819.467 0 
4 827.444 0.310222 0.0225343 0.675391 -0.84934 -0.493026 -3.65802 -4.55441 -819.232 0 
2 828.678 0.313686 0.0223187 0.669673 -0.831186 -0.522433 -4.79339 -4.76083 -819.124 0 
1 826.567 0.309551 0.022312 0.675356 -0.85809 -0.526116 -2.7008 -4.44012 -819.426 0 
3 825.207 0.313141 0.0222851 0.674222 -0.871154 -0.549758 -0.739989 -4.89204 -819.575 0 
3 824.693 0.318154 0.0223932 0.66966 -0.847023 -0.599736 -0.30189 -5.29087 -819.1 0 
1 824.495 0.309533 0.0224545 0.676754 -0.852187 -0.594363 -0.673147 -4.38805 -819.433 0 
4 824.56 0.312348 0.0223465 0.674584 -0.854117 -0.614522 -0.587033 -4.59696 -819.376 0 
1 826.201 0.315395 0.0222428 0.669996 -0.830145 -0.658369 -2.50572 -4.657 -819.038 0 
2 827.575 0.316309 0.0221428 0.670717 -0.845919 -0.668207 -3.42645 -4.9853 -819.163 0 
1 826.89 0.314222 0.0221339 0.673892 -0.860848 -0.70098 -2.15299 -5.11571 -819.622 0 
4 826.826 0.321001 0.0221222 0.668021 -0.844811 -0.734005 -1.72999 -6.02394 -819.072 0 
1 828.824 0.317853 0.0220494 0.671797 -0.8688 -0.701837 -3.20001 -6.02502 -819.599 0 
5 826.982 0.317255 0.0221215 0.671379 -0.859108 -0.689116 -2.05964 -5.54393 -819.378 0 
3 827.842 0.314246 0.0223278 0.676945 -0.868536 -0.707252 -2.69258 -5.28711 -819.863 0 
1 826.086 0.319411 0.0223245 0.671818 -0.859479 -0.695667 -0.791436 -5.99768 -819.297 0 
1 825.446 0.31559 0.0223562 0.674484 -0.844569 -0.768363 -1.10752 -5.02294 -819.315 0 
2 826.537 0.31062 0.0222434 0.679158 -0.872196 -0.764664 -0.712166 -5.25638 -820.569 0 
7 825.854 0.314738 0.0222606 0.675359 -0.858363 -0.790146 -0.60238 -5.47268 -819.779 0 
1 824.407 0.316173 0.0224263 0.672277 -0.83527 -0.73412 -0.432005 -4.88089 -819.094 0 
5 824.645 0.309929 0.0224227 0.677352 -0.837033 -0.770552 -0.771987 -4.40852 -819.465 0 
5 824.789 0.315088 0.0222721 0.67368 -0.848836 -0.733235 -0.424557 -5.00451 -819.36 0 
1 825.113 0.309268 0.0224257 0.680132 -0.861252 -0.717598 -0.415959 -4.62805 -820.069 0 
2 825.801 0.31211 0.0225448 0.677121 -0.845499 -0.692725 -1.9267 -4.51459 -819.36 0 
2 825.46 0.318118 0.0225732 0.670604 -0.812066 -0.75891 -1.73371 -4.76612 -818.961 0 
2 824.698 0.30876 0.0225375 0.676473 -0.816229 -0.744594 -1.30827 -4.29553 -819.095 0 
3 828.296 0.306494 0.0224028 0.67879 -0.837376 -0.749697 -4.29184 -4.36552 -819.639 0 
3 828.168 0.302378 0.0225879 0.682235 -0.836103 -0.697379 -3.81879 -4.62013 -819.729 0 
1 826.957 0.302765 0.022413 0.681297 -0.835799 -0.709286 -2.62917 -4.5973 -819.73 0 
1 826.054 0.307627 0.0224359 0.678293 -0.840631 -0.716897 -2.15969 -4.3378 -819.557 0 
9 824.629 0.312164 0.0224141 0.676108 -0.854423 -0.681479 -0.410142 -4.68424 -819.535 0 
5 824.601 0.310779 0.0224494 0.677457 -0.859698 -0.65006 -0.332882 -4.59075 -819.677 0 
3 824.739 0.309894 0.0225602 0.675643 -0.821748 -0.685605 -1.3327 -4.32905 -819.078 0 
4 825.079 0.306689 0.02253 0.678696 -0.831863 -0.679117 -1.39375 -4.36207 -819.323 0 
3 826.89 0.315458 0.0226056 0.671801 -0.814134 -0.683178 -3.30116 -4.57464 -819.014 0 
1 826.416 0.313847 0.0226991 0.673601 -0.825529 -0.638744 -2.85608 -4.52051 -819.039 0 
1 826.231 0.320179 0.022628 0.667756 -0.815593 -0.643081 -1.87308 -5.20855 -819.149 0 
3 826.515 0.318712 0.0226464 0.667027 -0.800129 -0.635386 -2.11904 -5.03673 -819.359 0 
3 825.974 0.319772 0.0225318 0.667402 -0.817995 -0.61764 -1.60512 -5.20276 -819.166 0 
5 827.284 0.313692 0.0225741 0.668601 -0.803387 -0.583403 -3.1933 -4.83025 -819.26 0 
1 829.964 0.311492 0.0224111 0.671652 -0.834122 -0.573756 -6.40321 -4.45273 -819.108 0 
1 828.866 0.303724 0.0223498 0.679058 -0.850588 -0.572753 -4.71308 -4.48142 -819.672 0 
6 829.097 0.297863 0.0225297 0.68782 -0.874611 -0.601295 -2.83723 -4.94227 -821.317 0 
1 829.325 0.300563 0.0225643 0.690176 -0.891658 -0.669971 -2.01558 -4.93331 -822.376 0 
1 828.438 0.300642 0.0224331 0.689961 -0.899751 -0.686493 -0.256214 -5.15876 -823.023 0 
2 826.041 0.304774 0.0223921 0.684093 -0.882169 -0.664022 -0.128089 -4.7201 -821.193 0 
3 825.293 0.310705 0.0223751 0.679234 -0.872316 -0.683066 -0.183802 -4.90354 -820.205 0 
1 826.034 0.309674 0.0222452 0.678452 -0.854302 -0.756346 -1.47671 -4.61681 -819.94 0 
2 824.71 0.308882 0.0223938 0.676575 -0.821541 -0.779234 -1.21732 -4.27846 -819.214 0 
2 825.202 0.304843 0.0225097 0.680838 -0.811482 -0.858862 -1.29033 -4.52601 -819.385 0 
1 825.099 0.312298 0.0225683 0.675686 -0.819296 -0.77555 -1.71901 -4.32434 -819.056 0 
5 825.58 0.306101 0.0226385 0.680309 -0.826077 -0.749169 -1.83077 -4.37096 -819.379 0 
1 824.136 0.31177 0.0224435 0.676738 -0.834921 -0.802155 -0.227733 -4.52429 -819.384 0 
1 825.711 0.31577 0.0225186 0.67155 -0.807079 -0.831384 -2.29321 -4.49231 -818.926 0 
4 826.193 0.308908 0.022323 0.676491 -0.82475 -0.808201 -2.54652 -4.31522 -819.331 0 
1 825.541 0.311334 0.0222381 0.675472 -0.829963 -0.81372 -1.78808 -4.42834 -819.325 0 
9 828.035 0.308706 0.0221957 0.675516 -0.812997 -0.841864 -4.5735 -4.28083 -819.181 0 
3 827.469 0.3098 0.0222358 0.673876 -0.794098 -0.899232 -4.2568 -4.24209 -818.97 0 
1 826.512 0.307828 0.0223034 0.676204 -0.78903 -0.958491 -3.12492 -4.35402 -819.034 0 
1 826.635 0.311741 0.0225138 0.670708 -0.755579 -0.940913 -3.1805 -4.39452 -819.06 0 
1 827.929 0.311942 0.0224463 0.67215 -0.769613 -0.906462 -4.61353 -4.35385 -818.962 0 
1 827.639 0.302585 0.0224498 0.680853 -0.804512 -0.868373 -3.42318 -4.83378 -819.382 0 
2 826.389 0.307072 0.0223987 0.676229 -0.788019 -0.890278 -2.9447 -4.465 -818.979 0 
1 826.242 0.310043 0.0225156 0.672612 -0.760822 -0.939998 -2.82485 -4.45311 -818.964 0 
1 826.572 0.311428 0.0226456 0.671814 -0.750274 -0.966847 -3.0576 -4.43953 -819.075 0 
2 824.845 0.314733 0.0226074 0.67067 -0.759806 -0.974136 -1.63722 -4.20245 -819.005 0 
1 825.077 0.316279 0.0226414 0.670956 -0.777883 -0.916875 -1.84732 -4.29173 -818.938 0 
4 825.559 0.312738 0.0226103 0.673364 -0.786199 -0.89996 -2.46162 -4.20098 -818.896 0 
1 826.131 0.315538 0.0225327 0.669966 -0.780897 -0.892801 -2.91814 -4.27452 -818.938 0 
1 823.657 0.316515 0.0223439 0.670815 -0.794224 -0.938399 -0.326179 -4.46298 -818.868 0 
3 824.389 0.316936 0.0222677 0.671985 -0.819198 -0.908672 -0.355987 -4.98762 -819.046 0 
3 825.667 0.316751 0.0222459 0.671817 -0.828492 -0.863547 -1.41631 -5.11979 -819.131 0 
1 827.823 0.315996 0.0221072 0.671045 -0.818673 -0.909905 -3.86149 -4.8859 -819.075 0 
1 826.962 0.320773 0.0221427 0.668079 -0.825119 -0.869762 -2.22546 -5.77222 -818.964 0 
6 826.816 0.322379 0.0222186 0.669711 -0.834015 -0.935413 -0.946297 -6.77538 -819.094 0 
4 827.733 0.311241 0.0221196 0.676405 -0.83534 -0.915867 -3.11104 -4.85642 -819.766 0 
3 827.393 0.315495 0.022113 0.674322 -0.844911 -0.912922 -2.00721 -5.67379 -819.712 0 
5 827.258 0.318155 0.0220658 0.670789 -0.822475 -0.953415 -2.71091 -5.43425 -819.112 0 
1 825.8 0.32094 0.0221584 0.668693 -0.823277 -0.889057 -1.0992 -5.7471 -818.954 0 
2 824.832 0.317012 0.0222646 0.671536 -0.82039 -0.890641 -0.797377 -4.997 -819.038 0 
2 824.22 0.314677 0.0224486 0.671035 -0.793646 -0.854056 -1.01076 -4.29656 -818.912 0 
2 824.241 0.314391 0.0225216 0.672506 -0.792529 -0.869351 -1.0618 -4.27491 -818.904 0 
1 824.336 0.309694 0.0223909 0.678915 -0.835839 -0.856567 -0.0813737 -4.55466 -819.7 0 
1 825.269 0.311578 0.0223728 0.679165 -0.852507 -0.844928 -0.182302 -5.03698 -820.05 0 
3 824.891 0.315962 0.0222489 0.673744 -0.837332 -0.856265 -0.386139 -5.18027 -819.325 0 
1 824.329 0.321253 0.0224691 0.667635 -0.791931 -0.889425 -0.416445 -4.96969 -818.943 0 
1 823.865 0.316675 0.0225027 0.671432 -0.79062 -0.942099 -0.570005 -4.43379 -818.862 0 
2 824.148 0.311138 0.0225683 0.675408 -0.781724 -0.97456 -1.04727 -4.20458 -818.896 0 
5 823.738 0.314575 0.0225128 0.673756 -0.78299 -1.03273 -0.576685 -4.30216 -818.859 0 
1 824.44 0.318468 0.0224285 0.66801 -0.765822 -1.01644 -1.15662 -4.35141 -818.932 0 
1 824.437 0.318974 0.0223521 0.667117 -0.762801 -0.998267 -1.05477 -4.35964 -819.023 0 
1 825.564 0.320527 0.0222402 0.66535 -0.761877 -1.04083 -2.06179 -4.51736 -818.985 0 
2 826.182 0.321092 0.0222943 0.664605 -0.764705 -0.992981 -2.49608 -4.61331 -819.073 0 
2 824.772 0.319114 0.0225059 0.666477 -0.753523 -0.992842 -1.2203 -4.33809 -819.213 0 
3 825.09 0.318382 0.0224084 0.666991 -0.766676 -0.961084 -1.69923 -4.35778 -819.033 0 
1 825.221 0.325124 0.0224129 0.665487 -0.787845 -0.960786 -0.579019 -5.70551 -818.937 0 
1 826.878 0.329112 0.0222709 0.662699 -0.802585 -0.943826 -0.661183 -7.30746 -818.909 0 
8 826.793 0.331626 0.0223441 0.659115 -0.77383 -0.96558 -0.290513 -7.0407 -819.461 0 
2 825.928 0.32741 0.022354 0.663418 -0.782106 -0.979195 -0.78761 -6.10005 -819.04 0 
4 824.645 0.320822 0.0223194 0.668324 -0.785215 -1.00341 -0.923685 -4.88941 -818.832 0 
3 825.958 0.321587 0.0224347 0.67053 -0.802612 -1.01513 -1.55793 -5.56158 -818.839 0 
2 824.797 0.317278 0.0225627 0.668766 -0.756788 -1.0096 -1.53561 -4.22183 -819.04 0 
5 824.023 0.315224 0.022533 0.671472 -0.767787 -0.995984 -0.94448 -4.18503 -818.893 0 
3 824.053 0.312087 0.0224161 0.674969 -0.796281 -0.975783 -0.756233 -4.30006 -818.997 0 
2 824.973 0.310496 0.022416 0.676976 -0.807138 -0.97036 -1.32755 -4.40945 -819.236 0 
5 825.189 0.308156 0.0222942 0.680013 -0.82844 -0.95091 -0.581898 -4.67259 -819.934 0 
1 825.258 0.311676 0.022269 0.678097 -0.828203 -1.00464 -0.391146 -5.04412 -819.823 0 
2 826.57 0.309772 0.0221793 0.679574 -0.830769 -1.03534 -1.19701 -5.14386 -820.229 0 
2 825.501 0.314629 0.0222909 0.675846 -0.819163 -1.0517 -0.740601 -5.2847 -819.475 0 
1 826.435 0.311309 0.0222201 0.677866 -0.819414 -1.06835 -1.54745 -5.08027 -819.807 0 
1 827.304 0.311757 0.0222852 0.678176 -0.811819 -1.13924 -2.2577 -5.25691 -819.79 0 
5 825.86 0.309253 0.0223093 0.679598 -0.804496 -1.13755 -1.1815 -4.91372 -819.765 0 
1 826.913 0.309642 0.0221837 0.676831 -0.785875 -1.15512 -3.04509 -4.59 -819.278 0 
2 828.088 0.306241 0.0221862 0.678903 -0.797039 -1.05114 -4.01007 -4.59761 -819.48 0 
2 827.883 0.306903 0.0221384 0.681135 -0.83112 -1.00466 -2.56182 -4.91593 -820.405 0 
5 828.04 0.315743 0.0220362 0.673163 -0.82184 -1.01499 -3.36786 -5.30773 -819.364 0 
3 828.887 0.312446 0.0221263 0.678947 -0.850101 -0.974779 -2.80148 -5.64397 -820.442 0 
3 827.652 0.309479 0.0221974 0.681938 -0.858704 -0.960247 -0.907556 -5.62072 -821.123 0 
2 827.694 0.307572 0.0222396 0.683258 -0.852633 -1.00787 -0.70839 -5.6231 -821.363 0 
1 825.87 0.310754 0.022348 0.680795 -0.837581 -1.01328 -0.302192 -5.27377 -820.294 0 
13 826.386 0.310454 0.0224766 0.680762 -0.821194 -1.06952 -1.36669 -5.06798 -819.951 0 
1 825.643 0.316665 0.0222885 0.674974 -0.82323 -1.05088 -0.509225 -5.69688 -819.437 0 
8 825.235 0.315763 0.0222783 0.675735 -0.815763 -1.09844 -0.297636 -5.49453 -819.443 0 
1 826.815 0.313222 0.0224424 0.679687 -0.817456 -1.14077 -1.48199 -5.4811 -819.852 0 
5 825.867 0.321449 0.0224331 0.669666 -0.784225 -1.11728 -1.71975 -5.37246 -818.774 0 
2 825.517 0.322196 0.0222998 0.667499 -0.778898 -1.11574 -1.41249 -5.33703 -818.767 0 
2 825.85 0.325081 0.022141 0.665449 -0.778287 -1.14899 -1.14115 -5.9608 -818.748 0 
4 824.673 0.321313 0.0221979 0.668295 -0.779439 -1.13524 -0.706155 -5.20303 -818.764 0 
1 824.226 0.314771 0.0222955 0.674668 -0.790063 -1.12456 -0.548809 -4.65931 -819.017 0 
3 824.119 0.31931 0.0222628 0.670054 -0.762984 -1.21878 -0.664999 -4.70316 -818.751 0 
1 826.297 0.329846 0.0222619 0.657523 -0.716878 -1.19972 -0.814183 -5.33034 -820.152 0 
1 827.291 0.33065 0.0224518 0.656322 -0.687015 -1.23591 -0.738058 -5.08986 -821.463 0 
5 827.208 0.324763 0.022573 0.664969 -0.720088 -1.24251 -3.21981 -4.51677 -819.471 0 
6 826.803 0.323279 0.0225684 0.66742 -0.738556 -1.22115 -3.17025 -4.60965 -819.024 0 
4 825.095 0.324492 0.0223939 0.666594 -0.749988 -1.23486 -1.12885 -5.11646 -818.849 0 
2 824.073 0.322653 0.0224174 0.666645 -0.732851 -1.26517 -0.571158 -4.50764 -818.994 0 
4 825.271 0.318301 0.0225211 0.67275 -0.755606 -1.26464 -1.96726 -4.55488 -818.749 0 
2 825.014 0.314856 0.0225781 0.675032 -0.752952 -1.25404 -1.91933 -4.30416 -818.791 0 
2 824.613 0.31691 0.0226129 0.671053 -0.732469 -1.22656 -1.5914 -4.09364 -818.928 0 
1 824.157 0.314792 0.02251 0.670395 -0.725773 -1.20292 -1.00924 -4.11845 -819.029 0 
2 825.469 0.320012 0.0223987 0.666968 -0.730746 -1.18571 -2.12649 -4.18515 -819.157 0 
1 823.781 0.314772 0.0223692 0.671187 -0.749578 -1.162 -0.819943 -4.13597 -818.825 0 
1 823.317 0.316744 0.0223891 0.670438 -0.759539 -1.12483 -0.261572 -4.24081 -818.815 0 
3 824.194 0.317123 0.0225246 0.670904 -0.757832 -1.13298 -1.11802 -4.25772 -818.818 0 
1 823.939 0.318362 0.0224069 0.669701 -0.764976 -1.12147 -0.692331 -4.44756 -818.799 0 
2 823.608 0.320002 0.0224016 0.667293 -0.754307 -1.10129 -0.2649 -4.39409 -818.949 0 
5 823.524 0.31944 0.0223803 0.668287 -0.757388 -1.10822 -0.262018 -4.37731 -818.885 0 
5 823.687 0.315714 0.0225296 0.671906 -0.765903 -1.06827 -0.652553 -4.20298 -818.831 0 
1 823.812 0.310713 0.0223982 0.677045 -0.783309 -1.09884 -0.403856 -4.35915 -819.049 0 
5 823.506 0.317949 0.0224849 0.669926 -0.756249 -1.12263 -0.386817 -4.26899 -818.85 0 
1 823.592 0.311861 0.0224902 0.674907 -0.763148 -1.11688 -0.541354 -4.20888 -818.842 0 
3 823.52 0.317929 0.0224889 0.669684 -0.760411 -1.07459 -0.366732 -4.27191 -818.882 0 
2 823.796 0.316978 0.0223544 0.669589 -0.756066 -1.10674 -0.740371 -4.19422 -818.861 0 
8 823.874 0.315163 0.0223264 0.674234 -0.799859 -1.04757 -0.161881 -4.6842 -819.027 0 
2 824.627 0.321788 0.022321 0.668594 -0.777183 -1.11081 -0.759247 -5.09409 -818.774 0 
1 825.542 0.321984 0.0221828 0.66901 -0.780178 -1.1938 -1.22993 -5.55147 -818.76 0 
2 828.511 0.325021 0.0220611 0.667678 -0.803893 -1.18324 -2.21238 -7.41617 -818.882 0 
5 827.846 0.323603 0.0220849 0.669031 -0.806152 -1.17506 -1.80673 -7.07928 -818.96 0 
1 827.124 0.322745 0.0220851 0.668772 -0.806537 -1.10915 -1.75763 -6.45561 -818.91 0 
5 826.817 0.325487 0.0221831 0.667341 -0.797822 -1.14797 -1.08654 -6.95065 -818.779 0 
1 827.314 0.322828 0.0222573 0.665015 -0.761046 -1.13781 -3.44925 -5.00584 -818.859 0 
4 828.051 0.32033 0.0223826 0.666704 -0.763548 -1.07875 -4.57237 -4.59385 -818.885 0 
1 824.84 0.316412 0.0224655 0.670447 -0.76758 -1.05731 -1.74839 -4.25524 -818.836 0 
4 823.806 0.312856 0.0225058 0.675472 -0.802021 -0.942767 -0.470502 -4.33233 -819.003 0 
1 826.141 0.309568 0.0225813 0.680649 -0.83029 -0.880004 -2.02797 -4.49108 -819.622 0 
1 825.901 0.306916 0.0226812 0.680302 -0.810714 -0.851673 -2.30034 -4.35941 -819.241 0 
5 827.107 0.304599 0.0226641 0.680229 -0.795647 -0.836741 -3.26768 -4.76306 -819.076 0 
1 826.374 0.310013 0.0225408 0.672584 -0.765263 -0.885317 -2.8155 -4.55131 -819.007 0 
3 825.189 0.313101 0.0222907 0.673874 -0.800203 -0.939288 -1.91401 -4.30378 -818.972 0 
2 826.601 0.307229 0.0224386 0.675549 -0.765301 -0.99004 -3.10434 -4.59604 -818.9 0 
2 827.924 0.304276 0.0224221 0.678109 -0.762505 -1.04352 -3.94069 -5.02197 -818.961 0 
1 826.072 0.304691 0.0224498 0.679943 -0.780331 -1.04652 -2.1439 -4.74372 -819.185 0 
1 825.859 0.31082 0.0224523 0.674358 -0.772836 -1.03893 -2.76586 -4.21548 -818.878 0 
3 824.631 0.316734 0.0224222 0.668258 -0.753587 -1.03803 -1.4466 -4.17516 -819.009 0 
3 823.758 0.312916 0.0224236 0.673202 -0.779282 -1.00033 -0.703934 -4.19004 -818.864 0 
2 824.236 0.314523 0.0222889 0.672995 -0.792904 -1.03195 -0.827167 -4.46875 -818.94 0 
3 825.05 0.319992 0.0222178 0.670216 -0.812868 -0.972467 -0.639484 -5.47498 -818.935 0 
3 826.24 0.315025 0.022209 0.676263 -0.8399 -0.96341 -0.898548 -5.57473 -819.766 0 
3 825.951 0.312667 0.0221758 0.676774 -0.834342 -0.952076 -1.15243 -5.05302 -819.745 0 
5 823.735 0.316422 0.0223561 0.6715 -0.793411 -0.959998 -0.411107 -4.45913 -818.865 0 
2 823.653 0.313261 0.0224221 0.675708 -0.801066 -1.01055 -0.11322 -4.47187 -819.068 0 
2 824.43 0.319285 0.022305 0.669416 -0.790017 -1.03056 -0.702979 -4.90751 -818.819 0 
1 824.956 0.322606 0.0222651 0.666762 -0.789343 -1.02566 -0.71235 -5.43716 -818.807 0 
7 825.555 0.318779 0.0224295 0.669472 -0.793221 -0.954489 -1.94809 -4.75853 -818.848 0 
2 826.214 0.310648 0.0224043 0.67453 -0.789714 -0.959421 -3.03332 -4.22636 -818.954 0 
2 824.292 0.312641 0.0222914 0.674961 -0.817936 -0.898992 -0.616777 -4.48414 -819.191 0 
2 824.495 0.317478 0.022367 0.670222 -0.801981 -0.907783 -0.935023 -4.67651 -818.884 0 
9 823.648 0.31626 0.0224587 0.671701 -0.805358 -0.861165 -0.218297 -4.51824 -818.912 0 
3 824.164 0.321053 0.0223826 0.666735 -0.8031 -0.808005 -0.0854893 -5.10102 -818.978 0 
8 823.956 0.315531 0.0224495 0.673449 -0.817256 -0.851849 -0.33525 -4.61317 -819.008 0 
3 823.807 0.311524 0.022406 0.676099 -0.812711 -0.909214 -0.266814 -4.37232 -819.168 0 
6 824.574 0.30938 0.0225305 0.679015 -0.821998 -0.880452 -0.767099 -4.39108 -819.416 0 
3 824.311 0.309039 0.022464 0.678181 -0.806088 -0.952621 -0.703881 -4.35367 -819.254 0 
2 825.357 0.309508 0.0222906 0.67673 -0.812661 -0.923872 -1.68746 -4.3686 -819.301 0 
2 824.476 0.309359 0.022342 0.677112 -0.802237 -0.971947 -0.930949 -4.34276 -819.202 0 
3 826.61 0.30117 0.0225755 0.687003 -0.822142 -0.970312 -1.04315 -5.08233 -820.485 0 
2 826.293 0.303288 0.022572 0.683816 -0.803352 -1.01453 -1.67741 -4.84783 -819.768 0 
10 824.42 0.309573 0.0225807 0.676614 -0.78206 -0.973932 -1.22718 -4.26421 -818.928 0 
3 824.828 0.307478 0.0225549 0.677703 -0.789869 -0.909611 -1.43087 -4.39694 -819 0 
6 824.06 0.313486 0.0224094 0.672547 -0.790958 -0.898949 -0.934362 -4.23013 -818.895 0 
1 826.253 0.314851 0.0221908 0.6719 -0.806684 -0.902262 -2.84914 -4.44574 -818.958 0 
3 825.288 0.316411 0.0224523 0.667636 -0.762044 -0.926896 -1.8672 -4.28931 -819.131 0 
1 826.256 0.316757 0.0225391 0.666181 -0.743973 -0.927521 -2.20115 -4.48096 -819.574 0 
2 826.825 0.321152 0.0226092 0.663406 -0.747705 -0.895033 -2.20775 -4.7307 -819.886 0 
4 827.691 0.317603 0.0226004 0.666202 -0.753341 -0.905745 -3.82461 -4.4219 -819.445 0 
3 825.499 0.319177 0.0226039 0.670115 -0.790248 -0.920762 -1.93896 -4.67679 -818.883 0 
1 824.393 0.314645 0.0224676 0.674764 -0.818406 -0.901861 -0.60291 -4.67633 -819.114 0 
1 824.711 0.3121 0.0222854 0.67582 -0.816164 -0.957091 -0.817337 -4.58493 -819.309 0 
1 825.815 0.304621 0.0223889 0.681071 -0.807078 -0.963842 -1.59458 -4.62664 -819.594 0 
2 824.411 0.307252 0.0224611 0.678938 -0.805374 -0.914094 -0.793691 -4.36728 -819.25 0 
2 828.076 0.299123 0.0224847 0.6856 -0.797198 -0.982254 -2.67514 -5.60704 -819.794 0 
2 828.175 0.297492 0.0225014 0.687645 -0.804128 -0.998606 -2.01837 -5.88532 -820.271 0 
3 828.194 0.301021 0.0227506 0.68477 -0.783083 -1.0047 -3.46758 -5.38236 -819.344 0 
9 827.749 0.306413 0.0227179 0.681622 -0.786966 -1.00785 -4.08951 -4.51943 -819.14 0 
3 827.964 0.30703 0.0226079 0.682256 -0.80377 -0.996734 -4.05395 -4.47379 -819.437 0 
8 828.477 0.309677 0.022667 0.677395 -0.77114 -1.00201 -5.26015 -4.3338 -818.883 0 
2 827.559 0.305377 0.0226893 0.681 -0.779213 -0.990503 -3.80886 -4.71114 -819.039 0 
8 827.506 0.30398 0.0225389 0.68005 -0.762225 -1.05573 -3.40002 -5.12794 -818.978 0 
1 828.118 0.313783 0.0227564 0.669451 -0.723015 -1.03045 -3.87118 -4.63724 -819.61 0 
1 827.794 0.321471 0.0226151 0.66255 -0.723006 -1.0177 -3.03125 -4.55002 -820.212 0 
1 825.156 0.324527 0.0224281 0.663809 -0.762981 -1.02195 -0.882687 -5.11736 -819.156 0 
1 824.514 0.321766 0.0223285 0.667805 -0.781926 -1.07221 -0.535811 -5.18962 -818.789 0 
4 823.933 0.320593 0.0223176 0.669225 -0.786378 -1.06888 -0.0562689 -5.08294 -818.793 0 
9 825.008 0.321677 0.022414 0.668115 -0.775726 -1.09408 -1.15105 -5.06606 -818.791 0 
2 826.555 0.314721 0.0223013 0.677505 -0.82832 -1.09122 -0.801374 -5.86484 -819.888 0 
2 826.141 0.311078 0.0224236 0.680454 -0.826528 -1.06405 -0.840865 -5.23908 -820.062 0 
1 826.869 0.309914 0.0225741 0.681684 -0.818735 -1.05145 -2.16821 -4.85805 -819.843 0 
1 824.998 0.314341 0.0226046 0.675041 -0.781264 -1.06726 -1.80412 -4.32531 -818.869 0 
2 825.096 0.309177 0.0225738 0.68032 -0.795644 -1.07732 -1.28165 -4.49074 -819.324 0 
1 824.382 0.315967 0.0225148 0.673382 -0.773487 -1.09858 -1.23812 -4.33121 -818.813 0 
7 825.433 0.318721 0.0224633 0.670163 -0.752504 -1.15434 -2.29945 -4.28388 -818.85 0 
2 824.182 0.319598 0.0223654 0.669904 -0.771193 -1.11676 -0.754683 -4.64332 -818.784 0 
2 824.039 0.316307 0.022404 0.673215 -0.782645 -1.09372 -0.682605 -4.50817 -818.848 0 
4 824.565 0.321858 0.0222335 0.667452 -0.778375 -1.08663 -0.68678 -5.08962 -818.788 0 
3 824.816 0.322756 0.0223137 0.665861 -0.77046 -1.0787 -0.891235 -5.06574 -818.859 0 
2 824.506 0.315995 0.0225311 0.670619 -0.755302 -1.09094 -1.47736 -4.15128 -818.877 0 
2 824.209 0.311211 0.0224802 0.67823 -0.792037 -1.09761 -0.55906 -4.47427 -819.176 0 
1 824.193 0.308877 0.0224608 0.679586 -0.79231 -1.08713 -0.420722 -4.48061 -819.292 0 
2 827.08 0.303719 0.0223705 0.685571 -0.810634 -1.12661 -1.41253 -5.15035 -820.517 0 
1 824.796 0.310996 0.0223017 0.679145 -0.804867 -1.15069 -0.154872 -4.96534 -819.676 0 
1 829.838 0.309045 0.0221495 0.680006 -0.818939 -1.15589 -3.96353 -5.46391 -820.41 0 
2 828.599 0.311735 0.0220967 0.67889 -0.825023 -1.17065 -2.2548 -5.91111 -820.433 0 
3 827.859 0.318977 0.0220278 0.670542 -0.788586 -1.21814 -3.31536 -5.58171 -818.962 0 
1 827.018 0.320572 0.0221438 0.672128 -0.806115 -1.197 -1.39645 -6.46335 -819.158 0 
7 828.421 0.325397 0.0220435 0.667336 -0.787398 -1.26319 -2.59771 -7.05444 -818.769 0 
1 827.18 0.32242 0.0220764 0.668206 -0.78211 -1.24144 -2.32467 -6.06655 -818.789 0 
4 825.642 0.321042 0.0221828 0.669293 -0.773396 -1.25815 -1.3412 -5.53271 -818.769 0 
2 824.539 0.316542 0.0222892 0.673886 -0.783449 -1.23009 -0.401505 -5.12245 -819.015 0 
1 824.524 0.315419 0.0222107 0.672941 -0.763716 -1.25911 -1.12259 -4.55464 -818.846 0 
5 823.782 0.316531 0.0222677 0.672513 -0.75634 -1.31481 -0.316415 -4.66268 -818.803 0 
3 825.045 0.310916 0.0223424 0.680112 -0.782384 -1.33531 -0.110262 -5.25894 -819.675 0 
3 824.48 0.310993 0.0224466 0.678926 -0.757714 -1.35403 -0.651847 -4.71793 -819.11 0 
2 824.22 0.314413 0.022539 0.674553 -0.726529 -1.39056 -1.1635 -4.27686 -818.78 0 
1 823.821 0.318549 0.0223927 0.667583 -0.697379 -1.41901 -0.630286 -4.03092 -819.16 0 
11 824.697 0.317265 0.0223738 0.670437 -0.704303 -1.45807 -1.66501 -4.12683 -818.906 0 
2 824.938 0.315349 0.022482 0.671848 -0.706364 -1.40442 -1.86988 -4.13323 -818.935 0 
3 823.463 0.315518 0.0223696 0.671209 -0.717507 -1.38498 -0.466076 -4.16227 -818.835 0 
8 824.209 0.318737 0.0224607 0.666963 -0.694259 -1.3645 -0.763808 -4.01564 -819.43 0 
2 823.638 0.316097 0.0222816 0.671733 -0.728998 -1.40972 -0.512843 -4.36831 -818.757 0 
4 825.343 0.309144 0.0222744 0.678177 -0.750576 -1.38969 -1.3111 -4.86454 -819.167 0 
2 826.26 0.31115 0.0223313 0.676649 -0.751022 -1.37927 -2.46578 -4.75429 -819.04 0 
7 825.461 0.30613 0.0223729 0.679608 -0.738062 -1.36934 -1.33907 -5.05343 -819.069 0 
2 825.428 0.309874 0.0223632 0.677363 -0.738754 -1.35499 -1.96636 -4.56063 -818.901 0 
1 825.086 0.314589 0.0223196 0.672788 -0.729836 -1.35338 -2.07687 -4.22595 -818.783 0 
1 825.164 0.315149 0.0223649 0.671457 -0.726048 -1.30166 -2.18937 -4.12107 -818.854 0 
3 825.4 0.308889 0.0225365 0.67789 -0.739892 -1.26581 -1.99244 -4.54628 -818.861 0 
3 828.611 0.303593 0.0226439 0.682152 -0.738238 -1.24915 -4.13671 -5.49099 -818.983 0 
1 829.873 0.299137 0.022571 0.684446 -0.745439 -1.19568 -4.14733 -6.55273 -819.173 0 
2 828.786 0.30286 0.0224438 0.681084 -0.749816 -1.17885 -4.26592 -5.48057 -819.039 0 
1 825.751 0.307584 0.0224643 0.676238 -0.736625 -1.21157 -2.18183 -4.70655 -818.863 0 
3 824.297 0.308767 0.022438 0.679724 -0.762966 -1.28088 -0.461883 -4.66937 -819.165 0 
2 824.361 0.310235 0.0224514 0.674983 -0.73064 -1.2785 -1.10767 -4.41941 -818.834 0 
2 825.103 0.308022 0.0223449 0.677971 -0.762035 -1.22464 -1.44176 -4.59473 -819.066 0 
6 823.945 0.309743 0.0224759 0.678595 -0.764421 -1.23555 -0.396424 -4.50518 -819.043 0 
1 823.766 0.311962 0.022354 0.676626 -0.76148 -1.28256 -0.262923 -4.52185 -818.981 0 
2 824.883 0.308752 0.0224669 0.680979 -0.77822 -1.27342 -0.477861 -4.89814 -819.507 0 
2 825.075 0.307264 0.0224766 0.681886 -0.772165 -1.26515 -0.808037 -4.83781 -819.429 0 
4 825.11 0.311727 0.0224573 0.676326 -0.742225 -1.30402 -1.93298 -4.34685 -818.83 0 
1 826.333 0.304929 0.0226055 0.679373 -0.735129 -1.22807 -2.22788 -5.19894 -818.906 0 
1 824.769 0.306829 0.0225153 0.679129 -0.743948 -1.26119 -1.04052 -4.78679 -818.942 0 
1 824.933 0.31012 0.0224576 0.678636 -0.763768 -1.24405 -1.41256 -4.48926 -819.031 0 
1 826.01 0.308795 0.0224875 0.68264 -0.789244 -1.28462 -0.937651 -5.17921 -819.893 0 
8 827.181 0.309162 0.0227228 0.68013 -0.749896 -1.29375 -3.65218 -4.56467 -818.964 0 
3 826.154 0.304545 0.0226353 0.682339 -0.74827 -1.28699 -1.85089 -5.16088 -819.142 0 
2 826.068 0.303681 0.0225899 0.683267 -0.744006 -1.32895 -1.44055 -5.41613 -819.211 0 
2 826.818 0.302691 0.0226451 0.684587 -0.750044 -1.30263 -1.94563 -5.54617 -819.326 0 
1 826.465 0.301921 0.0225145 0.685544 -0.754545 -1.34964 -1.02878 -5.77704 -819.659 0 
3 828.46 0.302726 0.0225236 0.68679 -0.77351 -1.30686 -2.89073 -5.5365 -820.033 0 
4 827.571 0.302172 0.0226077 0.687683 -0.783257 -1.26668 -1.73261 -5.56706 -820.271 0 
2 825.316 0.305212 0.0225207 0.680761 -0.746194 -1.26698 -1.2354 -5.04243 -819.038 0 
4 824.084 0.311651 0.0225147 0.676091 -0.746771 -1.25144 -0.961181 -4.29625 -818.827 0 
6 825.572 0.315758 0.0226724 0.672809 -0.729413 -1.28493 -2.60555 -4.11601 -818.85 0 
3 825.789 0.317378 0.0226347 0.67283 -0.743965 -1.27256 -2.72003 -4.29891 -818.771 0 
1 825.175 0.319602 0.0225169 0.669101 -0.737412 -1.26743 -1.98049 -4.34747 -818.847 0 
1 824.025 0.31365 0.0225039 0.673475 -0.739331 -1.26905 -1.02443 -4.20361 -818.797 0 
1 824.33 0.311513 0.0223557 0.676945 -0.774037 -1.2351 -0.585932 -4.62581 -819.118 0 
1 824.477 0.314991 0.0223538 0.67508 -0.778845 -1.19357 -0.893267 -4.63058 -818.953 0 
4 824.253 0.317524 0.0224428 0.671429 -0.755206 -1.18479 -1.17243 -4.2931 -818.787 0 
4 826.725 0.307871 0.0221904 0.681622 -0.805671 -1.22584 -1.0326 -5.3491 -820.343 0 
1 826.96 0.308273 0.0221739 0.680891 -0.807341 -1.20245 -1.42875 -5.28069 -820.25 0 
7 826.381 0.316853 0.0220901 0.672455 -0.787924 -1.20715 -2.17045 -5.17816 -819.032 0 
2 825.067 0.325749 0.0222501 0.663409 -0.748417 -1.21013 -0.795335 -5.3115 -818.96 0 
2 824.249 0.321987 0.0223717 0.666388 -0.740619 -1.23832 -0.755441 -4.58439 -818.91 0 
2 824.902 0.318281 0.022294 0.670356 -0.764134 -1.22272 -1.42506 -4.71241 -818.765 0 
2 824.266 0.31871 0.0223407 0.670472 -0.76692 -1.20131 -0.755791 -4.74608 -818.764 0 
2 824.267 0.315471 0.0223686 0.673446 -0.771135 -1.20849 -0.804062 -4.59846 -818.864 0 
2 825.516 0.326825 0.0223387 0.665187 -0.765638 -1.18875 -0.700054 -6.01402 -818.802 0 
5 823.504 0.320516 0.0223595 0.668221 -0.763691 -1.13172 -0.0368682 -4.65762 -818.81 0 
8 824.689 0.32225 0.0225428 0.66519 -0.736339 -1.10007 -0.837125 -4.43362 -819.418 0 
1 823.9 0.322508 0.0224547 0.665726 -0.746916 -1.11728 -0.210823 -4.57141 -819.118 0 
1 825.512 0.32112 0.022389 0.669049 -0.763669 -1.14897 -1.99881 -4.71789 -818.795 0 
2 824.825 0.319348 0.0223826 0.668112 -0.748716 -1.12588 -1.59459 -4.27064 -818.96 0 
1 825.683 0.315969 0.0223864 0.670682 -0.74747 -1.14133 -2.68135 -4.1244 -818.878 0 
1 826.39 0.310465 0.0224256 0.673742 -0.73462 -1.17599 -3.08504 -4.41843 -818.887 0 
4 826.492 0.311836 0.0225291 0.670972 -0.721457 -1.13204 -2.76549 -4.52683 -819.199 0 
2 826.702 0.310794 0.0224788 0.673052 -0.75833 -1.04555 -3.59297 -4.23971 -818.87 0 
4 824.636 0.31529 0.0225567 0.672101 -0.774097 -1.01928 -1.56684 -4.22766 -818.841 0 
2 823.804 0.313289 0.0225211 0.674824 -0.790837 -0.989543 -0.601978 -4.28322 -818.918 0 
3 824.254 0.310299 0.022559 0.676781 -0.797256 -0.930628 -0.992925 -4.24458 -819.017 0 
2 824.333 0.321406 0.0224426 0.667999 -0.793686 -0.915263 -0.389029 -5.0502 -818.893 0 
3 824.814 0.323057 0.0224235 0.666996 -0.805092 -0.864276 -0.331628 -5.56946 -818.912 0 
5 825.776 0.321596 0.0222246 0.666013 -0.804464 -0.868123 -1.56708 -5.31128 -818.897 0 
1 824.629 0.31913 0.022304 0.670885 -0.83031 -0.844031 -0.103444 -5.47938 -819.046 0 
1 824.753 0.319438 0.0224093 0.670544 -0.82177 -0.852207 -0.480868 -5.31725 -818.955 0 
6 825.768 0.315684 0.0226508 0.670311 -0.794533 -0.764982 -2.29297 -4.44831 -819.027 0 
1 825.527 0.310143 0.0226627 0.675262 -0.809397 -0.713273 -2.16409 -4.36012 -819.003 0 
8 824.79 0.309713 0.0225663 0.675895 -0.826055 -0.679838 -1.35559 -4.31184 -819.122 0 
2 824.335 0.317257 0.0225364 0.670095 -0.810496 -0.740261 -0.693861 -4.6627 -818.979 0 
1 826.35 0.321948 0.0226213 0.663602 -0.762825 -0.817002 -1.5599 -4.98687 -819.804 0 
3 826.314 0.327124 0.0224446 0.661547 -0.792758 -0.792948 -0.714315 -6.21282 -819.387 0 
2 824.718 0.322442 0.0224323 0.66659 -0.81476 -0.754962 -0.165305 -5.55437 -818.998 0 
6 825.423 0.323169 0.0224492 0.663045 -0.785092 -0.751822 -0.584758 -5.32805 -819.51 0 
6 825.962 0.325328 0.0222998 0.66122 -0.791608 -0.762931 -0.751537 -5.78374 -819.427 0 
5 825.71 0.320833 0.022324 0.665607 -0.81061 -0.738159 -1.48259 -5.1992 -819.028 0 
1 824.633 0.31243 0.0224541 0.673854 -0.826075 -0.728828 -1.16656 -4.37796 -819.088 0 
8 824.508 0.31149 0.0223851 0.67694 -0.855534 -0.701582 -0.171773 -4.67573 -819.661 0 
1 824.707 0.311594 0.0225122 0.676559 -0.847376 -0.684354 -0.779756 -4.51835 -819.409 0 
3 824.939 0.306501 0.0224501 0.681327 -0.856895 -0.709857 -0.343939 -4.46655 -820.129 0 
3 824.624 0.313192 0.0225513 0.674816 -0.836139 -0.696854 -0.951357 -4.51207 -819.161 0 
2 825.347 0.309954 0.0224006 0.677085 -0.850369 -0.690635 -1.2862 -4.4693 -819.592 0 
1 825.75 0.308379 0.0225201 0.678188 -0.840675 -0.702856 -1.94386 -4.33023 -819.476 0 
6 825.116 0.308619 0.0224462 0.680269 -0.862971 -0.67747 -0.553473 -4.52976 -820.033 0 
4 826.009 0.313663 0.0223291 0.677588 -0.878282 -0.702472 -0.196884 -5.58145 -820.23 0 
2 825.878 0.309339 0.0225126 0.680857 -0.874055 -0.649709 -0.895418 -4.72045 -820.262 0 
3 827.371 0.303703 0.0225809 0.686481 -0.876707 -0.693197 -1.45246 -4.69626 -821.222 0 
3 827.98 0.305341 0.0225125 0.685798 -0.887791 -0.66917 -1.71071 -4.82919 -821.44 0 
1 824.539 0.312022 0.0223864 0.676017 -0.852812 -0.661567 -0.495797 -4.58492 -819.458 0 
1 826.802 0.303165 0.0223703 0.682795 -0.866844 -0.641623 -1.74409 -4.51142 -820.547 0 
2 824.709 0.31003 0.022428 0.675619 -0.830497 -0.68512 -1.21895 -4.31497 -819.175 0 
3 824.994 0.31936 0.0224248 0.667525 -0.817165 -0.705442 -0.936176 -5.04695 -819.011 0 
4 825.176 0.319762 0.0223188 0.665997 -0.80602 -0.72191 -1.12733 -4.96844 -819.08 0 
7 824.789 0.32085 0.0223037 0.666337 -0.80782 -0.771733 -0.664638 -5.12879 -818.996 0 
8 824.541 0.319577 0.0222997 0.668822 -0.827697 -0.761165 -0.265531 -5.30168 -818.973 0 
2 824.306 0.316578 0.0223423 0.669786 -0.814911 -0.760009 -0.721287 -4.62672 -818.958 0 
3 825.466 0.310245 0.0222951 0.67527 -0.830482 -0.751012 -1.87673 -4.32472 -819.265 0 
1 827.5 0.314646 0.022164 0.671625 -0.835921 -0.757914 -3.56411 -4.75347 -819.182 0 
4 826.381 0.313377 0.0222216 0.672874 -0.82438 -0.824227 -2.71101 -4.52624 -819.144 0 
2 825.144 0.311546 0.0223435 0.673173 -0.811005 -0.775398 -1.87391 -4.27144 -818.999 0 
3 824.322 0.316579 0.0223546 0.669343 -0.80564 -0.784608 -0.841161 -4.5341 -818.947 0 
1 823.997 0.314223 0.0224348 0.672821 -0.810405 -0.808643 -0.665824 -4.37255 -818.959 0 
2 824.069 0.312635 0.0224537 0.674426 -0.804273 -0.864882 -0.83568 -4.26635 -818.967 0 
3 824.333 0.30963 0.0223859 0.677665 -0.818265 -0.903148 -0.56777 -4.39506 -819.37 0 
1 824.094 0.317009 0.0224134 0.671928 -0.810431 -0.906091 -0.372077 -4.77988 -818.942 0 
3 825.139 0.317142 0.0224659 0.67234 -0.813369 -0.90476 -1.29656 -4.87728 -818.965 0 
3 827.582 0.320636 0.022525 0.669317 -0.804585 -0.909997 -3.47878 -5.23835 -818.865 0 
2 826.163 0.317682 0.0225446 0.672768 -0.811618 -0.924871 -2.26006 -4.95441 -818.949 0 
3 825.363 0.31703 0.0225318 0.673612 -0.821912 -0.867645 -1.38733 -4.9438 -819.032 0 
7 825.426 0.311891 0.0225357 0.678674 -0.831234 -0.889955 -1.24474 -4.6674 -819.514 0 
1 825.78 0.314756 0.022443 0.676829 -0.830907 -0.928645 -1.30468 -5.05249 -819.423 0 
1 825.585 0.318782 0.0224364 0.67293 -0.815412 -0.964085 -1.2957 -5.29374 -818.996 0 
1 824.854 0.318226 0.02247 0.672265 -0.80548 -0.977787 -0.935792 -5.00358 -818.914 0 
3 826.453 0.310283 0.022523 0.680646 -0.838713 -0.920724 -1.58809 -4.88411 -819.98 0 
2 825.865 0.311353 0.0224704 0.680033 -0.842973 -0.909855 -0.861494 -5.01321 -819.99 0 
1 825.307 0.316661 0.0224137 0.674598 -0.817458 -0.969027 -1.14393 -5.04266 -819.12 0 
5 824.68 0.315564 0.0222818 0.674718 -0.819415 -0.988722 -0.371306 -5.05449 -819.254 0 
1 824.738 0.317451 0.0223333 0.671685 -0.813764 -0.933207 -0.741216 -5.01073 -818.986 0 
2 825.729 0.313086 0.0223489 0.678525 -0.846992 -0.915333 -0.394159 -5.34015 -819.995 0 
4 825.517 0.316411 0.022391 0.674131 -0.818258 -0.925227 -1.56714 -4.87562 -819.074 0 
1 825.847 0.315722 0.0222771 0.674329 -0.820928 -0.942013 -1.75649 -4.91199 -819.179 0 
3 825.545 0.318889 0.0221625 0.669879 -0.81324 -0.948663 -1.34664 -5.24715 -818.951 0 
1 826.573 0.317823 0.0222769 0.670459 -0.808619 -0.951594 -2.62785 -5.00945 -818.935 0 
5 825.334 0.320017 0.022267 0.670018 -0.811695 -0.980697 -0.865027 -5.54012 -818.929 0 
3 826.287 0.318645 0.0222854 0.673897 -0.833122 -0.982167 -0.884994 -6.03426 -819.367 0 
3 824.518 0.3159 0.0224337 0.672027 -0.797048 -0.954148 -1.13033 -4.49816 -818.889 0 
4 824.227 0.31567 0.0224399 0.67321 -0.800195 -0.984398 -0.694314 -4.59512 -818.937 0 
3 825.228 0.322238 0.0222296 0.668771 -0.804567 -1.03935 -0.4568 -5.92325 -818.848 0 
2 824.603 0.32172 0.0222679 0.669055 -0.790284 -1.09396 -0.336654 -5.47589 -818.79 0 
1 825.095 0.321841 0.0222945 0.669888 -0.795157 -1.11941 -0.448263 -5.81924 -818.828 0 
2 825.062 0.322638 0.0224903 0.666423 -0.748318 -1.11627 -1.37321 -4.59112 -819.098 0 
7 824.59 0.324729 0.0223651 0.662081 -0.728915 -1.14168 -0.333427 -4.63906 -819.618 0 
1 823.613 0.31952 0.0224836 0.668232 -0.751488 -1.11257 -0.341373 -4.3196 -818.952 0 
3 823.33 0.315991 0.0224292 0.672467 -0.775067 -1.09927 -0.131731 -4.38165 -818.817 0 
2 824.016 0.315714 0.0223078 0.671341 -0.771777 -1.10655 -0.868725 -4.33583 -818.812 0 
3 825.626 0.31922 0.0221284 0.670407 -0.789916 -1.14696 -1.474 -5.27666 -818.876 0 
2 827.098 0.323663 0.0221721 0.669192 -0.80143 -1.14916 -1.63073 -6.60606 -818.861 0 
1 826.868 0.317936 0.0222005 0.674463 -0.825685 -1.06644 -1.38691 -6.0237 -819.457 0 
1 824.736 0.310249 0.0223797 0.679714 -0.818567 -1.02255 -0.30211 -4.73364 -819.7 0 
2 824.639 0.312379 0.022249 0.676563 -0.805569 -1.07461 -0.563712 -4.72837 -819.347 0 
1 824.141 0.31848 0.0224237 0.671855 -0.793329 -1.05228 -0.368619 -4.91893 -818.853 0 
2 825.462 0.322408 0.0222609 0.667147 -0.776802 -1.06902 -1.57913 -5.06588 -818.817 0 
1 825.237 0.31887 0.0222069 0.669248 -0.77325 -1.10677 -1.86361 -4.58629 -818.787 0 
2 824.187 0.311754 0.0223317 0.674369 -0.765434 -1.13488 -1.08245 -4.24324 -818.862 0 
6 825.1 0.305262 0.0224725 0.680893 -0.767214 -1.16593 -1.09353 -4.83323 -819.174 0 
2 825.465 0.316465 0.0224918 0.667286 -0.714334 -1.1638 -1.76766 -4.21213 -819.485 0 
2 824.178 0.319377 0.0223819 0.666565 -0.723283 -1.21682 -0.85964 -4.11431 -819.204 0 
1 825.559 0.327874 0.0224591 0.659241 -0.71008 -1.17588 -0.258368 -4.89289 -820.407 0 
1 825.894 0.326328 0.0223804 0.659177 -0.709065 -1.16086 -0.798104 -4.69212 -820.404 0 
1 827.021 0.329049 0.0223244 0.657964 -0.704897 -1.20656 -1.46379 -4.99075 -820.567 0 
3 827.575 0.326516 0.0224181 0.662508 -0.72129 -1.21305 -3.14354 -4.7619 -819.669 0 
1 826.565 0.333645 0.0223095 0.655801 -0.70592 -1.27541 -0.0625104 -5.9715 -820.531 0 
1 826.831 0.334295 0.0222751 0.655929 -0.713882 -1.26887 -0.207277 -6.34727 -820.277 0 
1 826.879 0.331738 0.0221589 0.659486 -0.742175 -1.25844 -1.0756 -6.60495 -819.198 0 
1 826.683 0.331652 0.0223577 0.659971 -0.736563 -1.25399 -0.928094 -6.39972 -819.355 0 
2 825.277 0.327203 0.0222741 0.66446 -0.752776 -1.28002 -0.495455 -5.98907 -818.793 0 
1 825.699 0.325952 0.0221541 0.663209 -0.744661 -1.26766 -1.40638 -5.39875 -818.894 0 
2 827.235 0.325486 0.0221402 0.664007 -0.755066 -1.26155 -2.76253 -5.70367 -818.769 0 
3 825.691 0.319251 0.0221941 0.670496 -0.78239 -1.19915 -1.53256 -5.31002 -818.848 0 
2 823.778 0.313028 0.0223232 0.674213 -0.76351 -1.2029 -0.576031 -4.33863 -818.864 0 
5 823.992 0.315087 0.0223888 0.672911 -0.760496 -1.21673 -0.809325 -4.37898 -818.804 0 
1 826.72 0.308312 0.0223445 0.681832 -0.783025 -1.2805 -2.02434 -4.98225 -819.714 0 
1 828.052 0.30689 0.022507 0.685341 -0.792874 -1.30629 -2.31826 -5.39814 -820.336 0 
3 826.915 0.317639 0.0226457 0.673569 -0.748141 -1.3045 -3.67617 -4.49097 -818.748 0 
3 824.843 0.323142 0.022277 0.668625 -0.756356 -1.35029 -0.515427 -5.63756 -818.69 0 
1 825.572 0.32779 0.0222033 0.664033 -0.737651 -1.4055 -0.737167 -6.07043 -818.765 0 
1 826.374 0.32671 0.0223833 0.666448 -0.752406 -1.32275 -1.63094 -6.01824 -818.725 0 
1 827.435 0.325901 0.0224465 0.665853 -0.750197 -1.28109 -2.96803 -5.6725 -818.794 0 
6 825.133 0.325707 0.0222865 0.664312 -0.73585 -1.3312 -0.954259 -5.29529 -818.883 0 
1 824.572 0.323106 0.022213 0.667306 -0.752691 -1.31836 -0.528928 -5.33593 -818.707 0 
1 824.615 0.31325 0.0222616 0.676434 -0.767717 -1.35443 -0.431847 -5.00749 -819.176 0 
3 824.119 0.312892 0.0223345 0.675391 -0.754358 -1.33196 -0.608944 -4.58513 -818.925 0 
4 825.177 0.315578 0.0222785 0.674034 -0.767088 -1.32078 -1.23699 -4.97553 -818.965 0 
1 825.276 0.319892 0.022496 0.669342 -0.733117 -1.33076 -2.03368 -4.43993 -818.802 0 
1 823.917 0.317621 0.0223324 0.673051 -0.762195 -1.32451 -0.135765 -4.95263 -818.828 0 
1 823.642 0.319723 0.0223828 0.669867 -0.749787 -1.28186 -0.250657 -4.64931 -818.742 0 
1 823.609 0.313818 0.0224455 0.674774 -0.742337 -1.32281 -0.492194 -4.32111 -818.795 0 
4 823.655 0.314849 0.0224453 0.672361 -0.718516 -1.37125 -0.653479 -4.16564 -818.836 0 
1 825.344 0.321547 0.0222235 0.664367 -0.701213 -1.38667 -1.93308 -4.1143 -819.297 0 
4 826.03 0.326062 0.0222064 0.66066 -0.688154 -1.42076 -1.8361 -4.34885 -819.845 0 
1 825.843 0.322473 0.0223505 0.662467 -0.676516 -1.39908 -1.65602 -4.038 -820.149 0 
1 826.418 0.316239 0.0224998 0.666783 -0.671306 -1.4093 -2.30613 -4.25336 -819.858 0 
8 826.027 0.326042 0.0225044 0.660671 -0.668452 -1.45141 -1.35289 -4.1636 -820.511 0 
2 826.813 0.324308 0.0226136 0.662219 -0.662352 -1.46699 -2.2354 -4.02503 -820.553 0 
3 824.315 0.318984 0.0225596 0.668064 -0.67752 -1.5025 -0.892493 -3.99689 -819.426 0 
3 823.893 0.317029 0.0224134 0.671479 -0.694117 -1.56628 -0.784093 -4.24329 -818.866 0 
9 823.495 0.316007 0.0224583 0.671937 -0.684695 -1.60628 -0.301025 -4.27974 -818.914 0 
1 825.323 0.320636 0.0224444 0.668706 -0.679619 -1.60828 -2.07649 -4.13605 -819.11 0 
2 825.769 0.324942 0.0222775 0.665423 -0.693369 -1.57317 -2.09863 -4.61368 -819.056 0 
1 825.304 0.325302 0.022188 0.664304 -0.713353 -1.49775 -1.32458 -5.1075 -818.872 0 
6 825.082 0.323814 0.0221943 0.665984 -0.727484 -1.40311 -1.37903 -4.88758 -818.816 0 
6 825.466 0.326826 0.0222034 0.660593 -0.687488 -1.46927 -1.26642 -4.5031 -819.696 0 
1 826.701 0.32634 0.0222571 0.6617 -0.703692 -1.42749 -2.60964 -4.7651 -819.326 0 
6 826.006 0.329875 0.0222803 0.657459 -0.680234 -1.41756 -0.737884 -4.76025 -820.508 0 
1 825.202 0.328673 0.0224047 0.661306 -0.699193 -1.39784 -0.584527 -4.88263 -819.735 0 
1 825.482 0.326346 0.0225274 0.664174 -0.700745 -1.43165 -1.4482 -4.6384 -819.396 0 
3 825.985 0.324203 0.0225861 0.662049 -0.668013 -1.41879 -1.34694 -4.07404 -820.564 0 
3 824.83 0.317982 0.0224914 0.668001 -0.688934 -1.40059 -1.38351 -4.03318 -819.413 0 
1 824.397 0.318194 0.0224075 0.667602 -0.68543 -1.4504 -1.03409 -4.01679 -819.347 0 
1 828.216 0.31683 0.0224706 0.668373 -0.673434 -1.4571 -4.42932 -4.17393 -819.612 0 
2 828.122 0.316586 0.0223621 0.668739 -0.688144 -1.42298 -4.72393 -4.10529 -819.293 0 
2 828.281 0.31664 0.0225128 0.666614 -0.662042 -1.42275 -3.68003 -4.41175 -820.19 0 
1 825.571 0.316408 0.0225736 0.670165 -0.685891 -1.44111 -2.17694 -4.10826 -819.286 0 
10 824.638 0.322657 0.0225493 0.664732 -0.676313 -1.46873 -0.808663 -4.00811 -819.822 0 
1 823.7 0.317092 0.0225097 0.6714 -0.710475 -1.4315 -0.683222 -4.15125 -818.865 0 
1 824.933 0.318043 0.0226154 0.670453 -0.703921 -1.40846 -1.83949 -4.0597 -819.034 0 
1 825.433 0.314956 0.0226029 0.675204 -0.733437 -1.38081 -2.32839 -4.3335 -818.771 0 
2 825.574 0.313331 0.022548 0.677731 -0.745116 -1.41449 -1.99744 -4.65834 -818.918 0 
2 824.809 0.314895 0.022514 0.675609 -0.739726 -1.39878 -1.51727 -4.49279 -818.799 0 
3 823.399 0.319415 0.0223501 0.670189 -0.725716 -1.43085 -0.162061 -4.48933 -818.748 0 
5 823.89 0.320056 0.0222482 0.66913 -0.722846 -1.45589 -0.590877 -4.55213 -818.747 0 
5 823.969 0.318957 0.0223349 0.670295 -0.724981 -1.41552 -0.824931 -4.3797 -818.764 0 
2 825.001 0.322236 0.022402 0.668233 -0.725304 -1.38415 -1.6033 -4.5514 -818.846 0 
2 825.491 0.319231 0.022232 0.672941 -0.771058 -1.36179 -0.935264 -5.62989 -818.926 0 
5 828.54 0.314969 0.0221995 0.677572 -0.785937 -1.35866 -3.37062 -5.649 -819.52 0 
3 827.121 0.316681 0.0220738 0.674031 -0.776315 -1.3616 -2.42868 -5.53159 -819.161 0 
2 826.842 0.313793 0.0220869 0.675726 -0.76594 -1.40704 -2.3828 -5.21661 -819.243 0 
3 824.897 0.3119 0.0222741 0.677645 -0.764531 -1.38888 -0.537396 -5.07129 -819.288 0 
1 825.843 0.315496 0.0221579 0.673113 -0.755052 -1.38544 -2.02934 -4.90695 -818.907 0 
2 825.188 0.31328 0.0222651 0.677403 -0.78081 -1.33433 -0.436697 -5.32225 -819.429 0 
1 826.458 0.312849 0.0222097 0.677602 -0.786239 -1.33329 -1.32495 -5.51627 -819.617 0 
4 827.205 0.312185 0.0221846 0.679311 -0.811742 -1.25398 -1.01925 -5.94062 -820.245 0 
3 825.543 0.311721 0.0221974 0.678217 -0.79003 -1.27429 -0.742279 -5.1888 -819.612 0 
1 825.967 0.32342 0.0221583 0.667789 -0.76076 -1.30707 -1.68918 -5.58095 -818.697 0 
3 825.424 0.326412 0.0222965 0.663863 -0.755921 -1.20041 -0.866828 -5.67055 -818.887 0 
5 826.514 0.326248 0.0225714 0.662978 -0.731042 -1.1711 -2.07909 -4.9126 -819.522 0 
3 824.079 0.316104 0.022377 0.673108 -0.762052 -1.26472 -0.647364 -4.61429 -818.818 0 
3 824.44 0.316432 0.0222922 0.674017 -0.778435 -1.26216 -0.346966 -5.09604 -818.997 0 
1 824.569 0.31743 0.0224753 0.673429 -0.764771 -1.26374 -1.00793 -4.75945 -818.802 0 
2 825.032 0.328412 0.0223128 0.661853 -0.737733 -1.2488 -0.243779 -5.61603 -819.172 0 
1 828.372 0.329824 0.0223882 0.662902 -0.742407 -1.25535 -3.24121 -6.01999 -819.111 0 
1 828.715 0.324485 0.0222364 0.666857 -0.751887 -1.27633 -4.70412 -5.24875 -818.762 0 
3 828.421 0.318442 0.0222798 0.670258 -0.747893 -1.23709 -5.33169 -4.30668 -818.782 0 
1 828.322 0.325794 0.0223518 0.664669 -0.734035 -1.25462 -4.28926 -4.91399 -819.119 0 
1 826.174 0.329898 0.0221991 0.659929 -0.731982 -1.25027 -1.04943 -5.72972 -819.395 0 
3 826.474 0.321836 0.0221972 0.664456 -0.721235 -1.26752 -3.02268 -4.25169 -819.199 0 
3 824.96 0.327476 0.0223968 0.659878 -0.696551 -1.3045 -0.130296 -4.60676 -820.223 0 
5 824.601 0.323846 0.0225201 0.66493 -0.705392 -1.34398 -0.850878 -4.29421 -819.456 0 
1 824.338 0.320455 0.0224647 0.665833 -0.691732 -1.40479 -0.882472 -4.01263 -819.443 0 
3 825.531 0.324886 0.0225621 0.66357 -0.697914 -1.35986 -1.50746 -4.32802 -819.696 0 
4 823.669 0.318716 0.0224917 0.668088 -0.702881 -1.36858 -0.452241 -4.02861 -819.188 0 
2 824.15 0.32174 0.0224253 0.666144 -0.701541 -1.3884 -0.738578 -4.12049 -819.291 0 
1 824.115 0.323501 0.0223784 0.665773 -0.700895 -1.46047 -0.610972 -4.35023 -819.154 0 
2 824.71 0.322999 0.0225213 0.666546 -0.687877 -1.5397 -1.23514 -4.26956 -819.205 0 
2 823.502 0.323279 0.0223716 0.665963 -0.697066 -1.50916 -0.0227433 -4.38892 -819.09 0 
1 823.601 0.321088 0.0223774 0.667509 -0.696454 -1.53408 -0.327692 -4.30483 -818.968 0 
3 823.234 0.320101 0.02236 0.668624 -0.704684 -1.507 -0.0378054 -4.32817 -818.868 0 
11 823.568 0.322288 0.0222993 0.667349 -0.703575 -1.55312 -0.109673 -4.61394 -818.844 0 
2 823.384 0.320506 0.0224245 0.668343 -0.695324 -1.5224 -0.183432 -4.201 -818.999 0 
4 823.738 0.318082 0.0225123 0.669687 -0.677894 -1.58307 -0.508991 -4.10003 -819.129 0 
3 824.163 0.32371 0.0224322 0.66679 -0.692036 -1.57217 -0.636287 -4.4836 -819.044 0 
1 824.911 0.323213 0.0222831 0.668075 -0.709849 -1.57323 -1.22851 -4.92988 -818.752 0 
2 825.121 0.323565 0.0222649 0.664785 -0.670415 -1.637 -1.56598 -4.17569 -819.379 0 
1 825.51 0.327976 0.0221697 0.660751 -0.664825 -1.66699 -1.24814 -4.56776 -819.694 0 
3 826.004 0.329047 0.0221328 0.65993 -0.666931 -1.67533 -1.52745 -4.82384 -819.652 0 
3 825.075 0.324348 0.0221636 0.66394 -0.675928 -1.6662 -1.42065 -4.48259 -819.172 0 
3 827.49 0.318788 0.0220666 0.667963 -0.679362 -1.69281 -4.21274 -4.38316 -818.894 0 
1 827.349 0.320686 0.0221609 0.664824 -0.666053 -1.65577 -3.94205 -4.10253 -819.304 0 
2 825.209 0.324734 0.0221547 0.663566 -0.670238 -1.68903 -1.50928 -4.43675 -819.263 0 
6 825.535 0.32405 0.0221639 0.663304 -0.660035 -1.71521 -1.85525 -4.24863 -819.431 0 
3 825.314 0.321407 0.0221625 0.665995 -0.665189 -1.72784 -1.90797 -4.26377 -819.142 0 
3 825.962 0.31985 0.0220999 0.66812 -0.69142 -1.66915 -2.56668 -4.60032 -818.795 0 
2 825.883 0.318463 0.0221002 0.66984 -0.702222 -1.64403 -2.42619 -4.71405 -818.743 0 
1 825.769 0.317196 0.0221317 0.670197 -0.691331 -1.66692 -2.44004 -4.53701 -818.792 0 
1 823.536 0.314853 0.0223395 0.673376 -0.692775 -1.65749 -0.142505 -4.58963 -818.804 0 
1 826.564 0.309466 0.0224584 0.674493 -0.652567 -1.69393 -2.01648 -5.38397 -819.164 0 
4 827.184 0.313791 0.0224093 0.670432 -0.63209 -1.76211 -2.75985 -4.79822 -819.626 0 
5 825.664 0.319952 0.0222561 0.669073 -0.664766 -1.78202 -2.29781 -4.37968 -818.987 0 
1 825.376 0.318467 0.022204 0.669892 -0.663193 -1.81722 -1.93742 -4.50942 -818.929 0 
1 823.555 0.316932 0.0223838 0.671448 -0.658995 -1.81287 -0.0724799 -4.50674 -818.976 0 
1 823.727 0.32201 0.0222957 0.666367 -0.656676 -1.76979 -0.226945 -4.24743 -819.252 0 
2 823.753 0.31799 0.0223918 0.669704 -0.662411 -1.74584 -0.382838 -4.31122 -819.059 0 
1 825.335 0.316079 0.022452 0.671076 -0.67116 -1.69026 -1.99153 -4.36832 -818.976 0 
2 826.231 0.310435 0.0223487 0.674097 -0.664264 -1.70466 -2.18374 -5.05798 -818.989 0 
4 825.519 0.312012 0.0223276 0.674525 -0.683681 -1.69822 -1.8005 -4.85841 -818.86 0 
2 827.931 0.315736 0.0220852 0.672788 -0.715771 -1.66927 -3.82516 -5.23639 -818.869 0 
1 827.249 0.308933 0.0221434 0.679996 -0.735679 -1.64093 -1.84941 -5.77675 -819.623 0 
5 824.54 0.315717 0.022206 0.673332 -0.704326 -1.68626 -0.79731 -4.93772 -818.805 0 
4 825.286 0.311862 0.0222177 0.676937 -0.699883 -1.74941 -1.00412 -5.28435 -818.997 0 
2 824.906 0.317619 0.0221753 0.671706 -0.678995 -1.8256 -1.17383 -4.93851 -818.793 0 
8 825.595 0.325046 0.0222096 0.666775 -0.674362 -1.82874 -1.56722 -5.18187 -818.846 0 
1 826.1 0.322591 0.0221991 0.668472 -0.672219 -1.83928 -2.35734 -4.91696 -818.826 0 
4 825.759 0.320986 0.0221333 0.670392 -0.690119 -1.83458 -1.56421 -5.47014 -818.724 0 
1 826.923 0.319682 0.0220418 0.669604 -0.682715 -1.82782 -3.05568 -5.11075 -818.756 0 
2 826.219 0.313558 0.0221673 0.674785 -0.690661 -1.80507 -2.00016 -5.30043 -818.919 0 
12 824.282 0.316947 0.0222615 0.672168 -0.678112 -1.81611 -0.56241 -4.91462 -818.805 0 
4 824.878 0.312725 0.0223432 0.673559 -0.658718 -1.80352 -1.02228 -4.89454 -818.961 0 
3 824.082 0.313904 0.0223038 0.67503 -0.68013 -1.81041 -0.182831 -5.03879 -818.86 0 
8 824.646 0.312224 0.0223579 0.676687 -0.682926 -1.81932 -0.419001 -5.29605 -818.931 0 
7 824.519 0.324082 0.022249 0.665332 -0.666523 -1.77453 -0.793238 -4.64575 -819.08 0 
2 825.225 0.324637 0.0222017 0.667481 -0.694059 -1.75047 -1.01573 -5.49576 -818.714 0 
2 832.38 0.320642 0.0221665 0.673654 -0.718829 -1.78176 -7.3449 -6.17249 -818.862 0 
2 823.809 0.321192 0.022247 0.668097 -0.679437 -1.72692 -0.350555 -4.5832 -818.875 0 
1 824.835 0.319017 0.0222933 0.669607 -0.686517 -1.69434 -1.43111 -4.59361 -818.811 0 
7 824.619 0.320254 0.022279 0.671596 -0.701362 -1.75929 -0.475734 -5.41847 -818.725 0 
4 823.4 0.317539 0.0223955 0.671305 -0.670202 -1.75763 -0.0272489 -4.46547 -818.907 0 
5 824.713 0.316314 0.0224944 0.672423 -0.663701 -1.74424 -1.31833 -4.39018 -819.005 0 
2 826.51 0.314895 0.022667 0.67381 -0.657314 -1.73906 -2.93435 -4.47801 -819.098 0 
2 827.058 0.32114 0.0226615 0.665653 -0.621146 -1.77575 -2.64244 -3.9699 -820.445 0 
2 825.291 0.325293 0.0224967 0.662883 -0.631236 -1.78144 -1.02429 -3.98407 -820.283 0 
1 824.476 0.321645 0.02251 0.667311 -0.646912 -1.79118 -0.889685 -4.14937 -819.437 0 
2 823.955 0.320833 0.0223896 0.668709 -0.654408 -1.85512 -0.396298 -4.50921 -819.049 0 
1 823.889 0.314035 0.0224259 0.674489 -0.66292 -1.83165 -0.135746 -4.84915 -818.904 0 
3 823.821 0.315829 0.0223779 0.674221 -0.683771 -1.79149 -0.0751217 -4.93419 -818.812 0 
2 824.824 0.316262 0.0223086 0.674859 -0.684154 -1.85869 -0.731268 -5.25065 -818.842 0 
3 824.886 0.318226 0.0224081 0.672165 -0.659444 -1.87245 -1.32808 -4.65333 -818.905 0 
5 823.714 0.319923 0.022316 0.669674 -0.651925 -1.90436 -0.100519 -4.63054 -818.983 0 
12 824.031 0.319907 0.0223599 0.668923 -0.64419 -1.90975 -0.401722 -4.51776 -819.112 0 
1 823.784 0.318887 0.0223566 0.670739 -0.665077 -1.84411 -0.207798 -4.70115 -818.875 0 
6 824.14 0.3143 0.0224952 0.673945 -0.654563 -1.83597 -0.401859 -4.75726 -818.981 0 
3 824.536 0.318816 0.022516 0.668339 -0.623515 -1.86754 -0.554074 -4.2187 -819.764 0 
1 824.382 0.320989 0.0224805 0.666513 -0.619959 -1.88138 -0.349334 -4.07225 -819.961 0 
5 824.221 0.322365 0.0224533 0.666688 -0.625205 -1.92114 -0.374145 -4.16108 -819.685 0 
1 824.962 0.319542 0.0223573 0.667374 -0.626942 -1.91721 -1.15601 -4.29764 -819.508 0 
2 824.146 0.323456 0.0223134 0.664533 -0.629366 -1.88956 -0.266352 -4.15251 -819.727 0 
1 824.781 0.323898 0.0223199 0.663293 -0.612231 -1.91937 -0.505635 -3.98145 -820.294 0 
2 826.737 0.32191 0.0224763 0.663042 -0.580539 -1.95573 -1.09981 -4.10934 -821.527 0 
5 824.904 0.318184 0.0224664 0.6681 -0.605269 -1.96387 -0.501411 -4.4065 -819.996 0 
2 826.188 0.313366 0.0224107 0.675656 -0.637737 -2.00644 -1.89551 -5.27538 -819.017 0 
1 825.959 0.308093 0.0225013 0.679856 -0.646783 -1.96028 -0.722804 -6.16794 -819.068 0 
1 825.114 0.310085 0.022373 0.678411 -0.651185 -2.00182 -0.123729 -5.93813 -819.053 0 
3 825.442 0.309844 0.0224232 0.679401 -0.655751 -1.9873 -0.421613 -5.95398 -819.066 0 
7 825.364 0.313194 0.0224004 0.672761 -0.614696 -2.01067 -0.74934 -5.25251 -819.362 0 
5 825.276 0.314311 0.0222765 0.673006 -0.629095 -2.05317 -0.937529 -5.2697 -819.069 0 
5 825.097 0.312177 0.0224543 0.677087 -0.644063 -2.00476 -0.580594 -5.52046 -818.996 0 
1 825.637 0.309571 0.0224262 0.680635 -0.664981 -2.00991 -0.175308 -6.25282 -819.209 0 
2 824.66 0.312867 0.0224008 0.677183 -0.65942 -1.98384 -0.118439 -5.57259 -818.969 0 
2 824.905 0.318989 0.0225219 0.668651 -0.609248 -1.99356 -0.751932 -4.37641 -819.777 0 
2 825.027 0.310532 0.0224521 0.677348 -0.642073 -1.97285 -0.318198 -5.6808 -819.028 0 
4 825.91 0.310642 0.0223682 0.676536 -0.629528 -2.03302 -0.999943 -5.81472 -819.095 0 
2 824.658 0.32009 0.0222083 0.669316 -0.640507 -2.0071 -0.826827 -4.82757 -819.004 0 
1 824.615 0.315982 0.0223812 0.673026 -0.642727 -1.95293 -0.775503 -4.83278 -819.007 0 
3 824.699 0.325757 0.0223102 0.66355 -0.633112 -1.91493 -0.648109 -4.42376 -819.627 0 
2 823.926 0.320773 0.0223759 0.66709 -0.623483 -1.93488 -0.0880707 -4.22772 -819.61 0 
1 823.926 0.322215 0.0223581 0.667292 -0.641541 -1.91703 -0.22423 -4.48182 -819.22 0 
3 826.776 0.325782 0.022438 0.666471 -0.648422 -1.95233 -2.5872 -5.10297 -819.085 0 
1 825.663 0.321539 0.0224088 0.668744 -0.64422 -1.96203 -1.8429 -4.77863 -819.041 0 
1 824.4 0.319767 0.0223685 0.669377 -0.630071 -2.01983 -0.540562 -4.69722 -819.162 0 
1 825.195 0.324608 0.0222321 0.66719 -0.650845 -2.01897 -0.835371 -5.4728 -818.887 0 
1 826.284 0.33042 0.0221946 0.662665 -0.638953 -2.04314 -1.26121 -5.78998 -819.233 0 
10 825.208 0.325886 0.0223134 0.664869 -0.623482 -2.06608 -0.95372 -4.85537 -819.399 0 
8 826.076 0.326142 0.0222004 0.666627 -0.653491 -2.05044 -1.2688 -5.9826 -818.825 0 
3 826.382 0.327057 0.0222065 0.665457 -0.650162 -2.04046 -1.58635 -5.89661 -818.899 0 
1 827.013 0.328243 0.0223755 0.663956 -0.627621 -2.06119 -2.40349 -5.21217 -819.398 0 
3 826.756 0.320774 0.0224941 0.672228 -0.646758 -2.06223 -2.54141 -5.3428 -818.872 0 
2 824.935 0.317541 0.0224704 0.673447 -0.640674 -2.03951 -0.900647 -5.08212 -818.953 0 
3 824.347 0.31787 0.0224272 0.671266 -0.621062 -2.05012 -0.361149 -4.74194 -819.244 0 
2 824.489 0.321352 0.0222822 0.666671 -0.611967 -2.04144 -0.49775 -4.36452 -819.627 0 
8 824.942 0.324276 0.0222403 0.664705 -0.620716 -1.99359 -0.969944 -4.31179 -819.66 0 
1 824.744 0.320363 0.022232 0.670136 -0.650607 -1.9885 -0.858949 -4.9912 -818.894 0 
3 826.35 0.316312 0.0223158 0.674318 -0.657297 -1.96946 -2.35286 -5.1188 -818.878 0 
2 826.313 0.319277 0.0222904 0.672705 -0.661725 -1.98788 -2.21428 -5.27993 -818.818 0 
2 823.914 0.318353 0.0224206 0.671301 -0.643966 -1.9384 -0.234334 -4.64729 -819.032 0 
10 823.918 0.316413 0.0224427 0.671338 -0.639943 -1.87874 -0.195069 -4.54152 -819.182 0 
2 825.177 0.320837 0.0224834 0.665079 -0.607485 -1.872 -0.594194 -4.05445 -820.529 0 
2 825.057 0.320783 0.0224578 0.668642 -0.642678 -1.9036 -1.41219 -4.4627 -819.182 0 
1 825.266 0.320341 0.0225758 0.669327 -0.636907 -1.88327 -1.62731 -4.27219 -819.366 0 
3 824.879 0.314296 0.0225275 0.673984 -0.658993 -1.81621 -1.18235 -4.74578 -818.95 0 
10 825.016 0.314616 0.02249 0.671102 -0.625762 -1.86325 -0.770049 -4.73243 -819.514 0 
11 825.12 0.315052 0.0225184 0.672061 -0.629837 -1.87951 -1.06759 -4.6791 -819.373 0 
4 824.993 0.322549 0.0224475 0.667535 -0.630767 -1.93233 -1.24723 -4.26916 -819.477 0 
1 824.35 0.3168 0.0224232 0.670193 -0.627297 -1.92921 -0.439365 -4.55094 -819.36 0 
1 824.097 0.319061 0.0222712 0.67074 -0.655195 -1.95044 -0.254525 -4.96412 -818.878 0 
4 824.234 0.319136 0.0224322 0.671072 -0.633778 -2.02572 -0.36548 -4.79785 -819.071 0 
5 825.024 0.311612 0.0223347 0.676822 -0.64309 -2.04914 -0.185798 -5.80869 -819.029 0 
1 824.569 0.316589 0.0224206 0.671373 -0.627371 -2.00052 -0.590727 -4.78933 -819.189 0 
4 824.654 0.316558 0.0224692 0.672107 -0.633804 -1.98062 -0.748298 -4.79901 -819.107 0 
8 824.682 0.320252 0.022382 0.667004 -0.61337 -1.99125 -0.665069 -4.30783 -819.709 0 
1 825.709 0.319355 0.0223957 0.668144 -0.62325 -1.97317 -1.84126 -4.43753 -819.431 0 
3 825.27 0.3256 0.0224348 0.662941 -0.601648 -2.01103 -0.781327 -4.07244 -820.416 0 
4 825.496 0.330574 0.0222571 0.659749 -0.609547 -2.03856 -0.523869 -4.67395 -820.298 0 
2 825.612 0.329021 0.0222146 0.66236 -0.623968 -2.07438 -0.910055 -5.20205 -819.5 0 
1 826.033 0.322542 0.0222746 0.669329 -0.650328 -2.06618 -1.54735 -5.65313 -818.833 0 
2 827.532 0.320096 0.0221258 0.673211 -0.677635 -2.06332 -2.07855 -6.55126 -818.902 0 
5 827.69 0.323204 0.0220239 0.668941 -0.670017 -2.04525 -2.56699 -6.38131 -818.742 0 
1 826.618 0.326886 0.0221333 0.663044 -0.62169 -2.09397 -2.17425 -5.04026 -819.404 0 
1 827.555 0.328706 0.0222575 0.661861 -0.616515 -2.08528 -2.85739 -5.00951 -819.688 0 
1 826.292 0.332206 0.0222777 0.658649 -0.597231 -2.11072 -0.88162 -4.80379 -820.607 0 
4 826.879 0.333521 0.0223191 0.659711 -0.61323 -2.09515 -1.2961 -5.50538 -820.078 0 
2 826.046 0.330657 0.0224202 0.660888 -0.593689 -2.12534 -0.940502 -4.53951 -820.566 0 
2 826.341 0.326111 0.0224334 0.665095 -0.591282 -2.17831 -1.8702 -4.38948 -820.081 0 
3 827.372 0.329364 0.0224971 0.659115 -0.544291 -2.25563 -1.10866 -3.87868 -822.385 0 
2 825.68 0.324664 0.0224473 0.665952 -0.577128 -2.26662 -1.04679 -4.46597 -820.168 0 
2 826.478 0.321894 0.022475 0.667284 -0.573617 -2.22858 -1.7389 -4.42691 -820.312 0 
1 824.578 0.325484 0.0222681 0.664528 -0.600507 -2.16346 -0.229366 -4.58497 -819.764 0 
5 825.313 0.321502 0.0221729 0.668517 -0.620003 -2.16268 -1.1174 -5.07744 -819.118 0 
2 824.522 0.31776 0.0223197 0.670471 -0.611202 -2.11175 -0.342513 -4.85617 -819.323 0 
2 824.938 0.317325 0.0222896 0.670488 -0.612945 -2.12448 -0.688898 -4.99778 -819.252 0 
1 824.778 0.319016 0.0223756 0.669354 -0.607829 -2.12395 -0.598666 -4.77163 -819.408 0 
3 824.029 0.318466 0.0224045 0.670826 -0.624358 -2.0478 -0.0907582 -4.74458 -819.193 0 
1 824.736 0.313915 0.0224038 0.675748 -0.63745 -2.08908 -0.139064 -5.597 -819 0 
4 825.899 0.30961 0.0224962 0.678063 -0.619281 -2.10248 -0.473457 -6.25948 -819.166 0 
3 825.562 0.311721 0.0224786 0.67472 -0.611439 -2.05318 -0.584339 -5.65794 -819.32 0 
1 826.158 0.315466 0.0224226 0.671263 -0.598637 -2.07752 -1.47701 -5.00832 -819.673 0 
1 826.542 0.312695 0.02245 0.672363 -0.599088 -2.06074 -1.41173 -5.51816 -819.612 0 
1 826.817 0.316863 0.0223799 0.668951 -0.598461 -2.08139 -2.30511 -4.79111 -819.721 0 
2 825.14 0.312543 0.0223843 0.674277 -0.621194 -2.0491 -0.493891 -5.47487 -819.171 0 
3 825.311 0.315826 0.0224459 0.672402 -0.626442 -2.03465 -1.18416 -4.99055 -819.136 0 
3 824.963 0.315044 0.0223214 0.674951 -0.651304 -2.00873 -0.736927 -5.30383 -818.922 0 
9 824.173 0.319842 0.0223417 0.670911 -0.650527 -1.99004 -0.241163 -5.03975 -818.892 0 
1 825.268 0.313185 0.0222675 0.677195 -0.666335 -2.01266 -0.383414 -5.84513 -819.039 0 
1 825.243 0.31598 0.0222126 0.674684 -0.667515 -2.01651 -0.530794 -5.7794 -818.933 0 
1 825.909 0.316649 0.0222647 0.676021 -0.685047 -1.99054 -0.671664 -6.20595 -819.031 0 
3 825.609 0.314066 0.0222661 0.674529 -0.650936 -2.01869 -1.15541 -5.50631 -818.948 0 
4 826.845 0.325573 0.0221861 0.667925 -0.663865 -2.05566 -1.6447 -6.4756 -818.724 0 
1 826.523 0.321001 0.0222538 0.671372 -0.666642 -2.03902 -1.67949 -6.0544 -818.789 0 
2 826.211 0.316839 0.0224552 0.675149 -0.660749 -2.02282 -1.72761 -5.60054 -818.883 0 
5 827.52 0.312306 0.0224872 0.680512 -0.686539 -1.97213 -1.98134 -6.25216 -819.286 0 
6 825.135 0.316656 0.0224568 0.674877 -0.661722 -1.96988 -0.9939 -5.27971 -818.862 0 
2 825.49 0.311557 0.0223692 0.679482 -0.674774 -1.9955 -0.170054 -6.1248 -819.196 0 
13 824.806 0.31675 0.0223947 0.67402 -0.654832 -2.00836 -0.586858 -5.33741 -818.882 0 
5 825.022 0.323188 0.0222257 0.668628 -0.64559 -2.05837 -0.781121 -5.3478 -818.893 0 
5 825.075 0.322418 0.0223933 0.66769 -0.615668 -2.05448 -1.13701 -4.42151 -819.517 0 
2 825.137 0.323837 0.0223922 0.662988 -0.592207 -2.01271 -0.440312 -3.98363 -820.713 0 
2 824.947 0.324533 0.0222807 0.662942 -0.604276 -2.00992 -0.621262 -4.09752 -820.229 0 
1 827.716 0.322017 0.0222662 0.663707 -0.603146 -2.00008 -3.42182 -4.14096 -820.153 0 
5 828.015 0.317988 0.0223071 0.665471 -0.590186 -1.97356 -2.92547 -4.51582 -820.574 0 
2 826.431 0.317539 0.0222959 0.668911 -0.612127 -1.99211 -2.27226 -4.53713 -819.622 0 
2 825.634 0.309848 0.0223928 0.677123 -0.638907 -1.96987 -0.77505 -5.8042 -819.054 0 
3 827.181 0.310207 0.0221749 0.678649 -0.674146 -1.95495 -2.00447 -6.00414 -819.172 0 
3 826.005 0.314571 0.0221854 0.672934 -0.648187 -1.95556 -1.98593 -5.06887 -818.95 0 
3 826.197 0.316981 0.0221163 0.671642 -0.653905 -1.98248 -2.18421 -5.12987 -818.883 0 
2 826.521 0.32418 0.0221843 0.66494 -0.645355 -1.93646 -2.56888 -4.8083 -819.144 0 
1 826.299 0.325829 0.0223814 0.663932 -0.64195 -1.87283 -2.2683 -4.52746 -819.503 0 
2 826.165 0.331241 0.0222175 0.661715 -0.662076 -1.86298 -1.05678 -5.89306 -819.215 0 
1 825.134 0.329242 0.0222053 0.660458 -0.638499 -1.85411 -0.596449 -4.62825 -819.909 0 
2 825.288 0.325782 0.0222988 0.664014 -0.644788 -1.82181 -1.38164 -4.30275 -819.604 0 
1 826.204 0.32698 0.0222535 0.661222 -0.634463 -1.85105 -1.94396 -4.33476 -819.926 0 
3 826.337 0.331796 0.0221762 0.658134 -0.633138 -1.87944 -1.18751 -4.95753 -820.192 0 
12 824.942 0.324497 0.0222852 0.662661 -0.628637 -1.81553 -0.8098 -3.97353 -820.159 0 
3 825.353 0.329871 0.0222465 0.660219 -0.634571 -1.85469 -0.675114 -4.56814 -820.11 0 
7 825.277 0.326923 0.0222253 0.664733 -0.662039 -1.85359 -1.11637 -5.09033 -819.07 0 
6 826.106 0.331577 0.0221868 0.658985 -0.631357 -1.89435 -1.07814 -4.85335 -820.174 0 
1 826.731 0.328921 0.0221587 0.661524 -0.629753 -1.95493 -2.28481 -4.68051 -819.766 0 
1 826.034 0.319291 0.0221377 0.668678 -0.635787 -1.99372 -2.26088 -4.6797 -819.093 0 
1 826.267 0.321841 0.0220887 0.667045 -0.638073 -2.03163 -2.30638 -4.93091 -819.029 0 
4 825.278 0.321677 0.0221867 0.667909 -0.6187 -2.12792 -1.21683 -4.84648 -819.215 0 
4 825.925 0.321802 0.0221752 0.667148 -0.624477 -2.10013 -1.83399 -4.93566 -819.155 0 
1 826.586 0.324827 0.0221423 0.668125 -0.649661 -2.10959 -1.78565 -5.99696 -818.803 0 
5 827.478 0.322464 0.022228 0.670932 -0.649498 -2.12681 -2.79651 -5.86772 -818.814 0 
2 824.514 0.320784 0.022445 0.668742 -0.60704 -2.11976 -0.402166 -4.61264 -819.499 0 
4 825.041 0.314006 0.0223078 0.676171 -0.638846 -2.15021 -0.0709274 -5.93979 -819.03 0 
1 826.984 0.314021 0.0222207 0.677086 -0.646655 -2.17257 -1.66546 -6.22236 -819.096 0 
1 826.097 0.318496 0.0222297 0.672953 -0.629009 -2.21862 -1.40446 -5.7265 -818.966 0 
1 826.216 0.312239 0.0223845 0.678431 -0.632426 -2.1927 -0.858058 -6.23863 -819.119 0 
1 826.386 0.312882 0.0224692 0.675313 -0.601829 -2.17264 -1.33214 -5.73281 -819.321 0 
3 826.371 0.313589 0.0222354 0.675792 -0.639225 -2.10929 -1.63003 -5.72771 -819.013 0 
1 826.609 0.323716 0.0222492 0.667352 -0.612211 -2.16652 -2.45085 -4.82743 -819.331 0 
1 825.74 0.323911 0.0221368 0.665734 -0.604558 -2.20819 -1.42189 -4.89443 -819.424 0 
1 825.736 0.328174 0.0221723 0.662533 -0.593094 -2.2348 -1.00811 -4.83422 -819.894 0 
3 825.795 0.316697 0.0223015 0.670288 -0.601516 -2.16044 -1.30949 -5.07429 -819.411 0 
2 825.573 0.319748 0.0224673 0.669908 -0.599721 -2.20052 -1.2286 -4.90519 -819.439 0 
8 825.996 0.319594 0.0224596 0.672687 -0.624191 -2.19702 -1.53806 -5.45582 -819.002 0 
4 825.19 0.313544 0.0223018 0.675188 -0.618661 -2.19865 -0.207023 -5.87952 -819.104 0 
1 824.914 0.320693 0.0222614 0.668641 -0.607226 -2.2051 -0.602278 -5.03527 -819.276 0 
5 824.827 0.321123 0.0222992 0.670595 -0.630256 -2.16366 -0.447261 -5.41877 -818.961 0 
5 824.784 0.319882 0.0223312 0.671721 -0.633805 -2.1478 -0.400108 -5.44505 -818.939 0 
1 825.301 0.314672 0.0222396 0.674982 -0.645562 -2.10691 -0.514385 -5.80219 -818.984 0 
1 828.744 0.317854 0.0225712 0.670768 -0.606418 -2.10985 -4.47386 -4.82513 -819.445 0 
1 829.01 0.32451 0.0225331 0.664858 -0.580341 -2.20192 -4.33391 -4.35616 -820.32 0 
1 829.537 0.319117 0.0225987 0.667592 -0.568097 -2.19564 -4.34537 -4.66378 -820.528 0 
1 827.26 0.310344 0.0225356 0.676586 -0.595271 -2.20629 -1.45521 -6.43329 -819.371 0 
1 827.242 0.315792 0.022409 0.669263 -0.565553 -2.236 -1.6404 -5.344 -820.257 0 
2 826.553 0.316723 0.0224682 0.669796 -0.573841 -2.23266 -1.40658 -5.13744 -820.009 0 
1 827.032 0.315968 0.0225461 0.671569 -0.574427 -2.27038 -1.82077 -5.37891 -819.832 0 
1 826.488 0.314906 0.0224545 0.672575 -0.585495 -2.26138 -1.36944 -5.59323 -819.525 0 
1 826.354 0.314584 0.022554 0.673999 -0.576447 -2.30948 -0.955729 -5.76738 -819.631 0 
4 826.118 0.310198 0.0224159 0.678118 -0.602876 -2.27907 -0.120099 -6.73563 -819.263 0 
4 825.81 0.317702 0.0224557 0.673623 -0.61438 -2.24864 -1.1204 -5.61162 -819.078 0 
2 828.716 0.319516 0.0225482 0.674173 -0.620418 -2.26795 -3.92962 -5.78709 -819 0 
4 828.628 0.325089 0.0224494 0.668191 -0.605753 -2.30501 -3.76593 -5.66639 -819.195 0 
1 828.746 0.321416 0.0226504 0.669719 -0.577919 -2.30006 -4.09272 -4.81308 -819.84 0 
1 827.318 0.320162 0.0225798 0.670496 -0.583969 -2.29632 -2.68944 -5.01093 -819.618 0 
3 827.939 0.314951 0.0226072 0.675652 -0.597623 -2.29445 -2.84849 -5.83805 -819.253 0 
1 828.951 0.315326 0.0226839 0.67486 -0.580275 -2.32491 -3.72172 -5.70622 -819.523 0 
2 830.332 0.315201 0.0226509 0.677117 -0.60149 -2.35443 -4.95285 -6.19657 -819.183 0 
6 827.846 0.311426 0.0224927 0.679148 -0.622419 -2.27007 -1.92858 -6.70821 -819.21 0 
3 827.77 0.308878 0.0224835 0.680154 -0.602219 -2.3431 -1.05491 -7.36943 -819.345 0 
1 826.974 0.309066 0.0223696 0.679615 -0.597278 -2.38511 -0.117591 -7.47806 -819.379 0 
2 827.736 0.309148 0.0223254 0.679952 -0.597062 -2.40269 -0.822585 -7.51726 -819.396 0 
2 827.429 0.314726 0.0222763 0.67232 -0.572266 -2.40356 -1.78543 -6.09928 -819.545 0 
2 827.574 0.318226 0.0223727 0.669318 -0.545404 -2.42375 -1.83072 -5.33116 -820.412 0 
1 826.667 0.31833 0.0223848 0.66904 -0.554409 -2.357 -1.18818 -5.14622 -820.333 0 
2 828.34 0.32003 0.0223006 0.669303 -0.570223 -2.36062 -3.49102 -5.01616 -819.833 0 
1 828.197 0.320008 0.02216 0.66659 -0.56175 -2.34047 -3.11649 -4.87957 -820.201 0 
1 827.803 0.323671 0.0221047 0.663883 -0.560268 -2.37185 -2.83036 -4.64087 -820.331 0 
12 826.65 0.328988 0.022177 0.661177 -0.558244 -2.38937 -1.37548 -4.58151 -820.693 0 
9 827.516 0.328781 0.0221156 0.662432 -0.570592 -2.40853 -2.39455 -5.06051 -820.061 0 
6 827.38 0.334295 0.0221837 0.658244 -0.553558 -2.4587 -1.18429 -5.2311 -820.965 0 
9 826.242 0.327493 0.0222887 0.663894 -0.560407 -2.43041 -1.13461 -4.81059 -820.297 0 
1 827.745 0.323322 0.0222813 0.667446 -0.567371 -2.41756 -2.91066 -4.96239 -819.872 0 
3 827.074 0.327317 0.0222207 0.665868 -0.586291 -2.42439 -1.94547 -5.69275 -819.435 0 
1 826.398 0.326148 0.0223898 0.666432 -0.573471 -2.41757 -1.46561 -5.1407 -819.792 0 
1 825.804 0.321534 0.0224573 0.669193 -0.580075 -2.31439 -1.20455 -4.87116 -819.729 0 
1 827.924 0.326787 0.0224378 0.666779 -0.585844 -2.35462 -3.12275 -5.1682 -819.633 0 
2 826.059 0.319914 0.0224294 0.670912 -0.5916 -2.34154 -1.29049 -5.44378 -819.325 0 
1 825.297 0.317381 0.0223575 0.670864 -0.568605 -2.38477 -0.0760537 -5.49651 -819.724 0 
1 825.93 0.321946 0.0221654 0.66719 -0.576592 -2.39222 -1.10923 -5.20403 -819.617 0 
10 824.82 0.321486 0.022305 0.668318 -0.588689 -2.30908 -0.238191 -5.08475 -819.497 0 
2 825.148 0.322395 0.0222988 0.665227 -0.572447 -2.24307 -0.385151 -4.43727 -820.326 0 
2 825.366 0.327834 0.0223425 0.661123 -0.563745 -2.23794 -0.0883346 -4.09388 -821.184 0 
1 825.948 0.330664 0.022382 0.660037 -0.572456 -2.23197 -0.543797 -4.39516 -821.009 0 
3 826.126 0.325788 0.0222581 0.662122 -0.580496 -2.18688 -1.38281 -4.26687 -820.476 0 
15 824.728 0.318066 0.022451 0.670195 -0.590493 -2.18863 -0.179164 -4.87817 -819.671 0 
2 826.055 0.314764 0.0225092 0.675249 -0.61482 -2.15508 -1.47909 -5.42321 -819.153 0 
1 827.825 0.309267 0.022557 0.676542 -0.602492 -2.10645 -2.01958 -6.43367 -819.372 0 
1 825.024 0.31616 0.0224106 0.670725 -0.604316 -2.08816 -0.589938 -4.92854 -819.505 0 
3 824.669 0.320409 0.0223712 0.670827 -0.632632 -2.08547 -0.643931 -5.01024 -819.015 0 
1 825.043 0.315971 0.0222432 0.674469 -0.646135 -2.11767 -0.317014 -5.77234 -818.954 0 
1 826.251 0.317271 0.0221952 0.673906 -0.666576 -2.05925 -1.24955 -6.07136 -818.93 0 
4 826.28 0.321698 0.0220976 0.670027 -0.670008 -2.00877 -1.56912 -5.94895 -818.762 0 
1 825.106 0.323221 0.0223629 0.668494 -0.639805 -2.0503 -0.965935 -5.14998 -818.99 0 
2 824.461 0.325048 0.0223232 0.664714 -0.604617 -2.0969 -0.228284 -4.37583 -819.857 0 
4 826.602 0.314295 0.0222913 0.6743 -0.626992 -2.08682 -2.19286 -5.34201 -819.067 0 
1 825.863 0.323613 0.0222466 0.665645 -0.602028 -2.12718 -1.69491 -4.41457 -819.753 0 
3 825.821 0.322292 0.0223563 0.668186 -0.61584 -2.08729 -1.86698 -4.54821 -819.406 0 
8 824.573 0.322472 0.0224269 0.667506 -0.617341 -2.06277 -0.586168 -4.54236 -819.444 0 
2 824.827 0.314004 0.0224314 0.674981 -0.62944 -2.05725 -0.457312 -5.3075 -819.063 0 
1 825.052 0.31877 0.0224332 0.670656 -0.616939 -2.06015 -1.07743 -4.63798 -819.337 0 
8 826.073 0.320073 0.0223269 0.672792 -0.657015 -2.05582 -1.65771 -5.59172 -818.823 0 
1 825.566 0.319557 0.0222744 0.673235 -0.671906 -2.01602 -0.80722 -5.93222 -818.826 0 
2 825.118 0.320047 0.0223787 0.672343 -0.665675 -1.96885 -0.93532 -5.38792 -818.795 0 
6 826.064 0.325436 0.0223684 0.667939 -0.654082 -1.98704 -1.76497 -5.39946 -818.899 0 
1 824.662 0.324185 0.0224076 0.666957 -0.647493 -1.91718 -0.798226 -4.72005 -819.144 0 
2 824.743 0.320486 0.0222936 0.668079 -0.650348 -1.88414 -1.12959 -4.5545 -819.058 0 
4 824.661 0.32223 0.0222156 0.669034 -0.676468 -1.87158 -0.582531 -5.3247 -818.753 0 
2 824.387 0.312623 0.0223807 0.676429 -0.671085 -1.84971 -0.323291 -5.16228 -818.901 0 
2 825.216 0.314326 0.0222399 0.67583 -0.70033 -1.80611 -0.694815 -5.53506 -818.986 0 
1 826.394 0.313496 0.0223899 0.675836 -0.690126 -1.78723 -2.27431 -5.22471 -818.895 0 
4 825.242 0.310876 0.0224638 0.676712 -0.673494 -1.78056 -1.15108 -5.18102 -818.91 0 
2 826.265 0.313905 0.0224828 0.672868 -0.656173 -1.79169 -2.54713 -4.70651 -819.012 0 
8 824.572 0.31699 0.0224583 0.674088 -0.680809 -1.80183 -0.907829 -4.86598 -818.798 0 
1 825.29 0.31336 0.0225438 0.674863 -0.653086 -1.8153 -1.46233 -4.80968 -819.018 0 
1 825.685 0.313185 0.022619 0.672802 -0.642316 -1.75047 -1.56603 -4.76909 -819.35 0 
2 825.278 0.314203 0.0226281 0.673525 -0.662274 -1.69358 -1.70507 -4.4901 -819.083 0 
4 825.931 0.318143 0.0226473 0.668516 -0.645067 -1.67628 -2.07768 -4.10341 -819.75 0 
2 825.652 0.310786 0.0226348 0.676377 -0.670118 -1.66778 -1.75527 -4.93218 -818.965 0 
3 825.723 0.316203 0.0226216 0.672761 -0.665931 -1.6956 -2.35712 -4.31015 -819.056 0 
3 825.947 0.314051 0.0226374 0.675955 -0.692261 -1.646 -2.54651 -4.58495 -818.816 0 
1 824.247 0.315887 0.0225162 0.673816 -0.690376 -1.66749 -0.897872 -4.54652 -818.802 0 
4 826.625 0.318307 0.0225119 0.674064 -0.70039 -1.68938 -3.0682 -4.81284 -818.744 0 
2 824.526 0.323285 0.0225211 0.66537 -0.646042 -1.73088 -0.720886 -4.01505 -819.79 0 
3 823.938 0.322119 0.0224623 0.665731 -0.653426 -1.69026 -0.291016 -4.01469 -819.633 0 
4 823.614 0.31991 0.022301 0.670307 -0.697146 -1.66846 -0.12849 -4.73624 -818.749 0 
1 823.801 0.321809 0.0223251 0.668256 -0.683889 -1.67999 -0.38932 -4.5114 -818.9 0 
4 823.818 0.314183 0.0223544 0.674938 -0.691684 -1.71161 -0.197748 -4.79822 -818.822 0 
9 824.124 0.319192 0.0223764 0.671512 -0.683981 -1.74491 -0.660221 -4.67528 -818.788 0 
3 824.499 0.327022 0.0224054 0.662321 -0.652492 -1.71496 -0.313393 -4.31913 -819.867 0 
3 824.619 0.326694 0.0224543 0.66333 -0.653599 -1.71886 -0.530836 -4.30326 -819.785 0 
6 823.786 0.319488 0.0223707 0.667762 -0.660504 -1.68603 -0.389027 -4.09126 -819.306 0 
2 824.392 0.318823 0.022369 0.667025 -0.65002 -1.69957 -0.784173 -4.07679 -819.531 0 
1 824.548 0.316259 0.0225182 0.670111 -0.650263 -1.71906 -0.905926 -4.29486 -819.347 0 
9 823.499 0.316359 0.0224158 0.671651 -0.666393 -1.74258 -0.111126 -4.4207 -818.967 0 
2 823.558 0.318067 0.0223083 0.671429 -0.683331 -1.742 -0.105577 -4.65603 -818.797 0 
1 824.109 0.323314 0.0222423 0.665166 -0.660522 -1.75067 -0.529885 -4.31516 -819.264 0 
3 823.938 0.320106 0.0222998 0.669846 -0.677794 -1.78917 -0.333299 -4.79931 -818.805 0 
2 824.24 0.322939 0.0224113 0.664309 -0.631393 -1.79971 -0.251137 -3.97456 -820.014 0 
1 823.68 0.317394 0.0223705 0.670138 -0.651876 -1.80839 -0.181105 -4.3834 -819.116 0 
2 823.82 0.320526 0.0222783 0.667875 -0.65223 -1.8394 -0.316738 -4.38327 -819.12 0 
1 826.474 0.324751 0.0220961 0.663644 -0.637458 -1.91705 -2.60379 -4.43899 -819.431 0 
2 826.568 0.325884 0.0221102 0.661833 -0.622665 -1.95225 -2.42594 -4.29215 -819.85 0 
4 824.892 0.324467 0.0222116 0.663665 -0.623066 -1.95968 -0.896459 -4.27384 -819.722 0 
5 825.35 0.321009 0.022278 0.668387 -0.633085 -1.97773 -1.63991 -4.48521 -819.225 0 
3 824.358 0.325619 0.0223078 0.664966 -0.633376 -1.96277 -0.353683 -4.5673 -819.437 0 
2 823.881 0.318863 0.0223258 0.670412 -0.656458 -1.89232 -0.238009 -4.72023 -818.922 0 
4 824.833 0.324309 0.0223408 0.666056 -0.660281 -1.83175 -1.01074 -4.74383 -819.079 0 
2 824.049 0.325068 0.0222829 0.664792 -0.646722 -1.86209 -0.205023 -4.48327 -819.361 0 
2 825.423 0.328031 0.0222619 0.660731 -0.620669 -1.88918 -0.874625 -4.15433 -820.394 0 
1 824.198 0.325276 0.0223537 0.663232 -0.622331 -1.89672 -0.0408611 -4.08014 -820.077 0 
2 826.494 0.317371 0.0223888 0.667524 -0.606905 -1.90481 -1.87703 -4.47209 -820.145 0 
1 825.878 0.322739 0.0225742 0.666025 -0.618636 -1.87313 -1.7327 -3.9774 -820.168 0 
1 826.253 0.322509 0.0226305 0.665808 -0.614636 -1.86729 -1.94167 -3.95742 -820.354 0 
4 825.182 0.321748 0.0225186 0.665661 -0.614337 -1.86764 -0.879617 -3.99269 -820.309 0 
5 824.201 0.316384 0.022484 0.671178 -0.642736 -1.82366 -0.520171 -4.43228 -819.249 0 
1 824.969 0.323935 0.022475 0.663984 -0.623419 -1.85197 -0.824575 -3.98792 -820.156 0 
1 824.951 0.318463 0.0223143 0.669026 -0.651774 -1.84128 -1.42384 -4.45314 -819.074 0 
1 826.178 0.324499 0.0221528 0.665354 -0.657404 -1.9083 -2.12983 -5.07895 -818.969 0 
2 828.748 0.322256 0.0220832 0.667427 -0.672097 -1.90393 -4.51346 -5.46998 -818.764 0 
2 825.968 0.326927 0.0221236 0.663169 -0.648757 -1.9265 -1.70266 -5.07979 -819.185 0 
1 827.432 0.316395 0.0223102 0.675028 -0.677694 -1.88356 -3.44301 -5.15313 -818.836 0 
7 823.839 0.32274 0.0223764 0.667282 -0.642027 -1.90848 -0.145258 -4.44413 -819.249 0 
1 824.323 0.318296 0.0224597 0.670633 -0.641806 -1.91565 -0.661197 -4.55138 -819.11 0 
9 823.856 0.320418 0.0223963 0.668021 -0.626706 -1.9432 -0.0843507 -4.30331 -819.468 0 
1 825.205 0.327059 0.0223155 0.664859 -0.647794 -1.91397 -1.05192 -4.901 -819.252 0 
1 824.188 0.319762 0.0222594 0.669272 -0.654807 -1.87119 -0.654648 -4.54401 -818.989 0 
1 824.004 0.31998 0.0222818 0.670399 -0.665665 -1.87806 -0.312434 -4.85188 -818.84 0 
7 824.281 0.315498 0.022475 0.672525 -0.634978 -1.94007 -0.364368 -4.77723 -819.139 0 
3 824.232 0.316008 0.0224158 0.673939 -0.655973 -1.946 -0.277915 -5.06336 -818.89 0 
4 825.641 0.318921 0.0225395 0.672593 -0.663486 -1.86717 -2.03531 -4.73716 -818.869 0 
6 825.207 0.310928 0.022541 0.676986 -0.658942 -1.84307 -0.978017 -5.27769 -818.952 0 
2 826.428 0.30974 0.0225349 0.676213 -0.644286 -1.85476 -1.82587 -5.5358 -819.067 0 
2 826.199 0.309403 0.022541 0.677652 -0.643097 -1.92579 -1.38096 -5.77673 -819.042 0 
2 826.831 0.314817 0.0226627 0.671698 -0.621161 -1.87716 -2.48768 -4.73092 -819.613 0 
2 827.872 0.310072 0.0227038 0.675313 -0.62257 -1.85655 -2.69174 -5.71791 -819.463 0 
6 825.491 0.313075 0.0225164 0.67337 -0.63327 -1.89677 -1.27506 -5.0084 -819.207 0 
3 825.682 0.31186 0.0225658 0.674611 -0.642688 -1.83678 -1.46575 -5.09064 -819.125 0 
1 827.101 0.309645 0.022635 0.676016 -0.638607 -1.82607 -2.35615 -5.56401 -819.181 0 
1 827.195 0.310813 0.0225795 0.676337 -0.638627 -1.86047 -2.67355 -5.38006 -819.142 0 
1 826.171 0.308591 0.0225325 0.680833 -0.667088 -1.89404 -1.21158 -5.8972 -819.063 0 
2 826.942 0.309645 0.022318 0.681035 -0.686533 -1.91914 -1.52231 -6.09905 -819.321 0 
2 826.634 0.310403 0.0224234 0.679518 -0.661406 -1.96262 -1.79102 -5.79743 -819.046 0 
2 826.011 0.310903 0.0225122 0.678514 -0.649344 -1.96836 -1.38142 -5.62914 -819 0 
4 829.303 0.306173 0.0225297 0.682999 -0.658099 -1.94781 -3.53115 -6.58831 -819.184 0 
4 829.013 0.303361 0.0224079 0.685645 -0.672218 -1.96247 -1.9697 -7.4055 -819.638 0 
3 828.331 0.307343 0.0224214 0.683551 -0.680055 -1.95523 -2.33645 -6.52443 -819.471 0 
2 826.756 0.305781 0.0224265 0.684244 -0.690833 -1.87947 -0.570525 -6.60146 -819.584 0 
1 826.327 0.307398 0.0223972 0.683281 -0.708653 -1.79454 -0.577214 -6.15904 -819.591 0 
2 826.047 0.307511 0.0223987 0.681282 -0.677249 -1.86836 -0.797863 -6.07538 -819.174 0 
4 828.384 0.304574 0.0225856 0.68359 -0.666693 -1.84867 -2.5214 -6.69892 -819.163 0 
2 827.044 0.310377 0.0225572 0.67488 -0.630928 -1.827 -2.16604 -5.5342 -819.344 0 
1 826.932 0.308569 0.0225241 0.678446 -0.653648 -1.82341 -2.21043 -5.71246 -819.009 0 
1 826.889 0.307625 0.0225632 0.677532 -0.648373 -1.76537 -1.85585 -5.93345 -819.1 0 
5 826.459 0.308249 0.0224932 0.677126 -0.659075 -1.7254 -1.83088 -5.60793 -819.02 0 
1 826.157 0.307663 0.0223847 0.677619 -0.67592 -1.70867 -1.6478 -5.56064 -818.949 0 
1 825.069 0.309855 0.0224401 0.675903 -0.665284 -1.7319 -0.902574 -5.20762 -818.958 0 
1 825.238 0.309944 0.0223514 0.677473 -0.680203 -1.79002 -0.869059 -5.40688 -818.962 0 
3 825.653 0.307647 0.0223525 0.679759 -0.686699 -1.78251 -0.737923 -5.80647 -819.109 0 
7 826.081 0.310473 0.0222942 0.678244 -0.692058 -1.75799 -1.78532 -5.30512 -818.99 0 
1 825.249 0.316662 0.0223337 0.673277 -0.67991 -1.77341 -1.74714 -4.6929 -818.809 0 
1 824.456 0.31253 0.0223778 0.67379 -0.663029 -1.75257 -0.681439 -4.81143 -818.963 0 
4 824.287 0.321011 0.0222697 0.666792 -0.655985 -1.75883 -0.843272 -4.1807 -819.263 0 
1 824.457 0.322176 0.022267 0.665859 -0.658918 -1.72793 -0.970379 -4.15623 -819.33 0 
4 825.574 0.328601 0.0222843 0.658767 -0.621983 -1.78941 -0.562407 -4.03951 -820.972 0 
2 825.027 0.325316 0.0223344 0.661691 -0.620231 -1.8206 -0.543167 -3.90894 -820.575 0 
2 825.534 0.325122 0.0224832 0.662913 -0.620042 -1.80907 -1.00963 -3.89004 -820.635 0 
2 824.41 0.327924 0.0223648 0.661858 -0.645067 -1.77819 -0.0882657 -4.40328 -819.919 0 
3 824.776 0.328956 0.0223764 0.660934 -0.637129 -1.81129 -0.198967 -4.42273 -820.154 0 
1 823.701 0.32343 0.0223125 0.665356 -0.657047 -1.76052 -0.0888034 -4.28118 -819.331 0 
1 823.956 0.321725 0.022451 0.667033 -0.660757 -1.71915 -0.487207 -4.17983 -819.289 0 
1 823.918 0.322473 0.0224484 0.667026 -0.659895 -1.7487 -0.401502 -4.26541 -819.251 0 
7 824.774 0.328576 0.0223083 0.66271 -0.66027 -1.77703 -0.436659 -4.90426 -819.433 0 
1 826.006 0.313047 0.0223121 0.678687 -0.72095 -1.71632 -1.2714 -5.54488 -819.189 0 
1 826.101 0.307926 0.0224421 0.681441 -0.702737 -1.70757 -1.3625 -5.5795 -819.159 0 
3 825.188 0.308431 0.022488 0.681356 -0.710151 -1.68519 -0.464962 -5.52304 -819.2 0 
2 824.599 0.309488 0.0223554 0.679651 -0.713313 -1.67321 -0.0390565 -5.39942 -819.161 0 
1 825.815 0.308959 0.0222519 0.677819 -0.700376 -1.6658 -1.55182 -5.27039 -818.993 0 
2 825.987 0.315039 0.0222104 0.671138 -0.684384 -1.62134 -2.73452 -4.36564 -818.887 0 
3 824.702 0.318183 0.0222354 0.670357 -0.698658 -1.59762 -1.50573 -4.40333 -818.793 0 
3 824.118 0.324454 0.0222957 0.665273 -0.684109 -1.61509 -0.499525 -4.48914 -819.129 0 
1 824.413 0.32639 0.0224345 0.662371 -0.656 -1.65441 -0.246551 -4.19153 -819.975 0 
1 824.737 0.320846 0.0224327 0.668295 -0.669745 -1.66569 -1.41632 -4.13372 -819.187 0 
2 823.499 0.320424 0.0224001 0.668652 -0.679643 -1.6424 -0.24102 -4.23922 -819.019 0 
1 824.985 0.324363 0.0225201 0.664932 -0.667285 -1.62799 -1.24429 -4.18823 -819.553 0 
1 825.653 0.319244 0.0225188 0.671562 -0.697076 -1.64625 -2.24193 -4.64548 -818.766 0 
2 824.806 0.321351 0.0223463 0.670614 -0.709438 -1.66878 -0.818619 -5.29435 -818.693 0 
2 827.754 0.331908 0.0223776 0.659763 -0.671468 -1.67116 -2.51308 -5.54041 -819.7 0 
2 827.062 0.330533 0.0223955 0.662772 -0.686489 -1.67883 -2.07737 -5.84835 -819.136 0 
3 825.97 0.320245 0.0223043 0.673198 -0.721995 -1.70591 -1.28463 -5.88614 -818.799 0 
1 824.734 0.323434 0.0222021 0.667999 -0.70039 -1.69664 -0.733432 -5.29315 -818.708 0 
1 826.869 0.332054 0.0222479 0.657932 -0.656847 -1.7094 -1.59422 -5.18205 -820.092 0 
10 826.511 0.333691 0.0221683 0.657407 -0.664267 -1.70185 -0.854426 -5.70067 -819.956 0 
1 827.419 0.336662 0.0223476 0.653269 -0.626565 -1.71875 -0.145539 -5.17304 -822.101 0 
1 827.968 0.333248 0.0224207 0.653637 -0.611118 -1.66348 -0.386101 -4.3821 -823.2 0 
3 829.832 0.330727 0.0224388 0.653214 -0.596393 -1.64842 -1.43726 -4.25413 -824.14 0 
1 831.611 0.334448 0.0225508 0.65042 -0.590833 -1.62084 -1.43417 -4.66352 -825.513 0 
3 830.971 0.340933 0.0224474 0.648562 -0.614383 -1.63543 -0.769862 -5.84359 -824.357 0 
2 836.135 0.342616 0.0224034 0.644559 -0.591564 -1.65249 -3.71859 -5.93033 -826.486 0 
1 832.099 0.340957 0.0223881 0.646239 -0.604201 -1.58747 -0.529159 -5.79433 -825.776 0 
1 830.134 0.339801 0.0222885 0.64875 -0.624713 -1.61286 -0.761945 -5.77987 -823.593 0 
1 830.381 0.340252 0.022367 0.649448 -0.631022 -1.60418 -1.07383 -6.03957 -823.268 0 
2 827.58 0.33723 0.0223379 0.653586 -0.648685 -1.61339 -0.246037 -5.71067 -821.624 0 
6 826.616 0.33425 0.0222492 0.655769 -0.649332 -1.66087 -0.535613 -5.15167 -820.928 0 
1 826.16 0.33307 0.0222921 0.658166 -0.664684 -1.64526 -0.644257 -5.33266 -820.183 0 
1 826.392 0.334084 0.0222169 0.656906 -0.669031 -1.62617 -0.539001 -5.66816 -820.185 0 
3 825.085 0.328985 0.0222779 0.659819 -0.647523 -1.70357 -0.441321 -4.36687 -820.277 0 
11 825.262 0.330126 0.022416 0.659026 -0.641667 -1.68392 -0.131314 -4.36013 -820.77 0 
1 825.692 0.322626 0.0224975 0.664346 -0.63833 -1.67369 -1.443 -3.9103 -820.339 0 
5 824.996 0.326374 0.022498 0.662075 -0.651818 -1.63679 -0.657662 -4.09942 -820.239 0 
3 825.664 0.325776 0.0225528 0.661891 -0.636056 -1.67801 -1.03986 -3.93701 -820.687 0 
5 825.472 0.319291 0.0226323 0.669578 -0.664823 -1.65325 -2.10758 -4.0781 -819.286 0 
5 826.668 0.313306 0.0227131 0.67485 -0.672046 -1.63887 -3.14527 -4.51958 -819.003 0 
3 825.035 0.311316 0.0225135 0.674852 -0.668044 -1.69311 -1.19386 -4.87751 -818.964 0 
5 825.15 0.322749 0.0222988 0.663674 -0.652927 -1.68425 -1.41967 -4.01829 -819.712 0 
2 825.192 0.32285 0.0224185 0.662536 -0.637673 -1.64737 -0.754879 -3.90108 -820.536 0 
1 823.978 0.324815 0.0223547 0.663327 -0.652883 -1.70326 -0.0946025 -4.12385 -819.759 0 
1 823.867 0.321941 0.02229 0.668583 -0.682048 -1.74057 -0.297428 -4.73981 -818.83 0 
3 824.286 0.326873 0.0222644 0.662577 -0.65431 -1.76641 -0.223599 -4.49293 -819.57 0 
2 824.49 0.327404 0.0223114 0.662706 -0.660759 -1.74706 -0.337695 -4.68511 -819.467 0 
5 824.57 0.326943 0.0222989 0.664625 -0.676149 -1.74099 -0.43912 -5.07761 -819.054 0 
1 824.992 0.323963 0.0224406 0.663264 -0.642919 -1.70839 -0.958937 -3.97075 -820.062 0 
4 825.23 0.325405 0.0225436 0.663604 -0.643742 -1.71574 -1.09689 -4.03682 -820.096 0 
1 827.238 0.328449 0.0226111 0.660748 -0.628117 -1.7349 -2.19844 -4.0535 -820.986 0 
1 827.69 0.319233 0.0225977 0.669867 -0.653418 -1.70926 -4.19368 -4.08058 -819.415 0 
6 823.867 0.324621 0.0223973 0.664909 -0.65459 -1.7519 -0.115007 -4.25919 -819.492 0 
4 824.479 0.321035 0.0224424 0.66982 -0.673769 -1.75064 -1.06633 -4.49564 -818.917 0 
1 825.31 0.313157 0.0224516 0.676444 -0.68392 -1.74149 -1.61121 -4.84941 -818.849 0 
1 830.532 0.316483 0.0222315 0.676278 -0.714172 -1.76128 -6.02 -5.53928 -818.973 0 
2 827.505 0.317085 0.0222295 0.673169 -0.686864 -1.77514 -3.89349 -4.82735 -818.784 0 
4 825.842 0.316789 0.0222358 0.669983 -0.656512 -1.77982 -2.38661 -4.38366 -819.072 0 
4 826.313 0.317152 0.0221203 0.672879 -0.704732 -1.72892 -2.37514 -5.13719 -818.801 0 
3 823.43 0.318793 0.022338 0.669944 -0.668601 -1.76757 -0.0480321 -4.45141 -818.93 0 
11 825.443 0.30774 0.0223544 0.679346 -0.682381 -1.77832 -0.651799 -5.74134 -819.05 0 
4 824.277 0.316442 0.0222378 0.671651 -0.677551 -1.76562 -0.777341 -4.67307 -818.827 0 
1 824.143 0.314445 0.0222838 0.675253 -0.702497 -1.71109 -0.271131 -5.01358 -818.858 0 
1 824.492 0.323939 0.0222193 0.666837 -0.692732 -1.67792 -0.719614 -4.9583 -818.814 0 
8 824.363 0.32226 0.0222178 0.66858 -0.693815 -1.73006 -0.499882 -5.13535 -818.728 0 
1 824.79 0.325879 0.0221966 0.66531 -0.686654 -1.72934 -0.655731 -5.28443 -818.85 0 
2 824.772 0.324138 0.0221844 0.667052 -0.689668 -1.75089 -0.730575 -5.2895 -818.752 0 
1 825.124 0.324305 0.0221765 0.666544 -0.68313 -1.75008 -1.27276 -5.0151 -818.836 0 
1 826.389 0.332753 0.0222254 0.659242 -0.672015 -1.71817 -0.939882 -5.91525 -819.533 0 
2 826.534 0.327143 0.0222724 0.666371 -0.708949 -1.6893 -1.57801 -6.29298 -818.663 0 
1 824.595 0.324299 0.0222849 0.666443 -0.686071 -1.66798 -0.933378 -4.7149 -818.947 0 
2 824.865 0.322285 0.022161 0.667564 -0.693058 -1.67967 -1.26341 -4.81596 -818.785 0 
2 824.012 0.322045 0.0223579 0.669194 -0.693578 -1.68644 -0.383705 -4.85891 -818.769 0 
8 823.792 0.323334 0.0223594 0.667089 -0.674609 -1.72185 -0.229569 -4.54583 -819.016 0 
3 824.766 0.315712 0.0225154 0.670006 -0.644307 -1.72569 -0.925453 -4.37253 -819.468 0 
3 824.135 0.317469 0.0223301 0.670033 -0.665504 -1.71921 -0.810342 -4.28098 -819.044 0 
2 824.005 0.321096 0.0223093 0.666776 -0.658128 -1.7299 -0.568875 -4.13759 -819.299 0 
11 825.94 0.328715 0.0225334 0.66082 -0.643999 -1.67823 -1.14099 -4.2384 -820.56 0 
1 824.531 0.322326 0.0224285 0.668104 -0.677051 -1.67835 -1.13243 -4.35726 -819.041 0 
3 824.023 0.316049 0.0225227 0.673205 -0.689483 -1.62716 -0.802044 -4.38483 -818.836 0 
1 824.507 0.311088 0.0225468 0.677647 -0.701686 -1.60366 -0.834586 -4.81314 -818.859 0 
2 824.564 0.308482 0.0224778 0.678674 -0.702484 -1.58844 -0.514694 -5.12424 -818.926 0 
3 823.289 0.31997 0.0223323 0.668856 -0.688307 -1.62562 -0.039698 -4.35498 -818.895 0 
3 824.319 0.322514 0.0225196 0.666554 -0.664507 -1.65579 -0.789072 -4.0967 -819.434 0 
8 824.554 0.318747 0.0225148 0.671146 -0.67653 -1.68596 -1.31335 -4.29509 -818.946 0 
1 826.322 0.325129 0.0226192 0.664304 -0.650194 -1.66974 -2.24493 -4.03557 -820.041 0 
2 829.05 0.322993 0.0226971 0.668956 -0.674524 -1.6691 -5.58018 -4.32594 -819.144 0 
1 826.618 0.313685 0.022604 0.676778 -0.693205 -1.65988 -3.15339 -4.64672 -818.818 0 
1 826.154 0.314438 0.0224112 0.676043 -0.701788 -1.66788 -2.58187 -4.75589 -818.816 0 
1 827.371 0.319311 0.0226213 0.671317 -0.680416 -1.63016 -4.18348 -4.18548 -819.002 0 
2 823.926 0.321083 0.0225033 0.668057 -0.681417 -1.58684 -0.629019 -4.1525 -819.144 0 
3 823.691 0.315751 0.0224449 0.672665 -0.696094 -1.56438 -0.551942 -4.30309 -818.836 0 
2 825.652 0.322356 0.022338 0.665977 -0.676824 -1.57672 -2.21594 -4.08737 -819.348 0 
1 825.587 0.315986 0.022308 0.672182 -0.699375 -1.56363 -2.45666 -4.31939 -818.81 0 
1 825.807 0.31126 0.0223745 0.674429 -0.700011 -1.4803 -2.38803 -4.55306 -818.866 0 
1 824.805 0.315181 0.0223543 0.670174 -0.692797 -1.45849 -1.59738 -4.16357 -819.045 0 
1 826.016 0.316744 0.022194 0.669821 -0.709801 -1.45537 -2.99325 -4.18741 -818.835 0 
1 825.258 0.323291 0.0221566 0.665339 -0.711766 -1.46468 -1.74354 -4.59924 -818.915 0 
3 825.474 0.325343 0.0222232 0.662821 -0.699224 -1.43274 -1.63628 -4.45733 -819.381 0 
1 825.259 0.324382 0.0221893 0.662927 -0.710705 -1.36604 -1.53058 -4.4742 -819.254 0 
3 826.028 0.321551 0.0222022 0.665577 -0.721554 -1.31449 -2.70712 -4.27645 -819.044 0 
4 824.441 0.315523 0.0223364 0.673086 -0.748195 -1.29045 -1.34087 -4.32514 -818.775 0 
4 824.884 0.319788 0.0222801 0.671323 -0.757342 -1.33543 -1.1175 -5.02385 -818.743 0 
1 824.305 0.317863 0.0223305 0.673373 -0.763264 -1.33418 -0.435163 -5.02778 -818.842 0 
2 824.475 0.323457 0.0221987 0.666221 -0.732714 -1.384 -0.740223 -4.95515 -818.779 0 
2 824.329 0.322965 0.0222141 0.666988 -0.731522 -1.40921 -0.638303 -4.94069 -818.75 0 
2 825.318 0.325889 0.0221497 0.664497 -0.726088 -1.44021 -1.1585 -5.3488 -818.811 0 
1 824.979 0.316371 0.0221631 0.673205 -0.748125 -1.44219 -1.13536 -4.97366 -818.87 0 
3 825.633 0.32284 0.0221406 0.668784 -0.742432 -1.48582 -1.2343 -5.71961 -818.679 0 
1 824.86 0.32141 0.0221598 0.667691 -0.713713 -1.52237 -1.4261 -4.67436 -818.76 0 
6 825.286 0.319003 0.0221361 0.670395 -0.728749 -1.53084 -1.54176 -5.01725 -818.727 0 
2 825.01 0.313749 0.0223003 0.675785 -0.740429 -1.50485 -0.989462 -5.02774 -818.993 0 
4 825.53 0.315111 0.0221955 0.67404 -0.744295 -1.47871 -1.55897 -5.03691 -818.934 0 
2 824.409 0.312193 0.0222604 0.676082 -0.736049 -1.4639 -0.762939 -4.71321 -818.932 0 
9 825.298 0.307606 0.0223227 0.681964 -0.755618 -1.46996 -0.251012 -5.38056 -819.667 0 
8 824.162 0.308941 0.022437 0.678932 -0.724788 -1.49061 -0.272623 -4.90893 -818.98 0 
1 824.666 0.313782 0.0224518 0.677354 -0.74867 -1.45398 -0.695497 -4.95164 -819.019 0 
1 825.076 0.311419 0.0224054 0.679771 -0.765312 -1.42155 -0.388097 -5.24073 -819.447 0 
1 824.697 0.308643 0.022443 0.680078 -0.752043 -1.39524 -0.511984 -4.94143 -819.243 0 
1 825.944 0.316788 0.0225718 0.674526 -0.734883 -1.41725 -2.69555 -4.49868 -818.749 0 
5 823.274 0.320944 0.0223438 0.667944 -0.715393 -1.43306 -0.0228554 -4.38463 -818.866 0 
2 823.351 0.319952 0.0224087 0.66885 -0.697686 -1.52055 -0.191107 -4.21335 -818.946 0 
2 823.966 0.322756 0.0224648 0.664944 -0.668223 -1.56396 -0.269836 -4.00462 -819.691 0 
1 823.77 0.322707 0.0224145 0.667029 -0.688785 -1.57317 -0.366898 -4.32756 -819.075 0 
1 823.846 0.325142 0.0223184 0.664823 -0.687354 -1.59725 -0.108104 -4.60566 -819.133 0 
7 824.359 0.320471 0.022286 0.669373 -0.709129 -1.54197 -1.05955 -4.52741 -818.772 0 
1 825.262 0.313121 0.0224853 0.6756 -0.701858 -1.55851 -1.95839 -4.4912 -818.812 0 
4 826.538 0.30691 0.0224619 0.67835 -0.688907 -1.56621 -2.16425 -5.45744 -818.916 0 
1 826.497 0.304654 0.022436 0.682045 -0.70989 -1.56672 -1.5636 -5.80157 -819.131 0 
1 826.556 0.307546 0.0222997 0.681436 -0.728895 -1.59121 -1.71017 -5.46596 -819.38 0 
1 825.304 0.315082 0.0222754 0.673622 -0.706854 -1.58665 -1.99511 -4.52936 -818.78 0 
1 826.549 0.319712 0.0222209 0.669487 -0.692515 -1.63255 -3.31629 -4.40736 -818.825 0 
6 826.129 0.324254 0.0225219 0.664375 -0.649182 -1.65373 -2.07093 -3.95853 -820.099 0 
1 825.92 0.30916 0.0225116 0.67555 -0.658803 -1.68236 -1.48184 -5.36167 -819.077 0 
1 825.932 0.307234 0.0224105 0.678147 -0.681828 -1.64865 -1.47004 -5.52729 -818.935 0 
1 828.346 0.299803 0.0224066 0.688047 -0.728898 -1.64435 -0.77371 -7.22999 -820.342 0 
1 830.798 0.297914 0.0222731 0.688839 -0.725332 -1.68077 -2.25574 -7.91487 -820.627 0 
1 831.166 0.298866 0.022265 0.68751 -0.714878 -1.6854 -3.37478 -7.65775 -820.133 0 
1 833.07 0.304137 0.0222136 0.682134 -0.692748 -1.72469 -7.43483 -6.37285 -819.263 0 
2 827.348 0.306089 0.022298 0.681295 -0.688415 -1.77819 -2.0533 -6.08579 -819.209 0 
1 826.445 0.304507 0.022484 0.683485 -0.695683 -1.71803 -0.916011 -6.25625 -819.273 0 
2 827.546 0.302307 0.0225313 0.685705 -0.696813 -1.72425 -1.24552 -6.83665 -819.464 0 
2 828.147 0.301834 0.0225123 0.683419 -0.679877 -1.69111 -1.92445 -7.08277 -819.14 0 
2 825.491 0.31122 0.0225698 0.675095 -0.661507 -1.684 -1.49899 -4.93123 -819.06 0 
4 825.847 0.314387 0.0226105 0.675859 -0.692155 -1.65136 -2.46739 -4.56835 -818.812 0 
2 826.254 0.313746 0.0226264 0.676607 -0.695304 -1.64065 -2.82637 -4.61469 -818.813 0 
1 825.769 0.308961 0.0226085 0.680195 -0.707623 -1.58995 -1.74399 -5.0748 -818.95 0 
2 824.196 0.312048 0.0224007 0.677084 -0.716309 -1.5665 -0.550619 -4.76551 -818.88 0 
2 823.256 0.319281 0.0223582 0.670096 -0.701091 -1.582 -0.00644093 -4.45687 -818.793 0 
2 823.789 0.320678 0.0224126 0.669666 -0.6977 -1.61718 -0.403911 -4.58723 -818.798 0 
1 823.919 0.319612 0.0224518 0.670648 -0.705409 -1.56715 -0.620378 -4.52652 -818.772 0 
1 825.21 0.313223 0.0224565 0.674795 -0.70812 -1.56013 -1.80572 -4.59806 -818.806 0 
1 824.118 0.314394 0.0225089 0.673153 -0.691922 -1.57056 -0.890655 -4.36573 -818.862 0 
2 823.876 0.316031 0.0224621 0.672091 -0.699072 -1.55282 -0.730376 -4.32337 -818.823 0 
1 824.06 0.312119 0.0225248 0.674774 -0.702705 -1.49038 -0.761475 -4.45726 -818.841 0 
4 824.076 0.311054 0.022406 0.675402 -0.703536 -1.52684 -0.60192 -4.6389 -818.836 0 
2 824.073 0.31692 0.0223098 0.673533 -0.723056 -1.5604 -0.49562 -4.80842 -818.769 0 
6 823.861 0.313238 0.0223276 0.676317 -0.732352 -1.52661 -0.0325651 -4.88489 -818.943 0 
7 823.957 0.313825 0.0223084 0.673992 -0.72118 -1.50097 -0.599548 -4.55699 -818.801 0 
4 823.944 0.318837 0.0223511 0.67027 -0.718779 -1.48912 -0.658674 -4.54166 -818.743 0 
3 823.889 0.320617 0.0224875 0.66874 -0.696193 -1.53397 -0.663464 -4.26531 -818.96 0 
1 824.918 0.319368 0.0225585 0.668268 -0.686382 -1.5013 -1.66698 -4.0417 -819.209 0 
3 824.051 0.324305 0.0223463 0.664905 -0.686353 -1.54852 -0.439813 -4.33602 -819.276 0 
3 823.769 0.317044 0.0225063 0.66976 -0.688864 -1.48758 -0.58567 -4.07689 -819.107 0 
4 823.19 0.319495 0.0223957 0.668965 -0.698053 -1.52593 -0.0401851 -4.23037 -818.919 0 
1 823.828 0.322981 0.0223175 0.664555 -0.684061 -1.51986 -0.301587 -4.15171 -819.374 0 
2 825.307 0.321556 0.0222491 0.664742 -0.676138 -1.53921 -1.82828 -4.01485 -819.464 0 
1 824.049 0.322612 0.0222843 0.664752 -0.685564 -1.51946 -0.584576 -4.1495 -819.315 0 
8 823.341 0.319869 0.0223564 0.668059 -0.686524 -1.56857 -0.142947 -4.15645 -819.041 0 
3 824.362 0.31686 0.0225286 0.671835 -0.700408 -1.53302 -1.25221 -4.27247 -818.837 0 
1 824.551 0.314389 0.0225651 0.675128 -0.708019 -1.54691 -1.29425 -4.46997 -818.787 0 
2 823.728 0.318399 0.0224797 0.67137 -0.704593 -1.54475 -0.561276 -4.37197 -818.795 0 
6 824.149 0.320842 0.0224182 0.667972 -0.698233 -1.48057 -0.935363 -4.15786 -819.055 0 
1 824.347 0.311781 0.022388 0.674138 -0.706229 -1.4587 -1.05204 -4.45403 -818.84 0 
4 823.622 0.317172 0.022314 0.67007 -0.720766 -1.40025 -0.58691 -4.23325 -818.802 0 
3 824.584 0.322713 0.0224779 0.663675 -0.682467 -1.41334 -0.685128 -4.04166 -819.857 0 
4 823.568 0.316751 0.022323 0.67212 -0.72097 -1.47502 -0.40083 -4.41664 -818.751 0 
9 823.551 0.319537 0.0222849 0.669506 -0.710901 -1.53631 -0.249036 -4.54441 -818.757 0 
1 826.667 0.317995 0.0221834 0.672372 -0.729518 -1.52849 -3.06105 -4.85389 -818.752 0 
1 826.407 0.318912 0.0222206 0.673549 -0.757694 -1.46117 -1.89468 -5.59693 -818.915 0 
1 823.676 0.320201 0.0222636 0.669089 -0.72833 -1.43613 -0.282842 -4.66301 -818.73 0 
1 824.038 0.3197 0.0222213 0.668587 -0.718431 -1.4636 -0.798363 -4.46844 -818.771 0 
2 824.196 0.32182 0.0222025 0.667453 -0.720461 -1.47265 -0.707851 -4.72799 -818.76 0 
13 825.953 0.323876 0.0221441 0.668214 -0.751082 -1.43691 -1.28427 -5.99508 -818.674 0 
2 825.602 0.319165 0.0222222 0.671538 -0.730624 -1.50888 -1.99342 -4.88777 -818.721 0 
7 825.049 0.30678 0.022422 0.680361 -0.735084 -1.44726 -0.754315 -5.13886 -819.156 0 
15 823.589 0.312446 0.0224461 0.674726 -0.720517 -1.40764 -0.425547 -4.35919 -818.804 0 
2 825.186 0.313959 0.0224895 0.672485 -0.705961 -1.38658 -2.02766 -4.2118 -818.946 0 
1 824.439 0.308328 0.0225134 0.678414 -0.726018 -1.40444 -0.745519 -4.79316 -818.901 0 
4 824.751 0.311123 0.0224205 0.677807 -0.726842 -1.48653 -1.14876 -4.69508 -818.908 0 
8 826.626 0.313062 0.0223697 0.67908 -0.752343 -1.50718 -2.09407 -5.26171 -819.27 0 
3 826.461 0.303286 0.0224201 0.685954 -0.759173 -1.4736 -0.223762 -5.99464 -820.243 0 
7 825.457 0.309206 0.0223007 0.677612 -0.727935 -1.49217 -1.51666 -4.92907 -819.011 0 
3 823.326 0.319871 0.0223273 0.669239 -0.710703 -1.49908 -0.118652 -4.40404 -818.803 0 
5 823.653 0.317877 0.022285 0.670215 -0.714505 -1.49033 -0.491637 -4.39409 -818.767 0 
10 823.941 0.317499 0.02227 0.670117 -0.70335 -1.52348 -0.849544 -4.26751 -818.824 0 
1 825.679 0.316807 0.0223842 0.667993 -0.674695 -1.48939 -2.11809 -4.1129 -819.448 0 
4 826.563 0.31304 0.0224089 0.670934 -0.681157 -1.45929 -2.88342 -4.46182 -819.218 0 
1 824.475 0.313507 0.0225014 0.672206 -0.692819 -1.47847 -1.20541 -4.30191 -818.967 0 
2 824.394 0.31285 0.0225284 0.675577 -0.704201 -1.5282 -1.11443 -4.46544 -818.814 0 
1 825.719 0.309055 0.0224522 0.678855 -0.70985 -1.54756 -1.85004 -4.95728 -818.912 0 
1 827.315 0.311407 0.0224264 0.674127 -0.679268 -1.56229 -3.61368 -4.7099 -818.992 0 
10 826.693 0.308743 0.0223923 0.677858 -0.695629 -1.58774 -2.7197 -5.08344 -818.89 0 
7 823.831 0.31663 0.022473 0.670481 -0.675407 -1.59282 -0.556039 -4.16307 -819.112 0 
5 823.987 0.316027 0.0225153 0.672024 -0.687695 -1.56079 -0.831571 -4.21063 -818.945 0 
1 824.045 0.313677 0.022431 0.674637 -0.703073 -1.55415 -0.784306 -4.45601 -818.804 0 
1 825.616 0.305368 0.0224355 0.683702 -0.731744 -1.58951 -0.158046 -5.83412 -819.624 0 
2 827.241 0.305168 0.0224156 0.683647 -0.727355 -1.64345 -1.42763 -6.08569 -819.728 0 
1 825.964 0.307933 0.022372 0.681851 -0.734968 -1.61948 -0.619893 -5.73661 -819.608 0 
4 824.906 0.310223 0.0223233 0.67986 -0.726804 -1.65398 -0.049799 -5.52483 -819.332 0 
1 826.281 0.308781 0.0223809 0.682967 -0.750199 -1.60889 -0.338082 -5.97421 -819.969 0 
1 825.979 0.307281 0.0224243 0.683496 -0.729522 -1.68091 -0.233428 -5.99443 -819.751 0 
5 826.116 0.308007 0.0225832 0.681653 -0.717612 -1.60907 -1.58008 -5.36938 -819.167 0 
5 825.598 0.307727 0.0224912 0.681673 -0.727156 -1.58713 -0.836876 -5.44655 -819.315 0 
3 824.043 0.31272 0.0224167 0.677308 -0.727227 -1.5573 -0.167232 -4.92126 -818.954 0 
3 823.37 0.31806 0.0224523 0.671017 -0.704281 -1.52617 -0.248226 -4.30485 -818.816 0 
2 824.54 0.314576 0.0224856 0.671523 -0.679551 -1.53455 -1.15387 -4.27834 -819.108 0 
4 824.045 0.313834 0.0225034 0.673705 -0.699458 -1.53509 -0.831965 -4.38349 -818.83 0 
1 824.501 0.319215 0.0223055 0.667749 -0.68576 -1.53464 -1.30941 -4.06898 -819.123 0 
1 825.374 0.326704 0.0224397 0.66118 -0.65722 -1.6028 -0.988044 -4.17158 -820.214 0 
6 824.627 0.324432 0.0222647 0.667267 -0.706857 -1.61684 -0.661167 -5.22505 -818.741 0 
1 824.238 0.324788 0.0222641 0.665494 -0.696499 -1.61058 -0.412036 -4.92656 -818.9 0 
2 824.231 0.317186 0.0223413 0.674175 -0.721626 -1.62145 -0.310106 -5.11411 -818.806 0 
2 824.006 0.324011 0.0224076 0.666212 -0.675699 -1.66226 -0.427727 -4.40275 -819.175 0 
1 824.001 0.320222 0.0223931 0.670411 -0.692791 -1.65832 -0.640002 -4.56506 -818.796 0 
3 824.187 0.323914 0.0224314 0.666471 -0.67616 -1.68075 -0.581159 -4.49853 -819.108 0 
9 824.807 0.326084 0.0224261 0.665358 -0.68347 -1.64964 -0.890475 -4.80789 -819.109 0 
1 824.025 0.315462 0.0222599 0.67236 -0.697997 -1.62203 -0.712257 -4.52393 -818.788 0 
6 825.133 0.314591 0.0222396 0.673878 -0.697386 -1.66671 -1.64367 -4.68697 -818.803 0 
1 825.094 0.311278 0.0222734 0.677579 -0.712926 -1.68359 -0.708059 -5.31182 -819.074 0 
1 824.758 0.312784 0.0223552 0.674031 -0.686334 -1.66679 -1.20972 -4.70382 -818.845 0 
3 829.403 0.303192 0.022454 0.682761 -0.700385 -1.66852 -3.67179 -6.42298 -819.308 0 
1 825.977 0.30585 0.0224603 0.683368 -0.71492 -1.69394 -0.434457 -6.02621 -819.516 0 
1 825.23 0.307657 0.0224255 0.68135 -0.708472 -1.70545 -0.245535 -5.71147 -819.273 0 
2 823.977 0.316635 0.0223887 0.673978 -0.704831 -1.67878 -0.284704 -4.91464 -818.778 0 
1 824.341 0.323191 0.0222167 0.665221 -0.66149 -1.75418 -0.776276 -4.34205 -819.223 0 
1 825.812 0.31986 0.022222 0.666227 -0.642223 -1.78666 -2.19225 -4.11064 -819.509 0 
2 825.638 0.310753 0.0223294 0.674716 -0.660306 -1.77106 -1.53547 -5.1305 -818.972 0 
2 824.048 0.31933 0.0223352 0.667594 -0.645849 -1.79531 -0.504409 -4.19067 -819.353 0 
1 824.703 0.327255 0.0222415 0.661629 -0.629499 -1.88974 -0.426118 -4.31878 -819.958 0 
3 826.504 0.327177 0.0222026 0.663311 -0.643588 -1.88189 -2.41541 -4.60062 -819.488 0 
1 825.694 0.325375 0.0222547 0.661761 -0.618044 -1.86928 -1.32833 -3.95534 -820.41 0 
1 826.605 0.324923 0.0223471 0.662539 -0.622114 -1.81103 -2.19505 -3.90218 -820.507 0 
2 825.346 0.327002 0.0223344 0.660227 -0.610555 -1.85869 -0.460883 -3.90269 -820.982 0 
2 825.624 0.323492 0.0223182 0.662275 -0.604997 -1.90109 -1.00947 -3.91712 -820.698 0 
1 824.919 0.328615 0.022293 0.660808 -0.622625 -1.92607 -0.355415 -4.40376 -820.16 0 
1 824.673 0.325207 0.0223028 0.666075 -0.642651 -1.95435 -0.70931 -4.769 -819.195 0 
1 825.826 0.325826 0.0222318 0.666843 -0.656717 -1.97256 -1.49865 -5.43873 -818.888 0 
1 824.927 0.322731 0.0223012 0.668716 -0.640435 -2.0274 -0.978697 -4.93728 -819.011 0 
1 824.643 0.315277 0.0223976 0.674382 -0.637134 -2.04142 -0.464464 -5.18527 -818.993 0 
4 824.217 0.317782 0.0223596 0.672425 -0.63799 -2.06425 -0.105281 -5.15053 -818.961 0 
3 827.619 0.327151 0.0220095 0.663799 -0.632403 -2.12219 -2.93026 -5.61727 -819.072 0 
4 826.366 0.317238 0.0221482 0.672869 -0.658396 -2.0633 -1.66644 -5.80245 -818.897 0 
2 824.694 0.320954 0.0223062 0.670055 -0.649502 -2.01896 -0.602782 -5.21295 -818.879 0 
3 825.537 0.317648 0.0223076 0.674618 -0.660899 -2.05875 -0.897771 -5.75185 -818.887 0 
1 825.182 0.315944 0.0224017 0.675703 -0.653977 -2.06159 -0.627609 -5.62902 -818.925 0 
1 824.866 0.318887 0.0224127 0.672795 -0.654707 -2.00316 -0.784043 -5.22834 -818.853 0 
1 825.372 0.314951 0.0224511 0.676205 -0.662129 -1.95607 -1.20459 -5.2728 -818.894 0 
4 826.12 0.312656 0.0225532 0.674648 -0.627721 -1.9256 -1.70412 -5.16312 -819.252 0 
3 825.822 0.320526 0.0223871 0.67024 -0.65388 -1.8841 -2.2882 -4.53858 -818.996 0 
2 826.293 0.319783 0.0224264 0.671189 -0.660844 -1.84644 -2.82345 -4.53335 -818.936 0 
1 823.931 0.314487 0.022462 0.67376 -0.658776 -1.82515 -0.242866 -4.74349 -818.945 0 
3 823.772 0.314715 0.0223284 0.673615 -0.679603 -1.7578 -0.176619 -4.76197 -818.833 0 
3 824.587 0.3168 0.0225249 0.670541 -0.64501 -1.79817 -0.956103 -4.35624 -819.274 0 
3 823.856 0.319174 0.022331 0.668938 -0.652578 -1.83642 -0.359856 -4.41174 -819.084 0 
1 825.568 0.32073 0.0221914 0.667751 -0.674433 -1.77271 -2.02064 -4.6793 -818.868 0 
4 825.002 0.324936 0.0222937 0.663607 -0.651539 -1.78369 -1.1606 -4.35609 -819.486 0 
2 824.748 0.317867 0.0221787 0.671976 -0.695577 -1.7495 -0.968605 -5.01598 -818.763 0 
1 825.459 0.327255 0.0222352 0.664753 -0.680686 -1.78632 -0.982249 -5.60831 -818.868 0 
1 826.404 0.32386 0.0223073 0.667806 -0.693166 -1.74581 -2.22286 -5.45814 -818.723 0 
1 826.265 0.327699 0.022266 0.663734 -0.676051 -1.77126 -1.82414 -5.43758 -819.003 0 
5 825.571 0.325922 0.0221626 0.66448 -0.673935 -1.7945 -1.43493 -5.19834 -818.937 0 
5 825.445 0.320946 0.0223452 0.668943 -0.675555 -1.78509 -1.81668 -4.78964 -818.839 0 
3 825.547 0.320991 0.0225209 0.668184 -0.66183 -1.73781 -2.11266 -4.25513 -819.179 0 
1 823.947 0.319727 0.0223246 0.67113 -0.696364 -1.69688 -0.385169 -4.82301 -818.739 0 
2 824.265 0.324311 0.022237 0.665561 -0.689874 -1.64906 -0.522152 -4.82223 -818.92 0 
3 823.64 0.319572 0.022457 0.670066 -0.685893 -1.64374 -0.391007 -4.35678 -818.892 0 
3 823.413 0.31839 0.0224522 0.670726 -0.692454 -1.59459 -0.246199 -4.30452 -818.863 0 
2 824.401 0.313845 0.022338 0.675399 -0.715996 -1.61525 -0.596221 -4.93227 -818.872 0 
2 827.043 0.311509 0.0224203 0.676832 -0.713286 -1.60886 -3.12338 -4.98993 -818.93 0 
1 826.613 0.317888 0.0224722 0.67251 -0.713987 -1.58144 -3.08719 -4.78992 -818.736 0 
6 824.874 0.320909 0.022426 0.671192 -0.717245 -1.5843 -1.14202 -5.03492 -818.697 0 
2 824.7 0.322085 0.0224695 0.669202 -0.707181 -1.55904 -1.19482 -4.71884 -818.787 0 
7 826.328 0.318069 0.0226237 0.671461 -0.698037 -1.53867 -3.20236 -4.25419 -818.871 0 
1 826.515 0.315099 0.0225125 0.677105 -0.74347 -1.51576 -2.33953 -5.18322 -818.992 0 
2 826.584 0.315091 0.0224677 0.677856 -0.747723 -1.54725 -1.94341 -5.49708 -819.143 0 
1 829.172 0.313024 0.0226725 0.679418 -0.73082 -1.56667 -5.11617 -5.04839 -819.007 0 
1 827.683 0.308858 0.0225781 0.68299 -0.746545 -1.55021 -2.55759 -5.52883 -819.597 0 
8 828.217 0.310207 0.0225671 0.682639 -0.749474 -1.56809 -2.9542 -5.63093 -819.632 0 
4 827.651 0.313337 0.0225283 0.679405 -0.742358 -1.58352 -2.90112 -5.50284 -819.247 0 
2 827.64 0.311013 0.0225006 0.681694 -0.743383 -1.58132 -2.75033 -5.44886 -819.441 0 
1 825.137 0.309201 0.0224808 0.680977 -0.725752 -1.59119 -0.688788 -5.25019 -819.198 0 
1 825.127 0.308241 0.0224753 0.681273 -0.731319 -1.52884 -0.751419 -5.17326 -819.203 0 
2 826.862 0.309253 0.0223894 0.681668 -0.757812 -1.44897 -2.1796 -5.17169 -819.511 0 
4 823.583 0.311687 0.0224366 0.676675 -0.7366 -1.40617 -0.149495 -4.55477 -818.879 0 
2 824.118 0.315905 0.0223647 0.670006 -0.703903 -1.43371 -1.0592 -4.1301 -818.929 0 
1 823.942 0.319976 0.0223583 0.666988 -0.707289 -1.40301 -0.758788 -4.14031 -819.043 0 
5 823.984 0.318948 0.0223128 0.66876 -0.715586 -1.43814 -0.852999 -4.30874 -818.822 0 
1 824.186 0.317752 0.022218 0.670707 -0.722238 -1.47729 -0.959204 -4.48734 -818.74 0 
2 824.243 0.317392 0.0222989 0.669006 -0.70545 -1.45361 -1.19172 -4.15147 -818.9 0 
7 823.846 0.316793 0.022298 0.672108 -0.730824 -1.45869 -0.478723 -4.61703 -818.751 0 
3 823.399 0.320195 0.0223377 0.667529 -0.699947 -1.47557 -0.22306 -4.16316 -819.013 0 
2 823.908 0.313543 0.0224758 0.672559 -0.696294 -1.47893 -0.687494 -4.30062 -818.92 0 
2 824.459 0.317947 0.0222765 0.671624 -0.721483 -1.50087 -1.18608 -4.5392 -818.734 0 
4 824.452 0.316835 0.0221943 0.672123 -0.732299 -1.47676 -0.990618 -4.69887 -818.762 0 
8 824.266 0.315322 0.0223529 0.67204 -0.718674 -1.45425 -1.1441 -4.34868 -818.774 0 
3 823.889 0.320692 0.0222482 0.668736 -0.723064 -1.45762 -0.52502 -4.61766 -818.747 0 
2 823.581 0.319216 0.0223774 0.668681 -0.709047 -1.45208 -0.460773 -4.23416 -818.887 0 
2 824.795 0.313001 0.0223877 0.677793 -0.757923 -1.43274 -0.487658 -5.11877 -819.189 0 
3 825.014 0.314715 0.0223783 0.675724 -0.758603 -1.39102 -1.00716 -5.00159 -819.005 0 
1 824.621 0.311739 0.0222771 0.676158 -0.735359 -1.47127 -0.891216 -4.77436 -818.956 0 
2 824.286 0.314818 0.0222393 0.672594 -0.723112 -1.46573 -1.07222 -4.44066 -818.773 0 
2 824.324 0.313222 0.0222462 0.674935 -0.735099 -1.45372 -0.824853 -4.63101 -818.868 0 
1 826.827 0.318927 0.0220614 0.669573 -0.718215 -1.55049 -3.37251 -4.73329 -818.721 0 
3 826.393 0.317506 0.0221876 0.670633 -0.705863 -1.55028 -3.2509 -4.3648 -818.777 0 
1 823.641 0.313091 0.0224564 0.675528 -0.70947 -1.54591 -0.287496 -4.5471 -818.806 0 
3 824.962 0.310605 0.0224386 0.679535 -0.737025 -1.50239 -0.917729 -4.94308 -819.101 0 
4 823.744 0.315127 0.0224445 0.674663 -0.717564 -1.54881 -0.328587 -4.63194 -818.783 0 
1 823.771 0.315748 0.0223739 0.674106 -0.720932 -1.52917 -0.402824 -4.59765 -818.771 0 
3 823.566 0.31905 0.0224005 0.669132 -0.69538 -1.54662 -0.411919 -4.24166 -818.912 0 
1 823.384 0.320485 0.0223033 0.668695 -0.70219 -1.56435 -0.0906986 -4.47801 -818.816 0 
8 823.346 0.317357 0.0223338 0.670644 -0.694464 -1.59044 -0.181803 -4.32966 -818.834 0 
5 823.818 0.324128 0.0224221 0.664835 -0.682199 -1.55413 -0.178919 -4.27614 -819.363 0 
4 824.178 0.319114 0.0223815 0.668012 -0.686168 -1.55627 -0.987623 -4.13525 -819.055 0 
6 823.941 0.315391 0.0223479 0.674924 -0.727041 -1.56482 -0.145277 -4.94462 -818.851 0 
1 824.582 0.311595 0.0224186 0.678617 -0.737545 -1.53249 -0.36712 -5.08983 -819.125 0 
9 824.867 0.311366 0.0223716 0.678522 -0.740836 -1.52651 -0.517111 -5.16145 -819.188 0 
1 825.405 0.309219 0.022321 0.67877 -0.725187 -1.57342 -1.0594 -5.20454 -819.141 0 
2 824.765 0.309573 0.0223124 0.679359 -0.733955 -1.55851 -0.267764 -5.24624 -819.251 0 
4 824.807 0.311976 0.0222634 0.678181 -0.745822 -1.52177 -0.361011 -5.20605 -819.24 0 
2 824.213 0.311776 0.0223652 0.677365 -0.741091 -1.46947 -0.302614 -4.8768 -819.033 0 
5 823.427 0.313782 0.0224083 0.674993 -0.726977 -1.46887 -0.0842501 -4.53585 -818.807 0 
3 825.2 0.313168 0.0226112 0.674347 -0.692604 -1.50497 -1.90626 -4.37062 -818.923 0 
2 824.959 0.311805 0.0226087 0.676756 -0.701717 -1.55316 -1.52514 -4.60555 -818.828 0 
3 825.921 0.314465 0.0226656 0.674919 -0.706547 -1.50188 -2.78591 -4.32729 -818.807 0 
2 825.901 0.314836 0.0225604 0.675762 -0.724198 -1.52559 -2.39307 -4.70219 -818.806 0 
1 827.502 0.316436 0.0225964 0.670277 -0.69238 -1.4739 -4.34831 -4.10207 -819.052 0 
2 826.444 0.321008 0.0226553 0.666453 -0.684398 -1.42971 -2.84311 -3.99529 -819.606 0 
1 824.528 0.320879 0.0224938 0.666025 -0.679171 -1.46104 -0.906518 -3.98093 -819.641 0 
1 826.721 0.318277 0.022272 0.666139 -0.674479 -1.49207 -3.17606 -4.0246 -819.52 0 
1 825.747 0.316614 0.0223496 0.667706 -0.677714 -1.47035 -2.21588 -4.11174 -819.419 0 
1 824.722 0.314713 0.0224672 0.670006 -0.692072 -1.4164 -1.39472 -4.17968 -819.148 0 
1 824.971 0.31652 0.0221918 0.670338 -0.71859 -1.45194 -1.87863 -4.32139 -818.771 0 
2 825.738 0.309508 0.0222968 0.675842 -0.704743 -1.51996 -2.05179 -4.82681 -818.86 0 
2 825.707 0.315979 0.0221276 0.67277 -0.726732 -1.5411 -2.10002 -4.80511 -818.802 0 
1 826.899 0.323315 0.0220563 0.664863 -0.700863 -1.57976 -3.27877 -4.76438 -818.856 0 
7 825.431 0.322295 0.0221649 0.666123 -0.716265 -1.47951 -1.90168 -4.72759 -818.801 0 
1 824.345 0.315092 0.022376 0.676076 -0.741426 -1.51385 -0.303876 -5.08413 -818.957 0 
1 823.815 0.317292 0.0224664 0.672088 -0.712718 -1.51166 -0.636302 -4.41597 -818.763 0 
3 823.755 0.312997 0.0224887 0.676069 -0.726863 -1.45895 -0.415125 -4.52029 -818.82 0 
2 825.534 0.309663 0.0223948 0.679039 -0.73664 -1.44167 -1.73581 -4.78165 -819.017 0 
2 825.24 0.315242 0.022579 0.674587 -0.713678 -1.48352 -2.13827 -4.32156 -818.78 0 
3 825.78 0.315793 0.0224696 0.676267 -0.754107 -1.44374 -1.63211 -5.16589 -818.982 0 
1 826.316 0.317329 0.0223982 0.676005 -0.763766 -1.44558 -1.62716 -5.61773 -819.071 0 
1 826.3 0.322471 0.0222672 0.671068 -0.762302 -1.42982 -1.30882 -6.21197 -818.779 0 
1 823.79 0.321351 0.0223738 0.668681 -0.722791 -1.45073 -0.345477 -4.68347 -818.761 0 
1 823.586 0.321092 0.0223868 0.668206 -0.717868 -1.4359 -0.274588 -4.47986 -818.831 0 
2 825.317 0.321938 0.0223952 0.670185 -0.744398 -1.38604 -1.52498 -5.09492 -818.697 0 
4 825.034 0.323421 0.0224749 0.667701 -0.727237 -1.39978 -1.35102 -4.8657 -818.817 0 
1 824.711 0.323653 0.0224883 0.664812 -0.709918 -1.34711 -1.03757 -4.36864 -819.305 0 
2 823.374 0.321209 0.0223858 0.668221 -0.72685 -1.36862 -0.0623101 -4.47871 -818.833 0 
1 824.56 0.322165 0.0224337 0.668327 -0.737842 -1.34564 -0.963667 -4.8311 -818.766 0 
3 826.738 0.317355 0.0226705 0.669982 -0.713408 -1.3139 -3.62745 -4.04721 -819.064 0 
1 826.203 0.323341 0.0226156 0.665849 -0.708817 -1.3445 -2.56216 -4.31227 -819.328 0 
1 825.106 0.324146 0.02252 0.665787 -0.712079 -1.39065 -1.43669 -4.53883 -819.131 0 
1 825.606 0.318109 0.0225222 0.668276 -0.692146 -1.44526 -2.38885 -4.02887 -819.188 0 
2 824.958 0.321802 0.0225299 0.66526 -0.679158 -1.43585 -1.14713 -3.99896 -819.812 0 
6 825.959 0.329018 0.0224564 0.658865 -0.665747 -1.49011 -0.831259 -4.44978 -820.678 0 
3 825.29 0.323396 0.022519 0.662426 -0.660304 -1.47165 -0.744652 -4.00304 -820.542 0 
2 824.318 0.317233 0.0225394 0.66977 -0.690335 -1.44954 -1.08168 -4.05183 -819.185 0 
2 825.41 0.309294 0.0226083 0.679906 -0.732798 -1.43355 -1.67189 -4.76976 -818.968 0 
6 825.174 0.310944 0.0225273 0.679369 -0.733526 -1.49454 -1.3269 -4.83672 -819.01 0 
1 826.133 0.307755 0.0226709 0.678843 -0.700173 -1.49107 -2.14761 -5.10181 -818.883 0 
1 826.275 0.310163 0.0226538 0.676482 -0.681781 -1.59614 -2.47488 -4.88255 -818.917 0 
1 824.372 0.317858 0.0225537 0.669758 -0.671943 -1.5848 -1.0396 -4.07716 -819.255 0 
5 823.606 0.318303 0.0224461 0.668869 -0.670582 -1.62569 -0.309665 -4.10925 -819.187 0 
4 824.199 0.313094 0.0224858 0.672995 -0.674207 -1.61139 -0.678349 -4.50791 -819.013 0 
6 824.116 0.311646 0.0223228 0.676595 -0.713046 -1.58711 -0.390492 -4.83269 -818.893 0 
1 824.622 0.311904 0.0225625 0.675494 -0.674133 -1.67078 -0.944995 -4.75161 -818.925 0 
3 826.204 0.305929 0.0224745 0.680845 -0.679961 -1.72508 -1.19738 -5.97962 -819.027 0 
4 825.662 0.309742 0.0224608 0.676197 -0.65866 -1.75139 -1.35266 -5.306 -819.003 0 
2 824.774 0.318967 0.0224655 0.666865 -0.633922 -1.73852 -0.740415 -4.09477 -819.939 0 
1 824.246 0.319964 0.0225032 0.668399 -0.643902 -1.78586 -0.661863 -4.11758 -819.466 0 
3 825.592 0.321134 0.0226026 0.666069 -0.636263 -1.72385 -1.57929 -3.95446 -820.058 0 
3 824.379 0.322344 0.0224456 0.665037 -0.653225 -1.679 -0.677346 -4.00273 -819.699 0 
3 824.646 0.324912 0.0224431 0.662126 -0.636329 -1.69487 -0.229325 -3.91769 -820.499 0 
1 825.375 0.3277 0.0223614 0.660178 -0.641473 -1.71263 -0.809297 -4.17319 -820.393 0 
2 824.93 0.326657 0.0222921 0.660677 -0.639292 -1.71885 -0.509696 -4.0491 -820.371 0 
4 824.187 0.322443 0.0222933 0.664753 -0.65463 -1.71198 -0.582766 -4.07794 -819.526 0 
2 825.297 0.316974 0.0223618 0.667851 -0.643237 -1.7246 -1.50046 -4.23548 -819.561 0 
1 823.902 0.318021 0.0223824 0.669118 -0.65087 -1.78543 -0.411306 -4.28238 -819.209 0 
1 823.799 0.316814 0.0223564 0.670718 -0.661699 -1.77572 -0.362936 -4.44417 -818.992 0 
2 824.289 0.324226 0.0222727 0.665255 -0.655926 -1.79162 -0.613347 -4.37916 -819.296 0 
7 826.176 0.327691 0.0223708 0.664811 -0.672616 -1.74607 -2.00028 -5.02412 -819.152 0 
2 826.098 0.330642 0.0224441 0.657931 -0.623994 -1.75569 -0.577673 -4.22715 -821.293 0 
2 825.378 0.316671 0.0225015 0.668341 -0.634333 -1.74134 -1.29175 -4.31008 -819.776 0 
2 824.596 0.319629 0.0224435 0.666131 -0.638634 -1.71905 -0.680364 -4.02706 -819.889 0 
1 826.529 0.32164 0.0222803 0.663372 -0.634468 -1.74886 -2.53139 -3.95312 -820.045 0 
1 826.781 0.321421 0.0220845 0.665734 -0.664711 -1.75343 -3.35076 -4.34229 -819.088 0 
1 828.684 0.330894 0.0219915 0.658791 -0.665748 -1.75997 -3.75732 -5.4699 -819.457 0 
2 829.078 0.331562 0.0221277 0.655122 -0.637232 -1.68852 -3.4568 -4.50623 -821.115 0 
1 826.674 0.332847 0.0221759 0.657822 -0.66778 -1.68622 -1.21402 -5.62754 -819.833 0 
6 826.198 0.333244 0.0222148 0.65827 -0.661873 -1.73798 -0.683638 -5.67474 -819.84 0 
3 826.423 0.33173 0.0222797 0.659921 -0.68094 -1.64726 -1.20465 -5.74785 -819.47 0 
2 825.315 0.321057 0.0224235 0.668061 -0.685566 -1.63539 -1.95408 -4.41831 -818.943 0 
1 823.629 0.319972 0.0224258 0.668901 -0.684786 -1.62244 -0.382974 -4.28974 -818.957 0 
1 823.318 0.317943 0.0223621 0.671214 -0.694085 -1.62765 -0.0839119 -4.43211 -818.802 0 
2 824.429 0.324292 0.0222073 0.664708 -0.682791 -1.63199 -0.811302 -4.51188 -819.106 0 
1 825.493 0.328788 0.0223731 0.659722 -0.647353 -1.63981 -0.622898 -4.23506 -820.635 0 
1 826.848 0.330428 0.0222637 0.657709 -0.650436 -1.60459 -1.55062 -4.44039 -820.857 0 
4 827.334 0.33364 0.022473 0.657529 -0.666414 -1.56186 -1.36468 -5.33033 -820.639 0 
1 827.37 0.331966 0.02247 0.657092 -0.646233 -1.5634 -1.25552 -4.57722 -821.537 0 
1 824.232 0.323961 0.022478 0.663818 -0.665725 -1.56345 -0.334899 -4.03326 -819.863 0 
3 823.797 0.322759 0.0224631 0.665906 -0.67543 -1.57792 -0.282601 -4.11031 -819.404 0 
1 824.547 0.323995 0.0225178 0.664223 -0.657034 -1.61764 -0.608182 -3.99631 -819.942 0 
4 824.273 0.321618 0.0223603 0.667204 -0.676383 -1.62717 -0.939477 -4.16562 -819.168 0 
2 825.493 0.325301 0.0223357 0.666627 -0.692434 -1.65183 -1.64376 -4.95333 -818.895 0 
2 824.876 0.32178 0.0223984 0.669254 -0.693955 -1.62965 -1.4843 -4.55239 -818.839 0 
1 825.276 0.322031 0.0222855 0.67076 -0.72963 -1.59677 -0.844469 -5.73767 -818.694 0 
1 828.241 0.322441 0.0223275 0.672641 -0.748632 -1.60203 -2.58413 -6.79517 -818.862 0 
1 828.624 0.308827 0.022596 0.682513 -0.738954 -1.57767 -3.60617 -5.5297 -819.488 0 
1 828.476 0.308873 0.0225354 0.684279 -0.756651 -1.57426 -2.52281 -5.92428 -820.029 0 
4 828.83 0.308995 0.0225098 0.68058 -0.730641 -1.58145 -4.15305 -5.39117 -819.286 0 
1 825.967 0.312795 0.0224991 0.67775 -0.728487 -1.56762 -1.94809 -5.03299 -818.986 0 
2 825.703 0.309616 0.022517 0.67859 -0.706822 -1.61045 -1.68991 -5.06738 -818.945 0 
7 823.875 0.31268 0.0223237 0.675917 -0.714135 -1.5965 -0.1673 -4.83205 -818.876 0 
6 824.53 0.310017 0.0223786 0.679189 -0.721097 -1.61911 -0.148542 -5.24909 -819.133 0 
1 824.964 0.312737 0.0224324 0.676865 -0.713762 -1.63197 -1.04291 -5.00297 -818.918 0 
1 824.875 0.317193 0.0222419 0.674431 -0.729126 -1.63584 -0.509277 -5.45947 -818.906 0 
2 824.131 0.314806 0.0223168 0.67539 -0.71325 -1.67055 -0.141618 -5.10551 -818.884 0 
3 823.899 0.318273 0.0223965 0.671142 -0.687957 -1.68752 -0.531415 -4.566 -818.802 0 
2 823.686 0.317691 0.0223754 0.671309 -0.690767 -1.66315 -0.363052 -4.52463 -818.798 0 
1 825.649 0.320734 0.0225508 0.668251 -0.671155 -1.65856 -2.2975 -4.18235 -819.169 0 
1 824.363 0.32418 0.0223387 0.665839 -0.683252 -1.66454 -0.673803 -4.68338 -819.006 0 
1 824.059 0.31559 0.0225252 0.673528 -0.697018 -1.59251 -0.8409 -4.41254 -818.806 0 
7 824.358 0.30983 0.0224768 0.677763 -0.697555 -1.62521 -0.46143 -5.00402 -818.893 0 
5 823.663 0.314732 0.022433 0.674297 -0.706345 -1.59079 -0.288137 -4.58937 -818.786 0 
2 824.549 0.313007 0.0225299 0.676196 -0.701806 -1.61882 -1.0225 -4.70338 -818.823 0 
1 825.189 0.316682 0.022523 0.67028 -0.67195 -1.62579 -1.88722 -4.19678 -819.105 0 
2 826.022 0.318012 0.0226409 0.671163 -0.687342 -1.57031 -2.87135 -4.17699 -818.973 0 
1 823.926 0.319364 0.0224229 0.671441 -0.706683 -1.60417 -0.500399 -4.6904 -818.735 0 
1 824.118 0.320392 0.022485 0.669414 -0.68875 -1.61623 -0.846202 -4.35856 -818.913 0 
3 823.362 0.320188 0.0223704 0.668743 -0.682475 -1.63722 -0.11696 -4.27313 -818.972 0 
6 824.945 0.316503 0.0225896 0.669308 -0.664134 -1.55737 -1.28403 -4.15853 -819.503 0 
1 825.552 0.316916 0.0225461 0.667605 -0.663552 -1.51098 -1.68392 -4.14071 -819.728 0 
5 824.491 0.313634 0.0225578 0.672995 -0.682193 -1.54136 -1.10098 -4.36841 -819.021 0 
3 825.26 0.308033 0.0225538 0.677969 -0.703215 -1.49933 -1.35214 -5.02838 -818.879 0 
1 824.235 0.312462 0.0225569 0.673945 -0.69941 -1.45615 -0.949675 -4.38355 -818.902 0 
3 824.148 0.313355 0.0224599 0.674048 -0.695957 -1.53912 -0.894727 -4.40118 -818.852 0 
2 826.178 0.322222 0.0224265 0.662711 -0.653835 -1.50598 -1.64379 -3.99156 -820.543 0 
1 825.044 0.315156 0.0224461 0.669864 -0.675636 -1.50535 -1.5104 -4.238 -819.296 0 
1 824.561 0.318244 0.0223481 0.668725 -0.697692 -1.51164 -1.44761 -4.18836 -818.925 0 
2 823.444 0.321894 0.0223457 0.667869 -0.706433 -1.52764 -0.0456617 -4.55708 -818.842 0 
4 825.261 0.32533 0.0222233 0.662593 -0.691215 -1.51614 -1.43365 -4.52306 -819.304 0 
3 824.747 0.321288 0.0223438 0.664233 -0.666855 -1.53183 -1.00533 -3.95289 -819.789 0 
2 824.162 0.316599 0.0222944 0.67024 -0.697614 -1.51691 -1.08422 -4.18967 -818.888 0 
1 824.652 0.311754 0.0224785 0.676771 -0.717208 -1.48641 -1.27514 -4.55048 -818.826 0 
2 824.815 0.309294 0.0223857 0.676753 -0.708744 -1.51875 -1.08267 -4.85846 -818.874 0 
1 825.062 0.30819 0.0223023 0.679244 -0.72689 -1.53263 -0.769618 -5.15895 -819.133 0 
2 823.993 0.321599 0.0222547 0.667149 -0.696315 -1.58848 -0.605764 -4.51391 -818.873 0 
1 825.067 0.328667 0.0222 0.660828 -0.681931 -1.58665 -0.655502 -4.91302 -819.499 0 
1 825.621 0.327224 0.0223099 0.659748 -0.66488 -1.54488 -1.11322 -4.26926 -820.238 0 
1 828.848 0.322703 0.022232 0.665581 -0.686325 -1.53577 -5.44828 -4.15547 -819.245 0 
2 828.547 0.324368 0.0222199 0.66017 -0.650844 -1.54342 -3.92454 -3.97101 -820.652 0 
1 826.957 0.325282 0.0222128 0.660109 -0.659594 -1.53615 -2.5595 -4.03645 -820.361 0 
1 825.363 0.328076 0.0222446 0.661646 -0.679871 -1.58081 -1.10466 -4.70499 -819.553 0 
1 826.084 0.33301 0.0223626 0.658194 -0.667378 -1.60369 -0.494812 -5.29895 -820.29 0 
1 825.662 0.328485 0.022461 0.660759 -0.658009 -1.58508 -0.927915 -4.30738 -820.427 0 
2 826.336 0.328825 0.0224497 0.658958 -0.63971 -1.60805 -0.945242 -4.14277 -821.248 0 
9 827.448 0.330152 0.0223416 0.656198 -0.626455 -1.67698 -1.6208 -4.16232 -821.665 0 
1 825.885 0.331303 0.0223028 0.656682 -0.629836 -1.71764 -0.240505 -4.34671 -821.298 0 
1 825.967 0.329149 0.0222905 0.657719 -0.629554 -1.71117 -0.721289 -4.11046 -821.135 0 
4 826.782 0.32562 0.0221845 0.660519 -0.643031 -1.71681 -2.59175 -4.05324 -820.137 0 
10 825.236 0.323393 0.0223493 0.662672 -0.632842 -1.74904 -1.07666 -3.92107 -820.238 0 
1 826.57 0.320603 0.0225701 0.665496 -0.624784 -1.77357 -2.32268 -3.99324 -820.254 0 
1 824.133 0.322381 0.0224863 0.666453 -0.657061 -1.69321 -0.558223 -4.05779 -819.517 0 
1 828.064 0.317857 0.0223953 0.670938 -0.664225 -1.72547 -4.75432 -4.24572 -819.064 0 
1 827.758 0.316981 0.0222613 0.670618 -0.655555 -1.79492 -4.30499 -4.38859 -819.064 0 
3 826.234 0.32183 0.022404 0.666862 -0.633851 -1.84401 -2.49768 -4.0721 -819.665 0 
1 826.237 0.324046 0.0225915 0.666463 -0.640618 -1.81478 -2.43364 -4.12896 -819.674 0 
2 828.355 0.3186 0.0226767 0.673282 -0.665376 -1.81514 -4.90149 -4.54958 -818.904 0 
2 828.08 0.316106 0.0227193 0.673434 -0.652495 -1.76918 -4.52976 -4.39242 -819.157 0 
2 826.926 0.314041 0.0226702 0.675475 -0.658656 -1.79354 -3.25565 -4.69297 -818.978 0 
2 827.688 0.312065 0.0227011 0.677419 -0.660637 -1.83274 -3.67594 -5.07952 -818.933 0 
4 827.452 0.309331 0.022586 0.676619 -0.635881 -1.89702 -2.57359 -5.75293 -819.125 0 
1 824.899 0.315411 0.0225464 0.672628 -0.64118 -1.87889 -1.10184 -4.66124 -819.136 0 
2 826.923 0.314445 0.0225987 0.671946 -0.638642 -1.81306 -2.96992 -4.63956 -819.313 0 
1 827.71 0.313814 0.0226914 0.671173 -0.609411 -1.86069 -2.62776 -5.05332 -820.029 0 
3 827.646 0.309065 0.0226765 0.676429 -0.625561 -1.86437 -2.35335 -5.94461 -819.348 0 
1 828.084 0.308898 0.0226764 0.677685 -0.634241 -1.856 -3.01601 -5.87107 -819.197 0 
3 828.366 0.304715 0.0226764 0.682129 -0.649128 -1.85934 -2.42637 -6.84682 -819.093 0 
2 826.606 0.308876 0.0226131 0.678829 -0.660862 -1.82875 -2.00916 -5.6197 -818.977 0 
1 827.98 0.315957 0.0226582 0.669789 -0.623569 -1.81602 -3.6802 -4.48678 -819.813 0 
1 828.109 0.317159 0.0226086 0.670627 -0.64755 -1.79618 -4.52977 -4.34827 -819.231 0 
1 827.726 0.322418 0.0224933 0.664139 -0.63336 -1.76182 -3.69306 -3.95198 -820.081 0 
2 825.433 0.319003 0.0225613 0.66716 -0.635649 -1.73313 -1.45754 -4.07556 -819.9 0 
1 825.967 0.323872 0.0222549 0.662685 -0.64347 -1.75372 -2.08467 -4.06109 -819.821 0 
2 828.723 0.322272 0.0223368 0.664366 -0.656057 -1.70809 -5.10694 -4.12927 -819.487 0 
1 826.865 0.322897 0.0223583 0.666683 -0.683011 -1.68585 -3.23773 -4.6995 -818.927 0 
1 827.535 0.325298 0.0223456 0.665999 -0.690803 -1.69909 -3.39753 -5.30724 -818.83 0 
1 827.453 0.327313 0.0224377 0.66369 -0.668779 -1.72617 -3.25748 -4.89569 -819.3 0 
3 825.54 0.324002 0.022203 0.666584 -0.692696 -1.71673 -1.5149 -5.26547 -818.76 0 
2 825.036 0.322123 0.0221853 0.668844 -0.690792 -1.75054 -1.22714 -5.07471 -818.734 0 
1 825.989 0.322125 0.0221301 0.667989 -0.691465 -1.76549 -1.97714 -5.29241 -818.72 0 
4 825.841 0.319939 0.0221261 0.670481 -0.695626 -1.79877 -1.63739 -5.46527 -818.738 0 
2 825.69 0.32015 0.0221633 0.66996 -0.691358 -1.79123 -1.67044 -5.28773 -818.732 0 
1 824.736 0.32463 0.0222097 0.66564 -0.679608 -1.74992 -0.836578 -5.00228 -818.897 0 
6 825.435 0.321232 0.0222052 0.668713 -0.696724 -1.70864 -1.62235 -5.08761 -818.725 0 
1 826.539 0.322532 0.0223359 0.66858 -0.696152 -1.71033 -2.59013 -5.22318 -818.726 0 
2 827.308 0.324111 0.0223389 0.665827 -0.680534 -1.70957 -3.50672 -4.8492 -818.952 0 
2 824.829 0.31949 0.0222447 0.672339 -0.722691 -1.63764 -0.688184 -5.38576 -818.755 0 
5 825.312 0.32097 0.022269 0.671458 -0.723494 -1.6552 -0.832859 -5.74864 -818.73 0 
1 826.278 0.314074 0.0225107 0.678199 -0.721209 -1.66821 -1.94975 -5.31288 -819.015 0 
2 826.761 0.321029 0.022531 0.671287 -0.698748 -1.68287 -3.0668 -4.96539 -818.729 0 
1 826.765 0.31892 0.0225909 0.67263 -0.698519 -1.64848 -3.34272 -4.66694 -818.755 0 
1 826.591 0.320159 0.0225476 0.671 -0.69623 -1.64612 -3.1445 -4.67105 -818.776 0 
6 826.457 0.322557 0.0225717 0.668028 -0.686395 -1.60993 -3.0093 -4.42154 -819.026 0 
1 824.774 0.314842 0.0225847 0.673719 -0.694116 -1.57172 -1.57304 -4.35819 -818.843 0 
2 824.355 0.315045 0.022431 0.673126 -0.698186 -1.60138 -1.06182 -4.4958 -818.797 0 
2 825.383 0.313941 0.0224587 0.672175 -0.681249 -1.60022 -2.03948 -4.40233 -818.942 0 
2 826.056 0.312657 0.0225341 0.676064 -0.71241 -1.5524 -2.563 -4.66693 -818.826 0 
1 824.166 0.3199 0.0224701 0.67056 -0.700411 -1.59685 -0.846859 -4.53209 -818.787 0 
1 824.397 0.319853 0.0223585 0.67182 -0.722414 -1.58499 -0.54661 -5.13837 -818.712 0 
8 825.338 0.319053 0.0223126 0.673464 -0.744603 -1.54139 -0.800879 -5.67389 -818.863 0 
3 825.098 0.318764 0.0222436 0.673318 -0.747967 -1.52349 -0.556632 -5.65025 -818.892 0 
4 824.425 0.321674 0.0221936 0.66672 -0.698733 -1.57047 -1.04905 -4.50502 -818.871 0 
3 824.75 0.319655 0.0221976 0.66861 -0.695185 -1.59852 -1.53083 -4.37901 -818.84 0 
3 825.027 0.323461 0.0222234 0.663988 -0.671179 -1.64795 -1.44976 -4.26196 -819.315 0 
1 824.616 0.320224 0.0222548 0.667054 -0.675984 -1.62098 -1.34948 -4.12381 -819.143 0 
1 825.007 0.312768 0.0224122 0.674082 -0.678199 -1.64202 -1.49794 -4.59378 -818.916 0 
1 824.783 0.311112 0.022445 0.67732 -0.69618 -1.64037 -1.05364 -4.86403 -818.865 0 
2 823.829 0.316034 0.0224907 0.670718 -0.676971 -1.58531 -0.552071 -4.19651 -819.081 0 
11 823.753 0.317435 0.0224108 0.669115 -0.667537 -1.63848 -0.413422 -4.14667 -819.193 0 
1 824.324 0.318176 0.0225514 0.669066 -0.659293 -1.64529 -0.825489 -4.0832 -819.415 0 
2 824.482 0.32288 0.0225225 0.665351 -0.657328 -1.63178 -0.713456 -3.97783 -819.791 0 
1 825.225 0.323479 0.0225575 0.665697 -0.669075 -1.61038 -1.58464 -4.12566 -819.515 0 
1 827.769 0.325771 0.0226479 0.663061 -0.649854 -1.63374 -3.43806 -4.03735 -820.294 0 
2 825.134 0.323854 0.0225473 0.664871 -0.655763 -1.66311 -1.31692 -4.04615 -819.771 0 
1 823.794 0.319081 0.0224324 0.667464 -0.66826 -1.58545 -0.371063 -4.01804 -819.405 0 
2 825.118 0.308911 0.0223156 0.677731 -0.716929 -1.53904 -1.1449 -5.00395 -818.969 0 
2 827.753 0.300876 0.0224573 0.684043 -0.721277 -1.47442 -1.94157 -6.49036 -819.321 0 
8 827.165 0.302722 0.0223909 0.682079 -0.733237 -1.39392 -2.16131 -5.7782 -819.226 0 
15 824.395 0.315147 0.0222666 0.673083 -0.73386 -1.40476 -1.2147 -4.40826 -818.772 0 
1 824.22 0.326268 0.0222933 0.663559 -0.720915 -1.37553 -0.127517 -5.02586 -819.066 0 
2 823.511 0.323238 0.0223695 0.665575 -0.710661 -1.40334 -0.00166177 -4.42045 -819.089 0 
2 825.948 0.321359 0.0222662 0.670044 -0.750572 -1.35918 -2.16292 -5.08061 -818.704 0 
5 823.812 0.320077 0.0222585 0.667797 -0.727953 -1.35541 -0.60713 -4.38184 -818.823 0 
2 823.945 0.317873 0.0223085 0.672572 -0.764729 -1.30452 -0.147175 -4.97407 -818.824 0 
1 824.304 0.321654 0.0223214 0.668863 -0.760766 -1.26256 -0.4194 -5.1626 -818.722 0 
5 823.293 0.315102 0.0223451 0.673243 -0.749628 -1.29736 -0.121903 -4.38308 -818.788 0 
2 823.655 0.313275 0.0223611 0.674682 -0.751655 -1.30431 -0.368023 -4.4364 -818.851 0 
1 823.793 0.311394 0.0224375 0.674781 -0.739008 -1.27088 -0.668742 -4.30705 -818.817 0 
3 825.32 0.308394 0.0226254 0.679499 -0.742149 -1.32294 -1.70804 -4.66534 -818.947 0 
2 826.14 0.305433 0.0225574 0.683771 -0.771355 -1.30364 -1.28921 -5.16025 -819.69 0 
1 827.061 0.312063 0.0225858 0.679716 -0.775566 -1.30319 -2.83649 -4.93547 -819.29 0 
3 826.959 0.316578 0.022456 0.676836 -0.783658 -1.31993 -2.15397 -5.58435 -819.221 0 
3 825.927 0.313684 0.0224857 0.678309 -0.778663 -1.31106 -1.52865 -5.12408 -819.275 0 
1 825.133 0.31638 0.0224817 0.675201 -0.780735 -1.21635 -1.25664 -4.91984 -818.956 0 
2 826.241 0.318529 0.0224382 0.674415 -0.79178 -1.20605 -1.71722 -5.5103 -819.014 0 
1 826.91 0.320418 0.0225237 0.671837 -0.772155 -1.23341 -2.90325 -5.24444 -818.763 0 
6 824.627 0.314564 0.0225683 0.674984 -0.757991 -1.2381 -1.45545 -4.35945 -818.812 0 
1 823.255 0.315261 0.022453 0.673004 -0.754088 -1.21164 -0.221385 -4.24775 -818.786 0 
2 823.84 0.310098 0.0225072 0.677608 -0.762614 -1.2 -0.497144 -4.39588 -818.947 0 
1 824.69 0.309164 0.0223666 0.678085 -0.77214 -1.21172 -0.954469 -4.57695 -819.158 0 
4 826.144 0.305466 0.022332 0.681966 -0.789813 -1.19185 -1.31379 -4.99452 -819.836 0 
2 826.517 0.307791 0.0223287 0.681695 -0.806222 -1.18315 -1.17313 -5.17901 -820.165 0 
3 827.247 0.307835 0.0223138 0.68118 -0.809537 -1.14861 -2.01204 -5.10759 -820.127 0 
1 828.11 0.307381 0.022286 0.682435 -0.824166 -1.12699 -2.01701 -5.40806 -820.685 0 
3 826.398 0.319567 0.0222524 0.673483 -0.805119 -1.20397 -0.898037 -6.28549 -819.214 0 
1 825.044 0.314571 0.0222776 0.676759 -0.799586 -1.20892 -0.266018 -5.34231 -819.435 0 
4 824.684 0.309596 0.0223049 0.67687 -0.76414 -1.2207 -1.18235 -4.48279 -819.019 0 
2 824.054 0.314969 0.022273 0.673496 -0.775918 -1.16502 -0.68241 -4.48809 -818.883 0 
1 823.55 0.320236 0.0223492 0.668245 -0.758893 -1.1411 -0.191332 -4.52731 -818.832 0 
6 824.459 0.317361 0.0223848 0.668234 -0.741802 -1.11455 -1.28164 -4.13885 -819.039 0 
1 824.148 0.31994 0.0222877 0.666789 -0.745453 -1.15997 -0.882423 -4.31478 -818.95 0 
2 824.378 0.317763 0.0224786 0.668261 -0.731602 -1.15253 -1.11164 -4.11917 -819.147 0 
2 823.533 0.317756 0.0223537 0.669029 -0.749515 -1.15427 -0.459358 -4.20904 -818.864 0 
6 823.973 0.312632 0.022374 0.67318 -0.754524 -1.1609 -0.965725 -4.18874 -818.818 0 
1 823.505 0.312505 0.0224028 0.674335 -0.767185 -1.12777 -0.419061 -4.23433 -818.852 0 
1 823.743 0.314492 0.0223954 0.671384 -0.760737 -1.07677 -0.75405 -4.14561 -818.843 0 
2 825.101 0.314309 0.0224924 0.66994 -0.740843 -1.0924 -1.93541 -4.1477 -819.018 0 
4 823.495 0.317102 0.0224577 0.669438 -0.745661 -1.13244 -0.421665 -4.13907 -818.934 0 
1 824.23 0.314477 0.0224461 0.670368 -0.739571 -1.13021 -1.14119 -4.1264 -818.963 0 
10 823.869 0.315106 0.0225148 0.673212 -0.76253 -1.12741 -0.859638 -4.20374 -818.806 0 
1 824.431 0.313773 0.0225903 0.675007 -0.764617 -1.14648 -1.37322 -4.23504 -818.823 0 
4 823.888 0.31818 0.0225168 0.670369 -0.749178 -1.19239 -0.783815 -4.284 -818.82 0 
5 824.803 0.323601 0.0225438 0.663958 -0.717958 -1.20703 -0.804961 -4.38298 -819.615 0 
1 826.218 0.323995 0.0226381 0.664117 -0.719646 -1.17092 -2.01598 -4.4559 -819.747 0 
5 824.38 0.320181 0.022484 0.666386 -0.724751 -1.17887 -0.87514 -4.17339 -819.332 0 
7 823.622 0.321005 0.022433 0.666972 -0.745141 -1.14763 -0.211081 -4.39502 -819.015 0 
2 825.823 0.322363 0.0222002 0.664564 -0.75547 -1.12777 -2.13989 -4.74479 -818.938 0 
5 824.16 0.322916 0.0223524 0.664504 -0.751279 -1.09422 -0.356415 -4.69082 -819.113 0 
1 823.971 0.310603 0.0225007 0.676158 -0.772375 -1.06593 -0.831665 -4.24662 -818.892 0 
1 824.789 0.3085 0.0223948 0.679203 -0.79145 -1.07185 -1.08337 -4.44855 -819.257 0 
6 824.453 0.316396 0.0225873 0.669844 -0.744494 -1.0763 -1.24824 -4.14871 -819.056 0 
3 824.924 0.308909 0.022602 0.677737 -0.766554 -1.07869 -1.65562 -4.36812 -818.9 0 
2 825.517 0.308711 0.0225037 0.678894 -0.782714 -1.05908 -2.09019 -4.36752 -819.06 0 
2 824.969 0.311461 0.0225019 0.676599 -0.770632 -1.11613 -1.82008 -4.25551 -818.893 0 
1 827.73 0.30944 0.0224992 0.678831 -0.776441 -1.1059 -4.35911 -4.3577 -819.013 0 
2 826.902 0.307562 0.022633 0.68035 -0.768584 -1.12582 -3.36969 -4.52024 -819.013 0 
4 825.397 0.30728 0.0226013 0.678224 -0.762605 -1.06769 -1.92057 -4.57006 -818.906 0 
1 826.136 0.308616 0.0226701 0.676417 -0.754762 -1.03973 -2.71329 -4.53717 -818.886 0 
9 823.557 0.314627 0.0224583 0.674336 -0.783509 -1.0772 -0.283311 -4.38835 -818.886 0 
3 823.966 0.318775 0.0223301 0.668362 -0.755 -1.11807 -0.786698 -4.29788 -818.882 0 
10 824.447 0.315958 0.0223897 0.66926 -0.747081 -1.11761 -1.40952 -4.11688 -818.92 0 
1 824.435 0.318947 0.022422 0.667416 -0.753305 -1.08086 -1.16821 -4.28807 -818.979 0 
5 823.972 0.317824 0.0224719 0.668807 -0.749825 -1.07862 -0.77489 -4.19161 -819.006 0 
2 824.66 0.315914 0.0224355 0.668589 -0.753435 -0.998901 -1.37052 -4.21035 -819.079 0 
2 824.547 0.31439 0.0222919 0.671514 -0.773574 -1.03782 -1.51154 -4.19885 -818.836 0 
1 826.684 0.310888 0.0223381 0.676037 -0.77824 -1.07283 -3.47955 -4.26409 -818.94 0 
3 826.902 0.311773 0.0224559 0.676425 -0.782317 -1.04726 -3.7312 -4.24178 -818.929 0 
1 824.146 0.309398 0.0223768 0.677874 -0.794339 -1.03518 -0.589029 -4.37518 -819.181 0 
1 823.859 0.310797 0.0224301 0.675288 -0.78214 -1.00573 -0.713034 -4.22573 -818.92 0 
2 824.599 0.317655 0.0222798 0.668404 -0.771245 -1.00715 -1.39201 -4.32565 -818.881 0 
1 826.411 0.320556 0.0222592 0.665681 -0.755591 -1.04304 -2.89838 -4.42938 -819.084 0 
6 824.618 0.319453 0.0223665 0.666539 -0.755998 -1.05481 -1.2588 -4.34792 -819.011 0 
7 824.284 0.320131 0.0224147 0.666471 -0.751255 -1.08418 -0.877586 -4.36696 -819.039 0 
1 823.528 0.319662 0.0224218 0.667807 -0.761193 -1.0625 -0.180597 -4.42004 -818.927 0 
1 824.095 0.32231 0.0224172 0.664582 -0.742562 -1.08542 -0.290049 -4.49474 -819.31 0 
2 824.253 0.318919 0.0222807 0.668046 -0.771057 -1.05428 -0.926317 -4.48975 -818.837 0 
4 825.114 0.314109 0.0224538 0.673603 -0.776883 -1.02723 -2.06669 -4.20309 -818.844 0 
2 825.885 0.322155 0.0225361 0.665509 -0.736765 -1.09269 -2.02392 -4.43173 -819.429 0 
11 825.127 0.325674 0.0223924 0.66373 -0.757212 -1.06593 -0.739257 -5.19556 -819.192 0 
3 825.979 0.322527 0.0222855 0.663136 -0.745211 -1.0376 -1.98118 -4.56996 -819.428 0 
1 825.002 0.317955 0.0223644 0.666466 -0.735898 -1.10091 -1.62541 -4.16026 -819.216 0 
6 827.163 0.323575 0.0222084 0.661712 -0.732033 -1.11176 -3.04941 -4.53802 -819.575 0 
4 826.952 0.322669 0.0221506 0.663455 -0.757123 -1.08257 -3.16881 -4.75645 -819.027 0 
1 825.921 0.323248 0.0221565 0.664143 -0.760854 -1.09225 -2.05702 -4.90163 -818.962 0 
2 824.942 0.314977 0.0222013 0.674138 -0.792053 -1.13663 -1.10068 -4.77987 -819.062 0 
3 824.183 0.317584 0.0222643 0.670132 -0.777743 -1.09074 -0.825365 -4.55438 -818.804 0 
1 825.11 0.310053 0.0225563 0.674258 -0.748526 -1.08824 -1.86944 -4.3618 -818.879 0 
3 825.838 0.308253 0.0226489 0.678428 -0.769309 -1.04837 -2.50123 -4.42155 -818.915 0 
1 825.451 0.305919 0.0224083 0.678937 -0.783999 -1.023 -1.7417 -4.56763 -819.141 0 
3 825.299 0.306764 0.0223268 0.679228 -0.796017 -1.02737 -1.44346 -4.50572 -819.35 0 
1 826.171 0.305572 0.022317 0.679704 -0.796568 -0.999949 -2.2373 -4.57026 -819.363 0 
3 825.611 0.307108 0.0224419 0.679848 -0.793258 -1.01251 -1.92689 -4.45206 -819.232 0 
2 826.02 0.311922 0.022289 0.675975 -0.795758 -1.03039 -2.58728 -4.35812 -819.075 0 
2 825.108 0.307422 0.0225575 0.678816 -0.77073 -1.06898 -1.64549 -4.49394 -818.968 0 
3 825.046 0.306554 0.0225869 0.681379 -0.789334 -1.06328 -1.18969 -4.55177 -819.305 0 
2 825.212 0.307576 0.0225528 0.680867 -0.806007 -1.01004 -1.20322 -4.5111 -819.498 0 
1 825.6 0.309466 0.0226124 0.674621 -0.762471 -0.977459 -2.29046 -4.40618 -818.903 0 
1 824.446 0.311984 0.0225573 0.674686 -0.790441 -0.930648 -1.32526 -4.20697 -818.914 0 
4 825.415 0.308597 0.0226332 0.678223 -0.789865 -0.967871 -2.08042 -4.30556 -819.029 0 
4 825.219 0.318551 0.022594 0.669756 -0.766726 -0.998606 -1.91199 -4.3502 -818.957 0 
3 824.235 0.318581 0.0225309 0.669689 -0.777686 -0.963221 -0.877322 -4.45316 -818.905 0 
5 825.637 0.312062 0.0224151 0.673613 -0.773782 -0.98709 -2.57268 -4.19734 -818.867 0 
1 825.041 0.306733 0.022482 0.679879 -0.793787 -0.988283 -1.37375 -4.45876 -819.209 0 
1 825.797 0.306308 0.0226129 0.681849 -0.801732 -0.97895 -1.9231 -4.49137 -819.383 0 
2 825.769 0.311354 0.0226251 0.678145 -0.800601 -0.975631 -2.36728 -4.31625 -819.086 0 
1 830.921 0.312633 0.0224495 0.680561 -0.838241 -0.977389 -5.76577 -5.18041 -819.975 0 
1 830.911 0.315402 0.022217 0.678168 -0.845677 -1.02166 -4.63231 -6.11442 -820.164 0 
1 825.316 0.313986 0.0223147 0.676441 -0.814394 -1.02641 -1.13309 -4.85536 -819.327 0 
1 824.401 0.315932 0.0222512 0.673228 -0.800671 -1.04513 -0.629308 -4.7677 -819.004 0 
2 824.277 0.31402 0.0222714 0.67486 -0.80654 -1.03615 -0.360578 -4.73915 -819.178 0 
1 825.455 0.313474 0.0221833 0.675025 -0.802801 -1.06783 -1.5616 -4.69174 -819.201 0 
1 825.628 0.307098 0.0223383 0.680291 -0.796696 -1.06706 -1.60895 -4.5591 -819.46 0 
4 825.675 0.307659 0.0223286 0.681582 -0.817417 -1.04354 -0.950946 -4.75138 -819.972 0 
3 826.527 0.30471 0.0223856 0.685025 -0.826166 -1.08425 -0.413744 -5.24002 -820.873 0 
5 824.565 0.313624 0.022445 0.676636 -0.806667 -1.05244 -0.550919 -4.77544 -819.239 0 
2 825.367 0.320936 0.0223107 0.669039 -0.791837 -1.06941 -1.19141 -5.36988 -818.805 0 
1 825.96 0.318685 0.0221737 0.671533 -0.805986 -1.09494 -1.31712 -5.59454 -819.048 0 
1 825.844 0.324829 0.0222956 0.6645 -0.760469 -1.1586 -1.58984 -5.38312 -818.871 0 
1 826.233 0.316404 0.0222935 0.670218 -0.761722 -1.16465 -3.09269 -4.3541 -818.786 0 
1 825.441 0.313699 0.022309 0.673058 -0.766837 -1.1758 -2.2387 -4.35151 -818.85 0 
1 825.763 0.310276 0.0222895 0.67467 -0.759083 -1.17062 -2.56315 -4.32177 -818.878 0 
2 826.285 0.310919 0.0222832 0.673471 -0.752516 -1.14145 -3.1868 -4.26096 -818.837 0 
1 829.025 0.301999 0.0223635 0.68222 -0.767071 -1.13793 -4.32751 -5.41024 -819.287 0 
1 828.142 0.300441 0.0223805 0.686817 -0.791132 -1.17541 -2.19668 -5.62855 -820.316 0 
1 826.395 0.306158 0.0223482 0.683503 -0.79822 -1.1994 -1.23852 -5.0528 -820.104 0 
2 826.317 0.301515 0.0224497 0.684644 -0.778002 -1.17915 -1.12595 -5.4424 -819.749 0 
2 824.334 0.30805 0.0223919 0.680135 -0.786009 -1.17284 -0.205509 -4.68827 -819.44 0 
6 823.388 0.3197 0.022438 0.669151 -0.745146 -1.22519 -0.178224 -4.37827 -818.831 0 
1 823.563 0.317621 0.0224872 0.671395 -0.755541 -1.19179 -0.443012 -4.33842 -818.781 0 
5 824.788 0.317916 0.0226035 0.671194 -0.743587 -1.21259 -1.73701 -4.21187 -818.839 0 
2 824.579 0.313988 0.0225815 0.67288 -0.740601 -1.2068 -1.61109 -4.1338 -818.834 0 
3 824.765 0.316685 0.0225761 0.672103 -0.746246 -1.23387 -1.73609 -4.24065 -818.788 0 
3 824.018 0.315705 0.0225574 0.673101 -0.74013 -1.27742 -1.03106 -4.203 -818.784 0 
4 825.214 0.31598 0.0224402 0.670898 -0.736854 -1.2737 -2.22477 -4.18546 -818.804 0 
3 824.016 0.312733 0.0223985 0.673742 -0.747586 -1.24148 -0.958202 -4.24948 -818.808 0 
2 825.716 0.311136 0.0223787 0.675983 -0.759281 -1.26305 -2.27201 -4.48852 -818.955 0 
1 826.526 0.307121 0.0224052 0.679271 -0.758626 -1.28068 -2.55227 -4.79807 -819.175 0 
2 827.275 0.311646 0.0225808 0.678046 -0.756329 -1.24886 -4.03591 -4.35249 -818.886 0 
3 825.045 0.316062 0.0224777 0.674172 -0.758713 -1.24713 -1.84456 -4.41204 -818.789 0 
5 824.851 0.312974 0.0222621 0.67759 -0.784111 -1.29983 -0.224831 -5.19656 -819.43 0 
1 825.565 0.316983 0.0222099 0.672682 -0.776412 -1.26881 -1.46436 -5.1489 -818.951 0 
1 824.637 0.322179 0.0222852 0.667746 -0.75653 -1.2668 -0.772739 -5.13616 -818.728 0 
1 824.932 0.320322 0.0223053 0.669458 -0.76817 -1.21934 -1.12174 -5.0637 -818.747 0 
1 824.018 0.322136 0.0222983 0.666779 -0.753238 -1.21239 -0.377122 -4.83361 -818.808 0 
1 824.782 0.328092 0.0223036 0.661554 -0.734141 -1.23889 -0.0978958 -5.40511 -819.279 0 
4 825.66 0.330084 0.0223625 0.660535 -0.737014 -1.2154 -0.363475 -5.89682 -819.4 0 
2 826.16 0.325878 0.0222986 0.661891 -0.740171 -1.16958 -1.85091 -5.05392 -819.256 0 
3 826.269 0.322083 0.0222083 0.668071 -0.753216 -1.27553 -2.59861 -4.93579 -818.735 0 
2 826.444 0.325346 0.0221682 0.663953 -0.739116 -1.27007 -2.44308 -5.04112 -818.96 0 
1 825.656 0.324782 0.0221564 0.664714 -0.755112 -1.21458 -1.54332 -5.28168 -818.831 0 
1 825.686 0.32867 0.0221971 0.662171 -0.752555 -1.22873 -0.624108 -6.11959 -818.942 0 
7 824.594 0.321126 0.0223705 0.667991 -0.762657 -1.16644 -0.981989 -4.82984 -818.783 0 
5 824.639 0.323981 0.0224769 0.66564 -0.754817 -1.12207 -0.679872 -4.9484 -819.011 0 
1 824.826 0.321749 0.022354 0.667162 -0.766535 -1.12671 -1.09705 -4.91976 -818.809 0 
2 824.03 0.319903 0.0223513 0.670146 -0.774545 -1.1668 -0.289873 -4.97351 -818.767 0 
1 824.246 0.322479 0.0223612 0.665182 -0.740751 -1.18689 -0.646778 -4.55506 -819.044 0 
2 824.064 0.321019 0.0223687 0.667023 -0.736822 -1.21695 -0.736586 -4.33666 -818.99 0 
4 824.692 0.32031 0.0224052 0.664777 -0.714449 -1.21751 -1.08308 -4.12603 -819.483 0 
2 825.638 0.317336 0.0222504 0.668101 -0.733356 -1.25483 -2.62015 -4.1429 -818.875 0 
3 826.871 0.319353 0.0221456 0.666957 -0.735796 -1.25166 -3.74375 -4.23832 -818.889 0 
2 826.273 0.321389 0.0221198 0.665903 -0.741377 -1.25681 -2.89041 -4.5324 -818.851 0 
1 825.914 0.31522 0.0222145 0.671416 -0.748837 -1.23314 -2.91948 -4.21118 -818.784 0 
1 825.252 0.313678 0.0222977 0.672506 -0.759462 -1.18809 -2.16668 -4.26952 -818.816 0 
1 825.071 0.313212 0.0223206 0.67343 -0.765324 -1.17796 -1.89494 -4.32315 -818.853 0 
1 826.259 0.315742 0.0221733 0.672195 -0.780977 -1.17711 -2.56255 -4.76828 -818.928 0 
1 827.051 0.311253 0.0221219 0.678128 -0.808098 -1.18223 -1.89347 -5.27505 -819.883 0 
2 826.688 0.320814 0.0222701 0.671618 -0.797262 -1.20629 -1.4491 -6.24291 -818.996 0 
1 827.243 0.324178 0.0222269 0.668555 -0.792137 -1.2099 -1.66743 -6.7712 -818.805 0 
4 826.508 0.319687 0.0222937 0.673656 -0.801086 -1.22593 -1.08134 -6.25489 -819.172 0 
4 825.234 0.325269 0.0223284 0.666973 -0.756474 -1.30154 -0.734175 -5.79082 -818.709 0 
4 825.414 0.32799 0.0224795 0.661516 -0.714588 -1.28368 -0.757827 -4.98013 -819.676 0 
2 824.342 0.317394 0.0224077 0.671223 -0.740154 -1.27343 -1.32747 -4.22426 -818.79 0 
2 824.344 0.311116 0.0224692 0.677748 -0.757694 -1.27352 -0.938046 -4.45482 -818.952 0 
2 824.983 0.308756 0.0223333 0.681041 -0.791852 -1.24865 -0.0633379 -5.08445 -819.835 0 
1 826.697 0.315005 0.0222761 0.671849 -0.749369 -1.29231 -3.49744 -4.4122 -818.787 0 
1 824.959 0.315021 0.0225104 0.674999 -0.767521 -1.23757 -1.50363 -4.58165 -818.873 0 
2 825.603 0.325869 0.0224223 0.664496 -0.742322 -1.2473 -1.36628 -5.25941 -818.978 0 
2 825.592 0.317615 0.0223472 0.674895 -0.801165 -1.18047 -0.789412 -5.61334 -819.19 0 
2 825.569 0.322145 0.0224408 0.670074 -0.77766 -1.17717 -1.38237 -5.43926 -818.747 0 
9 827.028 0.325569 0.0223515 0.667921 -0.78656 -1.1596 -1.8625 -6.43173 -818.733 0 
5 827.905 0.326901 0.0223126 0.66692 -0.783552 -1.17842 -2.48532 -6.70072 -818.719 0 
4 826.28 0.32516 0.0223141 0.667675 -0.780785 -1.17835 -1.38973 -6.16444 -818.726 0 
2 824.58 0.327004 0.0223126 0.662587 -0.737003 -1.24165 -0.153736 -5.28006 -819.147 0 
1 824.024 0.323277 0.0224128 0.666377 -0.737264 -1.27881 -0.364139 -4.75171 -818.908 0 
1 824.929 0.325521 0.0223282 0.665674 -0.74789 -1.30174 -0.601805 -5.54807 -818.779 0 
1 824.999 0.319385 0.0221868 0.669365 -0.750798 -1.32903 -1.4359 -4.83397 -818.729 0 
2 825.176 0.32301 0.0221619 0.666795 -0.752017 -1.318 -1.15514 -5.31122 -818.71 0 
1 825.56 0.3226 0.0221378 0.667961 -0.756817 -1.35361 -1.26756 -5.5959 -818.697 0 
1 824.956 0.326035 0.0223455 0.66585 -0.725553 -1.4386 -0.797953 -5.33332 -818.824 0 
2 823.458 0.319129 0.0224169 0.670042 -0.722889 -1.39386 -0.350576 -4.29908 -818.809 0 
8 824.677 0.324234 0.0224905 0.663272 -0.681916 -1.41886 -0.595939 -4.12001 -819.961 0 
1 824.522 0.324488 0.0225102 0.664743 -0.700105 -1.40197 -0.751571 -4.34587 -819.425 0 
4 823.563 0.316832 0.0224891 0.671175 -0.719767 -1.3575 -0.575406 -4.12354 -818.864 0 
2 823.864 0.316788 0.0223613 0.669881 -0.7171 -1.38374 -0.857242 -4.15229 -818.855 0 
2 823.9 0.319293 0.022329 0.668152 -0.722175 -1.36593 -0.776235 -4.26244 -818.862 0 
3 823.249 0.316838 0.0224044 0.670368 -0.728861 -1.31007 -0.262662 -4.15213 -818.834 0 
1 823.537 0.320232 0.0224595 0.66743 -0.714498 -1.32387 -0.297463 -4.12363 -819.116 0 
1 824.253 0.319349 0.0225241 0.670149 -0.725352 -1.37167 -1.11046 -4.32559 -818.817 0 
6 824.015 0.31272 0.0224218 0.677112 -0.758449 -1.35261 -0.249539 -4.73759 -819.028 0 
1 824.343 0.315269 0.0222242 0.674282 -0.757146 -1.37822 -0.533948 -4.87579 -818.933 0 
2 824.139 0.315637 0.022446 0.671633 -0.729299 -1.33524 -1.14217 -4.20138 -818.795 0 
3 824.73 0.313217 0.0226094 0.673286 -0.716796 -1.30484 -1.58631 -4.21671 -818.927 0 
1 825.207 0.313164 0.022649 0.675409 -0.727397 -1.35262 -2.1444 -4.26438 -818.798 0 
2 824.642 0.315671 0.0226089 0.671287 -0.704614 -1.36429 -1.49013 -4.09595 -819.056 0 
2 823.705 0.320333 0.0223293 0.669376 -0.721521 -1.44795 -0.434854 -4.50375 -818.767 0 
3 823.481 0.320582 0.0223814 0.668903 -0.721746 -1.4089 -0.248813 -4.41269 -818.819 0 
2 824.029 0.321876 0.0222818 0.66881 -0.731358 -1.44406 -0.386555 -4.93198 -818.71 0 
2 824.114 0.319994 0.0222921 0.669139 -0.721848 -1.47527 -0.730512 -4.64693 -818.737 0 
5 823.977 0.322129 0.0222373 0.666217 -0.709923 -1.46139 -0.608029 -4.44693 -818.922 0 
2 823.556 0.314771 0.0223471 0.672392 -0.708888 -1.49553 -0.430227 -4.32796 -818.798 0 
1 825.152 0.308069 0.0225776 0.678707 -0.714299 -1.46254 -1.32848 -4.93427 -818.889 0 
5 825.131 0.30719 0.0225368 0.68094 -0.727512 -1.49027 -0.869168 -5.15966 -819.103 0 
1 825.78 0.308968 0.0225631 0.68069 -0.737971 -1.47998 -1.58885 -5.03029 -819.161 0 
3 826.367 0.3131 0.0226589 0.671037 -0.678675 -1.40941 -2.41068 -4.51614 -819.44 0 
2 826.101 0.31833 0.0224943 0.665096 -0.670409 -1.38892 -1.79675 -4.16261 -820.141 0 
2 825.116 0.320365 0.0225427 0.665785 -0.691665 -1.37075 -1.53257 -4.00846 -819.575 0 
2 825.602 0.320087 0.022493 0.664703 -0.682704 -1.37711 -1.75622 -4.00521 -819.84 0 
1 824.371 0.315569 0.022439 0.669414 -0.712686 -1.2991 -1.23195 -4.08072 -819.059 0 
1 824.805 0.318197 0.0224532 0.669529 -0.71589 -1.3345 -1.73781 -4.07378 -818.994 0 
6 826.514 0.317644 0.0223847 0.674192 -0.751565 -1.39163 -2.86851 -4.84649 -818.799 0 
7 824.252 0.309974 0.0223941 0.677972 -0.727482 -1.46808 -0.567079 -4.75182 -818.933 0 
1 824.349 0.314307 0.0224456 0.675767 -0.734935 -1.44194 -0.981689 -4.54794 -818.819 0 
1 826.087 0.317393 0.0224633 0.672114 -0.714749 -1.44476 -3.06933 -4.21102 -818.806 0 
6 823.683 0.316774 0.0223192 0.670656 -0.716192 -1.42186 -0.669603 -4.19926 -818.814 0 
5 823.985 0.315009 0.0223619 0.673618 -0.728564 -1.41805 -0.857733 -4.35783 -818.769 0 
3 825.868 0.319166 0.0222996 0.672417 -0.757062 -1.35801 -2.0764 -5.02265 -818.769 0 
4 826.461 0.313874 0.0222436 0.676103 -0.767282 -1.31588 -2.66957 -4.7485 -819.043 0 
3 824.787 0.309734 0.0223372 0.678107 -0.757338 -1.29794 -1.14859 -4.58747 -819.051 0 
1 823.768 0.311476 0.0224514 0.677587 -0.757578 -1.30428 -0.243347 -4.54057 -818.984 0 
2 825.7 0.309484 0.0226184 0.679476 -0.744092 -1.32811 -2.19529 -4.57086 -818.934 0 
5 823.812 0.317893 0.0223745 0.670696 -0.725426 -1.37637 -0.776619 -4.24024 -818.795 0 
7 823.853 0.316816 0.022544 0.671826 -0.723524 -1.35845 -0.862516 -4.16798 -818.823 0 
3 824.136 0.314283 0.0224722 0.676021 -0.75726 -1.33097 -0.594403 -4.63799 -818.904 0 
1 824.178 0.31581 0.0225684 0.673092 -0.739878 -1.2834 -1.18126 -4.2155 -818.781 0 
2 824.999 0.310767 0.0225476 0.679278 -0.768968 -1.27283 -1.19698 -4.6533 -819.149 0 
1 824.038 0.309649 0.0224288 0.678127 -0.752414 -1.29437 -0.51987 -4.54146 -818.977 0 
1 825.2 0.3103 0.0224106 0.680257 -0.778648 -1.28421 -0.895458 -4.86927 -819.436 0 
1 825.049 0.308011 0.0225413 0.67812 -0.734714 -1.28478 -1.49038 -4.6904 -818.868 0 
3 823.542 0.31325 0.0223521 0.674353 -0.751305 -1.26794 -0.402253 -4.31832 -818.821 0 
1 823.798 0.316742 0.0223124 0.671723 -0.753864 -1.28281 -0.512992 -4.51594 -818.769 0 
1 825.318 0.318751 0.0221663 0.671035 -0.764956 -1.32426 -1.2958 -5.20449 -818.818 0 
3 823.603 0.314093 0.0223639 0.674205 -0.757163 -1.27461 -0.309953 -4.44898 -818.844 0 
1 823.89 0.319685 0.0224034 0.670794 -0.754334 -1.29312 -0.358833 -4.80004 -818.731 0 
1 823.824 0.323295 0.0224442 0.665183 -0.718397 -1.30634 -0.21045 -4.40483 -819.208 0 
1 824.969 0.322462 0.0224401 0.66445 -0.700673 -1.36696 -1.37699 -4.16206 -819.43 0 
3 824.491 0.319701 0.0223151 0.666258 -0.700961 -1.40515 -1.26649 -4.06171 -819.163 0 
1 826.927 0.317557 0.0221418 0.670814 -0.743246 -1.3514 -3.69961 -4.48365 -818.744 0 
3 825.881 0.317585 0.0222466 0.675037 -0.783992 -1.34038 -0.824991 -5.83936 -819.217 0 
1 825.095 0.321507 0.0224927 0.669398 -0.744605 -1.31192 -1.53102 -4.81735 -818.747 0 
1 825.14 0.317133 0.0225224 0.673837 -0.752096 -1.3376 -1.67937 -4.68509 -818.776 0 
1 825.586 0.319326 0.0225104 0.672524 -0.754818 -1.33111 -1.92284 -4.92376 -818.74 0 
1 824.693 0.320938 0.022399 0.670903 -0.752123 -1.3526 -0.880345 -5.10215 -818.711 0 
5 823.879 0.318659 0.0223592 0.671451 -0.73366 -1.41256 -0.598251 -4.55288 -818.728 0 
3 824.143 0.314733 0.0223119 0.675391 -0.754319 -1.41346 -0.203526 -4.95989 -818.98 0 
3 824.173 0.312844 0.0223213 0.676723 -0.739461 -1.474 -0.414752 -4.79378 -818.965 0 
8 823.999 0.322365 0.0222757 0.666868 -0.703047 -1.51817 -0.623294 -4.45375 -818.922 0 
1 824.339 0.323015 0.0223631 0.666425 -0.693821 -1.52629 -0.919314 -4.31513 -819.104 0 
1 823.364 0.321052 0.0223262 0.66753 -0.686555 -1.60529 -0.0767476 -4.29812 -818.989 0 
2 823.664 0.319888 0.0223982 0.666962 -0.6705 -1.59052 -0.28042 -4.0214 -819.362 0 
1 823.829 0.311367 0.022448 0.67701 -0.707468 -1.58432 -0.186661 -4.78094 -818.862 0 
2 823.463 0.319294 0.02241 0.670678 -0.703393 -1.57802 -0.193769 -4.49222 -818.777 0 
2 824.623 0.320933 0.0224897 0.67022 -0.701098 -1.59353 -1.25002 -4.57888 -818.794 0 
4 826.414 0.317805 0.0224981 0.675105 -0.730204 -1.58288 -2.37492 -5.22573 -818.813 0 
3 828.536 0.316786 0.0225407 0.676867 -0.732044 -1.5865 -4.4733 -5.18353 -818.879 0 
2 833.711 0.314901 0.0226555 0.679861 -0.735194 -1.59877 -9.42022 -5.24618 -819.044 0 
1 827.607 0.310989 0.0225907 0.681331 -0.73415 -1.59982 -2.97855 -5.35055 -819.278 0 
1 825.222 0.311459 0.0225121 0.678833 -0.721069 -1.60163 -1.14367 -5.06442 -819.014 0 
6 825.074 0.311906 0.0222284 0.677066 -0.727546 -1.60199 -0.789534 -5.19115 -819.093 0 
1 825.175 0.308666 0.0222833 0.680087 -0.726531 -1.60813 -0.472734 -5.40455 -819.298 0 
1 828.586 0.313798 0.022063 0.672109 -0.698036 -1.62834 -5.15128 -4.62655 -818.808 0 
1 828.349 0.314385 0.0220806 0.671329 -0.691429 -1.65254 -4.94445 -4.59069 -818.814 0 
1 827.082 0.317422 0.0222376 0.666566 -0.653203 -1.64986 -3.40253 -4.13457 -819.545 0 
1 826.359 0.32257 0.0222393 0.662564 -0.651923 -1.63784 -2.46893 -3.94342 -819.947 0 
1 825.598 0.31699 0.0222278 0.668783 -0.67909 -1.59233 -2.38594 -4.16211 -819.05 0 
1 824.265 0.319738 0.0223432 0.666303 -0.668794 -1.59012 -0.847292 -4.01278 -819.405 0 
4 823.327 0.319212 0.0224229 0.668986 -0.678459 -1.62651 -0.103555 -4.17873 -819.045 0 
3 825.221 0.32791 0.0224442 0.663445 -0.668901 -1.68715 -1.00693 -4.74413 -819.47 0 
1 825.851 0.319109 0.0226256 0.670547 -0.669653 -1.66077 -2.57321 -4.13593 -819.141 0 
4 824.737 0.323622 0.022538 0.665612 -0.657904 -1.67137 -1.02198 -4.06935 -819.646 0 
3 824.303 0.321525 0.022462 0.667496 -0.66411 -1.71934 -0.866464 -4.24126 -819.195 0 
5 823.582 0.318144 0.0224005 0.670994 -0.675854 -1.7128 -0.297954 -4.38141 -818.903 0 
1 824.251 0.318862 0.0223241 0.672443 -0.694363 -1.75587 -0.475194 -5.02991 -818.746 0 
2 824.823 0.313982 0.0223988 0.6761 -0.703537 -1.7163 -0.804977 -5.12825 -818.89 0 
4 824.845 0.31521 0.0224954 0.675688 -0.690174 -1.74599 -1.16851 -4.86405 -818.812 0 
3 823.79 0.321783 0.0223908 0.668337 -0.680977 -1.67325 -0.414026 -4.41429 -818.962 0 
2 824.023 0.316053 0.0224587 0.670534 -0.660499 -1.69513 -0.561857 -4.29994 -819.161 0 
5 824.749 0.316762 0.0222745 0.670096 -0.683286 -1.64961 -1.50351 -4.36534 -818.88 0 
3 825.315 0.321209 0.0223698 0.668289 -0.698971 -1.59706 -1.87273 -4.62526 -818.817 0 
3 825.778 0.318099 0.0223518 0.670122 -0.688667 -1.65902 -2.45596 -4.50048 -818.822 0 
1 823.921 0.319867 0.0222837 0.670164 -0.700857 -1.6605 -0.350184 -4.8376 -818.733 0 
3 823.898 0.32101 0.0222996 0.669268 -0.691513 -1.70314 -0.303477 -4.82855 -818.766 0 
5 825.218 0.32254 0.0223849 0.667372 -0.690451 -1.63852 -1.67336 -4.65557 -818.89 0 
3 823.635 0.320601 0.0223314 0.669484 -0.700319 -1.62577 -0.176486 -4.69641 -818.762 0 
4 825.845 0.32277 0.0222889 0.667052 -0.706679 -1.57733 -2.14101 -4.92806 -818.776 0 
5 824.771 0.328859 0.0222902 0.661941 -0.686984 -1.59692 -0.298529 -5.15518 -819.317 0 
4 824.173 0.323703 0.0224055 0.667268 -0.69364 -1.60602 -0.592638 -4.64972 -818.931 0 
3 825.295 0.317342 0.0224604 0.673363 -0.710172 -1.62484 -1.70018 -4.84435 -818.751 0 
1 825.864 0.315743 0.0225226 0.675783 -0.716904 -1.6232 -2.07259 -4.96999 -818.821 0 
6 826.604 0.318072 0.022586 0.674008 -0.704457 -1.63765 -3.15278 -4.70852 -818.742 0 
1 824.89 0.324589 0.0223319 0.667716 -0.708396 -1.62667 -0.779577 -5.39525 -818.716 0 
9 824.11 0.313304 0.0224297 0.676648 -0.713222 -1.62909 -0.295171 -4.92911 -818.886 0 
8 824.679 0.313801 0.022474 0.676177 -0.713357 -1.61132 -0.982235 -4.84828 -818.848 0 
1 825.007 0.312656 0.022392 0.678622 -0.718515 -1.68476 -0.592046 -5.32627 -819.089 0 
1 826.155 0.316796 0.0223687 0.675407 -0.710863 -1.70403 -2.17415 -5.15153 -818.829 0 
3 826.075 0.315884 0.022461 0.676534 -0.708929 -1.71617 -2.04472 -5.16764 -818.863 0 
2 827.672 0.313872 0.0224959 0.678218 -0.716182 -1.72902 -3.00654 -5.584 -819.082 0 
1 826.509 0.315725 0.0223472 0.677558 -0.721776 -1.78247 -1.16266 -6.13961 -819.207 0 
1 827.712 0.31678 0.0224927 0.67679 -0.704975 -1.82006 -2.98723 -5.77807 -818.947 0 
4 827.155 0.314501 0.022505 0.67836 -0.7102 -1.77755 -2.45165 -5.64531 -819.058 0 
1 826.317 0.313104 0.0223413 0.679376 -0.721776 -1.74968 -1.22409 -5.7925 -819.3 0 
3 824.321 0.316721 0.0223785 0.674028 -0.687711 -1.77148 -0.65057 -4.88153 -818.789 0 
3 825.333 0.317461 0.0225645 0.673354 -0.683955 -1.71946 -1.94303 -4.58241 -818.808 0 
1 824.036 0.319648 0.0224924 0.669696 -0.67465 -1.68702 -0.747976 -4.29358 -818.995 0 
3 823.749 0.31863 0.0224314 0.669386 -0.658006 -1.73383 -0.360243 -4.19035 -819.198 0 
1 824.066 0.320124 0.0223313 0.667222 -0.658105 -1.73943 -0.645926 -4.18705 -819.233 0 
4 825.495 0.325019 0.0221891 0.66248 -0.646966 -1.78075 -1.60941 -4.23406 -819.651 0 
3 824.286 0.32264 0.0223596 0.667913 -0.673413 -1.73638 -0.795962 -4.50253 -818.987 0 
4 823.563 0.317269 0.0224438 0.67169 -0.679744 -1.67804 -0.316269 -4.35574 -818.891 0 
3 823.584 0.31624 0.0223668 0.67106 -0.67398 -1.68408 -0.281851 -4.35597 -818.946 0 
1 824.515 0.312416 0.022374 0.677019 -0.704386 -1.66228 -0.710756 -4.91709 -818.887 0 
1 826.972 0.304798 0.0223889 0.685148 -0.730746 -1.64864 -0.92309 -6.15646 -819.892 0 
4 826.975 0.309194 0.022377 0.682034 -0.732267 -1.6399 -1.88994 -5.58408 -819.501 0 
3 825.517 0.309432 0.0224496 0.681609 -0.728779 -1.64097 -0.586131 -5.53381 -819.397 0 
2 825.32 0.307601 0.0223181 0.680903 -0.718518 -1.6407 -0.473787 -5.55066 -819.296 0 
2 823.574 0.314037 0.022412 0.673494 -0.684977 -1.64879 -0.202024 -4.51952 -818.853 0 
3 824.103 0.31999 0.0222326 0.668873 -0.697258 -1.63127 -0.713481 -4.60874 -818.78 0 
3 824.772 0.321053 0.0224366 0.666914 -0.680205 -1.5878 -1.44089 -4.16273 -819.169 0 
4 824.299 0.321738 0.0224337 0.667758 -0.685052 -1.62823 -0.916669 -4.39764 -818.984 0 
2 824.881 0.321608 0.0222238 0.665567 -0.670534 -1.63965 -1.48877 -4.11589 -819.276 0 
1 826.423 0.319212 0.0223234 0.667099 -0.656149 -1.65645 -2.86799 -4.03623 -819.519 0 
1 825.385 0.325618 0.0223025 0.66232 -0.648279 -1.69268 -1.28883 -4.05563 -820.041 0 
1 826.673 0.321231 0.0223236 0.668182 -0.680349 -1.63805 -3.40758 -4.22691 -819.038 0 
4 826.689 0.332451 0.0224396 0.656063 -0.638501 -1.62331 -0.506427 -4.57985 -821.603 0 
1 826.265 0.331589 0.0223327 0.655995 -0.635836 -1.64547 -0.339748 -4.42537 -821.5 0 
7 824.82 0.324901 0.0224233 0.661871 -0.642072 -1.64314 -0.363286 -3.93058 -820.526 0 
1 825.913 0.330844 0.022332 0.657672 -0.652327 -1.58662 -0.47513 -4.52123 -820.917 0 
2 826.125 0.326791 0.0223823 0.661275 -0.65205 -1.60986 -1.62519 -4.08679 -820.413 0 
1 824.734 0.319748 0.0224741 0.667555 -0.664908 -1.59545 -1.23611 -3.99579 -819.502 0 
1 823.985 0.323776 0.0224233 0.663786 -0.661096 -1.60202 -0.12522 -4.01399 -819.845 0 
1 824.355 0.324595 0.0224209 0.662986 -0.660628 -1.57931 -0.301515 -4.02254 -820.031 0 
1 824.736 0.329074 0.0223669 0.660654 -0.666877 -1.61766 -0.160029 -4.65403 -819.922 0 
1 824.263 0.326028 0.0222721 0.663755 -0.688149 -1.5761 -0.393079 -4.65334 -819.217 0 
1 824.233 0.319047 0.0225441 0.668943 -0.678809 -1.56966 -0.984069 -4.07128 -819.178 0 
1 823.971 0.315828 0.022493 0.670724 -0.687739 -1.51609 -0.784045 -4.15967 -819.027 0 
5 823.783 0.324555 0.022383 0.663845 -0.687584 -1.49336 -0.0400104 -4.28955 -819.453 0 
1 826.955 0.322442 0.0223845 0.667196 -0.716282 -1.47829 -3.36718 -4.78278 -818.806 0 
3 825.463 0.322745 0.0223928 0.66805 -0.723424 -1.47601 -1.72102 -5.00323 -818.739 0 
4 824.285 0.316451 0.0224034 0.672967 -0.723666 -1.50215 -0.911292 -4.6194 -818.754 0 
2 823.275 0.318556 0.0224403 0.669714 -0.693146 -1.5437 -0.150766 -4.18218 -818.942 0 
1 823.721 0.313298 0.0225072 0.674203 -0.700079 -1.51854 -0.494473 -4.38912 -818.838 0 
3 823.749 0.313639 0.0225127 0.674443 -0.701427 -1.53898 -0.516368 -4.41616 -818.817 0 
2 826.089 0.31143 0.0226383 0.677116 -0.708289 -1.5276 -2.62842 -4.63008 -818.83 0 
3 826.506 0.31181 0.0226469 0.678205 -0.709639 -1.55423 -3.00746 -4.66148 -818.838 0 
2 824.117 0.314432 0.0223881 0.676297 -0.736096 -1.51457 -0.300208 -4.90009 -818.917 0 
2 824.158 0.317586 0.0223407 0.67369 -0.740264 -1.48724 -0.336173 -5.01979 -818.802 0 
1 824.131 0.31969 0.0222152 0.669059 -0.718868 -1.49796 -0.781237 -4.61322 -818.737 0 
4 823.887 0.322015 0.0223252 0.665961 -0.695801 -1.5074 -0.529155 -4.28123 -819.076 0 
3 824.277 0.315159 0.0223004 0.670985 -0.706461 -1.45246 -1.22092 -4.19816 -818.858 0 
3 825.328 0.317092 0.0224295 0.6674 -0.680317 -1.45619 -1.85559 -4.05479 -819.418 0 
1 824.381 0.317377 0.0224461 0.669188 -0.693707 -1.48295 -1.25668 -4.09252 -819.032 0 
1 824.468 0.31912 0.0225028 0.667387 -0.675041 -1.53174 -1.0671 -4.00102 -819.4 0 
1 824.988 0.315581 0.0224086 0.675661 -0.733195 -1.51497 -1.33404 -4.81452 -818.84 0 
1 824.148 0.314105 0.0223654 0.676328 -0.73257 -1.52846 -0.372751 -4.86487 -818.91 0 
8 824.158 0.317422 0.0223762 0.672893 -0.719242 -1.52797 -0.844155 -4.57471 -818.739 0 
1 825.171 0.320422 0.0224873 0.671161 -0.721265 -1.51941 -1.63154 -4.82797 -818.711 0 
2 824.322 0.31746 0.0225123 0.672908 -0.71857 -1.50071 -1.0863 -4.49154 -818.744 0 
4 824.316 0.319701 0.0223723 0.666447 -0.668784 -1.56332 -0.826829 -3.98801 -819.501 0 
4 826.344 0.316323 0.0224509 0.669486 -0.672725 -1.52344 -2.81852 -4.16145 -819.364 0 
1 826.162 0.314499 0.0223694 0.674982 -0.709285 -1.57383 -2.84094 -4.53271 -818.788 0 
7 825.321 0.312773 0.0223588 0.674992 -0.696001 -1.60188 -1.91245 -4.58313 -818.825 0 
2 824.493 0.313722 0.0223147 0.672864 -0.699616 -1.53054 -1.2862 -4.37484 -818.832 0 
2 823.984 0.316017 0.022509 0.670197 -0.685895 -1.49127 -0.73421 -4.12304 -819.127 0 
1 823.811 0.312266 0.0224883 0.674858 -0.708617 -1.48052 -0.544931 -4.44781 -818.818 0 
4 825.157 0.313535 0.0225598 0.673566 -0.711846 -1.42579 -2.05133 -4.27661 -818.829 0 
4 824.02 0.312681 0.0225523 0.674953 -0.713209 -1.44179 -0.842224 -4.36545 -818.813 0 
1 824.994 0.310917 0.0225336 0.673905 -0.693783 -1.44566 -1.42895 -4.5991 -818.966 0 
2 826.507 0.304862 0.0226391 0.681162 -0.708083 -1.46497 -1.93788 -5.62044 -818.948 0 
3 825.485 0.316073 0.0225557 0.672465 -0.70076 -1.47051 -2.42506 -4.14777 -818.913 0 
2 823.898 0.313783 0.0224794 0.672335 -0.695993 -1.4643 -0.677497 -4.27012 -818.951 0 
2 824.057 0.31678 0.0224459 0.670258 -0.697235 -1.49695 -0.970251 -4.15725 -818.93 0 
2 824.266 0.318035 0.0224227 0.668725 -0.686035 -1.53851 -1.09352 -4.10429 -819.069 0 
1 823.92 0.317495 0.0224978 0.669163 -0.682688 -1.5176 -0.67724 -4.06503 -819.178 0 
1 824.244 0.317552 0.0225063 0.668665 -0.664898 -1.57982 -0.710574 -4.0832 -819.45 0 
3 827.032 0.307983 0.0225156 0.675649 -0.672402 -1.58105 -2.62332 -5.38972 -819.019 0 
1 825.794 0.308514 0.0225707 0.676723 -0.674079 -1.60054 -1.52866 -5.28462 -818.981 0 
5 825.919 0.312203 0.0226505 0.673886 -0.6648 -1.6056 -2.04462 -4.69899 -819.176 0 
4 826.499 0.318267 0.0226861 0.667752 -0.648048 -1.59116 -2.35955 -4.1098 -820.03 0 
4 826.815 0.32013 0.0226622 0.667443 -0.654076 -1.59224 -2.92308 -3.97773 -819.914 0 
3 825.363 0.317358 0.0226457 0.669771 -0.66845 -1.55762 -1.86387 -4.0835 -819.415 0 
2 824.817 0.307529 0.0225134 0.679698 -0.706894 -1.55415 -0.659564 -5.20716 -818.95 0 
1 823.646 0.31671 0.0224951 0.671536 -0.694986 -1.52744 -0.555782 -4.18179 -818.908 0 
2 823.757 0.318041 0.0223802 0.671031 -0.702726 -1.54366 -0.639568 -4.30658 -818.811 0 
1 824.389 0.322219 0.0222949 0.668352 -0.707327 -1.56169 -0.90587 -4.70007 -818.783 0 
5 825.861 0.320709 0.022387 0.671401 -0.726896 -1.51175 -2.24786 -4.91521 -818.698 0 
2 825.125 0.321584 0.0224032 0.670812 -0.736735 -1.46787 -1.24634 -5.19124 -818.688 0 
3 825.118 0.31406 0.0222047 0.676453 -0.759723 -1.45698 -0.572076 -5.32182 -819.224 0 
1 825.259 0.313504 0.0223521 0.677564 -0.754667 -1.43211 -1.21374 -4.95437 -819.091 0 
1 824.997 0.317578 0.0224291 0.674047 -0.738157 -1.46413 -1.42126 -4.80938 -818.766 0 
8 823.961 0.32486 0.0223091 0.665403 -0.700833 -1.53693 -0.234227 -4.73413 -818.993 0 
1 824.265 0.323783 0.0223347 0.666007 -0.69629 -1.53254 -0.745792 -4.45795 -819.061 0 
2 824.816 0.324409 0.0223227 0.666352 -0.700483 -1.55416 -1.17296 -4.69947 -818.944 0 
6 823.328 0.314973 0.0223938 0.674054 -0.716951 -1.52295 -0.0372721 -4.51532 -818.775 0 
3 824.075 0.31386 0.0224677 0.675141 -0.706549 -1.55593 -0.790941 -4.48835 -818.795 0 
1 823.454 0.321174 0.022319 0.667738 -0.69016 -1.59239 -0.172537 -4.32581 -818.955 0 
1 824.037 0.321817 0.0222591 0.666953 -0.682158 -1.64183 -0.688115 -4.33769 -819.011 0 
3 824.415 0.32104 0.0221877 0.667972 -0.693392 -1.64294 -1.01774 -4.58075 -818.816 0 
3 823.928 0.321752 0.0223049 0.667013 -0.672144 -1.68177 -0.557879 -4.2505 -819.119 0 
1 825.041 0.312872 0.0224887 0.676435 -0.692287 -1.66302 -1.49549 -4.71339 -818.832 0 
4 825.231 0.314332 0.0224521 0.677301 -0.724513 -1.60617 -1.27313 -5.02859 -818.93 0 
8 825.436 0.317901 0.0224368 0.674487 -0.734971 -1.55279 -1.37412 -5.24387 -818.818 0 
3 825.701 0.313138 0.0223075 0.679094 -0.758566 -1.5368 -0.446634 -5.73156 -819.523 0 
1 824.53 0.317425 0.0223264 0.67418 -0.742779 -1.51538 -0.383279 -5.27614 -818.871 0 
3 824.516 0.311947 0.022511 0.677626 -0.736255 -1.4524 -0.887604 -4.70115 -818.927 0 
2 824.439 0.311699 0.0223865 0.677216 -0.735599 -1.48778 -0.595865 -4.85266 -818.99 0 
4 824.605 0.311066 0.0225842 0.677132 -0.710593 -1.50198 -1.15858 -4.61462 -818.832 0 
1 825.987 0.307501 0.0226034 0.678123 -0.697586 -1.5032 -1.92881 -5.16759 -818.891 0 
1 825.896 0.308648 0.0223984 0.676955 -0.704771 -1.53767 -2.02241 -4.98553 -818.888 0 
1 825.951 0.310624 0.0226393 0.674624 -0.672808 -1.55991 -2.00498 -4.86296 -819.084 0 
2 825.97 0.308131 0.0226355 0.677762 -0.68287 -1.57175 -1.79962 -5.24184 -818.928 0 
3 825.57 0.307868 0.0225493 0.677506 -0.681169 -1.58964 -1.30874 -5.32939 -818.931 0 
2 824.223 0.313963 0.022569 0.673441 -0.69142 -1.52465 -0.989712 -4.31363 -818.92 0 
4 824.724 0.307028 0.0224932 0.680319 -0.720376 -1.4995 -0.519834 -5.17803 -819.026 0 
2 824.548 0.314662 0.0225691 0.674326 -0.711861 -1.49408 -1.39709 -4.36532 -818.786 0 
5 829.52 0.312726 0.022728 0.677209 -0.717666 -1.50233 -6.13924 -4.56637 -818.814 0 
2 827.649 0.307829 0.022581 0.682109 -0.746397 -1.47219 -2.99812 -5.25088 -819.4 0 
3 826.888 0.303518 0.0225193 0.685799 -0.752384 -1.4792 -0.993605 -5.90368 -819.991 0 
2 825.816 0.305988 0.0223714 0.684024 -0.751307 -1.52951 -0.130667 -5.75227 -819.933 0 
1 824.181 0.313269 0.0225113 0.675348 -0.702322 -1.55362 -0.89249 -4.47814 -818.81 0 
3 824.124 0.324537 0.0223316 0.666436 -0.712031 -1.52147 -0.290039 -5.00685 -818.827 0 
1 823.988 0.318514 0.0223933 0.672558 -0.718595 -1.56761 -0.459208 -4.80224 -818.726 0 
3 824.14 0.323796 0.0224118 0.666044 -0.702178 -1.50319 -0.554247 -4.56908 -819.016 0 
5 824.409 0.31759 0.0222605 0.670697 -0.715721 -1.52459 -1.11259 -4.55244 -818.744 0 
4 824.555 0.312242 0.0223696 0.675722 -0.717834 -1.54375 -0.959426 -4.73556 -818.86 0 
5 824.453 0.313117 0.0222384 0.675021 -0.726075 -1.51606 -0.884288 -4.70389 -818.865 0 
2 823.523 0.317035 0.0224136 0.670865 -0.710071 -1.4368 -0.506643 -4.15478 -818.861 0 
2 824.655 0.312122 0.0225966 0.675164 -0.718693 -1.38724 -1.49171 -4.34515 -818.818 0 
1 824.745 0.307078 0.0223862 0.680218 -0.745345 -1.39563 -0.525262 -5.01558 -819.204 0 
12 824.162 0.312532 0.0223705 0.675445 -0.741048 -1.38975 -0.737942 -4.55229 -818.871 0 
2 825.989 0.31567 0.022274 0.672532 -0.755517 -1.31892 -2.50208 -4.6633 -818.824 0 
1 826.03 0.311479 0.0222992 0.673957 -0.739062 -1.31197 -2.83433 -4.37032 -818.826 0 
2 825.492 0.317669 0.0225406 0.670417 -0.730541 -1.30465 -2.45546 -4.20152 -818.835 0 
1 824.002 0.311911 0.0225409 0.676489 -0.76444 -1.18675 -0.792106 -4.32043 -818.89 0 
2 824.614 0.311926 0.0224284 0.675047 -0.768589 -1.15087 -1.41575 -4.3052 -818.893 0 
1 826.573 0.316288 0.0222768 0.674379 -0.807316 -1.12821 -1.80663 -5.48716 -819.279 0 
1 824.751 0.318257 0.0223008 0.673232 -0.795796 -1.16374 -0.312761 -5.42035 -819.018 0 
4 824.492 0.319079 0.0222048 0.67054 -0.77861 -1.18704 -0.63439 -5.04845 -818.81 0 
1 824.408 0.314618 0.0222361 0.672772 -0.769955 -1.17002 -1.18055 -4.38178 -818.846 0 
3 823.596 0.311286 0.0224325 0.675931 -0.764898 -1.1756 -0.373803 -4.32001 -818.902 0 
1 823.906 0.312306 0.0223739 0.674171 -0.760155 -1.17594 -0.810351 -4.25498 -818.841 0 
1 824.359 0.313615 0.0223416 0.673557 -0.763985 -1.19497 -1.1688 -4.34443 -818.845 0 
2 823.602 0.314793 0.0223875 0.67258 -0.761408 -1.17229 -0.527162 -4.27286 -818.802 0 
4 824.573 0.315129 0.0225173 0.669825 -0.727586 -1.15805 -1.30591 -4.14945 -819.118 0 
1 824.947 0.319975 0.0225691 0.668946 -0.739845 -1.18486 -1.70269 -4.26051 -818.984 0 
1 824.972 0.309537 0.0225702 0.678472 -0.764802 -1.20425 -1.51015 -4.45875 -819.003 0 
11 823.516 0.313665 0.0223771 0.675466 -0.766563 -1.2572 -0.0201193 -4.55787 -818.938 0 
3 823.57 0.315198 0.022389 0.674564 -0.772126 -1.22127 -0.0591905 -4.6124 -818.898 0 
5 823.677 0.316299 0.0222831 0.67247 -0.766925 -1.21779 -0.318019 -4.54455 -818.814 0 
2 824.479 0.313618 0.0223 0.676431 -0.798191 -1.13198 -0.409825 -4.8216 -819.248 0 
3 824.438 0.313228 0.0222517 0.675006 -0.789218 -1.13201 -0.737825 -4.61086 -819.09 0 
4 824.116 0.31469 0.0222554 0.673417 -0.785427 -1.10993 -0.657053 -4.52297 -818.936 0 
4 823.873 0.32216 0.0223222 0.666798 -0.771862 -1.07735 -0.0656253 -4.9681 -818.839 0 
4 824.139 0.308604 0.0224268 0.679832 -0.801642 -1.0554 -0.160147 -4.53039 -819.448 0 
1 823.95 0.309481 0.0224254 0.678259 -0.790941 -1.06054 -0.395037 -4.38913 -819.166 0 
1 824.376 0.307746 0.0224538 0.678124 -0.785769 -1.0159 -0.908029 -4.39222 -819.075 0 
3 825.294 0.308414 0.0224571 0.675633 -0.768149 -1.01917 -2.0029 -4.3977 -818.894 0 
4 825.629 0.307265 0.0224871 0.677246 -0.773322 -1.03029 -2.20543 -4.46489 -818.959 0 
2 826.093 0.305754 0.0225085 0.678179 -0.759634 -1.06628 -2.35091 -4.8209 -818.922 0 
2 826.304 0.303788 0.0225219 0.680265 -0.758747 -1.11727 -2.15622 -5.12659 -819.021 0 
4 825.579 0.306798 0.0224411 0.677498 -0.76095 -1.09291 -2.02861 -4.6276 -818.923 0 
2 826.011 0.302899 0.0224268 0.683982 -0.803263 -1.066 -0.993581 -5.00536 -820.012 0 
2 825.671 0.308572 0.0222281 0.678976 -0.807211 -1.05931 -1.41895 -4.63293 -819.619 0 
4 824.741 0.308033 0.0224771 0.676845 -0.763055 -1.08382 -1.38113 -4.45874 -818.901 0 
1 823.658 0.313232 0.0223942 0.673094 -0.760816 -1.13269 -0.652132 -4.18596 -818.82 0 
6 824.347 0.310812 0.0224692 0.6754 -0.778746 -1.03803 -1.19444 -4.23667 -818.916 0 
3 824.361 0.310627 0.0224477 0.674868 -0.765526 -1.05882 -1.25489 -4.24598 -818.86 0 
5 824.705 0.3092 0.0223221 0.677539 -0.787871 -1.07016 -1.17218 -4.3893 -819.143 0 
3 825.117 0.304922 0.0224894 0.681288 -0.776634 -1.1094 -1.08085 -4.79193 -819.244 0 
2 825.267 0.307196 0.022324 0.678666 -0.774435 -1.14838 -1.51973 -4.58137 -819.166 0 
4 824.792 0.309469 0.022444 0.677293 -0.770165 -1.16199 -1.35869 -4.42112 -819.013 0 
3 826.199 0.308984 0.0224241 0.675739 -0.760289 -1.13201 -2.93278 -4.37491 -818.892 0 
1 824.908 0.308916 0.0225393 0.675881 -0.758723 -1.07839 -1.64933 -4.39008 -818.868 0 
1 825.44 0.305147 0.0224941 0.680602 -0.778574 -1.0933 -1.4786 -4.7288 -819.232 0 
2 824.416 0.307838 0.0224416 0.67883 -0.786637 -1.06924 -0.772234 -4.45428 -819.189 0 
4 825.826 0.312965 0.0225574 0.676386 -0.784701 -1.05006 -2.63059 -4.27529 -818.92 0 
2 825.909 0.316015 0.0226533 0.671354 -0.759545 -1.00891 -2.74506 -4.1943 -818.969 0 
2 825.541 0.311635 0.0226711 0.673938 -0.760606 -0.987562 -2.34206 -4.27893 -818.92 0 
2 824.829 0.311092 0.0225762 0.678289 -0.788624 -1.08981 -1.31668 -4.4106 -819.102 0 
3 824.539 0.313473 0.0226059 0.674107 -0.75958 -1.12029 -1.55436 -4.16437 -818.82 0 
1 824.597 0.316155 0.0225416 0.672528 -0.772565 -1.09142 -1.44018 -4.34718 -818.809 0 
2 824.476 0.318939 0.0225228 0.670754 -0.77948 -1.05008 -1.03256 -4.6347 -818.809 0 
2 824.885 0.312034 0.0226069 0.674234 -0.767828 -0.993287 -1.80273 -4.20682 -818.875 0 
1 824.793 0.313416 0.0225845 0.674853 -0.791783 -0.975064 -1.59456 -4.28456 -818.914 0 
2 825.642 0.314768 0.0225447 0.671604 -0.772519 -0.999197 -2.5932 -4.18905 -818.86 0 
9 825.271 0.318284 0.0225416 0.671339 -0.782954 -1.04343 -1.82203 -4.63573 -818.813 0 
2 826.173 0.311135 0.0225058 0.678317 -0.809323 -1.02686 -2.14985 -4.63384 -819.389 0 
2 826.668 0.305159 0.0225372 0.68439 -0.824614 -1.01024 -1.43703 -4.87872 -820.352 0 
1 824.012 0.311021 0.0224893 0.677521 -0.800569 -1.01073 -0.449303 -4.39773 -819.165 0 
13 824.906 0.306808 0.0225137 0.681621 -0.808835 -1.0154 -0.665969 -4.5861 -819.654 0 
1 825.461 0.308158 0.022471 0.68208 -0.824961 -0.989814 -0.782981 -4.70753 -819.97 0 
13 825.206 0.305874 0.0225794 0.681927 -0.809958 -0.955248 -1.13064 -4.51994 -819.556 0 
3 825.538 0.312912 0.0226169 0.676808 -0.806343 -0.949409 -2.05939 -4.40918 -819.069 0 
1 825.922 0.314041 0.0226191 0.675636 -0.805179 -0.945475 -2.45533 -4.46092 -819.006 0 
6 825.865 0.312389 0.0226301 0.677229 -0.803184 -0.946873 -2.50063 -4.32478 -819.04 0 
2 824.943 0.310515 0.0225108 0.679429 -0.831835 -0.883026 -0.760029 -4.57574 -819.607 0 
2 823.996 0.312624 0.0224401 0.673822 -0.800037 -0.86671 -0.812933 -4.24485 -818.938 0 
1 826.175 0.313362 0.0221958 0.672604 -0.81786 -0.84553 -2.65438 -4.44352 -819.077 0 
5 827.3 0.312531 0.0221627 0.673228 -0.81923 -0.863318 -3.69733 -4.44664 -819.156 0 
1 825.666 0.307551 0.0223166 0.679437 -0.83015 -0.842627 -1.61564 -4.40293 -819.647 0 
2 824.694 0.309908 0.0223071 0.677064 -0.824271 -0.86844 -0.881254 -4.40553 -819.407 0 
6 824.558 0.310021 0.0223202 0.678058 -0.832878 -0.871314 -0.36599 -4.55562 -819.636 0 
2 825.855 0.307979 0.0223777 0.678827 -0.822486 -0.898172 -1.83364 -4.44751 -819.573 0 
1 824.26 0.310956 0.0223609 0.678042 -0.822684 -0.956233 -0.0668811 -4.64814 -819.545 0 
4 824.251 0.316567 0.0222988 0.670797 -0.779265 -1.03308 -1.06823 -4.35709 -818.825 0 
1 824.018 0.312941 0.0222926 0.675344 -0.794442 -1.07494 -0.424209 -4.50766 -819.086 0 
1 824.262 0.308889 0.022369 0.678298 -0.796341 -1.04766 -0.536983 -4.44433 -819.28 0 
4 824.241 0.311045 0.0225224 0.674835 -0.767391 -1.05729 -1.17002 -4.21235 -818.859 0 
1 825.326 0.308823 0.0223915 0.676579 -0.772521 -1.05603 -2.04131 -4.35399 -818.931 0 
1 824.329 0.312029 0.0223551 0.674164 -0.778258 -1.06444 -1.18146 -4.24724 -818.9 0 
5 823.793 0.314898 0.0224629 0.672589 -0.767375 -1.07259 -0.781462 -4.18685 -818.825 0 
2 823.751 0.320051 0.0223997 0.667687 -0.764057 -1.04462 -0.340882 -4.47503 -818.935 0 
2 825.544 0.31672 0.0226615 0.668927 -0.753273 -0.961296 -2.03635 -4.29206 -819.216 0 
8 825.504 0.314729 0.0226021 0.669697 -0.744752 -0.995771 -1.98077 -4.31121 -819.212 0 
2 826.677 0.322042 0.0225738 0.663799 -0.735369 -0.991895 -2.1459 -4.61905 -819.912 0 
1 827.396 0.327969 0.0226143 0.659425 -0.724973 -1.03835 -1.5762 -5.24147 -820.578 0 
5 827.601 0.320197 0.0227391 0.665507 -0.726054 -1.03185 -3.2342 -4.4469 -819.92 0 
1 827.13 0.318915 0.0225947 0.665199 -0.735236 -1.0064 -3.14072 -4.3523 -819.637 0 
1 825.834 0.313594 0.0226373 0.670811 -0.751742 -0.986195 -2.51218 -4.25377 -819.068 0 
5 824.909 0.311449 0.0224504 0.672878 -0.76178 -1.03038 -1.83097 -4.2091 -818.869 0 
1 823.78 0.319432 0.0224147 0.667122 -0.753867 -1.05305 -0.409285 -4.32053 -819.05 0 
3 823.542 0.314695 0.0224066 0.672888 -0.779502 -1.03639 -0.437492 -4.26047 -818.844 0 
4 823.979 0.314937 0.0222865 0.672268 -0.772697 -1.12672 -0.798276 -4.34865 -818.832 0 
4 824.207 0.308818 0.0223889 0.679559 -0.782626 -1.19446 -0.166492 -4.67497 -819.366 0 
1 823.704 0.311712 0.0223511 0.676783 -0.770021 -1.23711 -0.130963 -4.53168 -819.041 0 
6 823.994 0.316574 0.0224564 0.673732 -0.771458 -1.1954 -0.579245 -4.59036 -818.825 0 
1 824.423 0.313992 0.022474 0.676559 -0.782315 -1.1932 -0.677342 -4.69551 -819.051 0 
1 825.989 0.314542 0.0223676 0.6777 -0.802925 -1.18112 -1.28814 -5.25984 -819.441 0 
2 824.691 0.319731 0.0222947 0.671387 -0.78335 -1.20624 -0.425782 -5.41518 -818.85 0 
1 827.678 0.325935 0.0220495 0.665636 -0.771718 -1.2696 -2.56002 -6.42779 -818.69 0 
1 828.934 0.331467 0.0220277 0.660679 -0.762273 -1.27781 -2.54239 -7.61204 -818.78 0 
3 827.483 0.326062 0.0220606 0.661731 -0.737733 -1.2563 -3.28145 -5.15388 -819.048 0 
1 827.092 0.327071 0.0221997 0.658639 -0.702051 -1.27954 -2.36821 -4.62769 -820.096 0 
2 826.509 0.319523 0.0221879 0.665523 -0.713712 -1.30909 -3.28052 -4.07948 -819.149 0 
2 825.974 0.321199 0.0223492 0.66301 -0.678284 -1.38193 -1.87511 -4.03055 -820.068 0 
1 824.584 0.324545 0.0223266 0.662054 -0.701831 -1.32078 -0.552851 -4.31749 -819.714 0 
2 824.554 0.323945 0.0224706 0.663356 -0.702686 -1.32133 -0.636739 -4.27435 -819.642 0 
10 823.326 0.320365 0.0223948 0.668852 -0.728482 -1.35482 -0.104857 -4.39933 -818.822 0 
3 824.56 0.315362 0.0224074 0.675572 -0.765468 -1.30354 -0.894113 -4.74307 -818.923 0 
4 824.534 0.311574 0.0224944 0.677366 -0.761067 -1.23538 -1.22904 -4.38313 -818.921 0 
3 824.19 0.316472 0.022293 0.673672 -0.770378 -1.26017 -0.526582 -4.78259 -818.88 0 
1 824.063 0.315526 0.0224139 0.67496 -0.774666 -1.24031 -0.333497 -4.78533 -818.944 0 
2 823.934 0.318858 0.022357 0.671362 -0.769128 -1.22717 -0.25951 -4.89901 -818.776 0 
2 824.058 0.323142 0.0224286 0.664478 -0.722353 -1.24933 -0.367457 -4.39609 -819.294 0 
12 824.411 0.319675 0.0222784 0.671324 -0.768984 -1.29361 -0.322175 -5.2919 -818.797 0 
1 824.259 0.319704 0.0222774 0.66842 -0.747094 -1.26798 -0.94072 -4.55394 -818.764 0 
2 824.083 0.317418 0.0224037 0.670922 -0.75079 -1.24947 -0.919313 -4.40116 -818.763 0 
4 824.129 0.320218 0.0223076 0.666666 -0.729291 -1.27677 -0.907919 -4.26642 -818.954 0 
3 823.636 0.316585 0.0222875 0.671222 -0.755161 -1.23674 -0.483369 -4.38297 -818.77 0 
2 825.285 0.315236 0.0223606 0.67056 -0.733587 -1.27554 -2.31577 -4.14869 -818.821 0 
1 823.769 0.31659 0.0223403 0.671936 -0.740568 -1.32072 -0.697486 -4.31279 -818.759 0 
2 823.89 0.322159 0.0223274 0.66616 -0.716356 -1.36102 -0.52015 -4.32428 -819.046 0 
2 824.991 0.315373 0.0225274 0.672329 -0.715525 -1.35732 -1.9786 -4.1202 -818.893 0 
1 823.967 0.309065 0.0224127 0.67892 -0.756102 -1.31279 -0.199895 -4.67234 -819.095 0 
1 824.135 0.308999 0.0224498 0.67972 -0.765932 -1.28552 -0.192721 -4.71796 -819.224 0 
1 824.037 0.316713 0.0224607 0.673804 -0.760434 -1.27865 -0.61046 -4.62627 -818.8 0 
1 824.255 0.313985 0.0223726 0.676678 -0.787003 -1.21633 -0.141371 -4.9215 -819.192 0 
7 825.244 0.312202 0.0223494 0.679329 -0.799979 -1.22765 -0.267329 -5.27109 -819.705 0 
1 826.108 0.309125 0.0223534 0.680879 -0.804832 -1.18691 -0.95866 -5.15629 -819.993 0 
3 826.135 0.310214 0.0222795 0.679972 -0.813433 -1.15552 -0.798508 -5.27409 -820.062 0 
1 826.464 0.309003 0.0224139 0.682026 -0.814149 -1.15991 -0.951953 -5.27438 -820.238 0 
3 826.245 0.316242 0.022489 0.675955 -0.79929 -1.14766 -1.87419 -5.21639 -819.154 0 
6 826.783 0.312788 0.0224675 0.677998 -0.801044 -1.14907 -2.35313 -5.01032 -819.42 0 
2 830.453 0.314625 0.0225105 0.67459 -0.784261 -1.13954 -6.81204 -4.67877 -818.962 0 
2 826.298 0.317334 0.0224667 0.672945 -0.783997 -1.1438 -2.54131 -4.88694 -818.87 0 
2 826.11 0.317862 0.0223943 0.672166 -0.784021 -1.15387 -2.24958 -4.99705 -818.864 0 
1 826.246 0.31323 0.0225231 0.676934 -0.794288 -1.11635 -2.39343 -4.70137 -819.152 0 
1 826.134 0.306521 0.0225539 0.681293 -0.787372 -1.12025 -2.04738 -4.66542 -819.421 0 
2 826.902 0.313435 0.0225926 0.675194 -0.773812 -1.12781 -3.68726 -4.33983 -818.875 0 
6 826.09 0.31822 0.0224486 0.670993 -0.769828 -1.16407 -2.64084 -4.673 -818.777 0 
3 826.023 0.318433 0.02246 0.674202 -0.78779 -1.20539 -1.72505 -5.34399 -818.954 0 
1 824.745 0.315922 0.0224515 0.675427 -0.784453 -1.19736 -0.84231 -4.90166 -819.001 0 
7 823.313 0.315213 0.0223597 0.672758 -0.761115 -1.19124 -0.210462 -4.30484 -818.797 0 
2 823.315 0.314798 0.0223756 0.673066 -0.767805 -1.15613 -0.167347 -4.32636 -818.821 0 
5 825.61 0.315074 0.0225189 0.672836 -0.758003 -1.18449 -2.545 -4.27186 -818.793 0 
1 827.236 0.314528 0.0225271 0.673819 -0.757543 -1.23119 -4.05693 -4.37211 -818.807 0 
1 823.26 0.314975 0.0224227 0.673881 -0.748359 -1.30653 -0.084295 -4.38635 -818.789 0 
9 823.604 0.314332 0.0223494 0.673313 -0.738769 -1.32481 -0.546484 -4.27729 -818.781 0 
1 825.177 0.314931 0.0222704 0.671084 -0.731063 -1.33957 -2.15868 -4.23409 -818.784 0 
4 823.739 0.322083 0.0223243 0.665454 -0.723141 -1.28867 -0.306509 -4.32963 -819.102 0 
2 823.839 0.320672 0.0223128 0.66651 -0.73528 -1.23904 -0.550507 -4.33436 -818.954 0 
2 824.247 0.316479 0.0225405 0.669088 -0.720697 -1.2171 -1.02543 -4.07673 -819.145 0 
3 823.336 0.318321 0.0223409 0.670523 -0.757094 -1.23 -0.0541948 -4.52519 -818.756 0 
4 823.3 0.317445 0.0224338 0.669542 -0.72971 -1.26475 -0.280615 -4.11347 -818.906 0 
4 824.081 0.315887 0.0224789 0.669478 -0.712624 -1.28176 -0.884463 -4.08232 -819.114 0 
5 824.644 0.320681 0.0222375 0.665861 -0.727549 -1.27367 -1.37747 -4.26089 -819.005 0 
2 823.569 0.319092 0.0224298 0.667819 -0.7316 -1.2082 -0.378113 -4.14744 -819.044 0 
3 823.592 0.311013 0.0224289 0.677019 -0.756422 -1.27829 -0.173225 -4.47207 -818.947 0 
3 823.859 0.317527 0.0224443 0.670727 -0.740797 -1.28238 -0.781271 -4.2992 -818.779 0 
1 824.924 0.315111 0.022523 0.675066 -0.765971 -1.24539 -1.48872 -4.57225 -818.863 0 
3 825.366 0.317016 0.0225743 0.673715 -0.756537 -1.2482 -2.15709 -4.44221 -818.766 0 
1 826.052 0.311569 0.0226469 0.678024 -0.767007 -1.17539 -2.81877 -4.3201 -818.913 0 
1 825.679 0.316374 0.0226507 0.66855 -0.722035 -1.13257 -2.11344 -4.18498 -819.38 0 
4 825.09 0.318071 0.0226369 0.668406 -0.730205 -1.13621 -1.71486 -4.13427 -819.241 0 
1 824.732 0.318735 0.022525 0.666262 -0.723732 -1.13236 -1.1065 -4.16884 -819.457 0 
1 825.707 0.323821 0.022599 0.663032 -0.717368 -1.14097 -1.27796 -4.46633 -819.963 0 
3 825.99 0.328149 0.0224891 0.658871 -0.705926 -1.1715 -0.425928 -4.9124 -820.652 0 
3 826.355 0.331123 0.0224345 0.656721 -0.69973 -1.22166 -0.123934 -5.30397 -820.927 0 
1 824.319 0.326596 0.0223917 0.662672 -0.720387 -1.29371 -0.0762318 -4.8749 -819.368 0 
5 824.546 0.319747 0.0224034 0.666409 -0.722455 -1.25337 -1.28271 -4.13536 -819.128 0 
1 824.37 0.319351 0.0223041 0.666945 -0.731648 -1.24644 -1.21038 -4.2002 -818.96 0 
2 824.367 0.318446 0.0223384 0.66888 -0.734967 -1.24554 -1.30684 -4.16841 -818.892 0 
1 825.126 0.312514 0.0224216 0.674889 -0.746761 -1.23916 -2.07774 -4.23808 -818.81 0 
6 824.745 0.310429 0.0224988 0.679577 -0.7701 -1.27001 -0.910039 -4.65112 -819.184 0 
7 824.031 0.31083 0.0225363 0.677398 -0.75659 -1.23366 -0.758441 -4.37371 -818.899 0 
1 825.885 0.308632 0.0224536 0.67649 -0.747817 -1.22319 -2.50414 -4.49717 -818.883 0 
7 824.248 0.309488 0.0224028 0.677087 -0.757854 -1.23327 -0.820194 -4.4691 -818.959 0 
5 823.626 0.313731 0.0223693 0.674497 -0.75874 -1.23452 -0.458921 -4.33285 -818.834 0 
3 824.119 0.320942 0.0225313 0.666604 -0.727503 -1.19678 -0.654453 -4.22664 -819.238 0 
1 824.637 0.319327 0.0224662 0.666115 -0.729419 -1.14597 -1.19127 -4.16098 -819.285 0 
4 825.363 0.322886 0.0223949 0.663706 -0.734285 -1.15317 -1.56634 -4.48613 -819.311 0 
7 824.659 0.316968 0.0226066 0.669599 -0.746664 -1.07847 -1.47648 -4.15048 -819.032 0 
1 824.443 0.318966 0.0225655 0.667826 -0.746719 -1.05383 -1.01974 -4.25693 -819.166 0 
2 824.387 0.31765 0.0225776 0.669958 -0.766177 -1.01485 -1.186 -4.28591 -818.915 0 
1 827.028 0.321542 0.0223759 0.666615 -0.778484 -1.02232 -3.19213 -4.97978 -818.856 0 
10 826.605 0.325873 0.0224793 0.665508 -0.783311 -1.0183 -1.79268 -5.9173 -818.895 0 
3 826.805 0.327282 0.0222815 0.665627 -0.801019 -1.04394 -0.973441 -7.0516 -818.78 0 
3 825.685 0.326024 0.0222882 0.665537 -0.790812 -1.05911 -0.54143 -6.35621 -818.787 0 
4 825.26 0.319216 0.0223271 0.672352 -0.8171 -1.01447 -0.483521 -5.70156 -819.075 0 
2 825.905 0.322552 0.0223409 0.669852 -0.8144 -0.997772 -0.817711 -6.18728 -818.9 0 
7 825.06 0.314312 0.0224812 0.676686 -0.819403 -0.972355 -0.912513 -4.85936 -819.288 0 
2 827.288 0.308722 0.0223322 0.679981 -0.826864 -1.00114 -2.36923 -4.88594 -820.033 0 
1 827.277 0.309222 0.022481 0.679753 -0.815814 -1.01265 -2.92774 -4.68572 -819.663 0 
1 826.277 0.31341 0.0224591 0.678661 -0.831118 -1.00199 -1.24208 -5.27582 -819.759 0 
3 827.165 0.306319 0.0225098 0.68511 -0.845411 -0.969872 -1.11303 -5.11661 -820.935 0 
1 825.535 0.305461 0.0224731 0.684224 -0.825506 -1.00931 -0.331743 -4.85171 -820.352 0 
5 826.148 0.304246 0.0224537 0.685762 -0.835305 -0.991715 -0.304382 -5.00776 -820.836 0 
5 826.189 0.302917 0.0223875 0.685052 -0.821353 -1.03071 -0.565424 -5.05385 -820.57 0 
3 824.055 0.309919 0.0224711 0.678087 -0.799485 -1.0164 -0.446319 -4.39409 -819.214 0 
2 824.515 0.315709 0.0223759 0.673797 -0.787962 -1.07614 -1.10197 -4.51817 -818.895 0 
3 824.513 0.316513 0.0225865 0.672399 -0.768996 -1.08079 -1.41272 -4.28621 -818.814 0 
1 824.4 0.313756 0.0225973 0.674412 -0.776833 -1.03039 -1.349 -4.20358 -818.848 0 
2 824.162 0.313021 0.0224948 0.674391 -0.775822 -1.03246 -1.11873 -4.18874 -818.854 0 
4 824.762 0.314364 0.0223889 0.674872 -0.796007 -1.02594 -1.33236 -4.45439 -818.975 0 
2 824.849 0.317945 0.0225491 0.671657 -0.778351 -1.06605 -1.50026 -4.54269 -818.806 0 
1 825.285 0.317482 0.0222894 0.674291 -0.816991 -1.0648 -0.408499 -5.60897 -819.268 0 
1 825.621 0.322429 0.0223486 0.665881 -0.768914 -1.0726 -1.76738 -4.97495 -818.879 0 
2 826.399 0.325795 0.0221914 0.664216 -0.778525 -1.10797 -1.55677 -6.04644 -818.796 0 
1 826.809 0.320476 0.0221706 0.671729 -0.79926 -1.17994 -1.84187 -5.96819 -818.999 0 
2 825.154 0.311741 0.0223226 0.677526 -0.784968 -1.174 -1.40275 -4.57151 -819.179 0 
2 825.614 0.307038 0.022346 0.682789 -0.809645 -1.13651 -0.471238 -4.98455 -820.158 0 
3 824.53 0.314422 0.0225112 0.676004 -0.783218 -1.14929 -0.985254 -4.574 -818.971 0 
5 823.577 0.31174 0.022412 0.67685 -0.772245 -1.19829 -0.125035 -4.44745 -819.005 0 
3 823.693 0.315453 0.0223447 0.670897 -0.747801 -1.19195 -0.725202 -4.1567 -818.811 0 
1 825.462 0.324334 0.022416 0.665828 -0.740758 -1.22019 -1.63583 -4.8037 -819.022 0 
2 825.279 0.32139 0.0223575 0.670281 -0.781444 -1.15283 -1.20925 -5.30209 -818.767 0 
1 824.317 0.32476 0.02238 0.66532 -0.753779 -1.16496 -0.252846 -5.11529 -818.949 0 
1 823.957 0.312771 0.0225114 0.676324 -0.783763 -1.10133 -0.597645 -4.38543 -818.974 0 
1 824.97 0.307124 0.0225739 0.679299 -0.770069 -1.08675 -1.44652 -4.53039 -818.993 0 
9 824.424 0.3108 0.0222905 0.677067 -0.790162 -1.11073 -0.749281 -4.48351 -819.191 0 
3 824.247 0.312264 0.022404 0.676359 -0.779406 -1.13055 -0.90558 -4.36376 -818.977 0 
2 823.6 0.318963 0.0224282 0.668225 -0.753245 -1.09155 -0.362965 -4.28007 -818.957 0 
6 824.009 0.312138 0.0223529 0.677416 -0.797006 -1.12535 -0.00821049 -4.70457 -819.296 0 
1 823.964 0.311121 0.0223883 0.675173 -0.777794 -1.0497 -0.821246 -4.2339 -818.909 0 
1 824.099 0.313882 0.0225054 0.671497 -0.754872 -1.06018 -1.06285 -4.13982 -818.897 0 
4 824.643 0.308691 0.0225125 0.676194 -0.767728 -1.02854 -1.37264 -4.38084 -818.89 0 
1 824.43 0.306631 0.0224912 0.680206 -0.792766 -1.02721 -0.643105 -4.50276 -819.284 0 
1 824.802 0.310553 0.0224278 0.675187 -0.780452 -1.02716 -1.63178 -4.24175 -818.929 0 
1 824.459 0.314555 0.0223095 0.673467 -0.792612 -1.06225 -0.932892 -4.55617 -818.97 0 
1 824.336 0.31987 0.0225358 0.668792 -0.762254 -1.07655 -0.971358 -4.47044 -818.894 0 
3 823.942 0.318852 0.0225325 0.668758 -0.756295 -1.06831 -0.684187 -4.29732 -818.96 0 
5 823.649 0.313657 0.0225197 0.673352 -0.754264 -1.13638 -0.678018 -4.1482 -818.823 0 
1 823.633 0.316757 0.0223341 0.671779 -0.76996 -1.14374 -0.416017 -4.422 -818.795 0 
2 824.854 0.3276 0.0223673 0.662232 -0.750376 -1.12709 -0.084828 -5.53 -819.239 0 
3 825.006 0.327275 0.0223668 0.66256 -0.753492 -1.10238 -0.288302 -5.48504 -819.233 0 
4 825.139 0.327291 0.0222954 0.661459 -0.752342 -1.10304 -0.377865 -5.50187 -819.259 0 
2 824.353 0.323302 0.0223437 0.664213 -0.751865 -1.06835 -0.434348 -4.72333 -819.195 0 
5 823.491 0.315634 0.0224687 0.671152 -0.76743 -1.04117 -0.446317 -4.19654 -818.848 0 
2 824.333 0.315263 0.0225545 0.672937 -0.773796 -1.02889 -1.27785 -4.21882 -818.836 0 
2 823.814 0.316933 0.0225005 0.671882 -0.77584 -1.06959 -0.596969 -4.40633 -818.811 0 
8 823.41 0.316962 0.022478 0.671438 -0.758055 -1.16111 -0.33233 -4.28473 -818.793 0 
1 824.144 0.319676 0.022273 0.670194 -0.781587 -1.14785 -0.264447 -5.08384 -818.796 0 
5 823.603 0.315805 0.0223051 0.672897 -0.775359 -1.15994 -0.234144 -4.51948 -818.849 0 
1 823.644 0.310789 0.0224177 0.676205 -0.766253 -1.16503 -0.395804 -4.32804 -818.92 0 
5 824.365 0.309948 0.02237 0.677923 -0.783299 -1.12275 -0.809212 -4.42482 -819.131 0 
1 825.246 0.307397 0.0225152 0.676928 -0.752762 -1.11043 -1.74877 -4.6181 -818.879 0 
2 824.803 0.308203 0.0224124 0.676915 -0.77507 -1.04156 -1.45763 -4.38625 -818.959 0 
1 824.665 0.308459 0.0223876 0.677102 -0.780813 -1.03644 -1.29944 -4.35638 -819.009 0 
5 824.314 0.311431 0.0223355 0.675981 -0.786955 -1.10054 -0.807017 -4.42934 -819.078 0 
3 824.994 0.312464 0.0224851 0.674688 -0.773473 -1.10065 -1.85257 -4.26312 -818.878 0 
1 824.612 0.308967 0.02248 0.677446 -0.775897 -1.09437 -1.23553 -4.36887 -819.007 0 
1 824.76 0.317047 0.0225172 0.668975 -0.735423 -1.12197 -1.49686 -4.13539 -819.128 0 
2 824.912 0.316877 0.0225415 0.667622 -0.733798 -1.07094 -1.39573 -4.20008 -819.316 0 
3 825.366 0.315096 0.0226252 0.669466 -0.737937 -1.04362 -1.88809 -4.24855 -819.229 0 
2 825.521 0.312852 0.0224022 0.672403 -0.761725 -1.09559 -2.52625 -4.16429 -818.831 0 
7 823.654 0.313504 0.0224196 0.674617 -0.784947 -1.07636 -0.344133 -4.37825 -818.932 0 
1 823.6 0.314084 0.0224583 0.672676 -0.759963 -1.12508 -0.612876 -4.17177 -818.815 0 
3 823.774 0.317159 0.0223421 0.669133 -0.74628 -1.17017 -0.743097 -4.16684 -818.864 0 
1 824.959 0.32443 0.0222534 0.662816 -0.742794 -1.1488 -0.952205 -4.81334 -819.193 0 
1 823.42 0.320741 0.0223664 0.667529 -0.752426 -1.16022 -0.0412855 -4.50289 -818.876 0 
17 825.371 0.323854 0.0225023 0.664723 -0.732058 -1.15942 -1.42744 -4.54498 -819.399 0 
9 823.469 0.318934 0.0223345 0.669744 -0.763567 -1.17369 -0.121255 -4.57881 -818.769 0 
1 825.795 0.317158 0.0223447 0.675432 -0.80837 -1.14607 -0.863712 -5.63642 -819.295 0 
3 824.787 0.318785 0.0223713 0.670807 -0.78329 -1.1124 -1.06177 -4.9151 -818.81 0 
3 825.819 0.321102 0.0222437 0.670098 -0.803431 -1.09263 -0.978042 -5.93096 -818.91 0 
1 825.478 0.322372 0.0223472 0.669699 -0.795126 -1.11031 -0.773953 -5.89445 -818.81 0 
2 825.864 0.319689 0.0223653 0.669412 -0.783503 -1.07909 -2.11072 -4.9586 -818.795 0 
3 826.513 0.326818 0.0224912 0.661165 -0.744772 -1.04635 -1.6136 -5.23112 -819.668 0 
10 825.709 0.311188 0.0223767 0.67913 -0.822349 -1.04615 -0.83386 -5.04547 -819.83 0 
5 824.655 0.31309 0.0224125 0.676944 -0.817626 -0.998139 -0.441453 -4.82607 -819.388 0 
2 826.094 0.309289 0.0222508 0.680538 -0.836065 -0.975478 -0.943836 -4.93776 -820.213 0 
1 825.613 0.314206 0.0222724 0.67637 -0.822711 -1.00094 -1.14033 -5.02228 -819.45 0 
3 823.691 0.315132 0.0223348 0.673754 -0.800248 -1.02358 -0.0585526 -4.6333 -819 0 
1 824.027 0.312584 0.0223492 0.67625 -0.812433 -0.989755 -0.127602 -4.62298 -819.276 0 
1 827.402 0.303079 0.0225298 0.685292 -0.824492 -0.98807 -1.99069 -4.94728 -820.464 0 
2 827.609 0.302307 0.0223948 0.68747 -0.845297 -1.00201 -0.524532 -5.39281 -821.692 0 
2 826.564 0.303635 0.0224863 0.686514 -0.833791 -1.01759 -0.440286 -5.13173 -820.992 0 
1 826.472 0.300788 0.0224771 0.687237 -0.819189 -1.02015 -0.560936 -5.24585 -820.666 0 
3 825.825 0.309506 0.0224163 0.681612 -0.821672 -1.06258 -0.852757 -4.94151 -820.03 0 
2 825.312 0.311373 0.0223534 0.679162 -0.817512 -1.08893 -0.392989 -5.10133 -819.818 0 
2 825.982 0.306992 0.022318 0.683506 -0.816846 -1.16513 -0.0446428 -5.32732 -820.61 0 
2 826.877 0.308189 0.0223698 0.684022 -0.818767 -1.20957 -0.442481 -5.63684 -820.798 0 
5 826.687 0.307742 0.0224496 0.683161 -0.802827 -1.16926 -1.76833 -4.93974 -819.979 0 
4 828.298 0.304572 0.0222141 0.685509 -0.813482 -1.22448 -1.58194 -5.6025 -821.113 0 
2 826.986 0.313422 0.0223076 0.676148 -0.770056 -1.24244 -3.50085 -4.5124 -818.973 0 
1 827.678 0.308166 0.0221661 0.681687 -0.801104 -1.25054 -2.13504 -5.29547 -820.247 0 
1 827.042 0.314664 0.0222012 0.676275 -0.782603 -1.28709 -2.70592 -5.10204 -819.234 0 
2 825.827 0.310715 0.0223859 0.678952 -0.769073 -1.27837 -2.02571 -4.63375 -819.167 0 
1 825.817 0.31541 0.0224049 0.674104 -0.754896 -1.25906 -2.68852 -4.33944 -818.789 0 
1 823.977 0.311093 0.0224938 0.677576 -0.756282 -1.27023 -0.609729 -4.43675 -818.931 0 
2 823.914 0.312954 0.0223201 0.674438 -0.750532 -1.2759 -0.755279 -4.32962 -818.829 0 
3 824.094 0.318874 0.0223322 0.668283 -0.7255 -1.29481 -1.01135 -4.14232 -818.94 0 
2 825.007 0.312321 0.0223577 0.67622 -0.755171 -1.28724 -1.69579 -4.41532 -818.896 0 
13 823.276 0.317182 0.0223433 0.670839 -0.758224 -1.18991 -0.143502 -4.35592 -818.776 0 
7 823.608 0.316361 0.0223643 0.669954 -0.741926 -1.20145 -0.625186 -4.13251 -818.851 0 
2 824.522 0.312161 0.0222439 0.676248 -0.778788 -1.22307 -0.709993 -4.66587 -819.146 0 
5 824.057 0.314418 0.0223147 0.672193 -0.749293 -1.24051 -1.02323 -4.24431 -818.789 0 
15 823.788 0.318374 0.0224336 0.667847 -0.720014 -1.25252 -0.588739 -4.06926 -819.13 0 
1 823.781 0.313972 0.0224174 0.672298 -0.728047 -1.31612 -0.783244 -4.18361 -818.815 0 
1 824.02 0.313728 0.0224116 0.67477 -0.75071 -1.32057 -0.696511 -4.4794 -818.844 0 
5 824.231 0.315298 0.0223185 0.674286 -0.766308 -1.29941 -0.486588 -4.81375 -818.931 0 
1 823.855 0.313313 0.0223409 0.674698 -0.757012 -1.2852 -0.50404 -4.47312 -818.878 0 
2 824.339 0.311116 0.0224131 0.67915 -0.770016 -1.32402 -0.192938 -4.86313 -819.283 0 
2 824.391 0.317416 0.0224032 0.672136 -0.749398 -1.33174 -0.999332 -4.63608 -818.755 0 
3 824.055 0.313367 0.0224035 0.67707 -0.759733 -1.36687 -0.187904 -4.82201 -819.045 0 
1 824.919 0.306406 0.0224698 0.681712 -0.756164 -1.35365 -0.491853 -5.05902 -819.368 0 
2 827.153 0.309189 0.0224977 0.677627 -0.736886 -1.37484 -3.54399 -4.67742 -818.932 0 
1 824.576 0.316859 0.0225228 0.673296 -0.748706 -1.31451 -1.31684 -4.50034 -818.759 0 
1 824.222 0.318051 0.0224221 0.669967 -0.739209 -1.28445 -1.12282 -4.31041 -818.789 0 
1 823.639 0.321905 0.0223366 0.66627 -0.736835 -1.25262 -0.196729 -4.50846 -818.934 0 
4 824.273 0.320024 0.0222796 0.670814 -0.768757 -1.27523 -0.262728 -5.23851 -818.772 0 
3 825.587 0.322089 0.0221508 0.669084 -0.770413 -1.28871 -1.17609 -5.66848 -818.742 0 
1 824.837 0.320503 0.0221973 0.66689 -0.747338 -1.21392 -1.52445 -4.47421 -818.838 0 
3 825.453 0.322274 0.0221887 0.668619 -0.774782 -1.21154 -1.23798 -5.47729 -818.738 0 
12 826.215 0.328297 0.0222782 0.664172 -0.770114 -1.18113 -0.889202 -6.52813 -818.797 0 
2 827.451 0.327129 0.0223543 0.666759 -0.779842 -1.19943 -1.997 -6.74276 -818.711 0 
1 824.815 0.321804 0.0225015 0.668945 -0.755823 -1.19966 -1.23495 -4.78201 -818.798 0 
3 823.701 0.319594 0.0223406 0.670064 -0.764689 -1.18857 -0.253174 -4.68999 -818.758 0 
2 823.815 0.317825 0.0222629 0.671287 -0.770839 -1.20042 -0.300703 -4.71917 -818.795 0 
3 824.853 0.317968 0.0221703 0.671067 -0.771616 -1.22501 -1.20279 -4.83967 -818.811 0 
6 824.483 0.312672 0.0222922 0.677478 -0.793195 -1.20053 -0.159085 -4.94353 -819.38 0 
5 826.187 0.312977 0.0223457 0.679321 -0.80963 -1.185 -1.0143 -5.38722 -819.786 0 
2 825.434 0.310231 0.0222745 0.677766 -0.791166 -1.16418 -1.32422 -4.71842 -819.392 0 
3 824.524 0.319687 0.0222854 0.670989 -0.778368 -1.18271 -0.668665 -5.06398 -818.791 0 
1 825.07 0.323633 0.0224283 0.666962 -0.752792 -1.2342 -1.1395 -5.12853 -818.802 0 
1 825.53 0.326807 0.0223882 0.665212 -0.752387 -1.24823 -0.955955 -5.72719 -818.847 0 
1 824.989 0.323773 0.0224099 0.667824 -0.749609 -1.28366 -1.07376 -5.15226 -818.763 0 
1 824.641 0.319701 0.0225076 0.670864 -0.753337 -1.25794 -1.24445 -4.65171 -818.745 0 
2 823.927 0.319214 0.022503 0.668046 -0.72773 -1.24103 -0.74744 -4.14372 -819.036 0 
3 823.946 0.318383 0.0222729 0.671481 -0.772428 -1.2117 -0.299595 -4.84866 -818.798 0 
2 825.216 0.320472 0.0222935 0.667114 -0.741915 -1.25872 -1.88602 -4.50444 -818.825 0 
2 825.208 0.321007 0.0223643 0.66501 -0.708531 -1.32928 -1.80881 -4.12503 -819.274 0 
2 824.242 0.322723 0.0223126 0.664906 -0.717614 -1.34429 -0.749205 -4.40637 -819.087 0 
1 823.76 0.322621 0.0223153 0.667194 -0.744789 -1.29207 -0.0872085 -4.89318 -818.78 0 
6 823.273 0.320084 0.0223633 0.668373 -0.738658 -1.27666 -0.0412279 -4.40593 -818.826 0 
6 823.577 0.314757 0.0223846 0.674976 -0.768889 -1.25104 -0.0403276 -4.62185 -818.915 0 
1 824.436 0.320005 0.022513 0.67033 -0.749614 -1.24514 -1.1243 -4.53848 -818.773 0 
1 824.209 0.314757 0.0225274 0.674787 -0.753042 -1.26075 -1.09119 -4.32314 -818.795 0 
4 823.46 0.316439 0.0224606 0.671544 -0.737833 -1.28949 -0.452999 -4.22132 -818.786 0 
5 823.832 0.31777 0.022303 0.66981 -0.739868 -1.3011 -0.725164 -4.33764 -818.769 0 
2 823.985 0.317325 0.0223788 0.671614 -0.763186 -1.21712 -0.643277 -4.56665 -818.775 0 
1 823.62 0.31481 0.0222992 0.673949 -0.763955 -1.26036 -0.206017 -4.54504 -818.869 0 
4 824.523 0.313193 0.022354 0.676659 -0.769297 -1.27297 -0.869533 -4.62737 -819.026 0 
2 824.139 0.310567 0.022365 0.67709 -0.758442 -1.25975 -0.719292 -4.45732 -818.963 0 
1 823.543 0.314989 0.0223514 0.671878 -0.742377 -1.25099 -0.572239 -4.17884 -818.792 0 
5 823.806 0.322203 0.0223364 0.666645 -0.743406 -1.2504 -0.260491 -4.69149 -818.854 0 
3 824.351 0.320215 0.0223017 0.66841 -0.755377 -1.22832 -0.892122 -4.70011 -818.758 0 
2 824.427 0.315792 0.0224333 0.673254 -0.775656 -1.15375 -1.03549 -4.54447 -818.848 0 
9 824.431 0.31231 0.0224874 0.672451 -0.749642 -1.09423 -1.3644 -4.18702 -818.879 0 
1 826.132 0.309552 0.0225385 0.674716 -0.750498 -1.10743 -2.91249 -4.36097 -818.859 0 
1 823.877 0.311442 0.0223822 0.674795 -0.765818 -1.13115 -0.757226 -4.25108 -818.869 0 
3 824.358 0.308887 0.0223967 0.67759 -0.772109 -1.12519 -0.951904 -4.40047 -819.006 0 
4 824.104 0.311733 0.0224258 0.676044 -0.768691 -1.14964 -0.920534 -4.28539 -818.898 0 
2 824.219 0.316085 0.0223685 0.670813 -0.744864 -1.19238 -1.24935 -4.13591 -818.834 0 
1 824.996 0.31429 0.0224044 0.672758 -0.736959 -1.25668 -2.03235 -4.15129 -818.812 0 
2 824.049 0.312262 0.0224078 0.673677 -0.74131 -1.22326 -1.01429 -4.2174 -818.818 0 
5 825.254 0.307448 0.0225574 0.679288 -0.752798 -1.2048 -1.68362 -4.63024 -818.941 0 
1 825.993 0.309623 0.0224047 0.676836 -0.759703 -1.16028 -2.7354 -4.36576 -818.892 0 
4 824.39 0.316296 0.022356 0.668861 -0.743808 -1.12128 -1.31105 -4.11583 -818.963 0 
3 823.643 0.313177 0.0224497 0.674931 -0.786528 -1.05635 -0.359663 -4.345 -818.938 0 
6 823.844 0.311851 0.0223652 0.675841 -0.801095 -0.999508 -0.330267 -4.40031 -819.113 0 
4 824.138 0.312969 0.0224877 0.6745 -0.788145 -0.96422 -1.02479 -4.21897 -818.894 0 
3 824.373 0.310019 0.0223581 0.677421 -0.806345 -0.992933 -0.637572 -4.43656 -819.299 0 
3 826.181 0.306451 0.022368 0.680065 -0.81337 -0.966607 -1.99013 -4.54298 -819.648 0 
10 825.004 0.317656 0.0223472 0.669877 -0.791298 -0.976869 -1.5416 -4.61703 -818.845 0 
1 825.07 0.319908 0.0222666 0.66907 -0.801435 -0.984402 -1.01715 -5.19954 -818.853 0 
1 823.608 0.318416 0.0224014 0.668847 -0.769309 -1.01825 -0.34565 -4.36931 -818.893 0 
3 823.56 0.316212 0.0224228 0.670144 -0.765767 -1.03491 -0.484004 -4.2062 -818.87 0 
5 824.755 0.313055 0.0225796 0.67458 -0.790145 -0.960645 -1.61091 -4.24145 -818.903 0 
4 824.49 0.319449 0.0224893 0.670131 -0.791869 -0.948976 -0.884936 -4.75264 -818.853 0 
1 824.055 0.318442 0.0224048 0.670728 -0.797248 -0.945377 -0.479485 -4.71865 -818.857 0 
4 824.059 0.311779 0.0223828 0.674619 -0.802916 -0.909569 -0.774875 -4.27112 -819.013 0 
2 824.568 0.312247 0.0225928 0.675332 -0.805057 -0.863299 -1.32393 -4.26267 -818.982 0 
5 824.579 0.311688 0.022492 0.675475 -0.797197 -0.907126 -1.39604 -4.22697 -818.956 0 
7 825.067 0.322841 0.0225529 0.664261 -0.755968 -0.955045 -0.82572 -4.76993 -819.472 0 
3 825.193 0.321696 0.022556 0.666017 -0.761661 -0.956051 -1.27138 -4.65549 -819.266 0 
1 824.717 0.317617 0.022536 0.668501 -0.759771 -0.963331 -1.29808 -4.30192 -819.117 0 
1 824.861 0.317235 0.0224933 0.670137 -0.778826 -0.929648 -1.58654 -4.34889 -818.925 0 
1 825.442 0.313715 0.0224786 0.67287 -0.777894 -0.95432 -2.37004 -4.19695 -818.875 0 
4 823.908 0.317032 0.0224222 0.668681 -0.764919 -0.987413 -0.694138 -4.24732 -818.967 0 
2 824.001 0.321201 0.0223303 0.668056 -0.791052 -0.992672 -0.0617101 -5.11448 -818.825 0 
4 824.456 0.315324 0.0223488 0.674241 -0.805669 -0.993287 -0.775609 -4.65371 -819.027 0 
4 823.691 0.31307 0.0224065 0.675812 -0.804723 -0.991159 -0.107548 -4.479 -819.104 0 
2 824.486 0.319757 0.0223984 0.671115 -0.801204 -1.01887 -0.388734 -5.23089 -818.867 0 
5 823.935 0.31323 0.022527 0.675044 -0.797398 -0.957232 -0.666507 -4.31375 -818.955 0 
1 825.901 0.321323 0.0226115 0.667741 -0.777242 -0.923816 -2.08223 -4.76812 -819.051 0 
4 824.319 0.320625 0.0224516 0.665599 -0.761745 -0.963814 -0.593452 -4.53252 -819.193 0 
5 824.716 0.325407 0.0223959 0.662711 -0.767814 -0.947882 -0.0650787 -5.3182 -819.333 0 
2 825.135 0.322295 0.0225172 0.663609 -0.7601 -0.88891 -0.711267 -4.83246 -819.591 0 
5 824.174 0.320219 0.0224991 0.668279 -0.786406 -0.912342 -0.49586 -4.74262 -818.936 0 
8 824.687 0.322002 0.0225051 0.665821 -0.776016 -0.918556 -0.711541 -4.86881 -819.106 0 
1 826.736 0.326222 0.0225167 0.663241 -0.775441 -0.938995 -1.84289 -5.66284 -819.23 0 
6 828.197 0.324072 0.0226381 0.667159 -0.794499 -0.884594 -3.66805 -5.5429 -818.986 0 
1 825.726 0.317456 0.022417 0.674227 -0.835132 -0.873121 -1.10597 -5.38457 -819.235 0 
3 824.324 0.315646 0.0224705 0.672843 -0.810492 -0.883709 -0.778495 -4.58397 -818.961 0 
2 824.677 0.317063 0.0223901 0.670407 -0.804195 -0.881167 -1.14809 -4.6309 -818.898 0 
2 823.934 0.317448 0.0223959 0.672066 -0.811628 -0.921716 -0.0920065 -4.88994 -818.952 0 
1 823.863 0.317557 0.0223853 0.671896 -0.809873 -0.929921 -0.045016 -4.87962 -818.939 0 
1 825.845 0.31657 0.022366 0.674977 -0.837541 -0.88251 -1.15125 -5.33933 -819.354 0 
5 825.727 0.315748 0.022377 0.675695 -0.834369 -0.906232 -1.13845 -5.20136 -819.387 0 
2 826.709 0.317613 0.0223184 0.675063 -0.849875 -0.886549 -1.05853 -6.03685 -819.614 0 
1 824.984 0.31558 0.022484 0.674666 -0.825878 -0.879348 -0.920966 -4.9003 -819.163 0 
2 825.226 0.309505 0.0225763 0.679119 -0.825241 -0.856609 -1.41028 -4.39084 -819.425 0 
3 824.48 0.317396 0.0225065 0.672023 -0.819498 -0.811212 -0.690029 -4.82708 -818.963 0 
1 824.38 0.313341 0.0225513 0.674958 -0.821556 -0.796351 -0.884767 -4.42426 -819.071 0 
4 827.354 0.307319 0.0226142 0.681256 -0.841948 -0.788191 -3.05596 -4.45595 -819.842 0 
2 827.928 0.312348 0.0225716 0.679844 -0.86604 -0.738037 -2.78316 -5.09974 -820.045 0 
2 827.862 0.301155 0.0224745 0.68897 -0.887519 -0.701643 -0.647647 -4.95956 -822.255 0 
2 828.077 0.298017 0.022631 0.689196 -0.872448 -0.628055 -1.76313 -4.96665 -821.347 0 
6 828.679 0.298557 0.0227193 0.687989 -0.864593 -0.600164 -3.02236 -4.92059 -820.736 0 
2 830.189 0.3024 0.0227318 0.686924 -0.892664 -0.532514 -4.3579 -4.56246 -821.269 0 
3 827.536 0.310305 0.0225976 0.679441 -0.877465 -0.586182 -2.7123 -4.76805 -820.056 0 
3 828.398 0.312855 0.0224248 0.679565 -0.9007 -0.625663 -1.51062 -5.98903 -820.898 0 
5 828.682 0.318966 0.0225493 0.673884 -0.866776 -0.671238 -3.15962 -6.1031 -819.419 0 
1 826.568 0.319727 0.0225884 0.670057 -0.827373 -0.687285 -2.34232 -5.22253 -819.003 0 
2 826.506 0.323622 0.0224158 0.666907 -0.837951 -0.660008 -1.20315 -6.27096 -819.032 0 
2 826.602 0.325358 0.0223293 0.666086 -0.846723 -0.680733 -0.477324 -7.1037 -819.021 0 
2 826.822 0.317134 0.0223449 0.674868 -0.888334 -0.618172 -0.526073 -6.32121 -819.975 0 
3 826.783 0.315549 0.0222342 0.675845 -0.886594 -0.66584 -0.471043 -6.09275 -820.219 0 
3 825.18 0.318358 0.022376 0.671544 -0.848894 -0.679249 -0.613043 -5.41638 -819.15 0 
3 825.184 0.312113 0.0224221 0.677651 -0.864643 -0.667529 -0.586145 -4.82012 -819.778 0 
1 826.072 0.310707 0.0224567 0.678184 -0.860425 -0.635791 -1.86818 -4.54116 -819.662 0 
1 825.559 0.316154 0.0225322 0.672726 -0.847636 -0.598476 -1.47745 -4.94379 -819.138 0 
4 824.707 0.310618 0.022456 0.677238 -0.871965 -0.549994 -0.330552 -4.62777 -819.749 0 
1 825.716 0.310059 0.0223746 0.675895 -0.857793 -0.592115 -1.73034 -4.45976 -819.526 0 
1 824.827 0.309558 0.0225089 0.675509 -0.839656 -0.587065 -1.23504 -4.38375 -819.208 0 
4 826.366 0.30424 0.0225412 0.679436 -0.840143 -0.581729 -2.38654 -4.56356 -819.416 0 
5 826.195 0.307574 0.0225031 0.679443 -0.865782 -0.593898 -1.85674 -4.42385 -819.915 0 
1 825.018 0.313104 0.0224128 0.67271 -0.842984 -0.603245 -1.29235 -4.5616 -819.164 0 
1 824.649 0.316987 0.0225107 0.670213 -0.840436 -0.570814 -0.550981 -5.0094 -819.089 0 
8 824.649 0.31362 0.0224981 0.673042 -0.859423 -0.480029 -0.593934 -4.80057 -819.255 0 
1 828.42 0.308335 0.0223884 0.678522 -0.895198 -0.455001 -3.36157 -4.68959 -820.369 0 
1 826.269 0.312303 0.0223754 0.675974 -0.8994 -0.42812 -0.978643 -5.19838 -820.092 0 
5 826.861 0.316711 0.0224836 0.671448 -0.881355 -0.415326 -1.84853 -5.60699 -819.405 0 
1 826.849 0.311577 0.0225762 0.676201 -0.884717 -0.421534 -2.31436 -4.83017 -819.704 0 
3 827.701 0.308067 0.022553 0.682007 -0.91779 -0.402568 -1.61357 -4.96791 -821.12 0 
1 827.977 0.312744 0.0222659 0.677993 -0.938148 -0.358848 -0.398291 -6.25516 -821.323 0 
1 827.086 0.309524 0.0223049 0.67949 -0.922323 -0.39997 -0.655522 -5.27715 -821.153 0 
8 829.502 0.302012 0.0222936 0.688069 -0.952113 -0.386682 -0.241653 -5.23266 -824.027 0 
2 830.711 0.297196 0.0224849 0.691286 -0.933854 -0.419542 -1.88937 -4.95734 -823.865 0 
2 831.002 0.295672 0.0224853 0.689527 -0.908604 -0.417762 -3.66777 -4.96624 -822.368 0 
2 828.046 0.301835 0.0224806 0.684688 -0.892044 -0.439241 -2.7326 -4.50599 -820.808 0 
1 829.66 0.299816 0.0226762 0.687073 -0.884243 -0.453569 -4.21632 -4.69947 -820.744 0 
6 830.192 0.296004 0.0225576 0.690372 -0.894827 -0.465319 -3.29693 -5.07718 -821.818 0 
2 828.447 0.301738 0.022373 0.686321 -0.908033 -0.474867 -2.01068 -4.60207 -821.834 0 
1 827.4 0.302223 0.0223688 0.684934 -0.897635 -0.494497 -1.53572 -4.53737 -821.327 0 
2 829.261 0.317457 0.0223135 0.670473 -0.866974 -0.463675 -4.58576 -5.43071 -819.244 0 
3 828.13 0.315021 0.022277 0.674319 -0.891244 -0.465004 -2.91446 -5.44422 -819.772 0 
2 825.236 0.317361 0.0223833 0.669618 -0.856798 -0.482425 -0.759852 -5.30082 -819.176 0 
2 825.509 0.318818 0.0223387 0.668827 -0.864327 -0.466155 -0.617661 -5.68551 -819.206 0 
1 825.872 0.323916 0.022453 0.663884 -0.835938 -0.519486 -0.189768 -6.37937 -819.303 0 
1 827.534 0.320227 0.0223645 0.665187 -0.828106 -0.513105 -2.66828 -5.56488 -819.301 0 
6 828.504 0.323777 0.0221821 0.663968 -0.838846 -0.583548 -3.06984 -6.30073 -819.133 0 
1 830.073 0.320746 0.0221376 0.66627 -0.84486 -0.573765 -5.2768 -5.70601 -819.091 0 
2 827.679 0.318668 0.0223533 0.66748 -0.83106 -0.559664 -3.34105 -5.20402 -819.134 0 
1 828.044 0.316496 0.0223831 0.667881 -0.830114 -0.502525 -3.76525 -5.07937 -819.2 0 
3 826.387 0.31792 0.022529 0.668302 -0.831311 -0.516757 -1.99207 -5.2017 -819.193 0 
1 825.792 0.320072 0.0224335 0.669928 -0.864379 -0.563406 -0.531925 -6.05489 -819.205 0 
1 826.077 0.321079 0.0223328 0.66855 -0.875736 -0.497733 -0.258963 -6.54501 -819.273 0 
1 827.161 0.319705 0.0223223 0.66855 -0.86878 -0.515027 -1.85937 -6.06507 -819.236 0 
3 827.471 0.32217 0.0223403 0.663963 -0.841893 -0.503924 -2.15289 -6.0969 -819.222 0 
5 828.533 0.322003 0.0224273 0.664452 -0.857012 -0.40514 -2.83193 -6.41385 -819.287 0 
5 825.465 0.319325 0.0224051 0.668488 -0.863652 -0.442496 -0.462287 -5.79578 -819.207 0 
2 826.527 0.320351 0.0224103 0.669335 -0.881172 -0.41158 -0.857659 -6.35793 -819.312 0 
2 827.677 0.315875 0.0224308 0.674014 -0.894496 -0.397401 -2.41153 -5.60745 -819.658 0 
3 827.024 0.314017 0.0223688 0.674786 -0.891838 -0.413917 -2.06543 -5.23185 -819.727 0 
3 827.219 0.318307 0.022441 0.66945 -0.871867 -0.371714 -2.18454 -5.75941 -819.275 0 
3 825.536 0.316076 0.0225176 0.671731 -0.884185 -0.34992 -0.606662 -5.51907 -819.41 0 
1 825.891 0.316466 0.0224385 0.672833 -0.903463 -0.339393 -0.221772 -5.94732 -819.722 0 
5 826.015 0.315078 0.0223556 0.670731 -0.887699 -0.287956 -1.12342 -5.44886 -819.442 0 
7 826.847 0.318392 0.022451 0.665621 -0.846311 -0.350635 -1.62959 -5.80201 -819.416 0 
1 827.492 0.306688 0.022252 0.679429 -0.909553 -0.360946 -2.17236 -4.61673 -820.703 0 
5 825.944 0.307894 0.0223623 0.678787 -0.904714 -0.368329 -0.851525 -4.6641 -820.429 0 
2 827.281 0.310032 0.022334 0.679287 -0.925164 -0.382759 -0.74623 -5.39243 -821.142 0 
3 825.812 0.310498 0.0225718 0.676293 -0.887231 -0.358419 -1.37638 -4.74764 -819.688 0 
3 825.19 0.310911 0.0225286 0.676085 -0.88693 -0.372187 -0.726604 -4.7759 -819.688 0 
4 827.761 0.312716 0.0223565 0.677263 -0.925726 -0.366967 -1.09027 -5.86622 -820.805 0 
3 827.606 0.308172 0.0226273 0.681666 -0.905974 -0.395485 -2.33404 -4.71038 -820.561 0 
2 827.21 0.306768 0.022659 0.680819 -0.89304 -0.393314 -2.51931 -4.49667 -820.194 0 
2 826.73 0.310827 0.022713 0.675243 -0.857879 -0.427755 -2.80357 -4.653 -819.273 0 
3 827.965 0.307168 0.0227641 0.677402 -0.852468 -0.431109 -4.04937 -4.61436 -819.302 0 
3 825.846 0.310143 0.0226555 0.675639 -0.853461 -0.465572 -2.02147 -4.56188 -819.262 0 
4 827.074 0.310284 0.0226614 0.677088 -0.848971 -0.547318 -3.34933 -4.45285 -819.272 0 
1 825.411 0.313468 0.0225232 0.674651 -0.848004 -0.601232 -1.57524 -4.62272 -819.214 0 
4 825.664 0.311324 0.0222922 0.676211 -0.859993 -0.634437 -1.46213 -4.59346 -819.608 0 
3 824.834 0.311611 0.0223389 0.67679 -0.860604 -0.663432 -0.465756 -4.6832 -819.685 0 
2 824.477 0.31721 0.0223699 0.669052 -0.82652 -0.653381 -0.602745 -4.84917 -819.025 0 
1 824.87 0.319429 0.0223054 0.670199 -0.847476 -0.702496 -0.0743743 -5.67394 -819.121 0 
3 826.034 0.315582 0.0222218 0.673156 -0.866589 -0.658824 -1.04341 -5.41401 -819.576 0 
2 827.411 0.316424 0.0221252 0.672833 -0.872709 -0.676764 -1.84059 -5.8369 -819.733 0 
2 827.051 0.304078 0.0223338 0.682746 -0.874515 -0.649254 -1.65061 -4.57445 -820.826 0 
2 827.222 0.307217 0.0222727 0.677094 -0.849935 -0.614475 -3.33105 -4.33923 -819.551 0 
2 828.431 0.301919 0.0223644 0.681981 -0.845964 -0.643869 -3.88096 -4.66309 -819.887 0 
6 830.344 0.302136 0.0223567 0.681256 -0.831834 -0.68706 -5.97005 -4.7805 -819.594 0 
1 829.903 0.301664 0.0223145 0.681285 -0.834739 -0.688502 -5.4152 -4.77672 -819.711 0 
4 825.463 0.310476 0.0223358 0.677021 -0.845974 -0.710497 -1.52733 -4.43581 -819.499 0 
3 825.658 0.315252 0.022406 0.674523 -0.839015 -0.763707 -1.61166 -4.82814 -819.218 0 
1 824.939 0.319592 0.0223179 0.670608 -0.841949 -0.753916 -0.193989 -5.65244 -819.093 0 
5 826.457 0.32749 0.0224405 0.661737 -0.805191 -0.737508 -0.550074 -6.57967 -819.328 0 
1 828.078 0.327537 0.0223677 0.660955 -0.804905 -0.752112 -2.16126 -6.62775 -819.289 0 
1 827.942 0.322909 0.0224096 0.662135 -0.797987 -0.676779 -2.95614 -5.52202 -819.464 0 
3 827.735 0.314523 0.0223865 0.669763 -0.809585 -0.734866 -4.34154 -4.41877 -818.975 0 
4 824.394 0.313079 0.0223799 0.672931 -0.824062 -0.736344 -0.936102 -4.40176 -819.056 0 
1 824.429 0.316939 0.0224702 0.668984 -0.808542 -0.720885 -0.784274 -4.63628 -819.008 0 
8 825.599 0.317424 0.0225706 0.670536 -0.814475 -0.710661 -1.87319 -4.72848 -818.998 0 
7 825.361 0.31453 0.0226205 0.672429 -0.816154 -0.716899 -1.91497 -4.45916 -818.987 0 
5 824.726 0.318105 0.0225191 0.669756 -0.823903 -0.692661 -0.791025 -4.93622 -818.998 0 
1 829.704 0.324211 0.0225891 0.663061 -0.799317 -0.700722 -4.53935 -5.74984 -819.415 0 
1 830.545 0.328131 0.0224997 0.660608 -0.814921 -0.645776 -4.01454 -7.06313 -819.468 0 
2 826.034 0.32202 0.0225801 0.665879 -0.820313 -0.605431 -1.16048 -5.64057 -819.233 0 
2 826.164 0.314512 0.0226917 0.671892 -0.822158 -0.609905 -2.48612 -4.61738 -819.06 0 
2 825.28 0.312325 0.0225719 0.674697 -0.845714 -0.599496 -1.54749 -4.51621 -819.216 0 
3 825.579 0.320192 0.0225416 0.667902 -0.831249 -0.613912 -1.09063 -5.41321 -819.075 0 
1 825.295 0.314827 0.0225813 0.670687 -0.830707 -0.555557 -1.45751 -4.74005 -819.097 0 
2 825.474 0.312849 0.0223967 0.673467 -0.857113 -0.56051 -1.47474 -4.67484 -819.325 0 
1 825.488 0.319326 0.0222549 0.66771 -0.839735 -0.634287 -1.05169 -5.38707 -819.049 0 
4 826.601 0.323048 0.0222524 0.667308 -0.857113 -0.658019 -0.669913 -6.82074 -819.11 0 
6 825.587 0.323164 0.0222931 0.664559 -0.829311 -0.630227 -0.494265 -5.98178 -819.111 0 
2 825.393 0.321539 0.0223353 0.665865 -0.831994 -0.603147 -0.610316 -5.67671 -819.106 0 
6 824.644 0.317937 0.0223981 0.669478 -0.843516 -0.600789 -0.367745 -5.19325 -819.083 0 
1 824.789 0.318715 0.0223136 0.668294 -0.835914 -0.63539 -0.54534 -5.20185 -819.042 0 
3 825.253 0.319406 0.0223497 0.668881 -0.834759 -0.660655 -0.943796 -5.28412 -819.025 0 
1 825.754 0.311238 0.0222933 0.67628 -0.864856 -0.604262 -1.47052 -4.62113 -819.662 0 
7 825.495 0.314016 0.0223811 0.670627 -0.827262 -0.601227 -1.84118 -4.59325 -819.06 0 
3 824.812 0.310917 0.022519 0.675037 -0.838234 -0.599367 -1.23316 -4.41489 -819.164 0 
3 825.584 0.304045 0.0225437 0.682808 -0.865376 -0.592187 -0.971947 -4.42625 -820.186 0 
7 825.334 0.306288 0.0224872 0.682456 -0.869946 -0.660859 -0.358653 -4.53079 -820.445 0 
3 825.967 0.303037 0.0225744 0.682302 -0.844043 -0.646551 -1.66269 -4.55076 -819.753 0 
5 825.774 0.307916 0.0225391 0.676211 -0.811606 -0.706199 -2.28217 -4.44614 -819.045 0 
1 825.673 0.313093 0.0225372 0.67283 -0.801107 -0.765987 -2.36733 -4.34381 -818.962 0 
2 825.594 0.316606 0.022462 0.670004 -0.809399 -0.719814 -1.98368 -4.60885 -819.001 0 
4 827.038 0.314226 0.0225106 0.673451 -0.809258 -0.787077 -3.71632 -4.36777 -818.953 0 
1 825.284 0.319086 0.0223927 0.666741 -0.783583 -0.827507 -1.53774 -4.62776 -819.118 0 
1 825.507 0.319067 0.0224858 0.669529 -0.798322 -0.843417 -1.85989 -4.71587 -818.931 0 
1 825.946 0.319231 0.0226288 0.665779 -0.758426 -0.861102 -1.74557 -4.6295 -819.571 0 
1 825.194 0.314531 0.0225114 0.669284 -0.771153 -0.860728 -1.76779 -4.33865 -819.088 0 
3 826.864 0.316713 0.0222516 0.66719 -0.778687 -0.892341 -3.54787 -4.33666 -818.979 0 
4 827.38 0.317514 0.0220887 0.669612 -0.815736 -0.897388 -3.44876 -4.95765 -818.974 0 
2 825.645 0.317111 0.0221862 0.670204 -0.803153 -0.923815 -2.10655 -4.64286 -818.895 0 
4 825.961 0.318983 0.0222218 0.666265 -0.774971 -0.953151 -2.53043 -4.47463 -818.956 0 
2 824.602 0.320522 0.0222619 0.667461 -0.799921 -0.911608 -0.669245 -5.06563 -818.867 0 
8 824.693 0.318576 0.0222926 0.671822 -0.8265 -0.905986 -0.145684 -5.46039 -819.087 0 
1 824.493 0.314557 0.0223513 0.672606 -0.806038 -0.910806 -1.06619 -4.46041 -818.966 0 
1 824.949 0.314489 0.0222889 0.674134 -0.820067 -0.937553 -0.910022 -4.82352 -819.216 0 
1 825.298 0.310958 0.0224043 0.674519 -0.797413 -0.91456 -2.08518 -4.23072 -818.982 0 
1 824.483 0.309474 0.0224211 0.677875 -0.816591 -0.909236 -0.739078 -4.38746 -819.356 0 
3 824.434 0.314625 0.0223231 0.673838 -0.815024 -0.938006 -0.611026 -4.7062 -819.117 0 
2 825.077 0.311181 0.02226 0.675251 -0.806971 -0.946668 -1.56995 -4.35689 -819.15 0 
1 824.773 0.313323 0.0222461 0.673709 -0.802228 -0.964158 -1.366 -4.39155 -819.015 0 
4 825.149 0.31312 0.0222052 0.67458 -0.810066 -0.985812 -1.37209 -4.58784 -819.189 0 
2 825.061 0.309787 0.0222867 0.67733 -0.818203 -0.93479 -1.14753 -4.47041 -819.443 0 
4 824.995 0.310289 0.0222988 0.677128 -0.820384 -0.928548 -1.03991 -4.50645 -819.448 0 
4 823.797 0.313102 0.0225211 0.673625 -0.787665 -0.925011 -0.701311 -4.20843 -818.888 0 
1 823.606 0.312353 0.0224342 0.674392 -0.795235 -0.935055 -0.42407 -4.24035 -818.941 0 
2 824.479 0.315367 0.0225808 0.671649 -0.77781 -0.928586 -1.32413 -4.24435 -818.91 0 
6 824.796 0.316482 0.0223899 0.671363 -0.797791 -0.956638 -1.33533 -4.57733 -818.884 0 
1 824.126 0.312651 0.0223414 0.675366 -0.81595 -0.926198 -0.395405 -4.52443 -819.206 0 
3 824.445 0.321281 0.0223514 0.669 -0.809339 -0.918525 -0.134044 -5.44355 -818.868 0 
2 824.659 0.321669 0.0222769 0.667902 -0.808578 -0.899978 -0.347662 -5.44222 -818.869 0 
5 828.921 0.33236 0.0221327 0.659744 -0.811199 -0.896323 -1.28978 -8.63829 -818.993 0 
2 827.243 0.325472 0.0220924 0.664027 -0.80691 -0.93233 -1.99409 -6.39839 -818.851 0 
1 825.05 0.320823 0.0222138 0.666872 -0.800122 -0.895826 -1.08964 -5.07962 -818.88 0 
4 825.636 0.321198 0.0221701 0.667535 -0.806455 -0.919352 -1.43766 -5.33739 -818.861 0 
1 826.316 0.318855 0.0222177 0.67223 -0.837696 -0.924543 -0.926975 -6.06703 -819.322 0 
1 828.867 0.323349 0.0220528 0.669339 -0.833213 -1.01627 -2.28616 -7.40728 -819.173 0 
10 825.474 0.319421 0.0221765 0.670287 -0.818886 -0.935217 -1.04581 -5.44096 -818.987 0 
2 826.42 0.315287 0.0221236 0.673579 -0.824545 -0.950937 -2.086 -5.03843 -819.296 0 
3 825.994 0.321379 0.0222529 0.669177 -0.80762 -0.960756 -1.65286 -5.48245 -818.859 0 
2 825.921 0.321116 0.0223653 0.669203 -0.796851 -0.962076 -1.96724 -5.11671 -818.837 0 
2 824.25 0.309568 0.0225098 0.677442 -0.801899 -0.908845 -0.910148 -4.26355 -819.076 0 
1 824.526 0.30806 0.022408 0.680454 -0.829849 -0.896286 -0.229296 -4.51568 -819.781 0 
2 825.236 0.311698 0.0223234 0.678173 -0.830759 -0.931376 -0.836579 -4.75664 -819.642 0 
1 824.418 0.308174 0.0224663 0.678688 -0.800711 -0.948533 -0.894882 -4.33849 -819.185 0 
1 824.658 0.310551 0.022335 0.675103 -0.802892 -0.897229 -1.3722 -4.24694 -819.039 0 
6 825.526 0.309357 0.0223541 0.676687 -0.810953 -0.857263 -2.11046 -4.27131 -819.144 0 
1 825.328 0.314069 0.0224353 0.671063 -0.787935 -0.834072 -2.07312 -4.30401 -818.951 0 
2 827.555 0.318774 0.0223982 0.66556 -0.769897 -0.822457 -3.50974 -4.65356 -819.392 0 
1 829.868 0.330196 0.0225554 0.656268 -0.747689 -0.795286 -2.00091 -6.53389 -821.333 0 
5 830.031 0.332459 0.022494 0.653938 -0.742303 -0.807635 -1.21328 -7.01473 -821.803 0 
1 830.734 0.33803 0.0223917 0.652871 -0.781528 -0.768148 -0.548346 -9.4699 -820.715 0 
1 831.246 0.339323 0.0223524 0.651976 -0.782143 -0.772016 -0.448457 -10.0023 -820.795 0 
5 830.973 0.335777 0.0220802 0.654516 -0.804495 -0.771319 -1.9319 -9.34988 -819.691 0 
4 830.302 0.330343 0.022017 0.659366 -0.822563 -0.766434 -3.20383 -8.0123 -819.085 0 
4 827.767 0.321916 0.0221121 0.664538 -0.812703 -0.781327 -3.35682 -5.44457 -818.965 0 
2 828.188 0.323505 0.0221119 0.664172 -0.815894 -0.81838 -3.30887 -5.95541 -818.924 0 
1 826.955 0.319188 0.0222641 0.666455 -0.807118 -0.780229 -3.10157 -4.88902 -818.965 0 
3 826.911 0.312176 0.0223335 0.671083 -0.79445 -0.813857 -3.71797 -4.25486 -818.938 0 
1 825.485 0.30783 0.0225813 0.676379 -0.79469 -0.82452 -2.10353 -4.40324 -818.978 0 
4 825.935 0.306518 0.0225429 0.677494 -0.787678 -0.86915 -2.3829 -4.57533 -818.977 0 
4 824.468 0.311601 0.0225054 0.673128 -0.780794 -0.893343 -1.31441 -4.24457 -818.909 0 
1 824.723 0.312361 0.022619 0.673476 -0.784511 -0.875055 -1.57536 -4.23381 -818.914 0 
1 826.572 0.314883 0.0226532 0.669758 -0.774857 -0.791151 -2.81626 -4.53847 -819.217 0 
1 825.56 0.318464 0.0225359 0.669422 -0.804541 -0.75958 -1.82045 -4.739 -819 0 
1 826.541 0.319917 0.0226573 0.667451 -0.787901 -0.767744 -2.46709 -4.83584 -819.238 0 
3 825.405 0.319229 0.0223981 0.666111 -0.793007 -0.783228 -1.5696 -4.74401 -819.092 0 
1 825.811 0.320983 0.0225526 0.664976 -0.77976 -0.801002 -1.58382 -4.88125 -819.346 0 
7 825.339 0.320936 0.022536 0.667801 -0.806781 -0.758806 -1.18815 -5.12336 -819.028 0 
3 826.105 0.326179 0.0223902 0.664826 -0.819731 -0.788057 -0.481413 -6.649 -818.975 0 
2 824.862 0.322468 0.0224271 0.66397 -0.785085 -0.805136 -0.45587 -5.11964 -819.287 0 
3 826.454 0.321356 0.0223713 0.666967 -0.803337 -0.875976 -2.28712 -5.27534 -818.892 0 
1 823.917 0.318226 0.0223444 0.669839 -0.808777 -0.849908 -0.223657 -4.78691 -818.906 0 
1 827.325 0.32368 0.0223205 0.666834 -0.827048 -0.830948 -1.97839 -6.42626 -818.921 0 
1 825.46 0.322425 0.0224026 0.666351 -0.807799 -0.825707 -1.0219 -5.49809 -818.94 0 
5 825.481 0.321792 0.0223564 0.664919 -0.79188 -0.838543 -1.34895 -5.07649 -819.055 0 
4 825.723 0.324137 0.0224409 0.664288 -0.799224 -0.8057 -0.970426 -5.65012 -819.103 0 
2 825.952 0.318814 0.0225202 0.669623 -0.81441 -0.789044 -2.06518 -4.95027 -818.936 0 
1 824.776 0.318846 0.022392 0.671961 -0.827941 -0.863588 -0.337236 -5.39384 -819.045 0 
4 825.637 0.323278 0.0223384 0.668397 -0.819879 -0.899428 -0.573281 -6.17415 -818.889 0 
1 825.191 0.320261 0.0225007 0.669942 -0.800695 -0.939987 -1.24314 -5.09629 -818.851 0 
3 825.049 0.312239 0.022297 0.677847 -0.840477 -0.917132 -0.127532 -5.0683 -819.854 0 
3 824.279 0.310628 0.0223879 0.67528 -0.805217 -0.883342 -0.978763 -4.25094 -819.05 0 
1 824.273 0.312544 0.0223022 0.676088 -0.823982 -0.920696 -0.242293 -4.65833 -819.372 0 
2 825.004 0.318963 0.0222267 0.670957 -0.826077 -0.902343 -0.437603 -5.50584 -819.061 0 
4 824.732 0.317639 0.0222729 0.672874 -0.82397 -0.950139 -0.203173 -5.37121 -819.157 0 
4 824.77 0.321414 0.022414 0.669349 -0.807173 -0.92981 -0.479603 -5.43224 -818.858 0 
3 825.074 0.321203 0.0223154 0.670022 -0.814682 -0.952568 -0.46991 -5.69641 -818.908 0 
4 828.481 0.328769 0.0224774 0.663728 -0.789251 -0.992052 -2.70072 -6.82914 -818.951 0 
2 826.066 0.321606 0.0223896 0.670034 -0.808421 -1.01021 -1.33839 -5.84987 -818.878 0 
3 825.451 0.321189 0.0224503 0.669501 -0.792066 -1.03487 -1.36337 -5.28285 -818.805 0 
1 825.648 0.318965 0.0224901 0.670824 -0.790782 -1.02285 -1.95271 -4.87021 -818.825 0 
2 825.133 0.320257 0.0223442 0.669522 -0.797908 -1.01592 -1.0415 -5.25544 -818.836 0 
2 824.994 0.320668 0.0224571 0.669708 -0.793573 -1.00871 -1.02647 -5.14964 -818.818 0 
5 823.589 0.317776 0.0224395 0.671391 -0.782873 -1.05262 -0.194677 -4.57834 -818.816 0 
3 824.709 0.317228 0.0225656 0.671684 -0.77681 -1.042 -1.48356 -4.40538 -818.82 0 
1 824.984 0.320159 0.0224719 0.667162 -0.759189 -1.06065 -1.55494 -4.45876 -818.97 0 
3 826.29 0.315308 0.0225333 0.672044 -0.766988 -1.09121 -3.23464 -4.24033 -818.815 0 
4 826.41 0.31849 0.0225845 0.668179 -0.7488 -1.07974 -3.14618 -4.22379 -819.04 0 
1 824.324 0.311715 0.0225134 0.677604 -0.796702 -1.05681 -0.706971 -4.46521 -819.152 0 
2 823.254 0.315481 0.0224269 0.672563 -0.773077 -1.09535 -0.125551 -4.31094 -818.818 0 
3 823.737 0.310996 0.0224013 0.676644 -0.783895 -1.10223 -0.304059 -4.38182 -819.051 0 
1 826.042 0.307734 0.0224128 0.681206 -0.809786 -1.09063 -1.30648 -4.84254 -819.893 0 
2 824.585 0.314834 0.0224566 0.672254 -0.770539 -1.08261 -1.51804 -4.24573 -818.821 0 
7 824.51 0.307172 0.0225185 0.680183 -0.786658 -1.08191 -0.731147 -4.52236 -819.257 0 
3 823.764 0.311901 0.022516 0.675254 -0.783503 -1.00911 -0.638451 -4.21903 -818.907 0 
3 823.437 0.315142 0.0224659 0.67185 -0.769811 -1.04808 -0.402355 -4.20135 -818.833 0 
1 823.82 0.314096 0.0224052 0.673837 -0.783906 -1.07236 -0.539774 -4.38087 -818.9 0 
1 824.409 0.309174 0.0224315 0.679735 -0.801153 -1.08986 -0.275696 -4.63159 -819.502 0 
2 825.477 0.310511 0.022486 0.679527 -0.800792 -1.06996 -1.61555 -4.52077 -819.341 0 
2 825.101 0.304758 0.0225263 0.682883 -0.791003 -1.08991 -0.768524 -4.78318 -819.549 0 
5 824.994 0.307118 0.0224031 0.681805 -0.804332 -1.11955 -0.26947 -4.84439 -819.88 0 
1 824.952 0.318776 0.0223325 0.671948 -0.784476 -1.1335 -1.20026 -4.92498 -818.827 0 
3 823.857 0.312062 0.0223878 0.675577 -0.784356 -1.06166 -0.610024 -4.28993 -818.957 0 
9 824.104 0.3194 0.0224231 0.669935 -0.777031 -1.05197 -0.675012 -4.61492 -818.814 0 
5 824.24 0.317724 0.022522 0.667945 -0.755623 -0.986633 -0.835036 -4.27117 -819.134 0 
2 823.514 0.317218 0.0224001 0.66956 -0.769105 -1.02132 -0.359281 -4.28102 -818.873 0 
2 826.117 0.320465 0.0225186 0.66614 -0.762399 -0.981229 -2.47723 -4.51669 -819.123 0 
1 826.864 0.314134 0.0226317 0.669993 -0.744512 -1.02165 -3.51817 -4.2242 -819.122 0 
1 825.792 0.317826 0.0225445 0.667411 -0.743241 -1.05752 -2.42212 -4.1874 -819.183 0 
2 824.084 0.315227 0.0224854 0.670959 -0.75472 -1.06405 -1.02997 -4.14181 -818.912 0 
1 823.799 0.317675 0.0223835 0.668417 -0.7521 -1.0972 -0.67068 -4.19719 -818.931 0 
7 823.815 0.316533 0.0224685 0.669826 -0.748232 -1.12842 -0.779745 -4.13667 -818.899 0 
2 825.538 0.313616 0.0222235 0.671963 -0.749233 -1.21559 -2.53998 -4.19746 -818.8 0 
1 825.266 0.311486 0.0223972 0.673378 -0.734842 -1.21275 -2.12479 -4.28751 -818.854 0 
2 826.01 0.312114 0.0224425 0.670842 -0.717709 -1.20902 -2.56108 -4.36847 -819.08 0 
4 827.553 0.311123 0.0225888 0.671103 -0.708027 -1.17122 -3.3778 -4.80663 -819.368 0 
1 826.727 0.312124 0.0224261 0.670312 -0.717423 -1.1822 -3.14188 -4.43037 -819.155 0 
2 825.617 0.315378 0.0223027 0.669003 -0.723094 -1.23959 -2.51832 -4.09196 -819.007 0 
2 826.471 0.31601 0.0222978 0.66757 -0.710325 -1.26692 -3.16118 -4.09787 -819.212 0 
2 826.304 0.316369 0.0223061 0.67212 -0.751802 -1.24152 -3.25181 -4.28131 -818.77 0 
1 825.309 0.314909 0.022372 0.672479 -0.736689 -1.27722 -2.35129 -4.15897 -818.799 0 
1 824.533 0.3205 0.0222588 0.666156 -0.732642 -1.23297 -1.26211 -4.26266 -819.008 0 
2 826.581 0.319159 0.022323 0.664356 -0.707971 -1.23204 -2.93976 -4.08469 -819.557 0 
3 827.09 0.320368 0.0222554 0.66509 -0.722969 -1.27668 -3.80928 -4.20568 -819.075 0 
2 824.876 0.319783 0.022356 0.665486 -0.709278 -1.2671 -1.38787 -4.07366 -819.414 0 
2 824.967 0.306956 0.0223903 0.680075 -0.751846 -1.31447 -0.98085 -4.84942 -819.137 0 
1 824.317 0.308118 0.0225208 0.679195 -0.749099 -1.28127 -0.699508 -4.64003 -818.977 0 
1 824.722 0.318413 0.0225262 0.671864 -0.75302 -1.23307 -1.53574 -4.4238 -818.763 0 
5 824.313 0.322946 0.0222743 0.665279 -0.736863 -1.23708 -0.731204 -4.57964 -819.002 0 
6 823.673 0.319371 0.0224295 0.668068 -0.734086 -1.21135 -0.490699 -4.18217 -819 0 
1 827.21 0.321156 0.0223945 0.671087 -0.77343 -1.20521 -3.30216 -5.15839 -818.749 0 
4 828.392 0.330802 0.0223711 0.663373 -0.764905 -1.22453 -2.36171 -7.19655 -818.833 0 
2 826.024 0.327825 0.0222384 0.664218 -0.772939 -1.182 -0.685206 -6.57495 -818.764 0 
5 825.959 0.323827 0.0222008 0.668445 -0.790246 -1.18215 -0.835136 -6.34536 -818.779 0 
2 826.071 0.326023 0.0223086 0.665237 -0.765959 -1.20503 -1.32058 -5.98705 -818.763 0 
4 825.969 0.321672 0.0222693 0.67012 -0.783774 -1.23239 -1.20634 -5.94465 -818.818 0 
2 827.555 0.315576 0.0221507 0.675796 -0.787236 -1.29599 -2.84869 -5.39919 -819.307 0 
1 825.368 0.31473 0.0222262 0.675386 -0.77717 -1.27078 -1.40387 -4.88506 -819.079 0 
1 825.789 0.315314 0.0225185 0.674362 -0.748399 -1.26575 -2.75342 -4.25875 -818.777 0 
10 823.441 0.315675 0.0223174 0.672878 -0.756875 -1.26333 -0.210172 -4.43576 -818.795 0 
3 823.573 0.317101 0.0224351 0.669393 -0.736734 -1.20686 -0.545338 -4.11535 -818.912 0 
1 825.864 0.321798 0.0223534 0.663334 -0.7199 -1.19584 -2.12727 -4.2453 -819.491 0 
1 824.694 0.320491 0.0222917 0.668236 -0.757105 -1.2265 -1.16062 -4.78012 -818.753 0 
1 824.587 0.31579 0.0223003 0.675226 -0.780398 -1.26352 -0.472203 -5.04926 -819.066 0 
2 823.815 0.317202 0.0222692 0.672268 -0.76906 -1.23935 -0.24223 -4.75004 -818.822 0 
4 823.518 0.317144 0.0224565 0.672224 -0.756685 -1.22146 -0.361198 -4.38958 -818.767 0 
2 824.662 0.320596 0.0225709 0.668365 -0.740831 -1.1932 -1.34917 -4.34629 -818.967 0 
1 824.643 0.316503 0.0224797 0.669793 -0.74522 -1.15265 -1.62082 -4.12963 -818.892 0 
4 824.891 0.316592 0.0224125 0.669787 -0.757705 -1.11105 -1.84135 -4.211 -818.839 0 
1 823.354 0.317638 0.0223812 0.670646 -0.778152 -1.05925 -0.0563759 -4.48727 -818.81 0 
2 824.053 0.320222 0.0224725 0.668907 -0.784654 -0.97971 -0.4145 -4.78331 -818.855 0 
2 823.902 0.315987 0.0223965 0.671514 -0.79445 -0.950935 -0.578227 -4.4493 -818.874 0 
5 824.209 0.307737 0.0224848 0.679156 -0.803997 -0.943487 -0.582108 -4.36559 -819.261 0 
4 823.609 0.31222 0.0224518 0.674516 -0.793941 -0.937423 -0.44246 -4.2307 -818.936 0 
3 824.489 0.314902 0.022464 0.669965 -0.767731 -0.956181 -1.34296 -4.19762 -818.948 0 
1 825.08 0.315513 0.0224593 0.668667 -0.758074 -0.971973 -1.8116 -4.21214 -819.056 0 
2 826.891 0.316665 0.0223097 0.666558 -0.75223 -0.997591 -3.54667 -4.21512 -819.13 0 
1 826.229 0.315098 0.0223299 0.668246 -0.753223 -1.01088 -3.02097 -4.17812 -819.03 0 
1 826.017 0.312536 0.0222572 0.672051 -0.781305 -0.982422 -2.95252 -4.18949 -818.875 0 
1 825.492 0.311691 0.0223913 0.672016 -0.769729 -0.964004 -2.38737 -4.21409 -818.891 0 
7 826.388 0.306488 0.0223201 0.677878 -0.792508 -0.962681 -2.78237 -4.45965 -819.146 0 
1 823.808 0.313946 0.0224037 0.672313 -0.782528 -0.960933 -0.733832 -4.20787 -818.866 0 
3 823.605 0.315865 0.0224633 0.671501 -0.780505 -0.974178 -0.47217 -4.27635 -818.856 0 
3 823.611 0.31515 0.0224343 0.672573 -0.78139 -1.01082 -0.494885 -4.27217 -818.844 0 
1 823.998 0.319159 0.0223838 0.667181 -0.761239 -1.03104 -0.654834 -4.36466 -818.978 0 
3 823.57 0.31108 0.0224378 0.676232 -0.781903 -1.07062 -0.30582 -4.29176 -818.973 0 
1 824.242 0.310802 0.0225068 0.674439 -0.762839 -1.04275 -1.13614 -4.24567 -818.86 0 
1 824.795 0.307654 0.0225737 0.677902 -0.760594 -1.10309 -1.3718 -4.51632 -818.907 0 
1 824.72 0.312257 0.0226178 0.67425 -0.755637 -1.10209 -1.70576 -4.17314 -818.841 0 
5 824.549 0.31597 0.0225758 0.66939 -0.739911 -1.08071 -1.28383 -4.15077 -819.114 0 
2 825.243 0.312412 0.0226254 0.672301 -0.740327 -1.08963 -2.00037 -4.25689 -818.986 0 
1 824.219 0.318556 0.0225126 0.667351 -0.738057 -1.10583 -0.866304 -4.17409 -819.179 0 
2 823.816 0.317497 0.0224688 0.66878 -0.760257 -1.02659 -0.61941 -4.23734 -818.959 0 
3 824.901 0.317958 0.0223738 0.666788 -0.744855 -1.04946 -1.50964 -4.21391 -819.178 0 
3 824.437 0.317983 0.0224821 0.667393 -0.753812 -1.00608 -1.05709 -4.25612 -819.124 0 
10 823.97 0.316862 0.0224199 0.670133 -0.768715 -1.05846 -0.845854 -4.29184 -818.832 0 
2 824.199 0.312035 0.0225411 0.676654 -0.782765 -1.06981 -0.962924 -4.28734 -818.949 0 
1 823.52 0.315873 0.0224351 0.673252 -0.787467 -1.05233 -0.161944 -4.48856 -818.87 0 
1 823.961 0.319887 0.0224661 0.66897 -0.775887 -1.0109 -0.488634 -4.60267 -818.869 0 
2 825.225 0.315253 0.0225577 0.673671 -0.786147 -0.981707 -2.0744 -4.29417 -818.856 0 
1 827.187 0.312593 0.0225955 0.676497 -0.788323 -0.992798 -4.03805 -4.23147 -818.917 0 
3 825.81 0.310676 0.0225679 0.675926 -0.780231 -0.957769 -2.67361 -4.24238 -818.894 0 
1 823.809 0.315718 0.0224782 0.670316 -0.770833 -0.974351 -0.690354 -4.21376 -818.905 0 
2 823.626 0.312521 0.0223889 0.675035 -0.790929 -1.03231 -0.302977 -4.33853 -818.984 0 
1 824.671 0.309329 0.022426 0.677125 -0.785284 -1.05719 -1.25147 -4.35057 -819.069 0 
2 824.435 0.308239 0.0224497 0.678902 -0.796062 -1.03051 -0.733798 -4.43088 -819.27 0 
1 824.067 0.309208 0.0224084 0.678799 -0.80409 -1.00755 -0.305361 -4.42751 -819.334 0 
13 824.483 0.310167 0.0223861 0.679108 -0.826439 -0.953534 -0.0876218 -4.68897 -819.707 0 
9 823.929 0.316166 0.0225162 0.671834 -0.793035 -0.924263 -0.651214 -4.40531 -818.872 0 
12 824.937 0.322055 0.0225047 0.666629 -0.782063 -0.933059 -0.97564 -4.97753 -818.984 0 
1 825.23 0.316482 0.0225835 0.673019 -0.803289 -0.913787 -1.74684 -4.57927 -818.904 0 
3 828.061 0.315653 0.022544 0.677106 -0.845323 -0.84723 -3.23066 -5.31741 -819.513 0 
2 826.095 0.314437 0.022611 0.675839 -0.831377 -0.797377 -2.24725 -4.67294 -819.174 0 
3 830.372 0.309953 0.0227445 0.680612 -0.832893 -0.787441 -6.61011 -4.35513 -819.407 0 
1 830.209 0.317939 0.022715 0.673976 -0.829105 -0.778704 -6.15953 -5.03409 -819.015 0 
1 830.985 0.320141 0.0226269 0.672804 -0.829875 -0.813388 -6.50434 -5.48969 -818.991 0 
1 829.029 0.323639 0.0226055 0.668621 -0.814565 -0.82843 -4.24463 -5.86589 -818.919 0 
1 827.008 0.323411 0.02249 0.667665 -0.812837 -0.814591 -2.3353 -5.73358 -818.939 0 
2 826.377 0.316446 0.0224474 0.674916 -0.850558 -0.751872 -1.73892 -5.27486 -819.363 0 
4 827.67 0.30855 0.0225313 0.683157 -0.874016 -0.733239 -2.03717 -4.90875 -820.724 0 
1 826.832 0.311532 0.0224835 0.680255 -0.860696 -0.793138 -1.64674 -5.04151 -820.144 0 
2 827.739 0.300032 0.0225421 0.688696 -0.866178 -0.772984 -1.08147 -4.99964 -821.658 0 
2 827.997 0.299771 0.0225381 0.689684 -0.876403 -0.749169 -0.803781 -5.05969 -822.134 0 
4 827.533 0.307262 0.0225469 0.683321 -0.853951 -0.792399 -2.64272 -4.59356 -820.296 0 
1 827.947 0.309797 0.0226136 0.681384 -0.851858 -0.775886 -3.41534 -4.61242 -819.92 0 
1 827.979 0.310195 0.022765 0.678579 -0.827965 -0.748849 -4.45783 -4.30336 -819.218 0 
3 828.375 0.307889 0.0227942 0.678758 -0.81613 -0.745014 -4.93527 -4.31852 -819.121 0 
5 827.048 0.310189 0.0227633 0.676239 -0.80279 -0.778769 -3.78177 -4.29142 -818.975 0 
4 824.923 0.31935 0.0225135 0.66599 -0.779758 -0.790516 -0.894302 -4.72325 -819.305 0 
3 825.239 0.323288 0.0224173 0.662836 -0.786669 -0.760232 -0.452633 -5.34026 -819.446 0 
2 824.397 0.321679 0.0224538 0.666249 -0.797033 -0.815912 -0.243757 -5.11687 -819.037 0 
4 824.132 0.319999 0.0224079 0.666898 -0.796044 -0.813966 -0.279883 -4.84114 -819.011 0 
2 824.676 0.313606 0.0223638 0.674492 -0.825238 -0.857765 -0.842606 -4.62919 -819.204 0 
1 824.695 0.317335 0.0222336 0.671144 -0.820714 -0.878745 -0.677576 -4.9995 -819.018 0 
4 825.22 0.315137 0.022209 0.673066 -0.825766 -0.888756 -1.147 -4.87479 -819.198 0 
3 824.389 0.313599 0.0223049 0.672886 -0.812331 -0.843732 -1.01185 -4.37461 -819.002 0 
1 824.485 0.310072 0.0224433 0.67729 -0.822464 -0.85468 -0.793821 -4.36831 -819.323 0 
1 824.417 0.314941 0.0224838 0.674605 -0.808628 -0.926258 -0.894449 -4.52507 -818.997 0 
1 824.548 0.316589 0.0224294 0.67352 -0.821496 -0.874689 -0.632275 -4.86769 -819.048 0 
5 823.765 0.316948 0.0223902 0.670991 -0.813135 -0.820772 -0.161629 -4.66753 -818.936 0 
1 824.561 0.322254 0.0224234 0.666967 -0.807296 -0.828282 -0.198785 -5.42485 -818.937 0 
8 825.97 0.326599 0.0222618 0.662514 -0.803524 -0.837803 -0.554486 -6.36993 -819.046 0 
3 826.289 0.327294 0.0224062 0.663362 -0.804022 -0.817643 -0.692519 -6.4868 -819.109 0 
2 825.302 0.324906 0.0223768 0.66579 -0.804864 -0.896874 -0.340475 -6.06727 -818.894 0 
3 825.53 0.324093 0.0222141 0.66617 -0.813129 -0.900351 -0.52172 -6.14417 -818.865 0 
2 825.391 0.323688 0.0224225 0.661968 -0.754488 -0.931766 -0.811303 -4.91635 -819.664 0 
1 826.087 0.327461 0.0223755 0.659397 -0.764453 -0.881696 -0.499842 -5.75595 -819.832 0 
3 827.613 0.320502 0.0222476 0.66302 -0.761136 -0.902711 -3.60346 -4.60367 -819.406 0 
2 827.184 0.327277 0.0222216 0.659252 -0.772996 -0.88154 -1.78056 -5.84516 -819.558 0 
1 825.857 0.326371 0.0223043 0.660177 -0.765205 -0.902287 -0.71115 -5.50672 -819.639 0 
1 825.438 0.324239 0.0223571 0.661956 -0.76217 -0.934382 -0.918038 -5.05627 -819.463 0 
7 824.45 0.318537 0.022473 0.667195 -0.766355 -0.943635 -0.98331 -4.38093 -819.085 0 
2 823.989 0.315873 0.0225497 0.670764 -0.772122 -0.957726 -0.836957 -4.23221 -818.92 0 
6 824.395 0.314525 0.0225661 0.670956 -0.763544 -0.973889 -1.25095 -4.18826 -818.956 0 
3 826.153 0.316676 0.0226959 0.670615 -0.765618 -0.973801 -2.93664 -4.23975 -818.976 0 
3 826.365 0.31629 0.0226192 0.672697 -0.773826 -1.01192 -3.26235 -4.2535 -818.849 0 
4 825.484 0.309591 0.0224923 0.675682 -0.762719 -1.04894 -2.26758 -4.34834 -818.868 0 
1 825.781 0.313028 0.0224049 0.67088 -0.743891 -1.11875 -2.72189 -4.15418 -818.905 0 
1 824.558 0.314045 0.0224019 0.671272 -0.749373 -1.14268 -1.58978 -4.12725 -818.841 0 
7 824.361 0.313153 0.0224045 0.671747 -0.744612 -1.15105 -1.3545 -4.14732 -818.859 0 
2 825.288 0.314461 0.0224169 0.669577 -0.727891 -1.15752 -2.02072 -4.17591 -819.091 0 
3 825.361 0.308473 0.0224846 0.67539 -0.7477 -1.11579 -1.9695 -4.52604 -818.866 0 
1 824.655 0.311701 0.0224893 0.674384 -0.77433 -1.03963 -1.58735 -4.19816 -818.87 0 
4 823.717 0.310462 0.0224541 0.676215 -0.775616 -1.07325 -0.521506 -4.26793 -818.928 0 
3 824.192 0.315122 0.0222995 0.671971 -0.768484 -1.11233 -1.12899 -4.25101 -818.812 0 
4 823.572 0.31705 0.0223177 0.67109 -0.780411 -1.07765 -0.235756 -4.51873 -818.818 0 
3 824.449 0.319523 0.0224349 0.671315 -0.788047 -1.08879 -0.603907 -5.03065 -818.814 0 
1 825.357 0.311211 0.0224027 0.678081 -0.807196 -1.07137 -1.14932 -4.74816 -819.459 0 
6 824.501 0.310503 0.0223515 0.677435 -0.796925 -1.08 -0.690436 -4.53248 -819.278 0 
4 824.289 0.310463 0.0224968 0.67751 -0.779656 -1.12453 -0.848567 -4.3934 -819.047 0 
2 824.088 0.309605 0.0224729 0.676615 -0.767471 -1.11786 -0.838957 -4.32894 -818.92 0 
6 823.993 0.318739 0.0225081 0.668687 -0.752856 -1.07406 -0.739103 -4.25863 -818.995 0 
1 824.221 0.322881 0.0223521 0.664881 -0.762433 -1.04755 -0.345427 -4.84257 -819.033 0 
4 824.11 0.324313 0.0223776 0.663854 -0.751271 -1.08662 -0.0306867 -4.88373 -819.196 0 
7 824.854 0.326888 0.0224423 0.662054 -0.739423 -1.12244 -0.211489 -5.13166 -819.511 0 
4 825.281 0.323432 0.0225583 0.665014 -0.737055 -1.11628 -1.32071 -4.55859 -819.401 0 
14 826.759 0.329949 0.0224967 0.657139 -0.707255 -1.1386 -0.493701 -5.28194 -820.984 0 
1 826.026 0.327541 0.0224374 0.659794 -0.719895 -1.16681 -1.04291 -4.963 -820.02 0 
1 826.706 0.330873 0.0224713 0.656599 -0.70237 -1.17525 -0.27617 -5.34753 -821.082 0 
8 827.035 0.332984 0.0224428 0.655928 -0.707652 -1.19828 -0.313156 -5.84668 -820.875 0 
1 826.713 0.329443 0.0225399 0.660433 -0.723678 -1.17316 -1.37709 -5.34495 -819.991 0 
1 826.069 0.322736 0.0226367 0.666231 -0.72793 -1.18916 -2.34607 -4.38259 -819.341 0 
7 826.096 0.319236 0.0226786 0.66676 -0.725254 -1.10539 -2.32391 -4.22404 -819.548 0 
1 829.379 0.32001 0.0228145 0.66668 -0.718085 -1.12743 -5.40919 -4.23714 -819.733 0 
1 826.929 0.323147 0.0226459 0.664304 -0.718847 -1.1349 -2.61875 -4.42273 -819.888 0 
3 826.553 0.319975 0.0225383 0.669151 -0.756321 -1.08554 -3.22198 -4.37871 -818.953 0 
5 824.498 0.318759 0.0225906 0.668519 -0.739595 -1.12184 -1.21033 -4.17971 -819.108 0 
1 823.979 0.311838 0.0224309 0.675774 -0.777984 -1.08088 -0.80513 -4.25728 -818.917 0 
2 824.183 0.311418 0.0223658 0.674977 -0.776262 -1.06374 -1.05129 -4.23241 -818.899 0 
5 823.834 0.313461 0.0224421 0.675397 -0.78951 -1.05172 -0.507374 -4.36905 -818.958 0 
1 824.73 0.314053 0.0224717 0.674371 -0.778665 -1.05479 -1.63291 -4.24392 -818.854 0 
1 824.036 0.311813 0.0224814 0.676636 -0.78478 -1.0674 -0.755832 -4.30227 -818.978 0 
2 824.536 0.314573 0.0226056 0.673342 -0.766799 -1.05388 -1.53156 -4.16704 -818.837 0 
1 825.89 0.313853 0.0226634 0.673892 -0.771524 -0.991275 -2.84701 -4.17554 -818.867 0 
3 823.932 0.312626 0.0225549 0.674388 -0.77372 -1.03165 -0.898282 -4.17965 -818.854 0 
3 824.03 0.311071 0.0225206 0.675729 -0.78445 -1.00147 -0.874696 -4.2261 -818.929 0 
1 826.437 0.31303 0.022527 0.678198 -0.822461 -0.944554 -2.37954 -4.69053 -819.367 0 
1 825.187 0.313114 0.0225015 0.676285 -0.808916 -0.984452 -1.44093 -4.58151 -819.164 0 
4 824.428 0.310574 0.0223936 0.67735 -0.80659 -0.999727 -0.670408 -4.46873 -819.289 0 
2 824.014 0.312775 0.022422 0.674164 -0.795277 -0.960764 -0.778616 -4.28518 -818.95 0 
1 824.625 0.30786 0.0224279 0.677688 -0.777812 -1.04632 -1.20631 -4.41156 -819.007 0 
6 823.458 0.313855 0.0224247 0.674426 -0.793045 -1.00705 -0.161731 -4.35867 -818.938 0 
6 823.78 0.312258 0.0224413 0.674814 -0.78534 -1.0267 -0.594981 -4.25937 -818.926 0 
2 823.706 0.314021 0.0224648 0.671944 -0.772393 -0.98759 -0.664746 -4.17313 -818.868 0 
2 824.04 0.313869 0.022498 0.672113 -0.768304 -0.991612 -0.985803 -4.17159 -818.883 0 
1 824.047 0.31296 0.0224951 0.672803 -0.766163 -1.01169 -1.00747 -4.17058 -818.869 0 
1 826.582 0.31331 0.0226985 0.672084 -0.747519 -1.05115 -3.41078 -4.18826 -818.983 0 
2 825.522 0.309394 0.0226731 0.676246 -0.751002 -1.09539 -2.24633 -4.41179 -818.864 0 
6 827.023 0.304668 0.0227033 0.683662 -0.788349 -1.0702 -2.84213 -4.75907 -819.422 0 
1 826.02 0.307136 0.0226359 0.682107 -0.798176 -1.06084 -1.97833 -4.56424 -819.477 0 
1 831.081 0.299709 0.0226973 0.690459 -0.827085 -1.04833 -4.14387 -5.56325 -821.374 0 
2 829.664 0.297907 0.0226543 0.691262 -0.829039 -1.01256 -2.42554 -5.73828 -821.5 0 
4 825.283 0.309403 0.0223665 0.681008 -0.825959 -1.0476 -0.110878 -5.03619 -820.135 0 
2 824.051 0.312007 0.0224665 0.677374 -0.803601 -1.02945 -0.316482 -4.5212 -819.213 0 
2 824.255 0.31504 0.0225744 0.672356 -0.767597 -1.04655 -1.23238 -4.18157 -818.841 0 
2 823.732 0.316516 0.022321 0.671994 -0.796552 -0.993461 -0.250894 -4.59068 -818.89 0 
2 824.299 0.320274 0.0223174 0.666647 -0.77022 -1.01847 -0.791132 -4.59086 -818.917 0 
2 823.418 0.315765 0.0224007 0.671367 -0.783354 -0.983395 -0.260083 -4.30943 -818.848 0 
7 824.317 0.316129 0.0223431 0.672788 -0.799593 -0.980256 -0.833193 -4.568 -818.916 0 
7 824.616 0.321882 0.0223342 0.664044 -0.745602 -1.06384 -0.841573 -4.4857 -819.289 0 
4 824.127 0.314519 0.0223221 0.671621 -0.773663 -1.03645 -1.08909 -4.20208 -818.836 0 
1 824.426 0.316696 0.0223008 0.67233 -0.782029 -1.10335 -1.03495 -4.54996 -818.841 0 
4 827.712 0.30186 0.0224411 0.68261 -0.771555 -1.14686 -2.93652 -5.35021 -819.425 0 
6 824.864 0.306452 0.0224885 0.679038 -0.756145 -1.17962 -1.16646 -4.71879 -818.979 0 
1 824.535 0.310655 0.022364 0.676005 -0.751743 -1.23854 -1.3061 -4.35994 -818.869 0 
2 824.432 0.307559 0.0224251 0.681038 -0.774485 -1.2485 -0.219892 -4.79753 -819.415 0 
1 824.064 0.309036 0.0224963 0.678615 -0.755071 -1.27162 -0.500231 -4.56287 -819.001 0 
2 826.259 0.314124 0.0225889 0.674992 -0.728577 -1.34816 -3.24944 -4.21784 -818.791 0 
1 826.785 0.312081 0.022438 0.679622 -0.764044 -1.38699 -2.57321 -4.95246 -819.259 0 
9 824.14 0.310434 0.022419 0.679102 -0.765505 -1.3127 -0.212143 -4.73124 -819.197 0 
4 825.26 0.311775 0.0223312 0.677865 -0.766361 -1.30705 -1.46289 -4.67647 -819.121 0 
3 824.682 0.30846 0.0223245 0.679221 -0.758543 -1.32101 -0.721734 -4.7662 -819.195 0 
7 825.685 0.306749 0.0223038 0.679412 -0.752954 -1.30766 -1.66703 -4.86509 -819.153 0 
11 823.294 0.317578 0.0223901 0.671434 -0.740362 -1.32023 -0.182035 -4.35726 -818.755 0 
6 823.872 0.311368 0.0223358 0.677035 -0.763016 -1.29663 -0.19092 -4.62126 -819.06 0 
3 823.606 0.316205 0.022485 0.670517 -0.721689 -1.30811 -0.606118 -4.08896 -818.91 0 
2 823.623 0.317637 0.0224323 0.669619 -0.73653 -1.24919 -0.593318 -4.17677 -818.853 0 
3 823.277 0.315902 0.022408 0.67118 -0.741246 -1.24184 -0.305499 -4.16623 -818.806 0 
4 823.792 0.318748 0.0222715 0.669824 -0.748302 -1.27424 -0.569136 -4.47052 -818.752 0 
7 824.653 0.327298 0.0222962 0.661905 -0.734025 -1.23642 -0.161214 -5.24213 -819.249 0 
1 826.878 0.332291 0.0222534 0.657406 -0.731302 -1.20821 -0.82803 -6.29299 -819.757 0 
3 827.544 0.331676 0.0223752 0.661531 -0.749317 -1.23984 -1.6404 -6.81104 -819.092 0 
1 827.413 0.330058 0.0223213 0.66133 -0.734192 -1.25093 -2.27869 -5.79387 -819.34 0 
1 826.287 0.331684 0.0223344 0.657771 -0.717914 -1.21681 -0.392785 -5.72236 -820.171 0 
1 825.101 0.324906 0.0222472 0.662728 -0.728662 -1.22528 -1.12195 -4.67485 -819.304 0 
10 823.923 0.319419 0.022257 0.669744 -0.772625 -1.1598 -0.350886 -4.80387 -818.769 0 
2 824.171 0.323597 0.0223521 0.665962 -0.759293 -1.15765 -0.233617 -5.07798 -818.859 0 
3 825.248 0.314035 0.0222743 0.677189 -0.816422 -1.11091 -0.237804 -5.37507 -819.635 0 
2 825.809 0.31041 0.0222323 0.676998 -0.795893 -1.11334 -1.83248 -4.62739 -819.349 0 
2 826.818 0.306639 0.0222356 0.680893 -0.804313 -1.13075 -1.92557 -4.92015 -819.972 0 
3 825.332 0.309113 0.0223168 0.676135 -0.758995 -1.19106 -1.97095 -4.43014 -818.931 0 
1 825.337 0.309533 0.0223195 0.67944 -0.793339 -1.20015 -0.796339 -4.91528 -819.625 0 
2 825.142 0.311322 0.0223842 0.679671 -0.795019 -1.20797 -0.635899 -4.94982 -819.557 0 
2 825.877 0.309791 0.0223621 0.681124 -0.802383 -1.18516 -1.04692 -4.99443 -819.835 0 
3 827.02 0.31346 0.0224194 0.678851 -0.796046 -1.20998 -2.5336 -5.06001 -819.427 0 
2 824.988 0.315962 0.0224403 0.675012 -0.776209 -1.20686 -1.412 -4.6761 -818.9 0 
4 824.85 0.305944 0.0224319 0.680132 -0.767175 -1.18079 -0.924124 -4.75643 -819.17 0 
2 824.799 0.305877 0.0224257 0.680619 -0.770313 -1.18316 -0.78521 -4.77219 -819.242 0 
1 825.201 0.308703 0.0223337 0.676468 -0.755176 -1.20329 -1.80552 -4.47497 -818.921 0 
1 825.653 0.319255 0.0221859 0.66719 -0.745234 -1.19399 -2.49004 -4.29047 -818.872 0 
3 824.386 0.320433 0.0223673 0.665123 -0.726359 -1.173 -0.868724 -4.19399 -819.323 0 
5 825.095 0.314167 0.0225452 0.669918 -0.716879 -1.19077 -1.63466 -4.2434 -819.217 0 
2 827.679 0.320125 0.0225508 0.667345 -0.718299 -1.21108 -4.14773 -4.14462 -819.387 0 
1 826.233 0.311195 0.022577 0.675619 -0.75127 -1.13168 -3.13066 -4.26302 -818.84 0 
4 826.564 0.30852 0.0225473 0.680568 -0.777648 -1.15438 -2.89546 -4.49977 -819.169 0 
3 825.687 0.307817 0.0225247 0.67946 -0.769003 -1.13239 -2.17147 -4.49737 -819.018 0 
1 825.914 0.312275 0.022711 0.674898 -0.75496 -1.08573 -2.87411 -4.18504 -818.855 0 
1 825.346 0.316063 0.0226519 0.670423 -0.742545 -1.1024 -2.2113 -4.1182 -819.017 0 
1 829.635 0.317548 0.0225109 0.666041 -0.7276 -1.10712 -6.11082 -4.14201 -819.382 0 
1 826.098 0.31085 0.0226301 0.672821 -0.733282 -1.10682 -2.63432 -4.4467 -819.017 0 
1 824.973 0.315503 0.0225676 0.668947 -0.723117 -1.14288 -1.50924 -4.18705 -819.276 0 
2 825.263 0.314579 0.0224921 0.669382 -0.728187 -1.14831 -1.99572 -4.15436 -819.113 0 
4 824.682 0.319126 0.0223773 0.665734 -0.722464 -1.18116 -1.22892 -4.12191 -819.332 0 
2 825.797 0.32714 0.0223947 0.659754 -0.723808 -1.14079 -0.868533 -4.95581 -819.973 0 
2 826.2 0.325123 0.0225237 0.66016 -0.707167 -1.13001 -1.01165 -4.61988 -820.568 0 
2 824.011 0.314018 0.0224481 0.671215 -0.732211 -1.20872 -0.976933 -4.12629 -818.908 0 
3 823.657 0.313922 0.0225244 0.673655 -0.748001 -1.19945 -0.688131 -4.16346 -818.805 0 
1 824.843 0.316261 0.0225726 0.668559 -0.71979 -1.16942 -1.39405 -4.14422 -819.305 0 
4 824.801 0.318817 0.0225623 0.66651 -0.715019 -1.18556 -1.16559 -4.12654 -819.509 0 
1 825.541 0.328612 0.02241 0.661335 -0.723847 -1.2779 -0.76786 -5.3277 -819.446 0 
2 825.091 0.321126 0.0225792 0.668106 -0.72571 -1.26775 -1.76933 -4.25021 -819.071 0 
2 824.352 0.313803 0.0225813 0.67243 -0.724287 -1.26689 -1.2998 -4.14684 -818.905 0 
1 825.136 0.315176 0.0225266 0.66892 -0.697588 -1.30082 -1.53786 -4.20947 -819.389 0 
3 825.058 0.312767 0.0224541 0.671225 -0.707081 -1.31249 -1.7028 -4.30525 -819.05 0 
6 825.063 0.319571 0.0223249 0.666144 -0.712597 -1.28158 -1.72967 -4.07035 -819.263 0 
3 824.331 0.319107 0.0225006 0.666379 -0.713524 -1.2231 -0.819631 -4.08827 -819.423 0 
3 824.01 0.316965 0.0224765 0.67041 -0.740823 -1.22814 -1.00241 -4.17528 -818.832 0 
5 823.97 0.312246 0.022512 0.674722 -0.758918 -1.15607 -0.920862 -4.21839 -818.83 0 
3 826.163 0.314536 0.0225003 0.669312 -0.739264 -1.08397 -2.94022 -4.1526 -819.071 0 
8 828.523 0.31322 0.022788 0.670533 -0.723396 -1.07211 -4.63208 -4.48509 -819.406 0 
5 830.076 0.316594 0.0228278 0.67036 -0.736298 -1.10087 -6.79494 -4.12812 -819.153 0 
9 828.975 0.31609 0.0227882 0.672598 -0.755075 -1.09831 -5.95031 -4.15476 -818.87 0 
3 826.84 0.31452 0.0227468 0.673644 -0.751085 -1.11445 -3.85164 -4.12442 -818.864 0 
2 826.966 0.311989 0.0227509 0.676255 -0.757953 -1.12554 -3.93971 -4.19517 -818.831 0 
2 826.276 0.316531 0.0226775 0.671126 -0.755972 -1.07302 -3.20219 -4.16809 -818.906 0 
8 826.677 0.319786 0.0226259 0.66724 -0.744829 -1.07829 -3.22367 -4.28716 -819.166 0 
6 826.267 0.321335 0.0226509 0.666286 -0.742731 -1.06935 -2.54422 -4.4086 -819.314 0 
1 826.083 0.318963 0.0224975 0.666581 -0.746842 -1.05616 -2.67484 -4.25111 -819.157 0 
1 826.283 0.316212 0.0226829 0.670412 -0.751089 -1.04982 -3.12521 -4.15137 -819.006 0 
2 826.235 0.305654 0.0226431 0.67889 -0.756948 -1.08488 -2.48504 -4.83084 -818.919 0 
1 826.448 0.305775 0.0226394 0.679027 -0.757395 -1.06749 -2.67489 -4.86249 -818.911 0 
1 826.835 0.309688 0.0226725 0.676486 -0.752934 -1.07887 -3.55834 -4.40985 -818.867 0 
1 826.887 0.307755 0.022733 0.677094 -0.740236 -1.11865 -3.24997 -4.74518 -818.892 0 
4 825.72 0.313373 0.0226427 0.671344 -0.732431 -1.12242 -2.43964 -4.21836 -819.062 0 
5 825.03 0.309389 0.0225781 0.677746 -0.757922 -1.15415 -1.77075 -4.37841 -818.881 0 
3 825.398 0.316785 0.0224904 0.671254 -0.74539 -1.17451 -2.39797 -4.13925 -818.861 0 
1 823.546 0.31555 0.0224161 0.670741 -0.741862 -1.19775 -0.580232 -4.11941 -818.847 0 
1 824.276 0.319373 0.0225685 0.668562 -0.729141 -1.21979 -1.05902 -4.14683 -819.07 0 
2 824.182 0.322433 0.0224597 0.664242 -0.724204 -1.17707 -0.377158 -4.32984 -819.475 0 
3 825.297 0.326745 0.022489 0.66283 -0.728826 -1.19768 -0.845866 -4.94186 -819.51 0 
5 826.747 0.332173 0.022423 0.658964 -0.730895 -1.19766 -0.758864 -6.17574 -819.813 0 
5 825.114 0.321932 0.0223933 0.666319 -0.748104 -1.11931 -1.54624 -4.50108 -819.067 0 
1 824.534 0.319639 0.022365 0.669627 -0.783329 -1.02285 -1.00163 -4.71363 -818.818 0 
1 823.719 0.320109 0.0224288 0.668543 -0.782279 -0.978756 -0.136509 -4.71293 -818.869 0 
3 824.527 0.315676 0.0224546 0.674913 -0.809849 -0.988842 -0.66118 -4.79606 -819.069 0 
1 824.237 0.321486 0.0225169 0.667012 -0.757802 -1.05857 -0.633394 -4.56728 -819.037 0 
2 825.597 0.32044 0.0224906 0.66517 -0.735267 -1.04575 -1.66441 -4.37074 -819.562 0 
3 826.907 0.320407 0.0223828 0.668682 -0.770482 -1.04618 -3.45336 -4.58317 -818.871 0 
3 826.968 0.320594 0.0222956 0.667852 -0.775842 -1.01256 -3.42608 -4.66431 -818.877 0 
1 827.354 0.303376 0.0225434 0.683746 -0.80058 -0.98495 -2.96088 -4.82134 -819.571 0 
1 826.206 0.30906 0.0225819 0.678372 -0.781968 -1.01203 -2.91699 -4.31579 -818.973 0 
1 826.203 0.311393 0.0226923 0.672988 -0.743367 -1.04355 -2.81031 -4.38042 -819.012 0 
7 825.452 0.31391 0.0226021 0.673029 -0.755784 -1.06276 -2.41122 -4.15472 -818.886 0 
4 824.688 0.30859 0.0226004 0.678602 -0.775867 -1.06588 -1.33763 -4.36752 -818.982 0 
2 825.232 0.313706 0.0225156 0.674803 -0.775712 -1.06216 -2.16796 -4.21613 -818.848 0 
3 825.368 0.319553 0.0225051 0.669332 -0.762924 -1.06126 -2.05337 -4.40782 -818.907 0 
3 824.515 0.309204 0.0225694 0.676441 -0.770416 -1.0193 -1.29863 -4.32697 -818.89 0 
4 823.753 0.312777 0.0225177 0.674297 -0.783138 -0.977029 -0.678949 -4.19659 -818.877 0 
2 824.566 0.321374 0.0224001 0.664394 -0.753596 -0.981818 -0.661312 -4.55028 -819.354 0 
1 825.124 0.321615 0.0225253 0.665198 -0.749838 -0.991327 -1.14285 -4.55123 -819.429 0 
1 826.016 0.317303 0.022394 0.667277 -0.753983 -0.970856 -2.5202 -4.2999 -819.196 0 
4 825.52 0.324973 0.0225377 0.662834 -0.761286 -0.930605 -0.804909 -5.16895 -819.546 0 
3 824.78 0.323887 0.0224279 0.663523 -0.768513 -0.913029 -0.349683 -5.06861 -819.362 0 
4 824.961 0.323203 0.0222197 0.666162 -0.793042 -0.983207 -0.620796 -5.5053 -818.835 0 
3 826.437 0.319877 0.0224078 0.671139 -0.800818 -0.981265 -2.53178 -5.05474 -818.85 0 
3 824.767 0.317455 0.0222766 0.670137 -0.796185 -0.930764 -1.34057 -4.56055 -818.866 0 
4 824.051 0.315563 0.0223252 0.673443 -0.810244 -0.947558 -0.358343 -4.67187 -819.021 0 
1 826.22 0.314617 0.0222678 0.675897 -0.839186 -0.882656 -1.60609 -5.09467 -819.519 0 
3 824.985 0.318644 0.0223678 0.671941 -0.828715 -0.844754 -0.64434 -5.29855 -819.042 0 
1 824.102 0.317081 0.0223311 0.671791 -0.819889 -0.851455 -0.25478 -4.85395 -818.993 0 
2 825.722 0.319873 0.0225291 0.669991 -0.80486 -0.896481 -1.79202 -5.05521 -818.874 0 
1 825.595 0.311269 0.0223383 0.67895 -0.835505 -0.969551 -0.533644 -5.08821 -819.973 0 
1 826.127 0.311479 0.022313 0.677337 -0.819975 -1.00519 -1.70551 -4.83602 -819.586 0 
2 824.325 0.310596 0.0224253 0.677653 -0.805715 -1.008 -0.561777 -4.47474 -819.288 0 
4 824.013 0.30939 0.0224537 0.677194 -0.789092 -1.01422 -0.651386 -4.30801 -819.054 0 
1 824.963 0.311644 0.0226085 0.676575 -0.783619 -1.04139 -1.76197 -4.26084 -818.94 0 
3 826.096 0.307799 0.0226884 0.679719 -0.78331 -1.03107 -2.63681 -4.39817 -819.061 0 
1 827.692 0.298521 0.0225963 0.686863 -0.793638 -1.01938 -2.02861 -5.78667 -819.877 0 
1 828.67 0.301137 0.0226967 0.682585 -0.771082 -1.01103 -4.01067 -5.53297 -819.126 0 
5 826.867 0.306777 0.0227348 0.679308 -0.767174 -1.05068 -3.35623 -4.57304 -818.938 0 
7 824.377 0.315611 0.0226053 0.671567 -0.755608 -1.07212 -1.33843 -4.14198 -818.896 0 
1 824.449 0.317375 0.0225369 0.669776 -0.760075 -1.06137 -1.31728 -4.23454 -818.897 0 
5 824.282 0.316387 0.0225578 0.669337 -0.750856 -1.029 -1.0357 -4.18245 -819.063 0 
2 824.397 0.314059 0.0225043 0.670856 -0.757065 -1.02061 -1.29939 -4.1597 -818.938 0 
2 825.1 0.313199 0.022463 0.677794 -0.819966 -1.0049 -0.733246 -4.90725 -819.459 0 
1 825.09 0.317276 0.0223953 0.673808 -0.82251 -0.959117 -0.601252 -5.32437 -819.165 0 
6 825.631 0.315733 0.0224754 0.675796 -0.819215 -0.994724 -1.2492 -5.12734 -819.254 0 
5 826.539 0.314784 0.0224162 0.677914 -0.833041 -1.00484 -1.33013 -5.49308 -819.716 0 
2 828.042 0.306119 0.0224899 0.684967 -0.84392 -0.993908 -1.78201 -5.23177 -821.028 0 
1 826.855 0.312915 0.022582 0.678793 -0.826136 -0.951323 -2.54001 -4.8287 -819.486 0 
1 826.625 0.315001 0.0226093 0.676091 -0.809808 -0.955372 -2.95937 -4.61914 -819.046 0 
2 827.993 0.307168 0.022702 0.681896 -0.812002 -0.902865 -4.23935 -4.38216 -819.371 0 
3 825.972 0.308187 0.0226131 0.679968 -0.811194 -0.882223 -2.40523 -4.31766 -819.249 0 
1 826.736 0.306904 0.0227014 0.680867 -0.812348 -0.878327 -3.0325 -4.36998 -819.334 0 
1 826.276 0.310415 0.0225634 0.679177 -0.832893 -0.866218 -2.10566 -4.57814 -819.592 0 
1 825.675 0.305409 0.022575 0.683006 -0.829329 -0.882786 -1.1872 -4.5492 -819.939 0 
2 824.086 0.314508 0.0223581 0.67487 -0.819522 -0.939438 -0.0852645 -4.79313 -819.208 0 
7 825.704 0.31937 0.022235 0.671982 -0.83825 -0.897029 -0.447158 -6.00965 -819.247 0 
2 825.211 0.318806 0.0222217 0.671106 -0.829332 -0.892501 -0.543276 -5.56416 -819.103 0 
1 825.769 0.321968 0.0223437 0.668512 -0.815448 -0.856578 -1.30632 -5.56871 -818.894 0 
2 825.904 0.323798 0.0222129 0.664658 -0.809267 -0.844345 -1.12261 -5.85656 -818.924 0 
2 826.365 0.323459 0.0221529 0.66625 -0.824561 -0.849683 -1.17865 -6.27609 -818.91 0 
2 825.829 0.316097 0.0221827 0.672246 -0.832845 -0.852374 -1.51621 -5.0946 -819.219 0 
2 824.787 0.312428 0.0223322 0.675641 -0.832389 -0.843322 -0.763241 -4.63806 -819.385 0 
1 825.147 0.314509 0.0225041 0.670762 -0.781834 -0.894841 -1.99503 -4.23451 -818.918 0 
5 825.116 0.309558 0.0226284 0.675558 -0.778213 -0.914536 -1.87521 -4.33394 -818.907 0 
1 829.986 0.314345 0.0227956 0.669892 -0.741563 -0.918551 -5.74975 -4.69285 -819.544 0 
4 827.328 0.316551 0.0226377 0.667065 -0.736658 -0.947544 -3.04948 -4.57528 -819.703 0 
6 825.84 0.31541 0.0224792 0.667893 -0.756604 -0.927701 -2.33677 -4.30769 -819.195 0 
1 826.301 0.321787 0.0224558 0.662992 -0.753016 -0.930996 -2.03521 -4.67383 -819.592 0 
5 824.858 0.31743 0.0226044 0.668602 -0.765544 -0.921802 -1.4014 -4.33787 -819.118 0 
4 824.064 0.318154 0.0224876 0.667899 -0.772668 -0.910698 -0.604762 -4.40496 -819.054 0 
1 824.039 0.320619 0.0224274 0.66629 -0.779549 -0.893374 -0.254129 -4.71742 -819.067 0 
3 825.237 0.32455 0.0224964 0.662888 -0.760196 -0.924844 -0.573062 -5.08823 -819.576 0 
1 825.51 0.324939 0.0223669 0.663673 -0.785615 -0.917229 -0.852036 -5.60176 -819.056 0 
3 826.598 0.310885 0.0224485 0.674918 -0.797413 -0.930191 -3.35273 -4.24605 -818.999 0 
2 829.89 0.311243 0.0224137 0.673771 -0.788477 -0.969956 -6.72657 -4.2273 -818.936 0 
2 830.279 0.313506 0.0223433 0.671124 -0.785935 -0.954081 -7.17438 -4.22857 -818.876 0 
2 830.569 0.319562 0.0221971 0.666735 -0.784616 -1.00639 -6.92615 -4.81587 -818.827 0 
5 826.827 0.314293 0.0221435 0.672899 -0.807662 -0.999093 -3.02126 -4.69355 -819.112 0 
1 828.435 0.316795 0.0220645 0.675056 -0.840087 -1.04274 -2.14497 -6.3783 -819.912 0 
1 825.113 0.318387 0.0222069 0.671638 -0.812817 -1.01811 -0.651676 -5.41454 -819.047 0 
6 826.579 0.322703 0.0221709 0.668525 -0.813083 -1.03339 -1.261 -6.40676 -818.911 0 
3 828.054 0.329993 0.0221886 0.663294 -0.800914 -1.06023 -1.28057 -7.99852 -818.775 0 
1 827.74 0.325977 0.0222518 0.665831 -0.805751 -1.0248 -2.02249 -6.9201 -818.797 0 
1 825.902 0.32528 0.0223685 0.665296 -0.784092 -1.03652 -1.17631 -5.87901 -818.846 0 
5 826.003 0.327598 0.0223555 0.663135 -0.783749 -0.997215 -0.708097 -6.31657 -818.978 0 
8 825.34 0.324524 0.0222231 0.665061 -0.798159 -0.953745 -0.571099 -5.91401 -818.855 0 
1 823.929 0.319244 0.0223043 0.669043 -0.790567 -0.973108 -0.343791 -4.74637 -818.839 0 
1 823.872 0.316665 0.0223278 0.672583 -0.8089 -0.966556 -0.0432546 -4.84098 -818.988 0 
1 827.027 0.323568 0.0221198 0.667679 -0.825578 -0.948393 -1.33979 -6.73686 -818.951 0 
1 825.43 0.317091 0.0221837 0.670188 -0.808878 -0.899231 -1.78231 -4.7232 -818.924 0 
1 826.47 0.316793 0.0221255 0.670533 -0.812136 -0.910344 -2.72511 -4.77806 -818.966 0 
2 825.727 0.31565 0.022312 0.669139 -0.783306 -0.873846 -2.46895 -4.30982 -818.948 0 
2 825.004 0.317416 0.0223055 0.668401 -0.786528 -0.883703 -1.63997 -4.4302 -818.934 0 
4 824.614 0.313649 0.022325 0.672084 -0.807167 -0.836959 -1.33205 -4.32696 -818.955 0 
4 825.026 0.318201 0.022344 0.669381 -0.820846 -0.781936 -1.1001 -4.96885 -818.957 0 
1 825.509 0.315039 0.0224344 0.674444 -0.853032 -0.709881 -1.01452 -5.0901 -819.404 0 
1 824.076 0.316045 0.0224886 0.670975 -0.814415 -0.751681 -0.547566 -4.56562 -818.963 0 
3 825.12 0.321307 0.0224059 0.665708 -0.805984 -0.752093 -0.854467 -5.20838 -819.057 0 
1 824.778 0.319993 0.0224102 0.666963 -0.805269 -0.775344 -0.809699 -4.97383 -818.995 0 
3 825.032 0.322676 0.0224413 0.667369 -0.814698 -0.81163 -0.434379 -5.66861 -818.929 0 
3 825.515 0.317748 0.0224468 0.673154 -0.834353 -0.807713 -1.20947 -5.19877 -819.107 0 
5 825.875 0.324838 0.0223988 0.665473 -0.818308 -0.792959 -0.638666 -6.27914 -818.957 0 
1 826.601 0.326552 0.0224754 0.664693 -0.803772 -0.849259 -1.2456 -6.33816 -819.017 0 
2 825.767 0.322754 0.0225557 0.665988 -0.787998 -0.830929 -1.44386 -5.15685 -819.166 0 
1 826.602 0.321783 0.0226061 0.665216 -0.770401 -0.833728 -2.19776 -4.90725 -819.497 0 
1 826.332 0.318375 0.0225576 0.670084 -0.792738 -0.84895 -2.80306 -4.57695 -818.952 0 
1 826.579 0.310193 0.0226717 0.67922 -0.815827 -0.876499 -3.03786 -4.31373 -819.227 0 
1 826.169 0.309016 0.0225922 0.679706 -0.816917 -0.927316 -2.29718 -4.43178 -819.441 0 
5 827.002 0.304868 0.0225054 0.678026 -0.770772 -0.983534 -3.19236 -4.84672 -818.963 0 
6 826.625 0.303646 0.02262 0.681135 -0.777242 -1.0199 -2.5684 -4.92871 -819.128 0 
4 824.115 0.311805 0.0225473 0.675442 -0.78378 -1.00647 -0.986761 -4.21945 -818.909 0 
2 825.658 0.306259 0.0225039 0.680536 -0.794938 -1.03875 -1.70857 -4.56126 -819.388 0 
2 825.12 0.310905 0.0225911 0.678185 -0.789845 -1.07116 -1.634 -4.38889 -819.097 0 
1 827.677 0.313803 0.0227091 0.67688 -0.784906 -1.07245 -4.3999 -4.35864 -818.918 0 
1 825.212 0.31105 0.0226139 0.677361 -0.781292 -1.07655 -1.93738 -4.30109 -818.974 0 
1 825.177 0.305382 0.0225658 0.682624 -0.800222 -1.02821 -0.981896 -4.63869 -819.556 0 
2 824.514 0.316019 0.0225067 0.67395 -0.787966 -1.05111 -1.15355 -4.49175 -818.869 0 
4 824.186 0.310621 0.0224791 0.678675 -0.804127 -1.03084 -0.388748 -4.48869 -819.308 0 
2 824.219 0.311126 0.0225745 0.675003 -0.762099 -1.06805 -1.14824 -4.22007 -818.851 0 
1 824.169 0.314261 0.0223829 0.670915 -0.747211 -1.13095 -1.17596 -4.12063 -818.873 0 
1 824.123 0.321265 0.0224452 0.666386 -0.746902 -1.13407 -0.642474 -4.45365 -819.027 0 
3 824.702 0.32186 0.0224047 0.663595 -0.725786 -1.13579 -0.820758 -4.31945 -819.562 0 
2 824.589 0.318336 0.0224093 0.666435 -0.7275 -1.15099 -1.19443 -4.12534 -819.27 0 
3 824.497 0.315284 0.0224066 0.669659 -0.738876 -1.15694 -1.4627 -4.09563 -818.939 0 
1 826.748 0.312519 0.0225369 0.670587 -0.726996 -1.13845 -3.35576 -4.29748 -819.094 0 
1 825.038 0.312305 0.0225114 0.672354 -0.735586 -1.13835 -1.81135 -4.27097 -818.956 0 
6 825.006 0.317632 0.0224608 0.668865 -0.731962 -1.17448 -1.825 -4.10639 -819.075 0 
1 824.92 0.319816 0.0223054 0.665343 -0.720233 -1.22847 -1.54364 -4.11676 -819.26 0 
1 823.908 0.3161 0.0223317 0.670219 -0.743414 -1.19905 -0.936212 -4.13437 -818.838 0 
4 823.879 0.3196 0.0224007 0.666486 -0.728825 -1.19591 -0.571866 -4.15458 -819.152 0 
1 823.528 0.313597 0.0223558 0.673445 -0.758149 -1.19778 -0.454719 -4.25794 -818.815 0 
1 824.222 0.309917 0.0224837 0.677656 -0.760617 -1.23418 -0.777095 -4.46683 -818.978 0 
9 823.831 0.311706 0.0223814 0.674589 -0.74395 -1.26452 -0.710369 -4.30008 -818.821 0 
2 823.923 0.318284 0.0225374 0.66852 -0.728806 -1.19568 -0.717942 -4.10175 -819.103 0 
1 823.477 0.314754 0.0223955 0.671955 -0.748217 -1.18957 -0.517934 -4.14943 -818.81 0 
14 823.792 0.314506 0.0225083 0.672825 -0.751476 -1.15326 -0.831264 -4.13875 -818.822 0 
2 824.194 0.310602 0.0225036 0.674783 -0.751169 -1.13725 -1.07368 -4.27867 -818.841 0 
2 823.457 0.314844 0.0224913 0.672362 -0.750644 -1.16087 -0.496308 -4.14005 -818.821 0 
2 824.053 0.309165 0.0225178 0.677653 -0.766367 -1.12997 -0.746216 -4.37163 -818.935 0 
2 823.966 0.317441 0.0224389 0.672678 -0.790421 -1.06012 -0.384697 -4.72165 -818.86 0 
1 823.93 0.3169 0.0223618 0.671976 -0.79333 -1.03533 -0.353703 -4.69557 -818.88 0 
3 823.914 0.31114 0.022458 0.677103 -0.799307 -1.0161 -0.371019 -4.39617 -819.147 0 
5 824.323 0.30886 0.0223735 0.678728 -0.791949 -1.07576 -0.616238 -4.45085 -819.256 0 
2 823.854 0.313997 0.0223788 0.671815 -0.761148 -1.08536 -0.872003 -4.1483 -818.834 0 
3 823.618 0.31513 0.0223635 0.671477 -0.765793 -1.09721 -0.591034 -4.2119 -818.815 0 
8 823.627 0.317538 0.0223693 0.6696 -0.763724 -1.09897 -0.488426 -4.31657 -818.822 0 
2 823.623 0.312884 0.0223561 0.675073 -0.788408 -1.06335 -0.277913 -4.36632 -818.979 0 
4 824.606 0.313515 0.0225866 0.672619 -0.75125 -1.07276 -1.53451 -4.16411 -818.907 0 
3 824.437 0.308997 0.0224723 0.679822 -0.792727 -1.09346 -0.631701 -4.49455 -819.311 0 
4 824.846 0.309169 0.0223027 0.677676 -0.783582 -1.13621 -1.13072 -4.50594 -819.209 0 
1 825.612 0.309002 0.0222325 0.680104 -0.80917 -1.13675 -0.680774 -4.98654 -819.944 0 
1 825.037 0.313381 0.022218 0.675697 -0.789501 -1.16781 -1.15068 -4.72264 -819.163 0 
1 825.041 0.320111 0.0222785 0.669811 -0.779952 -1.16873 -1.03961 -5.215 -818.786 0 
1 824.904 0.324245 0.0223788 0.665031 -0.75544 -1.15229 -0.873659 -5.09294 -818.937 0 
6 825.67 0.320564 0.0222323 0.66752 -0.766652 -1.15872 -2.05184 -4.84905 -818.769 0 
1 826.898 0.322224 0.0221767 0.665051 -0.758817 -1.15369 -3.1792 -4.87389 -818.845 0 
2 825.2 0.321964 0.0221958 0.666552 -0.768646 -1.14716 -1.36631 -5.05852 -818.775 0 
2 825.198 0.308135 0.0224598 0.67613 -0.747069 -1.1602 -1.7874 -4.54753 -818.864 0 
1 824.869 0.309648 0.022374 0.675898 -0.753516 -1.18189 -1.62746 -4.375 -818.866 0 
9 825.613 0.30511 0.0224543 0.681148 -0.774504 -1.16898 -1.42039 -4.84812 -819.345 0 
4 825.305 0.306425 0.0223343 0.681721 -0.80039 -1.13987 -0.527183 -4.88474 -819.893 0 
1 824.513 0.30803 0.0223827 0.678189 -0.77676 -1.10855 -0.973807 -4.45596 -819.084 0 
1 830.687 0.309755 0.0221764 0.678151 -0.780643 -1.19154 -6.88416 -4.55276 -819.25 0 
2 830.26 0.313492 0.0221152 0.670926 -0.741816 -1.21809 -7.28086 -4.16275 -818.816 0 
2 830.359 0.317121 0.0220063 0.670821 -0.771047 -1.22036 -6.85695 -4.67641 -818.826 0 
1 827.759 0.317085 0.0220498 0.671089 -0.767055 -1.25842 -4.19963 -4.73471 -818.825 0 
4 826.025 0.3205 0.0223118 0.671862 -0.777827 -1.25184 -1.75881 -5.4518 -818.815 0 
2 825.356 0.318616 0.0223393 0.672566 -0.773239 -1.22755 -1.63061 -4.91681 -818.808 0 
1 825.617 0.31557 0.0223461 0.675548 -0.787329 -1.18856 -1.70151 -4.86611 -819.05 0 
2 824.522 0.315768 0.0224005 0.671261 -0.744168 -1.19064 -1.55809 -4.12546 -818.839 0 
1 825.773 0.31448 0.0223138 0.675429 -0.771411 -1.24267 -2.24037 -4.58561 -818.947 0 
1 825.83 0.322963 0.0224366 0.669262 -0.778674 -1.14477 -1.60432 -5.47487 -818.751 0 
1 823.924 0.323003 0.0224157 0.666585 -0.754388 -1.15731 -0.184295 -4.83134 -818.908 0 
1 824.388 0.321393 0.022522 0.66791 -0.749446 -1.16666 -0.933331 -4.538 -818.916 0 
4 823.89 0.313334 0.0224174 0.675463 -0.778185 -1.16555 -0.423401 -4.49707 -818.97 0 
1 825.44 0.314861 0.0226251 0.673605 -0.757576 -1.11586 -2.46475 -4.14922 -818.826 0 
1 824.193 0.321527 0.0224121 0.668924 -0.771307 -1.128 -0.460429 -4.9541 -818.779 0 
2 825.463 0.32222 0.0225715 0.666184 -0.746852 -1.10648 -1.77908 -4.54433 -819.139 0 
1 824.34 0.320944 0.0225019 0.667012 -0.747678 -1.12786 -0.897014 -4.42413 -819.019 0 
8 823.623 0.317793 0.0224937 0.671234 -0.75542 -1.18851 -0.496656 -4.34249 -818.784 0 
2 825.445 0.323444 0.022504 0.66401 -0.735823 -1.13213 -1.50329 -4.56581 -819.376 0 
4 826.094 0.324169 0.0224152 0.661428 -0.721138 -1.14262 -1.73762 -4.51564 -819.84 0 
1 823.769 0.316486 0.0223184 0.670161 -0.759592 -1.12296 -0.729592 -4.22404 -818.815 0 
1 823.944 0.313789 0.0225254 0.672053 -0.746086 -1.11882 -0.91225 -4.13755 -818.894 0 
1 825.124 0.317364 0.022579 0.6673 -0.727319 -1.08918 -1.45596 -4.22135 -819.447 0 
4 825.03 0.326927 0.0223312 0.660479 -0.728641 -1.14463 -0.302242 -4.96502 -819.762 0 
1 823.709 0.315098 0.0224157 0.670972 -0.750739 -1.14128 -0.737168 -4.13079 -818.841 0 
3 823.777 0.315366 0.0224073 0.673063 -0.763036 -1.16709 -0.701566 -4.27737 -818.798 0 
2 824.834 0.319182 0.0224151 0.669474 -0.754936 -1.1432 -1.64222 -4.34236 -818.85 0 
2 824.379 0.321455 0.0224257 0.669158 -0.779479 -1.08419 -0.542635 -5.05015 -818.786 0 
3 825.737 0.319703 0.0223201 0.672524 -0.814306 -1.03965 -0.950249 -5.73856 -819.048 0 
1 824.364 0.311588 0.0224697 0.678243 -0.814126 -0.988579 -0.407501 -4.58349 -819.373 0 
1 825.166 0.309594 0.022388 0.680348 -0.827763 -1.00104 -0.291338 -4.89249 -819.982 0 
3 825.69 0.308824 0.0223787 0.679392 -0.820827 -0.975374 -1.33427 -4.6379 -819.718 0 
3 825.293 0.305153 0.0223652 0.682056 -0.81876 -0.970609 -0.676985 -4.66757 -819.948 0 
1 827.041 0.310548 0.0224368 0.674885 -0.788133 -0.980222 -3.843 -4.23837 -818.96 0 
3 826.265 0.306604 0.0223264 0.67809 -0.789139 -0.988407 -2.66054 -4.47288 -819.131 0 
3 827.016 0.307945 0.0222528 0.676835 -0.797 -0.983956 -3.44238 -4.37462 -819.199 0 
2 827.485 0.319069 0.0221235 0.667968 -0.805663 -0.926478 -3.57593 -5.03004 -818.879 0 
2 824.899 0.318056 0.0222786 0.668878 -0.796089 -0.924395 -1.3754 -4.65927 -818.865 0 
2 825.229 0.320174 0.0222159 0.667525 -0.799467 -0.899243 -1.40374 -4.9489 -818.876 0 
3 825.191 0.311522 0.0223403 0.676897 -0.828262 -0.851366 -1.36125 -4.46703 -819.362 0 
3 825.493 0.310257 0.022285 0.678285 -0.839837 -0.839398 -1.1875 -4.58446 -819.721 0 
2 823.773 0.315963 0.0223575 0.671165 -0.806388 -0.853979 -0.356672 -4.49718 -818.919 0 
1 824.68 0.319324 0.0224806 0.670639 -0.809463 -0.871781 -0.800557 -4.98554 -818.894 0 
4 825.405 0.323082 0.0225121 0.665725 -0.790676 -0.863587 -1.07272 -5.27966 -819.052 0 
1 825.196 0.312538 0.0225596 0.674492 -0.804369 -0.864275 -1.95536 -4.27156 -818.969 0 
2 827.365 0.308052 0.0226652 0.675176 -0.789526 -0.781736 -3.87076 -4.52622 -818.968 0 
2 824.128 0.314915 0.0224508 0.671334 -0.809466 -0.77946 -0.755992 -4.42174 -818.95 0 
2 824.364 0.319317 0.0224709 0.667325 -0.798762 -0.758504 -0.47497 -4.81343 -819.076 0 
4 826.248 0.328086 0.022275 0.659917 -0.791281 -0.799252 -0.388288 -6.40944 -819.45 0 
3 825.429 0.321038 0.0223642 0.665419 -0.784459 -0.830798 -1.40714 -4.8589 -819.163 0 
3 824.16 0.317761 0.0225029 0.66968 -0.791635 -0.855829 -0.710169 -4.50901 -818.941 0 
1 824.864 0.313065 0.0226038 0.672164 -0.784421 -0.829934 -1.5897 -4.30664 -818.968 0 
8 823.95 0.315616 0.022451 0.672898 -0.819255 -0.829961 -0.297752 -4.64297 -819.009 0 
1 824.438 0.320831 0.0223029 0.668721 -0.812341 -0.898707 -0.137447 -5.41585 -818.885 0 
3 824.579 0.313937 0.0222654 0.673585 -0.815617 -0.887206 -0.998425 -4.50237 -819.078 0 
7 824.368 0.312843 0.0223456 0.673468 -0.810528 -0.857606 -1.01913 -4.33289 -819.016 0 
1 824.694 0.319001 0.0223036 0.668344 -0.80169 -0.883563 -0.977023 -4.83366 -818.883 0 
1 824.664 0.317452 0.0223089 0.668517 -0.783969 -0.93681 -1.3583 -4.42222 -818.883 0 
3 824.805 0.313912 0.0224562 0.672395 -0.7837 -0.973378 -1.71244 -4.22687 -818.865 0 
1 824.1 0.316719 0.0224134 0.673477 -0.806832 -0.995008 -0.231693 -4.87591 -818.993 0 
1 825.275 0.313827 0.0223287 0.677389 -0.837756 -0.944514 -0.293684 -5.24995 -819.731 0 
7 824.723 0.313067 0.0225167 0.676895 -0.820152 -0.919119 -0.863051 -4.6062 -819.254 0 
4 824.55 0.311884 0.0225986 0.675872 -0.805005 -0.863866 -1.30777 -4.25207 -818.991 0 
11 824.061 0.314447 0.0224383 0.675033 -0.821353 -0.894391 -0.209104 -4.69127 -819.16 0 
8 823.849 0.314584 0.022389 0.674586 -0.819901 -0.895964 -0.0506114 -4.66689 -819.132 0 
3 824.465 0.308542 0.0223958 0.679498 -0.838508 -0.813272 -0.288143 -4.45154 -819.725 0 
3 823.785 0.313297 0.0224143 0.67526 -0.819881 -0.881229 -0.0926993 -4.52875 -819.164 0 
1 824.493 0.319006 0.0224435 0.66809 -0.793578 -0.860703 -0.871828 -4.68385 -818.938 0 
6 823.833 0.318536 0.0224051 0.669696 -0.80357 -0.876682 -0.16396 -4.7817 -818.888 0 
6 825.419 0.324636 0.0225019 0.662001 -0.753895 -0.935941 -0.645133 -5.0471 -819.727 0 
6 823.905 0.316343 0.022444 0.670305 -0.781061 -0.926664 -0.698952 -4.30445 -818.902 0 
2 824.708 0.325016 0.0223998 0.663435 -0.780974 -0.898409 -0.040122 -5.47671 -819.191 0 
9 824.474 0.323584 0.0223972 0.664858 -0.790821 -0.861237 -0.0438157 -5.35895 -819.071 0 
1 825.717 0.31761 0.0224537 0.667394 -0.762019 -0.91411 -2.11464 -4.38955 -819.213 0 
6 826.219 0.317381 0.0224827 0.667013 -0.753319 -0.927073 -2.44862 -4.41418 -819.356 0 
5 826.449 0.324088 0.0224285 0.661261 -0.74777 -0.913682 -1.43101 -5.01012 -820.008 0 
2 825.388 0.3201 0.0223153 0.665161 -0.75888 -0.970913 -1.7206 -4.45907 -819.209 0 
1 824.755 0.325827 0.022332 0.663924 -0.779145 -0.992795 -0.0636443 -5.69189 -819 0 
5 824.56 0.318918 0.0223592 0.671804 -0.800404 -1.02964 -0.597266 -5.076 -818.887 0 
1 825.251 0.319933 0.0224512 0.671487 -0.791019 -1.06849 -1.35796 -5.07587 -818.817 0 
2 824.612 0.313657 0.0223957 0.675631 -0.792192 -1.0646 -1.16709 -4.44222 -819.002 0 
9 824.547 0.311349 0.0223678 0.678233 -0.811978 -1.05609 -0.224713 -4.78974 -819.532 0 
1 826.566 0.315867 0.0223228 0.674218 -0.795591 -1.06585 -2.95097 -4.64983 -818.965 0 
1 825.352 0.316297 0.0223817 0.673687 -0.793231 -1.04991 -1.84296 -4.60193 -818.907 0 
1 823.641 0.320318 0.0223607 0.668003 -0.775503 -1.03886 -0.0914973 -4.70848 -818.841 0 
5 824.817 0.319899 0.0222806 0.666616 -0.764379 -1.02402 -1.39338 -4.45445 -818.969 0 
1 824.246 0.318125 0.0222933 0.668906 -0.778082 -1.02747 -0.928046 -4.49174 -818.827 0 
1 825.069 0.321586 0.0224388 0.663859 -0.742433 -1.03387 -1.13645 -4.46496 -819.467 0 
1 826.484 0.324367 0.0224817 0.661634 -0.737077 -1.03847 -1.93507 -4.75687 -819.792 0 
1 826.313 0.330412 0.0224159 0.65831 -0.73421 -1.09827 -0.47291 -5.7834 -820.056 0 
4 827.371 0.333203 0.0222729 0.65891 -0.761771 -1.10839 -0.678776 -7.36918 -819.323 0 
1 826.201 0.328119 0.0224525 0.663102 -0.765687 -1.07306 -1.09603 -6.00267 -819.102 0 
1 825.278 0.323086 0.0224794 0.668125 -0.774615 -1.09486 -1.24963 -5.22164 -818.807 0 
7 823.244 0.315526 0.0224385 0.672653 -0.765786 -1.14304 -0.148308 -4.29416 -818.801 0 
2 824.25 0.311915 0.0225028 0.673817 -0.753034 -1.10272 -1.19529 -4.20522 -818.85 0 
4 824.379 0.314598 0.0225927 0.673912 -0.762619 -1.12415 -1.37532 -4.19327 -818.81 0 
3 824.323 0.308218 0.0225106 0.678955 -0.782405 -1.08642 -0.761431 -4.43455 -819.127 0 
8 824.578 0.31001 0.0225645 0.67704 -0.761931 -1.12451 -1.39588 -4.30808 -818.874 0 
4 824.582 0.308081 0.0224352 0.677642 -0.764732 -1.1276 -1.16696 -4.46444 -818.951 0 
1 825.945 0.304602 0.0225239 0.680776 -0.752088 -1.19816 -1.84652 -5.06999 -819.028 0 
2 824.931 0.314308 0.0224637 0.670412 -0.725685 -1.22636 -1.84758 -4.11573 -818.968 0 
2 825.243 0.312254 0.0224394 0.672681 -0.739003 -1.20802 -2.2093 -4.19821 -818.836 0 
3 824.684 0.312245 0.0223152 0.674985 -0.764964 -1.22859 -1.30729 -4.44421 -818.933 0 
3 824.664 0.320594 0.0223038 0.671002 -0.778422 -1.22428 -0.463616 -5.40606 -818.795 0 
1 823.838 0.314183 0.0222918 0.67429 -0.771682 -1.20177 -0.45037 -4.48221 -818.905 0 
1 824.44 0.319595 0.0222728 0.671494 -0.777881 -1.24038 -0.276023 -5.33171 -818.832 0 
2 824.71 0.319082 0.0223381 0.672708 -0.780199 -1.24456 -0.476507 -5.35257 -818.881 0 
2 825.27 0.325592 0.0222657 0.664028 -0.755251 -1.19619 -0.924399 -5.46297 -818.883 0 
1 824.103 0.322789 0.0224106 0.666182 -0.747177 -1.19213 -0.441102 -4.72971 -818.932 0 
2 826.957 0.330974 0.0224927 0.65814 -0.71876 -1.17221 -1.02431 -5.60687 -820.326 0 
2 826.503 0.326884 0.0225422 0.662065 -0.721378 -1.17013 -1.76471 -4.84216 -819.896 0 
5 826.698 0.323675 0.0225263 0.667146 -0.741661 -1.21586 -2.98989 -4.71419 -818.994 0 
2 825.33 0.317527 0.022571 0.672247 -0.754696 -1.18235 -2.25684 -4.28212 -818.792 0 
1 823.94 0.314484 0.0224927 0.673485 -0.766666 -1.09797 -0.927989 -4.19402 -818.818 0 
3 824.036 0.318703 0.0224651 0.670897 -0.775833 -1.10146 -0.596675 -4.65001 -818.789 0 
2 823.595 0.315869 0.0224192 0.672089 -0.782398 -1.04052 -0.366924 -4.38992 -818.838 0 
12 823.918 0.318645 0.0223974 0.671008 -0.791682 -1.03611 -0.226121 -4.85783 -818.834 0 
3 823.744 0.312973 0.0223862 0.676127 -0.798893 -1.04954 -0.111316 -4.5182 -819.114 0 
1 824.651 0.317426 0.0224184 0.673579 -0.804526 -1.02771 -0.686817 -4.98683 -818.977 0 
2 825.167 0.314052 0.0222416 0.676277 -0.816897 -1.0521 -0.638815 -5.07091 -819.457 0 
1 825.423 0.311482 0.0222121 0.676676 -0.815377 -1.01431 -1.21938 -4.71774 -819.486 0 
1 826.447 0.307019 0.0222106 0.680576 -0.818145 -1.02565 -1.72687 -4.7364 -819.983 0 
5 825.624 0.30604 0.0223024 0.680402 -0.791468 -1.10452 -1.41837 -4.69071 -819.515 0 
2 826.009 0.308524 0.0222154 0.679992 -0.808935 -1.12547 -1.13638 -4.93852 -819.934 0 
1 825.28 0.306639 0.0223766 0.682888 -0.812631 -1.09769 -0.241913 -4.90337 -820.134 0 
1 824.422 0.313693 0.0225119 0.675168 -0.773609 -1.1084 -1.30598 -4.26175 -818.855 0 
4 823.542 0.312404 0.0224016 0.674346 -0.77017 -1.10603 -0.451796 -4.22937 -818.86 0 
5 823.398 0.317529 0.0224309 0.671438 -0.772489 -1.11253 -0.128244 -4.47617 -818.793 0 
4 824.709 0.316762 0.0224172 0.674415 -0.795687 -1.10426 -0.801279 -4.92227 -818.985 0 
3 824.686 0.309827 0.022558 0.679218 -0.790215 -1.0924 -1.02964 -4.45214 -819.204 0 
1 824.303 0.312865 0.0225016 0.677046 -0.790364 -1.10211 -0.734068 -4.49892 -819.07 0 
4 823.747 0.314004 0.022324 0.674861 -0.784687 -1.13228 -0.239656 -4.52506 -818.983 0 
1 824.084 0.321918 0.0222926 0.665227 -0.739768 -1.18406 -0.580846 -4.45296 -819.05 0 
1 824.77 0.321235 0.0223805 0.668429 -0.757302 -1.22719 -1.1316 -4.88446 -818.754 0 
1 824.319 0.317122 0.0225655 0.670969 -0.746283 -1.18586 -1.29448 -4.18313 -818.841 0 
6 824.737 0.319456 0.0226052 0.66775 -0.713414 -1.26168 -1.35984 -4.07319 -819.304 0 
7 824.362 0.317524 0.0225954 0.670353 -0.724602 -1.27589 -1.31657 -4.08492 -818.96 0 
1 824.284 0.317082 0.022508 0.673149 -0.752756 -1.27141 -1.08713 -4.43694 -818.76 0 
2 824.072 0.323398 0.0223811 0.667133 -0.734901 -1.35485 -0.343331 -4.92946 -818.799 0 
2 824.156 0.31905 0.0223671 0.669473 -0.74904 -1.25657 -0.884946 -4.50909 -818.762 0 
7 825.039 0.315149 0.0223759 0.671928 -0.744804 -1.2774 -1.97597 -4.2865 -818.777 0 
1 824.409 0.314052 0.0222976 0.676476 -0.778715 -1.29708 -0.12376 -5.07183 -819.213 0 
2 824.178 0.318148 0.0223418 0.672823 -0.771137 -1.25729 -0.387916 -4.96114 -818.829 0 
6 824.819 0.321451 0.022251 0.669918 -0.76965 -1.26682 -0.67077 -5.40617 -818.742 0 
4 826.288 0.327515 0.0223666 0.665468 -0.752971 -1.30747 -1.35551 -6.18006 -818.752 0 
1 825.627 0.32627 0.0223232 0.666211 -0.75406 -1.32167 -0.893177 -6.02408 -818.71 0 
4 825.424 0.32254 0.0223044 0.670142 -0.76578 -1.334 -0.896448 -5.80057 -818.727 0 
2 824.553 0.320776 0.0224405 0.670634 -0.749966 -1.32525 -0.938852 -4.89733 -818.717 0 
4 824.617 0.32456 0.0222746 0.666738 -0.752111 -1.31374 -0.355648 -5.54353 -818.718 0 
1 825.657 0.326951 0.0222561 0.665393 -0.756749 -1.29994 -0.774846 -6.15935 -818.723 0 
5 826.494 0.326442 0.0222946 0.665296 -0.762577 -1.25566 -1.58755 -6.1768 -818.729 0 
2 826.075 0.324309 0.0223125 0.667523 -0.767513 -1.26442 -1.42653 -5.94635 -818.702 0 
1 824.448 0.31546 0.0223414 0.674909 -0.780483 -1.24278 -0.420295 -4.98566 -819.042 0 
2 825.29 0.318154 0.0224077 0.672036 -0.769554 -1.23436 -1.59531 -4.89721 -818.798 0 
4 825.756 0.323128 0.0223635 0.668065 -0.765993 -1.2368 -1.51349 -5.52191 -818.721 0 
2 824.959 0.325984 0.0224583 0.664536 -0.742614 -1.20941 -0.730359 -5.14952 -819.079 0 
1 825.138 0.326871 0.022457 0.661819 -0.72803 -1.19011 -0.591188 -4.9729 -819.574 0 
8 824.648 0.318145 0.0224196 0.670146 -0.756331 -1.19745 -1.4347 -4.43873 -818.775 0 
2 823.888 0.313429 0.0223574 0.676295 -0.781441 -1.19858 -0.16134 -4.65201 -819.074 0 
3 825.046 0.316961 0.0222993 0.674707 -0.798291 -1.19087 -0.364745 -5.48903 -819.192 0 
2 824.66 0.315634 0.0223344 0.675715 -0.792388 -1.2118 -0.25274 -5.21158 -819.196 0 
2 824.72 0.319336 0.0222803 0.671203 -0.772068 -1.21709 -0.999079 -4.9438 -818.777 0 
5 827.912 0.323608 0.0222804 0.670267 -0.797832 -1.17468 -2.5356 -6.52775 -818.849 0 
2 826.702 0.326762 0.0222285 0.665862 -0.779329 -1.17722 -1.49198 -6.4833 -818.727 0 
1 828.341 0.328728 0.0222266 0.664874 -0.785251 -1.15267 -2.44403 -7.16095 -818.736 0 
2 828.759 0.327776 0.0224824 0.66553 -0.762523 -1.17511 -3.86335 -6.00993 -818.886 0 
1 827.655 0.330378 0.0224012 0.660413 -0.722419 -1.24484 -2.377 -5.52495 -819.753 0 
8 826.686 0.333187 0.022329 0.657179 -0.719161 -1.23467 -0.394928 -6.1408 -820.151 0 
1 826.993 0.329342 0.02243 0.660596 -0.720573 -1.21966 -1.87478 -5.25363 -819.865 0 
1 826.715 0.330182 0.0224221 0.660889 -0.727487 -1.23839 -1.49433 -5.62231 -819.599 0 
2 827.452 0.334763 0.0221918 0.655754 -0.717276 -1.30691 -0.780739 -6.69935 -819.972 0 
2 825.608 0.325739 0.0221704 0.66219 -0.723568 -1.29833 -1.57806 -4.80706 -819.222 0 
2 824.913 0.319486 0.0222446 0.668567 -0.733011 -1.32073 -1.77984 -4.32146 -818.812 0 
1 824.547 0.319196 0.0222959 0.669338 -0.736377 -1.30912 -1.41978 -4.33424 -818.793 0 
4 823.984 0.319436 0.0223919 0.671283 -0.750719 -1.31989 -0.517747 -4.7372 -818.729 0 
3 823.945 0.319372 0.0223492 0.671393 -0.759248 -1.30923 -0.217277 -4.97864 -818.75 0 
6 826.21 0.323445 0.022473 0.665862 -0.726438 -1.32315 -2.56012 -4.65696 -818.993 0 
3 824.281 0.319385 0.0224451 0.670636 -0.753573 -1.26874 -0.863338 -4.67743 -818.741 0 
1 824.345 0.32049 0.0224495 0.670612 -0.744521 -1.34301 -0.851639 -4.77137 -818.722 0 
4 824.68 0.316772 0.0223918 0.674462 -0.750692 -1.39355 -1.05564 -4.80294 -818.821 0 
3 824.046 0.310899 0.0224736 0.678255 -0.75197 -1.3578 -0.359983 -4.66019 -819.025 0 
3 823.652 0.313834 0.0224153 0.675906 -0.747634 -1.38157 -0.171043 -4.60095 -818.88 0 
1 823.822 0.31794 0.0225302 0.67097 -0.718319 -1.39162 -0.792112 -4.1845 -818.845 0 
1 824.318 0.319428 0.0224846 0.671359 -0.738286 -1.37065 -0.986789 -4.60128 -818.73 0 
3 826.028 0.324076 0.0225097 0.666599 -0.72992 -1.34066 -2.25384 -4.86356 -818.91 0 
5 823.391 0.317716 0.022465 0.670945 -0.735635 -1.29474 -0.361616 -4.22686 -818.802 0 
2 823.514 0.320868 0.0224321 0.667479 -0.729779 -1.28523 -0.235314 -4.33264 -818.946 0 
4 824.025 0.315007 0.0223729 0.675075 -0.765562 -1.2756 -0.504912 -4.62105 -818.899 0 
1 825.474 0.321113 0.0224263 0.671173 -0.764564 -1.27831 -1.53372 -5.20981 -818.731 0 
1 825.185 0.320852 0.0224366 0.671188 -0.765858 -1.26158 -1.29365 -5.15543 -818.736 0 
1 825.144 0.323578 0.0224703 0.667788 -0.741623 -1.29745 -1.39912 -4.92468 -818.82 0 
1 825.006 0.326339 0.0223464 0.664114 -0.740701 -1.28068 -0.675846 -5.39086 -818.939 0 
1 825.755 0.32599 0.0223414 0.666783 -0.749537 -1.34841 -1.19007 -5.85674 -818.709 0 
6 826.118 0.319865 0.0224924 0.672669 -0.768478 -1.26748 -2.22286 -5.1255 -818.769 0 
1 825.718 0.318416 0.0223696 0.674432 -0.776592 -1.33581 -1.08335 -5.62748 -819.007 0 
5 826.481 0.306845 0.0223945 0.682914 -0.792953 -1.26653 -1.04425 -5.28993 -820.147 0 
2 829.953 0.304901 0.0222507 0.683703 -0.798851 -1.27937 -3.61946 -5.64277 -820.69 0 
2 827.708 0.307825 0.0222015 0.683706 -0.815978 -1.27849 -0.583329 -6.00126 -821.123 0 
1 826.259 0.310254 0.0222351 0.681046 -0.799137 -1.30374 -0.463802 -5.59699 -820.198 0 
4 827.174 0.306299 0.0222487 0.684646 -0.819196 -1.21716 -0.363085 -5.69376 -821.118 0 
2 827.46 0.310616 0.0221894 0.681273 -0.822688 -1.22232 -0.696795 -6.02165 -820.741 0 
1 825.488 0.310899 0.0222095 0.678821 -0.787097 -1.28901 -0.684879 -5.15642 -819.647 0 
1 825.106 0.316788 0.022473 0.673474 -0.756354 -1.25093 -1.92352 -4.41278 -818.769 0 
1 825.834 0.316103 0.0225464 0.675223 -0.774103 -1.19544 -2.37425 -4.59925 -818.86 0 
1 827.434 0.317351 0.0223864 0.676155 -0.804548 -1.1842 -2.46822 -5.673 -819.293 0 
4 827.433 0.308807 0.0225681 0.682915 -0.791654 -1.22457 -2.78699 -4.91895 -819.727 0 
1 828.32 0.307924 0.0226287 0.683154 -0.789646 -1.17564 -4.04007 -4.72043 -819.559 0 
2 828.643 0.309485 0.0226425 0.682387 -0.799452 -1.1365 -4.34272 -4.7153 -819.585 0 
1 827.495 0.308851 0.0227457 0.680245 -0.786195 -1.05172 -4.03521 -4.36442 -819.095 0 
4 827.727 0.318911 0.0227225 0.671145 -0.761153 -1.09353 -4.49482 -4.37135 -818.861 0 
2 827.841 0.324629 0.0226661 0.663899 -0.728955 -1.09349 -3.34456 -4.6648 -819.832 0 
3 827.364 0.321263 0.0227276 0.665815 -0.727434 -1.09543 -3.3852 -4.33293 -819.646 0 
1 825.778 0.32056 0.0226401 0.666849 -0.735247 -1.12085 -2.22305 -4.27041 -819.284 0 
2 824.392 0.315213 0.0225665 0.673303 -0.769567 -1.09937 -1.3154 -4.26265 -818.814 0 
7 824.089 0.314463 0.0225326 0.67327 -0.76147 -1.13714 -1.07561 -4.20563 -818.808 0 
1 823.953 0.311756 0.0223608 0.677429 -0.790065 -1.14086 -0.163994 -4.58425 -819.205 0 
4 826.534 0.304357 0.0223454 0.680977 -0.774679 -1.13863 -2.31 -4.91222 -819.312 0 
2 824.586 0.306562 0.0224255 0.680153 -0.775808 -1.14767 -0.712433 -4.64651 -819.227 0 
1 826.048 0.307232 0.0225185 0.679829 -0.768026 -1.13586 -2.45057 -4.56365 -819.034 0 
1 826.065 0.305859 0.0223627 0.680424 -0.772356 -1.16475 -2.07657 -4.74952 -819.239 0 
1 825.309 0.304828 0.0223847 0.681861 -0.77706 -1.18489 -0.907369 -4.924 -819.477 0 
2 824.844 0.308718 0.0224255 0.676074 -0.749449 -1.17925 -1.51358 -4.46474 -818.865 0 
6 825.191 0.310393 0.0224057 0.678358 -0.77408 -1.19396 -1.63339 -4.46742 -819.09 0 
1 825.278 0.310276 0.0222916 0.675261 -0.759977 -1.1951 -2.00806 -4.36289 -818.907 0 
2 823.894 0.311782 0.0223489 0.675598 -0.771439 -1.17717 -0.541845 -4.393 -818.959 0 
1 824.191 0.314621 0.0223543 0.670831 -0.744886 -1.17533 -1.22845 -4.12146 -818.841 0 
5 824.325 0.318439 0.0222382 0.669054 -0.753966 -1.22042 -1.10508 -4.45257 -818.767 0 
6 824.067 0.313135 0.0223161 0.676372 -0.78767 -1.18831 -0.0997573 -4.77944 -819.188 0 
3 825.993 0.309733 0.0222494 0.677261 -0.776638 -1.21688 -2.12056 -4.64273 -819.23 0 
1 823.84 0.310472 0.0223868 0.678277 -0.769568 -1.26307 -0.0524328 -4.63293 -819.154 0 
1 823.813 0.311577 0.0225065 0.677007 -0.74591 -1.32618 -0.490565 -4.44585 -818.876 0 
1 823.589 0.315572 0.0223778 0.672472 -0.739166 -1.30561 -0.578968 -4.23746 -818.773 0 
7 823.21 0.314862 0.0224069 0.673745 -0.751932 -1.27661 -0.055496 -4.36043 -818.794 0 
1 823.651 0.319671 0.0223089 0.669819 -0.760483 -1.23881 -0.127024 -4.78057 -818.743 0 
3 824.452 0.31198 0.0223379 0.678377 -0.794524 -1.19848 -0.048766 -4.94321 -819.46 0 
1 824.502 0.309285 0.022327 0.679608 -0.791097 -1.17682 -0.271644 -4.73185 -819.499 0 
1 824.046 0.308696 0.022483 0.679255 -0.774436 -1.1677 -0.415873 -4.50171 -819.129 0 
1 824.561 0.312341 0.0225457 0.677266 -0.774221 -1.18853 -1.10869 -4.4611 -818.991 0 
5 823.839 0.315392 0.0224531 0.673702 -0.771715 -1.16862 -0.536468 -4.46475 -818.838 0 
1 823.483 0.314826 0.0224385 0.672288 -0.748346 -1.21298 -0.501694 -4.1864 -818.795 0 
1 823.83 0.318201 0.0224381 0.670648 -0.744022 -1.2436 -0.758393 -4.27169 -818.8 0 
1 824.017 0.320457 0.0223768 0.666757 -0.724269 -1.25729 -0.731607 -4.18002 -819.105 0 
3 823.638 0.318123 0.0223297 0.668599 -0.737745 -1.2289 -0.579803 -4.17743 -818.88 0 
1 823.6 0.319479 0.022321 0.668823 -0.758106 -1.16186 -0.325232 -4.47117 -818.803 0 
1 825.046 0.324314 0.0223669 0.66283 -0.73044 -1.14057 -0.904158 -4.59334 -819.549 0 
2 826.173 0.33006 0.0223159 0.657468 -0.725283 -1.12926 -0.42711 -5.53042 -820.215 0 
1 825.433 0.326271 0.0221799 0.66224 -0.743331 -1.20033 -1.12426 -5.20639 -819.103 0 
3 829.602 0.324896 0.0224237 0.665464 -0.748168 -1.14005 -5.5769 -4.90181 -819.123 0 
5 827.078 0.332946 0.0223387 0.658908 -0.747349 -1.15537 -0.710815 -6.8467 -819.52 0 
4 826.47 0.328907 0.0223832 0.663678 -0.756625 -1.21189 -1.29544 -6.25056 -818.924 0 
2 826.279 0.329654 0.0223957 0.658155 -0.715426 -1.19256 -0.767593 -5.27594 -820.236 0 
1 825.999 0.330828 0.0223024 0.660116 -0.745813 -1.19177 -0.377441 -6.32793 -819.294 0 
1 827.719 0.325849 0.0222419 0.667634 -0.798213 -1.12177 -2.11948 -6.83154 -818.768 0 
1 828.53 0.32661 0.0223079 0.667781 -0.808306 -1.07685 -2.40097 -7.32849 -818.801 0 
1 828.078 0.325149 0.0223137 0.66851 -0.805996 -1.06028 -2.58556 -6.68438 -818.808 0 
2 823.836 0.319775 0.0223302 0.670126 -0.783176 -1.10608 -0.0576507 -4.98585 -818.792 0 
4 825.046 0.324724 0.0223953 0.665035 -0.768989 -1.07557 -0.74454 -5.37606 -818.925 0 
3 824.823 0.326604 0.0223636 0.661443 -0.747087 -1.07404 -0.142056 -5.21358 -819.467 0 
2 825.471 0.321036 0.0225944 0.664994 -0.730243 -1.06049 -1.38987 -4.38658 -819.695 0 
2 829.011 0.324226 0.0226266 0.66172 -0.708453 -1.08926 -3.6387 -4.69221 -820.68 0 
1 831.707 0.327208 0.0226867 0.659194 -0.702369 -1.06356 -5.0651 -5.14816 -821.493 0 
1 832.183 0.318119 0.0225138 0.666213 -0.720015 -1.06559 -7.89488 -4.46132 -819.827 0 
2 829.594 0.310028 0.0224744 0.673867 -0.750651 -1.02452 -6.13576 -4.52259 -818.936 0 
1 827.821 0.315608 0.0224312 0.66639 -0.727829 -1.02027 -3.7393 -4.47165 -819.61 0 
1 827.204 0.317342 0.0222844 0.666135 -0.744112 -1.06519 -3.9159 -4.16423 -819.124 0 
1 826.361 0.319006 0.0225218 0.666554 -0.747561 -1.04306 -2.91357 -4.26529 -819.182 0 
1 826.088 0.316719 0.0225817 0.667151 -0.729253 -1.06531 -2.39885 -4.24054 -819.449 0 
1 826.635 0.310643 0.0226386 0.672247 -0.72762 -1.09054 -2.85832 -4.63113 -819.145 0 
1 826.037 0.316817 0.022706 0.669715 -0.730154 -1.13303 -2.71008 -4.12794 -819.199 0 
1 825.729 0.322588 0.0225444 0.664622 -0.734545 -1.12708 -1.89348 -4.45159 -819.383 0 
1 825.341 0.3269 0.0224902 0.662748 -0.74462 -1.10987 -0.702539 -5.22574 -819.413 0 
1 825.506 0.320783 0.022641 0.667139 -0.726988 -1.17648 -1.97785 -4.21673 -819.312 0 
2 824.532 0.321504 0.0224593 0.664486 -0.716078 -1.1912 -0.702368 -4.21801 -819.612 0 
1 823.836 0.316248 0.0224975 0.669616 -0.736185 -1.15905 -0.746205 -4.09336 -818.996 0 
1 824.805 0.31582 0.0224932 0.669486 -0.72871 -1.20272 -1.72121 -4.07559 -819.008 0 
3 825.794 0.312531 0.0221981 0.673346 -0.755524 -1.23339 -2.6415 -4.3105 -818.842 0 
1 825.113 0.313617 0.0221848 0.674693 -0.776827 -1.22161 -1.43604 -4.64636 -819.031 0 
6 825.912 0.31913 0.0222292 0.671191 -0.770753 -1.22715 -2.23636 -4.89706 -818.779 0 
1 825.445 0.321318 0.0221474 0.66802 -0.780041 -1.15207 -1.36415 -5.31654 -818.764 0 
1 825.3 0.321421 0.0221806 0.669467 -0.792549 -1.13992 -0.749529 -5.72002 -818.83 0 
3 825.624 0.324705 0.0222466 0.667176 -0.785915 -1.15547 -0.638247 -6.24546 -818.74 0 
1 826.453 0.324558 0.0222986 0.668719 -0.789634 -1.18577 -1.19252 -6.49953 -818.761 0 
2 827.832 0.3289 0.0221925 0.664996 -0.77756 -1.25236 -1.72359 -7.42624 -818.682 0 
1 826.246 0.32456 0.0223565 0.666854 -0.747868 -1.26807 -2.29092 -5.13863 -818.817 0 
2 826.019 0.317867 0.0223325 0.672793 -0.762607 -1.2686 -2.56153 -4.67761 -818.78 0 
2 825.072 0.323234 0.0225054 0.662494 -0.694092 -1.27514 -0.730336 -4.2017 -820.14 0 
1 825.71 0.317373 0.0223396 0.667467 -0.709825 -1.28209 -2.41849 -4.05877 -819.233 0 
4 825.502 0.322686 0.0222877 0.665484 -0.721459 -1.30932 -2.03508 -4.36417 -819.103 0 
1 825.788 0.321956 0.0221485 0.666533 -0.733559 -1.34281 -2.35718 -4.62183 -818.809 0 
2 827.171 0.326628 0.0221816 0.660625 -0.705198 -1.39185 -2.98228 -4.75515 -819.433 0 
2 826.757 0.329419 0.0222103 0.66026 -0.716558 -1.39399 -1.88299 -5.61643 -819.258 0 
4 825.92 0.327936 0.0223296 0.664626 -0.745529 -1.34268 -0.994076 -6.14345 -818.783 0 
1 823.567 0.322068 0.0224007 0.666518 -0.72141 -1.34235 -0.174909 -4.39911 -818.993 0 
1 823.291 0.319109 0.0224276 0.669364 -0.724147 -1.3624 -0.184119 -4.26615 -818.84 0 
2 824.171 0.322612 0.0224638 0.667745 -0.720584 -1.39672 -0.725422 -4.54663 -818.899 0 
4 823.602 0.315945 0.0225039 0.672474 -0.710873 -1.45101 -0.571746 -4.20677 -818.823 0 
5 824.269 0.320924 0.022456 0.66925 -0.70388 -1.51358 -1.03987 -4.34545 -818.884 0 
1 825.601 0.318146 0.0225653 0.672653 -0.719424 -1.45719 -2.48371 -4.35455 -818.762 0 
1 825.333 0.313319 0.0225359 0.677835 -0.743667 -1.4439 -1.62743 -4.75805 -818.947 0 
1 825.068 0.311421 0.0223563 0.679873 -0.763057 -1.45209 -0.25722 -5.32043 -819.49 0 
2 824.211 0.310333 0.0224385 0.679016 -0.740284 -1.44994 -0.33494 -4.82071 -819.055 0 
3 823.9 0.310157 0.0224277 0.677871 -0.72218 -1.50119 -0.192518 -4.78827 -818.919 0 
2 823.624 0.313527 0.0223225 0.675068 -0.726837 -1.49724 -0.14985 -4.63747 -818.837 0 
4 824.676 0.314045 0.0222308 0.6759 -0.741525 -1.52995 -0.467596 -5.16094 -819.047 0 
2 825.485 0.312901 0.022397 0.679139 -0.755052 -1.51365 -0.654915 -5.46242 -819.368 0 
2 826.742 0.314868 0.0222281 0.676632 -0.747257 -1.53089 -2.35514 -5.28026 -819.106 0 
3 824.866 0.307925 0.0223554 0.679696 -0.741095 -1.41655 -0.806757 -4.93401 -819.126 0 
1 825.346 0.307134 0.0224192 0.679185 -0.722562 -1.43717 -1.35961 -5.03622 -818.95 0 
3 824.389 0.308771 0.0224579 0.677387 -0.722409 -1.41017 -0.775072 -4.74219 -818.872 0 
2 824.219 0.316218 0.0224157 0.671397 -0.725877 -1.38153 -1.17581 -4.26374 -818.78 0 
4 823.892 0.319044 0.0222999 0.669229 -0.732097 -1.37087 -0.676543 -4.45751 -818.758 0 
5 824.842 0.319806 0.0222715 0.670575 -0.754452 -1.36424 -0.931008 -5.16958 -818.741 0 
5 824.466 0.3172 0.0223092 0.673883 -0.768407 -1.33824 -0.320114 -5.20613 -818.94 0 
1 824.597 0.31877 0.022449 0.671122 -0.747518 -1.31572 -1.22915 -4.63214 -818.736 0 
2 826.152 0.314225 0.0224874 0.67491 -0.750834 -1.33447 -2.75051 -4.5575 -818.844 0 
1 825.228 0.310969 0.022341 0.678375 -0.76514 -1.36856 -0.917186 -5.00334 -819.308 0 
7 824.897 0.310313 0.0223098 0.679568 -0.764726 -1.38408 -0.491893 -5.01191 -819.393 0 
2 824.411 0.315992 0.0222647 0.674811 -0.760108 -1.40875 -0.237163 -5.17433 -819 0 
4 824.494 0.316881 0.0223426 0.674703 -0.760469 -1.39235 -0.416095 -5.14696 -818.931 0 
1 825.588 0.322048 0.0222242 0.670286 -0.764869 -1.35781 -1.05142 -5.78891 -818.748 0 
1 826.657 0.322853 0.0223459 0.670509 -0.763993 -1.34291 -2.16191 -5.77948 -818.715 0 
3 825.399 0.321493 0.0223749 0.670975 -0.756385 -1.35592 -1.3544 -5.3312 -818.713 0 
4 824.487 0.321806 0.0223905 0.669827 -0.733896 -1.45438 -0.70878 -5.08455 -818.694 0 
1 825.904 0.316794 0.0225537 0.674025 -0.729117 -1.42085 -2.77337 -4.38178 -818.748 0 
1 824.151 0.318986 0.0224099 0.672043 -0.721831 -1.51941 -0.738841 -4.69207 -818.72 0 
2 824.157 0.313481 0.0224193 0.675901 -0.719159 -1.52637 -0.753357 -4.5875 -818.817 0 
2 827.174 0.317246 0.022434 0.672906 -0.702598 -1.56752 -4.04662 -4.34163 -818.786 0 
1 824.449 0.320802 0.0222845 0.667177 -0.684043 -1.58169 -1.20215 -4.15774 -819.089 0 
1 824.403 0.315345 0.0222879 0.673295 -0.705915 -1.58867 -1.10379 -4.52314 -818.776 0 
3 824.564 0.322229 0.0223593 0.666401 -0.676124 -1.6025 -1.16204 -4.1271 -819.275 0 
6 824.114 0.325698 0.0222588 0.664373 -0.681414 -1.65773 -0.271451 -4.72408 -819.118 0 
2 824.32 0.325617 0.0223379 0.664642 -0.66178 -1.74358 -0.504473 -4.45921 -819.357 0 
6 826.545 0.322856 0.0223016 0.667638 -0.67036 -1.74792 -3.0723 -4.44646 -819.027 0 
1 826.307 0.32769 0.0223617 0.663341 -0.660114 -1.72528 -2.17861 -4.53731 -819.591 0 
1 826.549 0.330739 0.022441 0.659867 -0.639838 -1.73497 -1.47983 -4.46452 -820.605 0 
1 827.579 0.331569 0.022246 0.659438 -0.642889 -1.79676 -2.57805 -4.81256 -820.188 0 
1 828.509 0.329907 0.0221101 0.662114 -0.672648 -1.77648 -3.84237 -5.51426 -819.152 0 
2 828.483 0.335961 0.0221893 0.658471 -0.678029 -1.75874 -1.90267 -7.20567 -819.375 0 
3 826.648 0.332393 0.0221847 0.657698 -0.64724 -1.78833 -1.34211 -5.19355 -820.112 0 
2 824.422 0.327779 0.0223012 0.661369 -0.645675 -1.76943 -0.114785 -4.38096 -819.926 0 
1 824.428 0.326291 0.022337 0.662067 -0.657825 -1.67172 -0.349901 -4.26227 -819.816 0 
1 824.058 0.323787 0.0224379 0.666475 -0.672689 -1.68034 -0.491197 -4.38064 -819.187 0 
1 826.25 0.327515 0.0224652 0.664785 -0.679629 -1.65847 -2.13098 -4.87895 -819.24 0 
9 826.148 0.327567 0.0225322 0.663619 -0.662897 -1.67176 -1.96167 -4.47212 -819.715 0 
2 824.847 0.322432 0.0225361 0.667615 -0.662246 -1.72657 -1.35188 -4.23863 -819.256 0 
4 825.859 0.315961 0.0225141 0.672978 -0.675537 -1.74422 -2.39865 -4.60324 -818.857 0 
3 824.283 0.323825 0.0224715 0.665685 -0.661143 -1.70592 -0.635745 -4.22767 -819.42 0 
1 824.326 0.319914 0.0224774 0.667541 -0.653977 -1.7134 -0.827582 -4.08268 -819.416 0 
3 823.562 0.320387 0.0223703 0.669641 -0.685529 -1.68072 -0.217476 -4.49254 -818.852 0 
1 823.776 0.319337 0.0223888 0.670413 -0.681041 -1.69581 -0.489171 -4.41253 -818.874 0 
7 823.874 0.32327 0.022414 0.667002 -0.679712 -1.66758 -0.347742 -4.48354 -819.042 0 
1 824.439 0.326363 0.0222431 0.66444 -0.678618 -1.71141 -0.442057 -4.9394 -819.057 0 
5 825.293 0.328134 0.0222011 0.66064 -0.658778 -1.68688 -0.971493 -4.48608 -819.836 0 
1 825.809 0.326364 0.0222771 0.662017 -0.655418 -1.66566 -1.7003 -4.16723 -819.941 0 
1 825.254 0.327168 0.022235 0.662081 -0.668135 -1.64994 -1.1722 -4.48037 -819.601 0 
1 824.033 0.325183 0.022301 0.663422 -0.668179 -1.63817 -0.232307 -4.27062 -819.53 0 
2 827.001 0.328901 0.022272 0.656784 -0.635673 -1.613 -1.42448 -4.12496 -821.452 0 
2 828.702 0.331959 0.0222568 0.654098 -0.628501 -1.64328 -2.30633 -4.38748 -822.008 0 
1 826.606 0.326196 0.0223055 0.658855 -0.644821 -1.57086 -1.6448 -4.00553 -820.956 0 
1 825.749 0.320296 0.0222681 0.666997 -0.681551 -1.56237 -2.4975 -4.07066 -819.181 0 
2 823.831 0.317925 0.0224083 0.669952 -0.690604 -1.53792 -0.719054 -4.13013 -818.982 0 
1 825.524 0.324271 0.0225571 0.666351 -0.691608 -1.51783 -1.91047 -4.37697 -819.237 0 
2 828.417 0.325517 0.0225865 0.662853 -0.670808 -1.52809 -4.28093 -4.18788 -819.948 0 
6 826.03 0.318692 0.0224903 0.667681 -0.683324 -1.50713 -2.75764 -4.03243 -819.24 0 
1 824.707 0.318972 0.022345 0.667071 -0.694204 -1.46215 -1.52229 -4.05905 -819.125 0 
1 823.791 0.319208 0.0225186 0.668131 -0.695759 -1.42309 -0.553166 -4.02526 -819.213 0 
1 824.112 0.310075 0.0223869 0.676665 -0.730602 -1.40395 -0.622915 -4.60907 -818.88 0 
1 824.368 0.310011 0.0225273 0.676284 -0.713978 -1.42171 -0.926933 -4.60361 -818.838 0 
1 823.602 0.315542 0.0223595 0.671915 -0.720622 -1.42956 -0.526616 -4.29898 -818.776 0 
1 824.224 0.315693 0.022433 0.672031 -0.723571 -1.40395 -1.16356 -4.28307 -818.777 0 
1 824.378 0.313485 0.0223989 0.677193 -0.756151 -1.41571 -0.318131 -4.97752 -819.082 0 
1 825.676 0.325855 0.0224082 0.666323 -0.730771 -1.42515 -1.40625 -5.49255 -818.777 0 
1 828.309 0.330151 0.0224344 0.663685 -0.723755 -1.42998 -3.24302 -6.05931 -819.007 0 
2 828.071 0.325664 0.0224277 0.667291 -0.736307 -1.37565 -3.95558 -5.32483 -818.79 0 
2 830.086 0.327328 0.0225573 0.666091 -0.737614 -1.30612 -5.67468 -5.44843 -818.963 0 
1 829.724 0.317106 0.0224945 0.675331 -0.767706 -1.26894 -6.16159 -4.72169 -818.84 0 
2 829.362 0.318017 0.0224722 0.675507 -0.771351 -1.3181 -5.29045 -5.1587 -818.913 0 
3 825.093 0.315154 0.0225609 0.67553 -0.760958 -1.26362 -1.76548 -4.4926 -818.835 0 
5 824.552 0.317012 0.0225047 0.673781 -0.759401 -1.27098 -1.18316 -4.58606 -818.783 0 
6 825.312 0.313243 0.0225279 0.677751 -0.763063 -1.33546 -1.49065 -4.77802 -819.043 0 
1 826.202 0.317861 0.022403 0.674876 -0.76481 -1.36879 -2.07108 -5.22158 -818.909 0 
6 823.841 0.319098 0.022398 0.671431 -0.738401 -1.3892 -0.487168 -4.62977 -818.724 0 
2 824.76 0.320876 0.0223241 0.665696 -0.707245 -1.38543 -1.47342 -4.16306 -819.124 0 
2 823.643 0.31867 0.0223397 0.669934 -0.717697 -1.46886 -0.448831 -4.42903 -818.766 0 
1 824.387 0.317942 0.0223509 0.673528 -0.748309 -1.43053 -0.575964 -5.01031 -818.8 0 
1 823.669 0.318005 0.0222659 0.671473 -0.735115 -1.43827 -0.25888 -4.67573 -818.734 0 
2 825.502 0.318851 0.0222115 0.672009 -0.746438 -1.43502 -1.71672 -5.02293 -818.762 0 
3 824.153 0.316882 0.022226 0.672269 -0.738511 -1.43016 -0.728618 -4.66021 -818.764 0 
1 823.707 0.318928 0.0222922 0.670222 -0.71792 -1.48247 -0.50378 -4.44981 -818.753 0 
2 824.676 0.313737 0.0224249 0.675303 -0.729395 -1.4242 -1.47762 -4.40421 -818.794 0 
3 825.525 0.306694 0.0224151 0.68133 -0.745867 -1.44462 -0.898775 -5.24318 -819.383 0 
1 824.729 0.314637 0.022273 0.676196 -0.747614 -1.51983 -0.308029 -5.32147 -819.1 0 
1 827.411 0.320158 0.0221085 0.671768 -0.747872 -1.58052 -2.17838 -6.30681 -818.926 0 
2 826.308 0.317918 0.0222211 0.675014 -0.745075 -1.63417 -0.941907 -6.23398 -819.132 0 
2 826.925 0.315039 0.0222994 0.678273 -0.74666 -1.62999 -1.61646 -5.94096 -819.368 0 
6 826.572 0.315449 0.0222673 0.677738 -0.743979 -1.67789 -0.85445 -6.29075 -819.427 0 
1 826.617 0.313179 0.0223152 0.678656 -0.740973 -1.65227 -1.22954 -5.9412 -819.446 0 
16 825.61 0.308821 0.022307 0.681777 -0.73686 -1.64708 -0.0956697 -5.82223 -819.692 0 
2 825.451 0.314513 0.0222981 0.67309 -0.7021 -1.62164 -1.99072 -4.66587 -818.795 0 
1 823.876 0.315517 0.0222905 0.674451 -0.719486 -1.60566 -0.119016 -4.92712 -818.83 0 
4 824.213 0.313098 0.0223403 0.677234 -0.729185 -1.58012 -0.156946 -5.05008 -819.006 0 
5 823.787 0.311433 0.0224064 0.677082 -0.713035 -1.57536 -0.0890737 -4.81141 -818.886 0 
1 824.33 0.316097 0.0223105 0.674234 -0.719636 -1.58457 -0.73654 -4.80125 -818.792 0 
2 824.072 0.313708 0.0224046 0.67445 -0.700702 -1.61518 -0.626147 -4.63938 -818.807 0 
1 823.842 0.323161 0.0222571 0.665761 -0.676442 -1.67737 -0.328466 -4.42928 -819.084 0 
3 825.78 0.317432 0.0221471 0.669436 -0.68261 -1.67765 -2.51143 -4.40982 -818.859 0 
6 825.13 0.32132 0.022244 0.665224 -0.654538 -1.69902 -1.57971 -4.03129 -819.519 0 
2 826.896 0.323041 0.0221433 0.663838 -0.655654 -1.71211 -3.28199 -4.0885 -819.525 0 
1 828.033 0.326019 0.022245 0.661873 -0.642814 -1.72035 -3.84106 -4.03385 -820.158 0 
1 825.912 0.319651 0.0221573 0.666737 -0.670052 -1.67652 -2.61817 -4.18439 -819.11 0 
1 826.007 0.314041 0.0221934 0.673197 -0.697512 -1.67505 -2.38276 -4.8065 -818.818 0 
1 825.773 0.311241 0.022213 0.67547 -0.694859 -1.67662 -1.92051 -4.96921 -818.883 0 
2 825.311 0.31607 0.0221497 0.673478 -0.701389 -1.74678 -1.31836 -5.15934 -818.834 0 
2 825.23 0.314687 0.0222105 0.673406 -0.688604 -1.7575 -1.44889 -4.95332 -818.827 0 
1 824.885 0.321558 0.0221507 0.667489 -0.674896 -1.77837 -1.31205 -4.70861 -818.864 0 
4 824.581 0.32719 0.0222339 0.66199 -0.649867 -1.78152 -0.447307 -4.45551 -819.678 0 
1 823.984 0.323303 0.0222826 0.667256 -0.673608 -1.77087 -0.33184 -4.72366 -818.928 0 
7 823.684 0.321293 0.0223011 0.667337 -0.677223 -1.68314 -0.310483 -4.37699 -818.997 0 
3 824.776 0.325186 0.0223973 0.666138 -0.677834 -1.72393 -0.909182 -4.86456 -819.002 0 
1 824.246 0.321729 0.0224147 0.668283 -0.679611 -1.70039 -0.786669 -4.52998 -818.929 0 
1 823.97 0.321513 0.0224192 0.669128 -0.671593 -1.764 -0.500897 -4.53154 -818.937 0 
6 824.701 0.321252 0.0224598 0.670037 -0.681885 -1.74289 -1.14808 -4.73219 -818.821 0 
1 825.054 0.315675 0.0223993 0.676108 -0.712697 -1.68973 -1.04295 -5.14122 -818.87 0 
1 824.849 0.314275 0.0223805 0.676799 -0.702215 -1.7441 -0.785855 -5.15817 -818.905 0 
6 824.825 0.311281 0.0224181 0.67875 -0.699912 -1.76457 -0.333758 -5.43479 -819.056 0 
5 824.811 0.310052 0.0224135 0.679847 -0.706218 -1.71359 -0.315634 -5.38959 -819.106 0 
2 824.759 0.313801 0.0225928 0.674697 -0.679015 -1.66254 -1.3411 -4.52644 -818.892 0 
1 824.51 0.315736 0.0223919 0.672582 -0.679388 -1.73407 -1.04121 -4.63442 -818.835 0 
1 825.755 0.318303 0.0224053 0.668828 -0.657763 -1.75527 -2.33124 -4.2841 -819.139 0 
4 824.377 0.317711 0.0223901 0.673307 -0.68711 -1.79957 -0.537257 -5.06262 -818.778 0 
3 824.469 0.322581 0.022373 0.669212 -0.681397 -1.78472 -0.672547 -5.00945 -818.787 0 
1 824.297 0.319401 0.0222294 0.669196 -0.676517 -1.75937 -0.840364 -4.61027 -818.846 0 
1 824.05 0.321121 0.0222847 0.669937 -0.685353 -1.78483 -0.260803 -5.03993 -818.749 0 
2 824.988 0.324095 0.0223319 0.66843 -0.69578 -1.718 -0.952245 -5.30766 -818.728 0 
1 823.626 0.316864 0.0223989 0.672645 -0.695207 -1.66573 -0.2274 -4.62399 -818.775 0 
1 823.767 0.321785 0.0224516 0.6674 -0.659524 -1.74081 -0.298684 -4.21104 -819.257 0 
4 824.092 0.321365 0.0224211 0.66573 -0.642315 -1.7526 -0.361517 -4.01443 -819.716 0 
1 825.701 0.320001 0.0223156 0.667419 -0.6613 -1.75648 -2.28051 -4.31062 -819.11 0 
4 824.855 0.319393 0.0223066 0.667802 -0.661989 -1.7435 -1.47077 -4.27465 -819.109 0 
1 826.282 0.318594 0.0222162 0.667779 -0.665083 -1.73484 -2.92251 -4.31424 -819.046 0 
1 826.132 0.322812 0.0222125 0.663482 -0.658161 -1.68407 -2.49764 -4.09411 -819.54 0 
4 824.8 0.325442 0.022319 0.663101 -0.664252 -1.67968 -0.932296 -4.36012 -819.508 0 
3 823.878 0.323792 0.022409 0.664073 -0.657477 -1.64848 -0.0744765 -4.03436 -819.769 0 
4 824.354 0.323264 0.0223396 0.664066 -0.660687 -1.65724 -0.679014 -4.08561 -819.589 0 
2 823.796 0.322819 0.0224405 0.665177 -0.66267 -1.634 -0.16184 -4.0426 -819.591 0 
2 824.322 0.325037 0.022455 0.664906 -0.675029 -1.62482 -0.574456 -4.38462 -819.363 0 
3 826.209 0.324511 0.0223215 0.66243 -0.667795 -1.59268 -2.35791 -4.15951 -819.692 0 
5 826.628 0.323997 0.0222525 0.661873 -0.664162 -1.58613 -2.74983 -4.05902 -819.819 0 
4 826.084 0.323719 0.0222803 0.661707 -0.659139 -1.57477 -2.05523 -3.9783 -820.05 0 
2 824.222 0.322079 0.0223051 0.664638 -0.667101 -1.60571 -0.673027 -4.03032 -819.518 0 
3 825.306 0.318294 0.0222487 0.66718 -0.676341 -1.56678 -2.02792 -4.06115 -819.217 0 
1 827.511 0.317149 0.0223206 0.66572 -0.658316 -1.52071 -3.44298 -4.17824 -819.889 0 
2 827.212 0.321927 0.0221449 0.664506 -0.68386 -1.52822 -3.82044 -4.09262 -819.299 0 
2 827.476 0.332826 0.0222481 0.654933 -0.654825 -1.51885 -1.17272 -4.8419 -821.462 0 
3 829.334 0.333352 0.0223148 0.658199 -0.68637 -1.47775 -3.56526 -5.57417 -820.195 0 
2 828.946 0.332488 0.0225019 0.657497 -0.669952 -1.4336 -2.76049 -4.99954 -821.186 0 
1 830.255 0.324743 0.0224701 0.661848 -0.662897 -1.43737 -5.39301 -4.11263 -820.749 0 
1 826.506 0.324335 0.0223628 0.660382 -0.663454 -1.42575 -1.66034 -4.08842 -820.757 0 
1 826.468 0.332617 0.0224361 0.657077 -0.678079 -1.44066 -0.508524 -5.23079 -820.729 0 
5 824.893 0.328469 0.0224222 0.660593 -0.683199 -1.4483 -0.21042 -4.5998 -820.083 0 
2 824.442 0.326745 0.0222599 0.663193 -0.71909 -1.39991 -0.25601 -5.13189 -819.054 0 
10 824.39 0.323931 0.0224118 0.666393 -0.725048 -1.38666 -0.670694 -4.835 -818.884 0 
2 824.258 0.311942 0.0224223 0.676056 -0.729354 -1.40365 -0.994559 -4.44153 -818.822 0 
2 825.392 0.311311 0.0222788 0.675363 -0.723394 -1.43989 -2.03284 -4.52606 -818.833 0 
4 824.737 0.310488 0.0222876 0.676256 -0.723623 -1.47267 -1.1635 -4.68872 -818.885 0 
2 826.594 0.31044 0.0222514 0.6742 -0.699096 -1.52846 -3.03271 -4.71002 -818.852 0 
1 826.378 0.309885 0.0221845 0.676766 -0.723816 -1.53141 -2.44297 -4.939 -818.996 0 
4 824.719 0.310248 0.0223129 0.676819 -0.713016 -1.5669 -0.897194 -4.90387 -818.918 0 
2 825.541 0.308625 0.0223149 0.68098 -0.741127 -1.57827 -0.390089 -5.58387 -819.567 0 
1 824.797 0.31033 0.0222909 0.679282 -0.729649 -1.61345 -0.173276 -5.35908 -819.265 0 
1 825.296 0.307601 0.0223654 0.682109 -0.734439 -1.60895 -0.0362594 -5.67814 -819.582 0 
3 825.55 0.312622 0.0223056 0.678656 -0.732513 -1.67203 -0.468858 -5.73826 -819.343 0 
4 826.69 0.320631 0.0223066 0.671113 -0.724586 -1.62172 -2.3592 -5.61013 -818.721 0 
4 825.964 0.311261 0.0223568 0.680095 -0.751684 -1.56009 -0.719183 -5.67131 -819.573 0 
2 828.139 0.308403 0.0224972 0.683832 -0.756652 -1.56914 -2.11686 -5.96716 -820.055 0 
1 828.03 0.307561 0.0224729 0.685363 -0.763203 -1.56261 -1.55698 -6.09869 -820.374 0 
2 828.63 0.305713 0.022458 0.687251 -0.766852 -1.58337 -1.25432 -6.48133 -820.894 0 
2 828.02 0.314605 0.0224573 0.679434 -0.749549 -1.61743 -2.57134 -6.01281 -819.436 0 
1 827.817 0.315034 0.022401 0.679112 -0.75224 -1.62829 -2.06214 -6.24169 -819.513 0 
4 825.315 0.317768 0.0223767 0.674844 -0.737069 -1.56896 -1.07362 -5.37207 -818.869 0 
1 824.269 0.317804 0.0222552 0.672556 -0.725377 -1.58013 -0.417868 -5.07871 -818.773 0 
4 825.433 0.322057 0.0222707 0.670287 -0.729775 -1.59155 -0.979046 -5.7625 -818.691 0 
3 825.296 0.315033 0.02246 0.676784 -0.733612 -1.56997 -1.19056 -5.15264 -818.953 0 
1 825.436 0.313706 0.0224413 0.677423 -0.732017 -1.58523 -1.20773 -5.1999 -819.028 0 
4 824.351 0.319697 0.0223359 0.672042 -0.714434 -1.64033 -0.511662 -5.12197 -818.717 0 
1 825.017 0.316368 0.0222752 0.675436 -0.719412 -1.70167 -0.618807 -5.46195 -818.936 0 
3 824.661 0.312197 0.0223176 0.678298 -0.716667 -1.69773 -0.164863 -5.38099 -819.115 0 
1 826.022 0.309393 0.0224845 0.681939 -0.723313 -1.68939 -0.902626 -5.69224 -819.427 0 
2 824.781 0.310809 0.0224295 0.679472 -0.709709 -1.71343 -0.255886 -5.40718 -819.118 0 
3 825.108 0.311039 0.0223547 0.679394 -0.70664 -1.7492 -0.494593 -5.47487 -819.139 0 
2 824.46 0.310077 0.0223833 0.678398 -0.690098 -1.74661 -0.182606 -5.30577 -818.972 0 
2 827.149 0.304105 0.0224068 0.684657 -0.719165 -1.70476 -0.86106 -6.45391 -819.834 0 
5 825.399 0.31069 0.0223516 0.68019 -0.720148 -1.73161 -0.224975 -5.78515 -819.389 0 
3 825.414 0.318546 0.022414 0.674016 -0.701755 -1.75211 -1.41447 -5.23536 -818.764 0 
2 825.487 0.315464 0.022453 0.676634 -0.704399 -1.74587 -1.3909 -5.21705 -818.879 0 
2 825.366 0.32032 0.0223609 0.672573 -0.706805 -1.73903 -1.16108 -5.47723 -818.728 0 
4 826.446 0.315609 0.0221721 0.67606 -0.715733 -1.8155 -1.09332 -6.16814 -819.184 0 
3 826.316 0.314141 0.0222448 0.677928 -0.731027 -1.736 -0.765916 -6.15296 -819.397 0 
1 826.872 0.311111 0.0221593 0.678818 -0.721151 -1.75819 -1.41834 -5.98315 -819.471 0 
1 826.664 0.31215 0.0222458 0.67733 -0.716683 -1.7165 -1.92071 -5.57738 -819.166 0 
2 827.248 0.312537 0.0225594 0.677226 -0.689097 -1.75438 -3.25963 -5.10199 -818.886 0 
5 825.714 0.316271 0.0226211 0.672435 -0.655068 -1.78302 -2.19956 -4.43304 -819.081 0 
2 826.177 0.320847 0.0226276 0.668815 -0.651312 -1.76918 -2.67193 -4.15606 -819.349 0 
5 826.831 0.317114 0.0226591 0.673107 -0.657718 -1.79298 -3.38878 -4.4097 -819.032 0 
1 827.434 0.317645 0.0226295 0.673693 -0.666522 -1.7991 -4.0129 -4.5194 -818.902 0 
2 827.891 0.317838 0.0226319 0.674411 -0.665801 -1.8698 -4.23765 -4.80777 -818.845 0 
1 827.875 0.314423 0.0226865 0.675389 -0.648929 -1.85061 -4.0987 -4.73723 -819.039 0 
1 826.25 0.316819 0.0225664 0.674579 -0.660692 -1.89387 -2.53907 -4.83722 -818.874 0 
4 824.909 0.31416 0.0225683 0.673266 -0.639788 -1.85187 -0.96656 -4.75172 -819.191 0 
5 824.446 0.316166 0.0224498 0.673292 -0.670293 -1.81847 -0.818604 -4.779 -818.849 0 
9 823.685 0.31571 0.0224152 0.673367 -0.667872 -1.81667 -0.0830271 -4.73344 -818.869 0 
1 824.36 0.3135 0.0224624 0.6761 -0.684875 -1.77034 -0.511613 -4.9923 -818.856 0 
1 824.897 0.313703 0.0223585 0.675394 -0.694633 -1.74005 -0.974612 -5.05837 -818.864 0 
1 824.856 0.314861 0.0222109 0.674643 -0.691686 -1.79185 -0.851502 -5.14307 -818.862 0 
3 823.724 0.321276 0.0224281 0.668455 -0.6604 -1.78888 -0.260873 -4.37384 -819.089 0 
4 824.082 0.313458 0.022397 0.675811 -0.681972 -1.77245 -0.299155 -4.92959 -818.854 0 
9 823.856 0.313618 0.0224404 0.673777 -0.667613 -1.73783 -0.265499 -4.65778 -818.933 0 
2 823.486 0.318173 0.0224265 0.669642 -0.661996 -1.72353 -0.131164 -4.23295 -819.122 0 
1 824.129 0.316824 0.0222797 0.671406 -0.683324 -1.72343 -0.698744 -4.61951 -818.811 0 
2 825.622 0.313034 0.0224308 0.673443 -0.672613 -1.70542 -2.02907 -4.68165 -818.911 0 
8 826.606 0.315539 0.0225692 0.675224 -0.683726 -1.71454 -3.20555 -4.5808 -818.819 0 
1 824.783 0.31511 0.0223224 0.675492 -0.706076 -1.69645 -0.952944 -4.98603 -818.844 0 
1 824.849 0.31595 0.0224327 0.6741 -0.685173 -1.72045 -1.42963 -4.61227 -818.807 0 
7 824.066 0.316509 0.0223354 0.672627 -0.683225 -1.71973 -0.685297 -4.56576 -818.815 0 
3 824.172 0.317932 0.0222602 0.671617 -0.688222 -1.72645 -0.70974 -4.68581 -818.776 0 
1 824.912 0.312835 0.0222375 0.67669 -0.702076 -1.75303 -0.644716 -5.28389 -818.983 0 
1 824.452 0.312521 0.0223551 0.676729 -0.702581 -1.71177 -0.37228 -5.14514 -818.934 0 
2 826.656 0.307232 0.0224142 0.681038 -0.70499 -1.71848 -1.57527 -5.81019 -819.27 0 
5 828.974 0.311865 0.0224329 0.676013 -0.690932 -1.7221 -5.00822 -5.07912 -818.886 0 
1 828.786 0.322245 0.0224522 0.668102 -0.698513 -1.61515 -5.16129 -4.81462 -818.81 0 
3 826.556 0.321952 0.0225056 0.669232 -0.700387 -1.60964 -2.99536 -4.76922 -818.792 0 
1 826.302 0.323916 0.0225416 0.667409 -0.690561 -1.60935 -2.67436 -4.64073 -818.987 0 
1 824.293 0.318807 0.0223564 0.671932 -0.717263 -1.59337 -0.612759 -4.95505 -818.725 0 
1 823.672 0.315681 0.0223572 0.673562 -0.709687 -1.60229 -0.207998 -4.68892 -818.775 0 
1 823.722 0.316513 0.022385 0.672713 -0.706257 -1.59769 -0.364149 -4.59652 -818.761 0 
1 824.016 0.321403 0.0222576 0.669275 -0.714441 -1.57433 -0.378191 -4.9289 -818.709 0 
7 824.472 0.314893 0.0222739 0.675648 -0.733639 -1.55782 -0.485255 -5.04867 -818.938 0 
1 823.803 0.317496 0.0222655 0.671994 -0.708975 -1.60673 -0.381527 -4.6769 -818.745 0 
2 823.816 0.317683 0.0225047 0.669559 -0.671622 -1.60782 -0.514281 -4.11187 -819.19 0 
1 824.413 0.317145 0.0222813 0.670836 -0.701238 -1.59683 -1.13759 -4.5005 -818.775 0 
7 824.64 0.310653 0.0224354 0.677243 -0.712907 -1.56622 -0.871666 -4.8664 -818.902 0 
1 823.88 0.312108 0.022423 0.676234 -0.701109 -1.6328 -0.218539 -4.81054 -818.851 0 
2 824.935 0.313445 0.022529 0.675726 -0.707353 -1.58455 -1.47849 -4.6469 -818.81 0 
1 824.909 0.309341 0.0224495 0.679538 -0.728841 -1.539 -0.693534 -5.09998 -819.116 0 
3 824.214 0.311827 0.0223424 0.676333 -0.727306 -1.50731 -0.53144 -4.7688 -818.914 0 
2 824.969 0.316461 0.0224217 0.6685 -0.676604 -1.51972 -1.58208 -4.10776 -819.279 0 
6 823.402 0.320523 0.0223391 0.668295 -0.700273 -1.52485 -0.19721 -4.29566 -818.909 0 
1 825.314 0.320245 0.0224312 0.664706 -0.659174 -1.55035 -1.43704 -3.95394 -819.923 0 
2 824.641 0.324283 0.0223204 0.665736 -0.697803 -1.58373 -0.905522 -4.8143 -818.922 0 
3 823.705 0.317458 0.0223524 0.672928 -0.716358 -1.57474 -0.241124 -4.7209 -818.743 0 
3 823.965 0.320183 0.0223847 0.669159 -0.696862 -1.5978 -0.653758 -4.48419 -818.827 0 
1 824.852 0.323031 0.0223329 0.666484 -0.696169 -1.58907 -1.2858 -4.66004 -818.906 0 
3 825.007 0.32583 0.0224092 0.66324 -0.682132 -1.5523 -1.08093 -4.46303 -819.463 0 
4 824.285 0.325008 0.0224737 0.663547 -0.675486 -1.52887 -0.365118 -4.18633 -819.733 0 
1 825.171 0.325911 0.0223381 0.665961 -0.703045 -1.57453 -1.20175 -5.07403 -818.895 0 
1 825.496 0.321652 0.0224143 0.670493 -0.731413 -1.46256 -1.84111 -4.95606 -818.698 0 
1 823.341 0.320112 0.022338 0.669526 -0.726077 -1.43256 -0.0239029 -4.57042 -818.746 0 
1 823.993 0.325211 0.0223257 0.66352 -0.701063 -1.447 -0.173809 -4.54789 -819.271 0 
4 825.514 0.325465 0.0222089 0.662199 -0.701963 -1.43621 -1.62315 -4.59396 -819.297 0 
4 825.055 0.315488 0.022262 0.670702 -0.725659 -1.37531 -2.0285 -4.24154 -818.785 0 
1 825.499 0.311302 0.0221975 0.676336 -0.752686 -1.3858 -1.65167 -4.77357 -819.074 0 
1 825.056 0.313174 0.0223389 0.67602 -0.766613 -1.31504 -1.17364 -4.81664 -819.066 0 
10 823.663 0.3138 0.0223352 0.675615 -0.763014 -1.3055 -0.0501265 -4.6528 -818.96 0 
1 824.191 0.317772 0.0222175 0.6704 -0.747545 -1.30601 -0.958269 -4.4866 -818.747 0 
1 823.948 0.319285 0.0223771 0.668064 -0.72698 -1.31197 -0.821886 -4.2322 -818.894 0 
5 824.052 0.318987 0.0224016 0.666766 -0.7061 -1.33244 -0.784666 -4.03377 -819.234 0 
2 824.665 0.321818 0.0222326 0.66494 -0.716333 -1.33767 -1.29194 -4.27491 -819.098 0 
3 826.113 0.331921 0.0223506 0.656313 -0.684715 -1.36142 -0.0949094 -5.17753 -820.841 0 
1 824.276 0.321804 0.0223371 0.665161 -0.702727 -1.36937 -0.822921 -4.1241 -819.329 0 
1 824.121 0.325264 0.0223091 0.662725 -0.702005 -1.39592 -0.219042 -4.46697 -819.435 0 
3 824.306 0.325249 0.0223708 0.66219 -0.691249 -1.39381 -0.215799 -4.28884 -819.801 0 
8 824.781 0.325411 0.0222124 0.662682 -0.712182 -1.37737 -0.887522 -4.66591 -819.228 0 
4 824.424 0.317363 0.0223456 0.670849 -0.738964 -1.34708 -1.23107 -4.44457 -818.748 0 
1 824.111 0.313285 0.0223469 0.674446 -0.746799 -1.33578 -0.810796 -4.45987 -818.841 0 
2 826.368 0.312184 0.0223438 0.677415 -0.769964 -1.34508 -2.05252 -5.04599 -819.269 0 
2 827.593 0.308003 0.0223134 0.680934 -0.777621 -1.34632 -2.45633 -5.30381 -819.833 0 
2 827.253 0.310108 0.0222366 0.678694 -0.778981 -1.32507 -2.47227 -5.17844 -819.602 0 
2 827.226 0.313911 0.0222152 0.676559 -0.779982 -1.36424 -2.19629 -5.57343 -819.457 0 
3 827.214 0.323335 0.022257 0.669038 -0.76392 -1.37821 -2.23094 -6.26144 -818.722 0 
1 826.66 0.315862 0.0223635 0.677355 -0.774792 -1.39826 -1.79374 -5.58418 -819.282 0 
2 826.773 0.311343 0.0223267 0.680555 -0.777639 -1.38531 -1.75614 -5.33492 -819.682 0 
2 827.239 0.30864 0.022418 0.683307 -0.77438 -1.41351 -1.8631 -5.4247 -819.951 0 
4 826.61 0.305931 0.022437 0.685365 -0.78116 -1.38598 -0.611249 -5.62332 -820.376 0 
2 826.448 0.304451 0.0225371 0.683951 -0.73922 -1.43912 -1.57835 -5.50212 -819.368 0 
2 825.193 0.313612 0.0225739 0.675624 -0.709726 -1.50229 -2.00142 -4.39348 -818.798 0 
2 825.504 0.313219 0.0225853 0.674963 -0.69401 -1.53618 -2.22931 -4.40387 -818.871 0 
4 826.101 0.312337 0.0225665 0.674227 -0.688415 -1.49589 -2.63237 -4.48626 -818.982 0 
2 826.002 0.321168 0.0225475 0.667121 -0.662374 -1.60069 -2.39333 -3.96688 -819.642 0 
4 825.461 0.318538 0.022348 0.66958 -0.684866 -1.58401 -2.31715 -4.14267 -819.001 0 
2 825.913 0.319298 0.0222679 0.672109 -0.723052 -1.57208 -2.23611 -4.9567 -818.72 0 
1 823.98 0.324323 0.0224411 0.664468 -0.674351 -1.58156 -0.266068 -4.20625 -819.508 0 
3 826.169 0.330191 0.0224895 0.657697 -0.639509 -1.59551 -0.387456 -4.2851 -821.496 0 
4 824.323 0.32657 0.0224311 0.662754 -0.667096 -1.605 -0.220218 -4.3063 -819.797 0 
1 823.95 0.322151 0.0224112 0.664993 -0.663942 -1.59028 -0.282445 -3.97757 -819.69 0 
5 823.854 0.320766 0.0224544 0.666086 -0.668669 -1.56021 -0.305334 -3.97391 -819.574 0 
1 823.546 0.319268 0.0224275 0.668612 -0.688098 -1.55485 -0.368918 -4.15158 -819.025 0 
4 823.369 0.319596 0.0224023 0.668069 -0.689903 -1.51464 -0.182723 -4.08716 -819.099 0 
2 824.477 0.317996 0.0225076 0.670205 -0.692831 -1.49341 -1.35797 -4.07723 -819.042 0 
1 825.094 0.324491 0.0225103 0.662498 -0.663712 -1.4896 -0.695571 -4.02636 -820.372 0 
1 825.56 0.322637 0.0224789 0.662636 -0.659137 -1.4708 -1.01816 -4.00539 -820.536 0 
3 824.793 0.320467 0.0224071 0.66477 -0.670741 -1.49438 -1.06993 -3.95885 -819.764 0 
4 825.007 0.327374 0.0222934 0.659891 -0.667575 -1.52952 -0.494424 -4.2956 -820.217 0 
2 826.119 0.325531 0.0224639 0.660451 -0.647511 -1.52421 -1.03116 -4.02945 -821.058 0 
1 824.62 0.32477 0.0223485 0.665493 -0.69935 -1.51312 -0.956114 -4.57859 -819.085 0 
1 824.518 0.321403 0.022391 0.67041 -0.720019 -1.55883 -0.763972 -5.06017 -818.694 0 
6 824.485 0.31232 0.0224881 0.677747 -0.721797 -1.57133 -0.666434 -4.88912 -818.929 0 
1 824.859 0.31237 0.0223104 0.678335 -0.737383 -1.59928 -0.181017 -5.42757 -819.25 0 
3 823.954 0.313577 0.0224027 0.676494 -0.725013 -1.5495 -0.278352 -4.79551 -818.88 0 
2 824.806 0.313754 0.0224111 0.67761 -0.731998 -1.5767 -0.708299 -5.08986 -819.007 0 
4 825.616 0.306848 0.0224225 0.683431 -0.747118 -1.54746 -0.143746 -5.68593 -819.787 0 
1 825.456 0.310169 0.022366 0.681193 -0.755694 -1.51662 -0.348088 -5.48502 -819.623 0 
1 824.824 0.313116 0.0222769 0.677176 -0.747288 -1.51793 -0.369985 -5.26904 -819.185 0 
3 824.8 0.314434 0.0223824 0.677229 -0.756874 -1.44698 -0.521448 -5.1643 -819.114 0 
1 823.695 0.318615 0.0223512 0.671442 -0.740022 -1.40682 -0.219648 -4.74748 -818.728 0 
7 824.843 0.323198 0.0222717 0.668714 -0.748966 -1.40519 -0.537013 -5.6276 -818.679 0 
2 824.469 0.31997 0.0222121 0.67011 -0.742466 -1.40364 -0.867493 -4.88882 -818.712 0 
1 824.9 0.321329 0.0221466 0.667823 -0.727308 -1.46215 -1.33512 -4.84712 -818.717 0 
5 824.791 0.324342 0.0222125 0.665962 -0.720433 -1.50014 -0.827128 -5.20972 -818.754 0 
4 824.823 0.320645 0.0222639 0.671152 -0.751642 -1.44056 -0.524426 -5.54489 -818.753 0 
1 827.986 0.314067 0.0220715 0.674937 -0.754594 -1.48601 -3.41313 -5.38203 -819.191 0 
8 828.034 0.313766 0.0220619 0.676554 -0.758578 -1.50232 -3.18364 -5.49589 -819.354 0 
4 829.729 0.312475 0.0219981 0.678212 -0.776136 -1.48088 -3.81501 -5.99227 -819.922 0 
2 829.774 0.31422 0.0220834 0.679504 -0.79587 -1.49601 -1.94003 -7.25101 -820.583 0 
1 828.769 0.317266 0.0220897 0.675763 -0.776671 -1.53204 -2.10003 -6.98815 -819.681 0 
3 830.192 0.317628 0.0221425 0.672969 -0.7537 -1.52566 -5.18338 -5.9595 -819.049 0 
1 828.158 0.309858 0.0222207 0.683076 -0.789493 -1.49685 -0.669745 -6.61271 -820.875 0 
4 829.824 0.314943 0.0221133 0.679239 -0.799441 -1.48239 -1.80379 -7.44617 -820.574 0 
2 827.706 0.323165 0.0221502 0.670812 -0.764157 -1.48344 -2.04861 -6.80974 -818.847 0 
2 827.632 0.321545 0.0222688 0.672809 -0.778594 -1.41659 -1.7532 -6.83599 -819.043 0 
2 826.958 0.311575 0.0223298 0.681425 -0.801363 -1.33299 -0.730843 -5.94421 -820.283 0 
1 825.07 0.314909 0.0223902 0.676684 -0.78008 -1.30246 -0.650717 -5.21646 -819.203 0 
3 826.755 0.313663 0.0225607 0.678583 -0.773244 -1.3041 -2.73136 -4.88465 -819.139 0 
5 823.405 0.31692 0.0224545 0.672223 -0.749911 -1.25619 -0.30235 -4.33905 -818.764 0 
1 823.494 0.316609 0.0224374 0.672874 -0.762587 -1.22118 -0.22124 -4.48711 -818.786 0 
1 823.628 0.316329 0.0223629 0.673475 -0.766303 -1.2413 -0.200684 -4.60099 -818.826 0 
3 823.448 0.317899 0.0224228 0.671433 -0.757892 -1.22688 -0.18916 -4.49918 -818.76 0 
2 825.861 0.317019 0.0222856 0.669731 -0.753745 -1.21037 -2.73473 -4.35046 -818.776 0 
5 824.648 0.310933 0.0223632 0.677685 -0.777807 -1.23135 -0.736004 -4.69322 -819.218 0 
1 825.444 0.319913 0.0222411 0.669223 -0.768108 -1.22144 -1.67011 -5.02175 -818.752 0 
1 825.262 0.317917 0.0221502 0.670169 -0.764666 -1.21961 -1.86518 -4.62569 -818.771 0 
1 824.738 0.318513 0.022216 0.671088 -0.780778 -1.15784 -1.0242 -4.89294 -818.821 0 
1 826.14 0.316431 0.0224685 0.673333 -0.758837 -1.20144 -3.05372 -4.30856 -818.778 0 
2 826.158 0.315999 0.0224559 0.674352 -0.769278 -1.18652 -2.90445 -4.43567 -818.818 0 
1 823.336 0.312949 0.0224032 0.67523 -0.759805 -1.23966 -0.0967877 -4.37121 -818.868 0 
4 824.23 0.316022 0.022355 0.67326 -0.76083 -1.23708 -1.00547 -4.42951 -818.795 0 
4 823.791 0.31698 0.0225306 0.669752 -0.7261 -1.23326 -0.704546 -4.07119 -819.015 0 
5 826.137 0.313642 0.0226083 0.674717 -0.740372 -1.23321 -3.15932 -4.16499 -818.812 0 
8 825.417 0.321742 0.0225353 0.66576 -0.715278 -1.22808 -1.71877 -4.2004 -819.498 0 
7 824.941 0.319506 0.0225337 0.667563 -0.719192 -1.22539 -1.55308 -4.10672 -819.282 0 
1 825.672 0.314414 0.0223663 0.671144 -0.746683 -1.19606 -2.70459 -4.15593 -818.811 0 
1 824.806 0.321703 0.0224599 0.666804 -0.74462 -1.19229 -1.31733 -4.54763 -818.941 0 
1 824.798 0.320247 0.0224661 0.668053 -0.743749 -1.21364 -1.50789 -4.41453 -818.875 0 
1 826.638 0.319772 0.0226462 0.668969 -0.743462 -1.16875 -3.38202 -4.29912 -818.957 0 
1 825.873 0.315024 0.0226457 0.674016 -0.758044 -1.13488 -2.89402 -4.16771 -818.811 0 
2 824.198 0.318193 0.0223283 0.672447 -0.789987 -1.12467 -0.29834 -5.01308 -818.887 0 
1 824.233 0.320707 0.0225276 0.668214 -0.753528 -1.11733 -0.831625 -4.45684 -818.944 0 
5 825.628 0.318587 0.022609 0.667948 -0.7342 -1.13844 -2.31747 -4.14482 -819.165 0 
2 824.235 0.312598 0.0225202 0.677001 -0.77999 -1.1452 -0.814599 -4.42682 -818.994 0 
2 826.621 0.312495 0.0225906 0.676262 -0.779069 -1.11664 -3.30207 -4.37264 -818.946 0 
9 825.732 0.319738 0.0224675 0.666908 -0.742116 -1.14629 -2.43047 -4.27095 -819.031 0 
2 825.854 0.32019 0.0224852 0.666217 -0.737381 -1.14507 -2.45319 -4.2583 -819.142 0 
1 826.309 0.319444 0.0224068 0.668529 -0.760368 -1.14916 -2.95689 -4.54936 -818.802 0 
1 826.046 0.31978 0.0222392 0.66772 -0.760119 -1.18149 -2.61769 -4.65365 -818.774 0 
5 824.447 0.320845 0.0222114 0.668781 -0.772834 -1.17824 -0.625819 -5.06869 -818.752 0 
1 824.544 0.323868 0.0223162 0.666951 -0.768728 -1.161 -0.390918 -5.37914 -818.774 0 
2 823.872 0.320297 0.0224673 0.666381 -0.727048 -1.18632 -0.435414 -4.18341 -819.253 0 
1 825.966 0.323417 0.0224679 0.661673 -0.697622 -1.20919 -1.2534 -4.33844 -820.374 0 
1 826.525 0.326366 0.022383 0.658896 -0.699517 -1.2193 -1.46713 -4.56811 -820.49 0 
1 823.745 0.32006 0.0223385 0.666854 -0.728918 -1.24702 -0.517495 -4.20064 -819.027 0 
1 824.453 0.319837 0.0223276 0.666845 -0.725407 -1.2511 -1.2257 -4.1512 -819.076 0 
4 823.916 0.320648 0.022343 0.668252 -0.747481 -1.22117 -0.598332 -4.48989 -818.828 0 
5 824.009 0.321298 0.022241 0.667242 -0.743795 -1.27123 -0.589631 -4.61922 -818.8 0 
2 823.323 0.320527 0.0223513 0.667945 -0.741443 -1.25386 -0.0348056 -4.44891 -818.839 0 
7 823.333 0.317419 0.0224743 0.670699 -0.742622 -1.22533 -0.312239 -4.19524 -818.825 0 
4 823.671 0.321255 0.0224375 0.668019 -0.743259 -1.24329 -0.277809 -4.54465 -818.849 0 
3 825.004 0.3222 0.0222127 0.66723 -0.753066 -1.24363 -1.36446 -4.87079 -818.769 0 
2 826.758 0.32165 0.0220663 0.668583 -0.771639 -1.26802 -2.47768 -5.53176 -818.749 0 
2 824.584 0.319466 0.0222478 0.670642 -0.760975 -1.27511 -0.984328 -4.85491 -818.745 0 
1 823.982 0.318556 0.0223072 0.672095 -0.77038 -1.26161 -0.144031 -5.02424 -818.814 0 
1 824.785 0.317912 0.0222204 0.673006 -0.781479 -1.26254 -0.465045 -5.34382 -818.976 0 
1 824.418 0.31176 0.0223114 0.678175 -0.784132 -1.24718 -0.193663 -4.86895 -819.355 0 
5 824.076 0.312267 0.0222966 0.676068 -0.77997 -1.17371 -0.512083 -4.50565 -819.058 0 
1 823.628 0.315739 0.0223824 0.671751 -0.769256 -1.08367 -0.568568 -4.2458 -818.814 0 
2 823.754 0.311434 0.0224067 0.677451 -0.78652 -1.1327 -0.130513 -4.48934 -819.134 0 
4 824.486 0.316666 0.0224536 0.671129 -0.750967 -1.15224 -1.48118 -4.16434 -818.84 0 
2 823.853 0.316531 0.022338 0.670326 -0.749363 -1.17657 -0.858196 -4.17265 -818.823 0 
1 824.172 0.323578 0.0224568 0.663919 -0.726611 -1.17799 -0.241995 -4.46317 -819.467 0 
2 825.316 0.320306 0.0223649 0.668152 -0.746091 -1.18265 -2.05606 -4.35605 -818.904 0 
3 825.49 0.320655 0.0225007 0.669571 -0.747972 -1.21513 -2.18339 -4.4739 -818.832 0 
4 825.822 0.329856 0.0223606 0.661534 -0.74341 -1.2106 -0.582551 -6.00336 -819.236 0 
3 826.507 0.327122 0.0223761 0.666088 -0.757919 -1.29008 -1.57296 -6.20624 -818.728 0 
2 826.588 0.327638 0.0223048 0.66243 -0.733824 -1.31059 -1.9885 -5.5635 -819.036 0 
5 824.213 0.322617 0.0222951 0.668247 -0.759346 -1.2711 -0.220928 -5.27521 -818.717 0 
3 824.11 0.320935 0.0223775 0.668852 -0.740168 -1.29584 -0.781081 -4.53305 -818.796 0 
6 824.149 0.32539 0.0222906 0.663401 -0.71457 -1.36021 -0.256556 -4.66822 -819.224 0 
4 824.048 0.321415 0.0223535 0.664905 -0.700288 -1.36413 -0.567726 -4.08413 -819.396 0 
5 824.155 0.320133 0.0223077 0.666374 -0.703225 -1.39297 -0.916665 -4.0746 -819.164 0 
1 823.337 0.317563 0.0223776 0.66943 -0.719231 -1.34694 -0.322426 -4.11395 -818.901 0 
1 823.667 0.313228 0.0224534 0.673969 -0.72108 -1.41018 -0.545616 -4.3254 -818.796 0 
1 823.792 0.315134 0.0224363 0.670957 -0.692132 -1.48157 -0.607424 -4.1793 -819.006 0 
5 824.01 0.310694 0.0223647 0.676339 -0.720825 -1.47456 -0.495418 -4.65311 -818.861 0 
3 823.575 0.313767 0.022342 0.674627 -0.726784 -1.48042 -0.183461 -4.57721 -818.815 0 
4 823.744 0.316005 0.0223645 0.673134 -0.734197 -1.43732 -0.388309 -4.58678 -818.769 0 
4 823.267 0.317845 0.0223857 0.671452 -0.724 -1.45352 -0.0621645 -4.46208 -818.743 0 
3 823.439 0.317681 0.0224892 0.670865 -0.713319 -1.4222 -0.411426 -4.17399 -818.854 0 
2 825.149 0.322823 0.0224212 0.662543 -0.667554 -1.47046 -0.994091 -3.98146 -820.174 0 
1 824.324 0.319308 0.0223226 0.666524 -0.683764 -1.49749 -1.02456 -4.0144 -819.285 0 
1 824.485 0.316019 0.02244 0.669424 -0.682521 -1.50813 -1.19938 -4.12953 -819.156 0 
1 825.701 0.313387 0.0225187 0.671037 -0.680978 -1.48116 -2.16254 -4.36359 -819.174 0 
2 825.831 0.311503 0.0224098 0.673282 -0.698041 -1.47991 -2.44414 -4.50456 -818.882 0 
2 826.011 0.311614 0.0226447 0.673224 -0.688404 -1.428 -2.35533 -4.55473 -819.101 0 
1 826.706 0.31299 0.022695 0.671326 -0.68156 -1.38828 -2.75819 -4.52052 -819.427 0 
3 824.688 0.316038 0.0225536 0.669135 -0.685673 -1.4129 -1.19525 -4.12408 -819.368 0 
2 824.301 0.310851 0.0225413 0.675542 -0.726335 -1.33389 -1.07508 -4.40264 -818.823 0 
6 824.608 0.314663 0.0226257 0.672401 -0.72513 -1.26128 -1.57809 -4.11188 -818.918 0 
2 825.426 0.312593 0.0226306 0.672383 -0.712914 -1.27139 -2.09689 -4.29363 -819.035 0 
1 823.938 0.312651 0.0225461 0.675634 -0.749772 -1.25551 -0.826681 -4.29108 -818.821 0 
5 824.24 0.312603 0.0224024 0.676729 -0.767518 -1.2868 -0.498531 -4.68903 -819.053 0 
1 824.016 0.316397 0.0224431 0.674127 -0.747082 -1.38528 -0.527272 -4.69276 -818.796 0 
2 824.118 0.316828 0.0224228 0.671791 -0.729645 -1.4008 -0.971708 -4.39356 -818.753 0 
2 824.528 0.316863 0.0225103 0.671062 -0.725395 -1.34797 -1.51963 -4.18911 -818.819 0 
1 824.569 0.315988 0.0225464 0.673226 -0.73873 -1.29144 -1.58272 -4.20568 -818.78 0 
3 824.442 0.317348 0.0224722 0.673426 -0.760923 -1.28485 -0.923145 -4.72718 -818.792 0 
1 825.464 0.321209 0.0225735 0.666232 -0.700575 -1.36252 -1.9994 -4.08161 -819.383 0 
4 827.92 0.325484 0.0226415 0.665075 -0.698354 -1.43851 -4.01691 -4.51068 -819.392 0 
4 825.43 0.319124 0.0225231 0.671033 -0.716486 -1.4271 -2.3496 -4.24973 -818.831 0 
8 823.366 0.31777 0.0223892 0.671325 -0.718097 -1.4585 -0.262725 -4.33377 -818.769 0 
1 823.333 0.318977 0.0223892 0.670501 -0.715051 -1.49807 -0.105116 -4.46859 -818.759 0 
1 823.503 0.319344 0.0223322 0.668015 -0.694758 -1.51558 -0.355822 -4.15472 -818.993 0 
2 824.832 0.319314 0.0223414 0.671697 -0.71678 -1.55948 -1.39353 -4.72075 -818.718 0 
4 823.735 0.323482 0.0223436 0.666891 -0.706347 -1.53327 -0.13538 -4.73415 -818.865 0 
1 823.578 0.32009 0.0223928 0.667831 -0.700317 -1.48265 -0.396682 -4.19511 -818.987 0 
1 824.445 0.318649 0.0225453 0.667564 -0.67683 -1.48443 -0.950096 -3.99857 -819.496 0 
1 823.675 0.316712 0.0224655 0.671559 -0.696527 -1.55865 -0.544051 -4.28625 -818.845 0 
2 824.12 0.316185 0.0225555 0.671344 -0.683482 -1.54401 -0.908831 -4.15793 -819.053 0 
1 825.115 0.311875 0.0226203 0.675213 -0.693372 -1.52602 -1.7075 -4.52647 -818.881 0 
2 826.308 0.307691 0.0224721 0.683567 -0.75009 -1.55541 -0.75031 -5.72091 -819.836 0 
1 824.587 0.313467 0.0224778 0.677343 -0.730501 -1.53171 -0.82358 -4.84478 -818.919 0 
12 824.115 0.311626 0.0224713 0.677818 -0.733693 -1.47866 -0.398089 -4.76527 -818.952 0 
4 823.375 0.314964 0.022351 0.6728 -0.709532 -1.51517 -0.213666 -4.37686 -818.785 0 
4 823.839 0.312932 0.0223935 0.673788 -0.713084 -1.46327 -0.643727 -4.39142 -818.804 0 
8 823.119 0.317151 0.0223823 0.671418 -0.717948 -1.4568 -0.0221367 -4.32619 -818.77 0 
2 826.414 0.325177 0.0225635 0.666336 -0.710363 -1.43035 -2.62512 -4.69409 -819.094 0 
2 827.212 0.325291 0.0226232 0.664661 -0.690394 -1.46443 -3.31169 -4.37757 -819.523 0 
2 828.639 0.326637 0.0226496 0.664297 -0.69126 -1.47847 -4.53284 -4.58779 -819.518 0 
3 828.319 0.320042 0.0226632 0.671747 -0.709653 -1.49444 -5.14649 -4.34933 -818.823 0 
5 827.337 0.32348 0.0226651 0.667115 -0.679833 -1.56902 -3.78318 -4.20912 -819.345 0 
2 823.639 0.318987 0.022496 0.669336 -0.682629 -1.57945 -0.445916 -4.12607 -819.067 0 
3 824.135 0.311735 0.0224217 0.675191 -0.690696 -1.62361 -0.563426 -4.72298 -818.849 0 
4 825.001 0.309512 0.0224163 0.677286 -0.688471 -1.67845 -0.935132 -5.15714 -818.908 0 
9 824.468 0.309168 0.0224144 0.679339 -0.714005 -1.61692 -0.194184 -5.21219 -819.062 0 
2 823.724 0.312306 0.0224603 0.675376 -0.696214 -1.59461 -0.271402 -4.62192 -818.831 0 
1 824.034 0.312464 0.0224016 0.67476 -0.697614 -1.59707 -0.576492 -4.63165 -818.826 0 
1 824.365 0.313841 0.0223585 0.674632 -0.708187 -1.61005 -0.801942 -4.74595 -818.817 0 
1 824.128 0.323029 0.0223176 0.665141 -0.679141 -1.60842 -0.62975 -4.28594 -819.213 0 
1 824.591 0.318178 0.022548 0.669286 -0.677152 -1.57246 -1.33313 -4.08062 -819.177 0 
2 824.649 0.316267 0.0224085 0.668806 -0.665354 -1.58062 -1.09603 -4.17761 -819.376 0 
1 826.306 0.31105 0.022347 0.673127 -0.681283 -1.57397 -2.64158 -4.71792 -818.947 0 
2 826.058 0.307181 0.0223248 0.678625 -0.703227 -1.57789 -1.77121 -5.32299 -818.963 0 
1 824.366 0.311583 0.0222902 0.677039 -0.718958 -1.5895 -0.467081 -4.9407 -818.958 0 
1 825.293 0.313842 0.0222842 0.673671 -0.704826 -1.55002 -2.04466 -4.44937 -818.799 0 
1 824.991 0.314743 0.0223718 0.673326 -0.696035 -1.57757 -1.79241 -4.37582 -818.823 0 
1 824.045 0.319222 0.0222454 0.669506 -0.699895 -1.58641 -0.820449 -4.42557 -818.799 0 
2 824.709 0.322841 0.0221793 0.668005 -0.719959 -1.56498 -0.762359 -5.26131 -818.685 0 
1 826.174 0.321475 0.0221055 0.669837 -0.742037 -1.50565 -1.86562 -5.59321 -818.715 0 
1 829.443 0.328126 0.0219496 0.662797 -0.723503 -1.56568 -4.31796 -6.44194 -818.683 0 
6 829.452 0.331802 0.0219901 0.66146 -0.726685 -1.57652 -3.18735 -7.57708 -818.687 0 
2 830.858 0.331818 0.0220604 0.663529 -0.752343 -1.54065 -3.25854 -9.02535 -818.574 0 
3 829.298 0.330699 0.0221913 0.664377 -0.742722 -1.54379 -2.64806 -8.05517 -818.595 0 
3 829.916 0.324784 0.0223462 0.671273 -0.759188 -1.52641 -3.91389 -7.2248 -818.778 0 
2 831.247 0.321829 0.0223697 0.674766 -0.777437 -1.49945 -4.59905 -7.43644 -819.211 0 
4 827.551 0.317835 0.0223971 0.675131 -0.764579 -1.4511 -2.62239 -5.85837 -819.07 0 
1 828.465 0.321078 0.0224427 0.673618 -0.759865 -1.47754 -3.38708 -6.20497 -818.873 0 
1 826.548 0.326556 0.0223593 0.667119 -0.728135 -1.51866 -1.92952 -5.9348 -818.684 0 
1 826.235 0.326524 0.0222748 0.666634 -0.726609 -1.52641 -1.66685 -5.88125 -818.687 0 
5 824.762 0.321477 0.0222691 0.67023 -0.729169 -1.5295 -0.87125 -5.20475 -818.686 0 
3 823.973 0.324251 0.0223995 0.664868 -0.684635 -1.56376 -0.334883 -4.37013 -819.268 0 
2 824.484 0.327795 0.0223474 0.662885 -0.693251 -1.54176 -0.234414 -4.96736 -819.283 0 
2 825.691 0.3164 0.0225989 0.674134 -0.710661 -1.54705 -2.44756 -4.48263 -818.761 0 
2 825.232 0.317722 0.022472 0.670771 -0.700628 -1.54618 -2.07579 -4.32952 -818.827 0 
3 825.021 0.318662 0.0224591 0.672578 -0.717534 -1.53131 -1.70138 -4.5907 -818.729 0 
5 824.484 0.319834 0.0223817 0.669544 -0.692367 -1.58152 -1.31421 -4.25955 -818.91 0 
6 823.303 0.319688 0.0223884 0.669536 -0.694521 -1.58292 -0.105973 -4.32382 -818.873 0 
5 825.109 0.324099 0.022251 0.665924 -0.69901 -1.61643 -1.28899 -4.98654 -818.833 0 
2 825.568 0.32447 0.0224426 0.665845 -0.689596 -1.59896 -1.86114 -4.65559 -819.051 0 
15 823.614 0.32322 0.0222965 0.666383 -0.687064 -1.63092 -0.0989809 -4.53278 -818.982 0 
1 825.387 0.327479 0.0222001 0.663376 -0.691974 -1.61269 -1.20849 -5.10437 -819.074 0 
4 825.318 0.329071 0.0222001 0.661683 -0.68723 -1.60981 -0.827756 -5.21444 -819.275 0 
1 825.081 0.319069 0.0221697 0.670895 -0.713172 -1.61444 -1.47832 -4.88115 -818.721 0 
3 824.263 0.317023 0.0222638 0.672462 -0.714378 -1.57011 -0.888925 -4.62589 -818.748 0 
9 824.552 0.311651 0.0224852 0.676692 -0.709087 -1.57481 -0.9396 -4.75866 -818.854 0 
3 824.589 0.315362 0.0223998 0.676097 -0.734762 -1.54245 -0.670648 -5.0134 -818.905 0 
1 827.044 0.314282 0.0220891 0.675783 -0.740825 -1.58042 -2.51396 -5.388 -819.142 0 
2 826.174 0.31351 0.0221741 0.677322 -0.750931 -1.53496 -1.4629 -5.42361 -819.288 0 
1 826.729 0.309102 0.0222068 0.680141 -0.746812 -1.57001 -1.40669 -5.66279 -819.66 0 
4 826.047 0.311093 0.0224052 0.676487 -0.722567 -1.51128 -2.36859 -4.77726 -818.901 0 
3 826.067 0.313065 0.0224697 0.679341 -0.754582 -1.496 -1.44777 -5.33068 -819.289 0 
5 824.328 0.320239 0.02238 0.670224 -0.72244 -1.50715 -0.798861 -4.81598 -818.714 0 
1 826.473 0.315782 0.022377 0.673946 -0.727425 -1.54417 -2.72915 -4.92794 -818.816 0 
1 828.422 0.312569 0.0223842 0.67639 -0.7231 -1.59328 -4.36351 -5.08715 -818.971 0 
4 823.874 0.316943 0.0224068 0.673761 -0.71538 -1.59511 -0.327631 -4.78721 -818.759 0 
2 824.408 0.319354 0.0222387 0.671855 -0.722308 -1.61317 -0.439348 -5.23139 -818.737 0 
5 825.738 0.312034 0.0221907 0.67669 -0.717375 -1.67082 -1.36007 -5.30434 -819.074 0 
3 826.281 0.316707 0.0224451 0.674015 -0.714823 -1.62776 -2.50087 -4.99742 -818.783 0 
1 826.179 0.317999 0.0223748 0.672831 -0.706722 -1.69551 -2.25225 -5.16656 -818.76 0 
1 825.41 0.321211 0.0222228 0.668581 -0.707455 -1.62547 -1.67774 -5.01769 -818.714 0 
1 825.22 0.319749 0.0222925 0.670734 -0.704497 -1.68394 -1.39076 -5.11034 -818.719 0 
1 825.126 0.317192 0.0223856 0.674067 -0.717422 -1.64889 -1.13616 -5.18648 -818.804 0 
2 825.699 0.321691 0.0224518 0.67107 -0.702819 -1.68112 -1.89554 -5.09789 -818.706 0 
2 825.534 0.316063 0.0225281 0.675461 -0.702008 -1.6968 -1.82095 -4.91945 -818.794 0 
1 826.612 0.321265 0.0224358 0.672068 -0.707717 -1.72723 -2.33172 -5.57703 -818.703 0 
3 826.981 0.321048 0.0224908 0.670868 -0.695387 -1.71252 -3.20722 -5.043 -818.731 0 
3 826.136 0.317578 0.0226153 0.670755 -0.670764 -1.65407 -2.84975 -4.19832 -819.088 0 
1 827.499 0.311752 0.0225124 0.676865 -0.692542 -1.70846 -3.57153 -5.04269 -818.885 0 
1 825.083 0.310418 0.0225516 0.678858 -0.698103 -1.67692 -1.05323 -5.09997 -818.93 0 
1 827.302 0.312376 0.0225476 0.68023 -0.719864 -1.6912 -2.75227 -5.40455 -819.146 0 
2 826.726 0.306017 0.0224215 0.684852 -0.726552 -1.73476 -0.29571 -6.40982 -820.02 0 
1 826.989 0.3117 0.022372 0.680306 -0.713993 -1.76449 -2.04459 -5.66676 -819.277 0 
1 829.28 0.315231 0.0222826 0.677544 -0.717444 -1.74888 -4.64613 -5.56504 -819.069 0 
1 827.386 0.312717 0.0224346 0.678761 -0.704193 -1.73288 -3.22925 -5.17904 -818.978 0 
4 826.011 0.307088 0.0225395 0.680731 -0.684464 -1.70771 -1.35331 -5.66492 -818.993 0 
5 826.795 0.30432 0.0224695 0.682576 -0.685289 -1.72582 -1.29347 -6.35509 -819.147 0 
1 825.853 0.319064 0.022377 0.666891 -0.638445 -1.73345 -1.97081 -4.08376 -819.799 0 
1 824.696 0.321874 0.0224249 0.665003 -0.642949 -1.73543 -0.909735 -3.99044 -819.796 0 
3 825.95 0.317354 0.0223476 0.668095 -0.651662 -1.72995 -2.4091 -4.22138 -819.32 0 
1 824.515 0.316446 0.0223847 0.670122 -0.663929 -1.71088 -1.12363 -4.32401 -819.067 0 
1 826.422 0.314488 0.0224185 0.671917 -0.669671 -1.70756 -2.94949 -4.52293 -818.95 0 
3 824.868 0.319871 0.0223942 0.669255 -0.676865 -1.72361 -1.46872 -4.50255 -818.897 0 
3 823.482 0.31921 0.0223049 0.670257 -0.690167 -1.68518 -0.0877917 -4.60706 -818.787 0 
9 823.721 0.318974 0.0223837 0.6715 -0.692102 -1.68993 -0.303507 -4.64794 -818.769 0 
8 823.45 0.322394 0.0223715 0.66666 -0.670398 -1.68551 -0.00534115 -4.27225 -819.173 0 
3 823.5 0.31902 0.0224018 0.67103 -0.699952 -1.60819 -0.21546 -4.50888 -818.775 0 
2 824.292 0.321307 0.0225234 0.667519 -0.670647 -1.63336 -0.901886 -4.11003 -819.28 0 
2 825.76 0.320585 0.0224562 0.665194 -0.645056 -1.67956 -1.91049 -3.96446 -819.885 0 
3 826.052 0.316962 0.0222816 0.66942 -0.675437 -1.67813 -2.76188 -4.34494 -818.945 0 
5 824.067 0.319758 0.0222972 0.670897 -0.702524 -1.65289 -0.550351 -4.78721 -818.73 0 
4 823.435 0.318603 0.0223784 0.668938 -0.674311 -1.63629 -0.195641 -4.15176 -819.087 0 
5 824.69 0.323209 0.0222206 0.66412 -0.673026 -1.61324 -1.14843 -4.17156 -819.37 0 
2 824.268 0.311911 0.0223335 0.674879 -0.69629 -1.59917 -0.759386 -4.67254 -818.836 0 
8 823.614 0.314786 0.0223283 0.673716 -0.698527 -1.6356 -0.220782 -4.59928 -818.794 0 
4 824.625 0.315605 0.0225165 0.669874 -0.659878 -1.6154 -0.973188 -4.26665 -819.385 0 
5 824.59 0.32234 0.0224753 0.663961 -0.646322 -1.62723 -0.460957 -3.91479 -820.214 0 
2 824.711 0.318239 0.0225057 0.670258 -0.675956 -1.66496 -1.4572 -4.26915 -818.984 0 
1 824.868 0.326469 0.0223596 0.663559 -0.679562 -1.63276 -0.871722 -4.71799 -819.278 0 
5 823.955 0.320404 0.0224912 0.667382 -0.669828 -1.61078 -0.572216 -4.04699 -819.336 0 
2 823.616 0.318131 0.0224108 0.668826 -0.672795 -1.61967 -0.346783 -4.12266 -819.147 0 
1 825.31 0.324663 0.0223769 0.662797 -0.663486 -1.61535 -1.41993 -4.13479 -819.755 0 
1 824.191 0.311396 0.0223252 0.676824 -0.70303 -1.66434 -0.260312 -5.01367 -818.917 0 
1 824.885 0.311696 0.0222439 0.677643 -0.724683 -1.63263 -0.47729 -5.27859 -819.129 0 
1 825.832 0.308768 0.0223403 0.680281 -0.726438 -1.6323 -0.917953 -5.55127 -819.363 0 
2 824.991 0.319535 0.0224118 0.672433 -0.707149 -1.65407 -1.35944 -4.91257 -818.719 0 
4 824.781 0.317973 0.0225196 0.672836 -0.689842 -1.67899 -1.4592 -4.52854 -818.793 0 
2 823.687 0.319763 0.0223687 0.669735 -0.684482 -1.6597 -0.433844 -4.36443 -818.889 0 
3 823.863 0.321485 0.0224348 0.668573 -0.682542 -1.66873 -0.475938 -4.44989 -818.937 0 
1 823.634 0.321748 0.0224162 0.667741 -0.675602 -1.66119 -0.274622 -4.26232 -819.097 0 
1 823.259 0.318555 0.0223688 0.669912 -0.686524 -1.63114 -0.0525826 -4.3193 -818.887 0 
6 823.569 0.318436 0.0224594 0.669667 -0.683959 -1.56959 -0.40309 -4.11876 -819.047 0 
1 823.587 0.3175 0.0223981 0.671329 -0.69842 -1.56185 -0.46895 -4.28919 -818.828 0 
2 823.553 0.321066 0.0223667 0.667973 -0.693565 -1.55248 -0.30914 -4.26482 -818.979 0 
3 823.443 0.319567 0.0222958 0.669437 -0.709628 -1.53395 -0.17148 -4.5022 -818.77 0 
4 823.932 0.317584 0.0222647 0.671938 -0.72204 -1.51969 -0.563939 -4.63093 -818.737 0 
1 825.483 0.327218 0.0223524 0.663158 -0.702755 -1.50123 -1.25607 -5.0832 -819.144 0 
2 825.972 0.331923 0.022213 0.65842 -0.690215 -1.52029 -0.640226 -5.61473 -819.717 0 
2 824.586 0.328222 0.0222611 0.661698 -0.693557 -1.51923 -0.237733 -4.96933 -819.379 0 
1 824.317 0.323308 0.0222565 0.664276 -0.676657 -1.58324 -0.770312 -4.16975 -819.377 0 
3 824.81 0.322148 0.0221815 0.665771 -0.690411 -1.57468 -1.45281 -4.33813 -819.019 0 
1 824.775 0.315089 0.0221999 0.672453 -0.710565 -1.56302 -1.45192 -4.54683 -818.776 0 
1 826.753 0.312426 0.0222044 0.674034 -0.707753 -1.59378 -3.15182 -4.76003 -818.841 0 
2 826.357 0.311228 0.0221614 0.676459 -0.718316 -1.62594 -2.17911 -5.14257 -819.035 0 
2 824.492 0.313539 0.0222331 0.674728 -0.711221 -1.61783 -0.82028 -4.82332 -818.849 0 
1 825.733 0.316245 0.0221898 0.669757 -0.679653 -1.64741 -2.48802 -4.3214 -818.923 0 
1 823.478 0.3181 0.0224042 0.671171 -0.690418 -1.62983 -0.276452 -4.36478 -818.836 0 
1 824.171 0.318967 0.0223964 0.670014 -0.673639 -1.6904 -0.924157 -4.25667 -818.99 0 
4 824.127 0.316182 0.0222507 0.671786 -0.681637 -1.72649 -0.704936 -4.59926 -818.823 0 
3 824.788 0.321615 0.0225449 0.667213 -0.647053 -1.76669 -1.17988 -4.09002 -819.518 0 
1 825.609 0.316774 0.0225533 0.669018 -0.634485 -1.76766 -1.62974 -4.30659 -819.672 0 
1 824.38 0.32234 0.0224425 0.664919 -0.634928 -1.78263 -0.478577 -3.98599 -819.915 0 
2 825.138 0.318254 0.0223627 0.668558 -0.658471 -1.74396 -1.72865 -4.25955 -819.15 0 
6 824.726 0.326348 0.0223517 0.662408 -0.645279 -1.77305 -0.624342 -4.27378 -819.828 0 
7 824.329 0.324255 0.02235 0.66564 -0.651426 -1.8053 -0.632801 -4.31713 -819.379 0 
1 824.469 0.318808 0.0223056 0.667788 -0.644714 -1.78996 -0.900657 -4.18853 -819.379 0 
6 823.967 0.319091 0.0224041 0.669632 -0.661794 -1.74815 -0.623399 -4.24994 -819.094 0 
1 824.221 0.317768 0.0224553 0.670353 -0.659059 -1.73059 -0.834646 -4.23086 -819.156 0 
1 825.57 0.316176 0.0224349 0.672619 -0.661939 -1.77504 -2.13199 -4.45767 -818.98 0 
1 824.049 0.319413 0.0224314 0.667237 -0.640721 -1.76233 -0.338429 -4.08689 -819.624 0 
6 825.033 0.320898 0.022426 0.666266 -0.636004 -1.7652 -1.17243 -3.9993 -819.862 0 
4 825.683 0.320841 0.022573 0.665525 -0.625054 -1.73842 -1.24202 -3.99365 -820.447 0 
2 826.592 0.32336 0.0224902 0.662112 -0.62362 -1.72339 -1.89959 -3.87471 -820.818 0 
1 828.306 0.321646 0.0225623 0.661477 -0.602158 -1.71257 -2.15917 -4.19082 -821.956 0 
1 830.046 0.321203 0.022365 0.660733 -0.601841 -1.74908 -4.25565 -4.1371 -821.653 0 
2 829.159 0.327622 0.0223719 0.656863 -0.600151 -1.78146 -3.08249 -3.85124 -822.225 0 
3 829.208 0.326035 0.0224653 0.657337 -0.587911 -1.745 -1.92802 -4.07136 -823.209 0 
5 827.473 0.328615 0.0225111 0.657153 -0.594114 -1.7727 -0.722401 -3.9126 -822.838 0 
1 826.402 0.332114 0.0223835 0.656082 -0.619483 -1.75417 -0.348625 -4.32414 -821.729 0 
3 826.242 0.32213 0.0222946 0.663733 -0.644794 -1.72659 -2.4606 -3.99822 -819.783 0 
1 825.665 0.323396 0.0222401 0.666567 -0.681966 -1.74661 -1.84372 -4.97885 -818.843 0 
1 826.461 0.314839 0.0221224 0.674975 -0.708667 -1.77821 -1.81818 -5.62526 -819.017 0 
2 824.838 0.316952 0.0223088 0.669155 -0.650579 -1.78344 -1.3019 -4.34783 -819.188 0 
4 824.547 0.318223 0.0225225 0.668238 -0.637105 -1.75897 -0.694239 -4.15817 -819.694 0 
2 823.819 0.321957 0.0224524 0.667021 -0.650906 -1.76969 -0.268462 -4.14255 -819.408 0 
3 824.164 0.314157 0.0224931 0.674275 -0.669585 -1.7427 -0.631603 -4.62276 -818.91 0 
1 824.011 0.312505 0.0223832 0.675701 -0.674296 -1.78914 -0.138103 -4.99232 -818.88 0 
2 826.185 0.30975 0.0225195 0.675224 -0.647191 -1.77869 -1.66214 -5.40618 -819.117 0 
2 826.298 0.316642 0.022343 0.669843 -0.654918 -1.79555 -2.77662 -4.45426 -819.067 0 
2 827.371 0.31754 0.0222415 0.667291 -0.642674 -1.79189 -3.71859 -4.27373 -819.378 0 
2 829.734 0.319154 0.0220749 0.665398 -0.631816 -1.85158 -5.96556 -4.20185 -819.567 0 
2 831.066 0.317665 0.0219441 0.66875 -0.669624 -1.82727 -7.47749 -4.74533 -818.843 0 
2 828.669 0.318241 0.0221868 0.666985 -0.64964 -1.79379 -5.14819 -4.29792 -819.223 0 
1 826.394 0.317908 0.0222225 0.667749 -0.641029 -1.84387 -2.76051 -4.34894 -819.285 0 
1 826.431 0.324567 0.0223021 0.660621 -0.603966 -1.85987 -1.47579 -3.85538 -821.1 0 
2 826.899 0.325655 0.0223237 0.659702 -0.597188 -1.86203 -1.48742 -3.83257 -821.579 0 
2 826.123 0.327659 0.022319 0.658472 -0.611469 -1.79175 -0.788469 -3.8878 -821.447 0 
1 826.553 0.327123 0.022211 0.659962 -0.624601 -1.80524 -1.9511 -3.99478 -820.607 0 
5 827.029 0.328205 0.0222669 0.657763 -0.608204 -1.80269 -1.51833 -3.8912 -821.619 0 
3 826.518 0.328808 0.0222329 0.657962 -0.611031 -1.83975 -1.28787 -3.97322 -821.256 0 
2 828.477 0.333235 0.0223853 0.652913 -0.577035 -1.86039 -0.496806 -4.02811 -823.952 0 
2 828.732 0.328071 0.0224589 0.657668 -0.58424 -1.83933 -1.96132 -3.8761 -822.894 0 
1 826.777 0.323048 0.0221673 0.665548 -0.652914 -1.80879 -3.21186 -4.29114 -819.274 0 
2 828.166 0.320304 0.0222165 0.670689 -0.677448 -1.81933 -4.56016 -4.82154 -818.784 0 
5 824.727 0.313581 0.0223945 0.672356 -0.643174 -1.82584 -0.773592 -4.78914 -819.165 0 
3 824.274 0.317696 0.0223985 0.668567 -0.639311 -1.7882 -0.542863 -4.23939 -819.492 0 
3 824.521 0.316021 0.0224692 0.670196 -0.644185 -1.74873 -0.746958 -4.36383 -819.41 0 
1 825.064 0.315927 0.0225812 0.670664 -0.644148 -1.72558 -1.22469 -4.35762 -819.482 0 
1 824.105 0.315364 0.0225013 0.67219 -0.671801 -1.67977 -0.745083 -4.38792 -818.972 0 
1 824.418 0.31744 0.0224478 0.670031 -0.660173 -1.6926 -1.01022 -4.18919 -819.218 0 
3 823.971 0.315775 0.0225301 0.671786 -0.671609 -1.64326 -0.641445 -4.28007 -819.05 0 
5 824.501 0.320575 0.022534 0.666407 -0.645603 -1.68025 -0.671379 -3.96953 -819.86 0 
2 824.067 0.317876 0.0225119 0.669962 -0.661157 -1.68405 -0.677782 -4.15618 -819.234 0 
16 824.068 0.314733 0.0223935 0.672073 -0.676123 -1.63788 -0.727857 -4.37449 -818.966 0 
1 823.882 0.315463 0.022457 0.671139 -0.664919 -1.66641 -0.440914 -4.32086 -819.12 0 
1 824.935 0.310234 0.022532 0.677698 -0.692936 -1.61307 -1.17281 -4.89545 -818.867 0 
6 825.13 0.311514 0.0224337 0.675761 -0.690937 -1.59778 -1.58633 -4.68888 -818.855 0 
2 823.645 0.316992 0.0224539 0.671267 -0.687743 -1.58166 -0.507441 -4.21169 -818.926 0 
2 823.861 0.319055 0.0224117 0.670692 -0.69489 -1.60124 -0.670715 -4.35829 -818.832 0 
1 825.488 0.324977 0.0223358 0.664546 -0.682413 -1.63866 -1.70078 -4.66604 -819.122 0 
1 825.517 0.319502 0.0224036 0.673362 -0.723444 -1.62747 -1.40585 -5.36045 -818.751 0 
3 826.62 0.322519 0.0222463 0.670438 -0.733077 -1.62291 -1.66796 -6.23319 -818.719 0 
6 824.294 0.324908 0.0222498 0.665941 -0.700199 -1.61994 -0.368322 -5.10034 -818.826 0 
3 824.684 0.317432 0.0222545 0.673588 -0.715611 -1.65842 -0.785536 -5.10543 -818.793 0 
1 824.606 0.313036 0.0222369 0.674999 -0.711266 -1.61542 -0.900518 -4.84219 -818.863 0 
3 825.464 0.315642 0.0222167 0.672781 -0.701082 -1.62799 -2.11863 -4.56707 -818.778 0 
3 825.514 0.310324 0.0223676 0.674525 -0.679915 -1.60249 -1.70472 -4.88126 -818.928 0 
1 824.852 0.31423 0.0223611 0.671197 -0.669916 -1.62365 -1.36871 -4.39715 -819.086 0 
1 824.859 0.316063 0.022498 0.669991 -0.66338 -1.59791 -1.27728 -4.21736 -819.365 0 
4 824.291 0.315841 0.0223787 0.671522 -0.684699 -1.59337 -1.10177 -4.25765 -818.931 0 
1 824.373 0.317269 0.0223987 0.668191 -0.675837 -1.51956 -0.969446 -4.06921 -819.334 0 
2 826.252 0.316022 0.0225271 0.667554 -0.656578 -1.5026 -1.92837 -4.3568 -819.967 0 
2 824.11 0.315978 0.0225426 0.670838 -0.679069 -1.55397 -0.829602 -4.16922 -819.111 0 
1 824.498 0.314035 0.0223482 0.676486 -0.735388 -1.51862 -0.685749 -4.87917 -818.933 0 
1 825.64 0.321137 0.0223203 0.671341 -0.739059 -1.48946 -1.64064 -5.29796 -818.701 0 
1 825.569 0.324093 0.0223351 0.668826 -0.741538 -1.46593 -1.10493 -5.80219 -818.661 0 
1 825.198 0.323585 0.0223742 0.668591 -0.737492 -1.44467 -1.06684 -5.44859 -818.682 0 
6 825.315 0.318518 0.0221868 0.673016 -0.765146 -1.41159 -0.722149 -5.6348 -818.958 0 
1 826.054 0.31591 0.0223323 0.6771 -0.776334 -1.40623 -0.9679 -5.74551 -819.341 0 
3 824.233 0.31963 0.0223173 0.671705 -0.751764 -1.38751 -0.395759 -5.0934 -818.743 0 
2 825.656 0.31437 0.0224076 0.677257 -0.76736 -1.34345 -1.67287 -4.90719 -819.076 0 
2 825.244 0.312383 0.0225035 0.678867 -0.773887 -1.29736 -1.18221 -4.84762 -819.214 0 
4 825.226 0.318949 0.0225709 0.671779 -0.740357 -1.32273 -2.0194 -4.4544 -818.752 0 
1 823.29 0.319233 0.0224271 0.669728 -0.730987 -1.332 -0.166563 -4.31104 -818.813 0 
2 823.608 0.315343 0.0224617 0.673711 -0.745655 -1.29584 -0.528478 -4.30605 -818.774 0 
4 824.431 0.309572 0.0225777 0.677122 -0.748513 -1.21408 -1.16762 -4.40418 -818.86 0 
4 824.426 0.313029 0.0225249 0.671959 -0.713717 -1.28918 -1.18461 -4.24568 -818.995 0 
1 824.195 0.315328 0.022541 0.670601 -0.717828 -1.25965 -1.0425 -4.10132 -819.051 0 
1 824.515 0.31657 0.022406 0.66813 -0.711989 -1.27117 -1.26616 -4.06545 -819.183 0 
5 824.13 0.313068 0.0225632 0.673118 -0.730346 -1.23172 -1.06789 -4.18154 -818.881 0 
13 824.233 0.314349 0.022549 0.671532 -0.723597 -1.25713 -1.17377 -4.11957 -818.94 0 
1 824.285 0.319204 0.0225484 0.667175 -0.71074 -1.26974 -0.892841 -4.05738 -819.335 0 
3 824.213 0.314479 0.0225288 0.672225 -0.717452 -1.31763 -1.15672 -4.13822 -818.918 0 
1 823.733 0.315167 0.0225268 0.671522 -0.718087 -1.31524 -0.701709 -4.10425 -818.927 0 
1 823.512 0.319793 0.0224705 0.668959 -0.727643 -1.30982 -0.366576 -4.2457 -818.9 0 
2 824.475 0.308531 0.0224278 0.677513 -0.744499 -1.26692 -1.00522 -4.57039 -818.899 0 
2 824.33 0.312045 0.0223978 0.675721 -0.758945 -1.26483 -0.95492 -4.4569 -818.918 0 
1 825.186 0.313493 0.0223715 0.678211 -0.79479 -1.24278 -0.416974 -5.27358 -819.496 0 
3 823.921 0.31247 0.0223932 0.677439 -0.772704 -1.27125 -0.089748 -4.7107 -819.121 0 
3 823.704 0.311824 0.0224183 0.677375 -0.762987 -1.29411 -0.0740066 -4.59872 -819.031 0 
2 823.239 0.317023 0.022417 0.672041 -0.736257 -1.36244 -0.100563 -4.38825 -818.75 0 
2 824.267 0.31776 0.0225162 0.670147 -0.716679 -1.37673 -1.23358 -4.14653 -818.887 0 
1 824.391 0.316242 0.0224146 0.669589 -0.713225 -1.352 -1.3569 -4.08309 -818.951 0 
1 824.272 0.318024 0.022545 0.667916 -0.702901 -1.31046 -0.889143 -4.03713 -819.346 0 
2 824.605 0.318372 0.0224234 0.666478 -0.705328 -1.28977 -1.19767 -4.03754 -819.37 0 
1 824.168 0.317087 0.0224113 0.668745 -0.725523 -1.25753 -1.11896 -4.07604 -818.973 0 
5 824.471 0.319065 0.0223864 0.666012 -0.713814 -1.24314 -1.06009 -4.07209 -819.339 0 
1 824.208 0.319032 0.0223258 0.669221 -0.741841 -1.25163 -1.08936 -4.30248 -818.816 0 
1 823.869 0.322352 0.0223516 0.665436 -0.739164 -1.20327 -0.316825 -4.52602 -819.026 0 
1 825.423 0.317228 0.0223864 0.669796 -0.72725 -1.26559 -2.40172 -4.0872 -818.934 0 
2 823.21 0.316368 0.0223844 0.672175 -0.756893 -1.2192 -0.0873481 -4.34708 -818.775 0 
1 823.674 0.3144 0.0225333 0.673204 -0.739556 -1.24283 -0.713458 -4.15072 -818.81 0 
1 824.114 0.311074 0.0224675 0.674491 -0.728987 -1.29218 -0.938983 -4.34625 -818.828 0 
1 824.636 0.310187 0.0222915 0.676626 -0.753791 -1.30307 -1.09773 -4.55255 -818.986 0 
3 823.316 0.314082 0.0223997 0.673871 -0.746694 -1.28027 -0.242903 -4.28069 -818.792 0 
1 824.22 0.314251 0.0222975 0.671972 -0.742202 -1.2674 -1.21797 -4.2137 -818.788 0 
1 824.448 0.320565 0.0222588 0.666645 -0.726576 -1.32939 -1.20599 -4.34718 -818.895 0 
2 823.39 0.317673 0.0223838 0.669541 -0.720877 -1.33781 -0.37591 -4.11677 -818.897 0 
5 823.251 0.31803 0.0223332 0.670966 -0.737406 -1.36775 -0.0336391 -4.47813 -818.74 0 
2 823.984 0.315782 0.0222797 0.67367 -0.757592 -1.31963 -0.505106 -4.6395 -818.839 0 
5 823.353 0.317575 0.022402 0.671424 -0.738157 -1.32584 -0.264669 -4.3288 -818.759 0 
1 824.254 0.319182 0.0223706 0.670413 -0.755535 -1.27434 -0.775133 -4.74012 -818.739 0 
1 824.516 0.322163 0.0224111 0.669117 -0.759995 -1.24852 -0.657189 -5.13005 -818.729 0 
4 825.385 0.32305 0.0224532 0.667692 -0.748206 -1.27555 -1.57263 -5.03526 -818.777 0 
1 824.25 0.32016 0.0224278 0.665921 -0.705908 -1.29584 -0.76305 -4.06379 -819.423 0 
2 823.745 0.321369 0.022292 0.666812 -0.725642 -1.33337 -0.447595 -4.37691 -818.921 0 
3 824.341 0.324408 0.0224481 0.665338 -0.723372 -1.33175 -0.579722 -4.69582 -819.065 0 
3 824.411 0.316866 0.0225206 0.673243 -0.744361 -1.33687 -1.18275 -4.47452 -818.753 0 
1 824.779 0.326137 0.0223056 0.663879 -0.737259 -1.29731 -0.535135 -5.29231 -818.951 0 
1 825.737 0.323059 0.022214 0.664017 -0.717543 -1.35712 -2.1938 -4.47805 -819.065 0 
1 824.359 0.318923 0.0222434 0.667962 -0.722927 -1.36389 -1.26555 -4.24421 -818.849 0 
2 824.293 0.318287 0.0222431 0.668751 -0.730474 -1.31988 -1.24262 -4.22722 -818.823 0 
1 824.054 0.313387 0.0224493 0.672977 -0.714597 -1.37073 -0.963441 -4.23053 -818.86 0 
1 825.594 0.314186 0.0223021 0.67312 -0.726637 -1.38103 -2.55159 -4.2583 -818.784 0 
1 824.301 0.317787 0.0222878 0.672313 -0.730769 -1.47664 -0.890558 -4.67258 -818.738 0 
3 826.33 0.320638 0.0223554 0.668464 -0.702913 -1.47722 -3.16592 -4.19622 -818.967 0 
3 825.702 0.322171 0.0223436 0.667079 -0.698209 -1.49682 -2.39146 -4.25195 -819.059 0 
3 823.836 0.324014 0.0223967 0.664005 -0.682911 -1.50874 -0.13486 -4.19411 -819.507 0 
1 826.036 0.325398 0.0223039 0.661185 -0.69059 -1.41248 -1.95213 -4.33528 -819.748 0 
4 827.26 0.330921 0.0222323 0.657093 -0.685636 -1.44103 -1.93085 -5.10693 -820.222 0 
4 826.784 0.329259 0.0221612 0.659785 -0.697687 -1.49447 -2.10537 -5.26861 -819.41 0 
5 826.95 0.324488 0.0224508 0.661939 -0.663185 -1.53939 -2.79451 -4.03276 -820.123 0 
6 826.618 0.320101 0.0223451 0.66386 -0.659011 -1.53826 -2.68178 -3.95943 -819.977 0 
1 823.97 0.314809 0.0224577 0.671003 -0.685594 -1.50656 -0.688086 -4.22126 -819.061 0 
1 823.409 0.314066 0.0224207 0.673874 -0.714632 -1.48844 -0.21725 -4.40643 -818.786 0 
8 823.633 0.313935 0.0224855 0.674968 -0.724184 -1.443 -0.451593 -4.39725 -818.784 0 
3 825.066 0.309285 0.0223374 0.681163 -0.76151 -1.45712 -0.0673989 -5.35166 -819.647 0 
1 826.804 0.319516 0.02246 0.673675 -0.739897 -1.49661 -2.87639 -5.17981 -818.748 0 
2 826.705 0.321297 0.0223888 0.672267 -0.741276 -1.51202 -2.44573 -5.53982 -818.72 0 
1 825.659 0.318736 0.0225386 0.673022 -0.728317 -1.48736 -2.19076 -4.74664 -818.721 0 
2 823.593 0.313193 0.0224069 0.675829 -0.71961 -1.52725 -0.141894 -4.62313 -818.827 0 
1 824.256 0.312001 0.0223456 0.678176 -0.739351 -1.53153 -0.0272552 -5.097 -819.132 0 
6 824.255 0.309802 0.0224022 0.679264 -0.727575 -1.54186 -0.15615 -5.02371 -819.076 0 
2 824.648 0.311479 0.0222804 0.676895 -0.729918 -1.50341 -0.912235 -4.78324 -818.952 0 
1 824.556 0.319572 0.0221821 0.669149 -0.709198 -1.55537 -1.25044 -4.55245 -818.753 0 
2 824.913 0.320274 0.0221595 0.668887 -0.721502 -1.52604 -1.33728 -4.86737 -818.708 0 
2 825.74 0.324403 0.0223435 0.665264 -0.704635 -1.51974 -1.98221 -4.81035 -818.948 0 
3 824.954 0.320769 0.022395 0.669806 -0.716619 -1.54082 -1.38454 -4.84983 -818.719 0 
9 825.45 0.323432 0.0222461 0.669409 -0.723 -1.63442 -0.889082 -5.90054 -818.661 0 
3 825.157 0.324456 0.0223533 0.665022 -0.675387 -1.67978 -1.44442 -4.56393 -819.149 0 
6 824.488 0.319744 0.0223531 0.668157 -0.671203 -1.70103 -1.15963 -4.29754 -819.031 0 
2 824.571 0.324493 0.0222389 0.664147 -0.664472 -1.73242 -0.854803 -4.4494 -819.267 0 
3 824.592 0.321618 0.022417 0.664971 -0.638178 -1.75227 -0.730982 -3.97883 -819.883 0 
6 824.431 0.319791 0.0224905 0.667338 -0.640212 -1.74337 -0.651842 -4.04267 -819.737 0 
4 824.465 0.324608 0.0224567 0.664105 -0.645287 -1.7228 -0.501362 -4.0212 -819.943 0 
2 825.569 0.327857 0.0224956 0.661267 -0.642598 -1.70987 -1.00561 -4.19314 -820.37 0 
8 826.12 0.328419 0.022485 0.662802 -0.660022 -1.72155 -1.7656 -4.69951 -819.655 0 
1 826.238 0.329372 0.0224843 0.661765 -0.658526 -1.70386 -1.65842 -4.72738 -819.852 0 
2 825.304 0.330833 0.0223118 0.660265 -0.658075 -1.7462 -0.434877 -5.09468 -819.774 0 
1 825.699 0.329069 0.0223756 0.663521 -0.673975 -1.7399 -1.17701 -5.32586 -819.196 0 
2 825.324 0.330461 0.0224071 0.659899 -0.652094 -1.69848 -0.417791 -4.68215 -820.225 0 
1 825.067 0.327289 0.0222354 0.662276 -0.658673 -1.72859 -0.971479 -4.494 -819.602 0 
2 825.58 0.32638 0.0221792 0.661459 -0.650361 -1.73139 -1.51362 -4.2385 -819.828 0 
1 825.524 0.319841 0.0221133 0.66933 -0.696017 -1.69521 -1.95959 -4.82369 -818.741 0 
3 825.386 0.317438 0.02214 0.67123 -0.694272 -1.70784 -1.85889 -4.76218 -818.764 0 
3 825.118 0.318173 0.0222038 0.669111 -0.682444 -1.68274 -1.82142 -4.4353 -818.861 0 
2 825.139 0.314008 0.0222738 0.671829 -0.668538 -1.71345 -1.62208 -4.56481 -818.952 0 
1 824.353 0.310441 0.022362 0.677454 -0.689279 -1.7284 -0.236468 -5.18709 -818.93 0 
1 824.489 0.310301 0.0224033 0.678515 -0.694971 -1.7414 -0.154778 -5.33341 -819.001 0 
2 825.501 0.309029 0.0223266 0.680657 -0.707215 -1.74721 -0.549929 -5.67702 -819.274 0 
3 824.468 0.312913 0.0223895 0.67734 -0.695175 -1.78803 -0.179175 -5.32683 -818.962 0 
7 824.553 0.317578 0.0224414 0.67296 -0.674905 -1.78875 -1.0779 -4.6465 -818.828 0 
7 824.117 0.32339 0.0222438 0.665829 -0.647602 -1.87122 -0.424822 -4.45275 -819.239 0 
4 824.073 0.31896 0.0223097 0.669008 -0.64045 -1.89145 -0.471028 -4.39329 -819.209 0 
2 824.907 0.319633 0.0223413 0.669689 -0.646921 -1.88497 -1.37712 -4.42657 -819.104 0 
10 824.731 0.313779 0.0223722 0.674632 -0.64672 -1.93968 -0.681703 -5.07468 -818.974 0 
1 825.502 0.313657 0.0224564 0.673661 -0.631208 -1.92807 -1.32142 -4.98222 -819.199 0 
2 825.874 0.311442 0.0223572 0.677503 -0.654766 -1.96173 -1.32883 -5.56154 -818.983 0 
5 826.202 0.323599 0.0223286 0.663961 -0.611995 -1.91856 -1.94264 -3.97325 -820.286 0 
1 826.548 0.330821 0.0223273 0.656386 -0.580259 -1.97911 -0.325749 -3.8883 -822.334 0 
4 826.638 0.327067 0.0223613 0.658566 -0.586055 -1.92425 -0.880666 -3.80111 -821.956 0 
3 825.015 0.318595 0.0224898 0.669591 -0.622288 -1.93101 -1.11187 -4.34246 -819.561 0 
3 825.904 0.320177 0.0222298 0.669696 -0.65202 -1.92422 -2.27397 -4.67659 -818.954 0 
1 824.753 0.323824 0.0221995 0.666923 -0.64936 -1.96315 -0.805807 -4.95455 -818.992 0 
2 825.133 0.322046 0.0224365 0.668087 -0.63415 -1.92562 -1.44821 -4.30535 -819.38 0 
3 825.039 0.321906 0.0224737 0.668787 -0.635071 -1.94995 -1.33904 -4.42132 -819.279 0 
8 825.083 0.329266 0.0223997 0.660842 -0.615527 -1.94199 -0.318712 -4.32344 -820.441 0 
1 824.993 0.326917 0.0224018 0.664131 -0.638895 -1.87929 -0.893686 -4.46193 -819.638 0 
1 824.982 0.323347 0.0224373 0.666918 -0.648728 -1.81727 -1.35802 -4.25003 -819.374 0 
2 825.338 0.318049 0.0223956 0.670767 -0.648922 -1.84217 -1.83746 -4.38301 -819.117 0 
6 825.352 0.31499 0.0223287 0.673013 -0.650504 -1.87776 -1.60525 -4.75895 -818.988 0 
6 824.36 0.313631 0.0223627 0.674325 -0.655992 -1.86724 -0.482478 -4.93768 -818.939 0 
1 824.896 0.323511 0.0221915 0.666469 -0.657097 -1.86836 -1.17653 -4.68416 -819.035 0 
2 825.316 0.328878 0.0221809 0.661106 -0.639862 -1.87661 -0.878506 -4.70389 -819.733 0 
6 825.506 0.325864 0.0223612 0.663686 -0.626613 -1.88868 -1.39435 -4.12838 -819.983 0 
6 826.558 0.331782 0.0223954 0.659685 -0.623467 -1.89076 -1.37903 -4.6093 -820.569 0 
4 825.893 0.325845 0.0223087 0.665737 -0.657108 -1.84671 -1.99517 -4.73213 -819.165 0 
2 824.372 0.325764 0.022381 0.664747 -0.647003 -1.83349 -0.467839 -4.41831 -819.486 0 
8 825.181 0.328421 0.0221981 0.663039 -0.657867 -1.86072 -0.769315 -5.20273 -819.209 0 
2 826.316 0.328503 0.0221471 0.6636 -0.65763 -1.91258 -1.78229 -5.46465 -819.069 0 
3 826.302 0.328098 0.0222456 0.663805 -0.660618 -1.82815 -2.04543 -5.03226 -819.224 0 
1 823.936 0.322986 0.0223249 0.66718 -0.657429 -1.83045 -0.331131 -4.50236 -819.103 0 
2 824.483 0.31996 0.0221966 0.670515 -0.696862 -1.7323 -0.705338 -5.0511 -818.726 0 
6 824.073 0.32467 0.0222859 0.666195 -0.675748 -1.75228 -0.272172 -4.83842 -818.962 0 
2 825.709 0.331444 0.0222777 0.660824 -0.66311 -1.77912 -0.691653 -5.51889 -819.498 0 
4 825.678 0.330931 0.0222995 0.661498 -0.659627 -1.8118 -0.786507 -5.43997 -819.452 0 
2 824.909 0.321421 0.0224207 0.669556 -0.681734 -1.7539 -1.28021 -4.81829 -818.811 0 
2 824.99 0.322884 0.0224848 0.667516 -0.660393 -1.78779 -1.40097 -4.44639 -819.143 0 
5 825.217 0.323417 0.0225158 0.667613 -0.661416 -1.7816 -1.60562 -4.45673 -819.155 0 
3 824.869 0.317634 0.0225667 0.671779 -0.669336 -1.73025 -1.5389 -4.36781 -818.962 0 
1 825.192 0.31821 0.0226043 0.67006 -0.65154 -1.74514 -1.69385 -4.18813 -819.31 0 
4 824.812 0.314185 0.0225337 0.674166 -0.664938 -1.74051 -1.26313 -4.58353 -818.965 0 
3 826.039 0.320657 0.0226079 0.666304 -0.620604 -1.78682 -1.64681 -4.01927 -820.373 0 
3 825.09 0.313384 0.0224722 0.672519 -0.640768 -1.79616 -1.02292 -4.79228 -819.275 0 
2 824.08 0.317986 0.0223716 0.669195 -0.652133 -1.75796 -0.604789 -4.22442 -819.251 0 
5 824.095 0.324727 0.0223195 0.665339 -0.665087 -1.74025 -0.399183 -4.46009 -819.236 0 
1 823.995 0.325002 0.0222957 0.665156 -0.661083 -1.79966 -0.179211 -4.64562 -819.171 0 
7 824.351 0.324719 0.0223575 0.664939 -0.67293 -1.68636 -0.624207 -4.52608 -819.201 0 
3 824.194 0.322239 0.0224441 0.665309 -0.653555 -1.6868 -0.527798 -4.01651 -819.649 0 
1 824.863 0.31654 0.0225169 0.671667 -0.681668 -1.64104 -1.6258 -4.32758 -818.91 0 
1 827.794 0.329229 0.0222759 0.659179 -0.653697 -1.69731 -3.11788 -4.61086 -820.065 0 
2 825.695 0.326308 0.022155 0.665966 -0.701467 -1.71234 -1.12103 -5.87713 -818.697 0 
1 824.609 0.317696 0.0222253 0.67138 -0.688377 -1.75537 -0.952327 -4.88467 -818.772 0 
3 823.572 0.321039 0.0223054 0.668932 -0.6797 -1.74077 -0.0866398 -4.6373 -818.848 0 
1 824.462 0.310347 0.0223615 0.677837 -0.691869 -1.72059 -0.330569 -5.19061 -818.941 0 
1 824.056 0.321205 0.0223608 0.66998 -0.681921 -1.76525 -0.45309 -4.80862 -818.794 0 
10 824.219 0.320651 0.0224033 0.668508 -0.673433 -1.71798 -0.832533 -4.41001 -818.977 0 
3 824.083 0.319369 0.0223077 0.670734 -0.688725 -1.74427 -0.451724 -4.87345 -818.758 0 
5 824.156 0.315538 0.0224908 0.673125 -0.670083 -1.75765 -0.686731 -4.57414 -818.895 0 
1 825.272 0.317861 0.0224728 0.672108 -0.682334 -1.7413 -1.79051 -4.67671 -818.804 0 
4 824.99 0.322292 0.0222548 0.667516 -0.6831 -1.73938 -1.29775 -4.86949 -818.823 0 
1 824.382 0.313477 0.0223217 0.676837 -0.710773 -1.71407 -0.0991811 -5.29428 -818.989 0 
