2 828.101 0.314289 0.0225286 0.674851 -0.958303 0.0103091 -6.60634 -0.967088 -820.528 0 
2 829.71 0.321443 0.0225402 0.668245 -0.935219 -0.00197175 -8.10425 -1.82338 -819.782 0 
3 829.017 0.324465 0.0223512 0.663621 -0.921972 -0.00979924 -8.7917 -0.514122 -819.711 0 
1 829.741 0.321804 0.0223086 0.668665 -0.957691 -0.000396916 -8.79393 -0.821513 -820.125 0 
1 830.245 0.322035 0.0224014 0.669362 -0.947391 -0.0273648 -8.25084 -2.04084 -819.954 0 
1 828.918 0.320573 0.0223516 0.670212 -0.944055 -0.043898 -7.52325 -1.42509 -819.97 0 
2 828.168 0.323954 0.0225913 0.66295 -0.869002 -0.0931897 -6.96796 -1.22105 -819.979 0 
11 826.861 0.321812 0.0224589 0.665088 -0.886998 -0.0923794 -6.47671 -0.776671 -819.608 0 
2 825.763 0.316682 0.0224592 0.668922 -0.888516 -0.0918595 -5.53522 -0.722136 -819.505 0 
2 826.066 0.31493 0.022448 0.67085 -0.87843 -0.128471 -5.03046 -1.59345 -819.442 0 
3 825.014 0.314718 0.0223963 0.671621 -0.893985 -0.120954 -4.96731 -0.552279 -819.495 0 
2 825.477 0.312286 0.0224837 0.676807 -0.926702 -0.101566 -4.95634 -0.395443 -820.125 0 
2 827.278 0.30263 0.0226581 0.683168 -0.914901 -0.0893231 -4.68362 -2.22433 -820.37 0 
1 826.057 0.30748 0.0225776 0.678289 -0.908918 -0.0933145 -4.61524 -1.5319 -819.91 0 
11 826.008 0.305376 0.0225117 0.681079 -0.927305 -0.0846143 -4.50978 -0.930474 -820.567 0 
1 825.266 0.310103 0.0224521 0.677254 -0.924258 -0.0872419 -4.76569 -0.360765 -820.14 0 
1 827.902 0.319039 0.0222751 0.671651 -0.948932 -0.0619768 -7.0856 -0.615611 -820.2 0 
1 828.847 0.309333 0.0223271 0.6787 -0.958036 -0.0260765 -5.29041 -2.45414 -821.102 0 
1 828.703 0.303205 0.0224063 0.685584 -0.983013 -0.0127236 -4.93054 -0.663889 -823.108 0 
4 829.546 0.299757 0.0225083 0.689538 -0.984285 -0.024764 -4.70724 -0.937889 -823.901 0 
1 828.344 0.302224 0.0226577 0.685265 -0.936541 -0.0658145 -4.56056 -2.65867 -821.125 0 
3 828.03 0.30051 0.0226005 0.68668 -0.944448 -0.061089 -4.56618 -1.79872 -821.665 0 
1 827.534 0.300203 0.0225437 0.686938 -0.948596 -0.0669823 -4.53841 -1.02018 -821.975 0 
1 827.66 0.308836 0.0224319 0.680872 -0.96 -0.050923 -5.13967 -1.12163 -821.398 0 
1 827.06 0.31454 0.022345 0.675394 -0.958004 -0.0451911 -6.2558 -0.0691108 -820.735 0 
3 826.333 0.313673 0.022348 0.675601 -0.939776 -0.0788523 -5.4734 -0.52533 -820.334 0 
1 826.494 0.308453 0.0224187 0.680664 -0.937535 -0.103768 -4.63446 -1.06444 -820.795 0 
2 829.145 0.309454 0.0224454 0.682293 -0.953198 -0.110643 -4.95943 -2.76393 -821.422 0 
1 829.996 0.312703 0.0226175 0.678954 -0.928295 -0.118902 -4.93301 -4.85489 -820.208 0 
2 828.905 0.316541 0.0225964 0.675312 -0.924586 -0.116166 -5.5384 -3.48135 -819.885 0 
3 828.245 0.318623 0.0225764 0.672495 -0.91535 -0.108991 -5.85189 -2.75469 -819.638 0 
5 828.417 0.321506 0.0225445 0.667526 -0.871285 -0.149521 -5.67481 -3.17343 -819.568 0 
3 827.881 0.323339 0.0226237 0.665922 -0.862097 -0.162739 -5.84248 -2.31211 -819.726 0 
5 826.311 0.322469 0.0224923 0.666537 -0.885739 -0.132848 -6.1207 -0.677634 -819.512 0 
4 826.93 0.319561 0.0226425 0.667389 -0.854988 -0.156747 -5.40315 -1.81285 -819.714 0 
1 827.41 0.321576 0.022628 0.668107 -0.867765 -0.181403 -5.33912 -2.57059 -819.501 0 
4 827.356 0.323165 0.022517 0.667603 -0.888325 -0.164627 -6.0242 -1.89486 -819.437 0 
2 826.878 0.323551 0.0224591 0.667103 -0.892938 -0.155951 -6.27162 -1.15809 -819.448 0 
1 825.474 0.321162 0.0224308 0.669271 -0.892783 -0.171646 -5.59582 -0.459511 -819.418 0 
2 826.029 0.313925 0.0224776 0.673861 -0.897146 -0.155324 -4.64715 -1.81983 -819.562 0 
1 826.388 0.312735 0.0223316 0.677178 -0.93588 -0.137987 -5.09616 -0.752255 -820.539 0 
1 824.456 0.311125 0.0224016 0.678142 -0.908966 -0.182523 -4.39821 -0.0580978 -820 0 
4 824.364 0.313011 0.022536 0.674711 -0.857618 -0.243177 -4.31084 -0.75026 -819.303 0 
8 825.863 0.30903 0.0226123 0.680419 -0.880839 -0.236505 -4.25395 -1.98657 -819.622 0 
4 825.271 0.305862 0.0224507 0.683938 -0.895844 -0.261534 -4.38333 -0.541887 -820.345 0 
1 823.622 0.313352 0.0224171 0.674303 -0.851761 -0.284225 -4.17474 -0.180287 -819.267 0 
1 824.145 0.310049 0.0224624 0.678796 -0.857193 -0.31304 -4.26787 -0.508905 -819.368 0 
4 824.907 0.310826 0.0224027 0.680157 -0.894205 -0.288265 -4.28053 -0.594471 -820.032 0 
3 825.87 0.306982 0.0222824 0.683574 -0.921247 -0.24831 -4.5014 -0.171512 -821.197 0 
6 826.982 0.305212 0.0222572 0.683292 -0.919239 -0.22276 -4.42376 -1.44088 -821.117 0 
1 827.747 0.307603 0.0221523 0.68166 -0.924208 -0.234255 -4.52486 -2.06274 -821.16 0 
4 825.38 0.3111 0.022335 0.675124 -0.869383 -0.241367 -4.21809 -1.77198 -819.39 0 
1 825.45 0.30826 0.0223065 0.677813 -0.884039 -0.214866 -4.29453 -1.49152 -819.664 0 
1 825.677 0.317298 0.0221994 0.669507 -0.871667 -0.21679 -4.53607 -1.80334 -819.337 0 
1 825.077 0.316354 0.0222181 0.673636 -0.905217 -0.209208 -4.83939 -0.529919 -819.708 0 
1 825.579 0.317173 0.0222512 0.670579 -0.868751 -0.253844 -4.34823 -1.92697 -819.303 0 
1 824.603 0.319938 0.0222315 0.670035 -0.877034 -0.263692 -4.72551 -0.565833 -819.312 0 
3 824.34 0.320444 0.022355 0.671162 -0.869877 -0.294208 -4.59411 -0.476738 -819.269 0 
3 824.806 0.314865 0.0222105 0.675968 -0.895181 -0.2784 -4.46628 -0.580312 -819.759 0 
2 826.06 0.319053 0.0221956 0.671377 -0.893856 -0.252157 -4.99541 -1.5775 -819.487 0 
4 826.516 0.315684 0.0221771 0.673925 -0.90235 -0.238987 -4.71426 -2.04283 -819.759 0 
2 825.796 0.317715 0.0221674 0.672167 -0.895052 -0.247319 -4.80966 -1.44152 -819.544 0 
13 828.744 0.317028 0.0220172 0.670675 -0.881547 -0.262987 -4.45496 -4.88948 -819.399 0 
5 829.23 0.314831 0.0219938 0.674033 -0.90813 -0.241873 -4.73132 -4.53552 -819.964 0 
1 827.109 0.308654 0.022127 0.679954 -0.910248 -0.245701 -4.35117 -2.22176 -820.537 0 
1 827.488 0.306248 0.0222114 0.683481 -0.920938 -0.229634 -4.41282 -1.94695 -821.129 0 
1 827.685 0.30822 0.0222089 0.682942 -0.936752 -0.210959 -4.66076 -1.50908 -821.515 0 
4 827.05 0.314042 0.0222031 0.678177 -0.940248 -0.19816 -5.44818 -0.676306 -820.925 0 
2 826.449 0.312711 0.0224415 0.679554 -0.924676 -0.205978 -4.80814 -1.15324 -820.488 0 
3 828.494 0.317377 0.0224934 0.675836 -0.914541 -0.219651 -5.26765 -3.32965 -819.897 0 
2 827.902 0.31861 0.0223002 0.675618 -0.917729 -0.250478 -5.56281 -2.32592 -820.013 0 
1 825.011 0.318647 0.0225153 0.671208 -0.852386 -0.28569 -4.25689 -1.46264 -819.291 0 
3 824.176 0.317286 0.0224639 0.6726 -0.870767 -0.244923 -4.39577 -0.466323 -819.313 0 
3 825.955 0.324957 0.0224136 0.667407 -0.861026 -0.291743 -5.1637 -1.46457 -819.327 0 
1 826.607 0.325602 0.0224981 0.66665 -0.84538 -0.306516 -4.92258 -2.19765 -819.487 0 
4 824.352 0.318706 0.0224239 0.671852 -0.845288 -0.326567 -4.10052 -0.996668 -819.254 0 
2 823.584 0.318482 0.0223901 0.671476 -0.855669 -0.298728 -4.21487 -0.112278 -819.257 0 
3 823.41 0.315677 0.0223666 0.674116 -0.859995 -0.309488 -4.08355 -0.0564238 -819.27 0 
3 824.697 0.319582 0.022323 0.672806 -0.877048 -0.309536 -4.61641 -0.74907 -819.332 0 
2 825.471 0.319836 0.0224076 0.672824 -0.880458 -0.283641 -4.72337 -1.4071 -819.341 0 
3 824.811 0.316887 0.0223601 0.673919 -0.864768 -0.302955 -4.16435 -1.36731 -819.28 0 
1 824.542 0.315353 0.0224906 0.672098 -0.816473 -0.340981 -4.36512 -0.717792 -819.459 0 
1 824.729 0.312755 0.0224918 0.674199 -0.81053 -0.369043 -4.66292 -0.688779 -819.377 0 
5 826.786 0.318224 0.0226244 0.668365 -0.780958 -0.376987 -4.77746 -1.59074 -820.418 0 
2 826.357 0.322509 0.0224653 0.663638 -0.784762 -0.352695 -4.58981 -0.948373 -820.819 0 
3 824.143 0.321726 0.0224251 0.667479 -0.805901 -0.380456 -4.07006 -0.266737 -819.806 0 
6 825.86 0.323153 0.0224976 0.667411 -0.802426 -0.393049 -4.06442 -1.87767 -819.918 0 
2 825.397 0.32409 0.0223347 0.664043 -0.797385 -0.3897 -4.1101 -1.12216 -820.165 0 
7 824.055 0.320912 0.0223389 0.667267 -0.800406 -0.395078 -4.05023 -0.174682 -819.83 0 
11 825.35 0.31799 0.0222306 0.672246 -0.842991 -0.368055 -3.9919 -2.15763 -819.2 0 
1 823.523 0.318661 0.0222723 0.670248 -0.826275 -0.379494 -3.95176 -0.276642 -819.295 0 
3 823.931 0.323563 0.0222595 0.66749 -0.834232 -0.376992 -4.26701 -0.331799 -819.332 0 
4 824.326 0.320774 0.0222676 0.670767 -0.84616 -0.371261 -4.16675 -0.959989 -819.2 0 
1 824.509 0.318887 0.0224712 0.669255 -0.8033 -0.388543 -4.08657 -0.743537 -819.678 0 
2 823.461 0.31688 0.0222538 0.673131 -0.844279 -0.380374 -3.98786 -0.278155 -819.195 0 
4 823.748 0.318101 0.0222148 0.671907 -0.847284 -0.369873 -4.03701 -0.513792 -819.197 0 
2 824.145 0.315209 0.0222075 0.673326 -0.840703 -0.37558 -3.99604 -0.946916 -819.202 0 
4 824.149 0.321914 0.0221854 0.667675 -0.814541 -0.423473 -3.90454 -0.823205 -819.421 0 
3 824.411 0.324155 0.0221742 0.666488 -0.812633 -0.451963 -3.98221 -0.996745 -819.432 0 
1 824.862 0.31867 0.0222514 0.669331 -0.797699 -0.457957 -3.93866 -1.43836 -819.485 0 
3 824.138 0.316835 0.0224654 0.674317 -0.813038 -0.466766 -3.98237 -0.955933 -819.2 0 
1 824.92 0.317892 0.0222822 0.675485 -0.850601 -0.445598 -4.23986 -1.4265 -819.254 0 
1 825.373 0.315152 0.0223502 0.678111 -0.841401 -0.476416 -4.22333 -1.86198 -819.288 0 
5 825.383 0.315139 0.0223533 0.677558 -0.832776 -0.480291 -4.15582 -2.01952 -819.208 0 
4 824.483 0.311007 0.0224126 0.678198 -0.799989 -0.502968 -4.99753 -0.286622 -819.199 0 
5 823.842 0.319872 0.0223455 0.669398 -0.783263 -0.501453 -3.9301 -0.231961 -819.68 0 
3 824.666 0.318896 0.0223936 0.668978 -0.767765 -0.503359 -4.28727 -0.300767 -820.078 0 
3 825.474 0.317629 0.0224424 0.66951 -0.759015 -0.50916 -4.70337 -0.503231 -820.267 0 
3 824.989 0.316246 0.0223572 0.67327 -0.798614 -0.46989 -4.17924 -1.46361 -819.346 0 
3 825.692 0.320501 0.0224074 0.671024 -0.793197 -0.49478 -3.84762 -2.34041 -819.504 0 
3 823.97 0.316325 0.0224395 0.673105 -0.785579 -0.504835 -4.30417 -0.204251 -819.461 0 
1 824.537 0.318842 0.0224853 0.672444 -0.794745 -0.499718 -3.9282 -1.21542 -819.394 0 
5 825.055 0.319695 0.0225144 0.671713 -0.797459 -0.484191 -3.86396 -1.7632 -819.428 0 
1 826.043 0.312185 0.0225283 0.675622 -0.777026 -0.51085 -5.28122 -1.29497 -819.467 0 
4 824.679 0.312666 0.0224593 0.675032 -0.785757 -0.480877 -4.99522 -0.26297 -819.421 0 
1 824.796 0.312328 0.0222896 0.679024 -0.853483 -0.41615 -4.22563 -1.1284 -819.442 0 
1 824.669 0.310208 0.0222579 0.678133 -0.833923 -0.429506 -4.50866 -0.87758 -819.283 0 
7 823.703 0.314379 0.0222455 0.675384 -0.837287 -0.425812 -4.07638 -0.419554 -819.207 0 
1 825.449 0.312143 0.0221263 0.677561 -0.860243 -0.394586 -4.21549 -1.72039 -819.514 0 
3 824.988 0.30674 0.0223336 0.682115 -0.83834 -0.42957 -5.08029 -0.432536 -819.475 0 
2 825.154 0.309403 0.0224282 0.682482 -0.857691 -0.417913 -4.49627 -0.966022 -819.692 0 
1 825.403 0.308482 0.0223947 0.683865 -0.874997 -0.404492 -4.62269 -0.58226 -820.198 0 
2 826.209 0.317259 0.0223722 0.677146 -0.872471 -0.405532 -4.56249 -2.11888 -819.527 0 
2 826.501 0.307191 0.0225116 0.684163 -0.850957 -0.442309 -4.9125 -1.81853 -819.77 0 
5 827.907 0.30613 0.0226067 0.685549 -0.850303 -0.437848 -5.08117 -3.01967 -819.806 0 
2 828.284 0.314366 0.0225471 0.679426 -0.852549 -0.444548 -4.2836 -4.59162 -819.409 0 
2 828.968 0.312912 0.0224815 0.680745 -0.86136 -0.452459 -4.53168 -4.74154 -819.695 0 
11 829.88 0.312716 0.0225015 0.683245 -0.870724 -0.470522 -4.79603 -5.02774 -820.056 0 
2 832.539 0.310131 0.0225329 0.68636 -0.878863 -0.464358 -4.96583 -7.02047 -820.552 0 
1 828.728 0.320892 0.0223795 0.675435 -0.862169 -0.455332 -4.84033 -4.57561 -819.312 0 
3 827.524 0.313104 0.0226301 0.67926 -0.816064 -0.491742 -4.38397 -3.96777 -819.172 0 
2 825.165 0.310381 0.0224496 0.681162 -0.835674 -0.480589 -4.64303 -1.11425 -819.408 0 
1 824.349 0.315084 0.0223504 0.676673 -0.829958 -0.488481 -4.19916 -0.952335 -819.197 0 
3 827.511 0.315596 0.0223053 0.676468 -0.849111 -0.462748 -4.3462 -3.81803 -819.346 0 
4 827.609 0.316208 0.022309 0.67822 -0.878757 -0.431115 -4.90599 -2.87047 -819.832 0 
1 826.393 0.317126 0.0224116 0.677329 -0.851087 -0.471091 -4.39427 -2.66675 -819.332 0 
1 826.883 0.312643 0.0225582 0.680059 -0.809178 -0.535822 -4.62748 -3.07654 -819.179 0 
2 827.614 0.303893 0.0225893 0.686079 -0.808743 -0.527419 -6.77999 -1.41597 -819.418 0 
7 828.201 0.299793 0.0224663 0.691198 -0.841595 -0.518303 -7.32454 -0.328282 -820.548 0 
2 828.048 0.299925 0.0224354 0.688252 -0.819619 -0.508209 -7.81787 -0.455612 -819.774 0 
5 827.959 0.300557 0.0224559 0.6897 -0.83079 -0.516986 -7.30761 -0.565955 -820.085 0 
3 826.07 0.307975 0.0223306 0.683601 -0.834554 -0.511304 -5.19073 -1.26212 -819.617 0 
1 827.164 0.311564 0.0225501 0.676854 -0.789615 -0.500029 -5.05414 -2.82113 -819.288 0 
1 826.87 0.31865 0.0225407 0.673314 -0.808206 -0.485875 -3.90373 -3.73148 -819.235 0 
1 826.769 0.313481 0.0223766 0.68109 -0.877961 -0.430486 -4.69156 -2.06502 -820.013 0 
1 827.367 0.316796 0.0222032 0.677978 -0.880302 -0.426658 -4.84985 -2.70362 -819.814 0 
6 825.284 0.316641 0.022277 0.674657 -0.836476 -0.464963 -4.12795 -1.97003 -819.186 0 
5 827.043 0.307113 0.0222179 0.68588 -0.88694 -0.450056 -5.25884 -0.641564 -821.142 0 
1 827.079 0.305841 0.0221817 0.686162 -0.880123 -0.455333 -5.31994 -0.73439 -821.024 0 
4 826.981 0.304201 0.0223525 0.688369 -0.878141 -0.45319 -5.51595 -0.348881 -821.116 0 
1 826.16 0.30602 0.0224129 0.683481 -0.83624 -0.466989 -5.36 -1.2017 -819.598 0 
9 826.294 0.304661 0.0223969 0.687175 -0.861782 -0.466225 -5.4784 -0.351709 -820.464 0 
2 824.506 0.30999 0.0224268 0.68035 -0.82575 -0.47981 -4.74614 -0.471157 -819.289 0 
2 826.535 0.314336 0.0224801 0.674622 -0.786968 -0.517853 -4.55165 -2.64642 -819.337 0 
3 824.352 0.314022 0.0224024 0.676387 -0.787138 -0.556465 -4.68258 -0.424533 -819.245 0 
2 824.247 0.321763 0.0221649 0.669119 -0.800358 -0.52753 -3.85889 -1.08698 -819.301 0 
4 823.966 0.318607 0.0222292 0.671304 -0.778587 -0.571406 -4.09771 -0.427233 -819.441 0 
7 824.846 0.320735 0.0223726 0.671856 -0.78619 -0.567883 -3.88475 -1.58078 -819.38 0 
3 824.901 0.317003 0.0223472 0.674119 -0.790231 -0.545199 -4.17771 -1.44186 -819.282 0 
2 825.92 0.317068 0.022291 0.676486 -0.824867 -0.530847 -4.20633 -2.55345 -819.16 0 
1 826.345 0.318985 0.0222052 0.674354 -0.815345 -0.553843 -4.12991 -3.09933 -819.116 0 
9 823.59 0.320336 0.0222663 0.670601 -0.787134 -0.555568 -3.89119 -0.307439 -819.391 0 
1 825.181 0.318065 0.0221952 0.67198 -0.817155 -0.488598 -3.97641 -2.0505 -819.155 0 
2 826.821 0.314251 0.0222747 0.673785 -0.795175 -0.516138 -4.4356 -3.1473 -819.238 0 
1 823.728 0.319851 0.0222371 0.670331 -0.793226 -0.526342 -3.8788 -0.485371 -819.364 0 
6 824.442 0.324004 0.0223452 0.667347 -0.795468 -0.49217 -3.80714 -1.01234 -819.622 0 
4 823.639 0.318732 0.0223281 0.671715 -0.809568 -0.476195 -3.89093 -0.504956 -819.243 0 
3 823.91 0.318858 0.0221841 0.671527 -0.827468 -0.447953 -3.94697 -0.802359 -819.16 0 
3 825.095 0.313557 0.0222279 0.67519 -0.807664 -0.47999 -4.39543 -1.50936 -819.19 0 
4 825.941 0.312978 0.0224022 0.673358 -0.769102 -0.495167 -5.46545 -0.729525 -819.746 0 
3 825.012 0.324032 0.0223088 0.664189 -0.759538 -0.503956 -3.95158 -0.262877 -820.798 0 
4 825.638 0.323929 0.0221516 0.665107 -0.775702 -0.505332 -3.78589 -1.72099 -820.131 0 
4 826.256 0.326932 0.0223038 0.661171 -0.741929 -0.527908 -3.96563 -0.526257 -821.764 0 
5 825.171 0.322012 0.0223179 0.667926 -0.771383 -0.520848 -3.89103 -1.22983 -820.05 0 
1 827.201 0.314468 0.0224661 0.674574 -0.783405 -0.486717 -4.76019 -2.93526 -819.505 0 
2 826.852 0.314968 0.0223227 0.673082 -0.789841 -0.466039 -4.55198 -2.82873 -819.472 0 
5 826.471 0.314496 0.0223812 0.670876 -0.769118 -0.458033 -5.27404 -1.16552 -820.032 0 
1 826.768 0.320836 0.0222907 0.665066 -0.771576 -0.44231 -4.25544 -2.00979 -820.503 0 
2 827.136 0.317482 0.0222609 0.6675 -0.772158 -0.443262 -4.66108 -2.25544 -820.219 0 
6 826.165 0.317417 0.0222337 0.668512 -0.781504 -0.446797 -4.39579 -1.88634 -819.883 0 
3 826.452 0.317698 0.0222163 0.668065 -0.785013 -0.437084 -4.30596 -2.29538 -819.85 0 
4 823.736 0.316112 0.0223098 0.672325 -0.817037 -0.417903 -4.01297 -0.474819 -819.248 0 
2 824.113 0.318108 0.0222215 0.670252 -0.81095 -0.425524 -3.93844 -0.826843 -819.348 0 
1 823.851 0.31761 0.0223266 0.670439 -0.793836 -0.452583 -4.10057 -0.205552 -819.545 0 
1 823.802 0.322363 0.0223559 0.667793 -0.803593 -0.438568 -3.86243 -0.338632 -819.601 0 
3 823.413 0.32064 0.0223263 0.669082 -0.803564 -0.441829 -3.86193 -0.0410165 -819.51 0 
2 823.881 0.322735 0.0222128 0.667693 -0.823311 -0.409571 -4.02324 -0.503076 -819.355 0 
3 824.596 0.32345 0.0223258 0.669127 -0.826067 -0.426659 -4.08915 -1.22271 -819.285 0 
2 826.268 0.328191 0.0224562 0.664143 -0.776048 -0.492798 -3.87948 -1.85107 -820.537 0 
2 826.163 0.326739 0.0225033 0.664781 -0.772761 -0.486801 -3.85087 -1.71477 -820.597 0 
4 824.858 0.322084 0.022424 0.667583 -0.782781 -0.455144 -3.96387 -0.807553 -820.087 0 
1 825.536 0.325373 0.0222003 0.665778 -0.808139 -0.438467 -4.01165 -1.88127 -819.643 0 
4 826.357 0.32864 0.022159 0.66293 -0.795428 -0.465832 -4.11513 -2.19328 -820.049 0 
9 826.211 0.323173 0.0223347 0.670261 -0.830467 -0.432425 -4.12404 -2.87096 -819.216 0 
2 825.898 0.323979 0.0222595 0.669309 -0.833879 -0.428676 -4.26455 -2.42496 -819.209 0 
1 826.519 0.326139 0.0221323 0.668018 -0.85626 -0.408325 -5.22645 -2.13505 -819.158 0 
9 824.768 0.320183 0.0221259 0.671151 -0.849144 -0.403178 -4.21387 -1.37862 -819.175 0 
1 825.833 0.316965 0.0222822 0.674544 -0.829246 -0.44509 -3.96139 -2.71249 -819.159 0 
2 824.098 0.316945 0.0223453 0.674261 -0.831066 -0.424629 -3.94845 -0.980508 -819.169 0 
1 824.321 0.315439 0.0223216 0.672805 -0.803226 -0.462329 -4.17101 -0.866535 -819.284 0 
7 823.621 0.316366 0.0223447 0.675237 -0.841043 -0.427998 -4.03585 -0.390066 -819.195 0 
3 823.389 0.320405 0.0222707 0.670027 -0.808464 -0.464772 -3.83982 -0.218954 -819.33 0 
6 823.646 0.314134 0.0223387 0.676026 -0.821621 -0.45426 -4.16753 -0.308211 -819.171 0 
1 823.8 0.318255 0.0224013 0.671833 -0.808255 -0.455329 -3.90721 -0.590262 -819.302 0 
6 825.058 0.326426 0.0223332 0.666178 -0.802984 -0.464414 -4.00616 -1.35429 -819.697 0 
1 824.837 0.323854 0.0224349 0.668207 -0.811711 -0.437284 -3.9568 -1.38278 -819.497 0 
4 825.821 0.318109 0.0225555 0.670826 -0.778762 -0.455847 -4.37546 -1.48913 -819.956 0 
5 824.048 0.318941 0.0224682 0.670134 -0.796358 -0.426908 -4.04399 -0.339658 -819.664 0 
4 823.916 0.318785 0.0224461 0.669488 -0.804406 -0.387327 -4.09811 -0.1656 -819.653 0 
4 824.427 0.316617 0.0225333 0.67167 -0.810174 -0.371058 -4.215 -0.707391 -819.505 0 
1 826.135 0.316383 0.0226001 0.671124 -0.77579 -0.437951 -4.77689 -1.30527 -820.053 0 
1 823.439 0.317095 0.0223894 0.672383 -0.822869 -0.402662 -3.94725 -0.248284 -819.243 0 
3 824.586 0.315811 0.0222413 0.671851 -0.812599 -0.411809 -4.11129 -1.16992 -819.305 0 
6 825.466 0.320067 0.0220879 0.669182 -0.843407 -0.369734 -4.098 -2.16157 -819.207 0 
2 824.3 0.321726 0.0222259 0.666663 -0.80755 -0.403416 -3.94824 -0.707099 -819.645 0 
2 824.294 0.318046 0.0222977 0.669396 -0.800231 -0.411108 -4.10977 -0.581185 -819.603 0 
1 824.104 0.316157 0.0223347 0.671267 -0.799205 -0.425047 -4.24927 -0.367353 -819.487 0 
1 824.392 0.32187 0.0223875 0.666803 -0.779583 -0.450859 -4.0287 -0.151589 -820.212 0 
1 823.742 0.318974 0.0224357 0.671177 -0.799781 -0.45762 -3.92077 -0.364576 -819.457 0 
4 824.116 0.312317 0.0224202 0.677613 -0.825978 -0.448391 -4.32468 -0.592761 -819.198 0 
2 823.986 0.31283 0.0223224 0.676295 -0.821906 -0.454597 -4.29961 -0.505806 -819.181 0 
2 826.677 0.310382 0.0222682 0.676853 -0.818742 -0.450708 -4.67836 -2.79705 -819.202 0 
1 827.556 0.314249 0.0222809 0.671809 -0.777896 -0.501438 -4.77898 -3.21951 -819.558 0 
3 826.401 0.314785 0.0223109 0.672063 -0.769179 -0.53702 -4.85567 -1.9101 -819.635 0 
11 826.813 0.307446 0.0222926 0.679749 -0.803945 -0.509958 -5.73728 -1.84203 -819.233 0 
4 826.566 0.311478 0.0225038 0.675352 -0.756843 -0.545323 -6.20286 -0.593705 -819.769 0 
2 826.423 0.311632 0.0224679 0.677999 -0.781101 -0.54541 -5.35667 -1.76855 -819.298 0 
3 825.742 0.315534 0.0222825 0.673305 -0.777529 -0.539774 -4.58885 -1.68523 -819.468 0 
9 826.104 0.315994 0.0225127 0.67153 -0.748585 -0.545751 -5.2899 -0.514171 -820.3 0 
5 825.843 0.314165 0.0224154 0.673653 -0.753796 -0.571354 -5.5094 -0.472619 -819.861 0 
1 826.313 0.321188 0.0223515 0.666351 -0.725011 -0.602683 -4.74583 -0.212185 -821.355 0 
5 824.187 0.32401 0.022264 0.667019 -0.76381 -0.585189 -3.73189 -0.415105 -820.04 0 
1 826.207 0.327015 0.0221413 0.662773 -0.765479 -0.555517 -3.68762 -2.12546 -820.394 0 
6 827.314 0.327163 0.0220723 0.661526 -0.750113 -0.573834 -3.67475 -2.71272 -820.926 0 
2 824.759 0.321665 0.022289 0.666906 -0.751774 -0.564925 -4.08721 -0.214978 -820.457 0 
8 825.03 0.322426 0.0223737 0.667261 -0.746631 -0.580229 -4.06906 -0.342284 -820.618 0 
2 824.954 0.325498 0.0222693 0.663891 -0.74645 -0.57318 -3.78613 -0.215984 -820.951 0 
3 824.746 0.326864 0.0221669 0.665334 -0.783279 -0.555647 -3.8112 -1.15689 -819.777 0 
5 825.999 0.32909 0.0220595 0.663216 -0.789031 -0.554879 -4.09959 -2.15226 -819.747 0 
3 826.062 0.331461 0.022143 0.660666 -0.760982 -0.591707 -3.845 -1.541 -820.676 0 
1 826.15 0.326498 0.0221341 0.666336 -0.778114 -0.595831 -3.79033 -2.66696 -819.693 0 
9 825.342 0.328089 0.0223283 0.663601 -0.735075 -0.638129 -3.61799 -0.540054 -821.184 0 
1 825.428 0.328846 0.0221372 0.663462 -0.756889 -0.628927 -3.6753 -1.40395 -820.349 0 
7 824.086 0.322486 0.0223017 0.668654 -0.762559 -0.610925 -3.84869 -0.395939 -819.841 0 
1 824.859 0.316277 0.0224548 0.673583 -0.758663 -0.602336 -4.7928 -0.385443 -819.681 0 
8 824.874 0.314789 0.0223789 0.677673 -0.801283 -0.577287 -4.49788 -1.22308 -819.153 0 
1 825.946 0.31161 0.0221254 0.679645 -0.83056 -0.541495 -4.78699 -1.71774 -819.441 0 
5 826.134 0.309329 0.0222242 0.683595 -0.845163 -0.550248 -5.26507 -0.890771 -819.978 0 
3 825.837 0.316878 0.0222966 0.677698 -0.836879 -0.555389 -4.6537 -1.85173 -819.332 0 
7 826.402 0.315886 0.0222864 0.678942 -0.830297 -0.581479 -4.69756 -2.35889 -819.345 0 
1 826.859 0.317915 0.0222819 0.67708 -0.813285 -0.61764 -4.54814 -3.15217 -819.159 0 
8 827.629 0.317697 0.0223402 0.677896 -0.81659 -0.616021 -4.60998 -3.83166 -819.187 0 
2 826.05 0.316178 0.022199 0.676958 -0.803722 -0.620752 -4.56658 -2.32886 -819.154 0 
1 825.128 0.318118 0.0221426 0.672066 -0.777642 -0.624477 -4.29544 -1.54268 -819.29 0 
3 825.821 0.316058 0.0221108 0.673717 -0.782983 -0.623163 -4.56011 -2.05725 -819.204 0 
4 825.685 0.31242 0.0222591 0.676221 -0.765064 -0.636981 -5.59536 -0.755817 -819.334 0 
2 827.13 0.309933 0.0221681 0.680347 -0.784133 -0.658073 -6.00904 -1.86555 -819.255 0 
1 827.656 0.306116 0.0222417 0.685028 -0.801551 -0.646437 -6.78928 -1.28012 -819.587 0 
5 828.702 0.304743 0.0223688 0.683175 -0.75367 -0.681615 -8.91742 -0.421425 -819.363 0 
2 826.628 0.306577 0.0223364 0.682384 -0.777187 -0.631268 -7.11999 -0.229457 -819.278 0 
12 826.613 0.308212 0.0222471 0.680951 -0.786497 -0.609246 -6.25508 -1.10986 -819.248 0 
2 827.713 0.314104 0.0223195 0.677414 -0.770936 -0.647502 -5.14007 -3.30522 -819.268 0 
2 829.089 0.309215 0.022517 0.679342 -0.736218 -0.666564 -7.84068 -1.54099 -819.707 0 
7 829.298 0.310796 0.0224174 0.675372 -0.715797 -0.676228 -8.18592 -0.737804 -820.375 0 
5 828.061 0.309579 0.022312 0.679421 -0.768493 -0.619542 -6.38419 -2.38471 -819.292 0 
2 827.264 0.315749 0.0220218 0.674655 -0.800139 -0.594076 -4.45243 -3.66635 -819.145 0 
1 828.433 0.323104 0.0219885 0.667549 -0.791105 -0.596914 -4.01213 -5.14209 -819.279 0 
4 828.752 0.322022 0.021911 0.671025 -0.827708 -0.566235 -4.58872 -5.05902 -819.104 0 
1 826.057 0.318611 0.0221377 0.671179 -0.788241 -0.581839 -4.09812 -2.70466 -819.255 0 
1 825.861 0.321601 0.0220229 0.670049 -0.806804 -0.568876 -4.09857 -2.62603 -819.136 0 
2 826.397 0.325097 0.0220467 0.66896 -0.82291 -0.549068 -4.58132 -2.72371 -819.092 0 
1 826.184 0.321419 0.022069 0.670159 -0.811104 -0.556561 -4.14553 -2.91505 -819.124 0 
5 825.179 0.318922 0.0221206 0.674251 -0.829896 -0.552387 -4.46439 -1.54164 -819.173 0 
5 824.817 0.318438 0.0221155 0.672554 -0.799548 -0.581954 -4.15951 -1.51022 -819.147 0 
2 825.697 0.319712 0.0221281 0.673474 -0.819133 -0.557941 -4.22251 -2.3634 -819.111 0 
1 824.585 0.325904 0.0222852 0.66633 -0.754711 -0.630639 -3.6796 -0.702619 -820.203 0 
6 825.201 0.323284 0.022285 0.66663 -0.735155 -0.637773 -4.04117 -0.411441 -820.748 0 
5 824.535 0.320473 0.0222144 0.670019 -0.766924 -0.604288 -4.01317 -0.872264 -819.649 0 
1 827.658 0.320313 0.0221695 0.670951 -0.763559 -0.637313 -4.1127 -3.96056 -819.584 0 
2 827.577 0.318761 0.0222364 0.672421 -0.761469 -0.639192 -4.35346 -3.65983 -819.564 0 
4 825.207 0.316491 0.0223648 0.674998 -0.76864 -0.630947 -4.62958 -1.20204 -819.375 0 
1 825.195 0.316186 0.0223336 0.675743 -0.781751 -0.613845 -4.50949 -1.45577 -819.23 0 
1 825.093 0.318045 0.0223972 0.673438 -0.764864 -0.619895 -4.38632 -1.17334 -819.533 0 
2 825.377 0.31897 0.0224435 0.671156 -0.743409 -0.625855 -4.60172 -0.59922 -820.176 0 
1 825.444 0.321826 0.0224527 0.668261 -0.737101 -0.622647 -4.22166 -0.56426 -820.658 0 
4 826.472 0.314648 0.0224821 0.673999 -0.741646 -0.635749 -5.63478 -0.910172 -819.927 0 
3 827.107 0.310253 0.0223447 0.677138 -0.744088 -0.656776 -6.99303 -0.518361 -819.595 0 
1 825.778 0.317647 0.0222949 0.671166 -0.746338 -0.647686 -4.75444 -1.14536 -819.879 0 
1 826.274 0.314063 0.0223174 0.674013 -0.733993 -0.678663 -6.07904 -0.27652 -819.919 0 
6 824.926 0.318495 0.0223165 0.670733 -0.741448 -0.652432 -4.7002 -0.168776 -820.057 0 
4 826.482 0.317272 0.0224747 0.672829 -0.732505 -0.689792 -5.19425 -1.20896 -820.079 0 
1 826.384 0.321634 0.0223879 0.671591 -0.745916 -0.704715 -4.20437 -2.36536 -819.814 0 
4 826.079 0.322967 0.0223673 0.671322 -0.75834 -0.701221 -4.06989 -2.44806 -819.561 0 
4 825.356 0.319965 0.0223319 0.672831 -0.756726 -0.690666 -4.34228 -1.48976 -819.524 0 
9 825.83 0.326993 0.0222621 0.666856 -0.750715 -0.687131 -3.74779 -2.01679 -820.065 0 
7 825.245 0.328581 0.022224 0.664761 -0.749903 -0.679797 -3.72622 -1.269 -820.25 0 
9 824.832 0.322234 0.0222748 0.66945 -0.763419 -0.647022 -3.95386 -1.24786 -819.63 0 
2 824.39 0.320866 0.0222396 0.672405 -0.788199 -0.631626 -4.1445 -1.05403 -819.191 0 
1 825.488 0.312233 0.0222941 0.680188 -0.794606 -0.646225 -5.30215 -0.952742 -819.233 0 
1 826.304 0.315902 0.0225156 0.674969 -0.75765 -0.63824 -4.90562 -1.85037 -819.548 0 
9 825.702 0.319963 0.0224573 0.673047 -0.765131 -0.650969 -4.18311 -2.03599 -819.483 0 
4 825.584 0.319826 0.0221913 0.674852 -0.816019 -0.61945 -4.63009 -1.82338 -819.131 0 
1 827.111 0.327372 0.0222038 0.668918 -0.795498 -0.652905 -4.60376 -3.33278 -819.174 0 
2 825.246 0.323918 0.0221818 0.670516 -0.792448 -0.64558 -4.28236 -1.79991 -819.164 0 
5 825.242 0.325155 0.0222598 0.669171 -0.778759 -0.653217 -4.05137 -1.8119 -819.379 0 
1 824.347 0.320478 0.0222684 0.671911 -0.777053 -0.643204 -4.13474 -0.908196 -819.304 0 
4 825.122 0.312512 0.0223206 0.677565 -0.776309 -0.636278 -5.35627 -0.539205 -819.226 0 
1 825.223 0.312307 0.0223564 0.679319 -0.776778 -0.662592 -5.52019 -0.487965 -819.215 0 
9 825.914 0.3099 0.0223675 0.682189 -0.788481 -0.6604 -5.97069 -0.658829 -819.285 0 
6 826.406 0.316671 0.0224821 0.6752 -0.742184 -0.706204 -5.17534 -1.54479 -819.686 0 
8 826.837 0.311161 0.0225014 0.680379 -0.75935 -0.692798 -6.27427 -1.25694 -819.306 0 
4 828.032 0.313765 0.0225716 0.676561 -0.727258 -0.71367 -6.43075 -1.65969 -819.942 0 
2 827.959 0.313618 0.0225427 0.675584 -0.718924 -0.711462 -6.81303 -0.925135 -820.221 0 
2 825.662 0.312968 0.0224267 0.676942 -0.749843 -0.667927 -5.9155 -0.225362 -819.521 0 
4 825.414 0.317526 0.0224591 0.673408 -0.745945 -0.666205 -4.82908 -0.790994 -819.794 0 
9 824.748 0.313538 0.0222822 0.677442 -0.779937 -0.635826 -5.08918 -0.454034 -819.205 0 
6 824.106 0.317768 0.0222827 0.67443 -0.791116 -0.600274 -4.23772 -0.688088 -819.18 0 
5 824.071 0.314422 0.0223539 0.677374 -0.803787 -0.565328 -4.49621 -0.418203 -819.156 0 
4 824.592 0.31125 0.0223934 0.677887 -0.78544 -0.559641 -5.30034 -0.0612437 -819.231 0 
1 824.785 0.310906 0.022441 0.679053 -0.79472 -0.552151 -5.1758 -0.415947 -819.193 0 
3 824.641 0.312454 0.0223508 0.676376 -0.797411 -0.520656 -4.73657 -0.7049 -819.199 0 
2 825.948 0.31362 0.0220702 0.676663 -0.848784 -0.452383 -4.27963 -2.26829 -819.4 0 
3 823.732 0.316214 0.0222616 0.672935 -0.804984 -0.485646 -4.08198 -0.422706 -819.228 0 
1 824.346 0.316302 0.0221572 0.675063 -0.83917 -0.470128 -4.15709 -0.9702 -819.219 0 
1 824.073 0.319458 0.0222994 0.671106 -0.802181 -0.50687 -3.88507 -0.91389 -819.274 0 
1 824.932 0.317834 0.0222684 0.672734 -0.816691 -0.492154 -3.99098 -1.789 -819.152 0 
24 823.567 0.316652 0.0223196 0.673956 -0.807789 -0.507934 -4.06571 -0.327527 -819.174 0 
4 826.466 0.316541 0.0224004 0.670397 -0.762543 -0.523219 -4.71246 -1.76952 -819.984 0 
1 826.517 0.316157 0.0224311 0.670431 -0.747175 -0.549452 -5.24065 -0.935082 -820.341 0 
3 827.427 0.314355 0.0225424 0.6732 -0.757762 -0.544925 -5.29238 -2.24563 -819.889 0 
2 826.569 0.312938 0.0225489 0.674804 -0.752991 -0.562711 -5.86845 -0.834434 -819.866 0 
1 826.354 0.309628 0.0225452 0.678738 -0.771367 -0.551653 -6.19621 -0.779825 -819.378 0 
1 824.772 0.312437 0.0221824 0.678057 -0.825027 -0.512247 -4.51269 -0.999548 -819.26 0 
1 824.377 0.314338 0.0221961 0.676981 -0.821555 -0.530093 -4.37545 -0.800438 -819.201 0 
3 824.009 0.318392 0.0223311 0.674274 -0.817605 -0.514813 -4.02963 -0.84846 -819.131 0 
4 824.368 0.321095 0.0222271 0.670399 -0.809495 -0.516536 -3.93676 -1.23322 -819.198 0 
2 826.561 0.315459 0.0223628 0.674427 -0.803245 -0.519637 -4.21811 -3.16247 -819.18 0 
2 825.146 0.323794 0.0222994 0.668453 -0.80307 -0.518105 -3.91936 -1.87742 -819.35 0 
5 826.122 0.319309 0.0222477 0.670216 -0.792597 -0.528558 -3.91641 -2.85485 -819.351 0 
3 825.949 0.325906 0.0221565 0.666785 -0.812763 -0.517332 -4.27345 -2.41057 -819.265 0 
9 827.261 0.326302 0.0220742 0.666265 -0.815196 -0.526602 -4.43719 -3.60732 -819.217 0 
1 825.133 0.321175 0.0222024 0.669662 -0.79668 -0.545679 -3.89103 -1.95347 -819.288 0 
3 824.918 0.317717 0.0221459 0.67175 -0.79026 -0.560129 -4.11495 -1.5424 -819.261 0 
1 826.407 0.32722 0.0221684 0.66372 -0.76872 -0.581227 -3.72005 -2.5748 -820.112 0 
4 827.082 0.324214 0.022312 0.667512 -0.787522 -0.552827 -3.81815 -3.71923 -819.545 0 
1 828.438 0.327291 0.022157 0.665397 -0.810623 -0.520491 -4.41685 -4.6897 -819.331 0 
7 829.331 0.326784 0.0223278 0.664005 -0.763825 -0.569507 -3.67932 -5.31179 -820.34 0 
1 827.661 0.329481 0.0223425 0.662263 -0.745494 -0.614079 -3.61344 -3.03057 -821.017 0 
1 827.582 0.316672 0.0225713 0.671872 -0.725008 -0.631453 -5.73137 -1.13743 -820.713 0 
1 826.114 0.318887 0.0224604 0.66969 -0.739474 -0.603473 -4.71158 -0.932405 -820.47 0 
1 825.415 0.314802 0.0224682 0.674378 -0.763873 -0.584536 -4.9727 -0.874271 -819.568 0 
11 824.543 0.31459 0.0224018 0.675288 -0.790027 -0.545145 -4.50155 -0.798754 -819.242 0 
2 824.889 0.308717 0.0223899 0.680474 -0.799393 -0.541833 -5.59848 -0.0714345 -819.219 0 
2 826.103 0.306815 0.0223281 0.681442 -0.813238 -0.510411 -5.7016 -1.08154 -819.32 0 
2 824.342 0.31039 0.0222469 0.679636 -0.839715 -0.456322 -4.53404 -0.401561 -819.407 0 
3 825.912 0.320116 0.0222131 0.673998 -0.852063 -0.458093 -4.45511 -2.23469 -819.222 0 
1 824.69 0.325135 0.0221351 0.666292 -0.805607 -0.498193 -3.97875 -1.28732 -819.424 0 
3 825.005 0.32363 0.0221858 0.666032 -0.780562 -0.528365 -3.73826 -1.44962 -819.817 0 
1 825.996 0.317492 0.0220801 0.671109 -0.795775 -0.522115 -4.04892 -2.67132 -819.275 0 
5 826.455 0.315796 0.0221355 0.671664 -0.776811 -0.545768 -4.5207 -2.46401 -819.47 0 
1 827.043 0.314262 0.0220812 0.675028 -0.813129 -0.50837 -4.29811 -3.58598 -819.159 0 
1 826.441 0.315332 0.0223956 0.67087 -0.758259 -0.520797 -5.13302 -1.24078 -820.067 0 
2 827.341 0.316999 0.0223847 0.668395 -0.739353 -0.530578 -5.48978 -0.963863 -820.888 0 
4 828.593 0.309412 0.0222853 0.676657 -0.772591 -0.525934 -6.29873 -2.87376 -819.421 0 
1 826.381 0.31393 0.0222361 0.674368 -0.779505 -0.543842 -4.85607 -2.15351 -819.372 0 
1 825.951 0.317172 0.0220961 0.672044 -0.799899 -0.519897 -4.0612 -2.66359 -819.226 0 
1 827.163 0.315458 0.022248 0.674105 -0.778397 -0.562781 -4.59379 -3.19294 -819.376 0 
3 825.79 0.317536 0.022411 0.670258 -0.743647 -0.571448 -5.03051 -0.332386 -820.427 0 
2 824.849 0.325548 0.0221741 0.664541 -0.761296 -0.570701 -3.6835 -0.830563 -820.335 0 
2 825.759 0.328486 0.0221031 0.663099 -0.771846 -0.565974 -3.7596 -1.80691 -820.192 0 
1 825.425 0.33082 0.0222231 0.661314 -0.761603 -0.572814 -3.79879 -0.881384 -820.744 0 
2 828.06 0.328395 0.0220005 0.66115 -0.759062 -0.581455 -3.66671 -3.81908 -820.574 0 
1 828.138 0.328109 0.0221651 0.660646 -0.740809 -0.586267 -3.66544 -3.10241 -821.37 0 
1 829.163 0.319271 0.022131 0.670084 -0.780217 -0.535916 -4.02428 -5.56916 -819.57 0 
2 828.698 0.307114 0.0223471 0.680929 -0.790549 -0.529096 -6.37563 -3.09269 -819.23 0 
3 825.728 0.312487 0.0222965 0.677169 -0.806145 -0.500111 -4.61595 -1.93273 -819.179 0 
3 824.579 0.316119 0.0221909 0.67268 -0.808071 -0.470332 -4.07144 -1.28113 -819.226 0 
1 824.927 0.312397 0.0224027 0.674545 -0.784404 -0.477917 -5.09863 -0.382379 -819.446 0 
1 824.97 0.314475 0.0222685 0.672338 -0.797481 -0.443026 -4.4519 -1.12148 -819.397 0 
1 825.63 0.316296 0.0223952 0.669985 -0.777091 -0.45576 -4.6062 -1.12331 -819.9 0 
2 825.791 0.324712 0.0222925 0.665703 -0.810125 -0.431241 -4.02197 -2.17122 -819.598 0 
2 825.788 0.320739 0.0221611 0.671324 -0.867567 -0.375082 -4.69912 -1.82046 -819.268 0 
2 824.916 0.312718 0.0222091 0.678579 -0.868312 -0.388886 -4.24844 -1.03521 -819.633 0 
1 825.037 0.31663 0.0221224 0.674622 -0.866543 -0.385158 -4.28652 -1.35107 -819.4 0 
2 824.419 0.315412 0.0221539 0.674336 -0.840437 -0.423789 -4.03996 -1.17364 -819.206 0 
6 823.933 0.3183 0.0222328 0.671429 -0.819367 -0.450831 -3.90625 -0.829821 -819.197 0 
2 824.881 0.320251 0.0224648 0.669822 -0.804216 -0.436622 -3.86902 -1.50955 -819.502 0 
1 823.933 0.32123 0.0223934 0.668402 -0.798171 -0.442441 -3.86699 -0.40877 -819.657 0 
8 823.785 0.322244 0.0223041 0.667557 -0.812888 -0.413068 -3.92993 -0.348445 -819.507 0 
1 824.613 0.321626 0.0224514 0.668941 -0.812936 -0.391091 -3.9844 -1.05354 -819.575 0 
1 824.867 0.320596 0.022424 0.668673 -0.818883 -0.375507 -3.98836 -1.40039 -819.478 0 
1 826.002 0.323362 0.0224302 0.668109 -0.838482 -0.355364 -4.36321 -2.29976 -819.339 0 
4 824.064 0.317574 0.0223744 0.672985 -0.866371 -0.305078 -4.24392 -0.53971 -819.28 0 
2 824.35 0.316385 0.0223416 0.675065 -0.882003 -0.301451 -4.38835 -0.478238 -819.484 0 
4 824.156 0.308583 0.0223322 0.680563 -0.87334 -0.321684 -4.29541 -0.109605 -819.751 0 
1 826.045 0.304982 0.0222799 0.682483 -0.86023 -0.347387 -4.92391 -1.37383 -819.747 0 
1 825.578 0.303625 0.0223704 0.685567 -0.882012 -0.323042 -4.85309 -0.322476 -820.402 0 
2 826.942 0.299741 0.0224012 0.68862 -0.885792 -0.320113 -5.53699 -0.47132 -820.934 0 
1 825.524 0.305708 0.0225386 0.683558 -0.866256 -0.33176 -4.68039 -1.05321 -819.79 0 
1 825.043 0.305631 0.0224777 0.682311 -0.853733 -0.344109 -4.88418 -0.603053 -819.556 0 
1 825.473 0.311917 0.0226172 0.675709 -0.820282 -0.349557 -4.57881 -1.59991 -819.294 0 
6 824.443 0.308858 0.0225177 0.679601 -0.843185 -0.345918 -4.5589 -0.587576 -819.296 0 
1 824.061 0.312941 0.0224311 0.674855 -0.828503 -0.349744 -4.31205 -0.502519 -819.246 0 
11 824.898 0.31885 0.0225304 0.668562 -0.804834 -0.341479 -4.37083 -0.637312 -819.889 0 
1 824.142 0.316241 0.0224854 0.671359 -0.818158 -0.338078 -4.27051 -0.399232 -819.473 0 
2 825.204 0.309952 0.0225272 0.677163 -0.832088 -0.322102 -4.71563 -1.23882 -819.249 0 
1 826.56 0.31277 0.0225948 0.673864 -0.813172 -0.323322 -4.87161 -2.19656 -819.492 0 
1 824.632 0.311308 0.0224448 0.674647 -0.831999 -0.304037 -4.58349 -0.763926 -819.284 0 
2 825.687 0.309305 0.0225293 0.675822 -0.823594 -0.310221 -5.07043 -1.31094 -819.306 0 
3 823.919 0.318122 0.0223193 0.671048 -0.844944 -0.316824 -4.10706 -0.544762 -819.267 0 
2 823.92 0.318804 0.022429 0.66907 -0.83102 -0.303295 -4.23449 -0.20602 -819.479 0 
2 823.776 0.316279 0.0224529 0.67163 -0.822071 -0.343403 -4.17267 -0.211367 -819.392 0 
2 825.938 0.318378 0.0225599 0.667938 -0.788363 -0.360995 -4.65371 -1.017 -820.267 0 
1 825.866 0.311353 0.0224926 0.674554 -0.807983 -0.354974 -5.06004 -1.38642 -819.42 0 
3 825.278 0.314567 0.0224908 0.671356 -0.80094 -0.354169 -4.76823 -0.817673 -819.692 0 
1 824.692 0.320947 0.0223488 0.666131 -0.806392 -0.34216 -4.3025 -0.420122 -819.969 0 
2 824.189 0.314179 0.0224947 0.672971 -0.821444 -0.335178 -4.3672 -0.454628 -819.367 0 
1 824.875 0.310231 0.0225225 0.676376 -0.820364 -0.349556 -4.85441 -0.751828 -819.269 0 
2 824.456 0.311983 0.0225069 0.676224 -0.826023 -0.360709 -4.43771 -0.783034 -819.235 0 
1 824.106 0.312397 0.0224337 0.67804 -0.856734 -0.346883 -4.09907 -0.663772 -819.343 0 
3 823.864 0.316423 0.0224022 0.674697 -0.862374 -0.326576 -4.10998 -0.474293 -819.28 0 
2 823.856 0.317296 0.0223722 0.673404 -0.860949 -0.327424 -4.14833 -0.451417 -819.256 0 
2 826.091 0.318373 0.0223744 0.671854 -0.85984 -0.321085 -4.22837 -2.62197 -819.241 0 
1 825.136 0.314882 0.0224283 0.674299 -0.851231 -0.331874 -4.02793 -1.86845 -819.24 0 
1 824.431 0.308089 0.0223544 0.680457 -0.861549 -0.347061 -4.42603 -0.405341 -819.599 0 
5 824.119 0.316111 0.0222031 0.673401 -0.847093 -0.370563 -3.99601 -0.911529 -819.211 0 
3 824.643 0.312638 0.022318 0.675102 -0.849714 -0.3339 -4.09541 -1.28616 -819.262 0 
1 824.889 0.315818 0.0221536 0.674081 -0.876472 -0.31768 -4.26708 -1.17245 -819.449 0 
2 824.543 0.313373 0.0222145 0.67612 -0.874353 -0.323446 -4.15474 -0.861476 -819.527 0 
3 824.07 0.313581 0.0222511 0.676197 -0.875501 -0.315227 -4.15515 -0.396764 -819.518 0 
2 824.421 0.317345 0.0221922 0.673187 -0.876221 -0.312736 -4.37092 -0.664651 -819.385 0 
2 823.911 0.316382 0.0222812 0.674834 -0.873147 -0.327818 -4.25124 -0.261332 -819.398 0 
2 827.967 0.321892 0.0220874 0.670169 -0.881227 -0.304552 -5.0371 -3.61093 -819.319 0 
1 824.613 0.324764 0.0221961 0.665875 -0.841654 -0.346494 -4.59712 -0.648298 -819.368 0 
1 823.459 0.320388 0.0223569 0.669107 -0.82524 -0.367938 -4.00793 -0.0599572 -819.391 0 
1 823.754 0.316245 0.0222774 0.674054 -0.851286 -0.361111 -4.01649 -0.511647 -819.226 0 
2 823.528 0.315159 0.0223362 0.674026 -0.852937 -0.333694 -4.0293 -0.254527 -819.244 0 
3 824.587 0.306227 0.0224482 0.682031 -0.852885 -0.350172 -4.8119 -0.245352 -819.53 0 
6 824.107 0.311229 0.0222792 0.678984 -0.873939 -0.346622 -4.2129 -0.194687 -819.7 0 
1 824.575 0.318355 0.0223734 0.67386 -0.855083 -0.384538 -4.18292 -1.16857 -819.223 0 
8 823.365 0.319289 0.0223181 0.671522 -0.837905 -0.388206 -3.99541 -0.173045 -819.197 0 
3 823.96 0.314694 0.0223808 0.674043 -0.813895 -0.415587 -4.20304 -0.497795 -819.259 0 
2 824.068 0.317562 0.0223715 0.670623 -0.801607 -0.412715 -4.1297 -0.394161 -819.545 0 
1 824.23 0.317973 0.0222077 0.672641 -0.857638 -0.352131 -4.13353 -0.862383 -819.234 0 
1 826.151 0.322147 0.0221085 0.669325 -0.848424 -0.382551 -4.33011 -2.63442 -819.187 0 
1 824.981 0.31912 0.0223397 0.668547 -0.807901 -0.394189 -3.98661 -1.43671 -819.557 0 
5 826.716 0.320713 0.0224479 0.664697 -0.772609 -0.388256 -4.67471 -1.14742 -820.894 0 
1 825.065 0.318354 0.0223337 0.668127 -0.800034 -0.38584 -4.17691 -1.14032 -819.747 0 
3 825.397 0.321089 0.0223422 0.665903 -0.801746 -0.370928 -4.13412 -1.32042 -819.942 0 
4 824.438 0.320517 0.0223897 0.667021 -0.784768 -0.419726 -4.16853 -0.125995 -820.143 0 
2 825.576 0.318793 0.0224702 0.667955 -0.773363 -0.423629 -4.61856 -0.546751 -820.411 0 
4 824.241 0.318815 0.0224492 0.669591 -0.796239 -0.408003 -4.1457 -0.339575 -819.756 0 
2 824.668 0.316221 0.0223769 0.672736 -0.816832 -0.393647 -4.08856 -1.26885 -819.311 0 
1 826.832 0.329252 0.0223166 0.661192 -0.806687 -0.386182 -4.63241 -1.94847 -820.252 0 
1 825.041 0.326391 0.0221917 0.664257 -0.836811 -0.338799 -4.77807 -0.727083 -819.536 0 
1 826.095 0.329655 0.0222002 0.66052 -0.824442 -0.335675 -5.19516 -0.857529 -820.043 0 
1 826.81 0.326985 0.0221783 0.662495 -0.839 -0.313297 -5.05801 -2.11457 -819.637 0 
2 825.952 0.326567 0.0223918 0.661109 -0.774386 -0.390538 -4.4881 -0.100644 -821.363 0 
2 825.482 0.325634 0.0223226 0.663468 -0.802053 -0.364983 -4.35772 -0.834848 -820.29 0 
5 826.496 0.326696 0.0224053 0.66134 -0.77652 -0.382472 -4.55564 -0.592945 -821.347 0 
1 828.117 0.332139 0.0222438 0.657253 -0.80331 -0.347491 -5.34658 -1.82072 -820.949 0 
5 825.677 0.326922 0.022194 0.662069 -0.81962 -0.332502 -4.70963 -0.944891 -820.022 0 
8 826.778 0.32659 0.0221528 0.661961 -0.81987 -0.325771 -4.7143 -2.02896 -820.035 0 
2 826.768 0.323732 0.0220873 0.665994 -0.841639 -0.338147 -4.46001 -2.94353 -819.364 0 
1 824.791 0.318303 0.0222405 0.669653 -0.822239 -0.363826 -4.0289 -1.37757 -819.384 0 
2 824.17 0.318699 0.0222488 0.669363 -0.816385 -0.384882 -3.98418 -0.76944 -819.417 0 
1 826.492 0.311552 0.0222397 0.67468 -0.821279 -0.376689 -4.55779 -2.70052 -819.234 0 
1 826.021 0.310421 0.0222397 0.675999 -0.82654 -0.38027 -4.59976 -2.20608 -819.215 0 
6 824.858 0.311412 0.0222561 0.675708 -0.839737 -0.351782 -4.28363 -1.33897 -819.235 0 
1 824.681 0.320334 0.0222418 0.66742 -0.802338 -0.402517 -4.00707 -0.967757 -819.706 0 
9 823.997 0.324423 0.0223057 0.665297 -0.81031 -0.389983 -4.10884 -0.0991935 -819.789 0 
1 825.2 0.324184 0.022164 0.664469 -0.813983 -0.384854 -4.1238 -1.36745 -819.708 0 
6 825.87 0.319918 0.0221288 0.667421 -0.815615 -0.388733 -3.95343 -2.45663 -819.46 0 
2 824.45 0.316565 0.0223904 0.670378 -0.806181 -0.384304 -4.20637 -0.716316 -819.528 0 
3 824.913 0.317861 0.0225536 0.670402 -0.798545 -0.388315 -4.2612 -0.904053 -819.747 0 
1 824.298 0.315424 0.0225178 0.674869 -0.829213 -0.384526 -4.02325 -1.0626 -819.212 0 
2 824.537 0.317929 0.0222682 0.674027 -0.878188 -0.318791 -4.45284 -0.682538 -819.402 0 
2 823.897 0.320835 0.0222713 0.670486 -0.855264 -0.344542 -4.33639 -0.34676 -819.213 0 
1 824.143 0.318999 0.0223717 0.671692 -0.862543 -0.307631 -4.3116 -0.580883 -819.25 0 
1 824.412 0.311162 0.0225042 0.677733 -0.861354 -0.299328 -4.15252 -0.894225 -819.366 0 
2 824.961 0.307823 0.0224727 0.680423 -0.861699 -0.317512 -4.42175 -1.01152 -819.528 0 
4 826.326 0.311979 0.0224166 0.673069 -0.812392 -0.352397 -4.72314 -2.22254 -819.38 0 
3 825.11 0.314015 0.0222177 0.673168 -0.841349 -0.348641 -4.0558 -1.83444 -819.219 0 
9 824.628 0.313222 0.0222311 0.676946 -0.874509 -0.344032 -4.20381 -0.829981 -819.594 0 
12 824.107 0.311415 0.022433 0.676848 -0.833311 -0.379231 -4.31826 -0.571734 -819.217 0 
1 823.634 0.316803 0.0223315 0.672548 -0.839389 -0.367989 -3.97189 -0.458415 -819.204 0 
1 823.304 0.31407 0.0223258 0.675706 -0.841462 -0.393584 -4.05003 -0.0357892 -819.218 0 
7 824.714 0.311949 0.0223749 0.674583 -0.809124 -0.406074 -4.65407 -0.779715 -819.281 0 
3 824.826 0.31001 0.0222386 0.678076 -0.840338 -0.396173 -4.43684 -1.08528 -819.304 0 
2 824.611 0.312667 0.022317 0.676654 -0.830696 -0.410867 -4.23128 -1.18112 -819.199 0 
1 823.413 0.318104 0.0223688 0.671345 -0.814218 -0.422704 -3.91947 -0.183296 -819.31 0 
2 825.065 0.311331 0.0224031 0.679703 -0.845942 -0.408302 -4.27487 -1.44058 -819.349 0 
2 825.165 0.314781 0.0222835 0.676061 -0.844909 -0.399346 -4.02926 -1.90567 -819.23 0 
1 824.201 0.323001 0.0222353 0.666755 -0.82194 -0.393495 -4.06116 -0.695433 -819.445 0 
2 824.342 0.323388 0.0223128 0.66593 -0.805639 -0.409567 -3.97029 -0.623146 -819.749 0 
1 824.81 0.321205 0.0223901 0.666127 -0.781682 -0.42176 -4.16054 -0.359261 -820.29 0 
2 827.031 0.324135 0.0223698 0.662748 -0.774385 -0.416923 -4.19504 -1.95953 -820.876 0 
3 826.051 0.319701 0.0222682 0.666259 -0.797295 -0.380923 -4.17898 -1.94195 -819.93 0 
4 824.248 0.315388 0.0222241 0.672564 -0.844536 -0.341782 -4.01547 -1.01231 -819.221 0 
2 825.079 0.32393 0.0222484 0.665839 -0.835345 -0.34635 -4.40957 -1.23652 -819.433 0 
1 824.858 0.315982 0.0223039 0.670427 -0.808733 -0.38407 -4.21271 -1.18836 -819.457 0 
3 824.395 0.31717 0.0222612 0.670741 -0.842043 -0.330089 -4.03726 -1.11005 -819.248 0 
5 826.874 0.314566 0.0222575 0.672838 -0.845044 -0.344433 -4.02 -3.63115 -819.223 0 
1 827.924 0.314729 0.0223591 0.670879 -0.826871 -0.324372 -4.20879 -4.37059 -819.345 0 
2 826.249 0.314422 0.0223892 0.671553 -0.826224 -0.327108 -4.24136 -2.67035 -819.338 0 
1 825.146 0.318585 0.0222758 0.667726 -0.82593 -0.312118 -4.2186 -1.40214 -819.525 0 
10 826.092 0.320313 0.0221455 0.666716 -0.826593 -0.332256 -4.15069 -2.44229 -819.499 0 
2 825.732 0.327173 0.0223081 0.66101 -0.811547 -0.317026 -4.84819 -0.462766 -820.421 0 
1 824.788 0.323208 0.0222153 0.666705 -0.860162 -0.27456 -4.8906 -0.555909 -819.341 0 
4 826.142 0.325767 0.0221446 0.663501 -0.852893 -0.275291 -5.238 -1.40649 -819.498 0 
1 826.593 0.328734 0.0221664 0.661813 -0.852884 -0.280282 -5.85588 -1.13689 -819.6 0 
4 825.866 0.323714 0.0222911 0.662737 -0.809034 -0.30518 -4.66221 -0.876424 -820.327 0 
2 826.367 0.320958 0.0221744 0.668522 -0.861541 -0.275023 -4.5717 -2.49929 -819.296 0 
2 825.976 0.318592 0.0222979 0.670107 -0.842207 -0.300585 -4.20351 -2.43883 -819.334 0 
2 824.3 0.321209 0.0224299 0.666818 -0.831473 -0.279347 -4.51062 -0.111043 -819.679 0 
3 825.308 0.321075 0.0225375 0.666704 -0.817303 -0.298272 -4.48216 -0.90113 -819.924 0 
2 824.902 0.313852 0.0224894 0.672462 -0.837218 -0.280065 -4.34699 -1.22091 -819.335 0 
2 824.894 0.326277 0.0223974 0.663475 -0.818965 -0.324864 -4.67779 -0.169174 -820.047 0 
6 824.241 0.321768 0.0223411 0.666774 -0.826468 -0.31628 -4.31687 -0.288308 -819.636 0 
2 825.881 0.31645 0.0222571 0.672405 -0.846218 -0.322711 -4.06121 -2.58135 -819.238 0 
2 826.788 0.322416 0.0221833 0.670182 -0.882636 -0.291929 -5.17848 -2.29294 -819.316 0 
9 824.62 0.324281 0.0222246 0.666282 -0.834174 -0.353681 -4.39055 -0.792853 -819.437 0 
4 824.376 0.3207 0.0222956 0.670105 -0.84059 -0.356907 -4.11272 -1.00921 -819.254 0 
2 823.917 0.322388 0.022371 0.668753 -0.830656 -0.372742 -4.12409 -0.434247 -819.359 0 
4 824.331 0.325935 0.0222844 0.664326 -0.818594 -0.371304 -4.36927 -0.200721 -819.761 0 
2 826.027 0.328707 0.0223728 0.661877 -0.811163 -0.363632 -4.71285 -1.09964 -820.214 0 
4 825.017 0.323717 0.0224738 0.66502 -0.784151 -0.407459 -4.15077 -0.367551 -820.499 0 
2 826.122 0.323655 0.0225687 0.666023 -0.785167 -0.409976 -4.12573 -1.56234 -820.434 0 
2 825.194 0.323212 0.0224299 0.666099 -0.814447 -0.361344 -4.16247 -1.26328 -819.768 0 
2 824.063 0.321951 0.0224013 0.667555 -0.824627 -0.34881 -4.14813 -0.380458 -819.535 0 
1 823.706 0.320447 0.0224103 0.668776 -0.827626 -0.339911 -4.11286 -0.136456 -819.456 0 
4 825.085 0.31236 0.0224336 0.674716 -0.819677 -0.354846 -4.56313 -1.22573 -819.296 0 
1 824.682 0.318795 0.0223304 0.670638 -0.840759 -0.322364 -4.11486 -1.27024 -819.297 0 
4 823.986 0.317034 0.0223094 0.670387 -0.835191 -0.313613 -4.13783 -0.512519 -819.336 0 
5 825.149 0.315407 0.022341 0.670173 -0.810278 -0.345466 -4.44586 -1.14289 -819.56 0 
3 823.381 0.315849 0.0222939 0.673098 -0.840254 -0.360615 -3.99099 -0.182142 -819.208 0 
1 824.747 0.313125 0.0221828 0.677241 -0.880835 -0.334801 -4.25324 -0.784156 -819.71 0 
1 825.348 0.309056 0.0222044 0.681346 -0.882695 -0.354031 -4.39647 -0.821694 -820.13 0 
1 826.437 0.304977 0.02221 0.683445 -0.870127 -0.373307 -4.88593 -1.39176 -820.159 0 
1 826.697 0.303551 0.0224676 0.682293 -0.823235 -0.386814 -6.25367 -1.1403 -819.303 0 
3 826.648 0.302002 0.0224732 0.684577 -0.836895 -0.377919 -6.2364 -0.894172 -819.517 0 
4 827.018 0.300066 0.0224635 0.68955 -0.867905 -0.38577 -6.03076 -0.371889 -820.616 0 
1 825.78 0.311108 0.0223712 0.681617 -0.879345 -0.372133 -4.34744 -1.47673 -819.956 0 
2 826.109 0.312892 0.0226227 0.676726 -0.814679 -0.419308 -4.3737 -2.51286 -819.223 0 
2 824.552 0.309966 0.0224315 0.681447 -0.862785 -0.39093 -4.35681 -0.52063 -819.674 0 
1 824.677 0.31465 0.0224282 0.677723 -0.853529 -0.411957 -4.1417 -1.19641 -819.339 0 
1 826.051 0.31087 0.0224281 0.678958 -0.845074 -0.409685 -4.31847 -2.37568 -819.357 0 
1 825.519 0.311241 0.0223325 0.680523 -0.866828 -0.417774 -4.45345 -1.2636 -819.802 0 
2 825.985 0.309586 0.0223888 0.683722 -0.872095 -0.43233 -4.67034 -1.15396 -820.161 0 
1 826.619 0.316945 0.0224382 0.676387 -0.851815 -0.436441 -4.24847 -3.08774 -819.283 0 
1 825.298 0.315289 0.0223521 0.678209 -0.871528 -0.404084 -4.42385 -1.26525 -819.609 0 
2 825.915 0.310417 0.0224018 0.679022 -0.835704 -0.436335 -4.47563 -2.13283 -819.307 0 
1 825.817 0.306213 0.0224569 0.682272 -0.836307 -0.421002 -5.17229 -1.20428 -819.441 0 
1 826.97 0.3052 0.0224949 0.68345 -0.833848 -0.437154 -5.48363 -1.99433 -819.493 0 
1 824.093 0.317704 0.0222883 0.674175 -0.841465 -0.444224 -4.10486 -0.80561 -819.183 0 
3 824.089 0.317567 0.0223064 0.674901 -0.851526 -0.422156 -4.17895 -0.667618 -819.242 0 
2 823.82 0.319025 0.0222945 0.672423 -0.831097 -0.446888 -3.98988 -0.678243 -819.152 0 
4 824.899 0.319316 0.0221388 0.672715 -0.855228 -0.424561 -4.37725 -1.28625 -819.235 0 
4 823.949 0.31455 0.0223282 0.676779 -0.840423 -0.449266 -4.15373 -0.543671 -819.251 0 
4 825.631 0.308072 0.0222175 0.683288 -0.859557 -0.463231 -4.90284 -0.674365 -820.053 0 
1 824.03 0.318848 0.0223479 0.673175 -0.824928 -0.472959 -3.98034 -0.905644 -819.144 0 
2 824.083 0.312918 0.0224649 0.677291 -0.811247 -0.474801 -4.42931 -0.474239 -819.18 0 
1 824.71 0.312894 0.0224913 0.676859 -0.811982 -0.464682 -4.39949 -1.12621 -819.185 0 
1 825.98 0.32391 0.0224179 0.670016 -0.829937 -0.445304 -4.24203 -2.53204 -819.206 0 
2 826.183 0.317761 0.0225149 0.674936 -0.822273 -0.450494 -3.92277 -3.08618 -819.174 0 
1 827.062 0.325042 0.0223727 0.669474 -0.836532 -0.424218 -4.44729 -3.39956 -819.215 0 
1 827.915 0.326005 0.0226068 0.665186 -0.779464 -0.44738 -3.97545 -3.37176 -820.568 0 
1 828.074 0.324849 0.0226065 0.667286 -0.801932 -0.421979 -3.99379 -4.21252 -819.868 0 
2 828.251 0.318486 0.0226705 0.672163 -0.808571 -0.411255 -3.95739 -4.84468 -819.449 0 
1 827.165 0.317636 0.022629 0.673103 -0.803765 -0.44485 -3.9813 -3.79886 -819.384 0 
1 827.491 0.315853 0.0226762 0.674413 -0.78873 -0.474649 -4.35537 -3.64147 -819.494 0 
1 829.157 0.322043 0.0226185 0.671945 -0.812785 -0.471267 -3.88378 -5.97986 -819.294 0 
9 824.705 0.319524 0.0224517 0.672582 -0.800371 -0.503639 -3.87254 -1.52278 -819.31 0 
3 825.253 0.306455 0.0224508 0.682327 -0.81551 -0.47549 -5.70189 -0.262001 -819.289 0 
4 826.683 0.30435 0.0222207 0.685726 -0.87505 -0.415989 -5.20671 -0.800913 -820.675 0 
10 827.678 0.302826 0.022345 0.684685 -0.846852 -0.415841 -5.76421 -2.07207 -819.841 0 
2 827.894 0.309457 0.0223919 0.677105 -0.808061 -0.44736 -5.05564 -3.62859 -819.209 0 
2 827.559 0.307058 0.0224625 0.678166 -0.777795 -0.482356 -6.87662 -1.28424 -819.399 0 
2 827.454 0.307366 0.0225523 0.67848 -0.780617 -0.473613 -6.64176 -1.42599 -819.386 0 
2 826.473 0.310309 0.0225402 0.676593 -0.79087 -0.457296 -5.38391 -1.74196 -819.347 0 
1 826.102 0.31102 0.0224015 0.674884 -0.789567 -0.454245 -5.26707 -1.44256 -819.392 0 
12 824.203 0.313254 0.0224476 0.674929 -0.798385 -0.459148 -4.58329 -0.313669 -819.306 0 
1 824.001 0.312785 0.0222768 0.675784 -0.835972 -0.402589 -4.15812 -0.628498 -819.215 0 
2 823.644 0.313395 0.022264 0.676043 -0.837754 -0.416265 -4.12273 -0.299555 -819.222 0 
2 825.239 0.317609 0.0222228 0.674767 -0.853308 -0.414687 -4.15183 -1.83716 -819.25 0 
2 825.507 0.322041 0.0221177 0.670582 -0.851061 -0.418285 -4.45983 -1.88524 -819.162 0 
1 825.42 0.318935 0.0220769 0.670641 -0.836562 -0.413027 -3.9832 -2.26638 -819.17 0 
2 826.13 0.317919 0.0220702 0.671047 -0.846767 -0.384006 -4.0444 -2.89331 -819.192 0 
2 826.245 0.324127 0.0222183 0.664614 -0.806216 -0.413451 -3.99471 -2.49657 -819.754 0 
1 825.767 0.317811 0.0220755 0.67275 -0.865305 -0.363396 -4.26671 -2.19271 -819.308 0 
1 823.764 0.319175 0.0222325 0.671343 -0.836725 -0.396709 -3.9762 -0.598169 -819.189 0 
3 823.225 0.315386 0.0223254 0.674292 -0.829415 -0.412692 -4.00532 -0.0381334 -819.182 0 
2 824.517 0.318598 0.0224921 0.671982 -0.815122 -0.407089 -3.93894 -1.21951 -819.358 0 
1 824.974 0.314242 0.0224893 0.677757 -0.850547 -0.386805 -4.05419 -1.6416 -819.278 0 
1 829.542 0.308058 0.0224507 0.685314 -0.885303 -0.367217 -4.51624 -4.64296 -820.382 0 
1 826.703 0.313131 0.02232 0.680198 -0.889744 -0.349258 -4.42773 -2.26853 -820.007 0 
1 826.501 0.317042 0.0223614 0.676633 -0.882548 -0.337984 -4.48231 -2.46903 -819.549 0 
2 825.219 0.320383 0.0224053 0.672814 -0.857843 -0.371824 -4.35904 -1.65346 -819.207 0 
1 825.028 0.31779 0.0225354 0.670674 -0.798084 -0.409824 -4.14652 -1.23322 -819.648 0 
1 825.899 0.322705 0.0225311 0.6663 -0.794416 -0.392265 -4.09803 -1.65164 -820.15 0 
1 825.671 0.32796 0.0224095 0.664774 -0.807199 -0.43119 -4.28201 -1.53479 -819.854 0 
1 825.843 0.317001 0.0223493 0.674202 -0.841302 -0.380881 -3.96743 -2.68416 -819.192 0 
1 825.408 0.31407 0.0222319 0.674591 -0.836133 -0.379202 -4.07673 -2.12991 -819.202 0 
1 825.872 0.313987 0.0224228 0.676611 -0.841551 -0.372844 -4.06196 -2.59559 -819.215 0 
4 823.462 0.31574 0.0223234 0.673914 -0.864818 -0.304293 -4.11987 -0.0432684 -819.299 0 
7 824.103 0.323412 0.0222768 0.667293 -0.844747 -0.334786 -4.49094 -0.284244 -819.328 0 
1 823.748 0.317599 0.022377 0.673105 -0.851972 -0.33626 -4.06647 -0.458906 -819.222 0 
3 824.963 0.324145 0.0223215 0.668579 -0.855999 -0.342353 -4.79659 -0.930156 -819.236 0 
1 824.547 0.3256 0.0222523 0.665549 -0.831612 -0.362046 -4.49988 -0.546449 -819.5 0 
5 824.472 0.321657 0.0223822 0.667202 -0.826926 -0.334527 -4.19513 -0.737835 -819.539 0 
1 824.693 0.318613 0.0225193 0.671261 -0.837458 -0.327749 -4.08134 -1.30138 -819.31 0 
1 823.691 0.311929 0.0223746 0.677005 -0.866361 -0.293917 -4.11795 -0.176687 -819.396 0 
2 825.378 0.311657 0.0224047 0.67321 -0.829987 -0.290182 -4.64899 -1.39423 -819.335 0 
1 825.884 0.304539 0.0223074 0.683314 -0.904452 -0.235123 -4.4267 -0.823489 -820.634 0 
2 824.901 0.30594 0.0224325 0.681322 -0.869075 -0.286143 -4.57557 -0.649898 -819.675 0 
1 825.212 0.310522 0.0224682 0.678198 -0.879977 -0.258902 -4.16092 -1.45512 -819.596 0 
1 825.079 0.30908 0.0222461 0.679166 -0.894299 -0.251118 -4.21975 -0.863726 -819.995 0 
5 824.557 0.309562 0.0224771 0.676833 -0.836595 -0.313759 -4.64924 -0.657025 -819.251 0 
12 823.552 0.317898 0.0223832 0.670443 -0.833728 -0.320487 -4.11929 -0.0788041 -819.354 0 
2 823.675 0.317452 0.0224226 0.671297 -0.833936 -0.324437 -4.10317 -0.242166 -819.33 0 
2 823.861 0.315589 0.0224113 0.672057 -0.838701 -0.311079 -4.12205 -0.455237 -819.283 0 
1 823.71 0.31345 0.0223583 0.674378 -0.847863 -0.318246 -4.09762 -0.368573 -819.244 0 
3 823.571 0.316846 0.0222804 0.671879 -0.847461 -0.329158 -4.03976 -0.301658 -819.23 0 
2 823.426 0.318134 0.0223285 0.670781 -0.832476 -0.350367 -4.01416 -0.119964 -819.292 0 
6 824.466 0.320988 0.0222174 0.668077 -0.829499 -0.356682 -4.0751 -1.00548 -819.385 0 
5 826.963 0.321558 0.022126 0.667326 -0.831061 -0.352387 -4.12606 -3.44125 -819.395 0 
2 830.373 0.319693 0.022261 0.669113 -0.811155 -0.379926 -4.0806 -6.71654 -819.576 0 
2 829.468 0.315583 0.0222437 0.670833 -0.792603 -0.416603 -4.58695 -5.23795 -819.643 0 
1 826.694 0.315154 0.0223423 0.670824 -0.801455 -0.369041 -4.62441 -2.43326 -819.636 0 
1 827.892 0.316941 0.0223702 0.668356 -0.789607 -0.36099 -4.84961 -2.92077 -820.122 0 
3 827.74 0.317159 0.0223612 0.667521 -0.777164 -0.386369 -5.02374 -2.30288 -820.413 0 
4 825.834 0.31492 0.0223481 0.671631 -0.808136 -0.367908 -4.47382 -1.86938 -819.491 0 
1 825.555 0.31358 0.0223362 0.673678 -0.820926 -0.36358 -4.35985 -1.90973 -819.286 0 
1 825.076 0.315139 0.0223396 0.675254 -0.85222 -0.34596 -4.02077 -1.81278 -819.243 0 
1 827.441 0.304549 0.0223776 0.684883 -0.866443 -0.352611 -4.95352 -2.51948 -819.968 0 
3 826.472 0.3084 0.0224439 0.680955 -0.854554 -0.339726 -4.48905 -2.54548 -819.438 0 
1 827.52 0.313545 0.0223075 0.678003 -0.882083 -0.30517 -4.18044 -3.71936 -819.621 0 
6 827.511 0.304376 0.022412 0.686139 -0.890039 -0.307848 -4.66411 -2.30432 -820.542 0 
2 827.822 0.305068 0.0222326 0.684457 -0.892217 -0.309677 -4.58269 -2.66649 -820.572 0 
1 827.603 0.306592 0.0222805 0.682304 -0.876809 -0.310193 -4.47076 -3.20811 -819.924 0 
1 824.71 0.306505 0.0223641 0.68127 -0.858409 -0.333437 -4.67295 -0.464617 -819.573 0 
6 824.526 0.310546 0.0224321 0.676287 -0.828223 -0.345028 -4.62649 -0.660909 -819.238 0 
2 824.598 0.31558 0.0223563 0.673296 -0.831545 -0.357531 -4.06582 -1.28952 -819.243 0 
3 824.054 0.318459 0.0224321 0.670242 -0.820787 -0.347821 -4.1091 -0.474259 -819.47 0 
3 823.94 0.316685 0.0224107 0.673301 -0.848102 -0.324133 -4.05203 -0.654622 -819.234 0 
3 824.209 0.3159 0.0224662 0.673018 -0.832334 -0.334193 -4.11478 -0.805191 -819.289 0 
1 824.15 0.317719 0.0225131 0.671116 -0.830168 -0.321721 -4.13838 -0.620689 -819.391 0 
2 826.563 0.329335 0.0222818 0.662611 -0.853461 -0.28997 -5.96947 -1.02006 -819.574 0 
2 827.339 0.328902 0.0224729 0.661361 -0.809545 -0.336347 -4.92088 -1.9279 -820.491 0 
2 825.727 0.322271 0.0225687 0.666569 -0.808309 -0.334469 -4.34383 -1.33813 -820.045 0 
1 830.688 0.319199 0.0226238 0.666023 -0.758763 -0.376134 -5.69445 -3.43458 -821.559 0 
1 831.192 0.322414 0.0225623 0.661573 -0.731662 -0.413247 -6.05643 -1.90461 -823.231 0 
2 830.846 0.322429 0.0226866 0.666086 -0.761532 -0.414719 -4.77415 -4.71239 -821.359 0 
1 829.437 0.322124 0.0226878 0.66491 -0.7498 -0.425986 -5.04278 -2.53694 -821.858 0 
1 826.239 0.316884 0.0225207 0.672119 -0.814839 -0.358956 -4.22308 -2.54085 -819.475 0 
1 827.012 0.3222 0.0224049 0.668503 -0.815312 -0.377742 -4.05955 -3.34139 -819.611 0 
1 828.02 0.321224 0.022583 0.666199 -0.7655 -0.410042 -4.76797 -2.16902 -821.083 0 
4 828.135 0.321105 0.022453 0.66478 -0.763157 -0.400822 -4.95744 -1.90193 -821.276 0 
6 827.686 0.322635 0.0225665 0.663364 -0.769513 -0.35779 -5.04452 -1.10877 -821.533 0 
3 827.673 0.327404 0.0225665 0.661115 -0.782438 -0.342875 -4.90784 -1.24995 -821.515 0 
1 827.486 0.323882 0.0225583 0.663288 -0.781237 -0.340413 -4.87583 -1.38004 -821.23 0 
2 825.912 0.324966 0.0224506 0.662301 -0.7984 -0.311339 -4.83866 -0.268769 -820.805 0 
4 825.722 0.324552 0.0223388 0.6628 -0.817032 -0.300667 -4.67954 -0.894057 -820.148 0 
3 825.433 0.321058 0.0224492 0.665063 -0.814261 -0.279415 -4.70676 -0.590529 -820.136 0 
2 828.572 0.328482 0.0225068 0.661122 -0.816262 -0.299225 -5.20149 -2.87974 -820.491 0 
1 825.277 0.32217 0.022459 0.66946 -0.856651 -0.288885 -4.62397 -1.34086 -819.313 0 
6 825.652 0.321996 0.0224578 0.668294 -0.850351 -0.289798 -4.5477 -1.74198 -819.362 0 
2 824.626 0.316018 0.0225555 0.673104 -0.847574 -0.288593 -4.15398 -1.19223 -819.279 0 
1 824.53 0.315697 0.0225296 0.672178 -0.836634 -0.29762 -4.20296 -0.993907 -819.334 0 
2 823.606 0.316721 0.0223245 0.671271 -0.835334 -0.330172 -4.07004 -0.249554 -819.287 0 
2 825.003 0.310016 0.022331 0.679275 -0.875677 -0.293525 -4.18025 -1.1928 -819.63 0 
3 825.395 0.307964 0.0224823 0.680891 -0.851436 -0.336438 -4.58358 -1.41028 -819.401 0 
5 825.27 0.309621 0.0225111 0.680843 -0.873969 -0.299378 -4.20486 -1.43314 -819.632 0 
3 824.398 0.312023 0.0224874 0.677815 -0.879366 -0.266711 -4.14691 -0.712095 -819.539 0 
1 824.856 0.307794 0.0224246 0.678752 -0.870058 -0.251935 -4.38568 -0.954537 -819.516 0 
12 824.482 0.308231 0.0223735 0.679564 -0.869592 -0.280938 -4.33627 -0.586693 -819.559 0 
2 824.911 0.321335 0.0222961 0.666392 -0.831849 -0.309068 -4.30452 -1.06579 -819.541 0 
8 824.173 0.321589 0.0224109 0.667329 -0.838583 -0.289839 -4.44034 -0.222226 -819.51 0 
1 824.821 0.321993 0.0224966 0.667491 -0.834925 -0.293571 -4.45296 -0.790433 -819.578 0 
4 825.348 0.326841 0.0223739 0.664035 -0.838422 -0.304966 -5.05087 -0.613941 -819.683 0 
1 823.964 0.31807 0.0223502 0.669348 -0.845178 -0.271641 -4.30355 -0.28918 -819.371 0 
1 824.509 0.314535 0.0224433 0.671366 -0.845932 -0.239725 -4.45557 -0.682276 -819.371 0 
5 825.514 0.313267 0.0222922 0.672894 -0.84877 -0.268333 -4.30009 -1.92952 -819.284 0 
1 825.715 0.317859 0.0224589 0.669299 -0.814956 -0.314129 -4.44969 -1.54877 -819.717 0 
4 827.579 0.321347 0.022617 0.665823 -0.791339 -0.322865 -4.83522 -2.05894 -820.685 0 
2 827.401 0.320241 0.0226167 0.667201 -0.808369 -0.288972 -4.78232 -2.41118 -820.207 0 
4 825.158 0.321465 0.022451 0.66711 -0.833672 -0.271039 -4.59601 -0.877498 -819.684 0 
4 825.109 0.321662 0.0224271 0.666134 -0.822152 -0.287346 -4.5722 -0.647467 -819.89 0 
2 825.716 0.320549 0.022199 0.668702 -0.870357 -0.244884 -4.74975 -1.65094 -819.315 0 
3 825.385 0.323691 0.0222406 0.667082 -0.883427 -0.226049 -5.65792 -0.379914 -819.347 0 
8 824.971 0.321223 0.0221832 0.667974 -0.865898 -0.263594 -4.71935 -0.949174 -819.302 0 
2 825.112 0.321294 0.0221963 0.669002 -0.870062 -0.273718 -4.74747 -1.08137 -819.283 0 
5 825.33 0.321496 0.0221916 0.66635 -0.851378 -0.269501 -4.59215 -1.33933 -819.399 0 
1 824.737 0.318125 0.0222607 0.668984 -0.842677 -0.293815 -4.19276 -1.20762 -819.337 0 
4 824.62 0.323015 0.022248 0.666656 -0.861831 -0.25994 -4.95548 -0.303329 -819.361 0 
8 825.905 0.322302 0.0222828 0.670437 -0.896507 -0.248988 -5.65413 -0.823372 -819.427 0 
2 825.114 0.317942 0.0223877 0.674189 -0.880007 -0.286775 -4.46634 -1.2649 -819.382 0 
4 826.233 0.31449 0.0225347 0.676866 -0.867198 -0.294343 -4.1048 -2.79049 -819.338 0 
5 826.374 0.3192 0.0224171 0.673658 -0.905028 -0.22473 -5.28583 -1.4719 -819.616 0 
2 823.929 0.314167 0.0224249 0.675117 -0.866587 -0.269892 -4.14791 -0.457637 -819.323 0 
1 825.805 0.321828 0.0223873 0.669668 -0.859518 -0.285198 -4.61731 -1.89024 -819.297 0 
1 825.863 0.319712 0.0225208 0.666945 -0.822464 -0.275271 -4.55196 -1.47466 -819.837 0 
5 824.058 0.314477 0.0224721 0.672739 -0.850923 -0.257708 -4.27146 -0.485283 -819.301 0 
3 825.304 0.319949 0.0221804 0.669061 -0.877709 -0.233653 -4.81523 -1.15908 -819.329 0 
4 827.269 0.323314 0.0221456 0.66604 -0.855886 -0.270553 -4.85429 -3.01927 -819.395 0 
5 826.283 0.326365 0.0221985 0.662717 -0.845573 -0.259463 -5.34502 -1.20626 -819.732 0 
4 825.592 0.324547 0.0223668 0.66342 -0.81233 -0.305353 -4.70083 -0.618038 -820.273 0 
5 825.167 0.326447 0.0223972 0.663391 -0.833233 -0.281926 -5.08914 -0.164448 -819.913 0 
3 825.932 0.322277 0.0224023 0.663563 -0.795926 -0.317484 -4.72351 -0.589746 -820.619 0 
4 825.005 0.321774 0.0222396 0.667722 -0.852124 -0.285952 -4.5375 -1.11761 -819.35 0 
5 825.154 0.324128 0.0221757 0.665829 -0.857831 -0.284807 -4.96706 -0.83239 -819.354 0 
6 825.123 0.321691 0.0223243 0.665383 -0.823481 -0.304177 -4.39122 -0.968869 -819.763 0 
3 824.038 0.320309 0.0223645 0.667365 -0.826481 -0.309121 -4.28041 -0.156841 -819.601 0 
6 824.395 0.320777 0.022341 0.669657 -0.873095 -0.245148 -4.8229 -0.258445 -819.314 0 
1 824.954 0.319674 0.0222591 0.671139 -0.892208 -0.227728 -5.04113 -0.487544 -819.425 0 
1 824.172 0.318681 0.0223438 0.671653 -0.880288 -0.241165 -4.64866 -0.176679 -819.347 0 
1 824.04 0.312267 0.02248 0.675099 -0.867431 -0.22525 -4.30074 -0.392822 -819.346 0 
2 825.687 0.316856 0.0224624 0.674715 -0.89646 -0.215515 -4.71807 -1.42502 -819.544 0 
1 824.429 0.314 0.022472 0.675278 -0.891045 -0.202432 -4.41333 -0.479952 -819.536 0 
4 825.309 0.31353 0.0222511 0.675915 -0.900292 -0.239165 -4.43983 -1.04003 -819.83 0 
5 827.168 0.321587 0.0224211 0.671516 -0.890614 -0.263536 -5.34465 -2.43347 -819.39 0 
1 827.502 0.320241 0.0225211 0.673195 -0.881695 -0.274024 -4.81764 -3.34489 -819.339 0 
1 825.354 0.316316 0.0225677 0.674227 -0.867352 -0.263044 -4.24558 -1.80744 -819.301 0 
17 823.932 0.312387 0.0224504 0.676962 -0.88051 -0.245997 -4.18173 -0.24783 -819.502 0 
2 826.142 0.313403 0.0224059 0.676756 -0.879791 -0.254112 -4.18827 -2.48287 -819.471 0 
2 824.555 0.309671 0.0224671 0.680465 -0.892842 -0.251084 -4.20463 -0.434691 -819.915 0 
7 823.584 0.313601 0.0224162 0.67523 -0.868264 -0.264821 -4.1499 -0.0895802 -819.344 0 
2 825.123 0.318292 0.0224147 0.673311 -0.894647 -0.225485 -4.87842 -0.758529 -819.486 0 
2 825.601 0.316579 0.0223521 0.675945 -0.909022 -0.241218 -4.95244 -0.772855 -819.876 0 
1 825.544 0.321789 0.0222627 0.67093 -0.888298 -0.277558 -5.26212 -0.910764 -819.371 0 
1 824.235 0.319957 0.0223518 0.670792 -0.872933 -0.269911 -4.63785 -0.303785 -819.293 0 
1 823.781 0.315568 0.0223383 0.673057 -0.870638 -0.249224 -4.26154 -0.193911 -819.326 0 
9 823.81 0.314562 0.0223822 0.673373 -0.864107 -0.247803 -4.23615 -0.267108 -819.307 0 
7 824.422 0.317127 0.0223944 0.670379 -0.866756 -0.216644 -4.51429 -0.567179 -819.341 0 
1 825.047 0.316903 0.0223284 0.674224 -0.908368 -0.200885 -4.99315 -0.326773 -819.727 0 
1 824.237 0.315851 0.0224342 0.67318 -0.884606 -0.206975 -4.51178 -0.309778 -819.416 0 
4 825.386 0.319906 0.0224392 0.671692 -0.881134 -0.239745 -4.82972 -1.21764 -819.339 0 
2 826.029 0.315304 0.0222955 0.676733 -0.913116 -0.228151 -4.83673 -1.17386 -820.019 0 
2 825.736 0.315535 0.0223515 0.676449 -0.89869 -0.252861 -4.55251 -1.45818 -819.725 0 
3 827.65 0.30822 0.0223348 0.684152 -0.945345 -0.194316 -4.80556 -1.0199 -821.824 0 
1 826.607 0.305715 0.0224069 0.685129 -0.92668 -0.207302 -4.42031 -0.892274 -821.294 0 
4 826.391 0.303577 0.0224905 0.686391 -0.915368 -0.216222 -4.46598 -0.851891 -821.074 0 
1 825.497 0.307469 0.0224749 0.683545 -0.904005 -0.258756 -4.3183 -0.692462 -820.486 0 
3 824.255 0.308137 0.0224024 0.679219 -0.856183 -0.310242 -4.47151 -0.372897 -819.411 0 
4 823.711 0.311251 0.0223643 0.67739 -0.870621 -0.283427 -4.13818 -0.111846 -819.461 0 
3 823.452 0.31631 0.0223737 0.672772 -0.848074 -0.314093 -4.07134 -0.137128 -819.244 0 
1 824.341 0.324508 0.0223896 0.664809 -0.809465 -0.359819 -4.27161 -0.0720573 -819.997 0 
1 826.664 0.329007 0.0222984 0.664737 -0.853021 -0.333647 -5.6885 -1.57904 -819.396 0 
1 825.649 0.32905 0.0222962 0.663398 -0.824245 -0.37634 -4.86467 -1.017 -819.767 0 
1 826.697 0.3321 0.022344 0.660543 -0.810767 -0.392079 -5.14504 -1.2644 -820.288 0 
2 824.77 0.325537 0.0223677 0.664763 -0.798766 -0.405479 -4.10737 -0.547992 -820.115 0 
3 825.526 0.324426 0.0222564 0.662801 -0.790292 -0.386626 -4.21912 -0.832089 -820.475 0 
6 825.825 0.320183 0.0223259 0.665975 -0.795854 -0.375354 -4.21754 -1.56715 -820.04 0 
1 824.594 0.316216 0.0222591 0.671149 -0.827052 -0.367825 -4.01423 -1.31403 -819.266 0 
6 824.408 0.32129 0.0222863 0.666723 -0.81515 -0.36672 -4.05354 -0.731326 -819.623 0 
3 824.948 0.324834 0.0221879 0.664532 -0.827234 -0.355505 -4.38812 -0.978059 -819.581 0 
5 824.852 0.322961 0.0223742 0.664624 -0.79201 -0.374564 -4.28242 -0.187255 -820.382 0 
1 824.907 0.322731 0.0224569 0.666473 -0.794069 -0.395402 -4.11844 -0.646586 -820.142 0 
3 824.627 0.32317 0.0223845 0.664634 -0.795552 -0.370268 -4.25551 -0.0732426 -820.298 0 
2 823.934 0.32242 0.0223511 0.666604 -0.820663 -0.3427 -4.21392 -0.050121 -819.67 0 
3 824.648 0.326206 0.0223641 0.663574 -0.80127 -0.381418 -4.28361 -0.120956 -820.244 0 
6 824.391 0.321719 0.0222578 0.668371 -0.828248 -0.371883 -4.06307 -0.952148 -819.375 0 
3 824.962 0.324515 0.0224059 0.663694 -0.780073 -0.412051 -4.17321 -0.0894489 -820.7 0 
2 825.321 0.328873 0.0222426 0.662772 -0.826359 -0.36233 -4.93004 -0.61149 -819.78 0 
2 825.847 0.324216 0.0221781 0.667906 -0.853443 -0.350446 -4.71128 -1.90025 -819.235 0 
6 823.54 0.31749 0.0222823 0.672567 -0.838982 -0.379474 -3.96324 -0.381915 -819.195 0 
2 827.159 0.326873 0.0224957 0.664951 -0.812487 -0.390907 -4.35056 -2.93763 -819.871 0 
2 825.813 0.318553 0.0223592 0.673392 -0.852274 -0.355597 -4.08811 -2.5159 -819.209 0 
3 825.704 0.312461 0.0223279 0.679426 -0.884078 -0.324741 -4.22885 -1.68271 -819.793 0 
1 823.906 0.309635 0.0223361 0.678972 -0.861356 -0.333129 -4.25925 -0.164173 -819.483 0 
3 825.08 0.307448 0.0224918 0.681928 -0.855482 -0.345658 -4.59252 -0.979179 -819.508 0 
1 825.422 0.307242 0.0225962 0.680551 -0.842327 -0.330617 -4.84399 -1.26817 -819.31 0 
3 825.038 0.314092 0.0225527 0.675593 -0.838609 -0.334993 -4.13055 -1.6748 -819.233 0 
2 823.721 0.317301 0.0224501 0.670891 -0.835189 -0.307677 -4.16056 -0.201514 -819.359 0 
4 824.167 0.319967 0.0223076 0.668603 -0.854517 -0.273004 -4.42934 -0.412261 -819.325 0 
4 824.633 0.317825 0.0224698 0.66983 -0.83822 -0.283516 -4.26117 -0.961573 -819.41 0 
4 825.78 0.306108 0.0225846 0.680157 -0.844278 -0.295829 -5.06826 -1.39394 -819.317 0 
1 825.037 0.306908 0.0224789 0.683156 -0.894524 -0.269732 -4.32419 -0.456714 -820.256 0 
4 825.752 0.305527 0.0223549 0.683988 -0.916914 -0.230363 -4.41185 -0.308999 -821.031 0 
9 826.115 0.304894 0.0223827 0.68505 -0.929134 -0.203494 -4.46466 -0.166199 -821.485 0 
2 826.871 0.311197 0.0222324 0.68052 -0.941419 -0.191192 -5.01632 -0.616465 -821.238 0 
2 825.868 0.311072 0.0222674 0.679068 -0.930257 -0.183154 -4.73738 -0.410264 -820.721 0 
3 824.748 0.310806 0.022414 0.679385 -0.911043 -0.200586 -4.37795 -0.215321 -820.155 0 
5 824.347 0.316255 0.0223619 0.673354 -0.895223 -0.194202 -4.6983 -0.133026 -819.516 0 
1 824.327 0.317164 0.0223389 0.672859 -0.894085 -0.213636 -4.74694 -0.0829072 -819.497 0 
7 824.236 0.31587 0.0224739 0.674041 -0.869998 -0.254693 -4.25723 -0.659455 -819.319 0 
1 823.866 0.31191 0.0224736 0.67619 -0.867181 -0.250134 -4.20737 -0.299909 -819.359 0 
7 825.136 0.306978 0.0225751 0.680139 -0.864086 -0.254859 -4.57729 -1.09923 -819.459 0 
2 824.826 0.30728 0.0225406 0.679994 -0.876082 -0.229336 -4.41412 -0.821641 -819.59 0 
3 825.957 0.309386 0.0225345 0.675011 -0.83621 -0.25136 -5.00006 -1.62561 -819.332 0 
1 826.864 0.307039 0.0225561 0.67817 -0.841128 -0.259591 -5.21874 -2.35464 -819.291 0 
2 828.223 0.312371 0.0227499 0.673444 -0.820082 -0.273218 -4.97739 -3.69698 -819.549 0 
1 827.639 0.318362 0.0226641 0.66972 -0.833194 -0.268357 -4.4241 -3.64924 -819.566 0 
3 825.694 0.317134 0.022614 0.671002 -0.850549 -0.232531 -4.48535 -1.80418 -819.405 0 
1 825.022 0.30941 0.0224868 0.675947 -0.85136 -0.243555 -4.61558 -1.10247 -819.304 0 
5 824.75 0.309582 0.0223494 0.67697 -0.881987 -0.216091 -4.25681 -0.920844 -819.572 0 
5 825.026 0.31237 0.0222402 0.676196 -0.882622 -0.256225 -4.17159 -1.29497 -819.559 0 
1 825.008 0.311327 0.022242 0.677041 -0.902083 -0.213978 -4.31171 -0.778242 -819.918 0 
3 824.756 0.317436 0.0223996 0.673484 -0.889125 -0.227716 -4.65037 -0.663159 -819.443 0 
3 824.992 0.316282 0.0222993 0.672797 -0.891642 -0.196416 -4.64916 -0.870258 -819.472 0 
1 825.417 0.322029 0.0222696 0.666467 -0.870795 -0.215098 -5.17595 -0.852308 -819.389 0 
3 824.776 0.314101 0.0222593 0.674664 -0.900625 -0.195774 -4.52083 -0.569787 -819.685 0 
3 824.033 0.310492 0.0224723 0.677659 -0.878264 -0.231239 -4.22488 -0.300478 -819.507 0 
1 824.116 0.318049 0.0224115 0.671943 -0.877744 -0.232291 -4.576 -0.199481 -819.341 0 
4 824.09 0.313487 0.0223102 0.674327 -0.873551 -0.242568 -4.20849 -0.501816 -819.38 0 
2 824.086 0.315661 0.0223171 0.671818 -0.85952 -0.25338 -4.25553 -0.535022 -819.295 0 
4 824.227 0.312402 0.0224032 0.674608 -0.862291 -0.254315 -4.20453 -0.704675 -819.317 0 
2 825.022 0.317323 0.0223631 0.669344 -0.84354 -0.269487 -4.28686 -1.35874 -819.376 0 
3 825.512 0.320138 0.0222487 0.667843 -0.853177 -0.278783 -4.41494 -1.77284 -819.325 0 
2 825.26 0.323222 0.022204 0.667138 -0.869206 -0.259555 -5.10129 -0.839177 -819.32 0 
1 825.405 0.324151 0.0222278 0.665855 -0.869695 -0.234472 -5.41382 -0.601156 -819.39 0 
6 826.075 0.326829 0.0222377 0.662718 -0.858326 -0.239109 -5.7854 -0.687887 -819.602 0 
3 826.324 0.328681 0.0222556 0.662532 -0.863319 -0.23992 -6.30501 -0.425533 -819.594 0 
4 825.459 0.324142 0.0222487 0.66698 -0.872786 -0.251163 -5.38008 -0.746203 -819.333 0 
1 824.431 0.319556 0.0224544 0.669018 -0.862726 -0.219018 -4.73317 -0.309959 -819.388 0 
2 824.369 0.316638 0.0224986 0.67079 -0.849014 -0.236643 -4.46677 -0.505791 -819.397 0 
8 824.885 0.320454 0.022374 0.668079 -0.861678 -0.21567 -4.8661 -0.593227 -819.426 0 
7 825.096 0.319385 0.0225053 0.667741 -0.832095 -0.249019 -4.68271 -0.688122 -819.726 0 
4 827.241 0.319834 0.0226575 0.666557 -0.827622 -0.219225 -5.08113 -2.12284 -820.037 0 
3 826.894 0.32443 0.0225536 0.665011 -0.834642 -0.244326 -5.15087 -1.76766 -819.975 0 
2 829.175 0.324148 0.0225147 0.66797 -0.855086 -0.259503 -5.03692 -4.67099 -819.467 0 
3 828.604 0.32808 0.0225918 0.663154 -0.836393 -0.255091 -5.64308 -2.86194 -820.099 0 
2 831.223 0.328966 0.0226702 0.662901 -0.836871 -0.242131 -5.96199 -5.02522 -820.236 0 
2 829.52 0.328067 0.0226437 0.662162 -0.813549 -0.275264 -5.41799 -3.34392 -820.758 0 
2 828.261 0.325721 0.0225088 0.664203 -0.830306 -0.257725 -5.21028 -2.94984 -820.101 0 
8 828.738 0.330803 0.0222285 0.659423 -0.843362 -0.238658 -6.48195 -2.06425 -820.192 0 
1 826.129 0.326254 0.0223158 0.661528 -0.845017 -0.215363 -5.75009 -0.393391 -819.986 0 
3 825.271 0.322694 0.0222578 0.666104 -0.86604 -0.232528 -5.12152 -0.756703 -819.392 0 
2 824.826 0.315531 0.0222185 0.673816 -0.890503 -0.249938 -4.44962 -0.819963 -819.556 0 
1 824.66 0.310491 0.0222901 0.678787 -0.906275 -0.22061 -4.31157 -0.228998 -820.12 0 
1 824.354 0.312521 0.0222676 0.676233 -0.890415 -0.239234 -4.24128 -0.45327 -819.66 0 
2 824.976 0.317292 0.0222348 0.66965 -0.856028 -0.253254 -4.33337 -1.32562 -819.317 0 
17 824.488 0.320538 0.0223896 0.666598 -0.836523 -0.258175 -4.59453 -0.251369 -819.642 0 
5 825.404 0.321684 0.0224704 0.665151 -0.803422 -0.311355 -4.63245 -0.44333 -820.328 0 
2 826.541 0.321765 0.022585 0.665487 -0.803446 -0.310824 -4.60295 -1.60093 -820.337 0 
2 825.662 0.314675 0.0224591 0.670842 -0.813961 -0.306042 -4.72634 -1.31002 -819.626 0 
2 825.276 0.312819 0.0225712 0.675572 -0.843934 -0.288419 -4.30928 -1.69871 -819.268 0 
2 824.832 0.314025 0.0225445 0.67239 -0.830412 -0.277348 -4.53438 -0.874391 -819.423 0 
1 824.132 0.318343 0.0224445 0.669087 -0.825134 -0.302591 -4.3123 -0.248766 -819.571 0 
6 825.184 0.321637 0.0224312 0.669996 -0.860428 -0.286225 -4.60824 -1.28831 -819.288 0 
3 824.803 0.315721 0.0225643 0.673559 -0.853074 -0.269552 -4.21411 -1.30322 -819.286 0 
1 825.034 0.317126 0.0225463 0.672264 -0.865957 -0.236721 -4.40274 -1.31632 -819.315 0 
1 826.99 0.310991 0.0225447 0.680301 -0.907 -0.203559 -4.33472 -2.62029 -820.035 0 
3 826.714 0.313252 0.0226571 0.676642 -0.884865 -0.19629 -4.37377 -2.87378 -819.467 0 
11 824.315 0.312323 0.0225339 0.675342 -0.866389 -0.225496 -4.30876 -0.665903 -819.34 0 
1 825.606 0.318025 0.0224095 0.669226 -0.851712 -0.25011 -4.39108 -1.84878 -819.366 0 
2 824.515 0.310641 0.0225067 0.677255 -0.886527 -0.199186 -4.27844 -0.662031 -819.575 0 
7 824.698 0.308502 0.0224581 0.680199 -0.89922 -0.212504 -4.24208 -0.442011 -820.014 0 
1 825.175 0.307296 0.0224259 0.681636 -0.921546 -0.167746 -4.35504 -0.179217 -820.641 0 
2 825.773 0.309894 0.0224521 0.678638 -0.909669 -0.175578 -4.35806 -1.34308 -820.072 0 
2 827.862 0.304929 0.0225084 0.680101 -0.880457 -0.197794 -4.61353 -3.55018 -819.699 0 
5 827.131 0.310378 0.0225095 0.676721 -0.88274 -0.205946 -4.25407 -3.34087 -819.536 0 
1 827.667 0.304603 0.0225631 0.684128 -0.905461 -0.214231 -4.38693 -2.74039 -820.539 0 
1 832.846 0.293618 0.0226095 0.697926 -0.948896 -0.222104 -5.83906 -2.13725 -824.869 0 
3 835.714 0.293287 0.0225946 0.700891 -0.972228 -0.224918 -6.06041 -2.58563 -827.068 0 
1 835.17 0.298411 0.0227151 0.694967 -0.912914 -0.297137 -5.48319 -7.3455 -822.341 0 
4 833.515 0.293664 0.0226032 0.699251 -0.937074 -0.280189 -6.29526 -2.5098 -824.709 0 
2 833.004 0.298597 0.0226274 0.695198 -0.936373 -0.268187 -5.29951 -4.17165 -823.533 0 
2 829.268 0.301113 0.0226873 0.689884 -0.893775 -0.290957 -5.07242 -3.27578 -820.919 0 
3 829.902 0.309121 0.0226377 0.682764 -0.874426 -0.303247 -4.2462 -5.97581 -819.68 0 
1 829.006 0.300692 0.0226772 0.687833 -0.856868 -0.325605 -6.00673 -3.15782 -819.841 0 
6 825.306 0.307443 0.0225363 0.680827 -0.844431 -0.337289 -4.78771 -1.18533 -819.333 0 
2 826.946 0.31208 0.0226574 0.675714 -0.804039 -0.37847 -4.94746 -2.57037 -819.428 0 
1 824.546 0.320436 0.0225087 0.669311 -0.800796 -0.413662 -3.96553 -0.886845 -819.694 0 
1 824.66 0.32626 0.0223893 0.665084 -0.803153 -0.42462 -4.08821 -0.667405 -819.904 0 
2 826.092 0.309765 0.0225581 0.67873 -0.810054 -0.419757 -5.08763 -1.77775 -819.227 0 
3 825.644 0.313258 0.0224244 0.677294 -0.831335 -0.410534 -4.17251 -2.27753 -819.194 0 
1 827.618 0.312771 0.0224956 0.678097 -0.822805 -0.428363 -4.32398 -4.10745 -819.186 0 
3 829.369 0.314809 0.0225143 0.674417 -0.786718 -0.460655 -4.71136 -5.10681 -819.551 0 
1 829.094 0.305439 0.0225292 0.681821 -0.80657 -0.427043 -6.3843 -3.47517 -819.234 0 
5 826.557 0.305739 0.0223788 0.682275 -0.831833 -0.410966 -5.43323 -1.75397 -819.37 0 
1 826.743 0.308715 0.0221258 0.679705 -0.85266 -0.404851 -4.53824 -2.63324 -819.572 0 
1 826.879 0.307211 0.022128 0.681328 -0.864441 -0.390828 -4.65072 -2.3297 -819.899 0 
5 824.434 0.310111 0.0222833 0.677949 -0.827269 -0.427378 -4.60801 -0.59625 -819.23 0 
2 824.357 0.313081 0.0222979 0.675669 -0.814629 -0.447683 -4.36062 -0.806547 -819.19 0 
3 823.789 0.322543 0.0223724 0.66844 -0.803025 -0.457429 -3.83379 -0.417726 -819.537 0 
1 823.811 0.319334 0.0222951 0.672804 -0.835503 -0.437885 -4.01405 -0.644727 -819.152 0 
7 824.439 0.31788 0.02222 0.674527 -0.859373 -0.416434 -4.33913 -0.788097 -819.312 0 
6 826.092 0.323294 0.0223465 0.6713 -0.843965 -0.449355 -4.5491 -2.41063 -819.132 0 
2 824.935 0.32678 0.0221773 0.666448 -0.817208 -0.48729 -4.34306 -1.27169 -819.32 0 
2 823.616 0.317369 0.022281 0.674271 -0.824895 -0.47836 -4.00517 -0.466605 -819.144 0 
5 823.442 0.317952 0.0223424 0.672454 -0.800967 -0.501557 -3.96509 -0.20819 -819.269 0 
1 823.859 0.312929 0.0223573 0.676481 -0.798404 -0.519524 -4.64694 -0.0154264 -819.197 0 
2 824.41 0.317483 0.0223816 0.671796 -0.785776 -0.515931 -4.12016 -0.831837 -819.458 0 
1 824.448 0.320243 0.0223842 0.672567 -0.806983 -0.528853 -3.93728 -1.32551 -819.185 0 
1 825.252 0.321708 0.0224586 0.670315 -0.797842 -0.502901 -3.80476 -2.02201 -819.425 0 
1 824.333 0.322051 0.0223132 0.670698 -0.829212 -0.457113 -4.10574 -1.06468 -819.162 0 
3 824.748 0.322052 0.0221152 0.669352 -0.831766 -0.443399 -4.10599 -1.47255 -819.169 0 
5 825.115 0.322072 0.022136 0.670688 -0.848338 -0.442479 -4.52131 -1.44246 -819.151 0 
3 824.248 0.313587 0.0223803 0.674329 -0.790406 -0.487606 -4.6652 -0.232207 -819.35 0 
1 826.237 0.308409 0.0223973 0.681136 -0.806622 -0.509135 -5.49179 -1.52034 -819.225 0 
4 826.476 0.311036 0.0225142 0.676644 -0.768618 -0.525121 -5.94821 -0.978957 -819.548 0 
10 824.668 0.316161 0.0224831 0.672887 -0.775376 -0.511584 -4.54017 -0.472401 -819.655 0 
1 826.611 0.31681 0.0225312 0.670793 -0.741651 -0.553982 -5.34244 -0.685621 -820.583 0 
1 828.985 0.315323 0.0225837 0.675371 -0.78017 -0.511334 -4.63389 -4.8397 -819.511 0 
1 824.286 0.321554 0.0222989 0.670271 -0.806176 -0.487698 -3.82699 -1.13152 -819.327 0 
3 824.365 0.317128 0.022218 0.672327 -0.803598 -0.485635 -4.01671 -1.09032 -819.258 0 
2 824.279 0.326168 0.022304 0.665749 -0.804268 -0.46121 -4.01808 -0.594222 -819.667 0 
5 824.077 0.323686 0.0223476 0.668181 -0.803399 -0.470327 -3.8501 -0.703438 -819.524 0 
5 823.99 0.32086 0.0223409 0.671104 -0.8195 -0.451574 -3.89268 -0.862437 -819.235 0 
5 823.909 0.317042 0.022368 0.671709 -0.783994 -0.494379 -4.25375 -0.0916137 -819.564 0 
12 824.348 0.314319 0.0224234 0.676219 -0.810069 -0.475914 -4.26167 -0.900348 -819.186 0 
1 824.354 0.312426 0.022306 0.678035 -0.833422 -0.446282 -4.28114 -0.831821 -819.241 0 
1 824.7 0.309657 0.0223324 0.679143 -0.833534 -0.437097 -4.60772 -0.784315 -819.308 0 
1 825.301 0.31112 0.0222776 0.676542 -0.808087 -0.480071 -4.76043 -1.35228 -819.189 0 
2 827.485 0.307015 0.0224956 0.678541 -0.776208 -0.486914 -6.97521 -1.09978 -819.41 0 
3 827.362 0.310965 0.0224103 0.674243 -0.76002 -0.510138 -6.35031 -1.1863 -819.826 0 
9 826.739 0.30784 0.022364 0.679939 -0.789299 -0.52393 -6.15569 -1.3514 -819.232 0 
1 827.102 0.308565 0.0223259 0.679147 -0.789826 -0.52013 -5.92665 -1.94343 -819.232 0 
5 825.752 0.314386 0.0222711 0.673123 -0.785161 -0.491608 -4.67938 -1.62275 -819.45 0 
1 825.508 0.319668 0.0223317 0.667521 -0.762502 -0.509623 -4.26832 -0.960434 -820.279 0 
4 824.539 0.319062 0.0223577 0.668347 -0.776946 -0.465163 -4.21528 -0.30531 -820.018 0 
2 824.484 0.314805 0.022286 0.674163 -0.815438 -0.435846 -4.15031 -1.12296 -819.211 0 
2 824.314 0.309922 0.0223371 0.678029 -0.820726 -0.431984 -4.75428 -0.352184 -819.208 0 
3 823.958 0.317391 0.0224627 0.671259 -0.801828 -0.419726 -4.09043 -0.363769 -819.504 0 
2 824.268 0.313891 0.0223955 0.674826 -0.812826 -0.420352 -4.30941 -0.711422 -819.247 0 
3 824.529 0.316049 0.0224648 0.672662 -0.800019 -0.424101 -4.27364 -0.78397 -819.471 0 
5 823.578 0.312581 0.0224281 0.676913 -0.840672 -0.379293 -4.14187 -0.205164 -819.231 0 
4 824.011 0.310822 0.0224142 0.676984 -0.828131 -0.377155 -4.50745 -0.289361 -819.215 0 
3 825.591 0.309799 0.0223296 0.675893 -0.822133 -0.371633 -4.78103 -1.58232 -819.228 0 
2 825.162 0.315596 0.022331 0.67133 -0.819157 -0.373739 -4.10255 -1.73715 -819.322 0 
4 825.033 0.315055 0.0221787 0.673596 -0.840438 -0.37544 -4.00526 -1.82536 -819.202 0 
1 824.191 0.31213 0.0223388 0.675541 -0.820232 -0.400823 -4.433 -0.545591 -819.212 0 
2 824.803 0.315375 0.0222637 0.674448 -0.850714 -0.351449 -4.01269 -1.5571 -819.233 0 
2 825.644 0.324273 0.0221775 0.668466 -0.868076 -0.333287 -5.13413 -1.28393 -819.226 0 
2 824.706 0.324085 0.0221736 0.667044 -0.849287 -0.348868 -4.6353 -0.806263 -819.264 0 
2 828.043 0.330389 0.0221631 0.660723 -0.845627 -0.312176 -5.95267 -2.41583 -819.674 0 
1 825.803 0.326425 0.0221894 0.662102 -0.809631 -0.368274 -4.38649 -1.34849 -820.068 0 
2 824.322 0.324402 0.0223692 0.666142 -0.834043 -0.33031 -4.50159 -0.281319 -819.539 0 
2 824.295 0.321568 0.0224204 0.667761 -0.811072 -0.368154 -4.09641 -0.47091 -819.728 0 
8 823.977 0.321988 0.0224033 0.666857 -0.808507 -0.36847 -4.11228 -0.0474981 -819.817 0 
2 824.116 0.322342 0.0223279 0.667365 -0.816499 -0.375694 -4.06034 -0.454028 -819.601 0 
1 824.046 0.319041 0.0223039 0.668823 -0.816403 -0.362639 -4.0671 -0.463764 -819.515 0 
8 824.461 0.322255 0.0221993 0.666654 -0.832408 -0.342516 -4.21896 -0.807956 -819.434 0 
1 826.544 0.321025 0.0224406 0.665061 -0.762243 -0.421904 -4.74505 -0.684802 -821.114 0 
1 824.952 0.312931 0.0224296 0.674298 -0.809347 -0.387257 -4.6098 -0.997273 -819.345 0 
11 824.519 0.308499 0.0224002 0.679046 -0.847483 -0.330965 -4.55978 -0.631504 -819.328 0 
2 823.741 0.315731 0.0224272 0.672084 -0.830436 -0.333854 -4.11466 -0.321768 -819.304 0 
2 823.877 0.319445 0.0223274 0.668339 -0.822882 -0.339934 -4.10824 -0.266838 -819.502 0 
1 826.523 0.314721 0.0224336 0.67183 -0.812708 -0.333842 -4.59529 -2.39537 -819.532 0 
2 825.018 0.321867 0.0223472 0.665148 -0.815814 -0.302929 -4.51117 -0.518319 -819.989 0 
2 826.205 0.3152 0.022469 0.671752 -0.812819 -0.333937 -4.54159 -2.11416 -819.549 0 
3 824.558 0.317552 0.0224323 0.671212 -0.830578 -0.324085 -4.14475 -1.04043 -819.373 0 
2 824.908 0.323141 0.0222924 0.665887 -0.838166 -0.289619 -4.60048 -0.724304 -819.584 0 
3 827.672 0.322593 0.0222952 0.668083 -0.850094 -0.292025 -4.58146 -3.71702 -819.374 0 
2 824.805 0.313227 0.0224513 0.674372 -0.83362 -0.316538 -4.33415 -1.19612 -819.275 0 
1 825.746 0.309075 0.0224446 0.676916 -0.830431 -0.319129 -4.91518 -1.57653 -819.254 0 
1 825.903 0.309311 0.0223339 0.676689 -0.843446 -0.302678 -4.60048 -2.03484 -819.268 0 
2 824.794 0.312264 0.0224102 0.673934 -0.825263 -0.324954 -4.55056 -0.934695 -819.309 0 
4 824.402 0.317352 0.0223104 0.67105 -0.849228 -0.313486 -4.09125 -1.06397 -819.247 0 
1 823.676 0.31467 0.0222816 0.674183 -0.864166 -0.299736 -4.09154 -0.273218 -819.311 0 
5 823.859 0.31157 0.0223228 0.676229 -0.853405 -0.318418 -4.16666 -0.394282 -819.298 0 
1 823.741 0.315467 0.0222763 0.673463 -0.85413 -0.32089 -4.04795 -0.447406 -819.246 0 
3 824.583 0.320816 0.0222072 0.669578 -0.86303 -0.317384 -4.50866 -0.835831 -819.239 0 
1 825.418 0.323243 0.0222303 0.669456 -0.875896 -0.317323 -5.20611 -0.947894 -819.264 0 
3 824.778 0.323197 0.0222005 0.668204 -0.860352 -0.331855 -4.7727 -0.775596 -819.229 0 
1 823.996 0.320295 0.0222135 0.67002 -0.854325 -0.336808 -4.27699 -0.497825 -819.221 0 
3 825.498 0.309974 0.022251 0.679559 -0.877457 -0.314266 -4.19978 -1.55733 -819.741 0 
2 826.678 0.314839 0.0220974 0.674731 -0.881676 -0.297735 -4.24204 -2.90266 -819.533 0 
1 826.895 0.314274 0.0221728 0.676151 -0.871618 -0.332519 -4.12414 -3.30873 -819.462 0 
1 824.519 0.317321 0.0223772 0.670762 -0.811204 -0.377278 -4.14867 -0.882989 -819.487 0 
1 825.901 0.314953 0.0224471 0.67191 -0.798176 -0.384224 -4.65624 -1.61201 -819.633 0 
1 824.982 0.309174 0.022514 0.678016 -0.828375 -0.347253 -4.84478 -0.902405 -819.235 0 
2 826.54 0.309594 0.0223291 0.676248 -0.833263 -0.324253 -4.73967 -2.55477 -819.245 0 
1 823.908 0.311526 0.0223251 0.676953 -0.862053 -0.307383 -4.13463 -0.39836 -819.375 0 
1 824.251 0.310905 0.0225315 0.677459 -0.84148 -0.331691 -4.34023 -0.664848 -819.245 0 
1 824.678 0.31378 0.022522 0.676512 -0.847667 -0.337111 -4.06855 -1.37177 -819.238 0 
4 826.101 0.313282 0.0224237 0.675963 -0.8361 -0.353436 -4.188 -2.69461 -819.219 0 
11 825.119 0.321423 0.0223294 0.665597 -0.807436 -0.351701 -4.19427 -1.01439 -819.91 0 
1 825.257 0.319615 0.0224353 0.666667 -0.784991 -0.381555 -4.48868 -0.43178 -820.336 0 
1 824.834 0.317871 0.0224694 0.668721 -0.797569 -0.366173 -4.39975 -0.536723 -819.898 0 
4 825.131 0.316834 0.0224812 0.670174 -0.795374 -0.398294 -4.33441 -1.07218 -819.725 0 
1 826.815 0.309122 0.0226083 0.67652 -0.807217 -0.363502 -5.40727 -2.06055 -819.348 0 
1 826.552 0.313852 0.0225882 0.676165 -0.842952 -0.353045 -4.04899 -3.28198 -819.221 0 
3 825.507 0.314462 0.0224542 0.678275 -0.879103 -0.329455 -4.23803 -1.68596 -819.583 0 
3 825.931 0.314369 0.0225265 0.677936 -0.863931 -0.342557 -4.07654 -2.49039 -819.365 0 
2 825.526 0.311311 0.0224327 0.679879 -0.868646 -0.335312 -4.14803 -1.83211 -819.546 0 
3 826.915 0.30037 0.0225222 0.686367 -0.860016 -0.311837 -5.94757 -1.08146 -819.886 0 
12 825.145 0.309294 0.0225346 0.67709 -0.834058 -0.304155 -4.81928 -1.06478 -819.261 0 
2 826.379 0.31541 0.0224006 0.669296 -0.820212 -0.293183 -4.51159 -2.28273 -819.585 0 
1 826.425 0.320523 0.0223727 0.666174 -0.830714 -0.282043 -4.42532 -2.3509 -819.649 0 
1 825.794 0.321541 0.0222521 0.667702 -0.871133 -0.249077 -4.92934 -1.54982 -819.315 0 
1 824.933 0.32154 0.02234 0.6673 -0.851278 -0.274277 -4.57423 -0.97296 -819.386 0 
2 825.199 0.318874 0.022252 0.670008 -0.880739 -0.232171 -4.7344 -1.11614 -819.348 0 
3 824.667 0.318194 0.0223331 0.672043 -0.874492 -0.254028 -4.4724 -0.876387 -819.318 0 
1 824.822 0.316498 0.0224066 0.671934 -0.840937 -0.297157 -4.18945 -1.32123 -819.312 0 
7 824.895 0.314898 0.0224935 0.672816 -0.830195 -0.30705 -4.32719 -1.20868 -819.359 0 
1 825.303 0.327684 0.0223852 0.661699 -0.807594 -0.335321 -4.76133 -0.0701695 -820.471 0 
1 824.727 0.326179 0.0223227 0.663625 -0.830594 -0.310682 -4.82121 -0.104207 -819.801 0 
1 824.987 0.317273 0.0224872 0.66919 -0.803517 -0.338264 -4.52882 -0.605737 -819.853 0 
2 825.267 0.318625 0.0222983 0.667559 -0.82276 -0.314647 -4.23556 -1.4544 -819.577 0 
2 823.912 0.321438 0.022354 0.668225 -0.844882 -0.307235 -4.36206 -0.194079 -819.356 0 
4 825.394 0.321431 0.0222635 0.669762 -0.8669 -0.287658 -4.66552 -1.45987 -819.268 0 
9 825.752 0.322601 0.0224331 0.669282 -0.877002 -0.247514 -5.20513 -1.23016 -819.316 0 
1 828.823 0.330148 0.0224018 0.663703 -0.862399 -0.265694 -6.48854 -2.77355 -819.561 0 
2 825.815 0.328515 0.0223843 0.662543 -0.83634 -0.289763 -5.42982 -0.472406 -819.912 0 
6 825.325 0.324751 0.0224621 0.666015 -0.838166 -0.293669 -4.77652 -0.908638 -819.639 0 
2 826.656 0.325543 0.0223654 0.664681 -0.85636 -0.2587 -5.36381 -1.79033 -819.501 0 
6 824.954 0.308686 0.022269 0.679925 -0.900499 -0.239035 -4.2462 -0.550341 -820.158 0 
4 826.766 0.305048 0.0223829 0.680835 -0.882928 -0.233352 -4.50829 -2.3861 -819.871 0 
1 828.264 0.315539 0.0224432 0.670321 -0.85543 -0.22549 -4.39703 -4.51452 -819.352 0 
7 828.095 0.313314 0.0226345 0.672636 -0.859141 -0.193133 -4.55767 -4.16876 -819.368 0 
7 826.128 0.317915 0.022636 0.669747 -0.838776 -0.233566 -4.67094 -1.86303 -819.594 0 
2 826.441 0.313101 0.0225808 0.672742 -0.831843 -0.249104 -4.82377 -2.14646 -819.471 0 
3 826.258 0.306835 0.0225559 0.678168 -0.841684 -0.260098 -5.20201 -1.76439 -819.292 0 
2 826.283 0.307937 0.0226615 0.677992 -0.850316 -0.238523 -4.84366 -2.12796 -819.311 0 
3 827.295 0.299408 0.0225475 0.68625 -0.890732 -0.197329 -5.32278 -1.62399 -820.348 0 
4 826.99 0.299861 0.0225685 0.686992 -0.910641 -0.163608 -4.85491 -1.25097 -820.884 0 
1 827.311 0.302884 0.0224217 0.682695 -0.884039 -0.203556 -4.89574 -2.49883 -819.917 0 
1 826.533 0.304056 0.022329 0.683857 -0.907893 -0.20917 -4.43572 -1.44261 -820.655 0 
4 826.92 0.299566 0.0224531 0.687756 -0.914226 -0.189517 -4.86426 -0.78227 -821.273 0 
1 826.813 0.302104 0.022401 0.687107 -0.913288 -0.228265 -4.6303 -0.947975 -821.235 0 
1 826.91 0.311023 0.0223343 0.680829 -0.920561 -0.223682 -4.53406 -1.79305 -820.583 0 
3 827.588 0.309234 0.0225285 0.683036 -0.903394 -0.259592 -4.28161 -2.99284 -820.313 0 
1 825.357 0.30629 0.0225725 0.682922 -0.871033 -0.295853 -4.52136 -1.10148 -819.735 0 
1 825.376 0.30997 0.0226229 0.678345 -0.843378 -0.3104 -4.47347 -1.64149 -819.261 0 
1 825.247 0.315166 0.0225889 0.674371 -0.845401 -0.309996 -4.08791 -1.9092 -819.249 0 
5 825.118 0.323707 0.0224034 0.668123 -0.858807 -0.293929 -4.88183 -0.922403 -819.314 0 
11 825.739 0.328201 0.0223946 0.662721 -0.82561 -0.313291 -5.07926 -0.607897 -820.052 0 
2 825.85 0.327183 0.0224369 0.66254 -0.80764 -0.330018 -4.75494 -0.626059 -820.469 0 
2 825.983 0.330279 0.0222099 0.6611 -0.830898 -0.341767 -5.40227 -0.718159 -819.862 0 
4 826.208 0.327413 0.0224303 0.661231 -0.783479 -0.387378 -4.40694 -0.769435 -821.032 0 
6 826.493 0.320084 0.0225461 0.666878 -0.762029 -0.436048 -4.73495 -0.849573 -820.908 0 
1 825.881 0.318264 0.0225445 0.668133 -0.780174 -0.390193 -4.68662 -0.841239 -820.353 0 
1 825 0.316638 0.0225312 0.671393 -0.817967 -0.351802 -4.14898 -1.41237 -819.439 0 
3 824.158 0.316559 0.0224727 0.673503 -0.84958 -0.326846 -4.04273 -0.885676 -819.23 0 
4 824.142 0.314744 0.0224342 0.673817 -0.834291 -0.357814 -4.04908 -0.871128 -819.222 0 
3 824.125 0.316067 0.0223622 0.673408 -0.849739 -0.344176 -4.01752 -0.884345 -819.223 0 
1 824.045 0.317231 0.0223629 0.672561 -0.841629 -0.366866 -3.98288 -0.859675 -819.202 0 
2 824.355 0.311936 0.0222244 0.678059 -0.874908 -0.338599 -4.1808 -0.519917 -819.654 0 
3 823.646 0.312436 0.0222986 0.676851 -0.861354 -0.335844 -4.0921 -0.171013 -819.383 0 
2 824.027 0.309499 0.0223232 0.678921 -0.860186 -0.33365 -4.2796 -0.27734 -819.47 0 
3 824.769 0.30937 0.0223659 0.677142 -0.829576 -0.366918 -4.69628 -0.844786 -819.228 0 
2 824.757 0.312199 0.0223245 0.67465 -0.84072 -0.33488 -4.19806 -1.32621 -819.233 0 
1 824.718 0.313079 0.0222241 0.67458 -0.848031 -0.334782 -4.09694 -1.37421 -819.247 0 
1 823.741 0.316282 0.0222681 0.67253 -0.839146 -0.356337 -3.99369 -0.53177 -819.216 0 
4 824.855 0.316587 0.0222558 0.671415 -0.824405 -0.369442 -4.04639 -1.51311 -819.295 0 
1 824.499 0.324763 0.0223019 0.664241 -0.790074 -0.419744 -4.03076 -0.204736 -820.264 0 
1 826.369 0.330021 0.0222863 0.662957 -0.812442 -0.415527 -4.6799 -1.7622 -819.927 0 
1 826.597 0.33342 0.022272 0.65879 -0.803475 -0.39376 -5.2567 -0.674626 -820.666 0 
6 826.541 0.329256 0.0222643 0.658766 -0.770097 -0.414331 -4.4407 -0.459976 -821.64 0 
2 826.34 0.326159 0.022363 0.661018 -0.770604 -0.408926 -4.34578 -0.660963 -821.333 0 
10 825.942 0.324831 0.0223815 0.662319 -0.772565 -0.398314 -4.44252 -0.298838 -821.201 0 
1 827.669 0.319586 0.0222584 0.666822 -0.795862 -0.372161 -4.35585 -3.29244 -820.021 0 
1 827.032 0.323112 0.0220525 0.666199 -0.842075 -0.341588 -4.38563 -3.31589 -819.331 0 
1 826.928 0.319138 0.0220924 0.668953 -0.848372 -0.313944 -4.1716 -3.49056 -819.266 0 
6 824.773 0.31827 0.0222376 0.668703 -0.8332 -0.317633 -4.13019 -1.2635 -819.38 0 
5 824.484 0.319997 0.022252 0.669594 -0.86129 -0.29809 -4.41565 -0.812669 -819.256 0 
1 824.852 0.319816 0.0222646 0.671088 -0.871831 -0.30724 -4.57111 -0.997882 -819.283 0 
11 824.871 0.313266 0.022174 0.675974 -0.874051 -0.32439 -4.14913 -1.19341 -819.528 0 
3 825.253 0.317288 0.0221798 0.672199 -0.871341 -0.309616 -4.29973 -1.62587 -819.328 0 
1 825.683 0.312696 0.0221546 0.676348 -0.890473 -0.280989 -4.26926 -1.63381 -819.779 0 
5 826.306 0.315427 0.0221737 0.672719 -0.882148 -0.25836 -4.328 -2.53264 -819.446 0 
1 827.813 0.314252 0.0220872 0.673781 -0.891344 -0.256959 -4.36515 -3.80405 -819.644 0 
5 827.695 0.317081 0.022071 0.67325 -0.907055 -0.255847 -5.04951 -2.7992 -819.846 0 
1 828.001 0.316003 0.0221016 0.677331 -0.925371 -0.280279 -5.53458 -1.84267 -820.624 0 
1 825.729 0.308888 0.0223737 0.6814 -0.901288 -0.275384 -4.33351 -1.04085 -820.355 0 
2 826.536 0.3079 0.022196 0.681308 -0.918466 -0.233447 -4.42606 -1.24458 -820.866 0 
2 826.873 0.306994 0.0222004 0.682783 -0.920708 -0.251691 -4.51969 -1.15786 -821.196 0 
3 825.83 0.310022 0.0222411 0.677188 -0.877321 -0.274875 -4.16736 -2.05349 -819.61 0 
1 824.532 0.310789 0.0222771 0.676616 -0.872882 -0.269497 -4.15807 -0.888433 -819.485 0 
3 825.183 0.314667 0.0222108 0.67571 -0.904056 -0.2366 -4.5803 -0.7541 -819.848 0 
2 824.57 0.313163 0.0223053 0.674561 -0.88044 -0.236789 -4.2198 -0.889185 -819.461 0 
2 825.386 0.31334 0.0223304 0.672379 -0.834366 -0.291401 -4.41909 -1.6441 -819.323 0 
5 826.244 0.327943 0.0222359 0.661426 -0.844186 -0.265222 -5.61683 -0.807644 -819.819 0 
1 826.002 0.32568 0.0223158 0.662936 -0.855789 -0.216923 -5.69105 -0.613955 -819.697 0 
2 826.741 0.322328 0.0221992 0.664819 -0.870094 -0.191023 -5.40133 -1.87282 -819.467 0 
2 826.275 0.321327 0.0223317 0.664113 -0.825839 -0.252981 -4.79682 -1.50562 -819.973 0 
5 828.237 0.319511 0.0222146 0.664643 -0.830833 -0.234624 -4.837 -3.56102 -819.839 0 
1 827.552 0.31729 0.0222177 0.667849 -0.849714 -0.218143 -4.64166 -3.4468 -819.463 0 
1 826.468 0.324105 0.0221929 0.662741 -0.832301 -0.266507 -4.8884 -1.69347 -819.886 0 
1 826.634 0.321096 0.0221239 0.669104 -0.894906 -0.216215 -5.39554 -1.8203 -819.418 0 
2 826.294 0.315222 0.0221756 0.673824 -0.90693 -0.187772 -4.74428 -1.80626 -819.743 0 
8 824.772 0.31637 0.0222844 0.672981 -0.891509 -0.208695 -4.61205 -0.680126 -819.48 0 
1 824.961 0.317577 0.0223817 0.668216 -0.849469 -0.210693 -4.70706 -0.752171 -819.501 0 
1 825.824 0.32121 0.0222416 0.665546 -0.859087 -0.209552 -5.00735 -1.32103 -819.496 0 
1 825.986 0.323994 0.0222382 0.664708 -0.87954 -0.173038 -5.99259 -0.514176 -819.479 0 
1 825.715 0.323224 0.0222987 0.665501 -0.886016 -0.152628 -6.09505 -0.146019 -819.474 0 
1 826.414 0.315407 0.0223198 0.673719 -0.895231 -0.182504 -4.63974 -2.24834 -819.526 0 
1 826.192 0.318725 0.0222779 0.671081 -0.907361 -0.152524 -5.45008 -1.17518 -819.567 0 
5 825.466 0.3111 0.0224428 0.675706 -0.887981 -0.158131 -4.49796 -1.44776 -819.521 0 
6 826.136 0.315216 0.0226426 0.673115 -0.870622 -0.181401 -4.62971 -2.13241 -819.374 0 
2 824.932 0.307791 0.0224831 0.680827 -0.907088 -0.176337 -4.30139 -0.487984 -820.142 0 
5 826.16 0.307001 0.0222456 0.680962 -0.921271 -0.177338 -4.34555 -1.1005 -820.714 0 
2 826.267 0.31005 0.0221985 0.676725 -0.897983 -0.201864 -4.2599 -2.16032 -819.846 0 
1 823.965 0.3131 0.0223605 0.676597 -0.891946 -0.240192 -4.28344 -0.0150745 -819.667 0 
3 823.984 0.315389 0.0224265 0.674216 -0.874388 -0.246971 -4.27141 -0.358838 -819.354 0 
4 824.466 0.308343 0.0225173 0.679261 -0.861306 -0.272458 -4.4401 -0.618082 -819.408 0 
3 824.368 0.309147 0.0223993 0.680292 -0.901053 -0.228843 -4.24249 -0.0315736 -820.094 0 
5 824.638 0.314649 0.0224692 0.673763 -0.883563 -0.199893 -4.43644 -0.776298 -819.425 0 
1 824.129 0.313485 0.0224665 0.674701 -0.882212 -0.195736 -4.38874 -0.307371 -819.432 0 
2 825.891 0.307361 0.0225277 0.67779 -0.874683 -0.186414 -4.56896 -1.83755 -819.485 0 
5 825.832 0.318407 0.0225263 0.670795 -0.879643 -0.190089 -4.86165 -1.59621 -819.374 0 
3 826.53 0.31619 0.0225156 0.675568 -0.910551 -0.185028 -4.97132 -1.79137 -819.767 0 
1 826.445 0.320459 0.0224511 0.671464 -0.899242 -0.202459 -5.44867 -1.52977 -819.467 0 
5 826.299 0.321685 0.02252 0.668692 -0.879615 -0.189604 -5.38893 -1.51275 -819.397 0 
1 826.797 0.315004 0.0223284 0.67655 -0.928321 -0.161984 -5.1794 -1.39473 -820.223 0 
2 825.903 0.311726 0.0224057 0.678985 -0.938486 -0.13209 -4.97633 -0.234373 -820.692 0 
1 824.639 0.313681 0.0223894 0.675521 -0.912904 -0.151774 -4.75858 -0.0258392 -819.854 0 
3 825.813 0.318509 0.0224404 0.670958 -0.910956 -0.121079 -5.70134 -0.517843 -819.594 0 
2 824.616 0.314367 0.0224307 0.673908 -0.905139 -0.135185 -4.84964 -0.125842 -819.641 0 
1 824.878 0.314311 0.0224725 0.673121 -0.88129 -0.183472 -4.49391 -0.976955 -819.407 0 
1 824.381 0.316035 0.0224048 0.670567 -0.860773 -0.206138 -4.5549 -0.456045 -819.37 0 
2 824.713 0.319953 0.0224652 0.667475 -0.852962 -0.20843 -4.88079 -0.290926 -819.542 0 
11 824.254 0.315586 0.0223657 0.673541 -0.897166 -0.186863 -4.67525 -0.0248994 -819.553 0 
4 825.24 0.313192 0.0223006 0.676355 -0.923089 -0.160513 -4.84336 -0.212102 -820.184 0 
4 826.31 0.310133 0.0222677 0.677284 -0.923477 -0.137721 -4.56881 -1.42197 -820.319 0 
5 825 0.312064 0.022328 0.67503 -0.904124 -0.152256 -4.52816 -0.72961 -819.743 0 
4 825.068 0.313549 0.0224296 0.672066 -0.877906 -0.15653 -4.65374 -1.00853 -819.406 0 
2 824.596 0.316821 0.0224867 0.671617 -0.878166 -0.180502 -4.73416 -0.481286 -819.381 0 
2 824.476 0.313885 0.0223835 0.673012 -0.882549 -0.1731 -4.53839 -0.516339 -819.421 0 
3 826.692 0.315523 0.0223596 0.669939 -0.871167 -0.178815 -4.63314 -2.68043 -819.379 0 
5 825.946 0.313682 0.0225128 0.6726 -0.874886 -0.17302 -4.54788 -2.01318 -819.385 0 
12 824.682 0.31797 0.0223092 0.670895 -0.896186 -0.174508 -5.05153 -0.158666 -819.472 0 
5 826.592 0.320134 0.0222666 0.671639 -0.924835 -0.15591 -6.20542 -0.569694 -819.817 0 
2 826.925 0.318786 0.0221494 0.67004 -0.917405 -0.137667 -5.78202 -1.44668 -819.697 0 
4 826.473 0.322906 0.022257 0.667489 -0.9116 -0.138547 -6.65468 -0.290601 -819.527 0 
1 826.158 0.321782 0.022409 0.667816 -0.874321 -0.184838 -5.37237 -1.34923 -819.437 0 
5 825.688 0.322188 0.022435 0.66685 -0.867921 -0.18321 -5.42348 -0.7536 -819.511 0 
3 825.348 0.322937 0.0224559 0.664848 -0.838602 -0.226674 -5.12344 -0.340412 -819.884 0 
2 827.312 0.329366 0.0224825 0.659801 -0.827957 -0.231947 -6.14439 -0.506432 -820.661 0 
4 827.563 0.330725 0.0223901 0.660671 -0.857639 -0.215587 -6.96006 -0.663508 -819.939 0 
2 827.606 0.328817 0.0223748 0.660874 -0.836992 -0.233625 -6.02604 -1.29878 -820.281 0 
3 828.114 0.330518 0.0224103 0.656807 -0.808282 -0.239365 -6.36469 -0.157393 -821.592 0 
1 829.019 0.327421 0.0222974 0.662364 -0.851206 -0.217395 -5.98831 -3.1426 -819.888 0 
3 826.328 0.327436 0.0223827 0.661163 -0.826954 -0.250695 -5.55357 -0.386335 -820.388 0 
2 826.23 0.32692 0.0224299 0.662928 -0.832084 -0.264351 -5.32023 -0.823116 -820.087 0 
1 825.891 0.316553 0.0225867 0.672909 -0.850304 -0.263322 -4.29141 -2.2808 -819.319 0 
2 824.235 0.320079 0.0224143 0.669098 -0.864435 -0.233995 -4.70446 -0.179306 -819.351 0 
7 824.924 0.315068 0.0225415 0.671434 -0.832271 -0.264108 -4.54239 -0.906897 -819.475 0 
3 825.164 0.316028 0.0223702 0.669519 -0.83481 -0.256852 -4.51901 -1.14951 -819.495 0 
3 826.576 0.311908 0.0223601 0.673758 -0.841295 -0.267981 -4.5446 -2.72986 -819.302 0 
5 825.972 0.31292 0.0224054 0.674332 -0.85917 -0.239086 -4.34522 -2.31888 -819.308 0 
1 825.816 0.318902 0.0223318 0.669098 -0.876158 -0.208066 -4.79781 -1.6661 -819.352 0 
1 825.575 0.316647 0.0224405 0.669714 -0.846844 -0.244086 -4.3998 -1.77685 -819.398 0 
1 824.301 0.32158 0.0224027 0.668758 -0.859982 -0.265325 -4.69153 -0.276009 -819.333 0 
2 826.789 0.316956 0.0224294 0.672337 -0.845393 -0.290653 -4.20223 -3.28659 -819.3 0 
2 826.97 0.318124 0.0223555 0.673465 -0.88787 -0.240388 -4.66539 -2.88171 -819.423 0 
1 826.035 0.312253 0.0222586 0.678459 -0.907222 -0.237927 -4.40865 -1.52899 -820.098 0 
10 825.613 0.303656 0.0225355 0.684887 -0.894205 -0.234622 -4.57616 -0.71221 -820.325 0 
1 825.438 0.31254 0.0224446 0.678783 -0.907759 -0.231941 -4.46995 -0.900525 -820.068 0 
2 826.222 0.306144 0.0225933 0.683549 -0.878517 -0.274827 -4.46906 -1.90163 -819.851 0 
2 824.782 0.306749 0.0224541 0.681567 -0.874421 -0.27448 -4.44162 -0.626983 -819.713 0 
1 824.703 0.307063 0.0223977 0.681523 -0.872718 -0.296811 -4.42345 -0.545426 -819.734 0 
5 823.797 0.312856 0.0223514 0.676759 -0.867883 -0.304392 -4.09188 -0.301698 -819.404 0 
6 823.715 0.31734 0.0224336 0.671567 -0.833342 -0.342032 -4.02807 -0.398478 -819.288 0 
4 823.597 0.314356 0.0224605 0.67517 -0.844141 -0.344057 -4.04285 -0.331327 -819.223 0 
3 823.816 0.317878 0.0223506 0.673731 -0.858898 -0.352763 -4.15201 -0.421535 -819.242 0 
1 824.16 0.319234 0.0222929 0.672795 -0.866311 -0.347284 -4.39033 -0.501298 -819.269 0 
2 824.428 0.316247 0.0222559 0.672734 -0.856544 -0.330754 -4.0668 -1.11398 -819.247 0 
2 823.931 0.315982 0.0224064 0.674748 -0.869582 -0.304028 -4.17437 -0.42059 -819.336 0 
2 824.206 0.312533 0.0223712 0.678627 -0.885057 -0.306869 -4.22606 -0.232165 -819.748 0 
1 824.447 0.313668 0.0223054 0.677756 -0.88529 -0.31089 -4.26172 -0.483446 -819.702 0 
5 823.57 0.313714 0.0224517 0.67591 -0.84669 -0.346592 -4.05628 -0.278609 -819.235 0 
4 823.943 0.313628 0.0224409 0.67559 -0.857027 -0.314668 -4.06294 -0.596355 -819.284 0 
1 824.095 0.315704 0.0225134 0.672747 -0.839723 -0.30469 -4.14364 -0.660789 -819.291 0 
1 823.585 0.314574 0.0223861 0.673906 -0.853009 -0.294324 -4.11394 -0.212441 -819.259 0 
3 825.857 0.314658 0.0223577 0.677765 -0.908885 -0.246092 -4.67728 -1.16689 -820.012 0 
1 826.559 0.313908 0.0222948 0.679055 -0.927867 -0.232852 -5.09249 -0.81943 -820.647 0 
1 826.966 0.309465 0.0224653 0.683011 -0.925257 -0.233476 -4.60048 -1.37184 -820.994 0 
1 827.267 0.308455 0.0225369 0.682605 -0.908489 -0.243413 -4.3325 -2.45886 -820.475 0 
3 826.163 0.309234 0.0224355 0.682891 -0.91874 -0.241364 -4.46491 -0.90641 -820.792 0 
1 824.82 0.307213 0.0224077 0.682384 -0.908284 -0.225413 -4.29535 -0.0486191 -820.476 0 
1 824.769 0.307865 0.0224151 0.681685 -0.901229 -0.24413 -4.2699 -0.22735 -820.271 0 
3 824.839 0.31086 0.0224573 0.679744 -0.899702 -0.243838 -4.2693 -0.57088 -819.999 0 
1 825.521 0.30486 0.0224249 0.684903 -0.9156 -0.225217 -4.41052 -0.102781 -821.008 0 
3 828.783 0.302192 0.0222982 0.689169 -0.963626 -0.178212 -4.92819 -0.103884 -823.751 0 
4 828.54 0.30043 0.0222666 0.689697 -0.946169 -0.208752 -4.84469 -0.497352 -823.198 0 
2 826.238 0.307342 0.0223074 0.683579 -0.932786 -0.217835 -4.60044 -0.158338 -821.479 0 
1 826.881 0.313948 0.0222441 0.678732 -0.92456 -0.238361 -4.98876 -1.34382 -820.548 0 
3 825.625 0.31571 0.022224 0.676021 -0.9097 -0.261259 -4.91175 -0.688768 -820.025 0 
3 824.551 0.312361 0.0223612 0.677213 -0.887856 -0.264678 -4.21398 -0.651894 -819.685 0 
4 823.995 0.314355 0.0224089 0.676237 -0.874756 -0.288254 -4.15002 -0.422181 -819.423 0 
2 823.968 0.312513 0.0223594 0.67484 -0.861387 -0.27234 -4.15388 -0.500329 -819.314 0 
6 823.778 0.318591 0.0223157 0.66966 -0.845407 -0.299088 -4.18786 -0.280916 -819.309 0 
1 823.863 0.320673 0.0222939 0.668394 -0.844849 -0.309959 -4.2817 -0.25127 -819.33 0 
1 824.72 0.320836 0.0223389 0.666153 -0.821407 -0.30982 -4.32996 -0.652261 -819.738 0 
3 823.922 0.318734 0.0223851 0.669388 -0.833837 -0.302395 -4.22961 -0.256845 -819.436 0 
2 823.86 0.316201 0.022354 0.673057 -0.850102 -0.31351 -4.07167 -0.546759 -819.241 0 
9 823.673 0.317812 0.0223847 0.672655 -0.862401 -0.299661 -4.21623 -0.196768 -819.26 0 
1 823.431 0.318499 0.0223093 0.670655 -0.844938 -0.325434 -4.09329 -0.0815681 -819.256 0 
6 823.474 0.313948 0.0223282 0.674664 -0.855883 -0.312129 -4.06681 -0.136054 -819.271 0 
3 824.692 0.3217 0.0222387 0.668313 -0.861236 -0.296697 -4.62788 -0.796878 -819.267 0 
1 824.529 0.313849 0.0222152 0.675597 -0.880477 -0.297526 -4.20236 -0.772586 -819.554 0 
2 824.479 0.313548 0.0223073 0.677841 -0.872895 -0.344745 -4.15986 -0.771322 -819.547 0 
6 824.503 0.31188 0.0222754 0.677457 -0.844301 -0.389487 -4.19922 -1.02084 -819.283 0 
10 823.925 0.314227 0.0222215 0.676088 -0.857174 -0.38608 -4.10733 -0.462769 -819.355 0 
8 823.771 0.31388 0.0222947 0.677548 -0.851343 -0.423855 -4.17496 -0.234116 -819.362 0 
1 824.518 0.312724 0.0223597 0.678873 -0.836999 -0.456643 -4.27554 -0.960533 -819.282 0 
1 825.674 0.304474 0.0223221 0.685723 -0.858815 -0.441088 -5.36565 -0.0957993 -820.213 0 
3 825.083 0.307339 0.022264 0.682726 -0.850265 -0.445084 -4.9044 -0.424335 -819.755 0 
2 824.368 0.309131 0.0223276 0.681744 -0.851296 -0.438149 -4.61008 -0.120243 -819.637 0 
2 825.571 0.304608 0.0223473 0.684736 -0.840264 -0.455818 -5.61119 -0.227317 -819.732 0 
2 827.976 0.299908 0.0223813 0.687597 -0.828423 -0.469865 -7.39945 -0.761924 -819.814 0 
1 825.008 0.308159 0.0224715 0.681362 -0.814993 -0.478353 -5.29317 -0.46964 -819.245 0 
1 825.754 0.312857 0.0225264 0.679181 -0.822713 -0.492909 -4.39036 -2.16007 -819.204 0 
6 825.663 0.310022 0.0224637 0.681785 -0.827529 -0.492116 -4.77944 -1.55007 -819.333 0 
1 825.897 0.317687 0.0222809 0.675165 -0.832612 -0.474906 -4.04351 -2.69893 -819.155 0 
7 824.39 0.31274 0.022204 0.677338 -0.843546 -0.444703 -4.26319 -0.786888 -819.34 0 
6 824.344 0.313891 0.0221841 0.676534 -0.848182 -0.433594 -4.18806 -0.819308 -819.337 0 
1 824.847 0.307042 0.0223758 0.682322 -0.822348 -0.487956 -5.42797 -0.0473925 -819.371 0 
1 825.373 0.305384 0.0223962 0.683646 -0.822551 -0.487031 -5.84501 -0.0844688 -819.443 0 
1 825.07 0.308828 0.0223122 0.679976 -0.804569 -0.521578 -5.42845 -0.422485 -819.219 0 
2 825.726 0.307937 0.0222759 0.682457 -0.822905 -0.526817 -5.36879 -0.909118 -819.448 0 
3 827.195 0.305224 0.0222474 0.686823 -0.860502 -0.493909 -5.56034 -1.08788 -820.547 0 
3 826.073 0.304671 0.0223015 0.686419 -0.849362 -0.501868 -5.74803 -0.0836772 -820.241 0 
4 824.861 0.307219 0.0223259 0.683029 -0.842691 -0.470152 -5.07914 -0.0991844 -819.683 0 
1 828.857 0.305314 0.0222037 0.687869 -0.883488 -0.465703 -5.48416 -2.03546 -821.338 0 
2 828.526 0.308733 0.0222508 0.684059 -0.849488 -0.508377 -5.03515 -3.558 -819.933 0 
2 828.05 0.302271 0.0225239 0.687308 -0.801985 -0.557034 -7.70815 -0.860249 -819.481 0 
6 827.216 0.307756 0.0225163 0.683836 -0.806554 -0.556611 -5.78256 -2.12101 -819.312 0 
1 825.49 0.309839 0.0223578 0.683033 -0.839827 -0.525184 -4.96603 -0.848137 -819.676 0 
2 826.339 0.31211 0.022548 0.68023 -0.809718 -0.533095 -4.70094 -2.45048 -819.188 0 
4 826.212 0.313801 0.0224604 0.679147 -0.799969 -0.583656 -4.67413 -2.37262 -819.165 0 
1 825.067 0.321002 0.0222165 0.671145 -0.78724 -0.582988 -3.90805 -1.83603 -819.323 0 
4 824.431 0.316094 0.0222534 0.674414 -0.791998 -0.557486 -4.29843 -0.912206 -819.221 0 
1 824.188 0.312981 0.0223896 0.676514 -0.788465 -0.538787 -4.83768 -0.101786 -819.249 0 
3 824.205 0.320212 0.0223895 0.669535 -0.781454 -0.511724 -3.90435 -0.606616 -819.694 0 
4 823.758 0.317828 0.0223037 0.671515 -0.799697 -0.486016 -3.96957 -0.462794 -819.326 0 
1 824.765 0.315917 0.0224178 0.671616 -0.768997 -0.50723 -4.7484 -0.178735 -819.838 0 
6 824.08 0.317985 0.0223127 0.672425 -0.792476 -0.518212 -4.0261 -0.707179 -819.346 0 
3 825.859 0.310905 0.0222772 0.681185 -0.841659 -0.491395 -4.62387 -1.71267 -819.522 0 
1 828.139 0.30759 0.0224383 0.685068 -0.840565 -0.496124 -5.1539 -3.26723 -819.718 0 
1 826.908 0.305444 0.0225551 0.685995 -0.833849 -0.492027 -5.64856 -1.57917 -819.68 0 
1 826.988 0.303089 0.0224341 0.686398 -0.839452 -0.473782 -6.07476 -1.01011 -819.903 0 
4 828.783 0.311959 0.0225724 0.677211 -0.804201 -0.477013 -4.6477 -4.93007 -819.205 0 
2 829.738 0.315419 0.02256 0.675842 -0.821912 -0.461749 -4.06563 -6.5109 -819.162 0 
4 827.658 0.310843 0.022538 0.681413 -0.860416 -0.408984 -4.36407 -3.65948 -819.634 0 
2 825.877 0.313144 0.0224374 0.678814 -0.844026 -0.453458 -4.28366 -2.24319 -819.35 0 
1 825.437 0.318675 0.0222846 0.673105 -0.840795 -0.445008 -4.14143 -2.13099 -819.165 0 
1 825.268 0.325938 0.0222953 0.667468 -0.823842 -0.461045 -4.37166 -1.61637 -819.28 0 
1 824.284 0.326312 0.022308 0.665719 -0.78714 -0.514153 -3.81252 -0.609061 -819.862 0 
9 824.094 0.31987 0.0223318 0.672001 -0.806863 -0.498319 -3.86463 -0.98379 -819.245 0 
1 825.299 0.319027 0.0223587 0.672738 -0.800377 -0.508186 -3.90492 -2.10968 -819.284 0 
4 827.649 0.324283 0.0225764 0.668115 -0.781458 -0.508197 -3.74967 -3.954 -819.945 0 
7 827.127 0.32422 0.0224273 0.670861 -0.827761 -0.482112 -4.31032 -3.66276 -819.154 0 
1 829.529 0.323694 0.02247 0.672669 -0.840026 -0.478215 -4.57245 -5.84262 -819.114 0 
1 830.273 0.321731 0.0225112 0.674761 -0.84137 -0.491053 -4.48719 -6.64942 -819.136 0 
5 828.134 0.317165 0.0224518 0.678356 -0.853633 -0.487668 -4.56125 -4.16091 -819.412 0 
2 826.769 0.312327 0.0224657 0.681819 -0.839793 -0.522753 -4.66777 -2.58738 -819.514 0 
3 827.015 0.309012 0.0224495 0.683524 -0.83775 -0.527262 -5.11825 -2.2074 -819.69 0 
6 827.827 0.306744 0.0223174 0.687617 -0.869491 -0.524473 -5.69139 -1.15114 -820.984 0 
4 827.141 0.323465 0.0221173 0.671638 -0.843558 -0.538055 -5.15531 -2.83815 -819.148 0 
2 826.871 0.321586 0.0220904 0.671244 -0.821522 -0.564998 -4.46911 -3.30789 -819.094 0 
4 826.008 0.323061 0.0221368 0.67089 -0.822508 -0.565272 -4.5618 -2.3635 -819.083 0 
4 828.494 0.326364 0.0220307 0.667479 -0.814737 -0.588917 -4.82633 -4.57255 -819.095 0 
2 827.966 0.32143 0.0219654 0.672342 -0.837467 -0.572379 -5.00779 -3.76174 -819.197 0 
2 829.624 0.317528 0.0218915 0.673543 -0.818272 -0.60103 -4.61509 -5.8251 -819.184 0 
2 828.643 0.314303 0.0219721 0.678617 -0.857975 -0.546595 -5.19041 -3.52229 -819.93 0 
1 827.873 0.31421 0.0219983 0.678832 -0.849728 -0.561967 -5.0771 -3.01527 -819.781 0 
3 828.135 0.308933 0.0220497 0.681307 -0.819335 -0.591081 -5.54454 -3.04013 -819.55 0 
1 825.743 0.313887 0.0221679 0.675115 -0.781923 -0.606836 -4.87966 -1.64455 -819.218 0 
2 824.358 0.313336 0.0223129 0.677269 -0.791996 -0.576963 -4.79096 -0.384811 -819.183 0 
5 824.523 0.316306 0.0223219 0.673793 -0.762317 -0.623765 -4.7387 -0.271862 -819.512 0 
2 824.772 0.319508 0.0224185 0.672655 -0.774336 -0.597715 -4.06594 -1.24127 -819.465 0 
2 824.706 0.321698 0.0222215 0.671745 -0.815068 -0.556539 -4.21089 -1.38865 -819.106 0 
1 825.144 0.31917 0.0224043 0.672754 -0.788233 -0.575239 -4.02643 -1.8349 -819.282 0 
2 825.98 0.315552 0.0224094 0.674003 -0.774171 -0.581708 -4.59778 -1.98702 -819.396 0 
4 824.575 0.318596 0.0224008 0.673391 -0.785737 -0.586017 -4.10436 -1.19288 -819.278 0 
2 824.485 0.312489 0.0224076 0.67876 -0.797025 -0.57186 -4.87841 -0.429431 -819.177 0 
11 824.353 0.319373 0.0223424 0.673305 -0.783034 -0.611581 -4.10884 -0.974017 -819.27 0 
4 824.028 0.317694 0.0223159 0.673116 -0.767236 -0.625909 -4.41799 -0.159586 -819.45 0 
2 826.002 0.313124 0.0223199 0.678037 -0.773195 -0.647734 -5.3237 -1.43853 -819.24 0 
4 826.715 0.30822 0.0222363 0.679957 -0.779234 -0.616392 -6.43579 -1.035 -819.245 0 
3 826.601 0.314554 0.022304 0.673655 -0.751935 -0.641792 -5.33835 -1.64667 -819.616 0 
12 824.653 0.315417 0.0223897 0.675494 -0.764406 -0.639718 -4.91257 -0.343444 -819.397 0 
1 825.703 0.32049 0.022353 0.673394 -0.787251 -0.617009 -4.06252 -2.41514 -819.225 0 
4 824.255 0.313865 0.0222507 0.677438 -0.803943 -0.587909 -4.68405 -0.396384 -819.174 0 
1 824.28 0.313746 0.0223019 0.677782 -0.792652 -0.615523 -4.86187 -0.246954 -819.172 0 
5 826.217 0.31626 0.0222686 0.675414 -0.800211 -0.604247 -4.48741 -2.58907 -819.141 0 
2 827.334 0.327672 0.0220636 0.666805 -0.812514 -0.585912 -4.84545 -3.35286 -819.136 0 
2 826.059 0.325308 0.0220629 0.668494 -0.806182 -0.601555 -4.45454 -2.47486 -819.129 0 
1 827.02 0.316811 0.0222453 0.677541 -0.814326 -0.607472 -4.54193 -3.29558 -819.183 0 
4 826.142 0.31676 0.0223591 0.67449 -0.777263 -0.632457 -4.51515 -2.37206 -819.254 0 
6 826.019 0.326809 0.0222087 0.667821 -0.780181 -0.662945 -4.218 -2.42548 -819.375 0 
1 824.588 0.320179 0.0221936 0.67116 -0.7562 -0.684659 -4.29504 -0.727301 -819.566 0 
1 824.543 0.317114 0.0223298 0.674467 -0.760538 -0.683218 -4.75305 -0.40164 -819.388 0 
1 824.812 0.317214 0.022153 0.673846 -0.776309 -0.660234 -4.57196 -1.01575 -819.224 0 
1 826.062 0.311136 0.0221653 0.679402 -0.794783 -0.646661 -5.54405 -1.24988 -819.268 0 
1 826.364 0.312259 0.0221611 0.679924 -0.811749 -0.645649 -5.37788 -1.56526 -819.421 0 
9 826.753 0.308931 0.0222049 0.681756 -0.794541 -0.666822 -6.20926 -1.14611 -819.397 0 
5 827.369 0.310428 0.0223276 0.679717 -0.769856 -0.689798 -6.2417 -1.87372 -819.254 0 
1 826.291 0.320226 0.0221655 0.673566 -0.778473 -0.695341 -4.43184 -2.67885 -819.181 0 
4 825.103 0.322086 0.0221665 0.671221 -0.76404 -0.715546 -4.27285 -1.46542 -819.365 0 
1 826.166 0.317906 0.02206 0.675221 -0.793477 -0.695433 -4.88191 -2.13677 -819.147 0 
1 826.476 0.325171 0.022055 0.669331 -0.790077 -0.685297 -4.59571 -2.74624 -819.135 0 
2 826.567 0.32873 0.0220411 0.66494 -0.761632 -0.709092 -4.11852 -2.74084 -819.707 0 
1 826.802 0.325699 0.0219827 0.66708 -0.770128 -0.695142 -4.13899 -3.23749 -819.425 0 
2 826.575 0.324965 0.0220113 0.666634 -0.756742 -0.686956 -3.88321 -2.9345 -819.758 0 
2 828.265 0.332338 0.0219826 0.659581 -0.736856 -0.695721 -3.69908 -3.56511 -821.001 0 
4 825.988 0.32817 0.0221702 0.66297 -0.718388 -0.712137 -3.66571 -0.938611 -821.384 0 
1 828.631 0.330924 0.0219554 0.660082 -0.734753 -0.688099 -3.60132 -3.99528 -821.034 0 
2 828.038 0.329208 0.0220833 0.660879 -0.72938 -0.673919 -3.57433 -3.2021 -821.261 0 
3 827.822 0.321433 0.0220341 0.667791 -0.734687 -0.70509 -4.3251 -3.33182 -820.165 0 
2 827.717 0.321955 0.0221709 0.666087 -0.705508 -0.718302 -4.82335 -1.48584 -821.408 0 
6 831.607 0.322296 0.0223425 0.663872 -0.669188 -0.74603 -5.99726 -2.14279 -823.467 0 
1 831.877 0.320918 0.022335 0.664849 -0.660431 -0.769797 -6.8386 -1.39223 -823.646 0 
2 832.488 0.324638 0.0224123 0.6627 -0.66558 -0.761042 -5.37184 -3.25948 -823.857 0 
2 825.772 0.325412 0.0223217 0.665165 -0.709412 -0.720665 -4.06906 -0.190699 -821.512 0 
4 827.155 0.31643 0.0222243 0.671884 -0.719615 -0.725547 -5.85157 -1.02231 -820.281 0 
2 830.76 0.317338 0.0219886 0.670688 -0.728076 -0.738611 -5.36985 -5.41826 -819.972 0 
5 827.96 0.322492 0.0221336 0.668503 -0.71958 -0.763815 -4.44975 -3.06928 -820.441 0 
1 828.039 0.320139 0.022206 0.670371 -0.708037 -0.792025 -5.21518 -2.26148 -820.562 0 
2 828.927 0.317467 0.0223847 0.671458 -0.679357 -0.82137 -7.04098 -0.394747 -821.491 0 
4 830.682 0.318136 0.0223711 0.669404 -0.657344 -0.847298 -7.82366 -0.232596 -822.626 0 
2 829.692 0.321041 0.0222522 0.669252 -0.6761 -0.865626 -5.92198 -2.16254 -821.607 0 
4 828.404 0.319105 0.0223189 0.671153 -0.682857 -0.853145 -6.29966 -0.913776 -821.19 0 
2 827.803 0.324404 0.0221528 0.668543 -0.71599 -0.82195 -4.35394 -3.10609 -820.343 0 
5 827.906 0.31888 0.0224451 0.673951 -0.713365 -0.816031 -5.47468 -2.29024 -820.141 0 
3 827.392 0.326772 0.0223862 0.667235 -0.72126 -0.785209 -3.95514 -2.89867 -820.539 0 
1 826.398 0.319693 0.0222783 0.672662 -0.726559 -0.789764 -4.99045 -1.51769 -819.89 0 
1 826.72 0.314976 0.0222356 0.674735 -0.719872 -0.791212 -6.37914 -0.46938 -819.871 0 
2 825.624 0.323316 0.0222655 0.668713 -0.713294 -0.805616 -4.47997 -0.665902 -820.479 0 
2 826.294 0.322726 0.0223705 0.668763 -0.702034 -0.798368 -4.71634 -0.597006 -820.981 0 
3 826.105 0.32515 0.0222426 0.667983 -0.715017 -0.810153 -4.20901 -1.38773 -820.508 0 
3 826.675 0.321104 0.0222739 0.669633 -0.692006 -0.84197 -5.39496 -0.287605 -820.993 0 
1 825.799 0.31949 0.0222775 0.672152 -0.71458 -0.82274 -5.31589 -0.385 -820.098 0 
6 825.651 0.321355 0.0222605 0.671459 -0.728213 -0.795899 -4.68483 -1.07432 -819.892 0 
2 825.172 0.321196 0.02224 0.671408 -0.735731 -0.775208 -4.58839 -0.822846 -819.761 0 
1 826.377 0.325501 0.0220402 0.667647 -0.743586 -0.783622 -4.25268 -2.42123 -819.703 0 
7 826.582 0.325847 0.0220379 0.666623 -0.730718 -0.797373 -4.15536 -2.38217 -820.044 0 
9 825.873 0.326972 0.0221434 0.665665 -0.719409 -0.798412 -3.98302 -1.35009 -820.54 0 
1 825.429 0.320075 0.0221939 0.670748 -0.734185 -0.752581 -4.69269 -0.881817 -819.854 0 
1 826.586 0.312771 0.02216 0.677005 -0.7524 -0.735591 -6.10338 -1.14543 -819.337 0 
2 826.512 0.316156 0.0221436 0.675101 -0.748939 -0.75524 -5.37853 -1.74432 -819.389 0 
3 827.487 0.317644 0.0221771 0.671128 -0.707118 -0.793424 -5.89466 -1.16836 -820.424 0 
3 827.191 0.313252 0.0222119 0.675515 -0.730748 -0.756143 -6.52939 -0.998997 -819.662 0 
4 827.369 0.311567 0.0223969 0.677841 -0.72088 -0.769491 -7.53099 -0.0384417 -819.8 0 
3 827.472 0.315526 0.0223661 0.673519 -0.711297 -0.772159 -6.39488 -0.813121 -820.264 0 
6 826.031 0.32051 0.0221055 0.67016 -0.736646 -0.755946 -4.61285 -1.62976 -819.788 0 
2 826.129 0.315067 0.0223303 0.675285 -0.723387 -0.776723 -6.21613 -0.0770012 -819.836 0 
2 827.788 0.310471 0.0224072 0.67972 -0.726536 -0.779689 -7.78958 -0.385018 -819.614 0 
2 827.22 0.315136 0.0223758 0.675576 -0.736641 -0.75682 -5.80513 -1.82873 -819.586 0 
3 826.448 0.312696 0.0222856 0.677496 -0.739325 -0.768034 -6.52984 -0.460519 -819.457 0 
5 826.765 0.312938 0.022319 0.67826 -0.755723 -0.747986 -6.06667 -1.40305 -819.296 0 
1 825.875 0.312897 0.0223079 0.678869 -0.75195 -0.768773 -6.24895 -0.313728 -819.313 0 
4 826.197 0.314634 0.0223313 0.678066 -0.765735 -0.74455 -5.5616 -1.4046 -819.23 0 
5 827.065 0.311561 0.022224 0.682672 -0.810006 -0.710292 -6.08062 -1.30675 -819.678 0 
6 827.814 0.31911 0.0222396 0.677381 -0.805233 -0.722238 -5.36778 -3.21858 -819.227 0 
2 827.424 0.314753 0.0222872 0.68067 -0.800189 -0.720156 -5.53085 -2.54138 -819.351 0 
1 828.09 0.308034 0.0223972 0.684269 -0.769946 -0.763002 -7.45616 -1.209 -819.424 0 
1 827.933 0.307078 0.0223699 0.684989 -0.787771 -0.714101 -7.1588 -1.22807 -819.546 0 
6 828.14 0.304397 0.0223632 0.688457 -0.809154 -0.685728 -7.54326 -0.499516 -820.098 0 
2 828.681 0.304694 0.0224637 0.688617 -0.80809 -0.671326 -7.33316 -1.38984 -819.958 0 
1 829.744 0.301807 0.0223959 0.691952 -0.828382 -0.66089 -7.98771 -0.865332 -820.891 0 
2 828.079 0.304951 0.0224137 0.688399 -0.818286 -0.644017 -6.93516 -1.0703 -820.074 0 
6 829.148 0.30627 0.0225752 0.685536 -0.780481 -0.672484 -7.28854 -2.49028 -819.369 0 
1 830.53 0.301985 0.0225694 0.688535 -0.768613 -0.702354 -9.6103 -1.41779 -819.502 0 
3 827.564 0.306551 0.022437 0.68513 -0.7809 -0.680289 -7.24042 -0.9431 -819.381 0 
1 826.218 0.311925 0.0224784 0.680018 -0.774998 -0.663264 -5.63647 -1.35851 -819.223 0 
4 826.244 0.311782 0.0224174 0.680984 -0.777563 -0.690465 -5.78383 -1.22895 -819.231 0 
5 826.995 0.311486 0.0222482 0.679435 -0.790545 -0.661692 -5.59304 -2.14984 -819.252 0 
1 827.023 0.310919 0.0221368 0.680623 -0.805676 -0.663461 -5.71984 -1.85253 -819.451 0 
2 825.266 0.31344 0.0223227 0.678999 -0.791538 -0.659314 -5.17918 -0.883612 -819.203 0 
2 825.291 0.319308 0.0223339 0.672806 -0.76235 -0.683419 -4.40339 -1.47563 -819.412 0 
1 825.732 0.323462 0.022175 0.671414 -0.787307 -0.680808 -4.39493 -2.18785 -819.149 0 
3 825.77 0.325264 0.02215 0.669619 -0.784006 -0.682537 -4.36609 -2.19195 -819.212 0 
2 826.929 0.327792 0.0221905 0.664576 -0.743737 -0.702968 -3.76531 -2.89014 -820.273 0 
2 826.349 0.325772 0.0223355 0.667827 -0.744965 -0.720393 -3.9041 -2.45421 -819.99 0 
2 826.12 0.324525 0.0222046 0.670337 -0.76457 -0.728446 -4.2279 -2.50631 -819.386 0 
2 825.645 0.320972 0.0221518 0.670892 -0.736034 -0.769919 -4.59654 -1.28312 -819.765 0 
6 825.735 0.320839 0.0221949 0.670132 -0.717333 -0.797933 -4.88271 -0.640604 -820.212 0 
4 825.796 0.323732 0.022102 0.669296 -0.74293 -0.776499 -4.30779 -1.81568 -819.672 0 
6 826.636 0.320939 0.0220847 0.671866 -0.739308 -0.813284 -4.85434 -2.25637 -819.525 0 
1 827.547 0.315766 0.0221279 0.67479 -0.725162 -0.82032 -6.12522 -1.7594 -819.662 0 
11 827.155 0.328185 0.0220199 0.665029 -0.724064 -0.817086 -4.03732 -2.80118 -820.317 0 
7 826.336 0.323517 0.0221928 0.667388 -0.701889 -0.822297 -4.60723 -0.858626 -820.87 0 
1 826.34 0.321992 0.0223938 0.670204 -0.709126 -0.800617 -4.76182 -0.988488 -820.59 0 
6 826.184 0.316571 0.0223139 0.674084 -0.720935 -0.796466 -5.86889 -0.429429 -819.885 0 
1 825.787 0.321231 0.0220817 0.671901 -0.765277 -0.750228 -4.62353 -1.91457 -819.249 0 
2 827.236 0.311496 0.0221304 0.681387 -0.792331 -0.727876 -6.07869 -1.73043 -819.427 0 
6 827.751 0.312697 0.0220432 0.68055 -0.815091 -0.69349 -5.80751 -2.30526 -819.638 0 
4 826.171 0.313685 0.0221456 0.678772 -0.785157 -0.727884 -5.64642 -1.26404 -819.261 0 
5 826.102 0.318887 0.0220686 0.674423 -0.782765 -0.727567 -4.90612 -2.05523 -819.141 0 
1 826.745 0.322301 0.0220244 0.670204 -0.756465 -0.76744 -4.55968 -2.82331 -819.362 0 
2 825.843 0.322383 0.0222411 0.669975 -0.710686 -0.843311 -4.82346 -0.732034 -820.287 0 
1 826.33 0.320442 0.0222276 0.671655 -0.711851 -0.842375 -5.21177 -0.97827 -820.14 0 
5 825.413 0.322505 0.0221626 0.670579 -0.739462 -0.79236 -4.51701 -1.2483 -819.647 0 
1 825.156 0.318777 0.0221561 0.672865 -0.753069 -0.739482 -4.76626 -0.97979 -819.41 0 
6 825.88 0.313982 0.0221616 0.677003 -0.771338 -0.712562 -5.46288 -1.20121 -819.216 0 
1 826.173 0.316029 0.0221106 0.675494 -0.780149 -0.700244 -5.01639 -1.98336 -819.173 0 
4 824.782 0.317688 0.0222375 0.674352 -0.771569 -0.689631 -4.66443 -0.883311 -819.234 0 
2 825.203 0.320984 0.0221701 0.673135 -0.791949 -0.672334 -4.48337 -1.60568 -819.114 0 
3 826.28 0.313186 0.0221894 0.67948 -0.794312 -0.672505 -5.29505 -1.74067 -819.244 0 
2 825.343 0.317484 0.0223208 0.676384 -0.780135 -0.697587 -4.77256 -1.40715 -819.163 0 
1 826.082 0.315082 0.0223875 0.677246 -0.751223 -0.731478 -5.49502 -1.20246 -819.385 0 
2 826.907 0.313641 0.0223687 0.679224 -0.761711 -0.730436 -5.7144 -1.93116 -819.262 0 
1 828.617 0.317898 0.0225467 0.675409 -0.733289 -0.754299 -5.17299 -3.6701 -819.774 0 
1 827.326 0.322571 0.0224633 0.670657 -0.742274 -0.717054 -4.14502 -3.26967 -819.911 0 
4 825.583 0.317759 0.0222433 0.675531 -0.775688 -0.694595 -4.67192 -1.71956 -819.191 0 
4 825.936 0.319178 0.0223971 0.671906 -0.744802 -0.689595 -4.54839 -1.59112 -819.797 0 
3 826.548 0.32225 0.0223148 0.668614 -0.756913 -0.63928 -3.93156 -2.76726 -819.849 0 
2 826.828 0.315238 0.0223406 0.672305 -0.738499 -0.642954 -5.55129 -1.25566 -820.021 0 
4 825.722 0.311105 0.0222515 0.678075 -0.779266 -0.605484 -5.58421 -0.908247 -819.23 0 
2 825.977 0.315222 0.0223129 0.672116 -0.745381 -0.611571 -5.39095 -0.61972 -819.966 0 
4 824.839 0.326243 0.0223027 0.665632 -0.759502 -0.608272 -3.66869 -0.972375 -820.198 0 
1 824.206 0.322516 0.0222815 0.669199 -0.770652 -0.613602 -3.85559 -0.743064 -819.608 0 
1 824.053 0.316948 0.0222276 0.67342 -0.785933 -0.577688 -4.26756 -0.523425 -819.262 0 
4 824.331 0.320127 0.022398 0.670652 -0.765122 -0.591969 -4.04735 -0.545115 -819.738 0 
1 825.021 0.318722 0.0222153 0.673225 -0.797422 -0.568089 -4.04775 -1.78932 -819.184 0 
2 824.078 0.319003 0.0223002 0.672748 -0.773249 -0.62572 -4.1968 -0.503717 -819.378 0 
4 824.371 0.31605 0.0223413 0.673826 -0.760659 -0.62574 -4.81494 -0.0246379 -819.532 0 
8 823.961 0.31423 0.0222695 0.676973 -0.806562 -0.558295 -4.48833 -0.312957 -819.159 0 
10 823.916 0.313325 0.0222608 0.677767 -0.821969 -0.519503 -4.43789 -0.260982 -819.217 0 
5 824.111 0.313957 0.0222296 0.677226 -0.81901 -0.529922 -4.40537 -0.512016 -819.193 0 
6 823.85 0.313997 0.0223418 0.676583 -0.806531 -0.531278 -4.42226 -0.267695 -819.16 0 
2 823.957 0.313597 0.0222657 0.677353 -0.810058 -0.54672 -4.52067 -0.264723 -819.172 0 
3 824.054 0.315956 0.0222927 0.675343 -0.805685 -0.555056 -4.27995 -0.63038 -819.144 0 
1 824.394 0.312321 0.0223127 0.677149 -0.797237 -0.549448 -4.82957 -0.383247 -819.181 0 
2 824.594 0.321785 0.0221259 0.669296 -0.800328 -0.544198 -3.90415 -1.43405 -819.256 0 
3 825.651 0.322901 0.0221067 0.667079 -0.787938 -0.545169 -3.79052 -2.3499 -819.511 0 
1 826.264 0.325391 0.0222286 0.665031 -0.77516 -0.55056 -3.71775 -2.58237 -819.964 0 
1 825.908 0.322003 0.0220492 0.668787 -0.80561 -0.539246 -3.96746 -2.73391 -819.207 0 
2 825.823 0.325087 0.0220636 0.666311 -0.803583 -0.528592 -4.0185 -2.45619 -819.348 0 
1 826.501 0.326113 0.0219996 0.665375 -0.791247 -0.561781 -3.91672 -3.07848 -819.506 0 
3 825.837 0.323803 0.0220746 0.667788 -0.791845 -0.559438 -3.82941 -2.59824 -819.409 0 
1 825.035 0.324329 0.0220876 0.667646 -0.793833 -0.567056 -3.90275 -1.7692 -819.363 0 
6 825.303 0.322889 0.022108 0.670127 -0.807918 -0.563273 -4.08846 -2.0641 -819.15 0 
1 825.274 0.323615 0.0220732 0.669112 -0.810891 -0.556967 -4.18461 -1.94459 -819.145 0 
1 826.445 0.323547 0.0220633 0.670274 -0.822008 -0.549389 -4.3916 -2.9622 -819.091 0 
1 824.454 0.322869 0.0221721 0.669842 -0.802644 -0.555362 -3.96169 -1.27059 -819.222 0 
3 825.793 0.321503 0.0221405 0.671717 -0.808836 -0.566884 -4.08052 -2.58744 -819.125 0 
5 825.159 0.315023 0.0222433 0.676083 -0.789587 -0.595922 -4.5821 -1.3958 -819.181 0 
3 824.059 0.3186 0.0222768 0.673991 -0.80411 -0.565356 -4.09574 -0.823698 -819.14 0 
4 824.696 0.32013 0.022454 0.67143 -0.781003 -0.553294 -3.91269 -1.26748 -819.516 0 
2 824.218 0.320847 0.0223419 0.672071 -0.812031 -0.519282 -3.95982 -1.09197 -819.167 0 
3 824.141 0.314881 0.0223612 0.677444 -0.82049 -0.522715 -4.28808 -0.677546 -819.175 0 
1 824.402 0.316208 0.022381 0.676289 -0.804183 -0.55913 -4.25767 -0.999681 -819.144 0 
3 824.62 0.31616 0.0223165 0.676807 -0.813599 -0.559439 -4.30537 -1.16753 -819.148 0 
6 824.6 0.313658 0.022416 0.677306 -0.816351 -0.503372 -4.34274 -1.0884 -819.169 0 
5 824.973 0.317993 0.0222854 0.675617 -0.855554 -0.451002 -4.42129 -1.23179 -819.32 0 
1 826.325 0.317952 0.0220628 0.674581 -0.873513 -0.415736 -4.73123 -2.05111 -819.543 0 
3 826.151 0.311644 0.0221242 0.679866 -0.885484 -0.389999 -4.59164 -1.36249 -820.197 0 
4 826.123 0.308908 0.0223047 0.681781 -0.884306 -0.358721 -4.47268 -1.42911 -820.222 0 
1 825.989 0.31376 0.0222299 0.679501 -0.89978 -0.3539 -4.80792 -0.875265 -820.305 0 
3 825.849 0.303195 0.0224251 0.686688 -0.859832 -0.413618 -5.48829 -0.163862 -820.197 0 
1 825.646 0.30695 0.0223465 0.685048 -0.889961 -0.367882 -4.67659 -0.290873 -820.678 0 
1 825.225 0.310441 0.0224628 0.679907 -0.861973 -0.362129 -4.2364 -1.45273 -819.535 0 
2 825.731 0.313855 0.0225479 0.677384 -0.85462 -0.357607 -4.05149 -2.38584 -819.294 0 
8 823.943 0.318097 0.0224305 0.673057 -0.845516 -0.36317 -4.02321 -0.717933 -819.202 0 
1 824.465 0.307656 0.0224739 0.681004 -0.846267 -0.369796 -4.67858 -0.377967 -819.409 0 
3 824.384 0.314605 0.0224217 0.672142 -0.800867 -0.398639 -4.49484 -0.390475 -819.499 0 
1 824.109 0.324812 0.0222618 0.665499 -0.823903 -0.372631 -4.28808 -0.248692 -819.572 0 
1 825.454 0.32817 0.0223389 0.662242 -0.80105 -0.401362 -4.36038 -0.834433 -820.259 0 
2 824.125 0.32154 0.022367 0.667897 -0.813899 -0.394734 -3.95695 -0.633617 -819.535 0 
3 824.216 0.318701 0.0221956 0.67259 -0.861979 -0.361383 -4.26956 -0.693167 -819.254 0 
4 823.84 0.31913 0.0222213 0.671584 -0.836942 -0.40538 -3.97948 -0.682783 -819.178 0 
7 823.452 0.317985 0.0223428 0.673466 -0.829054 -0.441046 -3.94405 -0.347256 -819.16 0 
1 824.733 0.321556 0.0223322 0.670269 -0.828585 -0.437302 -4.04006 -1.49814 -819.195 0 
4 827.406 0.323457 0.0223147 0.671519 -0.864136 -0.41382 -5.13111 -3.0667 -819.208 0 
2 824.602 0.318697 0.0223641 0.673174 -0.834053 -0.442197 -4.01561 -1.43398 -819.152 0 
1 823.947 0.315218 0.0223118 0.675764 -0.836101 -0.451071 -4.09946 -0.645523 -819.202 0 
1 826.619 0.308763 0.0223507 0.682934 -0.870781 -0.424853 -4.7101 -1.76259 -820.146 0 
2 826.171 0.309112 0.0223637 0.682006 -0.861932 -0.427172 -4.61089 -1.69929 -819.861 0 
1 826.807 0.308438 0.0223472 0.683345 -0.882162 -0.395305 -4.68492 -1.71985 -820.402 0 
2 828.755 0.306367 0.0223948 0.686438 -0.905485 -0.36266 -4.95764 -2.38061 -821.417 0 
10 828.515 0.313492 0.0222464 0.678541 -0.89158 -0.363242 -4.6953 -3.71653 -820.103 0 
1 828.62 0.315534 0.0222716 0.67659 -0.870641 -0.408958 -4.52396 -4.50337 -819.592 0 
4 828.84 0.315854 0.0223211 0.679654 -0.909814 -0.361149 -5.46093 -2.86094 -820.518 0 
3 828.11 0.310736 0.0222615 0.683421 -0.915954 -0.361475 -5.22456 -1.52101 -821.364 0 
4 826.084 0.309942 0.0223045 0.682892 -0.899345 -0.360705 -4.70031 -0.682134 -820.701 0 
2 826.606 0.311305 0.0222567 0.680955 -0.902801 -0.339864 -4.70559 -1.33501 -820.566 0 
1 826.064 0.307335 0.0223868 0.684144 -0.888731 -0.35837 -4.60314 -0.93489 -820.526 0 
1 825.771 0.307891 0.0223824 0.684104 -0.896731 -0.339843 -4.55946 -0.54369 -820.668 0 
1 825.677 0.311035 0.0223601 0.681414 -0.895782 -0.337462 -4.49972 -0.861802 -820.316 0 
1 825.238 0.310603 0.0223624 0.680782 -0.887034 -0.337349 -4.35165 -0.825996 -820.061 0 
2 827.988 0.303759 0.022355 0.688388 -0.924307 -0.305175 -4.98095 -0.71806 -822.289 0 
1 826.531 0.311348 0.0223041 0.682508 -0.899971 -0.369538 -4.76844 -1.12402 -820.638 0 
1 826.311 0.313296 0.0222675 0.680408 -0.891023 -0.377009 -4.63209 -1.50793 -820.171 0 
2 825.455 0.306323 0.0225419 0.683018 -0.837931 -0.411056 -5.12067 -0.899358 -819.435 0 
1 825.633 0.310727 0.0226038 0.677981 -0.816643 -0.407616 -4.69094 -1.72748 -819.214 0 
2 824.768 0.30954 0.0225237 0.677649 -0.8235 -0.367557 -4.81666 -0.723328 -819.228 0 
2 824.975 0.305367 0.0224479 0.684335 -0.872139 -0.338709 -4.70461 -0.260136 -820.01 0 
4 825.105 0.308684 0.0225408 0.681491 -0.867016 -0.317867 -4.3105 -1.2037 -819.591 0 
1 824.175 0.313421 0.0223938 0.673276 -0.818267 -0.362599 -4.38395 -0.478098 -819.313 0 
1 824.042 0.31456 0.022221 0.674273 -0.853494 -0.349466 -4.02994 -0.749971 -819.262 0 
9 823.365 0.318461 0.0223619 0.672029 -0.837858 -0.372285 -3.97812 -0.172854 -819.214 0 
1 823.781 0.316982 0.0224781 0.672759 -0.826253 -0.37481 -3.98885 -0.520368 -819.272 0 
5 824.42 0.318997 0.0224093 0.669952 -0.811441 -0.405756 -3.93079 -1.05303 -819.436 0 
3 824.226 0.317724 0.0222812 0.671883 -0.852667 -0.341792 -4.08646 -0.91962 -819.22 0 
2 825.781 0.318082 0.0221779 0.674866 -0.89562 -0.323339 -4.97401 -1.07432 -819.733 0 
4 825.507 0.31212 0.022574 0.677973 -0.848135 -0.351649 -4.13153 -2.1039 -819.271 0 
9 825.645 0.31164 0.0225325 0.6763 -0.835302 -0.346885 -4.29207 -2.12655 -819.226 0 
2 827.222 0.306464 0.0225647 0.681025 -0.848482 -0.333915 -4.79874 -3.01574 -819.408 0 
1 828.881 0.303847 0.0227105 0.684837 -0.862063 -0.310993 -5.03086 -4.13234 -819.718 0 
1 826.121 0.311244 0.0226463 0.678003 -0.871114 -0.247057 -4.19831 -2.51124 -819.411 0 
1 826.326 0.308684 0.022585 0.679791 -0.886991 -0.221301 -4.23726 -2.36462 -819.724 0 
1 825.578 0.315629 0.0224604 0.67118 -0.866357 -0.20531 -4.4785 -1.75144 -819.348 0 
1 824.333 0.316029 0.0224266 0.671693 -0.880183 -0.184124 -4.63011 -0.317078 -819.385 0 
6 824.94 0.315313 0.0223237 0.672791 -0.907309 -0.135813 -4.98682 -0.307814 -819.645 0 
3 824.926 0.316528 0.0224014 0.67187 -0.906276 -0.127518 -5.22076 -0.118525 -819.587 0 
5 826.268 0.322425 0.0222757 0.666014 -0.897207 -0.120876 -6.36132 -0.411906 -819.495 0 
4 829.382 0.329861 0.0221397 0.659475 -0.888652 -0.133986 -8.27268 -1.40272 -819.706 0 
5 826.508 0.324181 0.0222709 0.663636 -0.865803 -0.172743 -5.89665 -0.957865 -819.653 0 
2 826.417 0.320981 0.0222911 0.66795 -0.881972 -0.175339 -5.372 -1.63639 -819.409 0 
3 827.954 0.319338 0.0221328 0.668413 -0.895817 -0.154895 -5.38264 -3.12041 -819.451 0 
2 828.974 0.316234 0.0221318 0.66976 -0.883923 -0.166985 -4.77631 -4.78908 -819.409 0 
6 827.774 0.312417 0.0221713 0.675055 -0.903867 -0.172312 -4.47076 -3.53219 -819.771 0 
1 826.397 0.310768 0.0222438 0.677436 -0.908387 -0.179371 -4.37425 -2.02829 -819.995 0 
1 827.255 0.306717 0.0222417 0.682155 -0.931532 -0.164755 -4.4168 -1.73914 -821.099 0 
4 826.415 0.31334 0.0222281 0.677153 -0.940853 -0.14395 -5.2774 -0.43511 -820.702 0 
1 826.876 0.317008 0.0222201 0.675029 -0.936913 -0.172891 -5.87932 -0.601914 -820.395 0 
1 826.9 0.314353 0.0222317 0.678106 -0.93745 -0.199849 -5.39031 -0.720119 -820.79 0 
1 828.026 0.320217 0.0221248 0.672108 -0.929247 -0.187514 -6.32315 -1.70107 -820.002 0 
2 826.996 0.313092 0.0221358 0.67736 -0.93144 -0.191322 -4.99996 -1.37052 -820.625 0 
3 827.037 0.315737 0.0220807 0.673051 -0.902281 -0.22471 -4.69619 -2.62537 -819.715 0 
2 825.549 0.318437 0.0221798 0.668846 -0.860813 -0.257977 -4.39013 -1.8571 -819.302 0 
4 827.536 0.321632 0.0220368 0.668409 -0.889041 -0.247661 -5.28978 -2.87841 -819.368 0 
1 826.798 0.321376 0.0221146 0.669951 -0.907837 -0.220194 -5.84808 -1.37504 -819.575 0 
1 827.214 0.317578 0.0220987 0.672726 -0.918665 -0.202749 -5.4198 -1.85954 -819.935 0 
3 825.905 0.314673 0.0223118 0.674914 -0.908629 -0.199229 -4.73008 -1.33435 -819.84 0 
6 824.26 0.313245 0.022327 0.675207 -0.894082 -0.207748 -4.36607 -0.270251 -819.624 0 
2 825.042 0.312942 0.0222573 0.674285 -0.892075 -0.195866 -4.36898 -1.09619 -819.577 0 
2 824.123 0.317167 0.0223229 0.671512 -0.883621 -0.206734 -4.64093 -0.0944308 -819.387 0 
1 825.482 0.320951 0.0222321 0.669156 -0.899102 -0.190887 -5.58752 -0.443034 -819.452 0 
3 824.775 0.319178 0.0223468 0.668445 -0.856609 -0.243141 -4.52285 -0.885468 -819.367 0 
2 825.078 0.318174 0.0222801 0.670027 -0.886268 -0.194836 -4.86273 -0.821224 -819.394 0 
1 824.341 0.318182 0.0224378 0.669762 -0.861766 -0.222979 -4.56584 -0.414948 -819.361 0 
1 825.365 0.323397 0.0223902 0.6669 -0.868082 -0.23437 -5.26492 -0.713876 -819.387 0 
8 823.874 0.314649 0.0224227 0.673013 -0.870764 -0.216295 -4.36223 -0.16983 -819.342 0 
2 824.036 0.317396 0.02234 0.670993 -0.877073 -0.211499 -4.59661 -0.0872261 -819.352 0 
1 825.232 0.312986 0.0223829 0.671965 -0.84649 -0.235914 -4.52085 -1.36385 -819.347 0 
2 825.585 0.318328 0.022274 0.669354 -0.852611 -0.254248 -4.40803 -1.82281 -819.354 0 
1 825.661 0.319295 0.0225033 0.668501 -0.813223 -0.316094 -4.42841 -1.4045 -819.828 0 
1 825.377 0.319642 0.0225204 0.667097 -0.805442 -0.312021 -4.59229 -0.679117 -820.106 0 
3 825.548 0.32004 0.0225214 0.666336 -0.803545 -0.310648 -4.61714 -0.724759 -820.206 0 
2 824.417 0.319649 0.0224614 0.667705 -0.816066 -0.317179 -4.32568 -0.32347 -819.768 0 
1 824.523 0.317589 0.0223787 0.668794 -0.814655 -0.325736 -4.33819 -0.531539 -819.653 0 
5 824.738 0.315102 0.0224778 0.671279 -0.808813 -0.35207 -4.45576 -0.733284 -819.549 0 
11 824.239 0.311743 0.0224184 0.674829 -0.82803 -0.339054 -4.46292 -0.521894 -819.254 0 
4 824.263 0.311668 0.0224768 0.676789 -0.849884 -0.323791 -4.16945 -0.819771 -819.274 0 
2 825.755 0.311181 0.0226408 0.677872 -0.848286 -0.308221 -4.26465 -2.22282 -819.267 0 
1 827.229 0.304231 0.0226727 0.684245 -0.861009 -0.306337 -4.99472 -2.57768 -819.656 0 
1 827.04 0.305342 0.022572 0.683848 -0.890544 -0.260768 -4.42759 -2.41017 -820.202 0 
2 828.05 0.311837 0.0225214 0.679651 -0.910596 -0.229292 -4.48653 -3.3689 -820.195 0 
1 829.939 0.312923 0.0227202 0.6784 -0.881003 -0.254309 -4.18333 -6.24987 -819.506 0 
2 832.378 0.310849 0.0227775 0.67713 -0.851559 -0.265951 -4.3249 -8.7656 -819.287 0 
1 828.77 0.313904 0.0227473 0.675091 -0.834544 -0.309757 -4.24148 -5.23738 -819.291 0 
1 828.989 0.319519 0.0226692 0.67172 -0.855468 -0.279021 -4.36772 -5.3226 -819.299 0 
1 828.967 0.319385 0.0225739 0.672123 -0.873093 -0.26433 -4.60282 -5.06424 -819.3 0 
1 827.396 0.315904 0.0225244 0.67522 -0.872176 -0.298533 -4.21851 -3.81813 -819.36 0 
3 827.686 0.318312 0.0226627 0.671746 -0.819272 -0.364181 -4.025 -4.23131 -819.43 0 
1 825.339 0.317306 0.0224992 0.673691 -0.854647 -0.331491 -4.08906 -2.01977 -819.231 0 
5 824.836 0.317984 0.022259 0.671675 -0.869257 -0.297673 -4.33227 -1.21273 -819.291 0 
2 825.278 0.316138 0.0223223 0.672088 -0.857353 -0.297886 -4.10993 -1.91083 -819.258 0 
4 827.006 0.32183 0.0222306 0.668435 -0.872553 -0.283717 -4.92706 -2.8025 -819.276 0 
1 825.166 0.314578 0.0223202 0.674884 -0.878643 -0.28411 -4.21898 -1.48259 -819.465 0 
8 824.9 0.309329 0.0225293 0.677893 -0.842543 -0.317651 -4.52064 -1.11308 -819.266 0 
1 825.201 0.305465 0.0225449 0.682557 -0.865376 -0.295494 -4.70642 -0.844129 -819.65 0 
7 823.549 0.316119 0.0224077 0.672455 -0.842576 -0.310005 -4.10685 -0.173947 -819.268 0 
1 824.159 0.317263 0.0223587 0.672032 -0.85683 -0.306214 -4.13697 -0.774176 -819.248 0 
1 824.479 0.318365 0.0224284 0.6714 -0.850206 -0.314299 -4.13921 -1.09037 -819.249 0 
5 824.781 0.307548 0.0223233 0.680275 -0.867111 -0.306692 -4.42024 -0.74486 -819.615 0 
1 824.039 0.317908 0.0223808 0.673329 -0.871315 -0.298445 -4.33329 -0.398344 -819.307 0 
1 825.547 0.323778 0.0224186 0.668947 -0.84886 -0.33847 -4.58126 -1.67903 -819.286 0 
8 825.742 0.322265 0.0223425 0.670515 -0.856884 -0.34061 -4.50901 -2.01302 -819.22 0 
2 824.31 0.321751 0.0222459 0.669233 -0.856113 -0.337374 -4.47715 -0.609949 -819.223 0 
1 823.926 0.318175 0.0223032 0.672388 -0.8552 -0.331573 -4.12264 -0.576668 -819.227 0 
4 825.496 0.318257 0.0223788 0.67425 -0.867529 -0.330692 -4.276 -1.93169 -819.288 0 
11 824.056 0.319969 0.0222361 0.669851 -0.85134 -0.322066 -4.22979 -0.579057 -819.247 0 
2 824.49 0.315827 0.022296 0.672884 -0.840989 -0.337596 -4.04052 -1.21827 -819.231 0 
6 823.538 0.318865 0.0223361 0.669616 -0.831277 -0.33931 -4.05907 -0.124826 -819.354 0 
10 824.132 0.314639 0.0222903 0.675855 -0.884452 -0.280922 -4.26616 -0.312954 -819.553 0 
4 825.474 0.315695 0.0221961 0.673324 -0.884592 -0.266852 -4.37386 -1.61449 -819.486 0 
7 825.085 0.314273 0.0223479 0.674492 -0.862162 -0.310263 -4.07254 -1.70255 -819.31 0 
8 825.163 0.312044 0.0223287 0.676133 -0.877207 -0.27011 -4.13857 -1.5158 -819.509 0 
1 824.929 0.310385 0.022438 0.676421 -0.848801 -0.302233 -4.31958 -1.33013 -819.279 0 
1 825.382 0.311161 0.0225749 0.675392 -0.810824 -0.360839 -4.92025 -1.10584 -819.356 0 
1 824.04 0.317328 0.0224879 0.67093 -0.825376 -0.332755 -4.13025 -0.498057 -819.411 0 
1 824.288 0.31094 0.0224481 0.676421 -0.829088 -0.350717 -4.53426 -0.522274 -819.231 0 
1 825.837 0.31013 0.0223985 0.674857 -0.824172 -0.330357 -4.79362 -1.76843 -819.275 0 
3 824.854 0.312512 0.0224398 0.67383 -0.823487 -0.343046 -4.42891 -1.13574 -819.289 0 
1 825.851 0.306378 0.0223338 0.679349 -0.847875 -0.319712 -4.8772 -1.59737 -819.376 0 
7 825.29 0.309604 0.0224675 0.676292 -0.813647 -0.365053 -5.12382 -0.880981 -819.285 0 
3 825.72 0.306414 0.0223497 0.679588 -0.840269 -0.341093 -5.04484 -1.35122 -819.324 0 
2 825.13 0.312307 0.0222548 0.674677 -0.834318 -0.35306 -4.27102 -1.63736 -819.221 0 
1 825.149 0.31378 0.0221835 0.675161 -0.851972 -0.35882 -4.04664 -1.8289 -819.273 0 
1 825.787 0.322781 0.0221411 0.669239 -0.865592 -0.33742 -4.79447 -1.76955 -819.223 0 
1 826.441 0.322661 0.022205 0.66811 -0.858969 -0.33597 -4.69471 -2.52229 -819.224 0 
15 826.12 0.320987 0.0220906 0.669699 -0.873843 -0.320879 -4.78298 -2.05496 -819.283 0 
1 825.322 0.319536 0.022293 0.669313 -0.827995 -0.380084 -3.95957 -2.06858 -819.294 0 
4 824.829 0.322799 0.0222924 0.669263 -0.848633 -0.376667 -4.46161 -1.16989 -819.198 0 
1 824.161 0.320276 0.0222638 0.671572 -0.833852 -0.425785 -3.99901 -0.992747 -819.17 0 
1 824.915 0.320059 0.0223401 0.67047 -0.817809 -0.446433 -3.88546 -1.78027 -819.25 0 
1 824.704 0.316812 0.0223468 0.674757 -0.84893 -0.410399 -4.1 -1.37717 -819.227 0 
4 824.623 0.320932 0.0222616 0.672429 -0.849228 -0.431354 -4.36161 -1.09461 -819.167 0 
2 825.016 0.320483 0.0221393 0.672411 -0.847718 -0.464031 -4.45231 -1.38136 -819.182 0 
1 827.674 0.316849 0.0221204 0.676973 -0.86858 -0.446994 -4.6162 -3.45835 -819.6 0 
1 826.93 0.316628 0.0224231 0.677351 -0.83744 -0.47456 -4.11763 -3.61108 -819.202 0 
1 824.97 0.321225 0.0224761 0.670866 -0.806946 -0.470948 -3.83114 -1.7798 -819.359 0 
3 826.083 0.315361 0.022548 0.67268 -0.791127 -0.444962 -4.41689 -2.12355 -819.543 0 
5 824.938 0.325517 0.0223915 0.663973 -0.774396 -0.466836 -3.90297 -0.451958 -820.583 0 
3 824.061 0.324742 0.0223626 0.665911 -0.79282 -0.454202 -3.87463 -0.243099 -819.943 0 
2 827.215 0.322827 0.0225947 0.665963 -0.748624 -0.499647 -4.33178 -1.63357 -821.25 0 
1 828.813 0.320343 0.0225059 0.665977 -0.73215 -0.503829 -5.37051 -1.58753 -821.855 0 
4 829.054 0.323008 0.0224847 0.663132 -0.724174 -0.503346 -5.23681 -1.14024 -822.677 0 
1 828.916 0.32935 0.0223014 0.657031 -0.727796 -0.484008 -4.60518 -0.790632 -823.52 0 
1 828.722 0.335008 0.0222458 0.654229 -0.743311 -0.484182 -4.49429 -1.02318 -823.205 0 
1 827.787 0.329195 0.0223368 0.658095 -0.745741 -0.461851 -4.35085 -0.891171 -822.545 0 
3 826.635 0.331933 0.022156 0.658255 -0.791401 -0.418269 -4.69641 -1.10533 -820.833 0 
5 825.561 0.325447 0.0222267 0.662999 -0.801476 -0.395117 -4.142 -1.33151 -820.088 0 
1 824.594 0.323329 0.022243 0.66625 -0.819718 -0.370823 -4.13745 -0.856686 -819.6 0 
1 823.805 0.320843 0.0223768 0.66767 -0.805041 -0.390055 -4.01672 -0.0597893 -819.728 0 
3 824.651 0.325383 0.0223495 0.664251 -0.803974 -0.393686 -4.14743 -0.491631 -820.012 0 
7 824.532 0.32233 0.0223927 0.66918 -0.812799 -0.426466 -3.90404 -1.17069 -819.458 0 
1 825.364 0.315707 0.0223055 0.674856 -0.837533 -0.397105 -3.98405 -2.19204 -819.187 0 
1 824.662 0.311393 0.0223714 0.677724 -0.830917 -0.402787 -4.38212 -1.06633 -819.213 0 
1 824.681 0.315812 0.0223262 0.675546 -0.848232 -0.38845 -4.01049 -1.44425 -819.226 0 
3 824.391 0.325836 0.0222807 0.666134 -0.823759 -0.412827 -4.32002 -0.623935 -819.447 0 
1 824.793 0.322264 0.0221731 0.670385 -0.847345 -0.417294 -4.39357 -1.24417 -819.156 0 
1 823.379 0.320517 0.0223135 0.669751 -0.799612 -0.475962 -3.83063 -0.099892 -819.448 0 
2 824.053 0.316698 0.0222882 0.672494 -0.814893 -0.452506 -3.97364 -0.871309 -819.208 0 
3 823.324 0.319171 0.0222873 0.671194 -0.81268 -0.463429 -3.87294 -0.203539 -819.247 0 
2 824.164 0.323225 0.0224014 0.666969 -0.777374 -0.493894 -3.81886 -0.246608 -820.099 0 
4 823.902 0.319065 0.0223872 0.67185 -0.793264 -0.506831 -3.92358 -0.57475 -819.403 0 
3 825.986 0.322636 0.0223384 0.670504 -0.797583 -0.530333 -3.81019 -2.81069 -819.365 0 
7 824.078 0.324695 0.0222642 0.667664 -0.801738 -0.504414 -3.88808 -0.730675 -819.459 0 
4 824.336 0.323454 0.0222826 0.667729 -0.783406 -0.522977 -3.7456 -0.83531 -819.755 0 
3 824.402 0.317912 0.0222843 0.671145 -0.778351 -0.5281 -4.19245 -0.62142 -819.588 0 
9 823.995 0.318428 0.0223654 0.670601 -0.778306 -0.519128 -4.11198 -0.230618 -819.653 0 
4 824.133 0.318931 0.0222886 0.669878 -0.779678 -0.508143 -4.07099 -0.368357 -819.694 0 
3 824.24 0.32033 0.0221999 0.669152 -0.794427 -0.490798 -3.84452 -0.908606 -819.487 0 
1 823.801 0.316837 0.022267 0.673093 -0.803149 -0.49565 -4.04964 -0.515908 -819.236 0 
2 826.205 0.321528 0.022305 0.670038 -0.789689 -0.517643 -3.8005 -2.87649 -819.528 0 
1 824.925 0.32073 0.0223709 0.669312 -0.779203 -0.501036 -3.94053 -1.1445 -819.84 0 
6 824.73 0.320713 0.0222478 0.667323 -0.779708 -0.475713 -3.99078 -0.769687 -819.97 0 
13 824.864 0.326713 0.0222299 0.662641 -0.779302 -0.467591 -3.90354 -0.48387 -820.477 0 
2 825.092 0.320551 0.0223063 0.668995 -0.794293 -0.453599 -3.91331 -1.51348 -819.665 0 
2 824.964 0.323818 0.0222146 0.666308 -0.795354 -0.461092 -3.83783 -1.35253 -819.774 0 
3 826.079 0.323891 0.022313 0.663979 -0.751714 -0.502686 -4.16302 -0.746941 -821.169 0 
2 826.945 0.326433 0.0224366 0.661264 -0.733595 -0.507594 -4.36943 -0.140067 -822.435 0 
1 825.616 0.316411 0.0223269 0.671077 -0.778305 -0.478387 -4.54448 -1.32092 -819.75 0 
2 825.194 0.317573 0.0224261 0.669744 -0.758301 -0.514301 -4.73834 -0.199924 -820.255 0 
11 824.023 0.321553 0.0221696 0.66883 -0.809954 -0.472662 -3.84999 -0.85632 -819.317 0 
3 823.674 0.317612 0.0222395 0.673674 -0.832638 -0.450125 -3.99218 -0.527386 -819.155 0 
3 823.649 0.313162 0.0223224 0.676579 -0.82378 -0.448945 -4.25082 -0.217317 -819.181 0 
5 823.373 0.31793 0.0223634 0.671446 -0.802001 -0.454274 -3.97486 -0.00622365 -819.392 0 
5 824.48 0.323939 0.0224008 0.666722 -0.783027 -0.47642 -3.82662 -0.585312 -820.068 0 
4 825.062 0.319971 0.0223925 0.667253 -0.766938 -0.474987 -4.29449 -0.391609 -820.376 0 
1 826.586 0.320828 0.0224613 0.668492 -0.762793 -0.502559 -4.23644 -1.9457 -820.404 0 
2 825.715 0.328441 0.0222796 0.663504 -0.770155 -0.531433 -3.77074 -1.44277 -820.502 0 
5 824.555 0.324255 0.022281 0.666477 -0.779522 -0.511194 -3.75281 -0.814599 -819.987 0 
6 826.908 0.327402 0.0220904 0.664415 -0.79701 -0.499075 -3.98226 -3.19791 -819.728 0 
2 827.472 0.32802 0.0221042 0.662589 -0.771435 -0.526779 -3.7681 -3.2531 -820.45 0 
2 826.901 0.326396 0.0220147 0.665004 -0.802822 -0.505391 -4.00816 -3.38731 -819.505 0 
1 824.953 0.326577 0.0221433 0.665841 -0.799042 -0.52143 -3.98463 -1.44161 -819.527 0 
1 825.368 0.325817 0.0221042 0.665266 -0.805015 -0.492671 -4.01927 -1.86151 -819.487 0 
1 825.198 0.328481 0.0222413 0.66451 -0.798553 -0.511442 -4.1686 -1.34698 -819.683 0 
3 824.193 0.318354 0.0222772 0.671721 -0.778224 -0.559528 -4.12794 -0.582859 -819.483 0 
3 824.653 0.318878 0.0224088 0.66984 -0.755096 -0.559903 -4.43701 -0.0530035 -820.163 0 
3 824.443 0.309865 0.0223401 0.679408 -0.810743 -0.501368 -5.03005 -0.204282 -819.209 0 
1 824.507 0.312323 0.0222309 0.678816 -0.825969 -0.518519 -4.55556 -0.666542 -819.285 0 
1 823.887 0.313109 0.022278 0.677891 -0.82006 -0.522356 -4.47481 -0.199502 -819.212 0 
1 824.265 0.314781 0.0222049 0.676639 -0.842456 -0.472564 -4.26451 -0.694164 -819.307 0 
5 825.272 0.323033 0.0222557 0.671356 -0.826313 -0.525735 -4.3821 -1.79089 -819.099 0 
3 825.638 0.313055 0.0224681 0.679186 -0.803538 -0.554977 -4.6657 -1.80263 -819.17 0 
2 827.914 0.31629 0.0226094 0.676183 -0.775074 -0.587882 -4.49993 -4.03148 -819.382 0 
4 826.083 0.309722 0.0224638 0.678059 -0.766701 -0.565803 -6.33347 -0.331273 -819.418 0 
1 826.532 0.308478 0.0224785 0.679341 -0.778808 -0.551681 -6.24014 -1.01682 -819.275 0 
2 825.854 0.307645 0.0224409 0.681044 -0.78828 -0.561859 -6.2247 -0.398944 -819.23 0 
5 825.68 0.307565 0.0224919 0.681772 -0.795655 -0.537253 -6.01923 -0.434931 -819.226 0 
5 825.235 0.307822 0.022413 0.681292 -0.799396 -0.533335 -5.83969 -0.166588 -819.229 0 
7 826.332 0.306139 0.0224368 0.685569 -0.828959 -0.528531 -5.72722 -0.92812 -819.677 0 
1 824.756 0.316055 0.0224114 0.675218 -0.808298 -0.518718 -4.14652 -1.45206 -819.157 0 
1 824.71 0.319563 0.0223769 0.673643 -0.809695 -0.530285 -3.96896 -1.58699 -819.154 0 
1 824.657 0.322213 0.0224364 0.668447 -0.770063 -0.541366 -3.82495 -0.850664 -819.982 0 
5 823.994 0.321296 0.0222527 0.671272 -0.82227 -0.484891 -4.00072 -0.838796 -819.154 0 
2 824.026 0.323407 0.0221901 0.667611 -0.804351 -0.483404 -3.84911 -0.738671 -819.439 0 
1 823.879 0.31903 0.0223225 0.67012 -0.776303 -0.523408 -4.08037 -0.08481 -819.714 0 
3 825.592 0.313723 0.0222245 0.674444 -0.788228 -0.522691 -4.69954 -1.59777 -819.295 0 
1 825.421 0.319596 0.0221706 0.668503 -0.788657 -0.497076 -3.90275 -1.96207 -819.556 0 
2 824.664 0.320741 0.0221251 0.66963 -0.81719 -0.463719 -3.88483 -1.55025 -819.229 0 
2 825.602 0.325377 0.0221584 0.665241 -0.808336 -0.464523 -4.02755 -2.05658 -819.518 0 
2 825.869 0.320963 0.0223763 0.668242 -0.790412 -0.474086 -3.8377 -2.34729 -819.684 0 
1 823.987 0.313653 0.0224443 0.676072 -0.799202 -0.494722 -4.49675 -0.259926 -819.23 0 
6 825.641 0.3249 0.0222288 0.663633 -0.770259 -0.499534 -3.79825 -1.39377 -820.449 0 
3 825.513 0.329346 0.0221543 0.661496 -0.789784 -0.47624 -4.12352 -1.16525 -820.224 0 
4 826.438 0.32851 0.0223316 0.660766 -0.762207 -0.486253 -3.93584 -1.24427 -821.258 0 
2 825.799 0.32594 0.0224116 0.663142 -0.750952 -0.518451 -3.9096 -0.624773 -821.265 0 
3 824.201 0.326349 0.0222496 0.665373 -0.797171 -0.48809 -3.92962 -0.548325 -819.723 0 
1 825.407 0.326483 0.0222559 0.667488 -0.821102 -0.491227 -4.4409 -1.72314 -819.243 0 
1 824.123 0.319201 0.0222179 0.672864 -0.823892 -0.489665 -3.99647 -0.992779 -819.133 0 
3 824.68 0.325995 0.0221652 0.666552 -0.80303 -0.515703 -4.00475 -1.23455 -819.441 0 
10 825.339 0.326901 0.0221443 0.665039 -0.805375 -0.500495 -4.13895 -1.70608 -819.494 0 
3 825.051 0.325458 0.0222215 0.667232 -0.823054 -0.466477 -4.31626 -1.47318 -819.262 0 
10 824.552 0.325429 0.0222502 0.667821 -0.813241 -0.495275 -4.12199 -1.11763 -819.312 0 
2 823.858 0.320581 0.0223626 0.66896 -0.774316 -0.521992 -3.94306 -0.0535037 -819.861 0 
1 826.009 0.320239 0.0224402 0.668677 -0.770826 -0.514925 -4.01085 -2.00772 -819.991 0 
2 826.64 0.312997 0.022472 0.674099 -0.761275 -0.546275 -5.52525 -1.39883 -819.716 0 
4 824.756 0.317774 0.0224011 0.671841 -0.773226 -0.531969 -4.30457 -0.759566 -819.692 0 
3 825.178 0.316881 0.0223552 0.67132 -0.75848 -0.556043 -4.75465 -0.475307 -819.948 0 
1 824.219 0.320094 0.0223342 0.669155 -0.77028 -0.54391 -4.00091 -0.383511 -819.835 0 
1 823.724 0.315307 0.022299 0.674674 -0.800493 -0.528173 -4.27395 -0.263293 -819.186 0 
1 826.105 0.31268 0.0222209 0.679088 -0.826609 -0.524032 -4.53186 -2.28216 -819.291 0 
1 824.792 0.312873 0.0222691 0.676401 -0.792565 -0.543821 -4.79968 -0.786132 -819.207 0 
1 824.436 0.316032 0.0223957 0.673479 -0.776175 -0.541512 -4.51072 -0.417867 -819.507 0 
4 824.113 0.32076 0.0223951 0.669398 -0.783456 -0.510356 -3.85346 -0.583689 -819.676 0 
1 824.199 0.312798 0.0222792 0.675987 -0.800004 -0.510487 -4.63956 -0.363464 -819.196 0 
4 825.081 0.319999 0.0222352 0.673578 -0.837072 -0.48437 -4.21216 -1.72722 -819.142 0 
1 824.071 0.316865 0.0222512 0.675433 -0.826662 -0.506442 -4.1384 -0.775829 -819.157 0 
8 824.229 0.315333 0.0221832 0.675733 -0.827053 -0.497936 -4.18627 -0.861099 -819.182 0 
5 823.85 0.316997 0.0223638 0.674592 -0.798559 -0.542815 -4.12695 -0.527507 -819.195 0 
5 824.062 0.316028 0.0222524 0.67555 -0.825419 -0.510456 -4.20241 -0.690989 -819.168 0 
2 823.893 0.31455 0.0222596 0.67531 -0.802496 -0.533828 -4.37567 -0.350047 -819.167 0 
1 823.666 0.315885 0.0222538 0.674501 -0.801119 -0.539322 -4.23051 -0.262523 -819.173 0 
3 824.887 0.316147 0.0223473 0.672406 -0.760475 -0.572434 -4.81547 -0.30732 -819.764 0 
3 824.004 0.324909 0.02224 0.666036 -0.784468 -0.521356 -3.75052 -0.436963 -819.816 0 
1 825.37 0.321402 0.0223714 0.669454 -0.80308 -0.482399 -3.82377 -2.15412 -819.392 0 
1 825.073 0.318341 0.0224366 0.671454 -0.801941 -0.464765 -3.92092 -1.78157 -819.371 0 
9 823.511 0.314895 0.0223845 0.676034 -0.827212 -0.449337 -4.07627 -0.265204 -819.17 0 
1 823.561 0.316581 0.0224105 0.673796 -0.823445 -0.428195 -3.95669 -0.414868 -819.19 0 
2 824.71 0.324116 0.0221846 0.668037 -0.845489 -0.394789 -4.56212 -0.951348 -819.196 0 
1 827.234 0.324326 0.0221396 0.670309 -0.88337 -0.363047 -5.80029 -2.10225 -819.332 0 
3 827.189 0.324872 0.0220433 0.668261 -0.863785 -0.384534 -5.18278 -2.82086 -819.185 0 
5 823.585 0.318415 0.022321 0.673109 -0.844247 -0.401172 -4.0423 -0.3638 -819.179 0 
2 823.533 0.319414 0.0222964 0.670696 -0.817064 -0.441389 -3.87528 -0.401022 -819.257 0 
3 823.736 0.319854 0.0223066 0.669444 -0.806431 -0.442338 -3.86357 -0.450218 -819.422 0 
1 823.976 0.321369 0.0222267 0.668144 -0.796831 -0.480367 -3.80705 -0.64715 -819.522 0 
1 825.842 0.321999 0.0221896 0.667152 -0.773517 -0.520893 -3.86487 -1.99878 -819.978 0 
2 823.784 0.321366 0.0222778 0.66802 -0.782929 -0.501217 -3.83907 -0.177376 -819.768 0 
5 823.715 0.321638 0.0222567 0.668298 -0.791759 -0.497884 -3.79397 -0.348949 -819.572 0 
8 824.22 0.322982 0.0224025 0.667865 -0.779314 -0.507115 -3.78625 -0.496445 -819.937 0 
3 823.599 0.319024 0.0223487 0.671406 -0.7951 -0.496577 -3.91655 -0.278621 -819.404 0 
1 823.803 0.320077 0.0223346 0.672192 -0.811086 -0.503625 -3.90099 -0.708827 -819.193 0 
6 823.617 0.319286 0.0223283 0.670919 -0.788427 -0.525557 -3.92785 -0.253889 -819.436 0 
2 825.447 0.319579 0.0224643 0.67138 -0.77916 -0.551561 -3.96484 -1.94071 -819.541 0 
2 825.455 0.320707 0.0223819 0.670931 -0.793967 -0.540991 -3.87157 -2.25187 -819.331 0 
1 824.794 0.31941 0.0224475 0.67218 -0.766012 -0.603375 -4.14442 -1.02134 -819.629 0 
5 825.022 0.318125 0.0223983 0.675263 -0.801839 -0.57323 -4.14097 -1.73872 -819.142 0 
5 824.116 0.316381 0.0222581 0.676024 -0.817821 -0.553719 -4.31808 -0.641848 -819.156 0 
2 824.951 0.320459 0.0223313 0.673145 -0.820232 -0.529772 -4.14388 -1.69436 -819.113 0 
11 825.019 0.319525 0.0223552 0.674438 -0.818735 -0.541823 -4.15207 -1.75307 -819.114 0 
1 825.744 0.317239 0.0224379 0.675901 -0.805656 -0.569337 -4.23392 -2.37798 -819.133 0 
1 826.554 0.316937 0.0225143 0.676547 -0.802978 -0.566318 -4.22095 -3.19041 -819.142 0 
6 825.485 0.312305 0.0223814 0.68116 -0.830952 -0.547861 -4.75143 -1.30085 -819.432 0 
1 826.019 0.314074 0.0223606 0.679946 -0.829183 -0.552844 -4.58172 -2.10214 -819.335 0 
4 826 0.311674 0.0224839 0.679154 -0.80039 -0.55455 -4.92979 -1.88713 -819.184 0 
3 824.857 0.312574 0.0224409 0.678736 -0.804835 -0.551534 -4.71869 -0.961439 -819.177 0 
4 824.949 0.307924 0.0223313 0.682748 -0.832748 -0.509959 -5.20328 -0.16982 -819.576 0 
1 826.557 0.309354 0.0222445 0.683503 -0.854804 -0.501768 -4.9623 -1.58743 -820.007 0 
2 825.273 0.306561 0.0223559 0.682961 -0.814529 -0.531276 -5.83444 -0.0432448 -819.395 0 
1 824.569 0.312452 0.0223026 0.677233 -0.797938 -0.558081 -4.82079 -0.571523 -819.177 0 
1 824.725 0.320595 0.0222047 0.671211 -0.812321 -0.531367 -4.03108 -1.55065 -819.143 0 
3 824.567 0.322117 0.0221353 0.670606 -0.810222 -0.557261 -4.10653 -1.32681 -819.133 0 
3 824.456 0.321941 0.0221385 0.670539 -0.804592 -0.567858 -4.04932 -1.24752 -819.159 0 
1 825.498 0.31648 0.0222526 0.676789 -0.840458 -0.522213 -4.51286 -1.66438 -819.321 0 
1 827.444 0.320006 0.0221599 0.673755 -0.845869 -0.520169 -4.79911 -3.39306 -819.251 0 
2 827.025 0.322206 0.0221197 0.671951 -0.84729 -0.510236 -4.95082 -2.89226 -819.182 0 
3 829.232 0.323695 0.0221764 0.670034 -0.832636 -0.525986 -4.75269 -5.38673 -819.092 0 
9 825.067 0.319805 0.0222757 0.67411 -0.819769 -0.564591 -4.32958 -1.62495 -819.112 0 
2 826.621 0.326821 0.0221327 0.667639 -0.820707 -0.547397 -4.77119 -2.72523 -819.124 0 
2 826.037 0.326492 0.0221476 0.66536 -0.77407 -0.608705 -3.82682 -2.47094 -819.739 0 
1 827.169 0.323558 0.0223404 0.665881 -0.734601 -0.638821 -3.96801 -2.41298 -820.788 0 
5 825.559 0.316247 0.0222958 0.672084 -0.74813 -0.634741 -5.02841 -0.71149 -819.819 0 
4 824.902 0.312976 0.0222322 0.675938 -0.782904 -0.585516 -4.99888 -0.672727 -819.23 0 
3 825.042 0.311864 0.022242 0.677894 -0.798794 -0.579464 -5.00516 -0.847495 -819.189 0 
4 825.368 0.314012 0.0222757 0.67682 -0.810419 -0.557729 -4.52739 -1.66721 -819.173 0 
2 824.354 0.314409 0.0223641 0.67575 -0.78801 -0.570314 -4.60985 -0.525439 -819.219 0 
4 824.958 0.313786 0.0223947 0.675144 -0.763426 -0.602143 -5.23618 -0.241172 -819.481 0 
11 824.764 0.3182 0.0223885 0.67127 -0.74695 -0.626 -4.64818 -0.110289 -820.005 0 
2 824.449 0.318805 0.022369 0.671086 -0.760079 -0.602061 -4.29047 -0.39539 -819.763 0 
5 824.328 0.317146 0.0223122 0.675654 -0.802197 -0.584665 -4.27365 -0.920079 -819.135 0 
4 824.592 0.318937 0.0224061 0.673134 -0.784692 -0.586364 -4.07266 -1.21928 -819.3 0 
5 824.421 0.318785 0.0223412 0.674135 -0.814401 -0.538308 -4.09439 -1.20349 -819.123 0 
8 824.237 0.31317 0.0224056 0.677967 -0.803419 -0.548939 -4.6218 -0.448259 -819.167 0 
8 825.118 0.31012 0.022401 0.681469 -0.81113 -0.572722 -5.22884 -0.579227 -819.31 0 
5 826.036 0.309141 0.0222923 0.681626 -0.835167 -0.517365 -5.03061 -1.42271 -819.583 0 
2 825.143 0.310223 0.022209 0.681459 -0.838849 -0.530587 -4.95507 -0.537395 -819.65 0 
10 823.961 0.314664 0.0222464 0.6764 -0.803404 -0.568133 -4.47681 -0.330595 -819.154 0 
3 825.182 0.313569 0.0222682 0.676846 -0.787127 -0.58885 -4.8434 -1.13915 -819.199 0 
1 824.416 0.314572 0.0223745 0.675533 -0.77213 -0.59841 -4.88391 -0.173731 -819.359 0 
3 824.137 0.321022 0.0222813 0.669455 -0.75717 -0.625629 -4.04043 -0.251105 -819.845 0 
1 824.63 0.323321 0.0223253 0.666766 -0.743748 -0.619064 -3.91494 -0.194879 -820.52 0 
1 825.783 0.327779 0.0223645 0.66507 -0.745716 -0.633443 -3.61134 -1.4788 -820.693 0 
10 825.602 0.326688 0.0223018 0.666552 -0.764463 -0.610912 -3.68183 -1.88309 -820.037 0 
8 824.861 0.322069 0.0223817 0.66785 -0.74188 -0.609583 -4.12866 -0.161444 -820.57 0 
2 825.081 0.322074 0.0224258 0.669354 -0.748098 -0.629245 -4.01348 -0.877802 -820.19 0 
2 825.208 0.320873 0.0224603 0.669679 -0.745654 -0.617725 -4.21362 -0.721294 -820.273 0 
12 824.478 0.316614 0.0223995 0.674398 -0.768545 -0.613671 -4.56584 -0.481693 -819.431 0 
7 824.088 0.320652 0.0221898 0.670459 -0.780843 -0.591477 -3.93885 -0.7514 -819.398 0 
4 824.89 0.325695 0.0221828 0.664932 -0.755593 -0.612565 -3.67527 -0.939687 -820.275 0 
1 824.978 0.322677 0.0223061 0.668686 -0.754149 -0.623004 -3.89236 -1.03199 -820.054 0 
4 825.043 0.317144 0.022337 0.671896 -0.74209 -0.645238 -4.99978 -0.0451912 -819.998 0 
3 825.586 0.322095 0.0223412 0.669024 -0.737055 -0.666287 -4.16752 -1.05097 -820.367 0 
3 825.439 0.320296 0.0223117 0.668432 -0.729419 -0.648264 -4.63951 -0.121318 -820.678 0 
2 826.881 0.324433 0.0220397 0.667047 -0.765574 -0.640482 -3.79751 -3.37427 -819.709 0 
2 826.234 0.324361 0.022281 0.664537 -0.714173 -0.675836 -4.19393 -0.471744 -821.568 0 
1 825.855 0.330984 0.0221479 0.662139 -0.738747 -0.695609 -3.66038 -1.40413 -820.79 0 
9 826.421 0.324064 0.0220686 0.66608 -0.738605 -0.699276 -3.93264 -2.25871 -820.23 0 
1 825.692 0.32626 0.0221215 0.664745 -0.731882 -0.70828 -3.76724 -1.32599 -820.599 0 
1 825.904 0.327191 0.0221051 0.664345 -0.732318 -0.711965 -3.70954 -1.56688 -820.628 0 
3 826.148 0.324354 0.0220426 0.667106 -0.749359 -0.70717 -3.94743 -2.35921 -819.841 0 
5 825.371 0.323808 0.0221679 0.667218 -0.732022 -0.715832 -4.02733 -0.987521 -820.357 0 
1 826.718 0.323627 0.0221659 0.665683 -0.711199 -0.739753 -4.31465 -1.31947 -821.084 0 
1 826.048 0.325285 0.0221837 0.664828 -0.715968 -0.727604 -3.98695 -0.962581 -821.098 0 
11 826.877 0.315798 0.0223022 0.672511 -0.714327 -0.734476 -6.22248 -0.266782 -820.388 0 
1 826.87 0.315864 0.022245 0.672153 -0.722963 -0.716374 -5.88412 -0.806541 -820.179 0 
4 825.722 0.313925 0.022299 0.675392 -0.740799 -0.702281 -5.93228 -0.156309 -819.634 0 
2 826.176 0.316839 0.0223662 0.67214 -0.719303 -0.719854 -5.71421 -0.108423 -820.353 0 
1 826.99 0.318871 0.0222532 0.6748 -0.777351 -0.677236 -4.42877 -3.35632 -819.205 0 
6 825.296 0.316729 0.0223552 0.675207 -0.751513 -0.709488 -5.02403 -0.802053 -819.47 0 
6 825.478 0.316291 0.0224186 0.67638 -0.76651 -0.687141 -4.88108 -1.3179 -819.279 0 
6 825.415 0.323698 0.0222853 0.670796 -0.77306 -0.679475 -4.0929 -1.96726 -819.354 0 
3 825.505 0.324944 0.0223428 0.668133 -0.747128 -0.695951 -3.86158 -1.63755 -820.006 0 
2 825.173 0.317259 0.0222583 0.672494 -0.742698 -0.697586 -4.99203 -0.448682 -819.732 0 
1 825.181 0.324355 0.022343 0.6677 -0.732012 -0.709828 -3.94969 -0.794562 -820.437 0 
1 826.551 0.323193 0.0223898 0.667788 -0.737705 -0.669849 -3.98228 -2.1723 -820.397 0 
7 826.173 0.325549 0.0224202 0.667113 -0.726127 -0.710184 -3.85614 -1.53635 -820.78 0 
3 825.313 0.326275 0.0223269 0.66701 -0.746339 -0.688785 -3.75803 -1.3927 -820.162 0 
1 825.661 0.320134 0.0224215 0.672288 -0.743114 -0.701884 -4.44296 -1.38383 -819.834 0 
3 825.734 0.316758 0.0224054 0.675485 -0.750738 -0.708608 -5.02489 -1.22132 -819.488 0 
9 825.278 0.319567 0.0223827 0.67307 -0.765513 -0.671203 -4.31297 -1.56743 -819.397 0 
2 825.508 0.314849 0.0223922 0.677982 -0.778527 -0.662658 -4.96041 -1.35221 -819.195 0 
10 824.368 0.319835 0.0222795 0.672707 -0.766278 -0.679676 -4.314 -0.687601 -819.367 0 
2 825.31 0.324703 0.0222041 0.669613 -0.770985 -0.700298 -4.1914 -1.76052 -819.358 0 
3 826.756 0.322196 0.0222468 0.668118 -0.740822 -0.689702 -4.11546 -2.55321 -820.088 0 
5 827.124 0.331122 0.0221746 0.663136 -0.76145 -0.673063 -4.07777 -2.99039 -820.056 0 
1 825.077 0.322671 0.0221292 0.669547 -0.76464 -0.674484 -4.01578 -1.55359 -819.507 0 
4 824.437 0.316089 0.0222173 0.674953 -0.774955 -0.653463 -4.71648 -0.483457 -819.237 0 
6 825.334 0.309573 0.0223226 0.680831 -0.783492 -0.637406 -6.01655 -0.0789505 -819.239 0 
6 825.36 0.312117 0.0224116 0.679115 -0.777285 -0.63178 -5.43948 -0.69718 -819.224 0 
3 826.318 0.312131 0.0222835 0.678585 -0.778642 -0.632528 -5.42461 -1.67749 -819.216 0 
1 824.699 0.31125 0.0224189 0.679807 -0.799211 -0.573244 -5.10469 -0.397354 -819.197 0 
7 824.519 0.315374 0.0224262 0.674536 -0.770389 -0.587317 -4.72282 -0.354382 -819.442 0 
1 828.799 0.320747 0.022316 0.673445 -0.792814 -0.598161 -3.99558 -5.60008 -819.203 0 
1 829.107 0.317603 0.0223239 0.675222 -0.7746 -0.63759 -4.41723 -5.39725 -819.292 0 
2 827.246 0.311657 0.0223031 0.679426 -0.778151 -0.64164 -5.58845 -2.43977 -819.217 0 
1 826.967 0.313547 0.0223182 0.674374 -0.729833 -0.683567 -6.42727 -0.54216 -819.998 0 
1 827.946 0.313294 0.0224123 0.673846 -0.719445 -0.686661 -6.90055 -0.718075 -820.327 0 
3 826.158 0.312409 0.0222363 0.677162 -0.761641 -0.665813 -5.77877 -1.05363 -819.326 0 
2 825.134 0.326003 0.022291 0.666276 -0.750716 -0.65875 -3.71915 -1.24079 -820.175 0 
6 825.676 0.327338 0.0223242 0.664383 -0.716649 -0.710569 -3.74843 -0.519511 -821.408 0 
2 825.912 0.32362 0.022323 0.666081 -0.708636 -0.712672 -4.39511 -0.0654924 -821.452 0 
7 824.803 0.317673 0.0222458 0.673695 -0.764994 -0.662149 -4.54635 -0.874279 -819.382 0 
8 825.179 0.323426 0.0223311 0.667666 -0.74647 -0.65172 -3.87894 -1.10164 -820.198 0 
5 826.17 0.323301 0.0224343 0.66794 -0.715763 -0.718819 -4.30052 -0.864431 -821.005 0 
1 825.251 0.321117 0.0223347 0.670016 -0.724276 -0.732673 -4.57177 -0.316059 -820.363 0 
6 825.731 0.319664 0.0222295 0.67025 -0.729224 -0.711574 -4.75998 -0.758241 -820.212 0 
1 824.952 0.320187 0.0222846 0.670085 -0.731172 -0.707238 -4.60021 -0.15112 -820.201 0 
4 826.738 0.31902 0.0223728 0.669151 -0.714152 -0.688887 -5.29477 -0.485334 -820.958 0 
1 826.336 0.312241 0.0222036 0.678161 -0.763457 -0.700755 -5.91062 -1.1564 -819.269 0 
4 828.246 0.325694 0.021928 0.66562 -0.754472 -0.700949 -3.8982 -4.55567 -819.792 0 
2 828.766 0.32696 0.0220129 0.663405 -0.733998 -0.718514 -3.76508 -4.50975 -820.491 0 
3 829.354 0.318785 0.0219764 0.670319 -0.762232 -0.682564 -4.47533 -5.47596 -819.402 0 
1 829.941 0.320912 0.0219287 0.671914 -0.792924 -0.666498 -4.40779 -6.41976 -819.113 0 
1 826.593 0.319374 0.0221046 0.671207 -0.751267 -0.695207 -4.47855 -2.5035 -819.611 0 
4 825.845 0.315735 0.0221571 0.675696 -0.774756 -0.674946 -4.8775 -1.75671 -819.211 0 
9 825.028 0.316028 0.0222649 0.674742 -0.751804 -0.700949 -5.14402 -0.414704 -819.47 0 
1 825.863 0.316416 0.0221541 0.675101 -0.782238 -0.644388 -4.59471 -2.08019 -819.188 0 
1 825.877 0.313539 0.0223876 0.676795 -0.756611 -0.654649 -5.5705 -0.86023 -819.446 0 
1 825.963 0.314379 0.0221922 0.676444 -0.786113 -0.615758 -4.79007 -1.9885 -819.185 0 
1 825.899 0.320929 0.022025 0.67041 -0.802324 -0.572579 -4.03334 -2.70657 -819.159 0 
3 825.296 0.318852 0.0221058 0.671249 -0.774707 -0.627815 -4.22154 -1.73221 -819.343 0 
2 824.542 0.315543 0.0222137 0.674984 -0.780382 -0.631749 -4.68776 -0.642315 -819.212 0 
2 824.064 0.319637 0.0222267 0.671609 -0.775203 -0.625796 -4.12871 -0.574234 -819.361 0 
1 824.365 0.317993 0.0221771 0.674106 -0.79433 -0.622423 -4.35564 -0.870037 -819.139 0 
3 825.89 0.321592 0.0221711 0.672765 -0.798755 -0.636428 -4.30898 -2.47233 -819.108 0 
2 825.885 0.319689 0.022308 0.674248 -0.782872 -0.652734 -4.25906 -2.43005 -819.196 0 
14 825.172 0.312801 0.0223217 0.677531 -0.765011 -0.65872 -5.57585 -0.294195 -819.302 0 
3 825.148 0.311784 0.0222608 0.678367 -0.779077 -0.63436 -5.497 -0.435619 -819.215 0 
2 825.097 0.322572 0.0223977 0.668988 -0.740684 -0.669435 -4.0412 -0.814846 -820.241 0 
6 825.129 0.3226 0.0222754 0.671499 -0.787874 -0.626399 -4.04403 -1.8489 -819.237 0 
6 824.614 0.319985 0.0221813 0.671298 -0.779271 -0.628409 -4.12419 -1.19317 -819.297 0 
3 824.181 0.318636 0.0221976 0.672934 -0.782732 -0.629769 -4.26244 -0.69494 -819.223 0 
4 825.072 0.318904 0.0223316 0.673773 -0.786486 -0.628924 -4.26429 -1.61826 -819.189 0 
6 825.61 0.31816 0.02229 0.67532 -0.800283 -0.634143 -4.51304 -1.97372 -819.123 0 
1 827.24 0.314159 0.0222283 0.676792 -0.805346 -0.598403 -4.73072 -3.32538 -819.184 0 
3 827.566 0.307715 0.0222362 0.681966 -0.805172 -0.607258 -6.03357 -2.10675 -819.426 0 
1 826.631 0.307017 0.022166 0.683526 -0.824658 -0.579051 -5.86469 -1.02563 -819.741 0 
5 826.414 0.30625 0.0222083 0.684201 -0.824952 -0.571501 -5.99416 -0.653284 -819.767 0 
7 824.731 0.316419 0.0221657 0.674834 -0.798381 -0.605756 -4.4498 -1.14026 -819.141 0 
5 824.545 0.317992 0.0221567 0.674099 -0.803266 -0.589731 -4.24481 -1.17375 -819.126 0 
2 824.812 0.317659 0.022277 0.671458 -0.748658 -0.64224 -4.72189 -0.253322 -819.837 0 
2 825.76 0.316598 0.0223556 0.67631 -0.791009 -0.606345 -4.38973 -2.2033 -819.167 0 
6 825.567 0.316073 0.0223197 0.677571 -0.804137 -0.610407 -4.52104 -1.89523 -819.15 0 
2 825.879 0.320776 0.0222329 0.671767 -0.795469 -0.609516 -4.17104 -2.55017 -819.157 0 
1 825.721 0.319037 0.0221862 0.67536 -0.837027 -0.55751 -4.70884 -1.76242 -819.25 0 
2 826.779 0.318469 0.022315 0.675453 -0.829211 -0.551073 -4.47863 -3.12213 -819.178 0 
3 825.793 0.319933 0.0222393 0.675049 -0.829317 -0.572949 -4.61388 -2.01242 -819.166 0 
2 826.016 0.319492 0.0221941 0.673226 -0.819431 -0.561955 -4.33978 -2.56119 -819.115 0 
1 827.002 0.321461 0.0220949 0.671634 -0.829295 -0.549541 -4.57994 -3.30987 -819.112 0 
7 826.194 0.318019 0.0221264 0.676384 -0.828111 -0.600464 -4.77066 -2.15486 -819.269 0 
3 829.213 0.323133 0.0222493 0.673624 -0.818712 -0.612684 -4.68186 -5.45473 -819.077 0 
2 826.523 0.316472 0.0222885 0.678021 -0.814641 -0.608008 -4.58234 -2.74488 -819.196 0 
3 824.766 0.313649 0.0222437 0.679119 -0.817946 -0.592005 -4.79641 -0.671625 -819.298 0 
2 825.617 0.315805 0.0223419 0.677879 -0.80936 -0.591545 -4.47516 -1.9815 -819.16 0 
3 824.926 0.311623 0.0224304 0.679225 -0.78664 -0.600889 -5.28976 -0.43754 -819.199 0 
1 825.397 0.311043 0.0224475 0.679908 -0.780742 -0.61597 -5.5941 -0.585883 -819.217 0 
2 826.941 0.318621 0.0224875 0.674878 -0.782178 -0.60224 -4.14802 -3.50444 -819.289 0 
2 826.991 0.309803 0.0225574 0.682417 -0.807628 -0.552232 -5.24238 -2.49927 -819.249 0 
8 827.629 0.31276 0.0222273 0.681292 -0.855307 -0.508194 -4.72316 -3.11713 -819.789 0 
2 824.852 0.316336 0.0222384 0.676627 -0.831264 -0.518949 -4.26987 -1.37029 -819.212 0 
5 826.602 0.32281 0.0221595 0.672082 -0.857069 -0.476992 -5.1184 -2.26375 -819.22 0 
5 824.748 0.315765 0.0222178 0.676975 -0.849485 -0.483325 -4.42686 -0.926168 -819.395 0 
3 824.05 0.313488 0.0222601 0.678168 -0.83139 -0.509637 -4.41728 -0.342959 -819.29 0 
6 825.943 0.30757 0.022226 0.681366 -0.822897 -0.516578 -5.39134 -1.11722 -819.434 0 
1 825.973 0.305947 0.0222463 0.683506 -0.830083 -0.515808 -5.68599 -0.625536 -819.661 0 
1 825.566 0.310917 0.0223217 0.681851 -0.829685 -0.547814 -4.91179 -1.17238 -819.482 0 
1 825.785 0.316573 0.0222909 0.67799 -0.834389 -0.554134 -4.55539 -1.92355 -819.306 0 
1 825.073 0.30953 0.0223139 0.681064 -0.808626 -0.577649 -5.39711 -0.360385 -819.315 0 
4 826.599 0.310625 0.0224356 0.67982 -0.791757 -0.596152 -5.41813 -1.97462 -819.206 0 
4 825.675 0.308783 0.0223566 0.681702 -0.806232 -0.581978 -5.61322 -0.735461 -819.327 0 
1 825.729 0.307616 0.0224582 0.683022 -0.804449 -0.568627 -5.88004 -0.528038 -819.321 0 
1 826.542 0.304625 0.022394 0.686663 -0.833646 -0.543103 -6.14249 -0.416403 -819.983 0 
2 825.712 0.312059 0.0222963 0.677305 -0.790113 -0.58502 -5.07605 -1.44615 -819.19 0 
1 825.195 0.310812 0.0223281 0.678889 -0.78807 -0.599876 -5.44871 -0.542801 -819.204 0 
13 824.742 0.313687 0.0224001 0.67867 -0.80059 -0.590406 -4.72268 -0.849305 -819.17 0 
6 825.027 0.309426 0.0223382 0.681776 -0.81268 -0.577546 -5.38917 -0.268442 -819.37 0 
2 824.657 0.312401 0.0223088 0.679455 -0.8004 -0.607093 -5.02607 -0.42156 -819.209 0 
3 826.001 0.309646 0.0224358 0.68053 -0.768319 -0.65669 -6.39245 -0.342424 -819.266 0 
1 825.629 0.323396 0.0223921 0.669196 -0.743404 -0.694525 -3.97831 -1.60584 -820.045 0 
2 827.472 0.321798 0.022507 0.670736 -0.748779 -0.668705 -4.07336 -3.47974 -819.919 0 
5 828.38 0.323672 0.0225361 0.668743 -0.73871 -0.66935 -3.92122 -4.06366 -820.395 0 
6 825.159 0.320789 0.0223818 0.672506 -0.763919 -0.675287 -4.18246 -1.52336 -819.453 0 
1 826.856 0.314851 0.0223627 0.680159 -0.817319 -0.623539 -4.89161 -2.64857 -819.316 0 
1 826.917 0.314802 0.0224981 0.678277 -0.79231 -0.62047 -4.72082 -3.03503 -819.162 0 
1 826.604 0.308214 0.022366 0.682552 -0.809756 -0.588596 -5.75032 -1.44001 -819.414 0 
2 826.645 0.312919 0.0222784 0.681233 -0.848592 -0.554807 -5.06931 -1.76152 -819.814 0 
2 826.391 0.310609 0.0221871 0.682907 -0.857829 -0.534965 -5.19428 -1.01406 -820.183 0 
5 825.427 0.314885 0.0222573 0.679119 -0.84574 -0.532141 -4.69422 -1.2119 -819.521 0 
1 825.228 0.316018 0.0222621 0.677689 -0.844839 -0.517981 -4.56268 -1.26564 -819.399 0 
1 825.613 0.31752 0.0222554 0.676898 -0.831809 -0.555663 -4.49231 -1.88046 -819.24 0 
4 825.528 0.316906 0.022284 0.677087 -0.826346 -0.552465 -4.37033 -1.95812 -819.199 0 
2 826.42 0.311764 0.0224887 0.678514 -0.774647 -0.615723 -5.50128 -1.66336 -819.256 0 
4 825.229 0.310732 0.0223249 0.679293 -0.775245 -0.637114 -5.85584 -0.13801 -819.235 0 
1 826.066 0.309983 0.0223894 0.678577 -0.758289 -0.641302 -6.5473 -0.138639 -819.38 0 
1 827.818 0.313125 0.0222693 0.674536 -0.754052 -0.643515 -5.66119 -2.64103 -819.516 0 
1 827.291 0.314671 0.0221109 0.67385 -0.787169 -0.588568 -4.62285 -3.46409 -819.204 0 
1 825.456 0.317185 0.0222641 0.671779 -0.770325 -0.591077 -4.38668 -1.57981 -819.49 0 
2 825.379 0.308554 0.0222719 0.680813 -0.799885 -0.578123 -5.74848 -0.363074 -819.268 0 
2 825.827 0.309714 0.0224623 0.67978 -0.784004 -0.581735 -5.76297 -0.842039 -819.222 0 
5 825.718 0.310738 0.0224051 0.677273 -0.779361 -0.554198 -5.55667 -0.872328 -819.289 0 
1 824.712 0.31478 0.0223543 0.673576 -0.779724 -0.536781 -4.62553 -0.673896 -819.413 0 
4 824.384 0.315113 0.0223772 0.677035 -0.830245 -0.490582 -4.20525 -0.978099 -819.201 0 
3 826.295 0.320543 0.0223811 0.670899 -0.804269 -0.508999 -3.87682 -3.15199 -819.266 0 
3 825.924 0.323532 0.0223367 0.668732 -0.797109 -0.535217 -3.87321 -2.66385 -819.387 0 
2 825.712 0.324843 0.0222938 0.667542 -0.794999 -0.541156 -3.89928 -2.35612 -819.456 0 
1 824.43 0.323533 0.0222107 0.668293 -0.802297 -0.526441 -3.9112 -1.19207 -819.326 0 
1 824.057 0.318616 0.0222697 0.673989 -0.812673 -0.539261 -4.06454 -0.86552 -819.127 0 
4 825.39 0.323111 0.0223481 0.671246 -0.812736 -0.535724 -4.08306 -2.14556 -819.161 0 
2 824.529 0.316611 0.0223834 0.675796 -0.799869 -0.561959 -4.22106 -1.1493 -819.159 0 
7 824.272 0.314791 0.0223217 0.675934 -0.797637 -0.542731 -4.40631 -0.680814 -819.185 0 
2 825.076 0.309569 0.0223349 0.678781 -0.794986 -0.537978 -5.45997 -0.412189 -819.204 0 
4 824.015 0.318211 0.0223627 0.67335 -0.7911 -0.550432 -4.04436 -0.687222 -819.283 0 
2 824.533 0.31906 0.0223385 0.673691 -0.801349 -0.553085 -3.99859 -1.35722 -819.178 0 
2 824.023 0.320438 0.0223141 0.672263 -0.80017 -0.554361 -3.94203 -0.874854 -819.206 0 
2 825.048 0.316954 0.0224535 0.673825 -0.76165 -0.608435 -4.61178 -0.82677 -819.61 0 
6 824.188 0.316332 0.0224081 0.674358 -0.775672 -0.588188 -4.4713 -0.344128 -819.372 0 
5 824.2 0.318296 0.0223059 0.674224 -0.797074 -0.579029 -4.12418 -0.909475 -819.166 0 
8 823.989 0.317112 0.0222854 0.675143 -0.816068 -0.526949 -4.11371 -0.741438 -819.134 0 
1 824.593 0.325754 0.0221464 0.666199 -0.797262 -0.531009 -3.93492 -1.17004 -819.488 0 
3 823.928 0.31562 0.0223369 0.673584 -0.784412 -0.539849 -4.41036 -0.169972 -819.348 0 
11 825.347 0.311977 0.0224115 0.676737 -0.783047 -0.553317 -5.14999 -0.930231 -819.267 0 
3 823.945 0.314085 0.0223502 0.677516 -0.810575 -0.540105 -4.42871 -0.353665 -819.162 0 
2 823.718 0.316418 0.0222624 0.675409 -0.82308 -0.51136 -4.15368 -0.411928 -819.152 0 
2 826.037 0.308001 0.0224569 0.680078 -0.777048 -0.562745 -6.50244 -0.260535 -819.274 0 
2 826.008 0.311111 0.022352 0.675714 -0.767254 -0.549689 -5.88773 -0.626707 -819.493 0 
4 825.347 0.313247 0.0225088 0.674911 -0.770972 -0.527259 -5.21214 -0.563962 -819.57 0 
1 824.829 0.313435 0.0224452 0.674986 -0.784319 -0.494463 -4.87573 -0.528185 -819.425 0 
2 825.577 0.314855 0.0223021 0.675656 -0.80896 -0.493465 -4.22914 -2.17327 -819.175 0 
1 824.669 0.31281 0.0222915 0.677173 -0.811521 -0.498287 -4.48627 -1.01131 -819.171 0 
3 825.702 0.31187 0.0224349 0.6754 -0.782035 -0.5052 -5.20377 -1.11137 -819.387 0 
3 824.534 0.312248 0.0223766 0.675873 -0.78686 -0.510043 -5.02655 -0.194482 -819.313 0 
1 824.567 0.320608 0.0224422 0.669051 -0.767387 -0.532006 -4.00998 -0.532637 -820.024 0 
1 825.05 0.317275 0.0224235 0.672691 -0.792575 -0.512906 -4.07337 -1.63531 -819.341 0 
3 826.6 0.308015 0.0225103 0.681382 -0.798314 -0.540252 -5.78832 -1.58426 -819.227 0 
1 826.725 0.312717 0.0226127 0.677824 -0.785108 -0.540219 -4.94938 -2.49716 -819.278 0 
2 824.73 0.318736 0.0224188 0.671447 -0.783036 -0.533018 -4.01028 -1.22317 -819.497 0 
1 823.944 0.318112 0.0223169 0.674508 -0.823748 -0.505003 -4.07395 -0.737388 -819.133 0 
4 825.093 0.312539 0.0224699 0.679743 -0.822132 -0.513734 -4.50845 -1.35249 -819.232 0 
3 824.695 0.316752 0.0224012 0.676353 -0.822898 -0.515199 -4.14934 -1.39741 -819.148 0 
3 826.005 0.315814 0.0225148 0.677297 -0.812966 -0.527092 -4.19629 -2.66401 -819.144 0 
1 825.367 0.3141 0.022421 0.676804 -0.820484 -0.489093 -4.24549 -1.95246 -819.169 0 
3 827.518 0.320392 0.0224138 0.669743 -0.79602 -0.490434 -3.82931 -4.23006 -819.458 0 
1 824.389 0.322348 0.0222688 0.668587 -0.801917 -0.498295 -3.83035 -1.16919 -819.389 0 
1 825.092 0.323859 0.0222558 0.668614 -0.807897 -0.520442 -4.01044 -1.81324 -819.269 0 
5 824.187 0.315603 0.0224276 0.673454 -0.778817 -0.528251 -4.51588 -0.184599 -819.486 0 
4 824.533 0.317524 0.0224574 0.671464 -0.769597 -0.521629 -4.42134 -0.279982 -819.832 0 
1 824.182 0.320334 0.0224393 0.66983 -0.781537 -0.506101 -3.90788 -0.547843 -819.726 0 
2 825.461 0.313493 0.0221479 0.677753 -0.83497 -0.498803 -4.37282 -1.77662 -819.312 0 
1 824.239 0.313256 0.0222909 0.678935 -0.840756 -0.492512 -4.42447 -0.422881 -819.391 0 
2 824.079 0.312487 0.0223734 0.679084 -0.826058 -0.498923 -4.45158 -0.380639 -819.246 0 
3 824.141 0.317283 0.0222472 0.673975 -0.806654 -0.526535 -4.05656 -0.922591 -819.162 0 
1 824.229 0.318561 0.0222282 0.670817 -0.78863 -0.5155 -3.99752 -0.789501 -819.442 0 
8 824.013 0.321311 0.0222022 0.669248 -0.782363 -0.556568 -3.83294 -0.658912 -819.521 0 
1 825.575 0.322387 0.0221033 0.668542 -0.777486 -0.590951 -3.82202 -2.21788 -819.535 0 
1 826.008 0.324697 0.0223856 0.665629 -0.732956 -0.640597 -3.87005 -1.18839 -820.95 0 
5 824.97 0.322427 0.0223651 0.668406 -0.735825 -0.659753 -4.12649 -0.356975 -820.486 0 
2 825.62 0.318045 0.0223036 0.670444 -0.746295 -0.62841 -4.67215 -0.943995 -820.004 0 
1 825.881 0.318614 0.0222873 0.669539 -0.733335 -0.651807 -4.86303 -0.653192 -820.364 0 
2 826.478 0.318688 0.0224227 0.66968 -0.715789 -0.671495 -5.39861 -0.0878295 -820.992 0 
5 825.926 0.3276 0.0223199 0.662685 -0.714455 -0.666207 -3.80931 -0.121727 -821.995 0 
5 827.801 0.321945 0.0223184 0.669825 -0.753928 -0.626501 -3.98678 -3.81863 -819.996 0 
5 827.023 0.326222 0.0224144 0.666103 -0.732187 -0.655014 -3.75018 -2.26983 -821.003 0 
2 826.024 0.329166 0.0223887 0.663536 -0.739932 -0.633331 -3.58433 -1.35075 -821.089 0 
1 824.932 0.325553 0.0222249 0.66749 -0.782142 -0.583311 -3.7973 -1.5346 -819.6 0 
1 825.5 0.325155 0.0222645 0.667905 -0.77497 -0.595576 -3.73968 -2.05103 -819.709 0 
2 823.798 0.322976 0.0222818 0.668507 -0.780365 -0.557593 -3.75975 -0.399069 -819.639 0 
2 823.849 0.320632 0.0222828 0.669896 -0.769309 -0.585272 -3.95906 -0.207571 -819.682 0 
3 824.507 0.318937 0.0223093 0.669892 -0.755227 -0.590514 -4.36194 -0.167161 -819.978 0 
2 825.746 0.326564 0.0222011 0.664396 -0.762343 -0.598322 -3.67632 -1.8868 -820.183 0 
2 825.438 0.319847 0.0221895 0.674264 -0.821265 -0.570575 -4.35595 -1.96388 -819.118 0 
4 827.237 0.32582 0.0220177 0.668073 -0.836051 -0.51642 -5.00467 -3.14543 -819.087 0 
3 826.23 0.324349 0.0222309 0.669549 -0.8165 -0.546833 -4.37255 -2.73052 -819.127 0 
3 824.267 0.321731 0.02222 0.6711 -0.798136 -0.573756 -3.96195 -1.09432 -819.211 0 
1 824.293 0.318028 0.0222578 0.675136 -0.823337 -0.539705 -4.23586 -0.916089 -819.141 0 
1 824.059 0.312655 0.0223394 0.67781 -0.798408 -0.563144 -4.80001 -0.0841829 -819.174 0 
1 827.146 0.308051 0.0224397 0.679857 -0.766308 -0.608376 -6.87221 -0.957247 -819.316 0 
9 826.811 0.305232 0.022379 0.685343 -0.802639 -0.596991 -6.7749 -0.560368 -819.476 0 
1 827.621 0.312225 0.0221441 0.680498 -0.824224 -0.590157 -4.98021 -3.18724 -819.454 0 
1 826.756 0.306346 0.0222177 0.686018 -0.847146 -0.55917 -5.85224 -0.532451 -820.371 0 
5 827.099 0.304283 0.0223395 0.687377 -0.831621 -0.558519 -6.35771 -0.703707 -820.037 0 
1 826.719 0.3049 0.0222426 0.686089 -0.842193 -0.541593 -6.01369 -0.483137 -820.223 0 
2 825.727 0.306677 0.0222671 0.684115 -0.82485 -0.561921 -5.82814 -0.207319 -819.691 0 
4 824.816 0.312866 0.0224264 0.67889 -0.793823 -0.592036 -4.91112 -0.72802 -819.177 0 
1 825.293 0.313322 0.0223445 0.678283 -0.797657 -0.576652 -4.74225 -1.38189 -819.169 0 
3 825.583 0.31114 0.0222559 0.678425 -0.784999 -0.597094 -5.43807 -0.937899 -819.207 0 
7 825.677 0.308858 0.0223166 0.679846 -0.77975 -0.600854 -6.1909 -0.250393 -819.236 0 
4 826.431 0.309847 0.0224222 0.677893 -0.75508 -0.614509 -6.70901 -0.23052 -819.492 0 
1 826.373 0.309535 0.0224367 0.67955 -0.755947 -0.651139 -6.81874 -0.166948 -819.387 0 
2 826.741 0.315503 0.0223517 0.67661 -0.778921 -0.623254 -4.68001 -2.82511 -819.236 0 
1 826.961 0.314225 0.0223819 0.676995 -0.765991 -0.639738 -5.17552 -2.44019 -819.346 0 
2 826.956 0.317548 0.0222932 0.674125 -0.763221 -0.651542 -4.55999 -2.9546 -819.442 0 
3 825.453 0.323685 0.0223166 0.666094 -0.72048 -0.673811 -4.19123 -0.074742 -821.187 0 
1 825.21 0.322769 0.0223896 0.668227 -0.73422 -0.65967 -4.10294 -0.5265 -820.581 0 
1 826.005 0.316524 0.0224567 0.674036 -0.741418 -0.666864 -5.18616 -0.944652 -819.874 0 
1 824.503 0.318104 0.0223936 0.672986 -0.759382 -0.64081 -4.46498 -0.457897 -819.58 0 
2 824.873 0.318186 0.0223299 0.671604 -0.754922 -0.635556 -4.49257 -0.662459 -819.718 0 
3 825.183 0.322553 0.0223806 0.667866 -0.73012 -0.660167 -4.20176 -0.24219 -820.739 0 
2 825.236 0.324218 0.0223405 0.665411 -0.730094 -0.632283 -3.9987 -0.121105 -821.116 0 
1 825.805 0.316733 0.0224814 0.672057 -0.746589 -0.601658 -4.98867 -0.747301 -820.069 0 
2 823.638 0.319872 0.0222601 0.67095 -0.792592 -0.543872 -3.90511 -0.412181 -819.321 0 
1 824.231 0.313574 0.0222462 0.675541 -0.798199 -0.528543 -4.55503 -0.48454 -819.191 0 
3 824.416 0.325563 0.0223255 0.6665 -0.784196 -0.53446 -3.76569 -0.859995 -819.791 0 
1 826.718 0.32491 0.0220935 0.66722 -0.794756 -0.543475 -3.84484 -3.41814 -819.455 0 
2 825.186 0.323851 0.0222722 0.66819 -0.776265 -0.567644 -3.72979 -1.71155 -819.745 0 
3 825.147 0.327722 0.0222485 0.663957 -0.776122 -0.548708 -3.78312 -1.26454 -820.1 0 
2 824.709 0.325684 0.0222966 0.664219 -0.752861 -0.564996 -3.72865 -0.23925 -820.741 0 
2 825.619 0.329258 0.0221885 0.66164 -0.747233 -0.590602 -3.6374 -0.863505 -821.118 0 
2 827.826 0.323011 0.0222974 0.66623 -0.730924 -0.612627 -4.26851 -2.42312 -821.135 0 
5 825.877 0.330182 0.0221716 0.661583 -0.742914 -0.626256 -3.59582 -1.17869 -821.103 0 
1 826.077 0.332753 0.0221988 0.659884 -0.738642 -0.642902 -3.65362 -0.995801 -821.428 0 
5 826.86 0.33132 0.0221727 0.661578 -0.742609 -0.645542 -3.61438 -2.18679 -821.058 0 
2 826.802 0.32233 0.0222362 0.669111 -0.750371 -0.649379 -3.98261 -2.81422 -820.005 0 
2 825.452 0.324444 0.0223682 0.668404 -0.755963 -0.635412 -3.75447 -1.66662 -820.031 0 
1 828.73 0.321088 0.022429 0.672872 -0.772583 -0.625463 -3.97682 -5.29553 -819.458 0 
8 827.448 0.321602 0.0225367 0.670111 -0.735606 -0.648205 -4.28079 -2.65174 -820.515 0 
2 828.962 0.327146 0.0225738 0.665481 -0.725564 -0.656819 -3.71903 -3.83052 -821.413 0 
1 825.834 0.321588 0.0224712 0.671538 -0.770262 -0.616251 -3.91968 -2.34942 -819.565 0 
1 826.876 0.327097 0.0223858 0.668072 -0.774506 -0.632639 -3.89513 -3.33952 -819.641 0 
1 826.052 0.322018 0.0223734 0.67168 -0.795063 -0.593625 -4.04121 -2.80243 -819.209 0 
1 825.849 0.32381 0.0222924 0.671048 -0.794017 -0.614725 -4.09065 -2.54944 -819.209 0 
1 826.243 0.326439 0.0222915 0.668921 -0.793605 -0.616475 -4.23575 -2.73217 -819.275 0 
4 826.404 0.318907 0.0220889 0.675371 -0.834993 -0.588355 -4.91887 -2.18934 -819.296 0 
2 826.004 0.316223 0.0222327 0.676484 -0.808533 -0.620284 -4.68449 -2.14339 -819.176 0 
1 826.724 0.31559 0.0221025 0.674975 -0.795535 -0.627193 -4.66981 -2.90211 -819.152 0 
1 826.499 0.311594 0.0221644 0.678738 -0.799524 -0.626677 -5.30823 -1.93577 -819.255 0 
2 826.154 0.315226 0.0221056 0.676546 -0.814218 -0.608113 -4.74713 -2.17465 -819.232 0 
2 824.725 0.318098 0.0221645 0.673084 -0.7919 -0.60869 -4.26539 -1.29393 -819.166 0 
1 825.503 0.323604 0.0221356 0.67076 -0.817271 -0.574639 -4.4485 -1.96903 -819.085 0 
9 828.629 0.327795 0.0220068 0.668024 -0.838307 -0.543475 -5.55907 -4.00584 -819.064 0 
9 827.143 0.318364 0.0221725 0.676311 -0.833698 -0.562056 -4.55567 -3.344 -819.243 0 
2 828.959 0.312993 0.0222689 0.681295 -0.833794 -0.565213 -4.79049 -4.66275 -819.505 0 
2 828.432 0.310818 0.0221223 0.681682 -0.846859 -0.525762 -4.88217 -3.76368 -819.787 0 
1 827.835 0.312182 0.0219979 0.679028 -0.852395 -0.505183 -4.7317 -3.36321 -819.74 0 
4 828.292 0.304547 0.022165 0.684767 -0.856829 -0.470649 -5.54439 -2.42751 -820.32 0 
1 826.24 0.310073 0.0222184 0.682163 -0.855516 -0.477537 -4.72402 -1.66673 -819.849 0 
1 824.926 0.312767 0.0223863 0.679249 -0.830062 -0.484325 -4.36091 -1.31139 -819.254 0 
3 824.151 0.314023 0.0224084 0.677685 -0.825139 -0.479628 -4.21941 -0.748545 -819.183 0 
1 824.076 0.317513 0.0221734 0.673111 -0.826303 -0.476897 -4.02069 -0.91142 -819.144 0 
1 824.992 0.31188 0.0222529 0.680164 -0.849777 -0.467899 -4.46023 -0.979715 -819.552 0 
1 824.996 0.319934 0.0223557 0.673752 -0.839742 -0.464217 -4.21102 -1.6371 -819.148 0 
2 824.518 0.313307 0.0224565 0.678175 -0.815195 -0.498501 -4.38167 -0.966432 -819.17 0 
3 824.769 0.315368 0.0222822 0.674561 -0.817253 -0.488835 -4.12853 -1.48544 -819.155 0 
4 823.793 0.319312 0.0222615 0.672679 -0.814855 -0.518962 -4.00814 -0.647642 -819.137 0 
5 823.697 0.318792 0.0222373 0.671337 -0.789435 -0.540142 -3.97977 -0.36451 -819.353 0 
1 823.954 0.32244 0.0222781 0.669687 -0.790525 -0.55027 -3.80638 -0.729545 -819.419 0 
1 825.243 0.322163 0.0224407 0.669192 -0.763311 -0.567017 -3.87889 -1.31568 -820.048 0 
3 826.136 0.330761 0.0223287 0.663248 -0.781918 -0.538367 -4.08716 -1.864 -820.185 0 
1 826.86 0.327415 0.0224343 0.666729 -0.794831 -0.523859 -4.00056 -3.20013 -819.659 0 
2 824.533 0.327104 0.0221975 0.664604 -0.782572 -0.541134 -3.81285 -0.825603 -819.894 0 
2 824.573 0.326434 0.0221909 0.666426 -0.795978 -0.546131 -3.98907 -1.10151 -819.482 0 
8 824.116 0.3212 0.0222595 0.671725 -0.801617 -0.563339 -3.97426 -0.95643 -819.185 0 
1 824.078 0.32129 0.0223383 0.668985 -0.758779 -0.591653 -3.98411 -0.0966301 -819.997 0 
1 824.892 0.323415 0.0224082 0.668872 -0.761187 -0.612773 -3.78711 -1.17729 -819.927 0 
3 824.175 0.317524 0.0223226 0.671822 -0.763339 -0.591743 -4.45503 -0.0567136 -819.663 0 
1 826.541 0.321071 0.0223707 0.668531 -0.747772 -0.62105 -4.11841 -2.23623 -820.186 0 
1 824.335 0.319661 0.0222324 0.671155 -0.770979 -0.607001 -4.0835 -0.743271 -819.508 0 
3 824.153 0.322499 0.0222626 0.67035 -0.784844 -0.606764 -3.93239 -0.885987 -819.334 0 
3 824.508 0.314997 0.0224076 0.676023 -0.775204 -0.608319 -4.76433 -0.443528 -819.3 0 
1 824.765 0.315338 0.0223799 0.674253 -0.762934 -0.61626 -4.89664 -0.375474 -819.493 0 
4 827.309 0.312582 0.0225345 0.678455 -0.762912 -0.628108 -5.63956 -2.28259 -819.386 0 
2 828.899 0.309214 0.0225942 0.680508 -0.758261 -0.614424 -6.8749 -2.60129 -819.423 0 
3 826.395 0.310288 0.022525 0.68041 -0.777331 -0.602352 -5.85012 -1.30174 -819.243 0 
8 827.504 0.307721 0.0225056 0.679665 -0.772201 -0.56093 -6.73466 -1.4503 -819.319 0 
2 826.668 0.309812 0.022447 0.677188 -0.771865 -0.544291 -6.06621 -1.20913 -819.393 0 
4 825.973 0.309989 0.0223117 0.677176 -0.77869 -0.552107 -5.7998 -0.882948 -819.29 0 
2 825.44 0.310772 0.0222567 0.679058 -0.807807 -0.532921 -4.97392 -1.26085 -819.205 0 
1 826.511 0.30924 0.0223011 0.678024 -0.776924 -0.556591 -6.12426 -1.09396 -819.293 0 
1 825.182 0.310617 0.0223181 0.677789 -0.785722 -0.549538 -5.4608 -0.485274 -819.236 0 
1 825.331 0.313596 0.0223125 0.674644 -0.770054 -0.56349 -5.1461 -0.713877 -819.471 0 
1 826.352 0.324207 0.0223483 0.6643 -0.746238 -0.556096 -3.91531 -1.44714 -820.99 0 
6 825.873 0.318695 0.0222985 0.668592 -0.750969 -0.566382 -4.52471 -1.0882 -820.26 0 
2 825.659 0.317629 0.0223039 0.669474 -0.749732 -0.562653 -4.81071 -0.591009 -820.257 0 
1 826.366 0.317009 0.0221377 0.671015 -0.77459 -0.552236 -4.36624 -2.46178 -819.538 0 
2 826.572 0.322122 0.022089 0.666032 -0.7633 -0.559969 -3.87541 -2.60688 -820.089 0 
1 826.165 0.317265 0.0221184 0.670698 -0.774078 -0.563572 -4.31943 -2.33046 -819.515 0 
2 826.246 0.324382 0.0220795 0.664745 -0.759286 -0.584256 -3.72558 -2.28794 -820.232 0 
1 826.962 0.320701 0.0220599 0.668921 -0.773603 -0.585754 -3.93301 -3.4531 -819.575 0 
1 827.167 0.310856 0.0221474 0.677001 -0.785468 -0.572435 -5.43514 -2.51433 -819.218 0 
1 825.599 0.31548 0.0220697 0.675358 -0.825788 -0.530441 -4.33206 -2.06238 -819.204 0 
2 827.389 0.31044 0.0220419 0.680841 -0.851645 -0.517853 -4.96452 -2.51544 -819.909 0 
1 825.89 0.312746 0.0220851 0.677689 -0.827085 -0.533145 -4.59252 -1.98329 -819.314 0 
2 826.123 0.313827 0.0220781 0.675875 -0.819318 -0.532475 -4.44245 -2.47925 -819.201 0 
2 827.493 0.31164 0.0222022 0.675122 -0.765524 -0.579217 -5.78062 -2.26284 -819.449 0 
2 827.067 0.32349 0.0222913 0.663744 -0.722332 -0.603571 -4.36974 -0.966882 -821.73 0 
8 827.632 0.323247 0.0223879 0.663965 -0.707993 -0.613027 -4.91234 -0.240894 -822.478 0 
2 827.74 0.318868 0.022238 0.668818 -0.739944 -0.596863 -4.8063 -2.43711 -820.497 0 
4 827.11 0.324554 0.0222263 0.664805 -0.746938 -0.569402 -3.89735 -2.33846 -820.875 0 
1 825.491 0.316927 0.0221831 0.671255 -0.784507 -0.515318 -4.23927 -1.78545 -819.466 0 
2 826.918 0.316874 0.022097 0.670237 -0.787713 -0.501056 -4.19454 -3.27047 -819.453 0 
3 825.643 0.320514 0.0220528 0.669821 -0.816829 -0.485883 -3.91632 -2.54416 -819.183 0 
2 823.689 0.320627 0.0222611 0.669568 -0.78918 -0.514211 -3.83823 -0.334725 -819.516 0 
3 825.938 0.326021 0.0220453 0.666307 -0.826264 -0.472349 -4.45826 -2.25881 -819.221 0 
5 825.939 0.322406 0.0220825 0.667777 -0.80035 -0.496943 -3.80212 -2.71131 -819.425 0 
4 823.285 0.317224 0.0222785 0.672975 -0.818959 -0.456762 -3.94649 -0.158494 -819.18 0 
1 824.247 0.32345 0.0222766 0.667751 -0.797682 -0.504038 -3.81575 -0.938259 -819.493 0 
4 825.188 0.318834 0.0221918 0.671753 -0.821832 -0.485103 -3.99676 -2.04936 -819.142 0 
1 824.971 0.322086 0.0222445 0.667279 -0.785585 -0.508302 -3.78049 -1.4931 -819.698 0 
5 824.783 0.313445 0.022341 0.674694 -0.79859 -0.489401 -4.51087 -1.02975 -819.243 0 
1 824.853 0.322792 0.0222408 0.666212 -0.786772 -0.483503 -3.79188 -1.22633 -819.835 0 
2 825.467 0.319738 0.0223451 0.671584 -0.793972 -0.50822 -3.88079 -2.17828 -819.408 0 
2 824.906 0.314752 0.0223607 0.673096 -0.770103 -0.531118 -4.9145 -0.354395 -819.637 0 
12 824.071 0.320276 0.0223581 0.669608 -0.772676 -0.533024 -3.98802 -0.250314 -819.833 0 
4 823.812 0.32282 0.0222735 0.667529 -0.77782 -0.531393 -3.76394 -0.21316 -819.835 0 
2 824.193 0.322378 0.0221543 0.668403 -0.797905 -0.518284 -3.81146 -0.989042 -819.392 0 
3 823.788 0.317318 0.0223678 0.672245 -0.784534 -0.526729 -4.16252 -0.18725 -819.438 0 
4 823.394 0.315654 0.0223431 0.674908 -0.810262 -0.49412 -4.12402 -0.0991596 -819.171 0 
9 823.603 0.315001 0.0223989 0.675688 -0.811024 -0.48837 -4.17858 -0.253474 -819.171 0 
2 823.369 0.318196 0.0223662 0.672392 -0.80582 -0.48034 -3.92185 -0.181189 -819.266 0 
5 823.852 0.322016 0.0222472 0.670218 -0.824107 -0.467693 -4.02905 -0.644531 -819.179 0 
1 824.427 0.318491 0.0221879 0.670762 -0.816878 -0.452724 -3.89549 -1.31482 -819.216 0 
1 824.601 0.315227 0.022374 0.672453 -0.772074 -0.519117 -4.76469 -0.174396 -819.662 0 
1 824.236 0.318824 0.0222363 0.670253 -0.787686 -0.504507 -3.98743 -0.735051 -819.514 0 
1 824.311 0.326714 0.0222823 0.665058 -0.77519 -0.544786 -3.7271 -0.496941 -820.087 0 
7 824.818 0.326528 0.0222359 0.664213 -0.762247 -0.555816 -3.686 -0.649756 -820.483 0 
2 824.313 0.326117 0.022313 0.665315 -0.768024 -0.554857 -3.6865 -0.393503 -820.233 0 
1 826.402 0.322377 0.0224691 0.668749 -0.756772 -0.564325 -3.95698 -2.12819 -820.317 0 
1 826.211 0.315211 0.0223375 0.676068 -0.803154 -0.522196 -4.2731 -2.76125 -819.176 0 
4 826.88 0.307217 0.0222605 0.683088 -0.840148 -0.471296 -5.11164 -2.13931 -819.629 0 
3 826.345 0.304604 0.0223429 0.685613 -0.839771 -0.478538 -5.72363 -0.79699 -819.824 0 
2 824.177 0.309819 0.0223419 0.680003 -0.830772 -0.455554 -4.66909 -0.20328 -819.305 0 
2 826.628 0.304555 0.0223764 0.686812 -0.857927 -0.449499 -5.40354 -0.998809 -820.226 0 
2 825.576 0.305213 0.022293 0.685142 -0.869312 -0.414408 -5.05177 -0.17038 -820.354 0 
2 827.184 0.31322 0.0223498 0.676213 -0.829855 -0.448859 -4.21222 -3.77016 -819.202 0 
4 827.152 0.320815 0.022327 0.670251 -0.822378 -0.455344 -3.96893 -3.98377 -819.199 0 
1 827.063 0.324139 0.0222536 0.668334 -0.845842 -0.406861 -4.64922 -3.23863 -819.175 0 
1 827.422 0.323927 0.0222097 0.669828 -0.870088 -0.382636 -5.3416 -2.85206 -819.228 0 
2 827.187 0.314062 0.0221941 0.679788 -0.90658 -0.364868 -5.16189 -1.43172 -820.594 0 
1 828.862 0.310051 0.0222326 0.679809 -0.874376 -0.383806 -4.44906 -4.46884 -819.944 0 
1 828.207 0.319475 0.0220463 0.674456 -0.90345 -0.358734 -5.73014 -2.49531 -819.982 0 
8 824.889 0.320892 0.0222283 0.672532 -0.855032 -0.421298 -4.46402 -1.22873 -819.197 0 
6 825.005 0.321186 0.0221775 0.671803 -0.862863 -0.394947 -4.63111 -1.14172 -819.233 0 
1 826.603 0.315366 0.0221235 0.677889 -0.884993 -0.399538 -4.72704 -1.94684 -819.93 0 
5 827.253 0.304546 0.0222674 0.686641 -0.874938 -0.415486 -5.15799 -1.44932 -820.646 0 
3 825.436 0.312203 0.0223458 0.680401 -0.867297 -0.40141 -4.29385 -1.45786 -819.685 0 
1 824.209 0.311724 0.0224767 0.678998 -0.840183 -0.410751 -4.25488 -0.678821 -819.275 0 
1 825.784 0.303168 0.0224774 0.685653 -0.850486 -0.396848 -5.57608 -0.380552 -819.827 0 
1 825.653 0.304308 0.0225295 0.683889 -0.843306 -0.378801 -5.41878 -0.706287 -819.528 0 
6 827.146 0.305842 0.0226492 0.682313 -0.830036 -0.385144 -5.37617 -2.46817 -819.301 0 
3 827.349 0.305488 0.0226186 0.684594 -0.851444 -0.388986 -5.01654 -2.66263 -819.67 0 
3 825.485 0.311719 0.0225734 0.677369 -0.817773 -0.417575 -4.48703 -1.7949 -819.204 0 
5 826.563 0.322915 0.0223676 0.666482 -0.811808 -0.399023 -3.99194 -2.94633 -819.625 0 
2 827.701 0.326264 0.022309 0.663853 -0.815406 -0.391621 -4.32228 -3.62749 -819.752 0 
1 825.267 0.319411 0.0221824 0.667946 -0.810603 -0.401103 -3.94397 -1.83768 -819.486 0 
4 825.56 0.316716 0.0221355 0.671395 -0.833566 -0.395207 -3.95131 -2.41878 -819.19 0 
5 823.993 0.316933 0.0222062 0.674227 -0.855891 -0.396264 -4.14949 -0.571595 -819.272 0 
8 824.307 0.309766 0.0222904 0.679332 -0.847004 -0.408553 -4.43528 -0.444551 -819.427 0 
1 824.251 0.309836 0.0222864 0.678562 -0.843258 -0.394759 -4.42326 -0.487048 -819.34 0 
3 823.837 0.315898 0.0222777 0.673846 -0.817182 -0.450666 -4.03102 -0.617508 -819.188 0 
4 823.503 0.318404 0.0223083 0.670716 -0.803093 -0.448421 -3.94489 -0.148868 -819.409 0 
1 824.082 0.31636 0.0223361 0.674437 -0.813245 -0.474932 -4.02885 -0.871615 -819.182 0 
7 825.427 0.308582 0.0221838 0.680634 -0.856432 -0.41346 -4.57531 -1.15706 -819.695 0 
4 826.549 0.313292 0.0221687 0.673116 -0.800817 -0.462675 -4.51605 -2.76273 -819.27 0 
1 826.293 0.311679 0.0221691 0.675605 -0.803372 -0.486457 -4.77311 -2.3214 -819.199 0 
1 824.926 0.311651 0.0222009 0.677009 -0.834602 -0.439482 -4.3403 -1.32308 -819.263 0 
1 824.254 0.31139 0.0222368 0.678589 -0.836527 -0.465314 -4.44992 -0.463733 -819.34 0 
2 825.448 0.316115 0.0224806 0.672868 -0.790244 -0.485898 -4.24504 -1.77027 -819.432 0 
1 824.344 0.31349 0.0224286 0.67715 -0.822365 -0.470611 -4.25383 -0.912694 -819.177 0 
1 825.128 0.317957 0.0224709 0.674683 -0.813783 -0.490466 -3.94914 -2.00961 -819.17 0 
1 825.305 0.314518 0.0223985 0.678348 -0.828043 -0.499434 -4.248 -1.84805 -819.209 0 
1 825.595 0.308757 0.0223775 0.68271 -0.830575 -0.502757 -5.02584 -1.10486 -819.464 0 
1 824.47 0.309815 0.0223042 0.680979 -0.827514 -0.509103 -4.8811 -0.205587 -819.383 0 
1 824.366 0.311586 0.0222628 0.679511 -0.827683 -0.511608 -4.62067 -0.426622 -819.319 0 
12 824.514 0.310364 0.0223808 0.681099 -0.825394 -0.52091 -4.85339 -0.301143 -819.359 0 
2 825.16 0.316001 0.0224577 0.676893 -0.81077 -0.541263 -4.22847 -1.78956 -819.142 0 
1 824.186 0.316672 0.0223256 0.675505 -0.82733 -0.499373 -4.14347 -0.883688 -819.159 0 
2 826.513 0.318142 0.0222854 0.675344 -0.852113 -0.472542 -4.51521 -2.68799 -819.31 0 
1 825.048 0.318254 0.0222995 0.672721 -0.810274 -0.514537 -3.9974 -1.88902 -819.161 0 
2 827.376 0.324457 0.0223171 0.667625 -0.803918 -0.509518 -3.96521 -4.0233 -819.388 0 
1 826.679 0.323229 0.0223246 0.669557 -0.817045 -0.499259 -4.10109 -3.38049 -819.197 0 
2 826.773 0.321673 0.0222452 0.668829 -0.802501 -0.509083 -3.8608 -3.59035 -819.322 0 
1 824.545 0.316191 0.0221765 0.676154 -0.844501 -0.487323 -4.34039 -0.893135 -819.311 0 
5 823.93 0.319333 0.0223076 0.672668 -0.817174 -0.502241 -3.97918 -0.80592 -819.145 0 
2 824.159 0.31794 0.0222656 0.674982 -0.833522 -0.498868 -4.1932 -0.798193 -819.167 0 
1 824.407 0.31852 0.0222184 0.673103 -0.832219 -0.477354 -4.10176 -1.16217 -819.143 0 
1 824.745 0.317413 0.0224003 0.674909 -0.822493 -0.495134 -4.05316 -1.55263 -819.139 0 
2 824.062 0.318697 0.0223253 0.673475 -0.821641 -0.4962 -4.01728 -0.910254 -819.134 0 
1 825 0.31731 0.0223666 0.676205 -0.827668 -0.508643 -4.14196 -1.70349 -819.155 0 
1 827.249 0.321434 0.0223562 0.673622 -0.823485 -0.525469 -4.15437 -3.98736 -819.107 0 
3 824.907 0.323218 0.0223579 0.670175 -0.811885 -0.509672 -3.99627 -1.68095 -819.23 0 
3 824.747 0.325127 0.0223183 0.668365 -0.806835 -0.51033 -4.00563 -1.38501 -819.357 0 
3 824.506 0.324345 0.0223753 0.667131 -0.777711 -0.53744 -3.72204 -0.889461 -819.895 0 
1 823.947 0.323971 0.0222357 0.668149 -0.801537 -0.518403 -3.88365 -0.681576 -819.382 0 
1 823.781 0.316283 0.0223457 0.675442 -0.821453 -0.497452 -4.0988 -0.534564 -819.147 0 
1 827.109 0.31589 0.0221159 0.677738 -0.868825 -0.454878 -4.64565 -2.76918 -819.694 0 
3 824.149 0.3118 0.0222778 0.679292 -0.823946 -0.521525 -4.64042 -0.222295 -819.287 0 
1 823.977 0.312167 0.0223078 0.678112 -0.817403 -0.499526 -4.53035 -0.25175 -819.194 0 
1 824.424 0.311537 0.0223661 0.677052 -0.806501 -0.487 -4.72159 -0.514745 -819.187 0 
2 825.28 0.307693 0.0223557 0.681928 -0.828573 -0.490728 -5.1893 -0.645505 -819.445 0 
3 826.393 0.307235 0.0223345 0.68356 -0.864845 -0.430357 -4.85576 -1.42481 -820.112 0 
6 825.152 0.31166 0.0224385 0.680045 -0.839109 -0.468256 -4.43891 -1.33977 -819.373 0 
7 824.992 0.314023 0.0222373 0.678931 -0.868716 -0.435622 -4.51493 -0.740213 -819.737 0 
5 824.676 0.321591 0.0222284 0.671334 -0.843993 -0.444914 -4.36716 -1.16539 -819.143 0 
1 823.888 0.317732 0.0222458 0.673003 -0.833407 -0.44241 -3.9971 -0.734421 -819.157 0 
5 824.717 0.313595 0.0222603 0.675908 -0.842461 -0.416688 -4.11972 -1.34278 -819.254 0 
1 824.652 0.310149 0.0223283 0.678305 -0.827155 -0.442015 -4.60611 -0.803758 -819.242 0 
1 825.081 0.307861 0.0225132 0.680161 -0.814751 -0.43329 -5.32188 -0.540186 -819.218 0 
1 825.716 0.310069 0.0225571 0.677522 -0.790114 -0.467312 -5.49354 -0.895167 -819.327 0 
7 825.647 0.308075 0.0224398 0.678239 -0.804946 -0.431239 -5.55073 -0.863563 -819.233 0 
1 826.134 0.312651 0.0225505 0.674209 -0.776399 -0.471003 -5.30962 -1.16914 -819.655 0 
2 825.548 0.305629 0.0224393 0.681975 -0.832083 -0.411252 -5.38453 -0.786303 -819.378 0 
1 824.552 0.316698 0.0225049 0.672544 -0.813901 -0.403723 -4.0239 -1.19533 -819.333 0 
4 823.991 0.319244 0.0222959 0.671868 -0.849165 -0.378024 -4.13328 -0.667678 -819.19 0 
6 823.756 0.320059 0.022261 0.66948 -0.826077 -0.397518 -3.93908 -0.535653 -819.281 0 
6 824.23 0.316818 0.0223339 0.67041 -0.807302 -0.397977 -4.11701 -0.65195 -819.461 0 
1 824.428 0.318832 0.0223314 0.668437 -0.821863 -0.339456 -4.10628 -0.822959 -819.498 0 
2 823.626 0.315702 0.0223321 0.673112 -0.86587 -0.277743 -4.16874 -0.158873 -819.298 0 
1 824.405 0.314024 0.0223834 0.67339 -0.858802 -0.269506 -4.15233 -0.966902 -819.285 0 
2 823.932 0.31553 0.0223205 0.673723 -0.87238 -0.279039 -4.20112 -0.379122 -819.352 0 
7 823.806 0.312846 0.0224923 0.675604 -0.842089 -0.323702 -4.18063 -0.388171 -819.238 0 
3 826.035 0.311811 0.0221878 0.678728 -0.903679 -0.267503 -4.3764 -1.50298 -820.155 0 
4 823.681 0.312676 0.022422 0.67537 -0.848383 -0.315345 -4.13827 -0.290413 -819.252 0 
1 824.067 0.316124 0.0222419 0.672675 -0.868458 -0.28468 -4.19119 -0.565602 -819.311 0 
2 823.87 0.31509 0.0223122 0.672501 -0.856049 -0.275634 -4.15966 -0.436638 -819.274 0 
3 825.561 0.310168 0.0223604 0.675934 -0.86219 -0.262726 -4.26117 -1.94066 -819.359 0 
1 824.941 0.309837 0.0222548 0.677383 -0.871192 -0.282169 -4.19313 -1.22576 -819.522 0 
1 824.612 0.311786 0.0223159 0.674625 -0.840142 -0.322869 -4.28108 -1.09102 -819.24 0 
1 825.238 0.320111 0.0222012 0.671915 -0.888137 -0.287623 -4.96335 -0.851434 -819.423 0 
2 824.233 0.31449 0.0222629 0.676125 -0.888695 -0.283253 -4.32625 -0.258059 -819.649 0 
2 824.426 0.319509 0.0225165 0.670008 -0.828736 -0.327409 -4.14118 -0.833493 -819.451 0 
4 825.062 0.31831 0.0223304 0.673215 -0.889332 -0.270355 -4.75259 -0.836226 -819.473 0 
2 825.35 0.322497 0.0223641 0.669172 -0.878408 -0.256445 -5.19703 -0.845568 -819.308 0 
9 825.185 0.321325 0.022356 0.66999 -0.882505 -0.248144 -5.09895 -0.754937 -819.331 0 
3 824.656 0.318944 0.0224325 0.671889 -0.881166 -0.23734 -4.71581 -0.591099 -819.349 0 
2 824.712 0.318115 0.0223462 0.672458 -0.89413 -0.222848 -4.86812 -0.362045 -819.482 0 
10 824.413 0.308969 0.0223608 0.678289 -0.879976 -0.242947 -4.23411 -0.554003 -819.625 0 
2 825.165 0.313613 0.0224713 0.675111 -0.866833 -0.24094 -4.25233 -1.58496 -819.328 0 
1 825.36 0.316588 0.0223868 0.674234 -0.891729 -0.221496 -4.59371 -1.2748 -819.492 0 
1 825.035 0.310411 0.0225271 0.678959 -0.896796 -0.19526 -4.2819 -0.975082 -819.778 0 
7 825.145 0.315269 0.0225607 0.673893 -0.885168 -0.183228 -4.57671 -1.14551 -819.423 0 
2 825.085 0.310302 0.0225836 0.676306 -0.876543 -0.175216 -4.49671 -1.15902 -819.429 0 
2 826.907 0.304484 0.0226885 0.682029 -0.880213 -0.189247 -4.75514 -2.4617 -819.69 0 
5 825.545 0.314657 0.0224864 0.676336 -0.91028 -0.181421 -4.75426 -0.963388 -819.827 0 
1 825.64 0.310259 0.0225425 0.679073 -0.892583 -0.222207 -4.21782 -1.65032 -819.772 0 
2 826.003 0.313787 0.0225971 0.677007 -0.880515 -0.242277 -4.23016 -2.32216 -819.451 0 
2 827.269 0.311944 0.02263 0.678542 -0.887995 -0.211204 -4.27158 -3.42282 -819.575 0 
2 826.148 0.3138 0.0225514 0.676332 -0.875109 -0.237639 -4.23984 -2.52373 -819.385 0 
6 824.041 0.317391 0.022432 0.670992 -0.870129 -0.214936 -4.55212 -0.148721 -819.34 0 
1 825.425 0.305194 0.0224546 0.680707 -0.880177 -0.208896 -4.62248 -1.09044 -819.712 0 
3 824.626 0.311323 0.0224593 0.677324 -0.897225 -0.195315 -4.30968 -0.574129 -819.742 0 
1 825.276 0.310093 0.0224184 0.68071 -0.917696 -0.201792 -4.41941 -0.417407 -820.439 0 
2 826.554 0.318458 0.0223783 0.674544 -0.915458 -0.211666 -5.44933 -1.27017 -819.834 0 
1 825.445 0.311802 0.0225419 0.678951 -0.896632 -0.225777 -4.27202 -1.37821 -819.794 0 
9 825.103 0.30808 0.0223838 0.682284 -0.908812 -0.237763 -4.3035 -0.310607 -820.489 0 
4 827.168 0.309549 0.0224916 0.68122 -0.894295 -0.242511 -4.21001 -3.02914 -819.929 0 
2 825.547 0.309062 0.0226169 0.679938 -0.865061 -0.271227 -4.32858 -1.78517 -819.433 0 
1 826.784 0.311707 0.02269 0.675174 -0.825569 -0.302888 -4.68283 -2.75253 -819.349 0 
1 825.925 0.315489 0.0225117 0.670944 -0.822666 -0.312285 -4.3236 -2.13551 -819.466 0 
3 825.518 0.321121 0.0223181 0.666664 -0.828453 -0.323399 -4.21428 -1.76872 -819.535 0 
1 825.914 0.320701 0.022294 0.665923 -0.819019 -0.325068 -4.2309 -1.97378 -819.709 0 
3 824.366 0.316834 0.0222686 0.671026 -0.849234 -0.308086 -4.08983 -1.02539 -819.251 0 
3 825.344 0.319524 0.022217 0.67002 -0.873476 -0.276325 -4.59608 -1.45136 -819.296 0 
2 827.335 0.326928 0.0222662 0.666459 -0.888933 -0.255157 -6.57338 -1.43676 -819.325 0 
3 824.37 0.31627 0.0224246 0.670807 -0.841946 -0.278985 -4.23393 -0.793412 -819.343 0 
1 824.71 0.313874 0.0224487 0.673939 -0.858413 -0.271427 -4.14623 -1.27942 -819.285 0 
1 826.523 0.319128 0.0224396 0.669672 -0.853609 -0.27628 -4.33808 -2.87492 -819.31 0 
1 825.669 0.316696 0.0223845 0.67195 -0.865813 -0.267895 -4.25215 -2.1262 -819.291 0 
1 824.873 0.316302 0.0224911 0.671623 -0.852723 -0.259771 -4.25721 -1.30726 -819.309 0 
1 824.02 0.314206 0.0223367 0.673662 -0.861085 -0.28102 -4.11523 -0.613437 -819.291 0 
1 824.141 0.31164 0.0223283 0.678178 -0.891491 -0.267291 -4.22466 -0.0974222 -819.819 0 
8 823.958 0.313981 0.0223139 0.675686 -0.880707 -0.280086 -4.20144 -0.243551 -819.513 0 
2 824.786 0.316988 0.0224104 0.67491 -0.885168 -0.274551 -4.47292 -0.850642 -819.463 0 
1 824.77 0.315852 0.0222742 0.674759 -0.884873 -0.269795 -4.3524 -0.928233 -819.49 0 
4 824.438 0.315706 0.0222129 0.672469 -0.858731 -0.299106 -4.09871 -1.07565 -819.264 0 
2 823.924 0.312739 0.0223725 0.674529 -0.847007 -0.307908 -4.16377 -0.50924 -819.251 0 
1 824.284 0.308227 0.0224431 0.679211 -0.846449 -0.333324 -4.59283 -0.363605 -819.328 0 
2 823.521 0.316192 0.022345 0.674008 -0.863654 -0.309975 -4.12101 -0.114808 -819.285 0 
1 824.198 0.313203 0.0223393 0.678289 -0.881893 -0.325057 -4.23607 -0.265348 -819.697 0 
2 824.651 0.312403 0.0223164 0.678703 -0.887854 -0.318202 -4.30587 -0.475453 -819.87 0 
1 824.984 0.307325 0.0223945 0.683081 -0.88706 -0.322829 -4.42051 -0.310831 -820.253 0 
13 825.607 0.30662 0.0223085 0.681069 -0.860967 -0.350309 -4.62386 -1.3046 -819.678 0 
2 823.937 0.314772 0.022322 0.673447 -0.836408 -0.36457 -4.02642 -0.701449 -819.209 0 
8 823.894 0.316776 0.0224224 0.671812 -0.81477 -0.3985 -4.02254 -0.532971 -819.338 0 
3 823.951 0.313341 0.0222972 0.677684 -0.863334 -0.371406 -4.13107 -0.367751 -819.452 0 
3 824.495 0.308373 0.0223252 0.682246 -0.869155 -0.381084 -4.48037 -0.111196 -819.903 0 
1 825.896 0.308191 0.0223568 0.681025 -0.870089 -0.35139 -4.40002 -1.68551 -819.811 0 
2 826.469 0.304121 0.0223103 0.684204 -0.869375 -0.365341 -4.99846 -1.30916 -820.161 0 
6 825.265 0.312586 0.022359 0.676307 -0.845866 -0.377251 -4.11433 -1.88513 -819.266 0 
5 824.807 0.317048 0.0221487 0.673476 -0.864883 -0.365624 -4.23842 -1.24066 -819.328 0 
1 824.332 0.315545 0.0222029 0.675898 -0.869046 -0.378025 -4.26799 -0.593426 -819.471 0 
2 823.86 0.321596 0.0223412 0.67012 -0.838655 -0.385888 -4.13877 -0.499442 -819.222 0 
2 826.548 0.31878 0.0225069 0.674245 -0.837998 -0.402949 -3.97035 -3.40046 -819.177 0 
4 825.227 0.323749 0.0222737 0.669488 -0.855102 -0.384928 -4.75856 -1.28994 -819.178 0 
1 825.602 0.325109 0.0221846 0.66596 -0.832308 -0.401325 -4.42428 -1.85147 -819.327 0 
4 826.135 0.319252 0.0221295 0.671686 -0.858792 -0.392062 -4.37009 -2.52708 -819.238 0 
6 826.722 0.32207 0.0220509 0.670877 -0.873172 -0.391968 -5.11866 -2.29081 -819.312 0 
1 827.347 0.326499 0.0221975 0.667401 -0.852 -0.418616 -5.27197 -2.91998 -819.155 0 
6 824.663 0.312145 0.0222716 0.680168 -0.858216 -0.44899 -4.43747 -0.571487 -819.655 0 
1 824.591 0.315385 0.0223804 0.673893 -0.790551 -0.523309 -4.34155 -0.95243 -819.297 0 
2 824.839 0.318997 0.0223566 0.674643 -0.832161 -0.494896 -4.16034 -1.53785 -819.14 0 
7 824.369 0.32095 0.02232 0.669296 -0.799835 -0.484923 -3.81629 -1.12677 -819.426 0 
5 823.628 0.321088 0.0222794 0.670733 -0.826723 -0.446983 -3.98413 -0.459552 -819.185 0 
6 823.989 0.317226 0.0224547 0.672427 -0.807607 -0.439799 -3.98671 -0.67374 -819.329 0 
3 823.649 0.318852 0.0223544 0.672074 -0.820536 -0.431696 -3.88873 -0.528334 -819.232 0 
1 823.832 0.317837 0.022372 0.670412 -0.78976 -0.455527 -4.14328 -0.0523634 -819.636 0 
8 823.699 0.314483 0.0223222 0.674132 -0.809792 -0.44591 -4.23505 -0.23 -819.234 0 
1 825.965 0.323155 0.022212 0.670177 -0.846157 -0.413749 -4.42936 -2.37585 -819.16 0 
1 827.146 0.324298 0.0219856 0.667061 -0.843387 -0.414568 -4.54466 -3.42547 -819.176 0 
4 828.59 0.326675 0.0220544 0.667284 -0.880887 -0.359413 -6.31314 -3.0247 -819.252 0 
1 828.288 0.32383 0.0220929 0.670242 -0.900597 -0.319537 -6.34906 -2.40163 -819.537 0 
2 827.212 0.321037 0.0220667 0.671521 -0.893168 -0.327128 -5.43756 -2.23439 -819.54 0 
2 826.458 0.318135 0.0221195 0.674824 -0.899612 -0.327142 -5.14362 -1.47243 -819.842 0 
1 824.987 0.318182 0.0223073 0.672484 -0.86016 -0.345735 -4.21494 -1.5287 -819.243 0 
8 823.804 0.311333 0.0223407 0.678855 -0.861962 -0.368071 -4.19284 -0.101294 -819.509 0 
2 826.219 0.305619 0.0223311 0.682075 -0.857577 -0.36716 -4.85238 -1.64486 -819.722 0 
1 825.9 0.303467 0.022388 0.684206 -0.8461 -0.396391 -5.58295 -0.621388 -819.695 0 
2 825.369 0.309721 0.0221703 0.679829 -0.873971 -0.3604 -4.32028 -1.19821 -819.85 0 
2 824.888 0.307864 0.022306 0.681957 -0.857957 -0.393183 -4.59449 -0.597543 -819.696 0 
1 823.826 0.310639 0.0224242 0.678783 -0.842667 -0.390041 -4.32426 -0.200961 -819.301 0 
3 823.561 0.31296 0.0223702 0.676935 -0.853307 -0.36494 -4.08372 -0.163918 -819.313 0 
2 823.944 0.310926 0.0223025 0.679067 -0.863258 -0.361488 -4.20258 -0.206317 -819.535 0 
1 825.387 0.321432 0.0221725 0.668236 -0.823364 -0.393767 -3.97472 -2.04672 -819.366 0 
1 825.883 0.31998 0.0221359 0.671176 -0.833813 -0.430509 -3.98539 -2.73487 -819.163 0 
1 825.304 0.320739 0.0220982 0.671432 -0.841985 -0.451776 -4.23771 -1.92133 -819.145 0 
2 826.272 0.329323 0.0222589 0.664622 -0.811919 -0.491243 -4.59325 -2.17538 -819.504 0 
2 824.8 0.322869 0.0223337 0.66933 -0.819702 -0.46202 -4.01487 -1.53432 -819.251 0 
9 824.449 0.320524 0.0221749 0.670691 -0.831013 -0.455841 -4.0614 -1.24159 -819.146 0 
1 825.229 0.317507 0.0220932 0.674272 -0.852421 -0.449725 -4.31434 -1.62113 -819.294 0 
5 825.262 0.312785 0.022125 0.678293 -0.843057 -0.491696 -4.47501 -1.3365 -819.451 0 
2 825.091 0.309847 0.0222196 0.67951 -0.816549 -0.527688 -5.02851 -0.777187 -819.286 0 
1 825.341 0.311559 0.0221353 0.679024 -0.838386 -0.499317 -4.59406 -1.29498 -819.452 0 
7 824.17 0.311428 0.0223931 0.678963 -0.808942 -0.526029 -4.79919 -0.178939 -819.192 0 
3 825.04 0.31576 0.022488 0.674069 -0.772519 -0.561364 -4.59259 -0.946279 -819.501 0 
5 824.834 0.31684 0.022443 0.672257 -0.75749 -0.581096 -4.70975 -0.283065 -819.842 0 
2 824.926 0.313703 0.0223113 0.677365 -0.796016 -0.569825 -4.66667 -1.08834 -819.171 0 
2 824.904 0.312777 0.0222849 0.677051 -0.788495 -0.570888 -4.93735 -0.761541 -819.205 0 
1 825.075 0.321711 0.0222271 0.667363 -0.755937 -0.595144 -3.95518 -1.01995 -820.1 0 
4 824.64 0.319452 0.0221853 0.669604 -0.772583 -0.569117 -4.04423 -0.979044 -819.617 0 
6 827.61 0.315925 0.0220845 0.672699 -0.782394 -0.565525 -4.4363 -3.85554 -819.318 0 
7 827.485 0.317159 0.0221051 0.671133 -0.766699 -0.587762 -4.4826 -3.42004 -819.582 0 
1 824.621 0.318453 0.0222203 0.671916 -0.772291 -0.601672 -4.21689 -0.948429 -819.456 0 
2 824.609 0.31815 0.0224021 0.673647 -0.778517 -0.587929 -4.18448 -1.04986 -819.374 0 
7 824.702 0.325791 0.022226 0.667711 -0.801136 -0.551048 -4.06796 -1.29596 -819.338 0 
5 823.951 0.319623 0.0222539 0.671636 -0.808728 -0.516906 -3.93842 -0.829518 -819.183 0 
1 824.15 0.314587 0.0223891 0.674197 -0.786669 -0.517737 -4.53869 -0.262613 -819.348 0 
3 824.48 0.315654 0.0222859 0.67318 -0.790854 -0.502672 -4.3315 -0.794406 -819.354 0 
1 825.383 0.314307 0.0223125 0.674559 -0.785387 -0.521756 -4.66012 -1.37302 -819.35 0 
3 826.043 0.313106 0.0224263 0.673509 -0.757322 -0.538351 -5.72502 -0.447201 -819.871 0 
2 825.84 0.318329 0.0224 0.668858 -0.741282 -0.56531 -4.92041 -0.287079 -820.633 0 
1 826.748 0.314979 0.0224186 0.672468 -0.743039 -0.581033 -5.68762 -0.850505 -820.21 0 
2 827.06 0.317094 0.022266 0.668848 -0.745732 -0.557107 -5.06288 -1.58431 -820.412 0 
7 825.02 0.320365 0.0221835 0.669291 -0.782186 -0.532771 -3.8905 -1.5443 -819.585 0 
2 826.457 0.321443 0.0220587 0.668611 -0.786056 -0.554257 -3.82436 -3.17713 -819.456 0 
1 826.587 0.328034 0.0220164 0.663894 -0.78774 -0.557427 -3.95952 -2.91815 -819.71 0 
4 826.196 0.325305 0.0220381 0.665623 -0.790104 -0.539041 -3.80915 -2.79052 -819.597 0 
1 825.41 0.32696 0.022181 0.663466 -0.770939 -0.548554 -3.71392 -1.46485 -820.231 0 
2 825.233 0.324519 0.0223486 0.667694 -0.777497 -0.544275 -3.7157 -1.64426 -819.873 0 
1 824.83 0.321764 0.0223538 0.667498 -0.750554 -0.567101 -4.10922 -0.222101 -820.499 0 
2 825.798 0.32256 0.022249 0.668145 -0.76727 -0.567204 -3.81857 -2.03788 -819.942 0 
1 824.895 0.320255 0.0223465 0.668582 -0.754242 -0.558156 -4.26552 -0.327253 -820.302 0 
3 825.193 0.321628 0.0223846 0.668892 -0.762515 -0.557186 -3.9594 -1.1323 -820.101 0 
1 824.56 0.320135 0.0222945 0.668129 -0.761664 -0.541466 -4.14619 -0.282446 -820.131 0 
3 823.766 0.323298 0.0222528 0.668534 -0.797242 -0.523257 -3.82116 -0.524797 -819.42 0 
2 823.987 0.321083 0.0223735 0.671047 -0.798437 -0.52378 -3.83911 -0.825149 -819.323 0 
2 824.884 0.317266 0.0223528 0.671597 -0.777856 -0.538918 -4.24362 -1.11251 -819.528 0 
4 824.691 0.315378 0.0221998 0.673524 -0.790615 -0.535654 -4.37393 -1.05005 -819.267 0 
1 825.243 0.31696 0.0221708 0.673559 -0.803319 -0.530567 -4.09309 -1.97354 -819.176 0 
6 825.361 0.319267 0.0221083 0.671838 -0.807289 -0.533553 -3.96585 -2.23184 -819.163 0 
6 825.144 0.320172 0.0221241 0.671214 -0.802197 -0.545904 -3.9329 -2.01316 -819.198 0 
1 824.427 0.324818 0.0222509 0.665531 -0.762822 -0.57193 -3.69995 -0.511655 -820.215 0 
1 824.497 0.319896 0.0223013 0.670813 -0.788787 -0.551567 -3.91621 -1.21977 -819.361 0 
1 824.362 0.312857 0.0223658 0.678757 -0.820628 -0.527445 -4.53214 -0.599585 -819.23 0 
2 825.371 0.317713 0.0222142 0.674856 -0.847982 -0.472631 -4.38184 -1.7168 -819.272 0 
2 826.799 0.325278 0.0222139 0.669788 -0.836397 -0.512805 -4.91877 -2.79016 -819.09 0 
1 825.5 0.319549 0.0222239 0.674928 -0.835625 -0.534551 -4.46472 -1.85418 -819.181 0 
2 824.394 0.319481 0.0221771 0.673382 -0.823547 -0.534173 -4.19907 -1.07672 -819.119 0 
1 826.197 0.308386 0.0224312 0.684604 -0.843251 -0.521234 -5.17981 -1.16969 -819.848 0 
6 825.542 0.306634 0.0223208 0.684856 -0.841467 -0.520515 -5.48803 -0.124839 -819.929 0 
4 826.947 0.304205 0.0223981 0.68582 -0.838918 -0.494747 -5.89485 -1.14184 -819.911 0 
3 825.891 0.306467 0.0225069 0.684295 -0.821922 -0.509146 -5.64817 -0.794467 -819.448 0 
1 826.849 0.30766 0.0223085 0.68495 -0.85984 -0.472786 -5.00864 -1.68902 -820.152 0 
1 825.917 0.314882 0.0223268 0.678966 -0.854342 -0.464262 -4.36008 -2.08589 -819.471 0 
4 825.636 0.314342 0.0224154 0.678395 -0.833 -0.47376 -4.18612 -2.22819 -819.222 0 
1 824.126 0.319236 0.0222962 0.673545 -0.831571 -0.483102 -4.10884 -0.881955 -819.135 0 
1 825.248 0.321745 0.022208 0.672213 -0.853164 -0.446746 -4.62749 -1.43858 -819.182 0 
2 827.647 0.327182 0.0221902 0.665094 -0.817847 -0.47259 -4.4523 -3.81981 -819.375 0 
2 828.762 0.331689 0.0219936 0.660609 -0.806708 -0.49731 -4.87485 -4.16352 -819.723 0 
2 826.653 0.330014 0.0222413 0.66293 -0.795429 -0.511918 -4.30913 -2.48578 -819.858 0 
2 824.137 0.323088 0.0222926 0.668174 -0.78945 -0.530722 -3.77571 -0.815538 -819.546 0 
2 824.698 0.314531 0.0223009 0.673768 -0.769443 -0.571306 -4.92011 -0.290754 -819.487 0 
2 826.714 0.314568 0.0224944 0.673028 -0.73512 -0.608462 -6.003 -0.40732 -820.304 0 
3 825.47 0.315267 0.0222629 0.674521 -0.776866 -0.582444 -4.6564 -1.47113 -819.342 0 
2 826.132 0.315852 0.0224219 0.671989 -0.741696 -0.59216 -5.45046 -0.435844 -820.246 0 
8 826.421 0.322066 0.0222499 0.667263 -0.742172 -0.607971 -4.15181 -1.69916 -820.57 0 
1 827.451 0.319415 0.0223152 0.666839 -0.724135 -0.60187 -5.12627 -1.08603 -821.238 0 
7 824.547 0.319666 0.022256 0.670393 -0.774519 -0.559842 -4.01492 -0.911836 -819.62 0 
3 823.893 0.321403 0.022204 0.668887 -0.792188 -0.52378 -3.80726 -0.640378 -819.446 0 
2 824.255 0.320286 0.0221733 0.671008 -0.809827 -0.508253 -3.89472 -1.16157 -819.199 0 
7 824.503 0.327811 0.0222588 0.664001 -0.779216 -0.528497 -3.81142 -0.56152 -820.13 0 
1 826.103 0.313391 0.0223973 0.677081 -0.807192 -0.486635 -4.44711 -2.47035 -819.185 0 
2 825.445 0.313609 0.0224497 0.675173 -0.783188 -0.500957 -4.87552 -1.13911 -819.43 0 
4 827.04 0.322642 0.022356 0.671586 -0.829741 -0.46033 -4.10969 -3.76988 -819.16 0 
1 826.089 0.317418 0.0224087 0.675468 -0.835158 -0.439492 -3.97796 -2.94918 -819.162 0 
3 826.471 0.324465 0.0225447 0.667648 -0.798508 -0.438539 -3.91728 -2.70563 -819.848 0 
8 827.186 0.326967 0.022531 0.665894 -0.795103 -0.450246 -4.01146 -3.13113 -820.043 0 
1 826.347 0.322755 0.0225773 0.666524 -0.778833 -0.419512 -4.19531 -1.61071 -820.541 0 
1 825.906 0.327242 0.0224738 0.663983 -0.801826 -0.386497 -4.34461 -1.2945 -820.267 0 
2 826.447 0.326293 0.0225449 0.6634 -0.785821 -0.388172 -4.3324 -1.30263 -820.812 0 
7 825.672 0.320907 0.0225239 0.666131 -0.782861 -0.376594 -4.51124 -0.599128 -820.561 0 
4 824.171 0.324103 0.0223468 0.666475 -0.835646 -0.329965 -4.47818 -0.194046 -819.498 0 
1 824.413 0.319686 0.0224171 0.669527 -0.830183 -0.323362 -4.17024 -0.793913 -819.449 0 
1 823.926 0.313971 0.0223633 0.673219 -0.846192 -0.289315 -4.19852 -0.459929 -819.267 0 
4 824.339 0.316371 0.0224397 0.671056 -0.821464 -0.326768 -4.28079 -0.595683 -819.463 0 
1 824.566 0.319642 0.022444 0.669919 -0.830204 -0.327684 -4.1473 -0.987115 -819.431 0 
2 824.612 0.317997 0.0225263 0.672323 -0.84491 -0.312609 -4.11529 -1.22264 -819.274 0 
6 824.318 0.317026 0.0224702 0.67005 -0.812187 -0.344003 -4.28228 -0.439623 -819.596 0 
4 823.451 0.314612 0.0223812 0.673462 -0.834447 -0.346508 -4.09024 -0.125229 -819.236 0 
2 823.738 0.315277 0.0224309 0.673061 -0.838195 -0.331098 -4.06642 -0.424724 -819.247 0 
2 824.477 0.314444 0.02254 0.674847 -0.831051 -0.350033 -4.14452 -1.08598 -819.246 0 
3 824.353 0.31266 0.0225411 0.675104 -0.832188 -0.322501 -4.3562 -0.730647 -819.267 0 
1 824.83 0.314573 0.0224857 0.673996 -0.834224 -0.322577 -4.20707 -1.34587 -819.277 0 
1 824.717 0.317161 0.0224714 0.669963 -0.813248 -0.328857 -4.38676 -0.681201 -819.649 0 
1 824.499 0.312607 0.0223031 0.673949 -0.848569 -0.297107 -4.18809 -1.05265 -819.259 0 
11 824.237 0.32317 0.0223541 0.666139 -0.827365 -0.33378 -4.31466 -0.321281 -819.601 0 
4 825.842 0.321242 0.0224836 0.666598 -0.816596 -0.321703 -4.29379 -1.73062 -819.818 0 
1 827 0.318948 0.0225526 0.666404 -0.774308 -0.366016 -5.06171 -1.08842 -820.85 0 
2 826.694 0.322405 0.0226119 0.666797 -0.785238 -0.395772 -4.25143 -2.0034 -820.439 0 
1 826.336 0.320962 0.0226043 0.668946 -0.81043 -0.353347 -4.18297 -2.36233 -819.79 0 
4 827.455 0.328606 0.0225318 0.660169 -0.76801 -0.396005 -4.60678 -0.971119 -821.878 0 
2 825.482 0.328893 0.0223571 0.660679 -0.784164 -0.407439 -4.36584 -0.153679 -820.963 0 
2 827.109 0.330259 0.0223904 0.658446 -0.752774 -0.458296 -4.2961 -0.534603 -822.278 0 
3 825.222 0.328 0.0223973 0.66234 -0.788186 -0.412387 -4.25258 -0.30926 -820.66 0 
1 824.33 0.325493 0.0223118 0.665217 -0.81806 -0.377087 -4.28886 -0.322298 -819.719 0 
5 825.022 0.319981 0.0224335 0.671142 -0.825564 -0.384964 -3.95771 -1.74404 -819.32 0 
4 824.846 0.320547 0.0223941 0.67088 -0.846753 -0.335576 -4.19754 -1.39589 -819.253 0 
3 824.739 0.324309 0.0223208 0.668054 -0.844735 -0.357739 -4.54953 -0.902704 -819.287 0 
1 824.724 0.315175 0.0222034 0.676041 -0.861707 -0.383623 -4.13663 -1.20747 -819.38 0 
1 823.728 0.318593 0.0224113 0.671116 -0.817469 -0.408438 -3.91276 -0.49434 -819.321 0 
2 824.045 0.315401 0.022281 0.675595 -0.852959 -0.383022 -4.0434 -0.734534 -819.267 0 
2 825.139 0.319786 0.0221839 0.671936 -0.854759 -0.378236 -4.22626 -1.71228 -819.2 0 
1 826.464 0.327005 0.0221686 0.667066 -0.86137 -0.374082 -5.52261 -1.7481 -819.193 0 
4 827.359 0.329773 0.0221112 0.663031 -0.844382 -0.385467 -5.61146 -2.38608 -819.361 0 
2 828.11 0.333864 0.0222791 0.660542 -0.82491 -0.40445 -5.90314 -2.32124 -819.886 0 
1 828.983 0.336118 0.0221982 0.657387 -0.810555 -0.419255 -6.01359 -2.54492 -820.424 0 
1 827.521 0.335358 0.0221958 0.657984 -0.797084 -0.457778 -5.30958 -1.63007 -820.581 0 
6 825.235 0.330266 0.0222216 0.661355 -0.795586 -0.450302 -4.3664 -0.599837 -820.269 0 
4 823.652 0.319773 0.0223721 0.669815 -0.796098 -0.454046 -3.91846 -0.15115 -819.583 0 
1 825.644 0.322202 0.0222779 0.670079 -0.82192 -0.443771 -3.94676 -2.44015 -819.257 0 
1 826.427 0.313962 0.0221198 0.676029 -0.834045 -0.456539 -4.16516 -3.04147 -819.22 0 
3 825.908 0.31413 0.0220889 0.675184 -0.842962 -0.423261 -4.09961 -2.55512 -819.253 0 
1 825.354 0.318012 0.0224171 0.672247 -0.822398 -0.426898 -3.90884 -2.23215 -819.213 0 
2 825.992 0.30428 0.0223588 0.686898 -0.880626 -0.397411 -5.10758 -0.10142 -820.783 0 
4 825.586 0.310018 0.0225524 0.681308 -0.837954 -0.431405 -4.51786 -1.73031 -819.338 0 
2 825.37 0.316967 0.0225555 0.674394 -0.811393 -0.448116 -3.98258 -2.13339 -819.254 0 
1 826.086 0.316538 0.022255 0.676553 -0.854958 -0.432064 -4.20625 -2.55103 -819.329 0 
9 825.708 0.323359 0.0224752 0.669649 -0.803034 -0.481614 -3.8336 -2.40418 -819.47 0 
2 825.346 0.326762 0.0223326 0.666361 -0.820267 -0.442994 -4.36735 -1.54999 -819.429 0 
1 825.549 0.32412 0.0222787 0.668027 -0.830829 -0.430324 -4.29427 -2.01788 -819.236 0 
6 825.13 0.324102 0.0223688 0.669277 -0.823421 -0.446704 -4.11426 -1.73797 -819.278 0 
1 825.017 0.324297 0.022445 0.665984 -0.787643 -0.453115 -3.87205 -1.05729 -820.088 0 
2 825.714 0.325216 0.0224633 0.665816 -0.787572 -0.46533 -3.85255 -1.78651 -820.075 0 
1 826.044 0.326327 0.0224502 0.666619 -0.817572 -0.417802 -4.26952 -2.20307 -819.572 0 
2 824.647 0.321053 0.0223934 0.667662 -0.797282 -0.424449 -3.9253 -0.958973 -819.763 0 
2 824.457 0.317361 0.022219 0.672026 -0.822341 -0.42066 -3.93226 -1.30875 -819.216 0 
2 824.299 0.319092 0.0221684 0.670689 -0.840999 -0.38933 -4.02426 -1.09002 -819.185 0 
1 823.251 0.318047 0.0223203 0.672179 -0.83966 -0.376094 -3.97689 -0.0756073 -819.199 0 
1 824.334 0.321677 0.0222088 0.668294 -0.841008 -0.362244 -4.20629 -0.872271 -819.256 0 
1 825.383 0.320412 0.0222227 0.672318 -0.867305 -0.357691 -4.52525 -1.59785 -819.26 0 
1 824.68 0.319775 0.0224179 0.672471 -0.852928 -0.36316 -4.20974 -1.27014 -819.2 0 
2 825.574 0.317275 0.0223765 0.671769 -0.841968 -0.348256 -4.00311 -2.34887 -819.222 0 
2 824.906 0.324469 0.0221824 0.666338 -0.838438 -0.356711 -4.46324 -1.0748 -819.368 0 
9 823.579 0.319337 0.0222919 0.669358 -0.827777 -0.357229 -4.01606 -0.204892 -819.358 0 
5 823.421 0.319092 0.0222997 0.669965 -0.828212 -0.367573 -3.98096 -0.124996 -819.315 0 
5 823.348 0.318542 0.0223945 0.670994 -0.824616 -0.376827 -3.963 -0.0667394 -819.319 0 
7 824.51 0.320966 0.0222224 0.668414 -0.823624 -0.38087 -3.99046 -1.12918 -819.39 0 
4 825.15 0.319035 0.0224324 0.671008 -0.806005 -0.418719 -3.97457 -1.68609 -819.49 0 
11 824.016 0.318838 0.0224252 0.671612 -0.814345 -0.417613 -3.91405 -0.757886 -819.344 0 
1 824.88 0.32744 0.0223796 0.663094 -0.791027 -0.426147 -4.12782 -0.361008 -820.391 0 
2 824.994 0.320238 0.0221918 0.669102 -0.832035 -0.366506 -4.01995 -1.67277 -819.302 0 
1 825.234 0.322392 0.022305 0.667392 -0.808911 -0.397594 -3.9937 -1.56647 -819.674 0 
1 824.143 0.320531 0.0223637 0.667244 -0.793394 -0.407578 -4.08159 -0.121898 -819.94 0 
1 823.979 0.319606 0.0223056 0.66825 -0.802106 -0.405092 -4.01271 -0.303954 -819.662 0 
9 824.375 0.324685 0.0223648 0.664999 -0.789457 -0.440803 -3.92143 -0.319391 -820.135 0 
1 823.597 0.32165 0.0223332 0.667856 -0.796916 -0.446536 -3.85983 -0.0474607 -819.69 0 
1 823.296 0.318667 0.0223006 0.670864 -0.811576 -0.438722 -3.8931 -0.0882007 -819.315 0 
1 823.405 0.31666 0.0223322 0.67202 -0.811718 -0.425133 -4.01684 -0.0877543 -819.301 0 
8 823.254 0.318683 0.0223598 0.671413 -0.819153 -0.420108 -3.89605 -0.0878067 -819.271 0 
3 824.89 0.316973 0.0224054 0.673123 -0.817992 -0.409769 -3.99293 -1.62362 -819.273 0 
2 824.964 0.321 0.0223602 0.669615 -0.8064 -0.432705 -3.87815 -1.58087 -819.505 0 
1 823.803 0.321975 0.022285 0.669869 -0.830262 -0.421008 -4.04776 -0.533538 -819.222 0 
7 827.058 0.326194 0.0221638 0.661169 -0.768075 -0.467038 -3.95761 -2.17956 -820.921 0 
2 825.919 0.327462 0.0223433 0.661491 -0.771801 -0.453246 -4.02746 -0.902219 -820.99 0 
4 825.868 0.332021 0.0222261 0.659165 -0.774582 -0.48359 -4.23551 -0.600559 -821.031 0 
1 826.119 0.330208 0.0221455 0.6617 -0.791782 -0.479121 -4.2216 -1.69929 -820.198 0 
1 826.275 0.332053 0.0221426 0.660382 -0.800992 -0.453642 -4.72234 -1.36113 -820.192 0 
2 827.995 0.334695 0.022047 0.658995 -0.80813 -0.469883 -5.45693 -2.49786 -820.04 0 
2 827.625 0.333233 0.0220395 0.658986 -0.797341 -0.469373 -4.82558 -2.4964 -820.303 0 
5 827.694 0.331875 0.0220612 0.660445 -0.800846 -0.464109 -4.65396 -2.92762 -820.112 0 
2 825.273 0.328888 0.0221925 0.662854 -0.801256 -0.451009 -4.25858 -1.04119 -819.973 0 
2 824.026 0.323494 0.0223866 0.666417 -0.790319 -0.447986 -3.87724 -0.169838 -819.979 0 
1 825.292 0.318987 0.0222729 0.672462 -0.840417 -0.393933 -3.99156 -2.11974 -819.181 0 
1 825.41 0.312397 0.0224105 0.677936 -0.836429 -0.40026 -4.21388 -1.97423 -819.222 0 
2 826.18 0.306445 0.0223707 0.683184 -0.857212 -0.376937 -4.78123 -1.69738 -819.701 0 
2 827.049 0.30101 0.0223356 0.68779 -0.898519 -0.304245 -5.10012 -0.690924 -821.258 0 
1 827.859 0.304721 0.0223255 0.686099 -0.896445 -0.314756 -4.64176 -2.40011 -820.817 0 
7 826.853 0.301949 0.0222765 0.686952 -0.9063 -0.281029 -4.8376 -0.679523 -821.336 0 
4 826.459 0.305317 0.0222734 0.684724 -0.906925 -0.276687 -4.48783 -1.03233 -820.939 0 
1 826.167 0.317661 0.0221034 0.673911 -0.898682 -0.292686 -4.9163 -1.52018 -819.73 0 
2 825.822 0.320875 0.0221044 0.669121 -0.876476 -0.283349 -4.81825 -1.707 -819.296 0 
2 826.058 0.326312 0.0221382 0.663571 -0.852124 -0.291798 -5.2475 -1.34419 -819.466 0 
1 826.526 0.326002 0.0222924 0.661211 -0.817912 -0.29081 -4.92542 -1.30506 -820.296 0 
5 825.753 0.327125 0.022351 0.660802 -0.812401 -0.292248 -5.08813 -0.0850237 -820.579 0 
2 825.688 0.32405 0.0222205 0.665803 -0.842154 -0.305256 -4.64004 -1.56309 -819.485 0 
3 825.595 0.326975 0.0223708 0.663834 -0.839351 -0.302109 -5.10786 -0.803857 -819.684 0 
2 825.551 0.326816 0.0222589 0.661487 -0.820019 -0.305909 -4.89924 -0.473207 -820.179 0 
8 824.212 0.32019 0.0222647 0.667842 -0.838077 -0.303764 -4.25992 -0.534765 -819.417 0 
1 827.051 0.327558 0.0221583 0.661964 -0.856298 -0.257326 -5.79685 -1.66583 -819.589 0 
5 826.337 0.321544 0.0222417 0.666866 -0.842594 -0.278054 -4.52166 -2.32572 -819.49 0 
2 825.13 0.320497 0.022461 0.667129 -0.826409 -0.274215 -4.58212 -0.761977 -819.786 0 
2 826.954 0.319661 0.0224257 0.664516 -0.805263 -0.266059 -5.07909 -1.43144 -820.444 0 
1 828.881 0.321798 0.0222303 0.668784 -0.887144 -0.202322 -5.3951 -4.11113 -819.375 0 
1 825.608 0.318856 0.0224269 0.67165 -0.879996 -0.216978 -4.75486 -1.50158 -819.351 0 
3 825.053 0.321207 0.0224056 0.669553 -0.884397 -0.206215 -5.25461 -0.432471 -819.366 0 
2 825.03 0.319626 0.0224006 0.670944 -0.895087 -0.18513 -5.25228 -0.340431 -819.438 0 
3 826.246 0.315354 0.0226535 0.671395 -0.838248 -0.229049 -4.70549 -2.01782 -819.523 0 
6 827.325 0.319411 0.0226057 0.668896 -0.834569 -0.243906 -4.72289 -2.90471 -819.698 0 
2 826.436 0.318452 0.0226158 0.669294 -0.841108 -0.222865 -4.77414 -2.04069 -819.621 0 
2 824.899 0.313256 0.0224206 0.67208 -0.84338 -0.24336 -4.52677 -1.01306 -819.359 0 
4 825.208 0.312372 0.0223824 0.672714 -0.854784 -0.218706 -4.51261 -1.36399 -819.332 0 
5 825.547 0.319194 0.0223034 0.666418 -0.832462 -0.256408 -4.58087 -1.29427 -819.672 0 
3 825.242 0.325149 0.0222933 0.664281 -0.854073 -0.239623 -5.36169 -0.279727 -819.601 0 
5 825.973 0.321275 0.0222378 0.667521 -0.865703 -0.228306 -4.90073 -1.69518 -819.377 0 
1 825.391 0.324379 0.0222358 0.664895 -0.858788 -0.2408 -5.26107 -0.637136 -819.493 0 
1 826.117 0.32047 0.0222687 0.665055 -0.830357 -0.257779 -4.65072 -1.68935 -819.777 0 
1 830.845 0.316995 0.0221952 0.66531 -0.821689 -0.245741 -4.85741 -6.11819 -819.87 0 
1 831.591 0.314194 0.0222632 0.666972 -0.812447 -0.25039 -5.27982 -6.37869 -819.933 0 
2 827.534 0.314513 0.022317 0.668777 -0.828097 -0.246266 -4.79351 -3.14289 -819.598 0 
1 825.112 0.315306 0.0224142 0.669828 -0.84309 -0.22697 -4.59723 -1.05553 -819.459 0 
1 824.439 0.31433 0.0225081 0.672329 -0.845285 -0.245523 -4.44476 -0.636682 -819.358 0 
2 824.604 0.309821 0.0224589 0.676658 -0.852107 -0.265286 -4.48575 -0.820866 -819.297 0 
2 825.622 0.309727 0.0222979 0.675712 -0.85615 -0.264332 -4.4054 -1.8965 -819.32 0 
3 825.905 0.306165 0.0223252 0.681196 -0.884948 -0.245633 -4.41073 -1.59075 -819.904 0 
5 826.298 0.307719 0.0222387 0.680858 -0.89604 -0.252899 -4.2635 -1.87937 -820.156 0 
2 824.489 0.310794 0.0223607 0.678461 -0.885835 -0.252888 -4.17449 -0.628301 -819.686 0 
7 824.121 0.316009 0.0224122 0.673411 -0.867823 -0.25537 -4.25709 -0.556761 -819.307 0 
1 824.014 0.319919 0.0223842 0.668879 -0.860351 -0.24145 -4.61964 -0.0371879 -819.357 0 
5 825.15 0.319211 0.0223448 0.668398 -0.863384 -0.225087 -4.65473 -1.13276 -819.363 0 
1 824.965 0.320978 0.0223659 0.669457 -0.890195 -0.195421 -5.37831 -0.19426 -819.392 0 
3 825.312 0.323475 0.0223001 0.666065 -0.876303 -0.205057 -5.59253 -0.313339 -819.406 0 
3 825.332 0.323835 0.0223274 0.666998 -0.876474 -0.219779 -5.55342 -0.400853 -819.377 0 
4 824.862 0.317724 0.0224409 0.672983 -0.893537 -0.203199 -4.841 -0.554949 -819.466 0 
8 826.929 0.320695 0.0225091 0.67142 -0.882672 -0.224619 -5.03234 -2.54978 -819.347 0 
1 828.908 0.321427 0.0224755 0.671922 -0.888446 -0.235687 -5.21524 -4.32646 -819.366 0 
4 826.874 0.321454 0.02246 0.670407 -0.878396 -0.228614 -5.06725 -2.47063 -819.336 0 
1 827.404 0.327586 0.0223331 0.664051 -0.885064 -0.195517 -6.89739 -1.04906 -819.457 0 
2 828.841 0.329706 0.0223067 0.660692 -0.870725 -0.193759 -7.19795 -1.92294 -819.72 0 
2 825.254 0.323785 0.0223657 0.664772 -0.857623 -0.203679 -5.46064 -0.155647 -819.638 0 
1 825.335 0.306816 0.0225079 0.679641 -0.893494 -0.172892 -4.388 -1.12651 -819.82 0 
1 825.469 0.310279 0.0224467 0.676058 -0.901219 -0.136586 -4.49006 -1.25299 -819.726 0 
2 827.237 0.308324 0.0225133 0.674419 -0.863822 -0.145998 -5.07642 -2.76436 -819.396 0 
3 826.393 0.313232 0.0225677 0.670838 -0.863792 -0.133063 -5.09143 -1.82644 -819.476 0 
6 825.671 0.316848 0.0224744 0.67002 -0.89417 -0.110282 -5.34223 -0.842675 -819.486 0 
4 825.53 0.311331 0.0225532 0.674284 -0.879615 -0.147463 -4.62733 -1.4697 -819.433 0 
1 826.682 0.312632 0.0224319 0.672071 -0.87129 -0.167806 -4.58236 -2.7163 -819.383 0 
2 826.08 0.310369 0.0224952 0.673776 -0.862438 -0.177341 -4.7054 -2.00918 -819.365 0 
1 825.911 0.303063 0.022442 0.683372 -0.899831 -0.192125 -4.57118 -0.999802 -820.341 0 
1 825.199 0.311297 0.0224102 0.673853 -0.853504 -0.236212 -4.44716 -1.44381 -819.308 0 
2 824.69 0.308325 0.0225115 0.678402 -0.8713 -0.228161 -4.39588 -0.822406 -819.472 0 
2 826.051 0.310325 0.022609 0.675257 -0.858997 -0.203239 -4.59291 -2.11929 -819.339 0 
3 824.312 0.311226 0.022385 0.676294 -0.888245 -0.204786 -4.26383 -0.454537 -819.593 0 
1 824.15 0.31155 0.0223532 0.676262 -0.88031 -0.228683 -4.21659 -0.43589 -819.498 0 
1 824.925 0.308568 0.0223327 0.678026 -0.886406 -0.213585 -4.26946 -0.960307 -819.695 0 
2 826.984 0.316656 0.0224543 0.673574 -0.901508 -0.193501 -4.88455 -2.50425 -819.595 0 
2 827.36 0.31673 0.0224221 0.675998 -0.922031 -0.203307 -5.36746 -1.91168 -820.081 0 
2 825.089 0.310527 0.0224364 0.680578 -0.90918 -0.232537 -4.35578 -0.46739 -820.266 0 
2 825.302 0.305252 0.022385 0.684176 -0.907724 -0.247213 -4.41033 -0.11581 -820.776 0 
3 825.63 0.307933 0.0224393 0.68285 -0.921062 -0.213035 -4.40404 -0.387486 -820.838 0 
3 827.339 0.30324 0.0223913 0.686528 -0.918345 -0.250703 -4.62022 -1.188 -821.53 0 
2 825.806 0.306743 0.0224239 0.681984 -0.892727 -0.262193 -4.31789 -1.31824 -820.17 0 
1 827.066 0.31186 0.022274 0.680613 -0.938079 -0.221925 -5.1494 -0.691519 -821.225 0 
3 826.49 0.303836 0.0223688 0.686598 -0.926498 -0.236641 -4.58835 -0.140287 -821.761 0 
1 827.426 0.307264 0.0221455 0.68239 -0.927268 -0.226787 -4.51495 -1.62273 -821.288 0 
1 827.491 0.306862 0.0221885 0.682509 -0.938419 -0.188921 -4.59981 -1.297 -821.594 0 
5 828.043 0.309883 0.0223153 0.67789 -0.905327 -0.206019 -4.30329 -3.6685 -820.071 0 
3 827.495 0.310804 0.0221708 0.679793 -0.943553 -0.182348 -5.05208 -1.12264 -821.32 0 
3 827.287 0.312287 0.0223825 0.679967 -0.931546 -0.21168 -4.98333 -1.47778 -820.826 0 
2 826.893 0.312868 0.0224348 0.679093 -0.921829 -0.214316 -4.79407 -1.68326 -820.416 0 
2 826.595 0.310548 0.0224715 0.681261 -0.926809 -0.200022 -4.62984 -1.23155 -820.734 0 
3 827.42 0.312428 0.0226636 0.677726 -0.880182 -0.236818 -4.19899 -3.74079 -819.481 0 
1 829.101 0.315335 0.022377 0.679403 -0.932517 -0.234314 -5.44959 -2.95106 -820.7 0 
2 827.804 0.31425 0.0224262 0.679505 -0.929066 -0.218247 -5.13112 -2.09402 -820.579 0 
1 826.81 0.312429 0.0224851 0.679501 -0.917028 -0.217691 -4.63274 -1.87396 -820.304 0 
3 826.41 0.307838 0.0224496 0.683781 -0.931435 -0.198411 -4.51684 -0.685318 -821.208 0 
2 826.205 0.308683 0.0223806 0.682628 -0.938856 -0.179929 -4.67986 -0.198481 -821.326 0 
6 828.243 0.307097 0.0222352 0.684055 -0.965308 -0.146371 -5.1228 -0.422969 -822.697 0 
5 832.2 0.313541 0.022025 0.679247 -0.983226 -0.132965 -6.95292 -2.5786 -822.669 0 
1 831.064 0.314035 0.0220171 0.676447 -0.965868 -0.119764 -6.29529 -3.20677 -821.562 0 
1 828.283 0.313357 0.0221545 0.674777 -0.929736 -0.142015 -5.06102 -2.92037 -820.301 0 
2 828.181 0.314075 0.0221135 0.671568 -0.88464 -0.189454 -4.4498 -4.29067 -819.441 0 
2 827.515 0.309797 0.0222155 0.674819 -0.873608 -0.214524 -4.32582 -3.74844 -819.441 0 
5 827.011 0.306409 0.0222229 0.680932 -0.90512 -0.207805 -4.30178 -2.37423 -820.335 0 
1 827.144 0.315377 0.0221222 0.673125 -0.904096 -0.213116 -4.713 -2.69048 -819.741 0 
3 829.398 0.311255 0.0220172 0.676507 -0.907987 -0.223842 -4.37021 -4.8968 -820.131 0 
7 829.327 0.310176 0.0221184 0.676019 -0.886351 -0.250578 -4.18007 -5.42419 -819.722 0 
3 828.716 0.310459 0.0222789 0.675051 -0.869495 -0.250334 -4.19684 -5.10197 -819.417 0 
7 825.134 0.311873 0.0224359 0.67519 -0.863296 -0.257341 -4.18976 -1.61225 -819.332 0 
3 826.409 0.31553 0.0225878 0.669597 -0.823131 -0.254028 -4.78295 -1.91434 -819.712 0 
4 824.894 0.311204 0.0225586 0.675855 -0.861086 -0.236592 -4.33132 -1.23822 -819.325 0 
2 824.171 0.310256 0.0223632 0.678117 -0.892985 -0.218633 -4.22511 -0.175626 -819.77 0 
1 824.28 0.310292 0.0224841 0.676956 -0.878018 -0.211637 -4.28758 -0.513293 -819.479 0 
1 824.966 0.306497 0.0225455 0.681728 -0.884793 -0.231247 -4.3817 -0.760316 -819.824 0 
4 824.932 0.311961 0.0222861 0.678303 -0.914027 -0.212696 -4.50304 -0.211166 -820.218 0 
1 824.876 0.315786 0.0223004 0.67364 -0.887309 -0.221884 -4.46273 -0.955856 -819.457 0 
2 824.665 0.313228 0.0223533 0.674098 -0.868976 -0.228916 -4.28283 -1.03823 -819.344 0 
7 824.475 0.315745 0.0224079 0.67347 -0.874945 -0.23004 -4.3586 -0.76693 -819.349 0 
1 824.607 0.316242 0.0225006 0.673659 -0.878741 -0.228643 -4.42062 -0.818117 -819.368 0 
7 825.124 0.320669 0.0224038 0.670804 -0.884469 -0.237744 -5.04163 -0.732911 -819.35 0 
2 824.587 0.316378 0.0222609 0.674249 -0.890058 -0.257221 -4.49675 -0.560111 -819.53 0 
2 824.613 0.314022 0.0223053 0.677104 -0.899128 -0.258336 -4.4385 -0.337021 -819.837 0 
2 825.14 0.315145 0.0221772 0.675419 -0.898135 -0.268219 -4.5441 -0.815081 -819.781 0 
2 825.01 0.320746 0.022214 0.66917 -0.865805 -0.297254 -4.58169 -1.1703 -819.258 0 
1 825.177 0.321665 0.0223222 0.670685 -0.87725 -0.298126 -4.95918 -0.927139 -819.291 0 
2 824.384 0.318358 0.0223914 0.673464 -0.869647 -0.317028 -4.3468 -0.741733 -819.295 0 
1 825.821 0.315646 0.022361 0.676629 -0.874139 -0.328865 -4.19855 -2.18181 -819.441 0 
2 827.559 0.30681 0.0224828 0.683836 -0.875716 -0.317163 -4.46508 -3.18421 -819.909 0 
1 826.684 0.306969 0.0225958 0.680447 -0.82159 -0.369844 -5.46843 -1.98051 -819.235 0 
1 826.159 0.308566 0.0226237 0.67962 -0.834823 -0.355053 -4.7261 -2.18016 -819.252 0 
1 826.166 0.315557 0.0226072 0.675107 -0.844321 -0.340849 -4.01385 -2.93126 -819.221 0 
1 826.529 0.313518 0.0226298 0.675865 -0.837111 -0.342482 -4.12599 -3.17637 -819.227 0 
2 826.481 0.312002 0.0226727 0.677401 -0.84258 -0.322425 -4.23532 -3.0036 -819.242 0 
1 825.259 0.309816 0.0226026 0.67811 -0.829091 -0.350313 -4.68403 -1.34364 -819.231 0 
1 824.841 0.308903 0.0225162 0.680626 -0.857665 -0.327755 -4.37196 -1.02897 -819.44 0 
1 826.425 0.304748 0.0223794 0.684897 -0.882262 -0.314135 -4.66941 -1.49658 -820.259 0 
1 826.164 0.304565 0.0222926 0.683813 -0.877515 -0.318208 -4.73563 -1.29188 -820.136 0 
3 825.688 0.314252 0.0222902 0.676907 -0.872988 -0.325679 -4.13089 -2.08662 -819.47 0 
2 825.399 0.310111 0.0223188 0.678659 -0.859322 -0.326641 -4.24608 -1.73521 -819.418 0 
1 825.713 0.30973 0.0223862 0.680745 -0.880863 -0.29954 -4.19903 -1.72837 -819.785 0 
2 824.574 0.313669 0.022519 0.676735 -0.86708 -0.288113 -4.10375 -1.12026 -819.35 0 
1 824.81 0.30652 0.0223704 0.682714 -0.897605 -0.256441 -4.32895 -0.157896 -820.323 0 
2 826.693 0.30845 0.0224477 0.678698 -0.865345 -0.285619 -4.31109 -2.89495 -819.487 0 
1 824.444 0.312702 0.0223332 0.676587 -0.881798 -0.277772 -4.17245 -0.690862 -819.581 0 
2 824.712 0.312068 0.0224066 0.676427 -0.865991 -0.294057 -4.10509 -1.21882 -819.388 0 
6 827.427 0.313115 0.0224327 0.675606 -0.874366 -0.272661 -4.14007 -3.85356 -819.433 0 
4 827.679 0.313164 0.0223998 0.673302 -0.845315 -0.300769 -4.14694 -4.27783 -819.254 0 
3 825.747 0.307671 0.0224459 0.677839 -0.841403 -0.306281 -4.8114 -1.65665 -819.279 0 
2 825.79 0.30614 0.022351 0.679665 -0.850906 -0.313714 -4.85143 -1.52576 -819.412 0 
2 825.738 0.304243 0.022372 0.682262 -0.859022 -0.317938 -5.03797 -1.04795 -819.652 0 
1 826.427 0.309641 0.0225262 0.674965 -0.80645 -0.340185 -5.49467 -1.49096 -819.442 0 
2 826.202 0.308011 0.0225031 0.676665 -0.819395 -0.323735 -5.41504 -1.49212 -819.295 0 
1 825.397 0.309462 0.0224491 0.677443 -0.828354 -0.345725 -4.81638 -1.3445 -819.236 0 
1 825.06 0.308039 0.0223859 0.678302 -0.842541 -0.333017 -4.68089 -1.08258 -819.297 0 
2 827.565 0.30341 0.0223118 0.681995 -0.863422 -0.300389 -5.08398 -2.74505 -819.736 0 
2 827.823 0.309949 0.0222586 0.673843 -0.830932 -0.302335 -4.7748 -3.76927 -819.279 0 
1 826.818 0.315284 0.0222968 0.670084 -0.83846 -0.284892 -4.23118 -3.24753 -819.34 0 
2 826.206 0.314702 0.0221627 0.671964 -0.86583 -0.265178 -4.16503 -2.73169 -819.31 0 
1 828.218 0.312367 0.0220578 0.676309 -0.916327 -0.217204 -4.61166 -3.32326 -820.283 0 
2 825.074 0.31657 0.0221925 0.67117 -0.868848 -0.261381 -4.27578 -1.49263 -819.305 0 
1 825.401 0.313143 0.0223502 0.67222 -0.848709 -0.25496 -4.32993 -1.76838 -819.302 0 
5 824.278 0.319452 0.0223119 0.668245 -0.856467 -0.239308 -4.57661 -0.317615 -819.384 0 
7 824.153 0.319393 0.0223645 0.669565 -0.865106 -0.23346 -4.62877 -0.185084 -819.339 0 
2 825.633 0.317575 0.0224741 0.669674 -0.827434 -0.279993 -4.48083 -1.55977 -819.592 0 
1 826.293 0.322357 0.0223964 0.664473 -0.810805 -0.290102 -4.75237 -1.26971 -820.271 0 
10 827.327 0.319183 0.0224662 0.668176 -0.813977 -0.302498 -4.55587 -2.89298 -819.878 0 
3 828.655 0.326645 0.0223151 0.660777 -0.790526 -0.333485 -4.86408 -2.6679 -821.123 0 
6 828.878 0.331272 0.0224394 0.659493 -0.800102 -0.329158 -5.35403 -2.34466 -821.179 0 
4 827.162 0.332374 0.0224109 0.658469 -0.804877 -0.329145 -5.56115 -0.531237 -821.069 0 
4 829.009 0.327214 0.0224719 0.662574 -0.806334 -0.312845 -4.95314 -3.39471 -820.661 0 
1 829.419 0.32464 0.0223748 0.663839 -0.810259 -0.305781 -4.76038 -4.30805 -820.351 0 
1 829.324 0.328075 0.0224212 0.657375 -0.753867 -0.363439 -5.39158 -0.837015 -823.095 0 
3 828.905 0.326515 0.0225646 0.661314 -0.773347 -0.35013 -5.01156 -2.05955 -821.834 0 
4 827.926 0.323875 0.0224322 0.663062 -0.792534 -0.318925 -4.87091 -2.15993 -820.895 0 
2 827.232 0.326593 0.0221528 0.662745 -0.838102 -0.290691 -5.0759 -2.4057 -819.75 0 
1 826.637 0.324848 0.0221861 0.664372 -0.839235 -0.29329 -4.79614 -2.21688 -819.624 0 
7 825.621 0.322167 0.0223427 0.667941 -0.858664 -0.253697 -4.81098 -1.42305 -819.387 0 
4 825.533 0.323846 0.0224963 0.664264 -0.821287 -0.270135 -4.89696 -0.467701 -820.169 0 
1 826.545 0.317444 0.0225239 0.670124 -0.84015 -0.240043 -4.61225 -2.40686 -819.525 0 
4 827.365 0.312544 0.0223327 0.67442 -0.87437 -0.202262 -4.39181 -3.58794 -819.385 0 
2 825.051 0.309631 0.0223705 0.676585 -0.865486 -0.237418 -4.38379 -1.28681 -819.38 0 
5 825.917 0.312658 0.0223487 0.674373 -0.862861 -0.237683 -4.3091 -2.28884 -819.319 0 
4 824.936 0.3142 0.022307 0.675288 -0.887405 -0.234671 -4.30613 -1.10361 -819.526 0 
2 825.906 0.317376 0.0221592 0.673655 -0.907799 -0.243846 -5.07302 -1.02383 -819.809 0 
1 825.733 0.32002 0.0221798 0.671747 -0.901805 -0.248608 -5.3475 -0.812477 -819.573 0 
2 827.779 0.315689 0.0220923 0.675218 -0.899419 -0.273706 -4.59994 -3.38074 -819.799 0 
2 825.196 0.323021 0.0223547 0.665909 -0.82848 -0.328456 -4.33189 -1.2683 -819.595 0 
3 823.695 0.321232 0.022379 0.66851 -0.836585 -0.325607 -4.22502 -0.0729905 -819.397 0 
1 824.516 0.31964 0.0224121 0.668301 -0.816241 -0.352491 -4.08898 -0.838711 -819.588 0 
2 825.253 0.322985 0.0221963 0.665831 -0.843193 -0.311927 -4.50271 -1.34345 -819.407 0 
2 823.825 0.317487 0.0223102 0.671895 -0.848214 -0.321857 -4.07463 -0.511293 -819.239 0 
2 824.333 0.322604 0.0224468 0.66689 -0.808598 -0.377579 -4.07421 -0.459302 -819.799 0 
6 824.366 0.313889 0.0223454 0.674005 -0.83458 -0.341176 -4.17145 -0.957363 -819.237 0 
2 824.32 0.313115 0.0224149 0.673996 -0.830455 -0.343977 -4.23867 -0.835638 -819.246 0 
1 825.496 0.30706 0.0222365 0.68124 -0.886636 -0.294867 -4.35535 -1.02762 -820.113 0 
2 826.057 0.30836 0.022195 0.682086 -0.907642 -0.287427 -4.43703 -0.899423 -820.721 0 
5 824.315 0.307451 0.0224033 0.682152 -0.874649 -0.324276 -4.39882 -0.0490797 -819.867 0 
1 826.194 0.301718 0.0224613 0.685918 -0.867954 -0.326132 -5.39992 -0.698689 -820.096 0 
4 826.363 0.301221 0.0224809 0.6866 -0.859402 -0.353702 -5.77246 -0.578832 -820.012 0 
1 825.703 0.304088 0.0223346 0.685443 -0.886361 -0.323664 -4.76223 -0.413194 -820.528 0 
2 826.541 0.309811 0.0224654 0.680722 -0.854686 -0.357833 -4.32312 -2.79278 -819.425 0 
1 826.325 0.309468 0.0225276 0.680242 -0.830066 -0.400125 -4.70082 -2.38683 -819.238 0 
1 824.674 0.317115 0.0224558 0.675082 -0.843831 -0.395106 -3.99228 -1.49211 -819.189 0 
1 824.967 0.312155 0.0225284 0.678039 -0.81218 -0.457298 -4.53556 -1.24225 -819.189 0 
1 826.809 0.319902 0.0226129 0.671046 -0.775048 -0.506162 -4.04402 -2.87639 -819.888 0 
1 825.012 0.317956 0.0225092 0.673621 -0.798777 -0.494527 -3.97706 -1.71709 -819.318 0 
11 824.317 0.317968 0.022376 0.673594 -0.825052 -0.463249 -3.96823 -1.19744 -819.151 0 
5 824.275 0.312248 0.0222959 0.678065 -0.837789 -0.456913 -4.33138 -0.635758 -819.308 0 
4 826.924 0.308406 0.0221915 0.683696 -0.89193 -0.4076 -4.93365 -1.10501 -820.885 0 
2 826.818 0.30846 0.0222444 0.684605 -0.905759 -0.373651 -4.94677 -0.617494 -821.254 0 
23 826.785 0.312409 0.0223371 0.680512 -0.889844 -0.373687 -4.62984 -1.96557 -820.19 0 
2 828.33 0.320983 0.0222027 0.674644 -0.902028 -0.3544 -5.86836 -2.64028 -819.821 0 
2 828.513 0.327017 0.0222272 0.668946 -0.878803 -0.37032 -6.25764 -3.02156 -819.234 0 
1 828.806 0.31745 0.0222648 0.678145 -0.905567 -0.352703 -5.34659 -3.28175 -820.178 0 
1 826.123 0.31968 0.0223406 0.674299 -0.872099 -0.384584 -4.7154 -2.04163 -819.366 0 
1 826.162 0.321179 0.0223625 0.672346 -0.856412 -0.402565 -4.51763 -2.45143 -819.193 0 
3 826.125 0.314552 0.0224229 0.6792 -0.878854 -0.370207 -4.37184 -2.05041 -819.703 0 
3 826.702 0.309126 0.0225345 0.683339 -0.876675 -0.369105 -4.41529 -2.27518 -820.012 0 
5 826.764 0.305717 0.0223538 0.685926 -0.898737 -0.354547 -4.81543 -0.844605 -821.104 0 
1 825.859 0.31117 0.0223626 0.681568 -0.880633 -0.369434 -4.35037 -1.53217 -819.977 0 
1 823.982 0.310898 0.0224515 0.676655 -0.83361 -0.351574 -4.42444 -0.331137 -819.226 0 
11 823.606 0.313402 0.0224469 0.67639 -0.851791 -0.337221 -4.06257 -0.279821 -819.264 0 
3 824.279 0.315533 0.0225319 0.673552 -0.827596 -0.356357 -4.08275 -0.921599 -819.275 0 
2 824.66 0.307178 0.0224617 0.679909 -0.842504 -0.337016 -4.84715 -0.492161 -819.321 0 
3 824.153 0.313167 0.0222936 0.675821 -0.864132 -0.305221 -4.08379 -0.718797 -819.35 0 
5 824.777 0.317932 0.0222923 0.673183 -0.866158 -0.315226 -4.23434 -1.26683 -819.276 0 
2 825.491 0.319633 0.0223083 0.672026 -0.851489 -0.35175 -4.14898 -2.13423 -819.208 0 
3 825.562 0.322397 0.022194 0.670072 -0.876894 -0.310995 -5.0355 -1.24665 -819.28 0 
1 826.144 0.314085 0.0222048 0.676436 -0.873406 -0.326507 -4.13338 -2.52391 -819.486 0 
7 824.964 0.306059 0.0224588 0.683747 -0.871542 -0.333116 -4.60024 -0.448103 -819.915 0 
10 824.116 0.312713 0.022467 0.677839 -0.840043 -0.39333 -4.14783 -0.734919 -819.233 0 
3 823.522 0.317113 0.022429 0.672758 -0.837235 -0.359034 -3.9811 -0.31635 -819.225 0 
1 825.191 0.31535 0.0225939 0.673314 -0.806267 -0.391567 -4.32048 -1.41893 -819.452 0 
4 824.444 0.317432 0.0224315 0.674353 -0.862937 -0.327661 -4.16546 -1.01166 -819.267 0 
1 824.932 0.318253 0.0223257 0.674382 -0.875081 -0.33052 -4.42934 -1.1352 -819.368 0 
1 824.344 0.31825 0.0222124 0.670369 -0.850462 -0.323324 -4.11337 -0.994994 -819.236 0 
1 825.471 0.321117 0.022178 0.670513 -0.873671 -0.307979 -4.7366 -1.45698 -819.277 0 
1 825.994 0.317376 0.022245 0.674612 -0.872843 -0.334053 -4.29304 -2.32937 -819.371 0 
11 823.651 0.319068 0.0223775 0.66975 -0.816992 -0.371989 -4.02267 -0.160571 -819.468 0 
6 823.843 0.313393 0.0224238 0.675662 -0.827473 -0.387263 -4.19788 -0.439711 -819.206 0 
7 823.476 0.313476 0.022356 0.675564 -0.835759 -0.379807 -4.11109 -0.160957 -819.204 0 
5 823.564 0.314376 0.0224153 0.673593 -0.823946 -0.367675 -4.17833 -0.122033 -819.263 0 
3 825.711 0.303649 0.0224423 0.684173 -0.844253 -0.380997 -5.58272 -0.541275 -819.587 0 
1 827.4 0.299749 0.0223938 0.687439 -0.853155 -0.380315 -6.4314 -0.894307 -820.075 0 
3 825.4 0.306447 0.0223434 0.680319 -0.838872 -0.376503 -5.03253 -1.00298 -819.365 0 
3 826.31 0.313166 0.0224775 0.676111 -0.844377 -0.363942 -4.07287 -3.00198 -819.236 0 
2 825.669 0.313684 0.0224498 0.677435 -0.863912 -0.357084 -4.12207 -2.13197 -819.415 0 
1 825.486 0.317018 0.0224111 0.674482 -0.852652 -0.381988 -4.0926 -2.16389 -819.23 0 
4 824.479 0.317793 0.0223839 0.674675 -0.856283 -0.38762 -4.17141 -1.0618 -819.246 0 
2 825.024 0.317332 0.0224049 0.67554 -0.849148 -0.406578 -4.06572 -1.74334 -819.215 0 
2 824.828 0.305634 0.0223829 0.683698 -0.86111 -0.37435 -4.85424 -0.131929 -819.842 0 
8 826.506 0.305428 0.0222994 0.684417 -0.884949 -0.358589 -4.75276 -1.18397 -820.569 0 
1 825.8 0.31181 0.0224307 0.678876 -0.860477 -0.377612 -4.19527 -2.1186 -819.486 0 
5 825.783 0.31749 0.0222383 0.675424 -0.879225 -0.379194 -4.68668 -1.52119 -819.575 0 
7 826.369 0.315299 0.0223097 0.678854 -0.893284 -0.369897 -4.83025 -1.49405 -820.045 0 
4 826.063 0.313976 0.0223462 0.678955 -0.886694 -0.363056 -4.5424 -1.60303 -819.918 0 
2 826.213 0.315738 0.0223063 0.678179 -0.896254 -0.349433 -4.84684 -1.35939 -820.007 0 
3 825.006 0.318271 0.0223296 0.674923 -0.874307 -0.361083 -4.51266 -1.08568 -819.407 0 
4 823.976 0.315727 0.022432 0.67535 -0.847632 -0.379019 -4.00929 -0.747343 -819.22 0 
2 823.834 0.316403 0.0224238 0.674383 -0.839844 -0.375972 -3.97129 -0.666501 -819.196 0 
7 824.181 0.312946 0.0223891 0.678078 -0.869647 -0.347502 -4.1498 -0.509769 -819.521 0 
3 824.447 0.311774 0.022468 0.678321 -0.853915 -0.361562 -4.14282 -0.952932 -819.351 0 
5 828.836 0.310277 0.0227128 0.67912 -0.844363 -0.334809 -4.33285 -5.23472 -819.268 0 
2 826.875 0.308815 0.0225749 0.683312 -0.891085 -0.297938 -4.28052 -2.46044 -820.134 0 
4 826.442 0.309502 0.0225714 0.681585 -0.882517 -0.30066 -4.21967 -2.37608 -819.846 0 
4 825.746 0.306114 0.0225239 0.68442 -0.896307 -0.274529 -4.3894 -0.942037 -820.414 0 
3 825.156 0.307658 0.0224526 0.682788 -0.887695 -0.288634 -4.30326 -0.782541 -820.07 0 
3 824.93 0.311197 0.0224146 0.68046 -0.883529 -0.31802 -4.21212 -0.885041 -819.833 0 
5 823.995 0.310016 0.0223735 0.679937 -0.881633 -0.30017 -4.19425 -0.0112218 -819.789 0 
6 824.956 0.315555 0.0224356 0.67442 -0.875271 -0.271747 -4.24214 -1.3386 -819.375 0 
1 824.826 0.313936 0.022389 0.677535 -0.893655 -0.279335 -4.38268 -0.664071 -819.779 0 
3 823.903 0.312901 0.0224918 0.675524 -0.844024 -0.321103 -4.15521 -0.507732 -819.24 0 
1 823.784 0.319552 0.0223034 0.67095 -0.860833 -0.31316 -4.32867 -0.213824 -819.242 0 
1 824.59 0.321576 0.0223123 0.667858 -0.846557 -0.310543 -4.38211 -0.875166 -819.332 0 
4 823.858 0.312449 0.0224251 0.674807 -0.833124 -0.336591 -4.2964 -0.321606 -819.24 0 
1 824.532 0.31813 0.0224539 0.668654 -0.805395 -0.348332 -4.3314 -0.406552 -819.794 0 
5 824.396 0.308557 0.0224983 0.679098 -0.842818 -0.331789 -4.62493 -0.483738 -819.287 0 
3 824.132 0.311288 0.0223316 0.67621 -0.856561 -0.308146 -4.16525 -0.644551 -819.323 0 
1 823.716 0.318077 0.0222874 0.671039 -0.8547 -0.299047 -4.18265 -0.277032 -819.256 0 
2 826.287 0.31559 0.022167 0.670585 -0.843576 -0.296769 -4.15246 -2.85374 -819.28 0 
3 826.61 0.310415 0.0222685 0.674318 -0.838665 -0.303046 -4.5088 -2.84501 -819.257 0 
3 826.696 0.315965 0.0222869 0.670417 -0.84135 -0.303774 -4.10733 -3.30339 -819.285 0 
1 825.957 0.317729 0.0222465 0.668067 -0.825093 -0.31688 -4.19605 -2.2726 -819.488 0 
1 825.344 0.314986 0.0222347 0.67328 -0.843201 -0.337712 -4.05078 -2.06905 -819.224 0 
4 825.646 0.320867 0.0222445 0.666186 -0.801052 -0.375619 -4.1632 -1.56211 -819.921 0 
1 828.03 0.333072 0.0221039 0.658186 -0.826128 -0.351741 -5.91118 -1.99021 -820.129 0 
1 824.519 0.32491 0.0223138 0.664549 -0.807039 -0.375639 -4.21537 -0.304889 -819.999 0 
1 823.794 0.322176 0.0223951 0.667528 -0.812949 -0.381139 -4.03258 -0.113218 -819.648 0 
1 823.737 0.32081 0.0224048 0.668881 -0.835031 -0.328618 -4.17969 -0.161915 -819.395 0 
2 825.093 0.314369 0.0225684 0.67307 -0.811238 -0.362779 -4.4218 -1.23573 -819.436 0 
4 825.24 0.319104 0.0222648 0.669426 -0.839942 -0.3431 -4.0606 -1.91715 -819.262 0 
1 825.644 0.31255 0.0224856 0.674563 -0.827593 -0.349421 -4.30849 -2.08776 -819.248 0 
6 824.629 0.314504 0.0225111 0.676659 -0.855908 -0.344558 -4.03724 -1.31355 -819.278 0 
5 823.716 0.315816 0.0224498 0.673691 -0.840694 -0.347734 -4.00613 -0.490035 -819.22 0 
1 824.104 0.312568 0.0224597 0.676021 -0.833143 -0.35488 -4.26363 -0.618569 -819.221 0 
5 825.896 0.308729 0.0223566 0.680651 -0.859823 -0.344092 -4.38799 -1.98376 -819.525 0 
1 823.991 0.315125 0.0223747 0.675315 -0.845113 -0.368241 -4.00352 -0.773048 -819.214 0 
2 824.347 0.315637 0.0225086 0.673355 -0.807273 -0.409005 -4.22135 -0.742046 -819.384 0 
3 824.646 0.318047 0.0225413 0.671269 -0.809548 -0.391574 -4.04277 -1.11244 -819.49 0 
11 824.116 0.31927 0.0223265 0.668229 -0.80643 -0.384367 -4.05524 -0.418322 -819.642 0 
5 823.924 0.318431 0.0222602 0.669714 -0.825302 -0.36258 -4.00297 -0.572633 -819.349 0 
2 823.761 0.317263 0.0222267 0.67195 -0.842146 -0.369235 -3.98189 -0.579538 -819.199 0 
2 826.329 0.312625 0.0221263 0.676845 -0.849661 -0.404123 -4.15889 -2.82503 -819.345 0 
3 823.907 0.31481 0.0222338 0.675933 -0.852929 -0.397573 -4.08235 -0.522791 -819.302 0 
2 824.672 0.311018 0.0222481 0.677992 -0.834728 -0.425925 -4.39937 -1.00977 -819.263 0 
2 824.044 0.315188 0.0222289 0.673262 -0.820303 -0.431938 -4.05673 -0.795809 -819.191 0 
2 825.528 0.31843 0.0221823 0.669011 -0.795828 -0.461907 -3.9695 -2.06056 -819.498 0 
1 825.439 0.315795 0.0223334 0.672095 -0.793137 -0.482628 -4.24035 -1.81603 -819.382 0 
7 825.007 0.308164 0.0223926 0.679916 -0.807085 -0.477783 -5.4765 -0.318394 -819.213 0 
2 824.061 0.3111 0.0223266 0.677411 -0.819545 -0.442914 -4.57749 -0.289211 -819.194 0 
7 824.255 0.31652 0.0223915 0.671142 -0.782636 -0.47143 -4.39443 -0.184275 -819.676 0 
5 824.357 0.316473 0.0223049 0.671312 -0.8077 -0.427424 -4.05597 -0.956698 -819.344 0 
7 825.972 0.313551 0.0222922 0.672889 -0.814186 -0.40285 -4.2973 -2.41015 -819.265 0 
1 823.738 0.318598 0.0224212 0.669919 -0.803934 -0.405776 -4.03061 -0.137715 -819.569 0 
1 824.529 0.316864 0.0222646 0.673639 -0.843368 -0.381816 -3.97696 -1.35839 -819.193 0 
3 824.628 0.313408 0.0224394 0.674021 -0.805071 -0.422139 -4.46653 -0.843364 -819.318 0 
6 824.309 0.316411 0.0224797 0.672841 -0.810223 -0.423447 -4.04435 -0.945813 -819.319 0 
3 825.228 0.321245 0.0224542 0.670096 -0.831367 -0.385413 -4.04241 -1.90392 -819.282 0 
2 824.587 0.311348 0.0224029 0.678294 -0.844272 -0.371248 -4.2444 -1.06827 -819.275 0 
5 825.359 0.316863 0.0225006 0.674363 -0.835735 -0.372734 -3.97086 -2.17808 -819.21 0 
1 823.808 0.31316 0.0224612 0.676337 -0.836543 -0.381098 -4.1195 -0.480165 -819.208 0 
3 824.2 0.312812 0.0223664 0.674466 -0.826859 -0.371691 -4.25819 -0.719097 -819.223 0 
3 823.429 0.320575 0.0223229 0.66905 -0.818191 -0.393827 -3.94195 -0.0678301 -819.419 0 
3 824.527 0.322931 0.022171 0.666825 -0.836622 -0.35628 -4.27349 -0.906495 -819.347 0 
2 824.721 0.32394 0.0222342 0.666022 -0.840822 -0.334687 -4.51292 -0.81559 -819.393 0 
1 827.725 0.324064 0.0221059 0.669365 -0.89161 -0.297988 -5.85256 -2.50313 -819.369 0 
2 827.899 0.319924 0.022105 0.670166 -0.858747 -0.322345 -4.29179 -4.37448 -819.233 0 
1 827.739 0.325236 0.0220373 0.66429 -0.853905 -0.29613 -5.03469 -3.31283 -819.392 0 
4 825.647 0.318698 0.0221856 0.66957 -0.841311 -0.321648 -4.11204 -2.24316 -819.292 0 
1 825.771 0.324606 0.0221753 0.663886 -0.80971 -0.371108 -4.21679 -1.62807 -819.926 0 
7 826.228 0.326077 0.0222776 0.661037 -0.776743 -0.396534 -4.37865 -0.712182 -821.137 0 
3 827.924 0.325542 0.0222121 0.661563 -0.77398 -0.412546 -4.30882 -2.546 -821.069 0 
9 827.575 0.328928 0.0221132 0.66283 -0.83105 -0.368482 -4.98579 -2.95082 -819.639 0 
1 827.909 0.331132 0.022035 0.658864 -0.807872 -0.395082 -4.89219 -2.7239 -820.292 0 
7 828.003 0.328533 0.0220602 0.660225 -0.818149 -0.358315 -4.79036 -3.20052 -820.012 0 
11 824.955 0.324707 0.0221566 0.665578 -0.835927 -0.355813 -4.46538 -1.07349 -819.416 0 
4 827.266 0.326658 0.022054 0.663524 -0.832528 -0.359205 -4.66979 -3.05522 -819.541 0 
3 826.39 0.32863 0.0222229 0.659502 -0.789983 -0.38194 -4.51426 -0.976235 -820.9 0 
3 826.152 0.329897 0.0221891 0.663025 -0.841922 -0.360286 -5.52163 -1.12772 -819.502 0 
4 827.014 0.325175 0.0221783 0.668595 -0.866365 -0.353529 -5.24009 -2.5672 -819.207 0 
2 826.37 0.330427 0.0222407 0.663109 -0.837579 -0.373206 -5.48342 -1.33447 -819.552 0 
4 825.052 0.326249 0.0222172 0.663523 -0.832297 -0.330701 -4.73936 -0.652829 -819.66 0 
2 825.262 0.326991 0.0224068 0.662167 -0.798293 -0.361712 -4.49275 -0.201367 -820.568 0 
1 825.872 0.324302 0.022376 0.664239 -0.792965 -0.374997 -4.3077 -1.11519 -820.45 0 
4 825.024 0.326033 0.0224021 0.663344 -0.810098 -0.346613 -4.48489 -0.369054 -820.17 0 
6 825.314 0.32521 0.0223811 0.664492 -0.820541 -0.320068 -4.59608 -0.75823 -819.96 0 
4 825.611 0.328815 0.0222809 0.66187 -0.831067 -0.309279 -5.27715 -0.375307 -819.959 0 
2 826.513 0.318421 0.0221417 0.66894 -0.849682 -0.285433 -4.24486 -2.96295 -819.305 0 
1 826.119 0.319697 0.0223185 0.667158 -0.812648 -0.324651 -4.36723 -1.93388 -819.818 0 
2 825.475 0.322632 0.0222433 0.664399 -0.806038 -0.360055 -4.18522 -1.31201 -819.977 0 
1 825.686 0.318802 0.0223036 0.666787 -0.798343 -0.361419 -4.35001 -1.37629 -819.96 0 
2 828.259 0.325372 0.0223042 0.660255 -0.774137 -0.380544 -4.51787 -2.39219 -821.349 0 
3 828.001 0.32641 0.0222433 0.660469 -0.803608 -0.335547 -4.61488 -2.86925 -820.517 0 
5 828.722 0.31738 0.0224766 0.665678 -0.779376 -0.330799 -5.34723 -2.5868 -820.788 0 
1 828.812 0.31097 0.0224431 0.671465 -0.792184 -0.332775 -5.86987 -3.09519 -819.847 0 
3 827.363 0.314703 0.0223326 0.66992 -0.801012 -0.342578 -4.85811 -2.7494 -819.756 0 
3 826.049 0.318321 0.0221333 0.668974 -0.843638 -0.309777 -4.13728 -2.61819 -819.294 0 
3 825.611 0.318056 0.0222065 0.669264 -0.846962 -0.281832 -4.25077 -2.03252 -819.327 0 
1 824.83 0.315839 0.0223416 0.670202 -0.831063 -0.301352 -4.24852 -1.19124 -819.39 0 
1 825.227 0.323739 0.0224374 0.664439 -0.806377 -0.324268 -4.53254 -0.410182 -820.285 0 
2 825.31 0.319033 0.0224642 0.667645 -0.814422 -0.296352 -4.56341 -0.853985 -819.893 0 
3 824.316 0.322437 0.022299 0.667037 -0.857985 -0.258542 -4.82556 -0.103763 -819.386 0 
9 824.781 0.324802 0.0223004 0.665784 -0.85884 -0.267456 -5.18578 -0.181765 -819.414 0 
1 826.526 0.329584 0.0224213 0.661104 -0.820721 -0.314031 -5.28622 -0.93279 -820.307 0 
2 824.673 0.320342 0.0224059 0.669445 -0.839093 -0.308406 -4.25136 -1.02917 -819.392 0 
1 824.145 0.316914 0.0223131 0.670708 -0.847097 -0.281114 -4.21429 -0.622504 -819.308 0 
2 824.013 0.315896 0.0223178 0.672011 -0.873219 -0.226406 -4.37897 -0.294565 -819.339 0 
2 823.833 0.315204 0.02242 0.673381 -0.875084 -0.228853 -4.32754 -0.148728 -819.357 0 
2 824.075 0.310522 0.0223759 0.67872 -0.893434 -0.241244 -4.20952 -0.0239892 -819.841 0 
1 824.305 0.317764 0.0225101 0.670876 -0.852904 -0.250613 -4.38373 -0.571632 -819.35 0 
3 825.115 0.319693 0.0223833 0.671783 -0.882607 -0.244381 -4.80584 -0.960093 -819.349 0 
1 824.203 0.316658 0.0224661 0.673291 -0.866406 -0.26073 -4.26996 -0.637621 -819.296 0 
1 823.957 0.314731 0.0223419 0.673336 -0.867116 -0.262267 -4.17595 -0.464759 -819.317 0 
3 823.663 0.311445 0.0224153 0.676783 -0.860719 -0.288119 -4.17085 -0.152876 -819.339 0 
1 823.984 0.309849 0.0224123 0.677639 -0.853141 -0.303425 -4.33992 -0.32476 -819.319 0 
2 824.462 0.310325 0.0225498 0.677873 -0.848111 -0.305329 -4.36445 -0.820164 -819.277 0 
3 824.707 0.306239 0.0224875 0.68104 -0.866361 -0.27553 -4.5951 -0.539063 -819.572 0 
4 824.143 0.313052 0.0223088 0.675825 -0.885294 -0.2404 -4.22663 -0.371268 -819.545 0 
2 824.957 0.312109 0.0222405 0.67538 -0.887126 -0.227138 -4.22884 -1.1426 -819.586 0 
3 825.641 0.306377 0.0223435 0.681116 -0.883441 -0.248412 -4.40351 -1.37576 -819.862 0 
1 824.87 0.313966 0.022522 0.672177 -0.83415 -0.273066 -4.45393 -1.02881 -819.388 0 
6 824.003 0.315154 0.0224857 0.673564 -0.866159 -0.244577 -4.25604 -0.436185 -819.311 0 
1 824.051 0.311451 0.0224566 0.675389 -0.849496 -0.275613 -4.33618 -0.438835 -819.276 0 
1 824.026 0.315543 0.0224636 0.671532 -0.836683 -0.281886 -4.31114 -0.342611 -819.372 0 
1 823.908 0.311755 0.0224009 0.67593 -0.866924 -0.263304 -4.16469 -0.373437 -819.37 0 
3 824.139 0.310974 0.0224926 0.67798 -0.86222 -0.288296 -4.18943 -0.582932 -819.367 0 
2 825.027 0.309588 0.0224752 0.676075 -0.830568 -0.309246 -4.82865 -0.930317 -819.268 0 
3 823.901 0.314012 0.0223942 0.673011 -0.837959 -0.303198 -4.24092 -0.377961 -819.282 0 
2 824.585 0.31024 0.0223552 0.676065 -0.845833 -0.306762 -4.38866 -0.928982 -819.268 0 
1 826.123 0.309045 0.0223829 0.675591 -0.827384 -0.312708 -5.00031 -1.8492 -819.274 0 
5 825.682 0.314786 0.0221881 0.67184 -0.843401 -0.31161 -4.11458 -2.31657 -819.251 0 
5 825.748 0.318322 0.0222006 0.669784 -0.837515 -0.32694 -4.08974 -2.35252 -819.306 0 
3 825.618 0.319491 0.0221619 0.671852 -0.867158 -0.335579 -4.39061 -1.96255 -819.265 0 
2 828.277 0.324474 0.0220141 0.666204 -0.849135 -0.352279 -4.65332 -4.35965 -819.265 0 
2 826.835 0.328443 0.0222631 0.659258 -0.781215 -0.392681 -4.45122 -1.1899 -821.194 0 
1 828.151 0.325367 0.0220183 0.664586 -0.851579 -0.316136 -4.9359 -3.85494 -819.36 0 
2 827.915 0.323218 0.0220103 0.666167 -0.863011 -0.293539 -4.87158 -3.76096 -819.282 0 
3 827.05 0.325129 0.0220655 0.664816 -0.853827 -0.303476 -4.98489 -2.69833 -819.367 0 
2 825.907 0.32693 0.0221821 0.664786 -0.859389 -0.297707 -5.48529 -1.04865 -819.373 0 
1 824.414 0.321383 0.022212 0.668459 -0.858726 -0.303206 -4.52269 -0.628483 -819.263 0 
4 824.427 0.318585 0.0224804 0.668837 -0.819243 -0.317984 -4.27206 -0.520873 -819.634 0 
1 824.055 0.316346 0.0224764 0.672478 -0.837549 -0.312379 -4.13827 -0.614763 -819.302 0 
3 824.686 0.31542 0.022523 0.671076 -0.822838 -0.298226 -4.45729 -0.71476 -819.514 0 
3 823.605 0.318099 0.0223566 0.670758 -0.854816 -0.283859 -4.23606 -0.0911225 -819.278 0 
4 826.281 0.321716 0.0225101 0.669478 -0.844752 -0.295898 -4.43569 -2.44411 -819.401 0 
8 826.254 0.322619 0.0225497 0.666703 -0.810184 -0.328758 -4.40781 -1.79995 -820.047 0 
1 826.341 0.325557 0.0223523 0.663635 -0.819641 -0.305567 -4.75677 -1.48117 -820.103 0 
1 825.95 0.324754 0.0224551 0.666688 -0.846396 -0.28511 -4.89629 -1.53034 -819.523 0 
2 824.991 0.324554 0.0223795 0.665186 -0.84834 -0.265141 -5.02519 -0.400702 -819.565 0 
3 825.322 0.324413 0.0223445 0.667571 -0.869727 -0.267198 -5.31541 -0.688635 -819.318 0 
1 824.755 0.320492 0.0224344 0.668847 -0.860066 -0.24912 -4.64247 -0.76092 -819.351 0 
2 825.454 0.314836 0.0224138 0.670055 -0.823429 -0.283941 -4.56647 -1.34883 -819.539 0 
2 826.962 0.319316 0.0224677 0.665199 -0.812 -0.261877 -4.8969 -1.85711 -820.208 0 
1 825.942 0.311294 0.0224907 0.673578 -0.843488 -0.22642 -4.80394 -1.77517 -819.363 0 
1 825.216 0.314631 0.0223065 0.674323 -0.895464 -0.192877 -4.52397 -1.12431 -819.568 0 
8 825.267 0.308531 0.0223159 0.678565 -0.903701 -0.174427 -4.30758 -0.971914 -819.987 0 
4 824.447 0.316028 0.0223806 0.674039 -0.901027 -0.192656 -4.75799 -0.0807655 -819.609 0 
1 824.397 0.310583 0.0223738 0.676311 -0.886022 -0.194876 -4.30189 -0.534004 -819.561 0 
1 824.242 0.314086 0.0224658 0.67299 -0.872013 -0.197205 -4.43881 -0.443782 -819.359 0 
3 824.626 0.309945 0.0224655 0.676309 -0.880633 -0.178851 -4.42922 -0.715553 -819.482 0 
2 826.088 0.30872 0.0222591 0.677225 -0.893146 -0.187674 -4.29875 -2.02954 -819.759 0 
5 826.28 0.310503 0.0223657 0.675699 -0.886104 -0.195941 -4.27822 -2.43508 -819.567 0 
2 825.59 0.30967 0.0223633 0.681438 -0.927989 -0.199228 -4.56625 -0.159637 -820.864 0 
5 827.46 0.313217 0.022278 0.679576 -0.932584 -0.213741 -5.05351 -1.61915 -820.788 0 
6 826.369 0.310529 0.0222996 0.680912 -0.940844 -0.176023 -4.88684 -0.300372 -821.181 0 
1 825.143 0.314499 0.0222702 0.676664 -0.912217 -0.225 -4.73016 -0.378222 -820.035 0 
1 824.384 0.318903 0.0223381 0.671868 -0.879576 -0.252422 -4.63017 -0.41443 -819.339 0 
4 824.653 0.320848 0.0224147 0.666678 -0.817896 -0.305591 -4.42963 -0.371617 -819.851 0 
2 824.804 0.31665 0.0224196 0.669192 -0.820771 -0.292696 -4.49445 -0.678867 -819.63 0 
4 824.477 0.32367 0.022372 0.664581 -0.816615 -0.320108 -4.45674 -0.0456551 -819.975 0 
6 825 0.318357 0.0224607 0.668347 -0.795935 -0.361731 -4.47039 -0.525863 -820.004 0 
1 826.667 0.322137 0.0223996 0.663992 -0.770589 -0.393569 -4.65726 -0.934081 -821.076 0 
1 826.396 0.32418 0.0224771 0.662667 -0.767763 -0.398897 -4.53717 -0.486026 -821.373 0 
1 826.303 0.316026 0.0224383 0.668878 -0.797948 -0.32988 -4.89104 -1.42073 -819.991 0 
8 825.144 0.316959 0.0222687 0.670505 -0.835603 -0.313486 -4.14982 -1.6646 -819.33 0 
1 825.903 0.313067 0.0221836 0.67334 -0.853428 -0.294521 -4.13818 -2.49562 -819.269 0 
4 825.444 0.314454 0.0223971 0.670609 -0.812757 -0.32609 -4.57664 -1.31451 -819.553 0 
2 825.354 0.319736 0.0224584 0.669573 -0.8502 -0.284616 -4.3361 -1.691 -819.326 0 
2 825.041 0.317703 0.0224942 0.669992 -0.846569 -0.257943 -4.35353 -1.30114 -819.387 0 
5 824.048 0.319053 0.0224323 0.669526 -0.852052 -0.251259 -4.4705 -0.194314 -819.383 0 
1 824.371 0.32138 0.0223973 0.6683 -0.858813 -0.247419 -4.74938 -0.237458 -819.384 0 
1 824.306 0.317432 0.0222931 0.672291 -0.886183 -0.227383 -4.61466 -0.280565 -819.411 0 
5 824.507 0.318834 0.022401 0.671293 -0.873033 -0.25572 -4.54301 -0.657115 -819.307 0 
3 824.242 0.319762 0.0223705 0.670535 -0.875817 -0.244602 -4.72857 -0.19571 -819.317 0 
4 825.664 0.31362 0.0223816 0.673959 -0.869712 -0.253287 -4.17065 -2.14415 -819.35 0 
10 823.711 0.31625 0.0224188 0.672449 -0.852097 -0.293471 -4.1208 -0.329877 -819.26 0 
2 824.309 0.314018 0.0224119 0.673362 -0.847316 -0.295811 -4.13658 -0.914315 -819.258 0 
1 824.133 0.309297 0.0223862 0.680216 -0.88401 -0.278975 -4.20257 -0.116992 -819.814 0 
1 823.503 0.313838 0.0223768 0.675544 -0.868856 -0.289877 -4.10681 -0.0288232 -819.367 0 
1 824.088 0.317416 0.0224889 0.670695 -0.833481 -0.303675 -4.19329 -0.499148 -819.396 0 
1 824.42 0.310547 0.0224849 0.676093 -0.832072 -0.322532 -4.59446 -0.574935 -819.251 0 
2 824.745 0.317004 0.0223617 0.669379 -0.803774 -0.36447 -4.35934 -0.693332 -819.692 0 
3 825.678 0.31406 0.0221377 0.673731 -0.865762 -0.300643 -4.08804 -2.25046 -819.34 0 
1 825.186 0.321759 0.0221674 0.66735 -0.839053 -0.332356 -4.25114 -1.57736 -819.358 0 
5 824.952 0.324101 0.0221468 0.666415 -0.846592 -0.344668 -4.59235 -1.06117 -819.298 0 
3 824.873 0.326237 0.0222487 0.664623 -0.829168 -0.370117 -4.55042 -0.782087 -819.541 0 
1 825.392 0.31793 0.0224553 0.673128 -0.835197 -0.366295 -3.97699 -2.18231 -819.233 0 
1 824.995 0.315888 0.0224387 0.675571 -0.853847 -0.348227 -4.02476 -1.72839 -819.241 0 
2 825.221 0.319666 0.0225208 0.671534 -0.83216 -0.357099 -4.02533 -1.88315 -819.312 0 
5 824.721 0.317335 0.0223975 0.673491 -0.838527 -0.369525 -3.97087 -1.54291 -819.207 0 
2 825.349 0.329049 0.0222548 0.662913 -0.828722 -0.362553 -5.00959 -0.609832 -819.73 0 
1 826.896 0.329798 0.0222791 0.664177 -0.851322 -0.342471 -5.81088 -1.66926 -819.416 0 
1 825.901 0.329098 0.0223317 0.663877 -0.827163 -0.388648 -4.92703 -1.339 -819.635 0 
1 825.624 0.327427 0.0221715 0.664846 -0.851366 -0.343867 -5.28843 -1.00052 -819.335 0 
5 825.463 0.319959 0.0224017 0.666605 -0.797353 -0.368672 -4.24359 -1.19959 -820.02 0 
2 826.495 0.328953 0.0223728 0.659287 -0.758706 -0.433193 -4.41447 -0.0336047 -822.047 0 
1 826.295 0.331044 0.0223178 0.658551 -0.774129 -0.426645 -4.45151 -0.348025 -821.496 0 
1 827.145 0.332031 0.0223155 0.660012 -0.809299 -0.393234 -5.11391 -1.70467 -820.327 0 
1 825.651 0.324455 0.0224061 0.663439 -0.768407 -0.428917 -4.27906 -0.290738 -821.081 0 
4 826.577 0.331908 0.0221957 0.660288 -0.810581 -0.421733 -5.01846 -1.48318 -820.075 0 
2 830.065 0.339419 0.0220968 0.654684 -0.816614 -0.391105 -7.25091 -2.10623 -820.708 0 
5 829.976 0.339724 0.0221808 0.654525 -0.802479 -0.40357 -6.76558 -1.96292 -821.248 0 
3 829.88 0.336626 0.0220376 0.656653 -0.818007 -0.394003 -6.38426 -3.11203 -820.384 0 
8 828.194 0.332417 0.022093 0.657371 -0.800247 -0.39493 -5.02684 -2.4693 -820.698 0 
3 830.156 0.332419 0.0219695 0.658304 -0.837939 -0.338748 -6.13196 -4.19606 -819.828 0 
2 825.733 0.326545 0.0222811 0.66288 -0.808113 -0.384887 -4.30725 -1.40898 -820.017 0 
3 823.754 0.316405 0.0224352 0.672182 -0.812356 -0.391763 -4.12235 -0.247585 -819.384 0 
6 824.076 0.320673 0.0224087 0.668917 -0.812271 -0.383485 -4.00553 -0.490299 -819.58 0 
4 823.854 0.317941 0.0223989 0.669811 -0.808344 -0.382124 -4.0986 -0.205407 -819.55 0 
5 824.152 0.317593 0.0224296 0.670931 -0.817535 -0.380813 -4.00232 -0.772675 -819.377 0 
5 823.766 0.319381 0.0222984 0.671347 -0.853126 -0.335617 -4.17809 -0.366197 -819.222 0 
2 823.882 0.322558 0.0223415 0.668055 -0.839439 -0.341435 -4.30681 -0.227678 -819.347 0 
4 823.53 0.318277 0.0223995 0.6723 -0.844445 -0.351071 -4.03121 -0.281702 -819.217 0 
3 824.325 0.316939 0.0223088 0.67482 -0.883832 -0.301 -4.46143 -0.372292 -819.491 0 
6 824.433 0.314766 0.0223404 0.676668 -0.891164 -0.286227 -4.40324 -0.332813 -819.697 0 
2 823.892 0.310328 0.0224192 0.679325 -0.860393 -0.347067 -4.21796 -0.202647 -819.471 0 
1 824.761 0.307715 0.0224251 0.679955 -0.835779 -0.370927 -4.88596 -0.587765 -819.287 0 
3 824.148 0.316496 0.0223153 0.67239 -0.836575 -0.347033 -4.02417 -0.882226 -819.242 0 
2 823.398 0.314968 0.0223575 0.674727 -0.850124 -0.342253 -4.02116 -0.142282 -819.234 0 
1 824.377 0.319448 0.022493 0.671062 -0.835826 -0.345057 -4.05491 -1.02157 -819.3 0 
2 824.623 0.315341 0.0224634 0.676069 -0.869944 -0.305336 -4.13803 -1.12725 -819.357 0 
1 825.051 0.315743 0.0225267 0.671798 -0.825582 -0.325208 -4.20327 -1.46221 -819.385 0 
1 824.836 0.322822 0.0224405 0.667877 -0.838359 -0.327453 -4.37398 -1.04593 -819.416 0 
1 825.403 0.320671 0.0224459 0.671598 -0.858936 -0.315677 -4.39351 -1.76943 -819.24 0 
2 824.114 0.317565 0.0223766 0.67356 -0.87742 -0.278087 -4.40523 -0.352351 -819.356 0 
1 823.721 0.314638 0.0223795 0.675481 -0.873174 -0.29322 -4.15204 -0.167883 -819.401 0 
3 823.53 0.314145 0.0224224 0.674459 -0.852765 -0.304407 -4.08407 -0.190072 -819.256 0 
9 825.651 0.317942 0.0224375 0.669358 -0.823507 -0.329502 -4.13227 -2.0439 -819.474 0 
4 825.58 0.314073 0.0225506 0.67591 -0.83699 -0.345281 -4.12784 -2.22623 -819.225 0 
1 826.56 0.315547 0.0223555 0.675585 -0.850688 -0.359359 -4.00823 -3.31967 -819.232 0 
1 825.486 0.311425 0.0225429 0.679058 -0.84321 -0.368719 -4.24607 -1.97785 -819.262 0 
8 825.207 0.317912 0.0225523 0.671941 -0.820513 -0.379444 -3.97747 -1.88158 -819.348 0 
1 825.119 0.323628 0.0223897 0.666709 -0.822076 -0.375332 -4.1603 -1.41548 -819.544 0 
3 825.884 0.328574 0.0223625 0.663876 -0.814735 -0.412846 -4.54052 -1.55651 -819.787 0 
1 825.926 0.329081 0.0222424 0.66307 -0.820648 -0.411727 -4.75433 -1.50078 -819.671 0 
9 826.899 0.331333 0.0222574 0.662544 -0.819626 -0.440718 -5.12873 -2.09974 -819.671 0 
1 825.673 0.327192 0.0224396 0.664858 -0.790969 -0.466235 -3.96259 -1.61784 -820.093 0 
1 828.493 0.328588 0.0222115 0.66685 -0.842796 -0.434092 -5.23928 -4.04818 -819.206 0 
2 825.926 0.327791 0.0221865 0.666001 -0.845444 -0.402542 -5.17346 -1.51036 -819.242 0 
1 826.21 0.326684 0.0222673 0.664797 -0.813987 -0.43846 -4.26012 -2.37691 -819.573 0 
1 823.779 0.320795 0.0222543 0.670218 -0.835162 -0.409644 -4.05034 -0.536874 -819.191 0 
10 824.089 0.312193 0.0224733 0.678076 -0.831754 -0.414867 -4.26628 -0.613538 -819.209 0 
1 824.757 0.315828 0.02253 0.675213 -0.818447 -0.438961 -4.02192 -1.53857 -819.196 0 
1 826.285 0.312679 0.0224437 0.680376 -0.871089 -0.401507 -4.38206 -2.15516 -819.748 0 
1 825.462 0.311545 0.022442 0.681317 -0.866808 -0.408387 -4.36479 -1.35595 -819.741 0 
1 825.054 0.316401 0.0222364 0.675931 -0.859093 -0.434045 -4.37097 -1.28251 -819.401 0 
6 826.386 0.315888 0.0222193 0.673524 -0.825874 -0.462747 -4.05225 -3.17571 -819.158 0 
2 825.873 0.311219 0.0221297 0.678352 -0.845628 -0.457682 -4.46101 -1.93884 -819.473 0 
1 826.931 0.316317 0.0220989 0.676829 -0.866963 -0.444309 -4.54289 -2.8023 -819.586 0 
1 826.902 0.316255 0.0222614 0.676748 -0.843952 -0.459564 -4.13915 -3.51062 -819.252 0 
9 825.83 0.315386 0.0222875 0.676835 -0.831527 -0.477754 -4.12164 -2.51741 -819.191 0 
3 827.146 0.312383 0.0224166 0.679545 -0.820537 -0.494565 -4.47418 -3.46935 -819.202 0 
2 824.901 0.31401 0.0221427 0.676298 -0.831456 -0.480398 -4.23646 -1.43841 -819.226 0 
1 824.568 0.3131 0.022316 0.676441 -0.798947 -0.516254 -4.62338 -0.746859 -819.198 0 
1 824.213 0.323518 0.0223509 0.667457 -0.774805 -0.529543 -3.7543 -0.476939 -819.981 0 
2 824.997 0.318291 0.0224247 0.670115 -0.761572 -0.523213 -4.50637 -0.363049 -820.127 0 
6 825.064 0.321148 0.0224009 0.668561 -0.759284 -0.54461 -4.09105 -0.706067 -820.267 0 
1 826.651 0.317963 0.0221486 0.673334 -0.820719 -0.488775 -3.97042 -3.53813 -819.142 0 
3 828.619 0.317813 0.0222737 0.674978 -0.813542 -0.521422 -4.01786 -5.46383 -819.138 0 
1 824.888 0.317436 0.0222931 0.674412 -0.803835 -0.535909 -4.0644 -1.65455 -819.169 0 
3 826.344 0.315646 0.0222609 0.676264 -0.809529 -0.539122 -4.24066 -2.95832 -819.145 0 
1 827.235 0.319162 0.0221543 0.674303 -0.826905 -0.530247 -4.18954 -3.91372 -819.131 0 
3 825.488 0.319929 0.022443 0.67353 -0.795674 -0.57474 -4.00472 -2.27832 -819.205 0 
2 825.496 0.318555 0.0224096 0.67542 -0.807835 -0.569686 -4.15649 -2.21683 -819.122 0 
2 825.907 0.323367 0.0222731 0.671652 -0.82863 -0.532065 -4.51455 -2.3013 -819.092 0 
1 826.914 0.325654 0.0223467 0.668291 -0.802809 -0.547535 -4.11942 -3.47788 -819.317 0 
1 826.474 0.325749 0.0222019 0.66864 -0.825106 -0.525775 -4.66241 -2.69475 -819.117 0 
1 826.156 0.327381 0.0222343 0.665649 -0.78654 -0.577216 -3.99233 -2.55539 -819.609 0 
2 825.39 0.322854 0.022184 0.671561 -0.832087 -0.525918 -4.53093 -1.76094 -819.098 0 
2 824.855 0.31657 0.0222205 0.675618 -0.832339 -0.51732 -4.31978 -1.32289 -819.213 0 
2 827.841 0.316469 0.022226 0.673588 -0.819434 -0.503853 -4.12554 -4.57198 -819.143 0 
2 827.256 0.310678 0.0223331 0.679032 -0.816247 -0.526697 -4.8682 -3.13315 -819.255 0 
4 827.095 0.307414 0.0223148 0.680306 -0.798608 -0.541905 -5.94522 -1.90827 -819.241 0 
4 825.137 0.310925 0.0221859 0.678946 -0.818565 -0.538232 -4.86828 -0.977677 -819.291 0 
2 825.421 0.318579 0.0220572 0.672428 -0.81441 -0.542423 -4.11331 -2.18603 -819.122 0 
1 825.218 0.317609 0.02211 0.672007 -0.795788 -0.556878 -4.11143 -1.90288 -819.204 0 
3 826.716 0.320624 0.0220842 0.671796 -0.815274 -0.538507 -4.04565 -3.55016 -819.12 0 
1 823.611 0.319504 0.0222581 0.671212 -0.785639 -0.562394 -3.96374 -0.2785 -819.369 0 
1 823.564 0.317076 0.0223494 0.673527 -0.794768 -0.533845 -4.11185 -0.199838 -819.252 0 
1 824.118 0.318709 0.0223428 0.672749 -0.796835 -0.524941 -3.94855 -0.888238 -819.281 0 
1 825.4 0.326742 0.0222471 0.667194 -0.813205 -0.498058 -4.24228 -1.81027 -819.347 0 
6 824.839 0.326075 0.0224023 0.665118 -0.764776 -0.535056 -3.72257 -0.617359 -820.499 0 
6 825.712 0.328858 0.0224154 0.663172 -0.766727 -0.522528 -3.80114 -1.15645 -820.755 0 
1 824.722 0.320311 0.0223095 0.66844 -0.7718 -0.506617 -4.06535 -0.643262 -820.014 0 
1 824.126 0.318497 0.022256 0.670411 -0.796135 -0.470313 -3.97236 -0.692043 -819.461 0 
2 825.469 0.314527 0.0224785 0.672692 -0.770226 -0.499889 -4.99549 -0.704868 -819.768 0 
3 824.972 0.315595 0.0224443 0.672539 -0.763469 -0.535039 -4.91583 -0.219034 -819.837 0 
1 824.373 0.313275 0.0224494 0.676089 -0.788964 -0.525146 -4.74371 -0.356429 -819.273 0 
1 824.656 0.310236 0.0222263 0.679977 -0.829045 -0.504056 -4.78288 -0.499011 -819.374 0 
2 825.106 0.316952 0.0224953 0.675425 -0.81628 -0.487275 -4.00595 -1.94372 -819.156 0 
2 824.92 0.319482 0.0223966 0.673559 -0.828713 -0.457219 -3.96581 -1.8056 -819.149 0 
1 823.528 0.31817 0.0223863 0.673068 -0.818117 -0.45606 -3.90736 -0.424655 -819.196 0 
1 825.283 0.31462 0.0225151 0.675459 -0.817055 -0.441252 -4.12426 -1.96637 -819.192 0 
4 823.851 0.313812 0.0224011 0.676421 -0.828402 -0.440473 -4.14405 -0.523885 -819.183 0 
4 823.87 0.315033 0.0223433 0.675382 -0.816015 -0.467295 -4.12551 -0.573243 -819.171 0 
3 824.546 0.309447 0.0224286 0.679533 -0.819802 -0.442803 -4.88227 -0.448643 -819.215 0 
2 824.517 0.310031 0.0223905 0.677718 -0.80557 -0.464182 -5.04754 -0.26408 -819.206 0 
4 824.494 0.309603 0.0222787 0.679805 -0.82048 -0.496888 -4.92861 -0.288145 -819.277 0 
2 824.23 0.31152 0.022281 0.677573 -0.80721 -0.511377 -4.76784 -0.280375 -819.182 0 
2 823.827 0.311944 0.0223411 0.678347 -0.814918 -0.507483 -4.60327 -0.0302104 -819.193 0 
5 823.876 0.315478 0.0224234 0.675553 -0.804599 -0.508879 -4.19555 -0.495341 -819.185 0 
4 823.919 0.319567 0.022359 0.672339 -0.810309 -0.503283 -3.91181 -0.813698 -819.193 0 
2 824.712 0.314378 0.022353 0.67805 -0.833944 -0.480231 -4.21537 -1.25901 -819.238 0 
2 824.724 0.31051 0.0224047 0.680669 -0.829239 -0.478376 -4.64045 -0.776434 -819.307 0 
1 824.505 0.309584 0.0224469 0.680419 -0.819727 -0.483586 -4.89835 -0.35608 -819.25 0 
1 824.55 0.31005 0.0224051 0.680027 -0.807446 -0.519498 -5.0874 -0.256401 -819.206 0 
2 824.285 0.315336 0.0224181 0.676775 -0.817773 -0.50297 -4.16548 -0.967694 -819.152 0 
4 824.571 0.314933 0.0223564 0.676647 -0.809637 -0.520651 -4.26422 -1.15241 -819.154 0 
2 825.26 0.318234 0.0224893 0.670806 -0.756613 -0.558392 -4.50208 -0.680258 -820.077 0 
5 824.593 0.322154 0.0222727 0.666975 -0.752399 -0.578552 -3.98967 -0.231773 -820.371 0 
5 825.083 0.324244 0.0223579 0.665288 -0.745247 -0.580966 -3.86616 -0.387581 -820.829 0 
2 824.319 0.323239 0.0223338 0.66687 -0.753658 -0.58396 -3.85059 -0.103557 -820.365 0 
6 824.611 0.327283 0.022232 0.665581 -0.784206 -0.56349 -3.87276 -1.0051 -819.734 0 
5 824.764 0.323661 0.0223325 0.669734 -0.791517 -0.562836 -3.83717 -1.52846 -819.398 0 
4 824.62 0.322709 0.0221473 0.669806 -0.814714 -0.517536 -4.02765 -1.4198 -819.172 0 
6 824.162 0.319862 0.0223164 0.673206 -0.817543 -0.519889 -4.03024 -1.00439 -819.127 0 
2 826.712 0.312985 0.022555 0.679402 -0.815534 -0.521648 -4.49374 -3.0315 -819.187 0 
5 826.609 0.311801 0.0224192 0.677204 -0.800443 -0.517932 -4.79555 -2.62564 -819.187 0 
12 825.468 0.308342 0.0224168 0.680329 -0.790667 -0.553084 -5.93112 -0.317352 -819.22 0 
1 825.986 0.316352 0.0225249 0.673605 -0.757919 -0.598194 -4.77839 -1.48542 -819.723 0 
6 824.666 0.319771 0.0223868 0.670764 -0.77407 -0.56968 -3.99301 -1.08099 -819.592 0 
5 824.752 0.310934 0.0223189 0.677949 -0.786063 -0.567674 -5.38313 -0.150453 -819.218 0 
2 826.695 0.305857 0.0224073 0.682907 -0.780615 -0.600296 -7.19474 -0.229561 -819.271 0 
2 828.108 0.302709 0.0223291 0.686437 -0.807586 -0.564522 -7.39132 -1.1356 -819.581 0 
1 828.232 0.299739 0.022397 0.690367 -0.832818 -0.528567 -7.61059 -0.322841 -820.299 0 
3 830.521 0.302397 0.0224892 0.688991 -0.810358 -0.580031 -7.51785 -3.28029 -819.723 0 
1 830.039 0.301099 0.022537 0.686966 -0.775617 -0.595899 -9.48679 -1.1995 -819.352 0 
2 828.276 0.307115 0.0222627 0.681343 -0.785039 -0.586894 -6.6078 -2.42116 -819.247 0 
3 825.871 0.310262 0.0221959 0.680979 -0.826621 -0.542979 -4.97974 -1.44537 -819.446 0 
1 825.189 0.314922 0.0221514 0.676615 -0.81496 -0.559615 -4.42672 -1.58472 -819.178 0 
2 825.947 0.324615 0.0222984 0.666828 -0.767964 -0.59818 -3.7343 -2.34471 -819.868 0 
3 824.865 0.324521 0.0222897 0.669433 -0.799274 -0.564158 -3.99217 -1.58589 -819.287 0 
5 824.718 0.326789 0.022205 0.666516 -0.794258 -0.558733 -4.01429 -1.22122 -819.482 0 
2 828.334 0.325773 0.0220548 0.669802 -0.837239 -0.538522 -5.09181 -4.1642 -819.078 0 
1 826.895 0.32847 0.0220648 0.66613 -0.825422 -0.527533 -5.05212 -2.69328 -819.149 0 
3 826.072 0.327747 0.0221718 0.666415 -0.811699 -0.541688 -4.53987 -2.27184 -819.26 0 
7 824.417 0.323923 0.0223104 0.668341 -0.78717 -0.557568 -3.7995 -1.09823 -819.52 0 
3 824.211 0.32574 0.0222785 0.666254 -0.776518 -0.563203 -3.72452 -0.61729 -819.869 0 
5 825.631 0.327276 0.0221391 0.665255 -0.797525 -0.54517 -4.11305 -2.02901 -819.489 0 
7 824.352 0.323354 0.0223542 0.668117 -0.768158 -0.583278 -3.75598 -0.724811 -819.871 0 
1 824.314 0.321154 0.022386 0.670173 -0.767946 -0.59354 -3.92111 -0.687406 -819.705 0 
7 824.195 0.315999 0.0223345 0.67611 -0.799624 -0.573176 -4.33078 -0.713273 -819.151 0 
3 824.625 0.319448 0.0223939 0.673515 -0.798979 -0.564693 -4.0164 -1.42443 -819.184 0 
6 824.232 0.320034 0.0223455 0.672471 -0.778469 -0.618349 -4.06699 -0.827208 -819.338 0 
2 825.222 0.315779 0.0222643 0.672733 -0.751676 -0.633809 -5.06828 -0.449698 -819.704 0 
1 824.188 0.32151 0.0222613 0.668655 -0.756248 -0.61555 -3.98442 -0.247941 -819.956 0 
1 825.792 0.320713 0.0220814 0.66932 -0.758539 -0.657313 -4.13223 -2.01802 -819.642 0 
4 826.281 0.326687 0.0221588 0.663914 -0.740254 -0.665538 -3.67381 -2.01436 -820.592 0 
2 826.272 0.324546 0.0220438 0.66593 -0.754259 -0.659752 -3.8027 -2.51677 -819.953 0 
2 826.864 0.32736 0.0220684 0.665259 -0.772051 -0.654878 -4.01771 -3.23175 -819.615 0 
4 824.609 0.322996 0.0222341 0.668525 -0.741009 -0.702905 -4.04999 -0.504639 -820.054 0 
6 825.943 0.322026 0.0223617 0.667784 -0.711505 -0.719512 -4.62801 -0.2192 -821.095 0 
5 824.461 0.321275 0.022212 0.671128 -0.765666 -0.673549 -4.13058 -0.890945 -819.439 0 
3 825.217 0.317762 0.0222346 0.673079 -0.746827 -0.706545 -4.85727 -0.746783 -819.613 0 
2 825.104 0.319638 0.0223031 0.670709 -0.730945 -0.706303 -4.7216 -0.202817 -820.18 0 
1 825.13 0.322727 0.0222114 0.669571 -0.748119 -0.704467 -4.0685 -1.25534 -819.806 0 
1 825.223 0.327905 0.0221839 0.665173 -0.743136 -0.705416 -3.73071 -1.20419 -820.288 0 
5 825.649 0.327075 0.0222587 0.664598 -0.714873 -0.73233 -3.79658 -0.572936 -821.279 0 
1 825.439 0.324239 0.0222213 0.666723 -0.724225 -0.717364 -4.04062 -0.694799 -820.703 0 
3 825.062 0.32402 0.0222327 0.667335 -0.726651 -0.735064 -4.07416 -0.531193 -820.457 0 
3 825.985 0.32333 0.0223528 0.668088 -0.705829 -0.774909 -4.50172 -0.449163 -821.034 0 
3 826.141 0.326454 0.0223295 0.66611 -0.707279 -0.77919 -3.98438 -0.953009 -821.204 0 
5 826.281 0.327306 0.022197 0.664005 -0.703062 -0.786366 -3.91762 -0.923022 -821.44 0 
4 826.032 0.329043 0.0222105 0.664285 -0.717608 -0.787133 -3.78221 -1.38242 -820.868 0 
3 826.773 0.332107 0.0221904 0.660774 -0.698864 -0.792393 -3.54406 -1.10358 -822.126 0 
1 826.269 0.329879 0.0221752 0.66307 -0.71799 -0.774121 -3.702 -1.53992 -821.027 0 
4 826.819 0.328706 0.0221727 0.666676 -0.748446 -0.761354 -4.0922 -2.89693 -819.83 0 
1 825.11 0.321641 0.022289 0.671059 -0.735358 -0.764229 -4.47001 -0.799101 -819.841 0 
1 826.367 0.316532 0.0221825 0.674896 -0.742115 -0.768364 -5.42887 -1.4574 -819.481 0 
6 825.621 0.321124 0.0222822 0.669974 -0.719623 -0.775263 -4.72078 -0.623646 -820.277 0 
6 825.301 0.318434 0.0221784 0.674277 -0.761242 -0.739941 -4.82108 -1.19936 -819.281 0 
8 826.005 0.323808 0.0221202 0.667269 -0.724236 -0.770967 -4.22269 -1.47922 -820.304 0 
1 825.67 0.327182 0.0222259 0.666356 -0.725391 -0.777487 -3.89763 -1.32072 -820.452 0 
2 827.073 0.326346 0.0223383 0.665612 -0.7006 -0.798599 -4.08546 -1.617 -821.371 0 
6 826.989 0.323806 0.0224308 0.668488 -0.701513 -0.797053 -4.50744 -1.37351 -821.108 0 
1 827.218 0.32257 0.0224311 0.671449 -0.724354 -0.796848 -4.50474 -2.63955 -820.073 0 
2 827.162 0.323974 0.0223575 0.670616 -0.723763 -0.818804 -4.40783 -2.69831 -820.055 0 
3 827.451 0.316467 0.0223045 0.67522 -0.712532 -0.840496 -6.26281 -1.2497 -819.939 0 
4 826.455 0.324619 0.0221782 0.668127 -0.707848 -0.844596 -4.45081 -1.46684 -820.537 0 
5 826.345 0.324652 0.0221468 0.667649 -0.704477 -0.854676 -4.50673 -1.22556 -820.613 0 
5 826.781 0.322536 0.0220821 0.670453 -0.733171 -0.821454 -4.65211 -2.43348 -819.696 0 
7 826.657 0.324048 0.0223736 0.669249 -0.70974 -0.825298 -4.45604 -1.65473 -820.546 0 
1 828.153 0.315435 0.0224676 0.6754 -0.697937 -0.837523 -7.01556 -0.75164 -820.386 0 
14 825.692 0.320422 0.022239 0.671348 -0.717347 -0.81481 -5.03607 -0.559833 -820.096 0 
1 828.503 0.316828 0.0222825 0.675896 -0.729706 -0.813505 -5.73292 -3.15755 -819.613 0 
1 827.84 0.330601 0.0221068 0.664347 -0.74494 -0.782866 -4.30841 -3.596 -819.935 0 
1 826.993 0.330229 0.0220517 0.663583 -0.722851 -0.818286 -3.98166 -2.50606 -820.505 0 
5 828.553 0.329 0.0219329 0.66392 -0.725194 -0.818837 -4.03893 -4.19493 -820.319 0 
1 827.486 0.325024 0.022004 0.669277 -0.756769 -0.789242 -4.54378 -3.57599 -819.366 0 
3 830.509 0.331363 0.0220683 0.659878 -0.693736 -0.820892 -3.65711 -4.79222 -822.059 0 
2 833.613 0.335726 0.0222055 0.655777 -0.675813 -0.802836 -3.40657 -6.15058 -824.056 0 
1 828.485 0.331543 0.0221276 0.659321 -0.686042 -0.798492 -3.60235 -2.07148 -822.811 0 
12 826.108 0.328668 0.0221751 0.663113 -0.707023 -0.771234 -3.72994 -0.879283 -821.499 0 
2 827.843 0.32076 0.0224519 0.669228 -0.692776 -0.783002 -5.40785 -1.03337 -821.402 0 
3 826.883 0.315695 0.0224122 0.674256 -0.710573 -0.77424 -6.40719 -0.187803 -820.288 0 
1 828.534 0.319895 0.0223519 0.670332 -0.718928 -0.760485 -4.93902 -3.28099 -820.314 0 
1 828.875 0.324522 0.0223794 0.669467 -0.710838 -0.810675 -4.31613 -3.92473 -820.634 0 
4 828.738 0.326418 0.0224292 0.664927 -0.673989 -0.835392 -4.51888 -1.63411 -822.585 0 
4 826.391 0.32867 0.0222629 0.664103 -0.700828 -0.811605 -3.83635 -1.08837 -821.466 0 
1 827.93 0.325668 0.0222452 0.66815 -0.721128 -0.793555 -4.06766 -3.45472 -820.408 0 
6 828.021 0.330453 0.0220816 0.665998 -0.767238 -0.748556 -4.65759 -3.89098 -819.472 0 
3 826.913 0.32939 0.0221166 0.664212 -0.7363 -0.769159 -3.95987 -2.71387 -820.239 0 
3 827.24 0.330798 0.0220717 0.662684 -0.74134 -0.741606 -3.92872 -2.98289 -820.328 0 
1 827.123 0.323747 0.0220844 0.670089 -0.757804 -0.748351 -4.27457 -3.41643 -819.432 0 
3 826.389 0.330734 0.0221558 0.663494 -0.736434 -0.755149 -3.87664 -2.08743 -820.425 0 
2 829.35 0.33799 0.0221085 0.655862 -0.708482 -0.758621 -3.73427 -3.02007 -822.595 0 
5 827.707 0.332795 0.0221156 0.659533 -0.695186 -0.785615 -3.49333 -1.70608 -822.508 0 
2 827.734 0.327014 0.0221941 0.663944 -0.695507 -0.775669 -4.05027 -1.74761 -821.936 0 
3 829.821 0.323801 0.0221695 0.663973 -0.669725 -0.805523 -5.3577 -1.56505 -822.898 0 
4 829.758 0.318938 0.0221456 0.669435 -0.69925 -0.776748 -5.79172 -2.99521 -820.972 0 
2 828.501 0.329551 0.0221791 0.662817 -0.705423 -0.760765 -3.65086 -3.07223 -821.778 0 
4 826.478 0.327468 0.0220949 0.663231 -0.723144 -0.711615 -3.69754 -1.70153 -821.078 0 
1 826.356 0.322581 0.0222292 0.66717 -0.712531 -0.726575 -4.51373 -0.807311 -821.035 0 
5 826.267 0.320667 0.0222477 0.669271 -0.71622 -0.736727 -4.83803 -0.794879 -820.634 0 
5 826.648 0.325876 0.0222652 0.664376 -0.690312 -0.777823 -4.31684 -0.228686 -822.103 0 
2 827.473 0.322662 0.022296 0.666956 -0.685293 -0.793149 -5.16848 -0.394056 -821.911 0 
1 828.41 0.320032 0.0222613 0.670984 -0.706666 -0.797401 -5.28816 -2.54613 -820.576 0 
2 825.695 0.324656 0.0222168 0.667481 -0.715945 -0.785353 -4.18592 -0.906902 -820.602 0 
7 826.222 0.330173 0.022187 0.663901 -0.72106 -0.789044 -3.775 -1.65602 -820.791 0 
1 826.892 0.32634 0.0223008 0.665005 -0.689911 -0.81723 -4.23816 -0.867635 -821.786 0 
1 828.763 0.330693 0.0221443 0.663466 -0.704813 -0.828589 -3.73251 -3.72912 -821.302 0 
4 827.407 0.332198 0.022065 0.662668 -0.725399 -0.811723 -3.98413 -2.82508 -820.598 0 
2 829.131 0.332212 0.0219622 0.660906 -0.718887 -0.816622 -3.92477 -4.35543 -820.851 0 
3 829.965 0.333684 0.0219932 0.658768 -0.699617 -0.830521 -3.66844 -4.42537 -821.872 0 
3 829.01 0.332452 0.0219832 0.660231 -0.705988 -0.831534 -3.76669 -3.85857 -821.384 0 
2 828.268 0.335352 0.0221749 0.659008 -0.682693 -0.871228 -3.57809 -2.00964 -822.68 0 
2 830.633 0.331832 0.0221787 0.660344 -0.698655 -0.807762 -3.62312 -5.05831 -821.951 0 
1 828.595 0.328949 0.0221496 0.663963 -0.686586 -0.865163 -3.98958 -2.81673 -821.789 0 
1 828.655 0.33219 0.0221801 0.66108 -0.664783 -0.90994 -3.81226 -1.78355 -823.06 0 
10 827.146 0.328358 0.0220732 0.663856 -0.697865 -0.852018 -4.00806 -1.89687 -821.242 0 
1 826.902 0.328017 0.0220321 0.665375 -0.727814 -0.811007 -4.06241 -2.63712 -820.203 0 
1 830.093 0.329583 0.0221937 0.662442 -0.702474 -0.814167 -3.7914 -4.85701 -821.444 0 
1 825.749 0.321515 0.0221879 0.670302 -0.720726 -0.804603 -4.74098 -0.912512 -820.096 0 
1 826.821 0.325979 0.0220046 0.667041 -0.746057 -0.775952 -4.22051 -2.90939 -819.691 0 
3 827.221 0.321521 0.0221944 0.669772 -0.702521 -0.833626 -5.06766 -1.53996 -820.613 0 
1 827.671 0.330182 0.0223068 0.661985 -0.672287 -0.841991 -3.90937 -0.683773 -823.078 0 
1 827.262 0.332043 0.0222624 0.660336 -0.684807 -0.801517 -3.57344 -0.766451 -822.922 0 
2 827.347 0.333097 0.0222546 0.659732 -0.690165 -0.782914 -3.4817 -0.957407 -822.908 0 
2 826.585 0.327733 0.0222577 0.663014 -0.691305 -0.775037 -3.98867 -0.319635 -822.277 0 
4 826.668 0.329205 0.0222238 0.661142 -0.704656 -0.715068 -3.68206 -0.729661 -822.256 0 
1 827.084 0.318268 0.0222623 0.669717 -0.714863 -0.699144 -5.50556 -0.794193 -820.784 0 
1 828.578 0.317394 0.0220497 0.66973 -0.755704 -0.614521 -4.61777 -4.20393 -819.756 0 
2 828.889 0.326036 0.0219005 0.665439 -0.79138 -0.582851 -3.97537 -5.49847 -819.415 0 
1 826.859 0.324353 0.0220986 0.668143 -0.792846 -0.566336 -3.85663 -3.61757 -819.385 0 
1 824.498 0.326681 0.0222868 0.665419 -0.761014 -0.600222 -3.65941 -0.611718 -820.227 0 
1 825.298 0.323693 0.0222687 0.669039 -0.76907 -0.619096 -3.78856 -1.83046 -819.679 0 
1 824.82 0.325798 0.0223517 0.6663 -0.750648 -0.625207 -3.67763 -0.754764 -820.387 0 
2 825.056 0.32531 0.0223703 0.666541 -0.743115 -0.638639 -3.73647 -0.759151 -820.56 0 
3 824.461 0.323931 0.0223617 0.6675 -0.755622 -0.604107 -3.76771 -0.489539 -820.204 0 
2 824.953 0.323526 0.0223399 0.665635 -0.742096 -0.586693 -3.97977 -0.109327 -820.864 0 
2 824.498 0.320425 0.0223839 0.669107 -0.752486 -0.588325 -4.18601 -0.132315 -820.18 0 
1 824.572 0.319371 0.0223835 0.669372 -0.75437 -0.563911 -4.36259 -0.0128343 -820.197 0 
1 824.861 0.320732 0.022279 0.669188 -0.762596 -0.574866 -4.02764 -0.897036 -819.937 0 
3 824.738 0.327502 0.0222321 0.664124 -0.760461 -0.584362 -3.65298 -0.663124 -820.422 0 
4 825.874 0.330504 0.0222869 0.662392 -0.75263 -0.599435 -3.67201 -1.3011 -820.901 0 
1 825.237 0.327994 0.0221775 0.663886 -0.756729 -0.610621 -3.63959 -1.17783 -820.419 0 
4 825.62 0.328763 0.0222012 0.66238 -0.739571 -0.624737 -3.59888 -0.876456 -821.144 0 
4 825.755 0.329183 0.0222424 0.662121 -0.745723 -0.616863 -3.60682 -1.19436 -820.954 0 
1 825.428 0.316902 0.0222785 0.673928 -0.765704 -0.633359 -4.59867 -1.39731 -819.432 0 
2 826.697 0.323906 0.0225168 0.668208 -0.741365 -0.637312 -3.87282 -2.29188 -820.532 0 
3 828.63 0.325674 0.0225888 0.666741 -0.735302 -0.630333 -3.77699 -3.83996 -821.013 0 
1 829.673 0.323414 0.0224018 0.671192 -0.770902 -0.632467 -3.83392 -6.27846 -819.56 0 
1 829.399 0.324822 0.0223982 0.670727 -0.765829 -0.675375 -3.90097 -5.93447 -819.564 0 
2 829.045 0.314126 0.0225736 0.679205 -0.771072 -0.654424 -5.14797 -4.64046 -819.257 0 
3 825.246 0.315599 0.0223883 0.67771 -0.798241 -0.610236 -4.54956 -1.54816 -819.149 0 
2 824.817 0.311471 0.0222775 0.680018 -0.798593 -0.619999 -5.28657 -0.289608 -819.241 0 
1 826.48 0.305227 0.0224018 0.68592 -0.808621 -0.605665 -6.69148 -0.172484 -819.616 0 
5 825.562 0.315618 0.0222028 0.678042 -0.828492 -0.571243 -4.60043 -1.65648 -819.305 0 
1 824.803 0.313639 0.0223488 0.678728 -0.8044 -0.60275 -4.80222 -0.805121 -819.196 0 
1 825.217 0.324486 0.0221736 0.669714 -0.788865 -0.637157 -4.13743 -1.84196 -819.238 0 
4 825.332 0.322806 0.0221431 0.671076 -0.800271 -0.61251 -4.1994 -1.99968 -819.133 0 
2 826.414 0.32838 0.0222048 0.667183 -0.788731 -0.63459 -4.34035 -2.70913 -819.365 0 
1 826.698 0.327989 0.0222274 0.667752 -0.792202 -0.624514 -4.33734 -3.03883 -819.321 0 
1 825.651 0.329286 0.0222525 0.664623 -0.75871 -0.642931 -3.73724 -1.69678 -820.217 0 
1 827.583 0.329198 0.0222704 0.665577 -0.772443 -0.61151 -3.8533 -3.79572 -819.934 0 
4 830.129 0.332396 0.0222651 0.664396 -0.782953 -0.612458 -4.44351 -5.88048 -819.805 0 
5 827.97 0.327003 0.0222906 0.668865 -0.795182 -0.601295 -4.17351 -4.48343 -819.313 0 
1 826.738 0.330375 0.0221963 0.664924 -0.787388 -0.600563 -4.30912 -2.80021 -819.629 0 
1 826.142 0.323241 0.0222981 0.668027 -0.747519 -0.629571 -3.90022 -1.95138 -820.29 0 
1 826.613 0.327008 0.0223634 0.66291 -0.701354 -0.692327 -4.05794 -0.0973842 -822.457 0 
5 825.306 0.315382 0.0224381 0.675429 -0.752699 -0.661802 -5.18348 -0.567268 -819.556 0 
1 825.025 0.313878 0.0223453 0.676455 -0.784147 -0.603508 -4.84499 -0.974127 -819.206 0 
5 824.728 0.311414 0.0223062 0.679324 -0.788176 -0.620721 -5.39771 -0.127132 -819.203 0 
3 824.28 0.313649 0.0222451 0.676756 -0.794594 -0.589487 -4.75151 -0.359286 -819.169 0 
6 824.069 0.318234 0.0222151 0.672924 -0.778569 -0.622984 -4.27039 -0.51668 -819.282 0 
1 825.958 0.318166 0.0222419 0.674276 -0.776136 -0.650118 -4.3812 -2.32166 -819.255 0 
2 827.627 0.325502 0.0223264 0.664731 -0.714535 -0.711686 -3.95866 -2.33849 -821.33 0 
1 824.878 0.324055 0.0222523 0.669491 -0.768807 -0.659614 -3.91702 -1.43631 -819.525 0 
1 826.626 0.316953 0.0223302 0.676466 -0.778596 -0.665885 -4.6209 -2.8105 -819.195 0 
4 824.609 0.315143 0.0223041 0.676287 -0.76806 -0.672724 -5.02783 -0.31035 -819.271 0 
5 825.257 0.315146 0.0221491 0.675563 -0.787162 -0.640608 -4.77903 -1.31042 -819.167 0 
3 824.984 0.313872 0.0222927 0.677088 -0.761078 -0.697049 -5.50163 -0.181988 -819.3 0 
2 824.372 0.318578 0.0222573 0.673128 -0.760423 -0.686655 -4.51997 -0.433824 -819.418 0 
1 826.333 0.315092 0.0221036 0.677815 -0.806934 -0.648248 -4.92877 -2.16189 -819.243 0 
3 825.588 0.321544 0.0222257 0.673357 -0.79871 -0.655029 -4.47971 -2.01239 -819.096 0 
5 829.172 0.323194 0.0222013 0.674056 -0.825794 -0.629493 -5.13477 -4.91781 -819.12 0 
1 829.205 0.324052 0.0223498 0.673115 -0.805025 -0.644841 -4.59147 -5.53887 -819.075 0 
1 828.893 0.320766 0.0223566 0.676275 -0.815955 -0.648448 -4.88633 -4.86788 -819.139 0 
1 827.615 0.321434 0.0222222 0.672674 -0.805347 -0.635432 -4.57721 -3.94857 -819.089 0 
2 828.235 0.324181 0.0222237 0.671464 -0.816047 -0.621098 -4.91339 -4.2588 -819.063 0 
3 824.988 0.322064 0.0222336 0.67195 -0.792745 -0.641213 -4.26155 -1.58048 -819.146 0 
4 824.811 0.321828 0.0222174 0.671766 -0.795013 -0.627033 -4.2196 -1.44603 -819.145 0 
1 825.133 0.319865 0.0221363 0.673626 -0.805795 -0.629344 -4.48203 -1.54614 -819.104 0 
1 824.889 0.320793 0.0221888 0.672626 -0.791814 -0.633124 -4.19401 -1.5407 -819.154 0 
3 824.225 0.315487 0.022239 0.676403 -0.798667 -0.610524 -4.57721 -0.497308 -819.15 0 
7 824.287 0.315699 0.0222383 0.676641 -0.804505 -0.600008 -4.51618 -0.619665 -819.151 0 
1 824.403 0.319248 0.0221795 0.673161 -0.791918 -0.619439 -4.20952 -1.0338 -819.16 0 
3 824.82 0.318628 0.0222101 0.674549 -0.80267 -0.605077 -4.27729 -1.42403 -819.119 0 
1 825.003 0.32219 0.0222183 0.671675 -0.803117 -0.606748 -4.26061 -1.62624 -819.116 0 
3 824.952 0.319112 0.0223108 0.673178 -0.783663 -0.628623 -4.22714 -1.50356 -819.222 0 
1 826.312 0.325314 0.0223479 0.669658 -0.77955 -0.649786 -4.05213 -2.87852 -819.381 0 
3 827.412 0.326762 0.0224167 0.668619 -0.777161 -0.628515 -3.91821 -3.91742 -819.576 0 
1 827.57 0.329069 0.0223125 0.667111 -0.790374 -0.611867 -4.31803 -3.80708 -819.445 0 
1 825.971 0.325004 0.0223567 0.669785 -0.790713 -0.602048 -4.01133 -2.63499 -819.324 0 
2 825.186 0.314506 0.022363 0.679028 -0.813258 -0.592959 -4.66438 -1.3009 -819.22 0 
4 826.086 0.317098 0.0223392 0.677794 -0.83244 -0.558653 -4.54879 -2.26849 -819.269 0 
1 825.552 0.321109 0.0223263 0.673547 -0.823567 -0.543041 -4.28911 -2.16027 -819.102 0 
2 826.118 0.322541 0.0222664 0.672721 -0.826439 -0.548376 -4.45358 -2.573 -819.092 0 
6 824.812 0.317825 0.0222061 0.675243 -0.82655 -0.532576 -4.23524 -1.42127 -819.156 0 
1 824.416 0.315587 0.0223348 0.677081 -0.814688 -0.547935 -4.30607 -0.955891 -819.154 0 
2 824.457 0.319108 0.0224114 0.673196 -0.791505 -0.565604 -4.0046 -1.19227 -819.26 0 
1 824.514 0.320726 0.022327 0.671661 -0.777462 -0.603007 -3.95573 -1.1319 -819.426 0 
6 824.083 0.320542 0.0223608 0.670576 -0.763615 -0.607584 -4.02857 -0.329415 -819.725 0 
3 825.004 0.31713 0.0223867 0.672238 -0.743298 -0.639847 -4.97479 -0.0424714 -819.987 0 
1 825.331 0.313641 0.0224064 0.675146 -0.751668 -0.628227 -5.62399 -0.0668815 -819.64 0 
2 825.136 0.322703 0.0223922 0.667996 -0.736995 -0.64022 -4.08403 -0.451587 -820.601 0 
7 825.026 0.323789 0.0223724 0.666387 -0.737009 -0.626534 -3.94598 -0.283587 -820.796 0 
5 825.321 0.321517 0.0224023 0.667911 -0.74002 -0.613878 -4.21166 -0.535613 -820.574 0 
6 825.145 0.327444 0.022282 0.663412 -0.733779 -0.639816 -3.65052 -0.322205 -821.172 0 
3 826.377 0.333217 0.0221406 0.660504 -0.760831 -0.614932 -4.01271 -1.71127 -820.653 0 
1 828.07 0.334413 0.0221146 0.659593 -0.786366 -0.556005 -4.83223 -3.05501 -820.182 0 
1 829.382 0.337514 0.0220335 0.658064 -0.78288 -0.599802 -5.47432 -3.66039 -820.248 0 
5 829.637 0.336416 0.0219277 0.65789 -0.774147 -0.614721 -4.91062 -4.34401 -820.382 0 
1 828.293 0.33573 0.0220302 0.658563 -0.768158 -0.624368 -4.63729 -3.16458 -820.492 0 
10 826.278 0.332351 0.0221859 0.66165 -0.770916 -0.602697 -4.14811 -1.86322 -820.266 0 
2 825.505 0.323606 0.0223128 0.665733 -0.732831 -0.634663 -4.01223 -0.584866 -820.908 0 
4 829.958 0.330136 0.0219786 0.659831 -0.765826 -0.572921 -3.82525 -5.62874 -820.504 0 
1 827.472 0.324101 0.0219868 0.665964 -0.775939 -0.581395 -3.74249 -4.0315 -819.698 0 
2 826.544 0.32419 0.0220763 0.665117 -0.766545 -0.559659 -3.72725 -2.69901 -820.118 0 
1 825.406 0.318432 0.022202 0.669115 -0.768981 -0.535115 -4.2505 -1.32728 -819.828 0 
2 824.936 0.318585 0.0223735 0.673365 -0.798142 -0.525829 -3.95721 -1.71978 -819.259 0 
1 825.984 0.322871 0.0224282 0.671177 -0.797014 -0.550953 -3.86238 -2.80656 -819.315 0 
2 824.141 0.324167 0.0223166 0.668127 -0.778218 -0.573865 -3.74715 -0.717338 -819.677 0 
7 824.05 0.323456 0.0221942 0.668775 -0.801763 -0.535744 -3.90819 -0.838656 -819.303 0 
5 824.895 0.32274 0.0223135 0.671292 -0.808739 -0.552598 -4.06655 -1.6686 -819.16 0 
1 824.198 0.323467 0.0221907 0.669145 -0.804374 -0.543532 -3.97959 -0.974754 -819.243 0 
1 823.873 0.316825 0.0223795 0.674106 -0.785393 -0.561904 -4.2559 -0.313785 -819.304 0 
1 826.013 0.324881 0.0222424 0.665901 -0.778926 -0.552761 -3.73951 -2.46883 -819.805 0 
6 824.932 0.321841 0.0221731 0.66795 -0.783796 -0.545677 -3.79891 -1.57663 -819.557 0 
2 825.001 0.319682 0.0222243 0.669282 -0.763933 -0.567664 -4.14044 -0.986776 -819.874 0 
4 825.183 0.317087 0.0222127 0.671007 -0.764724 -0.57783 -4.50566 -1.00746 -819.67 0 
2 826.787 0.320007 0.0222386 0.670853 -0.768442 -0.593898 -4.05587 -3.09574 -819.636 0 
1 824.742 0.315553 0.0223276 0.672508 -0.767007 -0.560603 -4.75292 -0.36838 -819.62 0 
5 824.791 0.311611 0.0222823 0.677012 -0.791508 -0.539706 -5.07101 -0.508133 -819.212 0 
4 824.869 0.311392 0.0223983 0.67752 -0.784446 -0.541765 -5.29679 -0.307274 -819.265 0 
1 825.766 0.309959 0.0222887 0.678911 -0.796441 -0.53715 -5.36801 -1.19849 -819.199 0 
1 825.846 0.309366 0.0222721 0.67838 -0.785658 -0.56046 -5.79308 -0.82779 -819.225 0 
7 824.511 0.319568 0.022153 0.671311 -0.792351 -0.563661 -3.96443 -1.28363 -819.263 0 
1 825.176 0.320259 0.0220936 0.669821 -0.793334 -0.556795 -3.92012 -1.97255 -819.283 0 
7 827.046 0.317014 0.0219882 0.673658 -0.821946 -0.547127 -4.30752 -3.5796 -819.159 0 
1 825.435 0.319053 0.0220725 0.671611 -0.807583 -0.551543 -4.07028 -2.22772 -819.137 0 
1 827.555 0.319842 0.02204 0.669797 -0.80326 -0.542556 -3.98007 -4.38611 -819.189 0 
3 827.586 0.317828 0.0219587 0.673163 -0.823669 -0.541278 -4.25348 -4.18503 -819.147 0 
1 828.579 0.319459 0.0220586 0.668661 -0.774127 -0.583793 -4.03922 -5.01952 -819.52 0 
7 827.497 0.321132 0.0220053 0.667834 -0.763725 -0.622953 -3.98565 -3.83232 -819.679 0 
5 825.82 0.321947 0.0221567 0.667613 -0.756871 -0.628991 -3.94109 -1.99078 -819.888 0 
2 825.238 0.321286 0.0223081 0.667806 -0.743355 -0.620705 -4.1696 -0.69747 -820.371 0 
5 825.418 0.327119 0.0223671 0.665947 -0.752769 -0.631622 -3.64305 -1.41584 -820.359 0 
4 826.716 0.33322 0.0222286 0.661492 -0.773457 -0.584507 -4.25057 -2.09832 -820.367 0 
4 827.494 0.33377 0.0222714 0.661734 -0.777717 -0.586282 -4.46452 -2.79218 -820.238 0 
4 828.084 0.330823 0.0223735 0.664872 -0.792037 -0.547919 -4.32289 -3.95855 -819.802 0 
2 828.001 0.332348 0.0223985 0.662657 -0.777143 -0.548393 -4.18017 -3.40281 -820.418 0 
1 832.58 0.331342 0.0225892 0.66049 -0.733238 -0.573753 -3.74302 -6.53959 -822.298 0 
1 829.674 0.328139 0.0225679 0.662982 -0.741663 -0.56031 -3.74957 -4.34405 -821.58 0 
1 829.668 0.334437 0.0222777 0.656292 -0.733609 -0.575179 -3.87333 -3.14754 -822.647 0 
4 828.215 0.335247 0.0222473 0.656974 -0.754612 -0.550605 -4.20527 -2.25536 -821.754 0 
2 827.302 0.331996 0.022437 0.659993 -0.747726 -0.544674 -3.86071 -1.61124 -821.83 0 
12 826.628 0.333511 0.0223266 0.659641 -0.765774 -0.532153 -4.1622 -1.30384 -821.162 0 
1 827.028 0.327495 0.0221853 0.666538 -0.812815 -0.498175 -4.29258 -3.35485 -819.381 0 
3 827.135 0.330774 0.0223268 0.663833 -0.790464 -0.521601 -4.23315 -2.89832 -820.004 0 
2 826.424 0.325064 0.0222936 0.668512 -0.808421 -0.495016 -3.96923 -3.07305 -819.381 0 
1 825.201 0.324939 0.0221612 0.667791 -0.814841 -0.490331 -4.08265 -1.82991 -819.289 0 
6 824.835 0.323047 0.0221273 0.669344 -0.825059 -0.482249 -4.13773 -1.53813 -819.159 0 
5 823.536 0.322219 0.0223087 0.668808 -0.798178 -0.491197 -3.79584 -0.256186 -819.484 0 
2 825.473 0.321899 0.0224971 0.670237 -0.786951 -0.523167 -3.78424 -2.1044 -819.584 0 
1 826.131 0.320636 0.0224714 0.669337 -0.770032 -0.538918 -3.94401 -2.28649 -819.901 0 
1 826.325 0.309018 0.0224799 0.678676 -0.780733 -0.536495 -6.00371 -1.03767 -819.283 0 
1 826.23 0.306442 0.0223317 0.681074 -0.7952 -0.531786 -6.36091 -0.629506 -819.24 0 
6 825.511 0.315198 0.0222696 0.671956 -0.772882 -0.533717 -4.70044 -1.23251 -819.578 0 
7 825.455 0.316662 0.0221614 0.671853 -0.787922 -0.524346 -4.22212 -1.86795 -819.365 0 
1 825.794 0.31915 0.0221517 0.669835 -0.777987 -0.543932 -4.03821 -2.17376 -819.582 0 
1 825.645 0.318895 0.0223747 0.668594 -0.740634 -0.571837 -4.8155 -0.173358 -820.656 0 
1 824.869 0.315704 0.0222521 0.672436 -0.769173 -0.568536 -4.67963 -0.644703 -819.544 0 
1 824.558 0.320624 0.0223155 0.669235 -0.780666 -0.536809 -3.86418 -1.07772 -819.616 0 
4 825.085 0.320823 0.0223233 0.672374 -0.794129 -0.573705 -3.9318 -1.91103 -819.242 0 
1 825.566 0.320327 0.022243 0.67282 -0.798221 -0.581208 -4.01137 -2.381 -819.174 0 
2 824.999 0.313725 0.0223212 0.677696 -0.797611 -0.573844 -4.66304 -1.16959 -819.166 0 
4 824.684 0.32218 0.0222619 0.671324 -0.792933 -0.596398 -3.97899 -1.4728 -819.232 0 
1 824.37 0.315883 0.0223612 0.676844 -0.809484 -0.565437 -4.34244 -0.883783 -819.144 0 
2 827.287 0.317164 0.0222739 0.673786 -0.807929 -0.549797 -4.18888 -3.962 -819.136 0 
1 826.118 0.313668 0.0223995 0.678158 -0.810974 -0.562178 -4.59476 -2.33699 -819.186 0 
2 826.055 0.307545 0.0222625 0.684894 -0.843895 -0.553091 -5.5695 -0.377465 -820.108 0 
3 826.404 0.30596 0.022342 0.684615 -0.826724 -0.549034 -5.90541 -0.771763 -819.727 0 
2 827.943 0.306708 0.0223565 0.683739 -0.834165 -0.522652 -5.5197 -2.68506 -819.738 0 
1 826.497 0.316914 0.022301 0.676239 -0.836359 -0.521963 -4.43872 -2.80728 -819.251 0 
2 826.555 0.316753 0.0223407 0.674897 -0.80175 -0.57586 -4.29675 -3.11711 -819.141 0 
1 827.842 0.315047 0.0224601 0.67533 -0.783163 -0.580556 -4.5668 -4.01712 -819.258 0 
6 826.034 0.319751 0.0224212 0.674703 -0.808343 -0.572406 -4.14032 -2.77708 -819.117 0 
9 824.387 0.321888 0.0222988 0.670802 -0.785165 -0.603778 -3.95026 -1.11629 -819.32 0 
2 824.096 0.320579 0.0222098 0.670654 -0.772451 -0.627106 -4.03997 -0.619207 -819.437 0 
2 824.697 0.318013 0.022308 0.671621 -0.744897 -0.658853 -4.73744 -0.0745685 -819.885 0 
3 826.239 0.321793 0.0223118 0.670622 -0.756126 -0.654177 -4.01201 -2.45437 -819.772 0 
5 825.875 0.322135 0.0223607 0.669336 -0.73812 -0.667809 -4.14857 -1.40802 -820.319 0 
1 826.015 0.324499 0.022287 0.666649 -0.733365 -0.663524 -3.90174 -1.38425 -820.729 0 
2 828.777 0.327624 0.0224385 0.662661 -0.708285 -0.678151 -3.84319 -2.68649 -822.247 0 
1 829.361 0.332714 0.0224667 0.659794 -0.688961 -0.733052 -3.56106 -2.24482 -823.556 0 
4 827.425 0.324462 0.0223764 0.665053 -0.696809 -0.70702 -4.60478 -0.531351 -822.289 0 
2 826.629 0.327252 0.0222272 0.662402 -0.701632 -0.718974 -3.94108 -0.51118 -822.177 0 
5 825.028 0.323818 0.0221713 0.668007 -0.7483 -0.687963 -3.91252 -1.17046 -819.945 0 
2 826.007 0.327679 0.0222523 0.663152 -0.717287 -0.705169 -3.70481 -0.844777 -821.458 0 
1 825.6 0.324782 0.0222151 0.665143 -0.720977 -0.697873 -3.98914 -0.555187 -821.056 0 
2 826.295 0.328581 0.0221546 0.661848 -0.716301 -0.699457 -3.64622 -0.989746 -821.659 0 
4 826.132 0.31761 0.0223971 0.671419 -0.728968 -0.681333 -5.20041 -0.656053 -820.275 0 
1 826.338 0.313895 0.0224183 0.675414 -0.737521 -0.695327 -6.00099 -0.598248 -819.739 0 
3 827.185 0.317468 0.0225162 0.674717 -0.736527 -0.717057 -5.12036 -2.23782 -819.827 0 
1 825.868 0.325675 0.022338 0.667924 -0.737017 -0.722343 -3.84689 -1.76821 -820.253 0 
4 829.803 0.327144 0.0221238 0.668119 -0.770154 -0.694404 -4.06504 -6.2552 -819.483 0 
1 828.506 0.32426 0.0223416 0.667918 -0.706904 -0.766655 -4.32992 -3.04605 -821.13 0 
1 828.803 0.324524 0.0222086 0.668896 -0.745196 -0.713864 -3.91659 -4.94084 -819.945 0 
2 829.11 0.328763 0.0224665 0.66385 -0.707418 -0.738793 -3.68267 -3.631 -821.796 0 
3 828.299 0.331076 0.0223992 0.66297 -0.715535 -0.74835 -3.57158 -3.2334 -821.494 0 
2 826.771 0.328561 0.0223058 0.662633 -0.70432 -0.737567 -3.72647 -1.07787 -821.967 0 
3 826.465 0.324399 0.0222855 0.665501 -0.705036 -0.743078 -4.28613 -0.734752 -821.444 0 
4 826.874 0.324504 0.0219924 0.667029 -0.759205 -0.687338 -3.92935 -3.27981 -819.665 0 
6 827.229 0.327555 0.0220301 0.667509 -0.790272 -0.66776 -4.54929 -3.46797 -819.212 0 
5 825.546 0.327372 0.0222505 0.666551 -0.769668 -0.650612 -3.92145 -1.92608 -819.699 0 
6 825.354 0.325073 0.022314 0.665747 -0.725897 -0.68876 -3.89137 -0.542058 -820.921 0 
2 826.794 0.327751 0.0223914 0.663288 -0.706004 -0.70918 -3.82041 -0.904122 -822.07 0 
7 825.419 0.328094 0.0221686 0.663793 -0.734842 -0.698708 -3.65204 -1.07503 -820.692 0 
1 825.482 0.324818 0.0221407 0.665951 -0.73691 -0.699411 -3.8641 -1.27196 -820.346 0 
2 826.899 0.32878 0.0220274 0.662346 -0.747078 -0.662738 -3.65429 -2.74951 -820.495 0 
2 826.716 0.322358 0.0220153 0.667446 -0.770508 -0.615734 -3.86933 -3.25222 -819.595 0 
4 825.209 0.320715 0.0221202 0.669437 -0.779391 -0.595951 -3.951 -1.8453 -819.412 0 
2 825.167 0.317816 0.0223744 0.674177 -0.788734 -0.599262 -4.23754 -1.7263 -819.203 0 
2 825.263 0.311773 0.0223505 0.678564 -0.770721 -0.642086 -5.6853 -0.317823 -819.26 0 
4 825.842 0.317879 0.0224271 0.671815 -0.732025 -0.662819 -5.10785 -0.440739 -820.294 0 
8 825.533 0.317494 0.022466 0.672315 -0.742429 -0.630995 -4.92887 -0.517311 -820.087 0 
1 826.815 0.315429 0.0224683 0.67368 -0.743791 -0.612252 -5.46348 -1.326 -820.026 0 
2 824.325 0.314154 0.0223811 0.675338 -0.773102 -0.581565 -4.92883 -0.0182715 -819.378 0 
1 824.46 0.314832 0.0223658 0.674242 -0.77269 -0.575188 -4.77352 -0.26562 -819.421 0 
1 826.32 0.320386 0.0223858 0.668415 -0.755845 -0.571092 -4.12639 -2.02715 -820.166 0 
3 826.543 0.321422 0.0224198 0.668077 -0.743826 -0.611354 -4.14005 -1.97593 -820.427 0 
7 824.36 0.321804 0.0223126 0.669038 -0.749602 -0.637222 -4.03038 -0.259967 -820.07 0 
3 824.12 0.31952 0.0223235 0.671652 -0.770251 -0.600607 -4.09401 -0.483008 -819.543 0 
2 823.994 0.321388 0.0223305 0.669864 -0.764234 -0.608198 -3.93615 -0.309753 -819.748 0 
7 824.287 0.322838 0.0222543 0.669399 -0.764998 -0.639474 -3.8797 -0.756049 -819.651 0 
6 824.272 0.322152 0.0222941 0.670349 -0.765018 -0.650084 -3.96438 -0.733659 -819.574 0 
4 824.769 0.325965 0.0221733 0.667084 -0.774357 -0.625245 -3.83667 -1.30875 -819.624 0 
2 824.793 0.326366 0.0222632 0.665758 -0.757795 -0.630935 -3.69008 -0.980883 -820.122 0 
7 824.054 0.318272 0.0222141 0.673456 -0.785844 -0.620279 -4.26317 -0.588019 -819.202 0 
1 824.312 0.320735 0.0221874 0.670453 -0.767121 -0.639589 -4.05936 -0.742734 -819.51 0 
2 825.267 0.320547 0.0221543 0.669068 -0.749655 -0.652744 -4.21097 -1.14978 -819.906 0 
1 826.432 0.321289 0.0222027 0.66896 -0.737605 -0.675792 -4.29141 -1.91168 -820.229 0 
2 825.565 0.323975 0.0223433 0.666083 -0.718034 -0.688452 -4.16096 -0.194352 -821.21 0 
4 825.5 0.328685 0.0222071 0.665047 -0.770238 -0.636357 -3.92698 -1.74294 -819.83 0 
4 827.83 0.32615 0.0224491 0.665555 -0.723584 -0.690457 -3.7918 -2.92268 -821.116 0 
1 826.449 0.326491 0.0223598 0.66508 -0.738312 -0.656705 -3.67633 -2.04407 -820.729 0 
2 826.34 0.324586 0.0223774 0.665347 -0.724905 -0.657048 -3.97765 -1.16819 -821.194 0 
3 825.663 0.330443 0.0222131 0.662088 -0.743076 -0.656459 -3.62623 -1.17533 -820.862 0 
2 826.927 0.331953 0.0221156 0.662683 -0.764449 -0.652438 -4.05883 -2.72856 -820.139 0 
6 827.064 0.329291 0.0222252 0.664628 -0.740261 -0.698777 -3.64276 -2.86525 -820.556 0 
3 827.182 0.334654 0.022197 0.660184 -0.741577 -0.682847 -3.88355 -2.19179 -821.107 0 
6 825.956 0.321442 0.022314 0.671178 -0.762933 -0.644129 -4.00307 -2.333 -819.619 0 
2 826.175 0.313041 0.0222922 0.678445 -0.791885 -0.603151 -4.94474 -2.05258 -819.178 0 
1 825.346 0.310595 0.0222778 0.678039 -0.779762 -0.59666 -5.66765 -0.445566 -819.233 0 
4 824.668 0.314546 0.0223624 0.675216 -0.767422 -0.602924 -4.99268 -0.250255 -819.425 0 
1 824.271 0.320148 0.0222857 0.67089 -0.777072 -0.597867 -3.99724 -0.842127 -819.432 0 
5 824.841 0.319027 0.0223357 0.674292 -0.798169 -0.605345 -4.23048 -1.4763 -819.134 0 
5 824.17 0.314784 0.0223283 0.676777 -0.789379 -0.611801 -4.68408 -0.313799 -819.172 0 
1 824.378 0.313935 0.0222769 0.676408 -0.778003 -0.625221 -4.98537 -0.163811 -819.229 0 
2 824.765 0.316471 0.022318 0.674543 -0.766146 -0.638453 -4.67933 -0.689357 -819.397 0 
8 824.469 0.318572 0.0223629 0.672138 -0.751807 -0.654701 -4.50651 -0.228939 -819.734 0 
1 825.171 0.324089 0.0220984 0.669229 -0.794554 -0.616184 -4.14277 -1.82399 -819.204 0 
1 824.624 0.322423 0.0223437 0.67008 -0.770503 -0.626219 -3.89608 -1.17498 -819.553 0 
3 824.542 0.32434 0.0221776 0.668677 -0.784666 -0.609114 -3.91475 -1.23844 -819.389 0 
2 827.056 0.329449 0.0220125 0.6645 -0.790636 -0.605401 -4.3365 -3.23622 -819.483 0 
4 826.966 0.324615 0.0221578 0.669596 -0.799269 -0.588586 -4.0633 -3.68106 -819.222 0 
1 826.205 0.326429 0.0221081 0.665738 -0.773486 -0.595744 -3.73445 -2.64966 -819.821 0 
1 826.037 0.323831 0.0220681 0.666728 -0.77033 -0.596588 -3.74921 -2.5249 -819.763 0 
1 825.189 0.325452 0.0221144 0.665009 -0.768315 -0.584014 -3.69405 -1.50499 -819.99 0 
1 826.422 0.312143 0.0221991 0.677389 -0.787305 -0.587981 -5.14024 -2.08298 -819.199 0 
4 826.637 0.306768 0.0221603 0.684032 -0.845079 -0.52751 -5.51345 -1.05768 -820.066 0 
4 826.873 0.31126 0.0224101 0.680121 -0.820411 -0.540423 -4.8288 -2.73926 -819.305 0 
3 826.653 0.306048 0.0223751 0.685802 -0.841102 -0.53561 -5.72166 -0.882867 -820.049 0 
2 828.328 0.308929 0.0225774 0.684156 -0.813871 -0.580355 -5.50453 -3.40567 -819.418 0 
2 827.803 0.31414 0.0225488 0.679974 -0.809418 -0.576795 -4.58718 -4.03288 -819.182 0 
2 825.36 0.315847 0.0223398 0.67822 -0.822219 -0.578415 -4.56009 -1.56407 -819.236 0 
5 825.617 0.309452 0.0222041 0.682516 -0.842728 -0.539946 -5.16183 -0.610296 -819.845 0 
1 827.779 0.312235 0.0220495 0.677482 -0.826037 -0.54343 -4.72697 -3.70664 -819.346 0 
1 828.683 0.307885 0.0220349 0.682972 -0.856879 -0.520881 -5.36902 -2.99207 -820.322 0 
1 826.728 0.310487 0.0222194 0.67954 -0.819894 -0.551357 -5.01589 -2.3574 -819.355 0 
1 826.502 0.318357 0.022072 0.675664 -0.849759 -0.531327 -4.82491 -2.26961 -819.408 0 
1 825.616 0.318478 0.0222771 0.67407 -0.820295 -0.540465 -4.22587 -2.26539 -819.125 0 
1 824.581 0.318132 0.0222137 0.674279 -0.81546 -0.562623 -4.26696 -1.18954 -819.125 0 
4 824.871 0.317572 0.0222822 0.67527 -0.818022 -0.558994 -4.30716 -1.42505 -819.139 0 
4 824.907 0.312465 0.0223324 0.680187 -0.826696 -0.555355 -4.76478 -0.765491 -819.377 0 
3 827.177 0.324049 0.0223729 0.670656 -0.808907 -0.563104 -4.22443 -3.79437 -819.158 0 
1 824.573 0.31558 0.0222882 0.677122 -0.803933 -0.596214 -4.49743 -0.925513 -819.15 0 
2 824.18 0.316442 0.0223154 0.67524 -0.782776 -0.626859 -4.5181 -0.458319 -819.204 0 
2 824.463 0.318286 0.0221536 0.673439 -0.790435 -0.620739 -4.28623 -1.01328 -819.163 0 
1 824.778 0.318396 0.0222457 0.674418 -0.786405 -0.636518 -4.32149 -1.28077 -819.175 0 
6 824.94 0.31788 0.0223834 0.674485 -0.7696 -0.64537 -4.42705 -1.15796 -819.355 0 
3 824.858 0.3176 0.0223879 0.675023 -0.774017 -0.645962 -4.4508 -1.12534 -819.282 0 
2 824.172 0.31716 0.0222656 0.673166 -0.769266 -0.618615 -4.46946 -0.284035 -819.418 0 
6 824.806 0.318227 0.0222889 0.671785 -0.763789 -0.626764 -4.36069 -0.907384 -819.538 0 
2 826.684 0.316368 0.0224366 0.674397 -0.781107 -0.588374 -4.39899 -2.99446 -819.29 0 
1 829.086 0.320975 0.0220612 0.674335 -0.838033 -0.571593 -4.85246 -5.01604 -819.218 0 
7 824.891 0.313309 0.0222017 0.678965 -0.824995 -0.56108 -4.67798 -0.883645 -819.33 0 
2 825.363 0.309651 0.0223185 0.682122 -0.818449 -0.563347 -5.22851 -0.730795 -819.404 0 
2 824.193 0.315321 0.0223593 0.676775 -0.798846 -0.584865 -4.46688 -0.574589 -819.151 0 
2 824.691 0.319607 0.022377 0.671497 -0.775052 -0.5901 -4.03382 -1.17561 -819.482 0 
4 826.214 0.323603 0.0224545 0.667622 -0.756468 -0.592669 -3.77932 -2.20985 -820.225 0 
6 826.079 0.324189 0.022436 0.669915 -0.795468 -0.549202 -3.87009 -2.81809 -819.391 0 
2 825.56 0.316867 0.022522 0.672866 -0.760696 -0.561462 -4.68081 -1.02968 -819.849 0 
3 825.174 0.31548 0.0224595 0.675914 -0.788325 -0.551953 -4.41553 -1.49703 -819.262 0 
1 828.935 0.312488 0.0225709 0.677821 -0.761166 -0.592588 -5.73668 -3.68171 -819.517 0 
2 828.981 0.31274 0.0225755 0.677662 -0.758088 -0.602531 -5.759 -3.66661 -819.556 0 
2 827.072 0.308829 0.0225358 0.679638 -0.767808 -0.567807 -6.61679 -1.07768 -819.378 0 
3 826.961 0.310661 0.0225204 0.681249 -0.803412 -0.548169 -5.10766 -2.6508 -819.202 0 
4 828.474 0.303898 0.0225652 0.686703 -0.814158 -0.55043 -6.69723 -2.19129 -819.586 0 
1 829.046 0.303082 0.02258 0.686579 -0.79598 -0.57975 -7.61766 -2.00017 -819.428 0 
1 830.69 0.299024 0.0225828 0.693431 -0.839455 -0.552463 -7.87226 -2.01007 -820.807 0 
1 830.777 0.300395 0.0226171 0.691204 -0.816442 -0.563901 -8.01285 -2.82306 -819.941 0 
4 830.653 0.305104 0.022665 0.6881 -0.822202 -0.555832 -6.23302 -4.71247 -819.707 0 
1 831.989 0.298148 0.0225671 0.695138 -0.851035 -0.539443 -7.88871 -2.76293 -821.338 0 
2 828.121 0.30098 0.0225149 0.688915 -0.812804 -0.553086 -7.817 -0.554134 -819.75 0 
2 829.018 0.301788 0.0225314 0.687309 -0.791308 -0.573394 -8.38472 -1.2258 -819.408 0 
2 829.356 0.303726 0.0223631 0.684177 -0.786081 -0.568977 -7.80575 -2.25138 -819.299 0 
1 829.613 0.308482 0.0225204 0.679956 -0.753305 -0.606917 -7.40216 -2.69985 -819.511 0 
4 828.109 0.314867 0.0226176 0.675469 -0.739936 -0.644151 -5.67775 -2.48287 -819.948 0 
2 825.412 0.318948 0.0224811 0.672604 -0.762808 -0.603248 -4.25143 -1.47068 -819.69 0 
3 824.965 0.314274 0.0222726 0.676817 -0.791248 -0.591141 -4.67793 -1.11062 -819.176 0 
1 825.382 0.315112 0.0224724 0.675874 -0.760667 -0.643296 -5.04433 -0.892537 -819.445 0 
1 826.257 0.309386 0.022461 0.681074 -0.776411 -0.640231 -6.21504 -0.800451 -819.241 0 
2 825.439 0.315905 0.0222994 0.678339 -0.820026 -0.600474 -4.6828 -1.50301 -819.254 0 
4 825.728 0.31525 0.022319 0.677826 -0.801426 -0.603216 -4.55688 -2.01727 -819.154 0 
1 824.594 0.319499 0.0223161 0.672672 -0.787155 -0.577 -3.99305 -1.29919 -819.301 0 
1 825.553 0.323796 0.0224652 0.666482 -0.742961 -0.585873 -3.94247 -0.756343 -820.854 0 
4 825.135 0.327049 0.0223067 0.663508 -0.755203 -0.567363 -3.66936 -0.728466 -820.737 0 
14 824.75 0.326202 0.0221952 0.665303 -0.768613 -0.575829 -3.68055 -0.989425 -820.08 0 
2 824.969 0.327992 0.0222849 0.663154 -0.749834 -0.593929 -3.63014 -0.49297 -820.846 0 
5 824.18 0.321445 0.022321 0.670525 -0.777332 -0.584814 -3.86491 -0.791212 -819.524 0 
1 825.09 0.315725 0.0221183 0.676384 -0.834659 -0.531283 -4.45045 -1.34733 -819.292 0 
5 825.511 0.31466 0.0222526 0.678065 -0.84092 -0.521309 -4.56091 -1.5422 -819.408 0 
7 825.362 0.322501 0.0220939 0.670368 -0.822686 -0.537355 -4.32925 -1.93349 -819.099 0 
1 824.758 0.322983 0.0221216 0.669745 -0.819807 -0.520056 -4.175 -1.45022 -819.132 0 
5 824.633 0.318378 0.022153 0.673399 -0.81885 -0.541261 -4.18962 -1.31972 -819.124 0 
1 824.436 0.31617 0.02226 0.676849 -0.828047 -0.54258 -4.39642 -0.817715 -819.222 0 
1 826.975 0.325315 0.0220977 0.667133 -0.813533 -0.53349 -4.31991 -3.4583 -819.197 0 
3 828.07 0.317416 0.021942 0.674333 -0.8356 -0.550251 -4.59026 -4.20089 -819.279 0 
2 830.261 0.319172 0.0218663 0.674148 -0.853447 -0.544371 -5.13347 -5.65423 -819.474 0 
4 827.054 0.311148 0.0221167 0.682322 -0.863613 -0.531419 -5.25858 -1.48405 -820.311 0 
6 828.171 0.310256 0.0220275 0.681601 -0.863547 -0.51331 -5.16044 -2.72782 -820.283 0 
4 827.31 0.313499 0.022271 0.677439 -0.823761 -0.534893 -4.53417 -3.52374 -819.252 0 
9 827.42 0.316601 0.022335 0.673852 -0.788519 -0.584581 -4.32341 -3.88166 -819.215 0 
1 826.055 0.312688 0.0221142 0.679725 -0.833936 -0.567189 -4.884 -1.63842 -819.533 0 
5 825.851 0.312132 0.0221055 0.678983 -0.822133 -0.576312 -4.91443 -1.55568 -819.381 0 
4 824.576 0.318807 0.0221722 0.673219 -0.793411 -0.622101 -4.29091 -1.14108 -819.144 0 
4 825.469 0.317877 0.0223153 0.672316 -0.756225 -0.658039 -4.5696 -1.32022 -819.579 0 
3 827.179 0.320338 0.0222321 0.669964 -0.756853 -0.665859 -4.21406 -3.33326 -819.632 0 
3 826.585 0.320629 0.0223567 0.670426 -0.753551 -0.662794 -4.17964 -2.6595 -819.746 0 
10 826.015 0.314356 0.0224613 0.675954 -0.747879 -0.678548 -5.56425 -0.880676 -819.57 0 
1 826.14 0.315578 0.0224637 0.67491 -0.740432 -0.695468 -5.44632 -0.963199 -819.73 0 
3 825.68 0.32163 0.0223759 0.67246 -0.774342 -0.668456 -4.15431 -2.21742 -819.308 0 
3 825.483 0.319793 0.0222804 0.674827 -0.794731 -0.659754 -4.47551 -1.8936 -819.114 0 
4 825.629 0.321046 0.0221469 0.673452 -0.811015 -0.632342 -4.62647 -1.90605 -819.097 0 
2 824.544 0.317777 0.0223092 0.674757 -0.784645 -0.64199 -4.42731 -0.937705 -819.179 0 
6 825.096 0.320385 0.0224085 0.672454 -0.765006 -0.648586 -4.12599 -1.46053 -819.51 0 
1 825.403 0.322486 0.0223294 0.670423 -0.75239 -0.681 -4.01468 -1.60415 -819.784 0 
5 825.387 0.326439 0.0223202 0.665379 -0.722172 -0.711856 -3.79183 -0.564724 -821.03 0 
2 826.063 0.330451 0.0222053 0.66167 -0.73426 -0.676071 -3.57899 -1.36691 -821.117 0 
3 825.312 0.327527 0.022202 0.664 -0.728162 -0.696788 -3.66536 -0.68178 -820.965 0 
2 826.337 0.325455 0.0223176 0.665546 -0.729453 -0.68885 -3.81637 -1.73323 -820.788 0 
2 827.407 0.323957 0.022314 0.664925 -0.705831 -0.707815 -4.37414 -1.34652 -821.686 0 
2 824.781 0.321678 0.0223325 0.668803 -0.735136 -0.675429 -4.24165 -0.187374 -820.352 0 
14 824.949 0.323725 0.0223415 0.66861 -0.743768 -0.678335 -3.90553 -0.893946 -820.15 0 
3 825.424 0.31311 0.0222972 0.67526 -0.768144 -0.603633 -5.28166 -0.766753 -819.375 0 
5 824.877 0.312049 0.02225 0.67713 -0.784767 -0.592551 -5.19341 -0.475768 -819.208 0 
4 824.458 0.31311 0.0223864 0.677687 -0.783548 -0.598726 -5.00454 -0.242198 -819.212 0 
10 824.283 0.317945 0.0223937 0.673007 -0.767045 -0.613394 -4.35289 -0.423845 -819.506 0 
1 825.177 0.309601 0.0223419 0.6811 -0.795655 -0.597686 -5.63883 -0.297178 -819.241 0 
4 825.69 0.3115 0.0223895 0.677572 -0.773487 -0.60558 -5.57125 -0.841339 -819.278 0 
2 825.039 0.311822 0.0224124 0.679852 -0.801417 -0.588801 -5.03752 -0.794567 -819.207 0 
1 826.46 0.307458 0.0225036 0.68267 -0.79424 -0.578239 -6.1659 -1.03231 -819.261 0 
7 826.939 0.305934 0.0225335 0.685629 -0.817782 -0.542252 -6.00292 -1.42418 -819.512 0 
3 825.096 0.31038 0.022416 0.681032 -0.798742 -0.58881 -5.36833 -0.500398 -819.227 0 
3 825.341 0.313775 0.0224729 0.67658 -0.773509 -0.600546 -5.01442 -1.00895 -819.317 0 
5 824.348 0.315114 0.0222909 0.675404 -0.790033 -0.588761 -4.53644 -0.625664 -819.186 0 
3 824.679 0.314265 0.022202 0.676148 -0.786046 -0.623459 -4.84116 -0.657141 -819.181 0 
1 825.441 0.312513 0.0224599 0.679359 -0.784622 -0.624008 -5.20531 -1.04114 -819.195 0 
2 826.204 0.315497 0.0225313 0.675142 -0.760011 -0.620592 -4.92804 -1.73129 -819.545 0 
2 826.411 0.314618 0.0225267 0.677843 -0.77996 -0.623779 -4.82377 -2.36872 -819.219 0 
1 825.306 0.320674 0.0224159 0.672369 -0.781904 -0.608772 -4.00306 -1.97756 -819.326 0 
4 826.361 0.323741 0.0223923 0.670874 -0.782676 -0.615557 -3.90005 -3.07663 -819.384 0 
3 827.945 0.321024 0.0223764 0.674659 -0.812767 -0.583404 -4.23921 -4.60865 -819.097 0 
1 827.2 0.313433 0.0223414 0.68074 -0.821997 -0.584784 -4.77547 -3.08171 -819.343 0 
2 827.232 0.317243 0.0224394 0.676754 -0.792055 -0.611443 -4.33488 -3.73933 -819.158 0 
1 826.068 0.312222 0.0224112 0.678572 -0.773402 -0.620262 -5.46737 -1.33616 -819.264 0 
1 826.939 0.31436 0.0225415 0.675089 -0.736733 -0.650779 -5.92763 -1.02337 -819.988 0 
2 825.482 0.312936 0.0224576 0.677191 -0.761234 -0.628925 -5.56551 -0.497173 -819.419 0 
3 825.077 0.319126 0.0223479 0.670139 -0.734586 -0.658166 -4.72939 -0.0378176 -820.31 0 
1 824.97 0.319969 0.0221135 0.670594 -0.773455 -0.626777 -4.09515 -1.4761 -819.399 0 
1 824.928 0.317155 0.0221601 0.673607 -0.776283 -0.636201 -4.46963 -1.19328 -819.265 0 
2 825.12 0.326581 0.0222929 0.666003 -0.740423 -0.677353 -3.68934 -0.940082 -820.49 0 
2 825.374 0.32343 0.022299 0.66902 -0.745614 -0.683105 -3.93835 -1.39795 -820.038 0 
12 826.126 0.324071 0.022368 0.667658 -0.728314 -0.686399 -4.00934 -1.37439 -820.743 0 
2 825.055 0.326644 0.0221581 0.664639 -0.749202 -0.6496 -3.66917 -1.04744 -820.338 0 
8 824.733 0.322141 0.0222074 0.667906 -0.747754 -0.648925 -4.00884 -0.638612 -820.085 0 
1 824.887 0.322344 0.0222156 0.668674 -0.754757 -0.639065 -3.93331 -1.03176 -819.922 0 
1 824.549 0.3223 0.0223542 0.669233 -0.761765 -0.619705 -3.87829 -0.862062 -819.809 0 
3 824.383 0.312531 0.0223562 0.677073 -0.782836 -0.581583 -5.09024 -0.0598123 -819.233 0 
3 823.929 0.313793 0.0223419 0.677252 -0.800062 -0.564325 -4.59847 -0.167025 -819.164 0 
1 824.005 0.319741 0.022306 0.671008 -0.761704 -0.622343 -4.16301 -0.172706 -819.67 0 
2 824.132 0.318034 0.0223213 0.672594 -0.773115 -0.606256 -4.26807 -0.452949 -819.411 0 
2 824.969 0.310887 0.0223618 0.677974 -0.778748 -0.584912 -5.58752 -0.129405 -819.252 0 
1 825.378 0.308667 0.0224104 0.68091 -0.785251 -0.589515 -6.07829 -0.0731322 -819.227 0 
1 825.584 0.30844 0.0222814 0.682602 -0.816199 -0.56725 -5.52146 -0.623835 -819.438 0 
6 824.264 0.311603 0.0222898 0.678732 -0.803816 -0.562793 -4.9466 -0.120492 -819.197 0 
4 824.668 0.31281 0.0224036 0.677178 -0.782266 -0.58596 -5.04313 -0.391018 -819.234 0 
8 824.331 0.31768 0.0223639 0.671985 -0.771355 -0.573284 -4.28851 -0.488886 -819.553 0 
2 824.637 0.315083 0.0224007 0.676677 -0.796235 -0.560348 -4.41766 -1.04373 -819.176 0 
3 824.398 0.313844 0.0223528 0.675112 -0.775406 -0.564142 -4.94065 -0.0779164 -819.38 0 
3 824.364 0.318003 0.0224328 0.673492 -0.793404 -0.54051 -4.03697 -1.05513 -819.272 0 
2 824.174 0.320117 0.0222174 0.672844 -0.81613 -0.545119 -4.1253 -0.936091 -819.112 0 
3 824.911 0.318828 0.0221058 0.673479 -0.821512 -0.551836 -4.2744 -1.50975 -819.127 0 
2 826.126 0.310938 0.022115 0.679754 -0.81462 -0.589 -5.15561 -1.60985 -819.361 0 
1 830.761 0.306804 0.0220289 0.680931 -0.804241 -0.595609 -6.23046 -5.11016 -819.42 0 
2 831.361 0.309689 0.0219246 0.678701 -0.823965 -0.550353 -5.13578 -6.77281 -819.452 0 
2 831.465 0.302928 0.0220219 0.688168 -0.868034 -0.520763 -6.27825 -3.81312 -821.374 0 
1 829.394 0.312702 0.0219625 0.679053 -0.845032 -0.541095 -4.82816 -4.8894 -819.676 0 
4 829.93 0.317756 0.0218715 0.673541 -0.8324 -0.548067 -4.46668 -6.23921 -819.225 0 
3 825.609 0.312025 0.0221327 0.678358 -0.808755 -0.581006 -4.92765 -1.44224 -819.239 0 
3 823.996 0.31634 0.022252 0.675076 -0.788105 -0.611978 -4.45721 -0.358736 -819.18 0 
1 823.834 0.320731 0.0222289 0.671201 -0.78879 -0.586276 -3.95371 -0.597797 -819.282 0 
4 824.043 0.320964 0.0222891 0.669858 -0.763968 -0.604664 -3.97911 -0.313439 -819.751 0 
1 824.649 0.32435 0.0223559 0.666424 -0.745595 -0.614605 -3.80164 -0.289851 -820.558 0 
2 825.701 0.316983 0.0221983 0.672066 -0.758819 -0.620291 -4.66811 -1.40164 -819.631 0 
6 825.21 0.321225 0.0222378 0.672572 -0.806265 -0.576245 -4.08756 -1.99536 -819.127 0 
3 825.465 0.322313 0.0222562 0.670037 -0.778972 -0.589006 -3.82245 -2.13682 -819.506 0 
2 825.286 0.32395 0.0223148 0.669116 -0.777714 -0.588982 -3.76269 -1.9153 -819.608 0 
1 824.503 0.320022 0.0223951 0.672517 -0.787235 -0.571329 -3.9421 -1.23057 -819.33 0 
1 824.812 0.318725 0.0224618 0.67273 -0.772058 -0.580653 -4.15447 -1.10726 -819.55 0 
3 826.046 0.323412 0.0223051 0.670907 -0.804077 -0.555822 -3.98058 -2.85025 -819.215 0 
2 826.551 0.325343 0.0224532 0.668206 -0.790281 -0.539776 -3.83214 -3.12767 -819.591 0 
3 825.454 0.326989 0.02229 0.667394 -0.802374 -0.543713 -4.15849 -1.91151 -819.384 0 
2 824.703 0.323946 0.022212 0.669742 -0.817804 -0.526134 -4.21869 -1.33655 -819.147 0 
2 824.642 0.319498 0.0222182 0.673987 -0.834123 -0.515929 -4.3325 -1.15712 -819.152 0 
3 825.679 0.324218 0.0222277 0.669658 -0.833268 -0.48826 -4.53517 -2.02684 -819.117 0 
2 824.544 0.321294 0.0222361 0.670141 -0.807272 -0.518954 -3.91979 -1.40398 -819.221 0 
2 825.602 0.322864 0.0222699 0.670266 -0.827822 -0.488137 -4.26348 -2.20696 -819.132 0 
2 824.767 0.3207 0.022296 0.672951 -0.838649 -0.474435 -4.2769 -1.35402 -819.136 0 
1 824.839 0.320933 0.0222914 0.672642 -0.823336 -0.504686 -4.06304 -1.65259 -819.123 0 
7 823.549 0.317694 0.0222977 0.67386 -0.809174 -0.519412 -4.01822 -0.372765 -819.158 0 
1 826.232 0.32321 0.0223403 0.671813 -0.822872 -0.521775 -4.24481 -2.87258 -819.115 0 
3 825.232 0.317819 0.0224273 0.675706 -0.812589 -0.544051 -4.12396 -1.97999 -819.128 0 
3 826.928 0.318747 0.0224923 0.675718 -0.816674 -0.536733 -4.10179 -3.70566 -819.121 0 
2 826.329 0.319089 0.0223505 0.673998 -0.792571 -0.577741 -4.03194 -3.07757 -819.22 0 
1 824.898 0.31554 0.0223631 0.673276 -0.759688 -0.585925 -4.95382 -0.249924 -819.694 0 
1 825.606 0.310661 0.0223472 0.678335 -0.779829 -0.574511 -5.64276 -0.709963 -819.254 0 
2 826.88 0.316417 0.022248 0.674358 -0.780589 -0.586889 -4.42143 -3.15692 -819.302 0 
1 827.078 0.324717 0.022136 0.668283 -0.790029 -0.576559 -3.85026 -3.8123 -819.416 0 
1 826.126 0.321332 0.0222089 0.672892 -0.820642 -0.546989 -4.20567 -2.82044 -819.1 0 
4 825.704 0.319094 0.0222177 0.672937 -0.790739 -0.583626 -4.04702 -2.4275 -819.229 0 
10 824.97 0.319699 0.0221766 0.671082 -0.771428 -0.615702 -4.09546 -1.40652 -819.468 0 
6 824.605 0.322308 0.0221882 0.668185 -0.7517 -0.649752 -3.96577 -0.681026 -819.958 0 
2 824.176 0.322823 0.022299 0.66807 -0.753891 -0.621565 -3.87162 -0.223519 -820.081 0 
2 824.51 0.319851 0.0223487 0.673281 -0.798195 -0.570355 -4.00188 -1.32101 -819.187 0 
10 824.327 0.311079 0.0223237 0.680033 -0.813477 -0.554448 -4.94088 -0.12164 -819.264 0 
6 824.4 0.31473 0.0223824 0.67577 -0.770935 -0.620166 -4.90203 -0.17064 -819.328 0 
3 825.24 0.319615 0.0224203 0.672236 -0.773381 -0.609527 -4.08315 -1.71074 -819.446 0 
2 825.988 0.314886 0.0224318 0.675702 -0.775946 -0.61003 -4.76158 -1.94196 -819.285 0 
4 825.292 0.311515 0.0224466 0.679506 -0.779559 -0.619575 -5.50441 -0.568298 -819.219 0 
2 824.231 0.319341 0.022354 0.672375 -0.765359 -0.635383 -4.21533 -0.503156 -819.512 0 
2 824.918 0.320091 0.0222474 0.669856 -0.763402 -0.617347 -4.08944 -1.16406 -819.664 0 
1 824.395 0.3145 0.0223913 0.677129 -0.797684 -0.577252 -4.55132 -0.682841 -819.16 0 
1 824.84 0.317944 0.0224312 0.673689 -0.780806 -0.589549 -4.19545 -1.31836 -819.326 0 
2 823.75 0.317417 0.0223164 0.674066 -0.790092 -0.582339 -4.21063 -0.325981 -819.213 0 
1 823.813 0.322374 0.0222225 0.668799 -0.782873 -0.564778 -3.79849 -0.494089 -819.52 0 
6 825.026 0.321381 0.0221138 0.670956 -0.813662 -0.53578 -4.03529 -1.85583 -819.135 0 
2 824.067 0.319119 0.0222767 0.673824 -0.81431 -0.545229 -4.10629 -0.841533 -819.119 0 
2 824.754 0.317806 0.022204 0.675337 -0.827276 -0.535501 -4.26807 -1.32259 -819.163 0 
2 825.086 0.316062 0.0222613 0.676658 -0.821821 -0.533204 -4.24285 -1.67621 -819.167 0 
1 825.796 0.317531 0.0222861 0.67551 -0.806201 -0.568245 -4.17751 -2.48807 -819.131 0 
5 824.048 0.315837 0.0222479 0.675413 -0.800286 -0.565843 -4.32189 -0.572656 -819.154 0 
2 824.404 0.312227 0.0222972 0.678039 -0.801348 -0.567639 -4.86749 -0.353565 -819.182 0 
4 824.458 0.313161 0.02223 0.677532 -0.801183 -0.577178 -4.74593 -0.539544 -819.173 0 
5 824.999 0.316771 0.0224473 0.67427 -0.779698 -0.582604 -4.34243 -1.3231 -819.334 0 
4 824.871 0.317811 0.0224276 0.674702 -0.783895 -0.59649 -4.22027 -1.38821 -819.263 0 
1 824.903 0.31468 0.02241 0.6782 -0.809096 -0.567219 -4.47306 -1.26759 -819.163 0 
2 827.516 0.322402 0.0223982 0.673086 -0.821802 -0.553918 -4.39536 -4.02904 -819.091 0 
2 826.529 0.320918 0.0223331 0.674583 -0.825277 -0.564793 -4.45858 -2.95768 -819.112 0 
1 826.206 0.323159 0.0222635 0.672049 -0.822085 -0.550933 -4.37603 -2.73945 -819.09 0 
6 827.478 0.328131 0.0220784 0.667169 -0.819329 -0.554812 -4.84918 -3.48678 -819.142 0 
3 825.374 0.321297 0.0221492 0.672245 -0.815018 -0.563505 -4.19102 -2.08168 -819.101 0 
4 824.833 0.322688 0.0221139 0.669707 -0.802643 -0.575801 -4.07666 -1.5829 -819.174 0 
1 825.171 0.324445 0.0221466 0.669115 -0.824268 -0.518021 -4.41491 -1.63499 -819.121 0 
1 826.153 0.323169 0.0222361 0.671894 -0.846185 -0.488766 -4.80997 -2.20767 -819.136 0 
2 826.819 0.322302 0.0223217 0.672778 -0.8326 -0.499974 -4.30349 -3.40609 -819.11 0 
1 826.51 0.324022 0.0223506 0.671151 -0.826998 -0.503421 -4.33853 -3.04829 -819.124 0 
3 825.834 0.316769 0.0223265 0.677058 -0.83783 -0.495431 -4.22233 -2.38414 -819.227 0 
4 825.666 0.322185 0.022329 0.669822 -0.814078 -0.489172 -3.95972 -2.47467 -819.232 0 
3 828.385 0.313501 0.0225114 0.675618 -0.80022 -0.489627 -4.45628 -4.70048 -819.228 0 
2 831.677 0.317093 0.0226651 0.673426 -0.785259 -0.51007 -4.15683 -8.04426 -819.476 0 
2 828.797 0.316087 0.022669 0.674971 -0.769874 -0.56581 -4.57993 -4.66348 -819.554 0 
2 827.309 0.313521 0.0226221 0.677472 -0.772159 -0.583204 -5.09196 -2.84346 -819.373 0 
1 827.339 0.308291 0.0225795 0.680854 -0.776043 -0.557909 -6.47938 -1.56903 -819.291 0 
1 825.625 0.310819 0.0223516 0.678645 -0.785809 -0.565701 -5.44355 -0.960693 -819.221 0 
2 825.648 0.31648 0.022483 0.674691 -0.767698 -0.595119 -4.5918 -1.5502 -819.506 0 
2 825.201 0.315314 0.0224005 0.675552 -0.762805 -0.634156 -4.96097 -0.801375 -819.438 0 
1 824.985 0.312745 0.0223653 0.677067 -0.763488 -0.638877 -5.57042 -0.0578662 -819.357 0 
1 824.68 0.320166 0.0223273 0.669641 -0.743551 -0.645808 -4.34374 -0.210478 -820.126 0 
1 824.4 0.322172 0.0222623 0.668576 -0.746284 -0.656781 -4.03001 -0.279198 -820.091 0 
1 825.545 0.319939 0.0223596 0.669469 -0.7311 -0.670821 -4.61995 -0.505747 -820.419 0 
4 825.983 0.317305 0.0222656 0.671495 -0.727704 -0.710087 -5.32797 -0.522444 -820.132 0 
1 825.605 0.319348 0.0223295 0.670346 -0.719135 -0.725753 -5.05016 -0.0638927 -820.491 0 
2 825.673 0.326712 0.0222303 0.668159 -0.772467 -0.679437 -4.09211 -2.10933 -819.472 0 
3 827.196 0.317841 0.0220693 0.674469 -0.777175 -0.697435 -4.68335 -3.33356 -819.179 0 
1 825.529 0.31961 0.0221343 0.671475 -0.761944 -0.697073 -4.43044 -1.71059 -819.388 0 
3 825.445 0.314249 0.0223288 0.676723 -0.746984 -0.727083 -5.76199 -0.236675 -819.447 0 
1 826.773 0.316804 0.0223223 0.676408 -0.757566 -0.733883 -5.06259 -2.39313 -819.317 0 
2 825.06 0.318666 0.0222358 0.673218 -0.746898 -0.737157 -4.79242 -0.73201 -819.535 0 
3 825.329 0.32103 0.0221926 0.670849 -0.734803 -0.763148 -4.56228 -0.93378 -819.833 0 
3 825.508 0.322753 0.0222398 0.669358 -0.747827 -0.719666 -4.14708 -1.61706 -819.744 0 
2 825.312 0.324743 0.0222373 0.669416 -0.764845 -0.706639 -4.11992 -1.73098 -819.461 0 
3 824.737 0.317578 0.022242 0.675234 -0.776337 -0.696337 -4.73373 -0.818224 -819.185 0 
1 826.79 0.318768 0.0221922 0.676873 -0.811175 -0.682504 -5.10402 -2.46711 -819.219 0 
7 825.603 0.319419 0.022176 0.674857 -0.782782 -0.726322 -4.84681 -1.6206 -819.135 0 
3 826.318 0.320275 0.0221592 0.674822 -0.788935 -0.735625 -5.02534 -2.1709 -819.122 0 
4 825.932 0.314412 0.0221838 0.678966 -0.784273 -0.735424 -5.55775 -1.1292 -819.245 0 
4 826.124 0.314224 0.0222097 0.679564 -0.799947 -0.704668 -5.48964 -1.30363 -819.33 0 
1 827.174 0.306875 0.0223129 0.685399 -0.788802 -0.722954 -7.27545 -0.289082 -819.61 0 
4 828.034 0.313119 0.0224523 0.680947 -0.770393 -0.731484 -5.76963 -3.03057 -819.233 0 
3 828.846 0.308961 0.0225424 0.680975 -0.738541 -0.730213 -7.78695 -1.57362 -819.485 0 
1 828.902 0.308092 0.0224105 0.68566 -0.789004 -0.714641 -6.82705 -2.56322 -819.512 0 
4 831.369 0.303764 0.022463 0.68937 -0.786241 -0.719791 -8.40217 -3.2203 -819.747 0 
1 829.198 0.306829 0.0224819 0.683892 -0.746315 -0.741525 -8.47416 -1.33773 -819.386 0 
11 827.398 0.311426 0.02219 0.679718 -0.773535 -0.698136 -5.96712 -2.19032 -819.24 0 
3 826.117 0.308647 0.0223357 0.682149 -0.782733 -0.671945 -6.46258 -0.349286 -819.305 0 
2 826.309 0.307493 0.0223643 0.68284 -0.776983 -0.662915 -6.91908 -0.0972988 -819.293 0 
4 825.568 0.309592 0.0223903 0.681483 -0.781579 -0.649061 -6.09775 -0.225821 -819.245 0 
1 827.68 0.312333 0.0225497 0.678202 -0.753931 -0.668743 -5.9601 -2.2908 -819.429 0 
1 825.666 0.318208 0.0224257 0.673511 -0.761526 -0.657892 -4.46662 -1.72388 -819.475 0 
3 825.706 0.323246 0.0222999 0.668156 -0.752145 -0.660563 -3.89808 -1.86882 -819.939 0 
5 824.766 0.322405 0.0221891 0.66949 -0.779844 -0.621523 -3.95896 -1.43361 -819.374 0 
1 825.166 0.316405 0.022177 0.673551 -0.770992 -0.646591 -4.65846 -1.20745 -819.3 0 
2 824.293 0.318351 0.0222496 0.672514 -0.767864 -0.646092 -4.36932 -0.528788 -819.395 0 
1 824.313 0.320284 0.0222805 0.670674 -0.750098 -0.669089 -4.27309 -0.243167 -819.797 0 
2 825.187 0.32305 0.0222092 0.668662 -0.747808 -0.679268 -3.96206 -1.26086 -819.964 0 
6 825.145 0.326158 0.0222473 0.666085 -0.739102 -0.684081 -3.72433 -0.957047 -820.464 0 
2 824.968 0.326167 0.022162 0.667245 -0.774169 -0.64024 -3.89797 -1.49981 -819.571 0 
4 827.976 0.326334 0.0221597 0.66784 -0.763019 -0.680841 -3.86249 -4.43181 -819.682 0 
1 829.012 0.32653 0.0220447 0.668842 -0.795758 -0.652829 -4.47868 -5.37776 -819.155 0 
1 828.072 0.330505 0.0220088 0.664943 -0.792821 -0.641896 -4.76478 -3.96905 -819.338 0 
4 827.535 0.327154 0.0221866 0.667726 -0.778859 -0.641648 -3.98614 -4.0517 -819.497 0 
2 826.447 0.331079 0.0221687 0.663253 -0.76234 -0.643519 -3.89908 -2.33688 -820.211 0 
11 825.086 0.328023 0.022154 0.665346 -0.777096 -0.61425 -3.92739 -1.44864 -819.71 0 
4 826.32 0.330941 0.0221373 0.66393 -0.778126 -0.633209 -4.27712 -2.29626 -819.747 0 
1 826.983 0.330249 0.0222486 0.664633 -0.788771 -0.592961 -4.37524 -2.98405 -819.624 0 
4 827.603 0.330635 0.0223081 0.663396 -0.764707 -0.625209 -3.92448 -3.4653 -820.213 0 
7 825.859 0.327709 0.0221112 0.666696 -0.803755 -0.580735 -4.44275 -2.15627 -819.26 0 
1 826.12 0.325718 0.0222504 0.669295 -0.791034 -0.617551 -4.09833 -2.72969 -819.292 0 
2 824.912 0.323331 0.0222523 0.670742 -0.788183 -0.635324 -4.11922 -1.56597 -819.227 0 
1 824.245 0.320279 0.0223117 0.671652 -0.762905 -0.658381 -4.17595 -0.552838 -819.516 0 
4 824.528 0.322648 0.022208 0.670613 -0.776182 -0.660705 -4.07471 -1.12779 -819.325 0 
2 826.617 0.326886 0.0221932 0.668941 -0.792141 -0.653836 -4.45378 -2.95783 -819.205 0 
2 827.115 0.322966 0.0219637 0.670109 -0.80208 -0.637337 -4.45896 -3.56296 -819.093 0 
1 826.222 0.314414 0.0220841 0.6767 -0.81545 -0.591743 -4.71345 -2.26713 -819.241 0 
1 826.216 0.314482 0.0220572 0.677515 -0.827657 -0.57566 -4.71771 -2.14364 -819.354 0 
3 824.957 0.316711 0.0221285 0.673564 -0.798407 -0.576372 -4.27383 -1.52879 -819.154 0 
2 826.803 0.315414 0.0220916 0.67358 -0.787104 -0.598921 -4.54311 -3.0635 -819.197 0 
1 826.495 0.321184 0.0220417 0.668569 -0.776696 -0.606249 -3.94149 -3.10732 -819.446 0 
3 826.957 0.314529 0.0220806 0.675482 -0.781838 -0.635166 -4.87235 -2.88973 -819.195 0 
2 827.283 0.315622 0.02217 0.675942 -0.781902 -0.641741 -4.7065 -3.38587 -819.19 0 
1 826.591 0.319643 0.0221952 0.674422 -0.800697 -0.625992 -4.30793 -3.17231 -819.111 0 
1 826.249 0.312585 0.0223459 0.679262 -0.786604 -0.624716 -5.17879 -1.88017 -819.19 0 
2 825.047 0.314804 0.0223543 0.677676 -0.809943 -0.58074 -4.55142 -1.32138 -819.174 0 
3 826.174 0.30781 0.0223339 0.684002 -0.826095 -0.577887 -5.68415 -0.77464 -819.715 0 
2 827.925 0.305352 0.0223755 0.685517 -0.815199 -0.599786 -6.51867 -1.68052 -819.726 0 
4 826.597 0.307308 0.0222312 0.683639 -0.81881 -0.603505 -6.00609 -0.898094 -819.693 0 
1 827.679 0.314656 0.0223527 0.67666 -0.79376 -0.612368 -4.71214 -3.80597 -819.161 0 
3 826.508 0.316013 0.022354 0.677988 -0.812015 -0.620134 -4.74026 -2.55991 -819.207 0 
3 827.723 0.314642 0.0222719 0.681113 -0.837213 -0.612069 -5.19743 -2.86649 -819.659 0 
9 825.842 0.315216 0.0222814 0.678565 -0.821131 -0.60731 -4.84066 -1.6906 -819.31 0 
2 827.766 0.30484 0.0223397 0.68633 -0.818086 -0.611767 -6.72171 -1.14836 -819.896 0 
1 827.288 0.312193 0.0221368 0.68185 -0.841502 -0.596318 -5.30315 -2.10554 -819.88 0 
2 824.794 0.318219 0.022254 0.673627 -0.778423 -0.653553 -4.41892 -1.15169 -819.224 0 
5 825.274 0.318019 0.0222021 0.674425 -0.799065 -0.626844 -4.45673 -1.69218 -819.125 0 
3 827.544 0.317042 0.0222157 0.672594 -0.767476 -0.64862 -4.58157 -3.60108 -819.361 0 
1 827.415 0.314829 0.0221138 0.674614 -0.77071 -0.673084 -5.0699 -3.10284 -819.242 0 
6 827.115 0.309165 0.0222715 0.680341 -0.775022 -0.672825 -6.44173 -1.41059 -819.262 0 
1 827.03 0.309862 0.0222177 0.678362 -0.760307 -0.668608 -6.5771 -1.13728 -819.316 0 
3 828.771 0.307046 0.0221414 0.683321 -0.795471 -0.655683 -6.65611 -2.64864 -819.466 0 
8 826.404 0.307966 0.0222989 0.682293 -0.774995 -0.679448 -6.88099 -0.227347 -819.296 0 
3 827.078 0.306566 0.0223028 0.683543 -0.788999 -0.659779 -6.92911 -0.734768 -819.414 0 
1 827.079 0.312017 0.0223508 0.67686 -0.742041 -0.707849 -6.47373 -1.0712 -819.534 0 
1 827.325 0.31228 0.0221704 0.679972 -0.780239 -0.714893 -5.79694 -2.27367 -819.254 0 
3 827.538 0.314538 0.0222853 0.67949 -0.780165 -0.722486 -5.37998 -2.94975 -819.208 0 
7 825.745 0.317836 0.0223662 0.673936 -0.727224 -0.780717 -5.36641 -0.550718 -819.828 0 
1 826.054 0.317357 0.0223176 0.673024 -0.714056 -0.789763 -5.79374 -0.0867312 -820.173 0 
6 826.202 0.317349 0.022299 0.673774 -0.718726 -0.797636 -5.71739 -0.503633 -819.981 0 
8 826.311 0.3137 0.0221888 0.677852 -0.749841 -0.784313 -6.14646 -0.845146 -819.319 0 
4 825.663 0.316388 0.0221826 0.676172 -0.766237 -0.756619 -5.31187 -1.13649 -819.214 0 
1 825.668 0.316733 0.0221795 0.675039 -0.746902 -0.773042 -5.36534 -0.908565 -819.394 0 
6 826.221 0.313063 0.0223133 0.678365 -0.750214 -0.767714 -6.21969 -0.673643 -819.328 0 
3 826.086 0.315461 0.0221666 0.676853 -0.755931 -0.778965 -5.63484 -1.17904 -819.273 0 
2 827.617 0.317968 0.0222948 0.673779 -0.708298 -0.840556 -5.91019 -1.56705 -820.14 0 
5 827.874 0.326486 0.0219956 0.665055 -0.710555 -0.831433 -4.14911 -3.07644 -820.649 0 
5 826.722 0.322488 0.0221433 0.669289 -0.701576 -0.869646 -4.99384 -1.24099 -820.487 0 
4 826.807 0.324458 0.0221451 0.667759 -0.695815 -0.8812 -4.70327 -1.31221 -820.792 0 
3 827.131 0.321606 0.0222513 0.66998 -0.683651 -0.901806 -5.59093 -0.555428 -820.984 0 
3 828.607 0.32724 0.022295 0.6667 -0.687567 -0.882213 -4.2809 -2.90904 -821.417 0 
1 828.695 0.330252 0.0222308 0.664226 -0.683957 -0.897546 -3.95996 -2.96754 -821.768 0 
2 828.306 0.326855 0.0222646 0.665591 -0.665951 -0.917801 -4.68992 -1.33091 -822.285 0 
1 828.303 0.329899 0.0223108 0.662639 -0.659596 -0.900157 -4.16916 -0.881958 -823.252 0 
1 828.102 0.333264 0.0222661 0.661315 -0.685883 -0.870914 -3.66555 -2.20017 -822.236 0 
5 827.345 0.323129 0.0224176 0.670265 -0.703446 -0.842731 -4.73498 -1.98279 -820.627 0 
9 826.049 0.320795 0.0223204 0.672253 -0.720329 -0.824301 -4.9728 -1.10394 -819.972 0 
9 825.976 0.326804 0.0222744 0.667262 -0.725192 -0.794684 -4.01146 -1.6441 -820.32 0 
2 825.766 0.324525 0.0221045 0.669404 -0.756172 -0.763218 -4.36 -1.96366 -819.442 0 
2 826.311 0.322552 0.0220627 0.671196 -0.761373 -0.76801 -4.58481 -2.43859 -819.288 0 
1 825.465 0.318388 0.0221707 0.673475 -0.743141 -0.775616 -5.06134 -0.916171 -819.488 0 
1 825.652 0.320599 0.0222644 0.671125 -0.71689 -0.804106 -4.96312 -0.51036 -820.179 0 
2 827.114 0.326436 0.0221269 0.666897 -0.749666 -0.7544 -4.16405 -3.23921 -819.711 0 
9 826.083 0.323646 0.0220993 0.670407 -0.774543 -0.728964 -4.52821 -2.34707 -819.207 0 
6 827.44 0.320952 0.0220338 0.673181 -0.7972 -0.712901 -5.04835 -3.28234 -819.11 0 
3 827.258 0.319454 0.0220917 0.676021 -0.813585 -0.690127 -5.25167 -2.77188 -819.234 0 
5 826.008 0.319321 0.0221176 0.673577 -0.782967 -0.705813 -4.71815 -2.14998 -819.14 0 
7 826.099 0.324776 0.0220849 0.669425 -0.775372 -0.719931 -4.45919 -2.40482 -819.235 0 
8 826.323 0.324757 0.0221514 0.670651 -0.785419 -0.70973 -4.64053 -2.54675 -819.136 0 
4 826.309 0.31959 0.0221894 0.675041 -0.807402 -0.664774 -4.86028 -2.31218 -819.136 0 
2 825.334 0.314406 0.0223177 0.679076 -0.793627 -0.67045 -5.09025 -1.04168 -819.202 0 
6 824.84 0.315321 0.0222872 0.67633 -0.775921 -0.672744 -4.94552 -0.691097 -819.204 0 
1 824.941 0.313945 0.0222913 0.676578 -0.759777 -0.689972 -5.47219 -0.141416 -819.327 0 
1 826.389 0.313857 0.0224256 0.675449 -0.728919 -0.713685 -6.32793 -0.164003 -819.897 0 
4 825.461 0.326101 0.022263 0.668342 -0.771154 -0.65959 -3.92973 -1.97385 -819.557 0 
1 824.688 0.324504 0.0221603 0.668462 -0.775814 -0.639455 -3.91467 -1.30765 -819.465 0 
8 826.164 0.32794 0.0223102 0.666555 -0.762504 -0.670168 -3.88616 -2.44028 -819.837 0 
2 827.473 0.332144 0.0221278 0.663968 -0.780733 -0.661947 -4.69842 -3.17753 -819.598 0 
2 826.245 0.330179 0.0222117 0.664967 -0.771133 -0.657964 -4.13345 -2.33745 -819.774 0 
1 824.841 0.321993 0.0222143 0.671036 -0.774569 -0.652548 -4.03315 -1.44881 -819.359 0 
2 825.048 0.317916 0.0222864 0.671183 -0.750029 -0.63956 -4.63062 -0.594515 -819.823 0 
2 825.84 0.322349 0.0222641 0.666683 -0.739639 -0.633604 -4.06385 -1.2665 -820.51 0 
1 825.498 0.328167 0.0221553 0.663509 -0.74069 -0.661729 -3.60789 -1.16414 -820.726 0 
4 825.763 0.32566 0.0222163 0.663807 -0.724455 -0.654587 -3.88304 -0.53637 -821.344 0 
3 827.041 0.327067 0.0222662 0.66146 -0.705353 -0.65594 -4.09441 -0.327601 -822.619 0 
2 825.782 0.325968 0.0223072 0.663417 -0.720617 -0.642431 -3.93649 -0.144357 -821.701 0 
4 824.629 0.321798 0.0223152 0.667566 -0.745431 -0.607553 -4.0902 -0.120997 -820.418 0 
2 827.13 0.321995 0.0223562 0.665715 -0.726566 -0.613408 -4.438 -1.43821 -821.253 0 
2 827.628 0.325718 0.0224188 0.664603 -0.735775 -0.620085 -3.76109 -2.78505 -821.082 0 
3 827.216 0.331111 0.0221689 0.66418 -0.797976 -0.561361 -4.57086 -3.05552 -819.59 0 
1 828.627 0.325388 0.0222789 0.67053 -0.827624 -0.515955 -4.51331 -4.99976 -819.114 0 
1 826.568 0.322035 0.022359 0.671656 -0.801639 -0.536524 -3.85827 -3.44565 -819.264 0 
2 825.272 0.31998 0.0224541 0.672028 -0.778001 -0.561857 -3.95563 -1.77391 -819.542 0 
4 824.306 0.32034 0.0223712 0.671779 -0.780683 -0.579212 -3.93368 -0.939762 -819.432 0 
1 824.311 0.323559 0.0223035 0.669361 -0.794682 -0.546236 -3.83382 -1.08311 -819.394 0 
9 824.128 0.320544 0.0223842 0.671417 -0.783129 -0.56434 -3.89104 -0.792294 -819.444 0 
1 825.019 0.324122 0.0222942 0.669546 -0.789704 -0.580258 -3.86657 -1.76561 -819.387 0 
2 824.165 0.319975 0.0222747 0.671187 -0.779292 -0.576147 -3.96287 -0.743275 -819.458 0 
7 824.083 0.321222 0.0221846 0.669788 -0.791644 -0.559616 -3.87771 -0.87809 -819.327 0 
1 824.844 0.312083 0.0221918 0.679258 -0.839218 -0.49643 -4.52207 -0.889877 -819.432 0 
9 825.285 0.305882 0.0223856 0.684827 -0.839228 -0.487926 -5.4658 -0.0549804 -819.764 0 
3 824.773 0.31202 0.0224416 0.677821 -0.801446 -0.521548 -4.76253 -0.828388 -819.182 0 
2 825.084 0.30748 0.0224349 0.683542 -0.837915 -0.479388 -5.10468 -0.38315 -819.596 0 
1 825.839 0.308064 0.0224986 0.681287 -0.800978 -0.52762 -5.69231 -0.921517 -819.225 0 
3 825.712 0.315032 0.0225425 0.674141 -0.780211 -0.513478 -4.5866 -1.63428 -819.491 0 
2 825.266 0.322128 0.0224201 0.669588 -0.791668 -0.521546 -3.78968 -1.98194 -819.494 0 
1 825.548 0.319232 0.022396 0.670553 -0.78712 -0.514561 -3.92862 -2.11769 -819.502 0 
5 826.053 0.316985 0.022467 0.673393 -0.795362 -0.513529 -4.08267 -2.67896 -819.291 0 
1 826.268 0.308243 0.0225362 0.679976 -0.794123 -0.503418 -5.7975 -1.24672 -819.223 0 
1 826.795 0.307658 0.0222411 0.683906 -0.850006 -0.485604 -5.06317 -1.81586 -819.916 0 
1 824.812 0.311847 0.0224011 0.680714 -0.848108 -0.462164 -4.42868 -0.881727 -819.502 0 
4 825.04 0.319519 0.0224972 0.671924 -0.791605 -0.512471 -3.89261 -1.71787 -819.43 0 
1 825.654 0.317302 0.0223295 0.676633 -0.834452 -0.506027 -4.21964 -2.23832 -819.196 0 
2 823.749 0.321156 0.0222551 0.670572 -0.803119 -0.529226 -3.89096 -0.615108 -819.243 0 
2 825.28 0.328296 0.0221285 0.664339 -0.784041 -0.561917 -3.91957 -1.55537 -819.805 0 
5 826.005 0.330031 0.022104 0.663547 -0.80739 -0.513463 -4.59086 -1.87649 -819.538 0 
1 824.343 0.325056 0.0222095 0.667492 -0.79597 -0.537138 -3.87424 -1.00821 -819.461 0 
2 824.452 0.316047 0.0224094 0.675779 -0.785918 -0.590115 -4.42708 -0.8001 -819.225 0 
2 824.77 0.314927 0.022403 0.675867 -0.768855 -0.619451 -4.90474 -0.500292 -819.365 0 
2 827.678 0.309398 0.0223857 0.681885 -0.786477 -0.621138 -5.96797 -2.47463 -819.235 0 
1 828.261 0.316488 0.0223807 0.675058 -0.748789 -0.678911 -5.06492 -3.57318 -819.622 0 
1 826.728 0.311418 0.0223036 0.680301 -0.790892 -0.627258 -5.40195 -2.11292 -819.213 0 
7 825.802 0.311167 0.0223784 0.679587 -0.783863 -0.604713 -5.48174 -1.11118 -819.209 0 
1 824.933 0.31246 0.0222892 0.678432 -0.793705 -0.592636 -4.99751 -0.753996 -819.181 0 
3 824.636 0.314152 0.0223893 0.676456 -0.773672 -0.609412 -4.96741 -0.365243 -819.303 0 
3 824.422 0.314432 0.0222278 0.675459 -0.783431 -0.601742 -4.74849 -0.458152 -819.216 0 
2 825.235 0.324255 0.0220695 0.667879 -0.797639 -0.567313 -3.96861 -1.97147 -819.295 0 
5 827.128 0.330976 0.0221241 0.663307 -0.801869 -0.554831 -4.75252 -2.8549 -819.521 0 
2 824.758 0.323863 0.0223414 0.669271 -0.784054 -0.572256 -3.78298 -1.44908 -819.526 0 
5 825.019 0.323152 0.0220829 0.668499 -0.804007 -0.545984 -3.97896 -1.80578 -819.234 0 
8 823.637 0.317817 0.0222552 0.673306 -0.795478 -0.559941 -4.09805 -0.334805 -819.204 0 
3 823.94 0.320127 0.0223419 0.672193 -0.791989 -0.565878 -3.93812 -0.72684 -819.275 0 
5 824.957 0.32019 0.0224675 0.671182 -0.766572 -0.586614 -4.02608 -1.2032 -819.728 0 
4 825.846 0.311659 0.0224408 0.678404 -0.767698 -0.616466 -5.74436 -0.774937 -819.327 0 
4 824.781 0.315096 0.0223332 0.675244 -0.766376 -0.625733 -4.92597 -0.462283 -819.393 0 
10 824.786 0.312865 0.0222929 0.677184 -0.780927 -0.602993 -5.11472 -0.446521 -819.225 0 
1 824.567 0.315192 0.0223819 0.675534 -0.774552 -0.599957 -4.7241 -0.511626 -819.332 0 
1 824.86 0.320532 0.0221288 0.671785 -0.797155 -0.59495 -4.07038 -1.62698 -819.163 0 
2 825.398 0.315012 0.0221753 0.674997 -0.784088 -0.597676 -4.63274 -1.54547 -819.22 0 
3 825.634 0.315994 0.0223954 0.672586 -0.743337 -0.635129 -5.22194 -0.463567 -819.948 0 
4 824.769 0.323154 0.0221599 0.667999 -0.774903 -0.586043 -3.77238 -1.34155 -819.655 0 
3 824.379 0.322742 0.0223162 0.668047 -0.754585 -0.6055 -3.87689 -0.351404 -820.151 0 
2 824.738 0.323531 0.0223168 0.666141 -0.741355 -0.610007 -3.94023 -0.0887101 -820.71 0 
13 825.049 0.327286 0.0222994 0.664214 -0.742538 -0.621798 -3.63676 -0.524441 -820.888 0 
5 827.176 0.326481 0.022152 0.665839 -0.766899 -0.602063 -3.68109 -3.49945 -819.995 0 
1 828.681 0.315293 0.0222823 0.674385 -0.749324 -0.649366 -5.32237 -3.67992 -819.679 0 
1 829.897 0.325403 0.0224092 0.661721 -0.671553 -0.699838 -5.39819 -0.17381 -824.325 0 
1 826.399 0.324885 0.0222781 0.663568 -0.713945 -0.64917 -4.21324 -0.284052 -821.902 0 
1 826.378 0.328967 0.0221386 0.661337 -0.725296 -0.660619 -3.60201 -1.19731 -821.579 0 
3 826.724 0.319185 0.0221739 0.66961 -0.744071 -0.638344 -4.54359 -2.08993 -820.09 0 
1 826.934 0.323726 0.0221689 0.664452 -0.731084 -0.637434 -4.01755 -1.93833 -820.979 0 
2 825.535 0.324483 0.0221083 0.666413 -0.755998 -0.638503 -3.75791 -1.76327 -820.014 0 
3 824.894 0.322997 0.0221806 0.667106 -0.750812 -0.640111 -3.8856 -0.921476 -820.087 0 
2 825.191 0.323162 0.022299 0.670051 -0.773621 -0.622 -3.84505 -1.81698 -819.529 0 
3 824.517 0.317528 0.0221938 0.673965 -0.786509 -0.614474 -4.3152 -1.00485 -819.197 0 
11 825.498 0.315249 0.0223336 0.676433 -0.785741 -0.599202 -4.58588 -1.70657 -819.206 0 
8 825.997 0.316068 0.0225317 0.674165 -0.759251 -0.585803 -4.85521 -1.41104 -819.73 0 
1 828 0.315054 0.0226473 0.674369 -0.748435 -0.588476 -5.38581 -2.62977 -819.985 0 
3 827.071 0.316894 0.0225553 0.672956 -0.76029 -0.581296 -4.609 -2.69946 -819.763 0 
6 824.1 0.313018 0.0223664 0.678384 -0.807326 -0.552951 -4.63952 -0.283758 -819.177 0 
8 824.343 0.311347 0.0223936 0.679631 -0.807329 -0.548229 -4.90795 -0.229978 -819.205 0 
3 824.366 0.318142 0.0222468 0.674887 -0.834229 -0.507622 -4.26331 -0.92731 -819.175 0 
9 823.875 0.316286 0.0222524 0.675298 -0.815095 -0.52463 -4.15405 -0.579709 -819.141 0 
1 825.947 0.308444 0.0222757 0.679645 -0.798334 -0.546746 -5.69345 -1.02862 -819.225 0 
4 826.421 0.309593 0.0221662 0.678469 -0.803216 -0.542311 -5.30485 -1.89913 -819.217 0 
1 827.367 0.312931 0.0221286 0.673889 -0.785102 -0.538922 -4.88987 -3.19238 -819.284 0 
1 828.154 0.312083 0.0223873 0.673389 -0.73636 -0.586673 -6.84205 -1.07758 -820.234 0 
3 826.377 0.314239 0.0224255 0.672305 -0.753188 -0.548173 -5.5068 -0.861049 -820.009 0 
9 824.658 0.315369 0.0223109 0.672656 -0.775472 -0.540436 -4.60817 -0.54761 -819.502 0 
4 824.125 0.314697 0.0222299 0.67541 -0.809166 -0.513994 -4.27544 -0.690794 -819.159 0 
5 823.772 0.317667 0.0223278 0.674499 -0.815848 -0.517709 -4.05785 -0.579587 -819.135 0 
3 824.086 0.319198 0.0223299 0.673079 -0.806837 -0.539798 -4.00586 -0.923393 -819.157 0 
1 824.277 0.311991 0.0222643 0.678885 -0.815432 -0.540764 -4.71635 -0.328756 -819.232 0 
3 824.869 0.312479 0.0223358 0.675948 -0.780997 -0.559439 -5.09365 -0.490047 -819.285 0 
2 825.091 0.315205 0.0223218 0.673212 -0.773561 -0.56433 -4.66521 -0.975103 -819.451 0 
1 825.404 0.311819 0.0225154 0.679344 -0.79725 -0.546242 -4.93648 -1.28328 -819.184 0 
2 825.051 0.318941 0.0224345 0.671794 -0.776817 -0.564948 -4.05748 -1.47931 -819.514 0 
2 824.796 0.314719 0.0224656 0.676119 -0.79583 -0.538588 -4.41076 -1.18379 -819.202 0 
1 824.692 0.313564 0.0223682 0.674968 -0.782054 -0.542576 -4.82004 -0.544403 -819.328 0 
1 824.698 0.315477 0.0221545 0.67603 -0.838745 -0.494571 -4.30803 -1.11199 -819.278 0 
3 824.852 0.31955 0.0220944 0.672237 -0.819299 -0.533993 -4.12885 -1.60742 -819.115 0 
4 825.183 0.320787 0.0220933 0.670218 -0.798403 -0.55039 -3.90143 -2.03835 -819.243 0 
1 824.302 0.321157 0.0221719 0.668779 -0.784959 -0.537381 -3.82348 -0.942598 -819.536 0 
1 827.478 0.318539 0.0220438 0.673081 -0.823728 -0.515647 -4.08155 -4.26806 -819.128 0 
1 825.239 0.319416 0.022142 0.671351 -0.790345 -0.564454 -3.97135 -1.98174 -819.286 0 
1 825.713 0.32222 0.0221388 0.666924 -0.758652 -0.586499 -3.8972 -1.72384 -820.092 0 
1 826.5 0.321435 0.0220711 0.667271 -0.764271 -0.594333 -3.91449 -2.7659 -819.819 0 
3 827.173 0.326186 0.0220109 0.665286 -0.805366 -0.531439 -4.16271 -3.66517 -819.345 0 
2 828.879 0.326287 0.0219178 0.666114 -0.828006 -0.51369 -4.76875 -4.98689 -819.123 0 
2 825.677 0.325382 0.0220837 0.665664 -0.787636 -0.558985 -3.84359 -2.26472 -819.569 0 
6 827.167 0.324454 0.0220204 0.668523 -0.797881 -0.593668 -4.06792 -3.87582 -819.223 0 
3 824.846 0.324846 0.0222858 0.665279 -0.736782 -0.631649 -3.83304 -0.156551 -820.857 0 
2 826.459 0.320522 0.0223918 0.66809 -0.716222 -0.658303 -4.98628 -0.226675 -821.246 0 
4 825.999 0.331869 0.0222387 0.660213 -0.739155 -0.627483 -3.62638 -0.91786 -821.455 0 
1 825.605 0.329535 0.022334 0.662566 -0.737676 -0.631719 -3.58108 -0.770945 -821.253 0 
6 824.945 0.325353 0.0223319 0.666045 -0.740647 -0.638183 -3.75117 -0.520491 -820.674 0 
3 824.82 0.32792 0.022198 0.664567 -0.763882 -0.6183 -3.72499 -1.00155 -820.094 0 
1 824.987 0.320375 0.022235 0.668458 -0.747247 -0.619331 -4.25453 -0.56323 -820.17 0 
1 826.158 0.320792 0.0221005 0.671062 -0.786488 -0.607991 -3.99966 -2.89738 -819.261 0 
2 825.099 0.322021 0.0222706 0.667709 -0.73784 -0.659604 -4.13739 -0.585398 -820.376 0 
2 825.109 0.322297 0.0221818 0.668741 -0.763052 -0.620548 -3.87762 -1.46446 -819.767 0 
1 825.158 0.315635 0.0223892 0.672911 -0.747557 -0.616208 -5.22677 -0.0347335 -819.897 0 
1 825.594 0.320677 0.0223339 0.667681 -0.748208 -0.583278 -4.21898 -0.981012 -820.394 0 
2 825.745 0.319947 0.0224004 0.669174 -0.751677 -0.591432 -4.24477 -1.34314 -820.157 0 
1 825.994 0.320479 0.022437 0.67076 -0.774424 -0.577949 -3.93255 -2.48242 -819.579 0 
2 826.802 0.32107 0.022187 0.673421 -0.814316 -0.583594 -4.27126 -3.43624 -819.095 0 
2 825.868 0.330036 0.0221583 0.66441 -0.785407 -0.602323 -4.25575 -1.95851 -819.654 0 
4 824.69 0.32612 0.0223204 0.666188 -0.753808 -0.629592 -3.67067 -0.760562 -820.259 0 
1 824.786 0.323389 0.0223481 0.669167 -0.762712 -0.623816 -3.80277 -1.16433 -819.819 0 
1 824.663 0.31921 0.0221514 0.673147 -0.809781 -0.563682 -4.12128 -1.42311 -819.119 0 
1 824.295 0.318948 0.0221794 0.672214 -0.786145 -0.59502 -4.09534 -0.940737 -819.258 0 
5 824.2 0.321624 0.0222587 0.671351 -0.792425 -0.59021 -3.96339 -0.995064 -819.242 0 
1 824.171 0.317938 0.0222877 0.674193 -0.794148 -0.582033 -4.15521 -0.833222 -819.182 0 
1 823.99 0.320333 0.0223619 0.671379 -0.776162 -0.589219 -3.96074 -0.540754 -819.489 0 
5 826.741 0.315806 0.0224051 0.671109 -0.738951 -0.596085 -5.47668 -0.942646 -820.321 0 
5 825.781 0.318488 0.0224235 0.669919 -0.73905 -0.592154 -4.90321 -0.338355 -820.539 0 
1 826.513 0.324544 0.022467 0.66524 -0.737369 -0.588393 -3.93694 -1.40345 -821.173 0 
9 826.375 0.323654 0.0225047 0.66636 -0.737585 -0.590336 -4.03613 -1.27905 -821.06 0 
3 826.095 0.321682 0.0225363 0.667742 -0.749793 -0.543648 -4.19266 -1.19704 -820.705 0 
1 824.556 0.322491 0.0223437 0.667156 -0.755633 -0.574519 -3.90209 -0.355069 -820.299 0 
1 824.098 0.322904 0.0223566 0.667851 -0.764539 -0.568864 -3.79659 -0.257742 -820.043 0 
3 824.831 0.315569 0.022486 0.674775 -0.775234 -0.567636 -4.58756 -0.82341 -819.42 0 
6 825.262 0.320345 0.0224466 0.672691 -0.797399 -0.55077 -3.91992 -2.09715 -819.245 0 
6 825.157 0.322911 0.02239 0.669191 -0.789748 -0.539173 -3.79165 -1.86929 -819.496 0 
1 823.977 0.319687 0.0223593 0.672454 -0.801854 -0.535117 -3.93045 -0.83079 -819.215 0 
1 825.527 0.31367 0.0221199 0.678239 -0.859456 -0.457428 -4.45562 -1.45041 -819.621 0 
1 824.815 0.311794 0.0222226 0.679149 -0.864312 -0.414949 -4.37293 -0.752489 -819.69 0 
2 825.463 0.306618 0.0222743 0.683737 -0.864529 -0.426618 -4.90772 -0.421917 -820.134 0 
1 825.746 0.308065 0.0223531 0.679392 -0.811324 -0.473452 -5.34614 -1.17655 -819.223 0 
9 827.549 0.305565 0.022471 0.680107 -0.79058 -0.473487 -6.79351 -1.49555 -819.26 0 
2 825.399 0.30904 0.0222823 0.678556 -0.807788 -0.479342 -5.24147 -0.953337 -819.204 0 
1 824.502 0.308693 0.0223315 0.680128 -0.821968 -0.473778 -5.01957 -0.202263 -819.28 0 
3 825.552 0.315475 0.022095 0.674818 -0.84866 -0.439492 -4.18687 -2.06661 -819.298 0 
6 825.24 0.315643 0.0221153 0.676299 -0.857974 -0.452027 -4.40388 -1.37218 -819.464 0 
1 825.482 0.314503 0.0221441 0.678066 -0.870091 -0.438973 -4.58158 -1.14671 -819.754 0 
2 824.876 0.312258 0.0222168 0.678535 -0.838897 -0.489984 -4.48891 -0.987688 -819.4 0 
1 825.344 0.307172 0.022435 0.68413 -0.832044 -0.506344 -5.34352 -0.409242 -819.591 0 
7 826.858 0.307649 0.0221323 0.683997 -0.865336 -0.486575 -5.18446 -1.24012 -820.434 0 
1 827.483 0.307754 0.0221835 0.683745 -0.878219 -0.444855 -5.0437 -1.79393 -820.645 0 
3 828.604 0.305319 0.0221859 0.68742 -0.90461 -0.417216 -5.47135 -1.12068 -822.012 0 
1 828.674 0.306569 0.0220929 0.68494 -0.890692 -0.434099 -5.254 -2.16053 -821.259 0 
12 828.562 0.308762 0.0222337 0.686173 -0.896112 -0.458798 -5.43968 -1.67302 -821.449 0 
2 827.998 0.309786 0.0222496 0.681299 -0.866637 -0.442544 -4.71459 -3.26026 -820.023 0 
1 826.247 0.30894 0.022413 0.680745 -0.824011 -0.490345 -4.97995 -1.94162 -819.326 0 
1 828.234 0.309361 0.0224364 0.67687 -0.788068 -0.48747 -5.63836 -3.29977 -819.296 0 
2 826.172 0.307924 0.0224596 0.68018 -0.807523 -0.484691 -5.48053 -1.47204 -819.22 0 
1 827.079 0.320156 0.0225048 0.668906 -0.76273 -0.531745 -4.11292 -2.80863 -820.157 0 
3 824.454 0.324118 0.0223108 0.668364 -0.804293 -0.507767 -3.91772 -1.16129 -819.375 0 
1 823.838 0.320731 0.0223292 0.669591 -0.782202 -0.535486 -3.85314 -0.395389 -819.589 0 
1 825.593 0.315658 0.0223556 0.674224 -0.773598 -0.566251 -4.63853 -1.49626 -819.458 0 
2 825.854 0.326538 0.0223188 0.662639 -0.729555 -0.601794 -3.84945 -0.340277 -821.665 0 
1 825.233 0.324802 0.0224283 0.6671 -0.754716 -0.594849 -3.72201 -1.14559 -820.365 0 
1 824.808 0.324079 0.0223081 0.665679 -0.739553 -0.61158 -3.90927 -0.0733111 -820.825 0 
3 826.743 0.317864 0.0223916 0.669588 -0.726811 -0.633702 -5.2776 -0.755354 -820.71 0 
1 825.812 0.316412 0.0222296 0.671386 -0.751608 -0.616389 -4.91328 -1.08363 -819.815 0 
8 824.282 0.318693 0.0223064 0.670847 -0.762176 -0.585816 -4.29471 -0.208967 -819.778 0 
6 825.935 0.312213 0.0224314 0.676159 -0.753622 -0.607161 -6.01435 -0.299753 -819.621 0 
1 831.23 0.322246 0.022475 0.664831 -0.718633 -0.600295 -4.6535 -4.73277 -821.844 0 
3 831.504 0.323852 0.0223834 0.664975 -0.738939 -0.606331 -3.89493 -6.73163 -820.877 0 
1 829.412 0.318848 0.0223994 0.667896 -0.71742 -0.64097 -5.30327 -2.92575 -821.183 0 
3 828.878 0.314153 0.0224074 0.672782 -0.740668 -0.620478 -5.78084 -3.0862 -820.011 0 
1 827.167 0.328888 0.0223734 0.663765 -0.762514 -0.586849 -3.71543 -3.01912 -820.432 0 
8 825.03 0.325127 0.0221999 0.6685 -0.806587 -0.558174 -4.1943 -1.62016 -819.216 0 
8 826.338 0.320815 0.0224099 0.671064 -0.77462 -0.604965 -3.96311 -2.89473 -819.48 0 
10 824.211 0.318573 0.022243 0.674254 -0.809105 -0.578156 -4.23366 -0.860502 -819.117 0 
2 825.064 0.314837 0.0222246 0.677848 -0.835945 -0.537058 -4.56827 -1.13356 -819.362 0 
2 825.861 0.3135 0.0223253 0.680659 -0.846318 -0.53371 -4.77782 -1.45943 -819.624 0 
10 826.764 0.305705 0.0223496 0.686257 -0.842074 -0.545336 -5.86752 -0.729168 -820.168 0 
2 825.856 0.306677 0.0224088 0.684616 -0.822085 -0.556795 -5.82039 -0.427613 -819.608 0 
3 825.077 0.311713 0.0223784 0.681034 -0.821577 -0.558633 -4.84661 -0.886195 -819.344 0 
5 827.755 0.306369 0.022424 0.687312 -0.861132 -0.491462 -5.3453 -1.97375 -820.436 0 
3 827.994 0.29975 0.0223993 0.690904 -0.849719 -0.504906 -7.09845 -0.11125 -820.784 0 
1 827.696 0.301138 0.0222917 0.687746 -0.847276 -0.474916 -6.51336 -0.856289 -820.327 0 
1 826.09 0.304952 0.0222954 0.685388 -0.84843 -0.486912 -5.59463 -0.399823 -820.096 0 
1 827.498 0.30843 0.0225057 0.685262 -0.847239 -0.511488 -5.11944 -2.47122 -819.908 0 
1 828.117 0.304883 0.0225103 0.688347 -0.841119 -0.540338 -6.00526 -1.93188 -820.18 0 
5 825.779 0.308187 0.0224838 0.682822 -0.803339 -0.563759 -5.73847 -0.758604 -819.282 0 
1 825.498 0.31095 0.0224451 0.679913 -0.791503 -0.572444 -5.29979 -1.00181 -819.196 0 
1 826.512 0.309575 0.0224555 0.682482 -0.807575 -0.567921 -5.36124 -1.86795 -819.283 0 
2 824.372 0.31901 0.0224149 0.672796 -0.778445 -0.582205 -4.07106 -0.880126 -819.42 0 
1 824.663 0.318114 0.0221387 0.674125 -0.823755 -0.53257 -4.19586 -1.3301 -819.137 0 
5 825.915 0.311009 0.0222969 0.681933 -0.832016 -0.549815 -4.91982 -1.46623 -819.529 0 
1 825.88 0.309689 0.0222883 0.681572 -0.833102 -0.535403 -5.05519 -1.24947 -819.575 0 
2 826.415 0.311188 0.0221169 0.681447 -0.848724 -0.544917 -5.06806 -1.44341 -819.903 0 
1 826.027 0.319406 0.0220527 0.673365 -0.824141 -0.575593 -4.51623 -2.366 -819.145 0 
7 825.786 0.322753 0.0221071 0.671157 -0.820369 -0.577677 -4.54919 -2.15507 -819.082 0 
1 824.68 0.316382 0.022209 0.675633 -0.807904 -0.592742 -4.45549 -1.07924 -819.145 0 
2 825.472 0.322412 0.0222123 0.670747 -0.798422 -0.604584 -4.17042 -2.14382 -819.158 0 
3 825.079 0.319666 0.0223295 0.67263 -0.780792 -0.627675 -4.15863 -1.65132 -819.27 0 
1 825.456 0.31871 0.0223307 0.671659 -0.743174 -0.690658 -4.65954 -0.980371 -819.816 0 
8 825.184 0.324606 0.0221845 0.66951 -0.771573 -0.688768 -4.10908 -1.69382 -819.381 0 
7 824.894 0.32015 0.0222352 0.671359 -0.761564 -0.680334 -4.28295 -1.14809 -819.463 0 
2 825.547 0.325004 0.0221573 0.666943 -0.758333 -0.674696 -3.87165 -1.9013 -819.775 0 
1 826.24 0.324643 0.0221062 0.665478 -0.726354 -0.713319 -3.95998 -1.60772 -820.672 0 
1 827.316 0.332574 0.0222759 0.660532 -0.716809 -0.725779 -3.52827 -1.98715 -821.801 0 
1 827.534 0.332487 0.0222386 0.659147 -0.704381 -0.723972 -3.48591 -1.48021 -822.567 0 
1 828.959 0.321022 0.0220808 0.66961 -0.742045 -0.703016 -4.31934 -4.73285 -819.907 0 
4 828.804 0.325424 0.0219988 0.666274 -0.755681 -0.673025 -3.7842 -5.13365 -819.886 0 
1 824.714 0.325848 0.0221751 0.666268 -0.753557 -0.66644 -3.75443 -0.941503 -820.018 0 
4 827.342 0.324873 0.0222159 0.665402 -0.740161 -0.669814 -3.79859 -3.1197 -820.423 0 
3 825.154 0.322366 0.0220934 0.669395 -0.783352 -0.626944 -4.0214 -1.83649 -819.296 0 
1 826.611 0.327398 0.0221776 0.66452 -0.760186 -0.640536 -3.75202 -2.81096 -820.048 0 
2 826.004 0.325359 0.0220605 0.665853 -0.767136 -0.636709 -3.80792 -2.46401 -819.732 0 
1 827.866 0.317238 0.0219679 0.672689 -0.792749 -0.608436 -4.33899 -4.36973 -819.157 0 
6 829.605 0.326649 0.0219535 0.667313 -0.79579 -0.6239 -4.29091 -6.08793 -819.226 0 
2 826.398 0.327832 0.0220821 0.666151 -0.785756 -0.617766 -4.09819 -2.83004 -819.47 0 
2 827.373 0.332447 0.022067 0.661105 -0.76029 -0.629928 -3.93274 -2.94585 -820.494 0 
3 824.498 0.323039 0.0223087 0.667572 -0.744724 -0.632949 -3.93496 -0.201699 -820.361 0 
5 826.605 0.325998 0.0224149 0.66816 -0.760215 -0.640064 -3.71576 -2.9286 -819.96 0 
1 827.183 0.3292 0.0222905 0.666586 -0.781858 -0.625436 -4.14465 -3.44676 -819.591 0 
4 825.491 0.324712 0.0223281 0.669687 -0.783607 -0.625344 -3.987 -2.13797 -819.366 0 
3 824.947 0.325518 0.0222959 0.667554 -0.759602 -0.658739 -3.79502 -1.30493 -819.848 0 
9 824.397 0.320938 0.0222424 0.672078 -0.775136 -0.665039 -4.18366 -0.924779 -819.288 0 
2 824.685 0.319277 0.0221561 0.672223 -0.773643 -0.664258 -4.33075 -1.07669 -819.278 0 
1 824.936 0.321277 0.0222397 0.67175 -0.776595 -0.671064 -4.23091 -1.44472 -819.26 0 
1 825.564 0.315423 0.0221938 0.677499 -0.79859 -0.645166 -4.78275 -1.60918 -819.172 0 
1 825.813 0.320342 0.0221098 0.67367 -0.808312 -0.629366 -4.4967 -2.21555 -819.101 0 
2 825.378 0.31122 0.0221654 0.679824 -0.813416 -0.593909 -5.14109 -0.892217 -819.345 0 
4 825.623 0.316831 0.0221538 0.672964 -0.78822 -0.593309 -4.32449 -2.09178 -819.207 0 
1 827.24 0.3212 0.0221727 0.668598 -0.764842 -0.627404 -3.99011 -3.61704 -819.633 0 
1 828.402 0.310295 0.0220117 0.67918 -0.821348 -0.567324 -5.13629 -3.83448 -819.431 0 
1 827.591 0.312255 0.022062 0.677499 -0.817926 -0.567321 -4.83435 -3.46074 -819.296 0 
2 825.013 0.311497 0.0222032 0.680058 -0.818029 -0.578266 -4.99512 -0.662876 -819.355 0 
1 826.149 0.309884 0.0221523 0.680727 -0.813149 -0.585868 -5.33731 -1.43282 -819.379 0 
1 825.71 0.31361 0.0222415 0.678351 -0.8079 -0.578849 -4.66137 -1.86045 -819.189 0 
3 825.718 0.318057 0.0221529 0.673712 -0.788849 -0.61318 -4.2505 -2.2839 -819.183 0 
2 825.985 0.317384 0.0220722 0.673484 -0.815775 -0.555431 -4.26654 -2.58488 -819.133 0 
4 824.574 0.313925 0.0221706 0.677162 -0.820415 -0.546165 -4.50272 -0.845525 -819.226 0 
1 824.115 0.315956 0.0221974 0.675606 -0.822829 -0.528206 -4.26091 -0.683712 -819.17 0 
3 825.875 0.310804 0.0221282 0.679923 -0.831077 -0.544276 -4.93252 -1.44024 -819.503 0 
4 825.692 0.313795 0.0221118 0.677924 -0.826292 -0.55451 -4.5963 -1.78474 -819.311 0 
8 824.363 0.321963 0.0222493 0.671114 -0.806958 -0.557983 -4.05614 -1.15122 -819.156 0 
6 825.107 0.324176 0.0223147 0.668831 -0.78859 -0.578844 -3.88432 -1.80679 -819.416 0 
8 825.658 0.317056 0.0223629 0.672673 -0.779873 -0.566583 -4.26408 -2.00958 -819.384 0 
3 826.26 0.309353 0.0223897 0.67916 -0.791459 -0.553934 -5.60909 -1.44146 -819.21 0 
1 827.726 0.311809 0.0224868 0.677378 -0.784351 -0.559315 -5.15059 -3.33172 -819.243 0 
5 827.35 0.309971 0.0224083 0.679164 -0.804549 -0.531109 -5.14187 -3.0023 -819.206 0 
3 825.733 0.311097 0.0222057 0.677712 -0.803052 -0.551751 -5.00526 -1.53224 -819.196 0 
3 825.734 0.310612 0.0222953 0.677662 -0.791092 -0.555566 -5.3068 -1.22369 -819.203 0 
4 826.397 0.321581 0.0222898 0.668518 -0.782492 -0.546347 -3.8115 -3.01319 -819.573 0 
1 825.28 0.318193 0.0223282 0.673867 -0.826713 -0.491408 -4.08513 -2.0589 -819.136 0 
1 825.597 0.321012 0.0222215 0.671526 -0.830752 -0.493314 -4.23955 -2.23803 -819.119 0 
1 825.018 0.323938 0.0222424 0.670215 -0.823234 -0.514574 -4.29769 -1.59233 -819.128 0 
3 825.341 0.315005 0.0223557 0.677695 -0.815313 -0.538099 -4.31313 -1.86663 -819.161 0 
1 825.339 0.317236 0.0222167 0.676493 -0.841117 -0.512078 -4.39139 -1.6695 -819.278 0 
2 825.424 0.319281 0.02223 0.674199 -0.842773 -0.497926 -4.4613 -1.75629 -819.206 0 
2 826.049 0.315082 0.0222069 0.679085 -0.86572 -0.488564 -4.86003 -1.37769 -819.811 0 
2 826.363 0.306706 0.0222179 0.685214 -0.864628 -0.489146 -5.32944 -0.512826 -820.52 0 
2 826.33 0.311702 0.0222356 0.681613 -0.859083 -0.484626 -4.68612 -1.78305 -819.86 0 
8 825.233 0.310979 0.0222038 0.679857 -0.81774 -0.552877 -4.9319 -0.990181 -819.311 0 
20 824.594 0.31238 0.022296 0.676655 -0.782933 -0.57898 -5.11628 -0.2432 -819.234 0 
2 823.858 0.317977 0.0223592 0.673972 -0.800882 -0.547351 -4.05762 -0.621281 -819.179 0 
3 824.024 0.319306 0.0223989 0.671426 -0.779845 -0.551935 -3.99168 -0.518624 -819.514 0 
3 825.12 0.322365 0.0224483 0.669584 -0.774626 -0.566185 -3.7892 -1.61204 -819.719 0 
3 825.09 0.323493 0.0223974 0.669711 -0.77527 -0.596673 -3.78362 -1.69325 -819.613 0 
2 824.97 0.324689 0.0222629 0.669356 -0.790518 -0.598296 -3.96913 -1.67122 -819.33 0 
1 823.989 0.31835 0.0222941 0.674066 -0.798706 -0.585053 -4.16813 -0.672297 -819.149 0 
2 823.893 0.315362 0.0222631 0.674992 -0.789806 -0.578391 -4.46683 -0.224876 -819.201 0 
3 823.862 0.320385 0.0222317 0.671551 -0.787707 -0.596714 -4.00682 -0.592069 -819.263 0 
2 824.324 0.318737 0.0223088 0.674518 -0.813874 -0.550585 -4.13163 -1.07336 -819.119 0 
6 825 0.316707 0.0222654 0.677091 -0.840967 -0.521232 -4.48351 -1.20005 -819.316 0 
1 824.149 0.313696 0.0223052 0.678263 -0.821289 -0.540985 -4.50316 -0.413865 -819.232 0 
3 824.372 0.314328 0.0222552 0.678192 -0.840285 -0.504443 -4.42441 -0.580723 -819.367 0 
1 825.217 0.314638 0.022495 0.67609 -0.795457 -0.531267 -4.41131 -1.5911 -819.215 0 
1 825.572 0.31279 0.0224378 0.678898 -0.822167 -0.515272 -4.48992 -1.85416 -819.228 0 
3 825.569 0.314217 0.0224641 0.676158 -0.793207 -0.544016 -4.52096 -1.83683 -819.211 0 
10 824.189 0.311339 0.0223209 0.678885 -0.821624 -0.503711 -4.63966 -0.302734 -819.247 0 
1 824.324 0.320365 0.0223262 0.670983 -0.8106 -0.491206 -3.8847 -1.20989 -819.229 0 
1 823.838 0.318767 0.0222407 0.672027 -0.819008 -0.47996 -3.9438 -0.734172 -819.16 0 
1 824.964 0.318875 0.0222048 0.670658 -0.813714 -0.470225 -3.89507 -1.85325 -819.216 0 
1 824.291 0.316831 0.0221726 0.673728 -0.834025 -0.443912 -3.99916 -1.12671 -819.165 0 
1 825.211 0.310692 0.0222399 0.681538 -0.880368 -0.403054 -4.56801 -0.463672 -820.179 0 
1 824.566 0.310092 0.0222427 0.680571 -0.864906 -0.407823 -4.433 -0.347048 -819.786 0 
8 824.707 0.307013 0.0223568 0.68257 -0.855781 -0.404265 -4.75978 -0.206156 -819.741 0 
9 825.718 0.307104 0.0224006 0.682309 -0.855096 -0.399857 -4.72957 -1.28771 -819.701 0 
7 825.709 0.312498 0.0224409 0.677436 -0.839358 -0.41167 -4.18126 -2.27881 -819.249 0 
1 826.171 0.315022 0.0224963 0.677773 -0.85068 -0.395787 -4.04816 -2.85318 -819.27 0 
5 824.292 0.310802 0.0225166 0.678682 -0.835955 -0.385531 -4.37387 -0.680308 -819.238 0 
5 823.949 0.311702 0.0224698 0.678466 -0.843692 -0.383853 -4.20734 -0.467215 -819.275 0 
1 824.923 0.306946 0.022413 0.681161 -0.841781 -0.39189 -4.88689 -0.615728 -819.421 0 
7 825.595 0.307827 0.0222418 0.683225 -0.891016 -0.349465 -4.52438 -0.560815 -820.51 0 
2 824.658 0.310597 0.0222755 0.679753 -0.861092 -0.382104 -4.26986 -0.817078 -819.571 0 
9 823.844 0.314261 0.0224237 0.676808 -0.848665 -0.381168 -4.03997 -0.549293 -819.255 0 
2 823.547 0.314217 0.0224259 0.676149 -0.845792 -0.371479 -4.03078 -0.286336 -819.23 0 
2 823.637 0.319367 0.0223804 0.671646 -0.838125 -0.373239 -4.00524 -0.411467 -819.22 0 
2 823.974 0.320879 0.0222651 0.669544 -0.842 -0.351016 -4.15213 -0.562822 -819.259 0 
1 825.007 0.316315 0.0222583 0.67107 -0.82309 -0.358453 -4.10927 -1.56419 -819.334 0 
3 824.441 0.320729 0.0222237 0.667437 -0.819203 -0.366247 -4.03638 -0.889818 -819.515 0 
17 824.383 0.322455 0.0222162 0.666512 -0.820737 -0.369643 -4.08924 -0.75032 -819.544 0 
2 824.968 0.323796 0.0221819 0.666762 -0.839591 -0.351091 -4.40791 -1.20897 -819.351 0 
2 825.954 0.331183 0.0222313 0.659176 -0.794842 -0.396371 -4.73945 -0.41405 -820.801 0 
1 825.755 0.330169 0.0223818 0.660717 -0.778067 -0.440438 -4.27221 -0.408302 -821.074 0 
1 829.032 0.332395 0.0225201 0.658347 -0.7602 -0.447346 -4.46648 -2.34996 -822.215 0 
2 828.997 0.327996 0.0225969 0.659818 -0.749611 -0.41539 -4.78638 -1.50403 -822.707 0 
2 827.363 0.325636 0.0225684 0.663055 -0.767616 -0.406741 -4.47799 -1.43008 -821.455 0 
3 828.179 0.320778 0.0225681 0.664941 -0.745552 -0.43927 -5.25627 -1.11176 -821.811 0 
6 824.486 0.317101 0.0223992 0.669793 -0.792167 -0.406887 -4.37766 -0.329309 -819.779 0 
6 826.396 0.315066 0.0224302 0.671711 -0.789326 -0.409326 -4.77473 -1.88525 -819.736 0 
2 824.145 0.321387 0.0223433 0.66733 -0.794704 -0.419669 -3.99181 -0.271158 -819.882 0 
2 824.783 0.322572 0.0223107 0.666376 -0.7804 -0.461823 -3.94273 -0.680918 -820.159 0 
7 823.781 0.316108 0.0224181 0.672432 -0.798362 -0.441771 -4.22643 -0.115532 -819.439 0 
1 824.255 0.319458 0.0223627 0.668644 -0.779306 -0.465752 -4.1446 -0.147021 -819.964 0 
11 823.999 0.318835 0.0221822 0.671563 -0.821746 -0.456319 -3.90745 -0.914298 -819.177 0 
3 823.269 0.318084 0.0222869 0.671984 -0.817437 -0.44459 -3.90361 -0.144378 -819.221 0 
2 824.548 0.314837 0.0221772 0.675565 -0.84562 -0.41958 -4.07539 -1.21829 -819.255 0 
1 826.588 0.316614 0.0220674 0.67565 -0.87314 -0.404873 -4.50755 -2.50738 -819.573 0 
3 825.459 0.316649 0.0222657 0.674571 -0.862647 -0.382467 -4.2463 -1.87465 -819.339 0 
5 823.621 0.313032 0.0224022 0.676635 -0.834832 -0.407207 -4.14721 -0.26594 -819.208 0 
4 824.275 0.312879 0.0222194 0.677912 -0.867095 -0.380032 -4.20843 -0.498027 -819.569 0 
1 825.876 0.310012 0.022157 0.679198 -0.86711 -0.38314 -4.35338 -1.77627 -819.746 0 
6 826.279 0.31662 0.0220696 0.675298 -0.88374 -0.368809 -4.64377 -1.94464 -819.691 0 
1 825.962 0.313371 0.0222393 0.675662 -0.849923 -0.391941 -4.10733 -2.55229 -819.303 0 
7 826.396 0.309909 0.0221941 0.67953 -0.871672 -0.376139 -4.3726 -2.18045 -819.843 0 
1 824.109 0.31346 0.0223099 0.677822 -0.865925 -0.381172 -4.20347 -0.386523 -819.519 0 
4 824.279 0.309635 0.0222807 0.67984 -0.866761 -0.360387 -4.29786 -0.306872 -819.674 0 
1 823.613 0.314148 0.0223923 0.674761 -0.831639 -0.387259 -4.07269 -0.342715 -819.198 0 
2 823.529 0.312862 0.0223097 0.676902 -0.845256 -0.391397 -4.1182 -0.14247 -819.269 0 
1 823.399 0.318518 0.0222647 0.671274 -0.832668 -0.394544 -3.94142 -0.251166 -819.206 0 
1 825.37 0.317351 0.0224086 0.669485 -0.788696 -0.427198 -4.28392 -1.30568 -819.78 0 
5 825.554 0.319334 0.0222731 0.66873 -0.812019 -0.410608 -3.90467 -2.22888 -819.42 0 
1 824.981 0.316252 0.0222182 0.671898 -0.818101 -0.43225 -3.98484 -1.78248 -819.214 0 
1 825.253 0.314328 0.0221451 0.673632 -0.832063 -0.406296 -4.05931 -2.00659 -819.188 0 
1 825.873 0.31291 0.0221542 0.674957 -0.843675 -0.389392 -4.11096 -2.50988 -819.252 0 
7 824.698 0.312165 0.022204 0.676984 -0.854936 -0.386649 -4.16838 -1.12827 -819.401 0 
4 825.286 0.31213 0.0221586 0.676088 -0.83124 -0.432405 -4.29121 -1.7769 -819.218 0 
3 825.417 0.312527 0.0221607 0.675254 -0.834003 -0.411117 -4.20153 -2.00258 -819.213 0 
2 825.279 0.310386 0.0221778 0.678777 -0.854409 -0.395472 -4.31931 -1.46832 -819.492 0 
5 823.318 0.315598 0.0222974 0.674718 -0.839033 -0.406917 -3.99695 -0.130724 -819.191 0 
2 823.515 0.314391 0.0222675 0.675347 -0.840798 -0.406846 -4.04963 -0.249302 -819.216 0 
2 824.234 0.31378 0.0224203 0.674825 -0.8107 -0.44222 -4.28901 -0.720605 -819.224 0 
3 824.538 0.31032 0.0223388 0.67943 -0.844049 -0.42745 -4.43309 -0.700402 -819.404 0 
1 823.7 0.312914 0.0223132 0.677546 -0.836653 -0.448767 -4.23854 -0.200992 -819.26 0 
1 825.529 0.312329 0.0221787 0.679964 -0.879932 -0.411679 -4.60748 -0.849497 -820.072 0 
4 824.225 0.322268 0.0223902 0.669993 -0.804517 -0.492309 -3.83347 -1.02997 -819.362 0 
1 823.593 0.317931 0.0223787 0.673243 -0.801181 -0.513385 -3.98158 -0.37293 -819.239 0 
3 824.219 0.315843 0.0222733 0.674253 -0.818727 -0.483253 -4.07841 -0.986871 -819.153 0 
1 823.967 0.311929 0.0223718 0.678942 -0.816688 -0.513424 -4.6125 -0.146149 -819.208 0 
1 825.164 0.312824 0.0222651 0.680389 -0.860648 -0.469102 -4.57517 -0.83732 -819.751 0 
2 825.76 0.313343 0.0222492 0.679561 -0.866907 -0.455271 -4.63973 -1.29988 -819.82 0 
2 825.01 0.321333 0.0221745 0.67197 -0.847555 -0.461112 -4.50771 -1.33947 -819.162 0 
3 824.696 0.313201 0.0223394 0.67672 -0.827496 -0.462071 -4.25056 -1.24655 -819.198 0 
3 825.905 0.312003 0.0223155 0.67832 -0.84559 -0.441396 -4.32831 -2.18481 -819.392 0 
3 824.455 0.312063 0.0222393 0.679118 -0.858702 -0.43057 -4.36763 -0.485147 -819.603 0 
5 824.819 0.31637 0.0222219 0.676559 -0.862454 -0.427559 -4.36152 -1.01441 -819.443 0 
1 824.529 0.316985 0.0222893 0.673496 -0.834149 -0.435289 -3.99903 -1.36606 -819.164 0 
14 824.135 0.314829 0.0222697 0.677355 -0.847278 -0.454144 -4.21813 -0.584798 -819.332 0 
1 824.471 0.316785 0.0223725 0.676154 -0.840104 -0.457177 -4.10383 -1.16638 -819.201 0 
4 824.474 0.313189 0.0224867 0.677738 -0.830411 -0.438296 -4.19248 -1.08256 -819.199 0 
1 825.062 0.3107 0.0223435 0.681862 -0.877581 -0.395504 -4.47352 -0.540999 -820.048 0 
1 829.424 0.303635 0.0220986 0.685024 -0.891117 -0.360884 -5.01289 -3.36441 -821.046 0 
2 826.793 0.308338 0.0221803 0.681786 -0.888931 -0.359051 -4.55796 -1.79364 -820.441 0 
1 826.18 0.309478 0.0223105 0.683315 -0.896206 -0.373441 -4.72434 -0.749128 -820.707 0 
3 826.606 0.309752 0.0223927 0.683995 -0.889788 -0.393032 -4.69909 -1.3568 -820.55 0 
4 826.576 0.311984 0.0222505 0.681946 -0.897224 -0.389003 -4.8564 -1.12977 -820.59 0 
1 827.872 0.313789 0.0222078 0.680662 -0.899112 -0.382999 -4.92171 -2.50487 -820.445 0 
1 826.374 0.313537 0.0222286 0.679852 -0.879788 -0.405131 -4.52456 -1.9081 -819.941 0 
3 825.82 0.310186 0.0222131 0.678437 -0.853957 -0.395885 -4.34092 -1.98518 -819.494 0 
4 824.617 0.318309 0.022134 0.672266 -0.843019 -0.425785 -4.08255 -1.36035 -819.175 0 
3 824.573 0.321182 0.0221672 0.670143 -0.846455 -0.403909 -4.2714 -1.13454 -819.167 0 
1 824.935 0.317576 0.0224158 0.671334 -0.809428 -0.426776 -3.95707 -1.62637 -819.351 0 
1 824.548 0.314025 0.0222368 0.675598 -0.848137 -0.402311 -4.09188 -1.17657 -819.279 0 
1 825.413 0.308062 0.0222466 0.681331 -0.873988 -0.363856 -4.46338 -0.964023 -819.986 0 
2 824.141 0.31322 0.0223479 0.675718 -0.842263 -0.379603 -4.08431 -0.827073 -819.23 0 
3 824.608 0.317386 0.0221707 0.673629 -0.866358 -0.367788 -4.29246 -0.977057 -819.339 0 
2 823.632 0.315024 0.022298 0.674664 -0.834533 -0.417298 -4.02367 -0.424354 -819.184 0 
1 823.57 0.313682 0.0223313 0.675413 -0.827611 -0.4226 -4.1381 -0.247791 -819.184 0 
2 823.407 0.314993 0.0223016 0.675063 -0.833124 -0.419003 -4.02658 -0.199057 -819.181 0 
6 823.391 0.319585 0.0222798 0.669882 -0.818247 -0.412693 -3.8957 -0.170581 -819.324 0 
2 824.385 0.321912 0.0222357 0.670287 -0.834109 -0.427398 -4.09874 -1.1064 -819.18 0 
4 823.826 0.323238 0.0222306 0.667248 -0.814978 -0.431474 -3.95689 -0.436218 -819.433 0 
2 825.323 0.321069 0.0222764 0.666074 -0.766578 -0.481569 -4.17118 -0.725688 -820.427 0 
5 825.408 0.317065 0.0222598 0.66924 -0.78979 -0.429947 -4.31778 -1.36885 -819.722 0 
1 828.402 0.316925 0.0222523 0.671715 -0.786795 -0.48559 -4.2885 -4.58054 -819.533 0 
1 827.057 0.319505 0.0221857 0.670888 -0.80979 -0.464428 -3.86191 -3.90684 -819.288 0 
1 826.884 0.315015 0.0223261 0.677117 -0.838187 -0.442045 -4.06964 -3.60134 -819.213 0 
1 827.639 0.304529 0.0224693 0.68501 -0.838411 -0.421405 -5.60386 -2.47382 -819.561 0 
2 827.077 0.310419 0.0222554 0.678769 -0.828242 -0.440556 -4.59212 -3.24312 -819.242 0 
1 824.542 0.318538 0.0222933 0.66885 -0.783222 -0.465125 -4.14499 -0.600802 -819.796 0 
2 827.613 0.322468 0.0220204 0.66742 -0.824627 -0.422994 -3.99832 -4.32677 -819.288 0 
4 824.109 0.321627 0.0222037 0.667758 -0.815617 -0.410472 -3.92301 -0.745713 -819.441 0 
1 824.548 0.320703 0.0221832 0.669365 -0.840411 -0.364926 -4.10177 -1.20785 -819.238 0 
1 823.847 0.321905 0.0222574 0.667345 -0.828172 -0.358049 -4.11859 -0.296772 -819.432 0 
5 824.315 0.323468 0.0222992 0.665024 -0.805541 -0.381355 -4.09905 -0.29993 -819.916 0 
1 824.959 0.3194 0.0224463 0.667376 -0.787498 -0.392318 -4.34607 -0.458127 -820.154 0 
4 826.784 0.319371 0.0221688 0.666554 -0.803748 -0.372124 -4.16741 -2.83942 -819.777 0 
1 826.487 0.319007 0.0223262 0.666426 -0.785798 -0.375869 -4.58995 -1.59574 -820.302 0 
3 826.506 0.325641 0.0224373 0.661181 -0.77477 -0.372667 -4.62106 -0.461294 -821.424 0 
1 828.477 0.321642 0.0224311 0.663832 -0.751619 -0.424986 -5.08064 -1.68583 -821.71 0 
1 825.552 0.325295 0.0222284 0.665655 -0.818451 -0.394127 -4.20561 -1.73266 -819.613 0 
10 825.967 0.323874 0.0221344 0.664011 -0.813579 -0.371398 -4.15862 -2.03541 -819.773 0 
1 824.926 0.326535 0.0223462 0.66236 -0.783819 -0.414436 -4.16125 -0.0664227 -820.698 0 
2 825.846 0.323444 0.0223945 0.663091 -0.778193 -0.384925 -4.43049 -0.496211 -820.92 0 
3 824.285 0.31911 0.0222347 0.670687 -0.852107 -0.324197 -4.16586 -0.884202 -819.235 0 
19 824.172 0.32074 0.0222932 0.667017 -0.817092 -0.347627 -4.13565 -0.39263 -819.644 0 
1 824.107 0.317441 0.0224357 0.669642 -0.817994 -0.326205 -4.27782 -0.257239 -819.572 0 
4 824.483 0.314817 0.0223614 0.671508 -0.828686 -0.309087 -4.32248 -0.790918 -819.369 0 
1 826.706 0.312448 0.0224475 0.671504 -0.802799 -0.332288 -5.11818 -1.935 -819.653 0 
2 825.528 0.313711 0.0224639 0.671653 -0.812776 -0.330989 -4.61233 -1.41202 -819.504 0 
1 826.652 0.306817 0.0224053 0.677668 -0.825743 -0.327401 -5.4356 -1.96238 -819.254 0 
1 824.661 0.3157 0.0224208 0.674024 -0.844058 -0.329561 -4.05194 -1.37713 -819.232 0 
3 824.131 0.316637 0.0223625 0.674124 -0.862101 -0.316197 -4.1179 -0.742869 -819.27 0 
2 826.069 0.309743 0.02257 0.67959 -0.835835 -0.362511 -4.57265 -2.25383 -819.243 0 
2 827.206 0.309456 0.0223606 0.680805 -0.864617 -0.34284 -4.28785 -3.33883 -819.579 0 
1 825.406 0.314455 0.0225046 0.673934 -0.805979 -0.397899 -4.44959 -1.55129 -819.405 0 
2 826.018 0.315359 0.0223863 0.674716 -0.837969 -0.361859 -4.02785 -2.78017 -819.21 0 
1 823.659 0.319579 0.0224212 0.670802 -0.832752 -0.361217 -4.0109 -0.35542 -819.293 0 
1 823.873 0.320628 0.0222706 0.668456 -0.826037 -0.375328 -3.99622 -0.514925 -819.362 0 
1 823.757 0.322144 0.0223851 0.66859 -0.816293 -0.408725 -3.94641 -0.355845 -819.455 0 
1 826.389 0.317084 0.0226324 0.672782 -0.797703 -0.422647 -4.20544 -2.61764 -819.566 0 
3 826.536 0.313295 0.0226003 0.677246 -0.82143 -0.405208 -4.27897 -3.04873 -819.208 0 
2 825.942 0.319503 0.0226104 0.669828 -0.797193 -0.398199 -4.12148 -1.99975 -819.821 0 
2 824.509 0.319136 0.0224152 0.668867 -0.80066 -0.383745 -4.18417 -0.540712 -819.784 0 
1 826.943 0.319783 0.0223029 0.667755 -0.797537 -0.386372 -4.22177 -2.82633 -819.895 0 
1 828.876 0.310651 0.0221411 0.677255 -0.850191 -0.358332 -4.27121 -5.26867 -819.336 0 
5 826.393 0.3151 0.0221144 0.674033 -0.857469 -0.349105 -4.0402 -3.06999 -819.282 0 
1 825.013 0.310007 0.022268 0.676793 -0.843167 -0.344175 -4.40019 -1.34225 -819.271 0 
2 824.386 0.312995 0.0223905 0.674473 -0.823517 -0.361594 -4.36482 -0.762181 -819.259 0 
3 824.131 0.317039 0.0223587 0.671666 -0.824956 -0.361792 -4.04868 -0.763212 -819.319 0 
3 824.693 0.317744 0.0223926 0.66877 -0.800599 -0.374848 -4.27753 -0.658155 -819.758 0 
2 824.722 0.309539 0.0223684 0.677359 -0.826552 -0.375412 -4.75027 -0.750121 -819.221 0 
1 824.858 0.309929 0.0223321 0.676963 -0.826613 -0.379196 -4.67717 -0.962848 -819.218 0 
1 827.018 0.31303 0.0223623 0.677042 -0.83873 -0.382682 -4.14707 -3.65413 -819.217 0 
3 826.174 0.316665 0.0222725 0.674558 -0.848802 -0.379281 -4.00265 -2.95913 -819.212 0 
1 826.631 0.321828 0.02221 0.669178 -0.827212 -0.401995 -3.99637 -3.33564 -819.299 0 
2 826.386 0.323674 0.0221787 0.668675 -0.83131 -0.425245 -4.17693 -2.97473 -819.235 0 
1 825.735 0.328187 0.0223321 0.664142 -0.815161 -0.421352 -4.47955 -1.54823 -819.708 0 
2 827.592 0.331194 0.0224676 0.66186 -0.791319 -0.444108 -4.46101 -2.57529 -820.556 0 
3 824.292 0.323667 0.022363 0.66839 -0.823622 -0.419644 -4.09167 -0.854044 -819.346 0 
2 825.169 0.32282 0.0224833 0.669072 -0.79936 -0.459649 -3.82753 -1.71715 -819.624 0 
2 824.07 0.316273 0.0224629 0.672478 -0.799486 -0.430445 -4.22538 -0.379532 -819.465 0 
2 824.395 0.321943 0.0223866 0.670073 -0.824551 -0.414867 -3.97612 -1.12032 -819.298 0 
11 824.149 0.32273 0.0224003 0.667738 -0.787658 -0.470294 -3.8338 -0.435667 -819.88 0 
2 826.175 0.313551 0.0224985 0.674576 -0.767621 -0.519564 -5.32922 -1.14843 -819.697 0 
1 826.4 0.312144 0.0224009 0.676161 -0.778873 -0.520866 -5.31435 -1.68483 -819.401 0 
3 826.875 0.310321 0.0221655 0.67748 -0.818188 -0.461799 -4.7629 -2.90643 -819.205 0 
2 826.819 0.31321 0.0222123 0.673777 -0.78908 -0.487786 -4.81375 -2.64494 -819.36 0 
2 825.946 0.317089 0.0224796 0.671297 -0.768329 -0.493945 -4.65861 -1.28604 -820.002 0 
5 825.757 0.321049 0.0224077 0.667449 -0.756143 -0.513407 -4.30355 -0.838966 -820.615 0 
2 826.217 0.324005 0.022456 0.665211 -0.745753 -0.527898 -4.1481 -0.820472 -821.249 0 
6 825.579 0.323816 0.0223325 0.666558 -0.768886 -0.518449 -3.81993 -1.47774 -820.282 0 
8 825.666 0.323998 0.0221681 0.666444 -0.798055 -0.469325 -3.83014 -2.16664 -819.669 0 
2 826.984 0.319095 0.0222662 0.670505 -0.793936 -0.471985 -3.97196 -3.4886 -819.524 0 
2 825.754 0.321673 0.022166 0.669565 -0.811844 -0.475439 -3.85429 -2.61545 -819.285 0 
2 824.395 0.323822 0.0222215 0.666887 -0.79928 -0.492287 -3.8331 -1.03714 -819.524 0 
1 824.357 0.321649 0.0221467 0.670246 -0.826614 -0.473612 -4.06228 -1.14623 -819.149 0 
1 825.094 0.315049 0.022122 0.674721 -0.823971 -0.481552 -4.13618 -1.79391 -819.164 0 
1 825.25 0.313444 0.0221553 0.675437 -0.818876 -0.490852 -4.32323 -1.75206 -819.174 0 
2 825.721 0.312906 0.0221607 0.6767 -0.841572 -0.454015 -4.28523 -2.10924 -819.327 0 
1 825.215 0.32017 0.0221777 0.670758 -0.834464 -0.44522 -4.08752 -1.97982 -819.147 0 
2 825.079 0.312126 0.022311 0.679496 -0.858965 -0.433775 -4.39587 -1.06729 -819.616 0 
1 825.219 0.311398 0.0222574 0.67972 -0.843121 -0.488368 -4.59621 -1.10864 -819.514 0 
1 824.936 0.315927 0.0223715 0.675124 -0.811624 -0.515688 -4.1538 -1.63266 -819.149 0 
1 824.967 0.311218 0.0223248 0.678258 -0.813408 -0.512533 -4.74332 -1.01901 -819.204 0 
4 826.099 0.304687 0.022318 0.685583 -0.852792 -0.468407 -5.51373 -0.432129 -820.153 0 
2 826.156 0.309671 0.0222502 0.683453 -0.875941 -0.445771 -4.81392 -0.974913 -820.367 0 
2 825.148 0.30885 0.0222939 0.683213 -0.869118 -0.436438 -4.73025 -0.268955 -820.148 0 
1 825.766 0.30737 0.0223195 0.685099 -0.870829 -0.447576 -4.9686 -0.384256 -820.413 0 
1 825.475 0.314775 0.0222419 0.678932 -0.868768 -0.447041 -4.58715 -1.15274 -819.735 0 
7 826.516 0.316222 0.0222048 0.67709 -0.879166 -0.416655 -4.81105 -1.92291 -819.782 0 
4 827.476 0.310457 0.0221572 0.681848 -0.901977 -0.376442 -4.91817 -1.69306 -820.865 0 
10 826.906 0.309764 0.0221578 0.681646 -0.88752 -0.397999 -4.73203 -1.68134 -820.493 0 
4 827.633 0.309824 0.0220632 0.680649 -0.883862 -0.39692 -4.64249 -2.64681 -820.344 0 
2 827.078 0.318481 0.022004 0.671849 -0.859579 -0.398828 -4.32743 -3.47963 -819.271 0 
4 827.413 0.321645 0.0220774 0.667592 -0.82648 -0.428225 -4.01789 -4.16085 -819.234 0 
3 826.612 0.319556 0.0221883 0.668655 -0.802949 -0.463645 -3.85626 -3.35855 -819.397 0 
1 826.486 0.321806 0.0221185 0.670926 -0.836395 -0.4602 -4.19169 -3.16199 -819.132 0 
3 827.189 0.323296 0.0219718 0.667861 -0.834765 -0.449503 -4.29145 -3.74272 -819.155 0 
1 827.765 0.328036 0.0220727 0.661178 -0.777373 -0.506889 -3.84679 -3.55282 -820.366 0 
1 827.656 0.327785 0.0220559 0.665389 -0.817009 -0.486998 -4.41924 -3.87758 -819.359 0 
1 827.535 0.325335 0.0220551 0.666205 -0.807522 -0.486591 -3.96926 -4.12512 -819.441 0 
4 831.099 0.320833 0.0219865 0.669827 -0.818175 -0.479298 -3.89404 -8.0165 -819.188 0 
1 829.814 0.324578 0.022012 0.667404 -0.819652 -0.47518 -4.08853 -6.46737 -819.258 0 
1 829.319 0.325697 0.0219858 0.664643 -0.798448 -0.487392 -3.88173 -5.77915 -819.658 0 
2 829.242 0.31863 0.0221435 0.671367 -0.790821 -0.524911 -3.99318 -5.87675 -819.372 0 
1 828.916 0.317761 0.0220947 0.671265 -0.789084 -0.525399 -4.09293 -5.44925 -819.374 0 
3 828.384 0.313402 0.0222569 0.676724 -0.802133 -0.5178 -4.55219 -4.65131 -819.181 0 
1 827.583 0.306931 0.0221497 0.681154 -0.837318 -0.447056 -5.10642 -2.97556 -819.501 0 
2 827.471 0.305184 0.0221439 0.683278 -0.854521 -0.430555 -5.20172 -2.31125 -819.958 0 
4 826.508 0.306299 0.0222609 0.680427 -0.820759 -0.449143 -5.54999 -1.65939 -819.299 0 
5 826.643 0.309528 0.0223875 0.676269 -0.787314 -0.47467 -5.67832 -1.6286 -819.336 0 
1 826.841 0.313835 0.0224017 0.672265 -0.778262 -0.475811 -4.92205 -2.27867 -819.64 0 
2 826.166 0.314951 0.0222501 0.671479 -0.794136 -0.457641 -4.37878 -2.36607 -819.421 0 
4 824.524 0.313188 0.0222161 0.676225 -0.814648 -0.491351 -4.38513 -0.969038 -819.17 0 
3 824.469 0.310708 0.0222954 0.677325 -0.812378 -0.468207 -4.76957 -0.508797 -819.191 0 
3 824.639 0.312566 0.0222346 0.678511 -0.838608 -0.468774 -4.3383 -0.969351 -819.331 0 
2 824.353 0.317588 0.0221699 0.674436 -0.845216 -0.456343 -4.19294 -0.937196 -819.223 0 
3 824.212 0.321302 0.0221485 0.670052 -0.826427 -0.463261 -4.02259 -1.02758 -819.162 0 
7 824.743 0.31434 0.0221582 0.675915 -0.82452 -0.492327 -4.22965 -1.33041 -819.183 0 
1 825.128 0.31754 0.0223196 0.672197 -0.806357 -0.488726 -3.96688 -1.93223 -819.229 0 
1 825.19 0.319799 0.022404 0.671679 -0.805828 -0.50033 -3.87933 -2.05947 -819.251 0 
1 827.362 0.323763 0.0224515 0.667079 -0.770329 -0.543643 -3.73262 -3.56948 -820.06 0 
2 826.823 0.328492 0.0223641 0.663889 -0.779955 -0.529009 -3.87976 -2.79282 -820.15 0 
3 826.207 0.323656 0.0222695 0.668922 -0.825614 -0.472634 -4.23467 -2.7909 -819.181 0 
1 827.55 0.325853 0.0221476 0.666655 -0.82911 -0.469976 -4.58373 -3.77275 -819.194 0 
8 825.588 0.324818 0.0221188 0.668164 -0.836981 -0.463842 -4.61065 -1.8405 -819.136 0 
3 825.326 0.321119 0.0221392 0.672358 -0.851599 -0.456491 -4.55465 -1.58056 -819.191 0 
4 824.544 0.313904 0.0221997 0.677968 -0.846904 -0.471696 -4.33357 -0.803183 -819.407 0 
2 824.905 0.315625 0.0222256 0.677765 -0.846191 -0.506231 -4.48765 -1.00919 -819.408 0 
3 827.167 0.319127 0.0220311 0.673947 -0.859404 -0.484327 -4.87163 -2.88521 -819.41 0 
2 826.152 0.314207 0.0221804 0.677891 -0.846866 -0.507428 -4.59838 -2.05582 -819.498 0 
1 825.723 0.314329 0.0221816 0.679368 -0.854178 -0.514926 -4.74742 -1.29572 -819.68 0 
1 826.113 0.318554 0.0222399 0.676427 -0.853315 -0.507482 -4.75257 -1.96719 -819.394 0 
4 826.645 0.318974 0.0221268 0.675761 -0.860112 -0.509169 -5.05712 -2.08277 -819.505 0 
5 826.763 0.310379 0.0221797 0.681113 -0.863416 -0.469827 -4.80547 -1.93959 -820.018 0 
2 826.169 0.314835 0.0222055 0.677219 -0.854742 -0.469277 -4.48311 -2.18998 -819.496 0 
5 825.572 0.308317 0.022197 0.682834 -0.858215 -0.470039 -4.91562 -0.628573 -820.028 0 
2 825.482 0.313059 0.0222327 0.676678 -0.824694 -0.495147 -4.37875 -1.88859 -819.215 0 
4 824.929 0.309814 0.0223095 0.681029 -0.840419 -0.485784 -4.75033 -0.640786 -819.538 0 
3 824.225 0.313861 0.0223579 0.677601 -0.823331 -0.507745 -4.33892 -0.686229 -819.2 0 
3 824.882 0.309371 0.022422 0.682111 -0.834192 -0.494435 -4.86068 -0.550281 -819.471 0 
4 825.481 0.310545 0.0224997 0.681121 -0.816845 -0.524579 -4.8839 -1.33666 -819.261 0 
2 826.044 0.31533 0.0224527 0.677656 -0.836561 -0.482582 -4.22785 -2.57716 -819.239 0 
3 826.757 0.30909 0.0223721 0.683858 -0.870296 -0.45495 -4.88145 -1.60021 -820.275 0 
5 826.445 0.306407 0.0222818 0.686293 -0.875764 -0.456936 -5.20262 -0.464441 -820.778 0 
5 825.292 0.310335 0.0223165 0.68235 -0.862526 -0.464223 -4.72428 -0.602313 -819.966 0 
4 825.444 0.309177 0.0224151 0.681976 -0.848653 -0.450964 -4.66807 -1.15276 -819.624 0 
2 824.867 0.309472 0.0222153 0.680995 -0.848968 -0.459448 -4.66618 -0.555695 -819.645 0 
5 823.913 0.312217 0.0223178 0.677713 -0.815408 -0.491632 -4.51915 -0.211493 -819.182 0 
11 824.274 0.311573 0.0222479 0.677374 -0.820555 -0.471306 -4.52173 -0.55236 -819.2 0 
1 826.573 0.305353 0.0222527 0.682158 -0.829828 -0.459252 -5.60308 -1.48729 -819.483 0 
1 829.637 0.307342 0.0220275 0.680184 -0.840956 -0.454896 -5.0024 -5.0567 -819.578 0 
3 826.752 0.312496 0.0221399 0.675494 -0.826881 -0.457532 -4.31502 -3.23199 -819.205 0 
5 823.93 0.317112 0.0222623 0.673746 -0.821642 -0.486572 -4.0295 -0.756429 -819.144 0 
6 824.018 0.311582 0.0223851 0.679012 -0.81789 -0.504484 -4.6278 -0.176284 -819.214 0 
1 824.572 0.312443 0.0223377 0.676798 -0.809956 -0.499545 -4.53784 -0.859562 -819.174 0 
2 825.021 0.314372 0.0223965 0.677548 -0.829947 -0.492203 -4.26459 -1.53778 -819.219 0 
1 824.144 0.31239 0.0224375 0.677767 -0.811676 -0.491688 -4.52005 -0.448319 -819.175 0 
1 824.002 0.317359 0.0223188 0.673033 -0.819677 -0.46301 -3.95394 -0.879331 -819.169 0 
1 824.041 0.32161 0.0223271 0.670591 -0.819237 -0.47185 -3.95376 -0.881217 -819.206 0 
1 824.663 0.319474 0.0223571 0.673863 -0.839401 -0.456385 -4.14867 -1.36305 -819.151 0 
7 824.222 0.316623 0.0224176 0.6756 -0.815534 -0.504707 -4.06824 -1.00844 -819.145 0 
6 827.059 0.31651 0.0224467 0.676573 -0.832744 -0.495133 -4.21431 -3.65398 -819.19 0 
1 826.818 0.30916 0.0225366 0.682253 -0.828748 -0.492854 -4.9142 -2.51724 -819.387 0 
4 826.435 0.311589 0.0225765 0.67805 -0.783925 -0.539819 -5.22165 -1.93786 -819.276 0 
3 825.969 0.316358 0.0225345 0.674965 -0.792647 -0.533605 -4.20411 -2.49973 -819.265 0 
1 826.198 0.315817 0.0225445 0.672686 -0.776594 -0.499077 -4.54748 -1.98458 -819.666 0 
2 824.101 0.314465 0.0223786 0.674807 -0.796134 -0.490772 -4.42898 -0.38849 -819.283 0 
4 824.203 0.321961 0.0221749 0.667651 -0.801399 -0.469587 -3.81339 -0.895102 -819.495 0 
5 825.237 0.321619 0.022178 0.666269 -0.782069 -0.479578 -3.87775 -1.4307 -819.929 0 
1 825.187 0.318968 0.0221769 0.669367 -0.780846 -0.515493 -4.03884 -1.51671 -819.631 0 
2 826.414 0.323219 0.0220257 0.66717 -0.808091 -0.48962 -3.88246 -3.18961 -819.342 0 
2 824.129 0.321775 0.0223 0.667903 -0.790501 -0.487922 -3.79824 -0.675265 -819.655 0 
12 823.449 0.3183 0.0222981 0.670662 -0.806389 -0.441705 -3.93122 -0.145502 -819.373 0 
2 825.711 0.316017 0.0223369 0.670188 -0.783048 -0.452178 -4.49674 -1.47978 -819.734 0 
1 824.412 0.317029 0.0224294 0.671058 -0.794283 -0.442844 -4.16247 -0.698002 -819.552 0 
2 825.442 0.30712 0.0222505 0.681611 -0.840153 -0.43779 -4.99925 -0.927895 -819.515 0 
4 825.317 0.308792 0.0222778 0.680343 -0.848037 -0.425566 -4.61016 -1.16433 -819.542 0 
1 824.947 0.315992 0.0221647 0.675273 -0.852422 -0.439959 -4.25451 -1.36265 -819.33 0 
1 825.942 0.317137 0.0223358 0.675671 -0.856136 -0.431844 -4.33173 -2.28776 -819.323 0 
7 824.602 0.312593 0.0222062 0.67752 -0.84186 -0.455024 -4.30895 -0.948264 -819.344 0 
3 823.623 0.313571 0.0223116 0.676468 -0.825104 -0.465856 -4.22731 -0.212627 -819.183 0 
4 823.844 0.312239 0.0223383 0.676645 -0.808456 -0.482396 -4.57446 -0.0866069 -819.183 0 
3 823.723 0.322409 0.0223356 0.669279 -0.801701 -0.493364 -3.81497 -0.495048 -819.413 0 
1 824.445 0.32275 0.0223667 0.668773 -0.803495 -0.481299 -3.83421 -1.17339 -819.438 0 
1 823.451 0.321147 0.022307 0.669921 -0.800787 -0.49656 -3.81681 -0.260389 -819.374 0 
1 824.716 0.317641 0.0224561 0.674353 -0.809599 -0.487173 -3.95737 -1.55584 -819.203 0 
3 825.218 0.315633 0.0224911 0.676565 -0.829939 -0.458316 -4.06013 -1.98919 -819.169 0 
2 824.651 0.312324 0.0224907 0.678479 -0.825023 -0.459108 -4.35303 -1.09832 -819.2 0 
14 824.447 0.308156 0.0223955 0.682096 -0.835664 -0.46026 -4.92175 -0.0723898 -819.453 0 
2 825.751 0.312966 0.0224727 0.679905 -0.854756 -0.431757 -4.28452 -1.98859 -819.478 0 
2 826.39 0.307922 0.0225062 0.682216 -0.841661 -0.432566 -4.80306 -2.09961 -819.487 0 
2 826.299 0.302595 0.0223953 0.688163 -0.870181 -0.419014 -5.56121 -0.0552337 -820.683 0 
1 827.023 0.304522 0.0224668 0.687674 -0.878909 -0.410161 -5.15061 -1.09592 -820.776 0 
1 826.677 0.309788 0.0224172 0.680935 -0.859062 -0.407843 -4.43802 -2.57712 -819.662 0 
1 827.434 0.307333 0.0224385 0.683831 -0.866363 -0.414884 -4.76253 -2.60263 -820.069 0 
1 830.72 0.30825 0.0224712 0.683609 -0.881211 -0.385758 -4.64632 -5.7467 -820.327 0 
1 829.295 0.3036 0.0224746 0.685191 -0.847199 -0.427553 -5.59564 -3.84767 -819.852 0 
2 825.527 0.308564 0.0222243 0.681433 -0.860418 -0.427001 -4.65239 -1.01672 -819.858 0 
2 824.402 0.307951 0.0223551 0.681836 -0.836921 -0.454131 -4.92543 -0.0107746 -819.466 0 
1 825.949 0.304282 0.0224622 0.684821 -0.822179 -0.479707 -6.15826 -0.324617 -819.467 0 
3 825.959 0.308228 0.0225738 0.682645 -0.833652 -0.441855 -4.87992 -1.70935 -819.37 0 
1 826.997 0.30784 0.0223086 0.684934 -0.870316 -0.442768 -4.85726 -1.82068 -820.319 0 
1 827.278 0.310321 0.0226505 0.680494 -0.805165 -0.490806 -5.02376 -3.06133 -819.193 0 
1 824.89 0.315079 0.0224256 0.67676 -0.816804 -0.487593 -4.14994 -1.5827 -819.157 0 
3 824.702 0.313373 0.0224607 0.676694 -0.796937 -0.502898 -4.59962 -0.86927 -819.233 0 
2 823.784 0.312871 0.0223435 0.676057 -0.805208 -0.487048 -4.52052 -0.0707285 -819.193 0 
1 823.5 0.319207 0.0223606 0.670779 -0.800394 -0.473202 -3.88139 -0.221823 -819.397 0 
1 823.778 0.314643 0.0222256 0.675361 -0.83909 -0.422923 -4.05972 -0.507278 -819.211 0 
2 825.724 0.319241 0.0225157 0.672616 -0.812134 -0.464698 -3.8719 -2.59984 -819.252 0 
2 826.305 0.313647 0.0225386 0.678153 -0.827888 -0.46526 -4.21626 -2.89434 -819.194 0 
5 825.502 0.313828 0.022355 0.679531 -0.875787 -0.402404 -4.47483 -1.2299 -819.797 0 
2 826.745 0.310943 0.0225924 0.679956 -0.834291 -0.428259 -4.40132 -3.07973 -819.264 0 
7 825.679 0.314313 0.0225576 0.676656 -0.794827 -0.509677 -4.47214 -1.95167 -819.255 0 
6 823.754 0.314113 0.0222728 0.676995 -0.833365 -0.468509 -4.19397 -0.336014 -819.224 0 
3 825.645 0.313503 0.0220997 0.675752 -0.844769 -0.430602 -4.17018 -2.17377 -819.301 0 
5 824.062 0.312563 0.0223295 0.676766 -0.823622 -0.457414 -4.32547 -0.54751 -819.189 0 
1 824.07 0.313535 0.0222813 0.677492 -0.82875 -0.479003 -4.26465 -0.590989 -819.215 0 
2 825.897 0.310122 0.0225797 0.679749 -0.79829 -0.50307 -5.22734 -1.46324 -819.206 0 
1 825.278 0.306749 0.0223884 0.684144 -0.845815 -0.455818 -5.08418 -0.465226 -819.729 0 
1 825.601 0.305973 0.022251 0.684129 -0.85124 -0.461401 -5.22378 -0.418005 -819.959 0 
10 826.178 0.309128 0.0222934 0.680829 -0.82689 -0.476516 -4.90122 -1.95244 -819.325 0 
2 826.79 0.310917 0.022179 0.678859 -0.828442 -0.477905 -4.58565 -2.92045 -819.284 0 
1 827.925 0.314981 0.022164 0.676671 -0.833489 -0.481256 -4.1652 -4.54162 -819.219 0 
1 828.223 0.311287 0.0221525 0.678409 -0.823882 -0.487345 -4.59215 -4.3872 -819.244 0 
1 828.333 0.315397 0.0221598 0.674487 -0.802951 -0.514854 -4.24233 -4.90271 -819.188 0 
2 828.348 0.313352 0.0222365 0.674479 -0.763379 -0.57928 -5.42772 -3.37487 -819.545 0 
3 828.922 0.311356 0.022286 0.676799 -0.767681 -0.579415 -5.85649 -3.661 -819.405 0 
1 828.764 0.311966 0.0223055 0.674563 -0.745102 -0.597017 -6.49912 -2.38541 -819.88 0 
2 825.661 0.312395 0.0223178 0.67508 -0.769495 -0.553919 -5.46384 -0.721434 -819.476 0 
1 824.909 0.319408 0.0223336 0.668914 -0.761613 -0.530183 -4.30659 -0.446467 -820.156 0 
3 825.588 0.324937 0.0223921 0.664137 -0.737199 -0.562679 -4.04411 -0.0822306 -821.462 0 
1 826.836 0.333176 0.0222121 0.659078 -0.774522 -0.519097 -4.2986 -1.70266 -820.835 0 
7 826.305 0.33296 0.0221683 0.660512 -0.794174 -0.497389 -4.68075 -1.42713 -820.197 0 
1 826.104 0.329055 0.0223459 0.664258 -0.789277 -0.496548 -4.03135 -1.98896 -820.083 0 
5 826.558 0.328814 0.0220911 0.66089 -0.772942 -0.50083 -3.87959 -2.02091 -820.658 0 
2 826.736 0.328068 0.0221462 0.663103 -0.785293 -0.4916 -3.91497 -2.63857 -820.183 0 
2 828.156 0.327833 0.0221051 0.664332 -0.808666 -0.458882 -4.21453 -4.28341 -819.658 0 
2 826.549 0.327095 0.0221184 0.661242 -0.779625 -0.456199 -3.96803 -1.99639 -820.584 0 
1 825.822 0.326268 0.0221763 0.662046 -0.780019 -0.452917 -3.94872 -1.34934 -820.524 0 
4 828.843 0.323863 0.0220261 0.663618 -0.78077 -0.470265 -3.86312 -4.7981 -820.181 0 
4 828.699 0.315408 0.0223822 0.669215 -0.740174 -0.511689 -6.04343 -1.78539 -820.87 0 
2 828.804 0.315989 0.0223631 0.668168 -0.745437 -0.483021 -5.82254 -2.06626 -820.915 0 
2 825.775 0.314122 0.0222255 0.671954 -0.806288 -0.409545 -4.39487 -2.02584 -819.354 0 
4 825.126 0.311187 0.0223986 0.675068 -0.797212 -0.431659 -5.07698 -0.702891 -819.346 0 
5 823.767 0.312192 0.0223663 0.676008 -0.820139 -0.413834 -4.40396 -0.162603 -819.2 0 
3 824.226 0.315507 0.022313 0.672068 -0.800653 -0.445598 -4.22678 -0.631682 -819.368 0 
1 825.359 0.326375 0.0222006 0.665014 -0.82013 -0.429863 -4.33064 -1.55991 -819.468 0 
3 823.902 0.317961 0.022264 0.670795 -0.813178 -0.43348 -3.91572 -0.696226 -819.291 0 
1 823.821 0.319919 0.0223707 0.670115 -0.793999 -0.470831 -3.89626 -0.361639 -819.563 0 
1 823.901 0.324985 0.0222681 0.666236 -0.800741 -0.46936 -3.89212 -0.356854 -819.653 0 
2 824.057 0.318613 0.0222083 0.671045 -0.802724 -0.485905 -3.90945 -0.844843 -819.302 0 
2 824.406 0.320946 0.0223998 0.668599 -0.785869 -0.483007 -3.86201 -0.785138 -819.759 0 
1 825.437 0.321023 0.0221187 0.672045 -0.850747 -0.447749 -4.46731 -1.78922 -819.181 0 
4 825.291 0.317427 0.0221574 0.674327 -0.834088 -0.473826 -4.06997 -2.05706 -819.164 0 
3 824.751 0.312164 0.0221767 0.677222 -0.833172 -0.456376 -4.3346 -1.15738 -819.259 0 
2 823.776 0.31674 0.0222202 0.673341 -0.820437 -0.46175 -3.97781 -0.633617 -819.164 0 
1 825.832 0.31107 0.0221726 0.678038 -0.836837 -0.437152 -4.40223 -2.12974 -819.3 0 
2 824.108 0.313173 0.022272 0.676228 -0.815662 -0.473465 -4.34889 -0.587215 -819.172 0 
5 824.149 0.313796 0.0223653 0.674679 -0.796545 -0.491792 -4.49687 -0.38761 -819.264 0 
8 825.115 0.316828 0.0225521 0.673695 -0.794508 -0.479082 -4.13372 -1.57894 -819.402 0 
4 825.546 0.323277 0.0224824 0.669342 -0.80038 -0.476524 -3.81713 -2.18395 -819.545 0 
5 825.474 0.319782 0.0225357 0.671091 -0.779523 -0.506482 -3.99355 -1.73063 -819.75 0 
3 824.667 0.314558 0.0224938 0.676334 -0.802742 -0.496124 -4.3185 -1.14056 -819.208 0 
1 825.255 0.32385 0.0224738 0.668129 -0.781591 -0.512192 -3.7497 -1.61431 -819.891 0 
11 823.946 0.320997 0.0223048 0.670808 -0.801576 -0.509544 -3.83019 -0.800613 -819.315 0 
5 824.797 0.323921 0.0224207 0.666818 -0.77624 -0.512316 -3.75621 -0.97374 -820.067 0 
2 824.486 0.319245 0.0224425 0.669875 -0.770001 -0.52031 -4.14863 -0.412637 -819.925 0 
5 825.647 0.324634 0.0224674 0.665327 -0.744426 -0.559761 -3.92939 -0.631526 -821.086 0 
6 825.402 0.319383 0.0225188 0.670503 -0.759873 -0.546923 -4.29115 -1.001 -820.109 0 
5 824.909 0.321797 0.0223907 0.671555 -0.80564 -0.522267 -3.88243 -1.78309 -819.243 0 
2 825.223 0.323877 0.0223712 0.667616 -0.803169 -0.473021 -3.87041 -1.82734 -819.525 0 
2 824.332 0.326102 0.0222367 0.66628 -0.811001 -0.470798 -4.11018 -0.75396 -819.467 0 
1 825.546 0.324417 0.0224484 0.66756 -0.799685 -0.469843 -3.86184 -2.03651 -819.647 0 
1 825.972 0.328874 0.022419 0.662314 -0.761614 -0.516875 -3.81712 -1.11408 -821.041 0 
1 826.509 0.329938 0.0224147 0.66206 -0.770331 -0.508109 -3.92211 -1.77334 -820.813 0 
4 826.854 0.332192 0.0223672 0.661109 -0.773198 -0.525536 -4.12863 -1.97713 -820.748 0 
5 825.485 0.329238 0.0223638 0.663136 -0.770821 -0.523506 -3.83317 -1.04906 -820.603 0 
1 825.979 0.326093 0.0224432 0.666406 -0.782162 -0.501425 -3.78611 -2.10818 -820.084 0 
1 824.792 0.325556 0.0224122 0.666414 -0.786031 -0.4972 -3.79107 -1.05228 -819.948 0 
3 824.222 0.318941 0.022408 0.671447 -0.791202 -0.489124 -3.96473 -0.751761 -819.506 0 
1 824.414 0.315969 0.0222178 0.673684 -0.821831 -0.445148 -4.00649 -1.23431 -819.174 0 
4 823.87 0.318455 0.0224188 0.671298 -0.788562 -0.485135 -4.03719 -0.272609 -819.56 0 
3 823.867 0.314921 0.0224253 0.674254 -0.796588 -0.475526 -4.35541 -0.185713 -819.326 0 
3 824.859 0.31447 0.0224631 0.673244 -0.773673 -0.502606 -4.9127 -0.284272 -819.662 0 
14 824.704 0.309881 0.0223609 0.678555 -0.795527 -0.52158 -5.36239 -0.135955 -819.206 0 
2 824.854 0.309811 0.02232 0.67854 -0.799128 -0.515525 -5.29274 -0.361371 -819.199 0 
1 825.843 0.316203 0.0221102 0.67468 -0.829667 -0.483245 -4.09369 -2.58095 -819.169 0 
2 824.422 0.314817 0.0222251 0.6774 -0.837866 -0.495015 -4.29975 -0.830924 -819.292 0 
2 826.278 0.324014 0.0222334 0.669234 -0.82539 -0.50055 -4.36542 -2.77595 -819.137 0 
1 825.862 0.31482 0.0220816 0.677432 -0.846679 -0.511488 -4.55368 -1.83387 -819.474 0 
3 825.972 0.314306 0.0221057 0.678543 -0.858562 -0.49349 -4.6873 -1.58387 -819.701 0 
1 825.443 0.323798 0.0222117 0.669722 -0.822722 -0.519832 -4.34387 -1.97658 -819.122 0 
3 824.871 0.325189 0.0221526 0.66707 -0.799638 -0.545545 -3.9961 -1.51192 -819.363 0 
2 826.335 0.325577 0.0222263 0.665927 -0.79153 -0.535164 -3.87421 -2.86749 -819.593 0 
2 825.441 0.326555 0.0222684 0.668001 -0.799121 -0.572215 -4.15521 -1.95877 -819.327 0 
2 826.359 0.321771 0.022306 0.672882 -0.814963 -0.550223 -4.11461 -3.13114 -819.113 0 
2 824.771 0.323998 0.022355 0.668191 -0.760949 -0.607696 -3.74742 -1.02378 -820 0 
3 825.247 0.321773 0.0224483 0.668522 -0.751809 -0.590635 -4.0092 -0.954736 -820.283 0 
2 827.212 0.329642 0.0221668 0.665008 -0.789937 -0.575907 -4.17777 -3.38892 -819.645 0 
1 825.661 0.322577 0.0221753 0.668588 -0.77407 -0.582641 -3.79272 -2.20435 -819.664 0 
1 827.858 0.317562 0.0220502 0.673836 -0.814025 -0.545399 -4.13419 -4.59588 -819.128 0 
1 827.745 0.308826 0.0222323 0.679698 -0.787925 -0.572324 -5.95531 -2.56977 -819.22 0 
4 827.732 0.308063 0.0223744 0.679696 -0.75285 -0.639009 -7.51194 -0.788583 -819.432 0 
3 825.996 0.321569 0.0222708 0.669903 -0.751362 -0.650562 -4.06549 -2.00895 -819.922 0 
5 825.026 0.327069 0.0222475 0.664568 -0.732992 -0.682987 -3.67242 -0.542559 -820.811 0 
1 826.928 0.322763 0.0224371 0.666621 -0.701862 -0.70673 -4.76333 -0.363532 -821.801 0 
3 825.766 0.324695 0.0223411 0.665824 -0.714282 -0.698455 -4.12493 -0.256334 -821.385 0 
2 825.549 0.326568 0.0221724 0.663701 -0.731995 -0.66503 -3.70176 -0.887382 -820.96 0 
1 826.361 0.327439 0.0223269 0.662616 -0.720347 -0.653337 -3.75019 -0.845832 -821.765 0 
1 824.708 0.319492 0.0222685 0.670808 -0.752897 -0.639359 -4.32716 -0.56026 -819.821 0 
1 825.831 0.321482 0.0223118 0.667975 -0.722113 -0.676381 -4.55855 -0.382993 -820.889 0 
2 826.68 0.317003 0.0223445 0.672078 -0.723249 -0.695589 -5.59778 -0.718283 -820.364 0 
1 826.964 0.315302 0.0223798 0.672266 -0.719111 -0.682481 -6.24753 -0.217252 -820.499 0 
2 826.528 0.31956 0.0222289 0.670399 -0.734882 -0.686787 -4.66469 -1.71365 -820.15 0 
2 824.855 0.32351 0.0222912 0.668063 -0.738437 -0.682725 -3.96612 -0.584276 -820.305 0 
11 824.758 0.319784 0.0222288 0.670228 -0.744146 -0.675121 -4.43122 -0.408005 -819.919 0 
3 827.288 0.317975 0.0221553 0.674059 -0.777248 -0.65262 -4.41432 -3.63889 -819.235 0 
6 826.3 0.324857 0.0222844 0.668881 -0.752395 -0.690915 -3.85304 -2.58619 -819.86 0 
1 827.041 0.332023 0.0220862 0.661273 -0.748246 -0.689372 -3.88706 -2.63949 -820.514 0 
3 825.507 0.325585 0.0222764 0.667034 -0.741575 -0.711992 -3.8536 -1.5088 -820.144 0 
1 827.367 0.319411 0.0222346 0.674603 -0.773837 -0.700631 -4.48521 -3.67096 -819.211 0 
2 827.066 0.319762 0.0223866 0.6721 -0.72305 -0.748599 -4.92033 -1.92204 -820.224 0 
2 829.107 0.318101 0.0223873 0.674414 -0.737461 -0.730573 -5.00884 -4.32932 -819.769 0 
6 826.33 0.31269 0.0223301 0.676509 -0.738103 -0.706238 -6.42221 -0.266024 -819.641 0 
2 826.781 0.314869 0.022166 0.675244 -0.758898 -0.682681 -5.25089 -2.16207 -819.368 0 
1 825.205 0.322173 0.0222139 0.66807 -0.736443 -0.695282 -4.16753 -0.828559 -820.209 0 
1 825.255 0.324243 0.0221131 0.667242 -0.759504 -0.667912 -3.87833 -1.64133 -819.735 0 
4 826.012 0.321289 0.022043 0.669556 -0.766115 -0.671566 -4.13284 -2.44146 -819.437 0 
4 826.293 0.323712 0.0220166 0.668026 -0.760955 -0.697793 -4.04597 -2.70467 -819.543 0 
3 826.163 0.324263 0.0220549 0.667628 -0.765324 -0.684336 -4.02557 -2.62147 -819.516 0 
3 825.961 0.322325 0.022095 0.669076 -0.767531 -0.673493 -4.08909 -2.43581 -819.437 0 
1 826.017 0.325843 0.0220606 0.667715 -0.781019 -0.670396 -4.24617 -2.46586 -819.305 0 
2 826.166 0.327996 0.02215 0.666319 -0.767038 -0.670132 -3.93299 -2.52418 -819.708 0 
1 826.868 0.327837 0.0220838 0.666065 -0.759546 -0.696901 -3.9105 -3.1776 -819.78 0 
2 826.835 0.328629 0.022054 0.664602 -0.756967 -0.681072 -3.81129 -3.02944 -819.995 0 
9 825.79 0.330353 0.0221863 0.662299 -0.727019 -0.717156 -3.5884 -1.09175 -821.11 0 
2 826.728 0.331888 0.0222784 0.661436 -0.728337 -0.701248 -3.58153 -1.81242 -821.334 0 
5 825.647 0.328707 0.0222907 0.664148 -0.727573 -0.715354 -3.63128 -1.06964 -820.946 0 
6 826.614 0.322723 0.0223077 0.670711 -0.753155 -0.692346 -4.02371 -2.86961 -819.721 0 
5 825.176 0.319817 0.0222237 0.671738 -0.753082 -0.688587 -4.3745 -1.19038 -819.611 0 
5 825.559 0.324388 0.0220979 0.667353 -0.751209 -0.690255 -3.88517 -1.8 -819.874 0 
12 825.722 0.328023 0.0221441 0.665672 -0.744752 -0.728943 -3.84147 -1.79182 -820.089 0 
2 825.253 0.325795 0.0222533 0.666762 -0.727941 -0.739388 -3.88113 -0.866107 -820.506 0 
3 825.921 0.32589 0.0223354 0.665983 -0.710793 -0.758255 -3.99214 -0.776301 -821.152 0 
11 825.305 0.322396 0.0223132 0.671076 -0.75123 -0.7168 -4.15866 -1.49756 -819.649 0 
1 825.342 0.318528 0.0222412 0.672252 -0.73935 -0.718585 -4.8366 -0.717293 -819.788 0 
5 826.098 0.317277 0.0222584 0.673173 -0.726886 -0.75536 -5.45134 -0.721869 -819.925 0 
12 826.161 0.314431 0.0223801 0.6751 -0.727787 -0.724616 -6.2019 -0.0521342 -819.907 0 
3 825.545 0.318433 0.0223083 0.67454 -0.7591 -0.712749 -4.66041 -1.51684 -819.368 0 
1 826.008 0.317943 0.0220751 0.673354 -0.773497 -0.679563 -4.5608 -2.21622 -819.231 0 
10 829.625 0.319659 0.0219125 0.670007 -0.759154 -0.698609 -4.41858 -5.76962 -819.437 0 
1 828.811 0.320717 0.0219949 0.668403 -0.736372 -0.734977 -4.49808 -4.40804 -819.905 0 
3 826.892 0.32755 0.0220189 0.664246 -0.739042 -0.73274 -3.82094 -2.83076 -820.24 0 
2 826.9 0.326939 0.0220191 0.66586 -0.745809 -0.737904 -3.92082 -3.04341 -819.935 0 
4 827.7 0.331157 0.0221297 0.661162 -0.712646 -0.774334 -3.62962 -2.65217 -821.418 0 
1 828.958 0.332491 0.022047 0.659433 -0.712917 -0.766317 -3.59487 -3.7486 -821.614 0 
6 828.83 0.333857 0.0219462 0.660365 -0.734862 -0.766277 -4.02395 -4.14362 -820.662 0 
8 828.28 0.334175 0.0220624 0.658835 -0.703079 -0.805501 -3.60113 -2.70623 -821.973 0 
2 827.652 0.334367 0.0221529 0.660215 -0.706804 -0.820681 -3.72205 -2.29677 -821.634 0 
10 826.429 0.321866 0.0222565 0.669975 -0.719518 -0.810603 -4.71794 -1.58708 -820.124 0 
2 827.77 0.321344 0.0220727 0.672536 -0.755367 -0.789744 -4.74403 -3.71707 -819.309 0 
5 826.501 0.321491 0.0220472 0.672164 -0.762858 -0.780236 -4.80251 -2.46698 -819.231 0 
2 829.335 0.322236 0.0221274 0.667966 -0.717369 -0.801782 -4.62946 -4.43222 -820.273 0 
2 830.333 0.315793 0.0222887 0.671381 -0.685274 -0.812888 -7.32937 -1.88653 -821.117 0 
6 828.117 0.316313 0.0222567 0.67187 -0.69546 -0.799291 -6.75398 -0.581614 -820.781 0 
4 828.378 0.318311 0.0224083 0.670789 -0.678346 -0.825717 -6.73091 -0.0627585 -821.584 0 
2 827.732 0.323565 0.0224338 0.667605 -0.683391 -0.823215 -4.94893 -0.958394 -821.824 0 
9 825.393 0.323233 0.0222222 0.669289 -0.722531 -0.802275 -4.43623 -0.81205 -820.145 0 
1 826.84 0.321213 0.0223142 0.669123 -0.690558 -0.83108 -5.36962 -0.314692 -821.156 0 
1 828.639 0.326082 0.0223635 0.664308 -0.672133 -0.832064 -4.62866 -1.30469 -822.706 0 
10 826.441 0.32402 0.022288 0.667315 -0.690634 -0.832491 -4.70404 -0.351637 -821.385 0 
4 825.922 0.327713 0.0222361 0.665954 -0.718373 -0.79723 -3.90328 -1.37035 -820.649 0 
1 825.491 0.320404 0.0223763 0.672263 -0.737269 -0.748093 -4.59327 -1.09646 -819.801 0 
1 826.104 0.326341 0.0222889 0.668553 -0.753246 -0.736411 -4.06393 -2.34963 -819.69 0 
2 827.805 0.322674 0.0222269 0.673354 -0.783881 -0.717602 -4.58242 -4.09717 -819.125 0 
5 826.951 0.324532 0.0223252 0.671157 -0.76683 -0.734124 -4.3516 -3.27087 -819.328 0 
2 826.868 0.327699 0.0222307 0.667712 -0.763383 -0.732278 -4.29816 -3.05777 -819.512 0 
8 826.829 0.326021 0.0221419 0.669863 -0.776253 -0.737302 -4.61408 -3.00626 -819.208 0 
1 826.681 0.320628 0.022306 0.674973 -0.784362 -0.714532 -4.6771 -2.87864 -819.125 0 
2 826.651 0.312376 0.0221835 0.68166 -0.81244 -0.693051 -5.79581 -1.25417 -819.601 0 
4 827.901 0.306716 0.0223059 0.686929 -0.808414 -0.712824 -7.12688 -0.741883 -820.032 0 
1 827.35 0.311369 0.0223388 0.682244 -0.787617 -0.737902 -6.22032 -1.72959 -819.4 0 
3 826.446 0.314269 0.0223077 0.67995 -0.781276 -0.737919 -5.57594 -1.63295 -819.237 0 
3 826.935 0.322287 0.0222277 0.672385 -0.787343 -0.698377 -4.62445 -3.19082 -819.119 0 
2 826.871 0.318487 0.0223526 0.675277 -0.77436 -0.713491 -4.7507 -2.9349 -819.186 0 
1 826.049 0.3181 0.0221753 0.674118 -0.777164 -0.701062 -4.73332 -2.13951 -819.176 0 
1 827.216 0.318556 0.022052 0.676136 -0.811626 -0.685147 -5.14492 -2.83397 -819.237 0 
3 826.902 0.32285 0.022045 0.672138 -0.805137 -0.679173 -4.92488 -2.90126 -819.076 0 
5 828.222 0.326739 0.0219876 0.66691 -0.779042 -0.70359 -4.52643 -4.42934 -819.267 0 
3 830.064 0.324757 0.0218454 0.669213 -0.806665 -0.671367 -5.01531 -5.99316 -819.056 0 
1 827.316 0.32849 0.0220906 0.666212 -0.770468 -0.718146 -4.45812 -3.41945 -819.438 0 
6 826.684 0.322564 0.0221502 0.673017 -0.787098 -0.725609 -4.78035 -2.80178 -819.102 0 
6 825.634 0.32007 0.022254 0.674518 -0.777433 -0.726446 -4.70438 -1.77337 -819.156 0 
6 825.836 0.322828 0.0222804 0.671185 -0.767511 -0.710835 -4.27772 -2.22206 -819.337 0 
1 828.436 0.323508 0.022404 0.67256 -0.778638 -0.704736 -4.41487 -4.81916 -819.202 0 
2 831.366 0.32245 0.0225401 0.673019 -0.75781 -0.735172 -4.34083 -7.59128 -819.434 0 
3 829.276 0.330677 0.0222252 0.666977 -0.784725 -0.707162 -5.06496 -4.93817 -819.273 0 
1 828.345 0.329138 0.0221969 0.667059 -0.777823 -0.713396 -4.72403 -4.29206 -819.329 0 
2 825.856 0.323354 0.0222523 0.671296 -0.769054 -0.726998 -4.38955 -2.18389 -819.282 0 
3 826.109 0.322493 0.0221962 0.671921 -0.76107 -0.747661 -4.40753 -2.36214 -819.339 0 
1 826.064 0.32656 0.0222098 0.666048 -0.722287 -0.783141 -3.97235 -1.59713 -820.494 0 
5 826.676 0.323007 0.0222452 0.667673 -0.691865 -0.839109 -4.90756 -0.589867 -821.178 0 
2 826.617 0.323387 0.0222222 0.668865 -0.698345 -0.860209 -4.80177 -1.06864 -820.747 0 
2 827.616 0.327634 0.0221541 0.666669 -0.712483 -0.851824 -4.12941 -2.97327 -820.513 0 
1 826.832 0.328888 0.0221534 0.663294 -0.695407 -0.83843 -3.90428 -1.38939 -821.538 0 
1 827.332 0.330909 0.0222178 0.664294 -0.714121 -0.829947 -3.8591 -2.61661 -820.856 0 
3 828.234 0.323842 0.0223287 0.667668 -0.700177 -0.826164 -4.57242 -2.71485 -820.947 0 
3 826.931 0.32264 0.0223281 0.668955 -0.686947 -0.855862 -5.13962 -0.532774 -821.259 0 
1 826.177 0.324826 0.0221121 0.667661 -0.71901 -0.83162 -4.37807 -1.59939 -820.2 0 
4 825.883 0.323508 0.0222362 0.669521 -0.718526 -0.835776 -4.57811 -1.18924 -820.116 0 
2 827.244 0.313078 0.0221387 0.679546 -0.765956 -0.786613 -6.20903 -1.75613 -819.279 0 
5 829.683 0.310256 0.0221282 0.680983 -0.747573 -0.819027 -7.46259 -2.85478 -819.366 0 
2 827.377 0.318558 0.0220403 0.67335 -0.749622 -0.782414 -5.05433 -2.95978 -819.363 0 
3 826.731 0.315696 0.0221256 0.674958 -0.739861 -0.795262 -5.80254 -1.48585 -819.442 0 
1 827.037 0.320529 0.0221194 0.670242 -0.723399 -0.810639 -4.9457 -2.1625 -819.929 0 
1 828.079 0.31864 0.022001 0.674431 -0.771042 -0.763722 -5.03961 -3.86361 -819.176 0 
1 828.252 0.318679 0.0219608 0.674935 -0.790772 -0.738719 -5.16754 -3.92202 -819.163 0 
1 826.837 0.321447 0.0220222 0.672571 -0.785259 -0.735224 -4.89389 -2.83219 -819.111 0 
2 826.31 0.320506 0.0221605 0.671992 -0.754904 -0.762771 -4.70064 -2.24948 -819.36 0 
5 826.646 0.322514 0.0221865 0.67244 -0.774371 -0.756612 -4.81486 -2.67435 -819.157 0 
1 826.591 0.317855 0.022311 0.677018 -0.774861 -0.760116 -5.19418 -2.22426 -819.172 0 
4 826.89 0.316705 0.0224064 0.677268 -0.761566 -0.757773 -5.24732 -2.39937 -819.243 0 
1 826.267 0.318462 0.022246 0.673388 -0.74835 -0.759509 -4.95501 -1.87669 -819.435 0 
5 825.904 0.319122 0.0222417 0.673372 -0.749088 -0.771275 -4.91522 -1.58166 -819.407 0 
7 825.757 0.318856 0.0223548 0.674518 -0.745753 -0.764228 -4.89888 -1.37653 -819.481 0 
1 825.75 0.3246 0.0222384 0.669108 -0.759131 -0.718899 -4.12537 -2.08614 -819.538 0 
6 826.225 0.327124 0.0220415 0.666598 -0.763671 -0.715952 -4.14321 -2.53442 -819.547 0 
1 825.564 0.319315 0.022091 0.672176 -0.762677 -0.715586 -4.56424 -1.67685 -819.323 0 
1 826.381 0.316988 0.0220938 0.673569 -0.748045 -0.753945 -5.2002 -1.75882 -819.422 0 
1 826.512 0.31617 0.0221035 0.676264 -0.76785 -0.750702 -5.28306 -2.01978 -819.209 0 
3 825.465 0.320793 0.0223555 0.671205 -0.729401 -0.756141 -4.61683 -0.826178 -820.022 0 
4 825.239 0.317831 0.0223064 0.674687 -0.7498 -0.754957 -5.02902 -0.802824 -819.407 0 
1 827.875 0.310072 0.0223351 0.679383 -0.725964 -0.797499 -7.98489 -0.312301 -819.578 0 
3 825.841 0.315269 0.0221702 0.676398 -0.75611 -0.76927 -5.62117 -0.94217 -819.278 0 
7 825.967 0.314358 0.0222151 0.677223 -0.744965 -0.793337 -6.0812 -0.525169 -819.361 0 
4 826.576 0.313055 0.0223326 0.677204 -0.725785 -0.791351 -6.85152 -0.0651306 -819.66 0 
7 826.243 0.32244 0.0223292 0.669521 -0.722553 -0.77572 -4.45442 -1.54024 -820.249 0 
1 826.161 0.325711 0.0223331 0.667693 -0.714622 -0.801202 -4.10889 -1.42499 -820.627 0 
2 826.557 0.323096 0.0222377 0.670036 -0.728736 -0.781669 -4.34105 -2.17873 -820.037 0 
1 826.644 0.322394 0.0223295 0.667972 -0.690416 -0.808804 -5.05887 -0.132293 -821.453 0 
5 826.743 0.324105 0.0222009 0.668287 -0.709054 -0.820866 -4.43067 -1.70324 -820.609 0 
6 826.627 0.326971 0.022303 0.665772 -0.696983 -0.835068 -4.1183 -1.20601 -821.303 0 
3 828.315 0.331547 0.0222314 0.661742 -0.690763 -0.851181 -3.72753 -2.63403 -821.953 0 
2 828.256 0.326952 0.0222461 0.663987 -0.689594 -0.822947 -4.14528 -2.29832 -821.813 0 
1 826.755 0.328359 0.0223282 0.666254 -0.727744 -0.775828 -3.85662 -2.44368 -820.455 0 
7 827.197 0.333365 0.0222154 0.661569 -0.71669 -0.788896 -3.71251 -2.18959 -821.295 0 
1 826.321 0.330017 0.0221257 0.662809 -0.713624 -0.785945 -3.6939 -1.47128 -821.156 0 
5 826.546 0.329872 0.022225 0.662781 -0.695778 -0.808687 -3.72191 -0.925305 -821.899 0 
10 827.57 0.324974 0.0222186 0.664845 -0.678019 -0.824244 -4.766 -0.519829 -822.284 0 
3 828.257 0.328212 0.0222653 0.662329 -0.667287 -0.827319 -4.35806 -0.539688 -823.359 0 
5 827.531 0.332888 0.0221679 0.660578 -0.690353 -0.829981 -3.5577 -1.62859 -822.345 0 
1 827.812 0.318749 0.0222213 0.670112 -0.692733 -0.810552 -6.03675 -0.766096 -821.009 0 
1 827.806 0.322082 0.0223446 0.667556 -0.675283 -0.836763 -5.57708 -0.208235 -822.02 0 
4 827.355 0.319925 0.022342 0.669442 -0.690826 -0.804628 -5.70542 -0.403195 -821.246 0 
1 826.586 0.31456 0.0223169 0.675073 -0.729168 -0.756781 -6.14591 -0.698599 -819.742 0 
2 826.238 0.320746 0.0222425 0.672194 -0.737558 -0.772508 -4.63591 -1.8981 -819.704 0 
1 826.673 0.318994 0.0222445 0.673857 -0.744756 -0.760723 -4.85196 -2.30589 -819.516 0 
4 826.37 0.313677 0.022401 0.678384 -0.741511 -0.777732 -6.23656 -0.712844 -819.421 0 
1 826.369 0.317619 0.0224072 0.675593 -0.739349 -0.783714 -5.28762 -1.56187 -819.52 0 
2 827.236 0.313823 0.022424 0.679243 -0.74165 -0.799646 -6.30981 -1.53771 -819.389 0 
9 826.757 0.314438 0.0223849 0.676814 -0.721313 -0.81606 -6.58988 -0.442022 -819.725 0 
1 826.284 0.317319 0.0223365 0.674183 -0.713507 -0.825919 -5.92315 -0.3505 -820.01 0 
5 826.335 0.315749 0.0223316 0.676464 -0.732576 -0.799718 -5.90863 -0.863171 -819.564 0 
3 826.941 0.310738 0.0222881 0.679434 -0.736954 -0.781529 -7.3335 -0.159301 -819.448 0 
1 826.294 0.316701 0.0222044 0.673731 -0.734142 -0.777936 -5.52893 -1.14396 -819.622 0 
1 825.679 0.315409 0.0223401 0.676644 -0.741728 -0.7728 -5.73188 -0.492666 -819.454 0 
1 826.679 0.319529 0.0222797 0.672545 -0.740795 -0.773607 -4.86442 -2.23855 -819.576 0 
1 825.843 0.322314 0.0222452 0.669872 -0.739268 -0.755375 -4.34615 -1.69637 -819.801 0 
2 825.869 0.321936 0.0221841 0.670244 -0.758456 -0.715249 -4.26971 -2.1297 -819.469 0 
4 825.7 0.312005 0.0223187 0.679976 -0.766646 -0.733103 -6.09819 -0.347362 -819.255 0 
7 825.198 0.315446 0.0222454 0.677468 -0.788264 -0.687329 -5.04577 -0.975217 -819.177 0 
2 826.159 0.314498 0.0224066 0.677923 -0.749029 -0.749077 -5.75209 -1.03235 -819.375 0 
8 825.812 0.320625 0.0223776 0.672825 -0.742679 -0.756548 -4.57426 -1.60536 -819.632 0 
7 829.169 0.320008 0.0224407 0.675886 -0.761051 -0.760907 -4.73673 -5.16554 -819.267 0 
1 829.383 0.320164 0.0224048 0.676303 -0.782179 -0.718366 -4.66236 -5.58592 -819.135 0 
4 830.238 0.319971 0.022584 0.674059 -0.736255 -0.760884 -4.7313 -5.75287 -819.754 0 
5 830.953 0.322076 0.0225641 0.672742 -0.726497 -0.773367 -4.47753 -6.37587 -820.1 0 
2 829.019 0.312066 0.0224723 0.681292 -0.749294 -0.776404 -6.58501 -3.10269 -819.331 0 
1 827.842 0.313485 0.0223111 0.678993 -0.749862 -0.767796 -6.11189 -2.39774 -819.332 0 
2 825.497 0.319883 0.0222829 0.672982 -0.743555 -0.754306 -4.67373 -1.23141 -819.592 0 
1 825.281 0.322088 0.0221917 0.669937 -0.730831 -0.78235 -4.50087 -0.86756 -819.913 0 
1 826.04 0.32413 0.0223235 0.669803 -0.727823 -0.794655 -4.27778 -1.7048 -820.057 0 
4 826.691 0.328812 0.0222794 0.663967 -0.699477 -0.813373 -3.83026 -1.32427 -821.537 0 
4 829.416 0.332993 0.0222985 0.661322 -0.707305 -0.801084 -3.65124 -4.118 -821.647 0 
3 829.454 0.336034 0.0222901 0.660634 -0.716473 -0.800178 -3.89266 -4.08726 -821.474 0 
6 827.852 0.334004 0.0220853 0.66189 -0.745395 -0.755606 -4.28992 -3.24502 -820.317 0 
1 828.218 0.333508 0.0221726 0.662721 -0.733258 -0.78227 -4.03083 -3.60355 -820.583 0 
3 827.65 0.333885 0.0220737 0.6613 -0.725163 -0.804285 -4.0108 -2.83432 -820.805 0 
1 829.008 0.334447 0.022119 0.661146 -0.740902 -0.768415 -4.3582 -4.20852 -820.441 0 
6 829.835 0.330902 0.0223284 0.663387 -0.724198 -0.767678 -3.76083 -5.19803 -820.876 0 
1 826.277 0.324185 0.0223163 0.667811 -0.70756 -0.805276 -4.37803 -1.10874 -820.79 0 
9 826.813 0.325303 0.0223659 0.66933 -0.729338 -0.792054 -4.1487 -2.57619 -820.089 0 
5 826.289 0.326164 0.022339 0.667126 -0.710111 -0.802698 -4.06644 -1.36968 -820.853 0 
4 825.682 0.326154 0.0221737 0.666818 -0.720665 -0.80624 -4.09851 -1.2061 -820.378 0 
3 826.015 0.32392 0.0221533 0.667609 -0.712207 -0.815475 -4.42551 -1.08886 -820.5 0 
4 828.133 0.319596 0.0221835 0.669383 -0.686187 -0.841615 -5.98919 -0.988791 -821.155 0 
3 828.469 0.318884 0.0221114 0.671231 -0.703957 -0.840179 -5.7365 -2.38672 -820.346 0 
3 829.953 0.317795 0.0222963 0.672776 -0.681304 -0.882645 -6.85186 -2.15538 -820.946 0 
1 828.507 0.326517 0.0222652 0.664503 -0.655695 -0.907372 -4.96744 -0.508973 -823.03 0 
3 828.94 0.33615 0.0220692 0.659039 -0.690745 -0.882967 -3.74679 -3.0497 -822.144 0 
1 829.73 0.336355 0.0220548 0.65999 -0.70245 -0.887553 -4.06385 -4.20649 -821.46 0 
5 828.188 0.333768 0.0220372 0.661068 -0.705339 -0.867765 -3.93555 -3.0213 -821.231 0 
4 827.032 0.32997 0.0221314 0.66306 -0.691194 -0.865539 -3.88629 -1.51594 -821.63 0 
7 829.735 0.334377 0.022177 0.658365 -0.665708 -0.892398 -3.5827 -2.67112 -823.481 0 
1 830.404 0.332196 0.0221164 0.65859 -0.661263 -0.878806 -3.77661 -2.94032 -823.687 0 
2 828.377 0.335326 0.022088 0.658725 -0.682917 -0.875941 -3.58977 -2.17714 -822.61 0 
3 826.93 0.328394 0.0221004 0.665243 -0.712991 -0.83845 -4.01092 -2.27848 -820.64 0 
1 827.002 0.330343 0.0221151 0.663056 -0.708397 -0.83666 -3.87381 -2.10405 -821.024 0 
9 826.445 0.329123 0.0221772 0.665186 -0.714696 -0.835265 -3.97821 -1.82145 -820.646 0 
1 825.896 0.319834 0.0222417 0.674158 -0.748749 -0.797135 -4.95289 -1.57528 -819.368 0 
1 826.673 0.314984 0.0223482 0.67533 -0.713423 -0.809907 -6.60172 -0.0920412 -819.979 0 
3 827.685 0.308205 0.0222343 0.682028 -0.751537 -0.776333 -7.8599 -0.461313 -819.364 0 
1 829.016 0.308636 0.0223167 0.680141 -0.741202 -0.753892 -7.86812 -1.73043 -819.418 0 
1 828.822 0.307834 0.0222891 0.682 -0.761586 -0.741905 -7.53999 -1.93983 -819.342 0 
2 826.711 0.310379 0.0223171 0.68104 -0.759289 -0.762577 -6.85403 -0.549628 -819.307 0 
6 830.575 0.303326 0.0221849 0.686187 -0.760952 -0.776517 -9.64814 -1.34398 -819.583 0 
3 830.313 0.303876 0.0222796 0.685475 -0.7643 -0.751689 -9.11722 -1.67873 -819.517 0 
3 829.41 0.308416 0.0223305 0.681832 -0.757836 -0.756806 -7.50013 -2.56969 -819.341 0 
1 828.809 0.312749 0.0223471 0.67703 -0.731493 -0.778428 -6.72649 -2.5126 -819.57 0 
2 828.063 0.317131 0.0220484 0.673832 -0.757197 -0.768529 -5.25982 -3.52855 -819.274 0 
4 827.741 0.312815 0.0221799 0.6788 -0.774733 -0.746419 -5.97296 -2.50727 -819.26 0 
5 827.856 0.307314 0.0222587 0.685174 -0.785527 -0.761169 -7.50469 -0.670727 -819.68 0 
1 828.845 0.308471 0.0223231 0.686575 -0.821641 -0.705394 -6.73592 -1.87547 -820.233 0 
1 829.233 0.309598 0.0224772 0.685259 -0.798709 -0.714839 -6.41541 -3.22428 -819.593 0 
1 828.074 0.307555 0.0222862 0.686795 -0.828995 -0.670289 -6.59617 -1.13375 -820.344 0 
12 828.557 0.307261 0.0221894 0.686762 -0.815411 -0.724306 -7.12299 -1.16448 -820.27 0 
1 826.805 0.313348 0.0222082 0.681177 -0.800045 -0.733011 -5.88105 -1.46189 -819.462 0 
3 826.163 0.314619 0.0223133 0.678163 -0.766382 -0.750338 -5.60563 -1.32942 -819.228 0 
1 826.9 0.308592 0.022325 0.681357 -0.758001 -0.726129 -7.28529 -0.29944 -819.316 0 
3 827.047 0.308609 0.022262 0.684412 -0.800137 -0.696749 -6.47729 -0.960607 -819.609 0 
3 827.273 0.311474 0.0224068 0.682989 -0.802593 -0.679646 -5.70531 -2.14143 -819.426 0 
8 825.888 0.318486 0.0223865 0.675697 -0.780069 -0.682515 -4.55559 -2.1597 -819.173 0 
2 826.684 0.317445 0.0223187 0.67793 -0.806499 -0.670562 -4.94063 -2.54417 -819.2 0 
5 828.347 0.318328 0.0223325 0.678046 -0.813995 -0.677626 -5.18345 -3.90631 -819.257 0 
6 827.979 0.314324 0.0222713 0.681185 -0.828323 -0.661541 -5.60592 -2.68663 -819.687 0 
1 828.458 0.312506 0.0223027 0.682335 -0.829067 -0.650432 -5.67419 -2.99496 -819.789 0 
2 829.414 0.31272 0.0222944 0.683739 -0.854261 -0.615705 -5.88678 -3.17159 -820.356 0 
2 827.815 0.309735 0.0223768 0.685125 -0.827995 -0.641205 -5.87041 -2.01121 -819.934 0 
2 828.438 0.311813 0.0223954 0.683875 -0.83352 -0.626828 -5.52193 -3.07263 -819.844 0 
2 827.119 0.316653 0.0222508 0.67905 -0.828826 -0.626787 -5.06192 -2.64136 -819.416 0 
1 827.92 0.311772 0.0224917 0.682636 -0.80146 -0.655924 -5.45705 -3.13395 -819.329 0 
3 826.729 0.309899 0.0224492 0.68219 -0.78608 -0.666022 -6.03045 -1.42041 -819.278 0 
1 825.381 0.313472 0.0222447 0.679439 -0.795893 -0.665392 -5.20589 -0.940482 -819.235 0 
2 826.588 0.321002 0.0221658 0.672737 -0.776569 -0.687563 -4.29469 -3.07208 -819.222 0 
1 825.238 0.323357 0.0222015 0.671116 -0.795868 -0.631227 -4.24049 -1.8501 -819.148 0 
2 824.806 0.32396 0.0222462 0.66943 -0.771981 -0.645189 -3.89239 -1.40789 -819.506 0 
1 825.436 0.324213 0.0220696 0.668681 -0.779387 -0.656423 -4.06838 -2.04055 -819.327 0 
2 827.564 0.326999 0.0220647 0.668873 -0.815743 -0.612936 -5.00755 -3.49396 -819.063 0 
1 824.758 0.32001 0.0221193 0.671893 -0.786632 -0.635612 -4.20706 -1.36153 -819.19 0 
1 825.434 0.319464 0.0220734 0.672273 -0.780494 -0.664286 -4.34886 -1.88658 -819.199 0 
2 826.18 0.312256 0.0221322 0.678147 -0.787663 -0.644359 -5.32827 -1.64867 -819.203 0 
7 825.873 0.310452 0.0222083 0.679578 -0.779672 -0.666164 -5.96739 -0.666352 -819.239 0 
2 825.155 0.314116 0.0222175 0.676625 -0.76484 -0.694733 -5.38361 -0.504864 -819.267 0 
4 825.574 0.315872 0.0222747 0.673497 -0.739523 -0.705297 -5.40715 -0.440363 -819.726 0 
1 825.558 0.314181 0.0222202 0.676078 -0.759838 -0.685526 -5.40445 -0.815592 -819.338 0 
3 825.186 0.315005 0.022265 0.675127 -0.748658 -0.703634 -5.44975 -0.241034 -819.495 0 
3 827.365 0.308051 0.0223093 0.683593 -0.78034 -0.696811 -6.8423 -1.16534 -819.357 0 
1 827.688 0.312829 0.0223428 0.680422 -0.778463 -0.698031 -5.56919 -2.90005 -819.218 0 
2 824.916 0.315271 0.0223337 0.677027 -0.769886 -0.696003 -5.10276 -0.586109 -819.227 0 
4 825.777 0.315554 0.022277 0.678622 -0.793966 -0.699782 -5.17755 -1.38585 -819.214 0 
5 825.213 0.319634 0.022242 0.674418 -0.778415 -0.711448 -4.63595 -1.41625 -819.161 0 
1 825.905 0.316773 0.0221884 0.677699 -0.80723 -0.677131 -5.06236 -1.60017 -819.243 0 
5 826.948 0.320224 0.0223164 0.675585 -0.791796 -0.703853 -4.77314 -3.06227 -819.112 0 
4 826.487 0.320202 0.0220732 0.674318 -0.814998 -0.652567 -4.92937 -2.4041 -819.154 0 
6 825.358 0.3188 0.0222872 0.675512 -0.800475 -0.646669 -4.54747 -1.6922 -819.118 0 
4 826.472 0.308134 0.0222797 0.685037 -0.827125 -0.621559 -5.96259 -0.574049 -819.935 0 
3 826.756 0.306911 0.0224008 0.684778 -0.795459 -0.658995 -6.7124 -0.560231 -819.484 0 
3 826.311 0.309858 0.0223295 0.683731 -0.823367 -0.623421 -5.64292 -0.954194 -819.714 0 
2 827.355 0.308543 0.0224235 0.683681 -0.802842 -0.641961 -6.07255 -1.82365 -819.459 0 
3 826.787 0.312605 0.0222488 0.68202 -0.833583 -0.626889 -5.46459 -1.53824 -819.784 0 
3 828.147 0.318627 0.0222866 0.676233 -0.82527 -0.608359 -4.86687 -4.05277 -819.227 0 
1 827.504 0.320687 0.0221825 0.675259 -0.834693 -0.610742 -5.22759 -3.00857 -819.268 0 
2 828.496 0.315911 0.0221732 0.676967 -0.82018 -0.619864 -4.94194 -4.25547 -819.299 0 
1 829.851 0.315657 0.0219421 0.677598 -0.842467 -0.615338 -5.47294 -4.64779 -819.73 0 
5 827.156 0.312799 0.0221035 0.680823 -0.82719 -0.65341 -5.60697 -1.81639 -819.733 0 
3 826.721 0.312463 0.0221477 0.678398 -0.789187 -0.675946 -5.48839 -1.9943 -819.238 0 
2 826.194 0.323137 0.0220223 0.669608 -0.77803 -0.678551 -4.19015 -2.74304 -819.261 0 
1 826.435 0.320394 0.0220708 0.673123 -0.784953 -0.694807 -4.52396 -2.77638 -819.135 0 
1 826.891 0.315974 0.0220424 0.677479 -0.819512 -0.643456 -5.04448 -2.49722 -819.349 0 
2 825.69 0.318539 0.0221201 0.674903 -0.803823 -0.658811 -4.74285 -1.80897 -819.138 0 
7 827.34 0.31729 0.0220022 0.676133 -0.823997 -0.634962 -5.04655 -2.96354 -819.33 0 
1 827.268 0.32114 0.0221006 0.674615 -0.827429 -0.633918 -5.17033 -2.88885 -819.208 0 
1 826.339 0.313991 0.0221708 0.680039 -0.821796 -0.636158 -5.1604 -1.71041 -819.468 0 
2 826.595 0.308826 0.0222774 0.684698 -0.836117 -0.604659 -5.75832 -0.787797 -820.049 0 
1 826.029 0.312788 0.0221894 0.680121 -0.830678 -0.594545 -5.09898 -1.36764 -819.562 0 
1 825.184 0.313405 0.0222066 0.679136 -0.805354 -0.633166 -5.02601 -0.900139 -819.257 0 
3 826.08 0.310027 0.022331 0.682065 -0.794535 -0.643888 -5.77837 -1.00386 -819.297 0 
2 826.723 0.315627 0.0225035 0.675457 -0.738654 -0.693156 -5.50711 -1.42583 -819.79 0 
2 827.335 0.317905 0.0223711 0.675217 -0.762798 -0.682149 -4.59573 -3.36787 -819.372 0 
2 824.567 0.321523 0.0222771 0.670175 -0.748193 -0.68293 -4.14723 -0.571977 -819.848 0 
7 824.877 0.324572 0.0221347 0.667072 -0.755378 -0.668615 -3.82842 -1.17832 -819.87 0 
2 825.098 0.322127 0.0222345 0.670621 -0.753887 -0.702407 -4.12886 -1.33924 -819.63 0 
3 825.824 0.323466 0.0221704 0.670401 -0.771913 -0.683939 -4.09055 -2.37845 -819.355 0 
5 825.305 0.32229 0.0223061 0.672114 -0.780695 -0.664005 -4.16849 -1.89686 -819.24 0 
2 824.859 0.321194 0.0223588 0.672087 -0.7702 -0.65473 -4.07853 -1.37096 -819.409 0 
5 826.526 0.322878 0.0223247 0.671241 -0.792207 -0.625313 -4.17351 -3.16254 -819.19 0 
2 825.572 0.312417 0.0224182 0.679907 -0.789604 -0.625201 -5.18277 -1.19737 -819.191 0 
2 825.15 0.313238 0.0223252 0.679451 -0.796306 -0.634392 -5.03964 -0.909492 -819.201 0 
3 826.271 0.30778 0.022409 0.683923 -0.794547 -0.636701 -6.33934 -0.565644 -819.366 0 
1 826.317 0.314434 0.0224908 0.678496 -0.78617 -0.633837 -4.85965 -2.28089 -819.176 0 
2 824.633 0.315598 0.0222886 0.677063 -0.791777 -0.636375 -4.67946 -0.798029 -819.155 0 
2 824.633 0.312622 0.0223097 0.67909 -0.796211 -0.623679 -5.09576 -0.334376 -819.203 0 
2 824.819 0.314261 0.0222963 0.678834 -0.809275 -0.610159 -4.77708 -0.818944 -819.223 0 
4 825.266 0.313425 0.0223285 0.679633 -0.813363 -0.607014 -4.90704 -1.07256 -819.286 0 
1 827.896 0.309322 0.0222515 0.682878 -0.842031 -0.560935 -5.38707 -2.5657 -819.943 0 
3 827.116 0.307881 0.0221345 0.683704 -0.832956 -0.579599 -5.66789 -1.55074 -819.897 0 
7 824.363 0.316016 0.0222652 0.675802 -0.781124 -0.654316 -4.71712 -0.460718 -819.186 0 
2 825.606 0.315657 0.0222893 0.674858 -0.785331 -0.608759 -4.55366 -1.85187 -819.2 0 
2 828.062 0.316086 0.0222597 0.671896 -0.740584 -0.672485 -5.24847 -2.96371 -819.85 0 
4 825.719 0.311542 0.0222499 0.679365 -0.781849 -0.651499 -5.5913 -0.914358 -819.213 0 
1 825.381 0.315808 0.0223083 0.675644 -0.759165 -0.684521 -5.03889 -0.963508 -819.379 0 
5 824.561 0.315353 0.0223164 0.677187 -0.787257 -0.647662 -4.77805 -0.618574 -819.165 0 
1 827.304 0.314307 0.0223736 0.679988 -0.801502 -0.640538 -4.90779 -3.18642 -819.21 0 
2 826.834 0.315136 0.0224053 0.677107 -0.786514 -0.641719 -4.79483 -2.8701 -819.169 0 
1 826.372 0.322316 0.022342 0.671867 -0.787225 -0.64315 -4.18654 -2.98311 -819.202 0 
1 826.157 0.312944 0.0223935 0.679535 -0.798229 -0.630866 -5.08679 -1.85655 -819.214 0 
4 824.955 0.31324 0.0223274 0.678538 -0.780616 -0.668182 -5.30057 -0.45691 -819.198 0 
1 825.835 0.318847 0.0223651 0.675579 -0.784321 -0.677729 -4.52676 -2.1582 -819.151 0 
1 827.548 0.307782 0.0224741 0.684036 -0.778927 -0.668829 -6.81158 -1.43377 -819.303 0 
2 826.768 0.307984 0.0224103 0.681654 -0.760801 -0.673107 -7.26289 -0.196707 -819.308 0 
5 824.678 0.313414 0.0223675 0.678011 -0.78191 -0.625828 -5.05362 -0.423665 -819.201 0 
1 824.63 0.316693 0.0222393 0.674916 -0.774977 -0.652592 -4.61174 -0.773381 -819.244 0 
3 825.429 0.319911 0.0222982 0.673419 -0.777984 -0.647263 -4.18194 -1.97863 -819.268 0 
2 824.747 0.313093 0.0223688 0.678377 -0.780725 -0.636031 -5.175 -0.369491 -819.202 0 
3 824.686 0.313595 0.022219 0.678073 -0.812142 -0.58873 -4.75274 -0.700796 -819.232 0 
2 825.802 0.311161 0.0222143 0.681991 -0.829255 -0.599958 -5.27884 -0.864846 -819.658 0 
1 825.493 0.314087 0.0222048 0.679505 -0.818676 -0.626958 -5.0351 -1.07709 -819.381 0 
2 826.555 0.307474 0.0222278 0.684626 -0.821751 -0.627903 -6.15394 -0.528104 -819.873 0 
1 826.503 0.315929 0.0221605 0.677589 -0.823612 -0.620947 -4.98516 -2.16759 -819.35 0 
1 825.9 0.317455 0.0222781 0.674679 -0.788494 -0.641076 -4.49721 -2.24805 -819.154 0 
5 826.805 0.319154 0.0223291 0.672062 -0.759288 -0.6755 -4.40041 -2.91116 -819.494 0 
1 827.628 0.326897 0.0223462 0.666199 -0.74683 -0.68881 -3.76354 -3.67803 -820.187 0 
2 828.371 0.328812 0.0222634 0.664863 -0.755822 -0.684688 -3.89517 -4.4524 -820.024 0 
9 825.22 0.320592 0.022392 0.671206 -0.738867 -0.707794 -4.41887 -0.842293 -819.959 0 
3 825.974 0.318568 0.0222929 0.673694 -0.757954 -0.686204 -4.53266 -1.97479 -819.467 0 
5 825.793 0.311506 0.0223773 0.679825 -0.777491 -0.64539 -5.64276 -0.929768 -819.22 0 
5 824.146 0.31674 0.0223206 0.674058 -0.768765 -0.627027 -4.56575 -0.189457 -819.39 0 
2 825.103 0.319522 0.0221995 0.673218 -0.78584 -0.633113 -4.197 -1.71018 -819.196 0 
1 825.905 0.316663 0.0223057 0.676575 -0.790948 -0.631249 -4.49845 -2.25543 -819.151 0 
1 824.679 0.314796 0.0223431 0.678167 -0.808629 -0.593888 -4.60973 -0.887784 -819.181 0 
2 823.958 0.317079 0.0222733 0.674456 -0.79156 -0.598395 -4.31217 -0.471672 -819.174 0 
2 824.182 0.315113 0.022303 0.676087 -0.779741 -0.629592 -4.75742 -0.207835 -819.217 0 
4 825.59 0.31395 0.0222605 0.674874 -0.759 -0.649141 -5.35412 -0.806695 -819.429 0 
3 825.376 0.315739 0.0222779 0.673988 -0.774956 -0.614014 -4.62789 -1.44391 -819.304 0 
1 825.661 0.311196 0.0222879 0.67764 -0.783262 -0.595122 -5.41825 -1.02779 -819.215 0 
3 825.617 0.311005 0.0224606 0.67905 -0.774945 -0.61449 -5.70368 -0.661978 -819.251 0 
2 827.244 0.311098 0.022507 0.678778 -0.776665 -0.602154 -5.59076 -2.40251 -819.251 0 
2 826.774 0.309678 0.0220893 0.681564 -0.841441 -0.545526 -5.16208 -1.79172 -819.82 0 
3 825.825 0.313574 0.0221171 0.678601 -0.848394 -0.517346 -4.70162 -1.52054 -819.603 0 
9 824.847 0.317277 0.0221198 0.674907 -0.825162 -0.546609 -4.33315 -1.34136 -819.173 0 
10 825.158 0.324012 0.0221016 0.668403 -0.795062 -0.592148 -4.04596 -1.85584 -819.256 0 
9 824.839 0.317247 0.0221535 0.675695 -0.822039 -0.575271 -4.47017 -1.18301 -819.186 0 
2 825.068 0.323365 0.0221456 0.670547 -0.804854 -0.601635 -4.27995 -1.66904 -819.119 0 
2 826.746 0.322263 0.0221798 0.672418 -0.800973 -0.624688 -4.25969 -3.37721 -819.109 0 
2 827.31 0.320032 0.0224097 0.673756 -0.77116 -0.647443 -4.14972 -3.7814 -819.379 0 
3 824.779 0.321015 0.0223487 0.670803 -0.750535 -0.663865 -4.15858 -0.772859 -819.847 0 
3 824.995 0.322384 0.0223952 0.670833 -0.775364 -0.613542 -3.87662 -1.62694 -819.492 0 
1 824.112 0.321484 0.0222321 0.670546 -0.786521 -0.597728 -3.95433 -0.8529 -819.305 0 
3 824.208 0.321499 0.0222851 0.671648 -0.795621 -0.584206 -3.98481 -1.00977 -819.213 0 
1 825.251 0.316612 0.0223082 0.673872 -0.783808 -0.596216 -4.37434 -1.6319 -819.244 0 
2 824.047 0.312805 0.0222679 0.677867 -0.809034 -0.551265 -4.65868 -0.203158 -819.185 0 
8 826.105 0.314739 0.022111 0.678445 -0.863989 -0.486507 -4.78328 -1.54134 -819.78 0 
3 829.169 0.319316 0.0219626 0.673865 -0.854102 -0.49025 -4.6445 -5.19485 -819.33 0 
5 831.679 0.32423 0.0219879 0.670804 -0.85784 -0.472438 -5.17887 -7.31544 -819.184 0 
1 828.138 0.327531 0.0219295 0.664679 -0.820548 -0.496732 -4.56593 -4.30879 -819.264 0 
1 824.754 0.32343 0.0221363 0.66678 -0.780959 -0.543094 -3.74059 -1.29534 -819.718 0 
1 824.693 0.327309 0.0221961 0.663987 -0.781267 -0.531308 -3.8085 -0.876753 -820.008 0 
1 824.04 0.31877 0.0222166 0.673108 -0.811003 -0.530152 -4.00678 -0.892077 -819.142 0 
2 824.72 0.322735 0.0223249 0.668541 -0.788126 -0.536114 -3.78019 -1.40193 -819.537 0 
1 825.938 0.326864 0.0222213 0.665525 -0.799331 -0.523041 -4.06764 -2.34368 -819.527 0 
1 826.689 0.326834 0.0221145 0.664731 -0.80296 -0.512763 -4.1248 -3.07387 -819.49 0 
1 825.711 0.31835 0.0223578 0.670746 -0.783043 -0.524328 -4.04153 -2.1542 -819.516 0 
2 832.249 0.316346 0.0223873 0.669627 -0.75189 -0.55079 -4.93078 -7.14955 -820.169 0 
2 831.196 0.308701 0.0223746 0.676108 -0.761028 -0.550396 -6.81551 -4.84029 -819.54 0 
1 828.92 0.309719 0.0222959 0.676389 -0.785487 -0.522344 -5.60583 -4.04729 -819.267 0 
1 833.355 0.304322 0.0224948 0.680349 -0.766652 -0.541885 -8.2699 -5.7123 -819.373 0 
2 831.814 0.304414 0.0225662 0.67961 -0.747356 -0.544952 -9.53974 -2.55501 -819.72 0 
1 828.986 0.305387 0.0225373 0.682243 -0.773348 -0.546827 -7.70734 -1.97141 -819.307 0 
1 831.751 0.300502 0.0226716 0.686122 -0.770808 -0.543281 -10.0612 -2.36643 -819.324 0 
3 834.794 0.296828 0.0227369 0.690328 -0.770457 -0.574013 -12.1279 -3.26276 -819.403 0 
2 834.619 0.296002 0.0225422 0.689444 -0.762862 -0.600659 -13.1598 -2.02393 -819.435 0 
5 836.018 0.293724 0.0226035 0.693438 -0.797345 -0.571426 -12.0857 -3.95808 -819.974 0 
4 835.518 0.290245 0.0224619 0.697827 -0.821608 -0.568128 -12.8746 -1.44232 -821.201 0 
1 833.303 0.294087 0.0223062 0.693321 -0.82815 -0.539842 -10.2506 -2.26522 -820.787 0 
1 830.052 0.297533 0.0223711 0.69078 -0.823662 -0.540968 -8.80426 -0.977014 -820.27 0 
2 825.397 0.307178 0.0222447 0.683085 -0.83788 -0.504895 -5.29521 -0.383866 -819.718 0 
3 825.27 0.309294 0.0224262 0.680882 -0.806342 -0.545869 -5.33341 -0.69149 -819.245 0 
1 824.979 0.309619 0.022237 0.680912 -0.820845 -0.541109 -5.10488 -0.495106 -819.379 0 
4 826.72 0.311139 0.0221273 0.677917 -0.817147 -0.537431 -4.83541 -2.61711 -819.267 0 
3 827.302 0.310652 0.0222519 0.677069 -0.801773 -0.523103 -5.01767 -3.0938 -819.19 0 
1 828.61 0.317295 0.022147 0.671839 -0.809653 -0.515371 -4.05697 -5.39492 -819.158 0 
1 828.578 0.317694 0.0222401 0.672045 -0.801533 -0.536695 -4.06656 -5.32446 -819.187 0 
2 824.906 0.314291 0.0223387 0.674709 -0.773656 -0.586594 -4.87119 -0.676155 -819.359 0 
4 826.364 0.317666 0.0221011 0.671507 -0.76925 -0.610516 -4.37584 -2.52723 -819.461 0 
4 825.139 0.317367 0.02212 0.673313 -0.788914 -0.600689 -4.28023 -1.66386 -819.194 0 
1 826.718 0.317624 0.0219982 0.673893 -0.815702 -0.578431 -4.36187 -3.2151 -819.141 0 
3 825.51 0.320421 0.02228 0.669314 -0.765332 -0.597126 -4.00756 -1.78048 -819.722 0 
6 823.756 0.317225 0.0222898 0.67343 -0.781017 -0.590273 -4.29004 -0.161049 -819.305 0 
2 826.449 0.318627 0.0223353 0.671138 -0.772322 -0.586671 -4.15017 -2.78211 -819.516 0 
3 827.655 0.304949 0.0222649 0.686645 -0.829622 -0.572645 -6.29389 -1.35959 -820.001 0 
1 827.107 0.304353 0.0224133 0.686268 -0.802365 -0.5997 -7.08913 -0.492176 -819.526 0 
1 828.505 0.300325 0.0223156 0.688972 -0.816148 -0.577387 -8.09336 -0.398694 -820.013 0 
6 828.288 0.300749 0.0222809 0.690475 -0.845949 -0.555032 -7.21421 -0.166761 -820.907 0 
2 828.525 0.299964 0.022285 0.690016 -0.834995 -0.55418 -7.62975 -0.359794 -820.535 0 
2 827.655 0.301807 0.0223341 0.688552 -0.826484 -0.556242 -7.18189 -0.396482 -820.077 0 
1 828.565 0.306659 0.0221632 0.686246 -0.870948 -0.495856 -5.42189 -2.30842 -820.835 0 
1 828.483 0.304817 0.0222472 0.688596 -0.869867 -0.513773 -5.85493 -1.47409 -821.154 0 
1 826.75 0.316035 0.0222901 0.679263 -0.851018 -0.533965 -4.80694 -2.37194 -819.571 0 
4 827.032 0.309208 0.0224437 0.684657 -0.850428 -0.519596 -5.1019 -1.94867 -819.982 0 
8 827.259 0.313556 0.0221433 0.680834 -0.875721 -0.499074 -5.25121 -1.69622 -820.311 0 
4 829.225 0.309945 0.0221119 0.684889 -0.898409 -0.477864 -5.73752 -1.91758 -821.57 0 
3 827.473 0.311372 0.0222071 0.683265 -0.87282 -0.504665 -5.17748 -1.83816 -820.457 0 
4 827.069 0.319035 0.0221172 0.675884 -0.868316 -0.491243 -5.21995 -2.23047 -819.619 0 
6 825.628 0.314937 0.0221964 0.678663 -0.85512 -0.509497 -4.75126 -1.23595 -819.64 0 
1 825.053 0.312749 0.0222011 0.678244 -0.827615 -0.532932 -4.60729 -1.12453 -819.321 0 
2 825.512 0.311478 0.0221601 0.680604 -0.840088 -0.544221 -4.92198 -0.936707 -819.654 0 
4 826.043 0.31717 0.022179 0.674761 -0.825249 -0.54422 -4.36735 -2.50238 -819.173 0 
1 824.813 0.316201 0.0223957 0.674533 -0.773199 -0.61266 -4.56551 -0.904598 -819.343 0 
3 825.322 0.310761 0.0224185 0.679435 -0.772343 -0.634456 -5.89517 -0.174792 -819.252 0 
6 825.111 0.315652 0.0224147 0.674957 -0.751461 -0.662194 -5.14514 -0.374718 -819.591 0 
3 824.369 0.320587 0.0223184 0.67025 -0.748536 -0.654008 -4.22137 -0.210906 -819.937 0 
2 824.886 0.32434 0.0222565 0.668728 -0.766908 -0.640304 -3.81251 -1.40448 -819.669 0 
6 824.599 0.323502 0.0222248 0.668724 -0.76633 -0.630662 -3.81866 -1.09147 -819.688 0 
6 824.11 0.31986 0.0223367 0.672005 -0.769375 -0.630579 -4.12284 -0.524573 -819.463 0 
1 825.478 0.31051 0.0222129 0.680412 -0.809117 -0.585566 -5.2302 -0.946499 -819.302 0 
2 825.094 0.313073 0.0222865 0.675926 -0.76542 -0.62175 -5.40797 -0.313548 -819.373 0 
8 824.037 0.318048 0.0223348 0.672903 -0.767854 -0.624511 -4.352 -0.231354 -819.454 0 
1 826.368 0.314399 0.0222743 0.678396 -0.805045 -0.597459 -4.64255 -2.54958 -819.176 0 
1 828.204 0.319575 0.0222991 0.674929 -0.800467 -0.605938 -4.17254 -4.9084 -819.123 0 
2 828.929 0.329785 0.0224082 0.666559 -0.778859 -0.618715 -4.09182 -5.10116 -819.736 0 
9 824.642 0.322684 0.0223055 0.671038 -0.797817 -0.580701 -3.99667 -1.42763 -819.218 0 
1 824.991 0.324078 0.0221928 0.669826 -0.809222 -0.570815 -4.25167 -1.59812 -819.141 0 
7 824.703 0.320092 0.0223064 0.673548 -0.812659 -0.563167 -4.17119 -1.42218 -819.11 0 
3 826.635 0.326455 0.0222376 0.669141 -0.824619 -0.540934 -4.78157 -2.74982 -819.103 0 
6 826.088 0.315798 0.0223488 0.678857 -0.842041 -0.526056 -4.52732 -2.1751 -819.385 0 
3 825.995 0.321408 0.0222257 0.672608 -0.842859 -0.496423 -4.60436 -2.23683 -819.153 0 
1 826.226 0.32442 0.0222203 0.67033 -0.845544 -0.47522 -4.89364 -2.21497 -819.117 0 
1 824.373 0.321916 0.0222933 0.670634 -0.813375 -0.511247 -3.98478 -1.20386 -819.185 0 
5 824.327 0.323746 0.0222131 0.66921 -0.8177 -0.504028 -4.11831 -1.01891 -819.189 0 
2 824.815 0.328547 0.0221998 0.663308 -0.784008 -0.524154 -3.92078 -0.847172 -820.047 0 
2 825.442 0.329228 0.0221697 0.663859 -0.796104 -0.515564 -4.17312 -1.49885 -819.77 0 
4 824.744 0.326398 0.0223377 0.664409 -0.749814 -0.580716 -3.69225 -0.238573 -820.813 0 
2 825.178 0.327928 0.0221971 0.662711 -0.756963 -0.579384 -3.65186 -0.886339 -820.64 0 
1 825.108 0.322068 0.0222563 0.669945 -0.777411 -0.586944 -3.82872 -1.73978 -819.54 0 
2 824.333 0.316161 0.0224094 0.675053 -0.78223 -0.577907 -4.41284 -0.625668 -819.295 0 
3 824.195 0.313833 0.0223049 0.675979 -0.795501 -0.554289 -4.59061 -0.421531 -819.182 0 
4 824.272 0.313308 0.0222579 0.676068 -0.79475 -0.553967 -4.69141 -0.39468 -819.186 0 
10 823.898 0.314451 0.0222476 0.676751 -0.817355 -0.527338 -4.33826 -0.388163 -819.172 0 
1 824.17 0.318143 0.0222186 0.674443 -0.81779 -0.542513 -4.15944 -0.885049 -819.125 0 
8 824.473 0.313781 0.0222347 0.677702 -0.818443 -0.537292 -4.45416 -0.816568 -819.202 0 
6 824.016 0.31364 0.0222688 0.677863 -0.819666 -0.539039 -4.49083 -0.307851 -819.217 0 
5 824.377 0.315639 0.0223267 0.67505 -0.792957 -0.572349 -4.38976 -0.800661 -819.187 0 
3 824.179 0.315447 0.0222096 0.675251 -0.792944 -0.59243 -4.48977 -0.522777 -819.167 0 
3 824.736 0.312533 0.0222067 0.67793 -0.799347 -0.590132 -4.92355 -0.625833 -819.186 0 
2 825.576 0.309959 0.022349 0.679541 -0.776929 -0.610339 -5.97186 -0.363623 -819.24 0 
1 826.675 0.310557 0.0223205 0.676364 -0.757212 -0.599511 -6.3845 -0.775536 -819.515 0 
2 825.768 0.313265 0.0223821 0.675105 -0.765192 -0.594326 -5.29878 -1.01376 -819.456 0 
4 825.181 0.311024 0.0224231 0.67791 -0.77144 -0.587682 -5.76497 -0.0913144 -819.325 0 
2 825.729 0.320322 0.0224518 0.669529 -0.756108 -0.583327 -4.12686 -1.52634 -820.076 0 
2 827.046 0.32574 0.022289 0.664717 -0.760835 -0.581029 -3.67274 -3.07754 -820.295 0 
1 824.503 0.32101 0.0222794 0.672058 -0.800625 -0.562319 -3.95292 -1.35517 -819.195 0 
10 824.768 0.313135 0.0222854 0.675493 -0.789216 -0.547765 -4.78002 -0.7584 -819.229 0 
1 825.404 0.312496 0.0222853 0.676314 -0.802747 -0.5245 -4.65959 -1.56861 -819.176 0 
1 825.103 0.308523 0.0222629 0.680996 -0.816742 -0.523278 -5.29283 -0.484594 -819.325 0 
1 825.438 0.31051 0.0223057 0.677587 -0.805098 -0.504356 -4.965 -1.28291 -819.191 0 
2 825.017 0.312079 0.022199 0.676317 -0.813944 -0.489622 -4.53935 -1.29715 -819.18 0 
4 825.531 0.311172 0.022214 0.676847 -0.807713 -0.505335 -4.8004 -1.54583 -819.185 0 
3 826.011 0.314657 0.0221265 0.674334 -0.817383 -0.500879 -4.22786 -2.62483 -819.158 0 
1 825.768 0.317587 0.0221339 0.675088 -0.841281 -0.488226 -4.24831 -2.29244 -819.227 0 
2 826.397 0.324927 0.0221119 0.667493 -0.828159 -0.482534 -4.46267 -2.77452 -819.16 0 
5 823.352 0.316308 0.0223284 0.674691 -0.821597 -0.471615 -4.02247 -0.175084 -819.154 0 
3 825.927 0.325909 0.0221488 0.66448 -0.79794 -0.486987 -3.92815 -2.31512 -819.684 0 
1 826.627 0.328206 0.0220874 0.663404 -0.80099 -0.50769 -4.2073 -2.79489 -819.625 0 
1 826.029 0.324774 0.0220909 0.664575 -0.779162 -0.530629 -3.72727 -2.38611 -819.916 0 
4 826.481 0.324872 0.0220505 0.664429 -0.779775 -0.533101 -3.72837 -2.8644 -819.888 0 
6 826.65 0.328597 0.02203 0.662938 -0.793231 -0.532808 -4.1069 -2.82267 -819.72 0 
1 824.522 0.326474 0.022167 0.665671 -0.796851 -0.521907 -3.95306 -0.998624 -819.571 0 
2 824.804 0.321727 0.0221012 0.668997 -0.81135 -0.501734 -3.91826 -1.66214 -819.223 0 
4 825.617 0.322701 0.0220629 0.669247 -0.814063 -0.520029 -4.02129 -2.42274 -819.173 0 
4 825.22 0.317624 0.0222793 0.672548 -0.796123 -0.544572 -4.07829 -1.91738 -819.224 0 
8 825.091 0.32122 0.0223093 0.672461 -0.819953 -0.533016 -4.17901 -1.80254 -819.11 0 
3 824.289 0.318094 0.0223588 0.674263 -0.80462 -0.553729 -4.09539 -1.04689 -819.147 0 
1 824.658 0.322214 0.0223095 0.671504 -0.805152 -0.555912 -3.99604 -1.48219 -819.18 0 
2 825.37 0.323383 0.0224413 0.669632 -0.779384 -0.566736 -3.75441 -1.97393 -819.641 0 
3 825.167 0.322815 0.0224423 0.669501 -0.7733 -0.564403 -3.76886 -1.6096 -819.789 0 
1 826.124 0.315591 0.0223732 0.675734 -0.797944 -0.528414 -4.27583 -2.64 -819.208 0 
2 823.633 0.322 0.0223451 0.66923 -0.798491 -0.490716 -3.79783 -0.364637 -819.471 0 
1 824.517 0.31869 0.0223102 0.673194 -0.820322 -0.469445 -3.91372 -1.43724 -819.166 0 
12 823.598 0.317375 0.0223926 0.672518 -0.794717 -0.488884 -4.06434 -0.150709 -819.383 0 
8 823.697 0.319551 0.022401 0.670686 -0.790155 -0.491335 -3.91516 -0.237082 -819.545 0 
2 824.192 0.317297 0.0223155 0.671457 -0.790375 -0.479334 -4.1509 -0.544502 -819.497 0 
3 823.589 0.317712 0.0222273 0.672269 -0.820145 -0.4504 -3.92193 -0.48094 -819.186 0 
1 824.007 0.317663 0.0222486 0.673412 -0.834656 -0.450542 -4.03387 -0.81575 -819.158 0 
1 824.603 0.316342 0.0223926 0.676493 -0.848734 -0.425108 -4.10531 -1.2459 -819.251 0 
3 825.491 0.320913 0.0221897 0.672902 -0.866876 -0.411279 -4.793 -1.39965 -819.299 0 
1 827.172 0.311585 0.0220813 0.680057 -0.892932 -0.38524 -4.74475 -1.98697 -820.44 0 
4 827.027 0.311177 0.0221487 0.681637 -0.907639 -0.361313 -4.95512 -1.14892 -820.923 0 
1 825.906 0.308036 0.0222052 0.683327 -0.893475 -0.36616 -4.65246 -0.556465 -820.697 0 
5 824.977 0.308364 0.0222845 0.681647 -0.873213 -0.372601 -4.46927 -0.525768 -819.982 0 
1 824.97 0.305662 0.0223237 0.683245 -0.864099 -0.367696 -4.80091 -0.276989 -819.892 0 
1 824.448 0.309544 0.0223882 0.680582 -0.854814 -0.377074 -4.36442 -0.596452 -819.487 0 
2 824.308 0.310964 0.0223493 0.679088 -0.845887 -0.398006 -4.2917 -0.675125 -819.342 0 
5 824.562 0.31562 0.0224895 0.672622 -0.782373 -0.471935 -4.55374 -0.37084 -819.638 0 
1 826.679 0.316419 0.0222542 0.67462 -0.825787 -0.449171 -3.98211 -3.5353 -819.161 0 
1 825.279 0.321784 0.0221539 0.668918 -0.815777 -0.451408 -3.88128 -2.09447 -819.303 0 
1 825.202 0.322096 0.022381 0.666157 -0.753731 -0.515577 -4.20577 -0.203286 -820.793 0 
1 827.354 0.319079 0.0224066 0.668569 -0.749373 -0.521966 -4.79401 -1.88197 -820.678 0 
1 827.377 0.323563 0.0225313 0.663987 -0.739498 -0.502861 -4.47316 -1.1111 -821.792 0 
1 827.457 0.317183 0.0225737 0.670102 -0.750557 -0.496198 -5.25577 -1.52782 -820.674 0 
8 826.303 0.318161 0.0224594 0.671128 -0.778018 -0.48068 -4.30788 -2.15481 -819.841 0 
2 826.165 0.318213 0.0224322 0.672877 -0.796612 -0.484447 -3.99265 -2.78013 -819.392 0 
2 825.914 0.317732 0.0224838 0.67222 -0.771292 -0.525115 -4.376 -1.76181 -819.776 0 
1 825.222 0.316957 0.0225324 0.672231 -0.770126 -0.514679 -4.52111 -0.878273 -819.822 0 
2 825.192 0.313442 0.0224821 0.675465 -0.804618 -0.462952 -4.41323 -1.5439 -819.235 0 
1 823.8 0.313181 0.0224053 0.676866 -0.819526 -0.464715 -4.29287 -0.332224 -819.175 0 
1 823.769 0.312502 0.0223908 0.677844 -0.81547 -0.491681 -4.47138 -0.119429 -819.178 0 
3 824.009 0.317494 0.0223444 0.675054 -0.83114 -0.47872 -4.07278 -0.782646 -819.153 0 
2 825.399 0.31744 0.0223276 0.676525 -0.85607 -0.456567 -4.43976 -1.59801 -819.362 0 
1 826.085 0.316024 0.0221689 0.677122 -0.873696 -0.435879 -4.75064 -1.60289 -819.732 0 
3 826.56 0.312114 0.0221852 0.681456 -0.883893 -0.445764 -4.97849 -1.15836 -820.423 0 
5 827.323 0.30739 0.0222242 0.685768 -0.899046 -0.415373 -5.18534 -0.730641 -821.407 0 
4 828.189 0.309317 0.0222383 0.68333 -0.895559 -0.404722 -4.99699 -2.27242 -820.919 0 
3 827.786 0.311894 0.0222482 0.681326 -0.887796 -0.422086 -4.93493 -2.40727 -820.444 0 
1 828.449 0.308426 0.0222076 0.686085 -0.907663 -0.421745 -5.42372 -1.25696 -821.768 0 
2 828.568 0.313744 0.0223443 0.681133 -0.895708 -0.405434 -5.0983 -3.01263 -820.457 0 
1 827.041 0.313964 0.0223003 0.680107 -0.885408 -0.418007 -4.8691 -2.02696 -820.145 0 
6 825.534 0.315883 0.022342 0.67808 -0.865621 -0.434239 -4.47196 -1.51364 -819.548 0 
1 826.241 0.319634 0.0222783 0.671311 -0.823198 -0.469947 -3.98105 -3.10296 -819.157 0 
6 825.196 0.316421 0.022164 0.676554 -0.863344 -0.443193 -4.47847 -1.21604 -819.501 0 
1 824.495 0.317265 0.0221577 0.674234 -0.849119 -0.441017 -4.20828 -1.03698 -819.25 0 
1 824.631 0.310456 0.0222157 0.680084 -0.853925 -0.436071 -4.46175 -0.558934 -819.61 0 
1 825.1 0.311995 0.0225021 0.679324 -0.836167 -0.442549 -4.30754 -1.5192 -819.273 0 
4 824.792 0.30891 0.0225116 0.680842 -0.830788 -0.421545 -4.76561 -0.749137 -819.277 0 
4 825.369 0.309464 0.022529 0.680032 -0.845256 -0.378415 -4.42466 -1.59598 -819.348 0 
1 825.259 0.312529 0.0224444 0.680034 -0.878239 -0.352774 -4.25911 -1.25238 -819.748 0 
4 824.463 0.317302 0.0223845 0.674827 -0.855452 -0.369162 -4.08346 -1.14299 -819.237 0 
1 824.896 0.315018 0.0225171 0.676601 -0.841494 -0.397859 -4.0136 -1.67614 -819.206 0 
7 825.246 0.322062 0.0224282 0.669523 -0.809287 -0.430106 -3.88347 -1.86133 -819.501 0 
1 824.456 0.320904 0.0224565 0.668821 -0.797558 -0.437344 -3.89058 -0.884632 -819.681 0 
1 823.852 0.313211 0.0224201 0.677303 -0.834389 -0.415284 -4.14902 -0.497401 -819.206 0 
5 825.269 0.319406 0.0221078 0.672866 -0.861657 -0.411207 -4.47201 -1.51401 -819.283 0 
1 826.557 0.321946 0.0221334 0.671998 -0.864272 -0.415403 -4.82142 -2.49078 -819.245 0 
1 826.881 0.323539 0.022174 0.668463 -0.846275 -0.415411 -4.59872 -3.12352 -819.159 0 
6 825.56 0.316836 0.022079 0.673689 -0.853586 -0.419719 -4.19525 -2.08429 -819.281 0 
1 824.612 0.315263 0.0222561 0.672959 -0.802793 -0.479935 -4.1949 -1.17109 -819.246 0 
3 824.691 0.311326 0.0222659 0.677463 -0.796265 -0.540722 -5.03864 -0.462089 -819.191 0 
3 824.828 0.311536 0.0222015 0.677852 -0.814875 -0.513143 -4.6887 -0.933899 -819.206 0 
1 824.355 0.317703 0.0222379 0.671569 -0.795583 -0.517147 -4.01926 -1.03986 -819.295 0 
1 824.691 0.318031 0.0221097 0.672431 -0.819617 -0.499804 -4.01549 -1.53816 -819.137 0 
7 824.422 0.317737 0.0221857 0.67145 -0.803746 -0.498011 -3.96947 -1.21251 -819.24 0 
1 824.066 0.317645 0.0221848 0.67191 -0.805716 -0.499402 -3.97576 -0.874608 -819.215 0 
1 826.601 0.317478 0.0220098 0.672443 -0.830607 -0.474788 -4.05241 -3.39769 -819.151 0 
1 824.617 0.31349 0.0222259 0.67478 -0.800629 -0.504 -4.49733 -0.915642 -819.204 0 
3 823.956 0.313087 0.0223349 0.675646 -0.79663 -0.505978 -4.63509 -0.0926639 -819.228 0 
1 824.144 0.315339 0.0223663 0.67343 -0.780569 -0.533757 -4.51913 -0.201095 -819.424 0 
2 823.763 0.318849 0.0222048 0.672 -0.814451 -0.499786 -3.95157 -0.651279 -819.16 0 
6 824.94 0.323505 0.0224195 0.66886 -0.78653 -0.53676 -3.75984 -1.57259 -819.608 0 
1 825.083 0.323394 0.0222397 0.670936 -0.816622 -0.547644 -4.24611 -1.72078 -819.116 0 
1 825.063 0.32485 0.0223019 0.667722 -0.793053 -0.546191 -3.87341 -1.71263 -819.477 0 
1 825.615 0.325304 0.0221517 0.668781 -0.814507 -0.540792 -4.28298 -2.16216 -819.17 0 
5 823.939 0.321106 0.0223564 0.670955 -0.797008 -0.532303 -3.84761 -0.771068 -819.32 0 
5 824.159 0.312588 0.0223842 0.67873 -0.829754 -0.485095 -4.38963 -0.511996 -819.257 0 
2 824.486 0.313636 0.0222694 0.676804 -0.835166 -0.465573 -4.23972 -0.996964 -819.25 0 
2 824.784 0.316296 0.022203 0.674056 -0.833013 -0.461648 -4.07683 -1.53471 -819.172 0 
2 825.205 0.315799 0.0220921 0.674803 -0.845026 -0.449532 -4.16004 -1.78215 -819.263 0 
2 824.797 0.316097 0.0224781 0.67357 -0.803041 -0.465349 -4.10043 -1.40395 -819.293 0 
1 826.156 0.31483 0.0224398 0.676859 -0.843088 -0.434251 -4.12484 -2.78169 -819.249 0 
2 825.886 0.312277 0.0224499 0.679262 -0.841913 -0.451812 -4.32606 -2.20966 -819.35 0 
1 824.822 0.316619 0.0223604 0.674302 -0.812699 -0.503918 -4.06717 -1.60074 -819.154 0 
2 824.541 0.309044 0.022374 0.68172 -0.826518 -0.500785 -4.99138 -0.169803 -819.38 0 
7 824.043 0.312456 0.0223602 0.676282 -0.80144 -0.495983 -4.65248 -0.188367 -819.202 0 
4 825.643 0.310535 0.0224045 0.6799 -0.822495 -0.504849 -4.76568 -1.59498 -819.282 0 
4 824.784 0.307837 0.0224134 0.681944 -0.818278 -0.503219 -5.34974 -0.109179 -819.325 0 
3 825.472 0.311172 0.0223033 0.681283 -0.850104 -0.471141 -4.53666 -1.32303 -819.613 0 
3 823.874 0.31358 0.0223992 0.677311 -0.82061 -0.485062 -4.28706 -0.411087 -819.175 0 
1 824.041 0.312495 0.0223154 0.678508 -0.838628 -0.465998 -4.34543 -0.367436 -819.328 0 
7 824.078 0.310094 0.0223896 0.680436 -0.834217 -0.461644 -4.61398 -0.113801 -819.351 0 
2 825.95 0.304951 0.0223953 0.684609 -0.828452 -0.500435 -5.88317 -0.443061 -819.624 0 
6 825.199 0.306941 0.0223202 0.681982 -0.822577 -0.495718 -5.462 -0.338528 -819.399 0 
3 826.588 0.309074 0.0223865 0.677987 -0.789917 -0.514442 -5.6745 -1.67632 -819.238 0 
2 824.108 0.319922 0.0223451 0.672345 -0.799447 -0.534334 -3.89715 -0.960487 -819.25 0 
1 824.065 0.320858 0.0224045 0.670706 -0.795498 -0.511341 -3.82067 -0.836516 -819.408 0 
6 824.228 0.314069 0.0222701 0.678032 -0.83586 -0.493526 -4.31574 -0.621342 -819.291 0 
1 824.123 0.311346 0.0223851 0.679255 -0.813322 -0.520867 -4.75657 -0.157465 -819.209 0 
1 824.597 0.309853 0.0224102 0.680049 -0.800188 -0.542841 -5.30888 -0.084478 -819.203 0 
3 825.254 0.31219 0.022281 0.678264 -0.826912 -0.507034 -4.53336 -1.44196 -819.278 0 
17 829.051 0.317679 0.0221849 0.671804 -0.811392 -0.511478 -4.03658 -5.85901 -819.155 0 
1 825.695 0.312666 0.0221156 0.677377 -0.825831 -0.525166 -4.55976 -1.85056 -819.285 0 
1 827.019 0.31323 0.0220232 0.677408 -0.826027 -0.5524 -4.64573 -3.04705 -819.326 0 
2 825.435 0.311564 0.0222454 0.677505 -0.778212 -0.605943 -5.4824 -0.715824 -819.237 0 
1 826.224 0.318334 0.0221724 0.672112 -0.763894 -0.637199 -4.38384 -2.33835 -819.501 0 
3 827.94 0.321585 0.0222788 0.671954 -0.769434 -0.654634 -4.02111 -4.48181 -819.437 0 
1 824.746 0.317996 0.0222231 0.674859 -0.789885 -0.639256 -4.40028 -1.19775 -819.148 0 
1 825.515 0.315002 0.0222447 0.678961 -0.813417 -0.632951 -4.9081 -1.32369 -819.283 0 
3 825.17 0.317563 0.0222871 0.674764 -0.788826 -0.637618 -4.45989 -1.55466 -819.155 0 
1 825.284 0.317985 0.0224019 0.673968 -0.748802 -0.707363 -4.78594 -0.925962 -819.572 0 
1 825.712 0.320857 0.0224047 0.670465 -0.738156 -0.694914 -4.35047 -1.29322 -820.068 0 
1 826.373 0.32154 0.0224778 0.670591 -0.730798 -0.705276 -4.35896 -1.69887 -820.315 0 
2 824.587 0.319932 0.0223577 0.671326 -0.748734 -0.663534 -4.3348 -0.406126 -819.846 0 
10 824.057 0.319638 0.0222354 0.671216 -0.768452 -0.622313 -4.12986 -0.422726 -819.504 0 
5 824.784 0.321897 0.0221604 0.669067 -0.763771 -0.631631 -3.93114 -1.17881 -819.674 0 
2 825.532 0.321352 0.0221138 0.670382 -0.78156 -0.613825 -3.9602 -2.23615 -819.336 0 
3 828.164 0.318157 0.0220817 0.673073 -0.789898 -0.599189 -4.18181 -4.78671 -819.196 0 
3 825.18 0.31997 0.0221242 0.670092 -0.772156 -0.604644 -4.03854 -1.6387 -819.503 0 
2 824.322 0.32288 0.0221987 0.667915 -0.76147 -0.623756 -3.84016 -0.653611 -819.828 0 
1 825.228 0.326557 0.0221739 0.664213 -0.744125 -0.633391 -3.65626 -0.912496 -820.659 0 
6 825.998 0.329104 0.022226 0.661673 -0.739927 -0.622692 -3.59272 -1.22734 -821.178 0 
4 827.268 0.334326 0.0220743 0.660121 -0.77384 -0.604694 -4.48432 -2.48665 -820.297 0 
3 826.431 0.332492 0.0220919 0.661149 -0.774107 -0.594046 -4.20497 -2.00716 -820.219 0 
3 826.038 0.328045 0.0221269 0.66623 -0.798314 -0.574878 -4.25548 -2.39662 -819.386 0 
3 827.711 0.331183 0.0221115 0.663119 -0.806058 -0.54622 -4.91548 -3.32018 -819.476 0 
2 827.379 0.331888 0.0221084 0.662525 -0.803777 -0.545068 -4.9349 -2.877 -819.567 0 
5 827.898 0.330494 0.0221507 0.664939 -0.823023 -0.526349 -5.35429 -3.31717 -819.226 0 
4 828.263 0.331499 0.0221068 0.664712 -0.82814 -0.520581 -5.68917 -3.3696 -819.205 0 
1 825.293 0.328095 0.0221911 0.665921 -0.799878 -0.55353 -4.24613 -1.60673 -819.44 0 
1 825.008 0.328679 0.022202 0.664445 -0.775507 -0.593241 -3.87791 -1.21974 -819.91 0 
4 824.709 0.322734 0.0221065 0.669079 -0.808508 -0.527454 -3.96234 -1.53106 -819.216 0 
2 824.274 0.324663 0.0223548 0.66707 -0.772255 -0.558141 -3.70473 -0.603618 -819.966 0 
3 824.837 0.323122 0.0223602 0.669834 -0.784953 -0.564436 -3.78153 -1.54918 -819.507 0 
2 824.197 0.322317 0.0223743 0.67003 -0.793956 -0.526422 -3.79401 -0.967743 -819.435 0 
1 824.753 0.316247 0.0223941 0.676166 -0.817141 -0.503877 -4.09147 -1.51651 -819.145 0 
1 824.686 0.313711 0.022473 0.674947 -0.781922 -0.515332 -4.81118 -0.465655 -819.41 0 
3 825.002 0.316156 0.0224706 0.67622 -0.802777 -0.537478 -4.19153 -1.6446 -819.166 0 
6 824.452 0.31941 0.0222975 0.672081 -0.810641 -0.514462 -3.95776 -1.32556 -819.169 0 
3 826.192 0.320971 0.0223182 0.669369 -0.792239 -0.522555 -3.82641 -2.9322 -819.433 0 
3 824.957 0.320402 0.0222826 0.669395 -0.787576 -0.527001 -3.85221 -1.61555 -819.489 0 
2 824.257 0.32559 0.0222823 0.666268 -0.781228 -0.547436 -3.74936 -0.70025 -819.807 0 
1 824.81 0.324757 0.022108 0.667033 -0.81038 -0.500707 -4.03058 -1.46098 -819.318 0 
1 823.688 0.317933 0.0222547 0.671462 -0.800166 -0.493349 -3.96305 -0.42414 -819.301 0 
1 823.877 0.317284 0.0222473 0.674915 -0.824189 -0.511258 -4.12181 -0.611855 -819.143 0 
1 826.556 0.316176 0.0221721 0.677815 -0.856802 -0.488724 -4.5756 -2.45367 -819.527 0 
1 829.351 0.315929 0.0221326 0.678054 -0.865617 -0.458948 -4.54864 -5.17195 -819.63 0 
1 826.526 0.312414 0.0221014 0.679085 -0.858276 -0.455106 -4.44929 -2.4138 -819.663 0 
9 825.514 0.310715 0.0222392 0.676537 -0.817596 -0.448029 -4.65134 -1.66711 -819.195 0 
4 823.873 0.319237 0.0222395 0.669621 -0.798846 -0.468646 -3.89175 -0.538341 -819.443 0 
1 823.652 0.316106 0.0222702 0.673661 -0.819501 -0.446401 -4.00326 -0.466366 -819.183 0 
1 826.438 0.318395 0.0222158 0.673304 -0.81966 -0.482277 -3.93465 -3.35186 -819.152 0 
4 825.739 0.329194 0.0220959 0.661936 -0.783704 -0.514078 -3.97029 -1.59938 -820.17 0 
2 825.2 0.319658 0.0220829 0.670195 -0.808428 -0.500168 -3.88616 -2.09437 -819.219 0 
8 824.42 0.319414 0.0221472 0.67031 -0.806778 -0.495187 -3.88137 -1.29373 -819.244 0 
1 825.102 0.31694 0.0221055 0.67479 -0.850913 -0.451528 -4.26651 -1.53814 -819.298 0 
1 823.967 0.315935 0.0221859 0.674431 -0.823745 -0.483291 -4.08254 -0.73083 -819.154 0 
1 823.973 0.320995 0.0222093 0.671041 -0.823835 -0.486645 -4.04005 -0.791549 -819.141 0 
1 825.641 0.319487 0.0221569 0.673479 -0.854352 -0.459994 -4.56836 -1.80453 -819.268 0 
3 825.044 0.312476 0.0223315 0.680537 -0.845726 -0.505061 -4.62125 -0.857769 -819.565 0 
3 826.272 0.315935 0.0222653 0.67563 -0.837437 -0.485552 -4.25883 -2.77962 -819.234 0 
1 828.04 0.317206 0.0223634 0.673583 -0.82142 -0.480752 -4.02636 -4.86694 -819.147 0 
1 827.072 0.314256 0.0223013 0.676822 -0.840341 -0.471014 -4.28667 -3.48922 -819.296 0 
1 825.263 0.319735 0.0221614 0.673365 -0.844614 -0.489269 -4.47535 -1.58752 -819.2 0 
1 823.989 0.31891 0.0222324 0.673579 -0.825814 -0.509997 -4.12378 -0.737576 -819.127 0 
2 823.949 0.317953 0.0221812 0.673385 -0.81321 -0.530902 -4.0723 -0.744803 -819.132 0 
1 824.006 0.3137 0.0223396 0.676458 -0.797016 -0.551169 -4.5917 -0.236154 -819.178 0 
2 825.557 0.321861 0.0223316 0.668945 -0.771807 -0.585013 -3.84304 -2.03628 -819.677 0 
1 825.918 0.320842 0.022485 0.672419 -0.787654 -0.563129 -3.87415 -2.67134 -819.373 0 
1 826.169 0.308463 0.0224139 0.683665 -0.820459 -0.552339 -5.40149 -1.30667 -819.461 0 
2 825.259 0.307374 0.0223976 0.682124 -0.802183 -0.552086 -5.93437 -0.0482308 -819.277 0 
3 826.283 0.306259 0.0222544 0.685689 -0.874378 -0.454007 -5.19984 -0.369245 -820.714 0 
4 826.689 0.310734 0.0224119 0.681402 -0.854818 -0.457153 -4.57918 -2.4147 -819.695 0 
3 826.347 0.31798 0.0222952 0.676965 -0.862011 -0.473718 -4.74977 -2.11168 -819.486 0 
3 827.245 0.316452 0.0222556 0.67898 -0.874958 -0.465736 -4.98067 -2.40204 -819.862 0 
2 826.054 0.315806 0.0222836 0.678536 -0.846103 -0.512231 -4.49796 -2.14076 -819.415 0 
4 826.09 0.315861 0.0222312 0.678681 -0.865303 -0.483696 -4.81094 -1.55558 -819.724 0 
2 825.505 0.318442 0.0222531 0.675987 -0.844135 -0.519707 -4.58213 -1.63567 -819.287 0 
1 826.004 0.315877 0.0221523 0.677991 -0.851296 -0.518419 -4.68052 -1.79311 -819.531 0 
6 824.024 0.316025 0.0222445 0.675027 -0.79989 -0.558899 -4.27594 -0.588008 -819.16 0 
3 824.319 0.313702 0.02231 0.676184 -0.80068 -0.542718 -4.53423 -0.615063 -819.169 0 
18 824.39 0.314741 0.022329 0.67626 -0.819597 -0.507485 -4.24669 -0.978941 -819.164 0 
4 824.004 0.316787 0.0224109 0.673273 -0.780512 -0.54875 -4.29352 -0.289242 -819.421 0 
1 824.4 0.321281 0.0223754 0.671365 -0.784951 -0.575856 -3.87212 -1.13348 -819.394 0 
2 825.265 0.322993 0.0223573 0.668834 -0.774768 -0.587388 -3.79266 -1.82791 -819.644 0 
2 824.945 0.323235 0.0222969 0.668681 -0.774593 -0.603298 -3.82096 -1.5356 -819.588 0 
3 825.699 0.315325 0.0223693 0.674379 -0.77687 -0.59001 -4.61698 -1.75793 -819.325 0 
4 825.446 0.314147 0.0222125 0.674688 -0.767376 -0.630157 -5.10427 -0.996589 -819.345 0 
9 824.663 0.325453 0.0221872 0.666282 -0.750154 -0.665559 -3.75106 -0.797084 -820.115 0 
3 826.998 0.328776 0.0223463 0.662078 -0.700789 -0.721265 -3.76092 -0.855925 -822.381 0 
8 827.234 0.326242 0.0224546 0.6641 -0.704178 -0.690385 -4.09758 -0.925813 -822.21 0 
1 826.566 0.324737 0.0223956 0.668841 -0.75622 -0.645125 -3.75211 -2.8296 -819.984 0 
3 826.069 0.320425 0.022451 0.671437 -0.7542 -0.625679 -4.16753 -1.99853 -819.902 0 
1 827.611 0.318318 0.0225211 0.672625 -0.736941 -0.651532 -4.90143 -2.49923 -820.21 0 
2 826.416 0.314071 0.0224705 0.677242 -0.772191 -0.607224 -5.02472 -2.06464 -819.326 0 
1 827.955 0.315966 0.0225145 0.675641 -0.758311 -0.626493 -4.9201 -3.456 -819.578 0 
7 828.145 0.315126 0.0225047 0.672687 -0.709927 -0.68373 -6.76082 -0.504696 -820.879 0 
1 828.539 0.316317 0.0224855 0.671426 -0.70124 -0.698688 -6.73032 -0.522005 -821.286 0 
2 827.421 0.316868 0.0222977 0.673218 -0.73887 -0.682939 -5.19636 -2.33577 -819.889 0 
3 825.94 0.324252 0.0222794 0.666047 -0.724553 -0.67101 -4.05105 -0.829417 -821.06 0 
1 826.014 0.324099 0.022248 0.665514 -0.717331 -0.685621 -4.17991 -0.550761 -821.283 0 
10 826.012 0.323125 0.022337 0.665891 -0.716497 -0.671869 -4.35857 -0.296222 -821.357 0 
2 825.986 0.318762 0.0223547 0.669721 -0.724624 -0.657204 -5.12216 -0.163277 -820.701 0 
6 825.822 0.323753 0.0223945 0.66631 -0.720418 -0.659654 -4.2193 -0.280103 -821.323 0 
3 826.119 0.32892 0.022265 0.662861 -0.737695 -0.659619 -3.5903 -1.58078 -820.948 0 
1 827.007 0.330939 0.0221227 0.660957 -0.738416 -0.676148 -3.63236 -2.41368 -820.961 0 
3 825.53 0.325398 0.0220873 0.666454 -0.761601 -0.667965 -3.85944 -1.93506 -819.735 0 
1 825.759 0.32589 0.0223028 0.66719 -0.758644 -0.664479 -3.80843 -2.08319 -819.867 0 
1 825.791 0.319708 0.0224368 0.670504 -0.729921 -0.682262 -4.69787 -0.720016 -820.373 0 
1 825.261 0.316968 0.0224198 0.673245 -0.740395 -0.671721 -5.08761 -0.270052 -819.903 0 
7 825.751 0.318563 0.0223754 0.671175 -0.722083 -0.706345 -5.18359 -0.121213 -820.446 0 
4 826.446 0.31431 0.0224387 0.674946 -0.729527 -0.692803 -6.17974 -0.266651 -820 0 
1 826.299 0.315756 0.0224219 0.672668 -0.726048 -0.669185 -5.86583 -0.092248 -820.341 0 
1 824.565 0.3213 0.0223332 0.66954 -0.743546 -0.657166 -4.18104 -0.254441 -820.129 0 
3 824.453 0.31776 0.0223394 0.673722 -0.765242 -0.642709 -4.47061 -0.545491 -819.437 0 
11 823.973 0.319295 0.0222975 0.672623 -0.775049 -0.629016 -4.17307 -0.455078 -819.345 0 
2 824.583 0.315347 0.0223989 0.675459 -0.765633 -0.636688 -4.89467 -0.305784 -819.382 0 
1 824.779 0.321232 0.0223244 0.671256 -0.771505 -0.619349 -3.95308 -1.31697 -819.509 0 
3 825.018 0.321962 0.0222266 0.669086 -0.772818 -0.61278 -3.89993 -1.58311 -819.535 0 
2 824.699 0.324973 0.0222512 0.667493 -0.783323 -0.58294 -3.83429 -1.31831 -819.546 0 
5 824.028 0.319242 0.0222905 0.670925 -0.763693 -0.610592 -4.19265 -0.187075 -819.648 0 
3 824.333 0.318571 0.0222922 0.671011 -0.759684 -0.612718 -4.34107 -0.279905 -819.712 0 
4 824.113 0.318427 0.0223162 0.671357 -0.76407 -0.599682 -4.29523 -0.167726 -819.65 0 
1 825.03 0.313868 0.0223543 0.67663 -0.776266 -0.602862 -4.97845 -0.771639 -819.279 0 
1 824.328 0.316014 0.0223265 0.673644 -0.76736 -0.596075 -4.6758 -0.159001 -819.493 0 
3 824.604 0.320416 0.0223577 0.668643 -0.748585 -0.589697 -4.26408 -0.0241113 -820.316 0 
5 825.399 0.318786 0.0224353 0.670392 -0.741959 -0.603711 -4.7132 -0.32438 -820.362 0 
1 826.385 0.315719 0.0224747 0.671971 -0.734865 -0.606721 -5.67397 -0.307225 -820.404 0 
6 825.006 0.318603 0.0223345 0.670578 -0.75334 -0.590632 -4.49026 -0.496622 -820.019 0 
1 824.64 0.320838 0.0222739 0.671011 -0.791885 -0.545364 -3.84945 -1.43451 -819.356 0 
1 824.403 0.325161 0.0223459 0.666698 -0.771822 -0.554704 -3.69738 -0.672179 -820.033 0 
3 824.219 0.317308 0.0223363 0.673915 -0.799438 -0.523409 -4.0569 -0.936156 -819.226 0 
3 825.293 0.320123 0.022521 0.67006 -0.765408 -0.536153 -4.09773 -1.16034 -820.034 0 
1 825.031 0.31559 0.0225329 0.674541 -0.784115 -0.513993 -4.44159 -1.1575 -819.432 0 
3 824.749 0.321404 0.0222478 0.66706 -0.792068 -0.461733 -3.84438 -1.17869 -819.726 0 
1 826.283 0.325912 0.0221356 0.666324 -0.812132 -0.470981 -4.08194 -2.76497 -819.437 0 
4 826.684 0.328236 0.0222001 0.663409 -0.791678 -0.470293 -4.0264 -2.54159 -820.116 0 
9 824.303 0.323256 0.0224188 0.667577 -0.789021 -0.469142 -3.82291 -0.602643 -819.878 0 
3 824.249 0.321867 0.0224446 0.668209 -0.783877 -0.472249 -3.87996 -0.437917 -819.931 0 
1 824.208 0.321051 0.0224452 0.668404 -0.787383 -0.456693 -3.92141 -0.421263 -819.865 0 
2 825.971 0.315344 0.0221422 0.676384 -0.862308 -0.407863 -4.22298 -2.31124 -819.437 0 
4 825.888 0.316851 0.0222608 0.676902 -0.863168 -0.429878 -4.38659 -2.06152 -819.44 0 
2 824.604 0.314739 0.0223835 0.674042 -0.811091 -0.45072 -4.16229 -1.22411 -819.218 0 
2 823.301 0.315855 0.0222973 0.674229 -0.830952 -0.427627 -3.99194 -0.137556 -819.171 0 
1 824.607 0.31352 0.0222178 0.677465 -0.855973 -0.406702 -4.15976 -1.03974 -819.408 0 
1 823.594 0.316855 0.0222912 0.67471 -0.847283 -0.412975 -4.06395 -0.314403 -819.216 0 
5 824.224 0.316608 0.0222718 0.675358 -0.850257 -0.414257 -4.08937 -0.888494 -819.246 0 
1 824.381 0.319022 0.0222009 0.673397 -0.856479 -0.412349 -4.31465 -0.824812 -819.241 0 
3 825.241 0.318963 0.0223459 0.671303 -0.830613 -0.41008 -3.94516 -2.09796 -819.198 0 
3 826.711 0.31398 0.0225222 0.674815 -0.820164 -0.405245 -4.15801 -3.33382 -819.219 0 
1 823.544 0.311957 0.0224148 0.676962 -0.833608 -0.387271 -4.26458 -0.066881 -819.212 0 
1 823.823 0.311938 0.022365 0.678976 -0.861175 -0.375193 -4.17292 -0.163274 -819.486 0 
2 823.401 0.317543 0.0223947 0.67295 -0.832756 -0.39452 -3.93894 -0.264582 -819.198 0 
1 824.821 0.321853 0.0223638 0.666986 -0.810627 -0.388255 -3.9895 -1.17949 -819.652 0 
1 823.501 0.318146 0.0224037 0.672338 -0.840941 -0.357191 -4.00226 -0.279119 -819.22 0 
3 823.473 0.318419 0.0224122 0.670715 -0.81499 -0.393719 -3.96832 -0.105147 -819.399 0 
3 823.486 0.314202 0.0223602 0.674775 -0.868449 -0.278015 -4.12886 -0.0140556 -819.343 0 
1 824.88 0.31573 0.02234 0.672493 -0.861996 -0.281536 -4.14745 -1.4525 -819.28 0 
2 825.024 0.321878 0.0223845 0.669417 -0.861595 -0.30023 -4.65024 -1.11127 -819.262 0 
1 825.083 0.321916 0.0223416 0.667869 -0.858428 -0.277367 -4.68223 -1.07891 -819.322 0 
5 824.822 0.322342 0.0223256 0.666724 -0.839443 -0.31112 -4.40336 -0.975789 -819.443 0 
2 824.584 0.324055 0.0222907 0.664866 -0.816947 -0.343929 -4.32694 -0.410216 -819.847 0 
2 824.726 0.321778 0.0222662 0.665861 -0.825919 -0.321549 -4.27489 -0.827352 -819.623 0 
1 827.506 0.318437 0.0223806 0.66683 -0.808242 -0.326956 -4.35822 -3.29483 -819.853 0 
1 825.746 0.314489 0.0223907 0.671193 -0.821953 -0.326348 -4.3282 -2.0213 -819.396 0 
5 824.441 0.315589 0.0222654 0.67138 -0.837741 -0.323293 -4.08765 -1.08696 -819.266 0 
1 823.652 0.315012 0.0222779 0.674835 -0.868129 -0.314387 -4.11465 -0.180949 -819.356 0 
4 823.67 0.313492 0.022376 0.675135 -0.861464 -0.297723 -4.08395 -0.275471 -819.311 0 
2 825.324 0.30993 0.0224511 0.675525 -0.83519 -0.301904 -4.64891 -1.41229 -819.263 0 
3 826.463 0.302509 0.0223788 0.683885 -0.88483 -0.254445 -4.84469 -1.41415 -820.204 0 
5 825.982 0.308195 0.0224342 0.677961 -0.858502 -0.277763 -4.44203 -2.15388 -819.386 0 
8 824.436 0.308269 0.0224997 0.678955 -0.855182 -0.289082 -4.50117 -0.573726 -819.362 0 
1 825.115 0.308207 0.0224107 0.678714 -0.850397 -0.301333 -4.60634 -1.17877 -819.329 0 
3 825.796 0.313048 0.0223415 0.672412 -0.834377 -0.30522 -4.31062 -2.19607 -819.289 0 
3 827.078 0.311152 0.0221399 0.675523 -0.869061 -0.276774 -4.15714 -3.49138 -819.43 0 
4 828.213 0.308147 0.0221316 0.680352 -0.920168 -0.225841 -4.44716 -2.90395 -820.862 0 
3 825.817 0.31475 0.022169 0.675748 -0.912473 -0.234676 -4.80464 -0.949037 -820.064 0 
6 826.54 0.309522 0.0221755 0.68052 -0.91802 -0.251753 -4.5304 -1.21061 -820.799 0 
5 826.985 0.314895 0.0220861 0.674853 -0.908813 -0.242782 -4.74988 -2.25315 -819.982 0 
5 825.844 0.317764 0.0221946 0.671207 -0.876533 -0.273802 -4.44742 -2.05522 -819.341 0 
2 826.497 0.325926 0.0221459 0.665267 -0.870368 -0.284924 -5.64855 -1.54764 -819.301 0 
1 826.086 0.329307 0.0222982 0.662976 -0.844603 -0.319561 -5.59718 -0.883221 -819.606 0 
1 826.916 0.323004 0.02218 0.668629 -0.863628 -0.309586 -4.78155 -2.8822 -819.252 0 
7 825.652 0.324383 0.0223047 0.662853 -0.794599 -0.37117 -4.27223 -0.957346 -820.422 0 
3 828.65 0.327557 0.0220836 0.659873 -0.814322 -0.336437 -4.74683 -3.69268 -820.211 0 
2 826.575 0.322252 0.0221086 0.666414 -0.848981 -0.296621 -4.51963 -2.69192 -819.363 0 
1 824.876 0.322092 0.0222739 0.66755 -0.850728 -0.283551 -4.57603 -0.921216 -819.379 0 
2 824.57 0.32307 0.0222379 0.665996 -0.843478 -0.294553 -4.58827 -0.513354 -819.469 0 
2 824.958 0.326866 0.0222657 0.664135 -0.841798 -0.319713 -5.0314 -0.379973 -819.547 0 
4 824.616 0.325843 0.022297 0.664848 -0.832064 -0.334042 -4.64884 -0.339258 -819.628 0 
3 825.116 0.317685 0.0224429 0.670172 -0.813887 -0.342889 -4.27361 -1.24839 -819.594 0 
3 824.972 0.312496 0.0224484 0.675015 -0.8353 -0.315267 -4.37402 -1.33776 -819.26 0 
2 823.597 0.316395 0.0224298 0.672102 -0.844055 -0.297487 -4.14675 -0.163925 -819.287 0 
2 825.734 0.321462 0.0224994 0.668443 -0.822529 -0.328353 -4.25516 -1.82896 -819.65 0 
7 826.891 0.321578 0.0223774 0.669303 -0.842409 -0.314673 -4.32138 -3.2036 -819.366 0 
3 825.576 0.325395 0.0222318 0.66556 -0.861604 -0.269733 -5.32115 -0.86138 -819.393 0 
1 827.853 0.322264 0.0224362 0.669689 -0.869222 -0.249139 -4.95838 -3.56651 -819.328 0 
1 827.908 0.321541 0.0226518 0.66796 -0.825359 -0.277883 -4.62221 -3.43419 -819.851 0 
2 827.401 0.323188 0.0226458 0.665152 -0.820111 -0.260319 -4.95266 -2.22041 -820.228 0 
1 827.897 0.325324 0.0225843 0.666118 -0.855011 -0.236724 -5.43067 -2.86211 -819.604 0 
5 828.219 0.322866 0.0226491 0.66807 -0.855136 -0.231079 -5.05454 -3.63653 -819.528 0 
6 827.087 0.319648 0.0226511 0.669506 -0.833656 -0.264728 -4.5402 -2.91849 -819.629 0 
1 827.593 0.318613 0.0227035 0.669019 -0.827237 -0.245375 -4.78416 -2.9892 -819.82 0 
1 827.39 0.320224 0.0226844 0.667706 -0.82335 -0.256939 -4.7704 -2.66933 -819.95 0 
3 827.634 0.318278 0.0226965 0.671537 -0.850759 -0.24789 -4.44021 -3.80707 -819.387 0 
1 828.384 0.319039 0.0227161 0.670916 -0.841895 -0.269756 -4.37928 -4.56058 -819.444 0 
3 824.853 0.314496 0.0225706 0.673561 -0.857623 -0.241979 -4.29178 -1.25502 -819.306 0 
2 824.906 0.31216 0.0225929 0.676234 -0.865987 -0.235851 -4.26727 -1.2989 -819.34 0 
1 824.919 0.315989 0.0225014 0.672749 -0.863397 -0.228389 -4.39598 -1.20035 -819.323 0 
5 824.76 0.312506 0.0225861 0.675341 -0.850598 -0.263177 -4.31763 -1.15802 -819.285 0 
2 824.087 0.315879 0.0224251 0.672723 -0.847877 -0.288237 -4.16876 -0.64112 -819.277 0 
1 824.602 0.317818 0.0224759 0.672723 -0.866045 -0.265248 -4.33334 -0.980807 -819.288 0 
4 825.476 0.321664 0.0223776 0.670806 -0.875633 -0.278983 -4.89942 -1.2885 -819.288 0 
9 825.188 0.313644 0.0224486 0.677907 -0.891791 -0.260056 -4.29281 -1.2036 -819.692 0 
1 825.222 0.318035 0.0223482 0.672444 -0.872039 -0.262438 -4.40288 -1.513 -819.306 0 
1 824.669 0.319295 0.0224688 0.670253 -0.845454 -0.281522 -4.32183 -0.976863 -819.37 0 
1 824.39 0.32081 0.0224487 0.668057 -0.851406 -0.242997 -4.68811 -0.236161 -819.465 0 
4 825.933 0.326317 0.0223022 0.665751 -0.869725 -0.256714 -5.76373 -0.790525 -819.378 0 
2 824.979 0.323138 0.0223718 0.666745 -0.852218 -0.256275 -4.88801 -0.606275 -819.484 0 
2 826.661 0.308968 0.0224874 0.678106 -0.867364 -0.225154 -4.48716 -2.77059 -819.403 0 
4 824.654 0.314442 0.022382 0.673658 -0.867683 -0.235336 -4.28336 -1.04562 -819.325 0 
6 824.641 0.31059 0.0225407 0.676346 -0.85531 -0.246898 -4.44053 -0.895118 -819.305 0 
5 824.888 0.309275 0.0224844 0.676974 -0.865916 -0.217816 -4.4883 -1.02204 -819.378 0 
2 827.058 0.307403 0.0224757 0.676128 -0.830762 -0.268809 -5.41646 -2.33278 -819.309 0 
2 827.309 0.313309 0.0222995 0.671648 -0.832523 -0.276402 -4.57731 -3.35144 -819.38 0 
1 828.451 0.314578 0.0223368 0.673533 -0.851584 -0.275127 -4.23528 -4.94021 -819.276 0 
3 824.587 0.3159 0.0223723 0.670385 -0.839905 -0.262606 -4.39142 -0.794365 -819.401 0 
3 824.669 0.310684 0.0223387 0.676036 -0.863701 -0.255712 -4.27364 -1.03938 -819.356 0 
2 824.876 0.316419 0.0224733 0.670724 -0.839532 -0.256675 -4.45365 -0.982996 -819.44 0 
3 825.738 0.315141 0.0223285 0.672133 -0.856437 -0.246455 -4.31776 -2.11345 -819.306 0 
4 824.709 0.31291 0.0225496 0.673629 -0.849889 -0.238963 -4.43362 -0.953951 -819.322 0 
3 824.83 0.317975 0.0225237 0.671341 -0.859758 -0.237579 -4.46583 -1.02623 -819.338 0 
4 825.778 0.314181 0.022459 0.672516 -0.862246 -0.228492 -4.30616 -2.15339 -819.318 0 
2 825.471 0.312429 0.0224929 0.674517 -0.853885 -0.26579 -4.22779 -1.9588 -819.284 0 
8 826.494 0.314465 0.0226333 0.671764 -0.829364 -0.266965 -4.56263 -2.4422 -819.49 0 
2 826.649 0.315951 0.022586 0.669135 -0.812642 -0.280183 -4.80708 -1.98576 -819.856 0 
3 827.576 0.315968 0.0223874 0.667303 -0.800828 -0.298325 -5.04156 -2.43647 -820.098 0 
1 827.687 0.314719 0.0226658 0.670231 -0.791617 -0.323228 -5.32499 -2.20769 -820.155 0 
1 826.613 0.312599 0.022636 0.674249 -0.813459 -0.324002 -4.87055 -2.26468 -819.478 0 
5 827.677 0.315717 0.0225261 0.670377 -0.804162 -0.317424 -4.88594 -2.9272 -819.864 0 
1 827.557 0.316269 0.0223785 0.672809 -0.850408 -0.283876 -4.19704 -4.08191 -819.278 0 
4 827.285 0.314668 0.0220981 0.67363 -0.888304 -0.241829 -4.33497 -3.41389 -819.537 0 
1 826.094 0.311725 0.0222166 0.674928 -0.858125 -0.283822 -4.19789 -2.58711 -819.309 0 
1 826.206 0.316032 0.0221412 0.672818 -0.878495 -0.264268 -4.29708 -2.51829 -819.391 0 
1 824.439 0.311749 0.0222583 0.676671 -0.884961 -0.25428 -4.17476 -0.638876 -819.626 0 
1 825.728 0.313612 0.0221678 0.673927 -0.885473 -0.232841 -4.26972 -1.94546 -819.513 0 
1 825.589 0.314128 0.0221748 0.673282 -0.880804 -0.237211 -4.26079 -1.88927 -819.439 0 
1 824.321 0.318787 0.022449 0.670482 -0.86234 -0.250382 -4.46421 -0.543932 -819.313 0 
8 824.672 0.313808 0.0224511 0.675582 -0.877472 -0.234459 -4.24837 -1.01774 -819.406 0 
2 824.993 0.312345 0.0224938 0.676383 -0.876713 -0.220941 -4.27001 -1.30385 -819.42 0 
4 824.482 0.317734 0.0223616 0.671973 -0.896264 -0.183959 -4.96217 -0.0373836 -819.482 0 
5 826.539 0.326061 0.0223386 0.665716 -0.887244 -0.201535 -6.4693 -0.665849 -819.404 0 
3 827.559 0.328488 0.0222938 0.664333 -0.888024 -0.208089 -7.13399 -1.00031 -819.425 0 
2 826.762 0.322025 0.0224923 0.670427 -0.881972 -0.233244 -5.23153 -2.19558 -819.335 0 
8 825.444 0.323323 0.02234 0.668046 -0.88504 -0.215256 -5.64767 -0.436631 -819.36 0 
1 825.777 0.318651 0.0225274 0.670682 -0.8496 -0.253059 -4.45076 -1.93352 -819.393 0 
1 825.933 0.317162 0.022515 0.673425 -0.873494 -0.234893 -4.43927 -2.16507 -819.328 0 
1 824.917 0.320142 0.0224231 0.67003 -0.86948 -0.231485 -4.75614 -0.826007 -819.335 0 
1 826.166 0.313988 0.0224657 0.67423 -0.843819 -0.286719 -4.27815 -2.60877 -819.279 0 
3 826.205 0.328037 0.0222899 0.661559 -0.851104 -0.237853 -5.95798 -0.435272 -819.812 0 
4 826.189 0.325361 0.0222934 0.665933 -0.85331 -0.283796 -5.08778 -1.6557 -819.445 0 
1 825.977 0.323446 0.0225052 0.664517 -0.795823 -0.33659 -4.57228 -0.837843 -820.567 0 
3 826.833 0.327874 0.0224879 0.662174 -0.783683 -0.389585 -4.45101 -1.33416 -821.048 0 
3 825.489 0.324799 0.022464 0.664886 -0.797477 -0.375826 -4.26152 -0.915144 -820.312 0 
4 825.628 0.320633 0.0224547 0.669161 -0.820763 -0.345325 -4.14352 -1.91386 -819.57 0 
1 825.455 0.311175 0.0224087 0.678197 -0.85229 -0.333929 -4.21346 -1.9296 -819.312 0 
1 824.468 0.308891 0.0224319 0.679113 -0.837911 -0.362206 -4.64528 -0.553022 -819.27 0 
3 823.976 0.310402 0.0224015 0.677206 -0.831685 -0.370458 -4.50374 -0.249613 -819.223 0 
5 823.642 0.315144 0.0223578 0.674501 -0.846763 -0.363787 -4.00503 -0.417223 -819.22 0 
4 823.641 0.31617 0.0223214 0.673043 -0.833697 -0.389497 -3.96458 -0.482001 -819.194 0 
2 823.834 0.323104 0.022377 0.667265 -0.809579 -0.409806 -3.96387 -0.236039 -819.634 0 
4 824.629 0.324686 0.0222272 0.664107 -0.794572 -0.422693 -3.98656 -0.561238 -820.082 0 
1 825.634 0.315666 0.0222807 0.670833 -0.800029 -0.403463 -4.39315 -1.70281 -819.538 0 
1 826.438 0.321289 0.0221542 0.667613 -0.810621 -0.411225 -3.92192 -2.9956 -819.521 0 
4 825.864 0.32041 0.022263 0.67013 -0.82469 -0.39841 -3.93779 -2.6228 -819.304 0 
2 824.518 0.315043 0.0223255 0.671741 -0.812994 -0.386886 -4.21402 -0.953008 -819.351 0 
1 824.613 0.325225 0.0223961 0.66509 -0.811828 -0.379302 -4.22252 -0.534299 -819.856 0 
2 824.776 0.325061 0.022178 0.665336 -0.83587 -0.352131 -4.52334 -0.808915 -819.444 0 
1 824.853 0.321401 0.02217 0.667708 -0.855339 -0.296173 -4.49422 -1.06691 -819.292 0 
1 825.988 0.319283 0.0223354 0.666227 -0.816315 -0.302771 -4.40907 -1.75897 -819.82 0 
1 825.92 0.316176 0.0225752 0.670123 -0.804234 -0.32102 -4.75095 -1.30119 -819.868 0 
3 825.024 0.306578 0.0224192 0.680209 -0.853527 -0.304167 -4.76841 -0.840529 -819.415 0 
1 824.464 0.307921 0.0224476 0.678951 -0.85052 -0.30592 -4.60131 -0.519976 -819.343 0 
1 825.029 0.313071 0.0225057 0.677982 -0.876993 -0.282797 -4.13487 -1.40173 -819.492 0 
1 825.16 0.309612 0.0225859 0.679989 -0.867772 -0.287791 -4.22747 -1.44713 -819.486 0 
1 826.118 0.315979 0.0225945 0.673147 -0.852406 -0.275969 -4.17529 -2.66189 -819.281 0 
1 825.478 0.308097 0.0226225 0.680093 -0.865178 -0.261475 -4.42261 -1.60622 -819.449 0 
4 825.982 0.308034 0.022565 0.677968 -0.852246 -0.262368 -4.63705 -2.02512 -819.32 0 
1 824.45 0.309214 0.0224328 0.679443 -0.902202 -0.199294 -4.26342 -0.18855 -819.998 0 
2 826.634 0.317269 0.0225312 0.674621 -0.901267 -0.203038 -4.91173 -2.13666 -819.586 0 
1 827.926 0.311859 0.0226359 0.67969 -0.914203 -0.177203 -4.51729 -3.32898 -820.079 0 
1 825.459 0.315878 0.022527 0.674659 -0.892932 -0.203458 -4.60203 -1.35039 -819.506 0 
2 827.343 0.317735 0.0225221 0.670762 -0.873 -0.206614 -4.64449 -3.34845 -819.35 0 
1 825.581 0.31607 0.0226092 0.671923 -0.852765 -0.233934 -4.41343 -1.80784 -819.359 0 
2 824.986 0.318237 0.022451 0.670691 -0.870961 -0.22548 -4.58179 -1.07502 -819.33 0 
2 825.016 0.315777 0.0225181 0.672593 -0.875888 -0.201472 -4.49898 -1.15615 -819.361 0 
1 824.895 0.315422 0.0223089 0.673816 -0.908256 -0.175792 -4.85237 -0.309761 -819.733 0 
6 825.051 0.305861 0.0223974 0.681973 -0.906761 -0.190657 -4.32426 -0.380256 -820.347 0 
3 825.345 0.309804 0.0223099 0.679187 -0.92786 -0.154583 -4.56077 -0.201412 -820.583 0 
5 827.505 0.302552 0.0223233 0.685917 -0.95273 -0.122841 -4.53687 -0.57461 -822.393 0 
12 825.262 0.306596 0.0223764 0.681335 -0.917077 -0.161101 -4.33208 -0.433536 -820.497 0 
2 825.636 0.303805 0.0224616 0.682973 -0.909979 -0.159999 -4.44464 -0.723456 -820.468 0 
1 827.984 0.298718 0.0224002 0.688059 -0.92772 -0.161869 -4.79293 -1.34254 -821.849 0 
1 827.517 0.299059 0.0224826 0.686802 -0.909847 -0.169056 -4.96967 -1.57679 -820.97 0 
2 825.49 0.309704 0.0223999 0.675689 -0.8768 -0.193533 -4.37835 -1.6538 -819.458 0 
3 824.52 0.311547 0.0223946 0.675211 -0.87043 -0.233637 -4.2326 -0.903858 -819.384 0 
3 825.764 0.312675 0.0222097 0.678398 -0.91704 -0.23698 -4.65644 -0.727034 -820.381 0 
2 825.626 0.309089 0.0222315 0.679764 -0.907357 -0.238063 -4.31069 -0.965182 -820.35 0 
1 825.971 0.307489 0.022283 0.682752 -0.931771 -0.199074 -4.51545 -0.186528 -821.269 0 
7 825.382 0.310568 0.0223689 0.678011 -0.903507 -0.206246 -4.30443 -1.10256 -819.975 0 
8 824.987 0.305721 0.0224612 0.682898 -0.894142 -0.245256 -4.37053 -0.405611 -820.211 0 
4 824.589 0.309206 0.0224054 0.680637 -0.889184 -0.264971 -4.20669 -0.48097 -819.901 0 
2 826.377 0.310881 0.0222773 0.681423 -0.928914 -0.239254 -4.79316 -0.54332 -821.041 0 
2 825.366 0.309155 0.0222825 0.680322 -0.905769 -0.251908 -4.32283 -0.680418 -820.362 0 
2 825.721 0.31109 0.0224017 0.676164 -0.854932 -0.304892 -4.17937 -2.23223 -819.31 0 
8 825.726 0.308321 0.0223296 0.678438 -0.862882 -0.301271 -4.34895 -1.89085 -819.487 0 
1 825.337 0.318244 0.0222139 0.670044 -0.862943 -0.282911 -4.30378 -1.76401 -819.269 0 
6 826.158 0.312825 0.0221809 0.678009 -0.923542 -0.224976 -4.83482 -0.785277 -820.538 0 
3 825.832 0.318297 0.0222551 0.674279 -0.908992 -0.246345 -5.23069 -0.807818 -819.794 0 
3 827.365 0.314013 0.022112 0.6758 -0.917038 -0.227599 -4.84088 -2.297 -820.227 0 
3 826.029 0.311201 0.0222572 0.680458 -0.928872 -0.225589 -4.78624 -0.329274 -820.913 0 
3 824.879 0.312834 0.0223531 0.677396 -0.899403 -0.246942 -4.37404 -0.629866 -819.875 0 
1 826.746 0.30646 0.0223247 0.680102 -0.886245 -0.245162 -4.33823 -2.48975 -819.918 0 
3 825.574 0.317973 0.0223539 0.670763 -0.874094 -0.23938 -4.5218 -1.72873 -819.323 0 
2 824.889 0.317179 0.0225286 0.669856 -0.835838 -0.263783 -4.41542 -0.980532 -819.493 0 
3 824.572 0.312215 0.0224791 0.674508 -0.845074 -0.283571 -4.29768 -1.00521 -819.269 0 
5 825.271 0.305179 0.0223649 0.68436 -0.899069 -0.271426 -4.45737 -0.225575 -820.588 0 
1 824.871 0.307392 0.0224015 0.682255 -0.87819 -0.306413 -4.36639 -0.613022 -819.892 0 
1 824.762 0.310284 0.0222449 0.679503 -0.8885 -0.307772 -4.26207 -0.50929 -819.99 0 
5 824.458 0.316955 0.0223225 0.671951 -0.85692 -0.307387 -4.12148 -1.08816 -819.248 0 
5 824.386 0.311129 0.022417 0.67665 -0.854034 -0.311475 -4.18535 -0.894042 -819.307 0 
2 825.628 0.306053 0.0225649 0.683768 -0.868128 -0.329646 -4.61331 -1.20677 -819.808 0 
4 825.737 0.315168 0.0225575 0.676685 -0.850947 -0.356552 -4.01404 -2.48446 -819.239 0 
1 824.671 0.312872 0.0225195 0.676202 -0.838784 -0.356118 -4.13633 -1.31553 -819.219 0 
4 824.832 0.313026 0.022468 0.675471 -0.838282 -0.355203 -4.12407 -1.48958 -819.218 0 
1 825.057 0.307857 0.0225153 0.680007 -0.844588 -0.34611 -4.65704 -1.0643 -819.336 0 
3 825.916 0.31008 0.0225928 0.677001 -0.809559 -0.375799 -5.14393 -1.46262 -819.31 0 
4 825.093 0.315995 0.0223148 0.67499 -0.859642 -0.340407 -4.06187 -1.75632 -819.275 0 
1 825.668 0.315898 0.0221319 0.675518 -0.894601 -0.307846 -4.62002 -1.26325 -819.784 0 
1 824.565 0.31477 0.022227 0.67657 -0.886784 -0.322362 -4.39761 -0.455313 -819.712 0 
1 824.068 0.311451 0.0223915 0.679576 -0.870639 -0.351671 -4.19197 -0.246651 -819.629 0 
1 824.179 0.310389 0.0222718 0.67818 -0.847357 -0.385515 -4.31616 -0.506267 -819.357 0 
1 824.101 0.317672 0.0223603 0.670775 -0.81534 -0.401182 -3.96178 -0.792792 -819.347 0 
1 825.59 0.32201 0.0225044 0.667296 -0.799033 -0.402168 -3.99528 -1.70086 -819.894 0 
4 825.591 0.318068 0.0225103 0.669527 -0.776396 -0.434452 -4.55878 -0.86481 -820.168 0 
3 825.682 0.321765 0.0223776 0.664829 -0.76842 -0.427759 -4.41962 -0.425122 -820.838 0 
1 824.868 0.326569 0.0223445 0.662516 -0.797258 -0.374569 -4.36944 -0.0259933 -820.472 0 
4 825.607 0.329072 0.0222117 0.660777 -0.80437 -0.378032 -4.61876 -0.608033 -820.381 0 
1 826.704 0.329398 0.0221509 0.662165 -0.824745 -0.371179 -4.94604 -1.95431 -819.803 0 
5 824.931 0.327107 0.0222558 0.663938 -0.828787 -0.350455 -4.7206 -0.525007 -819.685 0 
13 825.738 0.330198 0.0223008 0.659614 -0.797339 -0.369111 -4.80695 -0.0954344 -820.835 0 
2 825.554 0.32924 0.0222967 0.662124 -0.831176 -0.324461 -5.26853 -0.394319 -819.891 0 
3 825.511 0.327939 0.0221931 0.66263 -0.837588 -0.318869 -5.15383 -0.668726 -819.689 0 
5 823.805 0.319176 0.0223785 0.668715 -0.828282 -0.313954 -4.20932 -0.0972754 -819.498 0 
1 823.973 0.321637 0.0223553 0.669057 -0.853687 -0.303583 -4.47582 -0.206844 -819.291 0 
4 824.635 0.316292 0.0224244 0.673431 -0.857993 -0.283212 -4.16296 -1.20458 -819.267 0 
1 825.837 0.316745 0.0224726 0.67479 -0.879156 -0.258894 -4.36726 -2.09325 -819.377 0 
4 824.808 0.311216 0.0225585 0.675509 -0.831133 -0.307044 -4.59708 -0.927592 -819.283 0 
11 825.106 0.309101 0.0224349 0.676682 -0.844813 -0.292461 -4.57118 -1.26009 -819.275 0 
6 827.136 0.30855 0.022482 0.676763 -0.837814 -0.305291 -4.73434 -3.14151 -819.26 0 
1 825.172 0.310867 0.0222748 0.677559 -0.894344 -0.243904 -4.22695 -1.09146 -819.853 0 
6 825.358 0.309507 0.0224551 0.678396 -0.868459 -0.282152 -4.21558 -1.65388 -819.489 0 
3 824.062 0.315068 0.0223583 0.675284 -0.886325 -0.262517 -4.33608 -0.196964 -819.529 0 
3 824.616 0.315767 0.0222605 0.675577 -0.893825 -0.276734 -4.51708 -0.423325 -819.675 0 
2 825.996 0.311206 0.0222118 0.679051 -0.902619 -0.260142 -4.31699 -1.54536 -820.133 0 
4 823.77 0.312842 0.0223213 0.675137 -0.856775 -0.300784 -4.11219 -0.368318 -819.289 0 
1 823.978 0.313264 0.0222855 0.675817 -0.860752 -0.320864 -4.06927 -0.579252 -819.33 0 
3 823.974 0.318145 0.0223614 0.67232 -0.866295 -0.284341 -4.30585 -0.392333 -819.276 0 
9 823.803 0.316688 0.022371 0.672288 -0.870846 -0.251357 -4.32741 -0.160071 -819.315 0 
1 824.622 0.313492 0.0222535 0.675893 -0.902005 -0.220469 -4.44788 -0.361213 -819.813 0 
1 825.243 0.311014 0.0222957 0.679586 -0.920867 -0.214483 -4.56751 -0.132357 -820.544 0 
4 825.336 0.310302 0.0223201 0.678546 -0.899374 -0.238349 -4.25784 -1.07425 -820.004 0 
1 824.49 0.30879 0.0224437 0.679983 -0.888724 -0.246654 -4.21231 -0.432915 -819.845 0 
1 823.832 0.313238 0.0223458 0.676558 -0.884475 -0.268386 -4.20539 -0.0417643 -819.585 0 
1 824.508 0.312864 0.0222562 0.676132 -0.896432 -0.231597 -4.32428 -0.433006 -819.751 0 
1 824.488 0.308432 0.0223444 0.678875 -0.878638 -0.250917 -4.2668 -0.575861 -819.645 0 
5 824.572 0.308952 0.022441 0.67962 -0.887508 -0.227996 -4.23637 -0.59339 -819.742 0 
1 824.523 0.312758 0.0223036 0.676702 -0.901184 -0.213961 -4.3788 -0.331038 -819.813 0 
1 824.522 0.309989 0.0225173 0.676543 -0.862592 -0.231461 -4.40804 -0.766389 -819.347 0 
2 825.792 0.311894 0.0225149 0.67283 -0.832048 -0.261682 -4.73323 -1.66487 -819.394 0 
2 824.471 0.312194 0.0225194 0.675511 -0.859086 -0.260278 -4.21774 -0.950136 -819.304 0 
3 825.694 0.30472 0.0224182 0.685379 -0.911023 -0.254158 -4.47939 -0.188736 -821.026 0 
2 825.702 0.306693 0.0223982 0.683878 -0.920286 -0.230111 -4.42579 -0.223465 -821.052 0 
4 826.707 0.308969 0.0225606 0.679903 -0.871145 -0.285883 -4.23383 -2.9055 -819.568 0 
1 824.869 0.312343 0.0224264 0.678935 -0.902637 -0.244839 -4.37116 -0.511321 -819.986 0 
3 824.84 0.309529 0.0223527 0.680935 -0.908378 -0.24816 -4.34576 -0.0918638 -820.403 0 
1 824.42 0.310057 0.0223151 0.678734 -0.890483 -0.258689 -4.19675 -0.365711 -819.858 0 
1 826.152 0.313956 0.0224596 0.678813 -0.899122 -0.283432 -4.49446 -1.72249 -819.935 0 
2 826.096 0.314618 0.0224732 0.677836 -0.888258 -0.302076 -4.37473 -2.03213 -819.689 0 
2 825.875 0.315234 0.0224595 0.676269 -0.879003 -0.304414 -4.26887 -2.12023 -819.486 0 
7 826.87 0.316022 0.0224184 0.677283 -0.899774 -0.295601 -4.77061 -2.23504 -819.864 0 
2 827.436 0.316572 0.0224157 0.677724 -0.899292 -0.30283 -4.77933 -2.81275 -819.844 0 
4 827.546 0.313268 0.0225246 0.680334 -0.89283 -0.306579 -4.35517 -3.29052 -819.901 0 
1 826.085 0.307974 0.0225517 0.682234 -0.885605 -0.283942 -4.27269 -1.84899 -819.963 0 
4 825.662 0.310244 0.0224099 0.682026 -0.905741 -0.282858 -4.40509 -0.819466 -820.437 0 
6 826.986 0.305266 0.0225499 0.685936 -0.904534 -0.274646 -4.48024 -1.67982 -820.826 0 
6 826.956 0.308292 0.0226774 0.681824 -0.866399 -0.297021 -4.34498 -3.07234 -819.539 0 
2 825.258 0.31107 0.02261 0.67694 -0.837213 -0.320017 -4.41692 -1.59636 -819.244 0 
3 826.009 0.307754 0.0226285 0.679264 -0.828337 -0.340344 -5.09521 -1.67088 -819.243 0 
3 825.582 0.308271 0.0226162 0.680697 -0.845056 -0.3402 -4.61596 -1.64448 -819.322 0 
3 824.85 0.307121 0.0225192 0.682541 -0.865786 -0.33078 -4.496 -0.663999 -819.69 0 
1 825.809 0.305193 0.022331 0.682428 -0.854738 -0.351841 -4.98912 -1.19553 -819.625 0 
3 825.325 0.310588 0.0222309 0.676248 -0.848604 -0.330967 -4.28126 -1.75391 -819.29 0 
1 823.676 0.319285 0.0223365 0.66884 -0.821853 -0.351913 -4.05909 -0.149853 -819.467 0 
1 824.183 0.316918 0.0225056 0.671374 -0.809128 -0.379118 -4.17049 -0.508537 -819.504 0 
1 826.198 0.316301 0.0223665 0.675004 -0.838917 -0.392557 -3.96835 -3.04223 -819.187 0 
9 824.591 0.314908 0.0222226 0.672912 -0.821759 -0.402411 -4.09671 -1.271 -819.223 0 
3 823.995 0.318442 0.0222308 0.67044 -0.823933 -0.392339 -3.93386 -0.778448 -819.282 0 
1 825.376 0.310999 0.0222859 0.675831 -0.819767 -0.396304 -4.62786 -1.53334 -819.215 0 
5 824.45 0.318846 0.0223094 0.668373 -0.792185 -0.420535 -4.14264 -0.505623 -819.801 0 
2 824.243 0.322464 0.0222197 0.66634 -0.808199 -0.406151 -3.95334 -0.637356 -819.653 0 
3 824.397 0.321584 0.0222779 0.667581 -0.814566 -0.40672 -3.92719 -0.997053 -819.473 0 
1 824.929 0.318647 0.0225151 0.670502 -0.781694 -0.46139 -4.20719 -0.855384 -819.867 0 
4 824.305 0.324086 0.0223287 0.66828 -0.814648 -0.451028 -3.98501 -0.922986 -819.397 0 
5 824.964 0.328964 0.0222747 0.663592 -0.802045 -0.462926 -4.27211 -0.810269 -819.882 0 
3 824.599 0.321703 0.022289 0.667482 -0.812602 -0.411242 -3.91662 -1.18475 -819.498 0 
2 826.48 0.323904 0.0220559 0.665637 -0.815884 -0.421302 -4.01118 -2.98635 -819.483 0 
10 825.32 0.321769 0.0221024 0.667277 -0.799615 -0.474541 -3.80748 -2.00891 -819.504 0 
1 826.847 0.328006 0.0220123 0.664535 -0.819931 -0.47842 -4.55021 -2.94813 -819.348 0 
1 825.762 0.325016 0.0220438 0.667193 -0.818894 -0.499899 -4.22926 -2.32105 -819.212 0 
5 825.243 0.319505 0.0221021 0.670462 -0.797931 -0.528197 -3.90241 -2.06445 -819.276 0 
4 825.376 0.318932 0.0221128 0.669876 -0.786006 -0.538318 -3.98087 -1.97093 -819.424 0 
2 824.65 0.314633 0.022233 0.673809 -0.796168 -0.516622 -4.38314 -1.03385 -819.233 0 
2 824.62 0.323036 0.0222195 0.669186 -0.79092 -0.554439 -3.80563 -1.39751 -819.417 0 
1 824.171 0.317515 0.0222266 0.67162 -0.781024 -0.551572 -4.19002 -0.554992 -819.426 0 
3 825.351 0.314922 0.0220994 0.674981 -0.820449 -0.506764 -4.22136 -1.96539 -819.164 0 
1 825.809 0.318696 0.0221173 0.673128 -0.820262 -0.516494 -4.04299 -2.64099 -819.126 0 
6 824.615 0.322271 0.0221866 0.67085 -0.830142 -0.485131 -4.20515 -1.28619 -819.124 0 
4 825.678 0.32059 0.0220739 0.672169 -0.846721 -0.468662 -4.42952 -2.0722 -819.176 0 
14 824.915 0.31669 0.0221194 0.675152 -0.842099 -0.481442 -4.24981 -1.41183 -819.253 0 
1 823.77 0.314808 0.0222737 0.67455 -0.799396 -0.51652 -4.33115 -0.232821 -819.206 0 
2 823.883 0.320711 0.0222073 0.669082 -0.795274 -0.502966 -3.8215 -0.624422 -819.438 0 
2 824.87 0.319347 0.0222447 0.668578 -0.767131 -0.529884 -4.17898 -0.72367 -819.967 0 
4 825.158 0.321016 0.0220977 0.668507 -0.792579 -0.526498 -3.82381 -1.92023 -819.414 0 
1 824.781 0.319488 0.022165 0.669706 -0.791323 -0.525568 -3.90207 -1.49097 -819.388 0 
1 824.966 0.322574 0.0220923 0.667939 -0.790776 -0.549685 -3.81355 -1.73186 -819.421 0 
14 825.076 0.326982 0.0221729 0.665136 -0.789769 -0.547444 -3.93142 -1.49488 -819.65 0 
1 824.948 0.327626 0.022294 0.665803 -0.780992 -0.569915 -3.84728 -1.29042 -819.811 0 
1 824.276 0.323705 0.0223058 0.669285 -0.788686 -0.571023 -3.83559 -1.01552 -819.425 0 
3 824.607 0.321175 0.0223777 0.669535 -0.768287 -0.579658 -3.90327 -0.938841 -819.765 0 
1 824.944 0.317708 0.0224109 0.67395 -0.772065 -0.604202 -4.33166 -1.18455 -819.428 0 
4 825.035 0.324945 0.0220904 0.667348 -0.785775 -0.601723 -3.92251 -1.69627 -819.416 0 
3 825.078 0.324683 0.0221897 0.667164 -0.781599 -0.590069 -3.83555 -1.69944 -819.543 0 
1 825.637 0.325102 0.022075 0.6677 -0.801661 -0.580031 -4.18495 -2.22878 -819.223 0 
1 825.039 0.322224 0.0221165 0.670679 -0.80533 -0.574864 -4.08364 -1.81065 -819.145 0 
2 825.812 0.324381 0.0221283 0.666579 -0.770116 -0.583513 -3.71408 -2.22785 -819.87 0 
5 824.183 0.324131 0.0222315 0.667441 -0.775864 -0.571001 -3.72822 -0.701061 -819.754 0 
9 825.561 0.330381 0.0222978 0.661428 -0.739464 -0.612162 -3.60772 -0.523888 -821.429 0 
1 825.55 0.329697 0.0222424 0.663934 -0.775631 -0.574985 -3.8955 -1.56853 -820.086 0 
1 824.78 0.320579 0.0224047 0.668965 -0.745798 -0.601713 -4.27453 -0.151613 -820.354 0 
11 825.473 0.31965 0.022122 0.670302 -0.780382 -0.57375 -3.98507 -2.05419 -819.434 0 
5 825.742 0.318253 0.0223445 0.669957 -0.738417 -0.609284 -4.92259 -0.394232 -820.426 0 
4 826.955 0.327737 0.0224076 0.661392 -0.718756 -0.599741 -3.96562 -0.513053 -822.476 0 
1 827.598 0.327947 0.0223246 0.660524 -0.720065 -0.599064 -3.9056 -1.26695 -822.426 0 
2 826.753 0.324102 0.0223535 0.664024 -0.733522 -0.582148 -4.07593 -1.29057 -821.386 0 
1 825.706 0.318313 0.0223628 0.674039 -0.794257 -0.553475 -4.03453 -2.4332 -819.238 0 
4 824.582 0.320575 0.0222813 0.67161 -0.791895 -0.559161 -3.8895 -1.38562 -819.306 0 
1 825.976 0.316902 0.0223289 0.674272 -0.778904 -0.583606 -4.35708 -2.27237 -819.347 0 
7 825.351 0.318517 0.0224431 0.672243 -0.768627 -0.564384 -4.24266 -1.41234 -819.696 0 
1 824.5 0.318122 0.0224426 0.6723 -0.768835 -0.56638 -4.28146 -0.555872 -819.663 0 
7 826.444 0.318586 0.0224899 0.673649 -0.778632 -0.567148 -4.10828 -2.88065 -819.455 0 
1 825.456 0.321404 0.0224645 0.668978 -0.755037 -0.563494 -4.08553 -1.05204 -820.318 0 
2 825.583 0.322924 0.0223792 0.669847 -0.786709 -0.542266 -3.76185 -2.26942 -819.552 0 
2 824.852 0.326236 0.022372 0.664633 -0.75263 -0.565988 -3.71318 -0.347122 -820.792 0 
4 824.805 0.323626 0.0223467 0.666608 -0.75642 -0.559741 -3.8483 -0.497688 -820.459 0 
4 824.844 0.328774 0.0222398 0.662627 -0.764486 -0.550247 -3.72973 -0.493756 -820.62 0 
2 826.128 0.331682 0.0221034 0.660684 -0.76998 -0.565774 -3.98105 -1.62813 -820.518 0 
2 826.776 0.331413 0.0221775 0.659151 -0.749011 -0.571723 -3.74423 -1.60934 -821.423 0 
2 827.315 0.333107 0.0220271 0.659022 -0.764745 -0.581301 -4.05464 -2.51711 -820.743 0 
2 825.297 0.326785 0.0221658 0.664582 -0.77842 -0.536814 -3.7468 -1.51751 -820.033 0 
1 825.838 0.320482 0.02229 0.66853 -0.768415 -0.520757 -4.08012 -1.70665 -820.051 0 
1 825.758 0.319441 0.022241 0.671033 -0.786889 -0.531132 -3.94138 -2.36554 -819.451 0 
2 825.376 0.325816 0.022194 0.664738 -0.784151 -0.524028 -3.77907 -1.73203 -819.865 0 
9 824.339 0.323088 0.0221628 0.667147 -0.783101 -0.539062 -3.75171 -0.924687 -819.663 0 
1 825.737 0.325074 0.0221928 0.663905 -0.754688 -0.568269 -3.72896 -1.42462 -820.584 0 
2 824.659 0.32236 0.0222465 0.666604 -0.758644 -0.565286 -3.89406 -0.526531 -820.238 0 
11 826.61 0.323379 0.0223402 0.668316 -0.754255 -0.607374 -3.83478 -2.58097 -820.194 0 
4 825.747 0.324074 0.0224703 0.667331 -0.744968 -0.605736 -3.85261 -1.26461 -820.629 0 
2 826.134 0.328187 0.0223683 0.664613 -0.749033 -0.611191 -3.61368 -1.76286 -820.758 0 
1 824.801 0.325343 0.0222814 0.6659 -0.749691 -0.614228 -3.70738 -0.624698 -820.469 0 
2 824.373 0.323796 0.0222728 0.666714 -0.754215 -0.598537 -3.79022 -0.298314 -820.284 0 
13 825.476 0.321155 0.0223153 0.667393 -0.732966 -0.618171 -4.45685 -0.195164 -820.824 0 
1 825.092 0.318969 0.0222848 0.669577 -0.748201 -0.613863 -4.47015 -0.542605 -820.079 0 
1 825.151 0.325126 0.0221548 0.668306 -0.793446 -0.5868 -3.98354 -1.83761 -819.33 0 
2 825.223 0.324796 0.0221279 0.66776 -0.783836 -0.595835 -3.84577 -1.90363 -819.473 0 
1 824.929 0.318753 0.0220927 0.672099 -0.807109 -0.552199 -4.07299 -1.71766 -819.138 0 
1 826.738 0.329497 0.0221343 0.665745 -0.814671 -0.552563 -4.93321 -2.5694 -819.235 0 
3 827.775 0.332787 0.0221714 0.663329 -0.790501 -0.599943 -4.76359 -3.33025 -819.681 0 
5 825.328 0.325472 0.0222991 0.668645 -0.777429 -0.622219 -3.85818 -1.93112 -819.539 0 
4 824.374 0.320829 0.0221823 0.670663 -0.771273 -0.634713 -4.03612 -0.894881 -819.443 0 
3 825.028 0.319283 0.0223045 0.673674 -0.772753 -0.659554 -4.28818 -1.43847 -819.302 0 
4 825.42 0.325072 0.0221209 0.668635 -0.790666 -0.617845 -4.0772 -2.0638 -819.279 0 
7 825.647 0.316263 0.0220719 0.673989 -0.806838 -0.565377 -4.29966 -2.2094 -819.138 0 
1 824.391 0.31893 0.0222846 0.671767 -0.77778 -0.598367 -4.11614 -0.896597 -819.378 0 
1 824.359 0.319052 0.0222934 0.670655 -0.761588 -0.607818 -4.23587 -0.416064 -819.707 0 
3 824.506 0.317803 0.0221689 0.672612 -0.783898 -0.604624 -4.25159 -1.00869 -819.245 0 
1 826.708 0.31951 0.0221882 0.66879 -0.748556 -0.633169 -4.35116 -2.36775 -819.989 0 
5 825.812 0.326885 0.0222034 0.664 -0.753806 -0.618003 -3.64858 -1.76742 -820.396 0 
2 825.522 0.326649 0.0221963 0.663312 -0.73132 -0.646448 -3.71463 -0.647519 -821.16 0 
3 827.883 0.326107 0.0219765 0.663594 -0.758055 -0.614172 -3.66826 -4.01238 -820.202 0 
3 829.355 0.328911 0.0219858 0.660307 -0.744206 -0.62121 -3.60132 -4.79063 -820.963 0 
5 826.769 0.324846 0.0221905 0.663863 -0.740533 -0.612374 -3.79698 -2.13088 -820.841 0 
1 825.826 0.324755 0.0222268 0.664261 -0.737765 -0.617513 -3.83709 -1.06878 -820.92 0 
1 826.426 0.329157 0.0222724 0.66107 -0.717122 -0.660802 -3.64684 -0.710407 -822.069 0 
1 825.827 0.319563 0.0222835 0.669689 -0.738812 -0.639317 -4.58882 -0.93735 -820.3 0 
6 826.705 0.315801 0.0222238 0.67123 -0.743943 -0.620228 -5.27884 -1.42797 -819.998 0 
2 825.313 0.318382 0.0221 0.671404 -0.795576 -0.54355 -4.00707 -2.06039 -819.245 0 
8 824.839 0.325277 0.0221521 0.665007 -0.76589 -0.575222 -3.68494 -1.03825 -820.116 0 
3 826.119 0.324965 0.0220609 0.667236 -0.786125 -0.589941 -3.85955 -2.80504 -819.454 0 
2 825.328 0.329495 0.0222382 0.661899 -0.744548 -0.613838 -3.60535 -0.656414 -821.066 0 
1 824.519 0.322068 0.0223391 0.667719 -0.745867 -0.609627 -4.04807 -0.065056 -820.406 0 
3 825.031 0.31679 0.0222756 0.671755 -0.751018 -0.620985 -4.85809 -0.344578 -819.829 0 
3 824.434 0.322395 0.0221541 0.668136 -0.773991 -0.587708 -3.81237 -0.987451 -819.634 0 
2 825.559 0.318845 0.0222319 0.673481 -0.788704 -0.600987 -4.12347 -2.22203 -819.214 0 
7 825.255 0.320614 0.0222724 0.670916 -0.765565 -0.619675 -4.03109 -1.60197 -819.622 0 
4 824.139 0.320229 0.0223378 0.671355 -0.77261 -0.596386 -3.99582 -0.607717 -819.535 0 
8 826.03 0.319895 0.0224953 0.671233 -0.763881 -0.593364 -4.0829 -2.19291 -819.754 0 
1 826.043 0.324815 0.022322 0.666146 -0.76328 -0.587895 -3.70017 -2.24819 -820.095 0 
2 825.642 0.319642 0.0224335 0.671473 -0.777022 -0.573826 -3.99336 -2.14601 -819.503 0 
6 825.741 0.318802 0.0224634 0.674878 -0.814397 -0.525454 -4.0283 -2.58045 -819.132 0 
4 825.943 0.314913 0.0223571 0.679005 -0.828754 -0.541083 -4.4351 -2.23772 -819.27 0 
3 825.465 0.313755 0.0225253 0.676027 -0.769466 -0.57024 -5.10477 -0.895502 -819.465 0 
4 824.541 0.322851 0.0223728 0.666928 -0.755256 -0.56653 -3.89068 -0.254358 -820.396 0 
3 825.561 0.322434 0.0223931 0.666126 -0.734104 -0.592067 -4.27619 -0.181776 -821.103 0 
1 824.696 0.319724 0.0223169 0.669317 -0.756422 -0.590073 -4.20694 -0.500543 -819.989 0 
1 825.219 0.328549 0.0221277 0.66407 -0.778953 -0.585727 -3.9159 -1.46368 -819.839 0 
4 825.301 0.329441 0.0222356 0.662574 -0.754518 -0.60781 -3.66129 -0.986835 -820.652 0 
3 825.822 0.331326 0.0221316 0.661624 -0.773209 -0.581405 -4.03479 -1.5376 -820.25 0 
1 825.432 0.328672 0.0223598 0.662936 -0.749333 -0.583982 -3.64342 -0.770952 -821.017 0 
5 825.403 0.329054 0.022301 0.662397 -0.745255 -0.589292 -3.64346 -0.550999 -821.208 0 
2 825.611 0.330384 0.0222246 0.662915 -0.767927 -0.58418 -3.83447 -1.41902 -820.357 0 
2 825.292 0.323203 0.0222138 0.667541 -0.762607 -0.590468 -3.78895 -1.50566 -819.997 0 
1 826.53 0.320545 0.0222803 0.667557 -0.731414 -0.615822 -4.64413 -1.02383 -820.862 0 
3 826.905 0.319501 0.0222444 0.669194 -0.736676 -0.633842 -4.6724 -1.8167 -820.416 0 
1 824.974 0.311601 0.0223066 0.676886 -0.782078 -0.559065 -5.30704 -0.40434 -819.263 0 
8 824.678 0.309117 0.0222951 0.68127 -0.827273 -0.503361 -4.98275 -0.300663 -819.395 0 
3 825.598 0.31183 0.0223876 0.676166 -0.789067 -0.520893 -5.01643 -1.3224 -819.259 0 
3 825.011 0.313268 0.0221502 0.676608 -0.824523 -0.507458 -4.40168 -1.38559 -819.223 0 
6 823.681 0.317571 0.0222485 0.673819 -0.817566 -0.510585 -4.05433 -0.49082 -819.136 0 
5 823.788 0.319675 0.0222339 0.672157 -0.819056 -0.502868 -3.99943 -0.65133 -819.137 0 
2 824.544 0.31668 0.0223532 0.676482 -0.835744 -0.491895 -4.20704 -1.13046 -819.206 0 
2 824.488 0.318301 0.0223134 0.674865 -0.843547 -0.462948 -4.22038 -1.06914 -819.198 0 
1 823.987 0.318807 0.0223927 0.671977 -0.798607 -0.504935 -3.91399 -0.760208 -819.313 0 
3 825.738 0.314592 0.0223622 0.676647 -0.800358 -0.532836 -4.39858 -2.16071 -819.178 0 
10 825.49 0.315113 0.0225632 0.675437 -0.791153 -0.50099 -4.40295 -1.74696 -819.34 0 
4 823.511 0.316729 0.02233 0.673832 -0.816988 -0.474379 -3.99654 -0.349186 -819.165 0 
1 823.546 0.314509 0.0223374 0.67591 -0.821571 -0.473814 -4.16221 -0.219742 -819.164 0 
8 824.973 0.321396 0.0222717 0.672672 -0.835767 -0.49006 -4.30744 -1.54423 -819.122 0 
2 825.285 0.324783 0.0222875 0.668107 -0.808397 -0.513663 -4.05428 -1.92221 -819.308 0 
6 824.204 0.321863 0.0222712 0.670541 -0.796747 -0.544593 -3.84704 -1.04782 -819.309 0 
3 825.151 0.315493 0.0221862 0.673477 -0.785523 -0.552733 -4.44323 -1.41218 -819.296 0 
2 824.922 0.318933 0.0223731 0.669725 -0.756511 -0.572106 -4.34644 -0.533352 -820.042 0 
2 825.216 0.315267 0.0224487 0.672987 -0.759921 -0.563544 -4.99836 -0.439176 -819.779 0 
3 824.912 0.319554 0.0222607 0.668939 -0.772978 -0.538605 -4.0247 -1.13145 -819.756 0 
1 825.737 0.32061 0.0222113 0.66731 -0.747882 -0.583501 -4.27064 -1.06651 -820.4 0 
1 825.135 0.329578 0.0222214 0.662067 -0.750868 -0.600468 -3.63734 -0.609807 -820.888 0 
12 824.797 0.324666 0.0223345 0.665671 -0.741387 -0.609349 -3.83409 -0.152499 -820.811 0 
7 825.322 0.327346 0.0223751 0.664878 -0.747471 -0.614076 -3.62688 -0.964481 -820.731 0 
3 825.315 0.32506 0.0221412 0.667429 -0.77432 -0.616113 -3.79103 -1.90152 -819.623 0 
6 824.439 0.323602 0.0223476 0.669078 -0.776711 -0.585551 -3.766 -1.04 -819.633 0 
1 824.995 0.321333 0.0222446 0.670697 -0.783337 -0.580162 -3.86845 -1.71465 -819.412 0 
4 825.506 0.326964 0.0221021 0.665472 -0.793965 -0.563012 -4.05646 -1.97182 -819.478 0 
2 826.752 0.330003 0.0220195 0.662862 -0.795856 -0.543374 -4.32417 -2.75402 -819.674 0 
1 827.497 0.332081 0.0221787 0.659185 -0.763963 -0.546552 -3.97478 -2.54517 -820.977 0 
1 823.994 0.322799 0.0222752 0.66716 -0.769259 -0.550519 -3.78587 -0.218146 -819.99 0 
1 825.05 0.320751 0.0223796 0.669787 -0.764134 -0.563613 -4.02039 -1.07629 -819.953 0 
7 826.629 0.318818 0.0224698 0.673131 -0.771985 -0.578442 -4.15772 -2.90667 -819.564 0 
3 824.106 0.320869 0.0224056 0.670452 -0.780993 -0.547085 -3.85443 -0.678041 -819.573 0 
2 824.299 0.319237 0.0222461 0.67297 -0.801462 -0.556054 -4.00034 -1.12487 -819.174 0 
9 824.71 0.320369 0.0222409 0.673337 -0.830851 -0.510143 -4.23259 -1.35544 -819.122 0 
2 824.75 0.319245 0.0223518 0.673288 -0.815589 -0.519697 -4.03003 -1.58688 -819.133 0 
2 826.638 0.325753 0.0223458 0.6687 -0.805535 -0.550796 -4.19441 -3.1766 -819.267 0 
1 826.103 0.317112 0.0222522 0.674927 -0.793187 -0.585372 -4.2458 -2.67837 -819.178 0 
4 824.125 0.318514 0.0223541 0.673957 -0.796979 -0.565815 -4.06055 -0.875742 -819.189 0 
1 825.253 0.31856 0.0224887 0.673443 -0.777975 -0.575075 -4.11574 -1.69796 -819.439 0 
5 825.23 0.315321 0.0224598 0.673787 -0.75724 -0.596062 -5.02861 -0.498126 -819.703 0 
1 825.544 0.308829 0.0222421 0.681577 -0.809264 -0.57722 -5.55188 -0.642934 -819.349 0 
4 826.083 0.322869 0.0223043 0.671067 -0.782313 -0.617017 -3.9069 -2.81851 -819.358 0 
5 825.994 0.324198 0.0223394 0.66987 -0.771926 -0.635158 -3.83792 -2.59796 -819.558 0 
1 826.257 0.324627 0.0222847 0.670627 -0.796753 -0.612689 -4.16304 -2.89836 -819.196 0 
1 826.047 0.316536 0.0222669 0.677456 -0.822676 -0.568359 -4.42346 -2.42138 -819.202 0 
1 827.188 0.312575 0.0222113 0.680147 -0.833613 -0.534811 -4.63415 -3.12935 -819.425 0 
1 825.908 0.318724 0.0222024 0.675917 -0.855571 -0.494755 -4.73176 -1.78568 -819.39 0 
2 826.59 0.319841 0.0222098 0.675455 -0.858075 -0.501648 -4.97916 -2.21198 -819.399 0 
6 824.925 0.315585 0.0223174 0.676395 -0.814428 -0.553968 -4.36117 -1.40633 -819.157 0 
1 825.154 0.31348 0.0221926 0.679277 -0.833819 -0.562357 -4.79751 -0.888119 -819.469 0 
4 825.56 0.312634 0.0222847 0.681023 -0.840997 -0.553686 -4.90566 -1.01629 -819.638 0 
1 826.781 0.315915 0.0223411 0.679237 -0.824733 -0.598059 -4.72614 -2.7487 -819.306 0 
3 825.65 0.318661 0.0223017 0.675682 -0.815193 -0.601653 -4.5061 -2.00808 -819.136 0 
2 825.026 0.324387 0.0222058 0.669237 -0.790728 -0.617993 -4.10167 -1.66498 -819.259 0 
1 825.615 0.320058 0.0222162 0.672308 -0.798759 -0.603325 -4.20487 -2.27392 -819.136 0 
2 825.96 0.323569 0.0220578 0.66967 -0.814394 -0.576933 -4.41694 -2.44914 -819.094 0 
9 824.028 0.317128 0.0222241 0.672931 -0.782483 -0.58409 -4.27814 -0.453461 -819.297 0 
5 824.685 0.326481 0.0223096 0.666499 -0.77321 -0.58984 -3.73972 -1.08035 -819.865 0 
2 825.533 0.324714 0.0223561 0.667467 -0.779693 -0.56519 -3.75516 -2.06891 -819.709 0 
3 825.454 0.323168 0.0223969 0.670172 -0.805684 -0.522065 -3.93333 -2.24356 -819.277 0 
2 825.856 0.324127 0.0223142 0.66896 -0.813144 -0.508969 -4.09858 -2.52059 -819.237 0 
8 823.675 0.315334 0.0223559 0.676243 -0.820398 -0.497632 -4.15642 -0.363338 -819.156 0 
3 825.089 0.31549 0.0222406 0.676707 -0.840029 -0.467123 -4.15375 -1.68938 -819.246 0 
3 824.563 0.317389 0.0221459 0.673196 -0.836247 -0.455466 -4.06737 -1.32869 -819.167 0 
2 824.259 0.321757 0.0223094 0.668767 -0.80357 -0.47522 -3.82179 -1.01548 -819.422 0 
1 825.505 0.323722 0.0224224 0.669365 -0.813445 -0.474693 -3.97846 -2.20429 -819.322 0 
6 825.733 0.327345 0.022345 0.665327 -0.798 -0.494232 -4.03682 -1.97204 -819.724 0 
1 825.38 0.329167 0.0222259 0.664066 -0.804149 -0.496418 -4.35877 -1.36839 -819.653 0 
1 827.055 0.332715 0.0221443 0.661785 -0.81485 -0.483285 -5.28566 -2.12259 -819.646 0 
3 826.365 0.331346 0.0222393 0.662928 -0.801476 -0.49672 -4.5796 -1.9328 -819.852 0 
1 827.419 0.327034 0.0222881 0.667667 -0.811634 -0.503278 -4.21957 -3.833 -819.366 0 
2 826.315 0.331 0.0222424 0.662007 -0.79521 -0.49788 -4.42273 -1.87679 -820.015 0 
2 826.118 0.330333 0.0222034 0.663964 -0.814318 -0.482074 -4.76777 -1.80915 -819.541 0 
5 827.128 0.32863 0.022005 0.664467 -0.829441 -0.471279 -4.96435 -2.91114 -819.252 0 
2 827.028 0.328482 0.0220321 0.664211 -0.823682 -0.479323 -4.79873 -2.92738 -819.302 0 
1 825.184 0.319123 0.0221209 0.671003 -0.818685 -0.488817 -3.96453 -2.06697 -819.152 0 
3 824.93 0.310194 0.022345 0.679632 -0.820988 -0.503238 -4.82768 -0.82805 -819.275 0 
1 823.655 0.318536 0.0222418 0.671808 -0.815059 -0.477165 -3.91577 -0.55229 -819.187 0 
7 823.987 0.318856 0.0222131 0.670581 -0.806796 -0.477222 -3.88435 -0.826007 -819.277 0 
2 825.455 0.318943 0.0220936 0.672923 -0.847929 -0.460713 -4.35242 -1.88561 -819.217 0 
1 825.752 0.319912 0.022128 0.672664 -0.848073 -0.470947 -4.48789 -2.05953 -819.205 0 
2 827.769 0.320392 0.0221987 0.671726 -0.847958 -0.447235 -4.44062 -4.1541 -819.174 0 
1 825.21 0.317783 0.0223681 0.672737 -0.818572 -0.461666 -3.93531 -2.09474 -819.18 0 
2 825.375 0.315594 0.0224965 0.675079 -0.818076 -0.453144 -4.04194 -2.15408 -819.179 0 
2 825.032 0.316717 0.0225071 0.673528 -0.810794 -0.44598 -3.99091 -1.78033 -819.261 0 
3 824.302 0.321276 0.0223353 0.671007 -0.84108 -0.40795 -4.17502 -0.954619 -819.172 0 
1 824.195 0.318372 0.0222055 0.673239 -0.849899 -0.405606 -4.11708 -0.87709 -819.201 0 
3 823.915 0.321262 0.022258 0.670302 -0.839249 -0.408556 -4.14228 -0.595479 -819.177 0 
3 824.804 0.320942 0.0223612 0.671462 -0.841981 -0.410275 -4.17643 -1.46099 -819.166 0 
1 824.647 0.320681 0.0223042 0.672157 -0.849236 -0.415871 -4.31388 -1.16364 -819.169 0 
1 824.985 0.317144 0.022413 0.67204 -0.812188 -0.432367 -3.95737 -1.74033 -819.287 0 
5 823.968 0.320173 0.0223977 0.670858 -0.823444 -0.419228 -3.91199 -0.798996 -819.257 0 
8 824.088 0.317831 0.0223806 0.670274 -0.796017 -0.439824 -4.06942 -0.457651 -819.561 0 
1 825.05 0.315406 0.0223523 0.672435 -0.801766 -0.452116 -4.19519 -1.52599 -819.329 0 
2 824.089 0.311294 0.0222958 0.676772 -0.827119 -0.417283 -4.41996 -0.464228 -819.205 0 
2 824.14 0.316199 0.0222516 0.671832 -0.825559 -0.392057 -3.98324 -0.927004 -819.23 0 
4 823.862 0.319659 0.0224353 0.670765 -0.824383 -0.39053 -3.93571 -0.615465 -819.311 0 
10 824.152 0.319703 0.0222623 0.67207 -0.857272 -0.360761 -4.25717 -0.682105 -819.212 0 
4 825.824 0.320934 0.022182 0.671437 -0.864901 -0.355265 -4.52046 -2.06984 -819.234 0 
2 825.804 0.325285 0.0221992 0.667736 -0.870764 -0.327625 -5.45293 -1.118 -819.233 0 
2 827.543 0.321821 0.0220794 0.670807 -0.886687 -0.314038 -5.22008 -2.93573 -819.387 0 
2 823.907 0.319199 0.0224563 0.671178 -0.836453 -0.347715 -4.0399 -0.584337 -819.282 0 
4 824.306 0.312675 0.0225215 0.677294 -0.851912 -0.330021 -4.1026 -0.930292 -819.274 0 
5 824.653 0.3099 0.0225204 0.677448 -0.826846 -0.361114 -4.68393 -0.74217 -819.227 0 
2 826.274 0.309999 0.0224404 0.675256 -0.80025 -0.385382 -5.45004 -1.41991 -819.405 0 
2 824.629 0.310212 0.0224083 0.676587 -0.832282 -0.355085 -4.51873 -0.883052 -819.228 0 
2 824.696 0.309099 0.0225012 0.678064 -0.833376 -0.348839 -4.68572 -0.77075 -819.239 0 
1 824.775 0.308962 0.0224854 0.678178 -0.819867 -0.383791 -5.00951 -0.541983 -819.223 0 
1 823.711 0.316143 0.0222851 0.67184 -0.83559 -0.345909 -4.02659 -0.439577 -819.245 0 
2 823.742 0.316954 0.0223303 0.670615 -0.826494 -0.344555 -4.07859 -0.315743 -819.348 0 
1 824.936 0.314373 0.0222235 0.67472 -0.855673 -0.335277 -4.03968 -1.62418 -819.273 0 
7 823.413 0.317357 0.0223307 0.672427 -0.851826 -0.333397 -4.06512 -0.123313 -819.225 0 
5 824.094 0.320064 0.0223307 0.668812 -0.839369 -0.323737 -4.1629 -0.596626 -819.335 0 
1 825.503 0.318226 0.0222975 0.672202 -0.865647 -0.287339 -4.29128 -1.93946 -819.272 0 
7 825.773 0.311512 0.0224932 0.677106 -0.845877 -0.309765 -4.31226 -2.20537 -819.255 0 
4 825.258 0.314167 0.0224893 0.674704 -0.837903 -0.320514 -4.1933 -1.81014 -819.255 0 
2 825.389 0.311697 0.0224291 0.677666 -0.848959 -0.334877 -4.20076 -1.91433 -819.274 0 
1 824.665 0.31775 0.0222493 0.671643 -0.834076 -0.370907 -3.9671 -1.4686 -819.229 0 
1 824.405 0.316029 0.0223812 0.670877 -0.808684 -0.367862 -4.32161 -0.559652 -819.524 0 
5 823.83 0.320819 0.0223059 0.667912 -0.818768 -0.375536 -3.99767 -0.34404 -819.489 0 
1 823.736 0.318075 0.0222186 0.67143 -0.840611 -0.373002 -3.98412 -0.552122 -819.2 0 
10 823.893 0.322997 0.0222412 0.667632 -0.834037 -0.373341 -4.21272 -0.350697 -819.33 0 
3 823.385 0.319961 0.0223443 0.6704 -0.831636 -0.377124 -3.98705 -0.12531 -819.272 0 
1 824.779 0.312294 0.0223192 0.676051 -0.826396 -0.397641 -4.33061 -1.24813 -819.2 0 
2 824.608 0.315605 0.0222568 0.673882 -0.84269 -0.366433 -3.99362 -1.40863 -819.205 0 
1 825.1 0.313243 0.0223715 0.67517 -0.827131 -0.373296 -4.25979 -1.61819 -819.222 0 
1 824.447 0.314276 0.0224792 0.675097 -0.838295 -0.339942 -4.11142 -1.10654 -819.229 0 
2 825.56 0.310667 0.0224654 0.677447 -0.844072 -0.314999 -4.40669 -1.8969 -819.257 0 
1 825.264 0.309366 0.0224448 0.676033 -0.828667 -0.321169 -4.84493 -1.16015 -819.259 0 
9 824.968 0.314993 0.0223887 0.674668 -0.844324 -0.338192 -4.0478 -1.69617 -819.224 0 
1 824.332 0.310235 0.0223257 0.678926 -0.868045 -0.3168 -4.18696 -0.610703 -819.534 0 
3 826.418 0.316315 0.0225995 0.669913 -0.787093 -0.375668 -4.79149 -1.55781 -820.069 0 
2 825.386 0.320677 0.0224064 0.666414 -0.791842 -0.392909 -4.15802 -1.13715 -820.091 0 
1 826.083 0.330537 0.0223681 0.659323 -0.774634 -0.424858 -4.41562 -0.235005 -821.432 0 
11 824.673 0.325949 0.0222941 0.663139 -0.780681 -0.443133 -3.99449 -0.131341 -820.547 0 
4 824.91 0.325347 0.0221913 0.663829 -0.788727 -0.450566 -3.90932 -0.858868 -820.142 0 
1 824.814 0.324984 0.0223279 0.664817 -0.782587 -0.453027 -3.92494 -0.56986 -820.319 0 
2 824.422 0.324149 0.0223559 0.665484 -0.782346 -0.454431 -3.91415 -0.253177 -820.255 0 
3 825.178 0.328399 0.022314 0.664254 -0.799977 -0.46148 -4.1642 -1.09734 -819.916 0 
3 824.138 0.324523 0.0223596 0.666942 -0.816337 -0.41203 -4.08385 -0.513697 -819.54 0 
1 824.665 0.318613 0.0224157 0.673706 -0.829071 -0.435305 -3.92705 -1.56978 -819.168 0 
1 824.947 0.325082 0.0222736 0.668422 -0.834738 -0.437922 -4.47624 -1.27048 -819.201 0 
4 824.027 0.32113 0.0222091 0.668408 -0.785842 -0.515688 -3.82089 -0.596892 -819.609 0 
3 825.218 0.322229 0.0222355 0.669706 -0.803418 -0.503101 -3.82051 -2.05464 -819.343 0 
1 825.256 0.326195 0.0221037 0.665806 -0.821055 -0.464251 -4.33556 -1.60263 -819.318 0 
1 824.263 0.32494 0.0222112 0.667021 -0.795498 -0.518049 -3.83345 -0.882269 -819.547 0 
3 824.178 0.323784 0.0223298 0.667033 -0.777717 -0.533536 -3.73178 -0.563257 -819.883 0 
1 827.715 0.32046 0.0223195 0.668297 -0.769956 -0.549622 -3.94048 -3.94044 -819.834 0 
4 827.176 0.31542 0.0222859 0.673645 -0.801064 -0.521203 -4.23447 -3.74912 -819.192 0 
1 823.947 0.314411 0.0223496 0.676543 -0.815304 -0.512167 -4.28772 -0.499606 -819.16 0 
2 824.017 0.320403 0.0222444 0.671527 -0.814584 -0.513932 -3.98535 -0.87954 -819.152 0 
2 823.752 0.319864 0.0223108 0.670994 -0.776338 -0.582383 -3.99091 -0.268333 -819.493 0 
3 824.749 0.322538 0.0222145 0.671254 -0.822614 -0.53101 -4.27312 -1.37105 -819.104 0 
3 825.318 0.320987 0.0221797 0.67236 -0.842168 -0.488295 -4.4884 -1.67811 -819.152 0 
4 824.779 0.316619 0.0224275 0.676213 -0.834467 -0.46723 -4.08584 -1.51649 -819.176 0 
5 824.024 0.311347 0.0223718 0.678359 -0.827037 -0.457492 -4.4635 -0.330415 -819.23 0 
6 824.663 0.311572 0.0223401 0.67597 -0.796763 -0.485407 -4.91519 -0.505176 -819.243 0 
2 824.316 0.313846 0.0222033 0.676458 -0.831303 -0.465443 -4.19802 -0.906557 -819.212 0 
1 824.755 0.310844 0.0222647 0.677478 -0.8178 -0.472812 -4.66269 -0.890214 -819.202 0 
3 825.382 0.310465 0.0223134 0.67731 -0.81781 -0.454027 -4.6899 -1.49281 -819.199 0 
1 824.684 0.307206 0.022308 0.681794 -0.844712 -0.423333 -4.88305 -0.24865 -819.552 0 
1 824.468 0.313817 0.0222746 0.674264 -0.809408 -0.44388 -4.33427 -0.901992 -819.232 0 
4 823.713 0.318951 0.022408 0.671181 -0.819713 -0.411416 -3.89985 -0.520683 -819.293 0 
2 824.894 0.318931 0.0222118 0.673098 -0.843663 -0.424035 -4.07338 -1.65078 -819.169 0 
3 824.915 0.324628 0.0222572 0.66735 -0.829449 -0.423988 -4.30476 -1.32868 -819.281 0 
3 824.878 0.325059 0.0222902 0.668194 -0.836805 -0.414513 -4.4781 -1.16416 -819.236 0 
1 823.405 0.319895 0.0223485 0.670602 -0.824356 -0.409917 -3.91481 -0.225639 -819.265 0 
2 824.642 0.322537 0.0222635 0.670417 -0.851438 -0.398851 -4.5085 -0.965495 -819.168 0 
1 825.051 0.309512 0.0222009 0.67958 -0.859375 -0.382932 -4.36586 -1.08889 -819.596 0 
1 824.572 0.312675 0.022351 0.677788 -0.842136 -0.402996 -4.15607 -1.15709 -819.259 0 
1 824.212 0.314238 0.0224866 0.6739 -0.800936 -0.425025 -4.46318 -0.357945 -819.391 0 
2 823.818 0.312314 0.0223087 0.676346 -0.840809 -0.386761 -4.16361 -0.413048 -819.241 0 
3 824.546 0.314864 0.0223214 0.671948 -0.799984 -0.419744 -4.40919 -0.690962 -819.446 0 
1 824.398 0.3149 0.0223279 0.67274 -0.81589 -0.408471 -4.12867 -1.01054 -819.259 0 
1 824.965 0.316289 0.0221518 0.671765 -0.834285 -0.38114 -3.96769 -1.79611 -819.202 0 
3 825.07 0.317193 0.0222587 0.6694 -0.796813 -0.421315 -4.18135 -1.2915 -819.597 0 
4 823.803 0.316263 0.0222409 0.672717 -0.825622 -0.41038 -3.97254 -0.629891 -819.2 0 
3 824.375 0.312547 0.0223127 0.676222 -0.825483 -0.414922 -4.29673 -0.886039 -819.192 0 
8 824.977 0.315081 0.0224838 0.672505 -0.78851 -0.432335 -4.64839 -0.683485 -819.646 0 
1 825.45 0.307681 0.0224398 0.678269 -0.818103 -0.379044 -5.33507 -0.883797 -819.231 0 
2 827.039 0.309177 0.0225518 0.676548 -0.79959 -0.404559 -5.49538 -2.20387 -819.34 0 
2 829.182 0.30515 0.0226846 0.680642 -0.795796 -0.419163 -6.81004 -3.08416 -819.287 0 
4 828.36 0.301171 0.0225283 0.684214 -0.82245 -0.390568 -7.02593 -1.96547 -819.369 0 
2 827.899 0.304516 0.0226108 0.681709 -0.8286 -0.358804 -5.75063 -2.85872 -819.29 0 
1 827.288 0.311579 0.0226471 0.674751 -0.799495 -0.379333 -5.08898 -2.71093 -819.488 0 
2 828.746 0.304134 0.0227038 0.683923 -0.831792 -0.381335 -5.75092 -3.63154 -819.364 0 
3 828.73 0.306239 0.0225603 0.68216 -0.860408 -0.333588 -4.64178 -4.46039 -819.628 0 
1 828.301 0.301272 0.0225456 0.688374 -0.889078 -0.316295 -5.16018 -2.25949 -820.882 0 
15 827.126 0.300355 0.0225638 0.688752 -0.873046 -0.338267 -5.66649 -0.993433 -820.466 0 
2 825.959 0.308764 0.0226336 0.680322 -0.835912 -0.367475 -4.67637 -2.02024 -819.263 0 
1 824.128 0.309409 0.0223988 0.679869 -0.864833 -0.337581 -4.26674 -0.291306 -819.57 0 
3 823.524 0.313103 0.0224113 0.675435 -0.832326 -0.375117 -4.16545 -0.151971 -819.207 0 
2 823.7 0.315017 0.0223815 0.673795 -0.841602 -0.350177 -4.01602 -0.468282 -819.216 0 
3 823.644 0.315036 0.0223917 0.673191 -0.830661 -0.361115 -4.06074 -0.34702 -819.236 0 
1 824.456 0.312645 0.0222442 0.675072 -0.84188 -0.355555 -4.1439 -1.0829 -819.229 0 
3 824.198 0.313995 0.02226 0.673979 -0.839339 -0.353209 -4.07944 -0.902731 -819.216 0 
1 825.638 0.310877 0.0222022 0.679847 -0.895613 -0.304191 -4.32078 -1.16927 -820.148 0 
7 826.871 0.308986 0.0221826 0.679571 -0.897518 -0.278253 -4.30066 -2.33958 -820.231 0 
1 825.537 0.312296 0.0222037 0.677372 -0.903615 -0.254443 -4.41704 -1.06237 -820.058 0 
1 825.37 0.305163 0.0223678 0.682823 -0.882606 -0.289522 -4.53767 -0.727917 -820.105 0 
3 825.952 0.304025 0.0224446 0.685458 -0.905203 -0.257293 -4.52211 -0.565266 -820.865 0 
2 827.329 0.305705 0.0225138 0.681997 -0.879172 -0.26772 -4.46322 -2.99884 -819.867 0 
2 827.394 0.30464 0.0223474 0.684064 -0.909999 -0.247372 -4.46439 -1.99037 -820.94 0 
1 827.368 0.303787 0.0224805 0.681306 -0.850997 -0.293733 -5.30844 -2.60391 -819.456 0 
2 826.984 0.305523 0.0222323 0.680509 -0.878155 -0.269671 -4.516 -2.60827 -819.86 0 
4 825.646 0.303015 0.0225119 0.684476 -0.866862 -0.296488 -5.12905 -0.686318 -819.831 0 
1 826.421 0.30064 0.0224463 0.686524 -0.87926 -0.285129 -5.35351 -0.728092 -820.339 0 
3 827.015 0.299588 0.0224131 0.687401 -0.888976 -0.267934 -5.36063 -0.947605 -820.707 0 
3 826.362 0.303692 0.0222843 0.683309 -0.88667 -0.272338 -4.67312 -1.42186 -820.267 0 
2 825.135 0.308658 0.0223244 0.678151 -0.865574 -0.288726 -4.30378 -1.34192 -819.489 0 
3 824.149 0.310658 0.0224592 0.676305 -0.836332 -0.324405 -4.47745 -0.429632 -819.242 0 
2 823.701 0.31395 0.0223495 0.675334 -0.854069 -0.325737 -4.05511 -0.381909 -819.264 0 
4 823.681 0.313812 0.0223021 0.676515 -0.86912 -0.329765 -4.10729 -0.139563 -819.434 0 
1 824.265 0.319341 0.0223004 0.670278 -0.852302 -0.32288 -4.20257 -0.824591 -819.238 0 
1 824.428 0.316877 0.0223185 0.673752 -0.88954 -0.255878 -4.57018 -0.356647 -819.502 0 
1 827.369 0.319102 0.0223341 0.667335 -0.833439 -0.292445 -4.26356 -3.61317 -819.492 0 
6 823.968 0.317455 0.0223638 0.673368 -0.868205 -0.309119 -4.25406 -0.417686 -819.296 0 
1 824.832 0.317066 0.0224055 0.67536 -0.877671 -0.31706 -4.36965 -1.04094 -819.421 0 
1 824.668 0.317208 0.0222336 0.674786 -0.879591 -0.33137 -4.43701 -0.757759 -819.473 0 
9 823.464 0.319476 0.0222976 0.669719 -0.832888 -0.3584 -4.01432 -0.15272 -819.296 0 
2 823.699 0.316523 0.0223462 0.672066 -0.839563 -0.3433 -4.00725 -0.458886 -819.233 0 
2 824.004 0.314297 0.0222709 0.674596 -0.878869 -0.265779 -4.20433 -0.353033 -819.447 0 
1 825.83 0.318169 0.022131 0.672598 -0.896012 -0.259684 -4.85702 -1.40613 -819.567 0 
3 824.52 0.321276 0.0222138 0.669255 -0.866292 -0.292684 -4.64004 -0.617408 -819.262 0 
4 824.239 0.320668 0.0222405 0.669034 -0.865682 -0.27488 -4.60438 -0.352768 -819.282 0 
3 824.705 0.322842 0.0221889 0.666521 -0.841695 -0.331702 -4.39506 -0.952139 -819.358 0 
2 825.593 0.319307 0.0221398 0.669226 -0.859784 -0.301701 -4.31895 -2.02285 -819.251 0 
6 826.793 0.31957 0.0221376 0.66689 -0.823799 -0.34577 -4.06809 -3.2576 -819.467 0 
7 825.963 0.315605 0.0222189 0.670562 -0.821063 -0.366259 -4.10658 -2.53721 -819.319 0 
3 823.899 0.319442 0.0222481 0.670845 -0.853049 -0.346768 -4.18909 -0.497734 -819.212 0 
2 823.781 0.320565 0.0222703 0.670464 -0.845671 -0.363766 -4.15447 -0.416266 -819.21 0 
1 827.446 0.311156 0.0221899 0.674987 -0.848553 -0.335717 -4.19632 -3.96788 -819.282 0 
1 824.865 0.311239 0.0223355 0.674942 -0.829782 -0.349145 -4.44655 -1.18651 -819.232 0 
1 823.732 0.318806 0.0223119 0.671124 -0.862173 -0.297683 -4.30231 -0.17357 -819.256 0 
6 824.092 0.314227 0.0222891 0.674523 -0.86705 -0.282506 -4.11919 -0.640274 -819.333 0 
1 824.74 0.310754 0.022359 0.67686 -0.862687 -0.273587 -4.23775 -1.14185 -819.361 0 
4 825.03 0.314958 0.0221988 0.674872 -0.901296 -0.235497 -4.57271 -0.694281 -819.763 0 
7 824.45 0.318899 0.0222992 0.670201 -0.86929 -0.25975 -4.4957 -0.659601 -819.295 0 
2 824.798 0.321251 0.022297 0.66771 -0.852721 -0.285044 -4.50175 -0.960849 -819.335 0 
3 824.319 0.317454 0.0222085 0.672519 -0.87653 -0.289767 -4.38077 -0.579133 -819.359 0 
7 823.841 0.315985 0.0223087 0.672191 -0.858271 -0.275285 -4.17605 -0.390316 -819.274 0 
1 823.998 0.315076 0.0223996 0.675588 -0.870874 -0.296372 -4.14033 -0.493138 -819.364 0 
2 823.613 0.319124 0.0223488 0.669772 -0.84864 -0.294641 -4.24184 -0.0672437 -819.304 0 
5 824.171 0.315411 0.0222688 0.672256 -0.854301 -0.296446 -4.09515 -0.8196 -819.256 0 
3 824.892 0.310089 0.0222167 0.678111 -0.867649 -0.324885 -4.19862 -1.13786 -819.556 0 
4 824.747 0.310274 0.022301 0.677873 -0.855919 -0.350478 -4.2356 -1.1007 -819.41 0 
6 823.82 0.31026 0.0223934 0.679731 -0.865476 -0.343001 -4.21302 -0.0504249 -819.557 0 
3 823.511 0.317408 0.0223087 0.672983 -0.847823 -0.358096 -4.01665 -0.287395 -819.207 0 
2 825.308 0.315325 0.022276 0.676259 -0.879383 -0.316856 -4.24826 -1.544 -819.516 0 
1 825.233 0.31981 0.0222078 0.671778 -0.870433 -0.320432 -4.48726 -1.46816 -819.277 0 
2 825.161 0.322633 0.0222368 0.66922 -0.852615 -0.347142 -4.47391 -1.46023 -819.227 0 
1 824.325 0.319179 0.0224027 0.672449 -0.865858 -0.310147 -4.36357 -0.702766 -819.259 0 
3 824.197 0.315853 0.0224071 0.67504 -0.859121 -0.326606 -4.06347 -0.867372 -819.267 0 
2 824.066 0.319107 0.0223564 0.671585 -0.841552 -0.353512 -4.04025 -0.794052 -819.232 0 
2 824.529 0.324622 0.0222632 0.666271 -0.8365 -0.344984 -4.48933 -0.595012 -819.445 0 
1 824.012 0.322121 0.0223059 0.667163 -0.839433 -0.306699 -4.39814 -0.162144 -819.451 0 
1 824.376 0.321253 0.0224307 0.667074 -0.82571 -0.31191 -4.30509 -0.421948 -819.649 0 
5 824.443 0.322074 0.0224413 0.667081 -0.84562 -0.260675 -4.69303 -0.22086 -819.529 0 
3 825.152 0.32086 0.0224727 0.668678 -0.85433 -0.260969 -4.58463 -1.19151 -819.376 0 
3 825.37 0.324183 0.0223302 0.666775 -0.865568 -0.267478 -5.21094 -0.821025 -819.338 0 
4 825.176 0.317217 0.0222832 0.673016 -0.879476 -0.256468 -4.41997 -1.38825 -819.368 0 
1 825.258 0.317638 0.0221914 0.673534 -0.899317 -0.254326 -4.86187 -0.756847 -819.64 0 
1 825.295 0.316749 0.022235 0.674931 -0.906563 -0.253523 -4.94338 -0.506289 -819.845 0 
3 825.859 0.31121 0.0222447 0.680371 -0.919592 -0.259943 -4.6894 -0.424686 -820.745 0 
1 826.734 0.315191 0.0221307 0.674983 -0.904295 -0.263078 -4.72536 -2.09204 -819.916 0 
3 826.852 0.320928 0.0221398 0.668949 -0.878947 -0.27767 -4.92508 -2.61615 -819.31 0 
4 824.54 0.31453 0.0222561 0.67544 -0.88353 -0.292459 -4.27743 -0.694084 -819.568 0 
2 824.521 0.316408 0.0223196 0.673191 -0.874309 -0.280596 -4.28095 -0.887218 -819.353 0 
3 823.598 0.312078 0.0224109 0.675888 -0.847794 -0.31565 -4.19059 -0.151705 -819.256 0 
11 823.997 0.310676 0.0223649 0.678056 -0.868837 -0.306501 -4.15086 -0.342536 -819.503 0 
4 824.283 0.309439 0.0224493 0.678231 -0.848616 -0.327608 -4.3915 -0.579641 -819.312 0 
3 824.009 0.313282 0.0222807 0.67571 -0.869415 -0.294612 -4.0995 -0.513812 -819.395 0 
1 823.904 0.315376 0.0222615 0.673796 -0.874318 -0.278309 -4.20543 -0.323555 -819.375 0 
5 824.207 0.318123 0.0223551 0.67308 -0.876849 -0.278905 -4.44867 -0.418896 -819.34 0 
3 824.937 0.319866 0.0223521 0.670721 -0.866945 -0.293276 -4.49855 -1.1744 -819.264 0 
1 824.984 0.317822 0.022345 0.674271 -0.890136 -0.28252 -4.70157 -0.75758 -819.525 0 
4 825.139 0.320553 0.0222684 0.668588 -0.857903 -0.290517 -4.45935 -1.40071 -819.279 0 
3 823.512 0.313683 0.022343 0.675157 -0.867449 -0.285773 -4.10657 -0.0543958 -819.351 0 
1 825.448 0.316941 0.0224635 0.668937 -0.829416 -0.270653 -4.44997 -1.4304 -819.568 0 
1 824.708 0.307874 0.022456 0.678462 -0.856869 -0.273791 -4.54815 -0.788566 -819.371 0 
4 823.715 0.312502 0.0224568 0.67628 -0.86775 -0.268206 -4.14183 -0.207426 -819.366 0 
3 823.899 0.313934 0.0224129 0.675492 -0.88066 -0.240343 -4.2419 -0.21092 -819.446 0 
2 826.095 0.3168 0.0225561 0.67266 -0.879741 -0.205931 -4.58182 -2.14462 -819.369 0 
1 824.559 0.310116 0.0225128 0.678403 -0.886692 -0.218388 -4.22378 -0.693843 -819.642 0 
2 825.06 0.316271 0.0225037 0.671518 -0.853916 -0.250574 -4.29894 -1.44068 -819.32 0 
2 825.411 0.312167 0.0223138 0.677369 -0.90525 -0.22667 -4.41207 -0.99971 -819.999 0 
1 825.592 0.306252 0.0223228 0.68154 -0.91134 -0.198379 -4.30749 -0.762744 -820.521 0 
4 826.689 0.303215 0.0225188 0.682903 -0.895414 -0.187249 -4.60152 -1.93099 -820.157 0 
1 826.289 0.304763 0.0222852 0.682673 -0.91551 -0.186307 -4.35965 -1.17802 -820.752 0 
2 824.232 0.313354 0.0223018 0.675184 -0.877406 -0.250956 -4.18614 -0.611434 -819.435 0 
1 823.613 0.319232 0.0223779 0.669563 -0.845048 -0.291305 -4.26039 -0.00746902 -819.345 0 
2 824.034 0.31677 0.0223264 0.67164 -0.870048 -0.248102 -4.34117 -0.380102 -819.313 0 
1 823.863 0.315875 0.0223288 0.672211 -0.871865 -0.235094 -4.33619 -0.195944 -819.331 0 
11 826.463 0.319594 0.0226212 0.667173 -0.816026 -0.271182 -4.7301 -1.69709 -820.036 0 
1 828.011 0.324963 0.0225188 0.663079 -0.823789 -0.267244 -5.00097 -2.82225 -820.188 0 
1 826.299 0.317127 0.022529 0.66953 -0.838919 -0.254357 -4.42331 -2.39695 -819.479 0 
4 826.311 0.318864 0.022565 0.667935 -0.841124 -0.225702 -4.71544 -1.96994 -819.626 0 
1 825.652 0.317388 0.0226119 0.670088 -0.849686 -0.210024 -4.70635 -1.45072 -819.495 0 
2 825.636 0.320684 0.0225457 0.668007 -0.865584 -0.1808 -5.20404 -0.930784 -819.501 0 
3 825.546 0.317504 0.0224473 0.672057 -0.914271 -0.113058 -5.58991 -0.299665 -819.656 0 
1 826.227 0.31972 0.0223907 0.668646 -0.901642 -0.122865 -5.81243 -0.917631 -819.497 0 
1 826.553 0.319707 0.022342 0.670035 -0.917744 -0.123385 -6.10458 -0.793847 -819.655 0 
2 826.563 0.305028 0.0224717 0.680074 -0.919748 -0.0854763 -4.54082 -1.68598 -820.336 0 
5 825.949 0.308282 0.0225591 0.676302 -0.884636 -0.126223 -4.73174 -1.69797 -819.519 0 
2 825.34 0.309408 0.0223077 0.678088 -0.916714 -0.144841 -4.4383 -0.713694 -820.188 0 
1 826.308 0.320158 0.0222022 0.66995 -0.916806 -0.147856 -6.02012 -0.632032 -819.655 0 
1 824.811 0.316383 0.0223803 0.672885 -0.909097 -0.146928 -5.11673 -0.039256 -819.655 0 
1 825.743 0.316608 0.0223569 0.67004 -0.885646 -0.156572 -4.89216 -1.43106 -819.42 0 
4 825.015 0.32124 0.0224094 0.666336 -0.86621 -0.173836 -5.35645 -0.124507 -819.534 0 
1 825.179 0.316005 0.0223267 0.671291 -0.881795 -0.173722 -4.70426 -1.07681 -819.398 0 
1 825.985 0.318268 0.0224558 0.669128 -0.884832 -0.145536 -5.20668 -1.3459 -819.432 0 
4 827.457 0.321412 0.0222873 0.669679 -0.926211 -0.13229 -6.74301 -0.966603 -819.747 0 
3 825.614 0.319791 0.0223874 0.671217 -0.90777 -0.167508 -5.63477 -0.420827 -819.558 0 
9 824.667 0.319523 0.0223401 0.670011 -0.887079 -0.190301 -5.08499 -0.19168 -819.39 0 
3 824.636 0.315308 0.0223539 0.673903 -0.909026 -0.156381 -4.90363 -0.0216765 -819.711 0 
2 825.242 0.315608 0.022283 0.672604 -0.904615 -0.148913 -4.92462 -0.704887 -819.612 0 
4 827.591 0.320327 0.0222003 0.67059 -0.925242 -0.135303 -6.31809 -1.49716 -819.775 0 
1 826.759 0.320888 0.0222146 0.669569 -0.916848 -0.142058 -6.2079 -0.923321 -819.628 0 
2 826.884 0.318492 0.0222458 0.671355 -0.927257 -0.12945 -6.02916 -0.971348 -819.884 0 
11 826.694 0.317502 0.0223601 0.673228 -0.935795 -0.110809 -6.09171 -0.511853 -820.09 0 
2 830.137 0.313414 0.0225627 0.675833 -0.930041 -0.0965565 -5.23576 -4.76979 -820.131 0 
7 826.086 0.308426 0.0225685 0.68034 -0.923839 -0.120925 -4.4906 -1.21318 -820.383 0 
4 825.785 0.314992 0.0225456 0.674366 -0.902559 -0.150837 -4.8234 -1.35817 -819.603 0 
1 824.873 0.315932 0.022515 0.671664 -0.877784 -0.171771 -4.707 -0.776928 -819.389 0 
2 825.283 0.314996 0.0224815 0.672317 -0.89421 -0.135845 -4.87525 -0.914204 -819.493 0 
4 825.222 0.320374 0.0225142 0.668146 -0.860847 -0.195384 -5.02915 -0.695698 -819.497 0 
10 825.603 0.319794 0.0225336 0.669384 -0.867365 -0.192795 -4.97607 -1.20187 -819.425 0 
7 824.923 0.319181 0.0225118 0.668339 -0.853264 -0.209856 -4.78927 -0.628805 -819.505 0 
2 825.051 0.31557 0.0225813 0.67152 -0.851072 -0.217192 -4.5631 -1.08193 -819.406 0 
1 825.795 0.304858 0.0224958 0.68146 -0.892334 -0.174441 -4.56485 -1.32397 -819.906 0 
1 826.349 0.303982 0.0223536 0.682657 -0.921879 -0.145478 -4.38816 -1.12802 -820.833 0 
1 827.724 0.299248 0.0225643 0.687975 -0.928667 -0.120854 -4.71798 -1.52147 -821.484 0 
2 828.412 0.297557 0.0225711 0.688414 -0.913541 -0.141616 -5.20415 -2.10792 -821.1 0 
3 826.085 0.304738 0.0225351 0.682691 -0.907545 -0.15138 -4.44902 -1.37198 -820.264 0 
5 825.343 0.314746 0.0225721 0.674457 -0.889393 -0.174615 -4.58919 -1.28768 -819.466 0 
1 826.411 0.314215 0.0226385 0.675309 -0.885641 -0.188355 -4.46551 -2.49846 -819.447 0 
8 826.979 0.303971 0.0225976 0.685187 -0.907254 -0.189692 -4.44686 -2.01231 -820.52 0 
1 827.004 0.306328 0.022701 0.680624 -0.858114 -0.239627 -4.88348 -2.73647 -819.384 0 
3 826.515 0.309063 0.0226576 0.676258 -0.846473 -0.219764 -4.96659 -2.21708 -819.331 0 
1 826.128 0.303527 0.0225453 0.682185 -0.889141 -0.171502 -4.76137 -1.47689 -819.89 0 
1 826.477 0.30713 0.0226258 0.679343 -0.871417 -0.192894 -4.69625 -2.32163 -819.459 0 
5 825.008 0.315873 0.0225158 0.673179 -0.890291 -0.174171 -4.71015 -0.844478 -819.454 0 
5 824.348 0.314025 0.0224137 0.675159 -0.902534 -0.173829 -4.60435 -0.0674934 -819.677 0 
1 825.418 0.311334 0.0222942 0.677586 -0.908682 -0.185463 -4.39758 -1.03028 -819.99 0 
1 824.333 0.314778 0.0223169 0.672667 -0.882681 -0.199706 -4.4448 -0.473964 -819.415 0 
1 824.818 0.310824 0.0223158 0.676729 -0.876347 -0.242536 -4.20582 -1.12557 -819.487 0 
4 823.783 0.312391 0.0223554 0.676641 -0.883799 -0.251857 -4.18388 -0.029706 -819.569 0 
2 825.206 0.318919 0.0222266 0.668101 -0.850898 -0.266222 -4.36502 -1.49104 -819.35 0 
1 824.172 0.316601 0.0222395 0.672382 -0.866295 -0.28394 -4.1996 -0.682551 -819.29 0 
1 825.403 0.325699 0.0221549 0.664063 -0.839792 -0.320585 -4.79131 -1.08271 -819.529 0 
1 825.587 0.324182 0.0222355 0.666397 -0.822456 -0.37911 -4.18334 -1.86029 -819.544 0 
2 825.623 0.318127 0.0223659 0.672113 -0.836077 -0.353178 -4.00958 -2.35855 -819.255 0 
5 825.415 0.321885 0.0225423 0.667391 -0.796565 -0.394524 -4.07053 -1.33635 -820.008 0 
4 824.426 0.314923 0.022546 0.673438 -0.817423 -0.363838 -4.25426 -0.816861 -819.355 0 
1 825.951 0.318106 0.02258 0.671806 -0.828263 -0.352435 -4.01208 -2.60649 -819.333 0 
1 826.358 0.314528 0.0225034 0.674211 -0.844558 -0.328845 -4.04422 -3.0826 -819.231 0 
8 824.147 0.316543 0.0223113 0.674314 -0.873149 -0.318319 -4.26825 -0.500395 -819.378 0 
6 825.267 0.31125 0.0223519 0.676812 -0.859093 -0.324035 -4.13746 -1.75801 -819.372 0 
1 826.042 0.323157 0.0222883 0.666731 -0.841346 -0.337491 -4.42785 -2.26134 -819.353 0 
1 824.628 0.323499 0.0223163 0.664935 -0.813582 -0.355856 -4.21253 -0.577876 -819.838 0 
8 824.923 0.321813 0.0222082 0.666781 -0.832681 -0.346152 -4.17642 -1.34577 -819.401 0 
2 826.368 0.311069 0.0222958 0.674153 -0.838618 -0.312146 -4.38738 -2.73138 -819.249 0 
3 826.984 0.306698 0.0223373 0.677735 -0.834667 -0.321162 -5.15517 -2.56303 -819.266 0 
4 827.822 0.303072 0.0223707 0.681723 -0.843845 -0.330773 -5.6691 -2.69418 -819.459 0 
6 824.525 0.311917 0.0222233 0.6776 -0.884807 -0.296953 -4.19561 -0.586566 -819.743 0 
1 824.614 0.309829 0.0222796 0.677527 -0.860511 -0.313379 -4.24053 -0.954324 -819.419 0 
1 825.92 0.307811 0.0223219 0.679326 -0.856259 -0.309348 -4.54505 -1.95366 -819.421 0 
1 824.311 0.314804 0.022258 0.673922 -0.853878 -0.321125 -4.04914 -1.01015 -819.251 0 
3 823.76 0.316176 0.0224438 0.671754 -0.830626 -0.319669 -4.1759 -0.234916 -819.35 0 
1 824.009 0.313464 0.0223614 0.673709 -0.835466 -0.324547 -4.2303 -0.524478 -819.254 0 
6 824.284 0.309277 0.0223289 0.680584 -0.87955 -0.314905 -4.24209 -0.202888 -819.84 0 
4 824.204 0.309577 0.0223766 0.677785 -0.835977 -0.366913 -4.54294 -0.413107 -819.248 0 
4 825.027 0.30997 0.0222576 0.678925 -0.877541 -0.297192 -4.18177 -1.16121 -819.684 0 
3 824.991 0.31603 0.0222292 0.675666 -0.896653 -0.283559 -4.6179 -0.628203 -819.745 0 
3 824.074 0.320118 0.022288 0.671004 -0.869293 -0.299067 -4.53509 -0.27138 -819.267 0 
2 825.766 0.317879 0.0222987 0.672355 -0.85746 -0.306819 -4.16064 -2.35844 -819.247 0 
1 825.256 0.315054 0.0222955 0.67155 -0.8383 -0.294066 -4.25237 -1.68868 -819.314 0 
5 826.647 0.313489 0.0223171 0.674171 -0.834995 -0.332218 -4.24685 -3.15522 -819.245 0 
8 824.752 0.315382 0.0223576 0.6723 -0.831081 -0.327053 -4.18697 -1.25797 -819.307 0 
2 824.75 0.320325 0.0222237 0.667986 -0.836857 -0.317294 -4.20474 -1.1529 -819.392 0 
11 825.173 0.323184 0.0224313 0.66576 -0.808125 -0.344089 -4.32993 -0.792238 -820.05 0 
2 825.355 0.320801 0.0224219 0.666355 -0.792897 -0.364519 -4.40082 -0.696994 -820.257 0 
1 825.259 0.32235 0.0221531 0.665987 -0.833929 -0.331295 -4.28005 -1.52401 -819.455 0 
1 824.956 0.316793 0.0222437 0.670064 -0.833312 -0.316603 -4.14702 -1.46642 -819.342 0 
6 824.176 0.313765 0.0224606 0.673111 -0.822877 -0.33166 -4.39923 -0.42744 -819.349 0 
2 824.348 0.310206 0.0225091 0.67721 -0.836892 -0.331861 -4.49547 -0.611711 -819.24 0 
2 827.152 0.301499 0.0223892 0.68505 -0.864738 -0.306229 -5.54101 -1.69528 -819.916 0 
3 827.361 0.299636 0.0225323 0.687102 -0.853681 -0.335276 -6.37567 -1.11656 -819.869 0 
1 826.701 0.300758 0.022502 0.68594 -0.859872 -0.318264 -5.82955 -0.985603 -819.886 0 
2 828.131 0.311334 0.0222247 0.680765 -0.902383 -0.302938 -4.41294 -3.3862 -820.332 0 
5 827.905 0.316008 0.0223023 0.677271 -0.896764 -0.296957 -4.59585 -3.51581 -819.793 0 
1 827.957 0.320422 0.0222676 0.672782 -0.881022 -0.307242 -4.77587 -3.82995 -819.351 0 
1 827.548 0.31394 0.0224653 0.679116 -0.879071 -0.326558 -4.19142 -3.75591 -819.6 0 
1 826.937 0.311452 0.0224913 0.680574 -0.880963 -0.30626 -4.15943 -3.06638 -819.711 0 
10 825.753 0.315588 0.0225032 0.676825 -0.880696 -0.296066 -4.28202 -1.98809 -819.483 0 
2 826.543 0.317733 0.0224136 0.675642 -0.902502 -0.267337 -4.99304 -1.81287 -819.737 0 
2 827.412 0.316616 0.0225468 0.676697 -0.885918 -0.292702 -4.46432 -3.4255 -819.523 0 
6 828.299 0.312767 0.0225469 0.680943 -0.907565 -0.266729 -4.51509 -3.58163 -820.202 0 
2 826.062 0.311385 0.0225017 0.681174 -0.88849 -0.313932 -4.26253 -1.86053 -819.939 0 
19 826.343 0.31533 0.0225093 0.676248 -0.878294 -0.295862 -4.25526 -2.63334 -819.454 0 
2 829.394 0.316388 0.0224255 0.678921 -0.922625 -0.267698 -5.41557 -3.56103 -820.418 0 
1 828.831 0.318323 0.0225541 0.674651 -0.881655 -0.292572 -4.59748 -4.83495 -819.399 0 
2 827.751 0.317245 0.0225538 0.67491 -0.874064 -0.300234 -4.33857 -4.0642 -819.348 0 
1 825.019 0.310934 0.0225496 0.67935 -0.866061 -0.314165 -4.14522 -1.40976 -819.464 0 
2 826.656 0.314182 0.0225858 0.677878 -0.86483 -0.336272 -4.08724 -3.19671 -819.372 0 
2 826.177 0.309193 0.0225365 0.682761 -0.884259 -0.325574 -4.30155 -1.8496 -820.026 0 
1 826.819 0.31175 0.022422 0.681571 -0.908833 -0.3017 -4.63986 -1.65645 -820.523 0 
1 827.096 0.317006 0.0223513 0.676805 -0.902898 -0.309785 -5.05356 -2.10337 -819.939 0 
1 827.73 0.312404 0.022217 0.680005 -0.920198 -0.293406 -5.02369 -1.84371 -820.863 0 
1 826.168 0.313846 0.0222721 0.678199 -0.907795 -0.2893 -4.75024 -1.18446 -820.233 0 
1 827.712 0.316547 0.0220331 0.675139 -0.9097 -0.293722 -5.12795 -2.48075 -820.103 0 
3 825.512 0.315755 0.0221986 0.675326 -0.891202 -0.308441 -4.56368 -1.23526 -819.713 0 
1 825.599 0.311917 0.0223361 0.678684 -0.891894 -0.298049 -4.31142 -1.35611 -819.931 0 
1 823.736 0.313428 0.0224392 0.676617 -0.852859 -0.349899 -4.05504 -0.401088 -819.28 0 
12 824.017 0.317154 0.022316 0.674553 -0.870657 -0.338665 -4.2828 -0.376952 -819.357 0 
1 823.845 0.310801 0.0223969 0.679469 -0.86811 -0.337226 -4.17493 -0.104159 -819.566 0 
6 823.681 0.310641 0.0223667 0.678752 -0.853548 -0.361463 -4.23476 -0.0607948 -819.385 0 
1 823.74 0.314565 0.0222395 0.675201 -0.848005 -0.38435 -4.03281 -0.460808 -819.246 0 
1 823.968 0.311154 0.022285 0.677488 -0.840661 -0.393141 -4.28993 -0.406487 -819.272 0 
1 823.491 0.313326 0.0223207 0.677059 -0.850656 -0.393256 -4.10496 -0.0716432 -819.315 0 
2 824.42 0.323164 0.022288 0.669616 -0.838828 -0.419651 -4.3173 -0.923338 -819.18 0 
7 824.586 0.318743 0.0221421 0.672918 -0.853988 -0.415727 -4.26163 -1.09559 -819.229 0 
3 824.81 0.312826 0.0222755 0.678721 -0.852435 -0.425024 -4.22145 -1.16364 -819.425 0 
1 824.464 0.308476 0.0224121 0.680202 -0.818462 -0.461308 -5.10549 -0.117406 -819.241 0 
5 823.82 0.311606 0.0224196 0.678356 -0.835224 -0.422604 -4.30908 -0.262228 -819.248 0 
1 824.595 0.312886 0.0223176 0.676987 -0.84991 -0.398097 -4.14084 -1.12637 -819.328 0 
2 827.151 0.305587 0.0223684 0.687511 -0.891652 -0.398673 -5.01292 -1.00084 -821.138 0 
2 827.191 0.305124 0.022489 0.687346 -0.869759 -0.41859 -5.08419 -1.70145 -820.405 0 
4 830.122 0.306351 0.0223442 0.687624 -0.893444 -0.404252 -4.97409 -3.97488 -821.173 0 
5 829.828 0.302759 0.0223892 0.690923 -0.903989 -0.386611 -5.36686 -2.40075 -822.06 0 
2 829.962 0.310126 0.0224894 0.685298 -0.900709 -0.376277 -4.78919 -4.32664 -820.846 0 
1 829.894 0.311765 0.0225979 0.68284 -0.884303 -0.373302 -4.45458 -5.37762 -820.061 0 
2 829.297 0.316182 0.0226675 0.675956 -0.842349 -0.378688 -3.98248 -6.1178 -819.197 0 
7 829.762 0.316537 0.0225866 0.67851 -0.868119 -0.39211 -4.33624 -5.98102 -819.445 0 
2 828.208 0.319338 0.0225137 0.673989 -0.850455 -0.400963 -4.21542 -4.80431 -819.189 0 
1 828.66 0.319117 0.0226035 0.671114 -0.802797 -0.435335 -3.90759 -5.26193 -819.49 0 
2 828.005 0.323888 0.022516 0.668622 -0.821098 -0.418506 -4.095 -4.51183 -819.398 0 
1 825.721 0.323186 0.0223561 0.667522 -0.818264 -0.41641 -4.01349 -2.27846 -819.429 0 
7 823.735 0.320757 0.0222227 0.669345 -0.824196 -0.42027 -3.93165 -0.544052 -819.259 0 
3 823.343 0.318358 0.0223143 0.671573 -0.810865 -0.448349 -3.90323 -0.150011 -819.289 0 
2 823.657 0.319681 0.0222606 0.669632 -0.808283 -0.44692 -3.86018 -0.428998 -819.368 0 
2 825.734 0.323453 0.0221063 0.668936 -0.848551 -0.405156 -4.53013 -2.03807 -819.165 0 
2 825.367 0.326874 0.0221016 0.664615 -0.821464 -0.435308 -4.39757 -1.52844 -819.441 0 
1 826.222 0.325361 0.0220913 0.663822 -0.795167 -0.469386 -3.87672 -2.52192 -819.823 0 
5 827.169 0.313449 0.0220713 0.67538 -0.827492 -0.460257 -4.22335 -3.75248 -819.193 0 
1 827.475 0.31235 0.0220507 0.675423 -0.827941 -0.453494 -4.32303 -3.94091 -819.211 0 
3 829.969 0.313974 0.0219181 0.676237 -0.87925 -0.399821 -4.56329 -5.53636 -819.869 0 
1 830.317 0.31141 0.0219716 0.679745 -0.909761 -0.352053 -5.001 -4.39152 -820.924 0 
1 829.605 0.30985 0.0219908 0.680267 -0.899356 -0.356053 -4.68847 -4.23639 -820.68 0 
2 825.181 0.313882 0.0221306 0.675913 -0.855029 -0.407558 -4.16441 -1.63608 -819.381 0 
5 825.132 0.310985 0.0222839 0.676655 -0.828139 -0.418478 -4.43494 -1.48373 -819.214 0 
5 824.394 0.31681 0.022166 0.672051 -0.82524 -0.427557 -3.94632 -1.26448 -819.183 0 
1 825.328 0.318216 0.0220932 0.670791 -0.830967 -0.416316 -3.93176 -2.21514 -819.181 0 
2 825.14 0.319003 0.0221328 0.670089 -0.820834 -0.423803 -3.89078 -1.9987 -819.25 0 
1 823.626 0.316505 0.0222434 0.672854 -0.837101 -0.385563 -3.96192 -0.472079 -819.192 0 
1 823.791 0.313012 0.0222594 0.675919 -0.838543 -0.398936 -4.13002 -0.438194 -819.223 0 
3 823.685 0.314175 0.0223291 0.675927 -0.855444 -0.365869 -4.05901 -0.321666 -819.304 0 
1 823.74 0.315253 0.0222346 0.674985 -0.848913 -0.39073 -4.03194 -0.46417 -819.244 0 
1 823.993 0.319102 0.0222337 0.669547 -0.815248 -0.417193 -3.89499 -0.758659 -819.339 0 
6 825.453 0.324233 0.0221208 0.664836 -0.814158 -0.407238 -4.05811 -1.79873 -819.596 0 
2 824.227 0.322482 0.0221985 0.666932 -0.810926 -0.418424 -3.92066 -0.770957 -819.535 0 
1 824.763 0.324658 0.0221581 0.665475 -0.823791 -0.397704 -4.21299 -1.09036 -819.46 0 
2 824.887 0.324762 0.0221667 0.665888 -0.820602 -0.40645 -4.15274 -1.24536 -819.488 0 
1 827.179 0.325428 0.0221823 0.668301 -0.851046 -0.391774 -4.84288 -3.14727 -819.188 0 
2 826.235 0.327827 0.0223351 0.66619 -0.839074 -0.395988 -4.98504 -1.91475 -819.336 0 
1 827.051 0.328815 0.0223538 0.665919 -0.834597 -0.417241 -5.045 -2.64491 -819.361 0 
1 826.234 0.32773 0.0223665 0.666465 -0.823424 -0.439306 -4.54989 -2.26026 -819.424 0 
3 827.512 0.330179 0.0224661 0.662867 -0.792956 -0.45523 -4.31275 -2.87606 -820.323 0 
4 824.265 0.324706 0.0223959 0.666062 -0.790591 -0.457891 -3.86275 -0.414084 -819.988 0 
4 824.301 0.323758 0.0222816 0.665733 -0.799456 -0.436444 -3.89643 -0.613101 -819.791 0 
1 824.202 0.321231 0.0222804 0.666937 -0.788323 -0.446475 -3.94311 -0.351654 -819.907 0 
4 823.843 0.3243 0.0222725 0.666708 -0.814642 -0.423442 -4.02872 -0.298651 -819.516 0 
3 823.536 0.321729 0.0223378 0.669039 -0.820898 -0.411443 -3.94883 -0.234336 -819.353 0 
3 824.783 0.325594 0.0223067 0.667094 -0.836592 -0.386725 -4.54501 -0.908091 -819.33 0 
1 824.677 0.32467 0.0222294 0.666077 -0.83004 -0.36586 -4.34918 -0.853143 -819.475 0 
3 825.701 0.328631 0.0221413 0.662372 -0.828007 -0.36756 -4.90684 -1.09678 -819.698 0 
5 825.689 0.324649 0.0223031 0.665082 -0.790326 -0.429717 -3.9888 -1.52326 -820.177 0 
3 826.927 0.331808 0.0223554 0.661413 -0.799144 -0.430541 -4.70159 -1.81904 -820.406 0 
1 826.799 0.334432 0.0222743 0.65733 -0.784512 -0.428333 -4.97589 -0.508239 -821.315 0 
4 829.393 0.337854 0.0222774 0.656001 -0.797177 -0.427693 -6.02516 -2.29382 -821.074 0 
4 828.491 0.334214 0.0223185 0.66072 -0.802053 -0.4576 -5.13716 -3.05913 -820.295 0 
2 827.551 0.333813 0.0223796 0.659888 -0.788751 -0.457223 -4.78295 -1.97517 -820.793 0 
5 827.132 0.33238 0.0223616 0.661363 -0.79325 -0.460067 -4.60104 -2.07413 -820.456 0 
1 826.518 0.32913 0.022328 0.663572 -0.801876 -0.435673 -4.32559 -2.1242 -820.068 0 
1 825.593 0.330038 0.0222899 0.661521 -0.803238 -0.419276 -4.55315 -0.840441 -820.199 0 
2 824.588 0.326924 0.0222269 0.663742 -0.814585 -0.399978 -4.34103 -0.482052 -819.765 0 
2 824.307 0.320855 0.0223735 0.667146 -0.784664 -0.430678 -4.09776 -0.11116 -820.098 0 
2 825.104 0.314957 0.0222644 0.67149 -0.811272 -0.384358 -4.29146 -1.4319 -819.381 0 
2 826.015 0.318246 0.022235 0.668674 -0.802054 -0.393018 -4.16649 -2.1934 -819.655 0 
1 824.802 0.320751 0.0222132 0.668732 -0.8218 -0.391566 -3.95452 -1.47222 -819.375 0 
1 825.952 0.318227 0.0224001 0.668231 -0.779478 -0.411974 -4.60128 -1.12946 -820.221 0 
4 825.709 0.32252 0.0224183 0.664327 -0.773766 -0.41393 -4.30891 -0.61668 -820.783 0 
3 827.16 0.327455 0.0220472 0.663672 -0.844672 -0.348522 -5.08912 -2.66343 -819.408 0 
2 827.066 0.325973 0.0220833 0.665421 -0.83847 -0.375221 -4.6279 -3.08415 -819.354 0 
5 825.238 0.325766 0.0221661 0.664087 -0.828946 -0.361733 -4.50442 -1.17211 -819.561 0 
5 824.912 0.321202 0.0221562 0.667243 -0.82639 -0.367049 -4.04435 -1.46368 -819.403 0 
1 826.035 0.327104 0.0221062 0.66286 -0.830647 -0.356577 -4.74137 -1.68058 -819.613 0 
7 825.758 0.326445 0.0221335 0.664796 -0.832691 -0.376775 -4.59438 -1.70842 -819.455 0 
3 825.094 0.32083 0.0221782 0.667369 -0.829786 -0.342055 -4.12212 -1.54474 -819.427 0 
1 824.409 0.322132 0.022182 0.667305 -0.837264 -0.351428 -4.21753 -0.859809 -819.332 0 
2 825.641 0.311471 0.0222215 0.678092 -0.880994 -0.298122 -4.15388 -1.80397 -819.684 0 
3 825.688 0.319777 0.0222107 0.672196 -0.88331 -0.29291 -4.76401 -1.54522 -819.379 0 
2 825.263 0.321395 0.0222046 0.670652 -0.873 -0.315289 -4.76386 -1.22904 -819.27 0 
3 823.66 0.316594 0.0222774 0.671742 -0.832845 -0.359576 -3.99975 -0.416399 -819.244 0 
1 824.196 0.320548 0.0222833 0.667312 -0.814903 -0.359104 -4.09117 -0.475659 -819.629 0 
4 824.945 0.317302 0.0225108 0.669884 -0.796797 -0.372458 -4.45966 -0.63514 -819.85 0 
1 825.146 0.319122 0.0223326 0.667447 -0.80099 -0.379356 -4.15165 -1.19587 -819.799 0 
6 825.748 0.317836 0.0222517 0.668165 -0.794232 -0.408532 -4.22151 -1.77193 -819.754 0 
1 826.538 0.317327 0.0221752 0.668929 -0.811383 -0.392103 -4.03757 -3.07164 -819.428 0 
1 826.792 0.313158 0.0220677 0.675016 -0.859699 -0.354031 -4.08241 -3.34174 -819.368 0 
2 826.296 0.313165 0.0220818 0.675733 -0.854776 -0.385261 -4.11105 -2.82624 -819.358 0 
3 824.095 0.314081 0.0222188 0.674482 -0.837501 -0.39267 -4.0538 -0.840032 -819.202 0 
6 825.489 0.312555 0.0222978 0.674831 -0.810204 -0.420489 -4.55346 -1.68492 -819.251 0 
3 824.912 0.317703 0.0221563 0.673181 -0.860422 -0.3653 -4.16874 -1.47857 -819.264 0 
1 824.824 0.321176 0.0221478 0.668222 -0.83352 -0.371822 -4.0651 -1.46577 -819.293 0 
5 824.604 0.323224 0.0221692 0.666153 -0.817561 -0.396886 -4.03425 -1.04622 -819.524 0 
1 825.362 0.326381 0.0223562 0.6628 -0.797337 -0.390796 -4.23623 -0.794194 -820.331 0 
3 824.44 0.326068 0.0222609 0.664835 -0.811283 -0.40867 -4.17866 -0.50513 -819.756 0 
4 825.607 0.329708 0.0223754 0.661354 -0.784 -0.442373 -4.22895 -0.634725 -820.744 0 
6 827.123 0.327479 0.0224669 0.665548 -0.793541 -0.459476 -4.00989 -3.04213 -820.071 0 
2 826.384 0.328302 0.0224823 0.662122 -0.768606 -0.449391 -4.13485 -0.984768 -821.265 0 
1 826.448 0.328948 0.0223677 0.664553 -0.806813 -0.444064 -4.35803 -2.23757 -819.852 0 
1 824.734 0.326612 0.0223644 0.665162 -0.809129 -0.414716 -4.19506 -0.726892 -819.812 0 
10 823.718 0.322273 0.022291 0.66834 -0.818302 -0.41125 -3.95432 -0.349699 -819.414 0 
2 823.726 0.319155 0.0224054 0.671995 -0.829494 -0.400164 -3.93006 -0.57022 -819.226 0 
2 823.62 0.317821 0.0223187 0.673439 -0.850217 -0.373076 -4.05208 -0.363116 -819.204 0 
3 823.91 0.315636 0.0222954 0.674653 -0.839013 -0.396826 -3.98637 -0.73269 -819.19 0 
1 823.355 0.313652 0.0223325 0.676172 -0.839623 -0.399016 -4.08173 -0.0557074 -819.218 0 
7 823.645 0.315177 0.0223541 0.6758 -0.84353 -0.399281 -4.01485 -0.416081 -819.214 0 
2 824.894 0.323135 0.0224008 0.669767 -0.832322 -0.411746 -4.17019 -1.47756 -819.246 0 
6 824.23 0.31482 0.0224454 0.676316 -0.849205 -0.383017 -4.0347 -0.946156 -819.249 0 
3 824.293 0.313774 0.0223326 0.678287 -0.872298 -0.367689 -4.23035 -0.471267 -819.591 0 
5 826.111 0.316982 0.0224852 0.676461 -0.859158 -0.382521 -4.14923 -2.67467 -819.287 0 
1 825.074 0.30956 0.0222406 0.681134 -0.876934 -0.36444 -4.35927 -0.750683 -819.964 0 
3 824.342 0.312204 0.0222212 0.678358 -0.867675 -0.375682 -4.21323 -0.525893 -819.603 0 
1 823.831 0.316185 0.0223115 0.672467 -0.812686 -0.438515 -4.02251 -0.560511 -819.248 0 
1 825.152 0.322965 0.0223862 0.665435 -0.762539 -0.499553 -3.97913 -0.563097 -820.609 0 
2 823.974 0.32202 0.0222009 0.669407 -0.826507 -0.448809 -4.039 -0.739163 -819.196 0 
2 824.47 0.321147 0.0221814 0.671536 -0.838924 -0.456447 -4.22074 -1.113 -819.136 0 
1 823.355 0.318852 0.0223186 0.672236 -0.824649 -0.444448 -3.91611 -0.261161 -819.178 0 
1 823.605 0.316937 0.0224125 0.674111 -0.825394 -0.435446 -3.94668 -0.484195 -819.174 0 
2 823.423 0.313181 0.0223143 0.676727 -0.841848 -0.407219 -4.12116 -0.0535381 -819.249 0 
2 825.223 0.319328 0.022266 0.671494 -0.848733 -0.386026 -4.15808 -1.87952 -819.186 0 
2 825.315 0.318176 0.0222181 0.673203 -0.876105 -0.338145 -4.52081 -1.39862 -819.396 0 
1 825.502 0.307415 0.0223636 0.681475 -0.865251 -0.357998 -4.50814 -1.23075 -819.763 0 
3 826.659 0.31563 0.022038 0.674535 -0.876565 -0.350983 -4.32501 -2.79818 -819.536 0 
2 825.681 0.319323 0.0220858 0.671157 -0.852461 -0.378886 -4.16359 -2.32045 -819.197 0 
1 825.773 0.323148 0.0221042 0.668499 -0.85115 -0.37556 -4.51473 -2.06516 -819.194 0 
2 826.38 0.317929 0.022231 0.669241 -0.81678 -0.393094 -3.95234 -3.06874 -819.359 0 
1 826.11 0.310036 0.0223824 0.6755 -0.795944 -0.43349 -5.35236 -1.42484 -819.333 0 
2 827.733 0.30702 0.0224646 0.678411 -0.801249 -0.43103 -5.92334 -2.56126 -819.248 0 
2 829.953 0.309423 0.0224464 0.675252 -0.788625 -0.439786 -5.6784 -4.86719 -819.407 0 
2 829.439 0.309385 0.0222696 0.675453 -0.799823 -0.446311 -5.3019 -4.88149 -819.256 0 
2 830.784 0.31522 0.0224448 0.669711 -0.771918 -0.450202 -4.90885 -5.84287 -820.032 0 
2 828.268 0.311155 0.0222525 0.674324 -0.817637 -0.39958 -4.56113 -4.48672 -819.22 0 
2 825.959 0.30866 0.0222199 0.67812 -0.832663 -0.400719 -4.74813 -1.938 -819.273 0 
1 824.54 0.311892 0.0222234 0.676053 -0.844572 -0.370228 -4.1755 -1.10013 -819.264 0 
12 825.595 0.312264 0.0222817 0.673511 -0.823993 -0.35933 -4.39781 -1.94631 -819.251 0 
1 826.227 0.317423 0.022308 0.668264 -0.808182 -0.35797 -4.22141 -2.36672 -819.639 0 
1 826.487 0.318734 0.0223855 0.666341 -0.772592 -0.407414 -4.72389 -1.20083 -820.562 0 
3 826.96 0.322297 0.0222997 0.663587 -0.774962 -0.415548 -4.26122 -2.0016 -820.697 0 
3 825.842 0.329224 0.022159 0.660536 -0.797279 -0.415516 -4.38699 -1.07744 -820.378 0 
7 824.242 0.325644 0.0222317 0.66562 -0.814883 -0.424026 -4.14242 -0.529835 -819.57 0 
3 824.547 0.321072 0.0221901 0.670981 -0.846518 -0.405656 -4.22928 -1.15145 -819.166 0 
16 823.691 0.313195 0.0222773 0.676459 -0.844176 -0.394638 -4.10157 -0.334328 -819.255 0 
2 824.153 0.31707 0.0222474 0.67451 -0.850372 -0.403001 -4.0708 -0.855784 -819.226 0 
1 825.65 0.316954 0.0221839 0.670957 -0.813983 -0.440415 -3.9568 -2.44958 -819.244 0 
1 824.791 0.324461 0.0221405 0.667419 -0.829175 -0.434042 -4.25329 -1.28502 -819.252 0 
1 824.11 0.323834 0.0222602 0.668427 -0.829474 -0.426031 -4.19333 -0.661519 -819.256 0 
10 823.266 0.318274 0.0223272 0.671535 -0.820604 -0.420908 -3.9024 -0.118299 -819.245 0 
2 823.517 0.316485 0.022308 0.673596 -0.82212 -0.43488 -3.96911 -0.361303 -819.187 0 
3 823.893 0.31945 0.022423 0.669912 -0.785271 -0.479542 -3.99005 -0.189712 -819.714 0 
4 825.358 0.31194 0.0224979 0.676172 -0.787787 -0.475053 -5.14272 -0.831859 -819.384 0 
3 825.164 0.313864 0.0224168 0.674034 -0.776915 -0.502582 -4.9837 -0.621106 -819.56 0 
6 826.156 0.319074 0.0224089 0.671859 -0.790322 -0.495586 -3.96913 -2.68325 -819.504 0 
1 825.377 0.31986 0.0224335 0.670643 -0.765777 -0.552782 -4.12063 -1.34685 -819.909 0 
2 824.693 0.32035 0.0223661 0.668406 -0.750389 -0.568746 -4.29274 -0.0146005 -820.385 0 
11 824.821 0.322244 0.0223298 0.668684 -0.772226 -0.54734 -3.818 -1.12165 -819.881 0 
1 825.356 0.322159 0.0223835 0.669631 -0.777295 -0.545614 -3.79674 -1.82158 -819.738 0 
9 826.106 0.321815 0.0225005 0.669559 -0.762131 -0.558497 -3.94135 -2.04534 -820.119 0 
9 825.374 0.323056 0.0224362 0.667832 -0.759042 -0.555549 -3.87395 -1.15907 -820.341 0 
3 825.473 0.328541 0.0222821 0.664601 -0.778807 -0.54733 -3.83314 -1.56658 -820.074 0 
5 824.545 0.3229 0.0222248 0.670464 -0.821312 -0.504759 -4.12434 -1.27561 -819.145 0 
4 823.904 0.317626 0.022264 0.674723 -0.833239 -0.486208 -4.13427 -0.606435 -819.163 0 
4 824.692 0.311455 0.0224663 0.678622 -0.824975 -0.454494 -4.45631 -1.02318 -819.212 0 
4 825.036 0.314909 0.0224718 0.677655 -0.826133 -0.488438 -4.17787 -1.68074 -819.178 0 
1 828.904 0.31751 0.0225415 0.677042 -0.845739 -0.46171 -4.25311 -5.41398 -819.237 0 
2 829.442 0.314527 0.022579 0.679371 -0.845416 -0.464681 -4.28521 -5.81711 -819.34 0 
6 828.356 0.309877 0.0223921 0.685028 -0.890232 -0.438594 -5.09795 -2.38688 -820.871 0 
8 828.633 0.310728 0.0223229 0.684781 -0.900039 -0.427774 -5.24451 -2.25832 -821.13 0 
3 827.913 0.308938 0.0223545 0.685854 -0.891037 -0.440856 -5.13634 -1.7413 -821.035 0 
2 827.592 0.308808 0.0225101 0.684937 -0.863766 -0.458091 -4.82577 -2.66851 -820.097 0 
2 827.329 0.308462 0.0224485 0.684724 -0.865985 -0.461256 -4.92452 -2.18422 -820.22 0 
1 825.579 0.311562 0.0222949 0.68077 -0.865802 -0.444689 -4.58637 -1.12114 -819.871 0 
12 825.147 0.314817 0.0223998 0.677355 -0.835022 -0.479403 -4.22146 -1.69152 -819.234 0 
1 824.252 0.312707 0.022453 0.67793 -0.805526 -0.513147 -4.58482 -0.493126 -819.174 0 
5 824.118 0.32103 0.0223478 0.671733 -0.818019 -0.488525 -3.9477 -0.995342 -819.175 0 
9 824.522 0.319785 0.0223288 0.673583 -0.830634 -0.490459 -4.13235 -1.26239 -819.128 0 
5 828.966 0.328201 0.0221497 0.666537 -0.853391 -0.440399 -5.80223 -4.03106 -819.133 0 
2 827.612 0.318989 0.0221794 0.674461 -0.88728 -0.379101 -5.1716 -2.7716 -819.669 0 
1 826.922 0.318818 0.0223354 0.675857 -0.872027 -0.420667 -4.81315 -2.62606 -819.483 0 
1 830.042 0.317596 0.0222853 0.678506 -0.903618 -0.401138 -5.81033 -3.87723 -820.354 0 
1 831.025 0.30542 0.0225498 0.687259 -0.873576 -0.434003 -5.18005 -5.21645 -820.628 0 
2 830.351 0.304424 0.0224262 0.688076 -0.891115 -0.412955 -5.31503 -3.65749 -821.378 0 
2 828.891 0.304483 0.022251 0.688104 -0.908954 -0.393284 -5.40671 -1.33173 -822.152 0 
1 828.608 0.310838 0.0224462 0.683243 -0.879668 -0.431739 -4.79353 -3.509 -820.306 0 
3 829.86 0.305666 0.0225309 0.685824 -0.865001 -0.425715 -5.05518 -4.57718 -820.228 0 
1 827.019 0.303143 0.0225236 0.687795 -0.860845 -0.423886 -5.53802 -1.1812 -820.3 0 
2 828.4 0.305774 0.0225066 0.687785 -0.873173 -0.431936 -5.06968 -2.76986 -820.561 0 
3 827.148 0.305493 0.0223076 0.687508 -0.893346 -0.408045 -5.1192 -0.720538 -821.308 0 
3 826.458 0.30521 0.0222556 0.685032 -0.875068 -0.410662 -5.04439 -0.864772 -820.549 0 
2 824.435 0.317397 0.0224041 0.674276 -0.833594 -0.437823 -3.98947 -1.28476 -819.16 0 
2 824.928 0.316179 0.0221849 0.676434 -0.870896 -0.405856 -4.45042 -0.925294 -819.553 0 
2 825.772 0.305238 0.022251 0.683898 -0.855141 -0.424347 -5.15835 -0.673023 -819.941 0 
1 826.199 0.308357 0.0223811 0.679555 -0.830304 -0.427058 -4.83871 -2.0639 -819.296 0 
2 825.439 0.309686 0.0222507 0.678644 -0.846247 -0.404458 -4.43466 -1.59612 -819.408 0 
1 825.201 0.308399 0.0222783 0.681327 -0.858083 -0.41464 -4.60561 -0.843038 -819.752 0 
6 825.192 0.308277 0.0222983 0.679153 -0.820988 -0.445817 -5.07148 -0.874876 -819.246 0 
5 824.588 0.313298 0.0223176 0.67642 -0.825536 -0.46528 -4.25219 -1.14676 -819.189 0 
3 824.392 0.321783 0.0221884 0.670956 -0.838116 -0.457734 -4.26719 -0.991989 -819.133 0 
5 825.004 0.32366 0.0224124 0.669429 -0.803624 -0.497107 -3.85806 -1.73582 -819.41 0 
8 823.85 0.322218 0.02236 0.669105 -0.782152 -0.537851 -3.77698 -0.422768 -819.65 0 
4 823.364 0.317375 0.0222979 0.672806 -0.801205 -0.506027 -4.01646 -0.103602 -819.244 0 
4 823.962 0.318943 0.0222539 0.673241 -0.81831 -0.505716 -3.98782 -0.838968 -819.136 0 
4 823.394 0.318038 0.0223516 0.672561 -0.801813 -0.49962 -3.95531 -0.173458 -819.265 0 
5 823.484 0.317301 0.0223007 0.673465 -0.804536 -0.509192 -4.01892 -0.261776 -819.203 0 
13 823.87 0.321669 0.0222162 0.670282 -0.823354 -0.473977 -4.01809 -0.68317 -819.168 0 
6 825.005 0.325227 0.0221456 0.667326 -0.825139 -0.457778 -4.27756 -1.47357 -819.254 0 
1 826.304 0.319943 0.0221776 0.673355 -0.841558 -0.467188 -4.21145 -2.93638 -819.156 0 
9 824.009 0.317626 0.0221845 0.673049 -0.822818 -0.486496 -4.017 -0.851054 -819.141 0 
2 824.814 0.318151 0.0221007 0.672641 -0.833616 -0.467228 -4.06372 -1.59935 -819.15 0 
10 824.427 0.32319 0.0221505 0.666977 -0.790808 -0.513194 -3.76705 -1.06237 -819.597 0 
2 824.427 0.326527 0.0221929 0.66483 -0.786317 -0.524259 -3.8182 -0.766317 -819.842 0 
2 823.924 0.31633 0.0222858 0.67269 -0.786673 -0.531406 -4.26957 -0.299111 -819.355 0 
4 824.606 0.312283 0.0223433 0.676426 -0.781332 -0.554098 -5.15479 -0.162697 -819.288 0 
3 825.629 0.316137 0.0225391 0.674802 -0.773192 -0.567416 -4.53341 -1.6165 -819.479 0 
3 824.108 0.315966 0.0223982 0.675093 -0.791474 -0.546916 -4.29824 -0.56588 -819.244 0 
3 823.797 0.31581 0.02238 0.675824 -0.811972 -0.512476 -4.14781 -0.499271 -819.15 0 
2 824.931 0.318014 0.0222289 0.674166 -0.822268 -0.500376 -4.02097 -1.776 -819.134 0 
2 825.766 0.322258 0.0223321 0.671523 -0.813748 -0.510768 -3.95284 -2.62524 -819.188 0 
3 826.658 0.328447 0.0222123 0.666672 -0.816646 -0.516658 -4.6097 -2.76299 -819.286 0 
2 825.352 0.324768 0.0222119 0.668793 -0.805601 -0.535994 -4.00553 -2.06511 -819.282 0 
1 826.33 0.316395 0.0224532 0.675682 -0.785002 -0.570809 -4.34729 -2.70394 -819.279 0 
2 826.389 0.31136 0.0224155 0.679609 -0.801479 -0.53764 -4.96775 -2.23667 -819.184 0 
4 826.404 0.308825 0.022305 0.681615 -0.817966 -0.520585 -5.21477 -1.86614 -819.323 0 
5 825.157 0.314327 0.0224472 0.674759 -0.766058 -0.564318 -5.08456 -0.494142 -819.578 0 
3 825.418 0.31715 0.0224495 0.674459 -0.789749 -0.536833 -4.15542 -1.94926 -819.313 0 
3 827.195 0.307644 0.0226246 0.682183 -0.796475 -0.5167 -5.95077 -2.02543 -819.219 0 
1 827.223 0.311215 0.0225226 0.68077 -0.808501 -0.525695 -4.86511 -3.16377 -819.194 0 
3 825.431 0.313974 0.0225576 0.675486 -0.780722 -0.518136 -4.79548 -1.2053 -819.43 0 
3 825.366 0.313453 0.0224761 0.677578 -0.801554 -0.511566 -4.52468 -1.65182 -819.189 0 
1 825.186 0.321787 0.0224202 0.671016 -0.799499 -0.509938 -3.80733 -2.00657 -819.372 0 
1 824.991 0.322965 0.0221535 0.669763 -0.834258 -0.455772 -4.24858 -1.59649 -819.146 0 
2 824.236 0.324891 0.0222958 0.665522 -0.771912 -0.520673 -3.74597 -0.256855 -820.233 0 
2 825.016 0.325977 0.0223086 0.664872 -0.773573 -0.506879 -3.77467 -0.891662 -820.35 0 
5 824.786 0.327894 0.022201 0.662685 -0.77923 -0.500417 -3.85546 -0.600496 -820.33 0 
1 824.786 0.319251 0.0224096 0.668343 -0.766354 -0.484122 -4.37728 -0.12903 -820.28 0 
2 827.762 0.319743 0.0225788 0.669418 -0.756337 -0.503327 -4.55349 -2.63103 -820.578 0 
1 827.742 0.32101 0.0225164 0.666489 -0.731833 -0.534079 -4.98838 -1.1232 -821.631 0 
2 830.498 0.322024 0.02239 0.662953 -0.703601 -0.564677 -5.82225 -1.45879 -823.217 0 
3 831.03 0.325915 0.0223756 0.658961 -0.695356 -0.561463 -5.39098 -1.18868 -824.451 0 
1 829.463 0.325006 0.0223409 0.660709 -0.701687 -0.581899 -5.06377 -0.866143 -823.533 0 
3 829.228 0.323389 0.0223916 0.662525 -0.702451 -0.586165 -5.3422 -0.68207 -823.204 0 
3 827.367 0.326871 0.0222138 0.660596 -0.732411 -0.547162 -4.07238 -1.18335 -822.111 0 
2 826.806 0.321667 0.0224473 0.66515 -0.734519 -0.532456 -4.69518 -0.545141 -821.566 0 
4 828.568 0.328282 0.0225259 0.659983 -0.72142 -0.52731 -4.3985 -0.912131 -823.257 0 
3 828.448 0.326801 0.0225503 0.661915 -0.717332 -0.556302 -4.43884 -1.03279 -822.976 0 
7 825.601 0.320615 0.0224175 0.668009 -0.74928 -0.543504 -4.39772 -0.563747 -820.64 0 
4 825.411 0.314845 0.0223464 0.676072 -0.805988 -0.506404 -4.27064 -1.96449 -819.176 0 
2 826.911 0.313909 0.0221803 0.676311 -0.811014 -0.515608 -4.37534 -3.37457 -819.161 0 
2 826.493 0.325979 0.0221565 0.667707 -0.809267 -0.524094 -4.12287 -3.07183 -819.299 0 
1 825.544 0.320237 0.0221135 0.671773 -0.810675 -0.540512 -3.99766 -2.40753 -819.139 0 
1 828.047 0.332379 0.0220165 0.661183 -0.806336 -0.523848 -5.04423 -3.36915 -819.634 0 
2 826.414 0.328069 0.0220554 0.665844 -0.819411 -0.52001 -4.69218 -2.49627 -819.226 0 
5 826.501 0.331865 0.0220615 0.661052 -0.781183 -0.561976 -4.23888 -2.12786 -820.134 0 
2 825.771 0.328747 0.0221353 0.664507 -0.788491 -0.557348 -4.0236 -2.01834 -819.729 0 
1 829.035 0.331581 0.0219744 0.658935 -0.766636 -0.564876 -3.94555 -4.43202 -820.657 0 
1 829.502 0.332981 0.0220824 0.663191 -0.807078 -0.558683 -5.20734 -4.81235 -819.483 0 
5 827.376 0.332415 0.0220117 0.659958 -0.755682 -0.627844 -3.85588 -2.81714 -820.703 0 
5 826.309 0.329893 0.0222037 0.660486 -0.716691 -0.669225 -3.59806 -0.62127 -822.09 0 
2 826.357 0.326401 0.0222564 0.663469 -0.716355 -0.666055 -3.92454 -0.678107 -821.754 0 
1 825.948 0.324531 0.0222507 0.664341 -0.720454 -0.651945 -4.10647 -0.372769 -821.469 0 
3 824.855 0.326012 0.0222214 0.664487 -0.746766 -0.620652 -3.67464 -0.582569 -820.598 0 
1 827.295 0.327202 0.0220335 0.6638 -0.752888 -0.634981 -3.642 -3.31579 -820.337 0 
3 827.129 0.326843 0.0220991 0.662596 -0.737047 -0.645621 -3.65794 -2.56415 -820.907 0 
1 825.912 0.326598 0.0222611 0.663624 -0.72738 -0.663867 -3.72852 -0.98374 -821.2 0 
1 824.316 0.316189 0.0223262 0.673991 -0.765144 -0.620151 -4.70584 -0.147216 -819.463 0 
3 825 0.314934 0.0224364 0.675525 -0.759095 -0.640595 -5.11167 -0.409784 -819.478 0 
4 825.831 0.316151 0.0223756 0.674483 -0.747062 -0.671669 -5.1508 -0.999881 -819.68 0 
5 825.55 0.318998 0.0224565 0.673326 -0.756825 -0.666406 -4.4054 -1.56884 -819.576 0 
1 824.347 0.320425 0.0223278 0.672343 -0.77556 -0.638431 -4.10168 -0.905504 -819.34 0 
8 824.67 0.319527 0.0222659 0.6742 -0.807339 -0.598481 -4.29408 -1.2678 -819.108 0 
10 824.515 0.315339 0.0223547 0.677333 -0.798632 -0.605007 -4.56149 -0.802983 -819.151 0 
7 824.496 0.316166 0.0223864 0.676063 -0.786229 -0.608927 -4.47188 -0.827922 -819.196 0 
4 824.551 0.315691 0.022369 0.676845 -0.79363 -0.604557 -4.5052 -0.889618 -819.157 0 
2 825.402 0.314195 0.022456 0.677801 -0.779235 -0.6221 -4.91209 -1.26614 -819.224 0 
1 827.748 0.316411 0.0225211 0.677763 -0.788911 -0.623348 -4.49238 -4.0908 -819.165 0 
3 829.232 0.315023 0.0226145 0.679092 -0.79128 -0.614652 -4.65248 -5.41683 -819.163 0 
2 830.472 0.316793 0.0226826 0.6751 -0.739515 -0.678342 -5.13886 -5.44483 -819.889 0 
1 830.372 0.315271 0.0226311 0.678131 -0.762854 -0.656325 -5.02492 -5.97043 -819.376 0 
2 825.396 0.318488 0.0223992 0.673962 -0.765991 -0.64562 -4.36053 -1.60044 -819.435 0 
3 824.404 0.315893 0.0224026 0.675673 -0.779404 -0.611252 -4.5612 -0.58626 -819.256 0 
1 826.646 0.319125 0.0224835 0.672908 -0.773603 -0.60878 -4.13436 -3.08292 -819.428 0 
2 825.021 0.316987 0.0223286 0.676868 -0.82106 -0.567451 -4.4093 -1.4367 -819.175 0 
1 826.56 0.308908 0.0223867 0.683114 -0.821718 -0.57939 -5.47973 -1.52568 -819.555 0 
3 826.283 0.307603 0.02227 0.684902 -0.83736 -0.578688 -5.7474 -0.490756 -820.045 0 
1 827.021 0.306713 0.0222909 0.685859 -0.830069 -0.612332 -6.20463 -0.723666 -820.093 0 
1 826.37 0.312615 0.0222165 0.681019 -0.812564 -0.648676 -5.3061 -1.63833 -819.425 0 
6 826.319 0.311403 0.0222863 0.679846 -0.794105 -0.648478 -5.50644 -1.55563 -819.257 0 
4 826.661 0.313137 0.022159 0.680184 -0.811839 -0.648532 -5.221 -2.05311 -819.387 0 
9 826.936 0.314296 0.0220488 0.678351 -0.824859 -0.62422 -5.12712 -2.34209 -819.466 0 
1 825.671 0.317068 0.0221224 0.674341 -0.788673 -0.65341 -4.61001 -1.91204 -819.149 0 
3 824.356 0.316481 0.0222491 0.67457 -0.768346 -0.66411 -4.73302 -0.321498 -819.301 0 
1 825.328 0.320589 0.0223939 0.672937 -0.771417 -0.660786 -4.16685 -1.80999 -819.351 0 
1 825.814 0.321354 0.0223877 0.67195 -0.760489 -0.691346 -4.19696 -2.12887 -819.488 0 
5 826.784 0.320529 0.0224255 0.669838 -0.715825 -0.733842 -4.83721 -1.28605 -820.661 0 
1 826.803 0.321341 0.0224429 0.670567 -0.740891 -0.696746 -4.25131 -2.55749 -819.995 0 
9 826.104 0.32631 0.0223693 0.66784 -0.746784 -0.704803 -3.81289 -2.23936 -820.052 0 
4 825.391 0.321889 0.0223671 0.670148 -0.744427 -0.697845 -4.15878 -1.32543 -819.907 0 
2 824.768 0.31834 0.0223517 0.672784 -0.747335 -0.692511 -4.68748 -0.402614 -819.678 0 
1 825.365 0.316706 0.0223594 0.674177 -0.734607 -0.738107 -5.38154 -0.227494 -819.756 0 
1 827.611 0.317001 0.0225247 0.674387 -0.719012 -0.752404 -5.71507 -1.71304 -820.183 0 
1 829.662 0.316284 0.0225921 0.674408 -0.699402 -0.780643 -6.63698 -2.29024 -820.735 0 
1 827.92 0.324255 0.02245 0.6689 -0.71247 -0.766214 -4.23852 -2.81602 -820.866 0 
4 826.776 0.323005 0.0224371 0.669613 -0.712178 -0.779029 -4.47278 -1.61888 -820.684 0 
2 826.625 0.323365 0.02235 0.669803 -0.751152 -0.7135 -4.08328 -2.83263 -819.709 0 
1 826.526 0.322249 0.0224193 0.669834 -0.730934 -0.728535 -4.27562 -2.03843 -820.212 0 
2 826.503 0.325017 0.0223359 0.669348 -0.759666 -0.708423 -4.05266 -2.8654 -819.585 0 
1 825.837 0.326314 0.0223023 0.667507 -0.742638 -0.733214 -3.90728 -1.90114 -820.029 0 
3 825.195 0.323289 0.0222944 0.668949 -0.72903 -0.753983 -4.21482 -0.785097 -820.195 0 
6 827.793 0.333296 0.022166 0.662909 -0.74508 -0.751373 -4.17336 -3.31579 -820.304 0 
1 826.791 0.330319 0.0221682 0.662376 -0.71385 -0.779274 -3.67553 -1.88505 -821.23 0 
2 827.779 0.332314 0.022067 0.660508 -0.721522 -0.763496 -3.6938 -2.9154 -821.17 0 
3 828 0.335433 0.022057 0.659731 -0.731411 -0.763424 -4.0454 -2.97118 -820.983 0 
2 827.883 0.329803 0.0220827 0.665661 -0.746843 -0.777384 -4.17892 -3.84651 -819.858 0 
4 826.912 0.331074 0.022148 0.664395 -0.739024 -0.785093 -4.11771 -2.63937 -820.155 0 
2 826.8 0.330265 0.0221806 0.664774 -0.730369 -0.80553 -4.05311 -2.45297 -820.293 0 
9 826.707 0.329814 0.0221705 0.665409 -0.736027 -0.799996 -4.13319 -2.48357 -820.09 0 
1 826.717 0.325719 0.0221691 0.668857 -0.741917 -0.78528 -4.18722 -2.7777 -819.752 0 
3 825.576 0.323777 0.0222122 0.66983 -0.739069 -0.775454 -4.26009 -1.53186 -819.784 0 
35 825.463 0.325825 0.0222117 0.667351 -0.727187 -0.786204 -4.06525 -1.16521 -820.232 0 
11 826.358 0.329656 0.0221813 0.665011 -0.732555 -0.776931 -3.8845 -2.12216 -820.351 0 
4 825.985 0.326489 0.0222042 0.667906 -0.733924 -0.795705 -4.12059 -1.88039 -819.984 0 
3 825.419 0.321861 0.0222208 0.670165 -0.728236 -0.789098 -4.57651 -0.894043 -819.949 0 
2 826.199 0.326036 0.0222325 0.669304 -0.759963 -0.746417 -4.26124 -2.46685 -819.471 0 
1 827.343 0.31873 0.0222662 0.675625 -0.752079 -0.791981 -5.08467 -2.94452 -819.314 0 
2 827.296 0.329701 0.022268 0.663761 -0.703013 -0.825395 -3.81064 -2.1568 -821.328 0 
2 827.843 0.325307 0.0222524 0.666872 -0.718792 -0.795394 -4.15246 -3.22705 -820.464 0 
1 826.015 0.316215 0.0223454 0.675036 -0.731933 -0.778252 -5.68984 -0.669883 -819.656 0 
1 826.103 0.31855 0.022372 0.67515 -0.746389 -0.775837 -5.02169 -1.65073 -819.431 0 
1 826.513 0.321741 0.0222577 0.673097 -0.759087 -0.761302 -4.54102 -2.65028 -819.322 0 
11 825.408 0.320783 0.0222192 0.672228 -0.751394 -0.765005 -4.64034 -1.34543 -819.422 0 
1 825.512 0.317455 0.0221933 0.675081 -0.768872 -0.735065 -4.99371 -1.31181 -819.206 0 
3 827.497 0.318707 0.0223745 0.673852 -0.747464 -0.754075 -4.8836 -3.14036 -819.473 0 
4 830.748 0.319572 0.0223749 0.673281 -0.762104 -0.722509 -4.61665 -6.81023 -819.321 0 
8 827.607 0.312784 0.0223815 0.682219 -0.805453 -0.694368 -5.65712 -2.50001 -819.45 0 
2 827.741 0.313201 0.0222602 0.682459 -0.825894 -0.675056 -5.74191 -2.22549 -819.773 0 
4 828.616 0.307021 0.0224005 0.686393 -0.808206 -0.687417 -6.81613 -1.93907 -819.861 0 
7 827.386 0.309091 0.0222243 0.684916 -0.817637 -0.693632 -6.41986 -0.983982 -819.982 0 
1 828.745 0.307614 0.0221064 0.685772 -0.82379 -0.692339 -6.75541 -1.68418 -820.305 0 
6 826.751 0.316502 0.0220442 0.676528 -0.796282 -0.709218 -5.20378 -2.33173 -819.216 0 
1 826.853 0.318116 0.02205 0.675149 -0.787775 -0.733627 -5.1491 -2.54353 -819.16 0 
5 825.955 0.314326 0.0221432 0.677752 -0.778793 -0.728176 -5.50149 -1.23861 -819.215 0 
1 828.76 0.311562 0.0221496 0.678063 -0.763021 -0.733319 -6.26571 -3.22636 -819.268 0 
2 828.458 0.312472 0.0220742 0.677766 -0.774575 -0.724878 -5.87879 -3.33642 -819.243 0 
4 828.489 0.306675 0.0221197 0.685227 -0.810292 -0.699529 -7.01421 -1.46207 -820.013 0 
3 828.604 0.307895 0.0223646 0.685346 -0.805612 -0.695963 -6.68115 -2.14934 -819.774 0 
7 828.396 0.308062 0.0223413 0.686488 -0.824322 -0.676758 -6.52607 -1.69124 -820.179 0 
5 829.219 0.305804 0.022433 0.688088 -0.794588 -0.74148 -7.72341 -1.60009 -819.896 0 
2 831.703 0.300397 0.0224736 0.691228 -0.783053 -0.744752 -10.0922 -1.55475 -820.056 0 
1 832.126 0.298483 0.0223236 0.692915 -0.799073 -0.740657 -10.5242 -0.863601 -820.738 0 
12 832.657 0.300049 0.0222582 0.693011 -0.83439 -0.697216 -8.98914 -1.91737 -821.751 0 
1 832.445 0.30162 0.0223175 0.689759 -0.807393 -0.703265 -8.70495 -3.31763 -820.422 0 
1 832.5 0.302133 0.0221135 0.690768 -0.858463 -0.633697 -7.71833 -2.69553 -822.086 0 
1 833.8 0.302926 0.0221074 0.687993 -0.831257 -0.657937 -7.66138 -5.28408 -820.854 0 
1 829.351 0.308234 0.0220775 0.685309 -0.828507 -0.677501 -6.49902 -2.54546 -820.307 0 
2 830.014 0.304968 0.0221327 0.689229 -0.850956 -0.652542 -7.16877 -1.39673 -821.449 0 
2 828.905 0.306924 0.0221132 0.686481 -0.832749 -0.665029 -6.67741 -1.71654 -820.511 0 
1 829.253 0.306833 0.0220629 0.685964 -0.83533 -0.652991 -6.59918 -2.12166 -820.532 0 
8 830.022 0.313729 0.0219379 0.679947 -0.841441 -0.648203 -5.85705 -4.13848 -820.027 0 
3 829.781 0.310117 0.0220629 0.680009 -0.789815 -0.701477 -6.2096 -4.1897 -819.382 0 
8 826.883 0.311581 0.0221121 0.678843 -0.773428 -0.713124 -6.01417 -1.62085 -819.248 0 
1 826.459 0.316222 0.0221221 0.674669 -0.751019 -0.742632 -5.2807 -1.79426 -819.384 0 
2 826.177 0.324594 0.0222506 0.668802 -0.730899 -0.766004 -4.08941 -1.94811 -820.139 0 
2 826.811 0.332185 0.0221173 0.662347 -0.731196 -0.762494 -3.81967 -2.28147 -820.71 0 
1 831.135 0.331138 0.022079 0.660501 -0.720206 -0.75539 -3.66836 -6.27352 -821.194 0 
3 830.204 0.324603 0.0218691 0.666489 -0.764376 -0.70931 -4.16126 -6.58545 -819.457 0 
2 830.183 0.327816 0.0218526 0.665782 -0.775551 -0.706483 -4.39216 -6.4396 -819.351 0 
1 825.538 0.324829 0.0220737 0.667956 -0.769457 -0.684493 -4.06533 -2.02619 -819.446 0 
1 825.697 0.322206 0.0220778 0.670157 -0.771306 -0.697279 -4.27254 -2.12938 -819.295 0 
1 825.526 0.315388 0.0221389 0.676803 -0.782019 -0.698321 -5.08499 -1.26235 -819.178 0 
7 825.517 0.313803 0.0222025 0.677535 -0.764753 -0.731626 -5.65827 -0.615886 -819.243 0 
2 827.447 0.318876 0.0220242 0.674699 -0.79149 -0.705381 -4.82665 -3.48866 -819.132 0 
2 826.205 0.312444 0.0223983 0.677892 -0.738519 -0.736559 -6.53806 -0.130617 -819.536 0 
3 825.268 0.316796 0.0223267 0.67399 -0.734438 -0.741956 -5.37373 -0.145572 -819.748 0 
1 828.499 0.317477 0.0225176 0.676921 -0.750389 -0.755547 -5.0905 -4.01941 -819.389 0 
3 825.944 0.314929 0.0223756 0.678049 -0.763843 -0.737845 -5.45288 -1.25006 -819.241 0 
7 825.08 0.317595 0.022376 0.674671 -0.753231 -0.710781 -4.83357 -0.790166 -819.456 0 
4 826.855 0.31506 0.0224644 0.675233 -0.722566 -0.749208 -6.17558 -0.699386 -819.98 0 
3 825.609 0.319473 0.0223771 0.672471 -0.736676 -0.742102 -4.74413 -1.06336 -819.802 0 
6 825.414 0.315006 0.0223365 0.675329 -0.744092 -0.717215 -5.56907 -0.298134 -819.547 0 
1 824.947 0.317118 0.0222156 0.675 -0.778296 -0.683744 -4.73199 -1.03323 -819.181 0 
1 826.014 0.312151 0.0222115 0.680697 -0.787448 -0.717936 -5.85002 -0.850556 -819.314 0 
8 828.127 0.307961 0.0223241 0.682153 -0.770955 -0.709028 -7.10248 -1.702 -819.322 0 
1 827.17 0.308213 0.0224279 0.68378 -0.773336 -0.721244 -7.05454 -0.766053 -819.35 0 
4 826.635 0.314438 0.0222954 0.67621 -0.750055 -0.738855 -5.6965 -1.5606 -819.378 0 
1 825.863 0.311655 0.0222859 0.680644 -0.771601 -0.736109 -6.16154 -0.43433 -819.267 0 
1 828.278 0.307179 0.0222941 0.684913 -0.771285 -0.757658 -7.68894 -1.12889 -819.46 0 
5 827.788 0.314832 0.0220887 0.678038 -0.772597 -0.763768 -5.63868 -2.92338 -819.226 0 
1 828.017 0.320615 0.0219416 0.671646 -0.767127 -0.758579 -4.77531 -4.03311 -819.209 0 
2 826.785 0.32624 0.0220346 0.667041 -0.749992 -0.769894 -4.2634 -2.89671 -819.625 0 
2 825.746 0.322443 0.0221638 0.669477 -0.729569 -0.792616 -4.50626 -1.3203 -819.92 0 
5 825.804 0.318807 0.0221926 0.672909 -0.747594 -0.763043 -4.91308 -1.4427 -819.448 0 
1 826.771 0.313144 0.0221232 0.677124 -0.75607 -0.745116 -5.99108 -1.48496 -819.295 0 
4 825.719 0.316281 0.0221413 0.67618 -0.772535 -0.727001 -5.10803 -1.41826 -819.193 0 
3 826.371 0.322596 0.0220687 0.671641 -0.78754 -0.692544 -4.48988 -2.75616 -819.125 0 
3 826.759 0.317711 0.0221097 0.676569 -0.805223 -0.674599 -4.89627 -2.67475 -819.188 0 
3 826.464 0.315126 0.0221071 0.678462 -0.821694 -0.625193 -4.95957 -2.13356 -819.371 0 
10 825.395 0.309954 0.0222869 0.681842 -0.798644 -0.648091 -5.79395 -0.248596 -819.353 0 
2 826.518 0.306344 0.0222811 0.685663 -0.816784 -0.627866 -6.43329 -0.255873 -819.829 0 
8 828.053 0.305143 0.0222951 0.688074 -0.859585 -0.552753 -6.13438 -0.955532 -820.964 0 
6 828.234 0.306322 0.0221932 0.687491 -0.876234 -0.528012 -5.92247 -0.922698 -821.389 0 
2 828.535 0.304717 0.0222348 0.687272 -0.854018 -0.554439 -6.20056 -1.54929 -820.785 0 
3 828.147 0.306011 0.0221906 0.686721 -0.862761 -0.54731 -5.97496 -1.21639 -820.956 0 
2 825.381 0.311691 0.0222257 0.680964 -0.817656 -0.619089 -5.26848 -0.649755 -819.463 0 
1 825.983 0.313398 0.0223689 0.676517 -0.751806 -0.691156 -5.75971 -0.790075 -819.433 0 
3 825.147 0.318836 0.0222384 0.673958 -0.763198 -0.710482 -4.58621 -1.24367 -819.317 0 
3 824.643 0.321162 0.0222039 0.671651 -0.76288 -0.704796 -4.28504 -0.966766 -819.391 0 
7 824.988 0.320844 0.0222525 0.67095 -0.737753 -0.735226 -4.4686 -0.65144 -819.868 0 
4 825.902 0.327147 0.0222115 0.665253 -0.739926 -0.711452 -3.76604 -1.81944 -820.317 0 
1 825.363 0.324891 0.0222477 0.667133 -0.747545 -0.688588 -3.84725 -1.48435 -820.031 0 
1 824.604 0.323964 0.0222267 0.66839 -0.754352 -0.685889 -3.9247 -0.899578 -819.78 0 
1 824.496 0.318439 0.0222547 0.673497 -0.766217 -0.686974 -4.53443 -0.644626 -819.317 0 
5 825.559 0.313222 0.0223879 0.678665 -0.770938 -0.68977 -5.50037 -0.831369 -819.227 0 
1 825.829 0.316346 0.022253 0.678093 -0.814811 -0.625802 -4.75098 -1.84607 -819.232 0 
1 825.871 0.31151 0.0221395 0.679943 -0.807125 -0.635711 -5.37536 -1.13662 -819.359 0 
2 828.361 0.305041 0.0222825 0.68431 -0.780092 -0.683294 -7.79905 -1.1202 -819.442 0 
1 828.147 0.304306 0.0222913 0.685437 -0.774179 -0.701789 -8.38153 -0.305229 -819.46 0 
1 825.947 0.31143 0.0222369 0.679374 -0.769744 -0.696058 -6.00723 -0.695624 -819.244 0 
2 825.208 0.317263 0.0223393 0.673074 -0.739682 -0.707622 -5.06728 -0.369637 -819.771 0 
10 824.903 0.317046 0.0223208 0.674285 -0.747965 -0.709302 -4.99937 -0.351155 -819.552 0 
4 825 0.318304 0.0222765 0.673105 -0.746189 -0.712804 -4.77504 -0.599637 -819.625 0 
1 825.969 0.316574 0.0222727 0.674976 -0.74935 -0.719188 -5.12411 -1.36574 -819.479 0 
4 825.172 0.320696 0.0221266 0.672212 -0.77936 -0.675875 -4.29977 -1.66575 -819.206 0 
3 825.357 0.317014 0.0222056 0.676602 -0.797481 -0.658556 -4.69753 -1.51244 -819.147 0 
3 826.059 0.325883 0.0221854 0.667261 -0.761565 -0.693381 -3.99367 -2.42472 -819.641 0 
2 826.365 0.323989 0.0220948 0.668916 -0.787827 -0.646483 -4.23227 -2.91403 -819.219 0 
3 826.014 0.323629 0.0221104 0.671034 -0.794758 -0.662649 -4.44283 -2.45811 -819.113 0 
7 824.654 0.317811 0.0221624 0.674834 -0.799294 -0.629199 -4.45992 -1.06756 -819.127 0 
13 824.901 0.311837 0.0223105 0.679613 -0.784991 -0.65403 -5.49585 -0.192821 -819.213 0 
3 824.482 0.3142 0.0222893 0.677453 -0.78286 -0.651229 -5.0044 -0.293118 -819.184 0 
3 824.686 0.316804 0.0222315 0.67495 -0.775536 -0.656879 -4.61112 -0.842392 -819.233 0 
1 824.688 0.320044 0.0222373 0.673351 -0.799046 -0.602912 -4.15132 -1.40214 -819.135 0 
1 824.506 0.325189 0.0222529 0.668043 -0.776119 -0.619468 -3.8421 -1.09505 -819.569 0 
2 824.214 0.31714 0.0223834 0.674707 -0.782107 -0.603307 -4.33279 -0.622014 -819.259 0 
1 824.284 0.322115 0.0222929 0.670128 -0.778878 -0.607656 -3.902 -0.952186 -819.43 0 
3 824.5 0.318409 0.0222887 0.673094 -0.783475 -0.612954 -4.22076 -1.03553 -819.244 0 
8 825.433 0.312496 0.0221556 0.678404 -0.817945 -0.573127 -4.83019 -1.30229 -819.3 0 
4 825.032 0.318969 0.0223642 0.671632 -0.754754 -0.648059 -4.38107 -0.948507 -819.702 0 
1 824.725 0.319359 0.0221598 0.670984 -0.763439 -0.64763 -4.2558 -0.958911 -819.51 0 
3 824.587 0.320157 0.0222228 0.672847 -0.790787 -0.636943 -4.26394 -1.17066 -819.152 0 
1 824.334 0.320471 0.022242 0.671743 -0.766196 -0.676182 -4.23194 -0.706691 -819.396 0 
1 825.173 0.31801 0.0222331 0.674481 -0.767893 -0.69242 -4.61124 -1.28587 -819.276 0 
2 824.587 0.320383 0.0223084 0.671089 -0.745136 -0.700179 -4.37579 -0.415103 -819.796 0 
2 826.858 0.326706 0.0220065 0.665589 -0.74774 -0.721787 -3.87706 -3.03348 -819.948 0 
6 826.947 0.325488 0.0220226 0.667218 -0.767837 -0.672407 -3.92634 -3.46398 -819.556 0 
1 830.832 0.32908 0.0219121 0.666913 -0.811618 -0.639646 -5.31486 -6.45116 -819.066 0 
3 826.687 0.325642 0.0222115 0.667344 -0.785666 -0.609981 -4.02646 -3.24637 -819.414 0 
1 826.316 0.327356 0.022049 0.665825 -0.792178 -0.606966 -4.24515 -2.70993 -819.36 0 
1 825.703 0.322944 0.0221232 0.667013 -0.770374 -0.596175 -3.79709 -2.18899 -819.717 0 
14 824.756 0.326287 0.0222443 0.66627 -0.767043 -0.622432 -3.754 -1.14049 -819.861 0 
1 825.05 0.328228 0.0222546 0.663911 -0.759147 -0.607267 -3.66992 -1.01417 -820.366 0 
2 826.506 0.332864 0.0222448 0.660117 -0.74238 -0.638561 -3.7112 -1.50862 -821.286 0 
1 826.397 0.332051 0.0221976 0.661057 -0.756416 -0.623377 -3.85826 -1.86399 -820.674 0 
1 826.42 0.327889 0.0223617 0.666934 -0.782823 -0.588137 -3.93113 -2.81028 -819.678 0 
2 825.652 0.322292 0.0223635 0.671845 -0.797973 -0.571189 -3.9366 -2.48558 -819.23 0 
4 826.161 0.316627 0.0224856 0.677139 -0.81587 -0.53782 -4.19158 -2.83053 -819.139 0 
1 825.428 0.32109 0.0223475 0.672684 -0.79932 -0.56922 -3.95768 -2.2744 -819.196 0 
1 826.144 0.324344 0.0223318 0.670042 -0.784058 -0.607049 -3.87658 -2.85874 -819.409 0 
1 826.066 0.314562 0.0225189 0.678048 -0.791578 -0.589771 -4.61963 -2.27132 -819.175 0 
4 824.88 0.318477 0.0222595 0.675498 -0.822135 -0.569272 -4.39531 -1.33608 -819.148 0 
3 824.95 0.316655 0.0222153 0.67617 -0.819942 -0.552624 -4.2936 -1.49611 -819.161 0 
2 824.726 0.315536 0.0223166 0.673583 -0.76328 -0.613059 -4.84329 -0.379606 -819.503 0 
2 825.516 0.316492 0.0222664 0.671898 -0.743056 -0.651599 -5.11384 -0.503294 -819.899 0 
4 825.576 0.321679 0.022223 0.66871 -0.759452 -0.638971 -3.97905 -1.85063 -819.746 0 
1 824.813 0.323389 0.0222583 0.667906 -0.751471 -0.66084 -3.88475 -0.96069 -819.968 0 
1 824.442 0.321209 0.0222162 0.67139 -0.793514 -0.604789 -4.08052 -1.17161 -819.19 0 
1 825.02 0.321377 0.0221802 0.672371 -0.808207 -0.587527 -4.19868 -1.71458 -819.106 0 
5 826.988 0.313816 0.022266 0.680235 -0.837715 -0.545829 -4.65055 -2.86884 -819.469 0 
2 825.391 0.32412 0.0222171 0.669316 -0.809949 -0.553701 -4.20493 -2.01829 -819.168 0 
9 824.826 0.322492 0.022346 0.671154 -0.799446 -0.566891 -3.96641 -1.63326 -819.226 0 
1 825.173 0.323065 0.0223522 0.67096 -0.792508 -0.58657 -3.93114 -1.95635 -819.285 0 
5 824.508 0.323693 0.0223319 0.668502 -0.767907 -0.612011 -3.78206 -0.980035 -819.746 0 
3 824.732 0.325228 0.0222198 0.668529 -0.796265 -0.581635 -4.04661 -1.38305 -819.302 0 
1 826.343 0.327072 0.0222011 0.667963 -0.787678 -0.625848 -4.13287 -2.84108 -819.369 0 
1 825.062 0.328389 0.0222049 0.664718 -0.758446 -0.642232 -3.71223 -1.1828 -820.167 0 
3 825.174 0.325595 0.022156 0.667181 -0.766972 -0.642535 -3.79296 -1.66115 -819.72 0 
1 825.183 0.31831 0.0224485 0.672868 -0.751138 -0.646568 -4.56337 -0.842031 -819.777 0 
1 826.625 0.316577 0.02241 0.671655 -0.720801 -0.683927 -5.76082 -0.354636 -820.51 0 
1 827.004 0.312229 0.0222956 0.676664 -0.741085 -0.693701 -6.47574 -0.926739 -819.602 0 
3 826.98 0.317666 0.0224427 0.671275 -0.713906 -0.693608 -5.73606 -0.42237 -820.822 0 
2 825.183 0.318176 0.0224329 0.672783 -0.747046 -0.656519 -4.67261 -0.669502 -819.841 0 
2 825.127 0.314285 0.0223572 0.675432 -0.757764 -0.635359 -5.31064 -0.314361 -819.502 0 
1 825.507 0.315129 0.0222063 0.675838 -0.77877 -0.636131 -4.79 -1.50004 -819.217 0 
1 826.769 0.305561 0.0224204 0.684595 -0.785951 -0.629514 -7.22153 -0.200246 -819.348 0 
1 828.246 0.301857 0.0224913 0.688446 -0.798968 -0.609042 -8.1592 -0.4455 -819.641 0 
5 827.996 0.30209 0.0224087 0.688657 -0.803006 -0.634906 -8.08173 -0.0800802 -819.834 0 
2 826.362 0.30717 0.0224055 0.684431 -0.795932 -0.635943 -6.49222 -0.463223 -819.407 0 
5 826.43 0.311746 0.0224627 0.68141 -0.792579 -0.6478 -5.42466 -1.7691 -819.236 0 
2 826.277 0.314211 0.022506 0.677196 -0.758563 -0.668233 -5.35394 -1.52948 -819.394 0 
1 826.137 0.311012 0.0224703 0.67999 -0.767933 -0.664943 -6.01488 -0.860717 -819.261 0 
6 826.095 0.318796 0.0223456 0.676108 -0.795235 -0.661591 -4.55462 -2.41902 -819.121 0 
2 826.172 0.321057 0.0224012 0.673443 -0.776991 -0.671293 -4.23145 -2.69043 -819.25 0 
1 826.407 0.323416 0.0223671 0.670619 -0.751841 -0.702256 -3.99848 -2.66341 -819.745 0 
6 826.552 0.323886 0.0223233 0.670556 -0.759046 -0.698014 -3.98919 -2.96753 -819.595 0 
8 825.665 0.321244 0.0223586 0.672347 -0.749195 -0.729688 -4.34814 -1.71584 -819.601 0 
1 825.705 0.325934 0.0221972 0.668535 -0.747123 -0.769923 -4.18817 -1.82974 -819.687 0 
2 826.724 0.323873 0.0222688 0.671425 -0.755946 -0.763127 -4.35451 -2.94282 -819.427 0 
1 825.926 0.318519 0.0222104 0.673615 -0.765307 -0.722231 -4.74187 -1.9227 -819.262 0 
1 825.621 0.320743 0.0222266 0.67246 -0.769449 -0.715607 -4.4834 -1.88496 -819.253 0 
4 826.578 0.320587 0.0224427 0.672115 -0.729055 -0.762106 -4.67891 -1.90777 -819.992 0 
4 827.304 0.315126 0.0224874 0.676623 -0.734825 -0.758872 -5.86034 -1.82416 -819.619 0 
2 828.197 0.316774 0.0224808 0.674797 -0.733427 -0.752452 -5.41578 -3.04853 -819.732 0 
1 829.064 0.316034 0.0223358 0.674132 -0.737292 -0.748199 -5.51499 -3.92224 -819.627 0 
1 829.031 0.319214 0.0225442 0.675023 -0.742426 -0.761279 -4.83571 -4.6239 -819.571 0 
2 830.059 0.325387 0.0224025 0.671634 -0.758644 -0.760251 -4.30855 -6.32098 -819.429 0 
2 828.398 0.324457 0.0222219 0.671141 -0.762011 -0.747145 -4.28458 -4.73809 -819.375 0 
4 826.683 0.318661 0.0222125 0.675856 -0.77667 -0.735228 -4.85852 -2.665 -819.16 0 
2 826.563 0.311569 0.0222487 0.679772 -0.753885 -0.763764 -6.58415 -0.671616 -819.308 0 
7 825.662 0.315795 0.0223371 0.675324 -0.736182 -0.747287 -5.6253 -0.389039 -819.648 0 
1 826.21 0.31249 0.0223154 0.677404 -0.737528 -0.742998 -6.57241 -0.0981189 -819.539 0 
2 826.657 0.313939 0.0222913 0.674473 -0.726496 -0.724176 -6.39065 -0.341556 -819.924 0 
3 825.523 0.317742 0.0223385 0.672037 -0.725503 -0.723918 -5.29068 -0.0757909 -820.157 0 
3 824.998 0.317688 0.022304 0.673182 -0.741277 -0.711366 -4.96656 -0.300918 -819.73 0 
2 824.492 0.32084 0.0221993 0.670662 -0.757146 -0.686901 -4.22143 -0.709619 -819.561 0 
2 824.604 0.319694 0.022279 0.672318 -0.750154 -0.711769 -4.4925 -0.524973 -819.587 0 
1 824.587 0.320658 0.0222272 0.670491 -0.753162 -0.685311 -4.24569 -0.683985 -819.657 0 
4 825.598 0.312396 0.0221773 0.679616 -0.803905 -0.634786 -5.19221 -1.12306 -819.283 0 
7 825.72 0.310494 0.0222311 0.679025 -0.78469 -0.630404 -5.70702 -0.793992 -819.219 0 
1 826.192 0.314534 0.0223769 0.677828 -0.794469 -0.630683 -4.82875 -2.19592 -819.167 0 
4 827.84 0.314192 0.0223212 0.679435 -0.820592 -0.616363 -5.02486 -3.44136 -819.374 0 
1 826.918 0.309837 0.022255 0.683066 -0.826311 -0.623274 -5.69584 -1.43452 -819.788 0 
1 825.948 0.312845 0.0221693 0.6787 -0.784759 -0.676395 -5.40364 -1.3328 -819.211 0 
2 824.953 0.316521 0.0223406 0.675775 -0.759706 -0.708378 -4.98079 -0.641031 -819.332 0 
1 825.036 0.318759 0.022318 0.672883 -0.741434 -0.722354 -4.77049 -0.539942 -819.725 0 
4 827.787 0.311053 0.0223612 0.682477 -0.788194 -0.69174 -5.88057 -2.60237 -819.304 0 
2 827.5 0.310261 0.0225251 0.681295 -0.758551 -0.706186 -6.62021 -1.5776 -819.302 0 
7 826.997 0.315679 0.022497 0.676968 -0.749936 -0.713613 -5.29942 -2.23737 -819.461 0 
2 826.134 0.315694 0.0224269 0.676111 -0.741721 -0.728944 -5.48879 -1.06435 -819.581 0 
2 826.736 0.313254 0.0224313 0.679556 -0.764402 -0.710926 -5.67792 -1.80256 -819.255 0 
17 824.923 0.313978 0.0223462 0.677067 -0.764985 -0.679742 -5.34578 -0.293923 -819.283 0 
10 825.208 0.317918 0.0221155 0.673163 -0.777976 -0.648138 -4.41281 -1.56156 -819.234 0 
8 824.965 0.321863 0.0221923 0.668258 -0.749348 -0.657732 -4.04096 -0.959871 -819.964 0 
11 824.377 0.320851 0.0222265 0.670992 -0.762213 -0.664272 -4.12909 -0.716936 -819.531 0 
7 824.465 0.319161 0.0222497 0.672682 -0.763685 -0.670544 -4.35773 -0.685237 -819.422 0 
1 824.434 0.317962 0.022252 0.672969 -0.756614 -0.682663 -4.63087 -0.316363 -819.487 0 
1 826.224 0.312659 0.0222571 0.67592 -0.759908 -0.654559 -5.6826 -1.16706 -819.374 0 
7 825.067 0.318649 0.022151 0.671647 -0.766011 -0.656134 -4.3709 -1.28857 -819.407 0 
14 824.508 0.321322 0.0221612 0.670498 -0.767162 -0.668218 -4.11672 -0.96315 -819.428 0 
3 824.931 0.320968 0.0222121 0.671171 -0.776824 -0.651634 -4.14821 -1.48523 -819.297 0 
6 825.319 0.322471 0.0223418 0.670299 -0.757992 -0.681196 -4.04051 -1.64826 -819.631 0 
1 827.134 0.320027 0.0224432 0.671406 -0.74447 -0.686553 -4.39676 -2.87378 -819.864 0 
1 826.022 0.31402 0.0223888 0.6786 -0.799912 -0.621097 -4.8563 -1.98049 -819.185 0 
2 825.618 0.316333 0.0222159 0.677887 -0.815141 -0.630323 -4.80356 -1.56939 -819.245 0 
2 825.371 0.313329 0.0221911 0.67904 -0.800672 -0.646255 -5.10908 -1.01889 -819.243 0 
1 824.605 0.313846 0.0223024 0.677659 -0.778216 -0.661714 -5.15565 -0.248614 -819.2 0 
1 825.159 0.316053 0.0222209 0.676812 -0.791379 -0.654827 -4.72465 -1.28125 -819.153 0 
1 825.055 0.325518 0.022209 0.666122 -0.745028 -0.681204 -3.7745 -1.07407 -820.206 0 
1 825.118 0.322663 0.0221651 0.667846 -0.743249 -0.687325 -4.04091 -1.03001 -820.047 0 
1 826.507 0.330331 0.022078 0.663701 -0.754699 -0.697165 -3.91403 -2.50556 -820.088 0 
1 825.572 0.326481 0.0222065 0.665791 -0.731443 -0.715818 -3.76227 -1.22918 -820.58 0 
3 826.355 0.327068 0.0222453 0.665889 -0.735872 -0.701081 -3.69407 -2.11395 -820.547 0 
8 826.035 0.326618 0.022124 0.664394 -0.730756 -0.695585 -3.72161 -1.53934 -820.774 0 
8 827.088 0.327381 0.0220728 0.663252 -0.721643 -0.716077 -3.71526 -2.26585 -821.107 0 
4 828.602 0.334389 0.0219706 0.657981 -0.735273 -0.687906 -3.76882 -3.4813 -821.352 0 
3 832.387 0.332001 0.0218094 0.659474 -0.746868 -0.678796 -3.77398 -7.96198 -820.651 0 
2 827.017 0.33061 0.0220366 0.661113 -0.735982 -0.684171 -3.59353 -2.44446 -820.979 0 
13 826.786 0.32841 0.0221158 0.663038 -0.749883 -0.658046 -3.68329 -2.71668 -820.386 0 
2 825.966 0.321675 0.0223042 0.668837 -0.745601 -0.667949 -4.10543 -1.84166 -820.019 0 
3 826.965 0.322636 0.0221295 0.666271 -0.746046 -0.642838 -3.95237 -2.79572 -820.216 0 
1 824.882 0.323605 0.0221085 0.668721 -0.778377 -0.639789 -3.9779 -1.5243 -819.38 0 
1 824.592 0.322989 0.0222243 0.668149 -0.743337 -0.680539 -3.98949 -0.498821 -820.104 0 
2 825.546 0.328669 0.0222137 0.66374 -0.7254 -0.718606 -3.62914 -0.897079 -821.02 0 
1 825.946 0.328599 0.0223001 0.664848 -0.731523 -0.709898 -3.6322 -1.51702 -820.797 0 
1 826.753 0.329908 0.0223541 0.662431 -0.713603 -0.715581 -3.57094 -1.38757 -821.795 0 
2 824.955 0.319517 0.0223167 0.671211 -0.745477 -0.664175 -4.4573 -0.577381 -819.92 0 
1 824.596 0.320887 0.0222581 0.67025 -0.751639 -0.661447 -4.16232 -0.614192 -819.82 0 
1 825.661 0.327078 0.0222603 0.664346 -0.745545 -0.64488 -3.64232 -1.46492 -820.554 0 
1 824.737 0.322899 0.022185 0.667608 -0.747169 -0.660828 -3.94408 -0.710216 -820.082 0 
1 825.018 0.323033 0.0221905 0.669504 -0.762795 -0.666631 -3.94314 -1.47807 -819.597 0 
1 826.351 0.330992 0.0222575 0.663459 -0.755736 -0.666854 -3.87584 -2.18097 -820.294 0 
4 825.43 0.321226 0.0224455 0.670163 -0.741106 -0.663664 -4.22191 -1.03576 -820.172 0 
3 824.454 0.318199 0.022375 0.672008 -0.754675 -0.622122 -4.50554 -0.160352 -819.788 0 
1 825.653 0.31653 0.0221317 0.6754 -0.811501 -0.569655 -4.30725 -2.2052 -819.141 0 
5 824.263 0.321806 0.0221651 0.670488 -0.789279 -0.603437 -3.98499 -1.02131 -819.256 0 
3 824.896 0.320523 0.0221828 0.670389 -0.791228 -0.575012 -3.95919 -1.66547 -819.272 0 
1 825.029 0.320016 0.0221813 0.673141 -0.810602 -0.568671 -4.13275 -1.78394 -819.112 0 
6 824.932 0.32006 0.0221383 0.6703 -0.788697 -0.576433 -3.96945 -1.66908 -819.294 0 
1 823.851 0.318549 0.0222322 0.673472 -0.802361 -0.572012 -4.12358 -0.585685 -819.142 0 
2 824.802 0.318672 0.0222805 0.674875 -0.80959 -0.576431 -4.20095 -1.48435 -819.117 0 
6 824.558 0.321214 0.0223018 0.671103 -0.8005 -0.552845 -3.94611 -1.39192 -819.22 0 
4 825.707 0.321985 0.0221454 0.672509 -0.833722 -0.5398 -4.59286 -1.99636 -819.118 0 
1 826.566 0.324641 0.0223474 0.669294 -0.80751 -0.541783 -4.1298 -3.2012 -819.235 0 
4 828.849 0.324411 0.0223754 0.668266 -0.804537 -0.517029 -3.9979 -5.50269 -819.349 0 
1 828.924 0.327537 0.0222729 0.667578 -0.841984 -0.465099 -5.2854 -4.50425 -819.135 0 
1 829.334 0.325233 0.0223606 0.67069 -0.849943 -0.465642 -5.16856 -5.04293 -819.122 0 
2 829.571 0.321555 0.0224173 0.671584 -0.834403 -0.458949 -4.24201 -6.19224 -819.136 0 
3 827.092 0.322073 0.0224641 0.669413 -0.79303 -0.507997 -3.78942 -3.78419 -819.518 0 
4 828.589 0.325028 0.0224928 0.667612 -0.793072 -0.507616 -3.83327 -5.0965 -819.659 0 
1 828.009 0.320143 0.0224402 0.671022 -0.798639 -0.512565 -3.86329 -4.81896 -819.327 0 
4 829.053 0.325286 0.0223981 0.667379 -0.801788 -0.509174 -3.98347 -5.60661 -819.463 0 
1 826.385 0.326544 0.022454 0.666149 -0.774104 -0.54879 -3.72044 -2.57796 -820.087 0 
1 825.733 0.321749 0.0224901 0.66871 -0.774265 -0.520449 -3.84379 -1.94737 -819.942 0 
1 825.655 0.327936 0.0223106 0.664424 -0.793719 -0.499949 -4.02496 -1.78219 -819.848 0 
5 825.308 0.323202 0.0223358 0.670422 -0.81876 -0.482519 -4.01302 -2.07811 -819.217 0 
1 829.104 0.319645 0.0221987 0.673344 -0.828185 -0.481532 -3.9937 -5.9789 -819.131 0 
2 830.395 0.317313 0.0221005 0.674267 -0.822823 -0.49841 -4.02678 -7.22884 -819.139 0 
2 826.402 0.315672 0.0222903 0.673159 -0.771915 -0.550757 -4.68534 -2.16595 -819.551 0 
3 824.211 0.32455 0.0222646 0.666047 -0.765448 -0.559991 -3.71533 -0.315985 -820.18 0 
2 824.079 0.324154 0.0221883 0.667409 -0.797859 -0.515852 -3.83445 -0.774727 -819.47 0 
4 826.505 0.333028 0.022226 0.661005 -0.786099 -0.521383 -4.47474 -1.70323 -820.327 0 
6 827.121 0.331956 0.0222055 0.661689 -0.780027 -0.533828 -4.16922 -2.5705 -820.381 0 
1 827.427 0.324841 0.0224141 0.667031 -0.761753 -0.552879 -3.75312 -3.28416 -820.39 0 
2 827.256 0.331009 0.022437 0.662511 -0.756839 -0.567331 -3.76542 -2.46259 -821.028 0 
1 826.303 0.328499 0.0222821 0.665554 -0.787758 -0.546962 -3.95839 -2.55345 -819.792 0 
3 828.643 0.328718 0.0220579 0.665135 -0.81427 -0.503917 -4.50109 -4.76247 -819.38 0 
8 827.767 0.331667 0.0220811 0.663124 -0.81915 -0.493127 -5.18952 -3.1256 -819.452 0 
4 827.789 0.333003 0.0220489 0.661092 -0.805533 -0.505567 -5.01151 -2.98875 -819.789 0 
1 829.529 0.334632 0.0219338 0.658455 -0.79932 -0.504408 -5.15602 -4.27461 -820.098 0 
2 827.553 0.332487 0.0220413 0.658599 -0.779862 -0.508235 -4.3065 -2.61694 -820.63 0 
1 826.788 0.334197 0.022199 0.657468 -0.761215 -0.511016 -4.26094 -0.847697 -821.679 0 
1 828.233 0.336265 0.0222247 0.654303 -0.739098 -0.526543 -4.31476 -0.793384 -823.125 0 
2 828.73 0.334662 0.0223311 0.654417 -0.722672 -0.52003 -4.36122 -0.183492 -824.185 0 
2 827.106 0.332656 0.0222066 0.660151 -0.777831 -0.503974 -4.26803 -2.07058 -820.767 0 
1 826.494 0.332837 0.0222015 0.657645 -0.760931 -0.498547 -4.16839 -0.656329 -821.669 0 
2 827.76 0.334945 0.022386 0.65681 -0.756634 -0.485242 -4.4726 -0.972485 -822.315 0 
2 827.678 0.33547 0.0222268 0.654925 -0.763136 -0.45142 -4.81609 -0.486197 -822.376 0 
1 828.72 0.331835 0.0222675 0.655427 -0.738932 -0.461284 -4.56533 -0.784912 -823.369 0 
4 829.955 0.336992 0.0222794 0.651932 -0.729341 -0.481807 -4.84302 -0.5306 -824.581 0 
3 831.899 0.338003 0.0222742 0.650191 -0.715818 -0.494272 -4.97115 -1.23342 -825.695 0 
1 830.617 0.333116 0.0221383 0.654841 -0.724948 -0.52354 -4.27334 -2.61245 -823.731 0 
5 830.622 0.337471 0.0221505 0.652498 -0.725109 -0.531166 -4.45892 -1.89866 -824.265 0 
1 831.842 0.334366 0.0221224 0.655207 -0.719488 -0.569854 -4.01729 -4.13737 -823.687 0 
4 832.208 0.328221 0.0221012 0.661114 -0.750435 -0.534036 -3.84439 -6.98715 -821.377 0 
3 827.962 0.334346 0.0221368 0.656344 -0.743678 -0.543075 -4.03713 -1.55372 -822.371 0 
1 827.989 0.33511 0.0221132 0.655649 -0.760024 -0.509613 -4.38649 -1.73739 -821.865 0 
2 828.574 0.335875 0.0221576 0.657717 -0.765547 -0.54111 -4.44596 -2.79165 -821.337 0 
5 828.751 0.337929 0.0223398 0.655472 -0.739418 -0.557562 -4.34423 -1.46518 -822.942 0 
2 832.113 0.342695 0.0223235 0.651534 -0.741921 -0.541838 -5.35299 -3.10977 -823.65 0 
1 830.225 0.341972 0.0222081 0.652817 -0.764154 -0.519027 -5.79785 -2.0604 -822.367 0 
3 829.361 0.338864 0.0223248 0.653831 -0.731807 -0.545996 -4.49036 -1.11087 -823.76 0 
2 830.241 0.336961 0.0223196 0.654162 -0.7086 -0.582597 -4.13709 -1.35243 -824.751 0 
2 830.424 0.335641 0.0221576 0.654186 -0.712377 -0.584204 -4.02122 -2.18373 -824.219 0 
1 830.662 0.330676 0.0222325 0.658006 -0.714189 -0.574924 -4.12169 -3.05493 -823.485 0 
3 830.598 0.328578 0.0221993 0.660438 -0.73391 -0.551808 -3.97438 -4.45408 -822.17 0 
5 832.623 0.327155 0.022066 0.661889 -0.74858 -0.551481 -3.80753 -7.61626 -821.199 0 
5 828.951 0.331255 0.0220876 0.657369 -0.739163 -0.538871 -3.91171 -2.72336 -822.316 0 
3 828.042 0.329294 0.022295 0.659975 -0.719544 -0.585538 -3.9801 -1.2733 -822.788 0 
2 826.205 0.328164 0.0224183 0.661808 -0.736594 -0.550919 -3.89855 -0.337295 -821.969 0 
8 827.767 0.332465 0.0223613 0.657006 -0.719548 -0.561856 -3.99667 -0.25192 -823.518 0 
11 827.579 0.335095 0.0221024 0.657151 -0.775598 -0.515206 -4.62074 -1.95303 -821.006 0 
1 824.989 0.324727 0.0221726 0.664644 -0.774827 -0.510353 -3.7591 -1.04441 -820.185 0 
1 824.614 0.32383 0.0221797 0.665612 -0.778201 -0.51808 -3.74499 -0.908399 -819.961 0 
2 824.074 0.322153 0.0222783 0.667383 -0.766394 -0.549583 -3.85578 -0.167737 -820.05 0 
2 824.388 0.321283 0.0222448 0.669657 -0.778836 -0.562002 -3.84591 -0.964313 -819.578 0 
7 824.048 0.319389 0.0222869 0.669866 -0.767308 -0.565072 -4.11578 -0.159451 -819.773 0 
3 823.856 0.319166 0.0222582 0.670525 -0.777403 -0.554026 -4.03142 -0.269932 -819.554 0 
3 823.923 0.321848 0.022261 0.670228 -0.783585 -0.583577 -3.85893 -0.651558 -819.413 0 
1 824.258 0.320146 0.0221603 0.671456 -0.796449 -0.57056 -3.97849 -1.07122 -819.209 0 
2 825.207 0.318631 0.0221699 0.670428 -0.777908 -0.573574 -4.09571 -1.66308 -819.448 0 
2 826.063 0.316877 0.0222783 0.670251 -0.743686 -0.598204 -5.06559 -0.79548 -820.202 0 
3 825.788 0.318141 0.0222977 0.669485 -0.738506 -0.61616 -4.8873 -0.533572 -820.367 0 
6 825.287 0.321602 0.0221317 0.667629 -0.764445 -0.586177 -3.89895 -1.52063 -819.867 0 
2 826.167 0.324948 0.0220347 0.665827 -0.777183 -0.597227 -3.79601 -2.73903 -819.632 0 
3 826.742 0.314718 0.0220965 0.673697 -0.773782 -0.617355 -4.85067 -2.59602 -819.295 0 
2 825.803 0.316009 0.0220574 0.674829 -0.81036 -0.577782 -4.4083 -2.2447 -819.15 0 
3 825.874 0.307215 0.0223348 0.681582 -0.789357 -0.588462 -6.40367 -0.213931 -819.257 0 
1 824.579 0.317271 0.0224244 0.674808 -0.782196 -0.598207 -4.29942 -1.00849 -819.271 0 
3 825.064 0.322827 0.0223869 0.670733 -0.790325 -0.576848 -3.87678 -1.84365 -819.344 0 
1 825.007 0.317296 0.0223302 0.676626 -0.826079 -0.547442 -4.34762 -1.47974 -819.18 0 
3 825.08 0.318178 0.0224625 0.674494 -0.799971 -0.546849 -4.03844 -1.85227 -819.19 0 
3 824.21 0.31498 0.0224124 0.676782 -0.807023 -0.537885 -4.31754 -0.740201 -819.152 0 
1 824.18 0.318835 0.0222171 0.673391 -0.806033 -0.557411 -4.06477 -0.976429 -819.138 0 
5 823.994 0.314872 0.0222775 0.674582 -0.786394 -0.558882 -4.53367 -0.199853 -819.26 0 
5 824.752 0.31272 0.0223993 0.675755 -0.773859 -0.560483 -5.22158 -0.143032 -819.387 0 
3 824.465 0.312019 0.0224306 0.67792 -0.790648 -0.54592 -5.00671 -0.244975 -819.213 0 
3 823.68 0.315497 0.0223707 0.675495 -0.801012 -0.534059 -4.26349 -0.239057 -819.177 0 
12 824.721 0.322715 0.0223547 0.670344 -0.812322 -0.504646 -3.96993 -1.52496 -819.226 0 
7 827.37 0.324776 0.0224109 0.667786 -0.806855 -0.48462 -3.98134 -3.94935 -819.439 0 
1 826.973 0.322817 0.0224649 0.671247 -0.829766 -0.456766 -4.1773 -3.6274 -819.168 0 
7 824.425 0.321499 0.0223501 0.671408 -0.837516 -0.42794 -4.1489 -1.11571 -819.16 0 
3 824.496 0.32139 0.0221882 0.671209 -0.84833 -0.426704 -4.37854 -0.958779 -819.159 0 
2 825.45 0.326557 0.0221298 0.664223 -0.808547 -0.457943 -4.13106 -1.71971 -819.599 0 
2 825.612 0.330453 0.0221374 0.661237 -0.786521 -0.502905 -4.15689 -1.21478 -820.24 0 
3 825.231 0.322763 0.022107 0.666673 -0.796802 -0.482169 -3.79491 -1.85848 -819.577 0 
1 823.985 0.319749 0.0223399 0.668697 -0.782242 -0.471578 -4.03934 -0.0885766 -819.857 0 
1 826.001 0.312621 0.0222865 0.673349 -0.784336 -0.473474 -5.05774 -1.47305 -819.47 0 
1 825.55 0.310899 0.0223261 0.67746 -0.802244 -0.4826 -4.98144 -1.36261 -819.206 0 
1 825.213 0.312269 0.0223371 0.67627 -0.82154 -0.447602 -4.35601 -1.6712 -819.186 0 
1 824.661 0.314045 0.0221985 0.677699 -0.847208 -0.461977 -4.27692 -1.00359 -819.381 0 
3 823.911 0.312357 0.0224011 0.676668 -0.803006 -0.487936 -4.64462 -0.0648799 -819.201 0 
2 825.293 0.310203 0.0222821 0.678342 -0.812191 -0.477661 -4.90826 -1.18815 -819.197 0 
1 825.088 0.316507 0.0224715 0.671398 -0.762346 -0.519122 -4.80182 -0.273341 -820.013 0 
1 825.383 0.313984 0.0224586 0.673121 -0.768663 -0.508405 -5.15094 -0.489817 -819.742 0 
1 824.766 0.317122 0.0224347 0.671536 -0.776066 -0.493421 -4.42897 -0.56468 -819.772 0 
4 824.573 0.319577 0.0222893 0.670008 -0.78272 -0.50922 -3.97565 -0.955293 -819.642 0 
2 826.172 0.317424 0.0223247 0.672505 -0.782777 -0.523557 -4.21697 -2.46604 -819.489 0 
1 829.922 0.322211 0.0222854 0.662843 -0.72982 -0.535991 -4.69455 -3.3708 -821.856 0 
1 828.971 0.316668 0.0224517 0.668148 -0.721653 -0.553045 -6.32593 -1.08127 -821.564 0 
1 829.253 0.308805 0.0224133 0.675552 -0.762232 -0.511108 -6.88132 -2.70692 -819.664 0 
5 826.658 0.314283 0.0223708 0.671636 -0.778704 -0.470095 -4.84178 -2.14052 -819.676 0 
3 825.883 0.312105 0.0223912 0.67399 -0.779651 -0.479937 -5.28719 -1.07354 -819.522 0 
6 825.672 0.311793 0.0223469 0.674891 -0.781119 -0.506991 -5.25865 -1.01887 -819.395 0 
1 826.452 0.309503 0.0223703 0.676391 -0.779231 -0.49464 -6.00107 -1.04921 -819.402 0 
2 825.798 0.306546 0.0224673 0.681201 -0.802645 -0.488686 -6.02967 -0.538693 -819.23 0 
1 824.798 0.313974 0.0224375 0.675854 -0.809469 -0.482406 -4.29214 -1.32559 -819.181 0 
1 823.859 0.311128 0.0223417 0.679382 -0.839035 -0.442211 -4.39743 -0.127479 -819.334 0 
1 824.808 0.309364 0.0224807 0.679635 -0.806741 -0.476407 -5.19321 -0.413746 -819.201 0 
1 824.624 0.31028 0.0223171 0.679728 -0.827129 -0.46953 -4.66845 -0.680017 -819.276 0 
1 826.601 0.308401 0.0225396 0.679167 -0.78198 -0.517175 -6.16663 -1.14001 -819.295 0 
1 826.552 0.306908 0.0226016 0.682659 -0.809269 -0.48311 -5.74855 -1.55951 -819.244 0 
4 825.247 0.307654 0.0224873 0.681782 -0.816681 -0.469848 -5.36712 -0.621812 -819.258 0 
2 825.803 0.303777 0.0224089 0.685534 -0.832678 -0.474692 -6.03505 -0.0832509 -819.685 0 
10 826.149 0.304242 0.0223378 0.687234 -0.875299 -0.427325 -5.29669 -0.0718964 -820.78 0 
2 827.307 0.305435 0.0221889 0.686686 -0.885642 -0.437454 -5.27448 -0.844703 -821.188 0 
1 827.326 0.307545 0.0221476 0.683833 -0.89159 -0.402846 -4.9324 -1.45971 -820.934 0 
2 826.987 0.306655 0.0222154 0.683558 -0.885757 -0.378618 -4.75275 -1.62399 -820.611 0 
2 824.18 0.316759 0.0223357 0.674933 -0.846233 -0.421528 -4.08797 -0.876003 -819.216 0 
1 824.997 0.311341 0.0224689 0.677638 -0.813374 -0.458891 -4.61514 -1.19317 -819.188 0 
5 827.048 0.302892 0.0223304 0.68475 -0.834749 -0.453214 -6.14378 -1.20535 -819.698 0 
1 827.25 0.305408 0.0222969 0.683483 -0.82409 -0.484215 -5.82855 -1.96307 -819.459 0 
1 827.021 0.302563 0.0225087 0.685867 -0.81656 -0.477427 -6.88682 -0.685719 -819.449 0 
2 825.775 0.307818 0.0224359 0.681098 -0.805662 -0.492933 -5.63957 -0.915101 -819.221 0 
2 824.664 0.312535 0.0224841 0.677004 -0.803606 -0.468665 -4.62609 -0.814698 -819.223 0 
2 824.387 0.311873 0.0224691 0.679208 -0.83315 -0.440713 -4.32939 -0.811461 -819.246 0 
2 824.621 0.311804 0.02245 0.678497 -0.800739 -0.519042 -4.83692 -0.598421 -819.186 0 
1 824.075 0.319157 0.022252 0.672873 -0.820071 -0.490739 -3.95517 -0.975922 -819.144 0 
1 825.624 0.319242 0.0221207 0.673996 -0.866515 -0.428338 -4.68638 -1.5512 -819.387 0 
1 828.204 0.324317 0.0220297 0.67054 -0.865556 -0.449379 -5.45788 -3.51352 -819.232 0 
4 827.333 0.317528 0.02207 0.675637 -0.861094 -0.457537 -4.52302 -3.36514 -819.445 0 
8 824.043 0.314766 0.0223364 0.674803 -0.810636 -0.484474 -4.19348 -0.673838 -819.176 0 
1 824.55 0.314566 0.0223758 0.675102 -0.807513 -0.493172 -4.24888 -1.11961 -819.181 0 
2 823.738 0.315983 0.022391 0.6737 -0.802808 -0.483092 -4.1193 -0.367312 -819.251 0 
2 824.239 0.320961 0.022333 0.670174 -0.821859 -0.440022 -3.92838 -1.07083 -819.24 0 
7 823.487 0.31911 0.0223694 0.671622 -0.814877 -0.450567 -3.87433 -0.360706 -819.252 0 
1 824.408 0.318886 0.0224311 0.672704 -0.818217 -0.439272 -3.88336 -1.28551 -819.239 0 
7 823.666 0.316657 0.0223534 0.674745 -0.849319 -0.383417 -4.02329 -0.426347 -819.216 0 
3 824.647 0.308499 0.0223487 0.682299 -0.881691 -0.339006 -4.36217 -0.218954 -820.066 0 
5 824.076 0.310703 0.0224421 0.678458 -0.860037 -0.328391 -4.17521 -0.490573 -819.41 0 
1 824.482 0.313072 0.0224223 0.675213 -0.843203 -0.342931 -4.09914 -1.15293 -819.23 0 
1 826.462 0.312409 0.0224149 0.67776 -0.87888 -0.307511 -4.17821 -2.66591 -819.618 0 
1 826.087 0.317593 0.0223264 0.673455 -0.873651 -0.321907 -4.39181 -2.33728 -819.358 0 
4 824.864 0.317835 0.0223762 0.67161 -0.838575 -0.361819 -3.98442 -1.65899 -819.221 0 
1 824.218 0.313686 0.0224293 0.674379 -0.824705 -0.382178 -4.17791 -0.815019 -819.225 0 
1 824.649 0.318031 0.0222542 0.671346 -0.842695 -0.371284 -4.00696 -1.44508 -819.197 0 
4 823.549 0.315493 0.0222822 0.67486 -0.849967 -0.375851 -4.0165 -0.296789 -819.236 0 
1 824.547 0.313475 0.0223203 0.674038 -0.814755 -0.401388 -4.35999 -0.925825 -819.261 0 
4 824.346 0.320028 0.0221628 0.669657 -0.839363 -0.374281 -4.04653 -1.08086 -819.219 0 
4 823.97 0.322369 0.022245 0.66723 -0.820417 -0.395624 -4.00597 -0.524293 -819.44 0 
1 824.843 0.32595 0.022341 0.666208 -0.820512 -0.401187 -4.28469 -0.991494 -819.567 0 
1 824.797 0.32114 0.0224247 0.670149 -0.829968 -0.370083 -4.04391 -1.41343 -819.34 0 
2 824.427 0.31548 0.0224834 0.672932 -0.804979 -0.40324 -4.30742 -0.682922 -819.437 0 
2 824.834 0.318549 0.0223798 0.668215 -0.785348 -0.422867 -4.27646 -0.583802 -819.974 0 
3 826.869 0.323 0.0224372 0.663364 -0.76197 -0.430129 -4.43285 -1.19129 -821.245 0 
1 825.348 0.316652 0.0223261 0.66911 -0.804104 -0.368398 -4.32006 -1.38001 -819.648 0 
1 824.31 0.315239 0.0223465 0.671885 -0.802001 -0.411428 -4.3526 -0.505663 -819.452 0 
1 826.197 0.321756 0.0222066 0.667658 -0.832094 -0.385052 -4.09556 -2.81432 -819.287 0 
7 824.848 0.315162 0.0221858 0.674094 -0.851793 -0.3798 -4.04894 -1.53935 -819.26 0 
1 824.601 0.314409 0.022185 0.676057 -0.864768 -0.381275 -4.19286 -0.954129 -819.454 0 
1 824.158 0.3121 0.0222293 0.678338 -0.858853 -0.401973 -4.2361 -0.410606 -819.511 0 
10 824.77 0.314727 0.0223098 0.676216 -0.855825 -0.399148 -4.14383 -1.28278 -819.343 0 
1 824.244 0.321491 0.0223294 0.670343 -0.825911 -0.443278 -3.99954 -1.04091 -819.204 0 
2 826.155 0.32692 0.0222257 0.667333 -0.842082 -0.439127 -5.01279 -1.97051 -819.172 0 
7 824.41 0.3204 0.0221609 0.67193 -0.840976 -0.455486 -4.224 -1.03989 -819.146 0 
2 823.796 0.321107 0.0223139 0.671136 -0.824204 -0.460678 -3.97438 -0.64306 -819.179 0 
13 823.581 0.317305 0.0222939 0.673033 -0.81564 -0.458275 -3.94533 -0.436076 -819.2 0 
2 823.61 0.320776 0.0222355 0.670206 -0.808128 -0.486286 -3.84441 -0.483679 -819.282 0 
2 823.635 0.313421 0.0223612 0.675421 -0.812799 -0.453566 -4.31695 -0.124778 -819.193 0 
3 824.44 0.307686 0.0224222 0.681209 -0.830821 -0.430384 -5.00361 -0.107122 -819.329 0 
1 823.694 0.315931 0.022344 0.673009 -0.800763 -0.463288 -4.17327 -0.194819 -819.326 0 
2 824.58 0.312952 0.0224463 0.676304 -0.809504 -0.443455 -4.46988 -0.888043 -819.222 0 
2 824.529 0.320591 0.0224066 0.667876 -0.791241 -0.434578 -3.96678 -0.711984 -819.85 0 
2 825.102 0.313102 0.0224863 0.674275 -0.788615 -0.444647 -4.94854 -0.644595 -819.509 0 
5 824.223 0.319663 0.022412 0.669653 -0.79585 -0.433246 -3.99801 -0.543833 -819.682 0 
3 825.139 0.319856 0.0225322 0.668557 -0.780189 -0.433696 -4.23928 -0.735868 -820.164 0 
1 823.634 0.317525 0.0224108 0.672478 -0.810049 -0.4362 -3.96685 -0.354239 -819.313 0 
2 824.641 0.308478 0.0222787 0.680132 -0.843392 -0.415752 -4.65684 -0.54101 -819.443 0 
3 824.994 0.317687 0.0223517 0.674446 -0.855072 -0.399247 -4.19531 -1.55108 -819.248 0 
1 824.876 0.313802 0.022323 0.678078 -0.838303 -0.457428 -4.19241 -1.41996 -819.264 0 
1 825.284 0.313134 0.0222019 0.675588 -0.820198 -0.450414 -4.29057 -1.81596 -819.178 0 
3 823.94 0.312334 0.022289 0.676567 -0.816692 -0.462834 -4.43821 -0.321594 -819.18 0 
3 825.481 0.311531 0.0223283 0.679669 -0.830969 -0.474745 -4.47591 -1.71923 -819.286 0 
1 823.53 0.315656 0.0223747 0.674892 -0.814013 -0.469361 -4.07683 -0.273128 -819.18 0 
3 823.635 0.318053 0.0223845 0.673494 -0.818638 -0.465244 -3.92252 -0.535859 -819.176 0 
5 824.924 0.317204 0.022453 0.675398 -0.84418 -0.417703 -4.0459 -1.68452 -819.193 0 
18 824.269 0.314724 0.0222942 0.677039 -0.872119 -0.368392 -4.26794 -0.460351 -819.541 0 
1 827.367 0.319784 0.0223564 0.670381 -0.838628 -0.380189 -4.05257 -4.10386 -819.21 0 
4 824.179 0.321275 0.0222432 0.67077 -0.852221 -0.384986 -4.35838 -0.639259 -819.181 0 
7 823.945 0.317558 0.0222585 0.673431 -0.856708 -0.374825 -4.14693 -0.553825 -819.244 0 
2 823.62 0.317147 0.0224484 0.673092 -0.827089 -0.392223 -3.94916 -0.439799 -819.231 0 
1 824.755 0.316362 0.0224761 0.672205 -0.811945 -0.402782 -4.06453 -1.33709 -819.354 0 
7 825.617 0.317329 0.0225836 0.672105 -0.797852 -0.432385 -4.11263 -1.973 -819.532 0 
2 825.669 0.317666 0.0225347 0.672177 -0.809111 -0.425547 -3.95997 -2.34667 -819.363 0 
2 825.058 0.315543 0.0225708 0.674989 -0.830531 -0.379514 -4.01155 -1.83241 -819.214 0 
2 826.279 0.304382 0.0225958 0.68464 -0.845961 -0.378968 -5.34484 -1.35797 -819.577 0 
4 826.857 0.304728 0.0226345 0.683574 -0.828914 -0.390757 -5.73936 -1.78774 -819.33 0 
5 829.254 0.305166 0.0227413 0.683197 -0.813785 -0.406496 -6.15553 -3.85769 -819.241 0 
6 830.829 0.299842 0.0227751 0.686784 -0.834653 -0.346335 -6.99912 -4.34609 -819.483 0 
3 830.9 0.2978 0.0227475 0.688767 -0.840706 -0.345423 -7.48406 -3.71597 -819.7 0 
4 830.35 0.300178 0.0226948 0.6854 -0.818565 -0.360979 -7.74586 -3.28996 -819.314 0 
1 828.508 0.306713 0.0227061 0.679331 -0.801204 -0.376614 -6.31563 -2.85436 -819.338 0 
1 827.36 0.303723 0.0226617 0.68318 -0.832705 -0.349914 -5.88411 -2.14311 -819.333 0 
1 830.291 0.300105 0.0227063 0.684184 -0.821003 -0.327962 -7.65762 -3.33254 -819.301 0 
2 827.096 0.300116 0.0223832 0.688388 -0.906085 -0.251665 -5.00784 -0.780414 -821.307 0 
1 827.56 0.299773 0.0223549 0.687178 -0.901846 -0.230664 -5.0622 -1.51586 -820.981 0 
2 828.034 0.299425 0.0225867 0.685309 -0.867704 -0.23329 -5.97379 -2.24448 -819.816 0 
5 828.528 0.302353 0.0225899 0.681074 -0.851997 -0.2165 -5.96392 -3.17341 -819.39 0 
2 826.621 0.30522 0.022548 0.678813 -0.878549 -0.155643 -4.85311 -2.21021 -819.557 0 
3 825.441 0.309035 0.0223835 0.676463 -0.895967 -0.139961 -4.48536 -1.27174 -819.684 0 
5 825.543 0.30654 0.0223803 0.680508 -0.918093 -0.134268 -4.3839 -0.760788 -820.398 0 
2 825.789 0.30453 0.0224953 0.681503 -0.910287 -0.125163 -4.49495 -1.04777 -820.246 0 
2 827.31 0.30565 0.0223319 0.683249 -0.96628 -0.0667096 -4.85141 -0.222064 -822.236 0 
2 828.164 0.305617 0.0224313 0.684885 -0.962821 -0.0870508 -4.75662 -1.18579 -822.221 0 
1 829.78 0.313081 0.0223625 0.679356 -0.963689 -0.0893597 -5.88123 -2.53869 -821.36 0 
2 831.525 0.317902 0.0223805 0.674238 -0.926241 -0.131825 -5.72786 -5.90146 -819.895 0 
2 831.856 0.323124 0.0224878 0.670634 -0.928493 -0.11341 -7.29469 -4.8562 -819.705 0 
2 832.703 0.328076 0.0225891 0.665076 -0.910819 -0.0953901 -8.63772 -4.47451 -819.591 0 
1 833.809 0.327632 0.0224398 0.666651 -0.955285 -0.0415257 -10.704 -3.18131 -819.924 0 
1 833.93 0.326916 0.0225845 0.666226 -0.92966 -0.046644 -9.2989 -4.95583 -819.676 0 
6 832.559 0.32324 0.022621 0.669259 -0.922347 -0.0725735 -7.51876 -5.41254 -819.627 0 
1 830.617 0.321437 0.0225552 0.670618 -0.94064 -0.0450194 -7.71028 -3.02951 -819.877 0 
2 829.143 0.324683 0.0224982 0.663534 -0.909512 -0.0338056 -8.33498 -1.11335 -819.695 0 
2 829.345 0.32823 0.0224983 0.659808 -0.882832 -0.0649609 -8.67627 -0.590062 -820.079 0 
1 827.737 0.324742 0.0224417 0.662856 -0.884686 -0.0952447 -7.15294 -0.86281 -819.722 0 
5 829.796 0.327224 0.022289 0.660294 -0.88476 -0.105682 -7.73532 -2.28252 -819.778 0 
1 827.421 0.320937 0.022346 0.665672 -0.897926 -0.0875867 -6.40449 -1.47484 -819.542 0 
1 825.81 0.316942 0.022467 0.672158 -0.903428 -0.123837 -5.27601 -0.989813 -819.544 0 
1 825.718 0.319695 0.0225314 0.66722 -0.861171 -0.156378 -5.35924 -0.742523 -819.616 0 
3 826.755 0.324594 0.0225092 0.665439 -0.874374 -0.162927 -6.16165 -1.00903 -819.584 0 
1 825.88 0.312415 0.0225171 0.674297 -0.863615 -0.197305 -4.54989 -1.98196 -819.348 0 
7 824.759 0.313279 0.022502 0.673947 -0.87831 -0.187352 -4.42581 -0.932384 -819.4 0 
7 824.759 0.313194 0.0224695 0.674061 -0.899072 -0.125914 -4.76955 -0.41322 -819.577 0 
7 825.642 0.315733 0.0223743 0.670531 -0.895927 -0.104653 -5.24267 -0.89696 -819.503 0 
1 826.456 0.322142 0.0222915 0.666064 -0.899663 -0.118085 -6.37719 -0.582218 -819.496 0 
2 826.018 0.316 0.022295 0.673029 -0.911243 -0.140165 -5.09883 -1.22479 -819.694 0 
2 827.381 0.314414 0.0222158 0.674994 -0.925145 -0.137928 -5.07204 -2.23111 -820.078 0 
1 825.416 0.311393 0.0223508 0.675858 -0.901969 -0.14795 -4.50247 -1.19441 -819.719 0 
1 825.406 0.306915 0.0224712 0.679444 -0.907996 -0.134588 -4.40749 -0.942826 -820.056 0 
1 825.51 0.308176 0.0225185 0.679878 -0.921769 -0.119765 -4.47241 -0.710719 -820.327 0 
1 825.838 0.310177 0.0225911 0.676783 -0.905409 -0.110116 -4.63151 -1.45289 -819.754 0 
2 826.115 0.312771 0.0226414 0.673071 -0.872319 -0.141691 -4.83118 -1.86913 -819.415 0 
1 826.018 0.310336 0.0226369 0.675123 -0.872405 -0.148571 -4.76245 -1.84941 -819.406 0 
4 827.747 0.306959 0.0227474 0.680378 -0.894766 -0.135664 -4.55674 -3.45386 -819.737 0 
2 827.412 0.30896 0.022725 0.67703 -0.879818 -0.141534 -4.68291 -3.26272 -819.467 0 
1 825.845 0.306872 0.0225017 0.682221 -0.931463 -0.123088 -4.44927 -0.584426 -820.811 0 
1 825.354 0.30993 0.0225373 0.67868 -0.914798 -0.135268 -4.49116 -0.802262 -820.06 0 
5 826.026 0.31148 0.0225609 0.677545 -0.925368 -0.0966055 -4.86832 -1.03823 -820.12 0 
2 827.566 0.314837 0.0225177 0.676238 -0.940235 -0.0836051 -5.68571 -1.59237 -820.287 0 
1 826.107 0.312244 0.0225398 0.677108 -0.928308 -0.0974757 -4.99405 -0.954707 -820.158 0 
1 826.594 0.31274 0.0224059 0.676532 -0.946435 -0.0731626 -5.49605 -0.498535 -820.599 0 
1 826.317 0.31638 0.0224889 0.673582 -0.922275 -0.110739 -5.53118 -0.95464 -819.832 0 
5 825.394 0.314216 0.0223198 0.675202 -0.9286 -0.122348 -5.18617 -0.0759018 -820.131 0 
1 824.933 0.312891 0.0225394 0.675329 -0.897881 -0.145252 -4.61547 -0.727191 -819.59 0 
2 825.683 0.317195 0.022322 0.670439 -0.905897 -0.123896 -5.36269 -0.754905 -819.565 0 
2 824.954 0.311953 0.0224588 0.67612 -0.914113 -0.115657 -4.74346 -0.340855 -819.87 0 
4 825.721 0.315037 0.0224712 0.67507 -0.923044 -0.11839 -5.24058 -0.5511 -819.93 0 
10 825.755 0.305766 0.0224535 0.682485 -0.936073 -0.11054 -4.45751 -0.261299 -821.037 0 
1 824.82 0.310618 0.0224097 0.677018 -0.911494 -0.140662 -4.5022 -0.367481 -819.951 0 
2 826.378 0.309799 0.0224842 0.680859 -0.940091 -0.123084 -4.7719 -0.722239 -820.884 0 
1 826.28 0.316028 0.0224188 0.675085 -0.93291 -0.123572 -5.61765 -0.51889 -820.143 0 
1 825.958 0.311714 0.0224832 0.675152 -0.898927 -0.142092 -4.54063 -1.77691 -819.64 0 
6 826.444 0.313143 0.0224724 0.674213 -0.905156 -0.129919 -4.74696 -2.02221 -819.674 0 
2 824.991 0.311734 0.022409 0.675153 -0.912119 -0.106924 -4.76736 -0.407597 -819.816 0 
4 825.081 0.311096 0.0223848 0.676607 -0.917149 -0.128788 -4.62049 -0.429588 -820.031 0 
3 825.926 0.3087 0.0225152 0.678934 -0.920098 -0.115379 -4.51035 -1.19835 -820.218 0 
4 825.719 0.31327 0.0224681 0.674178 -0.906718 -0.123644 -4.80475 -1.22805 -819.686 0 
4 826.472 0.311241 0.0223288 0.675204 -0.910193 -0.133242 -4.57524 -2.0331 -819.864 0 
1 826.645 0.30492 0.0224567 0.679596 -0.892121 -0.152509 -4.59268 -2.22978 -819.823 0 
1 827.6 0.313708 0.0221663 0.675893 -0.937164 -0.152956 -5.28188 -1.73918 -820.579 0 
5 827.346 0.314641 0.0224256 0.673609 -0.900502 -0.168984 -4.69146 -3.04566 -819.609 0 
2 825.848 0.309869 0.022348 0.677793 -0.916703 -0.152022 -4.45444 -1.20679 -820.186 0 
3 824.931 0.309413 0.0224215 0.677972 -0.902989 -0.168368 -4.33091 -0.705406 -819.895 0 
1 825.051 0.317743 0.0223396 0.672913 -0.910138 -0.176293 -5.2439 -0.133777 -819.673 0 
4 825.359 0.315769 0.0223717 0.674524 -0.918137 -0.160422 -5.1337 -0.3321 -819.893 0 
3 826.175 0.307278 0.0224279 0.682971 -0.941203 -0.137938 -4.55862 -0.321783 -821.295 0 
1 826.479 0.305599 0.0225962 0.683252 -0.912775 -0.156484 -4.36377 -1.71421 -820.401 0 
1 827.427 0.301247 0.0226085 0.687881 -0.921165 -0.171573 -4.584 -1.56736 -821.276 0 
3 825.64 0.304812 0.022552 0.681296 -0.891853 -0.16624 -4.58626 -1.18676 -819.867 0 
6 826.467 0.302649 0.0225147 0.683468 -0.890186 -0.187066 -4.8238 -1.60712 -820.036 0 
1 826.812 0.300739 0.0225492 0.685317 -0.913205 -0.135069 -4.72593 -1.36607 -820.72 0 
8 827.309 0.305054 0.0226947 0.683179 -0.907461 -0.145319 -4.44031 -2.65874 -820.21 0 
1 827.325 0.310117 0.0226978 0.678791 -0.905224 -0.133785 -4.49871 -3.01779 -819.808 0 
3 827.085 0.30646 0.022711 0.67957 -0.868863 -0.184942 -4.84256 -2.80393 -819.438 0 
1 826.29 0.302955 0.0225066 0.685365 -0.932958 -0.128269 -4.42535 -0.543529 -821.321 0 
2 826.816 0.302044 0.0225787 0.683 -0.898055 -0.139924 -4.83496 -1.87586 -820.105 0 
1 826.197 0.312557 0.0224326 0.672901 -0.876012 -0.174155 -4.48619 -2.31565 -819.396 0 
1 828.711 0.303959 0.0222445 0.680721 -0.913737 -0.133356 -4.46002 -3.80355 -820.448 0 
6 829.204 0.303074 0.0223054 0.680257 -0.893812 -0.149051 -4.78402 -4.4635 -819.956 0 
1 828.729 0.304654 0.0223869 0.678056 -0.891941 -0.124425 -4.74829 -4.2285 -819.752 0 
1 828.963 0.308257 0.0223668 0.674137 -0.876011 -0.141044 -4.75626 -4.76039 -819.446 0 
2 825.834 0.310351 0.0225364 0.674325 -0.870916 -0.158954 -4.67841 -1.76034 -819.395 0 
3 825.495 0.312672 0.0225452 0.672482 -0.870426 -0.149583 -4.77965 -1.3104 -819.405 0 
1 826.136 0.307064 0.0225933 0.677986 -0.877755 -0.162709 -4.66707 -1.96684 -819.502 0 
1 824.901 0.310168 0.0224549 0.675674 -0.887582 -0.155087 -4.47575 -0.888214 -819.537 0 
1 825.5 0.308773 0.0223339 0.678835 -0.927206 -0.121932 -4.53073 -0.492437 -820.476 0 
6 825.621 0.315132 0.0225026 0.674779 -0.9102 -0.138453 -4.97174 -0.944244 -819.705 0 
3 827.204 0.315744 0.0226336 0.673568 -0.903855 -0.121769 -5.11879 -2.51382 -819.572 0 
1 826.744 0.318735 0.0224567 0.67206 -0.919109 -0.130016 -5.86062 -1.16801 -819.716 0 
5 825.494 0.316041 0.0224496 0.673985 -0.918193 -0.125801 -5.29837 -0.400502 -819.795 0 
1 825.98 0.31374 0.0224616 0.676825 -0.930374 -0.127441 -5.13266 -0.613202 -820.234 0 
2 825.593 0.312781 0.0225036 0.67564 -0.925424 -0.0829969 -5.12176 -0.466967 -820.005 0 
1 826.601 0.30755 0.0226346 0.680784 -0.917073 -0.112126 -4.48325 -1.92788 -820.19 0 
1 825.166 0.311245 0.022428 0.676208 -0.899705 -0.145497 -4.51088 -0.978425 -819.677 0 
3 825.683 0.30961 0.0223518 0.676377 -0.906984 -0.131808 -4.4751 -1.34036 -819.867 0 
1 825.821 0.310237 0.0222502 0.677805 -0.924064 -0.149265 -4.55441 -0.881576 -820.385 0 
5 825.479 0.318293 0.0224703 0.671193 -0.901791 -0.141625 -5.37888 -0.590706 -819.51 0 
3 825.641 0.315253 0.0223376 0.674845 -0.931627 -0.119858 -5.44109 -0.0571023 -820.143 0 
2 826.047 0.314917 0.0224711 0.674611 -0.929338 -0.0936696 -5.46908 -0.55991 -820.018 0 
1 827.579 0.31421 0.0224799 0.677588 -0.947003 -0.101472 -5.66415 -1.27905 -820.636 0 
3 826.877 0.306479 0.0226386 0.681835 -0.922941 -0.112423 -4.43791 -1.97627 -820.463 0 
1 826.822 0.307781 0.0226034 0.680607 -0.922342 -0.117742 -4.46183 -1.99386 -820.367 0 
8 826.873 0.311072 0.0225078 0.67906 -0.938436 -0.1112 -4.94549 -1.29077 -820.637 0 
1 825.256 0.313576 0.0224062 0.675401 -0.924068 -0.11753 -5.04043 -0.184196 -820.031 0 
1 826.873 0.316693 0.022413 0.672232 -0.912298 -0.134221 -5.31183 -1.88316 -819.678 0 
1 825.776 0.313581 0.0223996 0.676673 -0.934145 -0.115193 -5.20402 -0.260466 -820.311 0 
1 826.88 0.315189 0.0222195 0.67393 -0.927661 -0.119998 -5.32651 -1.51319 -820.04 0 
1 825.474 0.318635 0.0222302 0.669668 -0.893695 -0.169134 -5.14854 -0.884238 -819.441 0 
2 825.832 0.318494 0.0222359 0.667769 -0.866539 -0.200015 -4.75863 -1.68475 -819.389 0 
1 826.653 0.31884 0.0222024 0.66693 -0.861632 -0.198953 -4.81581 -2.40219 -819.435 0 
2 827.903 0.31651 0.0222288 0.667979 -0.86532 -0.182438 -4.71631 -3.78271 -819.404 0 
3 827.322 0.316217 0.0223903 0.66799 -0.850992 -0.190341 -4.77918 -3.03325 -819.51 0 
2 825.643 0.311742 0.0225939 0.67361 -0.837978 -0.238836 -4.79035 -1.4638 -819.389 0 
4 826.014 0.315986 0.0226388 0.670941 -0.83852 -0.230966 -4.67357 -1.80678 -819.534 0 
6 824.429 0.318525 0.0224536 0.669558 -0.864593 -0.211154 -4.68005 -0.37299 -819.376 0 
1 825.278 0.316508 0.0223158 0.670426 -0.888989 -0.159365 -4.87209 -0.970932 -819.435 0 
1 825.214 0.313752 0.0224066 0.671657 -0.860166 -0.206519 -4.46937 -1.39807 -819.346 0 
4 825.402 0.315707 0.0224172 0.66931 -0.856758 -0.18398 -4.76128 -1.19131 -819.45 0 
6 827.364 0.316464 0.0224799 0.66736 -0.83811 -0.195889 -4.98123 -2.66631 -819.717 0 
4 826.454 0.321912 0.0223492 0.665075 -0.869132 -0.167579 -5.54005 -1.37106 -819.543 0 
3 828.699 0.325942 0.0220824 0.664274 -0.90667 -0.156524 -7.29431 -1.93536 -819.469 0 
3 827.662 0.325091 0.0222493 0.666992 -0.902217 -0.179164 -6.70052 -1.52768 -819.434 0 
2 828.489 0.326197 0.0223707 0.666658 -0.913761 -0.14584 -7.66702 -1.31363 -819.508 0 
8 827.354 0.322253 0.0225772 0.666981 -0.873626 -0.162862 -5.6719 -2.16272 -819.519 0 
2 827.206 0.317075 0.0225998 0.672367 -0.877503 -0.174308 -4.81415 -3.00313 -819.388 0 
1 827.299 0.318741 0.0226867 0.668845 -0.848676 -0.188006 -5.03667 -2.61263 -819.65 0 
3 827.885 0.311851 0.0226537 0.675159 -0.867942 -0.168313 -4.7214 -3.78475 -819.379 0 
1 829.042 0.312499 0.0225745 0.676107 -0.889125 -0.152307 -4.59893 -4.94722 -819.496 0 
2 827.59 0.316266 0.0225158 0.674388 -0.91102 -0.133589 -5.1686 -2.75057 -819.671 0 
2 827.984 0.319589 0.0224463 0.671321 -0.912599 -0.120828 -5.91404 -2.48043 -819.59 0 
5 827.871 0.324556 0.0225038 0.665696 -0.892525 -0.113368 -6.91675 -1.38604 -819.568 0 
2 827.203 0.324283 0.022356 0.665679 -0.913719 -0.0875078 -7.54304 -0.0916582 -819.569 0 
5 828.694 0.324463 0.0224652 0.666324 -0.915812 -0.0709328 -7.79964 -1.29795 -819.597 0 
1 829.049 0.321377 0.0224809 0.666219 -0.889505 -0.0765698 -6.60575 -2.81795 -819.625 0 
8 830.316 0.330262 0.0223807 0.659051 -0.899435 -0.0437911 -9.96476 -0.37588 -819.975 0 
1 831.35 0.330734 0.0225611 0.659966 -0.885312 -0.0824522 -9.23232 -2.04832 -820.069 0 
1 831.419 0.3304 0.0224184 0.661309 -0.922926 -0.0377805 -10.6937 -0.98549 -819.74 0 
1 831.693 0.319035 0.0224303 0.67117 -0.957994 0.0176388 -8.00467 -3.46675 -820.221 0 
1 832.714 0.316628 0.0224898 0.673789 -0.960716 0.0151507 -7.28191 -4.99978 -820.433 0 
3 829.689 0.310669 0.0226149 0.677028 -0.93792 -0.00871716 -5.48461 -3.98378 -820.221 0 
2 832.31 0.311894 0.0227538 0.675785 -0.917066 -0.0282201 -5.50871 -7.03478 -819.767 0 
1 828.534 0.317426 0.0225252 0.670338 -0.934503 0.00842508 -7.06704 -1.61953 -819.847 0 
2 827.495 0.319526 0.0225723 0.666846 -0.89471 -0.0459769 -6.6609 -1.1993 -819.635 0 
2 828.267 0.314454 0.0225225 0.669494 -0.885973 -0.0548994 -5.81477 -2.8899 -819.562 0 
3 828.256 0.323591 0.0225511 0.662589 -0.879012 -0.0608937 -7.40746 -0.921683 -819.927 0 
2 827.432 0.323322 0.022435 0.663364 -0.887861 -0.0753927 -7.09204 -0.63198 -819.708 0 
1 827.058 0.318582 0.0223849 0.668075 -0.897379 -0.0791017 -5.99417 -1.52846 -819.535 0 
4 827.241 0.320831 0.0223962 0.664707 -0.893271 -0.0588229 -6.74898 -0.854984 -819.637 0 
1 826.784 0.317457 0.0223866 0.670229 -0.921949 -0.0490578 -6.24035 -0.832074 -819.712 0 
1 826.57 0.317328 0.0225289 0.667858 -0.887628 -0.0693688 -5.93237 -1.07048 -819.567 0 
2 827.853 0.320512 0.0223271 0.66826 -0.938643 -0.0337261 -7.54868 -0.444523 -819.86 0 
2 828.798 0.32387 0.02231 0.664342 -0.923531 -0.0379523 -8.2527 -0.883289 -819.662 0 
2 827.68 0.317 0.0224113 0.670358 -0.93292 -0.0323669 -6.48509 -1.32109 -819.874 0 
2 826.988 0.316609 0.0224134 0.668716 -0.912897 -0.0346012 -6.19455 -1.15722 -819.637 0 
1 828.056 0.30915 0.0223031 0.675756 -0.937026 -0.0242749 -5.13372 -2.58056 -820.342 0 
5 827.873 0.31167 0.0223305 0.67224 -0.920367 -0.0286265 -5.42585 -2.61825 -819.828 0 
4 826.77 0.313587 0.0223288 0.672982 -0.937235 -0.0357516 -5.74263 -0.905186 -820.122 0 
2 825.992 0.314304 0.0225168 0.673053 -0.922651 -0.0511942 -5.60326 -0.576463 -819.812 0 
1 825.967 0.312737 0.0225372 0.672914 -0.904872 -0.0697607 -5.18637 -1.16315 -819.617 0 
2 827.463 0.306448 0.0225902 0.679022 -0.931389 -0.0354151 -4.8012 -2.26836 -820.393 0 
5 827.002 0.310529 0.0226356 0.675195 -0.906416 -0.0700051 -4.95974 -2.34964 -819.692 0 
2 826.395 0.309724 0.022543 0.674763 -0.899666 -0.0692112 -5.02198 -1.75303 -819.62 0 
1 826.057 0.309592 0.0225047 0.674781 -0.896289 -0.0871497 -4.88016 -1.58177 -819.595 0 
1 825.824 0.31123 0.0224784 0.674034 -0.910008 -0.0661282 -5.04052 -1.06129 -819.722 0 
3 826.374 0.307659 0.0225825 0.680455 -0.9307 -0.0783975 -4.63523 -1.26407 -820.475 0 
1 826.398 0.311876 0.0225112 0.675949 -0.904678 -0.115467 -4.73288 -1.97801 -819.687 0 
7 826.539 0.310892 0.022504 0.67584 -0.892089 -0.130984 -4.64801 -2.34025 -819.55 0 
1 828.046 0.313897 0.0225117 0.670581 -0.846266 -0.176302 -5.12116 -3.37383 -819.551 0 
5 825.787 0.320166 0.0224057 0.665505 -0.857343 -0.158606 -5.41791 -0.680413 -819.689 0 
2 827.857 0.328588 0.0222668 0.659853 -0.863893 -0.155112 -7.1571 -0.688743 -820.012 0 
1 828.154 0.331382 0.0223279 0.65689 -0.838944 -0.191792 -7.2197 -0.184687 -820.75 0 
1 826.216 0.322894 0.0224882 0.663534 -0.842739 -0.182473 -5.60718 -0.571329 -820.038 0 
6 826.258 0.31811 0.0225253 0.667368 -0.840483 -0.188315 -5.14973 -1.32376 -819.785 0 
4 824.814 0.31441 0.0224932 0.671991 -0.868857 -0.172196 -4.6798 -0.749311 -819.385 0 
3 825.298 0.312386 0.022557 0.67353 -0.852805 -0.207908 -4.64923 -1.29055 -819.359 0 
1 825.533 0.314495 0.0225422 0.675204 -0.905595 -0.149941 -4.78852 -1.07667 -819.668 0 
2 824.858 0.308477 0.022473 0.680699 -0.911843 -0.179131 -4.31288 -0.290179 -820.255 0 
1 825.21 0.307143 0.02254 0.678797 -0.882978 -0.175244 -4.51373 -1.09889 -819.598 0 
2 824.499 0.312879 0.0224945 0.673815 -0.876813 -0.172586 -4.53072 -0.570636 -819.397 0 
3 825.473 0.310458 0.0225145 0.674221 -0.857585 -0.192098 -4.72995 -1.39122 -819.352 0 
2 825.156 0.30917 0.0225244 0.677093 -0.871461 -0.194561 -4.52111 -1.22011 -819.415 0 
1 824.299 0.313341 0.0224816 0.674278 -0.884995 -0.173245 -4.49534 -0.353916 -819.45 0 
1 824.425 0.317523 0.0224495 0.669364 -0.855732 -0.211867 -4.62677 -0.375339 -819.422 0 
3 824.905 0.319121 0.0224722 0.670024 -0.870652 -0.216585 -4.73018 -0.827579 -819.348 0 
5 824.928 0.319304 0.0223852 0.670808 -0.884671 -0.220983 -4.89205 -0.667803 -819.368 0 
3 828.194 0.324478 0.0225638 0.665218 -0.843739 -0.248978 -5.10638 -3.36046 -819.727 0 
1 829.154 0.327186 0.0224876 0.663191 -0.843452 -0.263226 -5.48102 -3.86861 -819.805 0 
1 827.228 0.321007 0.0224832 0.666153 -0.823261 -0.291313 -4.43821 -2.98928 -819.8 0 
7 824.471 0.3183 0.022422 0.671565 -0.867617 -0.26524 -4.39787 -0.783459 -819.289 0 
1 824.609 0.321067 0.0223875 0.670529 -0.869899 -0.280687 -4.70572 -0.627444 -819.276 0 
1 825.128 0.309571 0.0225306 0.676097 -0.84805 -0.25395 -4.61413 -1.22057 -819.293 0 
1 824.558 0.309865 0.0224033 0.678362 -0.895791 -0.211726 -4.23599 -0.48647 -819.836 0 
5 825.006 0.307511 0.0225288 0.679107 -0.876069 -0.215655 -4.42637 -1.0299 -819.55 0 
1 824.209 0.311697 0.0225002 0.675322 -0.864147 -0.229261 -4.32066 -0.553276 -819.335 0 
4 825.177 0.311066 0.0224639 0.676246 -0.877851 -0.221945 -4.22916 -1.47929 -819.468 0 
2 824.566 0.311175 0.0223768 0.677832 -0.900212 -0.215744 -4.29072 -0.390143 -819.885 0 
2 824.692 0.317041 0.0222625 0.671636 -0.875542 -0.254787 -4.39012 -0.963736 -819.338 0 
1 825.802 0.320211 0.0221892 0.6716 -0.899266 -0.247455 -5.28757 -0.992185 -819.523 0 
2 823.903 0.317662 0.0222738 0.671671 -0.872281 -0.265752 -4.37649 -0.216282 -819.311 0 
2 825.177 0.310294 0.022358 0.678345 -0.877725 -0.258977 -4.18748 -1.4259 -819.564 0 
3 824.442 0.318294 0.0224598 0.66943 -0.842293 -0.254031 -4.46909 -0.50306 -819.47 0 
6 825.201 0.322355 0.0224921 0.666962 -0.855309 -0.226217 -5.01969 -0.655989 -819.525 0 
1 824.846 0.315744 0.0225083 0.672387 -0.853135 -0.242646 -4.37422 -1.13913 -819.333 0 
5 826.443 0.320493 0.022595 0.666738 -0.813057 -0.277264 -4.78139 -1.51208 -820.15 0 
1 826.919 0.317961 0.0226625 0.66848 -0.816435 -0.260567 -4.87003 -2.06291 -819.986 0 
2 826.528 0.320771 0.0226218 0.666414 -0.813873 -0.272923 -4.79306 -1.56212 -820.172 0 
5 825.827 0.317238 0.022597 0.669251 -0.818377 -0.274371 -4.70024 -1.31778 -819.809 0 
1 824.47 0.322567 0.0223719 0.666747 -0.858187 -0.240833 -4.95902 -0.0689238 -819.442 0 
4 824.245 0.319712 0.0224682 0.66874 -0.835615 -0.281877 -4.38097 -0.344142 -819.52 0 
3 825.326 0.320685 0.0223149 0.669914 -0.869912 -0.25627 -4.70948 -1.31515 -819.301 0 
2 825.382 0.320697 0.022446 0.670417 -0.880572 -0.219457 -5.03109 -1.00433 -819.346 0 
1 824.425 0.317043 0.0224476 0.672239 -0.866271 -0.238947 -4.39042 -0.722607 -819.312 0 
4 824.061 0.315636 0.0224041 0.673267 -0.86956 -0.241457 -4.29503 -0.445224 -819.321 0 
3 824.56 0.319851 0.0223435 0.668351 -0.853116 -0.263708 -4.45924 -0.743898 -819.357 0 
6 823.82 0.317562 0.0223762 0.670836 -0.859061 -0.250669 -4.36058 -0.147793 -819.312 0 
2 824.022 0.315726 0.0224541 0.671891 -0.858425 -0.240284 -4.3219 -0.385317 -819.314 0 
1 824.784 0.318453 0.0224485 0.672161 -0.880716 -0.225347 -4.67956 -0.750573 -819.354 0 
2 824.211 0.309045 0.022415 0.678886 -0.888814 -0.217551 -4.2412 -0.234871 -819.735 0 
3 825.262 0.30846 0.0223859 0.677509 -0.879403 -0.198048 -4.41142 -1.31448 -819.536 0 
1 827.271 0.316371 0.022217 0.668546 -0.85675 -0.204377 -4.62829 -3.23511 -819.408 0 
1 826.27 0.32114 0.0221915 0.666142 -0.867582 -0.213945 -5.00566 -1.86773 -819.397 0 
1 826.784 0.325015 0.022181 0.663356 -0.861573 -0.229387 -5.52394 -1.74094 -819.519 0 
1 826.1 0.315228 0.0221399 0.672584 -0.886771 -0.226351 -4.40345 -2.22577 -819.471 0 
6 825.336 0.30929 0.0223973 0.675772 -0.858896 -0.234952 -4.49939 -1.50187 -819.335 0 
1 824.425 0.312982 0.0223596 0.673984 -0.870464 -0.233992 -4.22847 -0.838235 -819.358 0 
2 826.964 0.305902 0.0224541 0.679731 -0.886083 -0.199095 -4.43546 -2.74969 -819.779 0 
15 826.347 0.304209 0.0223611 0.681836 -0.893142 -0.213159 -4.50378 -1.70817 -820.135 0 
3 824.981 0.306338 0.0223729 0.680772 -0.881137 -0.245084 -4.42278 -0.765477 -819.793 0 
7 824.797 0.316153 0.0224038 0.674084 -0.899059 -0.204443 -4.72336 -0.481732 -819.592 0 
1 826.081 0.315437 0.0224196 0.675986 -0.878654 -0.275778 -4.23497 -2.42242 -819.423 0 
2 825.509 0.308173 0.0225794 0.681258 -0.873905 -0.269479 -4.31539 -1.57962 -819.614 0 
9 824.684 0.312135 0.0225224 0.677937 -0.882451 -0.252507 -4.17236 -0.953972 -819.557 0 
3 825.051 0.312655 0.0225191 0.676291 -0.874412 -0.250036 -4.16723 -1.46733 -819.416 0 
2 825.28 0.312227 0.0222454 0.676839 -0.891537 -0.242562 -4.23006 -1.34217 -819.707 0 
2 824.231 0.315321 0.0222479 0.674273 -0.884792 -0.259202 -4.3288 -0.413587 -819.489 0 
1 823.998 0.317025 0.0223723 0.671842 -0.864138 -0.268266 -4.25978 -0.453403 -819.284 0 
3 825.056 0.314979 0.0222078 0.673244 -0.886675 -0.234721 -4.36973 -1.19729 -819.489 0 
16 823.964 0.312178 0.0223308 0.676143 -0.884917 -0.234502 -4.20929 -0.194909 -819.56 0 
1 824.895 0.318646 0.0222325 0.671545 -0.870027 -0.284352 -4.38903 -1.21937 -819.287 0 
3 826.924 0.31572 0.0223051 0.673129 -0.85095 -0.299274 -4.12258 -3.54794 -819.254 0 
2 825.207 0.326067 0.0222923 0.663576 -0.841823 -0.286094 -5.07528 -0.467351 -819.664 0 
1 826.925 0.327862 0.022357 0.665452 -0.868146 -0.275572 -6.03141 -1.51701 -819.377 0 
1 825.708 0.326904 0.0223703 0.665096 -0.847873 -0.298355 -5.22736 -0.949744 -819.531 0 
7 824.337 0.323282 0.0222994 0.666986 -0.848775 -0.296549 -4.65106 -0.290963 -819.395 0 
3 824.645 0.325403 0.0222291 0.664759 -0.820551 -0.371185 -4.32175 -0.640235 -819.683 0 
7 824.653 0.326497 0.0222589 0.663363 -0.811057 -0.375235 -4.3608 -0.308612 -819.984 0 
1 824.229 0.314424 0.0223133 0.674426 -0.848534 -0.329461 -4.05613 -0.937069 -819.236 0 
14 824.271 0.320784 0.0223159 0.666857 -0.815809 -0.340153 -4.19526 -0.362021 -819.714 0 
1 826.382 0.321922 0.0224953 0.66476 -0.806661 -0.307699 -4.56238 -1.56254 -820.257 0 
2 826.41 0.319884 0.022439 0.665756 -0.810289 -0.300097 -4.53431 -1.82993 -820.045 0 
2 827.553 0.321947 0.0225375 0.663226 -0.773491 -0.340577 -5.12796 -1.00092 -821.424 0 
2 829.39 0.314579 0.0226035 0.672115 -0.792422 -0.358242 -5.13569 -4.35387 -819.9 0 
4 826.857 0.32184 0.0225518 0.664894 -0.783525 -0.344303 -4.79813 -1.17196 -820.887 0 
1 826.367 0.315657 0.022508 0.67277 -0.826947 -0.319038 -4.29846 -2.68454 -819.384 0 
5 824.281 0.312826 0.0222863 0.67651 -0.885997 -0.257617 -4.20141 -0.474225 -819.605 0 
1 824.019 0.318846 0.0222749 0.670025 -0.863407 -0.263219 -4.41581 -0.311758 -819.291 0 
2 824.574 0.313872 0.0223035 0.672964 -0.853244 -0.270002 -4.21362 -1.08206 -819.278 0 
2 824.979 0.316445 0.0223289 0.670204 -0.84502 -0.279235 -4.20457 -1.45559 -819.319 0 
4 824.649 0.318529 0.0223566 0.667981 -0.832225 -0.282621 -4.34398 -0.775207 -819.53 0 
4 825.035 0.321865 0.0224666 0.665288 -0.809479 -0.308861 -4.5302 -0.355958 -820.149 0 
2 827.107 0.32522 0.0224485 0.660759 -0.774354 -0.351124 -4.87497 -0.610398 -821.622 0 
1 827.922 0.323958 0.0222005 0.663525 -0.814281 -0.318689 -4.5302 -3.31718 -820.074 0 
1 828.445 0.323005 0.0221634 0.662412 -0.820454 -0.289528 -4.61663 -3.81924 -820.009 0 
3 831.766 0.322188 0.0219859 0.66314 -0.831488 -0.299555 -4.4277 -7.71024 -819.628 0 
1 830.954 0.324577 0.0219558 0.662184 -0.832898 -0.316402 -4.58802 -6.73265 -819.633 0 
2 830.336 0.330314 0.0220104 0.658509 -0.831103 -0.319146 -5.56052 -4.77973 -819.996 0 
2 825.739 0.327886 0.0221815 0.661476 -0.82212 -0.332682 -4.86764 -0.860667 -820.011 0 
2 828.738 0.323269 0.0221147 0.664678 -0.817166 -0.347849 -4.25727 -4.70671 -819.774 0 
2 828.596 0.326624 0.0220473 0.661348 -0.825472 -0.317483 -4.80234 -3.86823 -819.925 0 
1 825.457 0.324873 0.0223352 0.662433 -0.801579 -0.337842 -4.50222 -0.50479 -820.45 0 
2 824.957 0.324793 0.0222497 0.664023 -0.811445 -0.358442 -4.30226 -0.690483 -819.964 0 
5 824.256 0.321186 0.0223535 0.666549 -0.798485 -0.390118 -4.07999 -0.244812 -819.931 0 
1 826.141 0.317152 0.0222592 0.668633 -0.792307 -0.400664 -4.41123 -1.91764 -819.812 0 
1 825.122 0.315503 0.0222809 0.670599 -0.806118 -0.387126 -4.3107 -1.33464 -819.476 0 
5 824.237 0.320828 0.0222513 0.668049 -0.825856 -0.374396 -4.00601 -0.857002 -819.374 0 
1 823.536 0.320481 0.0223593 0.668514 -0.815785 -0.379098 -3.99121 -0.0264316 -819.518 0 
4 824.219 0.322046 0.0224521 0.667457 -0.815829 -0.359025 -4.11916 -0.416522 -819.683 0 
4 823.737 0.31943 0.022277 0.67065 -0.849293 -0.332077 -4.15089 -0.351349 -819.235 0 
4 825.612 0.316254 0.0223169 0.675374 -0.874368 -0.312171 -4.22195 -1.99607 -819.394 0 
2 825.861 0.318714 0.0225204 0.672513 -0.839477 -0.338833 -4.05681 -2.53546 -819.268 0 
2 825.462 0.316446 0.0225864 0.674412 -0.835709 -0.359464 -3.99285 -2.24308 -819.226 0 
2 825.539 0.317174 0.0224624 0.6728 -0.833244 -0.381714 -3.94949 -2.37908 -819.211 0 
1 826.464 0.312314 0.0223563 0.677112 -0.857818 -0.365551 -4.13208 -2.93834 -819.393 0 
1 826.442 0.309343 0.0223321 0.679155 -0.852454 -0.383009 -4.39318 -2.57836 -819.471 0 
5 824.806 0.310756 0.0224286 0.679799 -0.859729 -0.378828 -4.25259 -1.02749 -819.526 0 
9 825.472 0.308465 0.0225178 0.682868 -0.875402 -0.342409 -4.354 -1.22035 -819.898 0 
2 825.925 0.304952 0.0225849 0.684284 -0.851423 -0.362599 -5.09692 -1.2243 -819.604 0 
4 825.65 0.303938 0.0225204 0.685657 -0.875266 -0.321458 -4.85866 -0.661092 -820.131 0 
2 825.77 0.309104 0.0222258 0.681172 -0.891532 -0.310386 -4.30537 -1.27545 -820.189 0 
2 826.21 0.316933 0.0221168 0.674506 -0.899305 -0.283863 -4.79295 -1.65939 -819.758 0 
1 828.267 0.306615 0.0221239 0.681262 -0.895229 -0.272064 -4.3481 -3.60125 -820.318 0 
2 826.94 0.3036 0.0222835 0.682701 -0.861665 -0.320907 -5.13336 -2.04548 -819.761 0 
1 826.507 0.303423 0.0224716 0.683891 -0.844547 -0.353684 -5.63836 -1.35158 -819.517 0 
1 826.595 0.304736 0.0223168 0.684263 -0.87194 -0.341152 -4.82255 -1.70834 -820.064 0 
1 827.016 0.311733 0.0221513 0.67887 -0.885853 -0.326464 -4.25036 -2.87116 -819.894 0 
2 826.712 0.312095 0.0220852 0.677153 -0.892296 -0.300289 -4.31147 -2.46058 -819.94 0 
1 825.571 0.318529 0.0221259 0.6732 -0.887115 -0.322095 -4.78192 -1.26056 -819.528 0 
7 826.739 0.31103 0.0221312 0.680147 -0.895346 -0.333771 -4.43205 -2.02624 -820.281 0 
2 825.697 0.309568 0.0222101 0.681329 -0.888773 -0.340097 -4.37417 -1.10736 -820.215 0 
11 825.598 0.308233 0.0222042 0.680666 -0.87716 -0.343983 -4.38541 -1.24016 -819.972 0 
7 823.449 0.31725 0.0222721 0.672105 -0.839343 -0.372044 -3.96926 -0.278708 -819.201 0 
4 823.749 0.318644 0.0222577 0.671407 -0.839851 -0.386876 -3.99714 -0.562813 -819.189 0 
4 823.648 0.317959 0.0222744 0.671578 -0.842267 -0.365198 -3.999 -0.444274 -819.204 0 
1 824.354 0.315789 0.0224615 0.673439 -0.838 -0.351275 -4.00417 -1.12711 -819.223 0 
1 824.175 0.313575 0.0224725 0.675741 -0.840863 -0.360465 -4.07157 -0.886558 -819.217 0 
3 824.454 0.310631 0.0225118 0.677883 -0.84358 -0.34384 -4.30762 -0.884314 -819.262 0 
1 823.457 0.313127 0.0223817 0.675371 -0.840557 -0.355431 -4.11143 -0.124786 -819.221 0 
4 824.098 0.319774 0.0224505 0.669743 -0.829138 -0.346534 -4.05745 -0.654064 -819.386 0 
2 825.231 0.320175 0.0224115 0.669486 -0.839689 -0.334046 -4.1399 -1.78486 -819.306 0 
4 824.834 0.317845 0.0224844 0.670965 -0.833937 -0.328174 -4.06903 -1.43627 -819.329 0 
3 823.733 0.316366 0.0223542 0.673834 -0.861508 -0.323983 -4.10991 -0.34998 -819.273 0 
1 823.745 0.312006 0.0223796 0.676444 -0.8558 -0.321844 -4.11579 -0.317132 -819.312 0 
6 824.191 0.316378 0.0223818 0.671735 -0.824225 -0.372119 -4.01666 -0.887775 -819.286 0 
1 823.335 0.314695 0.0223126 0.674389 -0.8456 -0.355936 -4.01657 -0.0977982 -819.221 0 
3 824.417 0.319452 0.0223176 0.670095 -0.821302 -0.382239 -3.9666 -1.07749 -819.373 0 
2 825.197 0.318361 0.022487 0.671092 -0.804811 -0.400721 -4.08831 -1.5468 -819.562 0 
2 825.794 0.321941 0.0223965 0.665481 -0.793955 -0.38906 -4.11341 -1.54708 -820.133 0 
2 825.747 0.319418 0.0224187 0.666298 -0.788729 -0.366893 -4.49318 -0.964891 -820.289 0 
2 824.168 0.320736 0.0224563 0.668843 -0.822124 -0.357402 -4.05841 -0.613168 -819.496 0 
2 824.736 0.317725 0.022317 0.674107 -0.88088 -0.312812 -4.51802 -0.779769 -819.438 0 
1 825.405 0.317905 0.0223023 0.675135 -0.892557 -0.303045 -4.77809 -1.01207 -819.615 0 
1 826.531 0.311154 0.0222467 0.681157 -0.931455 -0.242139 -4.92123 -0.464838 -821.145 0 
3 828.374 0.314097 0.0222736 0.677838 -0.926871 -0.234239 -5.1938 -2.58168 -820.599 0 
2 827.154 0.304083 0.0223065 0.685849 -0.917534 -0.269145 -4.64467 -0.973021 -821.536 0 
1 827.036 0.306225 0.0223911 0.686392 -0.926857 -0.269683 -4.69169 -0.596429 -821.747 0 
2 828.042 0.307834 0.0223512 0.685665 -0.928976 -0.277367 -4.78006 -1.55267 -821.71 0 
1 827.647 0.312857 0.0224004 0.68126 -0.915312 -0.285969 -4.77457 -2.30051 -820.572 0 
1 826.958 0.309339 0.0223718 0.683803 -0.92103 -0.276635 -4.64953 -1.18509 -821.123 0 
1 825.973 0.311097 0.0222844 0.680822 -0.8975 -0.309328 -4.36159 -1.39313 -820.218 0 
5 824.178 0.313965 0.0224593 0.676331 -0.864482 -0.315381 -4.07574 -0.757389 -819.345 0 
1 825.265 0.314743 0.0224264 0.674714 -0.852286 -0.339251 -4.02703 -1.9908 -819.247 0 
2 825.036 0.313344 0.022534 0.6776 -0.874053 -0.289511 -4.12342 -1.46344 -819.449 0 
3 823.546 0.315542 0.0224444 0.673935 -0.845838 -0.331946 -4.02888 -0.289714 -819.228 0 
2 824.304 0.314544 0.0225348 0.674017 -0.833056 -0.334182 -4.14285 -0.89814 -819.263 0 
1 824.322 0.314467 0.0224871 0.676141 -0.859492 -0.326908 -4.0528 -0.973994 -819.295 0 
2 824.635 0.31328 0.0224611 0.67757 -0.860423 -0.331348 -4.06647 -1.23027 -819.338 0 
11 823.999 0.32017 0.0224436 0.670819 -0.829597 -0.379896 -3.98122 -0.726395 -819.291 0 
1 824.902 0.325922 0.0223108 0.666581 -0.835891 -0.386109 -4.59503 -0.954956 -819.352 0 
1 824.416 0.321154 0.0222534 0.670897 -0.866993 -0.334772 -4.61622 -0.558809 -819.241 0 
1 823.821 0.317146 0.022322 0.672375 -0.844141 -0.359253 -3.99706 -0.617908 -819.206 0 
1 823.783 0.310221 0.0224074 0.679147 -0.848927 -0.368259 -4.31105 -0.12158 -819.351 0 
9 823.762 0.311663 0.02244 0.677883 -0.842957 -0.370471 -4.21433 -0.291165 -819.257 0 
4 823.915 0.312399 0.0223672 0.678589 -0.873108 -0.337993 -4.15756 -0.168684 -819.589 0 
8 823.74 0.314335 0.022459 0.675097 -0.840181 -0.34614 -4.06986 -0.450341 -819.22 0 
1 823.651 0.311615 0.0224412 0.676795 -0.856024 -0.305057 -4.16031 -0.182173 -819.308 0 
2 824.343 0.309299 0.0223967 0.677597 -0.8496 -0.312636 -4.41764 -0.616711 -819.309 0 
3 823.493 0.314644 0.0223818 0.67324 -0.839261 -0.323171 -4.11441 -0.129493 -819.249 0 
2 823.916 0.316861 0.0222416 0.672428 -0.85594 -0.321241 -4.08315 -0.592642 -819.24 0 
2 825.793 0.324973 0.0222863 0.663814 -0.826534 -0.326081 -4.5432 -1.49968 -819.75 0 
4 826.611 0.322961 0.0221392 0.667669 -0.876714 -0.284698 -5.21737 -2.11217 -819.281 0 
2 826.855 0.321663 0.0220916 0.669142 -0.896434 -0.247228 -5.54399 -1.87071 -819.44 0 
2 829.028 0.326342 0.0220012 0.665025 -0.895058 -0.235734 -6.65878 -3.00926 -819.36 0 
1 827.192 0.316898 0.0220693 0.671711 -0.891864 -0.245682 -4.62931 -3.04283 -819.52 0 
1 825.064 0.316575 0.0221921 0.672792 -0.882904 -0.271745 -4.4201 -1.20419 -819.44 0 
3 825.74 0.319408 0.0222796 0.667998 -0.835868 -0.315935 -4.15255 -2.20462 -819.383 0 
4 824.903 0.317861 0.0223866 0.668942 -0.824308 -0.319347 -4.18708 -1.21913 -819.497 0 
2 823.852 0.315843 0.0223726 0.673637 -0.848806 -0.322818 -4.04868 -0.569014 -819.234 0 
3 823.593 0.31713 0.0222624 0.672419 -0.8557 -0.330393 -4.08551 -0.272048 -819.235 0 
1 824.501 0.315153 0.0222567 0.675732 -0.879394 -0.307395 -4.23731 -0.762018 -819.502 0 
3 825.225 0.319696 0.022406 0.672905 -0.876878 -0.302028 -4.63785 -1.26454 -819.322 0 
1 826.872 0.327457 0.0222993 0.666658 -0.865963 -0.322183 -5.75113 -1.85143 -819.269 0 
1 824.903 0.320704 0.0223603 0.672029 -0.869429 -0.325713 -4.60065 -1.04336 -819.259 0 
2 826.217 0.31716 0.0223441 0.676677 -0.897857 -0.310635 -4.8591 -1.5588 -819.799 0 
6 825.435 0.316445 0.0223454 0.674064 -0.875407 -0.30363 -4.30257 -1.74268 -819.389 0 
2 825.133 0.315285 0.0222542 0.673579 -0.863107 -0.320886 -4.09458 -1.73419 -819.305 0 
2 826.09 0.317652 0.022298 0.670144 -0.837599 -0.33887 -4.01976 -2.80514 -819.266 0 
1 825.876 0.316553 0.0221789 0.670426 -0.830397 -0.363532 -3.9904 -2.63249 -819.253 0 
7 825.354 0.321794 0.0220853 0.668055 -0.837965 -0.388228 -4.14771 -1.98063 -819.225 0 
10 826.205 0.321813 0.0221049 0.666242 -0.823422 -0.380067 -4.02917 -2.74998 -819.426 0 
4 826.789 0.318308 0.0221011 0.668692 -0.826976 -0.372681 -3.95999 -3.5326 -819.297 0 
4 824.695 0.318896 0.0223161 0.668015 -0.788162 -0.421977 -4.20902 -0.572685 -819.913 0 
2 824.269 0.317151 0.02221 0.6711 -0.82315 -0.39539 -3.96021 -1.0518 -819.257 0 
2 824.975 0.324845 0.022296 0.667859 -0.828142 -0.415096 -4.25517 -1.38734 -819.332 0 
2 826.179 0.323862 0.0222321 0.669138 -0.829838 -0.437027 -4.17738 -2.77652 -819.225 0 
1 827.095 0.329429 0.0222327 0.660259 -0.776794 -0.472199 -4.04138 -2.27179 -820.782 0 
3 826.588 0.325212 0.0223521 0.662494 -0.752189 -0.498483 -4.02194 -1.24957 -821.317 0 
4 826.764 0.329919 0.022343 0.661941 -0.792716 -0.458935 -4.27868 -2.20032 -820.285 0 
2 827.017 0.329713 0.02229 0.66119 -0.78287 -0.476909 -4.09561 -2.40876 -820.512 0 
3 827.907 0.334781 0.0222414 0.659317 -0.796866 -0.484112 -5.15421 -2.4138 -820.339 0 
5 827.696 0.332952 0.0223967 0.659472 -0.770183 -0.494352 -4.27052 -2.18541 -821.24 0 
2 828.697 0.331458 0.0223155 0.659752 -0.774007 -0.493137 -4.14868 -3.62946 -820.919 0 
1 826.783 0.321103 0.0220588 0.670591 -0.834315 -0.456059 -4.09763 -3.54631 -819.139 0 
2 825.538 0.316345 0.0220847 0.673165 -0.823044 -0.473455 -4.0276 -2.3584 -819.152 0 
1 825.585 0.317114 0.0220759 0.672605 -0.830353 -0.451295 -3.9851 -2.44418 -819.156 0 
1 824.806 0.310786 0.0222094 0.6794 -0.848657 -0.434095 -4.40185 -0.924448 -819.479 0 
1 825.322 0.313893 0.0221105 0.675436 -0.842031 -0.430092 -4.12925 -1.9339 -819.259 0 
1 825.53 0.314354 0.022187 0.676662 -0.850772 -0.417206 -4.11602 -2.09037 -819.323 0 
9 825.502 0.309114 0.0222146 0.681078 -0.864763 -0.393767 -4.44428 -1.26933 -819.789 0 
2 826.766 0.304737 0.0222996 0.686691 -0.883734 -0.388669 -4.98469 -0.979523 -820.802 0 
1 826.858 0.303241 0.0223148 0.687079 -0.877289 -0.381154 -5.18967 -1.03104 -820.637 0 
3 825.396 0.317715 0.0223359 0.674413 -0.840369 -0.413476 -3.97969 -2.24268 -819.173 0 
1 823.616 0.317766 0.0223121 0.673483 -0.845037 -0.389568 -4.00907 -0.419377 -819.188 0 
2 823.486 0.320456 0.0223778 0.669696 -0.813384 -0.412965 -3.90024 -0.158467 -819.428 0 
2 825.07 0.321173 0.0222679 0.669435 -0.820074 -0.410126 -3.92291 -1.79436 -819.353 0 
3 825.095 0.322936 0.0222923 0.664554 -0.782533 -0.430015 -4.02644 -0.738484 -820.33 0 
3 825.124 0.326837 0.0222216 0.663 -0.810034 -0.396487 -4.30082 -0.916917 -819.906 0 
2 825.346 0.325695 0.0221792 0.662933 -0.802487 -0.398501 -4.14587 -1.15048 -820.05 0 
2 825.879 0.324946 0.0220908 0.664362 -0.824623 -0.379472 -4.29208 -2.05483 -819.532 0 
4 825.262 0.32502 0.022145 0.664638 -0.825964 -0.36504 -4.3529 -1.33617 -819.573 0 
1 824.937 0.320021 0.0222019 0.66839 -0.826231 -0.358278 -4.03501 -1.50497 -819.397 0 
1 825.166 0.323772 0.022192 0.66616 -0.831935 -0.350638 -4.32035 -1.3782 -819.467 0 
1 824.889 0.325683 0.0223747 0.662853 -0.794081 -0.37269 -4.34246 -0.00856956 -820.538 0 
3 826.198 0.323109 0.0225364 0.664332 -0.784026 -0.367879 -4.46406 -0.959409 -820.775 0 
4 826.352 0.325214 0.0225541 0.665086 -0.816603 -0.325988 -4.54866 -1.763 -820.04 0 
5 826.643 0.322199 0.0225927 0.668614 -0.835922 -0.307907 -4.38724 -2.74863 -819.507 0 
3 826.536 0.315909 0.0225302 0.676658 -0.879694 -0.287873 -4.27892 -2.816 -819.441 0 
1 827.097 0.313902 0.0227039 0.675324 -0.835847 -0.303895 -4.2905 -3.51299 -819.293 0 
1 825.424 0.320018 0.0225627 0.669971 -0.841533 -0.293849 -4.29634 -1.72916 -819.398 0 
1 825.087 0.320234 0.0224342 0.670541 -0.852905 -0.291208 -4.35883 -1.42779 -819.3 0 
1 823.758 0.314071 0.0224158 0.67509 -0.866874 -0.27008 -4.14494 -0.286201 -819.327 0 
2 823.686 0.316729 0.0223606 0.67201 -0.869656 -0.246364 -4.34162 -0.0325626 -819.312 0 
1 825.025 0.318667 0.0222688 0.668086 -0.835963 -0.283125 -4.3286 -1.22564 -819.471 0 
1 825.453 0.323871 0.0223329 0.66291 -0.811511 -0.300281 -4.68463 -0.480776 -820.287 0 
1 826.816 0.329159 0.0222447 0.659881 -0.816477 -0.302726 -5.28257 -1.02081 -820.512 0 
3 826.141 0.326739 0.0223188 0.66372 -0.827937 -0.314584 -4.85087 -1.40844 -819.882 0 
3 828.713 0.329809 0.0225799 0.660334 -0.783876 -0.355074 -4.95344 -2.18128 -821.578 0 
1 828.122 0.330468 0.0225472 0.659259 -0.781609 -0.359133 -4.98611 -1.40378 -821.732 0 
7 826.057 0.323803 0.0224602 0.664274 -0.786818 -0.369286 -4.44441 -0.909023 -820.704 0 
7 827.908 0.323608 0.0226116 0.66587 -0.799102 -0.340775 -4.49659 -2.99235 -820.419 0 
3 827.289 0.321071 0.0225566 0.667094 -0.798891 -0.336775 -4.53078 -2.49836 -820.26 0 
1 827.13 0.316228 0.0225775 0.673181 -0.83292 -0.309344 -4.2355 -3.54131 -819.354 0 
2 826.422 0.307987 0.0224754 0.68026 -0.858888 -0.292367 -4.52171 -2.48065 -819.42 0 
1 825.551 0.317243 0.0225183 0.669831 -0.794109 -0.371503 -4.56329 -1.05681 -819.931 0 
4 825.01 0.315944 0.0223678 0.670172 -0.804602 -0.361139 -4.46097 -0.911793 -819.637 0 
1 824.889 0.318677 0.0223369 0.667986 -0.811493 -0.353735 -4.15022 -1.09552 -819.643 0 
3 824.293 0.319572 0.0222284 0.670168 -0.840144 -0.354799 -4.05144 -0.997282 -819.244 0 
5 823.445 0.319775 0.0223101 0.669619 -0.828667 -0.365334 -4.00096 -0.110799 -819.333 0 
3 823.485 0.317534 0.0222811 0.671509 -0.823798 -0.40624 -3.9275 -0.32291 -819.235 0 
9 823.377 0.315795 0.0223919 0.674561 -0.835443 -0.400085 -3.97813 -0.21412 -819.184 0 
1 823.796 0.316081 0.0224194 0.675135 -0.85094 -0.366141 -4.01784 -0.550601 -819.228 0 
1 824.668 0.319793 0.0225256 0.670442 -0.811188 -0.398659 -3.9506 -1.21833 -819.499 0 
2 825.431 0.320036 0.0222406 0.672864 -0.857001 -0.392122 -4.31352 -1.9074 -819.211 0 
1 824.361 0.324277 0.022302 0.667747 -0.838826 -0.379833 -4.42847 -0.644592 -819.288 0 
1 823.941 0.3237 0.022311 0.666501 -0.798373 -0.453151 -3.85339 -0.3597 -819.728 0 
2 826.107 0.325717 0.0224406 0.663681 -0.761639 -0.495121 -3.88267 -1.29405 -820.931 0 
4 825.893 0.324105 0.0224338 0.667165 -0.798518 -0.463512 -3.85186 -2.34904 -819.692 0 
3 825.117 0.314108 0.0225145 0.677698 -0.839079 -0.411076 -4.06803 -1.83536 -819.214 0 
2 825.146 0.317914 0.0225092 0.674018 -0.810032 -0.470196 -3.92725 -1.98222 -819.237 0 
1 825.759 0.31794 0.0225708 0.672676 -0.804575 -0.446316 -3.95427 -2.4291 -819.376 0 
1 825.264 0.32322 0.0223739 0.670209 -0.833779 -0.423014 -4.1981 -1.85751 -819.209 0 
6 825.955 0.307655 0.0224788 0.683462 -0.855608 -0.39636 -4.65045 -1.63891 -819.666 0 
1 826.605 0.311238 0.0225106 0.680618 -0.842352 -0.417875 -4.31834 -2.9614 -819.325 0 
1 827.426 0.313029 0.0226304 0.679338 -0.833831 -0.427786 -4.18351 -4.02941 -819.213 0 
2 827.68 0.311841 0.0226661 0.679519 -0.832132 -0.417879 -4.2962 -4.16513 -819.219 0 
1 827.169 0.312788 0.0223576 0.681516 -0.888185 -0.384563 -4.57892 -2.43027 -820.16 0 
5 825.955 0.314692 0.0225731 0.676878 -0.835997 -0.408351 -4.0311 -2.73255 -819.191 0 
1 826.462 0.310736 0.0226323 0.679126 -0.805562 -0.467042 -4.90257 -2.35546 -819.204 0 
3 824.203 0.314974 0.0224574 0.676624 -0.835648 -0.427097 -4.04132 -0.971283 -819.19 0 
5 825.007 0.313148 0.0224827 0.678945 -0.844086 -0.42188 -4.15571 -1.56108 -819.29 0 
2 823.558 0.314333 0.02239 0.675014 -0.82581 -0.416614 -4.08965 -0.282997 -819.186 0 
1 824.989 0.312046 0.0224472 0.679244 -0.835699 -0.433634 -4.28764 -1.44653 -819.255 0 
2 825.649 0.31963 0.0225217 0.671643 -0.796597 -0.464795 -3.90874 -2.22186 -819.519 0 
3 824.782 0.31352 0.0224176 0.676474 -0.809004 -0.46704 -4.38564 -1.19914 -819.198 0 
3 825.654 0.310701 0.0221988 0.680351 -0.853135 -0.445618 -4.47031 -1.57012 -819.613 0 
5 824.645 0.309237 0.0224599 0.681705 -0.837866 -0.451772 -4.6907 -0.538454 -819.416 0 
2 828.61 0.304713 0.0224893 0.688975 -0.880961 -0.426317 -5.2254 -2.41641 -820.968 0 
4 825.831 0.313458 0.0224836 0.679782 -0.844705 -0.460902 -4.28284 -2.18383 -819.364 0 
8 825.992 0.316637 0.022349 0.677844 -0.8632 -0.445793 -4.49748 -1.99886 -819.495 0 
3 826.485 0.322174 0.0223066 0.671412 -0.840462 -0.464226 -4.43969 -2.91682 -819.128 0 
3 825.308 0.320574 0.0220987 0.672385 -0.838186 -0.506319 -4.43516 -1.72456 -819.148 0 
2 824.277 0.319825 0.0222558 0.672572 -0.821273 -0.513113 -4.08153 -1.07324 -819.122 0 
1 825.614 0.319234 0.0223167 0.675105 -0.832738 -0.512383 -4.23675 -2.23009 -819.147 0 
6 824.358 0.318663 0.0222205 0.673425 -0.819477 -0.530552 -4.13994 -1.09619 -819.122 0 
3 826.33 0.324824 0.0220952 0.668112 -0.823018 -0.520953 -4.46855 -2.73273 -819.128 0 
1 827.539 0.32678 0.0220296 0.666934 -0.837436 -0.495373 -5.09957 -3.33303 -819.106 0 
1 830.625 0.327335 0.0219264 0.667663 -0.866575 -0.470284 -6.43024 -5.01027 -819.185 0 
1 825.577 0.322746 0.0221578 0.671308 -0.838603 -0.507356 -4.63761 -1.82421 -819.115 0 
3 826.302 0.314722 0.0221702 0.67929 -0.861693 -0.495784 -4.75981 -1.78115 -819.761 0 
5 824.747 0.312007 0.0222781 0.680556 -0.837918 -0.524457 -4.69059 -0.55635 -819.5 0 
1 826.852 0.310714 0.0221866 0.683147 -0.874613 -0.487084 -5.09299 -1.28107 -820.478 0 
1 828.237 0.307142 0.0221985 0.685778 -0.870351 -0.482194 -5.23195 -2.35151 -820.654 0 
1 826.544 0.304464 0.0223888 0.687651 -0.854801 -0.490759 -5.69407 -0.465763 -820.385 0 
5 826.486 0.302962 0.0224249 0.686712 -0.823893 -0.519624 -6.65279 -0.10622 -819.727 0 
1 825.852 0.308067 0.0223373 0.68201 -0.816913 -0.547428 -5.489 -0.954852 -819.408 0 
1 825.934 0.310681 0.0223822 0.679742 -0.809483 -0.551443 -5.02401 -1.67209 -819.238 0 
7 825.586 0.310394 0.0223639 0.68151 -0.828842 -0.541592 -4.97171 -1.14014 -819.474 0 
3 826.261 0.307969 0.0223391 0.685325 -0.850706 -0.532485 -5.37094 -0.719205 -820.171 0 
1 824.68 0.311448 0.0224155 0.67994 -0.807926 -0.557455 -4.92049 -0.544359 -819.216 0 
1 824.463 0.312891 0.0223872 0.677093 -0.785291 -0.578629 -4.96019 -0.2838 -819.219 0 
1 823.884 0.318023 0.0223056 0.674231 -0.799892 -0.5679 -4.11836 -0.607275 -819.159 0 
7 823.879 0.316526 0.0223542 0.674971 -0.793002 -0.573692 -4.28018 -0.40821 -819.191 0 
1 823.825 0.319758 0.0222111 0.670898 -0.790165 -0.558222 -3.93817 -0.57292 -819.314 0 
14 823.879 0.317466 0.0222068 0.674122 -0.821526 -0.514706 -4.11116 -0.632298 -819.136 0 
2 824.017 0.317707 0.0223517 0.673753 -0.804446 -0.531242 -4.04256 -0.800911 -819.173 0 
1 824.496 0.320929 0.0221823 0.671127 -0.825399 -0.495842 -4.11188 -1.25937 -819.125 0 
2 825.422 0.323028 0.0221459 0.66988 -0.8144 -0.521255 -4.03386 -2.21548 -819.173 0 
9 823.997 0.321203 0.022362 0.669246 -0.765903 -0.56785 -3.93032 -0.166833 -819.9 0 
1 824.636 0.31676 0.022394 0.671467 -0.761259 -0.549694 -4.69008 -0.0564711 -819.889 0 
2 826.172 0.320647 0.0223404 0.666636 -0.750626 -0.540364 -4.29339 -1.27054 -820.608 0 
1 824.15 0.315406 0.0223332 0.673395 -0.782875 -0.522273 -4.49222 -0.236391 -819.422 0 
1 824.595 0.319246 0.022349 0.66935 -0.765938 -0.524245 -4.24901 -0.313041 -820.033 0 
2 824.734 0.324197 0.0223918 0.665122 -0.761248 -0.505 -3.92596 -0.0804945 -820.727 0 
1 825.494 0.319262 0.0224394 0.668802 -0.771846 -0.490835 -4.17553 -1.27724 -820.042 0 
1 824.382 0.316475 0.0224302 0.671474 -0.777443 -0.48382 -4.50019 -0.13217 -819.75 0 
3 824.504 0.311045 0.0223412 0.677747 -0.812064 -0.466152 -4.7347 -0.580648 -819.189 0 
4 823.809 0.316636 0.0223371 0.672577 -0.795075 -0.482778 -4.15082 -0.283357 -819.374 0 
1 823.964 0.319848 0.0222843 0.669352 -0.784288 -0.49769 -3.94313 -0.35023 -819.67 0 
1 825.491 0.32832 0.0221484 0.664836 -0.820565 -0.460123 -4.58442 -1.48877 -819.418 0 
2 824.782 0.325245 0.0224073 0.66514 -0.767502 -0.513053 -3.77682 -0.518847 -820.487 0 
4 825.75 0.320002 0.0223259 0.667701 -0.764739 -0.521985 -4.12581 -1.4865 -820.138 0 
3 825.077 0.32029 0.0222955 0.668524 -0.785642 -0.498086 -3.87253 -1.54912 -819.656 0 
2 825.312 0.325256 0.0222482 0.664786 -0.779701 -0.514177 -3.74571 -1.53748 -820.029 0 
1 826.001 0.321353 0.0225448 0.668691 -0.7596 -0.535819 -4.05245 -1.61788 -820.331 0 
2 824.814 0.324694 0.0224015 0.667916 -0.78579 -0.529019 -3.75107 -1.33691 -819.726 0 
2 825.459 0.319138 0.0223849 0.673611 -0.808981 -0.50862 -3.91162 -2.35814 -819.189 0 
1 824.743 0.31593 0.022469 0.674825 -0.789826 -0.521539 -4.30347 -1.11629 -819.324 0 
5 824.209 0.313341 0.0224549 0.676228 -0.794012 -0.505477 -4.64522 -0.306537 -819.257 0 
4 825.638 0.31191 0.0222652 0.675941 -0.797529 -0.489444 -4.86844 -1.53606 -819.234 0 
2 827.834 0.310397 0.022244 0.676461 -0.787616 -0.503016 -5.49698 -3.05018 -819.287 0 
1 829.961 0.302521 0.0223298 0.681895 -0.806157 -0.447042 -7.21057 -3.46911 -819.281 0 
2 827.31 0.314135 0.0221694 0.671802 -0.796301 -0.45984 -4.45946 -3.49581 -819.354 0 
1 826.126 0.3133 0.0223629 0.672302 -0.773302 -0.472055 -5.29159 -1.07404 -819.761 0 
1 824.87 0.31443 0.0223544 0.674184 -0.796121 -0.470487 -4.46638 -1.06966 -819.334 0 
3 823.523 0.313498 0.0223351 0.67615 -0.820533 -0.451563 -4.23809 -0.109346 -819.175 0 
2 824.696 0.315441 0.0222658 0.676056 -0.859587 -0.406898 -4.2292 -1.08068 -819.386 0 
1 824.232 0.312279 0.0222905 0.679364 -0.866251 -0.397098 -4.27602 -0.316214 -819.64 0 
5 823.963 0.315362 0.022252 0.675953 -0.867557 -0.367575 -4.20008 -0.333724 -819.429 0 
3 825.159 0.319458 0.0223428 0.669159 -0.809517 -0.417429 -3.89843 -1.81696 -819.444 0 
4 825.137 0.315521 0.022135 0.673153 -0.826405 -0.430881 -4.01291 -1.95107 -819.173 0 
2 827.727 0.317885 0.0219877 0.671577 -0.85264 -0.403845 -4.17237 -4.32782 -819.227 0 
1 825.156 0.312518 0.0222072 0.676132 -0.821646 -0.474105 -4.37881 -1.58681 -819.19 0 
5 823.852 0.315267 0.0223171 0.673998 -0.789187 -0.534433 -4.39697 -0.169674 -819.286 0 
2 824.125 0.315644 0.0224003 0.674902 -0.780275 -0.571269 -4.50854 -0.288823 -819.328 0 
1 825.15 0.314214 0.0223879 0.677701 -0.794763 -0.578826 -4.61957 -1.36142 -819.169 0 
1 823.69 0.315156 0.0222691 0.67557 -0.810446 -0.528471 -4.26394 -0.275706 -819.15 0 
1 825.5 0.316772 0.0223321 0.673551 -0.795412 -0.548524 -4.17273 -2.11587 -819.212 0 
1 824.981 0.315585 0.0223406 0.677717 -0.828578 -0.521133 -4.28387 -1.48465 -819.212 0 
4 824.782 0.314567 0.0223213 0.67816 -0.839051 -0.481253 -4.2498 -1.24345 -819.289 0 
1 826.657 0.315517 0.0223946 0.678486 -0.841248 -0.483058 -4.2341 -3.13768 -819.285 0 
1 823.594 0.317887 0.0223594 0.673801 -0.8157 -0.487658 -3.95676 -0.475527 -819.162 0 
1 824.035 0.319948 0.0224004 0.67217 -0.816432 -0.470696 -3.88667 -0.941398 -819.207 0 
1 826.094 0.32386 0.0224277 0.67033 -0.814561 -0.498921 -4.04166 -2.81306 -819.239 0 
9 825.57 0.310784 0.0225388 0.68062 -0.819297 -0.488052 -4.70521 -1.64135 -819.223 0 
4 824.601 0.313283 0.0222601 0.679203 -0.848323 -0.477735 -4.4136 -0.707326 -819.48 0 
2 823.556 0.313615 0.0223315 0.677246 -0.835428 -0.451149 -4.18531 -0.137016 -819.233 0 
1 823.713 0.317316 0.0223457 0.674579 -0.820245 -0.49449 -4.0281 -0.543872 -819.141 0 
1 826.728 0.321948 0.0223237 0.672923 -0.818527 -0.539101 -4.13724 -3.48106 -819.11 0 
1 825.744 0.321313 0.0223324 0.67303 -0.811165 -0.553474 -4.0593 -2.55804 -819.127 0 
2 824.485 0.320986 0.0223605 0.672274 -0.811559 -0.52292 -3.96124 -1.35823 -819.166 0 
10 823.622 0.317467 0.022296 0.674257 -0.817468 -0.509566 -4.05247 -0.43307 -819.137 0 
2 824.071 0.323298 0.0222322 0.668417 -0.799308 -0.525922 -3.85806 -0.841082 -819.372 0 
2 824.258 0.322946 0.0221809 0.66714 -0.779664 -0.542978 -3.75233 -0.777734 -819.728 0 
6 824.328 0.323781 0.0222463 0.666876 -0.783646 -0.533428 -3.74518 -0.870142 -819.712 0 
5 823.745 0.318483 0.022267 0.671175 -0.788624 -0.530122 -3.99877 -0.356972 -819.389 0 
3 824.095 0.322028 0.0221925 0.668333 -0.782644 -0.553101 -3.79562 -0.739494 -819.56 0 
1 825.401 0.330413 0.0222951 0.66189 -0.756996 -0.577491 -3.72551 -0.799492 -820.876 0 
2 826.222 0.333266 0.0221932 0.659579 -0.754783 -0.597762 -3.90563 -1.23769 -821.079 0 
5 826.764 0.326939 0.022261 0.66287 -0.725032 -0.623751 -3.8539 -1.16801 -821.743 0 
4 827.048 0.325481 0.0222943 0.664304 -0.722741 -0.635628 -4.0199 -1.4299 -821.598 0 
5 825.097 0.323908 0.0223233 0.666098 -0.741643 -0.602729 -3.92814 -0.381656 -820.787 0 
2 826.305 0.322161 0.0222297 0.669867 -0.773656 -0.598923 -3.83935 -2.88341 -819.582 0 
6 824.462 0.326457 0.0222473 0.665124 -0.75922 -0.597847 -3.65395 -0.514134 -820.294 0 
2 825.812 0.32675 0.0222945 0.664408 -0.762938 -0.577789 -3.66834 -1.83018 -820.313 0 
2 826.758 0.328671 0.0220546 0.665877 -0.817887 -0.542688 -4.84807 -2.71167 -819.198 0 
1 827.064 0.324053 0.0221017 0.667429 -0.800837 -0.55566 -4.03241 -3.75635 -819.275 0 
3 825.276 0.321035 0.0220956 0.672168 -0.827702 -0.538619 -4.36163 -1.80484 -819.11 0 
1 824.386 0.319656 0.0223332 0.670869 -0.767021 -0.604518 -4.09753 -0.67913 -819.609 0 
2 824.788 0.314292 0.0223161 0.677131 -0.790679 -0.594342 -4.68994 -0.921064 -819.177 0 
8 824.233 0.318175 0.0222725 0.671076 -0.764446 -0.590854 -4.32809 -0.236959 -819.668 0 
2 823.91 0.318188 0.0222738 0.671897 -0.772537 -0.588759 -4.22654 -0.195321 -819.488 0 
4 824.247 0.324704 0.0222448 0.667815 -0.790972 -0.55889 -3.85825 -0.924404 -819.464 0 
4 823.901 0.322135 0.0222253 0.669201 -0.785429 -0.56909 -3.83099 -0.630673 -819.439 0 
1 825.367 0.321075 0.0220846 0.67182 -0.831004 -0.516409 -4.30793 -1.94458 -819.114 0 
2 826.202 0.318609 0.0220406 0.671193 -0.808917 -0.530943 -4.01875 -3.03193 -819.151 0 
7 825.457 0.316476 0.022126 0.672229 -0.786422 -0.55875 -4.28351 -1.88425 -819.29 0 
5 825.023 0.316783 0.0221196 0.672933 -0.793279 -0.567761 -4.23049 -1.5932 -819.2 0 
2 825.487 0.321938 0.0221135 0.669215 -0.7878 -0.566225 -3.83098 -2.26018 -819.396 0 
3 825.204 0.319701 0.0223654 0.671127 -0.763975 -0.587074 -4.13669 -1.2942 -819.773 0 
5 826.354 0.330213 0.0222635 0.664765 -0.798179 -0.545257 -4.42115 -2.31743 -819.616 0 
5 825.484 0.32915 0.0223492 0.663238 -0.753908 -0.592652 -3.64827 -1.06086 -820.775 0 
3 824.508 0.322458 0.0223387 0.66702 -0.750229 -0.577531 -3.99311 -0.0248768 -820.49 0 
3 824.662 0.327351 0.022221 0.663443 -0.762116 -0.561758 -3.67498 -0.476989 -820.51 0 
1 825.921 0.322505 0.022218 0.665494 -0.738349 -0.60149 -4.13653 -0.958074 -820.826 0 
2 825.749 0.323415 0.022233 0.666354 -0.736198 -0.637309 -4.01304 -1.02053 -820.716 0 
2 827.095 0.326017 0.0220656 0.664352 -0.74388 -0.64723 -3.68913 -2.88433 -820.521 0 
2 826.401 0.326282 0.0220017 0.666562 -0.793904 -0.603164 -4.16039 -2.93424 -819.306 0 
5 825.578 0.323122 0.0221011 0.669977 -0.790754 -0.61982 -4.04975 -2.30373 -819.225 0 
2 825.239 0.319177 0.0222521 0.670736 -0.757212 -0.64603 -4.31755 -1.26473 -819.657 0 
2 826.264 0.313888 0.0222167 0.67434 -0.749716 -0.665811 -5.62735 -1.07872 -819.558 0 
1 826.534 0.319978 0.0222511 0.668177 -0.716312 -0.697881 -4.97932 -0.690433 -820.865 0 
3 825.739 0.319751 0.0222147 0.669225 -0.728772 -0.693368 -4.72424 -0.666806 -820.348 0 
2 825.056 0.31459 0.0222818 0.676576 -0.761385 -0.693587 -5.31321 -0.433675 -819.309 0 
5 826.99 0.308724 0.022355 0.681574 -0.760911 -0.697193 -7.07213 -0.618286 -819.299 0 
2 824.661 0.321241 0.0222506 0.669592 -0.73929 -0.700796 -4.29401 -0.347717 -820.019 0 
2 825.338 0.3223 0.0221836 0.669984 -0.754613 -0.692955 -4.0742 -1.60435 -819.659 0 
2 824.814 0.318895 0.0221688 0.67228 -0.762128 -0.67891 -4.43375 -0.96215 -819.418 0 
1 824.566 0.322164 0.02219 0.669112 -0.751319 -0.678741 -4.04702 -0.709484 -819.81 0 
2 826.281 0.316145 0.0222625 0.672219 -0.733215 -0.692894 -5.47154 -0.83192 -819.977 0 
1 827.563 0.315277 0.0221228 0.672571 -0.743393 -0.676627 -5.43866 -2.40628 -819.718 0 
1 829.706 0.308801 0.0220497 0.68064 -0.787405 -0.660847 -6.29055 -4.10185 -819.313 0 
3 829.715 0.318293 0.0219687 0.67441 -0.792395 -0.679888 -4.65187 -5.93246 -819.131 0 
3 830.297 0.317699 0.0219156 0.67532 -0.807384 -0.669583 -4.88323 -6.21702 -819.197 0 
4 830.065 0.320977 0.0219109 0.673759 -0.839088 -0.601898 -5.23556 -5.53246 -819.297 0 
1 829.914 0.322371 0.0221171 0.66853 -0.769802 -0.663699 -4.09242 -6.39648 -819.426 0 
3 830.294 0.330799 0.0220335 0.661786 -0.75859 -0.678945 -4.05259 -6.14546 -820.096 0 
3 826.287 0.328317 0.0220846 0.665776 -0.772874 -0.682203 -4.22598 -2.54267 -819.519 0 
4 826.505 0.323646 0.022106 0.670547 -0.807762 -0.626875 -4.61599 -2.8112 -819.078 0 
7 824.496 0.32125 0.0221899 0.671275 -0.771696 -0.665024 -4.12788 -1.01621 -819.352 0 
7 824.356 0.317667 0.0222681 0.674211 -0.767383 -0.67611 -4.59072 -0.455261 -819.31 0 
7 824.874 0.324368 0.0222576 0.668728 -0.766648 -0.663107 -3.92387 -1.37489 -819.575 0 
3 824.346 0.315816 0.0223122 0.675974 -0.775962 -0.653094 -4.75627 -0.364297 -819.225 0 
1 825.058 0.311096 0.022269 0.680398 -0.794175 -0.642041 -5.52225 -0.279594 -819.256 0 
2 825.805 0.309662 0.0222439 0.682242 -0.815648 -0.619214 -5.61937 -0.643539 -819.542 0 
4 827.007 0.316075 0.0220453 0.676153 -0.803054 -0.639244 -4.70703 -3.12837 -819.171 0 
1 827.839 0.321524 0.0221134 0.668862 -0.760876 -0.674464 -4.12304 -4.16722 -819.549 0 
3 827.664 0.321651 0.0220029 0.672844 -0.806687 -0.667148 -4.77903 -3.79218 -819.093 0 
2 826.684 0.326075 0.0220092 0.667928 -0.782689 -0.689221 -4.4296 -3.02254 -819.232 0 
1 825.967 0.316746 0.02209 0.676683 -0.813316 -0.644876 -4.88814 -1.83834 -819.24 0 
4 826.609 0.317288 0.0223206 0.677433 -0.802919 -0.669538 -4.89848 -2.53403 -819.177 0 
1 826.452 0.3197 0.0223634 0.67424 -0.783407 -0.670433 -4.42552 -2.86028 -819.166 0 
3 825.188 0.31779 0.0221891 0.675688 -0.782947 -0.705042 -4.81578 -1.22203 -819.151 0 
1 825.974 0.313925 0.0223572 0.677133 -0.777078 -0.65258 -5.10403 -1.65932 -819.211 0 
2 824.803 0.320683 0.022345 0.67204 -0.757549 -0.68193 -4.21617 -1.02248 -819.564 0 
1 824.31 0.318167 0.0222841 0.674668 -0.793312 -0.622621 -4.33385 -0.832372 -819.144 0 
2 824.312 0.31818 0.022234 0.674089 -0.793063 -0.620687 -4.32579 -0.83958 -819.146 0 
1 825.46 0.323549 0.0221246 0.669076 -0.784413 -0.639079 -4.0977 -2.08633 -819.276 0 
6 825.013 0.325493 0.0222923 0.66813 -0.75806 -0.675974 -3.83292 -1.37821 -819.802 0 
3 825.58 0.325576 0.0222214 0.668023 -0.762287 -0.66667 -3.82331 -2.02539 -819.732 0 
1 827.097 0.330602 0.0222173 0.660464 -0.724137 -0.672094 -3.53954 -1.85177 -821.705 0 
3 826.503 0.330167 0.0220373 0.662102 -0.753666 -0.65716 -3.75095 -2.37341 -820.379 0 
3 825.427 0.327066 0.0221137 0.66544 -0.759118 -0.656027 -3.74362 -1.71277 -819.971 0 
1 825.352 0.328865 0.0222768 0.663531 -0.735097 -0.675357 -3.59119 -0.82645 -820.935 0 
1 826.17 0.325622 0.0223357 0.664802 -0.712507 -0.687474 -4.04819 -0.443059 -821.679 0 
3 825.48 0.322464 0.022349 0.66945 -0.749179 -0.647962 -3.97082 -1.44687 -820.062 0 
1 825.076 0.325137 0.022351 0.667558 -0.74845 -0.657613 -3.74659 -1.12478 -820.205 0 
2 825.183 0.32244 0.0223886 0.67117 -0.782797 -0.607752 -3.91508 -1.90214 -819.365 0 
3 825.328 0.320717 0.0223729 0.672849 -0.795418 -0.596354 -4.07558 -2.07365 -819.179 0 
1 825.679 0.313463 0.0224795 0.678306 -0.775238 -0.62974 -5.14521 -1.28961 -819.245 0 
1 826.592 0.311814 0.0224267 0.679241 -0.765011 -0.65671 -5.85531 -1.44042 -819.296 0 
3 826.885 0.312609 0.0223363 0.678639 -0.78266 -0.614172 -5.1929 -2.48747 -819.205 0 
5 825.107 0.314514 0.0224046 0.677949 -0.797785 -0.584477 -4.57613 -1.37237 -819.159 0 
5 826.313 0.310846 0.0224488 0.681952 -0.816418 -0.582291 -5.13691 -1.80423 -819.372 0 
2 825.055 0.311311 0.0223786 0.679279 -0.799774 -0.575956 -5.09181 -0.764338 -819.199 0 
2 825.934 0.310483 0.0222332 0.682798 -0.844157 -0.563669 -5.246 -0.762755 -819.925 0 
4 825.875 0.3117 0.0223188 0.681203 -0.827477 -0.580356 -5.05839 -1.30745 -819.51 0 
2 827.269 0.313666 0.0221044 0.68061 -0.857066 -0.553639 -5.18865 -2.08817 -819.993 0 
4 825.499 0.311917 0.0222805 0.68154 -0.827739 -0.592851 -5.10846 -0.842475 -819.548 0 
5 825.451 0.310486 0.0222128 0.681822 -0.827453 -0.583163 -5.22626 -0.632578 -819.592 0 
1 826.095 0.30873 0.0222703 0.683311 -0.820193 -0.612205 -5.75767 -0.670451 -819.667 0 
4 826.922 0.321931 0.0221933 0.673816 -0.827043 -0.608734 -4.98404 -2.79947 -819.138 0 
3 825.223 0.31535 0.0223091 0.678402 -0.803142 -0.640184 -4.80891 -1.22288 -819.191 0 
2 826.514 0.311829 0.0221509 0.681393 -0.82324 -0.62841 -5.36081 -1.55429 -819.599 0 
5 826.844 0.307997 0.0221603 0.683442 -0.818291 -0.630101 -6.05564 -1.03336 -819.755 0 
4 824.967 0.318834 0.0222039 0.674836 -0.798774 -0.651781 -4.55744 -1.29161 -819.118 0 
4 824.873 0.315731 0.0222358 0.67715 -0.786435 -0.682132 -4.94101 -0.764994 -819.167 0 
3 825.417 0.31684 0.0222704 0.676936 -0.800681 -0.657196 -4.78425 -1.47219 -819.161 0 
1 825.702 0.320297 0.022253 0.672335 -0.783841 -0.648707 -4.25896 -2.24329 -819.2 0 
2 826.852 0.323779 0.0220828 0.671582 -0.817051 -0.633793 -4.96912 -2.81293 -819.07 0 
2 826.989 0.32096 0.0220496 0.67387 -0.825874 -0.617104 -4.92435 -2.89546 -819.169 0 
4 825.27 0.323422 0.0220905 0.66968 -0.791016 -0.63657 -4.19448 -1.88574 -819.19 0 
1 828.572 0.326216 0.0221547 0.66723 -0.790659 -0.62725 -4.30239 -4.98609 -819.284 0 
4 825.929 0.32628 0.0221583 0.666827 -0.769015 -0.668785 -3.99279 -2.35744 -819.578 0 
8 825.153 0.321543 0.0223724 0.670849 -0.741418 -0.713891 -4.2684 -0.985483 -819.899 0 
1 824.841 0.316681 0.0222457 0.675146 -0.766986 -0.685661 -4.79885 -0.761549 -819.281 0 
7 825.222 0.319838 0.0222885 0.67414 -0.779859 -0.677393 -4.37681 -1.65573 -819.189 0 
2 829.31 0.32216 0.0224941 0.673964 -0.791713 -0.645185 -4.25169 -5.90828 -819.15 0 
2 830.234 0.323968 0.0225534 0.671513 -0.763913 -0.681615 -3.98791 -6.69852 -819.548 0 
4 830.654 0.310948 0.0225902 0.682593 -0.761532 -0.720267 -6.41854 -4.95715 -819.278 0 
1 830.892 0.317231 0.0226423 0.676234 -0.733533 -0.738229 -5.28868 -5.79642 -819.807 0 
3 830.949 0.317645 0.0226473 0.675892 -0.736962 -0.72293 -5.08837 -6.06426 -819.796 0 
5 830.44 0.309677 0.0225395 0.68398 -0.77324 -0.707864 -6.52688 -4.62827 -819.285 0 
1 828.596 0.307622 0.0225281 0.684145 -0.76238 -0.710665 -7.48247 -1.79877 -819.315 0 
6 826.788 0.311176 0.0222737 0.681894 -0.796123 -0.675821 -5.71254 -1.73264 -819.342 0 
2 827.131 0.320293 0.022221 0.674298 -0.78342 -0.687823 -4.43034 -3.55039 -819.15 0 
13 825.163 0.321344 0.0222429 0.671566 -0.748176 -0.736779 -4.36761 -1.19388 -819.602 0 
5 824.714 0.320689 0.0222886 0.670945 -0.743279 -0.716143 -4.39182 -0.532721 -819.789 0 
4 824.724 0.31768 0.0222534 0.672984 -0.749428 -0.693715 -4.79875 -0.328782 -819.596 0 
1 824.635 0.319407 0.0222841 0.671854 -0.762623 -0.661114 -4.29736 -0.856261 -819.481 0 
4 828.156 0.311431 0.0220331 0.679486 -0.801074 -0.65189 -5.48816 -3.3383 -819.329 0 
2 827.335 0.307258 0.0221565 0.683024 -0.796741 -0.663943 -6.62649 -1.20605 -819.503 0 
1 828.99 0.308165 0.0221241 0.681445 -0.798279 -0.653836 -6.29154 -3.25254 -819.446 0 
4 829.074 0.311194 0.0221985 0.676722 -0.74938 -0.705242 -6.51616 -3.15492 -819.403 0 
2 826.241 0.313427 0.0222249 0.676099 -0.755842 -0.702439 -5.71073 -1.17997 -819.35 0 
6 824.735 0.317891 0.0222166 0.674031 -0.776117 -0.674267 -4.56216 -0.960646 -819.212 0 
5 825.113 0.321211 0.0221276 0.670927 -0.756061 -0.727589 -4.37279 -1.28529 -819.455 0 
1 826.008 0.321974 0.0221735 0.671496 -0.760224 -0.723138 -4.27553 -2.32258 -819.41 0 
9 825.503 0.314968 0.0223425 0.678474 -0.780793 -0.696497 -5.13869 -1.18054 -819.184 0 
2 825.644 0.320701 0.0220612 0.671949 -0.782189 -0.684851 -4.41779 -2.06091 -819.165 0 
2 825.937 0.325207 0.0221154 0.668074 -0.766905 -0.704877 -4.1632 -2.33305 -819.441 0 
10 827.323 0.330825 0.0220633 0.663655 -0.763667 -0.706566 -4.31257 -3.23487 -819.776 0 
3 827.91 0.320167 0.0220503 0.6726 -0.772675 -0.704676 -4.43067 -4.25356 -819.225 0 
3 824.967 0.319159 0.0221429 0.67364 -0.782807 -0.684508 -4.53823 -1.27398 -819.154 0 
1 825.291 0.32652 0.0222188 0.66724 -0.747546 -0.730311 -3.93689 -1.45725 -819.897 0 
5 824.969 0.324609 0.0222711 0.668702 -0.747356 -0.719399 -3.97133 -1.14473 -819.853 0 
1 825.398 0.317981 0.0223815 0.673968 -0.746805 -0.704406 -4.80728 -0.960583 -819.63 0 
6 824.874 0.316479 0.022274 0.675804 -0.769467 -0.688942 -4.83962 -0.789122 -819.246 0 
4 824.988 0.314091 0.0222775 0.676227 -0.757797 -0.68822 -5.46434 -0.163785 -819.359 0 
3 825.525 0.316207 0.0223239 0.675114 -0.749322 -0.704467 -5.15791 -0.853371 -819.513 0 
1 826.556 0.313152 0.0224767 0.677111 -0.736798 -0.710284 -6.30691 -0.575629 -819.673 0 
1 826.377 0.309885 0.0223797 0.682962 -0.794124 -0.665073 -5.94937 -1.08069 -819.346 0 
3 825.52 0.316392 0.022251 0.676499 -0.77886 -0.681476 -4.79734 -1.54263 -819.18 0 
2 825.16 0.312835 0.0223217 0.677468 -0.759249 -0.687297 -5.76088 -0.074051 -819.325 0 
1 825.006 0.316513 0.0223237 0.674632 -0.76381 -0.674482 -4.80231 -0.859438 -819.344 0 
1 824.915 0.321006 0.022202 0.672867 -0.801345 -0.627263 -4.35209 -1.45883 -819.104 0 
7 824.685 0.318033 0.0221399 0.673118 -0.790854 -0.613586 -4.28472 -1.23356 -819.167 0 
1 824.248 0.318453 0.0222569 0.672515 -0.780791 -0.608245 -4.1944 -0.762738 -819.29 0 
5 824.631 0.323719 0.0221637 0.669567 -0.797119 -0.596071 -4.08254 -1.33678 -819.211 0 
1 824.802 0.32467 0.0222778 0.668291 -0.787247 -0.583521 -3.88616 -1.47152 -819.444 0 
7 824.816 0.322661 0.0221479 0.670447 -0.813757 -0.55665 -4.21529 -1.48434 -819.116 0 
3 824.333 0.316477 0.0223199 0.675397 -0.79932 -0.583723 -4.33456 -0.852878 -819.145 0 
3 825.272 0.31879 0.0223862 0.675148 -0.805659 -0.583859 -4.20108 -1.9503 -819.12 0 
1 826.007 0.316301 0.0222945 0.67803 -0.825917 -0.568524 -4.49405 -2.27201 -819.241 0 
1 825.999 0.320995 0.022364 0.671292 -0.803738 -0.536146 -3.9391 -2.84412 -819.216 0 
4 826.496 0.31412 0.022442 0.677167 -0.813448 -0.522956 -4.36363 -2.97049 -819.162 0 
2 826.616 0.314204 0.0224898 0.679797 -0.836526 -0.502598 -4.36346 -2.93906 -819.313 0 
1 827.21 0.311948 0.0224617 0.682207 -0.84477 -0.500019 -4.58955 -3.06357 -819.557 0 
1 826.455 0.314968 0.0224337 0.679103 -0.82518 -0.538404 -4.37963 -2.85012 -819.225 0 
1 826.539 0.308071 0.0224803 0.684926 -0.846146 -0.497436 -5.07485 -1.6298 -819.835 0 
1 824.235 0.312646 0.0223438 0.679356 -0.832629 -0.504807 -4.4798 -0.427658 -819.327 0 
2 824.093 0.315782 0.02232 0.675905 -0.823318 -0.506719 -4.18169 -0.749893 -819.161 0 
3 824.073 0.315194 0.022204 0.674944 -0.803934 -0.542324 -4.31285 -0.603457 -819.156 0 
1 824.659 0.312261 0.02227 0.67762 -0.805612 -0.5509 -4.76325 -0.712362 -819.183 0 
4 823.977 0.317874 0.0222359 0.674013 -0.792306 -0.600197 -4.23336 -0.572262 -819.171 0 
1 825.066 0.317837 0.0221137 0.672148 -0.793891 -0.572081 -4.13785 -1.72949 -819.199 0 
2 824.276 0.316373 0.0222944 0.67485 -0.780079 -0.610698 -4.47996 -0.539196 -819.256 0 
1 825.595 0.327081 0.0222273 0.66533 -0.774932 -0.595292 -3.81441 -1.96131 -819.819 0 
2 826.685 0.330466 0.0221729 0.66376 -0.794799 -0.568009 -4.48912 -2.59305 -819.603 0 
3 826.322 0.32286 0.0221612 0.66968 -0.785264 -0.592141 -3.8469 -3.0891 -819.386 0 
2 826.643 0.32038 0.0221005 0.67216 -0.801504 -0.585265 -4.06394 -3.43756 -819.142 0 
1 827.874 0.321661 0.02194 0.671035 -0.830393 -0.543079 -4.48935 -4.27372 -819.11 0 
1 826.136 0.315119 0.0220985 0.673952 -0.793888 -0.557071 -4.4183 -2.52224 -819.195 0 
7 825.673 0.317729 0.0221169 0.671548 -0.790758 -0.563729 -4.12281 -2.30287 -819.247 0 
3 825.988 0.318135 0.0221277 0.670567 -0.79079 -0.539631 -4.0293 -2.64405 -819.315 0 
1 825.813 0.311551 0.0221554 0.67657 -0.809596 -0.507579 -4.71763 -1.91195 -819.184 0 
2 825.789 0.31466 0.0225135 0.673248 -0.75893 -0.544381 -5.22049 -0.694741 -819.873 0 
8 825.076 0.316879 0.0223931 0.671044 -0.751828 -0.569013 -4.88827 -0.0947594 -820.093 0 
5 825.407 0.314948 0.0223947 0.672753 -0.768409 -0.517233 -4.97352 -0.679459 -819.754 0 
4 824.268 0.323101 0.0223473 0.667204 -0.766591 -0.539154 -3.81446 -0.279719 -820.174 0 
1 824.336 0.320847 0.0221629 0.668521 -0.80471 -0.468807 -3.82672 -1.11747 -819.392 0 
1 826.568 0.322737 0.0222198 0.663925 -0.755463 -0.502592 -4.1328 -1.55538 -820.88 0 
4 827.145 0.316174 0.0221898 0.669754 -0.767111 -0.516943 -4.70887 -2.5796 -819.856 0 
1 827.247 0.322137 0.0221833 0.664991 -0.763756 -0.5194 -3.93136 -2.97103 -820.345 0 
1 827.089 0.32566 0.0219964 0.664976 -0.817059 -0.46856 -4.20461 -3.53531 -819.349 0 
1 828.686 0.327895 0.0219596 0.666398 -0.853446 -0.453466 -5.6925 -3.87327 -819.12 0 
2 826.436 0.321996 0.0220286 0.669626 -0.820693 -0.501234 -4.04265 -3.24725 -819.146 0 
8 823.618 0.321746 0.0223003 0.668856 -0.786357 -0.516484 -3.79253 -0.204305 -819.622 0 
1 824.147 0.32597 0.0222552 0.666029 -0.797755 -0.495256 -3.90704 -0.589734 -819.65 0 
7 824.622 0.318949 0.0224094 0.669095 -0.76541 -0.509469 -4.31979 -0.178419 -820.124 0 
1 824.45 0.320233 0.0223764 0.669382 -0.794188 -0.475131 -3.85282 -1.04385 -819.554 0 
3 823.997 0.321607 0.0223089 0.670345 -0.817192 -0.458121 -3.89423 -0.841098 -819.261 0 
1 825.404 0.31364 0.0221526 0.676748 -0.849279 -0.421179 -4.14795 -1.91921 -819.336 0 
5 823.868 0.311849 0.0223626 0.676405 -0.81588 -0.438638 -4.50089 -0.174334 -819.193 0 
2 824.574 0.312207 0.0223904 0.675664 -0.808361 -0.448547 -4.55409 -0.803937 -819.216 0 
2 826.395 0.313603 0.0221089 0.677376 -0.868932 -0.38918 -4.24419 -2.55277 -819.598 0 
2 827.082 0.313955 0.0222883 0.670972 -0.786857 -0.431977 -4.81322 -2.6336 -819.636 0 
2 827.012 0.316929 0.022031 0.673245 -0.869382 -0.374557 -4.36017 -3.24132 -819.41 0 
4 826.772 0.315018 0.0220464 0.673279 -0.842208 -0.403338 -4.02421 -3.53587 -819.212 0 
3 825.55 0.32555 0.0221385 0.665318 -0.835102 -0.387969 -4.53948 -1.66573 -819.345 0 
2 827.855 0.31978 0.0221435 0.66731 -0.821912 -0.37888 -3.95691 -4.51285 -819.385 0 
3 824.139 0.321239 0.0222149 0.66762 -0.824464 -0.375655 -4.01586 -0.71894 -819.405 0 
2 824.182 0.32254 0.0223105 0.665849 -0.788965 -0.43221 -3.95678 -0.166462 -820.059 0 
4 825.999 0.324464 0.0223018 0.663383 -0.797796 -0.385762 -4.14361 -1.65004 -820.205 0 
1 825.871 0.330066 0.0223257 0.661452 -0.807891 -0.395758 -4.71824 -0.94833 -820.204 0 
2 825.254 0.32703 0.0222943 0.664669 -0.817903 -0.38986 -4.41042 -1.10327 -819.74 0 
2 824.394 0.324894 0.0223851 0.665122 -0.803533 -0.400316 -4.08433 -0.357913 -819.952 0 
3 824.184 0.321483 0.0223678 0.667018 -0.790969 -0.432596 -3.95044 -0.309459 -819.924 0 
1 824.819 0.322039 0.0224304 0.668715 -0.812498 -0.422071 -3.90514 -1.44497 -819.469 0 
8 823.685 0.320515 0.0222692 0.668508 -0.805912 -0.432183 -3.87232 -0.316355 -819.497 0 
5 823.712 0.318436 0.02243 0.670946 -0.803208 -0.426823 -3.99176 -0.23082 -819.489 0 
9 823.724 0.317666 0.0224501 0.672219 -0.818298 -0.407775 -3.94017 -0.49443 -819.289 0 
3 823.953 0.313795 0.0224197 0.677422 -0.844746 -0.401831 -4.07768 -0.622534 -819.253 0 
1 825.595 0.31662 0.0224538 0.676652 -0.862455 -0.379489 -4.18309 -2.07937 -819.332 0 
6 824.518 0.312311 0.0224256 0.677969 -0.839729 -0.391789 -4.18959 -1.09095 -819.238 0 
1 823.872 0.316641 0.0223372 0.674312 -0.856733 -0.364133 -4.09211 -0.524028 -819.255 0 
1 824.397 0.315185 0.0223489 0.677263 -0.863634 -0.387456 -4.18252 -0.797498 -819.417 0 
1 824.333 0.314659 0.0221889 0.676111 -0.862642 -0.382559 -4.15196 -0.768864 -819.412 0 
2 825.445 0.310803 0.0221921 0.677857 -0.86131 -0.369666 -4.2294 -1.68828 -819.527 0 
6 824.537 0.317293 0.0221704 0.673917 -0.861166 -0.391135 -4.25304 -0.971182 -819.313 0 
5 824.794 0.322922 0.0222971 0.670264 -0.846609 -0.41007 -4.45815 -1.17397 -819.162 0 
10 825.132 0.322331 0.0223319 0.670988 -0.846872 -0.41468 -4.41565 -1.55868 -819.157 0 
1 824.191 0.324962 0.0222479 0.66698 -0.825806 -0.421223 -4.24852 -0.5927 -819.35 0 
5 826.378 0.329658 0.0222732 0.663437 -0.82034 -0.429935 -4.83291 -1.92705 -819.618 0 
9 824.459 0.325959 0.0222959 0.666551 -0.801981 -0.483875 -3.95296 -0.904664 -819.601 0 
2 826.295 0.323766 0.0223581 0.669408 -0.809663 -0.475417 -3.89638 -3.0155 -819.384 0 
1 825.756 0.319663 0.0224599 0.672208 -0.798714 -0.487161 -3.87035 -2.49238 -819.393 0 
1 825.624 0.323112 0.0224793 0.6673 -0.758061 -0.534116 -3.94497 -1.13676 -820.542 0 
5 825.293 0.325426 0.0224605 0.666083 -0.771446 -0.515711 -3.75202 -1.21494 -820.326 0 
4 826.14 0.32766 0.0221617 0.665869 -0.813466 -0.488648 -4.32495 -2.40351 -819.412 0 
4 824.776 0.327776 0.0222218 0.66391 -0.786075 -0.502651 -3.88922 -0.825534 -820.062 0 
1 824.604 0.322925 0.0223163 0.666105 -0.762846 -0.518839 -3.93084 -0.227868 -820.446 0 
2 825.881 0.329184 0.0224087 0.661867 -0.750295 -0.542139 -3.76719 -0.707832 -821.406 0 
3 825.889 0.325777 0.0220674 0.664364 -0.788919 -0.506582 -3.80525 -2.26413 -819.82 0 
2 825.633 0.32101 0.0221865 0.66668 -0.762393 -0.538212 -4.03448 -1.41308 -820.186 0 
3 824.758 0.321867 0.022269 0.6665 -0.763123 -0.532369 -3.94714 -0.552677 -820.259 0 
8 827.579 0.312299 0.0223684 0.673031 -0.756284 -0.516821 -6.11555 -1.489 -819.975 0 
3 828.558 0.309787 0.0223228 0.674815 -0.768985 -0.489349 -6.40637 -2.51841 -819.633 0 
1 826.206 0.308912 0.0221992 0.678184 -0.827048 -0.425659 -4.82541 -2.12876 -819.252 0 
2 826.62 0.312947 0.0222244 0.673628 -0.809624 -0.442015 -4.40702 -2.98943 -819.224 0 
3 826.309 0.314036 0.0224765 0.671787 -0.768421 -0.468587 -5.29497 -1.05027 -819.964 0 
1 825.072 0.320244 0.0220958 0.670032 -0.836801 -0.413795 -4.03276 -1.8653 -819.174 0 
2 823.948 0.316936 0.0223158 0.67244 -0.79686 -0.482459 -4.09788 -0.495191 -819.355 0 
1 823.713 0.319928 0.0223256 0.669325 -0.787443 -0.49095 -3.90281 -0.183493 -819.627 0 
1 824.21 0.318694 0.0221755 0.670829 -0.799959 -0.501669 -3.91784 -0.992715 -819.3 0 
3 825.619 0.314608 0.0221216 0.674005 -0.802481 -0.518558 -4.33632 -2.10105 -819.181 0 
3 825.397 0.311696 0.0222556 0.675607 -0.797044 -0.498531 -4.87709 -1.29747 -819.223 0 
5 825.784 0.316214 0.0221209 0.675524 -0.833601 -0.497215 -4.19002 -2.38681 -819.207 0 
1 825.008 0.32168 0.0221874 0.670216 -0.789097 -0.569697 -3.85377 -1.80162 -819.352 0 
1 825.414 0.31694 0.0222885 0.670868 -0.747703 -0.603774 -4.92232 -0.459732 -820.032 0 
6 824.387 0.321157 0.0223861 0.66919 -0.754718 -0.59373 -4.05468 -0.217521 -820.115 0 
1 824.294 0.317002 0.0224347 0.673604 -0.775979 -0.571913 -4.33837 -0.518831 -819.437 0 
1 824.658 0.316744 0.0222718 0.676024 -0.821171 -0.530694 -4.18894 -1.32009 -819.149 0 
1 825.677 0.316974 0.0222226 0.676119 -0.844795 -0.47145 -4.21643 -2.2033 -819.258 0 
3 824.342 0.31639 0.0223012 0.675963 -0.821539 -0.511895 -4.13177 -1.06264 -819.148 0 
2 825.132 0.320885 0.0221586 0.672041 -0.828536 -0.498973 -4.13536 -1.87873 -819.118 0 
2 824.871 0.324869 0.0221782 0.668582 -0.8241 -0.498001 -4.3524 -1.35707 -819.162 0 
2 825.345 0.320591 0.0220576 0.670727 -0.82515 -0.499246 -4.09457 -2.12713 -819.123 0 
1 825.113 0.318709 0.0221093 0.672814 -0.825189 -0.499333 -4.04864 -1.93437 -819.13 0 
2 825.566 0.313424 0.0221068 0.675813 -0.833371 -0.465152 -4.2426 -2.08507 -819.238 0 
3 825.819 0.308573 0.0221975 0.67942 -0.825139 -0.469042 -4.98722 -1.52331 -819.308 0 
1 826.41 0.305423 0.0223318 0.684035 -0.829972 -0.478335 -5.68075 -1.18429 -819.545 0 
1 825.572 0.304406 0.0223727 0.684192 -0.835987 -0.441964 -5.69446 -0.285767 -819.592 0 
9 825.551 0.314388 0.0225696 0.673852 -0.77968 -0.472183 -4.85843 -1.04552 -819.647 0 
1 826.136 0.312912 0.0225206 0.67432 -0.767118 -0.500242 -5.55316 -0.810768 -819.772 0 
2 824.946 0.319724 0.0224957 0.670965 -0.789567 -0.476317 -3.9431 -1.36981 -819.633 0 
1 825.18 0.324698 0.0224793 0.666686 -0.797723 -0.435399 -3.93492 -1.34179 -819.904 0 
1 825.596 0.322671 0.0224968 0.669311 -0.808346 -0.429156 -3.89715 -2.14765 -819.551 0 
2 827.346 0.318414 0.0226054 0.673515 -0.831918 -0.393319 -3.9393 -4.19516 -819.212 0 
1 826.408 0.315976 0.0224262 0.676902 -0.884193 -0.330772 -4.47873 -2.31384 -819.615 0 
2 824.17 0.313216 0.0224377 0.677038 -0.853338 -0.362152 -4.0709 -0.795952 -819.303 0 
6 825.309 0.309695 0.0225257 0.681433 -0.861208 -0.370767 -4.3151 -1.40968 -819.585 0 
4 825.366 0.313592 0.0225569 0.677805 -0.846101 -0.381213 -4.06372 -2.0533 -819.249 0 
1 828.467 0.313188 0.022522 0.675873 -0.842208 -0.360538 -4.07468 -5.16773 -819.225 0 
1 826.451 0.312521 0.0222573 0.677411 -0.886582 -0.31158 -4.29299 -2.3545 -819.803 0 
8 827.139 0.307554 0.0221585 0.682994 -0.906705 -0.324861 -4.6556 -1.45388 -821.03 0 
3 826.074 0.309012 0.0222678 0.683571 -0.904948 -0.34543 -4.70542 -0.433068 -820.935 0 
2 825.531 0.316082 0.0221374 0.675537 -0.892022 -0.320914 -4.61807 -1.15693 -819.756 0 
4 824.726 0.319174 0.0222297 0.671063 -0.868332 -0.310995 -4.42544 -1.02922 -819.271 0 
1 823.727 0.313506 0.0223144 0.675335 -0.85408 -0.340518 -4.05177 -0.393872 -819.281 0 
1 824.472 0.307711 0.0224614 0.680173 -0.854673 -0.326057 -4.53056 -0.506214 -819.436 0 
11 824.658 0.314993 0.0222368 0.673914 -0.877571 -0.278885 -4.22361 -1.00788 -819.427 0 
2 825.179 0.315912 0.0221517 0.672782 -0.874812 -0.285494 -4.23918 -1.56496 -819.375 0 
4 828.062 0.319975 0.022323 0.667798 -0.832207 -0.333582 -4.10506 -4.56519 -819.392 0 
1 828.759 0.319035 0.0226016 0.667113 -0.794965 -0.339582 -4.53663 -3.9925 -820.23 0 
2 824.553 0.321766 0.0222296 0.667231 -0.847757 -0.305662 -4.42816 -0.78694 -819.338 0 
1 825.894 0.327156 0.0221818 0.663912 -0.848627 -0.32473 -5.2294 -1.23903 -819.426 0 
1 826.233 0.327476 0.0221946 0.665428 -0.860877 -0.321232 -5.58768 -1.33943 -819.306 0 
2 825.921 0.328009 0.0222997 0.664925 -0.852607 -0.325317 -5.48368 -1.04003 -819.398 0 
4 826.63 0.31746 0.0223054 0.67457 -0.89139 -0.262806 -4.61672 -2.49153 -819.522 0 
4 825.897 0.327723 0.0223354 0.663051 -0.847611 -0.276697 -5.54072 -0.684886 -819.672 0 
1 827.426 0.325796 0.0224389 0.66391 -0.836773 -0.285609 -4.99169 -2.66911 -819.765 0 
1 825.723 0.323966 0.0223916 0.667229 -0.86222 -0.274358 -5.07936 -1.30253 -819.341 0 
2 824.602 0.321595 0.0224645 0.66917 -0.846225 -0.306174 -4.38955 -0.863946 -819.348 0 
3 828.323 0.317757 0.022327 0.674961 -0.88575 -0.286216 -4.52158 -4.3374 -819.464 0 
1 827.378 0.323832 0.0222264 0.669981 -0.908214 -0.245054 -6.46376 -1.38079 -819.534 0 
2 826.259 0.326878 0.0224199 0.664096 -0.842114 -0.291183 -5.19654 -1.38939 -819.673 0 
5 826.378 0.328348 0.0223534 0.662758 -0.831266 -0.329707 -5.09557 -1.47729 -819.805 0 
2 825.216 0.316054 0.022563 0.671012 -0.799459 -0.369694 -4.50358 -0.987163 -819.726 0 
3 824.482 0.313911 0.0225291 0.673792 -0.809231 -0.381623 -4.4646 -0.627239 -819.39 0 
1 826.192 0.318492 0.0225309 0.667818 -0.773144 -0.402974 -4.8209 -0.81717 -820.554 0 
9 826.229 0.318969 0.0223883 0.666448 -0.770558 -0.414413 -4.73501 -0.882275 -820.611 0 
4 825.371 0.323273 0.0224761 0.668047 -0.81494 -0.385364 -4.06725 -1.66808 -819.636 0 
1 823.339 0.31908 0.0222884 0.670864 -0.831013 -0.387739 -3.94661 -0.155098 -819.238 0 
1 824.012 0.320063 0.0221929 0.67034 -0.842493 -0.378755 -4.07789 -0.73643 -819.198 0 
1 824.584 0.320076 0.0222005 0.669893 -0.838972 -0.366085 -4.04924 -1.29795 -819.237 0 
1 824.283 0.319903 0.0222716 0.670705 -0.843849 -0.355151 -4.09274 -0.964564 -819.226 0 
2 825.969 0.306426 0.0225537 0.680096 -0.827818 -0.359531 -5.3303 -1.38499 -819.254 0 
3 825.914 0.318233 0.0225475 0.67203 -0.825077 -0.38124 -3.94531 -2.67452 -819.294 0 
3 825.736 0.320369 0.0225506 0.669618 -0.809735 -0.394599 -3.95736 -2.20673 -819.572 0 
2 826.856 0.31076 0.0226436 0.677113 -0.817263 -0.379191 -4.70506 -2.90408 -819.247 0 
2 826.733 0.308884 0.0225901 0.681312 -0.869602 -0.318636 -4.26912 -2.82689 -819.637 0 
2 827.107 0.30659 0.0224905 0.684386 -0.907092 -0.271288 -4.4278 -1.90635 -820.773 0 
4 830.625 0.305821 0.0225881 0.688496 -0.918463 -0.299361 -4.70572 -4.30471 -821.615 0 
2 831.34 0.300791 0.0226697 0.692168 -0.91192 -0.307507 -5.14465 -4.16449 -822.031 0 
2 831.327 0.301188 0.0227464 0.689829 -0.885532 -0.317434 -5.21918 -5.3622 -820.745 0 
1 832.172 0.30454 0.0227786 0.688037 -0.901691 -0.27072 -4.51282 -6.90573 -820.754 0 
3 831.053 0.302341 0.0227782 0.688147 -0.902217 -0.234723 -4.65581 -5.64067 -820.757 0 
1 829.752 0.300477 0.0226617 0.69008 -0.9367 -0.172322 -4.62037 -2.91737 -822.214 0 
1 827.176 0.305508 0.0224045 0.685393 -0.956274 -0.13789 -4.72104 -0.140807 -822.314 0 
2 827.231 0.304496 0.0223608 0.686189 -0.952768 -0.151345 -4.62577 -0.225724 -822.38 0 
4 828.031 0.302606 0.0223803 0.688089 -0.96523 -0.132045 -4.74313 -0.0174711 -823.271 0 
3 829.104 0.311683 0.02235 0.681311 -0.957092 -0.141436 -5.41929 -2.11367 -821.571 0 
2 831.043 0.313773 0.022304 0.680372 -0.963667 -0.145425 -6.05011 -3.32164 -821.672 0 
1 830.278 0.320297 0.0221913 0.673536 -0.946231 -0.15777 -7.00412 -2.89243 -820.381 0 
1 829.278 0.311386 0.0222651 0.681665 -0.966647 -0.140531 -5.71151 -1.46738 -822.099 0 
1 828.729 0.315152 0.0221904 0.676661 -0.958486 -0.13606 -6.29541 -1.22922 -821.204 0 
1 828.88 0.312812 0.0221695 0.678446 -0.966716 -0.117681 -6.05098 -1.09204 -821.737 0 
4 830.135 0.314879 0.0221244 0.676953 -0.967397 -0.129443 -6.60777 -1.92237 -821.604 0 
4 829.403 0.314463 0.0221468 0.678249 -0.967835 -0.1377 -6.45845 -1.20768 -821.737 0 
1 827.663 0.312556 0.0222918 0.680171 -0.952764 -0.162676 -5.50876 -0.742378 -821.412 0 
5 826.421 0.313862 0.0223634 0.678354 -0.934848 -0.179754 -5.20838 -0.591199 -820.621 0 
2 825.967 0.310127 0.0223978 0.677733 -0.886728 -0.237261 -4.1883 -2.086 -819.693 0 
1 826.539 0.3136 0.0223605 0.674362 -0.885312 -0.226192 -4.29159 -2.74731 -819.5 0 
2 826.801 0.306819 0.022682 0.680145 -0.853443 -0.265905 -4.78382 -2.66309 -819.354 0 
1 825.598 0.306796 0.0226122 0.68116 -0.866406 -0.257757 -4.57069 -1.52044 -819.507 0 
1 825.214 0.310045 0.0224839 0.679216 -0.879037 -0.24886 -4.2069 -1.43247 -819.574 0 
3 826.898 0.31 0.0225433 0.680049 -0.878757 -0.253843 -4.20774 -3.10745 -819.583 0 
2 827.091 0.301853 0.0226168 0.686657 -0.893537 -0.226033 -4.84284 -1.8421 -820.406 0 
2 827.566 0.301121 0.0224655 0.686726 -0.899026 -0.221221 -4.88714 -2.02277 -820.656 0 
2 824.242 0.308487 0.0223893 0.679826 -0.883466 -0.251955 -4.23958 -0.250302 -819.752 0 
2 824.313 0.31672 0.0222792 0.6738 -0.892091 -0.246538 -4.58922 -0.192183 -819.531 0 
1 825.312 0.317722 0.0223629 0.670516 -0.864014 -0.254396 -4.36295 -1.65192 -819.297 0 
1 824.557 0.312389 0.0222491 0.676305 -0.88681 -0.261207 -4.20103 -0.704776 -819.652 0 
3 824.13 0.314303 0.0222765 0.675896 -0.889776 -0.267297 -4.32174 -0.171497 -819.637 0 
3 823.741 0.31096 0.0224568 0.677679 -0.860173 -0.298923 -4.18098 -0.202346 -819.357 0 
4 824.982 0.309986 0.0225867 0.677444 -0.836219 -0.316502 -4.59495 -1.13873 -819.248 0 
4 825.193 0.313988 0.0225911 0.674231 -0.832948 -0.320641 -4.22188 -1.68906 -819.282 0 
2 824.886 0.311997 0.0225621 0.677066 -0.83535 -0.345511 -4.30944 -1.34988 -819.226 0 
3 825.407 0.314302 0.0226117 0.673688 -0.8096 -0.369218 -4.45733 -1.51195 -819.438 0 
1 825.431 0.315729 0.0225996 0.671918 -0.802601 -0.368191 -4.48082 -1.30973 -819.64 0 
1 825.471 0.324487 0.0224651 0.667528 -0.83388 -0.352019 -4.4255 -1.5897 -819.456 0 
3 824.447 0.320975 0.0224843 0.668877 -0.82053 -0.350148 -4.11434 -0.763851 -819.569 0 
4 825.709 0.328322 0.0222103 0.663945 -0.839568 -0.352515 -5.12513 -1.0736 -819.51 0 
2 827.922 0.328647 0.0222684 0.665335 -0.852492 -0.340043 -5.53385 -3.01841 -819.37 0 
10 823.505 0.318928 0.0223567 0.669738 -0.82812 -0.343025 -4.06342 -0.055434 -819.387 0 
1 824.684 0.32468 0.0222595 0.665958 -0.825423 -0.367917 -4.29592 -0.832771 -819.555 0 
2 824.045 0.320363 0.022256 0.668193 -0.839162 -0.322714 -4.18479 -0.512742 -819.348 0 
1 824.561 0.323076 0.0223859 0.665454 -0.786159 -0.414654 -4.09293 -0.152022 -820.316 0 
4 825.249 0.321416 0.0222624 0.66571 -0.791865 -0.414636 -4.01906 -1.22932 -820.001 0 
1 824.091 0.322032 0.022267 0.666409 -0.807855 -0.391827 -3.99732 -0.38254 -819.711 0 
4 825.549 0.316101 0.0222614 0.669796 -0.800524 -0.394962 -4.33793 -1.62872 -819.582 0 
1 824.546 0.317361 0.0221598 0.671645 -0.850366 -0.351919 -4.04151 -1.29081 -819.213 0 
5 824.429 0.319223 0.0222063 0.669626 -0.846796 -0.334663 -4.12228 -1.06815 -819.239 0 
9 823.552 0.316237 0.0222748 0.673638 -0.859987 -0.328557 -4.08387 -0.201711 -819.267 0 
5 823.748 0.314928 0.0223919 0.673395 -0.849192 -0.310663 -4.06832 -0.43554 -819.244 0 
2 824.082 0.311986 0.0223038 0.675519 -0.845975 -0.330685 -4.18807 -0.643745 -819.251 0 
1 824.676 0.308644 0.0223572 0.678073 -0.852264 -0.314141 -4.45146 -0.872081 -819.353 0 
7 824.388 0.309514 0.0223536 0.677281 -0.853103 -0.30143 -4.37273 -0.690857 -819.325 0 
2 824.187 0.315547 0.0222615 0.67259 -0.866655 -0.264358 -4.20109 -0.681787 -819.304 0 
6 823.574 0.314481 0.0224157 0.675023 -0.866466 -0.286523 -4.11441 -0.134329 -819.326 0 
1 823.942 0.310931 0.0224095 0.678767 -0.884959 -0.267341 -4.16663 -0.0712176 -819.704 0 
1 824.429 0.317071 0.022506 0.671389 -0.849436 -0.269283 -4.25393 -0.855288 -819.32 0 
1 825.37 0.308817 0.0226167 0.678447 -0.851657 -0.272127 -4.55252 -1.50936 -819.308 0 
3 825.642 0.311005 0.0225227 0.679083 -0.885335 -0.238074 -4.19371 -1.82266 -819.625 0 
1 825.795 0.312596 0.0224873 0.679182 -0.899352 -0.245195 -4.32702 -1.58609 -819.882 0 
13 825.493 0.311581 0.0225344 0.679354 -0.890302 -0.247086 -4.20215 -1.56435 -819.727 0 
3 826.982 0.302648 0.0225751 0.687383 -0.908355 -0.229249 -4.589 -1.44042 -820.952 0 
3 826.487 0.309188 0.022519 0.68048 -0.887467 -0.230689 -4.23465 -2.51496 -819.738 0 
2 825.014 0.311213 0.0224824 0.677312 -0.863613 -0.263877 -4.23794 -1.42506 -819.351 0 
6 825.412 0.315468 0.0225717 0.673269 -0.843555 -0.276012 -4.27861 -1.81276 -819.321 0 
3 824.845 0.311479 0.0225911 0.676982 -0.855397 -0.273261 -4.26468 -1.28607 -819.294 0 
1 824.697 0.312334 0.0225429 0.675262 -0.838878 -0.294803 -4.39418 -1.02885 -819.274 0 
4 826.235 0.3089 0.0222728 0.676286 -0.849013 -0.293679 -4.52058 -2.4157 -819.299 0 
5 828.415 0.308208 0.0222393 0.676733 -0.863512 -0.271978 -4.37271 -4.6015 -819.441 0 
2 824.155 0.313612 0.0223297 0.673793 -0.851875 -0.301758 -4.10128 -0.795296 -819.258 0 
1 824.062 0.315626 0.0223014 0.67543 -0.883223 -0.29798 -4.33778 -0.195728 -819.528 0 
2 825.979 0.309612 0.0226176 0.679674 -0.850589 -0.331711 -4.34327 -2.30399 -819.332 0 
1 825.822 0.311897 0.0225267 0.676088 -0.838629 -0.338765 -4.23372 -2.35769 -819.231 0 
1 825.462 0.316978 0.0225755 0.674143 -0.838063 -0.35921 -3.98233 -2.26007 -819.22 0 
7 824.202 0.314062 0.0225255 0.675232 -0.824646 -0.384739 -4.15662 -0.820591 -819.225 0 
2 824.005 0.312866 0.0224966 0.676375 -0.838918 -0.360044 -4.13862 -0.64818 -819.219 0 
4 824.146 0.31631 0.0225071 0.672365 -0.815011 -0.38087 -4.10982 -0.660083 -819.376 0 
6 824.511 0.312904 0.0224349 0.677058 -0.841312 -0.369118 -4.13107 -1.15345 -819.226 0 
3 824.539 0.315737 0.0224072 0.673374 -0.819412 -0.389013 -4.10286 -1.15316 -819.283 0 
3 824.733 0.324273 0.0222757 0.664092 -0.800268 -0.392755 -4.09222 -0.579494 -820.061 0 
2 824.886 0.320069 0.022438 0.668046 -0.78908 -0.407215 -4.21496 -0.621695 -820.049 0 
1 825.852 0.317102 0.0223764 0.672306 -0.816555 -0.393526 -4.04639 -2.46857 -819.337 0 
1 824.547 0.317773 0.0223086 0.671369 -0.831388 -0.356959 -4.00771 -1.25993 -819.28 0 
2 824.412 0.313717 0.0223023 0.675882 -0.855151 -0.339612 -4.05101 -1.07617 -819.285 0 
3 825.23 0.312046 0.0224289 0.675059 -0.825237 -0.341555 -4.52926 -1.43015 -819.271 0 
6 825.152 0.31612 0.0222437 0.673369 -0.854894 -0.325507 -4.05133 -1.8586 -819.242 0 
7 825.448 0.321721 0.0221616 0.669522 -0.86968 -0.306862 -4.7397 -1.45383 -819.255 0 
2 825.787 0.310065 0.0222651 0.675818 -0.833208 -0.346471 -4.56824 -1.98703 -819.232 0 
3 826.55 0.308949 0.0224041 0.676483 -0.803361 -0.39575 -5.54463 -1.69421 -819.312 0 
1 825.974 0.314395 0.0224523 0.673132 -0.796716 -0.410044 -4.65451 -1.79036 -819.529 0 
1 824.77 0.318047 0.0223235 0.670025 -0.799228 -0.418 -4.11998 -1.05465 -819.595 0 
1 824.471 0.32098 0.022219 0.667425 -0.806565 -0.408815 -3.93672 -0.928354 -819.606 0 
6 825.235 0.315555 0.0221857 0.671564 -0.826128 -0.382207 -4.02789 -1.97173 -819.235 0 
6 824.296 0.317639 0.0221879 0.671326 -0.842977 -0.367354 -3.99444 -1.10091 -819.2 0 
2 823.865 0.316197 0.0222126 0.67342 -0.850787 -0.368381 -4.02287 -0.615953 -819.226 0 
1 824.593 0.312605 0.0222183 0.677976 -0.870896 -0.358443 -4.17878 -0.819893 -819.595 0 
4 823.698 0.318159 0.0223259 0.672739 -0.836634 -0.393986 -3.95285 -0.557911 -819.188 0 
3 825.308 0.319823 0.022299 0.672046 -0.829228 -0.427323 -3.92949 -2.1915 -819.187 0 
3 824.511 0.315267 0.0224709 0.672418 -0.794256 -0.434881 -4.41125 -0.586328 -819.514 0 
1 824.329 0.310666 0.0223428 0.677793 -0.827101 -0.413045 -4.53038 -0.586946 -819.212 0 
7 824.824 0.312612 0.0224759 0.674328 -0.804816 -0.405207 -4.64872 -0.826724 -819.348 0 
3 826.15 0.313639 0.0225029 0.673723 -0.824634 -0.354474 -4.23088 -2.64623 -819.273 0 
7 826.189 0.325787 0.0223067 0.665806 -0.861792 -0.290774 -5.37654 -1.47096 -819.341 0 
4 826.032 0.321245 0.0221511 0.670155 -0.878736 -0.289112 -4.88301 -1.844 -819.305 0 
1 827.733 0.331198 0.0221985 0.66276 -0.864665 -0.311216 -6.75231 -1.58353 -819.397 0 
1 827.091 0.329391 0.0222712 0.663736 -0.865194 -0.291376 -6.32367 -1.36732 -819.4 0 
3 826.495 0.319671 0.022213 0.673776 -0.908163 -0.275237 -5.52198 -1.18683 -819.786 0 
1 826.025 0.31692 0.0222331 0.67592 -0.897433 -0.300975 -4.76279 -1.49288 -819.77 0 
4 824.864 0.312663 0.0222539 0.678792 -0.884674 -0.333259 -4.27814 -0.757471 -819.828 0 
1 824.835 0.312661 0.0225164 0.676398 -0.834106 -0.373759 -4.17859 -1.44733 -819.209 0 
1 823.98 0.310415 0.0224456 0.679674 -0.860445 -0.350414 -4.21679 -0.286294 -819.477 0 
5 823.374 0.314519 0.0224099 0.674362 -0.831702 -0.373545 -4.06642 -0.0961493 -819.211 0 
5 825.389 0.313761 0.0225244 0.67223 -0.798986 -0.371242 -4.79816 -0.970898 -819.62 0 
1 826.637 0.31365 0.0226093 0.672303 -0.785491 -0.385232 -5.25689 -1.48351 -819.896 0 
1 827.131 0.31595 0.0225671 0.671524 -0.78799 -0.395225 -4.77815 -2.45429 -819.898 0 
1 825.927 0.314353 0.022462 0.671932 -0.788481 -0.402713 -4.93702 -1.23445 -819.755 0 
1 824.479 0.3195 0.0224821 0.669121 -0.802874 -0.379869 -4.14698 -0.566338 -819.766 0 
1 825.952 0.32368 0.0225356 0.666717 -0.809811 -0.356882 -4.24823 -1.75341 -819.951 0 
4 825.846 0.32355 0.022496 0.667704 -0.821342 -0.355468 -4.2266 -1.97104 -819.648 0 
1 824.203 0.321767 0.0224115 0.668263 -0.824847 -0.348262 -4.14616 -0.531767 -819.525 0 
6 824.766 0.324622 0.022253 0.666162 -0.847394 -0.311553 -4.76176 -0.600189 -819.404 0 
1 825.455 0.326921 0.0223645 0.661813 -0.79677 -0.368572 -4.43471 -0.452164 -820.568 0 
4 826.789 0.327288 0.0220934 0.663522 -0.861573 -0.291409 -5.67823 -1.73127 -819.379 0 
1 826.124 0.325942 0.0222312 0.664079 -0.848682 -0.298887 -5.09836 -1.54859 -819.478 0 
3 824.57 0.321099 0.0224153 0.667986 -0.829525 -0.332209 -4.17278 -0.918683 -819.478 0 
1 823.911 0.322062 0.0223995 0.668238 -0.833919 -0.338071 -4.22804 -0.263289 -819.419 0 
1 823.825 0.319239 0.0223111 0.670529 -0.860213 -0.296074 -4.32493 -0.243201 -819.257 0 
1 825.718 0.318389 0.0225231 0.671354 -0.852394 -0.288261 -4.23023 -2.20429 -819.283 0 
1 827.183 0.325349 0.022455 0.664212 -0.821257 -0.328039 -4.55098 -2.73171 -819.9 0 
1 824.288 0.319123 0.0223952 0.668041 -0.818265 -0.32746 -4.21752 -0.434386 -819.637 0 
4 824.392 0.32061 0.0222638 0.668142 -0.841789 -0.322475 -4.21611 -0.850487 -819.326 0 
5 825.575 0.323158 0.0222259 0.664483 -0.822934 -0.329705 -4.32758 -1.52649 -819.72 0 
2 824.998 0.324017 0.0223454 0.663467 -0.817779 -0.298201 -4.65767 -0.237127 -820.103 0 
8 824.564 0.323755 0.0223454 0.664992 -0.842186 -0.261939 -4.88687 -0.0166317 -819.66 0 
2 826.897 0.322109 0.0224563 0.667745 -0.836076 -0.28353 -4.54823 -2.7428 -819.606 0 
4 825.408 0.323249 0.0223639 0.665235 -0.837959 -0.256966 -4.86868 -0.788407 -819.751 0 
1 826.41 0.321271 0.0224921 0.664448 -0.797019 -0.298164 -4.93412 -0.829471 -820.646 0 
2 827.024 0.321439 0.0224967 0.666608 -0.801779 -0.332621 -4.50672 -2.30177 -820.215 0 
3 826.17 0.312716 0.0224589 0.676476 -0.842593 -0.330003 -4.20826 -2.72693 -819.235 0 
2 824.12 0.313881 0.0224755 0.675124 -0.838401 -0.335847 -4.13962 -0.749246 -819.232 0 
2 823.719 0.320317 0.0223498 0.668477 -0.842963 -0.294617 -4.31495 -0.01706 -819.387 0 
6 824.152 0.32003 0.0224256 0.667597 -0.821456 -0.312376 -4.29675 -0.173054 -819.682 0 
6 823.759 0.319939 0.0224086 0.668582 -0.829726 -0.317602 -4.19678 -0.0742749 -819.488 0 
9 824.313 0.315267 0.0222562 0.674028 -0.862344 -0.308559 -4.08394 -0.93846 -819.291 0 
2 823.777 0.31895 0.0223722 0.66888 -0.82889 -0.318235 -4.16997 -0.14434 -819.463 0 
6 823.645 0.317371 0.0223748 0.670564 -0.817849 -0.36986 -4.05402 -0.189683 -819.402 0 
1 824.104 0.323513 0.0223109 0.665537 -0.816672 -0.361504 -4.18421 -0.192867 -819.727 0 
2 826.147 0.328739 0.0222572 0.659465 -0.77567 -0.414955 -4.34172 -0.519672 -821.286 0 
2 825.848 0.330392 0.022217 0.660333 -0.806538 -0.395337 -4.7535 -0.814425 -820.28 0 
2 825.034 0.328876 0.0222388 0.662044 -0.806345 -0.402702 -4.47995 -0.433216 -820.121 0 
4 825.518 0.329037 0.0224054 0.662138 -0.788196 -0.427711 -4.25351 -0.638585 -820.626 0 
1 825.603 0.325692 0.0224937 0.665582 -0.802939 -0.400504 -4.1386 -1.44171 -820.022 0 
4 824.064 0.321949 0.0224014 0.666667 -0.79743 -0.398564 -4.04387 -0.0596215 -819.96 0 
1 823.412 0.316062 0.022428 0.673725 -0.830398 -0.385232 -3.98138 -0.220151 -819.21 0 
2 824.41 0.313064 0.0223533 0.674762 -0.832365 -0.376317 -4.15424 -1.04975 -819.206 0 
1 825.275 0.319602 0.0223424 0.669151 -0.822415 -0.381923 -3.94809 -1.96528 -819.362 0 
2 825.512 0.317933 0.022391 0.670809 -0.815016 -0.410484 -3.92876 -2.25281 -819.33 0 
1 824.664 0.310134 0.0223956 0.677778 -0.826641 -0.41152 -4.58319 -0.863188 -819.217 0 
2 823.708 0.315911 0.022229 0.673251 -0.833883 -0.403018 -3.97405 -0.551126 -819.183 0 
11 823.482 0.31269 0.0223726 0.677041 -0.82513 -0.442731 -4.28374 -0.0106423 -819.188 0 
4 823.867 0.312691 0.0223089 0.675999 -0.815429 -0.451134 -4.39511 -0.287602 -819.185 0 
6 824.909 0.31633 0.0224087 0.674243 -0.808956 -0.458798 -4.05857 -1.60597 -819.245 0 
3 823.557 0.314604 0.0222873 0.674822 -0.812851 -0.471669 -4.18951 -0.189636 -819.178 0 
4 824.64 0.322651 0.0221275 0.668937 -0.833252 -0.443383 -4.19728 -1.27597 -819.167 0 
2 824.865 0.321952 0.0221675 0.667904 -0.807729 -0.472921 -3.84986 -1.65196 -819.363 0 
1 825.344 0.31941 0.0221299 0.669476 -0.811711 -0.463149 -3.86719 -2.21241 -819.265 0 
1 824.479 0.310794 0.02223 0.679333 -0.842801 -0.447707 -4.44882 -0.614644 -819.416 0 
2 825.203 0.311512 0.0221681 0.679852 -0.858235 -0.449467 -4.47857 -1.02722 -819.697 0 
4 824.943 0.316908 0.0222972 0.673149 -0.810696 -0.496409 -4.02456 -1.74612 -819.173 0 
1 824.459 0.31649 0.0223802 0.67611 -0.829769 -0.491156 -4.13722 -1.15255 -819.169 0 
5 824.672 0.317089 0.022381 0.67503 -0.822121 -0.499127 -4.07796 -1.45354 -819.141 0 
1 824.926 0.315852 0.0224687 0.675258 -0.821807 -0.457445 -4.02569 -1.73695 -819.163 0 
1 825.263 0.311865 0.0223463 0.679773 -0.848762 -0.461441 -4.45123 -1.30014 -819.511 0 
1 825.606 0.306927 0.0223045 0.684842 -0.875676 -0.423729 -4.90666 -0.212836 -820.486 0 
8 824.869 0.307969 0.0223398 0.683202 -0.861002 -0.43304 -4.75168 -0.169044 -819.948 0 
1 826.615 0.309906 0.0223227 0.679286 -0.842573 -0.433884 -4.50808 -2.69185 -819.415 0 
1 826.87 0.312531 0.0222787 0.677563 -0.850004 -0.428873 -4.275 -3.18738 -819.408 0 
1 826.931 0.317614 0.0221438 0.675936 -0.889529 -0.390762 -5.11969 -1.95393 -819.857 0 
1 826.076 0.319294 0.0221906 0.673964 -0.868532 -0.41981 -4.76086 -1.91704 -819.398 0 
3 828.502 0.30431 0.0222243 0.687739 -0.894069 -0.430285 -5.50529 -1.29443 -821.702 0 
8 827.225 0.310235 0.0223006 0.680838 -0.866938 -0.422045 -4.55112 -2.77829 -819.896 0 
2 827.306 0.321215 0.0221237 0.673328 -0.876991 -0.431693 -5.40123 -2.41572 -819.489 0 
2 826.771 0.318102 0.0223958 0.674497 -0.842643 -0.446978 -4.1678 -3.41911 -819.184 0 
7 827.92 0.317097 0.0223781 0.676783 -0.872678 -0.408738 -4.64163 -3.72913 -819.55 0 
3 827.191 0.323735 0.0222786 0.669422 -0.852822 -0.404479 -4.7866 -3.2422 -819.162 0 
1 826.945 0.320734 0.0222461 0.671597 -0.859625 -0.397358 -4.57336 -3.15341 -819.218 0 
3 827.598 0.322832 0.0222223 0.672183 -0.880335 -0.394516 -5.58098 -2.62752 -819.389 0 
6 829.385 0.319878 0.0223147 0.669685 -0.830463 -0.402409 -3.98135 -6.17895 -819.224 0 
9 830.971 0.323139 0.0223754 0.668874 -0.843671 -0.393069 -4.46892 -7.30456 -819.198 0 
2 828.964 0.321812 0.0225803 0.669018 -0.803297 -0.431499 -3.86729 -5.48185 -819.615 0 
2 828.979 0.320233 0.0225611 0.67384 -0.824096 -0.448085 -3.90759 -5.88072 -819.191 0 
1 826.081 0.317915 0.022603 0.673112 -0.801105 -0.453243 -3.98782 -2.68301 -819.41 0 
4 825.925 0.314818 0.0224406 0.67769 -0.836488 -0.441891 -4.07647 -2.64339 -819.205 0 
1 825.808 0.309637 0.0224066 0.681717 -0.838611 -0.454197 -4.64035 -1.75078 -819.417 0 
1 825.888 0.315646 0.0223389 0.674894 -0.821752 -0.435013 -4.03432 -2.6697 -819.183 0 
2 826.458 0.315576 0.022221 0.676463 -0.875152 -0.350247 -4.24929 -2.69867 -819.51 0 
6 825.567 0.323997 0.0221333 0.668066 -0.86457 -0.347778 -5.02629 -1.32904 -819.212 0 
6 825.236 0.320452 0.0221641 0.669466 -0.856206 -0.341672 -4.34112 -1.67879 -819.216 0 
3 824.031 0.316749 0.022285 0.671482 -0.834158 -0.361408 -3.98039 -0.816531 -819.234 0 
6 826.427 0.322148 0.0222239 0.668316 -0.849659 -0.35726 -4.42442 -2.78501 -819.218 0 
3 825.995 0.321454 0.0223277 0.670214 -0.852421 -0.366842 -4.39678 -2.40339 -819.195 0 
2 825.63 0.32055 0.0223693 0.670611 -0.850119 -0.355806 -4.25403 -2.16845 -819.208 0 
2 824.711 0.314312 0.0222963 0.677853 -0.888279 -0.332111 -4.43333 -0.466569 -819.812 0 
2 824.484 0.317273 0.0222722 0.673989 -0.871159 -0.341473 -4.3253 -0.794766 -819.364 0 
4 824.968 0.321001 0.0222575 0.671174 -0.865329 -0.355533 -4.60857 -1.12468 -819.235 0 
7 824.22 0.317365 0.0224393 0.67285 -0.839035 -0.366842 -3.97373 -1.03742 -819.209 0 
3 824.768 0.317372 0.0224919 0.671572 -0.832295 -0.339177 -4.03677 -1.42482 -819.306 0 
2 824.088 0.312066 0.0223895 0.675659 -0.850546 -0.3163 -4.14785 -0.671571 -819.269 0 
4 824.546 0.31053 0.0222507 0.67949 -0.881459 -0.321948 -4.21953 -0.489348 -819.837 0 
1 824.125 0.315225 0.022385 0.675944 -0.859068 -0.346876 -4.05113 -0.781794 -819.292 0 
1 823.633 0.318287 0.0224472 0.670998 -0.81818 -0.378849 -3.99786 -0.240418 -819.395 0 
1 823.435 0.318062 0.022285 0.672503 -0.850226 -0.361155 -4.06205 -0.167986 -819.205 0 
1 824.452 0.319915 0.0223622 0.668421 -0.809768 -0.393408 -3.96143 -0.934594 -819.556 0 
6 824.229 0.321647 0.0221814 0.669264 -0.84785 -0.368982 -4.29081 -0.735086 -819.203 0 
1 825.469 0.326274 0.0222839 0.663676 -0.82185 -0.360617 -4.49601 -1.21871 -819.755 0 
1 825.073 0.322531 0.0221757 0.670042 -0.85949 -0.372997 -4.64387 -1.23546 -819.193 0 
3 824.528 0.316636 0.0222675 0.673553 -0.858053 -0.358904 -4.11019 -1.15534 -819.262 0 
2 824.907 0.319244 0.0221653 0.672917 -0.871866 -0.361047 -4.542 -1.02484 -819.34 0 
5 826.408 0.315991 0.0223307 0.677582 -0.912476 -0.273171 -5.03506 -1.23435 -820.139 0 
1 826.577 0.312088 0.0222305 0.680306 -0.915885 -0.275478 -4.67778 -1.29375 -820.606 0 
1 826.047 0.309067 0.0222096 0.681818 -0.918725 -0.262435 -4.54739 -0.550042 -820.949 0 
1 823.522 0.314406 0.0223518 0.675756 -0.868609 -0.311105 -4.10274 -0.0442885 -819.375 0 
1 824.143 0.314962 0.0224323 0.67588 -0.876809 -0.281229 -4.19888 -0.523379 -819.421 0 
1 825.141 0.321893 0.0223353 0.670038 -0.884973 -0.250395 -5.23649 -0.56677 -819.338 0 
1 827.253 0.326222 0.0223885 0.664586 -0.862522 -0.245931 -5.69637 -2.06995 -819.487 0 
1 825.308 0.324365 0.0221976 0.665646 -0.865542 -0.260864 -5.26232 -0.68758 -819.358 0 
2 827.256 0.326052 0.0221154 0.665846 -0.881738 -0.258066 -6.02327 -1.9161 -819.317 0 
4 825.01 0.321053 0.0222096 0.669713 -0.879595 -0.261315 -4.92616 -0.768927 -819.315 0 
6 824.99 0.322021 0.022195 0.666545 -0.851239 -0.277771 -4.60609 -0.995094 -819.389 0 
2 825.447 0.32397 0.0222501 0.664363 -0.843289 -0.25852 -4.94763 -0.835318 -819.664 0 
2 825.541 0.319079 0.0223061 0.666668 -0.829525 -0.264709 -4.55547 -1.29673 -819.689 0 
1 825.696 0.319506 0.0222685 0.668341 -0.857994 -0.234329 -4.62211 -1.68913 -819.385 0 
6 824.977 0.324466 0.0223502 0.66545 -0.856461 -0.241405 -5.24713 -0.202976 -819.527 0 
2 825.348 0.325858 0.0223185 0.663299 -0.845021 -0.246043 -5.3643 -0.197025 -819.787 0 
5 825.038 0.322691 0.0224011 0.667379 -0.849211 -0.267371 -4.73472 -0.832192 -819.471 0 
1 825.992 0.327234 0.0222565 0.664161 -0.870078 -0.246085 -6.0752 -0.486714 -819.43 0 
2 825.382 0.32476 0.0224392 0.663437 -0.816706 -0.286864 -4.85532 -0.256067 -820.271 0 
2 826.623 0.329446 0.022316 0.662816 -0.851758 -0.278871 -5.97027 -0.99039 -819.662 0 
3 826.291 0.323665 0.0224915 0.666745 -0.823349 -0.320259 -4.4462 -2.05605 -819.788 0 
5 826.373 0.319767 0.0225479 0.66805 -0.820731 -0.280388 -4.60634 -1.91022 -819.856 0 
6 825 0.31953 0.0225216 0.66759 -0.819801 -0.283591 -4.55432 -0.596271 -819.849 0 
3 825.894 0.319134 0.022546 0.666613 -0.814453 -0.265521 -4.82978 -0.973413 -820.09 0 
1 826.182 0.309927 0.0225661 0.674934 -0.850425 -0.22143 -4.69201 -2.16676 -819.324 0 
3 825.48 0.314639 0.0225149 0.67306 -0.875175 -0.19991 -4.42806 -1.68516 -819.367 0 
1 827.921 0.310101 0.0224061 0.678301 -0.91436 -0.175943 -4.42011 -3.29974 -820.201 0 
1 826.304 0.310229 0.0225173 0.678699 -0.90699 -0.178895 -4.35014 -1.96545 -819.988 0 
7 825.584 0.309652 0.0224202 0.677565 -0.900081 -0.175858 -4.31142 -1.43801 -819.835 0 
2 825.213 0.308765 0.022403 0.680659 -0.92834 -0.152353 -4.48941 -0.0412833 -820.682 0 
4 824.257 0.312464 0.0224781 0.675809 -0.89037 -0.185986 -4.37656 -0.329982 -819.55 0 
4 825.373 0.320189 0.0225094 0.669141 -0.878367 -0.173333 -5.23428 -0.72354 -819.415 0 
5 825.92 0.316989 0.0225784 0.673329 -0.882928 -0.199065 -4.65109 -1.88348 -819.386 0 
1 827.488 0.313714 0.0226461 0.676239 -0.881658 -0.196075 -4.4089 -3.6563 -819.423 0 
1 825.306 0.316036 0.0225814 0.67167 -0.863045 -0.191353 -4.6605 -1.25678 -819.389 0 
1 824.906 0.318889 0.0223845 0.671667 -0.886367 -0.213851 -4.85451 -0.667747 -819.384 0 
1 824.93 0.319517 0.0224233 0.668149 -0.85675 -0.224851 -4.67992 -0.82659 -819.424 0 
1 825.587 0.314236 0.0224492 0.670942 -0.854469 -0.206227 -4.5508 -1.65594 -819.38 0 
3 825.192 0.313116 0.0225363 0.672217 -0.854041 -0.196224 -4.66997 -1.13496 -819.387 0 
1 824.276 0.313261 0.0225222 0.673951 -0.858245 -0.233677 -4.33923 -0.625216 -819.312 0 
2 824.134 0.311698 0.0225059 0.6761 -0.870304 -0.231562 -4.25005 -0.505265 -819.378 0 
7 824.133 0.315418 0.0223781 0.674033 -0.891596 -0.212843 -4.51111 -0.107819 -819.514 0 
2 824.311 0.314873 0.0225288 0.672957 -0.854829 -0.241083 -4.33992 -0.654136 -819.317 0 
3 824.512 0.310728 0.0224949 0.676117 -0.862956 -0.229097 -4.39398 -0.778506 -819.339 0 
5 826.213 0.302642 0.0224104 0.686167 -0.926375 -0.180096 -4.47051 -0.307987 -821.434 0 
1 824.453 0.307889 0.0224828 0.679806 -0.886894 -0.215365 -4.29372 -0.414845 -819.745 0 
4 825.071 0.309851 0.022536 0.679829 -0.896748 -0.208843 -4.24439 -0.976384 -819.851 0 
1 827.705 0.313295 0.0225136 0.678205 -0.901973 -0.20576 -4.42544 -3.50156 -819.778 0 
1 827.714 0.311035 0.0225099 0.678278 -0.875809 -0.23518 -4.24841 -4.00503 -819.461 0 
3 826.93 0.309948 0.0223675 0.676464 -0.864702 -0.231665 -4.43123 -3.13528 -819.363 0 
