1 823.931 0.312942 0.022256 0.674104 -0.956927 -1.74045 -6.16445 -816.026 0 
1 824.001 0.314571 0.0223317 0.670491 -0.933741 -1.59261 -6.28544 -816.123 0 
1 824.014 0.311663 0.0224993 0.672827 -0.922125 -2.08759 -5.77246 -816.154 0 
2 823.855 0.300629 0.0223818 0.684047 -0.961036 -2.67761 -4.67331 -816.504 0 
2 823.205 0.302461 0.0223263 0.685875 -0.992862 -0.614776 -5.05086 -817.539 0 
8 822.72 0.300618 0.0225328 0.684878 -0.959936 -1.57504 -4.67159 -816.474 0 
1 826.497 0.306202 0.0227837 0.677884 -0.914854 -5.07298 -5.39385 -816.03 0 
1 826.896 0.310051 0.0228337 0.676498 -0.927175 -5.35982 -5.50524 -816.031 0 
1 826.173 0.307462 0.0224625 0.684086 -1.00679 -2.21309 -6.34038 -817.62 0 
1 825.123 0.307133 0.0225544 0.684359 -0.997387 -1.96269 -5.9105 -817.249 0 
1 823.762 0.302858 0.0224419 0.687319 -1.00369 -0.373042 -5.36693 -818.022 0 
2 822.73 0.304632 0.0224547 0.680168 -0.947808 -1.79436 -4.88462 -816.051 0 
2 822.04 0.306298 0.0225149 0.681372 -0.966151 -0.598389 -5.1189 -816.322 0 
13 822.602 0.309017 0.0225076 0.679354 -0.96762 -0.792427 -5.57202 -816.238 0 
1 822.582 0.309451 0.022511 0.675909 -0.939245 -1.22755 -5.39121 -815.963 0 
1 823.761 0.313364 0.0223573 0.673706 -0.95643 -1.43539 -6.30276 -816.023 0 
2 823.059 0.311163 0.0222697 0.676748 -0.972393 -0.716618 -6.09459 -816.248 0 
5 822.978 0.315364 0.0224116 0.672078 -0.947628 -0.316552 -6.62195 -816.039 0 
2 822.213 0.309544 0.0224299 0.678007 -0.959586 -0.592056 -5.52716 -816.094 0 
6 823.279 0.311095 0.0225696 0.675067 -0.933517 -1.62828 -5.63909 -816.012 0 
6 823.255 0.311254 0.0225892 0.676478 -0.945546 -1.57729 -5.69549 -815.983 0 
2 825.482 0.316932 0.0226137 0.672609 -0.948845 -2.35131 -7.06035 -816.07 0 
5 822.598 0.304557 0.0224947 0.684693 -0.985529 -0.40169 -5.17276 -817.024 0 
1 824.74 0.313068 0.0224446 0.676148 -0.971902 -1.97025 -6.58892 -816.18 0 
1 823.816 0.311919 0.0225584 0.676244 -0.956215 -1.82125 -5.96829 -816.027 0 
6 822.518 0.310447 0.0224661 0.675205 -0.94198 -0.997886 -5.5473 -815.973 0 
2 823.548 0.307014 0.0222766 0.682235 -0.996164 -0.482548 -5.85366 -817.212 0 
3 822.832 0.308137 0.0223594 0.67723 -0.952231 -1.54599 -5.2518 -816.034 0 
7 822.041 0.309294 0.0224507 0.677163 -0.951296 -0.616104 -5.41352 -816.011 0 
3 824.039 0.316483 0.022565 0.670134 -0.926803 -1.03813 -6.67993 -816.321 0 
1 823.327 0.312406 0.0225165 0.672549 -0.927791 -1.36596 -5.85293 -816.109 0 
1 823.92 0.307134 0.0224309 0.678756 -0.959017 -2.59432 -5.17534 -816.15 0 
2 824.299 0.306876 0.0224589 0.680308 -0.969914 -2.64111 -5.27649 -816.381 0 
1 823.813 0.307026 0.0225194 0.681187 -0.973314 -2.0082 -5.34693 -816.458 0 
1 822.928 0.308201 0.0224484 0.68176 -0.987087 -0.317816 -5.82708 -816.783 0 
2 822.68 0.307961 0.0225478 0.679349 -0.958819 -1.27494 -5.28217 -816.123 0 
2 822.509 0.305521 0.0224074 0.683613 -0.98846 -0.0836329 -5.37634 -817.049 0 
1 822.616 0.314362 0.0224273 0.673077 -0.94734 -0.233646 -6.36139 -816.021 0 
2 822.773 0.313971 0.0223559 0.673161 -0.950198 -0.452348 -6.3091 -816.011 0 
6 823.366 0.308361 0.0222784 0.6809 -0.988451 -0.688267 -5.86182 -816.816 0 
4 823.461 0.308745 0.0222587 0.680018 -0.988439 -0.688556 -5.98611 -816.787 0 
1 824.44 0.309632 0.0222166 0.680872 -1.0035 -0.521104 -6.66412 -817.255 0 
1 824.061 0.307816 0.0222798 0.682868 -1.00622 -0.167144 -6.33888 -817.555 0 
2 823.576 0.30686 0.0224216 0.684031 -1.00033 -0.24519 -5.93136 -817.399 0 
1 824.314 0.304468 0.0226351 0.685722 -0.984616 -2.17473 -5.14225 -816.997 0 
2 824.218 0.305626 0.0226336 0.683368 -0.974318 -2.50331 -5.14496 -816.569 0 
1 824.583 0.312405 0.0225088 0.678701 -0.983062 -1.4705 -6.6959 -816.417 0 
3 824.322 0.316235 0.0222904 0.671135 -0.954728 -1.27705 -7.00649 -816.038 0 
4 825.261 0.319987 0.0223301 0.667459 -0.94196 -1.14641 -7.86249 -816.252 0 
3 824.578 0.31511 0.0222101 0.671517 -0.954412 -1.87608 -6.67703 -816.025 0 
3 824.438 0.317384 0.0224335 0.669425 -0.929442 -1.2152 -6.90101 -816.322 0 
3 823.576 0.315398 0.0223632 0.671283 -0.939794 -0.978479 -6.5078 -816.09 0 
1 825.406 0.315986 0.0224839 0.669965 -0.921274 -2.44768 -6.55361 -816.405 0 
3 822.778 0.310686 0.0224197 0.67685 -0.955674 -1.06514 -5.68006 -816.033 0 
1 824.84 0.303824 0.0222808 0.687131 -1.01578 -0.456744 -5.83367 -818.549 0 
3 824.45 0.31286 0.0223858 0.678931 -0.995315 -0.506949 -7.23154 -816.711 0 
1 824.926 0.308741 0.0224711 0.683455 -1.00373 -1.12571 -6.44935 -817.351 0 
5 824.423 0.303693 0.0223858 0.686842 -1.01 -0.489116 -5.68782 -818.246 0 
2 824.372 0.307887 0.0224344 0.681326 -0.986422 -1.79413 -5.79259 -816.785 0 
2 822.53 0.305207 0.0225226 0.681904 -0.96575 -1.17459 -4.9891 -816.366 0 
3 822.704 0.305333 0.0224627 0.681751 -0.969857 -1.19072 -5.05015 -816.464 0 
3 822.792 0.305229 0.022397 0.680968 -0.966201 -1.41828 -4.99703 -816.376 0 
1 823.604 0.303482 0.0223667 0.680989 -0.956237 -2.58034 -4.78995 -816.234 0 
1 824.144 0.301678 0.0223237 0.685076 -0.985429 -1.97341 -4.87758 -817.293 0 
1 822.881 0.306558 0.0222926 0.680695 -0.976155 -1.02499 -5.29349 -816.563 0 
1 822.92 0.306973 0.0222877 0.680185 -0.974407 -1.10271 -5.32727 -816.49 0 
1 823.162 0.305866 0.0222827 0.682471 -0.987089 -0.806272 -5.38745 -816.968 0 
5 822.739 0.306896 0.0223197 0.679779 -0.967233 -1.21212 -5.20797 -816.319 0 
2 822.647 0.304324 0.0223453 0.682529 -0.974004 -1.03291 -4.96751 -816.647 0 
1 822.823 0.302643 0.022403 0.686231 -0.993635 -0.171565 -5.09646 -817.555 0 
10 822.114 0.307821 0.0225381 0.679697 -0.958188 -0.751179 -5.24619 -816.117 0 
1 822.682 0.302911 0.0223701 0.684592 -0.983241 -0.650714 -4.94739 -817.084 0 
1 823.485 0.307506 0.0224512 0.680737 -0.976703 -1.47551 -5.4892 -816.52 0 
1 823.71 0.303841 0.0225702 0.682356 -0.960049 -2.58694 -4.82257 -816.3 0 
2 822.574 0.302377 0.0224279 0.685998 -0.986003 -0.403492 -4.9236 -817.247 0 
1 822.236 0.308956 0.0225121 0.679356 -0.965204 -0.527347 -5.51267 -816.196 0 
2 822.249 0.310261 0.0223712 0.677247 -0.962268 -0.436932 -5.69901 -816.113 0 
1 823.355 0.309424 0.0223375 0.676081 -0.953189 -1.8703 -5.45858 -816.026 0 
1 824.203 0.316273 0.0224468 0.668535 -0.918586 -1.10054 -6.61643 -816.486 0 
3 823.598 0.309667 0.0224649 0.673985 -0.926684 -2.11552 -5.45829 -816.024 0 
3 822.922 0.307883 0.0223265 0.677786 -0.956383 -1.58991 -5.24267 -816.09 0 
2 825.239 0.302962 0.0221898 0.685255 -1.00278 -1.91901 -5.35878 -817.961 0 
1 824.07 0.307661 0.0222142 0.680973 -0.98923 -1.42615 -5.74745 -816.897 0 
3 822.1 0.306664 0.0224025 0.68033 -0.965014 -0.668678 -5.15035 -816.281 0 
1 822.303 0.30459 0.0224045 0.681596 -0.963826 -1.04673 -4.90434 -816.352 0 
1 823.772 0.301581 0.0224229 0.686942 -0.994852 -1.00883 -5.02844 -817.735 0 
1 823.068 0.301162 0.0226344 0.684352 -0.951375 -2.10858 -4.72778 -816.232 0 
2 822.676 0.305568 0.0225994 0.681836 -0.961148 -1.43935 -4.98947 -816.247 0 
1 823.886 0.30144 0.0226493 0.685534 -0.965953 -2.59679 -4.69188 -816.597 0 
3 824.577 0.300937 0.0227048 0.684767 -0.952974 -3.60356 -4.69565 -816.278 0 
3 824.204 0.299974 0.0226751 0.688483 -0.978353 -2.35221 -4.68722 -817.165 0 
4 824.919 0.296685 0.0224918 0.693573 -1.01303 -0.379531 -5.00902 -819.53 0 
1 824.425 0.294026 0.0225596 0.692377 -0.97942 -1.75311 -4.78862 -817.883 0 
8 824.649 0.293827 0.0225266 0.69409 -0.995216 -1.0181 -4.80141 -818.83 0 
2 827.991 0.288896 0.0224986 0.698542 -1.00673 -2.1891 -5.2459 -820.556 0 
4 829.844 0.288218 0.0223233 0.699608 -1.02205 -2.41323 -5.407 -822.024 0 
1 826.902 0.291359 0.022429 0.693657 -0.980211 -3.56161 -5.0536 -818.287 0 
1 824.529 0.297263 0.0224984 0.687324 -0.958606 -3.11222 -4.75521 -816.661 0 
4 824.793 0.295017 0.0225011 0.6911 -0.9825 -2.16133 -4.71276 -817.919 0 
1 824.615 0.305183 0.0224893 0.678494 -0.940848 -3.71658 -4.92978 -815.968 0 
3 823.626 0.304161 0.022503 0.679087 -0.933974 -2.73313 -4.96104 -815.932 0 
4 824.15 0.304857 0.022503 0.68202 -0.969014 -2.6887 -4.99263 -816.469 0 
2 824.203 0.302577 0.0223445 0.684463 -0.985392 -2.0349 -4.96651 -817.202 0 
4 824.098 0.301673 0.0224113 0.68585 -0.987572 -1.79606 -4.91516 -817.387 0 
2 824.285 0.307539 0.0225483 0.678436 -0.951354 -3.07802 -5.17198 -816.035 0 
3 824.673 0.311696 0.022523 0.676419 -0.960711 -2.5952 -6.00993 -816.068 0 
1 825.574 0.313634 0.0225069 0.672578 -0.940679 -3.38716 -6.15483 -816.032 0 
2 825.099 0.305574 0.0224507 0.682519 -0.982565 -2.95541 -5.31087 -816.833 0 
2 824.004 0.305874 0.0224448 0.683822 -0.993979 -1.1659 -5.60488 -817.233 0 
4 823.11 0.307986 0.0224119 0.679191 -0.968159 -1.40481 -5.41512 -816.29 0 
7 823.514 0.309114 0.0224902 0.676856 -0.949942 -2.12558 -5.38648 -816.002 0 
1 823.456 0.312297 0.0226216 0.673945 -0.930318 -1.54627 -5.8343 -816.076 0 
3 822.482 0.311771 0.0224764 0.67476 -0.945448 -0.694049 -5.80098 -815.987 0 
2 824.112 0.308471 0.0224154 0.674666 -0.928179 -2.81724 -5.31451 -815.98 0 
1 823.793 0.314645 0.0224096 0.671565 -0.941234 -1.36184 -6.37552 -816.056 0 
1 825.986 0.321486 0.0223502 0.665503 -0.932218 -1.30039 -8.16599 -816.52 0 
5 826.476 0.319024 0.0222094 0.667066 -0.940645 -2.71182 -7.53953 -816.225 0 
3 828.439 0.31264 0.0220687 0.672339 -0.953077 -6.38108 -6.04972 -816.008 0 
3 826.108 0.316849 0.0222077 0.668598 -0.940917 -3.05615 -6.92089 -816.131 0 
2 826.008 0.309159 0.0220976 0.678784 -0.988339 -3.20923 -6.04543 -816.753 0 
1 827.535 0.309466 0.0220327 0.679072 -0.998339 -4.02463 -6.43813 -817.072 0 
6 828.511 0.309804 0.0220235 0.681189 -1.02166 -2.9731 -7.48576 -818.052 0 
1 827.142 0.309033 0.0220615 0.680377 -1.00767 -2.94937 -6.70417 -817.488 0 
3 830.278 0.313833 0.0220556 0.680091 -1.03583 -2.47334 -9.5556 -818.249 0 
3 827.336 0.309188 0.0221269 0.682861 -1.02752 -1.27371 -7.62299 -818.439 0 
1 824.215 0.308153 0.0223141 0.68059 -0.989131 -1.44502 -5.91583 -816.854 0 
2 822.253 0.30848 0.0223808 0.679828 -0.975791 -0.19329 -5.61795 -816.441 0 
3 822.079 0.307503 0.0224277 0.678863 -0.957837 -0.755514 -5.20337 -816.12 0 
4 823.525 0.313783 0.0223915 0.671542 -0.935626 -1.31785 -6.13249 -816.074 0 
5 823.063 0.312327 0.0222813 0.676004 -0.972497 -0.479748 -6.37247 -816.211 0 
1 823.998 0.304402 0.0222356 0.68265 -0.983062 -1.94556 -5.10688 -816.946 0 
3 824.227 0.306765 0.0223886 0.677746 -0.941358 -3.17899 -5.08745 -815.961 0 
2 824.417 0.304334 0.0223609 0.67935 -0.94902 -3.49204 -4.84934 -816.076 0 
1 823.364 0.304283 0.0223147 0.681476 -0.968723 -1.95364 -4.91549 -816.495 0 
2 822.201 0.302938 0.022463 0.683661 -0.967256 -0.878925 -4.78519 -816.537 0 
2 823.23 0.302407 0.0225301 0.683423 -0.954453 -2.23265 -4.75443 -816.243 0 
2 824.654 0.307552 0.022681 0.677151 -0.923014 -3.34253 -5.3188 -815.993 0 
2 825.68 0.313599 0.0226355 0.669757 -0.904305 -2.78338 -6.22058 -816.676 0 
1 823.112 0.310965 0.0225615 0.674456 -0.929278 -1.44291 -5.62794 -816.041 0 
1 824.077 0.309112 0.0224355 0.677448 -0.959774 -2.4784 -5.49211 -816.107 0 
2 825.938 0.306639 0.0223414 0.685966 -1.0241 -0.531377 -6.79348 -818.613 0 
2 826.272 0.311066 0.0223382 0.682122 -1.01772 -0.877113 -7.68304 -817.712 0 
3 826.208 0.320287 0.0225403 0.670013 -0.95128 -1.89579 -8.1571 -816.155 0 
5 827.758 0.311096 0.0225532 0.682635 -1.00373 -3.61697 -7.01245 -817.129 0 
4 827.868 0.319154 0.022673 0.67045 -0.940501 -4.07043 -7.56489 -816.233 0 
2 827.584 0.320943 0.0225658 0.668683 -0.943918 -3.08983 -8.22407 -816.27 0 
2 830.08 0.314949 0.0223834 0.680621 -1.02538 -3.09489 -9.36031 -817.625 0 
6 828.384 0.319378 0.0224285 0.674459 -0.994382 -2.58111 -9.44211 -816.361 0 
3 825.438 0.319337 0.022448 0.672038 -0.968813 -1.0097 -8.34258 -816.085 0 
4 825.84 0.318591 0.0224624 0.672509 -0.969794 -1.59978 -8.15263 -816.087 0 
2 824.837 0.312608 0.0224501 0.679473 -0.993806 -1.05882 -7.09444 -816.684 0 
2 824.112 0.310788 0.0224339 0.680822 -0.994838 -0.637257 -6.63209 -816.843 0 
1 824.212 0.30758 0.0225938 0.683135 -0.983322 -1.90934 -5.59386 -816.708 0 
1 826.052 0.302286 0.022527 0.690147 -1.01525 -1.74283 -5.56143 -818.748 0 
6 825.981 0.302768 0.0226761 0.688131 -0.988482 -3.68212 -4.98637 -817.313 0 
1 826.427 0.296091 0.0227904 0.689575 -0.951243 -4.96641 -4.95017 -816.511 0 
9 826.07 0.296155 0.0228098 0.690085 -0.957808 -4.535 -4.81633 -816.719 0 
1 824.418 0.299573 0.0227339 0.686184 -0.949652 -3.38869 -4.76211 -816.267 0 
1 824.692 0.298095 0.0225903 0.685039 -0.940748 -3.59154 -4.9575 -816.143 0 
2 825.21 0.304441 0.0227122 0.678237 -0.917073 -4.01087 -5.24369 -815.956 0 
3 824.678 0.302332 0.0225386 0.686783 -0.991643 -2.1289 -5.05142 -817.498 0 
2 824.952 0.2979 0.0225188 0.692336 -1.01021 -0.793184 -5.02664 -819.132 0 
1 822.861 0.303833 0.022582 0.684564 -0.971306 -1.37873 -4.88457 -816.598 0 
6 823.726 0.304469 0.0224342 0.685937 -1.00246 -0.388387 -5.57664 -817.761 0 
1 822.931 0.305166 0.0224007 0.684275 -0.993801 -0.17956 -5.45605 -817.295 0 
2 825.577 0.311507 0.0222613 0.680972 -1.01365 -0.495088 -7.59626 -817.486 0 
7 822.891 0.312976 0.0223687 0.676655 -0.976035 -0.0186001 -6.62209 -816.251 0 
2 822.562 0.309861 0.0225422 0.67787 -0.952776 -1.03355 -5.51065 -816.017 0 
3 823.485 0.303233 0.0224357 0.685809 -0.986256 -1.3124 -4.99868 -817.174 0 
1 822.91 0.307188 0.0223489 0.680726 -0.979771 -0.797644 -5.48486 -816.627 0 
1 822.996 0.3103 0.0224015 0.675168 -0.946214 -1.46939 -5.54767 -815.979 0 
2 823.026 0.316065 0.0224478 0.671593 -0.943925 -0.211689 -6.73692 -816.078 0 
5 822.966 0.313049 0.0224534 0.6749 -0.950929 -0.864858 -6.09739 -816.003 0 
1 824.225 0.314523 0.0223992 0.672306 -0.938986 -1.86286 -6.29363 -816.069 0 
1 822.974 0.304187 0.0223769 0.683895 -0.980392 -1.0826 -5.02329 -816.868 0 
1 822.763 0.309223 0.0224018 0.678421 -0.961604 -1.14241 -5.49032 -816.13 0 
5 824.663 0.313086 0.022365 0.67638 -0.967605 -2.16909 -6.37246 -816.121 0 
2 824.023 0.306814 0.0224139 0.681957 -0.974787 -2.23856 -5.27519 -816.509 0 
1 823.991 0.308513 0.0223485 0.678148 -0.956881 -2.58337 -5.32635 -816.082 0 
4 822.367 0.303747 0.0223852 0.683373 -0.975823 -0.690574 -4.93013 -816.746 0 
2 822.223 0.309723 0.0224151 0.677425 -0.960577 -0.529472 -5.59044 -816.103 0 
5 824.517 0.311026 0.0223196 0.678202 -0.98587 -1.4811 -6.47629 -816.56 0 
1 823.522 0.30972 0.0225927 0.678092 -0.95627 -1.92986 -5.54075 -816.052 0 
3 822.927 0.310102 0.0224844 0.677484 -0.960705 -1.15896 -5.67186 -816.096 0 
2 823.03 0.315225 0.0224583 0.673834 -0.957387 -0.251819 -6.747 -816.031 0 
3 822.598 0.309415 0.0223822 0.679887 -0.979032 -0.282248 -5.8435 -816.473 0 
12 824.21 0.312434 0.0224234 0.671667 -0.92242 -2.14068 -5.88367 -816.186 0 
5 823.584 0.308601 0.0223643 0.675811 -0.939789 -2.34483 -5.28258 -815.957 0 
1 823.074 0.30179 0.0224054 0.683297 -0.961624 -1.92048 -4.70423 -816.449 0 
2 822.844 0.306617 0.0223187 0.680827 -0.973742 -1.10076 -5.25103 -816.493 0 
1 823.753 0.306034 0.0223451 0.680689 -0.964559 -2.39575 -5.05779 -816.299 0 
1 823.7 0.309897 0.0224731 0.674349 -0.926909 -2.17134 -5.5001 -816.029 0 
3 823.709 0.316143 0.0224772 0.669452 -0.923607 -0.754466 -6.59007 -816.365 0 
5 822.094 0.308623 0.0224497 0.679699 -0.970592 -0.236714 -5.54296 -816.314 0 
1 824.672 0.314396 0.0225376 0.676244 -0.971106 -1.65491 -6.8778 -816.139 0 
1 824.601 0.313526 0.022651 0.671367 -0.914666 -2.09937 -6.10487 -816.397 0 
1 823.677 0.311275 0.0225253 0.673766 -0.926081 -1.90024 -5.69176 -816.085 0 
1 822.776 0.314517 0.0224654 0.67308 -0.944953 -0.381158 -6.36287 -816.032 0 
3 822.672 0.312809 0.0223727 0.675448 -0.964983 -0.257116 -6.31919 -816.096 0 
2 822.456 0.310173 0.0225243 0.675562 -0.938088 -0.987018 -5.49553 -815.973 0 
2 822.053 0.308295 0.0224094 0.678889 -0.96193 -0.538692 -5.35283 -816.162 0 
2 822.749 0.30213 0.0224664 0.683569 -0.959797 -1.64303 -4.72441 -816.382 0 
8 822.802 0.299931 0.0224569 0.686574 -0.975539 -1.07729 -4.66952 -817.055 0 
6 823.035 0.301727 0.0226195 0.683462 -0.947765 -2.13151 -4.76609 -816.137 0 
1 823.283 0.310375 0.0225789 0.674256 -0.9254 -1.66368 -5.55899 -816.06 0 
1 822.878 0.305467 0.0224628 0.684515 -0.991281 -0.293846 -5.42078 -817.164 0 
2 822.34 0.302568 0.0225075 0.685029 -0.975655 -0.685342 -4.82213 -816.832 0 
7 822.639 0.302043 0.0226021 0.684629 -0.960731 -1.50999 -4.71804 -816.411 0 
9 823.098 0.30698 0.0225997 0.680787 -0.96181 -1.72247 -5.17146 -816.204 0 
3 822.435 0.304787 0.022572 0.683319 -0.968973 -0.99895 -4.96407 -816.472 0 
4 823.004 0.303957 0.0224916 0.683644 -0.976136 -1.29334 -4.97012 -816.741 0 
2 823.116 0.309325 0.022513 0.678681 -0.964694 -1.35093 -5.5894 -816.175 0 
2 823.777 0.310983 0.022633 0.677813 -0.95634 -1.97871 -5.76222 -816.036 0 
1 823.397 0.310923 0.0225136 0.679046 -0.975854 -0.945439 -6.12565 -816.326 0 
4 824.452 0.307834 0.0225889 0.682171 -0.972801 -2.64005 -5.40969 -816.402 0 
5 822.925 0.306711 0.0224947 0.683147 -0.983321 -0.719074 -5.43505 -816.771 0 
1 823.617 0.308367 0.0223833 0.680121 -0.971052 -1.81242 -5.46949 -816.335 0 
1 822.207 0.310982 0.0223814 0.676868 -0.963171 -0.239333 -5.85846 -816.109 0 
2 823.885 0.31158 0.0222477 0.678346 -0.992013 -0.414264 -6.77176 -816.699 0 
1 823.458 0.315285 0.0223543 0.671986 -0.951494 -0.752639 -6.67764 -816.028 0 
1 824.095 0.318945 0.0223098 0.66989 -0.953391 -0.26774 -7.72962 -816.098 0 
3 825.009 0.316595 0.0222518 0.671125 -0.951385 -1.9891 -6.96906 -816.051 0 
3 824.776 0.316716 0.0222735 0.670585 -0.946188 -1.77988 -6.91547 -816.081 0 
2 824.833 0.318295 0.0223091 0.669326 -0.941993 -1.37177 -7.28538 -816.175 0 
1 824.603 0.317573 0.0222724 0.668542 -0.938066 -1.34861 -7.05998 -816.194 0 
3 824.182 0.318888 0.0223067 0.670807 -0.961991 -0.166438 -7.94457 -816.071 0 
4 828.638 0.317806 0.0223857 0.665666 -0.901037 -4.41443 -7.06139 -817.162 0 
1 828.289 0.313307 0.0224231 0.671949 -0.923302 -6.03345 -6.04155 -816.214 0 
1 827.901 0.31182 0.0224161 0.674299 -0.934762 -6.11778 -5.76071 -816.022 0 
5 827.125 0.299538 0.0223401 0.686928 -0.975363 -5.37733 -4.66287 -817.085 0 
14 824.879 0.293476 0.0224759 0.69284 -0.985023 -1.80179 -4.81173 -818.266 0 
11 823.688 0.296913 0.0224546 0.690881 -0.993256 -0.703378 -4.73094 -818.254 0 
2 823.309 0.300803 0.0224532 0.684893 -0.962866 -2.08315 -4.67893 -816.547 0 
2 824.092 0.300046 0.0223258 0.688772 -1.00171 -0.818554 -4.98143 -818.292 0 
1 823.829 0.30199 0.0223002 0.684945 -0.981772 -1.88583 -4.83164 -817.111 0 
1 822.705 0.302552 0.0223784 0.683883 -0.973688 -1.13684 -4.80244 -816.766 0 
1 822.277 0.306784 0.0225139 0.678913 -0.948752 -1.18709 -5.07 -816.02 0 
5 822.72 0.308252 0.0225638 0.677303 -0.941155 -1.52742 -5.23408 -815.958 0 
2 823.876 0.312983 0.0225284 0.672894 -0.93551 -1.85208 -5.97396 -816.05 0 
2 822.682 0.302209 0.0224116 0.684577 -0.976606 -0.98098 -4.80557 -816.895 0 
5 822.32 0.302965 0.0225656 0.683459 -0.959637 -1.22242 -4.76341 -816.334 0 
5 822.821 0.306994 0.0226061 0.67904 -0.941716 -1.756 -5.10316 -815.962 0 
5 823.548 0.311885 0.0226101 0.674198 -0.928984 -1.70264 -5.77034 -816.075 0 
1 822.357 0.308391 0.0224467 0.677812 -0.954214 -1.00115 -5.30397 -816.052 0 
1 823.109 0.307281 0.0223531 0.679782 -0.972296 -1.32683 -5.36422 -816.418 0 
2 823.206 0.305488 0.0223616 0.682932 -0.988124 -0.777653 -5.38875 -817.039 0 
3 822.761 0.307895 0.0223643 0.681747 -0.990066 -0.0150369 -5.83959 -816.907 0 
3 822.781 0.309962 0.022437 0.678914 -0.968526 -0.832536 -5.72798 -816.22 0 
2 824.063 0.312535 0.0224822 0.677359 -0.966401 -1.71941 -6.2261 -816.118 0 
2 823.912 0.307587 0.0225281 0.682096 -0.974336 -2.06617 -5.39292 -816.453 0 
1 822.937 0.302268 0.0224374 0.686999 -0.993348 -0.320757 -5.0331 -817.584 0 
8 822.545 0.3098 0.0224588 0.679279 -0.974417 -0.351403 -5.84963 -816.344 0 
7 824.946 0.314567 0.0226483 0.673545 -0.941326 -2.5425 -6.35047 -816.053 0 
2 824.749 0.309519 0.0226962 0.674824 -0.919701 -3.15303 -5.49937 -816.096 0 
1 825.592 0.3095 0.0225455 0.674845 -0.93332 -4.22101 -5.39488 -815.976 0 
1 824.626 0.304454 0.0225715 0.678459 -0.9299 -3.71089 -4.99592 -815.919 0 
2 822.586 0.301872 0.0224752 0.683581 -0.959329 -1.4909 -4.7106 -816.384 0 
1 823.275 0.303379 0.0222979 0.683591 -0.98153 -1.33008 -4.96822 -816.977 0 
3 824.266 0.29987 0.022296 0.687173 -0.99186 -1.64704 -4.8256 -817.793 0 
1 826.728 0.299893 0.0221615 0.68907 -1.01756 -2.08445 -5.36539 -819.278 0 
2 824.018 0.310589 0.0222712 0.675047 -0.955536 -2.29512 -5.69006 -816.033 0 
1 825.693 0.309694 0.0223066 0.680272 -0.998311 -2.06136 -6.58069 -817.051 0 
3 826.192 0.313264 0.022309 0.679408 -1.0104 -0.956561 -8.04986 -817.186 0 
1 824.137 0.312871 0.0223789 0.678698 -0.992662 -0.382869 -7.11945 -816.635 0 
3 823.238 0.312251 0.0223363 0.676342 -0.966507 -0.938982 -6.17448 -816.125 0 
3 824.787 0.310186 0.0222801 0.679732 -0.986226 -2.00688 -6.15881 -816.621 0 
3 824.867 0.307221 0.0222842 0.683511 -1.00226 -1.41966 -6.00277 -817.444 0 
1 823.33 0.303552 0.0223111 0.684527 -0.987526 -1.06665 -5.06897 -817.195 0 
1 823.382 0.304978 0.022371 0.685377 -1.00173 -0.109864 -5.60509 -817.667 0 
1 822.761 0.304291 0.0224604 0.681315 -0.959197 -1.64448 -4.85608 -816.261 0 
2 822.708 0.305341 0.0224529 0.680853 -0.962541 -1.4434 -4.97833 -816.286 0 
10 822.303 0.30497 0.0224196 0.681351 -0.961855 -1.08592 -4.92847 -816.288 0 
3 824.736 0.313433 0.0225322 0.670626 -0.911994 -2.15285 -6.12858 -816.454 0 
3 824.451 0.309817 0.0225471 0.673576 -0.915578 -2.66642 -5.61291 -816.172 0 
10 822.782 0.307652 0.0225417 0.677145 -0.937306 -1.66122 -5.17371 -815.947 0 
1 822.476 0.310366 0.0224834 0.675116 -0.93833 -0.975807 -5.5245 -815.976 0 
1 822.211 0.309914 0.0225221 0.677113 -0.949131 -0.723932 -5.4952 -815.992 0 
4 822.2 0.304106 0.022476 0.681781 -0.957431 -1.12976 -4.838 -816.232 0 
13 822.588 0.302926 0.0225474 0.682172 -0.950334 -1.6717 -4.77528 -816.141 0 
4 824.161 0.298711 0.0224872 0.685855 -0.962199 -2.84136 -4.64681 -816.673 0 
4 823.02 0.301197 0.022532 0.684809 -0.965396 -1.74252 -4.68031 -816.597 0 
1 822.93 0.301301 0.0224051 0.6856 -0.980387 -1.03083 -4.77844 -817.121 0 
2 822.814 0.301079 0.022392 0.686068 -0.981225 -0.872615 -4.76493 -817.176 0 
10 822.862 0.300144 0.022459 0.685998 -0.969445 -1.39449 -4.65818 -816.809 0 
3 822.862 0.302051 0.022428 0.685455 -0.977353 -1.13652 -4.78906 -816.936 0 
5 822.7 0.305727 0.0224543 0.682834 -0.981789 -0.618804 -5.28613 -816.795 0 
1 824.216 0.307127 0.0222616 0.683523 -1.00678 -0.382403 -6.17697 -817.657 0 
1 823.895 0.304688 0.0222846 0.685358 -1.00627 -0.276716 -5.69633 -817.922 0 
1 823.327 0.303543 0.0223183 0.684253 -0.989167 -0.934888 -5.12857 -817.263 0 
1 822.907 0.303257 0.022351 0.684894 -0.989807 -0.488701 -5.09853 -817.319 0 
6 822.37 0.304805 0.0225213 0.680667 -0.948671 -1.41652 -4.89502 -816.059 0 
2 823.392 0.299666 0.0223992 0.68864 -0.993019 -0.701253 -4.81326 -817.877 0 
2 825.217 0.30902 0.0223481 0.681065 -0.984702 -2.71087 -5.85356 -816.652 0 
1 822.999 0.306847 0.0224595 0.683151 -0.986258 -0.621157 -5.51858 -816.859 0 
1 824.103 0.304765 0.0224837 0.68493 -0.984055 -2.01248 -5.13895 -816.951 0 
9 822.114 0.306024 0.0224548 0.682332 -0.977005 -0.261429 -5.23022 -816.622 0 
1 824.651 0.315917 0.0226182 0.669739 -0.916494 -1.59402 -6.54407 -816.513 0 
1 825.303 0.312478 0.0227279 0.672777 -0.915691 -3.06054 -5.93147 -816.311 0 
1 823.278 0.302417 0.0225952 0.682661 -0.945013 -2.39573 -4.81318 -816.069 0 
1 823.847 0.301623 0.0227046 0.683377 -0.941683 -2.97965 -4.82505 -816.042 0 
1 825.62 0.30435 0.0227329 0.683523 -0.952801 -4.61821 -4.86607 -816.135 0 
5 823.899 0.306026 0.0226187 0.682531 -0.962756 -2.59542 -5.04272 -816.261 0 
2 823.935 0.30758 0.0226473 0.681954 -0.969387 -2.26221 -5.33802 -816.335 0 
3 823.119 0.304263 0.0226157 0.684409 -0.971115 -1.62894 -4.92608 -816.564 0 
5 823.119 0.305086 0.0226685 0.681035 -0.945415 -2.18403 -4.92221 -816.013 0 
5 824.38 0.306776 0.0227408 0.678856 -0.933378 -3.32358 -5.1184 -815.938 0 
6 823.214 0.301973 0.022667 0.684915 -0.958942 -2.12895 -4.71611 -816.369 0 
4 822.653 0.30644 0.0225838 0.681892 -0.964885 -1.24743 -5.11727 -816.288 0 
4 822.593 0.303768 0.0225161 0.685262 -0.98316 -0.560291 -5.02856 -817.004 0 
3 822.675 0.301348 0.0224932 0.687204 -0.986603 -0.44975 -4.84714 -817.378 0 
2 823.755 0.30519 0.0225054 0.685514 -0.997236 -0.777142 -5.53821 -817.44 0 
1 823.692 0.303133 0.0224679 0.687464 -1.00327 -0.350825 -5.37596 -817.965 0 
1 823.424 0.301833 0.0225503 0.687284 -0.989038 -1.05336 -4.93584 -817.435 0 
3 822.729 0.30587 0.0225971 0.682159 -0.962436 -1.4417 -5.02657 -816.261 0 
8 822.777 0.311714 0.0225377 0.676681 -0.954439 -0.890664 -5.86983 -816.016 0 
9 822.558 0.307925 0.0224916 0.681357 -0.978269 -0.456035 -5.56393 -816.538 0 
1 823.803 0.30969 0.0226871 0.676492 -0.932513 -2.38143 -5.43745 -815.984 0 
4 823.646 0.314225 0.0225716 0.673567 -0.94398 -1.31603 -6.30028 -816.03 0 
1 823.678 0.314839 0.0225274 0.672947 -0.945926 -1.16874 -6.47446 -816.035 0 
1 823.718 0.315822 0.0225262 0.670668 -0.930989 -0.952817 -6.55096 -816.214 0 
2 822.426 0.311836 0.0223827 0.675636 -0.959655 -0.377479 -5.99333 -816.056 0 
5 823.479 0.30844 0.0223211 0.679401 -0.978768 -1.25817 -5.70013 -816.521 0 
2 822.766 0.306013 0.0223192 0.682101 -0.981921 -0.684946 -5.30354 -816.777 0 
1 825.064 0.307766 0.0225498 0.674836 -0.914006 -3.4889 -5.4718 -816.103 0 
1 824.294 0.300116 0.0226339 0.683868 -0.944556 -3.38278 -4.77408 -816.137 0 
4 824.841 0.305052 0.0225521 0.680444 -0.953952 -3.80338 -4.9056 -816.132 0 
5 823.324 0.303021 0.0224359 0.685283 -0.988399 -0.980793 -5.05986 -817.283 0 
3 822.575 0.305594 0.0225381 0.679626 -0.946603 -1.60484 -4.95332 -816.017 0 
2 823.161 0.30506 0.0225988 0.68319 -0.970662 -1.63762 -5.02156 -816.501 0 
1 822.92 0.309128 0.0225709 0.677281 -0.946497 -1.57523 -5.36431 -815.98 0 
1 823.369 0.305181 0.0223803 0.684836 -1.00051 -0.143101 -5.63816 -817.587 0 
5 823.001 0.300138 0.022457 0.688499 -0.993044 -0.328692 -4.85222 -817.82 0 
1 822.695 0.302995 0.0224815 0.685718 -0.982754 -0.706058 -4.93176 -817.057 0 
1 822.929 0.304529 0.0225467 0.680573 -0.94325 -2.02192 -4.90758 -815.999 0 
4 822.915 0.300304 0.0224644 0.68822 -0.989925 -0.453863 -4.81385 -817.647 0 
4 822.727 0.3044 0.0223481 0.684119 -0.988061 -0.398331 -5.19307 -817.136 0 
2 823.158 0.307388 0.0223663 0.682337 -0.988147 -0.621904 -5.6549 -816.881 0 
3 823.452 0.30278 0.0224396 0.686364 -0.988306 -1.16397 -4.98465 -817.304 0 
4 823.384 0.302235 0.0224363 0.687719 -0.999396 -0.354509 -5.14867 -817.881 0 
3 822.696 0.301637 0.0225984 0.685438 -0.9652 -1.43137 -4.70322 -816.561 0 
1 823.246 0.307446 0.0226251 0.680525 -0.960107 -1.8707 -5.21739 -816.158 0 
1 822.989 0.314402 0.022524 0.672811 -0.940051 -0.638859 -6.29333 -816.057 0 
1 822.55 0.313277 0.0224958 0.674318 -0.947821 -0.421535 -6.12514 -816.004 0 
7 822.388 0.309933 0.0223736 0.679109 -0.977632 -0.0423838 -5.93456 -816.411 0 
7 823.113 0.313602 0.0223313 0.675373 -0.967704 -0.463412 -6.53671 -816.113 0 
1 822.446 0.310888 0.0223681 0.675507 -0.952386 -0.741977 -5.69708 -816.007 0 
1 823.401 0.309378 0.0225754 0.675733 -0.928974 -1.97841 -5.42497 -815.998 0 
1 828.432 0.310711 0.0224268 0.679287 -0.970228 -6.34659 -5.8606 -816.225 0 
2 830.629 0.312073 0.0225514 0.675934 -0.939247 -8.8185 -5.80659 -816.004 0 
2 829.055 0.306963 0.0223097 0.684025 -0.997611 -6.02997 -5.75031 -817.275 0 
2 827.446 0.29966 0.0224383 0.688051 -0.977882 -5.59678 -4.67359 -817.176 0 
5 825.909 0.297524 0.0225142 0.690788 -0.985066 -3.49763 -4.67324 -817.739 0 
2 824.229 0.30255 0.0223859 0.685937 -0.985208 -2.12189 -4.91019 -817.197 0 
2 825.852 0.30198 0.0222814 0.683551 -0.967959 -4.50085 -4.7289 -816.622 0 
1 824.021 0.305408 0.0223727 0.680697 -0.958495 -2.865 -4.95517 -816.201 0 
1 823.619 0.305314 0.0223015 0.682689 -0.981698 -1.61044 -5.18484 -816.823 0 
2 822.586 0.312564 0.0223692 0.674429 -0.951438 -0.57228 -6.01124 -816.002 0 
3 823.301 0.314647 0.0224715 0.67097 -0.927591 -0.815838 -6.27517 -816.21 0 
1 824.437 0.315234 0.0225781 0.672807 -0.944088 -1.83679 -6.54708 -816.053 0 
2 822.925 0.312813 0.0224496 0.676356 -0.968043 -0.403935 -6.38798 -816.133 0 
1 822.993 0.311108 0.0223501 0.67882 -0.982803 -0.197662 -6.31895 -816.476 0 
1 822.79 0.30786 0.0223729 0.678424 -0.961814 -1.31535 -5.30127 -816.174 0 
1 823.481 0.314043 0.0223823 0.675126 -0.970545 -0.557893 -6.78383 -816.139 0 
2 823.256 0.315494 0.0224814 0.67157 -0.939691 -0.612416 -6.54927 -816.094 0 
2 824.589 0.31812 0.0225405 0.668211 -0.92182 -0.994807 -7.06026 -816.534 0 
2 823.667 0.31475 0.0224027 0.675642 -0.976631 -0.32181 -7.13865 -816.207 0 
1 823.965 0.308325 0.0223757 0.680017 -0.981181 -1.6254 -5.74538 -816.595 0 
1 824.306 0.305832 0.0224592 0.682105 -0.979004 -2.33664 -5.27286 -816.697 0 
9 824.656 0.310208 0.0226523 0.677296 -0.949272 -3.10667 -5.55762 -815.992 0 
4 825.215 0.308796 0.0227291 0.676054 -0.924641 -3.83115 -5.36853 -816.015 0 
2 826.318 0.303369 0.0226408 0.687157 -0.994325 -3.58554 -5.22642 -817.506 0 
1 826.255 0.300105 0.0227975 0.684513 -0.933179 -5.25517 -5.0311 -815.969 0 
5 827.733 0.301165 0.0229006 0.682714 -0.921935 -6.63977 -5.2004 -815.892 0 
2 825.499 0.296213 0.0226661 0.689894 -0.970376 -3.61975 -4.67848 -817.201 0 
12 824.655 0.303081 0.0227259 0.680821 -0.926851 -3.67998 -5.06705 -815.908 0 
2 825.286 0.307931 0.0227424 0.676378 -0.916276 -3.76656 -5.44105 -816.078 0 
1 822.715 0.302632 0.0225412 0.68438 -0.964129 -1.49327 -4.75422 -816.468 0 
2 822.474 0.303761 0.022539 0.683038 -0.960156 -1.34836 -4.81928 -816.307 0 
5 822.983 0.309183 0.0225354 0.678414 -0.952266 -1.56746 -5.39561 -816.02 0 
4 824.669 0.305526 0.0224356 0.681438 -0.959728 -3.47778 -4.97128 -816.22 0 
1 826.111 0.309017 0.0223812 0.680183 -0.972698 -4.17726 -5.59188 -816.342 0 
2 825.33 0.302746 0.0223393 0.686681 -0.995569 -2.59954 -5.0971 -817.633 0 
3 825.069 0.303057 0.0222614 0.684335 -0.983412 -3.05331 -4.93858 -817.077 0 
6 825.119 0.301277 0.0222325 0.686521 -0.995264 -2.36263 -4.96477 -817.792 0 
1 825.199 0.309347 0.0221893 0.678072 -0.973245 -3.16523 -5.69443 -816.339 0 
3 824.809 0.309529 0.0221779 0.679229 -0.9929 -1.62606 -6.30843 -816.875 0 
6 823.86 0.309332 0.0222182 0.679958 -0.992629 -0.761765 -6.21731 -816.881 0 
5 823.863 0.307434 0.022293 0.677919 -0.954798 -2.61641 -5.1682 -816.079 0 
1 823.567 0.305739 0.0223358 0.682059 -0.975687 -1.82 -5.14484 -816.602 0 
6 823.387 0.313532 0.0224017 0.674482 -0.952792 -1.15148 -6.2252 -816.01 0 
3 823.554 0.317666 0.0223998 0.670096 -0.941354 -0.283449 -7.11338 -816.157 0 
4 823.68 0.317536 0.0224467 0.670579 -0.941171 -0.455538 -7.0704 -816.154 0 
2 825.589 0.31823 0.0224303 0.670642 -0.94323 -2.1604 -7.2701 -816.159 0 
1 824.486 0.315567 0.0223293 0.673845 -0.96373 -1.48809 -6.93973 -816.058 0 
1 824.342 0.312011 0.022283 0.678931 -0.993024 -0.787785 -6.85396 -816.7 0 
2 825.151 0.31009 0.0221907 0.680585 -1.00759 -0.802707 -6.97208 -817.376 0 
2 823.366 0.313586 0.022468 0.671642 -0.930124 -1.16987 -6.06964 -816.127 0 
8 822.295 0.309196 0.0224412 0.677341 -0.955206 -0.808405 -5.43737 -816.049 0 
2 823.914 0.307892 0.0224303 0.675507 -0.932492 -2.74339 -5.21875 -815.952 0 
2 822.972 0.304742 0.0224625 0.679515 -0.944763 -2.06461 -4.89557 -816.012 0 
2 822.451 0.301883 0.0224332 0.68585 -0.982207 -0.477303 -4.83447 -817.139 0 
6 822.547 0.301327 0.0224897 0.684359 -0.962134 -1.36768 -4.6874 -816.492 0 
1 822.689 0.300669 0.0224684 0.687355 -0.98432 -0.57046 -4.76962 -817.349 0 
6 822.304 0.303351 0.0225186 0.684705 -0.974882 -0.682212 -4.87657 -816.745 0 
2 823.676 0.297392 0.0224698 0.690959 -0.994067 -0.703278 -4.74032 -818.233 0 
1 823.415 0.302055 0.0226452 0.683741 -0.948771 -2.49731 -4.77378 -816.144 0 
1 823.08 0.301855 0.0226294 0.683672 -0.952055 -2.13695 -4.72747 -816.216 0 
2 823.995 0.306172 0.0225438 0.676875 -0.926959 -2.9259 -5.12883 -815.94 0 
3 823.889 0.302015 0.0226258 0.681828 -0.938774 -3.05334 -4.84034 -815.995 0 
2 824.611 0.303904 0.0226511 0.680282 -0.937425 -3.76918 -4.8873 -815.955 0 
2 824.57 0.311099 0.0226699 0.673635 -0.920458 -2.73133 -5.68477 -816.154 0 
3 824.957 0.312074 0.0226776 0.675544 -0.942706 -3.12315 -5.84079 -815.993 0 
1 824.818 0.316638 0.0225688 0.673375 -0.955876 -1.66144 -7.11369 -816.043 0 
1 824.438 0.312981 0.0226532 0.675191 -0.940643 -2.43315 -5.98811 -816.017 0 
1 823.542 0.31356 0.0225216 0.675141 -0.951394 -1.31989 -6.2139 -816.008 0 
1 823.97 0.297691 0.0224413 0.691536 -1.00439 -0.280935 -4.89195 -818.797 0 
2 823.825 0.303125 0.0227033 0.682161 -0.939385 -2.96241 -4.8809 -815.982 0 
4 823.678 0.29921 0.0226508 0.688167 -0.968955 -2.16265 -4.64679 -816.868 0 
1 823.458 0.304982 0.022458 0.685092 -0.990625 -0.96752 -5.30727 -817.183 0 
4 823.307 0.303892 0.022429 0.680435 -0.946749 -2.40488 -4.8467 -816.055 0 
2 823.32 0.30593 0.0224425 0.677983 -0.937965 -2.3489 -5.02532 -815.946 0 
3 822.7 0.304359 0.022426 0.682371 -0.971212 -1.18693 -4.95232 -816.561 0 
3 823.548 0.307233 0.0223167 0.677538 -0.95155 -2.37543 -5.12985 -816.043 0 
4 824.153 0.306295 0.022261 0.67894 -0.962873 -2.81027 -5.09093 -816.252 0 
1 824.626 0.31458 0.0223204 0.670263 -0.934489 -2.21376 -6.2975 -816.114 0 
4 822.557 0.313093 0.0223552 0.674384 -0.956912 -0.312841 -6.21868 -816.026 0 
2 823.79 0.315897 0.0224055 0.669468 -0.926321 -0.951705 -6.54103 -816.297 0 
6 823.795 0.313028 0.0223568 0.671608 -0.931804 -1.74276 -5.96568 -816.086 0 
6 823.499 0.309307 0.0222871 0.680856 -0.994541 -0.298488 -6.25248 -816.949 0 
2 822.937 0.300117 0.0224124 0.687019 -0.981586 -0.934981 -4.71464 -817.287 0 
5 822.644 0.308777 0.022559 0.677128 -0.943049 -1.3748 -5.30317 -815.966 0 
4 823.03 0.307275 0.0225029 0.677225 -0.939099 -1.9534 -5.1261 -815.95 0 
4 822.101 0.307054 0.022428 0.68047 -0.969774 -0.455886 -5.27617 -816.369 0 
1 822.419 0.304703 0.0223727 0.682245 -0.973789 -0.790605 -5.01392 -816.614 0 
9 823.153 0.303219 0.0224013 0.68182 -0.960088 -2.04344 -4.77747 -816.332 0 
5 822.916 0.306347 0.0225055 0.677805 -0.935802 -1.90902 -5.06862 -815.938 0 
2 823.356 0.298997 0.022475 0.689814 -0.996321 -0.384354 -4.83296 -818.138 0 
1 824.214 0.305473 0.0224682 0.685325 -1.00184 -0.859878 -5.73794 -817.616 0 
2 824.481 0.308289 0.0225614 0.677848 -0.950083 -3.20212 -5.26695 -816.012 0 
3 822.982 0.311404 0.0225767 0.674855 -0.937571 -1.29462 -5.6905 -815.997 0 
3 823.521 0.313529 0.0225334 0.671605 -0.922357 -1.21353 -6.06585 -816.242 0 
2 824.728 0.31423 0.0225294 0.671131 -0.928251 -2.35166 -6.19596 -816.181 0 
3 822.852 0.311125 0.0223911 0.674176 -0.941275 -1.21391 -5.65636 -815.982 0 
3 823.247 0.313182 0.0223933 0.672314 -0.934845 -1.1828 -6.00193 -816.062 0 
1 825.786 0.314223 0.0224858 0.668272 -0.902526 -2.64954 -6.35411 -816.782 0 
3 827.011 0.315021 0.0223741 0.66811 -0.908433 -3.90923 -6.4361 -816.665 0 
2 824.799 0.316921 0.0222617 0.669152 -0.941816 -1.72838 -6.94689 -816.124 0 
9 824.216 0.316627 0.0222615 0.671343 -0.959991 -0.937101 -7.2334 -816.046 0 
4 823.968 0.318262 0.0222869 0.669713 -0.950617 -0.402483 -7.46984 -816.096 0 
9 825.838 0.318177 0.0221663 0.669575 -0.954421 -2.25824 -7.50591 -816.074 0 
2 826.004 0.313436 0.022152 0.676349 -0.986161 -2.56885 -6.99721 -816.438 0 
2 827.777 0.312571 0.0220897 0.672269 -0.953908 -5.70074 -6.06501 -816.011 0 
8 827.865 0.310603 0.0220897 0.674059 -0.957966 -6.08761 -5.7214 -816.056 0 
1 826.627 0.315991 0.0221443 0.670361 -0.956407 -3.61141 -6.98055 -816.035 0 
4 829.256 0.318024 0.0220411 0.674099 -1.01124 -2.58431 -9.83281 -816.839 0 
5 828.749 0.316435 0.022123 0.67541 -1.00993 -2.6329 -9.20493 -816.911 0 
1 826.111 0.313614 0.02225 0.675119 -0.980515 -2.78531 -7.01461 -816.311 0 
5 824.425 0.319042 0.022269 0.668676 -0.948306 -0.616461 -7.67027 -816.138 0 
2 824.877 0.320606 0.0223101 0.669434 -0.962499 -0.187895 -8.58927 -816.099 0 
1 823.934 0.317477 0.0223886 0.671939 -0.956166 -0.550694 -7.32828 -816.055 0 
2 823.987 0.319163 0.0224435 0.669636 -0.944177 -0.198722 -7.60267 -816.186 0 
1 823.627 0.315724 0.0224905 0.671486 -0.934847 -0.931423 -6.53972 -816.156 0 
4 824.115 0.319026 0.0223262 0.668505 -0.94306 -0.361911 -7.55965 -816.193 0 
2 825.813 0.31918 0.0225641 0.66733 -0.91352 -1.65747 -7.3043 -816.852 0 
1 824.462 0.319523 0.0224684 0.667228 -0.923194 -0.429428 -7.43242 -816.6 0 
1 824.243 0.315278 0.0225542 0.669537 -0.914707 -1.30756 -6.42242 -816.513 0 
5 822.976 0.31079 0.0225596 0.674464 -0.931327 -1.36712 -5.59018 -816.019 0 
1 824.771 0.310661 0.0225098 0.67353 -0.929828 -3.17706 -5.56728 -816.027 0 
9 825.294 0.314078 0.0226161 0.669929 -0.910046 -2.51592 -6.22847 -816.549 0 
1 825.923 0.311973 0.022603 0.672105 -0.909673 -3.54401 -5.96516 -816.414 0 
3 823.843 0.310425 0.0224869 0.67303 -0.921084 -2.12915 -5.59845 -816.115 0 
3 824.436 0.310462 0.0224755 0.672548 -0.919619 -2.68975 -5.6082 -816.138 0 
1 825.374 0.302317 0.0224803 0.68124 -0.948157 -4.50908 -4.74166 -816.124 0 
1 822.813 0.303378 0.0224126 0.682401 -0.965487 -1.54137 -4.81106 -816.46 0 
5 825.066 0.29872 0.0224577 0.689797 -1.00029 -1.75981 -4.90775 -818.399 0 
1 824.328 0.299015 0.0225531 0.688005 -0.979556 -2.34814 -4.66736 -817.312 0 
3 822.487 0.304505 0.0225804 0.681295 -0.950842 -1.52529 -4.86351 -816.099 0 
5 821.952 0.30576 0.0224711 0.681434 -0.964604 -0.606003 -5.03309 -816.313 0 
14 822.196 0.307587 0.0223614 0.679849 -0.970489 -0.474795 -5.36178 -816.36 0 
9 822.715 0.307056 0.0223141 0.679599 -0.968237 -1.13222 -5.24913 -816.334 0 
1 822.4 0.309435 0.0224126 0.679656 -0.97527 -0.252603 -5.76702 -816.38 0 
4 822.652 0.306234 0.0223952 0.678915 -0.951759 -1.56771 -5.01767 -816.066 0 
7 822.965 0.307532 0.0223052 0.678597 -0.962496 -1.52013 -5.24819 -816.197 0 
9 824.42 0.308495 0.022201 0.681427 -1.0014 -0.834621 -6.30544 -817.28 0 
1 825.006 0.313322 0.0222762 0.672691 -0.943682 -2.91731 -6.0766 -816.012 0 
1 823.446 0.315059 0.0223993 0.670639 -0.931427 -0.898843 -6.37434 -816.173 0 
2 823.823 0.31738 0.0225251 0.669857 -0.931035 -0.604412 -6.92503 -816.293 0 
1 829.241 0.322423 0.0225838 0.660912 -0.881617 -2.23265 -8.35881 -818.65 0 
1 830.25 0.323299 0.0226684 0.66049 -0.876442 -2.4861 -8.67476 -819.089 0 
1 827.072 0.324893 0.0225146 0.66244 -0.909871 -0.524115 -8.99732 -817.551 0 
1 827.314 0.325965 0.022425 0.662301 -0.92327 -0.590353 -9.57552 -817.148 0 
6 828.815 0.326016 0.0223285 0.667405 -0.974096 -1.40468 -11.2261 -816.185 0 
2 829.157 0.328057 0.0224248 0.661812 -0.932416 -1.47333 -10.6423 -817.042 0 
1 827.151 0.322076 0.0225084 0.669342 -0.951964 -2.21011 -8.7232 -816.217 0 
3 825.085 0.320227 0.0224725 0.666835 -0.92177 -0.780353 -7.61308 -816.692 0 
1 823.34 0.314327 0.0225538 0.673912 -0.945035 -0.994855 -6.31797 -816.027 0 
1 822.288 0.309509 0.0225335 0.677398 -0.950628 -0.839072 -5.44528 -816.004 0 
4 822.486 0.310082 0.0225258 0.678344 -0.962758 -0.677975 -5.68316 -816.124 0 
2 823.089 0.3064 0.0226306 0.681769 -0.963028 -1.73702 -5.10143 -816.251 0 
4 825.302 0.297411 0.0226452 0.690367 -0.983328 -2.97072 -4.66551 -817.666 0 
1 824.516 0.298151 0.0226011 0.68534 -0.942495 -3.41515 -4.92588 -816.175 0 
4 822.902 0.304399 0.0225989 0.681271 -0.950006 -1.95848 -4.85441 -816.089 0 
6 825.17 0.296972 0.0226161 0.685884 -0.941994 -3.96598 -4.98719 -816.217 0 
2 826.515 0.294722 0.0225466 0.687749 -0.94948 -4.92286 -5.04277 -816.55 0 
1 826.08 0.295521 0.0224817 0.687033 -0.950558 -4.59117 -4.96038 -816.528 0 
1 823.743 0.299117 0.0224019 0.687615 -0.985038 -1.48065 -4.71151 -817.551 0 
6 822.78 0.306059 0.0223424 0.679926 -0.964188 -1.41798 -5.07208 -816.29 0 
1 824.34 0.309884 0.0225562 0.673265 -0.917406 -2.63069 -5.56423 -816.145 0 
1 825.621 0.311598 0.0225312 0.672438 -0.925413 -3.79574 -5.71974 -816.106 0 
2 825.54 0.309678 0.0225118 0.672126 -0.907222 -3.49336 -5.72005 -816.327 0 
1 824.742 0.304276 0.0223743 0.678573 -0.938565 -3.86686 -4.91493 -815.96 0 
6 826.348 0.302329 0.0224199 0.679081 -0.92764 -5.39698 -5.04241 -815.909 0 
1 825.422 0.307855 0.0225038 0.673825 -0.911598 -3.78073 -5.49651 -816.144 0 
2 826.268 0.31268 0.0225269 0.669119 -0.89819 -3.25892 -6.21476 -816.794 0 
4 826.484 0.309554 0.0225064 0.673649 -0.914008 -4.66113 -5.63752 -816.185 0 
1 826.032 0.30491 0.0224733 0.678577 -0.930129 -5.02391 -5.08647 -815.922 0 
2 824.454 0.302786 0.0223583 0.682193 -0.957237 -3.40517 -4.76193 -816.287 0 
1 822.96 0.304461 0.0223521 0.681805 -0.966522 -1.62638 -4.90774 -816.426 0 
2 825.206 0.301099 0.0223059 0.685815 -0.9804 -3.31643 -4.74932 -817.141 0 
1 823.947 0.297408 0.0223802 0.689984 -0.992673 -1.06396 -4.7299 -818.153 0 
10 823.563 0.29773 0.022493 0.690558 -0.993916 -0.631267 -4.75369 -818.178 0 
4 823.562 0.298024 0.022449 0.690505 -0.996098 -0.521878 -4.78085 -818.259 0 
4 822.857 0.303162 0.0225442 0.684058 -0.963948 -1.63805 -4.78748 -816.432 0 
1 823.185 0.29957 0.0225098 0.685289 -0.957377 -2.03528 -4.683 -816.466 0 
4 822.588 0.303926 0.0224433 0.682511 -0.968194 -1.20772 -4.87829 -816.502 0 
4 824.346 0.299859 0.0224656 0.687444 -0.986311 -2.05384 -4.76561 -817.527 0 
4 824.12 0.299403 0.0224937 0.687056 -0.9777 -2.259 -4.66683 -817.194 0 
1 823.355 0.297683 0.0224959 0.689211 -0.981938 -1.12962 -4.65859 -817.567 0 
5 823.407 0.298646 0.0225178 0.687411 -0.972297 -1.72756 -4.63399 -817.046 0 
2 823.551 0.303189 0.0224739 0.680591 -0.944854 -2.69629 -4.8086 -816.046 0 
3 824.437 0.298889 0.0223893 0.68691 -0.979244 -2.46354 -4.66178 -817.312 0 
1 824.076 0.29855 0.02235 0.687382 -0.980367 -2.01849 -4.65944 -817.398 0 
2 824.312 0.299991 0.0223053 0.68733 -0.989227 -1.88028 -4.78166 -817.65 0 
1 823.525 0.300839 0.0223229 0.686076 -0.984958 -1.37408 -4.79167 -817.359 0 
1 825.259 0.301559 0.022253 0.688826 -1.02032 -0.423318 -5.65689 -819.178 0 
2 825.706 0.298737 0.0223171 0.692004 -1.02619 -0.120969 -5.49972 -820.086 0 
6 826.677 0.303112 0.0223337 0.689637 -1.02908 -1.02579 -6.16516 -819.486 0 
2 825.221 0.305442 0.0224398 0.686709 -1.01012 -1.28411 -5.9157 -818.022 0 
6 823.373 0.301415 0.022531 0.688155 -0.993975 -0.688347 -4.97291 -817.712 0 
7 822.7 0.30345 0.0226275 0.682943 -0.954179 -1.71366 -4.79348 -816.193 0 
8 822.322 0.302501 0.0224815 0.685435 -0.978492 -0.542506 -4.84 -816.94 0 
6 823.006 0.306061 0.022491 0.683033 -0.976593 -1.19489 -5.20393 -816.608 0 
2 823.281 0.305122 0.0224839 0.685094 -0.994507 -0.493561 -5.45827 -817.329 0 
3 824.532 0.300862 0.0223646 0.689311 -1.00797 -0.821364 -5.17904 -818.532 0 
4 824.101 0.305373 0.0224314 0.68557 -0.999364 -1.00782 -5.57898 -817.514 0 
4 822.829 0.300031 0.0225088 0.686971 -0.977026 -1.04167 -4.68175 -817.105 0 
3 822.583 0.306987 0.0225807 0.68003 -0.955799 -1.35732 -5.12199 -816.104 0 
2 823.067 0.307618 0.0224807 0.682555 -0.98776 -0.4926 -5.72439 -816.85 0 
1 822.901 0.30728 0.0223362 0.682307 -0.991274 -0.166652 -5.73384 -817.001 0 
3 823.057 0.312978 0.022343 0.67549 -0.963523 -0.690534 -6.28848 -816.078 0 
1 823.161 0.31558 0.022384 0.673839 -0.965699 -0.0383088 -7.05123 -816.071 0 
2 824.55 0.315133 0.0224653 0.669308 -0.920269 -1.80364 -6.37277 -816.373 0 
1 823.263 0.31262 0.0224385 0.676774 -0.972306 -0.609685 -6.45442 -816.199 0 
2 824.841 0.316717 0.0224807 0.674653 -0.972068 -1.17578 -7.552 -816.114 0 
4 824.679 0.314287 0.0225433 0.676207 -0.963986 -1.99924 -6.61259 -816.067 0 
1 823.863 0.314627 0.0225991 0.673506 -0.940378 -1.46338 -6.33786 -816.061 0 
2 825.019 0.313712 0.0226462 0.673708 -0.938973 -2.82935 -6.14401 -816.045 0 
4 825.234 0.313373 0.0226579 0.673433 -0.934239 -3.11578 -6.04431 -816.074 0 
1 824.629 0.308226 0.0227137 0.676334 -0.919809 -3.17988 -5.4033 -816.045 0 
1 826.091 0.307536 0.0227992 0.677452 -0.919009 -4.68805 -5.37283 -816.03 0 
5 825.888 0.307308 0.0227456 0.682039 -0.964564 -4.39891 -5.24428 -816.245 0 
1 826.576 0.308562 0.0228089 0.678554 -0.938892 -5.34794 -5.27312 -815.955 0 
1 827.174 0.302532 0.0227555 0.682782 -0.945762 -6.33545 -4.76153 -816.077 0 
1 826.162 0.301756 0.0227784 0.682779 -0.937507 -5.33352 -4.84299 -815.986 0 
2 826.726 0.295153 0.0227058 0.693449 -0.990868 -3.62755 -4.73244 -818.366 0 
3 824.885 0.299143 0.0226303 0.691095 -0.997175 -1.87247 -4.84755 -818.165 0 
2 824.737 0.299567 0.0226269 0.688565 -0.973189 -3.08309 -4.65728 -816.997 0 
2 824.472 0.294957 0.02256 0.693346 -0.992576 -1.23188 -4.74543 -818.495 0 
4 824.306 0.303262 0.0226431 0.683757 -0.953939 -3.31141 -4.79881 -816.196 0 
2 824.378 0.298193 0.0225955 0.690947 -0.989104 -1.80997 -4.7068 -817.861 0 
5 824.925 0.297008 0.0226204 0.686678 -0.944702 -3.67088 -4.97552 -816.279 0 
2 822.75 0.303677 0.0224839 0.685112 -0.981184 -0.832427 -4.97874 -816.939 0 
8 822.709 0.29965 0.0225134 0.687581 -0.977739 -0.866637 -4.67138 -817.171 0 
2 822.371 0.30335 0.0225734 0.684078 -0.966555 -1.0677 -4.81237 -816.491 0 
3 825.015 0.300037 0.0223361 0.689768 -1.01535 -0.558488 -5.34536 -819.111 0 
1 823.458 0.309142 0.022376 0.681339 -0.995024 -0.208543 -6.27004 -816.979 0 
9 823.54 0.315792 0.0224182 0.674432 -0.969279 -0.241144 -7.20019 -816.098 0 
2 825.493 0.317985 0.0224846 0.670566 -0.948732 -1.99851 -7.39434 -816.1 0 
1 825.516 0.317508 0.0222682 0.674544 -0.992698 -0.482341 -8.63482 -816.399 0 
1 825.525 0.311372 0.022231 0.680615 -1.01301 -0.497338 -7.55538 -817.473 0 
3 824.849 0.305827 0.0222705 0.684971 -1.01464 -0.404013 -6.23843 -818.206 0 
5 823.122 0.305206 0.0223197 0.680499 -0.963888 -1.83153 -4.96776 -816.323 0 
4 824.177 0.308281 0.0222674 0.677278 -0.955743 -2.81557 -5.28939 -816.072 0 
4 827.273 0.311273 0.0222853 0.670606 -0.918685 -5.35584 -5.7264 -816.19 0 
1 827.625 0.308526 0.022072 0.677159 -0.974049 -5.62531 -5.60294 -816.397 0 
2 825.938 0.312183 0.0221834 0.673059 -0.954284 -3.92668 -5.99793 -816.014 0 
3 824.077 0.31114 0.0222383 0.674795 -0.957777 -2.20813 -5.82227 -816.047 0 
1 824.423 0.313999 0.0222972 0.671251 -0.936036 -2.17515 -6.17015 -816.078 0 
4 824.244 0.31361 0.0222388 0.674756 -0.967359 -1.61381 -6.52167 -816.109 0 
2 824.1 0.315412 0.0224102 0.670056 -0.92608 -1.39259 -6.43197 -816.275 0 
4 824.472 0.317379 0.0222543 0.673025 -0.976487 -0.410963 -7.91117 -816.149 0 
1 825.099 0.318128 0.0224044 0.666593 -0.913954 -1.30306 -7.04589 -816.75 0 
1 825.412 0.30932 0.0224145 0.674164 -0.923989 -3.90509 -5.46836 -816.038 0 
2 823.605 0.312361 0.0224519 0.671914 -0.925809 -1.62297 -5.84966 -816.132 0 
8 822.772 0.31487 0.0224639 0.672588 -0.944078 -0.286956 -6.44136 -816.044 0 
2 822.66 0.311738 0.0224929 0.675824 -0.94911 -0.85476 -5.81307 -815.992 0 
1 825.539 0.316263 0.0224574 0.670591 -0.929201 -2.64858 -6.62512 -816.266 0 
3 826.242 0.312203 0.0223141 0.676153 -0.961542 -4.13065 -6.04249 -816.069 0 
1 826.582 0.313759 0.0223789 0.674102 -0.948041 -4.37562 -6.19643 -816.01 0 
2 823.878 0.311554 0.0224103 0.675571 -0.948574 -2.12138 -5.76637 -815.99 0 
4 823.271 0.309392 0.0224475 0.680003 -0.973144 -1.24024 -5.69631 -816.335 0 
2 822.49 0.302278 0.0225805 0.684173 -0.959709 -1.38917 -4.7288 -816.372 0 
3 822.93 0.300887 0.0225071 0.687244 -0.985236 -0.759032 -4.80433 -817.366 0 
2 823.291 0.302614 0.0225696 0.686717 -0.986619 -1.07575 -4.96633 -817.249 0 
8 822.573 0.305084 0.0224635 0.684183 -0.987077 -0.256068 -5.28125 -817.036 0 
5 823.404 0.307604 0.0226657 0.679276 -0.947149 -2.24806 -5.16149 -815.994 0 
2 824.192 0.30345 0.0226636 0.680546 -0.934745 -3.34157 -4.91066 -815.94 0 
2 822.929 0.305244 0.0226356 0.681098 -0.950492 -1.93448 -4.92149 -816.073 0 
5 823.171 0.304325 0.0225421 0.680715 -0.949521 -2.24067 -4.84725 -816.083 0 
7 822.85 0.311525 0.0225047 0.67365 -0.930945 -1.10035 -5.70568 -816.044 0 
12 822.765 0.308494 0.022504 0.678332 -0.95682 -1.33735 -5.34593 -816.081 0 
1 824.03 0.311142 0.0223982 0.673746 -0.940699 -2.3855 -5.66161 -815.983 0 
7 826.823 0.309447 0.0223152 0.674536 -0.94552 -5.43291 -5.4144 -815.975 0 
2 829.594 0.305119 0.0222652 0.67843 -0.958114 -8.45534 -4.93394 -816.205 0 
2 825.39 0.300808 0.0222806 0.685999 -0.991912 -2.79481 -4.91158 -817.684 0 
1 824.248 0.305686 0.0222365 0.68421 -1.00572 -0.615689 -5.85902 -817.773 0 
2 822.489 0.304178 0.0223687 0.683691 -0.981371 -0.537811 -5.0481 -816.903 0 
1 823.097 0.307447 0.0224885 0.678734 -0.947232 -1.95268 -5.14753 -815.997 0 
1 822.779 0.304813 0.0224805 0.680436 -0.948085 -1.82709 -4.90089 -816.051 0 
2 823.998 0.302757 0.0225064 0.68488 -0.968773 -2.62562 -4.77843 -816.594 0 
1 823.488 0.302294 0.0226246 0.685716 -0.967808 -2.14655 -4.74524 -816.596 0 
5 823.143 0.301541 0.0226211 0.685293 -0.965086 -1.88367 -4.69526 -816.564 0 
1 823.862 0.301123 0.0225094 0.689096 -1.00215 -0.584712 -5.10828 -818.169 0 
1 823.696 0.307614 0.0225506 0.677705 -0.935337 -2.54919 -5.20158 -815.945 0 
4 824.922 0.31362 0.0226473 0.672036 -0.917279 -2.46178 -6.11506 -816.345 0 
5 823.493 0.310422 0.0225313 0.677218 -0.95784 -1.74172 -5.69388 -816.057 0 
4 822.999 0.300754 0.0226316 0.685666 -0.960978 -1.83145 -4.67272 -816.495 0 
2 823.676 0.310739 0.0226212 0.678139 -0.955528 -1.95185 -5.69263 -816.031 0 
2 823.795 0.309281 0.0226569 0.679536 -0.958201 -2.24066 -5.4718 -816.082 0 
8 822.826 0.305233 0.0226293 0.682159 -0.95685 -1.71635 -4.93268 -816.177 0 
1 824.675 0.300136 0.0227602 0.685993 -0.952284 -3.66225 -4.71172 -816.301 0 
2 827.943 0.302111 0.0228992 0.685645 -0.952022 -6.99648 -4.74213 -816.205 0 
6 827.533 0.300643 0.0228659 0.687772 -0.960851 -6.35462 -4.68014 -816.498 0 
1 824.118 0.304665 0.0227219 0.683156 -0.95766 -3.02059 -4.88342 -816.214 0 
5 822.841 0.308165 0.0226103 0.680003 -0.958483 -1.42991 -5.299 -816.112 0 
7 823.328 0.305878 0.0226842 0.680491 -0.944232 -2.34967 -4.98914 -815.989 0 
4 824.454 0.307465 0.0226452 0.677255 -0.925161 -3.19321 -5.28614 -815.975 0 
1 824.772 0.300228 0.0223773 0.689848 -1.01434 -0.42073 -5.33578 -819.015 0 
4 824.549 0.306204 0.0222565 0.683151 -0.994232 -1.75288 -5.58426 -817.212 0 
2 827.34 0.306542 0.022193 0.685734 -1.02552 -1.90391 -6.72613 -818.71 0 
3 826.663 0.312207 0.0222169 0.679528 -1.00209 -2.47682 -7.20979 -816.976 0 
2 823.381 0.308155 0.0222999 0.680506 -0.980699 -1.1649 -5.62447 -816.592 0 
7 823.56 0.310843 0.022275 0.675308 -0.954582 -1.83104 -5.70589 -816.023 0 
5 822.592 0.305525 0.0223674 0.681107 -0.966196 -1.21276 -5.01791 -816.361 0 
1 822.83 0.310226 0.0225451 0.674846 -0.931494 -1.3177 -5.51004 -816.003 0 
3 824.197 0.310066 0.0225184 0.674523 -0.92504 -2.60153 -5.54249 -816.053 0 
1 826.432 0.314208 0.0225291 0.66944 -0.904679 -3.36475 -6.35341 -816.714 0 
4 825.785 0.318372 0.0225619 0.668721 -0.92002 -2.08152 -7.10529 -816.598 0 
1 825.371 0.319008 0.0226062 0.66931 -0.931286 -1.62077 -7.36943 -816.381 0 
1 825.372 0.318083 0.0226226 0.669917 -0.931049 -1.92386 -7.11628 -816.332 0 
2 825.145 0.313389 0.0224701 0.676773 -0.97745 -2.05569 -6.82752 -816.262 0 
6 824.924 0.31027 0.022314 0.680168 -0.999045 -1.16563 -6.72947 -817.029 0 
1 827.878 0.310731 0.0223176 0.677598 -0.982908 -5.01135 -6.36765 -816.499 0 
1 829.018 0.31179 0.0221317 0.674819 -0.975731 -6.32356 -6.40605 -816.288 0 
2 828.277 0.310364 0.0221287 0.677101 -0.986979 -5.2639 -6.38187 -816.631 0 
4 827.903 0.308842 0.0221733 0.674552 -0.948595 -6.57188 -5.33663 -815.994 0 
7 827.047 0.314279 0.0222678 0.668474 -0.919998 -4.51373 -6.20531 -816.328 0 
1 827.931 0.306737 0.0222995 0.674421 -0.925536 -6.79846 -5.17675 -815.956 0 
3 828.04 0.302974 0.0223309 0.677808 -0.928221 -7.11947 -5.00974 -815.911 0 
4 825.435 0.304329 0.0222157 0.680401 -0.966127 -4.11399 -4.89852 -816.423 0 
1 825.388 0.308343 0.0222944 0.674707 -0.935031 -4.1741 -5.26048 -815.953 0 
1 825.483 0.312413 0.0225228 0.670421 -0.90562 -2.87028 -6.06453 -816.549 0 
2 822.855 0.306169 0.0226097 0.678989 -0.939306 -1.87466 -5.02852 -815.952 0 
1 822.531 0.305649 0.0225291 0.680642 -0.957053 -1.38964 -4.97562 -816.165 0 
2 821.915 0.306021 0.0224659 0.681084 -0.963858 -0.571753 -5.05848 -816.284 0 
11 822.817 0.303568 0.0224944 0.681505 -0.953756 -1.84198 -4.79468 -816.181 0 
2 822.796 0.301678 0.0224067 0.686446 -0.989326 -0.409059 -4.9225 -817.464 0 
1 822.665 0.306453 0.0223961 0.682923 -0.989663 -0.0883356 -5.56388 -817.013 0 
1 824.026 0.306051 0.0223387 0.683643 -1.00036 -0.724967 -5.81575 -817.486 0 
2 825.806 0.311556 0.0224265 0.674724 -0.953177 -3.92463 -5.87242 -816.009 0 
4 825.195 0.314863 0.0224304 0.673387 -0.959817 -2.38936 -6.7676 -816.038 0 
1 825.771 0.30375 0.0222835 0.687939 -1.02674 -0.264167 -6.28102 -819.225 0 
1 825.893 0.304391 0.0223547 0.688016 -1.02661 -0.383712 -6.39786 -819.112 0 
1 824.748 0.304587 0.0225626 0.686823 -0.998203 -1.76412 -5.43616 -817.548 0 
3 824.272 0.305219 0.0226945 0.683861 -0.968474 -2.83144 -5.00686 -816.434 0 
8 824.584 0.304898 0.0227502 0.682207 -0.946792 -3.63947 -4.91194 -816.032 0 
2 824.463 0.300992 0.0227119 0.684828 -0.952924 -3.49009 -4.69887 -816.274 0 
2 824.277 0.300465 0.0226673 0.688416 -0.981443 -2.29649 -4.73445 -817.246 0 
1 823.602 0.308358 0.0226851 0.678123 -0.939778 -2.39685 -5.25021 -815.955 0 
2 824.636 0.309615 0.0227152 0.675938 -0.92388 -3.09398 -5.49278 -816.05 0 
1 825.143 0.309041 0.0225879 0.682151 -0.981291 -2.78919 -5.80033 -816.554 0 
2 825.8 0.311014 0.022741 0.677242 -0.940335 -4.18741 -5.63092 -815.982 0 
4 825.837 0.303734 0.0225188 0.688199 -1.00531 -2.37963 -5.46451 -817.993 0 
2 824.194 0.305226 0.0225531 0.685819 -0.995313 -1.36304 -5.47763 -817.353 0 
2 823.664 0.3064 0.022449 0.684664 -0.999743 -0.43566 -5.80656 -817.422 0 
3 822.062 0.308144 0.0224651 0.678567 -0.954205 -0.744966 -5.26049 -816.056 0 
1 823.008 0.310167 0.0225805 0.676319 -0.938437 -1.53845 -5.49676 -815.973 0 
2 823.061 0.312601 0.022574 0.673655 -0.933375 -1.11498 -5.89011 -816.056 0 
8 822.826 0.304781 0.0224686 0.684287 -0.987169 -0.509293 -5.25057 -817.066 0 
2 822.157 0.304431 0.022495 0.683454 -0.974339 -0.520062 -4.98782 -816.65 0 
3 822.299 0.305468 0.0224809 0.680931 -0.961131 -1.0679 -4.97993 -816.251 0 
2 823.095 0.305637 0.0223523 0.683553 -0.988902 -0.663301 -5.3761 -817.056 0 
3 823.818 0.30798 0.0223379 0.682851 -0.999405 -0.473433 -6.09517 -817.249 0 
1 824.025 0.312722 0.0224152 0.678612 -0.98933 -0.500061 -6.97151 -816.554 0 
3 823.375 0.31505 0.0225133 0.674143 -0.956076 -0.668377 -6.67941 -816.027 0 
2 824.202 0.312403 0.0224177 0.676657 -0.973643 -1.51344 -6.46095 -816.228 0 
5 823.004 0.305787 0.0224781 0.682328 -0.977119 -1.14501 -5.21712 -816.642 0 
3 822.882 0.30701 0.0224839 0.682908 -0.986593 -0.442463 -5.58182 -816.857 0 
1 823.98 0.305329 0.02235 0.685688 -1.00973 -0.0356831 -5.92842 -818.016 0 
4 822.079 0.305021 0.0225238 0.681653 -0.958394 -0.946937 -4.91779 -816.214 0 
8 822.242 0.305568 0.0225616 0.680635 -0.95237 -1.19768 -4.95271 -816.092 0 
1 822.063 0.309554 0.0223994 0.678117 -0.964028 -0.309981 -5.59506 -816.158 0 
3 822.37 0.306355 0.0224062 0.679443 -0.955293 -1.21408 -5.0421 -816.114 0 
7 822.439 0.304894 0.0225168 0.682399 -0.962758 -1.20198 -4.92474 -816.312 0 
3 822.252 0.302898 0.0225151 0.684116 -0.96932 -0.854735 -4.79601 -816.601 0 
1 822.628 0.3032 0.0224803 0.683379 -0.963013 -1.43584 -4.78705 -816.405 0 
2 825.479 0.302808 0.0226254 0.680855 -0.928174 -4.48909 -5.07913 -815.91 0 
1 822.772 0.309606 0.0225472 0.676865 -0.941728 -1.3882 -5.41804 -815.966 0 
1 823.593 0.305241 0.0224566 0.682693 -0.968929 -2.14674 -5.00152 -816.444 0 
3 822.301 0.303167 0.0224603 0.68379 -0.972281 -0.784233 -4.8424 -816.674 0 
1 823.083 0.305558 0.022577 0.681072 -0.957913 -1.92768 -4.97116 -816.184 0 
3 823.283 0.307562 0.0225758 0.677284 -0.937169 -2.17545 -5.16102 -815.947 0 
2 824.988 0.302641 0.0223753 0.682283 -0.965575 -3.7207 -4.75959 -816.508 0 
2 823.164 0.306802 0.022568 0.678395 -0.942842 -2.12624 -5.06851 -815.969 0 
3 824.206 0.308873 0.0224443 0.678737 -0.969269 -2.32939 -5.60114 -816.276 0 
3 822.542 0.311275 0.0224393 0.676253 -0.958932 -0.616007 -5.86968 -816.056 0 
2 822.673 0.303087 0.0224804 0.682757 -0.962546 -1.49729 -4.7757 -816.4 0 
1 822.002 0.306819 0.0224755 0.680205 -0.962523 -0.624812 -5.15322 -816.224 0 
5 823.164 0.305988 0.0226216 0.682695 -0.96889 -1.65238 -5.10909 -816.403 0 
6 822.595 0.30408 0.0225905 0.683995 -0.969309 -1.17645 -4.89511 -816.524 0 
4 823.736 0.303437 0.0226732 0.684909 -0.966066 -2.44771 -4.81545 -816.473 0 
1 824.047 0.301685 0.0226097 0.687844 -0.983777 -1.99777 -4.82625 -817.223 0 
3 823.024 0.307206 0.0226465 0.680258 -0.952102 -1.84667 -5.12799 -816.05 0 
1 822.911 0.309532 0.0225864 0.679095 -0.961303 -1.23648 -5.5569 -816.118 0 
2 823.37 0.309396 0.0225549 0.679999 -0.97245 -1.31985 -5.73093 -816.32 0 
1 823.607 0.305911 0.0225398 0.684646 -0.989583 -1.103 -5.44735 -817.057 0 
3 822.622 0.307377 0.0225662 0.67968 -0.956548 -1.33843 -5.17873 -816.105 0 
5 822.628 0.307811 0.0224173 0.681888 -0.985022 -0.209009 -5.67352 -816.745 0 
2 822.58 0.311236 0.0224559 0.676452 -0.953774 -0.801617 -5.7643 -816.014 0 
2 822.497 0.309295 0.0224574 0.676014 -0.940325 -1.16321 -5.37193 -815.962 0 
4 821.963 0.30797 0.0224739 0.678912 -0.956051 -0.630543 -5.24971 -816.083 0 
3 821.904 0.30741 0.0224491 0.680252 -0.966555 -0.346993 -5.27574 -816.281 0 
2 824.539 0.301652 0.0222508 0.685195 -0.989391 -2.14184 -4.92705 -817.47 0 
2 824.09 0.308203 0.0223159 0.682949 -1.00402 -0.365764 -6.30622 -817.418 0 
1 822.356 0.311033 0.0224947 0.676659 -0.952902 -0.625949 -5.7205 -816.01 0 
2 825.346 0.310052 0.0225841 0.676334 -0.933611 -3.86146 -5.49755 -815.987 0 
4 824.399 0.3058 0.0226147 0.680379 -0.941976 -3.41583 -5.01232 -815.971 0 
7 825.504 0.303428 0.0227076 0.683617 -0.94897 -4.56962 -4.83312 -816.101 0 
1 824.317 0.304708 0.022667 0.684203 -0.966688 -2.97129 -4.9299 -816.416 0 
1 824.198 0.297556 0.0226143 0.690609 -0.980832 -2.01179 -4.65719 -817.529 0 
1 824.558 0.295595 0.022679 0.69146 -0.974777 -2.38652 -4.70731 -817.464 0 
2 823.949 0.298038 0.0226239 0.686252 -0.949325 -2.80177 -4.80878 -816.339 0 
1 823.759 0.297553 0.022441 0.68963 -0.989143 -1.10892 -4.70564 -817.944 0 
1 822.226 0.303243 0.0224367 0.684504 -0.978608 -0.433084 -4.91086 -816.882 0 
3 824.143 0.302385 0.0222527 0.686005 -0.999608 -1.07974 -5.19036 -817.873 0 
1 824.842 0.299765 0.022272 0.689229 -1.01078 -0.7972 -5.17786 -818.867 0 
10 825.454 0.306419 0.0222545 0.683759 -1.01077 -1.26814 -6.25405 -817.932 0 
1 824.76 0.304757 0.0222644 0.680933 -0.972853 -3.15496 -5.02194 -816.583 0 
3 825.783 0.306708 0.022155 0.683478 -1.01422 -1.30888 -6.40506 -818.069 0 
2 826.277 0.308614 0.0222356 0.682916 -1.01886 -1.11209 -7.10399 -818.061 0 
2 826.249 0.30716 0.0222493 0.68455 -1.02287 -0.876373 -6.90288 -818.469 0 
2 824.571 0.30659 0.0225012 0.684869 -1.0017 -1.15401 -5.93053 -817.487 0 
3 823.649 0.312664 0.0224901 0.67701 -0.97128 -1.02823 -6.43891 -816.182 0 
5 822.856 0.311936 0.0223971 0.677979 -0.979147 -0.0648779 -6.4395 -816.351 0 
3 822.377 0.311255 0.0223979 0.675119 -0.948472 -0.66441 -5.72426 -815.989 0 
1 822.964 0.313852 0.0223201 0.675082 -0.968737 -0.203756 -6.63933 -816.121 0 
1 823.197 0.310784 0.0223085 0.678975 -0.988041 -0.130446 -6.43219 -816.635 0 
1 824.376 0.308251 0.0222017 0.681517 -1.0014 -0.810923 -6.26115 -817.304 0 
2 824.077 0.309574 0.0222354 0.677326 -0.972192 -1.9972 -5.77347 -816.307 0 
8 825.006 0.302303 0.0223119 0.681637 -0.954836 -4.01029 -4.73978 -816.256 0 
1 826.3 0.304032 0.0224344 0.679073 -0.931999 -5.3495 -5.02693 -815.924 0 
3 823.446 0.308433 0.0224356 0.676147 -0.935767 -2.21472 -5.27774 -815.954 0 
8 823.044 0.303426 0.0223159 0.683995 -0.983078 -1.02273 -4.99038 -817.031 0 
3 823.269 0.305242 0.0223607 0.681572 -0.967087 -1.88211 -4.9896 -816.397 0 
3 825.405 0.309146 0.022463 0.678253 -0.951495 -4.00997 -5.38092 -816.014 0 
2 825.057 0.30736 0.0224876 0.680423 -0.958145 -3.75586 -5.17167 -816.129 0 
1 824.114 0.305077 0.0223789 0.685425 -0.999198 -1.05385 -5.52131 -817.539 0 
2 823.711 0.306864 0.0223226 0.682334 -0.986515 -1.3309 -5.51392 -816.866 0 
5 822.588 0.31142 0.0224449 0.675731 -0.954921 -0.725776 -5.84081 -816.021 0 
8 822.688 0.309812 0.0224038 0.67892 -0.976052 -0.408794 -5.89898 -816.38 0 
1 822.222 0.31085 0.0224777 0.676942 -0.958355 -0.399406 -5.76675 -816.056 0 
1 824.842 0.312625 0.0224897 0.670424 -0.910251 -2.38296 -6.01656 -816.443 0 
4 822.096 0.30957 0.0224675 0.67758 -0.954143 -0.585932 -5.47695 -816.033 0 
2 822.059 0.30851 0.0224963 0.677977 -0.951672 -0.735698 -5.30008 -816.023 0 
4 822.25 0.307315 0.0225542 0.678797 -0.947585 -1.12086 -5.12845 -816.001 0 
3 823.662 0.30265 0.0223778 0.685082 -0.988504 -1.31329 -5.0234 -817.325 0 
2 823.644 0.299574 0.0225817 0.684412 -0.946145 -2.66446 -4.78934 -816.19 0 
4 823.36 0.302083 0.0225278 0.683913 -0.956485 -2.32025 -4.7364 -816.303 0 
2 824.63 0.301289 0.0224208 0.689973 -1.0164 -0.170795 -5.48539 -818.974 0 
1 824.642 0.304381 0.0226183 0.685728 -0.987703 -2.31199 -5.20631 -817.124 0 
2 823.824 0.310012 0.0226803 0.677586 -0.943955 -2.36822 -5.48411 -815.972 0 
1 824.041 0.314747 0.0225973 0.671347 -0.925805 -1.50222 -6.29434 -816.245 0 
5 822.718 0.309741 0.0225914 0.677747 -0.948806 -1.26255 -5.46484 -815.991 0 
2 823.378 0.312748 0.0225511 0.676523 -0.958346 -1.19596 -6.14539 -816.036 0 
2 823.163 0.309738 0.022523 0.678194 -0.954176 -1.63463 -5.49714 -816.031 0 
2 825.919 0.319323 0.0225853 0.670431 -0.94075 -2.11191 -7.57009 -816.237 0 
1 823.902 0.314501 0.0225964 0.674259 -0.946922 -1.49446 -6.38359 -816.024 0 
1 825.19 0.311633 0.0226095 0.671397 -0.904996 -2.70823 -5.97257 -816.51 0 
4 826.989 0.30992 0.0226722 0.671316 -0.893398 -4.21482 -6.05196 -816.722 0 
1 822.998 0.307304 0.0226188 0.678515 -0.942321 -1.90936 -5.12426 -815.964 0 
4 824.251 0.308532 0.0225345 0.674667 -0.923496 -2.88159 -5.35141 -816.018 0 
1 826.326 0.309814 0.0224065 0.672237 -0.919753 -4.70041 -5.51751 -816.108 0 
2 825.505 0.308932 0.0225038 0.673121 -0.915214 -3.88126 -5.48811 -816.136 0 
4 824.889 0.309189 0.0223025 0.674648 -0.941823 -3.56761 -5.35739 -815.964 0 
3 823.981 0.306679 0.0223222 0.678283 -0.950897 -2.87065 -5.06485 -816.046 0 
6 823.825 0.311864 0.0222476 0.674632 -0.956701 -1.85946 -5.93483 -816.031 0 
3 824.292 0.313671 0.0222011 0.675859 -0.982687 -0.951866 -6.98835 -816.352 0 
3 823.112 0.31571 0.0223624 0.672367 -0.955585 -0.222164 -6.85852 -816.032 0 
1 823.99 0.31555 0.0224002 0.669337 -0.924295 -1.2132 -6.4609 -816.316 0 
4 824.416 0.31527 0.0223878 0.669455 -0.926974 -1.75469 -6.40948 -816.252 0 
1 825.181 0.313813 0.0223836 0.670045 -0.925112 -2.86361 -6.10851 -816.209 0 
1 824.597 0.310389 0.0224586 0.675026 -0.945087 -3.05801 -5.56209 -815.976 0 
5 825.266 0.315668 0.0226242 0.668864 -0.905933 -1.90426 -6.5675 -816.794 0 
1 823.361 0.313332 0.0225931 0.6744 -0.941355 -1.27129 -6.06842 -816.022 0 
3 822.715 0.309861 0.0225567 0.678962 -0.963321 -0.93546 -5.64142 -816.138 0 
4 823.329 0.307387 0.0224945 0.683177 -0.988814 -0.739061 -5.68625 -816.904 0 
3 823.173 0.307778 0.0225329 0.681395 -0.970186 -1.46323 -5.36631 -816.344 0 
11 822.419 0.311215 0.0224665 0.677534 -0.963922 -0.393511 -5.91209 -816.114 0 
1 823.555 0.305296 0.0226427 0.681808 -0.951142 -2.53835 -4.93533 -816.081 0 
1 823.142 0.304437 0.0225705 0.684151 -0.971106 -1.64975 -4.93943 -816.553 0 
2 822.48 0.302491 0.0224704 0.684588 -0.970389 -1.04757 -4.77 -816.662 0 
1 823.822 0.299266 0.022489 0.689913 -0.99978 -0.615137 -4.91409 -818.292 0 
1 824.599 0.301069 0.0225933 0.688187 -0.981947 -2.63207 -4.76009 -817.207 0 
1 824.722 0.298235 0.0226111 0.691727 -0.996725 -1.6645 -4.79282 -818.265 0 
1 823.429 0.298898 0.0225119 0.687164 -0.966625 -1.96613 -4.65333 -816.81 0 
6 823.605 0.300488 0.0224573 0.686546 -0.973587 -1.99376 -4.68095 -816.931 0 
1 822.393 0.302697 0.0224416 0.685429 -0.982348 -0.420386 -4.90379 -817.069 0 
1 822.282 0.306369 0.0225426 0.68195 -0.969141 -0.733338 -5.1602 -816.389 0 
7 823.75 0.307698 0.0226631 0.678432 -0.942002 -2.62139 -5.16719 -815.961 0 
4 823.051 0.304405 0.0226441 0.683311 -0.962877 -1.83005 -4.88204 -816.338 0 
1 823.713 0.303632 0.0225383 0.685918 -0.990299 -1.24686 -5.16366 -817.302 0 
3 824.078 0.301343 0.0225622 0.688898 -0.998147 -1.1035 -5.04526 -817.929 0 
1 824.146 0.301555 0.0225595 0.688982 -0.998951 -1.13046 -5.07193 -817.943 0 
1 823.329 0.306808 0.0226248 0.680138 -0.947373 -2.24557 -5.0777 -816.006 0 
1 825.286 0.294573 0.0224171 0.691501 -0.98256 -2.55575 -4.7504 -817.98 0 
3 824.764 0.294301 0.0224773 0.692225 -0.983458 -1.93506 -4.76406 -818.065 0 
1 824.4 0.294504 0.0224849 0.691744 -0.983027 -1.64109 -4.74456 -818.014 0 
9 823.865 0.297991 0.022571 0.688661 -0.969203 -2.22216 -4.65877 -816.984 0 
4 824.387 0.304742 0.0225774 0.680179 -0.93677 -3.45257 -4.98989 -815.944 0 
4 822.933 0.306733 0.0225479 0.680721 -0.956474 -1.72295 -5.08892 -816.121 0 
1 822.704 0.305163 0.0224872 0.68354 -0.976173 -0.966978 -5.08129 -816.655 0 
5 822.234 0.303869 0.0224059 0.683491 -0.976333 -0.530859 -4.94903 -816.754 0 
1 822.566 0.309081 0.0223369 0.677553 -0.959988 -0.997065 -5.45852 -816.11 0 
3 823.726 0.310545 0.0222476 0.677245 -0.970674 -1.59521 -5.89234 -816.239 0 
1 823.223 0.306046 0.0222669 0.681742 -0.983925 -1.02216 -5.35889 -816.842 0 
1 823.339 0.301213 0.0223718 0.686015 -0.980837 -1.42727 -4.76462 -817.147 0 
2 823.464 0.309899 0.0224841 0.674607 -0.934171 -2.03008 -5.45338 -815.981 0 
4 822.101 0.308082 0.0224574 0.680497 -0.972022 -0.2682 -5.46191 -816.371 0 
1 822.308 0.309919 0.0225235 0.677304 -0.950046 -0.810158 -5.50092 -815.997 0 
3 822.439 0.312444 0.0224926 0.675694 -0.954971 -0.383466 -6.03885 -816.017 0 
3 822.532 0.309717 0.022503 0.678522 -0.964722 -0.715339 -5.65241 -816.164 0 
1 822.488 0.305771 0.0224934 0.682298 -0.968731 -1.01037 -5.06781 -816.41 0 
2 822.762 0.301905 0.0224968 0.685416 -0.971402 -1.28568 -4.73804 -816.738 0 
6 822.612 0.300817 0.0224957 0.687222 -0.983359 -0.548774 -4.77149 -817.292 0 
1 824.869 0.302634 0.022494 0.6888 -1.01148 -0.847813 -5.54477 -818.476 0 
1 825.935 0.303483 0.0224881 0.689109 -1.01954 -1.18357 -5.93038 -818.822 0 
3 824.049 0.297833 0.0225608 0.691282 -0.996452 -0.956183 -4.78682 -818.306 0 
1 824.027 0.296791 0.0226586 0.688824 -0.960972 -2.51027 -4.73762 -816.779 0 
4 823.892 0.306587 0.0226594 0.679999 -0.942243 -2.85543 -5.06924 -815.967 0 
1 823.828 0.302686 0.0223812 0.687849 -1.00907 -0.0308992 -5.46367 -818.333 0 
3 823.812 0.306645 0.0225598 0.676886 -0.924663 -2.6332 -5.21983 -815.959 0 
4 822.129 0.305876 0.0224375 0.682635 -0.978806 -0.209307 -5.23251 -816.687 0 
4 822.424 0.305386 0.0224323 0.680676 -0.961542 -1.18705 -4.97393 -816.263 0 
2 823.181 0.299699 0.0224174 0.688407 -0.992957 -0.483818 -4.82743 -817.87 0 
1 823.322 0.299533 0.0224916 0.685879 -0.961586 -2.06066 -4.66765 -816.594 0 
3 823.245 0.301196 0.0224125 0.687975 -0.999348 -0.176077 -5.0588 -818.01 0 
1 824.425 0.301168 0.0223994 0.689259 -1.00714 -0.794027 -5.19138 -818.439 0 
5 821.968 0.308338 0.0224219 0.679615 -0.968958 -0.215379 -5.46062 -816.292 0 
3 822.904 0.309861 0.0225046 0.678701 -0.961293 -1.19721 -5.59734 -816.109 0 
4 823.39 0.311585 0.0225769 0.675877 -0.942514 -1.66693 -5.73628 -815.986 0 
5 823.2 0.312624 0.0225144 0.676506 -0.959057 -1.03258 -6.12451 -816.042 0 
1 823.954 0.31563 0.0225732 0.67253 -0.942611 -1.26488 -6.61519 -816.074 0 
2 824.237 0.309723 0.0225721 0.679612 -0.962626 -2.52235 -5.58296 -816.132 0 
1 823.63 0.308917 0.0223852 0.680013 -0.973564 -1.65378 -5.6098 -816.366 0 
20 822.351 0.312093 0.0224523 0.675269 -0.953141 -0.395345 -5.94729 -816.008 0 
1 823.696 0.313968 0.0223558 0.675293 -0.973756 -0.653672 -6.85826 -816.184 0 
1 823.068 0.314843 0.0225104 0.672152 -0.938089 -0.604264 -6.37634 -816.087 0 
2 822.926 0.312593 0.0224585 0.677042 -0.968474 -0.473618 -6.30952 -816.143 0 
4 822.901 0.314366 0.0225079 0.673913 -0.949607 -0.490874 -6.39399 -816.017 0 
1 823.106 0.314789 0.0224864 0.674154 -0.954557 -0.513735 -6.57007 -816.022 0 
1 822.766 0.314294 0.0223447 0.673618 -0.958112 -0.205701 -6.52963 -816.03 0 
3 822.481 0.313027 0.0223902 0.675608 -0.964762 -0.0408942 -6.35039 -816.09 0 
1 822.65 0.306269 0.0223845 0.680657 -0.964797 -1.26441 -5.09214 -816.294 0 
4 823.614 0.305901 0.0224768 0.683188 -0.976527 -1.82404 -5.17399 -816.616 0 
1 822.218 0.305418 0.0225322 0.682101 -0.963441 -0.931986 -4.98383 -816.303 0 
2 822.731 0.306407 0.0224938 0.682642 -0.981099 -0.636373 -5.3725 -816.722 0 
8 823.025 0.311608 0.0225453 0.673666 -0.9301 -1.25173 -5.71879 -816.054 0 
1 822.472 0.303366 0.0225275 0.685016 -0.978999 -0.654028 -4.93196 -816.886 0 
1 822.74 0.300873 0.0225942 0.685234 -0.959614 -1.6102 -4.68108 -816.449 0 
2 823.921 0.307536 0.0226978 0.679123 -0.943751 -2.80002 -5.14968 -815.971 0 
1 826.159 0.314842 0.0226969 0.672439 -0.931399 -3.66003 -6.33592 -816.163 0 
4 826.993 0.318183 0.0226663 0.666048 -0.894491 -2.32837 -7.19665 -817.468 0 
2 822.689 0.314524 0.0224514 0.672963 -0.94545 -0.28521 -6.37358 -816.03 0 
5 822.861 0.314209 0.0225132 0.673557 -0.945894 -0.527793 -6.31149 -816.022 0 
2 824.592 0.313566 0.0226403 0.671861 -0.91683 -2.13413 -6.10596 -816.352 0 
2 823.224 0.310952 0.0226139 0.677304 -0.951651 -1.52411 -5.69696 -816.003 0 
1 824.069 0.31099 0.022573 0.679564 -0.974069 -1.71181 -6.07038 -816.287 0 
2 826.381 0.311643 0.0224228 0.681804 -1.00931 -1.67751 -7.40981 -817.294 0 
3 825.583 0.308538 0.0223652 0.684312 -1.01727 -0.668217 -6.92351 -817.991 0 
1 824.406 0.317831 0.0224743 0.672165 -0.959435 -0.781395 -7.56724 -816.058 0 
1 825.009 0.31504 0.0223588 0.677106 -0.994394 -0.590278 -7.86404 -816.555 0 
1 824.548 0.317063 0.0224882 0.672219 -0.95598 -1.23234 -7.26647 -816.049 0 
7 822.745 0.31122 0.0225478 0.674494 -0.934059 -1.07881 -5.65485 -816.011 0 
2 822.267 0.307607 0.0225716 0.679326 -0.95178 -1.05207 -5.17658 -816.038 0 
3 822.611 0.308659 0.0225942 0.678123 -0.947675 -1.32136 -5.30056 -815.989 0 
5 824.349 0.306917 0.0224346 0.684869 -1.00629 -0.571007 -6.12009 -817.658 0 
1 822.08 0.304542 0.0224352 0.682334 -0.967492 -0.707998 -4.92524 -816.446 0 
1 823.126 0.302052 0.0223814 0.686449 -0.989828 -0.734247 -4.94568 -817.446 0 
1 823.11 0.302189 0.0225118 0.686573 -0.982166 -1.15342 -4.84752 -817.109 0 
1 823.112 0.306636 0.0224475 0.680428 -0.959221 -1.85071 -5.09165 -816.17 0 
1 823.874 0.308301 0.0224591 0.679378 -0.958237 -2.46522 -5.30369 -816.105 0 
4 822.307 0.310507 0.0224672 0.67817 -0.965336 -0.362404 -5.79336 -816.151 0 
2 822.246 0.309496 0.0223972 0.677378 -0.956492 -0.701216 -5.48733 -816.058 0 
2 822.967 0.314014 0.0224087 0.674602 -0.957753 -0.509882 -6.42784 -816.029 0 
1 822.633 0.312969 0.0224528 0.67314 -0.938713 -0.624266 -5.98145 -816.027 0 
3 822.938 0.312425 0.022373 0.676444 -0.966572 -0.596453 -6.21978 -816.122 0 
6 826.184 0.30734 0.0226522 0.681409 -0.956108 -4.92605 -5.15845 -816.099 0 
2 827.553 0.314765 0.0227247 0.671992 -0.916151 -4.77737 -6.33324 -816.443 0 
10 828.652 0.312508 0.0227517 0.676608 -0.939559 -6.75405 -5.88602 -816.012 0 
1 827.25 0.309561 0.0227078 0.681843 -0.973745 -5.16899 -5.74094 -816.34 0 
5 825.59 0.308259 0.0226338 0.68324 -0.985066 -3.1216 -5.75335 -816.715 0 
5 825.074 0.301964 0.0224802 0.6887 -1.0094 -1.20176 -5.41847 -818.454 0 
2 824.607 0.305375 0.0223461 0.685914 -1.01449 -0.215634 -6.13169 -818.26 0 
1 822.725 0.306079 0.0225448 0.679466 -0.948553 -1.70008 -4.99552 -816.03 0 
9 822.315 0.303061 0.0225275 0.68289 -0.95687 -1.27894 -4.77022 -816.266 0 
1 823.734 0.29976 0.0224275 0.687488 -0.979451 -1.81901 -4.68257 -817.232 0 
4 824.383 0.299039 0.0224214 0.689322 -0.990602 -1.80658 -4.74425 -817.832 0 
7 824.307 0.295331 0.0225318 0.69199 -0.984185 -1.62725 -4.71199 -817.968 0 
2 826.123 0.292923 0.0223789 0.695612 -1.01146 -1.04229 -4.964 -820.117 0 
3 827.645 0.290793 0.0223381 0.695727 -1.00163 -2.8173 -5.03601 -819.791 0 
1 826.499 0.292826 0.02236 0.69264 -0.987251 -3.15262 -4.85516 -818.491 0 
5 826.407 0.295248 0.0223099 0.689596 -0.981414 -3.86728 -4.70641 -817.833 0 
3 825.809 0.296604 0.0224357 0.68801 -0.972254 -3.91208 -4.65511 -817.242 0 
1 826.835 0.298836 0.0225154 0.684993 -0.957753 -5.65997 -4.65043 -816.524 0 
1 824.776 0.299585 0.0225919 0.68315 -0.93733 -3.83866 -4.90356 -816.034 0 
2 824.582 0.301179 0.0224701 0.6826 -0.951936 -3.63939 -4.69927 -816.243 0 
3 824.093 0.300165 0.0225633 0.683856 -0.949491 -3.13894 -4.71807 -816.236 0 
7 823.726 0.304115 0.0226667 0.680254 -0.934856 -2.85039 -4.93925 -815.936 0 
1 825.087 0.307453 0.0227082 0.676368 -0.920766 -3.78442 -5.29267 -816.01 0 
3 826.416 0.305798 0.0225495 0.678822 -0.946304 -5.44442 -4.96132 -816.01 0 
5 825.191 0.305703 0.0225741 0.676306 -0.918422 -3.98305 -5.22942 -815.979 0 
2 825.135 0.303841 0.0225576 0.677869 -0.919369 -4.01285 -5.19393 -815.929 0 
3 824.109 0.30546 0.0223227 0.682481 -0.988037 -1.67449 -5.39587 -817.039 0 
3 824.22 0.309664 0.0223932 0.675417 -0.94746 -2.7787 -5.45701 -815.984 0 
2 822.654 0.304638 0.0223558 0.683219 -0.98369 -0.544216 -5.1607 -816.949 0 
4 822.486 0.305861 0.0223463 0.68083 -0.969047 -0.97989 -5.09314 -816.413 0 
7 822.25 0.310153 0.0225147 0.676301 -0.945659 -0.757509 -5.51596 -815.977 0 
1 822.553 0.3075 0.0223229 0.680529 -0.979381 -0.445057 -5.51256 -816.596 0 
3 822.472 0.305598 0.0223725 0.681104 -0.970061 -0.938834 -5.07919 -816.454 0 
4 823.125 0.304799 0.0223603 0.685054 -0.998601 -0.0885562 -5.49411 -817.543 0 
7 822.471 0.309314 0.0225083 0.676211 -0.93857 -1.13379 -5.37529 -815.962 0 
4 823.104 0.30143 0.0223594 0.684853 -0.975926 -1.42558 -4.74227 -816.937 0 
3 823.171 0.298682 0.0225153 0.686638 -0.96335 -1.80033 -4.657 -816.713 0 
5 823.478 0.297158 0.0224898 0.690164 -0.984362 -1.06058 -4.66968 -817.748 0 
5 822.616 0.301376 0.0225136 0.684482 -0.963496 -1.40122 -4.68656 -816.528 0 
1 824.779 0.298994 0.0224848 0.690794 -1.00748 -0.94023 -5.05459 -818.784 0 
2 826.735 0.305581 0.0225575 0.684674 -0.994599 -3.85276 -5.59507 -817.287 0 
2 827.924 0.30595 0.0226482 0.682816 -0.975589 -6.09839 -5.24078 -816.585 0 
3 825.175 0.300574 0.0225606 0.684251 -0.958114 -4.09109 -4.65796 -816.426 0 
2 826.892 0.305205 0.0226892 0.675626 -0.900683 -4.9893 -5.69202 -816.211 0 
3 826.973 0.304913 0.0227299 0.6776 -0.917227 -5.799 -5.20691 -815.967 0 
1 827.174 0.306468 0.0226964 0.674826 -0.904342 -5.41562 -5.55255 -816.206 0 
7 826.195 0.311639 0.0227083 0.673228 -0.920004 -4.2521 -5.75613 -816.186 0 
1 824.962 0.311286 0.0225822 0.67503 -0.942293 -3.28016 -5.6989 -815.983 0 
1 824.872 0.305987 0.0226018 0.682981 -0.977227 -2.9858 -5.25503 -816.631 0 
1 824.521 0.307393 0.0224414 0.683273 -0.999017 -1.18846 -6.04202 -817.29 0 
1 828.749 0.300223 0.0224847 0.688713 -1.00327 -5.27699 -5.11821 -818.354 0 
1 828.365 0.298386 0.0224611 0.686555 -0.973541 -6.61657 -4.62853 -817.12 0 
1 827.996 0.303785 0.0224888 0.680447 -0.953277 -7.03352 -4.79861 -816.164 0 
3 828.272 0.30425 0.0225969 0.681781 -0.960874 -7.10594 -4.86646 -816.3 0 
1 829.75 0.299203 0.022415 0.687362 -0.990326 -7.1459 -4.80659 -817.798 0 
3 830.914 0.30244 0.0222569 0.688856 -1.03594 -4.28574 -6.54662 -820.082 0 
1 829.023 0.301488 0.0222234 0.688176 -1.02375 -3.73924 -5.86955 -819.414 0 
2 831.173 0.301386 0.022197 0.689348 -1.0371 -4.40301 -6.39788 -820.372 0 
3 830.961 0.30066 0.0220825 0.692009 -1.05591 -1.9709 -6.94994 -822.04 0 
3 830.535 0.300494 0.0220891 0.690655 -1.04624 -2.70571 -6.56081 -821.269 0 
1 827.844 0.299597 0.022245 0.689919 -1.02345 -2.53815 -5.57665 -819.729 0 
1 824.808 0.301494 0.0223148 0.688188 -1.01251 -0.660956 -5.44184 -818.705 0 
5 823.419 0.300825 0.0224425 0.688618 -1.00082 -0.22791 -5.05426 -818.137 0 
1 823.815 0.303568 0.0224203 0.686602 -1.00387 -0.395263 -5.47937 -817.941 0 
4 822.696 0.305125 0.0225685 0.683199 -0.972277 -1.10811 -5.04556 -816.543 0 
3 823.723 0.306569 0.0227017 0.680019 -0.944552 -2.69134 -5.04794 -815.984 0 
3 823.572 0.30576 0.0226753 0.682059 -0.95566 -2.4538 -4.98032 -816.138 0 
2 825.431 0.308308 0.0227046 0.681856 -0.968271 -3.71845 -5.43354 -816.279 0 
4 825.788 0.308342 0.022796 0.678183 -0.930323 -4.51987 -5.30152 -815.966 0 
1 829.693 0.316063 0.0227995 0.66661 -0.879574 -4.64877 -7.11844 -817.926 0 
1 826.068 0.310872 0.0227571 0.67318 -0.906494 -3.78529 -5.86353 -816.419 0 
1 825.453 0.311139 0.0226645 0.679512 -0.96819 -3.30104 -5.97454 -816.177 0 
4 823.439 0.311213 0.0226331 0.675037 -0.933965 -1.77348 -5.6533 -816.012 0 
1 823.843 0.310683 0.0224644 0.676855 -0.961733 -1.93285 -5.8126 -816.097 0 
9 822.519 0.30746 0.0224847 0.679906 -0.96506 -0.990999 -5.27982 -816.248 0 
10 823.457 0.309766 0.0224645 0.680329 -0.984439 -0.759876 -6.10091 -816.597 0 
3 823.015 0.308529 0.0224462 0.681342 -0.986188 -0.408253 -5.87638 -816.731 0 
4 823.384 0.307983 0.0226413 0.679061 -0.950031 -2.14944 -5.21977 -816.015 0 
2 822.69 0.311249 0.0224948 0.674113 -0.934538 -1.02124 -5.65948 -816.009 0 
1 822.443 0.313167 0.022382 0.674744 -0.95862 -0.142754 -6.26431 -816.036 0 
6 824.052 0.316366 0.0222794 0.674001 -0.978957 -0.159962 -7.69243 -816.2 0 
1 824.095 0.315546 0.0222335 0.674068 -0.978317 -0.45762 -7.42688 -816.211 0 
1 824.112 0.311108 0.0222181 0.678439 -0.987986 -1.03075 -6.46827 -816.613 0 
1 824.201 0.316257 0.0223262 0.669473 -0.936238 -1.33791 -6.70196 -816.161 0 
1 823.437 0.313516 0.0222493 0.674353 -0.965575 -0.858818 -6.48696 -816.091 0 
4 824.182 0.308621 0.0222004 0.68069 -0.995392 -1.00828 -6.13699 -817.036 0 
1 823.26 0.310807 0.0224003 0.674571 -0.944634 -1.65743 -5.62461 -815.978 0 
4 823.117 0.307644 0.0223676 0.67747 -0.951968 -1.89145 -5.18516 -816.04 0 
2 822.378 0.308451 0.0224 0.677506 -0.954125 -1.01815 -5.31031 -816.05 0 
1 822.291 0.304726 0.0224621 0.681269 -0.95675 -1.21012 -4.88722 -816.193 0 
2 822.351 0.302447 0.022527 0.683439 -0.959304 -1.26435 -4.73406 -816.353 0 
4 823 0.308628 0.0224555 0.681654 -0.987326 -0.331286 -5.90901 -816.76 0 
1 822.403 0.309483 0.0224956 0.679466 -0.968706 -0.508416 -5.65328 -816.241 0 
1 822.718 0.3119 0.0224362 0.677729 -0.973946 -0.174108 -6.29309 -816.25 0 
4 823.166 0.313025 0.0225392 0.673197 -0.931633 -1.11354 -5.96443 -816.088 0 
8 823.133 0.306576 0.0226151 0.681837 -0.966322 -1.65916 -5.1606 -816.313 0 
4 823.483 0.30937 0.0225645 0.680501 -0.975024 -1.33529 -5.7698 -816.378 0 
1 822.923 0.312784 0.0224683 0.676811 -0.969328 -0.374941 -6.39752 -816.151 0 
2 822.844 0.309666 0.0225154 0.677451 -0.955407 -1.27788 -5.5224 -816.044 0 
1 823.307 0.307395 0.0225337 0.680871 -0.970799 -1.57368 -5.35698 -816.376 0 
4 823.74 0.306092 0.0227023 0.68024 -0.943815 -2.75278 -5.00437 -815.983 0 
2 824.198 0.309806 0.0225954 0.680705 -0.976461 -1.92855 -5.87995 -816.39 0 
2 822.593 0.305725 0.0224772 0.682802 -0.973924 -0.918255 -5.12335 -816.552 0 
1 822.782 0.308941 0.0223667 0.678288 -0.961457 -1.20293 -5.44346 -816.135 0 
2 823.367 0.306256 0.0223417 0.680251 -0.963271 -2.02876 -5.07602 -816.262 0 
7 822.508 0.309897 0.0223933 0.678296 -0.971473 -0.414052 -5.81509 -816.279 0 
2 824.821 0.311693 0.0223346 0.677201 -0.980675 -1.93206 -6.49338 -816.396 0 
2 822.91 0.31474 0.0224226 0.672755 -0.949481 -0.389697 -6.49777 -816.022 0 
1 823.165 0.315823 0.022362 0.672915 -0.961052 -0.109272 -7.01113 -816.045 0 
4 823.427 0.306464 0.0224159 0.67814 -0.942367 -2.40631 -5.05251 -815.969 0 
3 823.476 0.308973 0.0224051 0.675109 -0.933973 -2.17003 -5.34183 -815.965 0 
2 822.291 0.306395 0.022377 0.681605 -0.975964 -0.467699 -5.25585 -816.568 0 
2 822.7 0.307353 0.0223536 0.678936 -0.959486 -1.35949 -5.18981 -816.151 0 
1 825.092 0.302699 0.0222904 0.682982 -0.96762 -3.75929 -4.7697 -816.563 0 
1 822.659 0.308844 0.0223405 0.679591 -0.975169 -0.604315 -5.64719 -816.407 0 
2 823.132 0.31274 0.0222692 0.675581 -0.971176 -0.520993 -6.43216 -816.178 0 
7 823.194 0.314083 0.0223637 0.672088 -0.940166 -0.929329 -6.21772 -816.047 0 
4 823.574 0.315003 0.0222543 0.672864 -0.961381 -0.746587 -6.78093 -816.046 0 
3 823.918 0.313875 0.0222145 0.674169 -0.968224 -1.16522 -6.63887 -816.114 0 
1 824.505 0.305054 0.0222068 0.682542 -0.986939 -2.21423 -5.25743 -817.033 0 
1 823.245 0.306926 0.0223522 0.678388 -0.951917 -2.09761 -5.0944 -816.053 0 
1 822.826 0.306553 0.0223967 0.678927 -0.951416 -1.71974 -5.05196 -816.055 0 
6 822.279 0.309559 0.0225399 0.67751 -0.949127 -0.846699 -5.43851 -815.994 0 
2 823.26 0.310032 0.022385 0.674955 -0.939084 -1.81384 -5.47644 -815.97 0 
4 822.726 0.306012 0.022328 0.680321 -0.967145 -1.27457 -5.09266 -816.359 0 
2 823.011 0.306785 0.02235 0.678313 -0.953075 -1.85774 -5.0824 -816.071 0 
2 823.007 0.301069 0.022414 0.687022 -0.990616 -0.52183 -4.89376 -817.592 0 
1 824.503 0.299789 0.0224841 0.691053 -1.01121 -0.440431 -5.17315 -818.89 0 
3 823.115 0.309792 0.0226056 0.67696 -0.940173 -1.70543 -5.44309 -815.967 0 
3 823.031 0.312016 0.0224184 0.67814 -0.977823 -0.307856 -6.40243 -816.321 0 
5 826.124 0.297818 0.0223235 0.693155 -1.02651 -0.451786 -5.38403 -820.288 0 
1 826.322 0.30194 0.0223832 0.688943 -1.00722 -2.73413 -5.25267 -818.335 0 
1 825.476 0.303792 0.0222662 0.687684 -1.02176 -0.531414 -6.03686 -818.908 0 
1 825.869 0.310479 0.0221899 0.680177 -0.999499 -2.1822 -6.65962 -817.027 0 
1 825.107 0.307891 0.0221884 0.681418 -0.994919 -2.09395 -5.93045 -817.083 0 
1 822.903 0.3132 0.0223244 0.675777 -0.970371 -0.238868 -6.5094 -816.155 0 
12 822.353 0.31165 0.0223678 0.67595 -0.961569 -0.29379 -5.98139 -816.077 0 
1 822.265 0.306682 0.0225116 0.678935 -0.948285 -1.18982 -5.05845 -816.017 0 
1 822.114 0.303092 0.0224956 0.683877 -0.968625 -0.74191 -4.80508 -816.567 0 
2 823.357 0.302385 0.0225371 0.68134 -0.940164 -2.50881 -4.84371 -816.004 0 
4 822.745 0.307548 0.0226075 0.680422 -0.957851 -1.4211 -5.20427 -816.119 0 
1 823.267 0.308309 0.0225969 0.679454 -0.952237 -1.96643 -5.2691 -816.032 0 
9 822.698 0.307244 0.022364 0.682016 -0.98888 -0.0918208 -5.68864 -816.918 0 
1 822.699 0.311259 0.0224491 0.674643 -0.939522 -1.0413 -5.66991 -815.987 0 
1 824.705 0.310122 0.0223049 0.681609 -1.0045 -0.675962 -6.78056 -817.248 0 
2 824.084 0.31398 0.0224431 0.674945 -0.95584 -1.69407 -6.36867 -816.021 0 
1 823.2 0.310354 0.0223377 0.677153 -0.961601 -1.40426 -5.69307 -816.102 0 
1 823.42 0.307255 0.0222729 0.68191 -0.991122 -0.7044 -5.71872 -816.997 0 
1 823.235 0.308519 0.0222538 0.679814 -0.982919 -0.83181 -5.77054 -816.633 0 
7 824.564 0.317383 0.0223059 0.668961 -0.935021 -1.38139 -6.95419 -816.228 0 
1 823.4 0.313753 0.0223682 0.673922 -0.951721 -1.12706 -6.26251 -816.01 0 
1 823.37 0.312117 0.0224174 0.676812 -0.963568 -1.19705 -6.0808 -816.092 0 
2 823.211 0.31163 0.0223156 0.67737 -0.973829 -0.756451 -6.19643 -816.258 0 
1 822.312 0.311493 0.022412 0.67693 -0.964087 -0.226327 -5.97561 -816.11 0 
3 822.976 0.308 0.0224016 0.682033 -0.991461 -0.12324 -5.90597 -816.947 0 
2 823.134 0.303919 0.0226542 0.681628 -0.945417 -2.25247 -4.84538 -816.036 0 
1 824.329 0.311608 0.0226779 0.674875 -0.933082 -2.58301 -5.71695 -816.029 0 
4 823.234 0.302583 0.0226273 0.682227 -0.944601 -2.38001 -4.79546 -816.058 0 
1 823.585 0.3017 0.0226004 0.682948 -0.948421 -2.69606 -4.73831 -816.15 0 
3 823.566 0.303739 0.0226295 0.681775 -0.949383 -2.65644 -4.81078 -816.098 0 
1 823.523 0.304056 0.0225699 0.68 -0.939598 -2.67022 -4.88239 -815.971 0 
1 824.801 0.303519 0.0226103 0.678644 -0.920953 -3.72736 -5.15659 -815.917 0 
2 824.297 0.302211 0.0224805 0.680565 -0.935931 -3.43573 -4.89873 -815.962 0 
1 826.497 0.302687 0.02241 0.678561 -0.926763 -5.5412 -5.04886 -815.907 0 
1 825.196 0.300208 0.0223527 0.683097 -0.953546 -4.16601 -4.70142 -816.328 0 
4 826.442 0.30254 0.022318 0.6796 -0.940862 -5.6006 -4.83228 -816.009 0 
4 825.641 0.306052 0.0223212 0.676832 -0.935679 -4.64803 -5.05532 -815.937 0 
1 824.678 0.304896 0.0222432 0.681574 -0.973187 -3.08214 -5.01282 -816.583 0 
2 825.388 0.307636 0.0221417 0.680889 -0.997463 -2.1597 -6.0235 -817.204 0 
3 823.778 0.308333 0.0222597 0.679665 -0.983902 -1.30791 -5.79582 -816.674 0 
1 823.038 0.31195 0.0223362 0.673944 -0.948219 -1.18526 -5.86109 -815.991 0 
5 823.569 0.305226 0.0223089 0.680656 -0.963836 -2.28262 -4.9659 -816.321 0 
11 822.808 0.310386 0.022336 0.676046 -0.954197 -1.16646 -5.61752 -816.024 0 
3 822.358 0.311829 0.0224662 0.675576 -0.950255 -0.516117 -5.84577 -815.996 0 
7 822.153 0.310187 0.022457 0.678116 -0.965637 -0.239623 -5.74915 -816.165 0 
3 823.074 0.314966 0.0225144 0.672026 -0.936048 -0.579225 -6.38258 -816.112 0 
1 822.873 0.305412 0.0223522 0.683513 -0.987692 -0.522447 -5.32073 -817.03 0 
3 824.16 0.312083 0.02263 0.673576 -0.922945 -2.16925 -5.82924 -816.161 0 
3 822.788 0.312468 0.0225283 0.676203 -0.957422 -0.674551 -6.0823 -816.032 0 
1 822.839 0.309979 0.0224793 0.679965 -0.978307 -0.457266 -5.95696 -816.425 0 
3 822.347 0.312157 0.0223985 0.675126 -0.955508 -0.333058 -5.99274 -816.021 0 
3 823.363 0.31553 0.0225337 0.671347 -0.932482 -0.697243 -6.48671 -816.179 0 
1 824.016 0.318232 0.0224867 0.669676 -0.938686 -0.546061 -7.25449 -816.215 0 
4 822.51 0.312752 0.0224057 0.673859 -0.947272 -0.501472 -6.01121 -815.998 0 
2 822.602 0.301885 0.0224187 0.68586 -0.984526 -0.498666 -4.86917 -817.234 0 
1 824.586 0.301672 0.0224174 0.689618 -1.01605 -0.167257 -5.52675 -818.892 0 
7 825.365 0.308238 0.022459 0.683088 -1.00208 -1.6973 -6.33471 -817.333 0 
2 823.935 0.309007 0.0224278 0.681173 -0.990989 -0.946898 -6.13679 -816.851 0 
1 824.693 0.309658 0.0225013 0.678373 -0.967417 -2.76433 -5.71729 -816.211 0 
7 824.224 0.303031 0.0225863 0.679833 -0.930379 -3.3366 -4.96942 -815.918 0 
2 824.138 0.306287 0.0226054 0.680008 -0.952893 -3.0308 -5.02715 -816.08 0 
1 822.494 0.303243 0.022584 0.682951 -0.956895 -1.45886 -4.77692 -816.258 0 
3 822.215 0.306413 0.022537 0.681167 -0.961255 -0.917 -5.08248 -816.215 0 
4 821.909 0.30672 0.0224355 0.680636 -0.966835 -0.409979 -5.18122 -816.318 0 
4 822.327 0.308258 0.0224284 0.67914 -0.961132 -0.844139 -5.33284 -816.15 0 
2 822.897 0.308934 0.0223613 0.679319 -0.970638 -1.02373 -5.57207 -816.301 0 
2 822.838 0.307202 0.0223241 0.680938 -0.977772 -0.862615 -5.4072 -816.568 0 
5 823.26 0.308288 0.0225138 0.676839 -0.935248 -2.04052 -5.26668 -815.952 0 
2 823.816 0.306197 0.0222426 0.683052 -0.99784 -0.738742 -5.71636 -817.361 0 
1 823.306 0.312304 0.0222634 0.676777 -0.978375 -0.488894 -6.4975 -816.32 0 
2 824.599 0.320423 0.022455 0.66865 -0.943911 -0.342724 -8.01185 -816.245 0 
1 825.197 0.320189 0.0223095 0.671084 -0.973498 -0.290178 -8.79959 -816.107 0 
5 824.145 0.318572 0.022406 0.671647 -0.961319 -0.253367 -7.82462 -816.067 0 
3 824.69 0.31285 0.0223485 0.676697 -0.970178 -2.156 -6.37298 -816.161 0 
2 824.045 0.312973 0.0223222 0.676574 -0.973079 -1.35728 -6.48653 -816.201 0 
1 824.128 0.312245 0.0222879 0.673475 -0.944981 -2.25956 -5.87629 -815.993 0 
1 824.227 0.306829 0.022258 0.683185 -1.00004 -0.96226 -5.87533 -817.39 0 
1 823.713 0.307986 0.0222826 0.679817 -0.974137 -1.82093 -5.46497 -816.427 0 
10 823.996 0.311627 0.0222396 0.675516 -0.962518 -1.9383 -5.96963 -816.088 0 
3 826.168 0.303254 0.0222333 0.686577 -1.00638 -2.63666 -5.42024 -818.111 0 
1 826.081 0.306053 0.0221402 0.68432 -1.01709 -1.42586 -6.34797 -818.307 0 
1 825.81 0.302553 0.0222987 0.689407 -1.02852 -0.172386 -6.09053 -819.547 0 
2 822.198 0.306105 0.0224518 0.681039 -0.967779 -0.710642 -5.11819 -816.369 0 
1 822.121 0.306231 0.0225026 0.682031 -0.972163 -0.464052 -5.18367 -816.473 0 
1 822.548 0.311414 0.0224924 0.675493 -0.949179 -0.786894 -5.76916 -815.992 0 
4 822.378 0.309376 0.0225327 0.679094 -0.963488 -0.665581 -5.55805 -816.154 0 
2 822.424 0.302021 0.0224239 0.685293 -0.978841 -0.621972 -4.808 -816.995 0 
3 823.631 0.301785 0.0224758 0.682245 -0.946019 -2.73943 -4.78711 -816.105 0 
6 822.32 0.302845 0.0224831 0.683035 -0.959942 -1.2147 -4.75741 -816.347 0 
5 822.528 0.30433 0.022429 0.681137 -0.958422 -1.42796 -4.85672 -816.243 0 
1 823.031 0.301613 0.0223734 0.685647 -0.984724 -0.908195 -4.85298 -817.27 0 
1 823.77 0.301062 0.0223328 0.6864 -0.991452 -1.22543 -4.91233 -817.632 0 
1 824.312 0.305845 0.0222533 0.684437 -1.00937 -0.347958 -6.03088 -817.933 0 
3 823.656 0.306684 0.0223282 0.683997 -1.00406 -0.074867 -5.99966 -817.582 0 
5 823.206 0.312068 0.0226029 0.675861 -0.94642 -1.35709 -5.85878 -815.99 0 
1 824.417 0.317668 0.0224413 0.672721 -0.965791 -0.651172 -7.69723 -816.068 0 
2 823.186 0.312647 0.0223433 0.677493 -0.981323 -0.154142 -6.66525 -816.367 0 
4 823.547 0.30842 0.022387 0.68259 -0.99891 -0.153593 -6.20513 -817.188 0 
5 824.738 0.302162 0.0225498 0.689103 -1.00537 -1.24299 -5.29282 -818.202 0 
2 824.911 0.301091 0.0224309 0.687611 -0.998794 -1.84428 -5.07203 -817.995 0 
1 823.532 0.300846 0.0223305 0.686494 -0.989713 -1.09616 -4.86113 -817.574 0 
1 822.262 0.304926 0.022386 0.682694 -0.977863 -0.440659 -5.09534 -816.726 0 
5 822.957 0.303966 0.0223833 0.681306 -0.960832 -1.80928 -4.8353 -816.312 0 
2 822.831 0.305353 0.0224628 0.682589 -0.96975 -1.34525 -5.02574 -816.46 0 
1 822.922 0.303314 0.02235 0.684443 -0.982725 -0.927874 -4.96659 -817.028 0 
5 822.934 0.307826 0.0225311 0.677578 -0.938148 -1.78174 -5.20258 -815.95 0 
4 823.211 0.308026 0.0225166 0.682027 -0.983513 -0.826618 -5.7006 -816.683 0 
4 823.737 0.313186 0.0225518 0.676184 -0.962024 -1.33011 -6.34578 -816.062 0 
1 827.118 0.315586 0.0227486 0.67181 -0.919854 -4.23619 -6.47146 -816.411 0 
11 822.391 0.30965 0.0224978 0.677928 -0.959466 -0.737763 -5.56348 -816.09 0 
2 822.479 0.305451 0.022374 0.681081 -0.968721 -1.00671 -5.04505 -816.427 0 
2 825.219 0.303669 0.0224607 0.68556 -0.996074 -2.33823 -5.32817 -817.553 0 
1 823.859 0.304211 0.0226655 0.682695 -0.957643 -2.78337 -4.84425 -816.232 0 
1 823.965 0.301624 0.0226513 0.685777 -0.969015 -2.57184 -4.71262 -816.681 0 
1 824.98 0.305154 0.0225775 0.683172 -0.976182 -3.19734 -5.12659 -816.656 0 
2 823.31 0.304053 0.0224031 0.682856 -0.976188 -1.58986 -4.98432 -816.736 0 
2 824.152 0.30296 0.0223884 0.686274 -1.00074 -0.96574 -5.32718 -817.859 0 
2 823.528 0.304866 0.0223897 0.682304 -0.977862 -1.68841 -5.10986 -816.73 0 
1 823.708 0.306275 0.0223405 0.680638 -0.975302 -1.88647 -5.26474 -816.556 0 
4 823.896 0.305134 0.0224109 0.679651 -0.954827 -2.8361 -4.91604 -816.144 0 
1 824.178 0.314191 0.0224002 0.670302 -0.926936 -1.79557 -6.18358 -816.199 0 
1 823.03 0.310357 0.022568 0.674719 -0.930436 -1.48688 -5.53015 -816.013 0 
1 822.005 0.308175 0.0224242 0.678527 -0.958922 -0.577895 -5.30895 -816.118 0 
2 822.851 0.306409 0.0223493 0.682208 -0.982051 -0.74155 -5.35753 -816.752 0 
2 822.921 0.310397 0.0224242 0.678977 -0.972882 -0.734585 -5.90024 -816.287 0 
2 823.123 0.313995 0.0222967 0.674502 -0.965682 -0.436844 -6.60085 -816.086 0 
1 825.183 0.31366 0.0221985 0.676512 -0.986423 -1.67395 -7.07572 -816.433 0 
5 825.294 0.318443 0.0221918 0.668736 -0.948847 -1.69588 -7.48407 -816.114 0 
2 825.326 0.311342 0.022184 0.675936 -0.966992 -3.19208 -5.98095 -816.153 0 
1 824.847 0.309399 0.022182 0.678001 -0.974612 -2.73991 -5.74012 -816.367 0 
7 824.367 0.315673 0.0222208 0.673892 -0.97528 -0.876401 -7.32496 -816.166 0 
6 825.093 0.317698 0.022448 0.669448 -0.929335 -1.77542 -6.97574 -816.342 0 
1 823.999 0.316138 0.0222658 0.673751 -0.974249 -0.416847 -7.43821 -816.144 0 
2 824.081 0.315635 0.0222756 0.671421 -0.953779 -1.23582 -6.81432 -816.031 0 
2 824.088 0.317363 0.0224171 0.668372 -0.923925 -0.780071 -6.87435 -816.434 0 
3 824.691 0.310065 0.0222658 0.681488 -1.00899 -0.258431 -6.99504 -817.437 0 
2 824.106 0.31669 0.0223724 0.674204 -0.974945 -0.327537 -7.635 -816.143 0 
2 823.503 0.315719 0.0224373 0.674011 -0.961591 -0.499193 -6.95663 -816.047 0 
2 824.888 0.31188 0.0224501 0.678725 -0.975678 -2.33538 -6.2695 -816.284 0 
1 824.24 0.315313 0.0224673 0.674845 -0.962874 -1.32878 -6.85737 -816.054 0 
1 822.944 0.310945 0.0224889 0.678236 -0.965527 -0.927877 -5.874 -816.142 0 
1 824.743 0.309702 0.0225427 0.680186 -0.968729 -2.84399 -5.66529 -816.233 0 
12 822.274 0.302751 0.0224508 0.684793 -0.9764 -0.591289 -4.83932 -816.844 0 
2 822.677 0.304834 0.0226178 0.680839 -0.945363 -1.75514 -4.90487 -816.017 0 
1 822.681 0.305796 0.0224807 0.682463 -0.970689 -1.13112 -5.0907 -816.459 0 
1 823.17 0.311351 0.0225953 0.675612 -0.938783 -1.49536 -5.68306 -815.991 0 
1 825.009 0.294266 0.0226185 0.691779 -0.975343 -2.58825 -4.77609 -817.644 0 
2 825.022 0.295073 0.0225023 0.693726 -1.00496 -0.90098 -4.85967 -819.262 0 
6 824.546 0.296471 0.022576 0.692698 -0.998944 -1.10744 -4.78735 -818.651 0 
1 823.873 0.300527 0.0225665 0.688955 -0.988997 -1.48834 -4.80787 -817.577 0 
1 823.604 0.300428 0.0225965 0.688552 -0.98692 -1.32153 -4.7908 -817.492 0 
1 823.829 0.301203 0.0225937 0.688583 -0.99067 -1.35905 -4.89082 -817.579 0 
4 824.499 0.301075 0.0226675 0.687501 -0.972136 -2.97113 -4.69899 -816.829 0 
1 824.851 0.295906 0.0226927 0.68918 -0.958098 -3.28952 -4.81263 -816.749 0 
5 824.173 0.299287 0.02262 0.684838 -0.948203 -3.17391 -4.75121 -816.248 0 
3 824.413 0.299572 0.0226557 0.684145 -0.941449 -3.47439 -4.83784 -816.101 0 
4 822.695 0.300428 0.0225251 0.686083 -0.970493 -1.20593 -4.66588 -816.823 0 
1 823.771 0.300169 0.0226824 0.686878 -0.962056 -2.53816 -4.66859 -816.565 0 
6 824.477 0.304255 0.0227582 0.681237 -0.935839 -3.58433 -4.95124 -815.941 0 
4 823.905 0.303851 0.0226121 0.68263 -0.959577 -2.79436 -4.82145 -816.289 0 
1 824.783 0.30473 0.0226128 0.680929 -0.951683 -3.8048 -4.87325 -816.105 0 
1 822.269 0.30437 0.0225306 0.682335 -0.962663 -1.05526 -4.87882 -816.335 0 
3 822.037 0.306775 0.0224917 0.679255 -0.951685 -0.906955 -5.07637 -816.053 0 
4 823.42 0.303789 0.0223842 0.686303 -1.00349 -0.0403556 -5.48554 -817.894 0 
3 822.038 0.307105 0.0224231 0.67961 -0.962257 -0.641209 -5.18885 -816.208 0 
5 823.367 0.30358 0.022347 0.681452 -0.960089 -2.24907 -4.80416 -816.314 0 
5 823.091 0.305727 0.0224878 0.679002 -0.940764 -2.12674 -5.00071 -815.963 0 
1 824.169 0.303896 0.0225647 0.678755 -0.926373 -3.19497 -5.06125 -815.913 0 
11 822.57 0.306516 0.0224338 0.678553 -0.949159 -1.50007 -5.04174 -816.029 0 
2 822.822 0.301107 0.022597 0.684555 -0.954807 -1.80267 -4.70662 -816.313 0 
4 823.206 0.300544 0.0226199 0.684391 -0.949149 -2.25206 -4.74258 -816.212 0 
13 823.354 0.300282 0.0225 0.684242 -0.952709 -2.33139 -4.71805 -816.304 0 
1 823.338 0.304779 0.0224832 0.681425 -0.95407 -2.30173 -4.89328 -816.143 0 
1 824.615 0.30629 0.0225731 0.676359 -0.917587 -3.29391 -5.31688 -816.004 0 
6 823.412 0.303408 0.0223294 0.681923 -0.965216 -2.1503 -4.8107 -816.451 0 
1 823.204 0.309665 0.0223486 0.680221 -0.985134 -0.541643 -6.03934 -816.623 0 
3 822.96 0.314286 0.0224731 0.672465 -0.940824 -0.631961 -6.27971 -816.049 0 
1 822.449 0.313263 0.0224414 0.673746 -0.946048 -0.342193 -6.1015 -816.005 0 
3 822.068 0.305132 0.0224229 0.682211 -0.970765 -0.547553 -5.02031 -816.5 0 
5 823.146 0.307239 0.0222912 0.678967 -0.964447 -1.67452 -5.22591 -816.245 0 
10 823.098 0.311348 0.0223688 0.674271 -0.946466 -1.38027 -5.73334 -815.985 0 
9 823.846 0.310401 0.0222888 0.677651 -0.97784 -1.36453 -6.08842 -816.393 0 
10 822.078 0.306419 0.0223974 0.680649 -0.968357 -0.549552 -5.16132 -816.367 0 
2 823.033 0.304645 0.022302 0.682523 -0.980395 -1.10106 -5.10101 -816.831 0 
1 822.85 0.311103 0.0224328 0.67409 -0.935876 -1.2135 -5.63766 -815.998 0 
2 826.766 0.314628 0.022419 0.67187 -0.94755 -4.25798 -6.48335 -816.025 0 
1 826.895 0.317285 0.0225859 0.668305 -0.919193 -3.5006 -6.85341 -816.541 0 
5 825.735 0.316416 0.022632 0.668083 -0.90566 -2.16279 -6.70473 -816.867 0 
3 823.136 0.306271 0.0225058 0.678167 -0.941281 -2.15057 -5.02236 -815.963 0 
1 822.033 0.309902 0.0224868 0.677514 -0.955558 -0.440406 -5.55073 -816.042 0 
6 823.857 0.313955 0.022266 0.67605 -0.984796 -0.292355 -7.18064 -816.384 0 
1 823.074 0.315338 0.022371 0.673568 -0.96328 -0.0887821 -6.92903 -816.056 0 
7 822.613 0.313756 0.022457 0.673741 -0.94667 -0.391323 -6.21016 -816.012 0 
1 822.717 0.314157 0.0224415 0.672577 -0.942054 -0.420166 -6.25912 -816.038 0 
1 822.833 0.313188 0.0224693 0.674267 -0.945776 -0.755781 -6.07247 -816.005 0 
1 822.739 0.31259 0.0224414 0.67537 -0.953502 -0.69539 -6.03442 -816.01 0 
2 822.944 0.305515 0.022368 0.679723 -0.954961 -1.85619 -4.95385 -816.134 0 
2 824.844 0.307997 0.0224224 0.678294 -0.948554 -3.62594 -5.21618 -816.002 0 
3 828.565 0.314064 0.0225944 0.671099 -0.91022 -5.74182 -6.2795 -816.544 0 
3 830.714 0.308038 0.0226259 0.674344 -0.901135 -8.48429 -5.86292 -816.367 0 
2 825.433 0.309511 0.0224814 0.673179 -0.913855 -3.6324 -5.61441 -816.186 0 
6 824.531 0.31886 0.0224633 0.667494 -0.925274 -0.749683 -7.27894 -816.502 0 
1 822.991 0.309966 0.0222802 0.676923 -0.964983 -1.13596 -5.69412 -816.161 0 
13 822.222 0.310682 0.0224808 0.677152 -0.958995 -0.413071 -5.74338 -816.065 0 
1 822.913 0.311181 0.0223618 0.677737 -0.976893 -0.352653 -6.22343 -816.336 0 
3 825.11 0.317847 0.022179 0.671967 -0.975522 -0.93251 -8.04451 -816.133 0 
4 825.549 0.319736 0.02224 0.671609 -0.981279 -0.423386 -8.95858 -816.167 0 
1 826.003 0.323067 0.0222644 0.667682 -0.963915 -0.290606 -9.5599 -816.153 0 
3 825.46 0.322061 0.0223078 0.667415 -0.954047 -0.399158 -8.86582 -816.195 0 
2 826.935 0.323345 0.0224146 0.665125 -0.936122 -1.48844 -8.88804 -816.558 0 
7 827.139 0.315546 0.0223264 0.672319 -0.963454 -4.00978 -7.07277 -816.057 0 
3 825.222 0.31389 0.0223029 0.676518 -0.989778 -1.32387 -7.39679 -816.501 0 
4 825.47 0.309006 0.0222348 0.679544 -0.991539 -2.41677 -6.18396 -816.869 0 
1 827.425 0.311946 0.0221981 0.678181 -1.00228 -3.05779 -7.36351 -817.004 0 
4 828.003 0.307146 0.022322 0.678961 -0.972184 -6.20043 -5.38006 -816.423 0 
1 824.906 0.304565 0.0223647 0.682131 -0.977915 -3.06885 -5.08299 -816.754 0 
1 824.832 0.30754 0.0222746 0.680562 -0.988223 -2.18553 -5.7755 -816.871 0 
1 826.227 0.309993 0.0226497 0.672119 -0.903942 -4.02206 -5.78083 -816.424 0 
6 825.849 0.30639 0.0224002 0.677699 -0.948736 -4.79794 -5.025 -816.026 0 
2 824.719 0.301225 0.0223477 0.684379 -0.975779 -3.03356 -4.73696 -816.949 0 
1 822.566 0.305104 0.0224475 0.679902 -0.951077 -1.5715 -4.90977 -816.085 0 
1 822.738 0.309077 0.022476 0.677594 -0.955767 -1.253 -5.42811 -816.057 0 
3 822.244 0.308617 0.0224681 0.67949 -0.964224 -0.626304 -5.42717 -816.19 0 
3 822.522 0.309888 0.022492 0.679402 -0.971857 -0.438342 -5.79735 -816.287 0 
2 823.215 0.307861 0.022603 0.681307 -0.969198 -1.51244 -5.38488 -816.318 0 
2 822.495 0.305595 0.0225731 0.682074 -0.961416 -1.25448 -4.98923 -816.251 0 
2 822.806 0.305126 0.022551 0.681676 -0.955041 -1.7376 -4.92076 -816.148 0 
6 822.566 0.302208 0.0225484 0.683544 -0.958292 -1.50484 -4.7213 -816.34 0 
5 822.509 0.306652 0.0225302 0.680869 -0.959309 -1.24223 -5.09592 -816.171 0 
1 822.649 0.308533 0.0224514 0.680879 -0.977142 -0.550589 -5.62605 -816.473 0 
1 822.463 0.309661 0.0225726 0.677124 -0.945062 -1.05393 -5.43484 -815.974 0 
12 822.414 0.302689 0.0225037 0.684436 -0.968215 -1.06092 -4.77192 -816.582 0 
3 823.029 0.299527 0.0225008 0.687099 -0.971318 -1.4503 -4.64972 -816.929 0 
9 823.495 0.298909 0.0224282 0.686614 -0.969108 -1.95285 -4.64235 -816.899 0 
2 823.46 0.302649 0.0223001 0.685459 -0.991725 -0.944842 -5.04774 -817.467 0 
3 823.15 0.305223 0.0222908 0.681535 -0.974529 -1.46904 -5.07957 -816.602 0 
2 823.945 0.309851 0.0223264 0.674654 -0.943589 -2.51377 -5.46068 -815.971 0 
1 823.169 0.311419 0.0222639 0.676232 -0.969928 -0.873628 -6.09867 -816.197 0 
4 823.478 0.307394 0.0223526 0.681032 -0.975701 -1.58993 -5.38786 -816.5 0 
2 823.29 0.304182 0.0223173 0.684614 -0.992035 -0.734457 -5.23588 -817.32 0 
2 823.451 0.300296 0.0223613 0.687209 -0.99077 -0.924365 -4.83835 -817.689 0 
6 822.411 0.304929 0.0224569 0.680861 -0.958541 -1.28008 -4.91038 -816.22 0 
1 822.559 0.304192 0.0223801 0.684443 -0.987555 -0.267248 -5.15628 -817.135 0 
5 822.308 0.30351 0.0225352 0.683948 -0.967562 -0.967882 -4.82993 -816.51 0 
2 822.304 0.308464 0.0225247 0.679414 -0.96272 -0.734231 -5.39985 -816.17 0 
2 822.428 0.308262 0.0225414 0.680402 -0.967093 -0.754952 -5.4163 -816.257 0 
9 823.349 0.304899 0.0225451 0.683627 -0.970128 -1.8759 -4.97684 -816.496 0 
2 823.023 0.30228 0.0225268 0.685969 -0.976253 -1.35082 -4.79491 -816.877 0 
1 822.96 0.304333 0.0224705 0.683015 -0.966356 -1.6402 -4.89159 -816.429 0 
2 824.323 0.3043 0.0223326 0.686739 -1.01177 -0.280338 -5.78417 -818.259 0 
3 824.403 0.301998 0.0223689 0.688237 -1.01198 -0.319519 -5.48605 -818.598 0 
1 822.314 0.305953 0.0223586 0.681234 -0.972773 -0.653843 -5.15422 -816.506 0 
2 823.113 0.302916 0.0223925 0.682516 -0.964884 -1.86767 -4.77344 -816.471 0 
1 823.201 0.303941 0.0223705 0.680922 -0.95765 -2.13309 -4.82421 -816.243 0 
2 825.309 0.303727 0.0222905 0.680152 -0.957087 -4.26294 -4.80557 -816.241 0 
2 825.992 0.302531 0.0222717 0.681576 -0.964145 -4.7732 -4.74493 -816.474 0 
1 825.944 0.299344 0.0223407 0.686026 -0.979568 -3.98569 -4.67934 -817.279 0 
1 825.601 0.300943 0.0224224 0.685989 -0.985394 -3.4005 -4.83268 -817.368 0 
5 823.329 0.306013 0.0223426 0.681357 -0.97914 -1.35245 -5.28875 -816.688 0 
2 823.59 0.308546 0.0225122 0.675403 -0.930951 -2.3269 -5.29516 -815.968 0 
3 824.883 0.310323 0.0226353 0.672907 -0.912057 -2.93782 -5.68349 -816.262 0 
1 825.7 0.307229 0.022711 0.675575 -0.912729 -4.19024 -5.41097 -816.099 0 
5 825.548 0.301473 0.0226435 0.681201 -0.931239 -4.67782 -4.93773 -815.932 0 
5 823.681 0.306152 0.0226201 0.678373 -0.935375 -2.70194 -5.04255 -815.937 0 
3 822.508 0.30389 0.0224824 0.68137 -0.954361 -1.51049 -4.81722 -816.18 0 
4 822.522 0.302831 0.0224452 0.685344 -0.984724 -0.409191 -4.96282 -817.15 0 
1 822.705 0.307943 0.0224901 0.681456 -0.975986 -0.730989 -5.49773 -816.476 0 
1 822.828 0.313987 0.0225034 0.672701 -0.936874 -0.582486 -6.17552 -816.07 0 
3 821.938 0.307342 0.022421 0.680155 -0.967803 -0.341788 -5.28504 -816.311 0 
5 824.554 0.307422 0.0222348 0.683282 -1.00836 -0.560612 -6.29669 -817.696 0 
1 824.034 0.305067 0.0223047 0.685101 -1.00772 -0.245912 -5.8408 -817.947 0 
2 827.956 0.305588 0.022207 0.687131 -1.03074 -2.05695 -6.72434 -819.174 0 
1 822.828 0.310442 0.0223305 0.67915 -0.983922 -0.0806361 -6.20567 -816.542 0 
1 822.626 0.303131 0.0224307 0.684362 -0.974653 -1.02133 -4.85081 -816.754 0 
4 826.727 0.298694 0.0221959 0.690738 -1.01985 -1.79882 -5.28493 -819.643 0 
7 825.051 0.299696 0.0222585 0.688894 -1.00891 -1.15402 -5.13354 -818.763 0 
4 826.649 0.294622 0.0222878 0.691443 -0.992299 -3.36589 -4.75569 -818.528 0 
4 825.826 0.294955 0.0223229 0.693122 -1.0065 -1.57598 -4.86368 -819.386 0 
6 823.354 0.298793 0.0225151 0.687159 -0.966103 -1.89928 -4.65437 -816.8 0 
2 824.439 0.300502 0.0225395 0.683546 -0.943325 -3.49884 -4.83836 -816.101 0 
3 823.042 0.303454 0.0225347 0.68089 -0.941429 -2.17719 -4.86664 -815.998 0 
1 824.101 0.302233 0.022572 0.683166 -0.947454 -3.18595 -4.8005 -816.114 0 
5 822.574 0.302048 0.0225536 0.685958 -0.975169 -0.943623 -4.77353 -816.857 0 
6 821.947 0.305902 0.0224538 0.681688 -0.970346 -0.387619 -5.1157 -816.444 0 
1 822.393 0.307451 0.0225093 0.679704 -0.961102 -0.987037 -5.23046 -816.175 0 
3 823.609 0.30566 0.0224334 0.680934 -0.968375 -2.12122 -5.08011 -816.407 0 
3 824.723 0.301413 0.0223123 0.686222 -0.995516 -1.90396 -5.0308 -817.788 0 
5 824.461 0.30145 0.0224314 0.683253 -0.962127 -3.29372 -4.68308 -816.484 0 
2 824.574 0.300157 0.0225065 0.682674 -0.941891 -3.67097 -4.81417 -816.089 0 
2 825.321 0.299656 0.0223472 0.685365 -0.974358 -3.63029 -4.65625 -817.034 0 
1 824.84 0.296969 0.0224401 0.686838 -0.960532 -3.36891 -4.72192 -816.75 0 
1 824.68 0.30347 0.0225697 0.678687 -0.923472 -3.66464 -5.10509 -815.91 0 
5 824.375 0.306132 0.0225049 0.677103 -0.932702 -3.38599 -5.05623 -815.932 0 
1 823.483 0.305841 0.0224034 0.678788 -0.95107 -2.44158 -4.97472 -816.066 0 
2 824.378 0.305589 0.0223376 0.679762 -0.963809 -3.05339 -5.022 -816.303 0 
2 824.532 0.303688 0.0222378 0.683021 -0.984998 -2.3776 -5.07285 -817.081 0 
2 823.469 0.308744 0.0223244 0.676294 -0.950898 -2.12339 -5.33196 -816.013 0 
1 824.279 0.311213 0.0222952 0.67581 -0.966725 -2.10738 -6.01844 -816.153 0 
1 825.646 0.312222 0.0221589 0.678361 -1.00377 -1.18808 -7.42464 -817.034 0 
3 823.576 0.304539 0.0223693 0.680695 -0.961939 -2.37316 -4.89266 -816.31 0 
5 823.102 0.310429 0.0224571 0.67426 -0.931449 -1.55101 -5.54239 -816.008 0 
5 822.459 0.305064 0.0223926 0.681315 -0.967294 -1.06165 -4.9855 -816.412 0 
9 822.129 0.305463 0.0225011 0.68041 -0.953777 -1.0675 -4.94531 -816.116 0 
2 821.981 0.306983 0.0224961 0.679411 -0.953454 -0.802959 -5.10688 -816.071 0 
2 823.275 0.312508 0.0225905 0.675918 -0.95032 -1.28888 -5.9871 -815.999 0 
2 823.757 0.305993 0.022564 0.681654 -0.957562 -2.58319 -5.01089 -816.163 0 
5 826.63 0.307661 0.0224477 0.683933 -0.994404 -3.72436 -5.82194 -817.084 0 
1 825.967 0.308772 0.0223946 0.682655 -0.994425 -2.91803 -6.06012 -816.989 0 
7 825.868 0.309779 0.0223579 0.681113 -0.989099 -3.00829 -6.12632 -816.733 0 
2 824.029 0.312397 0.0223459 0.677698 -0.978166 -1.24225 -6.47467 -816.312 0 
5 824.413 0.307676 0.0222998 0.68355 -1.00667 -0.549041 -6.27327 -817.59 0 
1 822.436 0.307137 0.0223757 0.681819 -0.983027 -0.196397 -5.509 -816.731 0 
11 822.432 0.310626 0.022408 0.677754 -0.969744 -0.285973 -5.92673 -816.219 0 
2 822.602 0.312304 0.0224273 0.673633 -0.940084 -0.736388 -5.86017 -816.005 0 
2 823.751 0.316347 0.0224336 0.669611 -0.927145 -0.799403 -6.64434 -816.307 0 
1 823.868 0.313638 0.0223322 0.671304 -0.934279 -1.69391 -6.09164 -816.082 0 
1 823.904 0.308471 0.0222799 0.676463 -0.951378 -2.59133 -5.29181 -816.021 0 
1 823.874 0.305491 0.0222514 0.680955 -0.976335 -2.08237 -5.15412 -816.638 0 
1 824.263 0.309824 0.0221951 0.678957 -0.986178 -1.50427 -6.11561 -816.643 0 
3 823.185 0.308176 0.0224348 0.681367 -0.978813 -1.06491 -5.5828 -816.538 0 
2 823.175 0.308372 0.0225091 0.679263 -0.955681 -1.80769 -5.29733 -816.07 0 
3 824.032 0.30759 0.0226504 0.678405 -0.935138 -2.887 -5.20004 -815.945 0 
3 823.489 0.310515 0.0225701 0.676748 -0.943349 -1.95554 -5.55911 -815.974 0 
3 823.695 0.316014 0.0223975 0.674011 -0.965829 -0.482451 -7.14314 -816.07 0 
6 824.169 0.313535 0.0224191 0.677864 -0.984517 -0.776854 -6.99561 -816.397 0 
1 822.518 0.311161 0.0225379 0.676131 -0.946567 -0.84522 -5.68877 -815.984 0 
10 822.46 0.309828 0.0225349 0.677717 -0.951884 -0.951168 -5.49846 -816.011 0 
2 822.411 0.309225 0.0224419 0.678393 -0.959423 -0.843995 -5.46792 -816.099 0 
3 823.473 0.304808 0.0223746 0.684433 -0.988694 -1.11053 -5.23973 -817.123 0 
1 823.017 0.312459 0.0225191 0.672961 -0.928879 -1.05603 -5.86348 -816.098 0 
3 823.229 0.309781 0.0223836 0.680699 -0.988738 -0.332719 -6.174 -816.722 0 
3 823.005 0.304391 0.0224176 0.685561 -0.996377 -0.14527 -5.37287 -817.487 0 
3 825.249 0.299419 0.0223903 0.687653 -0.979137 -3.32488 -4.67096 -817.253 0 
3 826.772 0.300818 0.022353 0.686879 -0.981873 -4.80264 -4.7407 -817.229 0 
1 828.229 0.305249 0.0222684 0.686294 -1.01212 -4.19207 -5.88631 -818.15 0 
1 827.084 0.300151 0.0221762 0.690183 -1.02607 -1.65019 -5.62285 -819.811 0 
2 826.524 0.298112 0.0222594 0.687585 -0.981222 -4.38066 -4.65855 -817.485 0 
1 825.044 0.305192 0.0222374 0.683079 -0.987654 -2.72609 -5.27017 -817.048 0 
1 824.764 0.305041 0.0222152 0.680647 -0.972805 -3.15629 -5.04458 -816.563 0 
1 825.031 0.300871 0.022222 0.686186 -0.993258 -2.37652 -4.91278 -817.742 0 
7 824.917 0.301935 0.0222352 0.686127 -0.99586 -2.13542 -5.03915 -817.742 0 
1 824.063 0.302847 0.022254 0.684462 -0.987098 -1.82812 -4.98871 -817.246 0 
6 822.825 0.306689 0.0222987 0.681553 -0.984439 -0.539816 -5.47579 -816.81 0 
1 823.009 0.313546 0.0223299 0.673223 -0.952065 -0.747993 -6.25181 -816.009 0 
11 823.163 0.31597 0.0223401 0.67262 -0.96021 -0.0936417 -7.02689 -816.042 0 
3 823.49 0.317539 0.0223821 0.671722 -0.957789 -0.0209599 -7.41455 -816.054 0 
6 824.273 0.317349 0.022337 0.673584 -0.976408 -0.217431 -7.90626 -816.149 0 
1 823.902 0.31739 0.022483 0.671645 -0.951316 -0.593933 -7.23948 -816.069 0 
1 825.878 0.317353 0.0223747 0.675192 -0.990972 -0.994062 -8.5133 -816.371 0 
1 824.617 0.313708 0.0223986 0.678248 -0.991246 -0.778833 -7.28988 -816.548 0 
2 826.265 0.311194 0.0222659 0.681845 -1.02011 -0.638635 -7.81852 -817.808 0 
2 826.262 0.316366 0.0223278 0.675009 -0.990229 -1.6527 -8.21375 -816.395 0 
1 828.075 0.319959 0.0223104 0.673677 -0.999862 -1.65707 -9.97255 -816.445 0 
1 827.67 0.319853 0.0223001 0.668987 -0.960646 -3.22805 -8.35318 -816.089 0 
5 827.678 0.321929 0.0225215 0.663703 -0.90886 -2.33258 -8.07011 -817.275 0 
10 825.007 0.318739 0.0225249 0.668632 -0.931635 -1.33497 -7.31347 -816.359 0 
2 825.182 0.320297 0.0223892 0.670738 -0.966768 -0.478811 -8.61341 -816.09 0 
3 823.563 0.315241 0.0224055 0.674531 -0.96473 -0.605228 -6.89214 -816.066 0 
4 823.242 0.311356 0.0224955 0.6779 -0.964052 -1.1997 -5.92964 -816.112 0 
4 823.288 0.307992 0.0224525 0.682717 -0.991925 -0.431992 -5.89177 -816.964 0 
2 823.189 0.309383 0.0224589 0.681184 -0.986963 -0.44238 -6.05134 -816.695 0 
2 823.236 0.313181 0.0224399 0.674358 -0.954896 -0.993717 -6.22684 -816.016 0 
2 823.019 0.307958 0.0223917 0.678719 -0.964771 -1.4371 -5.3584 -816.224 0 
2 824.067 0.302521 0.0223517 0.685275 -0.991517 -1.52717 -5.06831 -817.472 0 
3 824.887 0.303554 0.0222394 0.686395 -1.01381 -0.638258 -5.77216 -818.476 0 
1 824.112 0.301234 0.0225734 0.683152 -0.950149 -3.19632 -4.71276 -816.203 0 
6 823.722 0.303289 0.0225285 0.681983 -0.956119 -2.70943 -4.77367 -816.239 0 
2 822.405 0.307484 0.0224712 0.678084 -0.949159 -1.23986 -5.15228 -816.013 0 
3 822.539 0.309765 0.0224573 0.675457 -0.938892 -1.13521 -5.43657 -815.967 0 
3 822.669 0.310839 0.0223952 0.675884 -0.950648 -1.01068 -5.66117 -815.998 0 
12 822.115 0.311172 0.0224491 0.676676 -0.958603 -0.233598 -5.82733 -816.054 0 
5 821.947 0.306176 0.0224454 0.680514 -0.961579 -0.656908 -5.05951 -816.231 0 
1 822.833 0.306052 0.0226006 0.678976 -0.939109 -1.86125 -5.02 -815.951 0 
5 822.575 0.307486 0.0225032 0.67758 -0.939478 -1.46554 -5.15737 -815.952 0 
4 822.953 0.312248 0.0224481 0.676548 -0.960993 -0.818753 -6.07113 -816.063 0 
3 822.457 0.310378 0.0224751 0.675271 -0.941146 -0.95158 -5.53294 -815.973 0 
2 822.507 0.306677 0.0223642 0.682085 -0.982894 -0.320913 -5.42611 -816.76 0 
1 822.744 0.307596 0.0223728 0.682174 -0.990414 -0.0213248 -5.77936 -816.943 0 
2 822.691 0.3032 0.0223543 0.684239 -0.981394 -0.760649 -4.94287 -816.987 0 
1 822.44 0.301267 0.0224563 0.685897 -0.977183 -0.700649 -4.74137 -816.998 0 
2 823.28 0.305665 0.0225995 0.681013 -0.94912 -2.26578 -4.96916 -816.045 0 
4 824.898 0.30955 0.0224745 0.676346 -0.93792 -3.51621 -5.41713 -815.965 0 
1 822.164 0.307017 0.0223745 0.680091 -0.968585 -0.571717 -5.24879 -816.343 0 
5 822.445 0.307632 0.0223802 0.678124 -0.954704 -1.17481 -5.19689 -816.073 0 
1 822.925 0.308382 0.0223661 0.677556 -0.952313 -1.61247 -5.28114 -816.031 0 
13 825.008 0.310133 0.0224295 0.673022 -0.919588 -3.28746 -5.59717 -816.124 0 
3 824.108 0.30619 0.0223541 0.678448 -0.954128 -2.98609 -5.02145 -816.101 0 
1 824.186 0.305174 0.0223184 0.680883 -0.972011 -2.59029 -5.06383 -816.532 0 
7 822.547 0.305521 0.0225658 0.679687 -0.94411 -1.59872 -4.9558 -815.993 0 
1 822.778 0.304574 0.022355 0.684382 -0.991174 -0.251941 -5.28151 -817.245 0 
3 824.522 0.305414 0.022355 0.686174 -1.01488 -0.117354 -6.12964 -818.275 0 
1 824.02 0.310619 0.0223517 0.680621 -0.999371 -0.231126 -6.77778 -817.011 0 
1 824.213 0.306922 0.0225833 0.682989 -0.982423 -1.99492 -5.49133 -816.727 0 
2 824.8 0.309213 0.0226882 0.679972 -0.961709 -3.15616 -5.51206 -816.132 0 
5 828.46 0.312689 0.0228573 0.675289 -0.929959 -6.46338 -5.90245 -816.094 0 
1 823.555 0.307402 0.0226757 0.680591 -0.954848 -2.30882 -5.16591 -816.08 0 
1 824.891 0.309944 0.022689 0.678041 -0.950895 -3.36486 -5.52383 -816.003 0 
1 823.685 0.305036 0.0224469 0.685225 -0.999272 -0.552027 -5.58587 -817.547 0 
1 823.868 0.30364 0.0226664 0.681716 -0.939381 -2.98675 -4.90671 -815.974 0 
1 823.214 0.29994 0.0224742 0.687757 -0.980674 -1.25039 -4.69717 -817.266 0 
1 823.746 0.299702 0.0223939 0.685154 -0.965689 -2.38538 -4.64588 -816.714 0 
4 822.514 0.304361 0.0224752 0.684663 -0.983483 -0.448943 -5.10017 -816.965 0 
3 822.34 0.304622 0.0225504 0.680885 -0.949152 -1.39288 -4.8766 -816.07 0 
2 823.331 0.311856 0.0226253 0.675163 -0.938075 -1.55784 -5.7691 -816.004 0 
1 822.925 0.309606 0.0224084 0.678446 -0.963381 -1.20094 -5.57817 -816.146 0 
1 822.921 0.311624 0.0223251 0.677876 -0.981656 -0.0590921 -6.44035 -816.422 0 
3 822.81 0.309806 0.0224478 0.676427 -0.951773 -1.2897 -5.51006 -816.01 0 
2 823.345 0.312532 0.0225072 0.676732 -0.966295 -0.943967 -6.2844 -816.116 0 
4 824.273 0.316785 0.0225865 0.67152 -0.938156 -1.27023 -6.84368 -816.159 0 
2 824.029 0.315936 0.0225954 0.67152 -0.932091 -1.2489 -6.57688 -816.203 0 
4 825.119 0.320345 0.0225293 0.667684 -0.926964 -0.859671 -7.69422 -816.565 0 
1 824.711 0.314109 0.0225415 0.670193 -0.91173 -1.96252 -6.24076 -816.507 0 
2 822.798 0.308597 0.0223142 0.677685 -0.961395 -1.25119 -5.40281 -816.144 0 
3 822.321 0.311766 0.0223815 0.67526 -0.954393 -0.414982 -5.89039 -816.016 0 
6 824.065 0.312545 0.0222348 0.677023 -0.98763 -0.654722 -6.89108 -816.52 0 
6 824.118 0.315462 0.0222979 0.673002 -0.966456 -0.9641 -7.07658 -816.077 0 
1 823.581 0.315053 0.0224105 0.672885 -0.95514 -0.863083 -6.69263 -816.025 0 
1 825.083 0.313406 0.0222982 0.67676 -0.989247 -1.33579 -7.23371 -816.514 0 
1 826.775 0.311118 0.0222994 0.675905 -0.970076 -4.46439 -6.10166 -816.209 0 
1 825.466 0.315528 0.0222867 0.672903 -0.968997 -2.17195 -7.1959 -816.099 0 
2 822.698 0.313529 0.0223794 0.675614 -0.968019 -0.0372669 -6.54275 -816.118 0 
1 823.128 0.313261 0.0225679 0.674878 -0.947017 -1.01641 -6.10774 -816.004 0 
3 823.311 0.312901 0.0224661 0.677354 -0.972945 -0.616308 -6.49339 -816.201 0 
6 822.047 0.308775 0.0224248 0.678112 -0.957133 -0.58924 -5.37817 -816.079 0 
5 821.976 0.304851 0.0224934 0.682056 -0.964342 -0.690575 -4.93439 -816.351 0 
3 822.114 0.308977 0.0225056 0.678614 -0.957204 -0.628113 -5.40953 -816.076 0 
2 822.042 0.308783 0.0224916 0.67917 -0.963605 -0.408676 -5.45926 -816.174 0 
4 822.333 0.305657 0.022514 0.680398 -0.951133 -1.29838 -4.96319 -816.072 0 
2 822.183 0.308877 0.0225198 0.678361 -0.953243 -0.789242 -5.3602 -816.033 0 
1 822.223 0.311142 0.0224605 0.675507 -0.94681 -0.550113 -5.68923 -815.984 0 
1 822.178 0.307435 0.0223751 0.680762 -0.976713 -0.210737 -5.4425 -816.525 0 
4 824.317 0.304667 0.0222883 0.685988 -1.01078 -0.338421 -5.82204 -818.156 0 
1 823.739 0.304078 0.0223599 0.686469 -1.00795 -0.00110324 -5.65251 -818.085 0 
1 828.212 0.310125 0.0223065 0.683394 -1.01758 -3.1409 -7.25722 -817.814 0 
2 824.361 0.311869 0.0224363 0.676738 -0.958233 -2.38758 -5.93083 -816.043 0 
1 824.985 0.319124 0.0224567 0.671134 -0.954005 -1.1076 -7.77851 -816.099 0 
2 825.186 0.31607 0.0223096 0.675665 -0.986863 -1.01563 -7.83036 -816.34 0 
2 823.352 0.316892 0.0224095 0.671931 -0.952482 -0.205913 -7.09224 -816.054 0 
1 823.674 0.312613 0.0223285 0.67826 -0.989765 -0.167206 -6.93534 -816.571 0 
2 822.794 0.314493 0.0224791 0.672756 -0.943165 -0.407649 -6.3467 -816.04 0 
4 823.682 0.316646 0.022477 0.672838 -0.957088 -0.495888 -7.14379 -816.043 0 
1 824.405 0.318356 0.0225144 0.670309 -0.943423 -0.873583 -7.36966 -816.161 0 
2 824.506 0.314639 0.0226059 0.67305 -0.933924 -2.09276 -6.28991 -816.123 0 
1 825.961 0.319272 0.0226451 0.668382 -0.921914 -1.98628 -7.35939 -816.615 0 
7 826.562 0.320034 0.0225651 0.670545 -0.952712 -2.3204 -8.10662 -816.135 0 
3 828.129 0.319614 0.0226027 0.671522 -0.958081 -3.90397 -8.13303 -816.092 0 
3 830.809 0.324445 0.0224558 0.66691 -0.958972 -4.52133 -10.0483 -816.239 0 
2 832.41 0.324342 0.0222803 0.6702 -1.00119 -3.98845 -12.0935 -816.328 0 
1 830.54 0.324892 0.0224094 0.666829 -0.96377 -3.9054 -10.4229 -816.212 0 
5 830.355 0.327495 0.0225389 0.663933 -0.93987 -2.97792 -10.6011 -816.776 0 
1 828.229 0.324313 0.0226191 0.664796 -0.921882 -2.25668 -8.93386 -817.038 0 
1 828.063 0.320854 0.0225708 0.668637 -0.931136 -3.69355 -7.86763 -816.502 0 
2 827.605 0.319441 0.0224947 0.673474 -0.974795 -2.9727 -8.51681 -816.115 0 
1 826.984 0.312721 0.0222803 0.678765 -0.991925 -3.41157 -6.94853 -816.623 0 
1 827.37 0.311188 0.0222722 0.681236 -1.00632 -3.07937 -7.07176 -817.219 0 
2 826.248 0.315067 0.0223214 0.677856 -1.00009 -1.49917 -8.04193 -816.707 0 
2 822.713 0.313721 0.0224125 0.674928 -0.959496 -0.277906 -6.39573 -816.039 0 
3 822.487 0.310057 0.0225055 0.677569 -0.953383 -0.918642 -5.54808 -816.02 0 
2 823.38 0.312574 0.0225453 0.674283 -0.936648 -1.45821 -5.89154 -816.03 0 
3 823.816 0.315859 0.0225485 0.67316 -0.948382 -1.02937 -6.73975 -816.047 0 
3 823.429 0.307963 0.0225316 0.678404 -0.953541 -2.13486 -5.24193 -816.052 0 
1 823.053 0.304296 0.022563 0.683171 -0.96904 -1.62679 -4.92339 -816.503 0 
1 824.009 0.301714 0.0224259 0.686913 -0.99573 -1.18386 -5.06281 -817.762 0 
1 823.206 0.306072 0.0223974 0.683942 -0.997021 -0.170411 -5.69622 -817.339 0 
4 823.606 0.306621 0.0223623 0.682459 -0.99182 -0.848683 -5.67911 -817.079 0 
5 824.11 0.306972 0.022286 0.682288 -0.99765 -0.921347 -5.9125 -817.276 0 
3 824.595 0.312252 0.0222963 0.676607 -0.980713 -1.59439 -6.62904 -816.371 0 
1 824.354 0.303331 0.0223639 0.681974 -0.967176 -3.02228 -4.82172 -816.51 0 
6 823.786 0.310384 0.0222602 0.675751 -0.960769 -1.97303 -5.72168 -816.091 0 
4 825.471 0.310867 0.0221842 0.675434 -0.967809 -3.33227 -5.96 -816.179 0 
1 826.025 0.311878 0.0221271 0.679091 -1.00744 -1.40067 -7.42516 -817.199 0 
4 823.863 0.316273 0.0222806 0.671187 -0.95446 -0.827939 -6.9959 -816.039 0 
2 826.897 0.321376 0.0223031 0.664106 -0.922176 -2.13291 -7.99213 -816.772 0 
2 826.902 0.318275 0.0221358 0.669745 -0.96605 -2.88216 -7.94859 -816.071 0 
4 831.72 0.323465 0.0222906 0.663728 -0.937686 -6.15482 -9.03349 -816.531 0 
4 830.319 0.321719 0.0224165 0.66351 -0.916326 -5.26608 -8.06788 -816.985 0 
5 828.237 0.321581 0.0224203 0.663837 -0.916023 -3.24211 -8.01181 -816.983 0 
3 827.928 0.317854 0.02244 0.664651 -0.899078 -3.63027 -7.05467 -817.243 0 
3 826.71 0.321871 0.0224625 0.663301 -0.906851 -1.31925 -8.04323 -817.348 0 
1 824.133 0.317875 0.0224013 0.668344 -0.927044 -0.717247 -7.01674 -816.399 0 
3 824.251 0.317613 0.0222371 0.67042 -0.956886 -0.770035 -7.42411 -816.057 0 
3 825.085 0.319158 0.0222299 0.669179 -0.952522 -1.21064 -7.76572 -816.109 0 
2 825.296 0.321535 0.0223089 0.6684 -0.954494 -0.508269 -8.61679 -816.171 0 
2 824.647 0.312934 0.0221798 0.677103 -0.992302 -0.895345 -7.13093 -816.621 0 
6 824.475 0.308557 0.022205 0.678003 -0.973285 -2.50175 -5.59587 -816.377 0 
3 824.941 0.30793 0.0221543 0.679663 -0.984358 -2.53438 -5.69055 -816.716 0 
1 824.528 0.306389 0.022193 0.68042 -0.980571 -2.4653 -5.35647 -816.706 0 
2 822.763 0.314779 0.022375 0.672693 -0.950126 -0.237402 -6.50358 -816.022 0 
2 823.499 0.309888 0.0223411 0.676213 -0.950402 -2.00372 -5.49522 -816 0 
4 824.397 0.31365 0.0222166 0.675293 -0.97446 -1.47874 -6.7151 -816.204 0 
2 825.481 0.314169 0.0223791 0.669371 -0.915462 -2.8426 -6.2182 -816.42 0 
4 824.021 0.317481 0.0224926 0.670477 -0.936378 -0.817334 -6.99105 -816.213 0 
1 823.282 0.314651 0.0224817 0.671561 -0.930818 -0.836178 -6.28285 -816.163 0 
1 823.595 0.308902 0.0223653 0.677161 -0.950446 -2.24341 -5.34367 -816.008 0 
2 824.102 0.30292 0.0223598 0.687847 -1.01132 -0.121571 -5.55421 -818.426 0 
1 824.092 0.305296 0.0224737 0.683406 -0.973836 -2.45883 -5.05679 -816.577 0 
5 823.69 0.305017 0.0226579 0.680832 -0.940568 -2.76202 -4.95964 -815.968 0 
2 822.898 0.31125 0.0225873 0.674973 -0.93519 -1.23172 -5.66056 -816.005 0 
2 822.73 0.303673 0.0226175 0.683718 -0.961614 -1.56861 -4.81576 -816.345 0 
1 822.899 0.308532 0.0225962 0.678414 -0.950534 -1.58845 -5.29833 -816.013 0 
1 822.286 0.30936 0.0224479 0.679612 -0.974257 -0.176377 -5.74877 -816.361 0 
10 822.527 0.311856 0.0225171 0.674506 -0.938964 -0.753901 -5.77227 -816.001 0 
13 822.083 0.309868 0.0224445 0.67717 -0.954154 -0.526299 -5.52775 -816.029 0 
1 822.482 0.308912 0.0223797 0.676982 -0.953418 -1.07331 -5.37375 -816.035 0 
2 823.977 0.302006 0.0222658 0.685538 -0.992346 -1.40712 -5.00303 -817.567 0 
4 824.7 0.306849 0.0222162 0.683559 -1.01033 -0.572905 -6.26993 -817.857 0 
1 825.483 0.31544 0.0221715 0.674957 -0.991972 -1.07462 -7.9327 -816.475 0 
3 824.705 0.317765 0.0222598 0.670941 -0.964145 -0.93731 -7.70479 -816.063 0 
2 824.19 0.309662 0.0222043 0.67907 -0.985195 -1.51551 -6.04934 -816.625 0 
2 824.091 0.313072 0.0223684 0.677308 -0.977515 -1.18649 -6.63017 -816.274 0 
5 823.551 0.313992 0.0224278 0.676424 -0.973305 -0.593547 -6.78033 -816.177 0 
5 824.626 0.318464 0.0224311 0.671104 -0.950877 -1.02847 -7.49757 -816.1 0 
3 822.5 0.313606 0.0224353 0.674664 -0.956105 -0.163288 -6.31558 -816.021 0 
1 822.339 0.311815 0.0224092 0.676836 -0.967309 -0.0696769 -6.12362 -816.146 0 
1 823.796 0.313492 0.0225419 0.674377 -0.950184 -1.5672 -6.22281 -816.006 0 
1 823.904 0.312025 0.0225303 0.6787 -0.976173 -1.24816 -6.36797 -816.288 0 
1 823.906 0.316612 0.0224865 0.672307 -0.947528 -0.924377 -6.91188 -816.069 0 
3 822.817 0.315208 0.022423 0.672043 -0.944271 -0.238306 -6.52694 -816.052 0 
2 822.558 0.306155 0.0223777 0.683065 -0.988272 -0.108615 -5.46274 -816.987 0 
1 823.533 0.30585 0.0224077 0.684837 -0.998902 -0.425814 -5.66429 -817.443 0 
1 824.841 0.307637 0.0225091 0.678194 -0.940083 -3.70068 -5.18681 -815.954 0 
8 823.54 0.30222 0.0225076 0.682449 -0.947048 -2.63879 -4.79318 -816.108 0 
1 824.688 0.305417 0.0226633 0.682225 -0.95248 -3.64262 -4.94802 -816.098 0 
1 823.583 0.301534 0.0224999 0.688627 -0.999445 -0.532182 -5.07893 -817.972 0 
4 825.364 0.296531 0.0224141 0.692834 -1.01378 -0.713016 -5.04065 -819.61 0 
3 822.899 0.302082 0.0224529 0.687214 -0.994302 -0.209472 -5.03974 -817.65 0 
3 822.203 0.303703 0.0224265 0.682875 -0.968489 -0.823759 -4.85535 -816.524 0 
1 823.109 0.300025 0.0224631 0.685089 -0.961485 -1.88959 -4.66247 -816.557 0 
8 823.658 0.307808 0.0224488 0.679064 -0.95361 -2.39503 -5.20759 -816.056 0 
1 826.721 0.30473 0.0227149 0.680907 -0.932411 -5.73613 -5.05921 -815.925 0 
1 823.325 0.298161 0.0224542 0.687746 -0.973847 -1.53103 -4.6388 -817.155 0 
5 822.771 0.301993 0.0224557 0.683525 -0.963228 -1.5766 -4.71287 -816.482 0 
2 823.96 0.298922 0.0224157 0.685581 -0.963022 -2.62379 -4.65202 -816.684 0 
4 824.346 0.297524 0.0224683 0.686774 -0.958845 -2.9659 -4.73043 -816.65 0 
3 822.742 0.303461 0.0224714 0.684422 -0.973911 -1.16587 -4.87144 -816.705 0 
4 822.755 0.30368 0.0224126 0.682485 -0.963131 -1.55091 -4.82154 -816.382 0 
1 822.748 0.303154 0.022362 0.684825 -0.987388 -0.480631 -5.03979 -817.228 0 
8 822.897 0.30871 0.022384 0.68018 -0.975418 -0.859571 -5.61745 -816.42 0 
2 823.859 0.304682 0.0222563 0.682844 -0.983457 -1.78345 -5.13891 -816.936 0 
3 824.789 0.311565 0.0222584 0.676727 -0.969109 -2.54989 -6.05931 -816.179 0 
1 824.211 0.309589 0.0222517 0.677719 -0.967437 -2.3592 -5.63771 -816.214 0 
2 826.148 0.310017 0.022198 0.678203 -0.975973 -3.91282 -5.86592 -816.369 0 
1 824.362 0.310409 0.0222785 0.677915 -0.971421 -2.24367 -5.86099 -816.258 0 
3 822.923 0.311716 0.0223924 0.674882 -0.947069 -1.14417 -5.7911 -815.988 0 
4 822.822 0.312009 0.0225541 0.675185 -0.945379 -0.986962 -5.84514 -815.99 0 
2 823.641 0.312263 0.0225511 0.673228 -0.931955 -1.7552 -5.82781 -816.058 0 
7 823.347 0.305338 0.0226435 0.682727 -0.964694 -2.02046 -4.99119 -816.335 0 
1 824.904 0.3101 0.022587 0.679444 -0.972149 -2.73393 -5.88615 -816.284 0 
2 825.627 0.314459 0.0224111 0.678138 -0.997205 -1.15947 -7.80395 -816.663 0 
2 825.452 0.322366 0.0224654 0.667152 -0.940766 -0.459416 -8.59346 -816.399 0 
2 826.202 0.318745 0.0224618 0.673234 -0.970299 -1.99492 -8.11713 -816.09 0 
1 827.246 0.320852 0.0226383 0.667293 -0.917851 -2.62257 -7.76454 -816.859 0 
1 827.353 0.317745 0.0226513 0.666406 -0.893173 -2.73236 -7.14268 -817.478 0 
9 823.427 0.317189 0.0223722 0.671844 -0.956355 -0.111001 -7.26513 -816.051 0 
1 825.075 0.312426 0.0224074 0.673137 -0.93234 -3.15505 -5.85984 -816.06 0 
3 825.184 0.317767 0.0223425 0.669497 -0.937099 -1.90248 -7.0654 -816.216 0 
1 824.751 0.317 0.0222466 0.671158 -0.955176 -1.53817 -7.16408 -816.049 0 
8 823.688 0.314107 0.0223787 0.674215 -0.955141 -1.27614 -6.39311 -816.019 0 
3 823.006 0.313725 0.0223839 0.675999 -0.971528 -0.17611 -6.67152 -816.159 0 
4 823.04 0.3147 0.0224654 0.671599 -0.933442 -0.602222 -6.30647 -816.131 0 
3 822.526 0.31274 0.0224241 0.675578 -0.958402 -0.342941 -6.14664 -816.037 0 
3 823.1 0.307571 0.022409 0.682739 -0.991187 -0.350817 -5.77671 -816.973 0 
3 823.038 0.301036 0.0224666 0.688146 -0.993971 -0.35133 -4.92919 -817.757 0 
3 822.1 0.309332 0.0224783 0.678699 -0.962004 -0.443337 -5.5239 -816.133 0 
1 822.179 0.306308 0.0224981 0.681418 -0.968857 -0.63805 -5.15634 -816.385 0 
5 823.121 0.306584 0.0225585 0.677587 -0.933737 -2.08942 -5.09479 -815.936 0 
2 822.613 0.306264 0.0224007 0.683266 -0.989082 -0.107656 -5.498 -817.007 0 
1 824.421 0.30319 0.0223477 0.686717 -1.00852 -0.618343 -5.56836 -818.234 0 
1 824.408 0.298603 0.0223948 0.689499 -0.999597 -1.15211 -4.88074 -818.376 0 
3 823.268 0.300146 0.0225102 0.684587 -0.957353 -2.166 -4.671 -816.431 0 
1 823.81 0.304137 0.0226628 0.679771 -0.930507 -2.89081 -5.00053 -815.919 0 
3 823.233 0.302314 0.0225031 0.682498 -0.954572 -2.25665 -4.72719 -816.249 0 
1 822.129 0.30854 0.0223812 0.679643 -0.973373 -0.175002 -5.57358 -816.38 0 
1 822.034 0.310335 0.022464 0.677055 -0.955524 -0.371766 -5.62656 -816.036 0 
1 822.669 0.311951 0.0225368 0.674801 -0.939937 -0.877826 -5.79239 -815.999 0 
2 822.387 0.311398 0.0224196 0.677639 -0.970141 -0.105103 -6.08067 -816.201 0 
1 824.002 0.307986 0.0222645 0.682134 -0.997934 -0.760172 -6.05162 -817.19 0 
2 823.976 0.311837 0.0223114 0.676777 -0.968215 -1.71279 -6.10525 -816.158 0 
5 824.463 0.306268 0.0222972 0.68271 -0.986763 -2.12738 -5.41221 -816.923 0 
1 824.615 0.316712 0.0224885 0.668007 -0.912651 -1.21203 -6.72797 -816.675 0 
4 824.388 0.31409 0.0224978 0.669785 -0.914908 -1.76434 -6.19625 -816.428 0 
2 823.928 0.309543 0.0223305 0.674705 -0.938925 -2.55841 -5.40539 -815.964 0 
5 825.832 0.313991 0.0221661 0.671378 -0.949065 -3.50913 -6.31094 -816.012 0 
1 826.531 0.308495 0.0221896 0.675583 -0.953402 -5.17372 -5.31674 -816.041 0 
3 823.693 0.30901 0.0222431 0.677347 -0.96427 -2.01162 -5.50364 -816.178 0 
3 824.326 0.309859 0.0222611 0.676101 -0.954792 -2.76434 -5.52697 -816.035 0 
1 822.521 0.309148 0.0223779 0.67919 -0.975653 -0.364958 -5.75221 -816.404 0 
4 823.377 0.306601 0.0223848 0.681189 -0.979176 -1.34291 -5.38546 -816.649 0 
4 823.995 0.311361 0.0226051 0.673726 -0.921657 -2.11439 -5.73294 -816.148 0 
2 822.936 0.310015 0.0225255 0.679227 -0.966612 -1.03995 -5.71038 -816.186 0 
2 824.597 0.309343 0.0225568 0.680519 -0.968859 -2.74525 -5.60309 -816.249 0 
1 824.13 0.307675 0.0225526 0.679997 -0.953635 -2.88124 -5.19027 -816.059 0 
1 826.476 0.309506 0.0225566 0.6775 -0.940401 -5.1009 -5.41105 -815.964 0 
4 826.279 0.301541 0.0225049 0.686296 -0.970858 -4.81234 -4.71831 -816.748 0 
3 824.353 0.297451 0.0226487 0.689907 -0.971655 -2.55825 -4.66195 -817.133 0 
1 824.428 0.298991 0.0227135 0.687906 -0.960942 -3.13793 -4.67865 -816.612 0 
1 825.372 0.296095 0.0226375 0.690436 -0.966641 -3.55765 -4.75773 -817.056 0 
1 825.388 0.295843 0.0224411 0.690476 -0.978421 -3.07702 -4.70138 -817.61 0 
1 827.703 0.301228 0.0224398 0.686193 -0.971089 -6.21596 -4.7065 -816.78 0 
1 826.361 0.299435 0.0224074 0.691261 -1.01006 -2.41839 -5.06863 -818.874 0 
1 825.422 0.297336 0.0224775 0.693345 -1.01265 -1.02685 -5.00526 -819.39 0 
1 825.157 0.294803 0.0225828 0.690221 -0.961848 -3.27551 -4.89784 -816.984 0 
1 825.768 0.298901 0.0226019 0.68474 -0.938675 -4.70093 -4.99163 -816.076 0 
1 824.431 0.295706 0.0224951 0.689747 -0.975013 -2.27599 -4.69182 -817.463 0 
1 824.056 0.29547 0.0224907 0.690448 -0.977682 -1.73516 -4.70328 -817.618 0 
6 823.067 0.298665 0.0225665 0.687207 -0.964664 -1.65464 -4.65246 -816.76 0 
5 822.546 0.301497 0.0225543 0.684305 -0.958089 -1.47176 -4.70079 -816.373 0 
4 822.199 0.303265 0.0224381 0.683446 -0.969427 -0.795363 -4.82398 -816.58 0 
9 823.22 0.301705 0.022353 0.684462 -0.973309 -1.662 -4.73868 -816.819 0 
1 822.986 0.306293 0.022378 0.678854 -0.954807 -1.84327 -5.03476 -816.108 0 
9 823.619 0.306874 0.0224392 0.676803 -0.936982 -2.58023 -5.09586 -815.943 0 
4 825.181 0.304924 0.0223147 0.679189 -0.955822 -4.11251 -4.89987 -816.169 0 
2 825.782 0.298468 0.0222513 0.688153 -0.995618 -2.80132 -4.80964 -818.171 0 
1 824.352 0.304012 0.0222372 0.683665 -0.987431 -2.08377 -5.12139 -817.147 0 
1 825.314 0.304449 0.0224222 0.678672 -0.93338 -4.37803 -5.00748 -815.929 0 
5 823.518 0.304467 0.0224133 0.681155 -0.954926 -2.48047 -4.86807 -816.169 0 
2 822.237 0.309147 0.0223655 0.677841 -0.962815 -0.573008 -5.5136 -816.15 0 
9 821.928 0.306815 0.0224409 0.680184 -0.96259 -0.554567 -5.14773 -816.225 0 
4 822.038 0.307503 0.0224933 0.679059 -0.955449 -0.766701 -5.18564 -816.086 0 
9 822.725 0.305477 0.0224054 0.684115 -0.99094 -0.166643 -5.40922 -817.149 0 
4 823.598 0.302773 0.0224652 0.687394 -1.00155 -0.380319 -5.29453 -817.923 0 
3 822.401 0.308543 0.0223566 0.679708 -0.973833 -0.43991 -5.57042 -816.391 0 
1 823.12 0.307528 0.0224522 0.676564 -0.937048 -2.01161 -5.16221 -815.946 0 
2 822.462 0.309389 0.0223332 0.677545 -0.962857 -0.765492 -5.55188 -816.144 0 
1 822.032 0.308925 0.0224246 0.678125 -0.958193 -0.529911 -5.41251 -816.09 0 
4 823.618 0.307951 0.0223608 0.677196 -0.946329 -2.42796 -5.20477 -815.985 0 
2 826.091 0.310291 0.0223984 0.671867 -0.913614 -4.17455 -5.6862 -816.23 0 
7 823.256 0.310455 0.0222912 0.675476 -0.953941 -1.60266 -5.63263 -816.021 0 
3 824.58 0.308091 0.022377 0.675273 -0.930828 -3.35212 -5.26809 -815.96 0 
3 822.737 0.304637 0.0223621 0.681565 -0.965455 -1.42959 -4.91821 -816.389 0 
4 822.457 0.307609 0.0223365 0.679382 -0.967333 -0.85222 -5.31584 -816.289 0 
1 823.903 0.310315 0.02243 0.673183 -0.925374 -2.29427 -5.55019 -816.058 0 
2 822.529 0.313041 0.0224006 0.674211 -0.953043 -0.369516 -6.15109 -816.009 0 
17 823.233 0.308644 0.0223482 0.677149 -0.951268 -1.90332 -5.31229 -816.018 0 
5 823.495 0.311875 0.0222938 0.674967 -0.955442 -1.56093 -5.91277 -816.022 0 
2 823.854 0.310353 0.0224318 0.675482 -0.939706 -2.35428 -5.52658 -815.973 0 
2 823.204 0.306585 0.022542 0.678275 -0.93596 -2.16389 -5.10076 -815.94 0 
2 823.703 0.297311 0.0224223 0.689201 -0.983639 -1.34378 -4.66595 -817.693 0 
2 822.858 0.30445 0.0225378 0.6805 -0.943114 -1.95693 -4.90208 -815.999 0 
1 825.821 0.299027 0.0224753 0.687326 -0.967125 -4.33809 -4.666 -816.817 0 
7 825.581 0.29915 0.022332 0.691918 -1.02455 -0.229611 -5.46207 -819.889 0 
5 823.723 0.301435 0.0225506 0.688404 -0.991768 -1.19988 -4.919 -817.604 0 
1 824.003 0.298325 0.0224239 0.689679 -0.990058 -1.39076 -4.7183 -817.893 0 
2 824.379 0.294562 0.0225893 0.692134 -0.97778 -1.88532 -4.76308 -817.731 0 
4 824.123 0.299055 0.0226352 0.686902 -0.956616 -2.9301 -4.71633 -816.477 0 
10 822.572 0.301585 0.0225583 0.685334 -0.968991 -1.17929 -4.71007 -816.683 0 
3 823.167 0.307795 0.0224718 0.682518 -0.98936 -0.474891 -5.80217 -816.89 0 
2 822.548 0.309988 0.0225181 0.67882 -0.966776 -0.628334 -5.73046 -816.189 0 
4 822.799 0.309562 0.0224326 0.680515 -0.983651 -0.211515 -5.99991 -816.587 0 
5 822.331 0.311942 0.0223837 0.67569 -0.958048 -0.317876 -5.97298 -816.04 0 
2 823.208 0.312253 0.0224646 0.677987 -0.976733 -0.466173 -6.45196 -816.29 0 
4 823.389 0.312763 0.0225304 0.676936 -0.966347 -0.950755 -6.32535 -816.112 0 
6 822.376 0.302511 0.0225484 0.685168 -0.972291 -0.867563 -4.78573 -816.722 0 
1 823.343 0.309126 0.0224351 0.679195 -0.973959 -1.24804 -5.7299 -816.365 0 
4 821.926 0.30782 0.0224668 0.679845 -0.965271 -0.36146 -5.32577 -816.238 0 
4 823.031 0.308658 0.0222884 0.67996 -0.981405 -0.701281 -5.74958 -816.58 0 
18 822.099 0.306216 0.0224604 0.680739 -0.961181 -0.819108 -5.0583 -816.221 0 
2 822.309 0.303905 0.0224598 0.684571 -0.981158 -0.378782 -5.01168 -816.918 0 
2 822.886 0.309899 0.0225948 0.675722 -0.933592 -1.44233 -5.46009 -815.983 0 
4 822.417 0.307166 0.0225242 0.680223 -0.957451 -1.14458 -5.1483 -816.124 0 
3 822.173 0.303369 0.0224844 0.68395 -0.972757 -0.634847 -4.86321 -816.675 0 
4 823.23 0.308535 0.0225854 0.679681 -0.956435 -1.82584 -5.32861 -816.076 0 
3 822.469 0.309942 0.0224277 0.679401 -0.975468 -0.232209 -5.87626 -816.361 0 
4 822.633 0.310317 0.0223591 0.679162 -0.981909 -0.00754567 -6.12897 -816.496 0 
2 823.517 0.311868 0.022348 0.676862 -0.975681 -0.861927 -6.37138 -816.284 0 
1 823.731 0.312233 0.0223363 0.676407 -0.974982 -1.02709 -6.44656 -816.258 0 
2 822.452 0.313048 0.0224611 0.674156 -0.946261 -0.395357 -6.05477 -816.002 0 
2 822.861 0.31021 0.0225281 0.675681 -0.936579 -1.37952 -5.5034 -815.978 0 
3 823.192 0.306108 0.0223944 0.683266 -0.985585 -0.924938 -5.3725 -816.895 0 
4 824.128 0.305265 0.0223458 0.681147 -0.963333 -2.85691 -4.96348 -816.307 0 
1 824.804 0.30426 0.0222269 0.682067 -0.975413 -3.13771 -4.97044 -816.695 0 
1 825.821 0.298564 0.0222409 0.69072 -1.01607 -1.23182 -5.18152 -819.407 0 
2 826.514 0.29512 0.022294 0.693048 -1.00773 -2.19863 -4.8743 -819.441 0 
1 825.707 0.307098 0.0225569 0.67883 -0.938342 -4.61162 -5.14837 -815.947 0 
9 825.49 0.307281 0.0225613 0.679554 -0.945283 -4.36943 -5.1373 -815.983 0 
2 824.901 0.305445 0.0226448 0.678235 -0.921827 -3.72636 -5.22648 -815.949 0 
1 823.924 0.303515 0.0226055 0.680646 -0.94026 -3.08914 -4.85051 -815.985 0 
3 825.528 0.302902 0.0226415 0.679117 -0.916631 -4.30466 -5.29921 -815.924 0 
1 824.924 0.296479 0.022517 0.687266 -0.953104 -3.51457 -4.86791 -816.541 0 
1 827.054 0.295084 0.0224217 0.69015 -0.970853 -4.92301 -4.79224 -817.339 0 
1 826.325 0.29588 0.0224113 0.691003 -0.983835 -3.74772 -4.69793 -817.879 0 
1 824.12 0.29769 0.0224815 0.689581 -0.98061 -1.9598 -4.65679 -817.503 0 
1 827.66 0.304518 0.0226362 0.679441 -0.92311 -6.51444 -5.22037 -815.926 0 
4 825.266 0.304274 0.022688 0.681501 -0.937672 -4.34779 -4.96464 -815.953 0 
3 825.152 0.301175 0.0227258 0.687719 -0.976513 -3.43805 -4.73283 -816.981 0 
1 824.857 0.296177 0.0226455 0.688601 -0.959161 -3.32111 -4.77099 -816.765 0 
2 824.165 0.295435 0.022523 0.69217 -0.991275 -1.08918 -4.72689 -818.349 0 
1 822.148 0.305629 0.0225558 0.681341 -0.95891 -0.96621 -4.9812 -816.2 0 
3 823.736 0.308285 0.0224811 0.68283 -0.992638 -0.802037 -5.96883 -816.965 0 
4 823.118 0.304698 0.0223432 0.684577 -0.993472 -0.447272 -5.34178 -817.328 0 
3 822.941 0.303321 0.0223251 0.684349 -0.985444 -0.789457 -5.01864 -817.133 0 
4 822.525 0.30834 0.0223884 0.681069 -0.98311 -0.1445 -5.73071 -816.65 0 
2 823.093 0.310261 0.0226084 0.677951 -0.952655 -1.49978 -5.5802 -816.013 0 
1 824.893 0.303115 0.0226075 0.679712 -0.923808 -3.84549 -5.14125 -815.907 0 
6 824.336 0.304926 0.0223591 0.678708 -0.942874 -3.41988 -4.92725 -815.989 0 
2 823.188 0.305077 0.0225177 0.678729 -0.934924 -2.25849 -4.99502 -815.934 0 
1 824.266 0.307718 0.0226189 0.676293 -0.921153 -2.89925 -5.35285 -816.014 0 
1 822.939 0.307808 0.0225391 0.676786 -0.932358 -1.76132 -5.22733 -815.951 0 
1 822.696 0.311541 0.022444 0.674185 -0.94137 -0.97741 -5.731 -815.988 0 
1 822.436 0.313398 0.022405 0.674469 -0.956126 -0.139947 -6.27463 -816.021 0 
2 822.901 0.309222 0.0225405 0.676447 -0.941917 -1.57501 -5.36227 -815.964 0 
7 822.733 0.305412 0.0226029 0.679812 -0.941939 -1.80028 -4.95763 -815.975 0 
1 822.668 0.301025 0.022565 0.685254 -0.964302 -1.41803 -4.67509 -816.575 0 
1 824.246 0.29709 0.0226385 0.687199 -0.950969 -2.97148 -4.83658 -816.438 0 
6 823.949 0.297547 0.0225902 0.686798 -0.954052 -2.68702 -4.76336 -816.499 0 
2 823.263 0.301176 0.0224118 0.683726 -0.961797 -2.09161 -4.68019 -816.492 0 
8 823.824 0.300354 0.0224332 0.684058 -0.955378 -2.75748 -4.7002 -816.366 0 
1 825.025 0.306552 0.0225323 0.675335 -0.916414 -3.6834 -5.317 -816.025 0 
3 826.374 0.30304 0.0224677 0.67821 -0.925753 -5.43538 -5.03251 -815.906 0 
1 827.901 0.296003 0.0223953 0.687804 -0.970937 -5.97901 -4.67547 -817.246 0 
2 825.677 0.300243 0.0225662 0.682469 -0.939777 -4.80671 -4.81854 -816.052 0 
4 826.309 0.300768 0.0226487 0.682916 -0.942861 -5.46184 -4.76231 -816.085 0 
1 825.607 0.29672 0.0227153 0.68724 -0.946914 -4.3548 -4.90272 -816.35 0 
2 825.472 0.294769 0.0226289 0.688803 -0.952342 -3.83525 -4.9974 -816.639 0 
1 826.457 0.291643 0.0224882 0.693977 -0.986157 -2.89906 -4.95575 -818.602 0 
1 825.064 0.301614 0.0226081 0.685484 -0.959427 -3.94194 -4.72098 -816.401 0 
3 822.704 0.305973 0.0225419 0.681831 -0.96239 -1.41295 -5.03585 -816.256 0 
4 824.866 0.306093 0.0227419 0.679041 -0.927242 -3.76703 -5.16093 -815.938 0 
1 822.839 0.301034 0.0224706 0.687373 -0.989124 -0.447587 -4.86504 -817.526 0 
6 822.401 0.310446 0.0225218 0.676886 -0.952984 -0.760542 -5.62661 -816.014 0 
1 823.312 0.316137 0.022456 0.67165 -0.945956 -0.449189 -6.79693 -816.066 0 
2 823.253 0.315609 0.0224398 0.671027 -0.934724 -0.584234 -6.5162 -816.153 0 
1 824.089 0.305733 0.0223906 0.679852 -0.952066 -3.03183 -4.97436 -816.083 0 
3 823.782 0.305903 0.0223413 0.678495 -0.948212 -2.76829 -4.98462 -816.029 0 
1 824.822 0.311579 0.022339 0.672026 -0.926755 -3.00609 -5.72694 -816.089 0 
3 824.269 0.313104 0.0225599 0.670867 -0.914463 -1.85966 -6.03423 -816.375 0 
4 825.044 0.30094 0.0224215 0.681631 -0.942447 -4.17005 -4.80069 -816.073 0 
1 824.654 0.304445 0.0224311 0.678419 -0.932607 -3.72574 -5.00246 -815.926 0 
3 822.56 0.303167 0.0224194 0.683277 -0.966911 -1.24734 -4.79948 -816.513 0 
1 822.58 0.300752 0.022446 0.686152 -0.977026 -0.829249 -4.71217 -817.039 0 
3 823.044 0.3025 0.02235 0.683648 -0.971978 -1.54752 -4.78308 -816.713 0 
4 823.019 0.301947 0.0224791 0.682505 -0.950767 -2.09049 -4.74283 -816.186 0 
6 824.571 0.294817 0.0225172 0.692054 -0.98213 -1.90718 -4.73853 -817.925 0 
3 824.81 0.294914 0.022451 0.6923 -0.989186 -1.7715 -4.73579 -818.302 0 
5 825.74 0.292647 0.0226537 0.692247 -0.965947 -3.33302 -5.03028 -817.377 0 
2 824.233 0.296392 0.0226639 0.689366 -0.961486 -2.63792 -4.764 -816.831 0 
5 823.643 0.301177 0.0227004 0.685041 -0.953414 -2.65333 -4.71351 -816.276 0 
1 824.678 0.301143 0.0226176 0.688673 -0.992773 -2.05498 -4.93744 -817.686 0 
3 823.672 0.302454 0.0225813 0.686119 -0.981846 -1.70909 -4.89185 -817.071 0 
6 823.41 0.302217 0.0225843 0.685838 -0.977455 -1.66664 -4.81748 -816.926 0 
5 824.43 0.301189 0.0224821 0.686092 -0.982523 -2.40416 -4.80687 -817.219 0 
1 823.862 0.30384 0.0224596 0.686978 -1.00472 -0.387031 -5.52575 -817.95 0 
3 823.186 0.307486 0.0225119 0.68279 -0.986026 -0.73625 -5.64812 -816.802 0 
1 823.369 0.308723 0.0223861 0.681969 -0.993412 -0.334701 -6.07752 -816.957 0 
1 823.705 0.306716 0.0223579 0.684206 -1.00329 -0.190583 -5.97035 -817.544 0 
5 823.754 0.315336 0.0224342 0.674715 -0.965027 -0.760897 -6.92508 -816.068 0 
1 824.303 0.312512 0.0226679 0.67517 -0.93739 -2.39585 -5.8834 -816.024 0 
3 824.442 0.310079 0.0226019 0.680628 -0.97644 -2.13462 -5.93104 -816.376 0 
1 825.07 0.310739 0.0225866 0.680518 -0.97843 -2.57911 -6.101 -816.39 0 
2 823.44 0.307422 0.0226047 0.682057 -0.973287 -1.62395 -5.38048 -816.436 0 
3 826.882 0.310837 0.0226565 0.681287 -0.983316 -4.10725 -6.2709 -816.504 0 
1 826.862 0.311786 0.0226404 0.680195 -0.982894 -3.90182 -6.5175 -816.443 0 
7 827.103 0.305961 0.0225748 0.686975 -1.01173 -2.92789 -6.1377 -818.037 0 
1 826.427 0.30332 0.0227078 0.685137 -0.972787 -4.8765 -4.87119 -816.679 0 
5 826.648 0.304339 0.0227507 0.681197 -0.94301 -5.78597 -4.86258 -816 0 
2 824.749 0.304341 0.0226625 0.683937 -0.970362 -3.26814 -4.94353 -816.537 0 
2 824.667 0.301832 0.0227068 0.684925 -0.959812 -3.56759 -4.70048 -816.399 0 
1 824.573 0.294756 0.0225775 0.692709 -0.988376 -1.55896 -4.73545 -818.278 0 
6 824.361 0.305647 0.0226902 0.677919 -0.922307 -3.22967 -5.18056 -815.95 0 
2 824.2 0.305316 0.0226601 0.679291 -0.936177 -3.28496 -4.97588 -815.939 0 
1 824.761 0.307798 0.0227014 0.675703 -0.915476 -3.26017 -5.41707 -816.083 0 
3 824.692 0.305876 0.0227482 0.679449 -0.933744 -3.71781 -5.04213 -815.932 0 
1 824.992 0.297378 0.0227297 0.686838 -0.944175 -3.81557 -4.92853 -816.248 0 
2 827.147 0.29059 0.0227632 0.695103 -0.96752 -4.1296 -5.32571 -817.691 0 
3 826.628 0.295291 0.0227746 0.692591 -0.972406 -4.48474 -4.75637 -817.387 0 
1 826.973 0.29606 0.022849 0.688557 -0.943239 -5.62117 -5.06022 -816.292 0 
6 826.277 0.296203 0.0227991 0.689647 -0.957739 -4.77196 -4.79245 -816.713 0 
1 824.476 0.303383 0.0227421 0.684542 -0.959844 -3.36764 -4.79073 -816.318 0 
8 824.503 0.305269 0.0226022 0.685449 -0.986775 -2.22022 -5.27473 -817.008 0 
1 824.496 0.304599 0.0224993 0.685326 -0.995648 -1.62516 -5.43801 -817.433 0 
2 822.317 0.306692 0.0224211 0.681454 -0.977107 -0.39343 -5.34225 -816.582 0 
4 822.27 0.306791 0.0223962 0.681757 -0.981025 -0.151834 -5.42566 -816.692 0 
1 824.15 0.303939 0.0225141 0.685236 -0.989549 -1.70859 -5.20169 -817.24 0 
5 824.324 0.304014 0.0226282 0.682712 -0.96068 -3.1775 -4.83959 -816.307 0 
1 825.283 0.308963 0.0227645 0.677787 -0.936577 -3.99528 -5.32819 -815.959 0 
1 824.02 0.302959 0.0225071 0.687077 -0.998479 -1.01559 -5.25718 -817.748 0 
1 823.382 0.302239 0.0226639 0.684742 -0.957649 -2.32541 -4.73352 -816.323 0 
3 823.011 0.30201 0.0226195 0.68505 -0.961633 -1.85472 -4.71927 -816.437 0 
2 824.943 0.30958 0.0227305 0.677926 -0.938958 -3.56471 -5.41392 -815.965 0 
1 822.903 0.303065 0.0225102 0.684914 -0.979622 -1.04989 -4.91982 -816.933 0 
4 823.887 0.299056 0.0225736 0.689944 -0.992446 -1.17527 -4.7869 -817.925 0 
4 822.668 0.301215 0.0225476 0.686605 -0.975526 -1.00342 -4.72405 -816.94 0 
2 822.268 0.310079 0.022478 0.678625 -0.966442 -0.356837 -5.73074 -816.181 0 
3 823.08 0.306182 0.0225595 0.681799 -0.961631 -1.7945 -5.05389 -816.232 0 
8 825.605 0.3185 0.0226225 0.6675 -0.910251 -1.56407 -7.14253 -816.898 0 
2 824.949 0.314444 0.0225917 0.671874 -0.92273 -2.42616 -6.23923 -816.284 0 
1 823.675 0.312333 0.0226264 0.673668 -0.926849 -1.71033 -5.84744 -816.117 0 
1 823.284 0.310506 0.0224186 0.678663 -0.970021 -1.19769 -5.85755 -816.228 0 
1 824.314 0.313088 0.0222814 0.678164 -0.994676 -0.39605 -7.2402 -816.678 0 
2 823.813 0.316136 0.0224359 0.669449 -0.927911 -0.92545 -6.60648 -816.281 0 
1 826.365 0.316651 0.0224402 0.666993 -0.912343 -2.97685 -6.70925 -816.679 0 
2 827.757 0.308875 0.0225128 0.671239 -0.896171 -5.2877 -5.91317 -816.556 0 
5 827.597 0.306139 0.0225651 0.673854 -0.898792 -5.53854 -5.75359 -816.305 0 
5 825.525 0.305504 0.0225529 0.676213 -0.918066 -4.32317 -5.22573 -815.976 0 
2 823.575 0.303095 0.0223711 0.682064 -0.964173 -2.35032 -4.78318 -816.442 0 
8 822.621 0.306031 0.0224231 0.682291 -0.974826 -0.886215 -5.17671 -816.558 0 
3 822.365 0.308022 0.0223509 0.678615 -0.963176 -0.841313 -5.3311 -816.192 0 
2 822.602 0.310345 0.0223928 0.679219 -0.978966 -0.133702 -6.04595 -816.422 0 
8 823.001 0.307093 0.022559 0.682484 -0.976457 -1.09026 -5.3724 -816.538 0 
3 822.454 0.309071 0.0224833 0.679017 -0.96665 -0.669265 -5.56644 -816.218 0 
2 823.422 0.310035 0.0225182 0.675922 -0.945075 -1.94804 -5.49945 -815.975 0 
3 823.765 0.306024 0.0224901 0.67905 -0.950384 -2.72094 -4.99102 -816.053 0 
1 824.931 0.30624 0.0225576 0.675904 -0.918776 -3.68973 -5.25051 -815.991 0 
4 822.974 0.302724 0.0224373 0.681995 -0.953306 -2.0099 -4.7594 -816.205 0 
1 823.09 0.304509 0.0223554 0.683316 -0.985253 -0.889427 -5.18276 -817.018 0 
2 826.46 0.294681 0.0223665 0.68923 -0.971342 -4.28126 -4.77438 -817.405 0 
2 824.747 0.298007 0.0223123 0.687935 -0.984279 -2.43048 -4.67387 -817.642 0 
4 823.36 0.30061 0.0224205 0.685602 -0.969895 -1.89866 -4.67404 -816.787 0 
1 822.977 0.30276 0.0223881 0.682558 -0.961601 -1.82907 -4.75417 -816.393 0 
3 822.666 0.308405 0.0223094 0.679829 -0.977907 -0.535562 -5.63067 -816.5 0 
1 823.65 0.307902 0.0222553 0.680917 -0.986795 -1.12861 -5.72559 -816.796 0 
1 822.197 0.308738 0.0224716 0.67882 -0.958877 -0.707997 -5.38554 -816.103 0 
10 822.787 0.311468 0.022515 0.677272 -0.963117 -0.715926 -5.97295 -816.098 0 
2 822.788 0.307198 0.0224752 0.678664 -0.953666 -1.58035 -5.1383 -816.069 0 
2 822.648 0.311312 0.0225348 0.676128 -0.95096 -0.883093 -5.76647 -815.998 0 
3 823.61 0.313307 0.0223995 0.677317 -0.982923 -0.309331 -6.92841 -816.372 0 
4 823.776 0.31044 0.0223946 0.675637 -0.953778 -2.10616 -5.64953 -816.02 0 
2 823.079 0.306162 0.0224815 0.677784 -0.936029 -2.08716 -5.05271 -815.939 0 
1 824.287 0.308334 0.0224792 0.677746 -0.95499 -2.91303 -5.31245 -816.062 0 
1 824.073 0.309903 0.0225033 0.674322 -0.931549 -2.62155 -5.4573 -815.994 0 
2 824.592 0.300987 0.0225617 0.684389 -0.961218 -3.4392 -4.66534 -816.487 0 
4 823.013 0.30514 0.0223573 0.684576 -0.99712 -0.058041 -5.51488 -817.44 0 
3 822.413 0.306164 0.022435 0.682784 -0.980635 -0.390522 -5.29774 -816.725 0 
8 822.227 0.307432 0.0224491 0.678641 -0.954857 -0.973647 -5.17335 -816.08 0 
2 822.941 0.312882 0.0225609 0.67406 -0.937927 -0.954265 -5.95743 -816.03 0 
6 824.407 0.314557 0.0225651 0.671481 -0.922558 -1.85339 -6.26016 -816.293 0 
1 824.62 0.304608 0.0223607 0.686976 -1.01398 -0.37292 -5.90993 -818.337 0 
2 824.087 0.310545 0.0223845 0.680635 -0.991705 -0.899938 -6.42671 -816.76 0 
4 822.266 0.306846 0.0223984 0.681962 -0.981475 -0.131648 -5.43179 -816.702 0 
6 823.674 0.306096 0.0223958 0.681205 -0.965401 -2.28894 -5.07051 -816.315 0 
5 823.455 0.304627 0.022338 0.681227 -0.962743 -2.2307 -4.89972 -816.324 0 
2 823.765 0.305034 0.0223427 0.681531 -0.966108 -2.42236 -4.95881 -816.384 0 
2 823.032 0.301325 0.0224009 0.684461 -0.967515 -1.68403 -4.69392 -816.654 0 
6 822.589 0.302843 0.0224099 0.68296 -0.96452 -1.35678 -4.76679 -816.466 0 
1 823.331 0.299598 0.02251 0.685201 -0.955922 -2.20955 -4.69778 -816.424 0 
2 823.628 0.299933 0.0225423 0.684266 -0.947835 -2.64443 -4.77329 -816.21 0 
6 823.978 0.304282 0.0225028 0.684812 -0.978441 -2.18773 -4.99727 -816.793 0 
2 825.444 0.296248 0.0223313 0.692296 -1.00653 -1.40813 -4.86923 -819.167 0 
3 825.744 0.295265 0.0224267 0.688398 -0.961947 -3.96532 -4.83263 -816.946 0 
1 826.231 0.294519 0.0224538 0.688511 -0.957964 -4.42937 -4.94287 -816.859 0 
6 827.292 0.294171 0.0223236 0.69306 -1.00745 -2.79206 -4.90909 -819.591 0 
6 827.115 0.295547 0.0222856 0.693831 -1.02516 -1.21265 -5.25821 -820.644 0 
1 827.844 0.290507 0.0224672 0.696663 -1.00467 -2.70075 -5.07046 -820.073 0 
3 827.784 0.293867 0.0225322 0.688734 -0.946244 -5.9634 -5.31291 -816.508 0 
1 824.662 0.294818 0.0224787 0.691909 -0.983547 -1.92511 -4.73595 -818.001 0 
6 824.533 0.298132 0.0224637 0.688716 -0.976252 -2.62328 -4.65005 -817.26 0 
1 824.815 0.294021 0.022531 0.691126 -0.969903 -2.54595 -4.85914 -817.41 0 
2 826.869 0.289169 0.0225396 0.698316 -1.00105 -1.59943 -5.21345 -820.057 0 
1 826.97 0.297106 0.0227198 0.689693 -0.959829 -5.47464 -4.78038 -816.715 0 
1 824.716 0.29555 0.0226168 0.693364 -0.993952 -1.48753 -4.73933 -818.489 0 
3 824.194 0.301428 0.022593 0.688405 -0.988038 -1.90089 -4.85937 -817.433 0 
3 824.209 0.297547 0.0224541 0.691839 -1.00339 -0.590367 -4.86051 -818.758 0 
12 823.266 0.297631 0.0224866 0.689673 -0.984209 -0.913489 -4.66914 -817.683 0 
6 822.925 0.300885 0.0226117 0.684723 -0.955072 -1.8974 -4.69689 -816.33 0 
1 824.267 0.299428 0.0226484 0.68418 -0.938393 -3.28809 -4.92437 -816.055 0 
7 824.714 0.301355 0.0225494 0.681675 -0.933219 -3.78848 -4.97663 -815.949 0 
3 825.088 0.299084 0.0224364 0.685011 -0.961798 -3.81493 -4.64063 -816.632 0 
1 823.724 0.3008 0.0225024 0.683999 -0.958752 -2.62667 -4.66782 -816.43 0 
1 823.627 0.306022 0.0223666 0.680566 -0.971416 -1.99471 -5.16731 -816.465 0 
1 823.971 0.30411 0.0222632 0.682384 -0.979782 -2.0844 -5.03416 -816.853 0 
1 822.302 0.306173 0.0223792 0.681901 -0.979713 -0.303452 -5.30372 -816.695 0 
2 822.731 0.306538 0.022367 0.679519 -0.958557 -1.49066 -5.07919 -816.162 0 
2 824.514 0.300562 0.0223652 0.689818 -1.01562 -0.0790594 -5.39285 -819.042 0 
5 822.85 0.304202 0.0223932 0.684556 -0.990854 -0.335133 -5.24691 -817.268 0 
5 822.254 0.30562 0.0224612 0.680393 -0.95821 -1.08904 -4.97786 -816.187 0 
5 822.212 0.307908 0.0224685 0.679783 -0.962231 -0.740891 -5.29216 -816.179 0 
3 822.523 0.307546 0.0226025 0.678911 -0.946082 -1.38284 -5.15397 -815.986 0 
1 822.523 0.308291 0.0225062 0.68101 -0.975314 -0.521354 -5.56175 -816.44 0 
1 822.445 0.305967 0.0225626 0.681485 -0.963145 -1.12197 -5.05143 -816.272 0 
5 822.199 0.308161 0.0225458 0.678938 -0.952614 -0.907664 -5.25347 -816.038 0 
3 825.491 0.314119 0.0226442 0.673826 -0.943083 -3.1841 -6.27573 -816.031 0 
1 825.66 0.315244 0.0226377 0.67099 -0.92569 -2.98554 -6.40159 -816.273 0 
2 825.553 0.310054 0.022679 0.676314 -0.939319 -4.10407 -5.479 -815.97 0 
1 824.358 0.308963 0.0226559 0.677098 -0.939839 -3.0753 -5.32308 -815.959 0 
2 823.727 0.309159 0.0226131 0.679281 -0.961478 -2.09116 -5.50645 -816.13 0 
2 824.576 0.304178 0.0226607 0.685955 -0.98264 -2.55705 -5.06922 -816.949 0 
2 824.648 0.293937 0.0226076 0.693211 -0.982104 -1.8205 -4.78855 -818.039 0 
3 826.258 0.29898 0.0227333 0.688764 -0.963752 -4.87563 -4.67809 -816.704 0 
1 825.565 0.295991 0.0227594 0.69125 -0.968244 -3.70011 -4.73281 -817.133 0 
2 826.717 0.293772 0.0227611 0.691879 -0.957642 -4.72324 -5.08198 -816.912 0 
1 826.4 0.299469 0.022679 0.688765 -0.969194 -4.88323 -4.66118 -816.855 0 
9 825.582 0.307433 0.0226622 0.682368 -0.966334 -4.05081 -5.25576 -816.276 0 
1 826.002 0.301985 0.0227096 0.685139 -0.952373 -5.01795 -4.76668 -816.217 0 
1 825.531 0.293281 0.0226096 0.694343 -0.991437 -2.03535 -4.81742 -818.678 0 
4 824.32 0.297663 0.0226936 0.689951 -0.972919 -2.5078 -4.64742 -817.165 0 
2 823.926 0.299823 0.022656 0.68657 -0.957644 -2.77201 -4.69564 -816.458 0 
1 824.144 0.304791 0.0226071 0.679059 -0.927842 -3.12868 -5.0949 -815.92 0 
2 823.756 0.29973 0.0224671 0.685575 -0.967635 -2.3376 -4.64003 -816.779 0 
3 823.427 0.300264 0.0224091 0.684696 -0.96425 -2.14476 -4.656 -816.626 0 
2 823.554 0.301544 0.0223454 0.683973 -0.970973 -2.08494 -4.71754 -816.752 0 
8 823.194 0.299373 0.0223983 0.687623 -0.984567 -0.982781 -4.7116 -817.5 0 
6 825.465 0.294949 0.0225639 0.688658 -0.952244 -3.81859 -5.02374 -816.623 0 
2 823.88 0.299696 0.022532 0.685634 -0.956353 -2.74215 -4.70772 -816.43 0 
2 823.427 0.307467 0.0226445 0.678809 -0.939317 -2.31478 -5.16153 -815.951 0 
1 824.06 0.306236 0.0227045 0.678246 -0.926769 -2.96682 -5.15181 -815.942 0 
3 823.508 0.303934 0.0225936 0.679922 -0.932512 -2.59699 -4.98526 -815.926 0 
4 824.574 0.30208 0.0223964 0.684545 -0.980488 -2.66875 -4.85302 -817.053 0 
2 824.903 0.304964 0.0223009 0.685416 -1.01211 -0.721353 -5.99389 -818.188 0 
1 825.845 0.303942 0.022452 0.683656 -0.982954 -3.76613 -5.09821 -816.981 0 
2 825.663 0.312499 0.0225 0.674829 -0.954529 -3.55792 -6.09028 -816.014 0 
1 824.993 0.31688 0.0225119 0.670008 -0.935045 -1.93016 -6.8585 -816.204 0 
3 824.865 0.305832 0.0222342 0.684928 -1.0126 -0.660251 -6.10548 -818.099 0 
1 823.639 0.315559 0.0224477 0.671114 -0.939573 -0.970556 -6.57074 -816.098 0 
1 823.762 0.3175 0.0225149 0.670379 -0.936423 -0.540127 -7.00834 -816.213 0 
1 822.564 0.313692 0.022396 0.674824 -0.961817 -0.0548398 -6.45406 -816.055 0 
3 822.221 0.308275 0.0224769 0.677328 -0.94527 -1.00234 -5.24173 -815.976 0 
5 822.266 0.311537 0.0224469 0.674991 -0.946156 -0.522866 -5.75785 -815.985 0 
4 822.157 0.309763 0.0224959 0.67779 -0.957999 -0.526686 -5.55996 -816.07 0 
1 822.79 0.30683 0.022451 0.681223 -0.975449 -0.919535 -5.34408 -816.526 0 
1 822.305 0.306392 0.022437 0.681228 -0.972475 -0.611243 -5.222 -816.472 0 
2 823.098 0.310486 0.022457 0.674118 -0.9337 -1.56152 -5.54038 -815.996 0 
3 824.394 0.315738 0.0225872 0.670814 -0.928494 -1.62466 -6.51894 -816.25 0 
4 823.573 0.311526 0.0225766 0.673027 -0.922305 -1.69086 -5.73638 -816.145 0 
6 823.158 0.305794 0.0225066 0.680899 -0.963296 -1.83673 -5.03914 -816.282 0 
1 823.502 0.303057 0.0224419 0.68549 -0.990306 -1.03926 -5.10174 -817.361 0 
1 824.251 0.301247 0.022396 0.686624 -0.992578 -1.62614 -4.9604 -817.664 0 
1 822.844 0.311433 0.0225583 0.674356 -0.932546 -1.12575 -5.69008 -816.028 0 
2 824.187 0.315394 0.022484 0.674383 -0.958002 -1.38079 -6.77255 -816.033 0 
3 825.091 0.318316 0.0224957 0.671927 -0.953335 -1.50174 -7.50768 -816.082 0 
8 824.966 0.318653 0.0225268 0.671391 -0.949959 -1.30391 -7.55026 -816.112 0 
1 823.988 0.31488 0.022582 0.67349 -0.941832 -1.52383 -6.40568 -816.058 0 
1 824.558 0.306997 0.0226431 0.680645 -0.949756 -3.42971 -5.10096 -816.027 0 
4 824.336 0.301936 0.022611 0.685531 -0.962703 -3.143 -4.72257 -816.47 0 
2 823.832 0.299739 0.0226066 0.687158 -0.964618 -2.49188 -4.66392 -816.676 0 
1 825.008 0.301276 0.0225829 0.683808 -0.945471 -4.07644 -4.81919 -816.112 0 
5 824.703 0.298819 0.0224563 0.689027 -0.983294 -2.52231 -4.67785 -817.503 0 
2 823.749 0.299482 0.0223775 0.689071 -0.996711 -0.800244 -4.85371 -818.095 0 
2 822.518 0.30133 0.0224373 0.686068 -0.979765 -0.658611 -4.76669 -817.093 0 
1 822.214 0.310158 0.0224148 0.678609 -0.97197 -0.0777668 -5.85823 -816.278 0 
1 823.285 0.309643 0.0223079 0.676037 -0.951832 -1.80249 -5.47108 -816.012 0 
7 823.066 0.313951 0.0223095 0.673875 -0.958665 -0.593201 -6.43951 -816.033 0 
1 823.311 0.313211 0.0223193 0.673978 -0.953178 -1.13391 -6.16712 -816.01 0 
6 822.774 0.314578 0.0224042 0.672248 -0.943218 -0.368844 -6.36326 -816.042 0 
3 823.764 0.315848 0.0222948 0.673999 -0.975666 -0.162206 -7.43464 -816.167 0 
2 823.448 0.317351 0.0224592 0.67123 -0.946939 -0.227759 -7.12585 -816.094 0 
1 822.722 0.313866 0.022442 0.674948 -0.96129 -0.182525 -6.48898 -816.05 0 
2 823.36 0.31723 0.0224567 0.670542 -0.940645 -0.217463 -6.99455 -816.148 0 
2 822.293 0.310821 0.0224885 0.677681 -0.962297 -0.381036 -5.81063 -816.101 0 
2 822.708 0.301354 0.0225417 0.686886 -0.981319 -0.767631 -4.78648 -817.153 0 
1 822.793 0.301526 0.0225641 0.684745 -0.96403 -1.56643 -4.69251 -816.534 0 
1 823.004 0.30584 0.0224336 0.681945 -0.977212 -1.13548 -5.22796 -816.641 0 
6 823.26 0.309644 0.0224607 0.680887 -0.986936 -0.462242 -6.12063 -816.677 0 
1 824.526 0.305412 0.0222808 0.685495 -1.01434 -0.1607 -6.11898 -818.246 0 
2 824.42 0.303126 0.0222305 0.685708 -1.00358 -1.05268 -5.38602 -817.982 0 
1 824.856 0.302558 0.0222385 0.687006 -1.00874 -1.10202 -5.42117 -818.333 0 
6 824.373 0.309086 0.0223503 0.679411 -0.970568 -2.49693 -5.58261 -816.293 0 
2 823.699 0.311335 0.0223037 0.676788 -0.966265 -1.59381 -5.96275 -816.143 0 
2 823.362 0.308938 0.0222591 0.677751 -0.966258 -1.62721 -5.51954 -816.215 0 
5 822.927 0.307904 0.0225632 0.676605 -0.931873 -1.74225 -5.23139 -815.953 0 
1 823.267 0.310832 0.0224752 0.679122 -0.973653 -0.972146 -6.00984 -816.285 0 
4 822.984 0.303808 0.0224677 0.686073 -0.994103 -0.294535 -5.24044 -817.449 0 
8 822.507 0.302811 0.0225869 0.684589 -0.966372 -1.21534 -4.77196 -816.52 0 
3 823.107 0.302242 0.0225998 0.686513 -0.979177 -1.2912 -4.82766 -816.988 0 
1 823.281 0.303336 0.0224423 0.686794 -0.998188 -0.331192 -5.26055 -817.689 0 
3 824.945 0.296618 0.0223595 0.68875 -0.977497 -2.80268 -4.66474 -817.477 0 
1 824.847 0.300536 0.022309 0.687886 -1.00429 -1.35389 -5.12583 -818.368 0 
2 822.805 0.304407 0.0224232 0.684176 -0.987212 -0.500067 -5.20293 -817.102 0 
1 823.753 0.302649 0.0227006 0.682561 -0.942662 -2.90527 -4.81807 -816.03 0 
1 824.006 0.303937 0.0226222 0.679697 -0.928233 -3.03467 -5.05695 -815.914 0 
1 824.379 0.304015 0.022633 0.678913 -0.922573 -3.30856 -5.15088 -815.919 0 
6 823.894 0.305483 0.0224808 0.677643 -0.933097 -2.94503 -5.01982 -815.929 0 
3 822.479 0.303371 0.0224714 0.681867 -0.954337 -1.49101 -4.78851 -816.2 0 
1 823.907 0.309173 0.0225583 0.675191 -0.93082 -2.55889 -5.36636 -815.981 0 
1 823.901 0.306035 0.0224776 0.684332 -0.996034 -0.925456 -5.67388 -817.302 0 
3 822.777 0.304698 0.022435 0.683421 -0.982042 -0.744151 -5.1481 -816.884 0 
1 822.98 0.31149 0.0224709 0.674787 -0.946053 -1.23621 -5.75862 -815.985 0 
16 823.863 0.311211 0.0225357 0.677032 -0.960935 -1.8844 -5.90046 -816.078 0 
2 823.165 0.311832 0.0225536 0.673398 -0.928815 -1.33298 -5.75664 -816.075 0 
1 822.243 0.307551 0.0224148 0.680682 -0.971884 -0.483774 -5.36497 -816.394 0 
1 825.679 0.31445 0.0226733 0.672041 -0.919533 -3.07986 -6.25144 -816.348 0 
2 829.123 0.315548 0.0226584 0.667773 -0.889399 -4.8658 -6.85323 -817.404 0 
1 824.262 0.306527 0.022581 0.679217 -0.938701 -3.22548 -5.08857 -815.948 0 
4 824.216 0.298703 0.0223613 0.690224 -1.00307 -0.741113 -4.9114 -818.563 0 
7 823.809 0.301001 0.0224686 0.688729 -0.996401 -0.972613 -4.95365 -817.883 0 
4 823.581 0.303085 0.0225709 0.686597 -0.988991 -1.21817 -5.06055 -817.302 0 
1 823.236 0.298655 0.0224928 0.688735 -0.984745 -0.955247 -4.69163 -817.589 0 
4 823.898 0.29976 0.0225704 0.684698 -0.947464 -2.89613 -4.79125 -816.21 0 
1 824.059 0.297221 0.022547 0.68696 -0.954837 -2.73341 -4.78116 -816.544 0 
1 823.832 0.29818 0.0224092 0.687111 -0.971036 -2.15377 -4.64018 -817.038 0 
1 823.197 0.301652 0.0225389 0.686443 -0.982019 -1.21877 -4.82465 -817.153 0 
1 822.48 0.304518 0.0225924 0.681291 -0.948433 -1.54385 -4.87398 -816.063 0 
1 823.607 0.303864 0.0225711 0.680764 -0.938532 -2.71975 -4.9236 -815.964 0 
6 824.829 0.29713 0.0226392 0.686151 -0.942297 -3.62704 -4.98526 -816.217 0 
1 825.29 0.292902 0.0224682 0.693298 -0.987896 -1.9269 -4.84416 -818.519 0 
2 825.099 0.301329 0.0222735 0.683744 -0.968905 -3.70151 -4.69822 -816.699 0 
1 825.421 0.304919 0.0222047 0.682211 -0.980993 -3.47174 -5.11919 -816.83 0 
2 823.824 0.309376 0.0222297 0.677114 -0.965524 -2.04843 -5.58802 -816.188 0 
1 823.654 0.30832 0.0222761 0.677708 -0.959659 -2.19854 -5.33032 -816.125 0 
4 823.309 0.31125 0.0223627 0.675565 -0.951306 -1.57015 -5.73869 -816 0 
5 825.043 0.305974 0.022456 0.683489 -0.979063 -3.14215 -5.21236 -816.688 0 
3 823.085 0.308306 0.0224761 0.681788 -0.982175 -0.769601 -5.69036 -816.625 0 
1 822.079 0.303834 0.0224677 0.682698 -0.964609 -0.82674 -4.84107 -816.411 0 
1 822.555 0.306773 0.0225947 0.680797 -0.959165 -1.27474 -5.11643 -816.164 0 
4 822.502 0.311008 0.0224832 0.678103 -0.968118 -0.36476 -5.95736 -816.18 0 
1 822.925 0.305403 0.0223567 0.682389 -0.982522 -0.8251 -5.25499 -816.845 0 
3 822.66 0.313384 0.0224119 0.675674 -0.966632 -0.0707786 -6.48436 -816.105 0 
3 825.124 0.317576 0.0225238 0.672069 -0.955299 -1.66291 -7.40167 -816.059 0 
4 826.256 0.316799 0.0226618 0.670338 -0.926994 -3.15649 -6.76363 -816.335 0 
1 824.29 0.314319 0.0226011 0.675296 -0.955163 -1.80005 -6.46921 -816.02 0 
1 823.872 0.311337 0.0225582 0.674558 -0.930141 -2.14164 -5.68577 -816.045 0 
3 823.603 0.304146 0.0223251 0.685119 -0.994956 -0.865569 -5.28724 -817.45 0 
1 823.829 0.307345 0.0223032 0.683359 -1.00365 -0.222284 -6.1149 -817.492 0 
1 822.39 0.303897 0.0224445 0.681609 -0.957435 -1.32735 -4.82174 -816.241 0 
5 822.801 0.311349 0.0222957 0.677041 -0.973973 -0.361562 -6.16887 -816.271 0 
1 822.518 0.311917 0.0224025 0.676302 -0.965159 -0.287928 -6.11535 -816.115 0 
1 822.405 0.311229 0.0224303 0.675939 -0.95601 -0.559175 -5.81487 -816.031 0 
1 822.968 0.313617 0.0223163 0.67532 -0.971662 -0.13056 -6.67385 -816.163 0 
1 822.207 0.309638 0.0224506 0.678293 -0.965242 -0.388112 -5.64376 -816.175 0 
1 822.885 0.305713 0.0224934 0.67989 -0.954064 -1.80101 -4.97004 -816.113 0 
1 823.771 0.307379 0.0225155 0.677457 -0.942998 -2.67554 -5.12796 -815.967 0 
1 823.178 0.310646 0.0225945 0.675515 -0.938285 -1.62923 -5.56789 -815.98 0 
5 822.846 0.308879 0.0225192 0.675942 -0.932781 -1.54112 -5.33828 -815.967 0 
2 823.206 0.311481 0.022368 0.677363 -0.975855 -0.626802 -6.27636 -816.303 0 
1 823.006 0.314612 0.0223274 0.672576 -0.951904 -0.49117 -6.49614 -816.019 0 
1 823.43 0.313983 0.022363 0.67184 -0.937138 -1.18905 -6.17373 -816.067 0 
2 823.38 0.308273 0.0223058 0.679599 -0.972597 -1.51651 -5.48851 -816.375 0 
3 823.324 0.304408 0.0222918 0.681921 -0.973232 -1.73717 -4.96981 -816.617 0 
2 822.035 0.310349 0.022467 0.677147 -0.956714 -0.343197 -5.64506 -816.047 0 
3 822.489 0.308635 0.0224771 0.679451 -0.962588 -0.920368 -5.4065 -816.162 0 
4 823.457 0.313351 0.0226044 0.673252 -0.931948 -1.33346 -6.02686 -816.096 0 
3 823.438 0.311224 0.0225972 0.673837 -0.926308 -1.68704 -5.6702 -816.081 0 
1 823.119 0.31225 0.022482 0.673679 -0.939975 -1.25875 -5.85602 -816.005 0 
2 822.932 0.312011 0.0225041 0.673531 -0.934682 -1.11549 -5.78817 -816.028 0 
5 822.605 0.308736 0.0225418 0.679136 -0.961568 -1.02903 -5.433 -816.143 0 
1 822.746 0.312889 0.0224722 0.675113 -0.956129 -0.554251 -6.16956 -816.022 0 
3 822.69 0.308813 0.0223425 0.680565 -0.985041 -0.137958 -5.87597 -816.676 0 
3 823.81 0.311196 0.0223566 0.674702 -0.943682 -2.15539 -5.67378 -815.981 0 
1 824.444 0.311273 0.0224294 0.674237 -0.934171 -2.76302 -5.66874 -816.012 0 
1 823.048 0.312364 0.0224069 0.673426 -0.938127 -1.17337 -5.85933 -816.016 0 
2 822.762 0.311643 0.0223792 0.676635 -0.968757 -0.454475 -6.13611 -816.172 0 
2 824.664 0.317966 0.0222394 0.672459 -0.976647 -0.397742 -8.1235 -816.143 0 
2 824.168 0.31819 0.0223695 0.669484 -0.939612 -0.742521 -7.22495 -816.201 0 
4 823.448 0.311337 0.0222718 0.675381 -0.958243 -1.55149 -5.84761 -816.049 0 
1 824.583 0.310463 0.0222913 0.678645 -0.977032 -2.22461 -5.98665 -816.372 0 
4 826.032 0.310732 0.0223108 0.679324 -0.981701 -3.42345 -6.14005 -816.469 0 
2 824.394 0.306314 0.0222118 0.682241 -0.991532 -1.7456 -5.55366 -817.095 0 
3 823.531 0.316825 0.0223295 0.672455 -0.964903 -0.0665575 -7.40113 -816.063 0 
5 823.478 0.315747 0.0223797 0.670156 -0.934022 -0.75948 -6.55077 -816.168 0 
3 822.228 0.31071 0.0223825 0.676726 -0.959731 -0.40647 -5.74843 -816.073 0 
3 822.514 0.309741 0.0225653 0.676382 -0.940345 -1.11327 -5.43431 -815.966 0 
5 822.432 0.305178 0.0224469 0.680035 -0.951164 -1.42891 -4.91849 -816.084 0 
1 822.509 0.308021 0.0224965 0.677661 -0.947516 -1.30158 -5.21473 -815.993 0 
3 822.052 0.308959 0.0224485 0.677373 -0.951783 -0.667192 -5.36652 -816.019 0 
5 822.763 0.307012 0.0224358 0.678951 -0.957476 -1.49438 -5.14012 -816.129 0 
2 826.373 0.299698 0.0223834 0.683666 -0.958481 -5.23449 -4.64885 -816.49 0 
2 825.224 0.303062 0.0224851 0.683343 -0.971686 -3.71864 -4.84226 -816.663 0 
9 827.442 0.302425 0.0223797 0.681916 -0.963486 -6.24292 -4.73638 -816.463 0 
2 824.123 0.298458 0.0224056 0.686518 -0.970268 -2.50652 -4.63351 -816.983 0 
2 823.985 0.297242 0.0224088 0.688564 -0.977057 -1.9455 -4.65082 -817.389 0 
4 824.171 0.295082 0.0225146 0.690699 -0.974694 -1.91393 -4.73932 -817.518 0 
1 827.269 0.290393 0.0224276 0.69727 -1.00973 -1.67363 -5.10722 -820.488 0 
4 827.519 0.290757 0.0225343 0.699463 -1.02307 -0.786071 -5.21576 -821.517 0 
2 825.415 0.295765 0.0225792 0.694507 -1.00876 -1.11016 -4.90535 -819.399 0 
2 824.233 0.296414 0.0226613 0.691041 -0.977186 -2.07814 -4.66955 -817.486 0 
2 824.979 0.294315 0.0225794 0.692992 -0.988668 -1.86691 -4.75465 -818.358 0 
1 825.117 0.298511 0.0226315 0.691834 -0.998927 -1.9281 -4.83834 -818.35 0 
2 824.409 0.305372 0.0226818 0.683767 -0.96684 -3.02234 -5.00266 -816.384 0 
2 823.94 0.312811 0.0225801 0.677063 -0.962101 -1.64419 -6.22948 -816.066 0 
1 823.84 0.307952 0.02237 0.683115 -1.00331 -0.158343 -6.26841 -817.414 0 
1 823.621 0.309764 0.0224654 0.680726 -0.98169 -1.13476 -5.96399 -816.522 0 
2 822.784 0.311723 0.0224275 0.678114 -0.975659 -0.213531 -6.28133 -816.289 0 
1 823.023 0.314599 0.0224686 0.674477 -0.959776 -0.341581 -6.64307 -816.038 0 
3 822.531 0.310496 0.0224939 0.675032 -0.936818 -1.00503 -5.54351 -815.982 0 
1 822.752 0.311388 0.02252 0.675254 -0.940514 -1.07047 -5.69462 -815.987 0 
2 822.643 0.313832 0.0223898 0.673653 -0.950829 -0.350906 -6.28188 -816.01 0 
16 822.817 0.311848 0.0223198 0.677322 -0.978087 -0.0919661 -6.39242 -816.333 0 
1 823.56 0.303189 0.0223473 0.686163 -0.996714 -0.724163 -5.19907 -817.636 0 
2 823.164 0.304367 0.0223142 0.682327 -0.973394 -1.57716 -4.96146 -816.625 0 
1 824.776 0.311218 0.0224074 0.672418 -0.922093 -2.93286 -5.70867 -816.135 0 
3 824.995 0.306644 0.0222728 0.683126 -0.994664 -2.14524 -5.66252 -817.187 0 
1 822.672 0.31162 0.0224349 0.67542 -0.94848 -0.897465 -5.78477 -815.99 0 
1 822.569 0.304187 0.0223979 0.682236 -0.965631 -1.27463 -4.87621 -816.418 0 
1 823.182 0.303823 0.0224721 0.685952 -0.995029 -0.412262 -5.28159 -817.488 0 
5 822.671 0.303794 0.0226012 0.683233 -0.962077 -1.4939 -4.82642 -816.35 0 
3 822.569 0.304864 0.022517 0.681604 -0.955497 -1.50532 -4.89841 -816.165 0 
4 823.329 0.3005 0.0223728 0.686625 -0.982169 -1.31898 -4.73673 -817.273 0 
5 822.946 0.30022 0.022477 0.684988 -0.961587 -1.7368 -4.66203 -816.547 0 
1 823.746 0.301218 0.0224811 0.682318 -0.9457 -2.86051 -4.76739 -816.118 0 
3 822.673 0.305541 0.0223315 0.681139 -0.970379 -1.14004 -5.06715 -816.465 0 
2 822.933 0.303182 0.0223964 0.682048 -0.958945 -1.84995 -4.77672 -816.307 0 
1 823.295 0.300414 0.0224197 0.688578 -0.998973 -0.224006 -4.97879 -818.092 0 
2 824.715 0.293352 0.0225429 0.692838 -0.980758 -1.83903 -4.83246 -818.043 0 
7 824.524 0.29691 0.0225169 0.687073 -0.958293 -3.10601 -4.74016 -816.677 0 
1 826.175 0.294561 0.0225253 0.688341 -0.954332 -4.47484 -4.97722 -816.723 0 
3 826.343 0.299208 0.0225234 0.682045 -0.930184 -5.32363 -5.06663 -815.953 0 
1 827.026 0.296817 0.0224175 0.687128 -0.9685 -5.30812 -4.65375 -817.064 0 
2 826.994 0.300586 0.0225162 0.67996 -0.91978 -5.83471 -5.27168 -815.887 0 
1 826.859 0.30582 0.0225487 0.675616 -0.917381 -5.6386 -5.22861 -815.991 0 
1 826.884 0.303736 0.0225821 0.681339 -0.953607 -5.91597 -4.79672 -816.171 0 
1 826.112 0.305762 0.0225292 0.680846 -0.964957 -4.72676 -5.06428 -816.321 0 
1 824.665 0.299711 0.0225541 0.685289 -0.961138 -3.45477 -4.642 -816.568 0 
1 822.707 0.308065 0.0225709 0.67702 -0.935884 -1.53047 -5.22637 -815.95 0 
3 823.101 0.309953 0.0224366 0.680232 -0.981381 -0.591232 -6.00713 -816.503 0 
2 825.395 0.309467 0.0224847 0.6829 -0.998818 -1.90534 -6.40012 -817.09 0 
3 825.986 0.307292 0.022574 0.683813 -0.98348 -3.74944 -5.50316 -816.734 0 
2 825.387 0.309194 0.0226374 0.679139 -0.949559 -4.00835 -5.37991 -815.999 0 
2 824.249 0.314444 0.0226355 0.673488 -0.936845 -1.89379 -6.26951 -816.085 0 
2 824.122 0.309506 0.0226594 0.675688 -0.924159 -2.59906 -5.47995 -816.043 0 
1 824.754 0.314136 0.0226654 0.672134 -0.921021 -2.27198 -6.18296 -816.299 0 
1 823.37 0.316237 0.0225001 0.671047 -0.935211 -0.525557 -6.67121 -816.173 0 
2 823.713 0.315964 0.0225064 0.673529 -0.954653 -0.801431 -6.87739 -816.035 0 
1 825.95 0.307193 0.0222644 0.68415 -1.00857 -2.02346 -6.19447 -817.732 0 
1 828.028 0.30244 0.022157 0.689147 -1.03245 -2.01218 -6.17995 -819.836 0 
1 823.473 0.307463 0.0223477 0.683028 -1.00067 -0.0491258 -6.07237 -817.352 0 
2 822.248 0.30926 0.0224493 0.679037 -0.96953 -0.336328 -5.64622 -816.265 0 
4 823.863 0.313936 0.022449 0.67043 -0.92195 -1.45465 -6.13768 -816.271 0 
6 824.266 0.310113 0.0224493 0.674618 -0.939608 -2.80634 -5.48896 -815.97 0 
4 824.642 0.308058 0.0224276 0.676122 -0.941974 -3.4742 -5.20706 -815.961 0 
1 823.604 0.309307 0.0224339 0.674562 -0.929203 -2.20198 -5.40738 -815.994 0 
10 823.623 0.313376 0.0223793 0.671701 -0.93159 -1.49182 -6.03032 -816.101 0 
3 822.385 0.308235 0.0223706 0.677969 -0.956613 -1.0071 -5.29339 -816.084 0 
4 822.688 0.303125 0.0224036 0.683425 -0.968756 -1.31253 -4.80638 -816.569 0 
2 822.05 0.308799 0.0224937 0.677578 -0.949506 -0.720063 -5.32845 -816.001 0 
2 822.527 0.30966 0.0223895 0.678778 -0.974443 -0.347108 -5.82894 -816.351 0 
2 823.722 0.309891 0.0225802 0.679751 -0.966294 -1.86016 -5.6775 -816.184 0 
1 822.419 0.312484 0.0224791 0.67552 -0.953477 -0.388776 -6.02046 -816.009 0 
4 822.592 0.312977 0.0224618 0.674085 -0.947796 -0.524256 -6.0681 -816 0 
6 823.208 0.310762 0.0224753 0.675105 -0.937298 -1.63582 -5.58657 -815.986 0 
1 822.898 0.307906 0.022429 0.676851 -0.94044 -1.74308 -5.19983 -815.955 0 
2 822.16 0.304554 0.0224092 0.682255 -0.969559 -0.7112 -4.94717 -816.502 0 
1 822.873 0.300747 0.0225207 0.687756 -0.984432 -0.75269 -4.77406 -817.346 0 
6 822.978 0.299722 0.0225984 0.687574 -0.972285 -1.37722 -4.65248 -816.948 0 
2 823.896 0.301235 0.022439 0.687425 -0.995884 -1.05344 -5.01479 -817.828 0 
2 825.265 0.301012 0.0225216 0.684007 -0.961626 -4.10331 -4.66435 -816.497 0 
4 825.613 0.301624 0.0226214 0.683662 -0.956152 -4.60524 -4.68886 -816.318 0 
1 824.097 0.30344 0.0225679 0.680913 -0.945318 -3.24275 -4.80731 -816.046 0 
1 824.098 0.303631 0.022537 0.680054 -0.940655 -3.26215 -4.84921 -815.987 0 
1 823.701 0.299896 0.0223322 0.688127 -0.996243 -0.800987 -4.88456 -818.015 0 
1 823.409 0.304788 0.022479 0.682108 -0.9599 -2.25243 -4.9025 -816.254 0 
1 823.89 0.30832 0.0225449 0.675324 -0.92202 -2.48279 -5.3816 -816.025 0 
4 823.295 0.312088 0.0225318 0.672731 -0.925891 -1.36953 -5.80531 -816.12 0 
2 824.308 0.312683 0.0222714 0.675136 -0.961732 -2.0688 -6.17515 -816.065 0 
4 824.677 0.310445 0.022297 0.678718 -0.97696 -2.32668 -5.97926 -816.371 0 
5 824.669 0.312321 0.022302 0.67778 -0.980712 -1.78243 -6.51803 -816.368 0 
5 824.218 0.31182 0.0223968 0.674274 -0.939951 -2.45652 -5.7657 -815.996 0 
4 823.432 0.31121 0.0224405 0.673729 -0.931328 -1.74106 -5.65962 -816.031 0 
2 824.994 0.313118 0.0224998 0.670583 -0.911632 -2.46715 -6.08482 -816.442 0 
1 823.978 0.312115 0.0225371 0.671715 -0.91704 -1.85254 -5.86191 -816.264 0 
1 823.99 0.307815 0.0222135 0.681147 -0.994667 -0.952046 -5.95831 -817.08 0 
1 824.286 0.307292 0.0223032 0.680827 -0.986577 -1.77124 -5.67983 -816.835 0 
3 823.155 0.308267 0.0222739 0.678557 -0.970401 -1.3473 -5.48184 -816.326 0 
1 823.918 0.307147 0.0223044 0.679173 -0.969887 -2.24286 -5.30802 -816.367 0 
1 824.039 0.308882 0.0223395 0.677019 -0.95998 -2.47255 -5.45166 -816.115 0 
3 823.984 0.311612 0.0225692 0.672292 -0.917256 -1.96433 -5.78725 -816.233 0 
7 823.243 0.312988 0.022569 0.675629 -0.953195 -1.09967 -6.13398 -816.009 0 
1 824.78 0.319116 0.0224878 0.666629 -0.916424 -0.725674 -7.29695 -816.757 0 
5 823.422 0.313588 0.022588 0.673847 -0.937855 -1.2769 -6.09582 -816.05 0 
3 827.426 0.323805 0.0225826 0.665067 -0.924133 -1.71281 -8.79335 -816.92 0 
1 827.552 0.322972 0.0224907 0.666586 -0.942151 -2.24697 -8.89645 -816.409 0 
1 824.933 0.318343 0.0224294 0.670676 -0.954703 -1.22065 -7.63556 -816.077 0 
3 824.498 0.316584 0.0225141 0.67064 -0.937959 -1.53278 -6.81231 -816.153 0 
3 825.013 0.307893 0.0223249 0.681001 -0.991716 -2.09699 -5.95108 -816.965 0 
2 824.378 0.305987 0.022386 0.683112 -0.993414 -1.55622 -5.62216 -817.199 0 
1 823.746 0.305678 0.0223577 0.681622 -0.979337 -1.77859 -5.24909 -816.718 0 
1 822.761 0.309747 0.0224602 0.677222 -0.957675 -1.12978 -5.56444 -816.067 0 
4 822.835 0.309524 0.0223619 0.677421 -0.964212 -1.05744 -5.61619 -816.161 0 
1 823.221 0.311125 0.0223814 0.676081 -0.961866 -1.23249 -5.89812 -816.09 0 
3 823.537 0.305314 0.0224573 0.678223 -0.937947 -2.6181 -4.97063 -815.948 0 
1 824.692 0.312546 0.0224514 0.67064 -0.914075 -2.38232 -5.96078 -816.349 0 
3 824.865 0.311155 0.0223416 0.672134 -0.927764 -3.14985 -5.6528 -816.062 0 
1 824.001 0.30863 0.0222636 0.677094 -0.956922 -2.56925 -5.3517 -816.08 0 
1 824.858 0.307626 0.0222347 0.677522 -0.956334 -3.55965 -5.20293 -816.095 0 
1 825.634 0.302919 0.0223789 0.679996 -0.938925 -4.7647 -4.88872 -815.981 0 
2 823.248 0.301303 0.0223569 0.68595 -0.982617 -1.24572 -4.79046 -817.212 0 
2 823.103 0.299351 0.0224434 0.688772 -0.99168 -0.466394 -4.78835 -817.848 0 
2 822.771 0.303225 0.0225668 0.682758 -0.957741 -1.71943 -4.77398 -816.277 0 
9 822.854 0.299439 0.022531 0.687064 -0.972026 -1.24581 -4.64452 -816.963 0 
6 822.534 0.306202 0.0225327 0.681152 -0.964594 -1.14518 -5.09708 -816.292 0 
1 822.416 0.3063 0.0224972 0.678973 -0.947568 -1.38253 -5.01821 -816.015 0 
6 821.949 0.306823 0.0224569 0.681155 -0.970828 -0.294599 -5.24831 -816.406 0 
1 823.709 0.308609 0.0222258 0.680219 -0.990425 -0.845955 -6.00015 -816.863 0 
2 823.6 0.311258 0.0223098 0.679427 -0.992898 -0.173824 -6.67899 -816.747 0 
4 822.166 0.308965 0.0224243 0.679383 -0.969048 -0.336854 -5.56198 -816.268 0 
5 822.841 0.311801 0.0223583 0.676541 -0.970264 -0.444525 -6.20622 -816.191 0 
2 825.185 0.306593 0.0222554 0.677408 -0.95219 -4.06343 -5.05779 -816.064 0 
4 825.3 0.308174 0.0222126 0.677792 -0.970402 -3.48266 -5.48764 -816.33 0 
1 825.912 0.309357 0.0221449 0.676459 -0.968625 -4.00838 -5.659 -816.244 0 
11 826.658 0.306797 0.0221078 0.679627 -0.983346 -4.39837 -5.49388 -816.766 0 
4 823.539 0.314142 0.0222692 0.674525 -0.972131 -0.539247 -6.84188 -816.157 0 
1 824.483 0.314641 0.0222589 0.67653 -0.99183 -0.360436 -7.6103 -816.512 0 
1 823.52 0.30689 0.0222596 0.680979 -0.985341 -1.14644 -5.54946 -816.824 0 
1 822.896 0.307362 0.02253 0.682183 -0.979472 -0.800195 -5.48888 -816.607 0 
1 822.967 0.307981 0.0224775 0.682191 -0.984834 -0.539026 -5.7009 -816.727 0 
1 822.953 0.303362 0.0225921 0.682533 -0.949738 -2.02512 -4.81161 -816.116 0 
4 823.15 0.300749 0.0225111 0.686686 -0.980319 -1.23462 -4.74496 -817.171 0 
3 822.972 0.302014 0.0224873 0.682556 -0.950468 -2.04535 -4.74939 -816.177 0 
3 824.088 0.301435 0.0225071 0.681561 -0.9381 -3.22114 -4.86793 -815.999 0 
2 824.206 0.298384 0.0225772 0.685536 -0.946644 -3.10468 -4.84608 -816.256 0 
1 823.03 0.299651 0.0225771 0.685704 -0.957112 -1.89124 -4.68461 -816.454 0 
8 823.812 0.296964 0.022474 0.68873 -0.971597 -1.96609 -4.66812 -817.178 0 
4 822.593 0.300646 0.0224735 0.686177 -0.973387 -0.997857 -4.68552 -816.91 0 
1 822.539 0.30448 0.0225779 0.682305 -0.956038 -1.48285 -4.86712 -816.189 0 
6 822.687 0.300122 0.0225172 0.68755 -0.979584 -0.785596 -4.69973 -817.202 0 
3 822.876 0.304573 0.0225948 0.682139 -0.959008 -1.7518 -4.87979 -816.245 0 
5 823.159 0.305255 0.0226662 0.681178 -0.946375 -2.20293 -4.93599 -816.02 0 
4 822.938 0.299775 0.022444 0.686387 -0.973753 -1.28134 -4.65712 -817 0 
3 823.514 0.297582 0.0225837 0.688945 -0.973431 -1.67789 -4.64132 -817.194 0 
2 823.765 0.299584 0.0226489 0.685116 -0.949298 -2.7648 -4.74129 -816.259 0 
4 822.565 0.302496 0.022548 0.683918 -0.963855 -1.35454 -4.74211 -816.468 0 
4 824.229 0.302244 0.0224092 0.686931 -1.00058 -1.05776 -5.23121 -817.94 0 
7 823.156 0.299656 0.0225686 0.688031 -0.979839 -1.21094 -4.68607 -817.259 0 
7 823.472 0.301346 0.0225572 0.687169 -0.985137 -1.31753 -4.84018 -817.314 0 
2 824.386 0.301904 0.0226743 0.686104 -0.972009 -2.88063 -4.74682 -816.759 0 
4 825.125 0.299887 0.0227178 0.683442 -0.93359 -4.18308 -4.96458 -815.978 0 
5 824.942 0.29857 0.0226869 0.689696 -0.9806 -2.87457 -4.6618 -817.406 0 
2 822.819 0.304113 0.022611 0.683272 -0.959962 -1.68847 -4.84523 -816.286 0 
3 822.988 0.309363 0.0225822 0.678668 -0.953606 -1.523 -5.43521 -816.03 0 
1 824.053 0.309022 0.0226251 0.679848 -0.957908 -2.55375 -5.41509 -816.084 0 
3 825.473 0.301413 0.0223488 0.690318 -1.02401 -0.302429 -5.72555 -819.445 0 
3 822.983 0.307399 0.0225373 0.680827 -0.969462 -1.30563 -5.33237 -816.345 0 
1 823.502 0.309743 0.0226064 0.674863 -0.923478 -1.93943 -5.50411 -816.058 0 
1 824.097 0.312329 0.0225623 0.677874 -0.970624 -1.59158 -6.32467 -816.181 0 
1 826.973 0.311597 0.0225586 0.680698 -0.994388 -3.31903 -6.88392 -816.77 0 
1 826.268 0.308021 0.022434 0.685308 -1.01777 -1.38008 -6.80542 -818.082 0 
1 826.592 0.309365 0.0224882 0.684029 -1.00991 -2.23832 -6.80303 -817.55 0 
1 827.606 0.307318 0.0222668 0.686345 -1.03302 -1.28541 -7.28512 -819.036 0 
3 823.882 0.301668 0.022357 0.688443 -1.00908 -0.07628 -5.32702 -818.479 0 
4 822.033 0.307207 0.0225267 0.679818 -0.957446 -0.751132 -5.15931 -816.123 0 
1 822.652 0.307496 0.0224561 0.677345 -0.943346 -1.53776 -5.14512 -815.969 0 
1 822.912 0.304517 0.0223812 0.681623 -0.96836 -1.5015 -4.93926 -816.471 0 
1 823.057 0.298998 0.0225732 0.686805 -0.963839 -1.702 -4.6491 -816.706 0 
2 823.287 0.29774 0.0225411 0.688073 -0.968689 -1.65115 -4.64973 -816.986 0 
1 822.089 0.31085 0.0224436 0.676583 -0.955577 -0.33728 -5.72134 -816.031 0 
2 823.603 0.304447 0.0223771 0.686164 -1.00539 -0.069527 -5.6256 -817.908 0 
2 825.678 0.302268 0.0222906 0.689112 -1.02161 -0.776683 -5.75815 -819.143 0 
2 823.392 0.301383 0.0223845 0.687363 -0.998097 -0.41001 -5.06043 -817.921 0 
1 823.533 0.300617 0.0223789 0.688163 -1.00022 -0.373796 -5.02728 -818.132 0 
2 823.102 0.305302 0.0223539 0.683853 -0.994514 -0.289546 -5.50081 -817.311 0 
2 822.731 0.311532 0.0225269 0.675728 -0.949734 -0.939512 -5.79736 -815.994 0 
3 822.737 0.30779 0.0224615 0.682101 -0.985397 -0.285329 -5.69248 -816.759 0 
2 822.081 0.307346 0.0224013 0.680276 -0.971119 -0.356135 -5.33867 -816.386 0 
1 823.281 0.301503 0.0225339 0.685573 -0.97455 -1.66018 -4.74135 -816.88 0 
1 823.639 0.299348 0.0223579 0.687568 -0.987414 -1.26114 -4.74058 -817.637 0 
3 824.153 0.298819 0.0226062 0.685824 -0.94873 -3.06302 -4.80671 -816.283 0 
2 826.489 0.302394 0.0227483 0.684529 -0.947354 -5.56642 -4.81535 -816.107 0 
1 826.225 0.304521 0.0227127 0.683442 -0.953071 -5.21012 -4.88092 -816.134 0 
4 826.373 0.308477 0.0226854 0.681523 -0.9635 -4.81014 -5.3804 -816.182 0 
3 824.702 0.310957 0.0226698 0.676617 -0.938438 -3.09851 -5.61841 -815.985 0 
10 825.743 0.310281 0.022631 0.679222 -0.957538 -4.07082 -5.61587 -816.056 0 
1 825.067 0.307239 0.0226819 0.679427 -0.93833 -3.96559 -5.15358 -815.948 0 
1 823.599 0.300788 0.0226607 0.685323 -0.953518 -2.58054 -4.72076 -816.298 0 
1 824.072 0.300117 0.0225994 0.686242 -0.959032 -2.90043 -4.69233 -816.479 0 
1 824.551 0.297691 0.0223686 0.691704 -1.00998 -0.410585 -4.98767 -819.153 0 
5 824.301 0.295652 0.0224954 0.689524 -0.96895 -2.3622 -4.74222 -817.196 0 
1 823.462 0.301262 0.0223767 0.685975 -0.979955 -1.59662 -4.75857 -817.107 0 
3 822.573 0.304152 0.0225484 0.681332 -0.948048 -1.64983 -4.85671 -816.067 0 
1 824.306 0.30387 0.0224657 0.687558 -1.00787 -0.598751 -5.59926 -818.108 0 
1 822.273 0.306855 0.0224279 0.680211 -0.96212 -0.913522 -5.14409 -816.215 0 
1 822.52 0.303988 0.0224426 0.683488 -0.971494 -1.02655 -4.9002 -816.593 0 
1 823.483 0.302943 0.0225495 0.68624 -0.981139 -1.5823 -4.90005 -817 0 
2 823.496 0.301661 0.0226173 0.683722 -0.947591 -2.57942 -4.77971 -816.137 0 
10 823.013 0.300484 0.022576 0.687828 -0.981364 -1.03927 -4.73272 -817.241 0 
2 823.151 0.307057 0.022649 0.678269 -0.93495 -2.07612 -5.13455 -815.941 0 
6 822.774 0.301902 0.0226055 0.684124 -0.957368 -1.72887 -4.71124 -816.334 0 
2 823.104 0.303778 0.022575 0.680728 -0.94297 -2.24584 -4.8483 -816.009 0 
2 824.1 0.307225 0.0226367 0.676182 -0.918886 -2.7463 -5.33241 -816.021 0 
4 823.267 0.309293 0.0225526 0.675195 -0.926548 -1.82548 -5.4281 -816.014 0 
1 823.021 0.312847 0.0224074 0.672887 -0.936834 -1.03923 -5.94515 -816.036 0 
3 823.31 0.308515 0.0222495 0.678716 -0.973768 -1.34136 -5.57781 -816.391 0 
3 824.094 0.304537 0.0223105 0.680316 -0.956898 -3.01849 -4.87193 -816.204 0 
1 825.509 0.298682 0.0222964 0.686469 -0.979338 -3.51345 -4.65741 -817.338 0 
4 824.349 0.299446 0.022303 0.687602 -0.99266 -1.65011 -4.81275 -817.886 0 
3 824.038 0.298951 0.0223548 0.687149 -0.982058 -1.92737 -4.67985 -817.431 0 
2 823.954 0.300195 0.0223193 0.688071 -1.00032 -0.768336 -4.99065 -818.195 0 
3 824.13 0.30618 0.0222161 0.680616 -0.979195 -2.15502 -5.29638 -816.678 0 
4 822.122 0.305424 0.0223989 0.681702 -0.971158 -0.563184 -5.06544 -816.493 0 
3 822.796 0.309823 0.0224259 0.67997 -0.982727 -0.19775 -6.05235 -816.546 0 
1 823.529 0.308129 0.0223785 0.681199 -0.988987 -0.784274 -5.89343 -816.851 0 
1 822.672 0.31046 0.0223802 0.679223 -0.982114 -0.00945826 -6.16857 -816.494 0 
1 822.913 0.309865 0.0225314 0.679397 -0.970706 -0.865607 -5.78239 -816.265 0 
3 824.067 0.309114 0.0226348 0.6749 -0.921553 -2.5721 -5.4373 -816.058 0 
1 824.492 0.305371 0.0226148 0.680293 -0.949566 -3.50749 -4.92698 -816.057 0 
1 823.33 0.30611 0.0226387 0.678416 -0.932163 -2.31992 -5.0779 -815.932 0 
3 822.248 0.306974 0.0225065 0.679242 -0.949825 -1.1251 -5.09502 -816.028 0 
5 821.954 0.306204 0.0225119 0.681117 -0.962836 -0.626038 -5.07315 -816.255 0 
3 821.992 0.304602 0.0224692 0.682717 -0.969085 -0.561408 -4.94526 -816.486 0 
5 822.9 0.303796 0.0224588 0.685701 -0.989605 -0.508774 -5.13488 -817.257 0 
8 822.483 0.304752 0.0224887 0.684327 -0.983969 -0.362972 -5.17059 -816.949 0 
3 822.608 0.306488 0.0224669 0.67847 -0.946559 -1.56935 -5.03655 -816.002 0 
5 822.991 0.30961 0.0223856 0.680501 -0.988825 -0.0796532 -6.1744 -816.737 0 
1 824.296 0.308432 0.0222876 0.682843 -1.00808 -0.197018 -6.52851 -817.571 0 
5 823.838 0.307604 0.022461 0.679738 -0.957028 -2.53367 -5.19859 -816.106 0 
1 823.903 0.312012 0.022614 0.672643 -0.918292 -1.82587 -5.8419 -816.235 0 
7 822.354 0.302944 0.0224485 0.684322 -0.976257 -0.668121 -4.86228 -816.823 0 
2 822.057 0.305638 0.0224988 0.682384 -0.971644 -0.466549 -5.09674 -816.494 0 
6 822.636 0.30861 0.0225708 0.67765 -0.945741 -1.37048 -5.28726 -815.978 0 
1 822.464 0.306738 0.0225001 0.680621 -0.965583 -0.993783 -5.18038 -816.29 0 
7 823.131 0.312924 0.0225776 0.675166 -0.947431 -1.08879 -6.04297 -816 0 
3 822.647 0.308315 0.022406 0.677077 -0.946286 -1.41556 -5.24951 -815.982 0 
1 823.737 0.302523 0.0222792 0.684393 -0.984936 -1.61409 -4.93383 -817.189 0 
4 823.539 0.30472 0.0223144 0.680399 -0.960299 -2.37582 -4.89784 -816.266 0 
6 824.286 0.30332 0.0222737 0.685381 -0.99506 -1.56417 -5.17735 -817.545 0 
7 823.681 0.316862 0.0224559 0.669669 -0.932792 -0.626181 -6.81744 -816.237 0 
2 822.826 0.313663 0.022453 0.672341 -0.935282 -0.652295 -6.10035 -816.074 0 
3 823.076 0.313624 0.0223359 0.672902 -0.949423 -0.836512 -6.23185 -816.007 0 
1 824.245 0.311302 0.022231 0.677489 -0.98535 -1.20789 -6.50686 -816.53 0 
1 829.525 0.313089 0.0221519 0.677792 -1.01086 -4.17128 -8.1351 -817.219 0 
1 829.131 0.314474 0.0221247 0.677082 -1.01379 -3.20596 -8.7205 -817.205 0 
3 828.276 0.309604 0.0221035 0.680261 -1.01204 -3.54808 -7.10898 -817.619 0 
2 829.49 0.307001 0.0221346 0.675457 -0.946583 -8.40509 -5.08914 -815.996 0 
1 828.61 0.308441 0.0222804 0.67404 -0.937522 -7.40468 -5.25192 -815.953 0 
1 826.123 0.309205 0.022293 0.673648 -0.934398 -4.79725 -5.3585 -815.967 0 
2 825.202 0.309357 0.0221723 0.676639 -0.964155 -3.47712 -5.55966 -816.166 0 
2 825.119 0.315706 0.0221657 0.671548 -0.958925 -2.17257 -6.90928 -816.037 0 
3 824.883 0.316962 0.0221731 0.67178 -0.969684 -1.21193 -7.57946 -816.092 0 
1 824.984 0.320487 0.022305 0.66619 -0.931715 -0.706534 -7.81279 -816.465 0 
3 825.323 0.322237 0.0224326 0.66489 -0.921047 -0.223337 -8.22119 -816.879 0 
2 825.353 0.320216 0.0224677 0.667081 -0.923244 -1.08586 -7.61663 -816.651 0 
4 825.82 0.321773 0.0222648 0.667755 -0.959091 -0.745055 -8.93139 -816.144 0 
5 824.905 0.318705 0.0223047 0.672535 -0.976723 -0.402406 -8.36714 -816.135 0 
15 825.923 0.31723 0.0223593 0.674117 -0.974022 -2.08114 -7.71568 -816.126 0 
2 825.836 0.320646 0.0223613 0.669677 -0.955048 -1.40571 -8.29322 -816.137 0 
1 825.517 0.317529 0.0223653 0.670135 -0.938882 -2.31826 -7.01767 -816.181 0 
3 826.801 0.317808 0.0223499 0.668016 -0.92275 -3.34028 -6.97072 -816.49 0 
1 824.069 0.31905 0.0223257 0.66854 -0.941619 -0.332391 -7.52425 -816.213 0 
1 823.559 0.310799 0.0222336 0.678288 -0.985539 -0.651 -6.34355 -816.564 0 
3 823.188 0.316864 0.022429 0.67091 -0.943479 -0.143799 -6.93751 -816.106 0 
2 823.81 0.315344 0.0225019 0.669765 -0.920473 -1.01117 -6.41721 -816.382 0 
1 822.55 0.309278 0.0224429 0.675871 -0.941451 -1.21673 -5.36969 -815.963 0 
2 822.962 0.301523 0.0223633 0.685332 -0.979674 -1.11036 -4.77953 -817.072 0 
2 826.451 0.295874 0.02225 0.692533 -1.01419 -1.69061 -5.00172 -819.758 0 
2 825.906 0.297972 0.0222981 0.689305 -1.00116 -2.46746 -4.88057 -818.558 0 
3 823.945 0.297332 0.0224126 0.689049 -0.984166 -1.55898 -4.66886 -817.717 0 
7 826.327 0.292466 0.0223865 0.696139 -1.01225 -1.07153 -4.98937 -820.267 0 
2 827.174 0.290164 0.0224909 0.698781 -1.01127 -1.38455 -5.13135 -820.658 0 
2 828.332 0.296476 0.022321 0.695149 -1.03228 -1.90771 -5.40842 -821.016 0 
1 825.197 0.294624 0.0223926 0.692638 -0.994802 -1.75054 -4.76707 -818.68 0 
2 824.549 0.302382 0.022417 0.686276 -0.984334 -2.49114 -4.88072 -817.178 0 
7 824.333 0.302217 0.0223429 0.688367 -1.01152 -0.344944 -5.44902 -818.539 0 
2 823.595 0.302424 0.0223188 0.685623 -0.988911 -1.26156 -4.96649 -817.366 0 
1 822.745 0.30299 0.0224225 0.683943 -0.970493 -1.30864 -4.80624 -816.63 0 
1 824.412 0.30771 0.0225149 0.675673 -0.922295 -3.07351 -5.33523 -816.004 0 
1 823.945 0.309542 0.0223408 0.678287 -0.964806 -2.19416 -5.58073 -816.17 0 
2 823.736 0.309465 0.0224245 0.679263 -0.967236 -1.92022 -5.60094 -816.215 0 
1 824.374 0.30612 0.0224353 0.681871 -0.967482 -2.92319 -5.08879 -816.362 0 
3 823.309 0.306926 0.0223699 0.681917 -0.979817 -1.27614 -5.38692 -816.646 0 
2 825.464 0.304437 0.0223901 0.684821 -0.985279 -3.33206 -5.10709 -817.025 0 
9 822.216 0.304212 0.0224841 0.683227 -0.968735 -0.816009 -4.90007 -816.499 0 
2 823.601 0.308082 0.0223639 0.682408 -0.998967 -0.216197 -6.16335 -817.222 0 
2 823.287 0.300775 0.0223469 0.687072 -0.991542 -0.74294 -4.87441 -817.67 0 
1 823.961 0.30715 0.0222591 0.679958 -0.972176 -2.23666 -5.30183 -816.422 0 
3 823.957 0.30855 0.0222921 0.679897 -0.977038 -1.87448 -5.61287 -816.469 0 
1 824.517 0.305683 0.0223219 0.682023 -0.974527 -2.82938 -5.11582 -816.572 0 
3 824.053 0.299706 0.0223481 0.689394 -1.00354 -0.619172 -4.98991 -818.444 0 
2 824.527 0.302441 0.0223977 0.68241 -0.963387 -3.33181 -4.73645 -816.459 0 
1 823.134 0.308865 0.0224087 0.67854 -0.968098 -1.31455 -5.56702 -816.253 0 
1 823.208 0.306946 0.0222787 0.681211 -0.986042 -0.792415 -5.57134 -816.844 0 
2 826.04 0.310103 0.02219 0.681993 -1.01829 -0.799202 -7.39043 -817.851 0 
6 824.339 0.314201 0.0223412 0.677003 -0.990464 -0.371069 -7.46557 -816.502 0 
5 824 0.315367 0.0225026 0.674117 -0.960854 -1.06688 -6.8894 -816.043 0 
2 824.315 0.310612 0.0226122 0.679232 -0.969102 -2.19926 -5.90699 -816.209 0 
1 824.442 0.308868 0.0225848 0.679162 -0.962806 -2.79632 -5.48688 -816.158 0 
2 823.462 0.312687 0.022544 0.674151 -0.942977 -1.49435 -5.96465 -816.003 0 
3 824.121 0.311074 0.0223947 0.674879 -0.951382 -2.37761 -5.74224 -816.001 0 
2 824.74 0.305077 0.0222836 0.683107 -0.994157 -1.93496 -5.48625 -817.319 0 
2 823.428 0.298546 0.0224046 0.68858 -0.987614 -0.973608 -4.71177 -817.742 0 
6 824.82 0.298369 0.0225007 0.684734 -0.948901 -3.73346 -4.77597 -816.31 0 
2 826.006 0.296063 0.022311 0.689334 -0.985785 -3.35939 -4.6876 -817.959 0 
3 823.591 0.304238 0.022511 0.679428 -0.9349 -2.68782 -4.9666 -815.936 0 
2 823.241 0.309816 0.0222817 0.677347 -0.965219 -1.41803 -5.65443 -816.169 0 
1 823.267 0.307419 0.0222924 0.682248 -0.995115 -0.262468 -5.87188 -817.133 0 
12 822.436 0.305985 0.0224084 0.681531 -0.974666 -0.681006 -5.19854 -816.557 0 
3 823.081 0.302061 0.0223568 0.685685 -0.985243 -0.953225 -4.88151 -817.247 0 
7 823.757 0.304759 0.0222543 0.683989 -0.995649 -0.929431 -5.41218 -817.416 0 
4 824.569 0.303488 0.0222308 0.685893 -1.00827 -0.812938 -5.57607 -818.18 0 
1 823.964 0.306553 0.0223149 0.68372 -0.998602 -0.833817 -5.77325 -817.357 0 
1 822.058 0.307157 0.0224011 0.680888 -0.97373 -0.255193 -5.34102 -816.461 0 
1 823.414 0.31129 0.0223568 0.673485 -0.938578 -1.74932 -5.67402 -815.991 0 
1 823.095 0.308987 0.0222932 0.677121 -0.959323 -1.55303 -5.43885 -816.103 0 
3 822.442 0.302443 0.0224207 0.6852 -0.981869 -0.487455 -4.8816 -817.073 0 
2 822.213 0.308341 0.0224566 0.67844 -0.958572 -0.768608 -5.33569 -816.109 0 
5 823.454 0.305705 0.0222887 0.68228 -0.987926 -1.02706 -5.41364 -817.013 0 
9 822.113 0.310575 0.0224178 0.677509 -0.963751 -0.201806 -5.78472 -816.126 0 
5 822.206 0.304422 0.0224392 0.683569 -0.976626 -0.477358 -5.00648 -816.723 0 
3 822.459 0.311574 0.0225108 0.676834 -0.958013 -0.517636 -5.89737 -816.044 0 
3 824.316 0.303389 0.0223425 0.686581 -1.00864 -0.503628 -5.59895 -818.214 0 
2 824.449 0.301104 0.0224655 0.688887 -1.00587 -0.855913 -5.2161 -818.376 0 
3 824.491 0.296077 0.0225506 0.690153 -0.978243 -2.2463 -4.6707 -817.574 0 
1 826.17 0.299227 0.0223136 0.691766 -1.02917 -0.292401 -5.66803 -820.21 0 
5 822.417 0.306343 0.0224772 0.681917 -0.975481 -0.59879 -5.26131 -816.557 0 
13 822.472 0.31053 0.0224644 0.677875 -0.966486 -0.461643 -5.84238 -816.168 0 
3 823.634 0.305425 0.0223724 0.678694 -0.948168 -2.65959 -4.93663 -816.038 0 
5 823.263 0.306258 0.0223425 0.678633 -0.952384 -2.16655 -5.0219 -816.074 0 
4 823.225 0.304803 0.0223193 0.680769 -0.963901 -1.95614 -4.92635 -816.343 0 
2 823.411 0.303656 0.0224377 0.680709 -0.946531 -2.51416 -4.83888 -816.058 0 
3 823.362 0.306563 0.0225331 0.677348 -0.929966 -2.27741 -5.14626 -815.938 0 
1 823.022 0.30746 0.0224955 0.676728 -0.933102 -1.89033 -5.18637 -815.945 0 
4 822.837 0.306312 0.0223372 0.679424 -0.960248 -1.57057 -5.06658 -816.2 0 
4 823.542 0.302624 0.0223186 0.684435 -0.985013 -1.40661 -4.95355 -817.182 0 
3 823.148 0.307836 0.0224609 0.677104 -0.944995 -1.98634 -5.18481 -815.977 0 
3 822.697 0.308076 0.0225722 0.67793 -0.940728 -1.51992 -5.22083 -815.957 0 
4 823.379 0.309255 0.0225513 0.676924 -0.938588 -2.04546 -5.37257 -815.961 0 
3 822.627 0.308806 0.0224506 0.67796 -0.952061 -1.26467 -5.33912 -816.023 0 
3 823.42 0.299527 0.0224037 0.686277 -0.974513 -1.7143 -4.65334 -817.052 0 
4 822.435 0.31044 0.0223936 0.677349 -0.961411 -0.62419 -5.71283 -816.098 0 
2 824.533 0.315954 0.0224916 0.668906 -0.914733 -1.41034 -6.56206 -816.561 0 
2 822.953 0.312185 0.0224525 0.67358 -0.940101 -1.10697 -5.8434 -816.003 0 
4 822.11 0.310142 0.0224454 0.676715 -0.954134 -0.501086 -5.58315 -816.026 0 
5 822.794 0.307706 0.0223278 0.680142 -0.973518 -0.952807 -5.41507 -816.426 0 
1 821.916 0.30873 0.022456 0.678411 -0.958722 -0.423904 -5.39099 -816.101 0 
2 822.915 0.30558 0.0223744 0.679981 -0.960644 -1.68993 -4.98933 -816.236 0 
2 823.37 0.309875 0.0223536 0.67532 -0.9481 -1.89271 -5.49053 -815.987 0 
1 822.596 0.309746 0.0223257 0.678422 -0.972093 -0.532556 -5.76608 -816.297 0 
1 823.649 0.309741 0.02223 0.678888 -0.982991 -1.07498 -6.01566 -816.558 0 
6 823.559 0.313974 0.0222708 0.672702 -0.952014 -1.20811 -6.339 -816.012 0 
1 823.578 0.313918 0.0223627 0.671277 -0.934929 -1.33837 -6.15422 -816.086 0 
3 822.944 0.309399 0.0223183 0.679709 -0.981426 -0.51257 -5.89508 -816.536 0 
1 823.472 0.310842 0.0222744 0.67762 -0.973897 -1.16183 -6.02136 -816.289 0 
1 824.78 0.311853 0.0222609 0.672553 -0.940008 -3.00447 -5.77892 -815.997 0 
2 825.199 0.311906 0.0224334 0.670778 -0.912586 -2.96799 -5.88798 -816.343 0 
3 826.799 0.310288 0.0223921 0.671413 -0.910186 -4.76013 -5.74004 -816.299 0 
2 827.423 0.306085 0.0224999 0.675414 -0.910486 -5.84486 -5.49458 -816.083 0 
1 824.709 0.306386 0.0224519 0.677364 -0.931555 -3.64135 -5.13295 -815.934 0 
2 825.345 0.309598 0.0225784 0.673228 -0.90902 -3.355 -5.70683 -816.283 0 
2 824.761 0.307594 0.0224731 0.67468 -0.920683 -3.43453 -5.31191 -816.015 0 
1 825.745 0.304683 0.0225408 0.676587 -0.913821 -4.41749 -5.33627 -815.991 0 
1 825.188 0.298964 0.0222718 0.687954 -0.995602 -2.25146 -4.83301 -818.104 0 
1 823.233 0.301276 0.0223798 0.685916 -0.985183 -1.07412 -4.83535 -817.324 0 
2 823.774 0.303578 0.0223333 0.682069 -0.963732 -2.55533 -4.81612 -816.403 0 
2 823.295 0.307281 0.0223941 0.678056 -0.947438 -2.16752 -5.12759 -816 0 
1 823.615 0.304404 0.0224586 0.679028 -0.937295 -2.72862 -4.93682 -815.95 0 
2 825.704 0.309313 0.0227283 0.673815 -0.907306 -3.72378 -5.67711 -816.303 0 
1 826.819 0.306357 0.0227756 0.675717 -0.904033 -5.02414 -5.58895 -816.206 0 
2 823.031 0.301861 0.0226131 0.684398 -0.959962 -1.92567 -4.70432 -816.401 0 
6 823.356 0.301012 0.0226499 0.684783 -0.955267 -2.33525 -4.69237 -816.329 0 
1 824.876 0.303459 0.0225407 0.68599 -0.991959 -2.29116 -5.19388 -817.391 0 
6 823.406 0.308608 0.0226284 0.67884 -0.952896 -2.04641 -5.3257 -816.034 0 
7 823.66 0.307124 0.0226025 0.681395 -0.968492 -2.0489 -5.27535 -816.336 0 
1 823.698 0.305488 0.0226457 0.679573 -0.939948 -2.77329 -4.9649 -815.959 0 
1 823.7 0.303553 0.0224768 0.681592 -0.95768 -2.64504 -4.79356 -816.261 0 
1 825.504 0.308569 0.0225683 0.675265 -0.929552 -4.2342 -5.29453 -815.975 0 
2 824.392 0.30572 0.0224931 0.679228 -0.950773 -3.36605 -4.96102 -816.065 0 
4 824.691 0.303564 0.0224637 0.682269 -0.966207 -3.38557 -4.83692 -816.469 0 
1 823.999 0.306531 0.0223889 0.68008 -0.969717 -2.38505 -5.21923 -816.394 0 
1 824.281 0.310773 0.0224342 0.674556 -0.944285 -2.68194 -5.6213 -815.977 0 
1 823.809 0.304032 0.0223321 0.683529 -0.986814 -1.53016 -5.15821 -817.121 0 
4 824.582 0.310345 0.0226231 0.675467 -0.936834 -3.08418 -5.51844 -815.98 0 
4 822.768 0.311332 0.0224986 0.677992 -0.968903 -0.535082 -6.04981 -816.183 0 
2 822.455 0.308324 0.0225487 0.679369 -0.956097 -1.0812 -5.29788 -816.076 0 
4 823.502 0.30807 0.0225307 0.681759 -0.975474 -1.54503 -5.50129 -816.456 0 
8 822.665 0.30319 0.0225664 0.684836 -0.970801 -1.21394 -4.82479 -816.626 0 
5 823.316 0.301903 0.0223898 0.686478 -0.987695 -1.0528 -4.89569 -817.368 0 
2 823.125 0.300183 0.022516 0.684686 -0.955044 -2.05821 -4.69944 -816.367 0 
3 824.209 0.298206 0.0223589 0.689389 -0.992112 -1.45507 -4.73747 -818.017 0 
1 823.706 0.297451 0.0225017 0.689877 -0.981457 -1.47668 -4.65895 -817.571 0 
5 822.764 0.303138 0.0223685 0.683382 -0.971671 -1.27773 -4.82902 -816.657 0 
4 822.431 0.307036 0.0223862 0.679976 -0.964021 -0.999558 -5.18654 -816.245 0 
1 822.429 0.306618 0.0224558 0.681161 -0.966473 -0.962043 -5.15265 -816.314 0 
2 822.693 0.306625 0.0225503 0.680113 -0.951078 -1.58414 -5.06004 -816.049 0 
9 822.465 0.300999 0.0225385 0.685611 -0.967635 -1.10331 -4.68014 -816.682 0 
5 822.588 0.303477 0.0226087 0.683791 -0.962766 -1.39955 -4.80469 -816.384 0 
2 824.614 0.298672 0.0225326 0.691051 -0.9966 -1.61617 -4.80058 -818.198 0 
6 824.417 0.29782 0.0226784 0.690584 -0.980403 -2.28392 -4.65361 -817.479 0 
3 824.14 0.295044 0.0225887 0.69096 -0.972848 -1.95794 -4.74754 -817.435 0 
3 825.508 0.294272 0.0225338 0.694368 -1.00378 -1.33261 -4.85653 -819.319 0 
14 824.286 0.297559 0.0226505 0.68703 -0.953207 -3.04676 -4.76622 -816.473 0 
7 824.272 0.297882 0.0226669 0.686536 -0.949362 -3.11871 -4.80527 -816.348 0 
1 823.375 0.303125 0.0226471 0.684366 -0.960367 -2.25395 -4.77791 -816.343 0 
1 824.312 0.29855 0.0226737 0.688583 -0.971596 -2.65218 -4.63357 -817.027 0 
2 824.217 0.301789 0.0225602 0.687593 -0.992308 -1.6311 -4.99668 -817.589 0 
2 823.732 0.306721 0.0226735 0.68126 -0.954332 -2.56294 -5.07893 -816.09 0 
3 823.111 0.306284 0.02253 0.683661 -0.985323 -0.813057 -5.42645 -816.871 0 
1 822.883 0.30476 0.0224768 0.683694 -0.975011 -1.21993 -5.01559 -816.648 0 
1 822.344 0.30491 0.0224394 0.681984 -0.964777 -1.04642 -4.93928 -816.358 0 
