1 827.825 0.313428 0.0223106 0.672904 -0.950634 -1.22875 -6.20885 -820.387 0 
4 829.113 0.317928 0.0224215 0.665308 -0.904167 -2.39808 -7.03473 -819.68 0 
3 829.146 0.318957 0.0224615 0.664186 -0.896634 -2.0576 -7.33466 -819.754 0 
1 829.911 0.322161 0.0225286 0.661645 -0.886405 -1.63696 -8.23862 -820.035 0 
3 828.921 0.319516 0.0225073 0.665761 -0.912998 -1.83712 -7.40053 -819.683 0 
1 827.642 0.314667 0.0225911 0.669856 -0.911959 -1.65135 -6.3244 -819.667 0 
6 827.091 0.315303 0.0225311 0.670302 -0.92279 -0.935836 -6.40724 -819.748 0 
3 827.525 0.315042 0.0225052 0.673769 -0.953267 -0.536007 -6.62487 -820.364 0 
1 827.425 0.317996 0.0224386 0.670312 -0.943175 -0.206549 -7.23754 -819.981 0 
1 828.614 0.320096 0.0225085 0.669452 -0.944469 -0.773932 -7.90572 -819.934 0 
2 828.53 0.317453 0.0225904 0.670325 -0.933907 -1.70344 -6.98336 -819.843 0 
2 828.524 0.319207 0.0226187 0.66759 -0.916493 -1.52149 -7.31954 -819.683 0 
1 828.54 0.320889 0.0225356 0.664268 -0.902492 -1.01188 -7.77173 -819.757 0 
3 827.836 0.318335 0.0225316 0.66689 -0.911604 -1.06462 -7.09904 -819.673 0 
5 827.327 0.310111 0.0224766 0.67385 -0.925736 -1.86238 -5.52652 -819.938 0 
1 827.639 0.315623 0.0223688 0.669437 -0.92628 -1.37628 -6.47957 -819.783 0 
3 827.316 0.316877 0.022381 0.669243 -0.932977 -0.652359 -6.819 -819.845 0 
1 828.4 0.31113 0.0222827 0.675257 -0.959934 -1.66766 -5.85963 -820.872 0 
1 828.082 0.312479 0.0222741 0.674445 -0.956779 -1.36722 -6.06483 -820.649 0 
1 828.326 0.313248 0.022271 0.673249 -0.950419 -1.79389 -6.1398 -820.392 0 
1 828.462 0.310669 0.0224751 0.675924 -0.941697 -2.58615 -5.57856 -820.297 0 
2 828.306 0.306849 0.022432 0.679295 -0.951627 -2.29914 -5.08614 -820.921 0 
1 828.159 0.312592 0.022309 0.675381 -0.961982 -1.16536 -6.16689 -820.827 0 
1 827.613 0.313947 0.0223598 0.670895 -0.930107 -1.59035 -6.13886 -819.883 0 
1 827.059 0.311819 0.0224831 0.673313 -0.929263 -1.35808 -5.75845 -819.942 0 
2 828.177 0.307033 0.0223215 0.678228 -0.955005 -2.01375 -5.12076 -821.042 0 
1 827.55 0.305465 0.0224144 0.681237 -0.96711 -0.754076 -5.02814 -821.768 0 
1 826.952 0.30865 0.0225024 0.677355 -0.947641 -1.02899 -5.29983 -820.623 0 
1 826.974 0.313967 0.0225068 0.673332 -0.940702 -0.683113 -6.19528 -820.096 0 
7 826.696 0.309601 0.0224799 0.677136 -0.951235 -0.557655 -5.46207 -820.677 0 
3 826.996 0.306885 0.0225063 0.678577 -0.946454 -1.19795 -5.07899 -820.719 0 
2 828.843 0.301535 0.0226387 0.686075 -0.966699 -1.90094 -4.70222 -822.24 0 
1 827.52 0.304272 0.0225488 0.682691 -0.960839 -1.0672 -4.86049 -821.592 0 
4 829.015 0.301441 0.0224911 0.685083 -0.972755 -1.68162 -4.72458 -822.609 0 
7 827.147 0.308832 0.0225299 0.675437 -0.929626 -1.72355 -5.34342 -820.08 0 
3 827.294 0.308653 0.0225351 0.676153 -0.935913 -1.75143 -5.28927 -820.254 0 
1 826.992 0.306765 0.0225166 0.679245 -0.948489 -1.11628 -5.07005 -820.806 0 
1 828.017 0.30754 0.0223143 0.678691 -0.961964 -1.4833 -5.24107 -821.293 0 
2 828.886 0.306582 0.022337 0.679491 -0.958438 -2.5716 -5.0814 -821.233 0 
1 828.456 0.304094 0.0225233 0.681914 -0.951583 -2.42789 -4.84961 -821.179 0 
3 827.226 0.306607 0.0225655 0.678842 -0.940543 -1.62329 -5.07049 -820.532 0 
2 827.696 0.305398 0.0224413 0.681072 -0.959308 -1.34306 -4.95747 -821.395 0 
5 827.708 0.306461 0.0225803 0.680629 -0.952767 -1.66009 -5.04564 -821.002 0 
2 828.757 0.316039 0.022667 0.671721 -0.928685 -2.37336 -6.57901 -819.805 0 
1 827.819 0.312453 0.022558 0.676422 -0.95791 -1.03781 -6.09055 -820.691 0 
2 827.648 0.313314 0.0224753 0.674481 -0.95398 -0.912774 -6.23859 -820.497 0 
4 827.221 0.306614 0.0224449 0.680875 -0.967256 -0.409091 -5.16997 -821.642 0 
3 828.122 0.302052 0.0224719 0.68434 -0.969248 -1.06737 -4.73792 -822.316 0 
3 827.724 0.310215 0.0224531 0.677159 -0.960573 -1.05501 -5.69145 -820.978 0 
3 827.699 0.318556 0.0224946 0.669145 -0.935256 -0.566383 -7.29676 -819.836 0 
3 828.771 0.313897 0.022255 0.675699 -0.979558 -0.386711 -6.95965 -821.425 0 
2 828.193 0.31362 0.02226 0.673755 -0.958712 -1.20381 -6.35963 -820.63 0 
3 827.753 0.312288 0.0222907 0.675375 -0.964907 -0.606502 -6.18188 -820.964 0 
7 827.552 0.31953 0.0224218 0.666957 -0.924364 -0.391823 -7.44526 -819.715 0 
1 828.721 0.320772 0.0224589 0.663834 -0.904407 -1.24736 -7.73484 -819.739 0 
5 828.018 0.312344 0.0224582 0.67087 -0.914221 -2.38073 -5.93099 -819.706 0 
3 826.969 0.316266 0.0224834 0.670503 -0.932452 -0.457925 -6.6586 -819.853 0 
4 827.237 0.312626 0.0225127 0.675853 -0.95518 -0.577501 -6.07531 -820.584 0 
2 827.418 0.312915 0.0225728 0.6748 -0.942636 -1.23191 -5.99054 -820.196 0 
5 827.048 0.308739 0.0224657 0.678354 -0.959164 -0.589769 -5.40298 -821.055 0 
4 827.633 0.304102 0.0225666 0.680437 -0.941871 -1.97871 -4.877 -820.777 0 
4 827.572 0.305398 0.022616 0.679487 -0.936227 -2.09063 -5.00672 -820.474 0 
3 827.577 0.311668 0.0225455 0.673672 -0.926013 -1.93952 -5.75085 -819.887 0 
2 827.321 0.308519 0.022448 0.675909 -0.935126 -1.79655 -5.28494 -820.239 0 
2 828.496 0.30317 0.0224148 0.683634 -0.975141 -1.11447 -4.87497 -822.506 0 
1 828.692 0.300044 0.0224555 0.685317 -0.963966 -1.75294 -4.6564 -822.283 0 
5 827.626 0.306684 0.0224104 0.679612 -0.956663 -1.39592 -5.08504 -821.145 0 
2 827.904 0.312826 0.0223809 0.672807 -0.935657 -1.93553 -5.93505 -820.034 0 
1 827.489 0.311188 0.0224802 0.673228 -0.924608 -1.92632 -5.68518 -819.878 0 
2 828.929 0.309712 0.0225172 0.672004 -0.906678 -3.52925 -5.72767 -819.672 0 
3 829.848 0.314451 0.0223708 0.667563 -0.904835 -3.84622 -6.3594 -819.643 0 
1 829.539 0.316675 0.0223249 0.666396 -0.911032 -3.15234 -6.72382 -819.662 0 
3 827.317 0.315469 0.0223733 0.671685 -0.943445 -0.6604 -6.56699 -820.089 0 
5 827.999 0.31541 0.0223733 0.669424 -0.923374 -1.81669 -6.42961 -819.753 0 
2 830.433 0.313696 0.0223363 0.668465 -0.9082 -4.57376 -6.20767 -819.652 0 
2 830.339 0.307057 0.0223751 0.674552 -0.919931 -5.09046 -5.30683 -819.942 0 
1 831.975 0.303469 0.0224431 0.67707 -0.914639 -6.64764 -5.34556 -819.982 0 
1 831.322 0.300971 0.0223904 0.680968 -0.935907 -5.58519 -4.92461 -820.812 0 
6 830.368 0.304496 0.0224434 0.678853 -0.932428 -4.92115 -5.03368 -820.413 0 
2 829.787 0.306899 0.0222527 0.678478 -0.958217 -3.47513 -5.11995 -821.192 0 
3 828.881 0.314525 0.0222618 0.670243 -0.933658 -2.6836 -6.27037 -819.927 0 
1 827.693 0.319513 0.0224444 0.666261 -0.917499 -0.602759 -7.40375 -819.687 0 
1 828.175 0.317644 0.0224549 0.667731 -0.915339 -1.56912 -6.93005 -819.676 0 
2 828.377 0.316734 0.0223635 0.670996 -0.943227 -1.47552 -6.87116 -820.03 0 
10 827.601 0.317841 0.022454 0.668641 -0.925049 -0.872818 -6.99376 -819.734 0 
2 828.064 0.315725 0.0224208 0.672184 -0.943998 -1.34946 -6.6244 -820.09 0 
1 828.404 0.313943 0.0224504 0.674666 -0.952708 -1.67585 -6.31189 -820.416 0 
3 828.941 0.306258 0.0224265 0.679084 -0.946048 -3.15595 -5.02982 -820.756 0 
4 827.989 0.308214 0.0224113 0.679342 -0.96235 -1.41244 -5.33425 -821.242 0 
2 828.537 0.305539 0.0225557 0.683802 -0.979195 -0.93195 -5.19065 -822.414 0 
1 828.29 0.315867 0.0224228 0.673864 -0.961058 -0.769446 -6.9747 -820.546 0 
2 829.287 0.309891 0.0225784 0.680502 -0.973994 -1.86294 -5.82493 -821.599 0 
3 831.008 0.31677 0.0225613 0.674876 -0.971621 -2.58168 -7.58869 -820.837 0 
2 829.802 0.314854 0.0224651 0.676306 -0.979934 -1.17276 -7.28615 -821.343 0 
1 828.244 0.310584 0.0222713 0.676716 -0.969011 -1.04533 -5.90181 -821.297 0 
1 828.768 0.311117 0.0223311 0.675888 -0.964154 -1.78409 -5.944 -821.04 0 
3 828.748 0.313819 0.0223972 0.669139 -0.914881 -2.90851 -6.14635 -819.693 0 
3 828.928 0.306376 0.0225482 0.679659 -0.954421 -2.80384 -5.04488 -821.079 0 
2 827.99 0.312661 0.0225506 0.675273 -0.952 -1.44968 -6.06121 -820.479 0 
1 827.434 0.310854 0.0224937 0.672951 -0.923313 -1.93468 -5.63324 -819.866 0 
6 826.944 0.31244 0.0225649 0.674142 -0.937033 -0.990273 -5.87149 -820.082 0 
7 827.304 0.307751 0.0226189 0.678687 -0.944567 -1.54258 -5.17676 -820.584 0 
5 826.913 0.308967 0.0225452 0.676273 -0.936677 -1.32739 -5.32948 -820.257 0 
2 828.386 0.306756 0.0226536 0.676336 -0.918424 -3.16898 -5.29423 -819.923 0 
1 830.366 0.303742 0.0227673 0.678492 -0.912752 -5.10403 -5.33376 -819.928 0 
1 829.852 0.299891 0.022704 0.685652 -0.953537 -3.43045 -4.69083 -821.73 0 
1 828.374 0.309167 0.0227184 0.677113 -0.93317 -2.85511 -5.36769 -820.151 0 
8 827.126 0.311527 0.0225731 0.675106 -0.937069 -1.28999 -5.709 -820.127 0 
1 829.008 0.310234 0.022671 0.678508 -0.95189 -2.79281 -5.56466 -820.651 0 
1 827.603 0.310126 0.0226136 0.677496 -0.949566 -1.48772 -5.5369 -820.579 0 
2 827.707 0.310636 0.0226357 0.675282 -0.933533 -2.05825 -5.5629 -820.086 0 
3 831.35 0.316717 0.0227008 0.672122 -0.939749 -4.51854 -6.86876 -819.962 0 
1 830.956 0.312441 0.022638 0.678577 -0.972742 -3.27888 -6.40421 -821.273 0 
2 829.113 0.311286 0.022601 0.67869 -0.968091 -1.90377 -6.02201 -821.187 0 
1 827.634 0.315384 0.0224494 0.673956 -0.960061 -0.239462 -6.84718 -820.548 0 
1 827.253 0.310195 0.0225089 0.678236 -0.961337 -0.572434 -5.67092 -821.01 0 
3 826.826 0.311126 0.0224999 0.674969 -0.938365 -0.999865 -5.64497 -820.181 0 
1 827.591 0.310515 0.0224163 0.674191 -0.938073 -1.83726 -5.54699 -820.206 0 
5 827.421 0.309745 0.0225231 0.675219 -0.935781 -1.80194 -5.43075 -820.188 0 
1 828.487 0.313718 0.0224148 0.670309 -0.924835 -2.58969 -6.09024 -819.807 0 
2 827.598 0.309954 0.02241 0.677665 -0.965568 -0.670344 -5.71805 -821.209 0 
2 827.67 0.30652 0.022481 0.68171 -0.973592 -0.441524 -5.25177 -821.976 0 
3 829.913 0.304675 0.0223262 0.684437 -0.99858 -0.617942 -5.51544 -823.78 0 
1 828.491 0.309176 0.0223797 0.680792 -0.988156 -0.0145313 -6.0485 -822.428 0 
2 827.315 0.311394 0.0224267 0.676919 -0.965422 -0.248187 -6.00142 -821.066 0 
4 828.343 0.310559 0.0223957 0.679401 -0.983928 -0.0770732 -6.24797 -822.018 0 
8 827.367 0.316284 0.0224357 0.670556 -0.939008 -0.66193 -6.74058 -819.964 0 
3 827.113 0.315211 0.0225257 0.671452 -0.930451 -0.860581 -6.40144 -819.851 0 
5 826.822 0.30851 0.0225314 0.677812 -0.946008 -0.97047 -5.27436 -820.577 0 
1 828.448 0.308268 0.0225952 0.679448 -0.959236 -2.00974 -5.33543 -821.103 0 
6 827.613 0.306201 0.0225692 0.67868 -0.940859 -2.02127 -5.01908 -820.573 0 
2 828.063 0.309863 0.0223527 0.674362 -0.938673 -2.35376 -5.44926 -820.26 0 
1 828.93 0.308794 0.0223126 0.676395 -0.947097 -3.02034 -5.31561 -820.594 0 
5 828.967 0.300411 0.0224452 0.685357 -0.965189 -1.99657 -4.66639 -822.304 0 
2 829.034 0.301466 0.0226088 0.686989 -0.977406 -1.38694 -4.75403 -822.893 0 
3 828.343 0.301808 0.0226566 0.683976 -0.951373 -2.20161 -4.73585 -821.406 0 
4 827.358 0.304462 0.0224974 0.68075 -0.94963 -1.4333 -4.86629 -821.058 0 
2 826.794 0.310323 0.0224783 0.675402 -0.939181 -1.02731 -5.51972 -820.247 0 
7 828.77 0.314207 0.022618 0.669961 -0.904711 -2.78266 -6.34602 -819.641 0 
3 827.756 0.315793 0.0225753 0.670064 -0.917947 -1.54125 -6.51771 -819.697 0 
2 828.562 0.313306 0.0226527 0.673067 -0.92316 -2.73783 -6.03027 -819.794 0 
3 829.021 0.310752 0.022577 0.673953 -0.919189 -3.52728 -5.6916 -819.802 0 
1 828.784 0.311226 0.0225696 0.675025 -0.93112 -3.10978 -5.66979 -820.004 0 
2 829.223 0.31184 0.0227285 0.674789 -0.925231 -3.57467 -5.78106 -819.867 0 
1 833.561 0.306026 0.0227738 0.68192 -0.943578 -7.84473 -5.03342 -820.683 0 
2 833.402 0.311294 0.0228363 0.677244 -0.933595 -7.67132 -5.67487 -820.056 0 
2 832.057 0.314459 0.0226944 0.673545 -0.927511 -5.99246 -6.23772 -819.827 0 
1 828.423 0.318616 0.0225338 0.670495 -0.94107 -1.1287 -7.37168 -819.923 0 
1 827.831 0.320946 0.0224524 0.66639 -0.926284 -0.230737 -7.8806 -819.72 0 
1 827.222 0.317583 0.0224622 0.668819 -0.926144 -0.535464 -6.93874 -819.747 0 
1 827.057 0.310737 0.0225519 0.676885 -0.950208 -0.858287 -5.64331 -820.556 0 
3 826.683 0.31082 0.0224673 0.676169 -0.950302 -0.469555 -5.66031 -820.553 0 
2 827.505 0.310027 0.0224707 0.678956 -0.970617 -0.273861 -5.80446 -821.426 0 
1 827.943 0.310576 0.022287 0.676921 -0.967012 -0.891234 -5.84104 -821.21 0 
2 827.405 0.312735 0.0223385 0.673663 -0.947285 -1.07454 -5.99781 -820.332 0 
1 828.716 0.304597 0.022315 0.681456 -0.970359 -1.70727 -4.964 -822.045 0 
1 830.958 0.300516 0.0223909 0.689906 -1.01206 -0.0773183 -5.26807 -825.613 0 
4 830.652 0.303767 0.022389 0.687166 -1.00708 -0.549632 -5.54126 -824.561 0 
2 828.971 0.317899 0.0223044 0.671624 -0.960735 -1.00688 -7.56045 -820.404 0 
1 829.121 0.31781 0.0222867 0.672267 -0.968141 -0.731177 -7.75278 -820.637 0 
2 828.15 0.315896 0.0223849 0.673989 -0.966245 -0.308745 -7.12572 -820.716 0 
3 828.365 0.318716 0.0223435 0.670917 -0.958426 -0.295801 -7.77661 -820.293 0 
2 827.318 0.314783 0.0223283 0.672374 -0.950501 -0.505224 -6.5116 -820.301 0 
2 826.917 0.315307 0.0224325 0.671801 -0.942687 -0.303957 -6.53393 -820.08 0 
3 827.03 0.308988 0.0224069 0.677333 -0.955064 -0.761337 -5.39941 -820.869 0 
1 827.204 0.310551 0.0224213 0.675419 -0.948338 -1.09099 -5.60553 -820.508 0 
6 827.623 0.311715 0.0223874 0.674481 -0.950216 -1.29132 -5.84458 -820.487 0 
1 829.116 0.311972 0.0223823 0.673235 -0.943605 -3.00416 -5.8377 -820.274 0 
1 828.302 0.312787 0.0224824 0.675444 -0.959789 -1.3445 -6.22626 -820.731 0 
1 827.924 0.317067 0.022306 0.67167 -0.96013 -0.147453 -7.33887 -820.438 0 
4 828.486 0.316601 0.0222474 0.672161 -0.965796 -0.486224 -7.35241 -820.648 0 
1 829.41 0.317478 0.022243 0.667237 -0.928335 -2.70245 -6.93571 -819.772 0 
1 828.141 0.3185 0.0223299 0.668576 -0.941858 -0.807775 -7.39365 -819.94 0 
2 828.103 0.317001 0.0223257 0.672317 -0.964878 -0.0613902 -7.45291 -820.589 0 
1 830.261 0.315446 0.0223457 0.676628 -0.992025 -0.54845 -7.87424 -821.838 0 
2 830.364 0.314694 0.0223088 0.675895 -0.988154 -1.05662 -7.57062 -821.737 0 
1 830.193 0.316973 0.0222211 0.671173 -0.965593 -2.059 -7.51986 -820.614 0 
4 829.215 0.31558 0.0221978 0.673292 -0.97357 -0.922272 -7.28144 -821.012 0 
2 829.189 0.320299 0.0222221 0.666499 -0.939504 -1.44745 -7.8885 -819.853 0 
4 829.873 0.321507 0.0222919 0.663205 -0.914297 -2.20605 -7.9611 -819.706 0 
4 827.468 0.312245 0.0223118 0.674626 -0.95632 -0.7979 -6.01829 -820.651 0 
1 828.577 0.31866 0.0222487 0.668745 -0.948456 -0.956596 -7.56056 -820.06 0 
1 829.436 0.324325 0.022346 0.661432 -0.909349 -0.831144 -8.80826 -819.797 0 
1 831.404 0.326502 0.0224515 0.66262 -0.929419 -1.72044 -9.93234 -819.751 0 
3 829.297 0.320276 0.0225511 0.669026 -0.941177 -1.50178 -7.91718 -819.878 0 
3 828.04 0.317773 0.0224245 0.671335 -0.955105 -0.339665 -7.44319 -820.257 0 
4 829.624 0.318138 0.0223035 0.671679 -0.961666 -1.56171 -7.64709 -820.416 0 
1 830.247 0.316629 0.0224343 0.674126 -0.964782 -2.37737 -7.25683 -820.612 0 
3 830.029 0.322061 0.0225732 0.667892 -0.935873 -1.88636 -8.36096 -819.781 0 
3 829.381 0.321723 0.0223897 0.667167 -0.936806 -1.34184 -8.24454 -819.795 0 
2 829.165 0.323335 0.0225503 0.663293 -0.905109 -0.891241 -8.46773 -819.806 0 
5 830.654 0.324578 0.0225628 0.661921 -0.904455 -1.9181 -8.87912 -819.857 0 
1 829.949 0.31728 0.0227245 0.669177 -0.914271 -3.43021 -6.84676 -819.672 0 
1 828.834 0.317365 0.0225824 0.666934 -0.905671 -2.26727 -6.89902 -819.668 0 
2 826.941 0.307094 0.0225305 0.679606 -0.953754 -0.834711 -5.12162 -820.985 0 
5 828.23 0.312175 0.0223699 0.673895 -0.950059 -1.83798 -5.94104 -820.451 0 
1 829.051 0.309852 0.0224265 0.678966 -0.977377 -1.32278 -5.95915 -821.769 0 
1 828.036 0.305888 0.0226742 0.680861 -0.947853 -2.19663 -4.98304 -820.856 0 
6 827.907 0.306095 0.0226805 0.679156 -0.934356 -2.47547 -5.06476 -820.367 0 
2 828.104 0.307858 0.0226492 0.680086 -0.954174 -1.94954 -5.22114 -820.933 0 
2 827.446 0.305707 0.022543 0.6812 -0.960254 -1.04116 -4.99914 -821.406 0 
8 828.72 0.308783 0.0225925 0.679352 -0.961938 -2.09931 -5.45247 -821.168 0 
1 826.99 0.311634 0.0225597 0.674492 -0.936698 -1.1495 -5.72733 -820.113 0 
2 828.087 0.313456 0.0223115 0.674109 -0.962261 -0.890811 -6.4297 -820.766 0 
2 828.564 0.310768 0.0224399 0.677977 -0.972717 -1.07787 -6.04163 -821.444 0 
2 827.55 0.317441 0.022422 0.669092 -0.933888 -0.725639 -6.98102 -819.843 0 
3 828.064 0.319092 0.0223637 0.668407 -0.941622 -0.581234 -7.56567 -819.917 0 
2 830.71 0.319464 0.0223639 0.668663 -0.950326 -2.72851 -7.91543 -820.066 0 
1 831.499 0.321377 0.0223016 0.666946 -0.950649 -2.91759 -8.58113 -820.001 0 
1 827.528 0.313433 0.0223487 0.67466 -0.963232 -0.292114 -6.43228 -820.804 0 
1 829.53 0.31745 0.0222114 0.670573 -0.962078 -1.5127 -7.54609 -820.471 0 
5 829.712 0.31718 0.0221818 0.670123 -0.957693 -2.01018 -7.34098 -820.361 0 
3 830.069 0.317395 0.0221605 0.671573 -0.968602 -1.73858 -7.64689 -820.683 0 
4 831.263 0.313034 0.0221457 0.677115 -0.992423 -1.99084 -7.11928 -822.153 0 
2 830.917 0.315345 0.0221207 0.672306 -0.970719 -2.83604 -7.15795 -820.923 0 
3 829.8 0.312163 0.0221769 0.6769 -0.98563 -1.19998 -6.69128 -821.909 0 
4 831.073 0.307742 0.0221464 0.680727 -0.99539 -2.03352 -5.97054 -823.068 0 
2 831.877 0.306611 0.0221277 0.681031 -0.993379 -3.05372 -5.70676 -823.116 0 
1 832.931 0.311633 0.0221066 0.679823 -1.01451 -1.57799 -7.6742 -823.679 0 
1 832.791 0.314393 0.0221989 0.678561 -1.0154 -0.874627 -8.62984 -823.287 0 
3 832.665 0.316973 0.0222481 0.676405 -1.00565 -1.31815 -8.99951 -822.348 0 
3 834.935 0.317313 0.0221154 0.676125 -1.0132 -2.728 -9.48879 -822.718 0 
3 834.292 0.318953 0.0221284 0.674426 -1.00762 -2.24457 -9.85117 -822.196 0 
4 831.901 0.324759 0.0222756 0.667884 -0.974695 -0.815641 -10.6986 -820.387 0 
3 831.694 0.326799 0.0223354 0.664694 -0.956048 -0.9025 -10.8596 -819.932 0 
3 834.008 0.330942 0.0223118 0.662376 -0.957772 -1.30539 -12.8196 -819.883 0 
1 832.225 0.322601 0.022289 0.669668 -0.971651 -2.23191 -9.56477 -820.429 0 
2 831.365 0.324037 0.022308 0.66821 -0.968479 -1.02466 -10.0723 -820.268 0 
2 832.323 0.325628 0.0223019 0.667298 -0.973125 -1.00241 -11.0189 -820.301 0 
1 834.409 0.325329 0.0222037 0.667883 -0.988067 -1.92694 -11.7383 -820.744 0 
3 835.446 0.327233 0.0222972 0.667698 -0.986806 -2.41009 -12.4596 -820.576 0 
1 835.727 0.326033 0.0221536 0.668484 -0.995017 -2.5054 -12.2967 -820.925 0 
1 833.892 0.316325 0.0222169 0.676215 -0.996583 -3.68329 -8.24941 -821.959 0 
1 833.251 0.308457 0.0222313 0.683731 -1.01595 -2.14121 -6.77112 -824.338 0 
1 831.115 0.314533 0.0221752 0.676523 -0.995216 -1.32103 -7.68422 -822.11 0 
4 830.83 0.307487 0.0222013 0.679047 -0.977976 -3.22917 -5.51222 -822.089 0 
6 831.623 0.315015 0.0223665 0.667699 -0.915875 -5.57929 -6.35484 -819.689 0 
6 830.033 0.313176 0.0223698 0.671568 -0.937978 -3.92803 -6.03513 -820.07 0 
2 830.205 0.313223 0.0223427 0.669711 -0.922358 -4.41859 -6.00166 -819.785 0 
2 829.986 0.312998 0.0223534 0.672116 -0.942705 -3.75354 -6.03981 -820.193 0 
1 832.333 0.311489 0.0223564 0.673263 -0.945952 -6.18345 -5.77878 -820.371 0 
1 830.703 0.313232 0.022407 0.669899 -0.921707 -4.92407 -6.00267 -819.776 0 
4 829.982 0.312225 0.0222182 0.673688 -0.958554 -3.16933 -6.08101 -820.731 0 
4 828.6 0.31153 0.0222431 0.67435 -0.955021 -2.08194 -5.85698 -820.661 0 
1 828.362 0.316566 0.0223345 0.668009 -0.924453 -1.92484 -6.69231 -819.745 0 
4 827.582 0.305919 0.0225014 0.677913 -0.934743 -2.14754 -5.04397 -820.391 0 
3 827.551 0.306097 0.0226173 0.679148 -0.940165 -1.97739 -5.01688 -820.556 0 
1 828.67 0.303619 0.0226646 0.679642 -0.926811 -3.33193 -5.04232 -820.296 0 
1 828.466 0.311386 0.0225471 0.670917 -0.905659 -2.90513 -5.91254 -819.648 0 
1 830.738 0.314377 0.0226536 0.667688 -0.892789 -4.55796 -6.51105 -819.669 0 
2 830.443 0.306933 0.0228285 0.677335 -0.917265 -5.2258 -5.32431 -819.893 0 
1 830.059 0.310629 0.0228054 0.675689 -0.922837 -4.57216 -5.62109 -819.865 0 
2 830.079 0.303056 0.0228091 0.681978 -0.933153 -4.59428 -4.94349 -820.541 0 
1 830.549 0.303422 0.022807 0.681578 -0.934202 -5.07998 -4.91919 -820.55 0 
4 828.102 0.303615 0.0225426 0.680038 -0.937684 -2.55164 -4.89038 -820.66 0 
4 827.868 0.309221 0.0226722 0.677288 -0.936388 -2.26624 -5.36775 -820.234 0 
2 829.979 0.306318 0.0226626 0.68366 -0.974776 -2.69027 -5.22405 -822.065 0 
2 828.419 0.308222 0.0226767 0.679722 -0.95142 -2.36868 -5.25541 -820.795 0 
5 829.013 0.310519 0.0227486 0.675474 -0.926551 -3.50434 -5.57007 -819.938 0 
1 828.797 0.306889 0.0227429 0.679364 -0.937594 -3.27823 -5.10339 -820.415 0 
1 828.795 0.310948 0.0227343 0.675714 -0.930834 -3.16825 -5.61718 -820.01 0 
1 829.645 0.304218 0.0225957 0.684358 -0.977255 -2.14653 -5.0144 -822.484 0 
1 829.878 0.305237 0.022554 0.68263 -0.973064 -2.67872 -5.08864 -822.11 0 
1 827.367 0.312358 0.0223719 0.674891 -0.9577 -0.596862 -6.07911 -820.691 0 
7 828.604 0.313562 0.0222814 0.674556 -0.96926 -0.956569 -6.62464 -821.022 0 
2 828.43 0.312093 0.0223401 0.677662 -0.982358 -0.0879341 -6.58732 -821.754 0 
1 828.166 0.31521 0.0223012 0.67419 -0.971272 -0.121541 -7.08895 -820.955 0 
7 828.152 0.313857 0.022273 0.672099 -0.94773 -1.61134 -6.26176 -820.279 0 
6 829.223 0.314448 0.0222293 0.67115 -0.942012 -2.80668 -6.31246 -820.104 0 
5 828.76 0.308062 0.0223595 0.677922 -0.951762 -2.70601 -5.23319 -820.821 0 
6 826.96 0.312009 0.0223939 0.673859 -0.941929 -0.918495 -5.81474 -820.226 0 
2 826.995 0.307154 0.0224473 0.679152 -0.954969 -0.830875 -5.13472 -821.029 0 
4 827.329 0.315595 0.02243 0.673105 -0.954039 -0.20595 -6.77085 -820.352 0 
1 829.04 0.319218 0.0224439 0.670543 -0.956517 -0.874087 -7.9483 -820.218 0 
1 829.642 0.317444 0.0223529 0.674053 -0.98117 -0.372343 -8.12498 -821.144 0 
1 829.158 0.316433 0.0222838 0.674162 -0.978796 -0.333838 -7.68196 -821.142 0 
1 828.782 0.314224 0.0224306 0.675925 -0.975009 -0.635155 -6.95172 -821.195 0 
1 828.813 0.314126 0.0223659 0.676318 -0.976718 -0.629908 -6.90645 -821.277 0 
1 829.007 0.314969 0.0222511 0.674909 -0.978558 -0.509511 -7.2251 -821.273 0 
1 827.44 0.317011 0.022511 0.670715 -0.938484 -0.59651 -6.91375 -819.929 0 
5 827.029 0.314104 0.0224936 0.673292 -0.941675 -0.684791 -6.23206 -820.112 0 
2 826.879 0.314972 0.02243 0.672518 -0.945815 -0.224535 -6.48573 -820.169 0 
2 827.053 0.313313 0.0223634 0.673021 -0.945146 -0.709915 -6.10356 -820.24 0 
3 827.077 0.3116 0.0224875 0.672892 -0.927034 -1.44506 -5.72462 -819.908 0 
1 827.391 0.312903 0.0225059 0.675137 -0.954073 -0.724197 -6.13868 -820.528 0 
2 827.144 0.308056 0.0224616 0.679391 -0.963993 -0.462382 -5.3504 -821.331 0 
1 826.91 0.30877 0.0224717 0.678451 -0.956641 -0.588442 -5.37162 -820.95 0 
5 827.09 0.310078 0.022496 0.674273 -0.927959 -1.59675 -5.50807 -819.985 0 
4 827.089 0.309479 0.0223827 0.67734 -0.957525 -0.670032 -5.49724 -820.922 0 
1 828.468 0.303899 0.0224847 0.684487 -0.982027 -0.609539 -5.04138 -822.817 0 
4 829.53 0.302072 0.0224968 0.685145 -0.977894 -1.8813 -4.81633 -822.832 0 
3 827.315 0.31015 0.0224576 0.676602 -0.95433 -0.976134 -5.59417 -820.745 0 
4 828.478 0.307345 0.0224794 0.679708 -0.964644 -1.77727 -5.26484 -821.436 0 
1 827.786 0.309976 0.0224842 0.677773 -0.962264 -1.04775 -5.6705 -821.068 0 
4 827.767 0.310059 0.0223586 0.677971 -0.971747 -0.438927 -5.85301 -821.475 0 
2 827.364 0.310063 0.022415 0.678075 -0.968267 -0.26803 -5.77915 -821.317 0 
2 827.332 0.311483 0.0223791 0.675671 -0.958746 -0.625782 -5.9084 -820.798 0 
2 827.763 0.31691 0.0224945 0.668854 -0.924593 -1.24456 -6.77645 -819.742 0 
1 827.806 0.315801 0.0226223 0.66982 -0.915292 -1.60027 -6.5255 -819.68 0 
1 827.95 0.311216 0.0226603 0.67573 -0.935077 -2.19933 -5.65622 -820.094 0 
3 827.69 0.313171 0.0226018 0.670878 -0.911148 -1.93641 -6.08281 -819.671 0 
7 830.579 0.318232 0.0225653 0.665314 -0.900204 -3.7475 -7.12519 -819.706 0 
1 830.059 0.317287 0.0224439 0.66748 -0.921585 -3.48381 -6.86369 -819.711 0 
1 828.284 0.311235 0.0223724 0.67282 -0.933667 -2.5683 -5.65557 -820.061 0 
1 829.764 0.316467 0.022548 0.668153 -0.915621 -3.42376 -6.66172 -819.679 0 
1 830.254 0.317786 0.0224911 0.669253 -0.937157 -3.22852 -7.14249 -819.883 0 
2 829.304 0.31929 0.022496 0.667468 -0.928321 -2.11474 -7.44285 -819.746 0 
1 828.926 0.317442 0.0223521 0.668543 -0.935954 -2.03204 -7.02007 -819.874 0 
6 830.002 0.318742 0.0224623 0.668121 -0.934302 -2.81316 -7.37028 -819.819 0 
1 828.234 0.312905 0.0226052 0.67435 -0.941968 -2.05497 -5.99959 -820.179 0 
5 828.103 0.308653 0.0226386 0.679433 -0.955658 -1.83163 -5.34988 -820.921 0 
5 828.217 0.312244 0.0226427 0.67517 -0.9416 -2.14995 -5.86261 -820.205 0 
1 827.77 0.312342 0.0226353 0.674881 -0.938962 -1.77443 -5.86291 -820.133 0 
3 826.716 0.313281 0.0224952 0.67354 -0.94105 -0.519544 -6.05958 -820.137 0 
7 827.532 0.313938 0.0225627 0.6703 -0.912184 -1.65979 -6.19968 -819.672 0 
3 827.399 0.313036 0.0225745 0.671947 -0.918978 -1.65112 -6.00163 -819.746 0 
1 827.057 0.314308 0.0224185 0.672552 -0.941168 -0.694159 -6.27231 -820.091 0 
2 828.505 0.308284 0.0223475 0.679546 -0.968815 -1.54734 -5.42733 -821.53 0 
1 829.756 0.306352 0.0222781 0.681129 -0.975103 -2.45674 -5.22109 -822.078 0 
1 829.16 0.304563 0.0223684 0.679628 -0.946444 -3.35165 -4.89173 -820.917 0 
2 829.531 0.316474 0.0225899 0.666271 -0.889674 -2.81885 -6.96382 -819.749 0 
1 827.77 0.315678 0.0224714 0.670663 -0.927721 -1.47838 -6.49181 -819.8 0 
1 828.146 0.3166 0.0225091 0.671615 -0.938858 -1.41136 -6.78447 -819.95 0 
1 829.471 0.307137 0.0226367 0.682469 -0.969426 -2.52273 -5.25968 -821.689 0 
4 829.511 0.305825 0.0225287 0.684451 -0.985774 -1.41452 -5.33427 -822.763 0 
2 828.934 0.309196 0.022504 0.681034 -0.978411 -1.26262 -5.77261 -821.899 0 
1 829.656 0.317789 0.0223991 0.673519 -0.971741 -1.04045 -7.85538 -820.761 0 
1 828.256 0.31639 0.0223529 0.673439 -0.969559 -0.0594619 -7.40272 -820.794 0 
1 827.369 0.315963 0.0223381 0.671597 -0.950858 -0.298086 -6.82592 -820.245 0 
3 827.754 0.313367 0.022346 0.672181 -0.941934 -1.5048 -6.0944 -820.154 0 
1 829.434 0.307425 0.0222447 0.681434 -0.990453 -0.882321 -5.74014 -822.811 0 
1 829.091 0.314429 0.0223785 0.675227 -0.965514 -1.614 -6.67138 -820.806 0 
3 828.839 0.321194 0.0223544 0.666882 -0.934341 -1.02179 -8.03948 -819.778 0 
1 829.368 0.323131 0.0225371 0.665966 -0.92982 -0.994241 -8.64047 -819.734 0 
5 829.145 0.321705 0.0225406 0.667695 -0.936233 -1.0875 -8.26824 -819.789 0 
1 828.285 0.318789 0.0224573 0.671007 -0.953065 -0.454157 -7.67457 -820.156 0 
2 829.387 0.319456 0.0224225 0.664306 -0.905001 -2.29086 -7.39158 -819.705 0 
6 830.332 0.326286 0.0223518 0.659196 -0.89998 -0.913145 -9.42511 -819.993 0 
1 830.779 0.326852 0.0224233 0.658193 -0.88901 -0.915374 -9.61559 -820.248 0 
2 829.905 0.32367 0.0222978 0.66167 -0.909204 -1.53823 -8.58776 -819.779 0 
2 830.017 0.322144 0.0222698 0.664714 -0.925903 -2.07502 -8.22444 -819.718 0 
4 830.098 0.323478 0.0222726 0.661803 -0.911146 -1.80071 -8.53764 -819.76 0 
2 828.489 0.323297 0.0223708 0.6643 -0.925945 -0.136841 -8.63063 -819.722 0 
2 828.333 0.322746 0.0224131 0.66406 -0.918535 -0.255323 -8.36257 -819.715 0 
1 829.642 0.325811 0.0224037 0.662102 -0.921568 -0.401614 -9.48402 -819.757 0 
1 830.285 0.32797 0.0223581 0.661572 -0.929144 -0.0574694 -10.4556 -819.772 0 
4 831.009 0.327096 0.0223678 0.662149 -0.924612 -1.27925 -9.95966 -819.77 0 
2 831.604 0.331179 0.0223825 0.658318 -0.91631 -0.0973605 -11.5386 -819.968 0 
3 829.535 0.326436 0.0224153 0.661656 -0.917022 -0.122389 -9.6171 -819.796 0 
5 829.161 0.324752 0.0224226 0.663769 -0.924633 -0.322427 -9.10514 -819.733 0 
3 829.472 0.319553 0.022327 0.669933 -0.952831 -1.4839 -7.87247 -820.116 0 
1 829.806 0.326137 0.022355 0.662432 -0.924492 -0.44425 -9.60882 -819.753 0 
1 828.644 0.319283 0.0223686 0.666557 -0.91988 -1.60818 -7.34223 -819.693 0 
1 827.474 0.313278 0.022371 0.672285 -0.935917 -1.43017 -6.02388 -820.02 0 
2 827.216 0.305632 0.0224626 0.681164 -0.962026 -0.719613 -4.99884 -821.498 0 
4 826.903 0.307346 0.0225388 0.678269 -0.94305 -1.20763 -5.13242 -820.563 0 
4 826.949 0.309925 0.0224396 0.677244 -0.954789 -0.627961 -5.54144 -820.78 0 
1 827.509 0.309052 0.0224366 0.67671 -0.943614 -1.70619 -5.34356 -820.459 0 
3 827.363 0.306681 0.0224857 0.680962 -0.964133 -0.739453 -5.1403 -821.484 0 
13 827.299 0.306349 0.0224105 0.680406 -0.963515 -0.712962 -5.09587 -821.49 0 
1 827.199 0.308579 0.0224768 0.67875 -0.961248 -0.63848 -5.40274 -821.158 0 
1 828.68 0.311506 0.0223782 0.676967 -0.962833 -1.79719 -5.93113 -820.952 0 
1 827.295 0.314882 0.0224787 0.673786 -0.953571 -0.327506 -6.58518 -820.382 0 
1 828.551 0.304746 0.0226496 0.682873 -0.957335 -2.28773 -4.89132 -821.372 0 
5 828.429 0.300932 0.0225981 0.685279 -0.958449 -1.8743 -4.69233 -821.863 0 
8 829.394 0.297977 0.0225191 0.686844 -0.958957 -2.41032 -4.71199 -822.271 0 
3 828.435 0.300888 0.0224873 0.685498 -0.967163 -1.40316 -4.67813 -822.354 0 
2 830.152 0.296406 0.0225688 0.689441 -0.966531 -2.45806 -4.728 -822.966 0 
1 830.801 0.296073 0.0226691 0.688559 -0.950546 -3.80118 -4.95908 -822.041 0 
1 831.697 0.292815 0.0225398 0.693817 -0.987017 -1.71474 -4.85269 -825.129 0 
3 831.056 0.295434 0.0227248 0.69062 -0.964585 -3.28737 -4.7809 -822.988 0 
2 833.058 0.293896 0.0227664 0.692179 -0.967877 -4.7394 -4.85921 -823.459 0 
3 830.49 0.295975 0.0226867 0.688146 -0.949427 -3.55405 -4.9448 -821.991 0 
3 830.456 0.295716 0.0225962 0.687868 -0.950268 -3.42304 -4.96213 -822.071 0 
1 830.554 0.297242 0.0227274 0.689469 -0.965597 -3.09671 -4.67833 -822.779 0 
1 831.256 0.299536 0.0227517 0.683796 -0.926349 -5.45875 -5.22955 -820.568 0 
1 833.901 0.302211 0.0228285 0.681625 -0.91658 -8.40759 -5.40222 -820.091 0 
3 833.889 0.306886 0.0228814 0.677445 -0.906743 -8.5211 -5.64426 -819.724 0 
1 832.554 0.3055 0.0229034 0.680909 -0.929107 -7.19753 -5.10892 -820.248 0 
1 829.148 0.3074 0.0227311 0.680297 -0.949172 -3.22733 -5.14209 -820.778 0 
4 827.318 0.312232 0.0225472 0.67609 -0.952956 -0.816437 -5.96242 -820.539 0 
1 827.009 0.310764 0.0224606 0.674748 -0.940804 -1.14701 -5.5949 -820.267 0 
9 827.01 0.309313 0.0223898 0.677291 -0.95621 -0.666531 -5.45793 -820.885 0 
4 828.164 0.31738 0.0223522 0.671005 -0.9489 -0.893485 -7.14462 -820.126 0 
1 828.73 0.318085 0.0224643 0.670678 -0.941575 -1.56992 -7.21126 -819.948 0 
1 829.419 0.304359 0.0225532 0.68476 -0.975964 -2.0508 -4.97847 -822.39 0 
2 828.579 0.311887 0.0225775 0.675313 -0.937425 -2.69031 -5.77055 -820.118 0 
4 827.171 0.315742 0.022403 0.671454 -0.941268 -0.531989 -6.60855 -820.03 0 
14 827.451 0.31887 0.022408 0.668994 -0.93889 -0.147771 -7.42314 -819.88 0 
1 828.269 0.321023 0.022348 0.665537 -0.92738 -0.615852 -7.92736 -819.726 0 
17 827.566 0.31697 0.0223209 0.670842 -0.950772 -0.279648 -7.09606 -820.19 0 
2 828.784 0.323848 0.0223805 0.663941 -0.9273 -0.196827 -8.85998 -819.727 0 
2 828.841 0.322499 0.0225408 0.665712 -0.922708 -0.807931 -8.32119 -819.712 0 
1 828.928 0.320957 0.0225637 0.663843 -0.89673 -1.28755 -7.82262 -819.818 0 
2 828.953 0.320588 0.0226011 0.665715 -0.910669 -1.56924 -7.68217 -819.702 0 
2 828.312 0.316263 0.0225582 0.66875 -0.916596 -2.01062 -6.61587 -819.685 0 
1 828.434 0.313084 0.0226844 0.673217 -0.92254 -2.65193 -5.99187 -819.791 0 
1 831.101 0.313739 0.0227678 0.670538 -0.896842 -5.03613 -6.42376 -819.641 0 
2 832.418 0.311175 0.0227616 0.671429 -0.889501 -6.44303 -6.34683 -819.629 0 
3 830.083 0.314726 0.0226217 0.668557 -0.894749 -3.81417 -6.60394 -819.665 0 
2 828.837 0.312423 0.0225044 0.670487 -0.906585 -3.13243 -6.05607 -819.648 0 
2 828.874 0.311366 0.0225449 0.671571 -0.906895 -3.29242 -5.92498 -819.656 0 
5 828.085 0.309255 0.0225342 0.67442 -0.919594 -2.7252 -5.50599 -819.854 0 
1 828.258 0.305358 0.0225641 0.677391 -0.923854 -3.00263 -5.14306 -820.113 0 
3 827.635 0.302807 0.0225572 0.683056 -0.955844 -1.36815 -4.75574 -821.512 0 
5 828.662 0.300726 0.0225288 0.683358 -0.946032 -2.60953 -4.78239 -821.27 0 
2 829.168 0.302505 0.0224006 0.681147 -0.946457 -3.26499 -4.79282 -821.11 0 
1 830.32 0.297929 0.0224282 0.68574 -0.956647 -3.45061 -4.72463 -822.145 0 
1 828.445 0.300208 0.0225355 0.6861 -0.968167 -1.28301 -4.65484 -822.508 0 
3 827.814 0.302462 0.0225856 0.683546 -0.955133 -1.55434 -4.74448 -821.515 0 
1 829.019 0.310736 0.0225252 0.679864 -0.979601 -1.08207 -6.16035 -821.776 0 
2 828.764 0.312443 0.0226211 0.676635 -0.956431 -2.05462 -6.06932 -820.64 0 
5 828.535 0.311779 0.0226604 0.674474 -0.925737 -2.8853 -5.77114 -819.878 0 
2 827.137 0.312472 0.0225805 0.673633 -0.929867 -1.34178 -5.86574 -819.929 0 
4 828.408 0.31883 0.0225459 0.66928 -0.929886 -1.35579 -7.28544 -819.767 0 
5 829.574 0.324794 0.0224272 0.660941 -0.900419 -0.733632 -8.9217 -819.919 0 
5 830.409 0.323673 0.022478 0.666487 -0.936749 -1.71839 -8.91741 -819.773 0 
1 830.729 0.327918 0.0224113 0.661869 -0.930581 -0.45903 -10.5019 -819.769 0 
1 829.329 0.323517 0.0223969 0.661939 -0.907568 -0.996742 -8.54362 -819.789 0 
1 828.965 0.316833 0.0226793 0.670766 -0.925929 -2.45263 -6.75626 -819.756 0 
3 828.441 0.313419 0.0226532 0.674459 -0.937016 -2.34794 -6.05516 -820.038 0 
4 827.912 0.312312 0.0226284 0.675553 -0.944828 -1.72681 -5.89663 -820.288 0 
2 827.335 0.313047 0.0224982 0.674737 -0.94671 -0.987679 -6.05021 -820.298 0 
1 826.761 0.310013 0.0224579 0.677102 -0.95389 -0.470852 -5.55095 -820.74 0 
3 828.101 0.310788 0.0223636 0.67299 -0.929871 -2.50971 -5.59554 -819.996 0 
2 827.788 0.313521 0.0223109 0.673091 -0.948193 -1.30433 -6.17275 -820.311 0 
5 827.855 0.312334 0.0222906 0.675803 -0.968049 -0.518416 -6.25027 -821.086 0 
1 828.457 0.307565 0.0222964 0.679973 -0.977659 -0.897379 -5.49755 -822.062 0 
6 827.372 0.3098 0.0223621 0.676907 -0.959899 -0.788633 -5.59504 -820.988 0 
3 827.453 0.31289 0.0223192 0.674251 -0.957436 -0.626589 -6.18527 -820.641 0 
1 827.21 0.312144 0.0225807 0.675124 -0.940958 -1.18451 -5.83247 -820.193 0 
4 827.061 0.310385 0.0225239 0.676064 -0.94597 -1.05882 -5.55867 -820.443 0 
4 827.037 0.310182 0.0224152 0.675045 -0.941623 -1.2085 -5.50357 -820.325 0 
2 826.747 0.312457 0.0224598 0.673359 -0.937616 -0.774209 -5.87815 -820.095 0 
1 827.347 0.313484 0.0225599 0.671321 -0.917553 -1.54108 -6.08399 -819.722 0 
2 828.078 0.312111 0.0224965 0.670885 -0.910665 -2.45928 -5.94089 -819.677 0 
1 827.687 0.307222 0.0224686 0.677465 -0.937661 -2.14794 -5.14408 -820.395 0 
2 827.872 0.302743 0.0224534 0.68267 -0.958351 -1.47829 -4.75089 -821.643 0 
6 828.195 0.310367 0.0224111 0.675764 -0.943518 -2.29007 -5.53607 -820.369 0 
1 827.127 0.309816 0.0223778 0.675959 -0.9487 -1.07583 -5.47861 -820.572 0 
7 826.764 0.311449 0.0225204 0.674771 -0.937767 -0.917959 -5.69746 -820.149 0 
8 826.791 0.311824 0.0224584 0.673627 -0.934783 -0.976335 -5.75554 -820.059 0 
1 828.243 0.313269 0.022396 0.672383 -0.932788 -2.27612 -6.0112 -819.956 0 
3 827.637 0.31951 0.0224247 0.666503 -0.920602 -0.524393 -7.41656 -819.696 0 
8 827.071 0.313782 0.0224986 0.674389 -0.950779 -0.427894 -6.27387 -820.369 0 
7 828.034 0.316282 0.0224899 0.673328 -0.957688 -0.57266 -7.04643 -820.415 0 
2 829.487 0.32245 0.0225351 0.665528 -0.924946 -1.41135 -8.35974 -819.716 0 
2 833.848 0.327113 0.0224285 0.659876 -0.913277 -4.09865 -9.90053 -819.849 0 
1 830.306 0.326463 0.0224054 0.659406 -0.901442 -0.826481 -9.50207 -819.978 0 
4 827.132 0.315779 0.0224397 0.671268 -0.937291 -0.606859 -6.57551 -819.95 0 
3 826.853 0.313548 0.0224687 0.674082 -0.949432 -0.301721 -6.207 -820.345 0 
5 827.95 0.311436 0.0225232 0.67809 -0.967137 -0.793982 -6.02297 -821.133 0 
1 827.694 0.312578 0.0223614 0.675936 -0.963949 -0.587636 -6.2045 -820.902 0 
1 828.534 0.314086 0.0224808 0.675334 -0.958176 -1.51641 -6.43907 -820.578 0 
4 826.995 0.31337 0.0224689 0.673989 -0.9448 -0.665226 -6.10263 -820.227 0 
5 827.701 0.31998 0.0224159 0.666267 -0.921653 -0.447482 -7.55323 -819.7 0 
2 827.737 0.32048 0.0224267 0.667123 -0.932049 -0.157226 -7.81442 -819.765 0 
3 827.357 0.31688 0.0224243 0.6717 -0.950927 -0.0873154 -7.07155 -820.198 0 
3 828.058 0.316923 0.0224622 0.672684 -0.955504 -0.582977 -7.16008 -820.315 0 
3 829.214 0.322881 0.0224094 0.662255 -0.905874 -1.08888 -8.34012 -819.785 0 
1 832.043 0.323385 0.02237 0.660107 -0.895931 -3.61567 -8.50116 -819.926 0 
2 830.364 0.316667 0.0223091 0.66743 -0.925183 -3.88518 -6.72797 -819.751 0 
3 832.398 0.32283 0.0222955 0.660792 -0.903548 -4.26193 -8.33034 -819.806 0 
1 828.313 0.318648 0.022328 0.66677 -0.926002 -1.35327 -7.22622 -819.733 0 
3 827.855 0.310249 0.0223764 0.6789 -0.975976 -0.250839 -5.94925 -821.654 0 
1 828.062 0.31984 0.0225514 0.666705 -0.916948 -0.883004 -7.49109 -819.687 0 
8 829.433 0.323958 0.0224945 0.665117 -0.92699 -0.848301 -8.85695 -819.727 0 
1 829.856 0.326073 0.0224644 0.663045 -0.923184 -0.533367 -9.56736 -819.756 0 
3 832.016 0.329856 0.0224314 0.656936 -0.898034 -1.02978 -10.7609 -820.225 0 
5 831.561 0.329471 0.0224096 0.657084 -0.897835 -0.752715 -10.6019 -820.206 0 
3 830.354 0.322477 0.0223794 0.661695 -0.895972 -2.23035 -8.23749 -819.887 0 
5 827.841 0.312073 0.0222907 0.674309 -0.952644 -1.37551 -5.92525 -820.54 0 
2 829.195 0.314911 0.0222593 0.671056 -0.940506 -2.74875 -6.39724 -820.049 0 
5 828.92 0.313226 0.0222098 0.675153 -0.974071 -1.03948 -6.62807 -821.253 0 
2 827.868 0.315718 0.022323 0.672605 -0.960814 -0.336883 -6.98255 -820.548 0 
1 827.891 0.310702 0.0223835 0.677334 -0.969312 -0.649136 -5.94441 -821.298 0 
4 826.892 0.31133 0.0224042 0.674498 -0.944057 -0.859629 -5.70687 -820.325 0 
5 826.757 0.312829 0.0224153 0.674115 -0.94839 -0.362442 -6.03553 -820.359 0 
2 828.048 0.311313 0.0222789 0.676686 -0.970175 -0.712085 -6.06138 -821.274 0 
3 827.69 0.308362 0.0223858 0.676716 -0.944006 -1.91618 -5.25274 -820.521 0 
2 826.95 0.312305 0.022468 0.674671 -0.944319 -0.792439 -5.88279 -820.274 0 
1 829.821 0.305155 0.0223066 0.682942 -0.981559 -2.06014 -5.15512 -822.606 0 
1 830.197 0.303355 0.022272 0.68542 -0.997204 -1.04469 -5.23977 -823.913 0 
2 828.628 0.304608 0.0225028 0.684296 -0.978108 -1.10969 -5.03925 -822.48 0 
1 829.576 0.307802 0.0225073 0.680347 -0.959631 -3.16977 -5.24165 -821.164 0 
1 829.648 0.302316 0.0224878 0.684679 -0.965429 -2.83947 -4.74201 -822.067 0 
1 828.965 0.304009 0.0223993 0.681757 -0.957928 -2.649 -4.83595 -821.48 0 
4 829.479 0.298615 0.0225474 0.689206 -0.980768 -1.24604 -4.66193 -823.571 0 
1 829.919 0.30077 0.0224278 0.688814 -1.00068 -0.244806 -5.02797 -824.646 0 
1 828.707 0.302094 0.0226111 0.685882 -0.970263 -1.59356 -4.74391 -822.369 0 
1 829.111 0.307505 0.0227627 0.678818 -0.933959 -3.65634 -5.1879 -820.266 0 
1 829.948 0.31417 0.0227717 0.672055 -0.913861 -4.03443 -6.23225 -819.682 0 
2 828.333 0.313226 0.0226326 0.671441 -0.917187 -2.58158 -6.02858 -819.723 0 
3 828.838 0.313326 0.0227283 0.67299 -0.921368 -3.03534 -6.03342 -819.769 0 
4 829.955 0.31568 0.0226189 0.666405 -0.885366 -3.25819 -6.92425 -819.772 0 
3 827.484 0.311665 0.0225707 0.672797 -0.918477 -1.91577 -5.79898 -819.769 0 
4 827.712 0.314109 0.0225965 0.670608 -0.912631 -1.80904 -6.22918 -819.674 0 
1 827.707 0.313567 0.0226047 0.671772 -0.922796 -1.85768 -6.06644 -819.783 0 
3 827.493 0.310696 0.0224007 0.67492 -0.946652 -1.43026 -5.61886 -820.444 0 
1 828.929 0.308704 0.022465 0.675744 -0.940304 -3.26224 -5.28798 -820.379 0 
2 829.964 0.306829 0.0225057 0.676774 -0.936301 -4.50351 -5.0814 -820.379 0 
1 829.253 0.305371 0.0223963 0.677215 -0.93364 -3.85022 -5.01029 -820.392 0 
3 829.886 0.303167 0.0225174 0.678762 -0.928016 -4.52905 -4.99448 -820.363 0 
1 827.92 0.30398 0.0225824 0.679982 -0.936705 -2.4091 -4.91536 -820.596 0 
3 828.055 0.309235 0.0224285 0.674113 -0.925318 -2.66109 -5.42907 -819.965 0 
4 826.734 0.31241 0.0224815 0.673385 -0.934429 -0.85214 -5.85738 -820.025 0 
1 828.006 0.315982 0.0225744 0.669534 -0.920034 -1.74095 -6.55261 -819.712 0 
4 828.442 0.310806 0.0226611 0.673347 -0.917516 -2.99634 -5.66975 -819.776 0 
3 830.133 0.307231 0.0226793 0.67947 -0.949644 -4.19872 -5.1242 -820.81 0 
15 828.343 0.305594 0.0226939 0.679768 -0.937837 -2.83768 -4.99165 -820.514 0 
1 828.16 0.313721 0.022642 0.672859 -0.930636 -2.16261 -6.09743 -819.9 0 
1 828.966 0.304676 0.0226652 0.680045 -0.938641 -3.43767 -4.91752 -820.611 0 
1 828.001 0.3044 0.0226016 0.679979 -0.938867 -2.45183 -4.90869 -820.64 0 
1 828.631 0.302642 0.0224386 0.685732 -0.987031 -0.31996 -4.97812 -823.333 0 
1 828.203 0.304563 0.0223989 0.680872 -0.960681 -1.76453 -4.88675 -821.551 0 
1 826.855 0.313049 0.022545 0.672834 -0.930151 -0.973514 -5.96749 -819.914 0 
1 828.584 0.318923 0.0223817 0.668762 -0.93525 -1.39274 -7.36417 -819.827 0 
1 827.755 0.311148 0.0223433 0.675143 -0.949136 -1.55982 -5.70338 -820.492 0 
4 828.333 0.311858 0.0223475 0.672773 -0.932584 -2.56263 -5.76119 -820.009 0 
1 828.334 0.314401 0.0222918 0.672687 -0.950056 -1.6303 -6.39215 -820.311 0 
2 828.162 0.31473 0.0224083 0.670038 -0.921434 -2.12327 -6.29567 -819.743 0 
6 826.824 0.312148 0.0224032 0.67415 -0.945895 -0.62153 -5.87397 -820.328 0 
1 828.282 0.320287 0.0223209 0.665877 -0.927161 -0.856164 -7.69743 -819.728 0 
1 827.972 0.317196 0.0222991 0.670144 -0.949199 -0.684623 -7.14559 -820.141 0 
10 827.621 0.310313 0.022401 0.678687 -0.97515 -0.0483574 -5.9649 -821.608 0 
1 827.341 0.311592 0.0224002 0.675362 -0.955734 -0.772371 -5.88782 -820.681 0 
6 827.644 0.312059 0.022318 0.675139 -0.961147 -0.734025 -6.0701 -820.84 0 
1 827.693 0.313441 0.022383 0.671137 -0.926849 -1.80772 -6.04033 -819.845 0 
3 827.744 0.312791 0.0224107 0.673361 -0.945867 -1.43796 -6.01732 -820.289 0 
3 827.842 0.315726 0.0224825 0.669572 -0.925223 -1.56873 -6.50519 -819.768 0 
4 827.931 0.3142 0.0226312 0.671732 -0.924152 -1.96077 -6.18403 -819.786 0 
2 830.022 0.312734 0.0227025 0.669262 -0.888341 -3.89718 -6.46244 -819.663 0 
1 829.486 0.320553 0.0224104 0.66366 -0.906474 -2.09193 -7.67421 -819.72 0 
2 828.204 0.318065 0.0223836 0.667355 -0.919622 -1.4789 -7.03124 -819.694 0 
10 827.999 0.320187 0.0223997 0.66642 -0.923144 -0.678451 -7.61439 -819.706 0 
6 827.782 0.309725 0.0225314 0.678687 -0.958764 -1.28988 -5.54321 -820.949 0 
3 826.937 0.30867 0.0224215 0.677575 -0.952176 -0.827525 -5.32372 -820.786 0 
1 827.034 0.307338 0.0225409 0.679369 -0.953739 -0.919017 -5.1531 -820.962 0 
3 828.144 0.311581 0.0223015 0.673989 -0.945202 -2.0466 -5.75444 -820.343 0 
2 828.662 0.302764 0.0223986 0.682904 -0.967217 -1.77977 -4.77491 -822.108 0 
6 827.369 0.306147 0.0224416 0.681523 -0.970132 -0.38641 -5.14107 -821.841 0 
2 827.64 0.310528 0.0226202 0.676891 -0.946634 -1.60083 -5.58443 -820.455 0 
1 828.415 0.311652 0.0225065 0.677732 -0.963222 -1.4856 -5.9749 -820.954 0 
1 827.746 0.307275 0.0226499 0.67857 -0.936537 -2.23538 -5.15384 -820.357 0 
1 828.086 0.314788 0.0226029 0.669127 -0.904487 -2.01402 -6.42791 -819.644 0 
7 830.627 0.317701 0.0226854 0.665993 -0.894261 -3.80747 -7.07972 -819.74 0 
2 829.268 0.317542 0.0226467 0.667297 -0.905648 -2.65885 -6.93848 -819.67 0 
2 829.181 0.312957 0.022619 0.670667 -0.911401 -3.47998 -6.02606 -819.675 0 
4 826.96 0.308177 0.0225358 0.6783 -0.950239 -0.959922 -5.24587 -820.754 0 
2 827.929 0.315223 0.022517 0.669992 -0.923907 -1.77418 -6.39268 -819.762 0 
1 826.778 0.312655 0.0224669 0.673734 -0.942067 -0.638492 -5.94447 -820.195 0 
1 828.808 0.316257 0.0224196 0.67097 -0.9464 -1.82582 -6.86141 -820.121 0 
1 830.098 0.310336 0.0222234 0.675389 -0.961692 -3.34702 -5.7394 -821.012 0 
5 828.472 0.314626 0.0223023 0.670364 -0.936459 -2.17373 -6.32132 -819.977 0 
2 829.146 0.311781 0.0222718 0.674515 -0.959597 -2.3397 -6.00136 -820.805 0 
3 828.799 0.310412 0.0223463 0.676641 -0.965632 -1.80591 -5.82584 -821.168 0 
4 828.819 0.305426 0.0225436 0.681586 -0.964872 -2.14809 -5.01108 -821.66 0 
1 828.604 0.314726 0.0226142 0.673303 -0.942574 -2.09745 -6.40272 -820.104 0 
3 828.293 0.314251 0.0226694 0.672997 -0.930961 -2.20185 -6.2026 -819.888 0 
3 828.477 0.316184 0.0225973 0.670582 -0.929225 -2.03945 -6.62867 -819.809 0 
2 828.353 0.318705 0.0225311 0.66985 -0.940367 -1.02574 -7.41919 -819.908 0 
1 830.028 0.322319 0.0225597 0.666955 -0.928163 -1.99296 -8.30872 -819.727 0 
3 830.644 0.31921 0.0225833 0.671111 -0.94435 -3.10022 -7.58362 -819.96 0 
1 829.289 0.315842 0.0226788 0.672615 -0.934109 -2.83413 -6.56352 -819.892 0 
3 828.286 0.31518 0.0225197 0.674276 -0.954244 -1.25108 -6.65166 -820.384 0 
2 828.466 0.320734 0.022433 0.666276 -0.921556 -1.01069 -7.7547 -819.701 0 
1 829.743 0.318967 0.0226044 0.667153 -0.906913 -2.78286 -7.27215 -819.688 0 
1 827.425 0.318206 0.0224424 0.668956 -0.931313 -0.496792 -7.13574 -819.793 0 
8 827.134 0.314036 0.0224031 0.671167 -0.930881 -1.08077 -6.15903 -819.894 0 
2 826.999 0.31495 0.0223801 0.67194 -0.94477 -0.382509 -6.4722 -820.145 0 
2 826.664 0.31278 0.0224749 0.673966 -0.943121 -0.474314 -5.97419 -820.216 0 
1 827.987 0.311337 0.0224186 0.673821 -0.932904 -2.26998 -5.67844 -820.039 0 
2 828.557 0.307669 0.0224734 0.676956 -0.933834 -3.08609 -5.21835 -820.253 0 
1 830.075 0.297938 0.0224813 0.686409 -0.956342 -3.20249 -4.74647 -822.126 0 
1 830.276 0.301452 0.022516 0.682552 -0.940616 -4.43747 -4.87834 -820.961 0 
1 827.232 0.307061 0.0225269 0.679591 -0.951444 -1.22829 -5.10875 -820.895 0 
3 828.827 0.311467 0.0227206 0.675341 -0.932741 -3.1035 -5.69418 -820.029 0 
5 830.259 0.310628 0.0226668 0.678226 -0.958951 -3.63345 -5.74736 -820.878 0 
4 831.097 0.313159 0.0227647 0.67376 -0.929336 -5.21383 -5.98745 -819.896 0 
5 829.501 0.308436 0.0227835 0.677594 -0.92981 -4.09617 -5.30041 -820.104 0 
3 828.433 0.309034 0.0227079 0.676097 -0.926427 -3.05086 -5.385 -819.997 0 
1 827.794 0.306801 0.0226588 0.679453 -0.943742 -2.09353 -5.07224 -820.628 0 
1 827.849 0.306446 0.02263 0.678651 -0.938114 -2.3331 -5.05311 -820.462 0 
1 827.529 0.306091 0.0225329 0.677796 -0.933453 -2.12587 -5.06382 -820.339 0 
2 828.982 0.312102 0.0225091 0.670799 -0.914288 -3.40161 -5.86989 -819.711 0 
3 829.122 0.312473 0.0223856 0.672492 -0.939846 -3.06913 -5.90508 -820.148 0 
1 827.739 0.313758 0.0223594 0.671582 -0.938215 -1.54386 -6.14588 -820.049 0 
2 827.361 0.314103 0.0223221 0.672914 -0.952055 -0.600033 -6.37463 -820.387 0 
4 827.4 0.309968 0.0223469 0.677619 -0.965421 -0.505544 -5.69294 -821.202 0 
1 827.001 0.312705 0.0223823 0.673896 -0.94658 -0.700971 -5.98551 -820.314 0 
1 829.028 0.306508 0.0222816 0.678392 -0.955357 -2.86177 -5.05978 -821.107 0 
1 829.681 0.30402 0.0222654 0.681707 -0.972324 -2.52884 -4.92443 -822.228 0 
2 828.816 0.311173 0.0222839 0.674889 -0.950159 -2.57785 -5.71464 -820.523 0 
1 829.802 0.310111 0.0223259 0.672968 -0.925486 -4.33115 -5.53724 -819.933 0 
2 829.586 0.30124 0.022338 0.686807 -0.992909 -0.672084 -4.93486 -823.979 0 
3 830.617 0.298919 0.0223613 0.689824 -1.00373 -0.404687 -4.95378 -825.258 0 
3 827.878 0.303499 0.022554 0.681165 -0.94216 -2.1728 -4.86563 -820.84 0 
6 827.833 0.305188 0.0225645 0.678962 -0.932946 -2.41616 -5.03384 -820.383 0 
2 828.343 0.312241 0.0225932 0.673339 -0.922403 -2.66967 -5.86276 -819.81 0 
1 828.039 0.307846 0.0225702 0.675165 -0.917316 -2.77225 -5.40597 -819.861 0 
2 827.814 0.31112 0.0225508 0.672542 -0.914471 -2.31242 -5.77179 -819.73 0 
3 828.129 0.315602 0.0225988 0.668407 -0.903502 -1.89643 -6.58119 -819.651 0 
1 829.04 0.312005 0.0227087 0.671439 -0.901296 -3.32528 -6.08689 -819.628 0 
3 828.98 0.313408 0.0227342 0.672048 -0.914837 -3.19876 -6.08364 -819.697 0 
1 826.747 0.311744 0.0224318 0.675345 -0.95206 -0.344443 -5.85803 -820.545 0 
1 827.376 0.308415 0.0225795 0.679381 -0.956843 -1.06362 -5.32242 -820.99 0 
3 828.286 0.309223 0.0225818 0.679968 -0.967707 -1.30864 -5.59938 -821.378 0 
1 828.045 0.31201 0.0225935 0.676437 -0.953934 -1.51626 -5.94078 -820.588 0 
4 828.934 0.316601 0.0224943 0.667793 -0.915508 -2.56487 -6.69143 -819.678 0 
5 832.074 0.316935 0.022415 0.667724 -0.925668 -5.51618 -6.806 -819.752 0 
2 829.639 0.314023 0.0224217 0.671111 -0.935583 -3.46156 -6.19479 -819.983 0 
1 829.39 0.306787 0.0224786 0.678191 -0.949537 -3.47427 -5.07154 -820.844 0 
12 827.313 0.305379 0.0225163 0.680091 -0.950356 -1.37748 -4.93279 -821.003 0 
3 829.717 0.301425 0.0224324 0.682674 -0.956141 -3.34493 -4.68882 -821.684 0 
1 829.036 0.301922 0.0225645 0.68083 -0.933438 -3.47999 -4.91765 -820.639 0 
2 827.795 0.3086 0.0226293 0.67502 -0.918498 -2.50376 -5.435 -819.857 0 
2 827.713 0.310399 0.0226399 0.673744 -0.916425 -2.28948 -5.65244 -819.771 0 
5 826.701 0.311673 0.0225166 0.674131 -0.935321 -0.892366 -5.73057 -820.078 0 
1 828.425 0.307262 0.0227113 0.677081 -0.923559 -3.15809 -5.25505 -820.012 0 
2 828.183 0.308903 0.0226706 0.675539 -0.92371 -2.84576 -5.39229 -819.945 0 
1 828.068 0.31392 0.0225094 0.671672 -0.932022 -2.00393 -6.14576 -819.918 0 
2 828.614 0.311845 0.0224774 0.672504 -0.929839 -2.90743 -5.7542 -819.953 0 
3 830.712 0.314409 0.022357 0.669151 -0.92501 -4.69146 -6.22717 -819.793 0 
1 830.01 0.317033 0.0223472 0.669204 -0.941388 -3.02923 -6.99867 -819.982 0 
2 829.178 0.320784 0.0222662 0.665919 -0.936034 -1.3816 -7.99484 -819.801 0 
1 829.389 0.321319 0.0222367 0.667079 -0.9459 -1.14854 -8.31864 -819.921 0 
4 829.67 0.324076 0.0224092 0.664144 -0.922756 -1.11994 -8.82314 -819.727 0 
3 829.103 0.324917 0.02244 0.662031 -0.910264 -0.292509 -9.004 -819.807 0 
2 830.147 0.320505 0.0222181 0.668354 -0.952255 -1.90273 -8.18022 -820.064 0 
1 828.04 0.313748 0.022374 0.674541 -0.956423 -1.1643 -6.33092 -820.545 0 
5 829.295 0.317656 0.022292 0.669202 -0.937247 -2.36816 -7.03841 -819.889 0 
1 828.991 0.319103 0.0222873 0.667253 -0.930309 -1.85761 -7.36632 -819.767 0 
10 828.299 0.321187 0.0224435 0.667945 -0.941947 -0.219859 -8.21244 -819.866 0 
2 827.985 0.317667 0.0223753 0.671862 -0.959198 -0.134579 -7.47669 -820.374 0 
3 828.043 0.315807 0.0226325 0.670544 -0.919256 -1.81875 -6.51688 -819.707 0 
2 827.363 0.315417 0.0225425 0.670283 -0.920362 -1.20744 -6.43402 -819.722 0 
1 828.192 0.318508 0.0224655 0.666222 -0.908048 -1.36087 -7.1534 -819.678 0 
5 827.519 0.318189 0.022395 0.668116 -0.930495 -0.594882 -7.14076 -819.784 0 
2 828.208 0.313959 0.0223425 0.670927 -0.92954 -2.19583 -6.13921 -819.873 0 
1 827.811 0.31705 0.0223677 0.670872 -0.945134 -0.761244 -6.99219 -820.057 0 
12 827.414 0.307879 0.0223764 0.679773 -0.970038 -0.381523 -5.3986 -821.634 0 
3 827.796 0.31417 0.0223964 0.674899 -0.96202 -0.545204 -6.54865 -820.702 0 
5 828.138 0.304987 0.022439 0.683483 -0.978597 -0.584921 -5.09782 -822.456 0 
1 827.986 0.310587 0.0223105 0.676958 -0.964221 -1.11051 -5.78417 -821.092 0 
1 827.859 0.309504 0.0223395 0.675668 -0.945343 -1.96361 -5.41192 -820.484 0 
4 828.922 0.303766 0.0224156 0.679531 -0.939568 -3.31115 -4.89328 -820.717 0 
4 828.561 0.301687 0.0226691 0.682719 -0.939608 -2.819 -4.84445 -820.897 0 
3 828.999 0.306136 0.0226813 0.678337 -0.924224 -3.70024 -5.21678 -820.082 0 
2 828.734 0.305374 0.0226664 0.682843 -0.963016 -2.18012 -4.97909 -821.574 0 
1 828.826 0.310081 0.0227184 0.677309 -0.940888 -3.03085 -5.48587 -820.31 0 
2 828.528 0.311116 0.0226449 0.675827 -0.941725 -2.59569 -5.66026 -820.272 0 
2 828.529 0.314303 0.0225433 0.673836 -0.950566 -1.77653 -6.42146 -820.331 0 
3 827.424 0.313664 0.0225122 0.675104 -0.955907 -0.560329 -6.32932 -820.534 0 
2 827.432 0.311535 0.0225239 0.673276 -0.929529 -1.76793 -5.70555 -819.958 0 
3 828.522 0.31273 0.0223518 0.673177 -0.948554 -2.11153 -6.04033 -820.37 0 
1 828.517 0.306219 0.0223175 0.680272 -0.970975 -1.46381 -5.177 -821.876 0 
1 827.503 0.307233 0.0223896 0.678417 -0.955447 -1.31001 -5.15118 -821.042 0 
3 827.931 0.310404 0.0223941 0.675598 -0.952255 -1.65847 -5.62155 -820.65 0 
1 827.935 0.309961 0.0223646 0.674193 -0.936754 -2.27022 -5.46263 -820.202 0 
1 828.496 0.313211 0.0224091 0.669683 -0.913225 -2.74336 -6.06683 -819.686 0 
1 827.702 0.312199 0.0223514 0.673597 -0.947174 -1.43376 -5.90573 -820.362 0 
2 827.906 0.317877 0.0224194 0.667587 -0.918543 -1.23298 -6.98414 -819.689 0 
2 829.642 0.316114 0.022527 0.672754 -0.942604 -2.90524 -6.69381 -820.043 0 
2 831.942 0.319347 0.0226324 0.672139 -0.957112 -3.73834 -7.97826 -820.226 0 
1 828.897 0.320384 0.0224623 0.669268 -0.949886 -0.725275 -8.15013 -820.022 0 
2 829.008 0.322204 0.0225595 0.666254 -0.924943 -1.03887 -8.25479 -819.715 0 
3 830.954 0.327619 0.0225231 0.662002 -0.919911 -1.03115 -10.1159 -819.807 0 
1 831.724 0.32969 0.0223144 0.659076 -0.923574 -0.77758 -11.1082 -819.838 0 
4 830.517 0.325101 0.0223278 0.664026 -0.932445 -1.42157 -9.34951 -819.746 0 
1 831.452 0.324584 0.0224094 0.66617 -0.942462 -2.26748 -9.37262 -819.812 0 
1 830.753 0.321552 0.0223734 0.667662 -0.939252 -2.71389 -8.21494 -819.824 0 
1 830.561 0.319624 0.022423 0.670576 -0.951017 -2.65162 -7.83479 -820.074 0 
3 831.474 0.317605 0.0223788 0.674196 -0.975123 -2.71388 -7.86325 -820.897 0 
2 827.643 0.31477 0.0223242 0.673523 -0.959375 -0.416135 -6.65848 -820.569 0 
4 829.103 0.314074 0.0223034 0.674436 -0.961275 -1.92744 -6.49214 -820.683 0 
1 828.191 0.311507 0.0223791 0.675669 -0.951747 -1.85202 -5.78793 -820.551 0 
1 827.181 0.316651 0.0223894 0.670941 -0.943946 -0.251863 -6.88051 -820.049 0 
1 827.224 0.315564 0.0225026 0.670667 -0.926703 -0.968973 -6.46608 -819.789 0 
1 828.093 0.317545 0.0226001 0.66887 -0.916662 -1.50622 -6.90513 -819.681 0 
2 829.598 0.317334 0.0226306 0.672381 -0.944269 -2.5078 -7.06236 -820.027 0 
1 829.21 0.318637 0.0224484 0.6647 -0.897314 -2.20515 -7.26586 -819.739 0 
2 828.266 0.316183 0.0223049 0.668743 -0.92851 -1.8503 -6.61623 -819.799 0 
5 829.762 0.319676 0.0222013 0.666785 -0.941165 -2.13208 -7.73709 -819.893 0 
1 831.615 0.313208 0.022136 0.677195 -0.994964 -2.08511 -7.26331 -822.266 0 
8 830.144 0.311916 0.0221916 0.677682 -0.992382 -0.966601 -6.88194 -822.296 0 
4 828.463 0.312667 0.0222896 0.676827 -0.980931 -0.159515 -6.68308 -821.621 0 
1 829.697 0.302705 0.0224383 0.686644 -0.997238 -0.471995 -5.19427 -824.03 0 
2 828.978 0.301972 0.0226007 0.685189 -0.969197 -1.92027 -4.73355 -822.324 0 
6 828.249 0.307442 0.0225462 0.678901 -0.953531 -2.13436 -5.17028 -820.944 0 
4 827.939 0.306348 0.0224781 0.681009 -0.968423 -1.04538 -5.16317 -821.731 0 
1 828.419 0.311876 0.022476 0.674449 -0.947028 -2.19144 -5.84905 -820.378 0 
5 828.616 0.31244 0.0224081 0.671724 -0.930458 -2.81686 -5.8576 -819.942 0 
1 827.587 0.31411 0.0225511 0.671101 -0.924012 -1.634 -6.1662 -819.786 0 
1 827.683 0.318315 0.0224929 0.667485 -0.919817 -0.886009 -7.10253 -819.694 0 
2 828.46 0.319838 0.0223032 0.667224 -0.939207 -0.850988 -7.74888 -819.86 0 
1 827.587 0.316522 0.0223324 0.669987 -0.938197 -0.87497 -6.77141 -819.941 0 
1 827.421 0.314255 0.0224613 0.673819 -0.948301 -0.81521 -6.33419 -820.272 0 
1 827.129 0.315801 0.0225199 0.671429 -0.936539 -0.608682 -6.585 -819.935 0 
7 827.523 0.314985 0.0225615 0.672126 -0.936436 -1.1628 -6.39786 -819.963 0 
14 827.171 0.312941 0.0224214 0.674669 -0.955755 -0.415777 -6.1749 -820.581 0 
2 827.41 0.316277 0.0225096 0.668989 -0.919823 -1.08585 -6.61679 -819.707 0 
2 828.075 0.316498 0.0223972 0.66779 -0.918219 -1.71453 -6.66628 -819.694 0 
4 829.56 0.309553 0.0224885 0.672517 -0.915512 -4.24248 -5.53821 -819.78 0 
11 829.243 0.308526 0.0225013 0.67294 -0.909516 -3.9507 -5.56941 -819.723 0 
4 829.16 0.313278 0.0224887 0.669386 -0.910091 -3.40576 -6.09053 -819.663 0 
1 828.813 0.311422 0.0223471 0.672241 -0.931565 -3.12227 -5.68516 -820.005 0 
2 828.111 0.30522 0.0224983 0.678063 -0.930845 -2.74266 -5.05203 -820.316 0 
2 829.251 0.298438 0.0225547 0.687755 -0.966266 -1.9467 -4.65859 -822.645 0 
1 828.756 0.299436 0.02253 0.685706 -0.957723 -2.05816 -4.68771 -822.01 0 
1 828.998 0.29844 0.0225239 0.687816 -0.970242 -1.46002 -4.64257 -822.895 0 
1 830.079 0.301428 0.0224735 0.687437 -0.985745 -1.80893 -4.82452 -823.445 0 
3 828.148 0.303206 0.0225032 0.684647 -0.973184 -0.916326 -4.84472 -822.387 0 
1 827.721 0.30361 0.0224504 0.683501 -0.971709 -0.60006 -4.8734 -822.248 0 
1 827.779 0.305358 0.0226327 0.679687 -0.93594 -2.29998 -5.01116 -820.468 0 
1 827.187 0.305419 0.0225017 0.680854 -0.955091 -1.03973 -4.94539 -821.202 0 
2 827.26 0.312667 0.0225682 0.673782 -0.932246 -1.39123 -5.90031 -819.969 0 
3 828.085 0.313157 0.0226228 0.675123 -0.943953 -1.81707 -6.05116 -820.217 0 
3 828.218 0.311309 0.022611 0.673153 -0.922468 -2.68437 -5.69555 -819.838 0 
4 828.83 0.31723 0.0226822 0.668886 -0.911234 -2.31803 -6.84692 -819.665 0 
2 827.315 0.311008 0.0226243 0.674971 -0.932318 -1.65289 -5.62236 -820.04 0 
3 827.539 0.309003 0.0224692 0.679775 -0.969554 -0.476485 -5.57535 -821.487 0 
2 827.559 0.306476 0.02246 0.681287 -0.967 -0.772819 -5.14129 -821.645 0 
1 826.766 0.310623 0.0225019 0.676511 -0.949343 -0.614508 -5.61578 -820.535 0 
6 828.673 0.309012 0.0226272 0.677333 -0.934878 -3.11182 -5.35691 -820.204 0 
2 828.696 0.313612 0.0224018 0.671123 -0.923581 -2.82135 -6.08276 -819.792 0 
2 827.411 0.312269 0.0225171 0.673067 -0.926448 -1.69469 -5.8418 -819.874 0 
3 827.519 0.31053 0.0224713 0.675941 -0.942945 -1.61657 -5.56035 -820.342 0 
1 827.896 0.306342 0.0224778 0.679803 -0.950566 -1.94126 -5.03102 -820.924 0 
1 827.604 0.306324 0.0223854 0.679149 -0.953927 -1.50718 -5.03349 -821.064 0 
1 828.327 0.30856 0.0222773 0.678055 -0.967405 -1.40937 -5.48281 -821.434 0 
2 827.52 0.304813 0.0224529 0.681711 -0.964855 -0.853498 -4.93636 -821.73 0 
5 827.386 0.312118 0.0224021 0.672331 -0.930286 -1.63241 -5.80287 -819.951 0 
1 828.231 0.30115 0.0224792 0.684079 -0.959803 -1.63943 -4.68367 -821.908 0 
3 829.068 0.298976 0.0224815 0.685703 -0.960012 -2.20223 -4.66759 -822.199 0 
1 829.872 0.302464 0.0226942 0.681128 -0.925254 -4.41764 -5.13141 -820.323 0 
5 829.75 0.301392 0.0227249 0.681286 -0.922211 -4.27013 -5.18126 -820.299 0 
1 830.846 0.304084 0.02284 0.678968 -0.911585 -5.55531 -5.39989 -819.89 0 
2 830.856 0.303952 0.0228272 0.678655 -0.908863 -5.53489 -5.47863 -819.843 0 
1 829.089 0.303634 0.0226578 0.679121 -0.924 -3.79292 -5.08268 -820.213 0 
1 829.202 0.310446 0.0225718 0.671289 -0.89988 -3.62285 -5.95486 -819.624 0 
1 828.627 0.315743 0.02254 0.669316 -0.911727 -2.42048 -6.54396 -819.663 0 
6 827.409 0.316233 0.0224658 0.668525 -0.916818 -1.11159 -6.61059 -819.687 0 
1 827.06 0.31219 0.0224743 0.672341 -0.925897 -1.36901 -5.82337 -819.868 0 
2 827.858 0.304425 0.02246 0.680156 -0.945456 -2.08459 -4.88398 -820.89 0 
2 829.726 0.300653 0.0224248 0.682543 -0.945813 -3.67817 -4.78068 -821.267 0 
2 830.185 0.305057 0.022447 0.677042 -0.922402 -4.89781 -5.19553 -820.091 0 
2 834.084 0.300789 0.0224773 0.679589 -0.915283 -8.47951 -5.47043 -820.134 0 
2 831.669 0.301432 0.022539 0.680382 -0.921717 -6.13408 -5.25364 -820.281 0 
2 830.435 0.299773 0.0225821 0.684428 -0.942223 -4.35299 -4.88879 -821.193 0 
4 830.073 0.308247 0.0225981 0.676887 -0.926605 -4.68381 -5.35301 -820.036 0 
5 830.465 0.310212 0.0225562 0.674308 -0.918634 -5.00939 -5.64738 -819.809 0 
3 829.3 0.301846 0.0224058 0.683388 -0.958849 -2.80724 -4.71912 -821.773 0 
1 830.509 0.300501 0.0224368 0.683128 -0.945916 -4.4161 -4.80564 -821.288 0 
1 829.27 0.30048 0.0224421 0.68526 -0.96415 -2.36317 -4.67149 -822.235 0 
2 830.52 0.306754 0.0222852 0.676143 -0.936418 -5.0291 -5.10377 -820.387 0 
6 830.969 0.306751 0.0221985 0.678347 -0.959823 -4.57857 -5.11252 -821.278 0 
1 830.455 0.313429 0.0221775 0.672932 -0.953506 -3.76576 -6.21539 -820.474 0 
8 828.074 0.318146 0.0223198 0.66754 -0.927771 -1.22239 -7.09579 -819.755 0 
5 828.378 0.320215 0.0223284 0.666123 -0.929678 -0.916225 -7.71382 -819.748 0 
3 828.209 0.315774 0.0223324 0.673012 -0.964966 -0.415596 -7.11177 -820.681 0 
3 829.075 0.319492 0.0223728 0.66909 -0.951177 -1.07658 -7.91574 -820.083 0 
7 828.755 0.317212 0.0223807 0.672644 -0.967385 -0.483434 -7.61539 -820.656 0 
1 830.569 0.322458 0.0223937 0.665616 -0.937849 -2.15043 -8.62354 -819.795 0 
1 829.129 0.319534 0.0223539 0.66533 -0.918708 -2.01375 -7.42533 -819.69 0 
1 829.961 0.321683 0.0222961 0.662736 -0.907601 -2.2393 -7.98232 -819.739 0 
3 830.518 0.324636 0.0222673 0.660647 -0.908193 -1.80029 -8.90004 -819.818 0 
2 829.79 0.322837 0.0224277 0.661125 -0.893669 -1.50288 -8.34998 -819.937 0 
3 829.176 0.319477 0.0225924 0.664441 -0.891807 -1.83294 -7.51708 -819.826 0 
2 829.295 0.315621 0.0226561 0.667863 -0.894078 -2.8693 -6.73784 -819.688 0 
5 829.532 0.320474 0.0226685 0.665863 -0.904312 -2.14434 -7.65607 -819.732 0 
1 829.241 0.320301 0.0226095 0.668478 -0.929278 -1.78723 -7.71004 -819.744 0 
2 828.257 0.317292 0.0225272 0.67063 -0.933143 -1.51576 -6.90444 -819.837 0 
2 828.531 0.314429 0.0225077 0.675842 -0.966137 -0.981712 -6.72042 -820.829 0 
5 829.446 0.325974 0.0224624 0.661793 -0.913398 -0.227405 -9.40788 -819.811 0 
1 829.538 0.319809 0.0225969 0.664613 -0.892797 -2.1235 -7.58904 -819.826 0 
3 830.999 0.320844 0.0226734 0.664274 -0.889623 -3.20456 -7.88018 -819.914 0 
2 832.004 0.319958 0.0227517 0.663487 -0.875681 -3.93017 -7.92801 -820.145 0 
3 830.073 0.318841 0.0227169 0.665692 -0.892075 -2.90376 -7.36983 -819.8 0 
2 828.014 0.319656 0.0225354 0.666855 -0.91569 -0.897021 -7.4319 -819.685 0 
1 827.897 0.319288 0.022367 0.667423 -0.928888 -0.736907 -7.40962 -819.751 0 
8 829.804 0.324359 0.0224295 0.660735 -0.896037 -1.04666 -8.78904 -819.968 0 
1 829.437 0.320827 0.0222961 0.664973 -0.919906 -1.96646 -7.77281 -819.698 0 
1 829.031 0.318867 0.0222361 0.667354 -0.93836 -1.72228 -7.43608 -819.872 0 
2 828.245 0.317946 0.0223033 0.668167 -0.936113 -1.23842 -7.14351 -819.863 0 
1 828.264 0.317133 0.0223352 0.667507 -0.922189 -1.72936 -6.81677 -819.718 0 
5 827.928 0.314367 0.0223135 0.674582 -0.969821 -0.129761 -6.82557 -820.973 0 
5 827.945 0.318924 0.022317 0.669205 -0.949117 -0.231279 -7.65023 -820.063 0 
1 829.4 0.308579 0.02222 0.67894 -0.976007 -1.93219 -5.61723 -821.85 0 
1 830.203 0.301456 0.0222964 0.686807 -0.995924 -1.0426 -5.00066 -824.16 0 
2 832.417 0.306029 0.0223242 0.685073 -1.00355 -2.74431 -5.78151 -823.892 0 
1 827.66 0.308536 0.0224018 0.679947 -0.972339 -0.449661 -5.5382 -821.672 0 
1 826.799 0.310123 0.0224454 0.675741 -0.943348 -0.919851 -5.49911 -820.38 0 
1 830.158 0.299699 0.0227757 0.684739 -0.936578 -4.25421 -4.95028 -820.953 0 
2 832.052 0.296318 0.0227335 0.686063 -0.934282 -5.67097 -5.20098 -821.18 0 
1 831.283 0.299929 0.0227472 0.681299 -0.913953 -5.66014 -5.47634 -820.146 0 
2 831.647 0.301864 0.0228134 0.679877 -0.911014 -6.24942 -5.42535 -819.973 0 
1 831.612 0.302552 0.0228371 0.67968 -0.911706 -6.27163 -5.38278 -819.957 0 
6 829.66 0.300097 0.0226727 0.682529 -0.928504 -3.97711 -5.08088 -820.602 0 
4 829.107 0.305531 0.0227661 0.680102 -0.933344 -3.69354 -5.04081 -820.373 0 
1 829.024 0.304649 0.0226651 0.679563 -0.926873 -3.67523 -5.11413 -820.235 0 
3 828.756 0.30722 0.0226277 0.679946 -0.946635 -2.9336 -5.12389 -820.699 0 
5 828.039 0.313283 0.0225649 0.672649 -0.924589 -2.2028 -6.02125 -819.815 0 
3 829.604 0.311206 0.0223542 0.673092 -0.928962 -3.97157 -5.67213 -819.96 0 
1 829.876 0.301448 0.0223951 0.682347 -0.949078 -3.7805 -4.76019 -821.336 0 
2 827.74 0.306583 0.0224175 0.677788 -0.941532 -2.1119 -5.06128 -820.567 0 
1 828.179 0.305662 0.0224279 0.681288 -0.96253 -1.65856 -5.00136 -821.519 0 
1 827.367 0.306021 0.0224619 0.680472 -0.957085 -1.12466 -5.01258 -821.229 0 
1 827.095 0.310538 0.0225361 0.677357 -0.953972 -0.751587 -5.64303 -820.701 0 
3 829.552 0.301028 0.0226265 0.687147 -0.977538 -1.85045 -4.73369 -822.968 0 
1 828.413 0.304225 0.0225756 0.684435 -0.975655 -1.04497 -4.97801 -822.39 0 
5 829.934 0.308607 0.0226123 0.681321 -0.976073 -2.42624 -5.65746 -821.851 0 
3 830.028 0.309577 0.0226614 0.680687 -0.969528 -2.91736 -5.68624 -821.424 0 
2 828.339 0.308555 0.0225701 0.679821 -0.958141 -1.96434 -5.34423 -821.03 0 
1 828.351 0.315784 0.022531 0.672639 -0.941316 -1.71464 -6.6074 -820.029 0 
1 828.941 0.314624 0.0224877 0.675209 -0.959715 -1.75051 -6.60088 -820.59 0 
2 829.333 0.309104 0.0225214 0.681738 -0.985516 -1.09614 -5.94713 -822.29 0 
1 829.606 0.308627 0.0225938 0.681346 -0.970557 -2.52007 -5.51015 -821.575 0 
2 830.817 0.303771 0.0224612 0.68678 -0.996048 -1.81668 -5.24103 -823.759 0 
1 830.054 0.300276 0.0223171 0.686962 -0.988332 -1.44187 -4.79207 -823.82 0 
2 829.617 0.307169 0.0222853 0.676825 -0.944453 -3.87793 -5.11387 -820.625 0 
1 828.232 0.312195 0.0222911 0.674699 -0.954913 -1.65475 -5.97025 -820.607 0 
6 829.986 0.309749 0.0222026 0.675082 -0.953974 -3.70553 -5.51687 -820.764 0 
2 828.118 0.310082 0.0223207 0.67793 -0.974273 -0.612248 -5.91475 -821.591 0 
2 829.668 0.307186 0.0222094 0.679115 -0.972069 -2.52483 -5.32679 -821.816 0 
1 830.681 0.304991 0.0221929 0.681984 -0.986181 -2.5088 -5.26076 -822.911 0 
3 829.007 0.306976 0.0222589 0.6806 -0.978406 -1.44143 -5.38742 -822.178 0 
3 828.965 0.307888 0.0222574 0.679069 -0.96993 -1.94736 -5.38925 -821.628 0 
2 831.865 0.306861 0.022167 0.680083 -0.976236 -4.4769 -5.31356 -822.075 0 
2 829.185 0.304947 0.0222956 0.681066 -0.966299 -2.44335 -4.95419 -821.788 0 
2 828.851 0.307968 0.0223766 0.6804 -0.971682 -1.73211 -5.41388 -821.705 0 
3 828.95 0.31237 0.0223899 0.678168 -0.980522 -0.769952 -6.54595 -821.634 0 
1 827.164 0.314777 0.0224332 0.672511 -0.947035 -0.483047 -6.471 -820.21 0 
1 826.994 0.31099 0.0224502 0.676759 -0.959503 -0.314346 -5.81209 -820.868 0 
4 829.274 0.308711 0.0225053 0.681607 -0.985951 -0.998909 -5.90876 -822.367 0 
1 828.711 0.307786 0.0223787 0.682224 -0.991685 -0.0276722 -5.85086 -822.833 0 
1 828.329 0.312822 0.0224186 0.677351 -0.975032 -0.472633 -6.52181 -821.335 0 
1 828.186 0.317824 0.0223266 0.668776 -0.934065 -1.2917 -7.0574 -819.837 0 
1 827.844 0.315785 0.0223714 0.669425 -0.930513 -1.46511 -6.54192 -819.837 0 
1 827.872 0.311689 0.0225696 0.675254 -0.945069 -1.7521 -5.78759 -820.332 0 
5 827.75 0.315983 0.0225037 0.672358 -0.948346 -0.77306 -6.79664 -820.18 0 
5 829.013 0.322751 0.0223427 0.663794 -0.923329 -0.86325 -8.43567 -819.714 0 
2 827.983 0.315695 0.0223438 0.673828 -0.967115 -0.120086 -7.10073 -820.762 0 
1 829.024 0.32004 0.0223694 0.670019 -0.961107 -0.379613 -8.35403 -820.29 0 
1 827.079 0.314088 0.022379 0.673283 -0.952285 -0.305261 -6.37966 -820.394 0 
4 828.386 0.308617 0.0222797 0.677038 -0.958164 -1.99056 -5.37028 -821.026 0 
2 827.919 0.311495 0.0223507 0.67388 -0.939802 -2.00997 -5.71036 -820.198 0 
1 828.142 0.314255 0.0222577 0.673817 -0.965247 -0.657927 -6.67341 -820.81 0 
7 828.162 0.318998 0.0223167 0.669926 -0.953422 -0.262171 -7.74545 -820.155 0 
1 829.607 0.311596 0.0223342 0.678696 -0.982801 -1.36986 -6.40239 -821.834 0 
1 829.352 0.311081 0.0222522 0.677437 -0.974202 -1.8011 -6.07183 -821.479 0 
4 828.505 0.312417 0.022395 0.678021 -0.981145 -0.247071 -6.59958 -821.659 0 
2 828.974 0.305191 0.0224771 0.684674 -0.987998 -0.688324 -5.29108 -822.995 0 
3 828.292 0.307057 0.0224153 0.682063 -0.980372 -0.587567 -5.4284 -822.276 0 
2 827.608 0.313211 0.0224352 0.675196 -0.95557 -0.855677 -6.19699 -820.555 0 
2 827.867 0.318843 0.022479 0.668092 -0.924167 -0.902273 -7.24705 -819.718 0 
3 827.393 0.314688 0.0224825 0.672334 -0.93624 -1.10829 -6.31436 -819.97 0 
2 828.13 0.307612 0.0224274 0.67724 -0.939841 -2.51718 -5.17572 -820.438 0 
1 828.421 0.305115 0.0224151 0.678307 -0.938477 -2.88741 -4.9623 -820.571 0 
2 828.093 0.307944 0.0223329 0.679754 -0.975871 -0.642906 -5.52988 -821.92 0 
1 827.307 0.311714 0.0223519 0.676343 -0.965147 -0.231242 -6.0507 -821.025 0 
1 829.014 0.307434 0.0222687 0.678368 -0.960271 -2.57843 -5.20697 -821.229 0 
3 828.87 0.30978 0.0223266 0.673555 -0.931486 -3.34164 -5.44979 -820.078 0 
7 827.505 0.307239 0.0224913 0.676535 -0.931045 -2.12463 -5.18001 -820.2 0 
2 827.5 0.308606 0.0224771 0.675301 -0.931456 -2.06013 -5.30316 -820.137 0 
1 828.144 0.314483 0.0223917 0.669525 -0.92249 -2.14435 -6.24033 -819.76 0 
2 830.002 0.308881 0.0223064 0.679788 -0.975818 -2.55619 -5.64029 -821.805 0 
1 828.62 0.312491 0.0223356 0.67463 -0.951239 -2.17635 -5.97686 -820.467 0 
2 830.385 0.302659 0.0224411 0.687675 -0.999605 -0.986201 -5.18859 -824.211 0 
1 828.835 0.305978 0.0225123 0.683947 -0.986791 -0.626596 -5.40641 -822.802 0 
2 829.112 0.302233 0.0224867 0.68273 -0.958384 -2.69187 -4.71645 -821.704 0 
3 828.019 0.302063 0.0225006 0.682832 -0.951889 -1.8722 -4.7442 -821.403 0 
3 828.256 0.301903 0.0224236 0.684636 -0.971645 -1.03838 -4.74056 -822.477 0 
7 827.831 0.30217 0.0224963 0.683485 -0.958805 -1.37431 -4.72389 -821.733 0 
1 828.92 0.312873 0.0226746 0.671819 -0.916189 -3.22622 -5.97621 -819.718 0 
14 828.736 0.309813 0.0226933 0.673228 -0.90734 -3.33895 -5.71978 -819.677 0 
2 828.518 0.307973 0.0227265 0.676804 -0.921913 -3.22161 -5.3504 -819.946 0 
1 828.617 0.309543 0.0226673 0.677241 -0.935635 -3.00469 -5.4172 -820.195 0 
1 830.564 0.30715 0.0227369 0.680947 -0.94765 -4.70533 -5.11655 -820.742 0 
1 831.493 0.299245 0.0228172 0.687717 -0.957807 -4.77534 -4.67846 -822.039 0 
1 832.084 0.301751 0.022822 0.686924 -0.965034 -5.25848 -4.70762 -822.118 0 
2 830.704 0.30429 0.0228227 0.681999 -0.936214 -5.18508 -4.96447 -820.555 0 
1 831.166 0.312538 0.0227027 0.675153 -0.930404 -5.34557 -5.88298 -819.937 0 
3 832.888 0.319501 0.0226401 0.668437 -0.915311 -5.8217 -7.38277 -819.683 0 
4 828.617 0.318144 0.0224948 0.668296 -0.9192 -1.87719 -7.04768 -819.692 0 
1 828.493 0.32149 0.0223769 0.66516 -0.920687 -0.81429 -7.97659 -819.703 0 
3 829.953 0.327134 0.0223881 0.661162 -0.921033 -0.191149 -9.97431 -819.788 0 
1 829.082 0.324276 0.0224791 0.662053 -0.905995 -0.479308 -8.77406 -819.828 0 
1 827.603 0.318528 0.0224457 0.667273 -0.918877 -0.766261 -7.14721 -819.69 0 
1 830.562 0.324026 0.0223888 0.659737 -0.890623 -1.79772 -8.71409 -820.05 0 
4 829.12 0.316251 0.0223786 0.667353 -0.909805 -2.80989 -6.65195 -819.658 0 
2 828.749 0.317532 0.0224992 0.67038 -0.933016 -1.9597 -6.9604 -819.829 0 
2 829.674 0.322144 0.0225359 0.664667 -0.908163 -1.81907 -8.10875 -819.747 0 
3 830.147 0.31997 0.0225495 0.667111 -0.914483 -2.95247 -7.50708 -819.687 0 
1 830.664 0.325021 0.0224085 0.65992 -0.892697 -1.59679 -9.00548 -820.062 0 
2 832.78 0.324305 0.0224714 0.658254 -0.871093 -3.15223 -9.06031 -820.568 0 
3 831.344 0.322581 0.0226951 0.662256 -0.882625 -2.80109 -8.40426 -820.138 0 
2 831.797 0.311762 0.0226172 0.672052 -0.904454 -6.10198 -6.05467 -819.64 0 
2 829.101 0.31475 0.0225259 0.668671 -0.902343 -2.98912 -6.46825 -819.644 0 
3 830.221 0.307929 0.0225967 0.677169 -0.927056 -4.83747 -5.32115 -820.062 0 
1 828.464 0.30586 0.0225774 0.680609 -0.947338 -2.63434 -4.99162 -820.839 0 
1 831.318 0.30286 0.0226167 0.68571 -0.967929 -4.40132 -4.78205 -822.135 0 
1 831.304 0.303148 0.0225181 0.686444 -0.983037 -3.37956 -4.93111 -822.994 0 
5 830.312 0.307526 0.0225628 0.678736 -0.939493 -4.69696 -5.18273 -820.432 0 
2 828.861 0.304552 0.0226295 0.682141 -0.949345 -2.9365 -4.887 -821.038 0 
2 829.297 0.301954 0.0226766 0.684445 -0.950888 -3.16661 -4.76287 -821.367 0 
1 828.636 0.302867 0.0226826 0.682282 -0.939318 -2.97083 -4.88187 -820.783 0 
8 830.026 0.29686 0.0226756 0.688239 -0.953795 -3.0721 -4.83093 -822.123 0 
4 829.902 0.300783 0.0227392 0.684807 -0.943562 -3.92148 -4.82896 -821.152 0 
1 829.562 0.298758 0.0225401 0.684406 -0.94431 -3.32528 -4.83993 -821.397 0 
1 829.098 0.298527 0.0225923 0.686056 -0.9516 -2.54071 -4.76564 -821.792 0 
1 828.937 0.308728 0.0223514 0.67583 -0.939058 -3.2931 -5.30434 -820.34 0 
7 827.502 0.306552 0.0224154 0.679751 -0.957119 -1.25129 -5.07221 -821.178 0 
2 827.143 0.307319 0.0224304 0.677985 -0.948408 -1.25623 -5.1304 -820.756 0 
1 827.132 0.314867 0.0223959 0.670663 -0.931502 -0.918918 -6.33447 -819.878 0 
3 827.921 0.311216 0.0223289 0.677116 -0.968342 -0.727974 -5.98822 -821.205 0 
1 826.955 0.312296 0.0225137 0.675373 -0.948429 -0.641177 -5.92008 -820.393 0 
4 827.378 0.311605 0.0225236 0.677034 -0.959707 -0.620895 -5.93321 -820.824 0 
1 828.011 0.31205 0.0225278 0.676898 -0.957472 -1.33218 -5.97165 -820.707 0 
1 830.153 0.315288 0.0225886 0.675 -0.955021 -3.07493 -6.67909 -820.399 0 
2 830.674 0.313376 0.0225177 0.678734 -0.985275 -1.94408 -6.98146 -821.749 0 
3 827.396 0.310655 0.0225057 0.677782 -0.962917 -0.565129 -5.79925 -821.032 0 
1 827.155 0.312092 0.0223671 0.674798 -0.954705 -0.577256 -5.9701 -820.608 0 
1 827.187 0.317039 0.0224025 0.669544 -0.935197 -0.431233 -6.88229 -819.874 0 
1 826.931 0.308276 0.0225154 0.677247 -0.943254 -1.19104 -5.2384 -820.502 0 
3 827.435 0.312172 0.0224912 0.6768 -0.96215 -0.477029 -6.08978 -820.868 0 
3 826.974 0.312744 0.0224047 0.674237 -0.951287 -0.461049 -6.06146 -820.451 0 
4 829.275 0.318653 0.0224946 0.664629 -0.893803 -2.18722 -7.31384 -819.773 0 
10 827.054 0.314571 0.0224386 0.671354 -0.931386 -0.900173 -6.26822 -819.885 0 
3 827.092 0.313149 0.0224628 0.672449 -0.935084 -1.08262 -6.00138 -820.008 0 
1 829.311 0.31046 0.0223446 0.674041 -0.943429 -3.38822 -5.56183 -820.361 0 
6 828.133 0.312273 0.0223799 0.676482 -0.971741 -0.527958 -6.35868 -821.247 0 
1 827.536 0.311719 0.022356 0.673449 -0.94155 -1.53975 -5.76415 -820.232 0 
1 828.332 0.30487 0.0224121 0.683906 -0.986547 -0.139768 -5.2394 -822.953 0 
1 827.288 0.309566 0.0223869 0.678559 -0.969645 -0.162042 -5.69528 -821.431 0 
2 827.012 0.312048 0.0224877 0.675762 -0.954657 -0.445819 -5.95715 -820.609 0 
3 827.347 0.312548 0.022521 0.671472 -0.918243 -1.68091 -5.91875 -819.747 0 
2 827.626 0.307649 0.0224756 0.67598 -0.929489 -2.25808 -5.23081 -820.137 0 
1 829.677 0.316784 0.02249 0.665202 -0.890714 -2.94944 -6.98043 -819.747 0 
5 827.663 0.313918 0.022456 0.671761 -0.935518 -1.5144 -6.16319 -819.985 0 
5 827.605 0.318603 0.0224179 0.668975 -0.939323 -0.337377 -7.37298 -819.894 0 
1 827.832 0.319488 0.0223875 0.666537 -0.924531 -0.673169 -7.44316 -819.716 0 
1 829.028 0.323088 0.0224864 0.665501 -0.93018 -0.647258 -8.64562 -819.735 0 
1 829.181 0.313763 0.0225271 0.67642 -0.969974 -1.46572 -6.68265 -821.033 0 
1 829.928 0.314148 0.0226503 0.675689 -0.956618 -2.93441 -6.47012 -820.523 0 
2 829.087 0.315553 0.0224298 0.675477 -0.977203 -0.547971 -7.37908 -821.16 0 
2 829.872 0.322548 0.0223727 0.667529 -0.954466 -0.771375 -9.0708 -820.03 0 
1 829.985 0.316839 0.0225232 0.674324 -0.969352 -1.69664 -7.53724 -820.751 0 
2 827.529 0.314674 0.0225665 0.673314 -0.943314 -1.01669 -6.38902 -820.123 0 
2 828.589 0.316178 0.022555 0.67354 -0.952538 -1.42087 -6.89117 -820.277 0 
4 828.601 0.319005 0.0225263 0.66994 -0.937989 -1.30656 -7.43111 -819.863 0 
1 827.885 0.315616 0.0225547 0.672907 -0.94307 -1.21482 -6.59601 -820.074 0 
2 827.821 0.312868 0.0226402 0.674556 -0.937039 -1.80842 -5.95034 -820.063 0 
1 829.285 0.322576 0.0225849 0.664942 -0.912473 -1.29776 -8.25633 -819.731 0 
3 831.246 0.321702 0.0226359 0.668705 -0.939723 -3.07748 -8.34155 -819.827 0 
3 833.644 0.32469 0.0227289 0.664199 -0.913591 -4.89317 -8.97673 -819.774 0 
1 831.872 0.327057 0.022593 0.662114 -0.916442 -2.18338 -9.87073 -819.818 0 
2 831.753 0.32887 0.0225056 0.66066 -0.919486 -1.25437 -10.6512 -819.847 0 
2 831.573 0.32278 0.022461 0.668855 -0.953383 -2.5697 -9.00107 -820.002 0 
1 830.281 0.324293 0.0223217 0.666516 -0.952663 -0.744216 -9.59221 -819.945 0 
1 832.873 0.330575 0.0223338 0.661708 -0.946526 -0.916906 -12.145 -819.811 0 
1 831.533 0.321687 0.0225088 0.670578 -0.962266 -2.38477 -8.91395 -820.234 0 
1 831.478 0.317985 0.0226533 0.673085 -0.955502 -3.7236 -7.49805 -820.256 0 
1 831.69 0.321711 0.0226669 0.668581 -0.936653 -3.61376 -8.28306 -819.793 0 
1 832.235 0.321877 0.0226497 0.66804 -0.937046 -4.06281 -8.37707 -819.795 0 
1 834.023 0.319466 0.0227298 0.668067 -0.921555 -6.88626 -7.43641 -819.7 0 
1 834.368 0.314423 0.0229435 0.669773 -0.890536 -8.09384 -6.58918 -819.685 0 
2 837.132 0.320684 0.0229605 0.662923 -0.863358 -8.18673 -8.40607 -820.539 0 
1 842.538 0.316248 0.0231586 0.668717 -0.877872 -15.4469 -7.18444 -819.907 0 
1 841.503 0.319289 0.0230291 0.666928 -0.891979 -14.2399 -7.44613 -819.817 0 
1 839.52 0.318862 0.0230053 0.666479 -0.88669 -12.2169 -7.42844 -819.875 0 
1 835.012 0.312471 0.0228967 0.673049 -0.913182 -9.3878 -5.9293 -819.695 0 
2 833.916 0.314347 0.0229143 0.671105 -0.903556 -7.92879 -6.34625 -819.641 0 
1 834.252 0.308797 0.0229823 0.67549 -0.900172 -8.77991 -5.83953 -819.632 0 
1 833.533 0.304334 0.0229657 0.680266 -0.91716 -8.28015 -5.25257 -820 0 
4 829.17 0.300839 0.0226412 0.685143 -0.959138 -2.5884 -4.67057 -821.911 0 
1 829.876 0.299722 0.0225696 0.687094 -0.974586 -2.23806 -4.65906 -822.978 0 
4 828.986 0.302396 0.0225203 0.683051 -0.959987 -2.49353 -4.72591 -821.767 0 
4 827.437 0.309174 0.0225521 0.674913 -0.923457 -2.06329 -5.44425 -819.929 0 
3 827.932 0.302563 0.0226031 0.683671 -0.957268 -1.58169 -4.74064 -821.609 0 
4 827.636 0.30704 0.0225413 0.676743 -0.930612 -2.28023 -5.15616 -820.2 0 
1 828.806 0.301647 0.0226275 0.685551 -0.967289 -1.84052 -4.70661 -822.259 0 
2 827.321 0.305918 0.0225559 0.679219 -0.943654 -1.63814 -4.98828 -820.694 0 
1 827.247 0.313528 0.0225274 0.674155 -0.943268 -0.946381 -6.12114 -820.179 0 
1 827.623 0.315785 0.0223673 0.672313 -0.950721 -0.622513 -6.74969 -820.251 0 
9 827.957 0.318744 0.0223699 0.669831 -0.946464 -0.43514 -7.50484 -820.017 0 
4 829.429 0.313418 0.02242 0.674582 -0.948994 -2.95005 -6.1385 -820.34 0 
1 829.317 0.30885 0.0224421 0.67924 -0.960949 -2.78655 -5.41073 -821.119 0 
2 828.629 0.311219 0.0224528 0.677053 -0.956424 -2.11422 -5.78004 -820.735 0 
1 828.039 0.309831 0.0223768 0.678631 -0.969009 -0.95482 -5.71044 -821.374 0 
6 827.613 0.318468 0.0223349 0.668727 -0.939672 -0.384237 -7.32481 -819.904 0 
3 826.844 0.3114 0.0224302 0.674828 -0.943571 -0.824619 -5.71227 -820.307 0 
3 827.906 0.314601 0.0223116 0.67441 -0.969206 -0.111271 -6.86573 -820.929 0 
3 831.754 0.316315 0.0222672 0.676286 -0.99722 -1.42409 -8.33698 -821.993 0 
2 830.235 0.317232 0.0221807 0.673115 -0.981135 -1.04648 -8.0259 -821.162 0 
2 829.397 0.313914 0.0222081 0.675644 -0.983602 -0.676107 -7.11231 -821.608 0 
7 830.668 0.31323 0.0223796 0.678455 -0.996216 -0.920233 -7.41627 -822.331 0 
1 829.942 0.307405 0.0223138 0.680674 -0.985261 -1.76738 -5.66857 -822.506 0 
5 831.812 0.302823 0.0222473 0.68661 -1.01185 -1.08327 -5.61234 -825.117 0 
2 829.454 0.309075 0.0222399 0.67961 -0.988562 -0.923343 -6.0657 -822.465 0 
8 828.162 0.30798 0.0225127 0.678655 -0.956859 -1.86017 -5.27158 -821.031 0 
2 828.061 0.306013 0.0224833 0.68304 -0.980761 -0.331397 -5.29035 -822.439 0 
2 828.618 0.304633 0.0225462 0.683915 -0.977817 -1.09311 -5.06543 -822.459 0 
1 827.183 0.307636 0.0224164 0.67903 -0.958104 -0.850683 -5.21752 -821.115 0 
1 829.78 0.308186 0.0222701 0.680335 -0.980141 -2.05457 -5.60899 -822.116 0 
3 828.897 0.313461 0.0222611 0.675916 -0.97631 -0.851065 -6.72001 -821.326 0 
6 830.38 0.315628 0.0222679 0.675732 -0.987392 -1.07579 -7.70704 -821.597 0 
1 830.054 0.31949 0.0223321 0.672001 -0.97788 -0.468116 -8.74282 -820.843 0 
6 828.763 0.318343 0.0223325 0.671212 -0.964492 -0.386067 -7.89091 -820.486 0 
1 828.638 0.312844 0.0223913 0.677736 -0.982926 -0.159 -6.78317 -821.696 0 
3 827.227 0.310732 0.0224541 0.677277 -0.958406 -0.653247 -5.72579 -820.848 0 
2 828.593 0.309803 0.0222421 0.677559 -0.971641 -1.31634 -5.77929 -821.498 0 
3 828.191 0.311389 0.0222913 0.676916 -0.970533 -0.834087 -6.07432 -821.282 0 
1 828.493 0.3085 0.0223357 0.680859 -0.987988 -0.0729781 -5.90784 -822.512 0 
1 831.896 0.30146 0.0222632 0.685758 -0.99545 -2.73371 -5.03783 -824.124 0 
1 832.643 0.303497 0.0222522 0.688081 -1.02522 -0.442249 -6.12345 -826.078 0 
1 831.11 0.310865 0.022319 0.681119 -1.00265 -1.18138 -6.88631 -823.042 0 
2 830.082 0.311313 0.0223825 0.679174 -0.980861 -2.04189 -6.26847 -821.771 0 
4 827.732 0.318304 0.0224819 0.667222 -0.914566 -0.968721 -7.08757 -819.676 0 
1 826.753 0.312763 0.0224538 0.673047 -0.93695 -0.755175 -5.93267 -820.065 0 
7 826.764 0.31015 0.0224307 0.676652 -0.953726 -0.464298 -5.57722 -820.723 0 
1 828.162 0.308655 0.0222913 0.677686 -0.963933 -1.44606 -5.44854 -821.267 0 
2 826.97 0.307989 0.0224216 0.678246 -0.954437 -0.795769 -5.24235 -820.932 0 
3 828.266 0.303108 0.0225327 0.684247 -0.971919 -1.10294 -4.83565 -822.327 0 
2 827.967 0.313872 0.0224881 0.669673 -0.910373 -2.09521 -6.20978 -819.662 0 
1 827.696 0.309942 0.0225821 0.677577 -0.947109 -1.70091 -5.48449 -820.51 0 
1 827.361 0.311721 0.0223769 0.676437 -0.962722 -0.436869 -5.9957 -820.929 0 
2 827.694 0.307392 0.0225152 0.681392 -0.972088 -0.55043 -5.35084 -821.793 0 
2 827.744 0.304854 0.0225307 0.679849 -0.945105 -2.00822 -4.8982 -820.838 0 
3 827.711 0.304946 0.0226033 0.679582 -0.937906 -2.19638 -4.95017 -820.564 0 
5 828.475 0.307228 0.0224394 0.675783 -0.930566 -3.11813 -5.16891 -820.188 0 
1 829.424 0.305319 0.0225411 0.677282 -0.927705 -4.14868 -5.05637 -820.219 0 
4 829.301 0.309409 0.0224921 0.67355 -0.923794 -3.94237 -5.43222 -819.927 0 
1 829.593 0.309257 0.0226894 0.674615 -0.919245 -4.28305 -5.46219 -819.848 0 
8 830.003 0.311692 0.022745 0.671022 -0.897798 -4.29502 -6.08609 -819.622 0 
1 829.831 0.306201 0.0226941 0.677029 -0.921419 -4.62921 -5.19048 -820.012 0 
1 828.79 0.308825 0.0227116 0.675438 -0.920222 -3.48923 -5.42042 -819.88 0 
5 828.103 0.306417 0.0225583 0.67767 -0.935241 -2.66757 -5.06249 -820.373 0 
1 827.9 0.306036 0.0223591 0.679297 -0.956617 -1.67886 -5.01364 -821.207 0 
1 827.101 0.309577 0.0225057 0.678003 -0.958375 -0.620344 -5.53323 -820.947 0 
1 826.847 0.312703 0.0224017 0.674602 -0.95233 -0.305258 -6.05537 -820.487 0 
1 827.64 0.306659 0.0223591 0.680265 -0.968736 -0.731089 -5.19852 -821.71 0 
2 826.734 0.309858 0.0224554 0.676036 -0.944113 -0.852317 -5.46124 -820.421 0 
1 828.116 0.305284 0.0223723 0.680344 -0.96184 -1.62363 -4.96503 -821.527 0 
1 829.853 0.297829 0.0225693 0.688489 -0.973452 -2.01731 -4.63557 -823.2 0 
4 827.247 0.306481 0.022417 0.679258 -0.954903 -1.10238 -5.05513 -821.09 0 
1 828.049 0.306688 0.0224339 0.677144 -0.935013 -2.59128 -5.10956 -820.348 0 
1 828.283 0.308882 0.0225346 0.674729 -0.926777 -2.91656 -5.35549 -820.011 0 
4 829.693 0.305326 0.0226259 0.676728 -0.91751 -4.50488 -5.22441 -819.963 0 
1 828.018 0.303863 0.0224766 0.681155 -0.953878 -1.89918 -4.81342 -821.305 0 
5 828.876 0.3048 0.0224264 0.680503 -0.959204 -2.5183 -4.90296 -821.454 0 
1 827.37 0.308432 0.0223611 0.677492 -0.954886 -1.14952 -5.31003 -820.91 0 
7 827.717 0.309617 0.0224603 0.675181 -0.93925 -2.01267 -5.41374 -820.291 0 
6 827.501 0.30827 0.0226486 0.677429 -0.933985 -2.01493 -5.26354 -820.222 0 
2 827.09 0.31382 0.0225716 0.672623 -0.930373 -1.08393 -6.11393 -819.892 0 
1 827.457 0.316567 0.0225411 0.668598 -0.914473 -1.09503 -6.68884 -819.673 0 
2 827.455 0.315037 0.0225203 0.671375 -0.933653 -1.15429 -6.39148 -819.909 0 
4 827.301 0.312387 0.0225 0.673488 -0.937971 -1.32367 -5.87038 -820.107 0 
2 828.398 0.311697 0.0226756 0.673524 -0.917303 -2.82476 -5.8207 -819.753 0 
5 828.163 0.318766 0.0225953 0.667123 -0.91068 -1.28022 -7.20569 -819.677 0 
1 831.897 0.320948 0.0227542 0.66302 -0.880748 -3.79753 -8.0122 -820.087 0 
4 831.839 0.314487 0.0228304 0.672615 -0.921051 -5.85227 -6.24374 -819.743 0 
2 833.092 0.311415 0.0228566 0.677272 -0.941064 -7.14941 -5.70622 -820.236 0 
2 831.831 0.31082 0.0227729 0.677335 -0.94582 -5.7842 -5.63661 -820.41 0 
1 830.555 0.31575 0.022751 0.667091 -0.885479 -3.86816 -6.91364 -819.773 0 
1 831.033 0.316458 0.0227823 0.667482 -0.892253 -4.42698 -6.88259 -819.723 0 
1 829.351 0.308462 0.0227104 0.674255 -0.908606 -4.06531 -5.57234 -819.713 0 
1 829.159 0.317351 0.0225028 0.667359 -0.915812 -2.61765 -6.86339 -819.678 0 
1 829.721 0.316353 0.0225135 0.668005 -0.915906 -3.40404 -6.63609 -819.681 0 
3 829.468 0.315955 0.022462 0.673508 -0.963943 -1.67581 -7.15897 -820.633 0 
1 833.163 0.315294 0.0226013 0.671992 -0.941701 -6.53977 -6.56489 -820.058 0 
3 831.228 0.317312 0.0225293 0.671106 -0.948625 -3.89224 -7.21304 -820.123 0 
1 831.636 0.315254 0.0225565 0.673398 -0.955122 -4.45321 -6.77787 -820.405 0 
2 830.987 0.318309 0.0224182 0.669812 -0.950663 -3.30143 -7.56185 -820.123 0 
1 829.544 0.312223 0.0224546 0.677742 -0.979082 -1.40426 -6.55777 -821.582 0 
1 829.203 0.314068 0.0223403 0.675212 -0.975594 -1.01623 -6.95179 -821.235 0 
5 827.988 0.315639 0.0224088 0.672224 -0.952903 -0.867135 -6.80292 -820.318 0 
1 828.62 0.318144 0.0224649 0.66572 -0.906248 -1.87122 -7.07133 -819.677 0 
3 828.116 0.314706 0.0225013 0.671629 -0.936799 -1.7887 -6.3472 -819.98 0 
2 827.55 0.314165 0.0223799 0.671394 -0.937614 -1.30274 -6.22818 -820.019 0 
1 827.249 0.314797 0.0224061 0.67274 -0.950945 -0.399177 -6.5371 -820.313 0 
4 828.403 0.314219 0.0225893 0.674478 -0.945266 -1.92141 -6.28768 -820.194 0 
1 829.538 0.312923 0.022623 0.673893 -0.927605 -3.71082 -5.95359 -819.873 0 
3 829.392 0.306772 0.0225412 0.67869 -0.937286 -3.85585 -5.12265 -820.413 0 
1 828.024 0.30501 0.0226223 0.680699 -0.941872 -2.37381 -4.94839 -820.702 0 
5 828.597 0.301323 0.0226493 0.684496 -0.95091 -2.41862 -4.74275 -821.436 0 
1 828.6 0.304739 0.0226853 0.680524 -0.940527 -3.012 -4.91425 -820.674 0 
4 827.709 0.304777 0.0226238 0.67968 -0.935228 -2.25064 -4.97296 -820.485 0 
1 827.908 0.307425 0.0225345 0.675647 -0.921557 -2.64076 -5.30658 -819.961 0 
1 828.218 0.307251 0.0224045 0.676742 -0.941309 -2.58956 -5.11786 -820.511 0 
6 828.048 0.312895 0.0223961 0.675064 -0.962524 -0.921177 -6.30508 -820.822 0 
1 828.111 0.309045 0.0224946 0.679519 -0.970869 -0.926837 -5.64018 -821.544 0 
2 828.429 0.305321 0.0225576 0.681188 -0.959306 -2.07052 -4.95494 -821.403 0 
1 828.94 0.29926 0.0226057 0.687601 -0.96994 -1.54613 -4.64074 -822.753 0 
3 831.23 0.300189 0.0227681 0.682922 -0.922418 -5.55747 -5.28758 -820.385 0 
3 830.234 0.297571 0.0227024 0.685806 -0.938567 -3.96051 -5.02316 -821.25 0 
1 829.971 0.307915 0.0224604 0.673437 -0.909729 -4.67616 -5.5552 -819.74 0 
1 829.077 0.309614 0.0225048 0.672612 -0.914946 -3.74967 -5.55692 -819.77 0 
6 828.467 0.310505 0.0223878 0.673196 -0.931897 -2.87026 -5.54318 -820.054 0 
3 829.706 0.308455 0.022463 0.673138 -0.909994 -4.38949 -5.58623 -819.731 0 
1 828.916 0.304731 0.0224399 0.678195 -0.93624 -3.44744 -4.9455 -820.523 0 
2 828.217 0.30831 0.0225794 0.675277 -0.924856 -2.90764 -5.31495 -819.994 0 
6 828.357 0.30493 0.0226246 0.6787 -0.930168 -3.02093 -5.02195 -820.314 0 
4 829.837 0.305893 0.0225435 0.676029 -0.920526 -4.64433 -5.18755 -820.005 0 
5 829.765 0.304672 0.0227224 0.678218 -0.919506 -4.54873 -5.17654 -820.039 0 
2 829.505 0.301016 0.0225316 0.682361 -0.944394 -3.57731 -4.76237 -821.166 0 
2 829.036 0.309454 0.0225379 0.676006 -0.942748 -3.23123 -5.39982 -820.405 0 
1 828.428 0.309435 0.0225187 0.676003 -0.943031 -2.6152 -5.39744 -820.415 0 
2 828.351 0.309368 0.0224607 0.677813 -0.961791 -1.68628 -5.55924 -821.106 0 
1 828.404 0.317734 0.0223712 0.666814 -0.918999 -1.75553 -6.95659 -819.692 0 
1 827.507 0.313839 0.0223401 0.674753 -0.965305 -0.0974116 -6.56354 -820.847 0 
1 827.624 0.311951 0.0223164 0.673947 -0.949335 -1.3086 -5.87226 -820.444 0 
1 827.766 0.314344 0.0223071 0.673794 -0.960238 -0.571748 -6.56639 -820.628 0 
1 828.606 0.317398 0.0224768 0.669656 -0.927395 -1.9546 -6.88898 -819.763 0 
5 828.95 0.318762 0.0225821 0.669224 -0.925963 -1.98547 -7.23304 -819.732 0 
6 828.841 0.311575 0.0226856 0.67452 -0.930623 -3.15118 -5.7106 -819.979 0 
9 828.978 0.307921 0.0227283 0.677709 -0.932936 -3.54537 -5.21949 -820.213 0 
1 828.133 0.311885 0.0225759 0.675531 -0.948358 -1.85841 -5.85717 -820.418 0 
2 826.844 0.313457 0.0225179 0.673498 -0.938998 -0.686559 -6.07745 -820.08 0 
1 827.936 0.316655 0.0226042 0.669593 -0.92114 -1.5185 -6.70322 -819.714 0 
6 827.197 0.310184 0.0225602 0.677452 -0.95051 -1.0423 -5.54802 -820.607 0 
3 827.34 0.309445 0.0224074 0.678936 -0.971294 -0.113837 -5.70556 -821.52 0 
4 828.14 0.309964 0.0223478 0.678622 -0.977923 -0.382561 -5.97448 -821.783 0 
1 829.858 0.313963 0.0223364 0.676058 -0.983188 -1.10287 -7.17116 -821.584 0 
1 829.749 0.316926 0.0221974 0.672715 -0.977967 -0.81991 -7.86541 -821.064 0 
4 829.308 0.307719 0.022241 0.680611 -0.987704 -0.952026 -5.75132 -822.605 0 
1 830.04 0.306491 0.0222518 0.678122 -0.958729 -3.7013 -5.08336 -821.255 0 
2 830.111 0.30135 0.0222951 0.684598 -0.979103 -2.32367 -4.7688 -823.019 0 
3 828.173 0.307856 0.0223052 0.678696 -0.963806 -1.52455 -5.30504 -821.344 0 
2 828.17 0.305904 0.0224044 0.677848 -0.939937 -2.59994 -5.00723 -820.563 0 
1 827.523 0.304715 0.0225909 0.680219 -0.942136 -1.87809 -4.90936 -820.736 0 
2 826.768 0.311106 0.0225085 0.674251 -0.934009 -1.05741 -5.63653 -820.075 0 
2 826.757 0.309731 0.0224334 0.676599 -0.950284 -0.648074 -5.47597 -820.633 0 
5 827.032 0.306432 0.0224639 0.679641 -0.95389 -0.935057 -5.04515 -821.052 0 
3 828.493 0.309791 0.0223889 0.673433 -0.928697 -3.022 -5.45745 -820.014 0 
1 827.908 0.308514 0.0224545 0.675053 -0.930857 -2.48748 -5.29394 -820.126 0 
1 827.025 0.307428 0.0224465 0.677942 -0.947063 -1.18635 -5.14112 -820.698 0 
1 827.705 0.313575 0.0225556 0.675111 -0.950723 -1.10728 -6.21723 -820.381 0 
1 828.375 0.310514 0.0225583 0.676905 -0.9444 -2.42659 -5.56201 -820.387 0 
1 827.145 0.313862 0.0225656 0.673417 -0.938589 -0.931301 -6.1611 -820.053 0 
1 826.861 0.311336 0.0224552 0.673995 -0.937069 -1.04691 -5.67754 -820.137 0 
1 827.942 0.311064 0.02259 0.673013 -0.92061 -2.45071 -5.67568 -819.815 0 
4 827.981 0.314645 0.0225642 0.672041 -0.935027 -1.71684 -6.31561 -819.948 0 
2 829.868 0.31892 0.0226581 0.668962 -0.926489 -2.8273 -7.30651 -819.734 0 
1 831.311 0.319258 0.0227063 0.670594 -0.936102 -3.98701 -7.49296 -819.831 0 
1 831.508 0.320169 0.022727 0.668868 -0.926562 -4.12994 -7.65256 -819.725 0 
3 830.848 0.319546 0.0225756 0.671852 -0.958495 -2.52685 -8.07108 -820.25 0 
3 828.227 0.321398 0.0224093 0.667608 -0.942338 -0.0687784 -8.29105 -819.867 0 
1 829.171 0.317434 0.0222563 0.672402 -0.969434 -0.785455 -7.67678 -820.708 0 
1 829.024 0.319564 0.0225793 0.666488 -0.914479 -1.92487 -7.41526 -819.683 0 
3 828.095 0.31437 0.0225252 0.675102 -0.957115 -1.06562 -6.50571 -820.524 0 
1 828.73 0.312559 0.0225021 0.67765 -0.969354 -1.30406 -6.30727 -821.119 0 
2 828.317 0.313313 0.0223204 0.674446 -0.956519 -1.50555 -6.23231 -820.579 0 
1 827.16 0.311713 0.0225367 0.675347 -0.94192 -1.16025 -5.75702 -820.243 0 
3 828.006 0.306162 0.0226801 0.678308 -0.927747 -2.69496 -5.13916 -820.172 0 
6 827.745 0.312078 0.0226186 0.671848 -0.911835 -2.13996 -5.9174 -819.688 0 
1 828.258 0.314227 0.0225129 0.668686 -0.904831 -2.29639 -6.32031 -819.642 0 
3 828.445 0.313833 0.0223969 0.669799 -0.916243 -2.58657 -6.15366 -819.705 0 
1 830.156 0.30783 0.0225019 0.674173 -0.910445 -4.84305 -5.56176 -819.751 0 
1 829.963 0.304809 0.0226259 0.67825 -0.91847 -4.66509 -5.28933 -820.008 0 
3 828.247 0.303724 0.0225794 0.67957 -0.929724 -2.85051 -5.01725 -820.379 0 
1 828.612 0.304361 0.0224723 0.683354 -0.969086 -1.69265 -4.91283 -822.006 0 
1 828.816 0.302143 0.0224226 0.685014 -0.973959 -1.46702 -4.76813 -822.581 0 
1 828.185 0.305389 0.0224573 0.683022 -0.975024 -0.891704 -5.09457 -822.198 0 
1 828.571 0.302104 0.0224157 0.683069 -0.958784 -2.10796 -4.72404 -821.739 0 
1 828.182 0.301725 0.0225107 0.682659 -0.949481 -2.11427 -4.74276 -821.325 0 
3 828.22 0.308976 0.0226505 0.675055 -0.92173 -2.89989 -5.41748 -819.903 0 
1 828.649 0.314022 0.0226424 0.670711 -0.915227 -2.7781 -6.17741 -819.694 0 
4 828.48 0.312845 0.0226805 0.673726 -0.930277 -2.62575 -5.9302 -819.924 0 
7 828.917 0.309639 0.0226803 0.67602 -0.933008 -3.37552 -5.41916 -820.122 0 
1 828.186 0.309184 0.0226671 0.677207 -0.939674 -2.50243 -5.35409 -820.33 0 
2 829.727 0.299977 0.0225392 0.688538 -0.98896 -1.01486 -4.79402 -823.918 0 
1 828.82 0.300437 0.022541 0.687587 -0.979912 -0.889953 -4.71581 -823.215 0 
5 828.832 0.30432 0.0224849 0.685282 -0.987999 -0.5274 -5.17486 -823.13 0 
1 829.127 0.308019 0.0224513 0.682158 -0.984012 -1.1087 -5.66667 -822.351 0 
3 827.878 0.312513 0.0223562 0.675681 -0.960819 -0.961659 -6.12648 -820.79 0 
1 827.356 0.311686 0.022408 0.676893 -0.964655 -0.324732 -6.02362 -821.008 0 
2 827.631 0.309186 0.0223677 0.676817 -0.950555 -1.55795 -5.38793 -820.685 0 
4 828.31 0.30914 0.0224398 0.680134 -0.973765 -0.973118 -5.6639 -821.673 0 
1 827.536 0.312875 0.02242 0.674406 -0.947182 -1.1983 -6.01707 -820.321 0 
1 828.373 0.314286 0.0224976 0.673386 -0.94016 -2.05484 -6.24905 -820.069 0 
2 828.175 0.314854 0.0224151 0.674248 -0.957986 -1.02482 -6.63176 -820.518 0 
2 827.211 0.316399 0.0224224 0.671593 -0.945582 -0.280067 -6.83526 -820.095 0 
3 827.069 0.31429 0.0224668 0.671869 -0.936392 -0.836804 -6.24423 -819.988 0 
1 826.899 0.315232 0.0224389 0.672132 -0.94438 -0.242348 -6.53516 -820.122 0 
4 826.937 0.315494 0.0224084 0.671392 -0.940171 -0.37725 -6.54215 -820.017 0 
1 827.901 0.313358 0.0224808 0.670399 -0.91352 -2.11612 -6.09749 -819.687 0 
4 827.871 0.314055 0.0225551 0.672617 -0.929641 -1.84113 -6.15787 -819.872 0 
4 828.694 0.31049 0.0226475 0.678257 -0.952838 -2.41202 -5.61759 -820.664 0 
1 828.892 0.310022 0.0225587 0.680113 -0.972509 -1.55735 -5.82036 -821.515 0 
8 828.294 0.306134 0.0223295 0.681966 -0.982382 -0.435361 -5.34202 -822.516 0 
2 828.379 0.312972 0.0222803 0.673093 -0.952112 -1.7853 -6.13169 -820.462 0 
1 829.1 0.311626 0.0223539 0.679195 -0.991224 -0.0967968 -6.73291 -822.271 0 
2 827.662 0.31346 0.0223171 0.674042 -0.960105 -0.59666 -6.37568 -820.69 0 
3 829.066 0.320898 0.0223105 0.66939 -0.96093 -0.224002 -8.60094 -820.241 0 
3 829.111 0.322458 0.0222917 0.667142 -0.950817 -0.282508 -8.86006 -819.968 0 
1 829.571 0.318796 0.0223842 0.664262 -0.899566 -2.57248 -7.27436 -819.724 0 
2 829.267 0.317735 0.0223916 0.665385 -0.902333 -2.56636 -7.01601 -819.685 0 
1 828.307 0.316813 0.0224176 0.666931 -0.910868 -1.89006 -6.75383 -819.663 0 
5 827.287 0.311555 0.022489 0.672543 -0.924025 -1.70106 -5.72983 -819.856 0 
3 827.072 0.307201 0.0224605 0.678114 -0.945379 -1.301 -5.11562 -820.655 0 
2 828.244 0.307329 0.0223672 0.67943 -0.960801 -1.78852 -5.19287 -821.263 0 
2 828.421 0.318164 0.0225427 0.668481 -0.918603 -1.67939 -7.05255 -819.689 0 
5 828.482 0.31975 0.0223794 0.670272 -0.958381 -0.1073 -8.13808 -820.237 0 
5 828.267 0.318035 0.0225508 0.670456 -0.940125 -1.12296 -7.21914 -819.925 0 
1 827.343 0.309728 0.022427 0.678862 -0.970968 -0.115118 -5.75334 -821.475 0 
3 827.716 0.314928 0.0223621 0.671677 -0.946287 -1.02874 -6.50419 -820.183 0 
3 827.724 0.311486 0.0224291 0.675718 -0.957366 -1.07977 -5.89637 -820.747 0 
3 826.959 0.311459 0.0224156 0.675109 -0.950648 -0.648187 -5.79183 -820.519 0 
1 827.494 0.314698 0.0223325 0.673429 -0.957816 -0.359694 -6.61076 -820.524 0 
1 828.636 0.317497 0.0223446 0.666895 -0.916092 -2.06259 -6.89469 -819.679 0 
1 829.165 0.321448 0.0224339 0.663241 -0.900683 -1.44482 -7.9297 -819.791 0 
2 829.535 0.320135 0.0223735 0.66341 -0.900424 -2.19355 -7.58776 -819.753 0 
3 828.093 0.316417 0.0224591 0.667653 -0.909175 -1.74698 -6.68767 -819.658 0 
2 828.755 0.312718 0.0225438 0.673529 -0.928666 -2.94134 -5.915 -819.899 0 
2 828.458 0.321755 0.0224695 0.663847 -0.90857 -0.715515 -8.00776 -819.735 0 
2 828.077 0.320157 0.0224104 0.666082 -0.919299 -0.802823 -7.58106 -819.693 0 
3 827.598 0.313471 0.0224386 0.674917 -0.960577 -0.500139 -6.39194 -820.705 0 
4 828.188 0.318969 0.022438 0.670273 -0.951507 -0.35249 -7.72327 -820.113 0 
6 828.426 0.320107 0.0224161 0.66976 -0.952826 -0.234956 -8.09898 -820.092 0 
1 828.998 0.322658 0.0222815 0.666405 -0.946383 -0.28656 -8.81817 -819.894 0 
2 829.432 0.324272 0.0223749 0.6659 -0.945637 -0.175937 -9.40551 -819.85 0 
6 829.257 0.321823 0.022376 0.668507 -0.956873 -0.302785 -8.84846 -820.106 0 
3 829.297 0.321777 0.0223534 0.668709 -0.959577 -0.217148 -8.9126 -820.167 0 
3 829.753 0.319648 0.0224185 0.667901 -0.939936 -2.14536 -7.73208 -819.875 0 
2 829.727 0.322827 0.0224398 0.662428 -0.90692 -1.62092 -8.33176 -819.774 0 
1 829.63 0.32284 0.0225076 0.661483 -0.890395 -1.25946 -8.37707 -819.994 0 
3 830.535 0.320148 0.0225967 0.662953 -0.88121 -2.6516 -7.84916 -820.034 0 
5 831.072 0.318844 0.022414 0.662879 -0.88596 -3.71437 -7.47236 -819.885 0 
3 831.352 0.3172 0.0223114 0.664517 -0.899352 -4.73727 -6.92543 -819.689 0 
3 830.568 0.312079 0.0223992 0.668914 -0.90272 -4.89738 -6.03801 -819.632 0 
1 830.282 0.316478 0.0224689 0.665358 -0.894941 -3.74803 -6.83232 -819.702 0 
3 829.905 0.309863 0.0224084 0.671705 -0.913842 -4.55306 -5.60344 -819.749 0 
1 828.033 0.315791 0.0223319 0.668959 -0.926733 -1.72825 -6.51979 -819.785 0 
1 828.037 0.309456 0.0222952 0.678548 -0.975072 -0.553776 -5.7824 -821.701 0 
2 827.84 0.307659 0.0223257 0.679453 -0.970436 -0.784712 -5.37635 -821.679 0 
2 828.5 0.306376 0.0224422 0.67743 -0.940458 -2.92185 -5.03202 -820.546 0 
1 829.091 0.309562 0.0223197 0.674891 -0.938435 -3.40819 -5.4118 -820.271 0 
1 828.814 0.307902 0.0224005 0.679368 -0.959933 -2.38512 -5.2611 -821.168 0 
1 828.458 0.304082 0.0224516 0.68139 -0.952222 -2.40454 -4.845 -821.208 0 
3 828.367 0.309807 0.0223968 0.676532 -0.947588 -2.36644 -5.46447 -820.536 0 
1 827.455 0.309623 0.0225464 0.676319 -0.93647 -1.81767 -5.4239 -820.213 0 
2 827.877 0.314544 0.0225249 0.671295 -0.92311 -1.85411 -6.25665 -819.766 0 
4 828.941 0.315215 0.0225338 0.671973 -0.930405 -2.69364 -6.39649 -819.85 0 
4 829.126 0.318533 0.0225409 0.669054 -0.924559 -2.24176 -7.1611 -819.723 0 
4 828.266 0.319515 0.0225573 0.6687 -0.931682 -0.972634 -7.51808 -819.775 0 
3 827.574 0.318778 0.0224134 0.669681 -0.945304 -0.063829 -7.5173 -819.993 0 
2 827.286 0.316657 0.0225132 0.669754 -0.924951 -0.828783 -6.70821 -819.749 0 
2 828.037 0.31331 0.0226532 0.673188 -0.925693 -2.18629 -6.01991 -819.831 0 
1 828.08 0.308873 0.0226224 0.676921 -0.931959 -2.59217 -5.35263 -820.136 0 
1 829.032 0.310648 0.0226656 0.678287 -0.953015 -2.72544 -5.64778 -820.658 0 
6 830.973 0.311937 0.0227489 0.677642 -0.952582 -4.52436 -5.90007 -820.548 0 
2 828.512 0.312416 0.0225796 0.677252 -0.96123 -1.57647 -6.12237 -820.813 0 
1 829.031 0.317113 0.0223616 0.673463 -0.974636 -0.306627 -7.80491 -820.92 0 
3 828.88 0.314471 0.0223066 0.674841 -0.975911 -0.609065 -7.06164 -821.209 0 
2 826.727 0.310013 0.0225207 0.676647 -0.947029 -0.723459 -5.50044 -820.503 0 
3 829.804 0.313047 0.022749 0.671469 -0.903289 -3.97312 -6.19623 -819.635 0 
1 829.198 0.313478 0.0227425 0.673265 -0.923376 -3.35227 -6.05349 -819.793 0 
2 827.773 0.308229 0.0226447 0.676943 -0.928542 -2.38503 -5.30478 -820.083 0 
1 828.645 0.304854 0.0226117 0.683675 -0.971627 -1.55954 -5.00447 -822.081 0 
1 828.166 0.301867 0.0225309 0.685298 -0.972018 -0.919498 -4.7422 -822.504 0 
6 828.019 0.311261 0.0223999 0.673043 -0.928218 -2.39831 -5.67739 -819.943 0 
3 828.136 0.313112 0.0223575 0.670738 -0.92489 -2.32998 -5.98221 -819.824 0 
2 828.25 0.319121 0.022379 0.666301 -0.922074 -1.21741 -7.32854 -819.704 0 
8 827.768 0.316641 0.0223724 0.669838 -0.933383 -1.16325 -6.74809 -819.857 0 
4 827.322 0.31593 0.0224091 0.672515 -0.951818 -0.234351 -6.8155 -820.272 0 
2 827.818 0.313114 0.0224275 0.676553 -0.971273 -0.150044 -6.52262 -821.145 0 
2 828.104 0.311275 0.022266 0.675432 -0.959961 -1.37457 -5.86785 -820.861 0 
3 827.849 0.309187 0.0223319 0.679245 -0.976434 -0.297165 -5.75164 -821.8 0 
3 827.349 0.313332 0.0224192 0.675586 -0.963323 -0.149883 -6.38361 -820.815 0 
1 827.491 0.313242 0.0224732 0.675052 -0.957792 -0.583161 -6.28079 -820.627 0 
8 827.195 0.313917 0.0224233 0.674719 -0.959247 -0.121554 -6.44756 -820.626 0 
1 828.619 0.316632 0.0223269 0.669006 -0.935995 -1.91755 -6.80261 -819.899 0 
1 827.308 0.314281 0.02234 0.671818 -0.941824 -0.920032 -6.28135 -820.107 0 
1 827.06 0.309454 0.0224919 0.675332 -0.935616 -1.4676 -5.39314 -820.2 0 
5 829.549 0.309358 0.0223589 0.67356 -0.930691 -4.08062 -5.38878 -820.08 0 
4 830.099 0.304692 0.0223481 0.678736 -0.947999 -4.25689 -4.87359 -820.969 0 
1 831.855 0.302769 0.022361 0.680322 -0.951091 -5.81802 -4.74586 -821.291 0 
1 830.018 0.306218 0.0224879 0.679106 -0.954113 -3.90953 -5.02691 -821.081 0 
2 829.408 0.314525 0.0223948 0.668655 -0.917008 -3.44613 -6.25888 -819.703 0 
3 829.442 0.316734 0.0224407 0.665747 -0.900117 -2.94585 -6.81979 -819.676 0 
1 828.021 0.316267 0.0225366 0.667797 -0.908222 -1.71021 -6.65444 -819.656 0 
1 827.519 0.307714 0.0226287 0.678618 -0.944293 -1.76971 -5.17105 -820.578 0 
4 828.009 0.302339 0.0225976 0.683729 -0.954266 -1.77669 -4.74574 -821.487 0 
1 829.019 0.308253 0.0225288 0.676678 -0.930358 -3.58358 -5.30791 -820.127 0 
7 828.298 0.310034 0.0224074 0.675147 -0.936878 -2.61657 -5.48047 -820.201 0 
7 827.707 0.317532 0.0224288 0.667232 -0.915848 -1.12552 -6.90337 -819.678 0 
3 826.967 0.313799 0.0224638 0.674252 -0.952496 -0.241387 -6.30702 -820.419 0 
2 827.574 0.318434 0.0225344 0.668513 -0.925134 -0.690595 -7.1554 -819.728 0 
2 827.422 0.314222 0.0223331 0.672948 -0.953567 -0.561427 -6.43661 -820.424 0 
2 828.828 0.315915 0.022475 0.672862 -0.956578 -1.46144 -6.96102 -820.406 0 
2 829.663 0.314533 0.0223732 0.674518 -0.971125 -1.69001 -6.96411 -821.009 0 
2 832.81 0.316522 0.0224497 0.675587 -0.988568 -3.05515 -8.20136 -821.554 0 
1 834.366 0.320293 0.0223807 0.668845 -0.959006 -5.65165 -8.48947 -820.225 0 
4 833.204 0.322199 0.0224983 0.666752 -0.941829 -4.71127 -8.64933 -819.843 0 
5 835.085 0.318499 0.0224622 0.669564 -0.950223 -7.33066 -7.64938 -820.105 0 
1 836.292 0.312724 0.022438 0.673507 -0.953659 -9.59886 -6.16554 -820.528 0 
2 837.159 0.312073 0.0226788 0.678389 -0.974232 -9.34203 -6.44138 -821.376 0 
1 837.688 0.317857 0.0226814 0.672272 -0.95499 -9.88683 -7.5515 -820.25 0 
4 830.741 0.314544 0.0225737 0.670442 -0.924019 -4.71068 -6.25368 -819.777 0 
4 827.714 0.312886 0.0225949 0.672459 -0.925791 -1.93158 -5.93814 -819.844 0 
2 827.771 0.309375 0.022599 0.678487 -0.955418 -1.45546 -5.46599 -820.849 0 
1 827.903 0.306867 0.0226693 0.679566 -0.944195 -2.18501 -5.07879 -820.639 0 
1 828.082 0.3125 0.0226178 0.675965 -0.947747 -1.7691 -5.95249 -820.36 0 
1 831.34 0.319159 0.0227254 0.670105 -0.928366 -4.22685 -7.36485 -819.748 0 
2 832.427 0.322151 0.0226249 0.667825 -0.939183 -4.0882 -8.52569 -819.813 0 
1 830.265 0.318902 0.0225829 0.671836 -0.95481 -2.30024 -7.77233 -820.192 0 
1 830.035 0.317299 0.0225941 0.67317 -0.952109 -2.64526 -7.18297 -820.206 0 
4 829.003 0.321869 0.0224912 0.667146 -0.937714 -0.827188 -8.37379 -819.802 0 
1 827.442 0.316236 0.0223415 0.671464 -0.948942 -0.411276 -6.84818 -820.182 0 
8 827.559 0.308725 0.0223978 0.677737 -0.953281 -1.4009 -5.33528 -820.823 0 
1 827.875 0.309125 0.0224258 0.674558 -0.928419 -2.44482 -5.39265 -820.038 0 
2 828.338 0.311858 0.022313 0.672972 -0.94201 -2.30623 -5.79491 -820.237 0 
1 828.336 0.311269 0.0223383 0.673734 -0.944394 -2.29137 -5.70573 -820.339 0 
2 828.194 0.313444 0.0224913 0.67252 -0.938116 -2.04804 -6.08513 -820.061 0 
1 826.918 0.311033 0.0225321 0.675521 -0.943926 -0.922748 -5.65519 -820.34 0 
2 827.328 0.312954 0.0225861 0.674534 -0.942111 -1.14652 -6.00122 -820.18 0 
1 828.367 0.307971 0.0227066 0.676108 -0.919464 -3.10256 -5.36767 -819.897 0 
1 828.311 0.315304 0.022589 0.669373 -0.908071 -2.17055 -6.48866 -819.652 0 
1 828.982 0.311626 0.0225474 0.67426 -0.928036 -3.31415 -5.74255 -819.926 0 
1 831.214 0.313597 0.0226299 0.673605 -0.926805 -5.29633 -6.07741 -819.84 0 
2 829.816 0.302046 0.0226373 0.685141 -0.958487 -3.35185 -4.73369 -821.731 0 
5 827.594 0.308149 0.0225949 0.67864 -0.944927 -1.79833 -5.22808 -820.567 0 
5 828.495 0.307744 0.022704 0.679424 -0.943726 -2.7607 -5.17836 -820.556 0 
2 829.139 0.299246 0.0225669 0.688283 -0.975709 -1.36059 -4.65332 -823.126 0 
8 827.979 0.306101 0.0226724 0.679431 -0.935753 -2.50753 -5.06116 -820.41 0 
1 827.873 0.306981 0.0226347 0.680433 -0.951895 -1.85239 -5.10072 -820.92 0 
1 828.902 0.309964 0.0227357 0.677009 -0.936288 -3.24718 -5.4649 -820.189 0 
2 828.701 0.309968 0.0227254 0.676602 -0.934158 -3.09949 -5.46711 -820.134 0 
2 829.47 0.311453 0.0227439 0.676408 -0.938592 -3.6001 -5.7005 -820.169 0 
3 828.859 0.318441 0.0226178 0.668483 -0.922019 -2.00602 -7.14628 -819.706 0 
3 827.767 0.315611 0.0226123 0.670387 -0.921161 -1.56825 -6.47236 -819.727 0 
5 829.238 0.315993 0.0226631 0.671212 -0.929106 -2.8449 -6.58198 -819.812 0 
1 827.622 0.308861 0.02251 0.677173 -0.948768 -1.63682 -5.33825 -820.647 0 
3 826.944 0.313272 0.0223767 0.673407 -0.947038 -0.537002 -6.11351 -820.294 0 
1 827.365 0.316035 0.0225242 0.671738 -0.937806 -0.771507 -6.64309 -819.95 0 
1 828.005 0.311231 0.0225363 0.677853 -0.960794 -1.25383 -5.85488 -820.897 0 
3 827.401 0.317959 0.0225105 0.6683 -0.922518 -0.668058 -7.02002 -819.713 0 
2 827.457 0.31526 0.0225947 0.670394 -0.918841 -1.34316 -6.40381 -819.71 0 
2 827.936 0.30826 0.0226684 0.676356 -0.926214 -2.60123 -5.30812 -820.027 0 
6 827.614 0.304508 0.0225691 0.680266 -0.943267 -1.93017 -4.88765 -820.796 0 
2 828.066 0.308507 0.0226748 0.675589 -0.91823 -2.76665 -5.44426 -819.855 0 
2 827.968 0.307149 0.022662 0.678783 -0.94089 -2.35332 -5.11075 -820.504 0 
2 827.479 0.30943 0.0225753 0.674684 -0.92506 -2.08806 -5.43973 -819.951 0 
1 827.344 0.311564 0.0224096 0.672915 -0.931973 -1.62575 -5.70983 -820.008 0 
2 829.283 0.30874 0.0224886 0.673602 -0.912639 -3.95446 -5.56907 -819.759 0 
4 830.49 0.30977 0.0223533 0.672523 -0.917656 -5.10068 -5.58362 -819.806 0 
2 828.884 0.314753 0.022407 0.669696 -0.917762 -2.86142 -6.31631 -819.707 0 
1 831.816 0.322784 0.0224679 0.659156 -0.875147 -2.91757 -8.56055 -820.338 0 
3 829.27 0.317123 0.0224555 0.665885 -0.89806 -2.6312 -6.94377 -819.695 0 
2 829.043 0.318888 0.0225334 0.664917 -0.894919 -1.92283 -7.3515 -819.769 0 
6 830.14 0.325214 0.0224759 0.659618 -0.890582 -0.947183 -9.07778 -820.115 0 
1 831.541 0.325023 0.0224487 0.660258 -0.901483 -2.60479 -9.02335 -819.913 0 
5 832.408 0.323815 0.022349 0.661905 -0.91711 -3.92236 -8.74986 -819.736 0 
1 829.937 0.32087 0.0222424 0.666327 -0.943117 -1.86587 -8.17973 -819.891 0 
5 830.707 0.311652 0.0221447 0.675884 -0.972048 -3.22264 -6.16186 -821.322 0 
2 830.05 0.307347 0.0221958 0.678471 -0.967093 -3.22458 -5.27414 -821.551 0 
1 830.518 0.314903 0.0221537 0.670943 -0.953214 -3.53403 -6.61343 -820.371 0 
4 831.066 0.31646 0.0221796 0.669573 -0.951015 -3.83747 -7.00664 -820.222 0 
2 829.162 0.308647 0.0222198 0.678944 -0.978511 -1.49276 -5.69806 -821.971 0 
1 827.343 0.309717 0.0224005 0.67842 -0.966495 -0.4128 -5.65679 -821.273 0 
1 828.411 0.302646 0.0225736 0.685133 -0.969077 -1.41043 -4.77314 -822.227 0 
3 827.913 0.302027 0.0225299 0.682852 -0.95136 -1.7914 -4.74005 -821.381 0 
3 828.487 0.303362 0.0224911 0.680979 -0.942658 -2.75318 -4.86236 -820.872 0 
2 828.58 0.310957 0.0224215 0.671601 -0.915896 -3.10946 -5.71921 -819.751 0 
2 827.607 0.309488 0.0225289 0.676314 -0.943873 -1.76162 -5.40742 -820.438 0 
1 828.814 0.307616 0.0224033 0.677945 -0.956327 -2.55482 -5.21716 -821.043 0 
1 828.601 0.302998 0.0226027 0.682556 -0.953305 -2.47013 -4.76084 -821.37 0 
1 828.38 0.300371 0.0225824 0.684741 -0.954266 -1.97312 -4.69582 -821.711 0 
2 829.709 0.300424 0.0226435 0.683936 -0.93933 -3.80053 -4.90601 -821.002 0 
1 829.517 0.309262 0.0227161 0.673143 -0.899699 -4.01717 -5.87255 -819.627 0 
1 829.537 0.313581 0.022583 0.668782 -0.894341 -3.45393 -6.43621 -819.647 0 
3 827.792 0.307043 0.0225839 0.676243 -0.922173 -2.53619 -5.26474 -819.991 0 
4 826.857 0.312996 0.0224426 0.672385 -0.932773 -0.92878 -5.96176 -819.966 0 
3 827.867 0.313948 0.0223216 0.671776 -0.943181 -1.4793 -6.23211 -820.156 0 
1 829.585 0.316663 0.0223511 0.666095 -0.906961 -3.18056 -6.74551 -819.659 0 
2 828.577 0.312355 0.0222649 0.672704 -0.944436 -2.39701 -5.90558 -820.275 0 
1 828.932 0.307042 0.0223258 0.678337 -0.960007 -2.50821 -5.16767 -821.256 0 
1 827.356 0.313731 0.0224281 0.671996 -0.93742 -1.18819 -6.13452 -820.033 0 
2 827.429 0.309318 0.0226161 0.676157 -0.934205 -1.88092 -5.37818 -820.17 0 
3 826.719 0.310071 0.0225265 0.67574 -0.938367 -0.998621 -5.48084 -820.239 0 
2 827.455 0.308745 0.0225333 0.675999 -0.930185 -2.01262 -5.34502 -820.098 0 
1 828.937 0.307002 0.022527 0.67738 -0.929673 -3.5564 -5.20414 -820.177 0 
1 829.67 0.306047 0.0223602 0.678604 -0.94527 -3.91426 -5.01243 -820.744 0 
1 828.346 0.303614 0.0224267 0.68042 -0.945813 -2.53305 -4.83525 -820.977 0 
1 831.024 0.296688 0.0225203 0.689916 -0.982973 -2.291 -4.66655 -824.066 0 
2 830.106 0.296015 0.0226206 0.688546 -0.955166 -2.9231 -4.8676 -822.315 0 
1 830.262 0.295984 0.0226056 0.689399 -0.961599 -2.74999 -4.79873 -822.713 0 
1 830.718 0.298129 0.0225416 0.684856 -0.940277 -4.45631 -4.98926 -821.272 0 
1 830.359 0.299367 0.0224645 0.684699 -0.950526 -3.94943 -4.77226 -821.637 0 
1 828.783 0.307877 0.0225811 0.679445 -0.948642 -2.86259 -5.20097 -820.72 0 
2 828.065 0.302894 0.0225982 0.683528 -0.955284 -1.82167 -4.76818 -821.475 0 
1 826.757 0.310693 0.0225098 0.675576 -0.94077 -0.906144 -5.58077 -820.27 0 
4 826.907 0.311362 0.0225428 0.673686 -0.92751 -1.29148 -5.68996 -819.925 0 
3 827.15 0.312531 0.0224022 0.675643 -0.962009 -0.132409 -6.18453 -820.833 0 
1 827.836 0.3112 0.0224693 0.677853 -0.970113 -0.495228 -6.05815 -821.283 0 
3 828.488 0.315145 0.0226022 0.672842 -0.941789 -1.92845 -6.49282 -820.067 0 
1 827.664 0.310218 0.022447 0.679013 -0.972286 -0.316404 -5.86441 -821.483 0 
1 828.893 0.307519 0.0223 0.681573 -0.987748 -0.575895 -5.68096 -822.636 0 
3 828.694 0.310266 0.022327 0.678753 -0.976013 -1.10342 -5.93617 -821.654 0 
2 828.836 0.312073 0.0222989 0.6778 -0.982292 -0.550479 -6.53234 -821.753 0 
2 830.175 0.308232 0.0221909 0.68076 -0.994522 -1.20384 -6.03106 -822.94 0 
1 830.18 0.302808 0.0222781 0.685332 -0.996456 -1.03797 -5.18682 -823.956 0 
1 831.149 0.308666 0.0221823 0.681454 -1.00198 -1.47025 -6.33559 -823.343 0 
1 830.669 0.306688 0.022167 0.679582 -0.976068 -3.26502 -5.31644 -822.088 0 
1 829.39 0.309075 0.0222053 0.677209 -0.966722 -2.48451 -5.55623 -821.349 0 
1 828.95 0.315724 0.0222633 0.668972 -0.929821 -2.60608 -6.51566 -819.828 0 
1 828.385 0.311776 0.0223073 0.674106 -0.945779 -2.24563 -5.79171 -820.348 0 
4 827.278 0.312046 0.0223547 0.673787 -0.94602 -1.08191 -5.85782 -820.338 0 
4 828.418 0.315977 0.0223322 0.671991 -0.949839 -1.42523 -6.77457 -820.218 0 
2 827.641 0.319674 0.022399 0.668343 -0.939883 -0.0753637 -7.69188 -819.874 0 
2 827.661 0.3163 0.0225096 0.67251 -0.947529 -0.67625 -6.83983 -820.145 0 
3 827.267 0.316691 0.0223707 0.670244 -0.939138 -0.488994 -6.82609 -819.952 0 
2 827.022 0.316542 0.0224203 0.670786 -0.940471 -0.231583 -6.80752 -819.983 0 
4 827.335 0.312558 0.0226143 0.674002 -0.932076 -1.48503 -5.88036 -819.969 0 
3 826.827 0.310514 0.0225215 0.674655 -0.93189 -1.22204 -5.55189 -820.053 0 
2 827.222 0.306977 0.0226071 0.678378 -0.937905 -1.69271 -5.11051 -820.419 0 
1 827.551 0.318543 0.0225198 0.668924 -0.929543 -0.566848 -7.21689 -819.767 0 
3 828.714 0.307928 0.022736 0.676112 -0.91684 -3.45402 -5.40983 -819.85 0 
1 828.579 0.304039 0.0225718 0.684166 -0.974384 -1.28691 -4.95021 -822.342 0 
1 827.019 0.31372 0.0223936 0.671941 -0.936026 -0.899428 -6.11607 -820.004 0 
9 827.05 0.313958 0.0224883 0.670904 -0.92266 -1.13592 -6.14145 -819.772 0 
1 827.421 0.310537 0.0225074 0.677368 -0.95387 -1.08891 -5.63475 -820.697 0 
1 828.608 0.308766 0.0225516 0.680404 -0.966002 -1.79262 -5.46718 -821.349 0 
3 828.842 0.303581 0.0224382 0.685706 -0.990227 -0.324139 -5.1241 -823.394 0 
4 828.364 0.302323 0.0225573 0.685791 -0.975844 -0.894503 -4.80043 -822.669 0 
3 827.382 0.309659 0.0224969 0.674289 -0.927667 -1.93577 -5.44937 -819.997 0 
4 827.254 0.307748 0.0225766 0.677672 -0.940351 -1.63313 -5.17588 -820.445 0 
3 827.487 0.308747 0.022475 0.678207 -0.951895 -1.38936 -5.32912 -820.769 0 
1 827.118 0.307535 0.0225127 0.677525 -0.938339 -1.55439 -5.1678 -820.395 0 
1 827.392 0.305963 0.0225309 0.679517 -0.948668 -1.52575 -4.98494 -820.882 0 
3 827.266 0.310579 0.0224979 0.673774 -0.928919 -1.71704 -5.56446 -819.985 0 
7 828.242 0.304475 0.0226247 0.679628 -0.935148 -2.79216 -4.9454 -820.505 0 
3 828.171 0.305647 0.0226335 0.680029 -0.945362 -2.43285 -4.95786 -820.78 0 
2 826.855 0.31399 0.0224887 0.673545 -0.945026 -0.408771 -6.24667 -820.2 0 
1 827.263 0.313151 0.0225427 0.673762 -0.936244 -1.2313 -5.9992 -820.032 0 
2 829.558 0.320406 0.0225312 0.666304 -0.91209 -2.24016 -7.62316 -819.695 0 
4 829.694 0.323412 0.0223729 0.661384 -0.90045 -1.34008 -8.49184 -819.863 0 
3 828.407 0.321759 0.0223142 0.665303 -0.930277 -0.476411 -8.19028 -819.74 0 
2 828.437 0.321517 0.0223376 0.665572 -0.927562 -0.652137 -8.0595 -819.725 0 
2 828.339 0.321071 0.0224301 0.664219 -0.908906 -0.810374 -7.81058 -819.718 0 
1 827.29 0.313599 0.0226031 0.672656 -0.928553 -1.35254 -6.06901 -819.868 0 
2 827.214 0.314785 0.0225532 0.670392 -0.919155 -1.18677 -6.30827 -819.719 0 
1 829.291 0.315304 0.0226364 0.66759 -0.891885 -2.87068 -6.72404 -819.696 0 
1 829.83 0.309192 0.0227023 0.674178 -0.905889 -4.40459 -5.75332 -819.672 0 
3 830.143 0.304363 0.0227131 0.679413 -0.920262 -4.82508 -5.24458 -820.073 0 
2 828.11 0.30596 0.0224658 0.678023 -0.935354 -2.64624 -5.05677 -820.407 0 
2 827.896 0.308871 0.0224527 0.677912 -0.95071 -1.84102 -5.33995 -820.715 0 
1 828.832 0.310496 0.0224756 0.676584 -0.945812 -2.83689 -5.56424 -820.431 0 
2 827.602 0.309206 0.022512 0.677265 -0.943752 -1.78348 -5.36539 -820.453 0 
5 828.115 0.303487 0.0225349 0.681332 -0.943789 -2.3528 -4.85639 -820.906 0 
1 828.872 0.311434 0.0225309 0.677187 -0.953814 -2.45458 -5.79134 -820.626 0 
6 828.259 0.311518 0.0224263 0.671582 -0.917299 -2.71715 -5.78464 -819.757 0 
2 827.26 0.313964 0.0224173 0.671328 -0.932852 -1.1738 -6.15451 -819.932 0 
6 827.508 0.311002 0.0225679 0.672931 -0.919566 -2.0253 -5.68188 -819.801 0 
2 828.034 0.308531 0.0224458 0.676286 -0.943652 -2.2662 -5.27122 -820.497 0 
1 828.111 0.310859 0.0223621 0.673325 -0.935792 -2.38414 -5.59758 -820.13 0 
2 828.077 0.316351 0.022296 0.671044 -0.952897 -0.812255 -6.98725 -820.277 0 
4 829.06 0.315845 0.0223322 0.670937 -0.949371 -2.04209 -6.80528 -820.213 0 
3 827.638 0.313207 0.022411 0.676122 -0.969467 -0.0692579 -6.50564 -821.063 0 
2 826.848 0.310824 0.0224259 0.675896 -0.949705 -0.661698 -5.65322 -820.533 0 
2 827.419 0.310639 0.0223295 0.675618 -0.954241 -1.04551 -5.67113 -820.702 0 
1 827.267 0.311359 0.0223533 0.676475 -0.963771 -0.318133 -5.94685 -821.002 0 
4 827.178 0.316167 0.0224479 0.671899 -0.947593 -0.20279 -6.8223 -820.153 0 
1 828.988 0.313855 0.0224944 0.675706 -0.967527 -1.4011 -6.65788 -820.929 0 
1 828.493 0.315569 0.0225053 0.67126 -0.938782 -1.93463 -6.57181 -819.986 0 
7 829.207 0.314301 0.0223754 0.670222 -0.931226 -3.09209 -6.22366 -819.891 0 
1 827.55 0.310567 0.0225047 0.673654 -0.928241 -2.01625 -5.56326 -819.971 0 
2 828.557 0.302315 0.0226198 0.680976 -0.932269 -3.04321 -4.94833 -820.566 0 
10 828.921 0.304965 0.0225076 0.678797 -0.931866 -3.50647 -5.05063 -820.364 0 
1 827.499 0.313888 0.0224516 0.67148 -0.926492 -1.54682 -6.12522 -819.827 0 
1 827.177 0.31584 0.0225032 0.669626 -0.920603 -0.936695 -6.52146 -819.719 0 
1 828.723 0.321057 0.0225811 0.665058 -0.907973 -1.19185 -7.80826 -819.723 0 
6 828.02 0.320917 0.0224517 0.664987 -0.913624 -0.543678 -7.77709 -819.699 0 
2 826.847 0.30857 0.0224683 0.677782 -0.949836 -0.843098 -5.29582 -820.708 0 
2 826.977 0.312917 0.022373 0.673797 -0.948274 -0.576749 -6.05032 -820.35 0 
5 827.954 0.317171 0.0223351 0.668024 -0.926542 -1.35278 -6.84367 -819.758 0 
2 828.344 0.319308 0.0224192 0.665473 -0.91309 -1.3195 -7.34329 -819.681 0 
4 830.88 0.31978 0.022294 0.667575 -0.933225 -3.51946 -7.57331 -819.787 0 
6 829.01 0.321425 0.0225025 0.666509 -0.922623 -1.3381 -7.96545 -819.706 0 
1 829.544 0.314611 0.0224812 0.673322 -0.94094 -3.15145 -6.32125 -820.072 0 
2 829.642 0.320443 0.0224688 0.665396 -0.908408 -2.29739 -7.63651 -819.708 0 
1 830.738 0.324732 0.0225762 0.660969 -0.889531 -1.69335 -8.9346 -820.11 0 
3 830.747 0.328333 0.0225117 0.659349 -0.902154 -0.514341 -10.1758 -820.057 0 
1 830.361 0.32258 0.0226707 0.665002 -0.908941 -2.36093 -8.24813 -819.752 0 
1 828.084 0.318386 0.0225945 0.668572 -0.92011 -1.27355 -7.11469 -819.696 0 
2 827.926 0.317783 0.0224457 0.669886 -0.941991 -0.769633 -7.19033 -819.966 0 
4 827.226 0.315493 0.0224836 0.672763 -0.94672 -0.440364 -6.6206 -820.165 0 
1 827.65 0.311127 0.0224694 0.676286 -0.949446 -1.44919 -5.6979 -820.503 0 
1 829.537 0.311337 0.022205 0.674147 -0.952191 -3.18472 -5.77387 -820.578 0 
1 828.649 0.308784 0.0223073 0.680607 -0.987608 -0.260749 -5.93718 -822.451 0 
1 829.425 0.311272 0.0223641 0.679906 -0.993288 -0.30348 -6.68994 -822.432 0 
3 828.144 0.309231 0.0223345 0.679841 -0.982874 -0.09491 -5.91933 -822.129 0 
1 827.181 0.311706 0.0224051 0.674974 -0.9472 -0.995476 -5.79072 -820.394 0 
3 827.3 0.316098 0.0224384 0.671061 -0.936972 -0.719431 -6.64756 -819.933 0 
3 826.883 0.31552 0.0224405 0.671768 -0.941965 -0.257866 -6.57068 -820.054 0 
1 827.112 0.314096 0.0224667 0.670811 -0.923228 -1.16836 -6.16709 -819.777 0 
2 827.774 0.31576 0.0223704 0.668951 -0.923214 -1.52458 -6.50454 -819.745 0 
1 827.63 0.315635 0.0223247 0.672615 -0.959294 -0.210085 -6.91407 -820.506 0 
1 829.271 0.32298 0.0222679 0.666494 -0.951479 -0.209742 -9.09802 -819.963 0 
2 829.129 0.318045 0.0222069 0.670961 -0.965817 -0.787242 -7.79526 -820.546 0 
4 829.254 0.316694 0.0221869 0.671591 -0.963812 -1.36764 -7.3099 -820.576 0 
1 830.408 0.31396 0.0221267 0.674319 -0.977584 -2.13959 -6.93743 -821.331 0 
3 829.634 0.3062 0.0222811 0.681979 -0.989582 -1.15263 -5.54094 -822.941 0 
2 829.372 0.31254 0.0224271 0.67409 -0.952312 -2.81416 -6.06069 -820.497 0 
3 829.197 0.313096 0.0223466 0.675809 -0.974841 -1.22846 -6.67001 -821.299 0 
3 830.784 0.310609 0.0224049 0.680467 -0.997225 -1.29152 -6.74086 -822.752 0 
1 830.185 0.310831 0.0223608 0.678719 -0.986769 -1.59329 -6.45859 -822.133 0 
2 830.611 0.31331 0.0222546 0.678204 -1.00141 -0.372221 -7.62794 -822.611 0 
4 830.677 0.312939 0.0224793 0.679317 -0.991635 -1.45856 -7.09553 -822.123 0 
2 828.832 0.314795 0.0224454 0.675567 -0.97383 -0.667235 -7.07187 -821.093 0 
1 827.614 0.313871 0.0225369 0.672297 -0.934287 -1.50633 -6.14463 -819.963 0 
2 827.402 0.316389 0.0225125 0.67088 -0.936839 -0.742574 -6.73806 -819.921 0 
5 827.629 0.309947 0.0225885 0.673589 -0.916153 -2.24796 -5.60245 -819.779 0 
5 827.129 0.311872 0.0225122 0.672869 -0.927647 -1.45512 -5.76458 -819.909 0 
1 826.998 0.30843 0.0225532 0.678739 -0.952719 -0.878752 -5.29275 -820.827 0 
1 827.204 0.314571 0.0223668 0.672027 -0.945309 -0.631597 -6.39553 -820.177 0 
3 829.793 0.314243 0.0222827 0.673055 -0.95044 -3.11548 -6.34622 -820.331 0 
1 832.308 0.308664 0.022175 0.678524 -0.971558 -5.16458 -5.52405 -821.62 0 
4 830.518 0.308223 0.022197 0.680962 -0.993027 -1.71576 -5.95261 -822.85 0 
6 834.968 0.298076 0.0221484 0.687517 -0.989123 -5.98737 -4.70732 -824.273 0 
6 832.79 0.302546 0.0222387 0.680038 -0.947103 -6.86551 -4.79073 -821.134 0 
2 836.052 0.300245 0.0222205 0.680531 -0.93924 -10.1581 -4.87842 -821.015 0 
1 828.953 0.299317 0.0224599 0.685792 -0.963972 -1.92156 -4.64907 -822.382 0 
2 828.682 0.302213 0.0223638 0.683727 -0.970539 -1.55853 -4.7544 -822.369 0 
2 829.002 0.300802 0.0224396 0.683137 -0.952161 -2.7347 -4.71262 -821.555 0 
6 828.299 0.301546 0.0225361 0.685023 -0.963568 -1.53557 -4.70056 -822.063 0 
1 827.388 0.305372 0.0224195 0.68083 -0.961264 -0.930468 -4.96723 -821.49 0 
9 826.685 0.310023 0.0224568 0.676621 -0.950368 -0.547439 -5.52359 -820.614 0 
4 827.451 0.310088 0.0223857 0.674495 -0.937306 -1.75856 -5.48239 -820.21 0 
2 827.523 0.313199 0.0224828 0.671404 -0.925696 -1.69534 -5.99399 -819.834 0 
3 828.123 0.309846 0.0225436 0.67327 -0.913788 -2.73449 -5.63943 -819.749 0 
4 828.588 0.305731 0.0227318 0.679032 -0.928632 -3.26752 -5.09982 -820.22 0 
1 828.84 0.315404 0.0226222 0.66917 -0.904439 -2.64143 -6.55003 -819.649 0 
1 829.261 0.310211 0.0227478 0.673858 -0.90823 -3.80912 -5.77173 -819.68 0 
4 827.881 0.308299 0.0226848 0.677671 -0.935004 -2.37401 -5.25821 -820.249 0 
1 828.636 0.308915 0.0226105 0.680095 -0.96597 -1.78267 -5.52166 -821.332 0 
2 826.858 0.309847 0.022509 0.677183 -0.952225 -0.651852 -5.51329 -820.693 0 
5 827.36 0.307789 0.022541 0.676153 -0.929077 -2.00125 -5.2402 -820.119 0 
3 827.387 0.308098 0.0225359 0.678132 -0.949928 -1.40294 -5.23535 -820.749 0 
4 827.572 0.307026 0.0226515 0.678677 -0.938359 -2.03018 -5.11166 -820.43 0 
1 827.945 0.305121 0.0226259 0.678824 -0.931075 -2.58716 -5.02837 -820.329 0 
1 827.592 0.303918 0.0225769 0.680747 -0.941955 -1.92477 -4.8718 -820.796 0 
1 829.708 0.301939 0.0227499 0.68236 -0.934957 -4.11909 -4.89495 -820.694 0 
2 828.017 0.306846 0.0226679 0.677528 -0.927826 -2.70954 -5.17138 -820.136 0 
1 827.129 0.307606 0.0225897 0.677434 -0.934998 -1.65404 -5.18473 -820.29 0 
1 827.618 0.305663 0.0226457 0.680132 -0.942477 -1.96847 -4.97783 -820.672 0 
1 827.567 0.312036 0.0226474 0.674138 -0.928621 -1.85249 -5.7931 -819.922 0 
3 827.399 0.315769 0.0225248 0.671482 -0.933246 -0.979509 -6.53993 -819.88 0 
1 828.036 0.318805 0.0225109 0.667433 -0.921836 -1.09046 -7.24191 -819.703 0 
6 827.657 0.312638 0.0226359 0.672658 -0.922047 -1.95199 -5.9099 -819.795 0 
1 826.911 0.311048 0.0225181 0.67549 -0.944833 -0.881374 -5.66419 -820.365 0 
3 828.35 0.315143 0.022614 0.668925 -0.903132 -2.19168 -6.51155 -819.647 0 
1 828.666 0.315397 0.0225039 0.6684 -0.905436 -2.48292 -6.53463 -819.649 0 
2 827.805 0.310225 0.02252 0.675199 -0.931473 -2.22628 -5.522 -820.057 0 
1 829.043 0.314865 0.0225739 0.673732 -0.941825 -2.57149 -6.39192 -820.08 0 
1 829.166 0.310416 0.0226394 0.674021 -0.914532 -3.70973 -5.71092 -819.745 0 
1 827.319 0.3095 0.022464 0.675376 -0.934055 -1.7511 -5.41164 -820.156 0 
1 827.311 0.307296 0.022475 0.677416 -0.938416 -1.75386 -5.14326 -820.414 0 
1 827.552 0.309003 0.0225664 0.676577 -0.933853 -2.01926 -5.3549 -820.178 0 
2 828.642 0.30998 0.0226359 0.673425 -0.909288 -3.21167 -5.737 -819.694 0 
1 827.411 0.308405 0.0226278 0.676579 -0.92878 -2.01674 -5.31354 -820.08 0 
1 827.415 0.312934 0.0225452 0.671146 -0.914827 -1.69858 -6.0125 -819.704 0 
2 827.815 0.314871 0.022414 0.669547 -0.923408 -1.73448 -6.31808 -819.763 0 
6 827.345 0.314909 0.0223684 0.673642 -0.960014 -0.0429557 -6.72272 -820.58 0 
2 827.851 0.320848 0.0224004 0.665823 -0.923827 -0.318079 -7.82401 -819.709 0 
8 827.444 0.317365 0.022411 0.670998 -0.94672 -0.251192 -7.11537 -820.078 0 
6 827.592 0.317261 0.022369 0.670911 -0.947648 -0.389821 -7.09966 -820.103 0 
1 828.073 0.313747 0.0224212 0.676254 -0.971501 -0.300536 -6.67665 -821.096 0 
1 828.422 0.311753 0.0222888 0.677538 -0.979721 -0.36304 -6.3937 -821.665 0 
3 828.179 0.309217 0.0223001 0.677586 -0.962166 -1.54059 -5.50229 -821.136 0 
2 828.996 0.305451 0.0223698 0.678086 -0.943926 -3.30744 -4.94578 -820.742 0 
2 829.636 0.315325 0.0224306 0.670665 -0.93882 -3.11649 -6.52325 -819.997 0 
3 828.906 0.310006 0.0223432 0.673923 -0.938366 -3.19336 -5.46943 -820.243 0 
2 830.528 0.312443 0.0223618 0.670179 -0.921189 -4.869 -5.87115 -819.787 0 
1 828.676 0.307029 0.0224443 0.679299 -0.961796 -2.15062 -5.18736 -821.338 0 
1 829.246 0.306961 0.0224846 0.683635 -0.992034 -0.566398 -5.70111 -822.978 0 
1 830.265 0.311564 0.0224968 0.678976 -0.983209 -1.89424 -6.512 -821.859 0 
1 828.012 0.313542 0.0225658 0.674949 -0.952362 -1.32356 -6.25663 -820.432 0 
2 827.753 0.315777 0.0224763 0.671207 -0.940123 -1.11584 -6.63214 -820.005 0 
2 827.697 0.313449 0.0226435 0.671932 -0.918303 -1.89517 -6.07053 -819.731 0 
1 828.998 0.317026 0.022525 0.666704 -0.905966 -2.51221 -6.82255 -819.663 0 
2 827.829 0.309023 0.0225731 0.676554 -0.9404 -2.13516 -5.33188 -820.362 0 
4 827.224 0.310167 0.0225566 0.674123 -0.922979 -1.7831 -5.55753 -819.883 0 
1 828.017 0.311334 0.0224168 0.672915 -0.926294 -2.41637 -5.69765 -819.903 0 
4 828.382 0.319353 0.0223002 0.667396 -0.933358 -1.10772 -7.47845 -819.796 0 
2 826.884 0.314962 0.0224418 0.670953 -0.932034 -0.641226 -6.35857 -819.884 0 
5 827.019 0.310818 0.0224534 0.674517 -0.939448 -1.19416 -5.59882 -820.226 0 
2 828.009 0.31305 0.0222838 0.673169 -0.951898 -1.41955 -6.13924 -820.45 0 
1 827.616 0.314102 0.0223626 0.672534 -0.948709 -0.983713 -6.34041 -820.291 0 
1 829.308 0.320308 0.0224981 0.668867 -0.94476 -1.35831 -8.01722 -819.932 0 
1 829.33 0.323338 0.0223596 0.666127 -0.946271 -0.343623 -9.11007 -819.877 0 
5 830.213 0.320567 0.0223177 0.669427 -0.964769 -1.15642 -8.69846 -820.358 0 
2 828.575 0.318677 0.0223545 0.670742 -0.960581 -0.340662 -7.88116 -820.353 0 
1 829.544 0.314013 0.0223385 0.674835 -0.972879 -1.54884 -6.86793 -821.127 0 
2 829.231 0.318305 0.0223101 0.670989 -0.96493 -0.820627 -7.90861 -820.502 0 
2 827.997 0.310783 0.0223249 0.677806 -0.976441 -0.269532 -6.11054 -821.617 0 
1 827.164 0.307565 0.0224626 0.679424 -0.961536 -0.644122 -5.24867 -821.271 0 
1 828.738 0.310945 0.0224467 0.674066 -0.940336 -2.86719 -5.62758 -820.243 0 
7 828.283 0.307385 0.0224379 0.679145 -0.962419 -1.71102 -5.24281 -821.329 0 
2 828.538 0.312382 0.0224338 0.670678 -0.9182 -2.90306 -5.88497 -819.75 0 
3 827.876 0.318367 0.0224704 0.666325 -0.910291 -1.09291 -7.10991 -819.673 0 
11 827.85 0.31547 0.0225033 0.670327 -0.921732 -1.67173 -6.44379 -819.734 0 
8 827.82 0.309023 0.0224318 0.674704 -0.92865 -2.39291 -5.37967 -820.048 0 
4 827.981 0.309677 0.0223821 0.674569 -0.933852 -2.4052 -5.43384 -820.142 0 
5 828.005 0.312979 0.0222977 0.672562 -0.945159 -1.70572 -6.04069 -820.259 0 
1 827.599 0.317968 0.022483 0.669223 -0.933799 -0.650651 -7.11883 -819.83 0 
2 827.211 0.316881 0.0225125 0.66962 -0.925761 -0.692092 -6.765 -819.754 0 
1 828.766 0.319443 0.0224779 0.667857 -0.923869 -1.65293 -7.40123 -819.712 0 
2 828.822 0.322862 0.0224546 0.664428 -0.91675 -0.733746 -8.3679 -819.72 0 
7 827.253 0.318055 0.0224593 0.669437 -0.935663 -0.246409 -7.15335 -819.854 0 
1 827.594 0.314055 0.0225273 0.672273 -0.928836 -1.57746 -6.15731 -819.859 0 
2 828.641 0.314659 0.0225296 0.66844 -0.901271 -2.53868 -6.45892 -819.644 0 
3 828.192 0.312438 0.0226939 0.672801 -0.916796 -2.54001 -5.91977 -819.732 0 
6 827.388 0.311867 0.0225186 0.671964 -0.91763 -1.80816 -5.82622 -819.753 0 
3 828.863 0.306419 0.0227031 0.680925 -0.951829 -2.85826 -5.03723 -820.968 0 
1 828.303 0.302939 0.0225817 0.682924 -0.956867 -2.00075 -4.75582 -821.547 0 
3 827.85 0.303198 0.0225182 0.682051 -0.954148 -1.68824 -4.77363 -821.388 0 
10 827.419 0.305051 0.0224402 0.681137 -0.959338 -1.06161 -4.92428 -821.433 0 
1 827.57 0.306864 0.022402 0.678997 -0.95345 -1.48406 -5.09222 -820.994 0 
1 828.302 0.30764 0.0223734 0.677275 -0.94427 -2.55175 -5.16792 -820.583 0 
1 827.868 0.312279 0.0224726 0.673058 -0.936546 -1.94414 -5.8453 -820.078 0 
3 828.255 0.31483 0.0225176 0.674082 -0.95641 -1.13362 -6.65024 -820.471 0 
1 827.855 0.317542 0.0225289 0.670147 -0.936442 -0.940947 -7.03504 -819.879 0 
7 827.954 0.318048 0.0224812 0.670054 -0.942123 -0.731063 -7.26305 -819.96 0 
1 827.476 0.308532 0.0224211 0.676168 -0.942264 -1.75495 -5.26951 -820.452 0 
2 826.872 0.309188 0.022455 0.678268 -0.959806 -0.355848 -5.47624 -821.04 0 
3 827.283 0.30896 0.0224288 0.677614 -0.957352 -0.898657 -5.42255 -820.961 0 
1 828.827 0.306021 0.0225718 0.680795 -0.959894 -2.43309 -5.03795 -821.356 0 
1 828.815 0.306304 0.0227024 0.678862 -0.935168 -3.37966 -5.0568 -820.378 0 
2 828.522 0.305986 0.0226096 0.678973 -0.941146 -2.92859 -4.99484 -820.599 0 
7 828.689 0.304259 0.022631 0.680735 -0.944007 -2.9824 -4.86055 -820.847 0 
1 827.742 0.309283 0.0226189 0.674506 -0.919557 -2.40906 -5.48092 -819.852 0 
1 827.926 0.311205 0.0226068 0.67209 -0.909764 -2.41128 -5.83387 -819.68 0 
3 827.855 0.313411 0.0225902 0.670349 -0.909824 -2.06507 -6.12916 -819.661 0 
1 827.384 0.30923 0.0225968 0.674896 -0.922238 -2.02591 -5.4553 -819.903 0 
1 828.733 0.309758 0.0225809 0.674058 -0.915337 -3.33584 -5.62529 -819.772 0 
1 828.497 0.310051 0.0226057 0.673584 -0.912424 -3.07719 -5.69307 -819.727 0 
1 827.435 0.30722 0.0224901 0.678084 -0.941489 -1.78811 -5.12806 -820.519 0 
3 827.61 0.3153 0.0224023 0.671107 -0.934343 -1.25892 -6.43835 -819.913 0 
2 828.881 0.320567 0.022347 0.665023 -0.916049 -1.50864 -7.68028 -819.692 0 
2 831.075 0.317015 0.0221805 0.667347 -0.927182 -4.50504 -6.80275 -819.767 0 
1 829.946 0.317292 0.0221575 0.669937 -0.953681 -2.46567 -7.23371 -820.246 0 
3 830.119 0.323213 0.022183 0.664491 -0.939497 -1.45961 -8.85857 -819.801 0 
1 830.253 0.311642 0.0221645 0.674022 -0.955608 -3.70493 -5.87561 -820.673 0 
2 829.887 0.314415 0.0221469 0.673275 -0.968506 -2.1742 -6.79486 -820.918 0 
1 829.828 0.321502 0.0223034 0.66694 -0.938862 -1.79926 -8.20772 -819.821 0 
1 827.638 0.31423 0.0223743 0.672516 -0.942109 -1.26164 -6.25982 -820.116 0 
2 828 0.320772 0.0225057 0.666082 -0.917973 -0.55267 -7.75209 -819.695 0 
3 827.921 0.313396 0.0223774 0.674791 -0.956433 -1.10062 -6.25015 -820.57 0 
2 827.891 0.309226 0.022523 0.677803 -0.947313 -1.94542 -5.37683 -820.569 0 
1 827.816 0.313814 0.0225282 0.67232 -0.92732 -1.86258 -6.11137 -819.842 0 
1 827.475 0.318549 0.0224418 0.667375 -0.920796 -0.616275 -7.1601 -819.699 0 
1 829.322 0.323671 0.0222752 0.663102 -0.924778 -0.848042 -8.75125 -819.723 0 
1 828.705 0.322353 0.0222957 0.665876 -0.938682 -0.371881 -8.52792 -819.805 0 
1 830.079 0.32706 0.0223709 0.65941 -0.90455 -0.40064 -9.72186 -819.956 0 
3 829.432 0.322097 0.0222548 0.664907 -0.930014 -1.41852 -8.27672 -819.737 0 
4 829.404 0.323427 0.0222992 0.66459 -0.931316 -0.922913 -8.74047 -819.74 0 
2 830.768 0.318995 0.0222844 0.671845 -0.969306 -2.02992 -8.14659 -820.591 0 
5 831.213 0.318518 0.0223512 0.672507 -0.96661 -2.78717 -7.88628 -820.539 0 
2 830.984 0.317972 0.0223745 0.672271 -0.958802 -3.1439 -7.4949 -820.345 0 
3 832.023 0.312109 0.0225407 0.679189 -0.973713 -4.41165 -6.26198 -821.349 0 
6 829.187 0.308143 0.0226113 0.677703 -0.933013 -3.70692 -5.27701 -820.203 0 
1 826.83 0.311835 0.0224672 0.675491 -0.949462 -0.535654 -5.83878 -820.455 0 
1 829.568 0.314264 0.0223208 0.669587 -0.928163 -3.52326 -6.20268 -819.842 0 
4 829.137 0.30886 0.02233 0.676591 -0.956656 -2.78588 -5.40835 -820.943 0 
1 828.471 0.308861 0.0223247 0.677182 -0.960952 -1.8983 -5.45462 -821.119 0 
3 829.022 0.30818 0.0224125 0.674377 -0.926308 -3.69885 -5.29089 -820.033 0 
2 829.078 0.315216 0.0224274 0.667594 -0.908598 -2.98287 -6.44271 -819.653 0 
2 828.251 0.308558 0.0225175 0.674325 -0.921432 -2.95938 -5.3785 -819.913 0 
3 827.973 0.309906 0.0225131 0.672918 -0.915915 -2.60285 -5.59391 -819.776 0 
1 826.829 0.313299 0.0224154 0.67278 -0.940176 -0.655261 -6.05832 -820.115 0 
1 827.876 0.31408 0.0224002 0.675413 -0.966468 -0.375973 -6.63009 -820.87 0 
2 828.393 0.313449 0.0222581 0.674205 -0.965794 -0.995822 -6.49927 -820.898 0 
3 828.403 0.319747 0.0223357 0.669111 -0.953151 -0.264066 -8.02471 -820.115 0 
3 827.849 0.31493 0.022276 0.672525 -0.956042 -0.750948 -6.6457 -820.453 0 
4 828.02 0.309084 0.0223441 0.67872 -0.973621 -0.647679 -5.70005 -821.672 0 
3 830.514 0.305739 0.0224569 0.680433 -0.965098 -3.81813 -5.06026 -821.635 0 
3 830.64 0.309988 0.0225542 0.675798 -0.944895 -4.70605 -5.49741 -820.436 0 
3 829.869 0.312121 0.0224623 0.674804 -0.954316 -3.27302 -6.00364 -820.592 0 
1 828.926 0.314758 0.0225357 0.674429 -0.958706 -1.69166 -6.68653 -820.548 0 
1 829.923 0.320063 0.022541 0.666256 -0.919594 -2.64496 -7.58458 -819.694 0 
3 831.282 0.32014 0.0227538 0.666133 -0.902562 -3.97026 -7.57521 -819.736 0 
2 832.15 0.314708 0.0227696 0.673958 -0.939216 -5.75406 -6.36582 -820.03 0 
1 831.772 0.318522 0.0227693 0.668299 -0.912268 -4.95277 -7.14473 -819.674 0 
2 830.974 0.315221 0.0227533 0.67327 -0.935637 -4.59007 -6.44482 -819.939 0 
6 832.608 0.306318 0.0227463 0.683753 -0.974919 -5.28216 -5.25276 -822.073 0 
1 832.487 0.318242 0.0227919 0.670952 -0.928512 -5.59832 -7.12677 -819.761 0 
1 831.88 0.319919 0.0227954 0.666807 -0.900736 -4.59992 -7.53512 -819.745 0 
1 829.236 0.318401 0.022677 0.666587 -0.898733 -2.31826 -7.19663 -819.721 0 
1 827.239 0.317244 0.0224832 0.670575 -0.939025 -0.333374 -6.97447 -819.931 0 
1 827.9 0.32037 0.0223936 0.667261 -0.935826 -0.24707 -7.84698 -819.806 0 
1 827.681 0.313424 0.0223103 0.672874 -0.946458 -1.2767 -6.1351 -820.269 0 
3 827.089 0.312275 0.0224137 0.672676 -0.933122 -1.25488 -5.83133 -820.003 0 
1 826.691 0.312491 0.0225 0.67387 -0.939324 -0.664097 -5.89243 -820.134 0 
1 828.663 0.313204 0.0224274 0.673687 -0.940333 -2.51467 -6.02486 -820.124 0 
1 828.892 0.308392 0.0225227 0.677629 -0.939338 -3.25229 -5.26989 -820.37 0 
2 829.213 0.305055 0.0225899 0.680493 -0.93989 -3.60768 -4.97954 -820.626 0 
1 827.456 0.307154 0.0226068 0.679946 -0.952975 -1.38216 -5.12593 -820.948 0 
3 827.576 0.304143 0.0225681 0.682716 -0.960957 -1.11387 -4.85018 -821.612 0 
1 827.889 0.316834 0.0224494 0.670287 -0.940102 -1.01993 -6.90414 -819.965 0 
1 827.706 0.317541 0.0225662 0.669567 -0.927672 -0.998718 -6.94329 -819.764 0 
1 828.405 0.315721 0.0225238 0.669306 -0.912845 -2.20645 -6.53085 -819.668 0 
1 827.063 0.307341 0.0225038 0.680074 -0.961678 -0.548972 -5.21303 -821.301 0 
5 827.672 0.305767 0.0223848 0.681587 -0.971909 -0.578239 -5.11307 -821.981 0 
3 827.064 0.312863 0.0224126 0.674923 -0.954002 -0.42974 -6.10521 -820.529 0 
1 827.876 0.319524 0.022323 0.668131 -0.942086 -0.277585 -7.68632 -819.912 0 
2 827.091 0.315976 0.0224444 0.671204 -0.937876 -0.507125 -6.62961 -819.954 0 
4 828.183 0.321597 0.0224974 0.665012 -0.915145 -0.494888 -7.98256 -819.705 0 
4 827.7 0.316539 0.0225868 0.670922 -0.930748 -1.16766 -6.7106 -819.821 0 
5 827.27 0.31067 0.0225153 0.677243 -0.953658 -0.931901 -5.65851 -820.679 0 
9 827.312 0.307347 0.0225692 0.679747 -0.95223 -1.26547 -5.14515 -820.901 0 
4 827.482 0.316243 0.0225662 0.669712 -0.919209 -1.16911 -6.60969 -819.703 0 
1 827.564 0.313782 0.0225915 0.671569 -0.918668 -1.70454 -6.13051 -819.729 0 
2 828.463 0.31744 0.0223341 0.66712 -0.919043 -1.88729 -6.88173 -819.694 0 
3 828.618 0.31969 0.0223191 0.665523 -0.921185 -1.44458 -7.47496 -819.698 0 
1 828.985 0.324156 0.0223133 0.664042 -0.932201 -0.201451 -9.03994 -819.744 0 
4 827.888 0.319895 0.0223784 0.666032 -0.92163 -0.658345 -7.52953 -819.7 0 
6 828.216 0.322513 0.0223981 0.664846 -0.924838 -0.144254 -8.35607 -819.716 0 
5 828.078 0.317122 0.0223528 0.67075 -0.944969 -1.02173 -7.00585 -820.051 0 
1 827.901 0.318657 0.0224866 0.668772 -0.928374 -0.920521 -7.22605 -819.754 0 
1 827.354 0.31149 0.0224996 0.674465 -0.934607 -1.58235 -5.70115 -820.07 0 
3 829.77 0.319771 0.0225069 0.664256 -0.894184 -2.3966 -7.56678 -819.807 0 
2 829.236 0.321082 0.0224478 0.663467 -0.899436 -1.60455 -7.83941 -819.792 0 
2 828.338 0.3175 0.0224609 0.66615 -0.904597 -1.72359 -6.94229 -819.672 0 
3 827.16 0.313234 0.0224503 0.673606 -0.941155 -0.975299 -6.04233 -820.142 0 
3 827.491 0.308944 0.0226401 0.676607 -0.933638 -1.9802 -5.33508 -820.175 0 
2 827.892 0.30529 0.022625 0.678496 -0.927549 -2.57997 -5.09647 -820.216 0 
2 828.136 0.305076 0.022434 0.678565 -0.939463 -2.57488 -4.95154 -820.609 0 
1 829.9 0.300084 0.0225624 0.68261 -0.938542 -4.04262 -4.85658 -821 0 
5 830.488 0.305394 0.0225884 0.678988 -0.941829 -4.88218 -4.93593 -820.669 0 
2 832.49 0.314417 0.0226483 0.666996 -0.889536 -6.23138 -6.5656 -819.693 0 
2 833.172 0.317671 0.0227678 0.664394 -0.876894 -5.78217 -7.39592 -819.993 0 
1 834.407 0.313303 0.0228766 0.667052 -0.866956 -7.26011 -7.17188 -819.975 0 
2 833.51 0.319578 0.0227996 0.662443 -0.866846 -5.11685 -8.04074 -820.353 0 
2 830.523 0.318191 0.0227196 0.667322 -0.905223 -3.75481 -7.08672 -819.681 0 
1 832.134 0.31156 0.0228035 0.67576 -0.934942 -6.34787 -5.71166 -820.075 0 
1 831.651 0.319571 0.02272 0.668316 -0.921768 -4.49671 -7.45366 -819.701 0 
3 832.104 0.319267 0.0227536 0.668099 -0.916206 -5.07896 -7.34172 -819.683 0 
2 829.762 0.322101 0.0226398 0.664024 -0.901424 -1.8495 -8.10861 -819.804 0 
1 828.786 0.321742 0.0224884 0.665349 -0.915798 -1.06365 -8.01575 -819.706 0 
2 829.486 0.324707 0.0223321 0.661415 -0.912366 -0.742922 -8.9604 -819.783 0 
2 828.426 0.319316 0.0222848 0.667936 -0.938965 -1.00809 -7.54794 -819.87 0 
1 829.786 0.321854 0.0222015 0.665025 -0.937028 -1.63901 -8.35213 -819.795 0 
1 829.101 0.322478 0.0222719 0.666774 -0.949234 -0.331959 -8.82797 -819.941 0 
1 829.268 0.321183 0.0224332 0.664034 -0.904724 -1.67729 -7.84351 -819.747 0 
3 829.666 0.320444 0.0225168 0.667152 -0.920139 -2.31459 -7.65477 -819.696 0 
1 828.998 0.31771 0.0225848 0.66763 -0.906037 -2.33595 -6.99025 -819.672 0 
2 828.056 0.317635 0.0224287 0.670308 -0.938742 -1.08856 -7.054 -819.914 0 
3 826.961 0.31072 0.022483 0.677162 -0.956627 -0.471785 -5.7063 -820.783 0 
2 826.749 0.3118 0.0224822 0.675494 -0.948953 -0.477932 -5.82917 -820.442 0 
6 827.665 0.312271 0.0223585 0.672459 -0.933469 -1.82331 -5.83108 -820.01 0 
3 828.699 0.303318 0.0223352 0.683109 -0.972964 -1.48395 -4.85623 -822.359 0 
4 828.054 0.305455 0.0224282 0.679436 -0.94646 -2.26096 -4.95433 -820.839 0 
4 828.104 0.309762 0.0223682 0.674057 -0.934155 -2.52151 -5.43734 -820.145 0 
1 828.724 0.313233 0.0223631 0.669857 -0.91882 -2.95918 -6.02439 -819.74 0 
2 828.514 0.314379 0.0225055 0.668607 -0.903093 -2.48988 -6.38333 -819.641 0 
1 828 0.311427 0.0225086 0.673288 -0.923149 -2.41916 -5.73521 -819.845 0 
5 828.476 0.316336 0.0226608 0.669196 -0.909469 -2.14822 -6.6694 -819.658 0 
5 828.392 0.317116 0.0226491 0.669783 -0.920851 -1.87649 -6.80789 -819.707 0 
3 828.545 0.315221 0.0225854 0.673565 -0.949116 -1.69322 -6.61174 -820.24 0 
1 828.225 0.315941 0.0226301 0.671093 -0.928399 -1.85967 -6.56253 -819.803 0 
4 827.46 0.307345 0.0225859 0.68033 -0.958285 -1.12605 -5.18251 -821.151 0 
4 826.993 0.308378 0.0225834 0.677312 -0.938082 -1.4018 -5.25814 -820.333 0 
2 827.706 0.314728 0.0223654 0.669952 -0.927766 -1.58834 -6.29388 -819.824 0 
1 827.508 0.313021 0.0223347 0.672807 -0.944968 -1.21027 -6.0465 -820.251 0 
4 827.882 0.315885 0.0223434 0.669035 -0.927943 -1.53635 -6.54722 -819.798 0 
1 827.819 0.31894 0.0223301 0.668983 -0.943917 -0.331 -7.52672 -819.962 0 
1 827.695 0.314209 0.0224707 0.674895 -0.961567 -0.42582 -6.58613 -820.683 0 
4 829.048 0.311563 0.0225423 0.675949 -0.954141 -2.54678 -5.87355 -820.628 0 
5 829.341 0.303276 0.0226199 0.685735 -0.979071 -1.68863 -4.92498 -822.727 0 
3 828.301 0.30481 0.0224718 0.681667 -0.965632 -1.58364 -4.94757 -821.77 0 
3 828.223 0.308088 0.0224597 0.678385 -0.958817 -1.81204 -5.30828 -821.102 0 
6 830.61 0.314892 0.0224709 0.674021 -0.963528 -3.04069 -6.87051 -820.699 0 
2 827.467 0.313269 0.0224012 0.672346 -0.939502 -1.31176 -6.05421 -820.101 0 
2 827.899 0.317024 0.022334 0.670778 -0.952111 -0.517586 -7.16095 -820.221 0 
1 827.649 0.318499 0.0224043 0.668296 -0.933916 -0.561765 -7.26799 -819.819 0 
1 827.315 0.315756 0.0225717 0.670723 -0.926295 -1.02436 -6.5099 -819.78 0 
1 826.983 0.311053 0.0225304 0.673615 -0.925943 -1.42486 -5.65169 -819.907 0 
2 827.076 0.311286 0.0225951 0.675045 -0.936096 -1.2927 -5.6672 -820.116 0 
1 827.328 0.307683 0.0225738 0.67657 -0.928147 -1.97806 -5.24929 -820.101 0 
1 827.63 0.308833 0.0225385 0.676043 -0.930178 -2.1795 -5.3571 -820.093 0 
1 827.367 0.306224 0.0225923 0.678289 -0.933617 -1.95321 -5.07807 -820.336 0 
2 828.127 0.308849 0.022676 0.676829 -0.92889 -2.69856 -5.36692 -820.061 0 
8 828.228 0.313501 0.0225982 0.674679 -0.947898 -1.73847 -6.18577 -820.304 0 
1 829.376 0.311272 0.0226105 0.674792 -0.93825 -3.53127 -5.67412 -820.17 0 
2 828.693 0.309269 0.0226056 0.677268 -0.946903 -2.7515 -5.39012 -820.552 0 
4 827.442 0.313137 0.0225355 0.673674 -0.941548 -1.24314 -6.04263 -820.157 0 
1 827.367 0.312059 0.0224964 0.676411 -0.960097 -0.519884 -6.04594 -820.801 0 
2 827.805 0.310829 0.0223624 0.678358 -0.976912 -0.0615568 -6.10957 -821.634 0 
2 827.39 0.310857 0.0223498 0.676989 -0.964817 -0.442541 -5.85631 -821.091 0 
1 827.231 0.30941 0.0223801 0.678169 -0.966393 -0.316877 -5.61469 -821.3 0 
6 827.002 0.31402 0.0223912 0.673781 -0.953618 -0.191377 -6.37224 -820.439 0 
1 827.597 0.316816 0.0224377 0.668082 -0.919599 -1.15734 -6.73847 -819.701 0 
2 827.71 0.316644 0.0224812 0.667675 -0.9115 -1.3302 -6.71598 -819.663 0 
7 827.98 0.315879 0.0225711 0.669171 -0.911116 -1.74917 -6.56939 -819.661 0 
2 826.833 0.308542 0.0224632 0.677668 -0.949218 -0.856246 -5.2894 -820.688 0 
1 827.37 0.314773 0.0225409 0.670572 -0.919198 -1.341 -6.30942 -819.72 0 
1 827.904 0.311437 0.0223938 0.674283 -0.939102 -2.02301 -5.69797 -820.183 0 
3 827.158 0.313956 0.0223669 0.672264 -0.940931 -0.858871 -6.19733 -820.102 0 
2 828.432 0.308965 0.0224054 0.675561 -0.934723 -2.8822 -5.34714 -820.203 0 
2 828.391 0.316705 0.0224398 0.666739 -0.905986 -1.96552 -6.76555 -819.66 0 
10 827.067 0.31677 0.022486 0.670299 -0.93321 -0.42959 -6.78704 -819.851 0 
1 828.244 0.314824 0.0224488 0.669064 -0.917679 -2.22272 -6.3161 -819.705 0 
1 829.084 0.318005 0.0225663 0.666162 -0.904032 -2.35131 -7.05074 -819.682 0 
4 828.213 0.318161 0.0224837 0.666879 -0.91554 -1.47854 -7.05644 -819.678 0 
2 828.478 0.314014 0.0224603 0.671658 -0.936386 -2.28458 -6.19413 -819.999 0 
3 828.173 0.308349 0.0225006 0.678927 -0.962115 -1.56865 -5.38638 -821.218 0 
1 830.649 0.306303 0.0224825 0.684475 -0.999361 -1.26498 -5.82621 -823.557 0 
1 830.105 0.311735 0.0225088 0.679767 -0.987403 -1.40844 -6.64398 -822.053 0 
1 828.325 0.310017 0.0223748 0.679788 -0.982635 -0.247282 -6.06055 -822.018 0 
3 828.662 0.313395 0.0224835 0.675365 -0.962874 -1.43181 -6.43637 -820.794 0 
11 827.176 0.316475 0.0224617 0.670665 -0.938484 -0.450862 -6.77752 -819.948 0 
6 827.605 0.31565 0.0224209 0.67352 -0.958361 -0.25808 -6.87028 -820.476 0 
1 827.388 0.311922 0.0225912 0.672639 -0.918164 -1.79501 -5.83422 -819.759 0 
1 826.706 0.310735 0.0225247 0.675813 -0.943749 -0.751658 -5.601 -820.353 0 
4 827.729 0.306442 0.0223894 0.679404 -0.959723 -1.34114 -5.08274 -821.305 0 
4 828.554 0.306447 0.0224175 0.676924 -0.937216 -3.06471 -5.05548 -820.433 0 
1 829.141 0.309204 0.0223597 0.673482 -0.927049 -3.74014 -5.39763 -820.003 0 
1 829.269 0.313689 0.022388 0.671279 -0.936511 -3.12585 -6.12835 -820.015 0 
1 828.584 0.322018 0.0223695 0.664767 -0.925744 -0.640695 -8.22625 -819.717 0 
2 829.193 0.320386 0.0223461 0.665285 -0.924059 -1.771 -7.7118 -819.71 0 
1 829.539 0.319576 0.0224013 0.666205 -0.925307 -2.32366 -7.49528 -819.721 0 
3 830.844 0.320201 0.0223203 0.666217 -0.935573 -3.20326 -7.83483 -819.806 0 
1 829.131 0.310357 0.0224227 0.679915 -0.987463 -0.572441 -6.3268 -822.232 0 
2 827.271 0.309772 0.0223912 0.67803 -0.967184 -0.272822 -5.6995 -821.298 0 
1 828.189 0.313273 0.0223396 0.670939 -0.930159 -2.27287 -6.00947 -819.907 0 
1 828.888 0.310492 0.0223485 0.672577 -0.925064 -3.39749 -5.58024 -819.911 0 
2 828.635 0.31036 0.0223392 0.673036 -0.92998 -3.0849 -5.53275 -820.017 0 
2 828.606 0.31326 0.0223315 0.671044 -0.927319 -2.74052 -6.00771 -819.858 0 
1 827.533 0.314813 0.0224672 0.670586 -0.923256 -1.46249 -6.30796 -819.762 0 
1 827.409 0.314837 0.0224108 0.66994 -0.923644 -1.33165 -6.3114 -819.766 0 
2 828.454 0.318912 0.022438 0.665199 -0.906604 -1.51377 -7.25256 -819.688 0 
1 828.722 0.320146 0.0223474 0.664718 -0.915166 -1.46162 -7.5715 -819.689 0 
1 828.388 0.31353 0.0222661 0.672884 -0.949297 -1.85773 -6.18834 -820.342 0 
3 827.569 0.313628 0.0223678 0.672733 -0.941228 -1.32053 -6.12435 -820.124 0 
1 827.925 0.308039 0.0225416 0.680986 -0.969755 -0.909678 -5.41323 -821.603 0 
1 827.838 0.305355 0.0225863 0.682622 -0.964952 -1.17604 -4.98965 -821.672 0 
2 830.03 0.301255 0.0226373 0.687708 -0.982752 -1.95951 -4.79863 -823.272 0 
4 827.278 0.308317 0.0225893 0.678383 -0.945041 -1.47092 -5.24819 -820.559 0 
3 826.99 0.311539 0.0224953 0.676192 -0.954773 -0.485155 -5.85384 -820.651 0 
1 827.177 0.317258 0.0224875 0.668865 -0.924003 -0.594154 -6.85096 -819.732 0 
2 827.37 0.314383 0.0223849 0.674412 -0.962577 -0.0240475 -6.64108 -820.705 0 
5 827.133 0.316616 0.0223916 0.670591 -0.940603 -0.324496 -6.82588 -819.982 0 
1 827.69 0.308663 0.0224772 0.678171 -0.950464 -1.65725 -5.30955 -820.723 0 
2 828.141 0.309643 0.0224448 0.677417 -0.951109 -2.0147 -5.45778 -820.669 0 
2 827.25 0.312317 0.0223823 0.676134 -0.964698 -0.121341 -6.17462 -820.954 0 
1 828.131 0.316528 0.0224148 0.668132 -0.921371 -1.73689 -6.67646 -819.717 0 
4 827.864 0.315382 0.0222967 0.67059 -0.941484 -1.27484 -6.53931 -820.05 0 
1 827.565 0.318989 0.0224508 0.667216 -0.920818 -0.594165 -7.27353 -819.698 0 
1 829.258 0.317191 0.0224067 0.667693 -0.914075 -2.75423 -6.83177 -819.672 0 
1 828.408 0.311471 0.0225967 0.674469 -0.927031 -2.77478 -5.72096 -819.912 0 
1 828.014 0.309504 0.0225775 0.677688 -0.94471 -2.14137 -5.4093 -820.463 0 
1 827.192 0.309485 0.0224813 0.676992 -0.946005 -1.27475 -5.41064 -820.507 0 
4 827.462 0.310129 0.022607 0.674995 -0.925636 -1.98907 -5.53769 -819.935 0 
5 827.443 0.317201 0.0223692 0.668714 -0.930649 -0.758426 -6.87953 -819.805 0 
3 828.037 0.316449 0.0222735 0.671775 -0.958448 -0.502877 -7.10692 -820.427 0 
3 829.135 0.312021 0.0223067 0.678583 -0.99092 -0.111047 -6.82155 -822.203 0 
1 828.79 0.308358 0.0224353 0.68203 -0.98984 -0.234637 -5.91592 -822.64 0 
2 828.182 0.314168 0.0225066 0.675744 -0.964388 -0.778228 -6.61775 -820.786 0 
6 827.215 0.313242 0.0224473 0.671258 -0.923897 -1.40041 -6.00868 -819.806 0 
1 828.93 0.320404 0.022541 0.664302 -0.901863 -1.53579 -7.64596 -819.749 0 
5 828.703 0.317287 0.022647 0.670219 -0.923772 -2.1208 -6.8528 -819.729 0 
2 828.619 0.311132 0.0226056 0.678261 -0.959905 -1.92254 -5.8249 -820.871 0 
1 829.028 0.309155 0.0224711 0.679648 -0.965287 -2.23489 -5.51586 -821.277 0 
1 828.196 0.312526 0.0225324 0.674985 -0.941641 -2.1034 -5.90192 -820.191 0 
1 829.904 0.314823 0.0227086 0.673176 -0.929355 -3.74591 -6.31251 -819.845 0 
2 829.729 0.318198 0.0227092 0.668488 -0.910208 -2.98507 -7.07236 -819.672 0 
1 829.818 0.307722 0.0226696 0.682135 -0.969893 -2.80759 -5.36499 -821.645 0 
1 828.803 0.314419 0.0227177 0.671433 -0.91568 -2.85443 -6.25564 -819.693 0 
3 828.166 0.317847 0.0224695 0.666193 -0.90686 -1.4913 -7.00265 -819.672 0 
2 828.258 0.317619 0.0223332 0.667758 -0.928962 -1.50136 -6.98061 -819.776 0 
1 827.953 0.317571 0.0223611 0.667989 -0.928786 -1.21131 -6.96626 -819.775 0 
1 828.056 0.309266 0.0223689 0.67727 -0.961393 -1.42653 -5.53057 -821.099 0 
1 827.448 0.308588 0.0225029 0.677424 -0.949339 -1.45819 -5.30125 -820.688 0 
3 827.653 0.308557 0.0224672 0.676606 -0.944667 -1.84698 -5.27728 -820.529 0 
1 827.821 0.316251 0.0223776 0.668773 -0.92673 -1.41667 -6.62855 -819.776 0 
2 828.077 0.313192 0.022635 0.670679 -0.90842 -2.30922 -6.11302 -819.654 0 
2 828.294 0.311602 0.0227043 0.673907 -0.91989 -2.72872 -5.77517 -819.79 0 
1 828.579 0.305877 0.0226692 0.681454 -0.955627 -2.40706 -4.9926 -821.18 0 
2 827.903 0.307676 0.0225829 0.680427 -0.963081 -1.29193 -5.28133 -821.329 0 
1 828.189 0.304548 0.0224275 0.679588 -0.946989 -2.37588 -4.87235 -820.94 0 
2 827.714 0.309999 0.0223087 0.676168 -0.956118 -1.31517 -5.57519 -820.823 0 
1 827.913 0.311516 0.0222851 0.675322 -0.961088 -1.08122 -5.94825 -820.884 0 
1 828.561 0.313495 0.0223538 0.671435 -0.937354 -2.43009 -6.08932 -820.042 0 
1 827.384 0.31728 0.0225332 0.668711 -0.919387 -0.843945 -6.84405 -819.696 0 
2 826.988 0.313356 0.0225558 0.673667 -0.938452 -0.85976 -6.05558 -820.072 0 
5 828.497 0.316789 0.0225987 0.672075 -0.940687 -1.65255 -6.86712 -819.978 0 
3 830.052 0.323823 0.0225842 0.664008 -0.915395 -1.61225 -8.69649 -819.743 0 
1 829.444 0.3214 0.0225704 0.666229 -0.922854 -1.73799 -7.99918 -819.707 0 
1 828.706 0.323566 0.0224669 0.663226 -0.913106 -0.371489 -8.58462 -819.749 0 
3 829.416 0.324206 0.022525 0.66184 -0.901382 -0.792972 -8.74143 -819.881 0 
1 828.605 0.32285 0.0224893 0.6645 -0.919224 -0.48045 -8.40892 -819.715 0 
1 827.698 0.318485 0.0223965 0.668032 -0.932067 -0.659303 -7.24206 -819.797 0 
3 827.653 0.30881 0.0223811 0.679453 -0.971028 -0.511401 -5.56443 -821.578 0 
1 827.545 0.306413 0.0223787 0.679801 -0.962413 -1.01528 -5.09858 -821.432 0 
2 827.528 0.307165 0.0224813 0.681032 -0.971499 -0.421772 -5.31629 -821.79 0 
6 830.448 0.300392 0.0224012 0.688658 -1.00266 -0.509177 -5.06448 -824.874 0 
7 829.989 0.305659 0.0222549 0.682777 -0.994423 -1.08929 -5.56504 -823.335 0 
3 830.731 0.310791 0.0222066 0.679631 -1.00239 -0.737505 -6.95596 -823.037 0 
3 832.036 0.306413 0.022371 0.685336 -1.0162 -0.850737 -6.44175 -824.743 0 
1 831.827 0.300903 0.0222409 0.687282 -1.00502 -1.6942 -5.17301 -824.96 0 
1 831.596 0.310718 0.0223466 0.676396 -0.968889 -4.332 -5.98604 -821.278 0 
3 832.018 0.315289 0.0223686 0.671047 -0.948375 -5.12996 -6.67102 -820.217 0 
2 833.829 0.31831 0.0223674 0.66469 -0.910719 -7.05883 -7.09778 -819.673 0 
1 829.63 0.313943 0.0223262 0.669288 -0.922723 -3.72222 -6.13479 -819.773 0 
1 828.549 0.308903 0.0222768 0.67684 -0.959646 -2.05116 -5.43786 -821.06 0 
1 827.519 0.317585 0.022345 0.669407 -0.941123 -0.455054 -7.10704 -819.957 0 
3 828.165 0.31757 0.0223041 0.67139 -0.961695 -0.169602 -7.54361 -820.452 0 
6 828.272 0.311318 0.0223761 0.678264 -0.980795 -0.152034 -6.35219 -821.767 0 
3 828.649 0.307242 0.0223232 0.681757 -0.989076 -0.201904 -5.6916 -822.755 0 
1 829.064 0.307119 0.0224041 0.683284 -0.994873 -0.127759 -5.80393 -823.132 0 
6 829.302 0.305026 0.022315 0.684126 -0.993798 -0.503712 -5.40209 -823.396 0 
1 828.115 0.30912 0.0225333 0.680362 -0.973117 -0.797999 -5.67355 -821.644 0 
6 827.745 0.302622 0.0225497 0.68243 -0.94917 -1.75142 -4.77552 -821.219 0 
1 827.76 0.309885 0.0225264 0.673516 -0.917657 -2.37232 -5.58499 -819.803 0 
9 827.287 0.304804 0.0225538 0.681392 -0.954472 -1.16274 -4.88821 -821.236 0 
9 827.479 0.305072 0.0225746 0.680359 -0.943508 -1.7837 -4.93701 -820.758 0 
5 827.237 0.305692 0.0225569 0.679892 -0.947551 -1.41358 -4.96222 -820.861 0 
5 827.933 0.307855 0.0225829 0.680467 -0.96021 -1.48555 -5.26348 -821.184 0 
3 827.651 0.309631 0.0225391 0.678913 -0.964388 -0.835168 -5.62539 -821.19 0 
2 827.32 0.3138 0.0225184 0.674437 -0.948374 -0.78305 -6.23667 -820.3 0 
2 827.49 0.313614 0.0224557 0.675583 -0.963232 -0.24538 -6.45581 -820.789 0 
1 827.386 0.316196 0.0224839 0.672158 -0.947851 -0.393761 -6.83499 -820.158 0 
3 827.513 0.311576 0.0224058 0.676712 -0.961401 -0.685779 -5.93635 -820.89 0 
2 827.6 0.316958 0.0225152 0.66883 -0.922663 -1.09788 -6.77885 -819.723 0 
1 828.692 0.316055 0.0225596 0.668572 -0.914461 -2.44223 -6.57535 -819.674 0 
3 827.218 0.308965 0.0225613 0.676249 -0.936673 -1.63406 -5.3269 -820.257 0 
4 827.22 0.314459 0.022577 0.67146 -0.925361 -1.18828 -6.23512 -819.797 0 
1 826.809 0.311207 0.0224157 0.675352 -0.950323 -0.546567 -5.73687 -820.526 0 
7 826.983 0.309474 0.0224189 0.676526 -0.947563 -1.00697 -5.41676 -820.559 0 
3 827.536 0.316589 0.0224873 0.668972 -0.923658 -1.10331 -6.6953 -819.737 0 
11 827.249 0.314628 0.022392 0.672097 -0.945335 -0.661703 -6.41312 -820.175 0 
2 828.266 0.317452 0.0223021 0.671551 -0.962967 -0.220709 -7.54698 -820.498 0 
4 827.455 0.311631 0.0223801 0.674962 -0.953881 -0.97032 -5.87093 -820.614 0 
1 826.818 0.314078 0.0224228 0.672981 -0.944553 -0.374575 -6.2601 -820.183 0 
2 827.593 0.311101 0.0224664 0.677634 -0.962729 -0.749672 -5.85974 -820.984 0 
1 828.649 0.319053 0.0222418 0.669275 -0.953518 -0.721576 -7.77309 -820.154 0 
3 828.625 0.318831 0.0223453 0.671249 -0.962084 -0.32357 -7.91546 -820.385 0 
1 830.175 0.324842 0.0224097 0.665225 -0.943984 -0.724331 -9.62739 -819.824 0 
1 830.303 0.322855 0.022302 0.668251 -0.966387 -0.439431 -9.58701 -820.276 0 
2 831.419 0.318819 0.022409 0.673818 -0.979883 -1.96026 -8.48711 -820.971 0 
4 831.291 0.32145 0.0224683 0.670261 -0.958019 -2.48685 -8.65682 -820.147 0 
1 833.723 0.315696 0.0225033 0.678267 -0.995305 -3.71072 -8.04101 -821.971 0 
1 833.273 0.317652 0.0226331 0.67505 -0.972459 -4.59885 -7.87729 -820.797 0 
1 830.215 0.319728 0.0225526 0.670651 -0.952866 -2.09423 -8.01157 -820.109 0 
2 827.647 0.317151 0.0224794 0.671806 -0.949517 -0.379464 -7.11676 -820.151 0 
1 828.65 0.315117 0.0225344 0.675007 -0.962772 -1.15256 -6.84142 -820.656 0 
2 828.587 0.319354 0.022533 0.669978 -0.941424 -1.08021 -7.60025 -819.906 0 
10 827.507 0.317467 0.0224326 0.670767 -0.943321 -0.419839 -7.08361 -820.003 0 
1 827.581 0.317054 0.0223961 0.668938 -0.927204 -1.00277 -6.81128 -819.767 0 
2 827.065 0.316369 0.0224557 0.669465 -0.925957 -0.652594 -6.6474 -819.765 0 
1 827.045 0.312575 0.0224568 0.674805 -0.947689 -0.726587 -5.96491 -820.354 0 
1 827.223 0.307778 0.0224138 0.677756 -0.951106 -1.20595 -5.19708 -820.82 0 
6 826.759 0.310092 0.0225067 0.67562 -0.940271 -0.981956 -5.48615 -820.291 0 
1 827.761 0.303111 0.0225741 0.683177 -0.955861 -1.50664 -4.77605 -821.479 0 
1 827.892 0.305324 0.0224908 0.682831 -0.975501 -0.542778 -5.11517 -822.234 0 
1 827.291 0.309337 0.0224781 0.678255 -0.956441 -0.943137 -5.45547 -820.892 0 
3 827.912 0.305354 0.022443 0.683124 -0.978355 -0.374788 -5.14635 -822.391 0 
1 827.246 0.311325 0.0225299 0.677035 -0.957331 -0.648121 -5.83876 -820.759 0 
1 828.597 0.313095 0.0226143 0.676253 -0.955015 -1.87552 -6.1764 -820.545 0 
6 828.232 0.317875 0.0223478 0.671948 -0.964079 -0.0421358 -7.68551 -820.504 0 
1 828.066 0.319785 0.0223665 0.668976 -0.949296 -0.102051 -7.9313 -820.033 0 
2 828.639 0.32311 0.0223799 0.66539 -0.935812 -0.110253 -8.75864 -819.77 0 
4 829.887 0.320017 0.022257 0.669789 -0.959834 -1.40743 -8.22082 -820.259 0 
2 828.282 0.318528 0.0222696 0.669936 -0.954815 -0.428653 -7.64282 -820.211 0 
1 827.972 0.310819 0.0222955 0.676439 -0.966596 -0.897426 -5.90509 -821.169 0 
1 827.601 0.314492 0.0223343 0.673123 -0.957274 -0.503616 -6.57734 -820.521 0 
1 828.311 0.312049 0.0223664 0.674008 -0.950619 -1.91178 -5.92259 -820.477 0 
1 828.453 0.314184 0.0223724 0.669503 -0.921762 -2.51297 -6.1831 -819.757 0 
7 827.808 0.315409 0.0226048 0.670639 -0.92328 -1.62607 -6.43023 -819.752 0 
1 826.97 0.311618 0.0224572 0.674996 -0.948331 -0.735544 -5.79995 -820.435 0 
9 828.216 0.314537 0.0223658 0.674528 -0.968944 -0.420725 -6.8713 -820.924 0 
2 828.587 0.321986 0.0223511 0.665342 -0.931816 -0.530463 -8.30787 -819.749 0 
2 829.227 0.324742 0.0223362 0.663476 -0.931391 -0.222073 -9.26353 -819.742 0 
2 829.923 0.32307 0.0222502 0.66321 -0.921247 -1.72306 -8.48363 -819.716 0 
8 827.963 0.321199 0.0223711 0.666231 -0.930649 -0.207484 -8.00952 -819.746 0 
2 827.993 0.319401 0.0223818 0.6666 -0.921627 -0.905774 -7.38633 -819.701 0 
1 827.855 0.316667 0.0223812 0.669137 -0.92705 -1.36626 -6.71656 -819.772 0 
1 830.332 0.321364 0.0223085 0.666934 -0.936728 -2.41545 -8.11691 -819.799 0 
2 829.161 0.319535 0.0222861 0.66908 -0.948505 -1.35754 -7.77672 -820.027 0 
1 829.759 0.30636 0.0223881 0.684185 -0.996597 -0.713541 -5.68166 -823.364 0 
1 830.354 0.307692 0.0223764 0.6828 -0.991333 -1.75903 -5.76978 -822.825 0 
2 828.989 0.309621 0.0223028 0.677373 -0.960366 -2.42589 -5.54011 -821.023 0 
3 828.176 0.311206 0.0225125 0.673829 -0.925614 -2.59078 -5.68946 -819.895 0 
8 828.657 0.311366 0.0224136 0.673158 -0.927173 -3.03552 -5.7027 -819.919 0 
1 829.397 0.318365 0.022246 0.66737 -0.930409 -2.44933 -7.16845 -819.78 0 
2 827.663 0.317835 0.0223993 0.668482 -0.927352 -0.901255 -7.00598 -819.756 0 
3 828.545 0.316722 0.0223083 0.67252 -0.961893 -0.79057 -7.24112 -820.514 0 
6 830.035 0.322234 0.022501 0.66836 -0.949548 -1.30313 -8.77856 -819.954 0 
1 828.589 0.321184 0.0225272 0.667456 -0.932607 -0.784011 -8.04237 -819.762 0 
3 827.013 0.31331 0.0224964 0.674161 -0.944317 -0.709186 -6.08595 -820.218 0 
1 827.209 0.316923 0.0225198 0.669592 -0.925689 -0.680816 -6.7756 -819.752 0 
3 828.124 0.31734 0.0224979 0.670774 -0.936684 -1.28387 -6.95175 -819.889 0 
1 828.868 0.311594 0.0223682 0.678044 -0.974623 -1.23266 -6.19192 -821.444 0 
1 827.735 0.312337 0.0223069 0.674535 -0.954356 -1.1592 -5.99809 -820.578 0 
4 827.056 0.312682 0.0224572 0.674634 -0.946746 -0.758192 -5.97737 -820.32 0 
1 827.381 0.313518 0.0223238 0.674134 -0.958967 -0.382012 -6.35267 -820.646 0 
1 828.124 0.311291 0.0223403 0.673258 -0.934899 -2.36986 -5.66772 -820.087 0 
2 829.069 0.310965 0.0222803 0.6751 -0.950585 -2.8376 -5.67934 -820.552 0 
2 827.609 0.306811 0.0224003 0.67983 -0.960181 -1.19868 -5.12269 -821.288 0 
2 828.087 0.30973 0.0224397 0.676877 -0.947391 -2.10057 -5.45169 -820.535 0 
2 827.398 0.31046 0.0225066 0.67654 -0.945756 -1.40609 -5.56051 -820.432 0 
1 827.748 0.312512 0.0225142 0.674042 -0.935177 -1.83496 -5.87631 -820.037 0 
4 827.598 0.313719 0.022478 0.675161 -0.956364 -0.721109 -6.33211 -820.545 0 
2 827.721 0.314203 0.0225226 0.674499 -0.950396 -1.03562 -6.35237 -820.333 0 
1 827.361 0.313118 0.022575 0.674715 -0.945254 -1.04489 -6.06291 -820.254 0 
2 827.126 0.313851 0.0225084 0.672905 -0.935318 -1.00787 -6.13436 -819.984 0 
1 827.067 0.30945 0.0225269 0.67647 -0.938944 -1.37915 -5.39536 -820.292 0 
6 826.949 0.314603 0.0224463 0.673229 -0.948222 -0.272427 -6.42657 -820.25 0 
1 827.356 0.313546 0.0224963 0.675205 -0.95586 -0.522984 -6.29227 -820.541 0 
6 827.41 0.317951 0.0223649 0.669295 -0.938863 -0.343141 -7.161 -819.906 0 
2 827.832 0.309076 0.0223225 0.676905 -0.957916 -1.41346 -5.44493 -820.974 0 
2 827.361 0.310875 0.0223534 0.67543 -0.954008 -0.965869 -5.71896 -820.676 0 
3 828.126 0.302698 0.0225209 0.684998 -0.975222 -0.720148 -4.82826 -822.578 0 
1 828.427 0.305107 0.0225114 0.684213 -0.982858 -0.543339 -5.19316 -822.691 0 
1 828.536 0.30992 0.0223937 0.677816 -0.959463 -1.99733 -5.5786 -820.96 0 
3 828.746 0.304553 0.022414 0.684543 -0.98673 -0.557478 -5.17628 -823.012 0 
1 829.101 0.30581 0.0224437 0.684438 -0.993127 -0.363172 -5.51196 -823.226 0 
2 832.23 0.309577 0.0223169 0.68335 -1.01718 -0.839935 -7.16838 -824.222 0 
1 829.921 0.313156 0.0223758 0.678366 -0.988487 -0.980102 -7.00654 -821.934 0 
1 829.203 0.31315 0.0223567 0.677883 -0.986758 -0.387972 -6.96689 -821.848 0 
1 829.903 0.308886 0.0224267 0.682289 -0.992993 -1.07115 -6.08114 -822.75 0 
2 831.605 0.310796 0.0223144 0.681848 -1.01305 -0.526789 -7.35514 -823.723 0 
3 831.777 0.308627 0.0224096 0.683998 -1.01329 -0.854617 -6.8047 -824.117 0 
1 830.512 0.31195 0.0223517 0.680015 -1.00215 -0.418594 -7.24439 -822.849 0 
1 831.595 0.3062 0.0223159 0.682654 -0.99675 -2.42483 -5.77021 -823.4 0 
2 831.811 0.313865 0.0223822 0.678238 -0.999517 -1.61114 -7.77224 -822.428 0 
4 831.249 0.310834 0.0223041 0.681036 -1.00225 -1.37137 -6.85614 -823.022 0 
2 830.63 0.315042 0.0223003 0.675775 -0.979322 -2.1182 -7.21343 -821.298 0 
2 829.611 0.316342 0.0222972 0.674384 -0.977162 -0.958843 -7.56676 -821.085 0 
2 829.786 0.320771 0.0221912 0.66619 -0.938859 -1.94796 -8.00334 -819.835 0 
1 829.902 0.310477 0.0223394 0.677386 -0.961234 -3.22571 -5.69587 -820.98 0 
2 829.223 0.3127 0.0222316 0.673804 -0.953755 -2.62975 -6.06078 -820.532 0 
1 828.474 0.317156 0.0223133 0.669869 -0.939786 -1.58518 -6.94153 -819.948 0 
1 828.468 0.318961 0.022278 0.667587 -0.934728 -1.26144 -7.38647 -819.82 0 
1 828.77 0.322784 0.0223315 0.664066 -0.922364 -0.650995 -8.40506 -819.714 0 
2 829.404 0.320697 0.0223464 0.663639 -0.906105 -1.9687 -7.70995 -819.726 0 
2 829.486 0.322153 0.022329 0.664508 -0.920475 -1.60656 -8.17191 -819.707 0 
3 828.547 0.321006 0.0222865 0.665679 -0.930801 -0.84145 -7.95643 -819.749 0 
6 829.422 0.320247 0.022275 0.664632 -0.917438 -2.12898 -7.60278 -819.691 0 
1 829.154 0.319376 0.0222547 0.665939 -0.926706 -1.99307 -7.42938 -819.732 0 
5 827.58 0.314684 0.0223071 0.672284 -0.94949 -0.834779 -6.46548 -820.279 0 
1 827.286 0.310735 0.0224573 0.673836 -0.929192 -1.70699 -5.59502 -819.984 0 
1 827.342 0.3143 0.0225514 0.670285 -0.915256 -1.41412 -6.23697 -819.691 0 
3 827.524 0.313108 0.0223776 0.674808 -0.961345 -0.442487 -6.31989 -820.761 0 
1 827.748 0.312502 0.02238 0.675278 -0.962387 -0.694709 -6.20411 -820.849 0 
2 828.739 0.309816 0.0222545 0.67558 -0.952936 -2.50833 -5.51046 -820.721 0 
5 828.704 0.316948 0.0222401 0.670017 -0.946402 -1.6216 -6.99375 -820.089 0 
1 829.484 0.313568 0.0221946 0.672109 -0.951384 -2.83465 -6.24835 -820.401 0 
1 829.69 0.317273 0.0222355 0.668855 -0.944735 -2.5454 -7.10467 -820.04 0 
1 829.69 0.314596 0.0222483 0.674631 -0.979502 -1.11541 -7.22407 -821.351 0 
1 829.853 0.314837 0.0223661 0.672642 -0.957582 -2.63198 -6.71445 -820.507 0 
2 828.513 0.310955 0.0225958 0.677589 -0.958661 -1.87367 -5.8005 -820.839 0 
3 828.483 0.311674 0.0225935 0.676374 -0.95314 -2.02599 -5.87087 -820.586 0 
3 827.729 0.312344 0.0225505 0.673044 -0.931239 -1.92702 -5.84125 -819.961 0 
3 828.882 0.320323 0.0225571 0.668864 -0.937666 -1.20311 -7.84959 -819.829 0 
11 828.955 0.316564 0.0223222 0.674152 -0.978103 -0.136063 -7.71682 -821.102 0 
3 828.418 0.313636 0.0224774 0.676163 -0.969772 -0.741171 -6.64028 -821.036 0 
3 826.927 0.315749 0.0224208 0.671241 -0.940726 -0.292599 -6.6162 -820.019 0 
1 827.89 0.311976 0.0224201 0.672045 -0.928046 -2.1973 -5.77918 -819.913 0 
1 828.595 0.315823 0.0224852 0.667044 -0.901859 -2.30654 -6.63248 -819.656 0 
2 828.942 0.311084 0.0225681 0.670978 -0.900974 -3.32393 -5.99137 -819.627 0 
2 827.344 0.310248 0.0225053 0.674342 -0.93195 -1.7697 -5.50753 -820.067 0 
1 827.083 0.30834 0.0225591 0.67888 -0.95388 -0.914474 -5.28916 -820.879 0 
2 827.08 0.313535 0.022509 0.674284 -0.949036 -0.544435 -6.20128 -820.334 0 
8 827.048 0.314855 0.0224888 0.670297 -0.922642 -0.977996 -6.3154 -819.754 0 
3 827.96 0.307929 0.022547 0.680562 -0.963314 -1.34225 -5.30404 -821.314 0 
2 829.13 0.309348 0.0224112 0.681316 -0.989023 -0.59794 -6.07795 -822.454 0 
1 827.263 0.311491 0.0223604 0.676372 -0.964667 -0.234566 -6.00211 -821.026 0 
7 827.367 0.312261 0.0224369 0.676078 -0.962921 -0.328997 -6.14793 -820.89 0 
2 826.947 0.309071 0.0224512 0.678558 -0.96233 -0.300769 -5.48993 -821.157 0 
1 827.18 0.317089 0.022495 0.670358 -0.935209 -0.41931 -6.88786 -819.873 0 
2 827.527 0.319569 0.0224531 0.66731 -0.92538 -0.342891 -7.46291 -819.721 0 
2 828.563 0.322629 0.0224893 0.664115 -0.914691 -0.539935 -8.29968 -819.723 0 
2 828.946 0.320905 0.0225915 0.664533 -0.899932 -1.37642 -7.78887 -819.781 0 
4 829.741 0.315306 0.0226096 0.668481 -0.897982 -3.44617 -6.63448 -819.661 0 
1 830.408 0.308872 0.0225417 0.676237 -0.927713 -4.97087 -5.40381 -820.033 0 
1 830.368 0.309785 0.0224805 0.674331 -0.92146 -4.9367 -5.56238 -819.869 0 
1 830.375 0.315141 0.0225482 0.670155 -0.912354 -4.27264 -6.4353 -819.667 0 
2 829.406 0.31629 0.0226506 0.668296 -0.900115 -2.96994 -6.76797 -819.669 0 
1 828.198 0.312759 0.0226641 0.67328 -0.92225 -2.46339 -5.93981 -819.794 0 
1 828.686 0.304122 0.0224134 0.683687 -0.975018 -1.37292 -4.94582 -822.367 0 
2 829.361 0.309502 0.022347 0.678454 -0.964985 -2.55914 -5.57285 -821.229 0 
4 829.447 0.311091 0.0223621 0.679089 -0.981065 -1.40694 -6.23252 -821.807 0 
1 828.414 0.313866 0.0222632 0.675174 -0.973656 -0.467366 -6.77386 -821.173 0 
1 828.89 0.315466 0.0223989 0.673781 -0.957397 -1.66101 -6.76952 -820.459 0 
3 828.34 0.321782 0.0223717 0.664312 -0.918039 -0.578121 -8.05773 -819.704 0 
1 829.557 0.323442 0.0223982 0.661915 -0.907578 -1.24823 -8.52265 -819.786 0 
5 828.879 0.318244 0.0223847 0.668332 -0.936772 -1.76024 -7.25344 -819.865 0 
1 830.484 0.318866 0.0224172 0.667798 -0.935729 -3.21656 -7.43268 -819.835 0 
1 829.164 0.314425 0.0224666 0.674039 -0.959577 -1.9278 -6.63633 -820.6 0 
3 827.7 0.31434 0.022518 0.671668 -0.933074 -1.53989 -6.2372 -819.923 0 
1 827.162 0.313034 0.0224075 0.673769 -0.949564 -0.675364 -6.10596 -820.38 0 
2 827.386 0.31375 0.022343 0.674314 -0.961535 -0.201791 -6.46668 -820.717 0 
1 828.515 0.308621 0.0222752 0.679693 -0.98162 -0.609584 -5.76513 -822.14 0 
2 829.714 0.306952 0.0223582 0.682905 -0.98952 -1.29385 -5.59531 -822.825 0 
6 828.984 0.30987 0.0223956 0.679629 -0.975719 -1.4609 -5.83811 -821.685 0 
3 828.838 0.307232 0.0225017 0.682803 -0.982521 -0.962779 -5.50177 -822.373 0 
1 827 0.311867 0.0225176 0.675391 -0.944954 -0.877642 -5.80457 -820.318 0 
1 827.031 0.312344 0.0224948 0.673633 -0.938558 -1.04375 -5.86391 -820.123 0 
1 827.377 0.311047 0.0223789 0.674035 -0.941048 -1.47668 -5.64292 -820.257 0 
4 828.893 0.312004 0.0223831 0.670856 -0.920273 -3.29285 -5.81446 -819.785 0 
1 828.934 0.311369 0.0224372 0.67108 -0.911022 -3.39827 -5.84557 -819.69 0 
1 828.501 0.316593 0.0224609 0.666931 -0.908069 -2.12227 -6.72058 -819.658 0 
1 828.508 0.321214 0.022386 0.664732 -0.919772 -0.897966 -7.9103 -819.7 0 
6 828.255 0.321764 0.0224512 0.66493 -0.919655 -0.479218 -8.07216 -819.704 0 
2 827.716 0.318341 0.0224036 0.667537 -0.926246 -0.831358 -7.14618 -819.739 0 
5 826.88 0.309637 0.0224294 0.677667 -0.958501 -0.396987 -5.53578 -820.947 0 
3 827.223 0.307036 0.0225479 0.677562 -0.936387 -1.73693 -5.1186 -820.368 0 
2 828.734 0.315736 0.0223845 0.667672 -0.914137 -2.5481 -6.51213 -819.674 0 
4 828.361 0.314128 0.0225136 0.668991 -0.90848 -2.45575 -6.25285 -819.652 0 
11 827.96 0.310977 0.0223957 0.672626 -0.927175 -2.39682 -5.62973 -819.933 0 
1 828.727 0.307143 0.0224398 0.676357 -0.929203 -3.36322 -5.2072 -820.156 0 
2 827.394 0.312619 0.0224666 0.673084 -0.938212 -1.37605 -5.91647 -820.101 0 
1 830.438 0.310868 0.022404 0.675389 -0.956271 -3.90222 -5.77855 -820.757 0 
2 828.676 0.313523 0.0223796 0.674075 -0.959876 -1.58562 -6.41335 -820.677 0 
4 829.017 0.311667 0.0223475 0.676818 -0.974832 -1.26309 -6.30885 -821.446 0 
1 828.802 0.314638 0.0223182 0.671551 -0.947905 -2.09386 -6.46833 -820.24 0 
1 828.028 0.313979 0.0223234 0.670716 -0.932714 -1.94384 -6.1555 -819.929 0 
2 827.826 0.313593 0.022319 0.672346 -0.946216 -1.38575 -6.18786 -820.253 0 
4 826.938 0.31306 0.0223831 0.673877 -0.948929 -0.490472 -6.08726 -820.36 0 
5 827.599 0.318089 0.0223322 0.668874 -0.938732 -0.496742 -7.20202 -819.9 0 
3 826.88 0.313334 0.0224085 0.674235 -0.953255 -0.194499 -6.21249 -820.473 0 
1 827.034 0.313196 0.0225103 0.674837 -0.950308 -0.506757 -6.13506 -820.392 0 
2 827.508 0.31795 0.022486 0.6685 -0.922957 -0.779317 -7.01318 -819.716 0 
1 828.31 0.317495 0.0223801 0.667243 -0.921125 -1.69897 -6.9047 -819.706 0 
2 827.604 0.317846 0.0224224 0.671081 -0.951091 -0.0979323 -7.35111 -820.155 0 
2 828.03 0.317944 0.0224168 0.667705 -0.919601 -1.33385 -7.00128 -819.695 0 
7 827.969 0.317077 0.0225818 0.668485 -0.91189 -1.49094 -6.81209 -819.666 0 
1 827.069 0.314742 0.022529 0.670953 -0.923808 -1.00678 -6.29242 -819.77 0 
2 827.725 0.314629 0.0225017 0.669372 -0.911367 -1.73226 -6.32879 -819.664 0 
3 826.883 0.311566 0.0224949 0.675031 -0.941494 -0.913353 -5.7298 -820.24 0 
1 827.15 0.313687 0.02243 0.671549 -0.928789 -1.19454 -6.08606 -819.869 0 
4 827.664 0.316288 0.0225038 0.668804 -0.91483 -1.35713 -6.63109 -819.676 0 
1 827.49 0.316069 0.0224333 0.672671 -0.955263 -0.18682 -6.9442 -820.359 0 
1 827.678 0.311571 0.0225114 0.676986 -0.961975 -0.786542 -5.97832 -820.913 0 
3 827.679 0.313003 0.0225012 0.675823 -0.960727 -0.656726 -6.27465 -820.747 0 
1 828.855 0.312899 0.0226492 0.675403 -0.947298 -2.48532 -6.04709 -820.323 0 
3 829.079 0.312905 0.0225588 0.674989 -0.952349 -2.47427 -6.13131 -820.473 0 
1 828.6 0.315106 0.0226098 0.671544 -0.930853 -2.34776 -6.39181 -819.861 0 
3 828.882 0.312291 0.0226154 0.677403 -0.96077 -1.97947 -6.09548 -820.807 0 
1 827.584 0.308359 0.0225117 0.680272 -0.969731 -0.538086 -5.4805 -821.566 0 
1 827.285 0.307976 0.0225012 0.676958 -0.940904 -1.63782 -5.20046 -820.447 0 
5 827.312 0.311806 0.0225354 0.675 -0.94495 -1.18334 -5.80642 -820.322 0 
1 829.565 0.311937 0.0225182 0.67928 -0.981767 -1.32131 -6.50034 -821.743 0 
2 828.601 0.3121 0.0224137 0.67764 -0.97139 -1.11471 -6.23727 -821.249 0 
7 828.086 0.309274 0.0223226 0.675452 -0.944533 -2.23615 -5.37608 -820.474 0 
1 829.96 0.317069 0.0224035 0.665012 -0.89656 -3.31895 -6.9372 -819.704 0 
6 828.524 0.313248 0.0226125 0.672989 -0.932649 -2.55705 -6.01319 -819.954 0 
6 828.133 0.305821 0.0225252 0.682636 -0.975018 -0.815109 -5.17653 -822.142 0 
1 828.197 0.306744 0.022491 0.682621 -0.981398 -0.402213 -5.41921 -822.376 0 
2 827.178 0.309368 0.0223883 0.676819 -0.954506 -0.906219 -5.45694 -820.815 0 
3 827.685 0.307115 0.0223987 0.678724 -0.957781 -1.37922 -5.15444 -821.152 0 
2 827.096 0.30919 0.0224676 0.677745 -0.956932 -0.718103 -5.45388 -820.924 0 
2 828.915 0.312997 0.0223281 0.670459 -0.925675 -3.11741 -5.95816 -819.839 0 
1 828.304 0.316863 0.022437 0.668753 -0.928378 -1.72877 -6.79111 -819.784 0 
3 827.497 0.315833 0.0224634 0.671945 -0.946773 -0.612817 -6.73426 -820.15 0 
2 827.694 0.316382 0.0223625 0.670393 -0.943237 -0.823111 -6.82584 -820.045 0 
1 827.601 0.317929 0.0223426 0.670245 -0.948783 -0.179173 -7.32366 -820.098 0 
6 828.021 0.321255 0.0224042 0.665713 -0.926301 -0.318299 -7.98324 -819.719 0 
2 829.072 0.315005 0.0223928 0.667758 -0.907171 -2.99054 -6.43276 -819.649 0 
5 829.912 0.316761 0.0222971 0.666294 -0.911538 -3.5066 -6.74122 -819.664 0 
6 829.58 0.310794 0.0221818 0.675637 -0.965341 -2.59498 -5.86622 -821.119 0 
2 827.076 0.315212 0.0225318 0.672113 -0.937112 -0.661819 -6.44684 -819.967 0 
1 827.628 0.314054 0.0226133 0.673241 -0.93401 -1.50597 -6.17178 -819.95 0 
2 828.498 0.313802 0.0226552 0.673835 -0.938122 -2.30226 -6.1503 -820.045 0 
3 828.295 0.312502 0.0225483 0.675227 -0.951643 -1.78943 -6.02686 -820.479 0 
2 827.426 0.315593 0.0224719 0.670628 -0.933619 -1.0159 -6.51929 -819.891 0 
4 828.176 0.307193 0.0224673 0.681763 -0.97457 -0.887911 -5.34376 -821.945 0 
3 827.814 0.317692 0.022336 0.671225 -0.957119 -0.055757 -7.44275 -820.315 0 
2 827.448 0.309967 0.0225487 0.676357 -0.938636 -1.7266 -5.46872 -820.253 0 
1 827.812 0.309884 0.0224669 0.676086 -0.940219 -2.05217 -5.4577 -820.302 0 
1 827.192 0.313274 0.0224316 0.672843 -0.941609 -0.969101 -6.07148 -820.151 0 
1 828.352 0.315693 0.022275 0.669836 -0.938602 -1.7892 -6.58469 -819.978 0 
8 827.839 0.314911 0.0223194 0.67294 -0.954291 -0.848912 -6.58867 -820.402 0 
5 827.944 0.316085 0.0223596 0.669284 -0.926802 -1.58231 -6.58219 -819.78 0 
1 827.909 0.318861 0.0224201 0.666365 -0.914818 -1.00427 -7.22581 -819.679 0 
4 826.837 0.310801 0.0225417 0.674531 -0.931249 -1.2164 -5.59524 -820.026 0 
3 827.192 0.309635 0.0225326 0.675656 -0.937705 -1.53063 -5.41566 -820.246 0 
2 828.406 0.312758 0.0224994 0.669929 -0.906118 -2.66836 -6.09321 -819.645 0 
2 828.494 0.312571 0.0224619 0.670022 -0.908585 -2.80702 -6.02871 -819.659 0 
3 828.325 0.318771 0.0225094 0.66539 -0.902045 -1.37102 -7.24657 -819.707 0 
1 828.676 0.319149 0.0225883 0.669437 -0.934128 -1.42418 -7.44353 -819.809 0 
2 828.011 0.31682 0.0225654 0.670845 -0.93597 -1.27868 -6.83925 -819.893 0 
1 830.016 0.306838 0.0223893 0.68273 -0.994432 -1.06963 -5.798 -823.148 0 
2 830.716 0.310395 0.022182 0.678949 -0.995936 -1.38498 -6.62448 -822.707 0 
3 830.571 0.310685 0.0222343 0.679562 -1.0001 -0.802794 -6.85446 -822.913 0 
5 830.36 0.309662 0.0222772 0.681473 -1.00558 -0.185123 -6.75756 -823.417 0 
3 829.525 0.310674 0.0224526 0.679887 -0.987499 -0.924581 -6.40736 -822.193 0 
3 828.648 0.309827 0.0224502 0.680512 -0.985339 -0.34631 -6.11605 -822.186 0 
4 828.32 0.308368 0.0225076 0.681171 -0.974624 -0.969815 -5.54479 -821.805 0 
1 827.267 0.314661 0.0224504 0.673036 -0.944824 -0.719619 -6.3872 -820.16 0 
4 827.294 0.317508 0.022432 0.668374 -0.92569 -0.626421 -6.92322 -819.744 0 
1 827.581 0.318167 0.0224483 0.670382 -0.943802 -0.299892 -7.29409 -819.987 0 
3 828.681 0.321856 0.0223601 0.666138 -0.937941 -0.493531 -8.38304 -819.805 0 
6 827.866 0.314621 0.0223121 0.670983 -0.940125 -1.46444 -6.34889 -820.053 0 
2 828.209 0.312205 0.0222611 0.673845 -0.952774 -1.71211 -5.96163 -820.535 0 
1 829.053 0.308409 0.0223236 0.67611 -0.941912 -3.34391 -5.26006 -820.449 0 
1 827.786 0.306656 0.0225104 0.677558 -0.93267 -2.3733 -5.1318 -820.281 0 
3 827.566 0.305842 0.0225412 0.682174 -0.967129 -0.774731 -5.06659 -821.724 0 
10 826.671 0.311625 0.0224779 0.674223 -0.937675 -0.806157 -5.7275 -820.137 0 
2 827.389 0.317737 0.0225237 0.668876 -0.923735 -0.699044 -6.9655 -819.724 0 
1 827.311 0.314762 0.022552 0.671474 -0.925888 -1.21811 -6.29628 -819.797 0 
3 827.651 0.315186 0.0226186 0.671396 -0.92511 -1.48992 -6.38369 -819.777 0 
1 827.668 0.313505 0.0224909 0.673137 -0.934888 -1.61777 -6.06167 -819.989 0 
2 827.209 0.311875 0.0223748 0.674031 -0.942988 -1.15129 -5.7947 -820.263 0 
6 827.175 0.310762 0.0223557 0.676531 -0.961109 -0.43999 -5.78494 -820.95 0 
2 827.791 0.308319 0.0223824 0.679525 -0.967661 -0.896775 -5.42206 -821.472 0 
4 828.424 0.312632 0.0223194 0.671628 -0.930598 -2.59372 -5.8928 -819.938 0 
1 829.486 0.313225 0.0223339 0.671711 -0.930113 -3.57741 -6.00148 -819.907 0 
3 829.179 0.322959 0.0225397 0.664673 -0.914337 -1.06595 -8.38251 -819.731 0 
1 830.917 0.311999 0.0225461 0.674051 -0.926313 -5.22172 -5.81476 -819.881 0 
3 827.585 0.306008 0.0224413 0.68216 -0.975295 -0.257104 -5.19532 -822.133 0 
1 827.506 0.30643 0.022384 0.680722 -0.968625 -0.614146 -5.16083 -821.731 0 
5 827.374 0.305832 0.0224672 0.681663 -0.96911 -0.454281 -5.09288 -821.827 0 
2 829.419 0.305282 0.0223913 0.684974 -0.998036 -0.231304 -5.54884 -823.639 0 
2 827.507 0.314695 0.0225354 0.673416 -0.943255 -1.00696 -6.37892 -820.121 0 
4 827.776 0.313811 0.0225926 0.674326 -0.942734 -1.44644 -6.17813 -820.152 0 
6 827.389 0.310854 0.0224458 0.677825 -0.965125 -0.429352 -5.85527 -821.104 0 
3 827.81 0.31319 0.0225804 0.675349 -0.948822 -1.35299 -6.10808 -820.349 0 
10 827.599 0.309812 0.0225397 0.678106 -0.953676 -1.3437 -5.50745 -820.748 0 
2 826.988 0.311743 0.022394 0.675287 -0.951929 -0.60047 -5.84738 -820.541 0 
3 829.042 0.304949 0.0224474 0.680862 -0.96242 -2.50972 -4.93904 -821.593 0 
2 828.333 0.311507 0.0222905 0.673458 -0.944573 -2.2577 -5.74567 -820.329 0 
1 828.348 0.313526 0.0222662 0.674973 -0.972048 -0.540339 -6.66873 -821.139 0 
2 828.63 0.318241 0.0222662 0.671165 -0.965624 -0.240818 -7.86226 -820.527 0 
2 829.892 0.318992 0.0223196 0.672605 -0.97889 -0.409869 -8.56253 -820.92 0 
2 830.996 0.322259 0.0223117 0.66977 -0.976009 -0.682047 -9.73638 -820.578 0 
2 829.609 0.312819 0.0222729 0.677956 -0.991083 -0.474831 -7.02458 -822.11 0 
1 829.768 0.316606 0.0223054 0.67479 -0.983815 -0.520916 -7.9118 -821.335 0 
7 827.056 0.309947 0.0223898 0.677279 -0.961229 -0.392371 -5.63496 -821.028 0 
1 827.456 0.306112 0.0223996 0.680154 -0.960063 -1.06221 -5.03963 -821.355 0 
3 827.922 0.311199 0.022438 0.676562 -0.954023 -1.51772 -5.7535 -820.651 0 
1 828.237 0.314585 0.0223744 0.674909 -0.965737 -0.699938 -6.73542 -820.801 0 
3 828.745 0.311859 0.0222464 0.674191 -0.956839 -2.08643 -5.95937 -820.699 0 
6 828.612 0.307992 0.022263 0.678126 -0.964648 -1.89807 -5.34585 -821.368 0 
3 829.143 0.313148 0.0222219 0.672237 -0.945526 -2.81447 -6.06924 -820.259 0 
1 827.826 0.304779 0.0224065 0.682019 -0.970547 -0.807629 -4.98625 -822.032 0 
2 828.907 0.313475 0.0223686 0.669817 -0.921293 -3.08944 -6.05216 -819.765 0 
2 828.312 0.312376 0.0224971 0.670232 -0.907561 -2.64538 -6.01344 -819.654 0 
4 828.556 0.313401 0.0226345 0.669727 -0.902204 -2.69359 -6.22803 -819.634 0 
2 828.376 0.303885 0.0226902 0.680676 -0.934729 -2.90373 -4.93892 -820.534 0 
3 828.793 0.305679 0.0225714 0.682108 -0.968402 -1.90793 -5.07674 -821.808 0 
3 829.563 0.310073 0.0225982 0.679503 -0.970465 -2.31388 -5.83417 -821.415 0 
7 829.301 0.309476 0.0226874 0.677886 -0.947118 -3.3355 -5.42099 -820.544 0 
1 829.946 0.31022 0.0227477 0.675929 -0.931247 -4.39017 -5.50366 -820.052 0 
11 829.265 0.308294 0.0226371 0.673409 -0.904567 -3.93955 -5.6525 -819.673 0 
2 830.993 0.301054 0.0225917 0.684255 -0.959643 -4.4158 -4.66595 -821.912 0 
5 830.043 0.302883 0.0224785 0.68357 -0.971856 -2.86414 -4.8253 -822.354 0 
4 829.525 0.304846 0.0223435 0.681099 -0.970196 -2.51916 -5.00145 -822.005 0 
4 827.128 0.307225 0.0224187 0.679253 -0.958015 -0.814107 -5.16288 -821.151 0 
2 828.67 0.304931 0.0223246 0.679992 -0.957399 -2.40866 -4.90604 -821.356 0 
1 830.107 0.301888 0.0223234 0.682304 -0.961079 -3.51759 -4.70454 -821.885 0 
3 831.145 0.300343 0.0223736 0.68216 -0.947676 -5.02164 -4.73634 -821.387 0 
2 829.709 0.304169 0.0224486 0.677562 -0.92503 -4.40784 -5.09026 -820.211 0 
1 829.955 0.310242 0.022331 0.671889 -0.921197 -4.53694 -5.56869 -819.85 0 
3 827.925 0.307447 0.0225079 0.67601 -0.929511 -2.57978 -5.19715 -820.148 0 
2 827.29 0.310292 0.0224863 0.673645 -0.925608 -1.81492 -5.54602 -819.929 0 
1 827.188 0.30731 0.0224286 0.678629 -0.955057 -1.0109 -5.15826 -821.018 0 
1 827.057 0.310184 0.0224098 0.675063 -0.942094 -1.21331 -5.50538 -820.339 0 
3 827.471 0.308559 0.0223985 0.676069 -0.941967 -1.75656 -5.27361 -820.441 0 
3 827.421 0.313313 0.0223212 0.674004 -0.957526 -0.524751 -6.2837 -820.613 0 
6 831.638 0.319988 0.0221628 0.671134 -0.979357 -1.88552 -8.89723 -820.855 0 
1 829.82 0.319091 0.0222334 0.671693 -0.977396 -0.413945 -8.5489 -820.857 0 
3 829.019 0.321532 0.0223182 0.668554 -0.958478 -0.0859229 -8.77936 -820.154 0 
5 828.361 0.318549 0.0222599 0.669411 -0.950339 -0.714533 -7.54072 -820.105 0 
1 827.855 0.314868 0.0222982 0.673778 -0.965572 -0.241945 -6.84076 -820.773 0 
1 828.225 0.311797 0.0222899 0.677224 -0.977693 -0.304404 -6.35656 -821.564 0 
2 830.174 0.308695 0.0223308 0.682596 -1.00287 -0.399284 -6.3776 -823.397 0 
1 828.596 0.309647 0.0223774 0.680544 -0.98772 -0.131471 -6.12448 -822.34 0 
1 826.918 0.308755 0.0224468 0.676528 -0.943128 -1.15253 -5.30103 -820.464 0 
2 827.496 0.308899 0.0223772 0.679292 -0.971299 -0.324144 -5.59103 -821.581 0 
1 827.888 0.316816 0.022426 0.672748 -0.958442 -0.281539 -7.20217 -820.404 0 
2 828.005 0.318863 0.0223582 0.670348 -0.953952 -0.112902 -7.71837 -820.173 0 
3 827.823 0.318099 0.0223225 0.668372 -0.936556 -0.772111 -7.18503 -819.866 0 
1 827.503 0.311939 0.0223718 0.673988 -0.947622 -1.25285 -5.85804 -820.392 0 
1 827.786 0.31657 0.0225152 0.668399 -0.91697 -1.41725 -6.68301 -819.686 0 
2 828.633 0.319941 0.0226028 0.665927 -0.907844 -1.42413 -7.50783 -819.701 0 
3 827.342 0.315435 0.0224511 0.671301 -0.934 -0.971914 -6.46731 -819.903 0 
4 828.212 0.320166 0.0224311 0.665703 -0.914615 -0.957394 -7.56586 -819.689 0 
6 826.989 0.315806 0.0224218 0.670552 -0.933624 -0.547971 -6.5565 -819.885 0 
1 828.12 0.318473 0.0223925 0.667197 -0.920035 -1.29098 -7.13428 -819.695 0 
4 829.151 0.321577 0.0223786 0.66293 -0.905685 -1.44617 -7.9553 -819.75 0 
3 829.115 0.316209 0.0223142 0.667437 -0.918452 -2.81464 -6.60248 -819.698 0 
7 828.03 0.31161 0.0224457 0.671887 -0.918423 -2.47036 -5.79027 -819.769 0 
1 828.159 0.316749 0.0223778 0.668198 -0.920022 -1.73295 -6.72119 -819.705 0 
1 827.341 0.317783 0.0224043 0.668992 -0.932085 -0.496557 -7.03321 -819.811 0 
4 828.973 0.313623 0.0222645 0.675605 -0.973578 -1.09989 -6.68054 -821.193 0 
1 829.646 0.319663 0.0221985 0.66846 -0.950996 -1.6846 -7.88967 -820.072 0 
1 829.615 0.324166 0.022289 0.661921 -0.91594 -1.05992 -8.80702 -819.748 0 
1 829.34 0.31773 0.0222449 0.668977 -0.939912 -2.31049 -7.09875 -819.931 0 
1 830.987 0.317573 0.022326 0.673889 -0.976329 -2.13968 -7.90311 -820.944 0 
2 828.691 0.320623 0.0224466 0.669412 -0.950827 -0.43808 -8.22172 -820.031 0 
1 827.457 0.310396 0.0224258 0.678074 -0.969605 -0.242444 -5.87258 -821.342 0 
8 827.424 0.305854 0.0224606 0.681455 -0.968458 -0.543003 -5.09043 -821.79 0 
1 829.226 0.311694 0.0224618 0.677926 -0.97678 -1.33366 -6.35955 -821.532 0 
2 829.362 0.308248 0.0223446 0.682248 -0.998362 -0.0236652 -6.16042 -823.178 0 
2 829.992 0.309779 0.0221891 0.679179 -0.988617 -1.44168 -6.17788 -822.372 0 
1 828.611 0.308381 0.0222739 0.680022 -0.982197 -0.684886 -5.72326 -822.202 0 
2 829.148 0.307505 0.0222749 0.6813 -0.986477 -0.940369 -5.64433 -822.563 0 
3 828.57 0.314244 0.0222288 0.674005 -0.969034 -0.84952 -6.76705 -820.953 0 
1 828.346 0.312842 0.0222482 0.673636 -0.956528 -1.57145 -6.16081 -820.614 0 
1 828.695 0.317272 0.0222718 0.672535 -0.970895 -0.221638 -7.70164 -820.771 0 
2 830.426 0.310111 0.0221913 0.678505 -0.982086 -2.39929 -6.04905 -821.977 0 
2 829.928 0.318212 0.0221615 0.670931 -0.968944 -1.3553 -7.93791 -820.635 0 
2 828.424 0.314031 0.0223824 0.676314 -0.976376 -0.264501 -6.88718 -821.272 0 
1 828.263 0.313051 0.0223466 0.674281 -0.951301 -1.73387 -6.09749 -820.431 0 
3 827.978 0.318256 0.022451 0.666218 -0.909865 -1.22054 -7.08468 -819.672 0 
2 829.531 0.322728 0.0224248 0.664355 -0.924583 -1.35724 -8.45759 -819.716 0 
2 829.402 0.325559 0.0224476 0.66285 -0.922589 -0.259825 -9.39389 -819.749 0 
4 830.775 0.320912 0.0226688 0.668604 -0.931365 -3.08865 -7.93139 -819.755 0 
3 830.286 0.318775 0.0226257 0.671514 -0.947671 -2.68546 -7.56083 -820.039 0 
1 828.774 0.318773 0.0226256 0.669334 -0.927874 -1.76178 -7.26453 -819.748 0 
2 828.074 0.315815 0.0226014 0.672552 -0.93998 -1.45603 -6.61768 -820.001 0 
1 827.774 0.306964 0.0225507 0.681026 -0.9662 -1.00816 -5.21515 -821.551 0 
2 828.321 0.305358 0.0225652 0.680345 -0.951761 -2.32817 -4.9296 -821.064 0 
2 828.333 0.302863 0.0224096 0.684817 -0.981735 -0.459855 -4.91847 -822.955 0 
2 828.303 0.307088 0.0224786 0.677878 -0.94705 -2.47922 -5.09935 -820.725 0 
1 829.114 0.302493 0.0223524 0.683087 -0.969819 -2.0523 -4.77153 -822.29 0 
1 827.018 0.308174 0.0224187 0.678235 -0.956928 -0.711444 -5.29091 -821.016 0 
2 826.855 0.313005 0.022475 0.673002 -0.937525 -0.803301 -5.98417 -820.067 0 
6 827.235 0.305731 0.022568 0.679586 -0.944157 -1.53393 -4.97323 -820.728 0 
3 828.179 0.316718 0.0225911 0.667616 -0.905257 -1.74657 -6.77141 -819.661 0 
1 829.599 0.309863 0.0227035 0.677566 -0.93731 -3.91874 -5.45769 -820.222 0 
6 828.361 0.302508 0.0226143 0.685106 -0.966995 -1.47781 -4.75481 -822.129 0 
1 829.834 0.296577 0.0226221 0.689996 -0.971185 -1.90477 -4.68111 -823.248 0 
3 830.367 0.303855 0.0225387 0.686744 -0.992474 -1.67988 -5.18741 -823.5 0 
1 830.36 0.302041 0.0225426 0.688206 -0.998508 -0.985473 -5.13184 -824.243 0 
1 827.035 0.310651 0.0224177 0.676823 -0.960336 -0.346792 -5.75915 -820.929 0 
4 827.636 0.316299 0.0223194 0.670959 -0.949325 -0.552015 -6.89546 -820.188 0 
2 828.747 0.320145 0.0223595 0.666359 -0.931008 -1.2659 -7.72171 -819.76 0 
1 829.884 0.325768 0.0223816 0.664188 -0.940345 -0.228086 -9.87159 -819.785 0 
1 829.988 0.321537 0.0223457 0.669937 -0.967232 -0.573817 -9.0445 -820.369 0 
1 829.417 0.313101 0.0224682 0.677326 -0.970445 -1.85522 -6.4491 -821.113 0 
3 829.936 0.308929 0.0223771 0.682449 -0.99999 -0.427029 -6.33454 -823.174 0 
4 829.977 0.305214 0.0224711 0.685756 -0.999067 -0.694257 -5.56202 -823.721 0 
2 827.534 0.305848 0.0225311 0.681759 -0.962843 -0.993777 -5.02667 -821.513 0 
1 827.115 0.3098 0.0225994 0.676606 -0.938932 -1.40166 -5.44249 -820.271 0 
6 827.45 0.312734 0.0225499 0.674357 -0.937991 -1.43324 -5.92606 -820.091 0 
7 827.825 0.315189 0.0223639 0.67425 -0.966403 -0.110402 -6.93829 -820.777 0 
1 829.633 0.319499 0.0224817 0.671633 -0.962269 -1.11749 -8.16449 -820.351 0 
7 831.726 0.32257 0.022454 0.669689 -0.961351 -2.36555 -9.18892 -820.171 0 
1 831.815 0.328876 0.0222592 0.662501 -0.949138 -0.530864 -11.4558 -819.828 0 
3 831.137 0.325388 0.0223221 0.666548 -0.962924 -0.581578 -10.4674 -820.088 0 
4 829.47 0.321571 0.022426 0.669038 -0.956694 -0.609285 -8.74763 -820.113 0 
1 828.85 0.319784 0.0224722 0.669774 -0.944399 -1.13391 -7.77321 -819.943 0 
2 828.17 0.320519 0.0224553 0.667613 -0.931429 -0.615777 -7.7947 -819.759 0 
1 827.176 0.315479 0.0225342 0.67169 -0.933817 -0.798271 -6.48002 -819.898 0 
1 827.144 0.316079 0.0224085 0.671673 -0.945362 -0.289427 -6.74932 -820.105 0 
1 828.046 0.32081 0.0223593 0.665834 -0.925454 -0.505504 -7.82429 -819.716 0 
2 828.048 0.320406 0.0224021 0.665329 -0.916166 -0.716102 -7.64087 -819.691 0 
3 828.261 0.320196 0.0223812 0.666221 -0.922152 -0.95127 -7.60788 -819.702 0 
2 829.757 0.320153 0.0224872 0.669484 -0.94135 -2.05673 -7.81702 -819.883 0 
1 831.068 0.320736 0.0224359 0.668387 -0.936085 -3.37071 -7.89453 -819.803 0 
1 829.512 0.314759 0.0224542 0.675602 -0.965826 -1.95776 -6.76413 -820.79 0 
1 829.354 0.315722 0.0225088 0.673831 -0.951823 -2.33876 -6.73109 -820.284 0 
1 828.562 0.317749 0.0225023 0.671669 -0.94725 -1.27094 -7.21844 -820.073 0 
1 828.776 0.31071 0.0225566 0.677793 -0.95335 -2.45696 -5.65367 -820.665 0 
8 828.755 0.320692 0.0224407 0.668342 -0.938887 -0.962505 -7.95596 -819.837 0 
2 829.102 0.313572 0.0224049 0.67423 -0.948289 -2.62481 -6.16619 -820.311 0 
1 829.24 0.315455 0.0223045 0.675092 -0.978142 -0.69705 -7.3349 -821.208 0 
4 829.46 0.319656 0.0222785 0.670525 -0.96395 -0.837051 -8.23403 -820.389 0 
1 829.159 0.316903 0.0222859 0.673406 -0.973313 -0.640697 -7.62964 -820.888 0 
1 827.683 0.313811 0.0223353 0.673247 -0.949154 -1.11603 -6.24643 -820.321 0 
1 828.358 0.316568 0.0224322 0.668262 -0.91509 -1.9913 -6.69105 -819.676 0 
2 829.643 0.321979 0.0223155 0.66281 -0.908256 -1.83309 -8.06755 -819.742 0 
5 829.119 0.322272 0.0223174 0.663189 -0.914112 -1.22047 -8.17963 -819.719 0 
3 827.077 0.316554 0.022498 0.669671 -0.925922 -0.626564 -6.68982 -819.761 0 
2 829.818 0.322677 0.0224934 0.662396 -0.902388 -1.72592 -8.27874 -819.813 0 
2 830.751 0.321728 0.0223877 0.665578 -0.934236 -2.67622 -8.30416 -819.77 0 
1 828.788 0.320081 0.0224892 0.6668 -0.926319 -1.42017 -7.6439 -819.724 0 
3 828.367 0.320736 0.0224611 0.66617 -0.925279 -0.829655 -7.82181 -819.716 0 
3 827.639 0.31064 0.0224767 0.678576 -0.970796 -0.3332 -5.93588 -821.37 0 
1 826.898 0.313211 0.0224246 0.674582 -0.954609 -0.168089 -6.20601 -820.524 0 
3 827.347 0.312039 0.0224741 0.676321 -0.961038 -0.448021 -6.06113 -820.837 0 
1 826.773 0.312692 0.0224411 0.673305 -0.939814 -0.701374 -5.9351 -820.136 0 
2 828.3 0.30746 0.0225078 0.682185 -0.980134 -0.582343 -5.50821 -822.209 0 
1 832.311 0.301321 0.0223943 0.690303 -1.02327 -0.182789 -5.72875 -826.4 0 
2 830.987 0.306927 0.0223487 0.684151 -1.00966 -0.523705 -6.29844 -824.165 0 
5 829.17 0.311474 0.022396 0.679517 -0.990516 -0.246192 -6.67149 -822.252 0 
1 828.303 0.314971 0.0222739 0.67418 -0.971827 -0.265455 -7.04032 -820.998 0 
1 827.633 0.314287 0.0223819 0.672849 -0.95157 -0.841483 -6.4304 -820.361 0 
1 826.794 0.311823 0.0224124 0.674823 -0.947876 -0.562406 -5.8243 -820.407 0 
1 826.992 0.314143 0.0223922 0.671902 -0.937721 -0.756509 -6.21395 -820.022 0 
1 827.783 0.30833 0.0223853 0.679305 -0.965395 -1.02487 -5.39223 -821.366 0 
2 827.296 0.308291 0.0225451 0.676677 -0.932882 -1.82818 -5.27689 -820.191 0 
1 827.898 0.304287 0.0226216 0.682911 -0.958944 -1.54446 -4.85554 -821.498 0 
1 828.246 0.310388 0.0225586 0.672211 -0.908533 -2.79715 -5.76845 -819.68 0 
1 828.139 0.313972 0.0224614 0.669555 -0.911244 -2.25448 -6.2189 -819.666 0 
4 827.674 0.304179 0.0225116 0.681352 -0.95009 -1.71621 -4.8528 -821.105 0 
4 826.863 0.312552 0.0225178 0.673043 -0.929661 -1.06081 -5.87926 -819.923 0 
3 827.542 0.305892 0.0226367 0.680166 -0.944785 -1.81626 -4.98791 -820.738 0 
1 828.275 0.306971 0.0225842 0.682076 -0.970676 -1.24087 -5.26325 -821.771 0 
1 828.512 0.300238 0.0224833 0.686654 -0.975029 -0.90697 -4.67741 -822.928 0 
1 827.833 0.302171 0.0225146 0.684415 -0.965521 -1.01294 -4.72975 -822.091 0 
1 826.912 0.309351 0.0225107 0.675875 -0.935427 -1.32613 -5.38603 -820.2 0 
2 828.059 0.301752 0.0224775 0.68401 -0.963558 -1.31991 -4.70306 -822.036 0 
2 828.663 0.302518 0.022512 0.681761 -0.949294 -2.67515 -4.75326 -821.235 0 
4 830.19 0.30156 0.0223244 0.68498 -0.983634 -2.06591 -4.84237 -823.282 0 
2 831.084 0.302608 0.0223623 0.680677 -0.952021 -4.99434 -4.73918 -821.351 0 
1 829.195 0.302371 0.0223818 0.685158 -0.985814 -0.956613 -4.94181 -823.296 0 
4 827.767 0.312492 0.0224112 0.675804 -0.957778 -1.01458 -6.06945 -820.683 0 
4 829.012 0.319774 0.0222257 0.66902 -0.958388 -0.615288 -8.16088 -820.236 0 
3 829.539 0.315004 0.0221674 0.671882 -0.95818 -2.31408 -6.71072 -820.514 0 
1 829.029 0.307168 0.0224181 0.678114 -0.954407 -2.88135 -5.14248 -821.005 0 
1 827.119 0.306247 0.0224562 0.680681 -0.962819 -0.572247 -5.07827 -821.469 0 
1 829.616 0.303074 0.0223371 0.685259 -0.994095 -0.700677 -5.17245 -823.743 0 
1 828.332 0.30978 0.0222695 0.676498 -0.961927 -1.64072 -5.61881 -821.072 0 
1 828.759 0.30518 0.0223748 0.678358 -0.943013 -3.09509 -4.93333 -820.73 0 
1 828.161 0.306871 0.0223539 0.677577 -0.94625 -2.3688 -5.07904 -820.713 0 
4 827.548 0.310966 0.0223623 0.675661 -0.957012 -0.990947 -5.78049 -820.777 0 
5 827.941 0.3152 0.0223883 0.670894 -0.94001 -1.42225 -6.49248 -820.026 0 
1 827.654 0.315581 0.0224474 0.671291 -0.941508 -1.01169 -6.60072 -820.042 0 
3 827.933 0.308695 0.0225801 0.675298 -0.926916 -2.57184 -5.33782 -820.023 0 
1 831.504 0.309838 0.0225976 0.670385 -0.886597 -5.58383 -6.30053 -819.62 0 
1 829.251 0.306739 0.0225839 0.676875 -0.930597 -3.9193 -5.11483 -820.217 0 
1 827.962 0.307184 0.0225697 0.680549 -0.962882 -1.37981 -5.21092 -821.371 0 
3 827.898 0.314634 0.022572 0.669541 -0.911858 -1.9174 -6.31387 -819.666 0 
1 827.59 0.310643 0.02265 0.674215 -0.921606 -2.12088 -5.62529 -819.844 0 
1 828.883 0.313563 0.0227244 0.671287 -0.908166 -3.0467 -6.18496 -819.652 0 
1 828.553 0.314062 0.0226673 0.672523 -0.922687 -2.61671 -6.16579 -819.77 0 
6 828.159 0.316598 0.022639 0.669045 -0.91176 -1.78758 -6.70786 -819.664 0 
3 828.641 0.318759 0.0226151 0.667943 -0.918658 -1.73956 -7.21239 -819.689 0 
3 827.751 0.315878 0.0225465 0.672169 -0.942826 -1.01203 -6.68139 -820.058 0 
3 827.683 0.308522 0.0224829 0.680256 -0.973031 -0.404088 -5.57066 -821.708 0 
6 828.735 0.307859 0.0223611 0.680823 -0.984356 -0.630212 -5.71247 -822.392 0 
1 829.333 0.305739 0.0224137 0.683236 -0.989436 -0.868141 -5.4631 -823.002 0 
2 827.807 0.309389 0.0223168 0.676648 -0.957701 -1.37597 -5.49397 -820.937 0 
2 828.689 0.31156 0.0223665 0.675194 -0.958738 -1.95346 -5.94365 -820.792 0 
4 828.661 0.307659 0.0223701 0.677627 -0.95522 -2.45597 -5.21218 -820.993 0 
1 830.269 0.309313 0.0223822 0.674407 -0.938636 -4.60906 -5.36875 -820.292 0 
1 830.372 0.310523 0.0226208 0.672059 -0.91061 -4.97339 -5.70047 -819.698 0 
1 829.56 0.303556 0.0226922 0.681929 -0.946378 -3.74338 -4.80997 -821.006 0 
1 832.962 0.302206 0.0226964 0.68257 -0.947354 -7.04851 -4.73408 -821.179 0 
3 832.548 0.302178 0.0226957 0.681547 -0.938242 -6.93776 -4.81096 -820.8 0 
8 830.084 0.306248 0.0227456 0.675483 -0.901485 -4.72597 -5.68353 -819.675 0 
1 831.926 0.309301 0.0226797 0.670695 -0.881873 -5.85567 -6.43603 -819.634 0 
1 831.745 0.313246 0.0227064 0.668156 -0.879612 -5.17974 -6.80456 -819.761 0 
7 830.902 0.313579 0.0226915 0.669728 -0.903845 -5.0606 -6.20358 -819.638 0 
5 832.035 0.312943 0.0226286 0.671526 -0.921608 -6.30393 -5.9501 -819.781 0 
3 829.029 0.312463 0.0226836 0.671696 -0.912171 -3.39398 -5.94952 -819.686 0 
1 830.306 0.303846 0.0227316 0.679885 -0.929061 -4.97087 -4.98433 -820.35 0 
1 828.547 0.30467 0.0225222 0.677917 -0.927321 -3.24243 -5.05866 -820.246 0 
3 827.653 0.305179 0.0224196 0.67985 -0.952616 -1.61875 -4.91738 -821.117 0 
1 826.976 0.312413 0.0224678 0.674073 -0.939669 -0.955173 -5.87442 -820.147 0 
1 828.884 0.313654 0.0225531 0.668833 -0.902354 -2.99434 -6.25341 -819.636 0 
3 830.937 0.309644 0.022469 0.670564 -0.897349 -5.38976 -5.93178 -819.616 0 
2 829.85 0.303157 0.0226394 0.679197 -0.924473 -4.54036 -5.05443 -820.255 0 
1 830.169 0.308185 0.0226015 0.674208 -0.916153 -4.94566 -5.39425 -819.829 0 
1 829.982 0.310972 0.0226443 0.671946 -0.91016 -4.53147 -5.76345 -819.687 0 
3 831.418 0.304642 0.022696 0.676837 -0.911782 -6.22836 -5.31638 -819.873 0 
5 831.155 0.301601 0.0226598 0.679141 -0.913223 -5.75561 -5.36164 -820.038 0 
2 831.387 0.304773 0.0224409 0.676991 -0.929707 -6.08168 -4.99466 -820.31 0 
2 829.33 0.310092 0.0226056 0.673 -0.91592 -3.9687 -5.58948 -819.772 0 
1 831.383 0.313583 0.0225344 0.668422 -0.903583 -5.54504 -6.20029 -819.637 0 
4 828.108 0.315268 0.0224604 0.6687 -0.916012 -2.00983 -6.40991 -819.688 0 
1 828.896 0.310845 0.0224681 0.671723 -0.916689 -3.45408 -5.67828 -819.764 0 
1 827.655 0.305592 0.0225847 0.678323 -0.931722 -2.28688 -5.0491 -820.319 0 
1 828.346 0.308372 0.0226604 0.674944 -0.915971 -3.08268 -5.4428 -819.821 0 
2 828.261 0.306064 0.0226946 0.67814 -0.92604 -2.98209 -5.14722 -820.132 0 
4 829.222 0.308136 0.022696 0.674802 -0.907079 -3.88115 -5.63931 -819.702 0 
2 830.616 0.318302 0.0225617 0.664719 -0.89541 -3.68149 -7.18773 -819.746 0 
1 830.305 0.320745 0.0224478 0.663456 -0.905054 -2.8425 -7.72932 -819.733 0 
2 829.047 0.318489 0.0226308 0.665665 -0.896064 -2.06393 -7.23786 -819.746 0 
1 828.066 0.311434 0.0226697 0.673553 -0.917349 -2.52746 -5.77968 -819.759 0 
2 828.024 0.305918 0.0226575 0.678443 -0.927522 -2.7064 -5.13804 -820.179 0 
1 827.71 0.305927 0.022455 0.678827 -0.947649 -1.88454 -4.9809 -820.845 0 
1 828.616 0.299296 0.022536 0.686307 -0.962646 -1.65175 -4.65671 -822.308 0 
3 830.818 0.304665 0.0225362 0.681065 -0.943718 -5.07969 -4.93792 -820.8 0 
1 829.716 0.301619 0.0225676 0.6836 -0.94708 -3.69099 -4.79957 -821.226 0 
1 830.735 0.302623 0.0225379 0.683994 -0.956539 -4.40037 -4.76851 -821.566 0 
5 829.337 0.311289 0.0224815 0.674603 -0.932589 -3.62636 -5.67676 -820.034 0 
2 828.921 0.311098 0.0225148 0.676274 -0.944134 -2.92276 -5.65633 -820.342 0 
2 829.281 0.307033 0.0224999 0.679891 -0.951618 -3.26854 -5.10803 -820.904 0 
1 827.84 0.307083 0.0224357 0.680624 -0.965536 -1.12882 -5.20469 -821.506 0 
1 827.962 0.306937 0.022418 0.681021 -0.969439 -1.01868 -5.23044 -821.713 0 
2 829.28 0.310937 0.0224018 0.678355 -0.969577 -2.06685 -5.92763 -821.286 0 
1 831.492 0.320385 0.0224155 0.664566 -0.902752 -4.10493 -7.64602 -819.741 0 
1 831.494 0.312355 0.0223628 0.67216 -0.924604 -5.7774 -5.87573 -819.841 0 
1 828.5 0.309076 0.0224498 0.676304 -0.937649 -2.86846 -5.35393 -820.278 0 
2 827.137 0.305253 0.0225149 0.680872 -0.954053 -1.03737 -4.9276 -821.172 0 
5 827.543 0.305562 0.0224055 0.681382 -0.966987 -0.762161 -5.03099 -821.75 0 
1 828.32 0.307305 0.0224901 0.681186 -0.975198 -0.942028 -5.41402 -821.964 0 
3 828.741 0.30806 0.0225043 0.681161 -0.978778 -1.06477 -5.6175 -822.059 0 
2 828.336 0.305724 0.0226458 0.681184 -0.954364 -2.22453 -4.9721 -821.14 0 
2 828.234 0.309493 0.0225912 0.674068 -0.920739 -2.88947 -5.47864 -819.866 0 
1 827.551 0.312634 0.0225093 0.671369 -0.919847 -1.86808 -5.91785 -819.765 0 
2 829.826 0.313532 0.0225312 0.668115 -0.897866 -3.88652 -6.30296 -819.637 0 
1 830.612 0.315357 0.0225555 0.667519 -0.90394 -4.46321 -6.50074 -819.648 0 
8 826.987 0.312286 0.0225264 0.673812 -0.937337 -1.0439 -5.84658 -820.097 0 
1 827.109 0.314068 0.0224956 0.670707 -0.921705 -1.18675 -6.16354 -819.758 0 
2 827.68 0.314382 0.0225004 0.669831 -0.913427 -1.73302 -6.2699 -819.677 0 
4 827.721 0.320017 0.022409 0.666244 -0.9225 -0.446207 -7.57133 -819.704 0 
2 827.979 0.317767 0.0225984 0.668444 -0.915273 -1.34411 -6.9585 -819.676 0 
1 829.143 0.318056 0.0226489 0.669482 -0.9259 -2.3366 -7.06741 -819.739 0 
1 827.707 0.307976 0.0226096 0.678725 -0.943637 -1.96328 -5.20754 -820.536 0 
1 828.65 0.304203 0.0226275 0.683674 -0.962 -2.13332 -4.85915 -821.657 0 
2 830.266 0.296613 0.0225946 0.691399 -0.985594 -1.30973 -4.67907 -824.277 0 
3 831.376 0.299076 0.0224471 0.691524 -1.01258 -0.267583 -5.13794 -825.971 0 
1 829.089 0.307265 0.0224305 0.682886 -0.987679 -0.803311 -5.61791 -822.668 0 
3 828.758 0.301748 0.0224655 0.6861 -0.983621 -0.65782 -4.84954 -823.251 0 
3 829.156 0.302701 0.0223584 0.685781 -0.99044 -0.576533 -5.02635 -823.554 0 
1 830.081 0.298 0.0226071 0.690208 -0.98144 -1.69869 -4.65852 -823.723 0 
2 829.922 0.301538 0.0225315 0.688382 -0.993874 -0.961372 -4.96501 -823.996 0 
1 829.009 0.302607 0.0223743 0.68572 -0.987937 -0.636237 -4.97271 -823.4 0 
3 828.982 0.307743 0.0223133 0.680353 -0.974961 -1.64871 -5.4357 -821.898 0 
2 828.803 0.311655 0.0224491 0.678068 -0.969496 -1.50214 -6.08979 -821.211 0 
2 827.763 0.305913 0.0224433 0.681268 -0.963745 -1.17374 -5.03954 -821.549 0 
3 827.173 0.305706 0.0224586 0.680996 -0.962213 -0.664308 -5.00999 -821.499 0 
1 827.095 0.315068 0.0224993 0.671676 -0.932854 -0.819433 -6.3807 -819.895 0 
2 827.029 0.315602 0.0224391 0.671047 -0.938075 -0.501 -6.5565 -819.971 0 
8 827.543 0.313999 0.0224984 0.674843 -0.954412 -0.708969 -6.36943 -820.464 0 
5 827.416 0.310071 0.0224443 0.677839 -0.959358 -0.861089 -5.61278 -820.942 0 
3 826.881 0.308474 0.0225392 0.678437 -0.951267 -0.822257 -5.29053 -820.768 0 
2 829.212 0.3063 0.0226737 0.682657 -0.966227 -2.46834 -5.11659 -821.627 0 
1 829.678 0.304364 0.0225894 0.685377 -0.985504 -1.55807 -5.15566 -822.964 0 
6 828.401 0.308307 0.0224839 0.68136 -0.977429 -0.856877 -5.58697 -821.957 0 
8 827.906 0.31999 0.0224166 0.668911 -0.944722 -0.0897916 -7.87498 -819.942 0 
5 828.232 0.317535 0.0222793 0.671337 -0.960504 -0.336466 -7.47616 -820.419 0 
2 828.76 0.320839 0.0223767 0.665407 -0.925246 -1.18786 -7.85738 -819.715 0 
1 829.366 0.319041 0.0223919 0.664258 -0.902679 -2.35417 -7.30263 -819.709 0 
2 828.469 0.317413 0.0223183 0.669434 -0.937191 -1.5959 -6.97864 -819.895 0 
4 827.786 0.314631 0.0223536 0.670376 -0.929054 -1.66595 -6.27435 -819.846 0 
2 828.08 0.31021 0.0223184 0.674531 -0.942154 -2.23201 -5.50898 -820.339 0 
1 829.078 0.311756 0.0223613 0.671017 -0.918088 -3.50762 -5.80878 -819.762 0 
4 827.77 0.308531 0.0226493 0.675698 -0.920942 -2.45786 -5.40793 -819.904 0 
3 829.481 0.309801 0.0227556 0.676318 -0.930314 -3.97817 -5.4527 -820.05 0 
5 827.942 0.307683 0.022652 0.676303 -0.923412 -2.6645 -5.28723 -819.99 0 
1 827.457 0.307109 0.0225018 0.676751 -0.931297 -2.07444 -5.16771 -820.215 0 
2 829.912 0.31088 0.0224071 0.670858 -0.913167 -4.46903 -5.72377 -819.72 0 
1 830.018 0.304458 0.0225517 0.678393 -0.932283 -4.65221 -4.95473 -820.411 0 
1 829.977 0.310331 0.0226001 0.671427 -0.904274 -4.53572 -5.79461 -819.647 0 
1 829.013 0.31114 0.022729 0.672442 -0.904227 -3.44372 -5.92773 -819.642 0 
2 828.854 0.311424 0.0226771 0.672755 -0.915576 -3.34906 -5.76783 -819.737 0 
7 827.604 0.309911 0.02246 0.673849 -0.927952 -2.1334 -5.47867 -819.992 0 
5 827.543 0.307949 0.0225678 0.676098 -0.928946 -2.18475 -5.25119 -820.107 0 
1 828.318 0.312077 0.0225924 0.670711 -0.903649 -2.64049 -6.04207 -819.636 0 
1 828.034 0.311169 0.0225259 0.672079 -0.912543 -2.52382 -5.80226 -819.708 0 
1 827.281 0.313155 0.0225467 0.671696 -0.919483 -1.51456 -6.01711 -819.75 0 
2 827.601 0.310672 0.0224709 0.67582 -0.950589 -1.37627 -5.65152 -820.573 0 
3 827.244 0.309336 0.0223841 0.67656 -0.952358 -1.07304 -5.43264 -820.738 0 
2 828.5 0.306722 0.0223911 0.678838 -0.958475 -2.16684 -5.1126 -821.221 0 
1 828.18 0.304848 0.0223814 0.680041 -0.955423 -2.01315 -4.89258 -821.274 0 
1 827.441 0.308377 0.0223591 0.678088 -0.961138 -0.900951 -5.36643 -821.173 0 
3 828.475 0.30211 0.022491 0.686237 -0.983041 -0.45747 -4.86243 -823.155 0 
1 828.368 0.303613 0.0225401 0.685059 -0.97937 -0.712402 -4.95912 -822.696 0 
3 828.196 0.304035 0.0226056 0.682168 -0.955425 -2.011 -4.82654 -821.359 0 
6 827.713 0.309127 0.0225685 0.675234 -0.929479 -2.28043 -5.36995 -820.062 0 
1 827.653 0.30569 0.0224955 0.679192 -0.946936 -1.85547 -4.95958 -820.837 0 
1 828.01 0.305324 0.0224504 0.678689 -0.94281 -2.35725 -4.94175 -820.711 0 
1 828.47 0.30829 0.0225234 0.681603 -0.979051 -0.791468 -5.63379 -822.044 0 
2 827.438 0.30458 0.0224664 0.682355 -0.965525 -0.732217 -4.91348 -821.792 0 
2 828.309 0.306434 0.0224797 0.681194 -0.971105 -1.23655 -5.21532 -821.857 0 
1 828.272 0.303964 0.022555 0.680884 -0.947978 -2.40856 -4.82771 -821.035 0 
1 829.735 0.304594 0.0224263 0.681975 -0.972 -2.60184 -4.99841 -822.135 0 
3 828.986 0.304447 0.0223609 0.680625 -0.961219 -2.51516 -4.87975 -821.591 0 
1 829.523 0.304841 0.0222522 0.682701 -0.984855 -1.47771 -5.19379 -822.852 0 
5 829.837 0.297466 0.0224514 0.689429 -0.985034 -1.08467 -4.67372 -824.079 0 
3 827.646 0.303902 0.0224309 0.682559 -0.966491 -0.863056 -4.85856 -821.925 0 
4 827.558 0.306532 0.0223815 0.679084 -0.956627 -1.32857 -5.07042 -821.159 0 
2 828.609 0.302388 0.0224129 0.683621 -0.970046 -1.52599 -4.76579 -822.317 0 
2 828.049 0.305665 0.0224611 0.677718 -0.933629 -2.63627 -5.04021 -820.373 0 
2 828.035 0.309107 0.0224 0.674586 -0.930286 -2.57546 -5.37743 -820.082 0 
2 829.388 0.308277 0.022608 0.675105 -0.913533 -4.06706 -5.53596 -819.785 0 
7 827.217 0.308337 0.0225954 0.678387 -0.945385 -1.39699 -5.25087 -820.569 0 
5 828.903 0.308085 0.0225844 0.680328 -0.957853 -2.57012 -5.27098 -821.062 0 
2 826.928 0.315022 0.0224938 0.671297 -0.930528 -0.70837 -6.36161 -819.858 0 
2 827.141 0.314996 0.0225297 0.672335 -0.939302 -0.698526 -6.42251 -820.02 0 
1 827.8 0.318994 0.0224813 0.668992 -0.937357 -0.492278 -7.4536 -819.855 0 
1 827.797 0.320768 0.0224116 0.666723 -0.929629 -0.194957 -7.85957 -819.742 0 
1 827.576 0.317232 0.0223244 0.670377 -0.946951 -0.397344 -7.08968 -820.089 0 
2 828.33 0.313337 0.0223712 0.675572 -0.963188 -1.16401 -6.3557 -820.81 0 
3 827.603 0.310709 0.0223865 0.678269 -0.973046 -0.150563 -5.98725 -821.465 0 
2 826.753 0.311933 0.0224902 0.675437 -0.949748 -0.427897 -5.86724 -820.458 0 
1 827.96 0.309892 0.0224063 0.679584 -0.977906 -0.25131 -5.91795 -821.791 0 
4 827.992 0.30532 0.0225221 0.682706 -0.972753 -0.83136 -5.07832 -822.083 0 
1 828.279 0.304147 0.0224635 0.680139 -0.947991 -2.4203 -4.84029 -821.019 0 
7 827.129 0.306082 0.0225085 0.679737 -0.951769 -1.1315 -5.00158 -820.996 0 
3 828.719 0.305386 0.0225075 0.679855 -0.942315 -3.05321 -4.978 -820.688 0 
1 827.616 0.307776 0.0224677 0.681055 -0.97438 -0.302082 -5.45067 -821.864 0 
5 828.683 0.305356 0.0223926 0.684084 -0.991809 -0.0508765 -5.41966 -823.213 0 
1 827.589 0.310861 0.0223524 0.676389 -0.963185 -0.71008 -5.85499 -821.024 0 
1 829.122 0.311191 0.022375 0.679712 -0.989905 -0.312853 -6.55294 -822.256 0 
4 828.69 0.314326 0.0222809 0.67227 -0.954008 -1.77053 -6.48849 -820.431 0 
1 829.563 0.316748 0.0224403 0.670576 -0.945434 -2.50162 -6.98521 -820.077 0 
2 827.376 0.313869 0.0225568 0.673264 -0.940017 -1.11057 -6.18074 -820.085 0 
4 827.1 0.312925 0.0225834 0.672819 -0.927573 -1.28275 -5.94502 -819.873 0 
3 827.75 0.308847 0.0223921 0.675298 -0.937735 -2.14499 -5.31149 -820.294 0 
3 828.608 0.303522 0.0224059 0.680518 -0.94993 -2.64445 -4.80125 -821.162 0 
1 829.423 0.298434 0.0225933 0.688571 -0.975021 -1.57564 -4.6388 -823.209 0 
4 827.753 0.303115 0.022542 0.683934 -0.964936 -1.02669 -4.78698 -821.939 0 
2 827.57 0.307367 0.0225911 0.679821 -0.951085 -1.57171 -5.1437 -820.854 0 
5 827.439 0.313406 0.0224318 0.673499 -0.941816 -1.2086 -6.08061 -820.15 0 
2 827.336 0.312724 0.0225107 0.674941 -0.945719 -1.07207 -5.97453 -820.289 0 
1 826.808 0.3136 0.0225058 0.673486 -0.942006 -0.528517 -6.13493 -820.144 0 
3 827.336 0.31448 0.0224357 0.670484 -0.927341 -1.26956 -6.24234 -819.824 0 
2 828.408 0.316699 0.0225366 0.672184 -0.949194 -1.23555 -7.00704 -820.165 0 
2 828.342 0.316236 0.0225139 0.672295 -0.949742 -1.24199 -6.89797 -820.202 0 
1 828.21 0.318674 0.0224951 0.6667 -0.916084 -1.34394 -7.18562 -819.681 0 
5 828.177 0.317909 0.0225467 0.666469 -0.90295 -1.4431 -7.04849 -819.685 0 
2 828.774 0.317535 0.0224825 0.666003 -0.899855 -2.07744 -7.00361 -819.693 0 
1 827.381 0.316024 0.0225261 0.669411 -0.917779 -1.12079 -6.56536 -819.694 0 
2 828.192 0.309832 0.0225248 0.679507 -0.967513 -1.1976 -5.68731 -821.307 0 
3 827.741 0.305814 0.02248 0.682587 -0.976155 -0.349229 -5.18594 -822.205 0 
2 828.696 0.309923 0.0224243 0.677239 -0.963098 -1.90217 -5.68621 -821.108 0 
5 829.811 0.316378 0.0221557 0.671271 -0.960734 -2.17441 -7.13562 -820.501 0 
3 828.943 0.317318 0.0222069 0.670198 -0.953578 -1.45523 -7.24515 -820.242 0 
1 828.696 0.317769 0.022231 0.669084 -0.944828 -1.46957 -7.20501 -820.022 0 
1 828.299 0.318689 0.022276 0.667783 -0.936201 -1.11686 -7.33617 -819.846 0 
2 828.327 0.317168 0.0223922 0.668492 -0.92273 -1.78552 -6.81988 -819.722 0 
2 828.298 0.321009 0.0224614 0.666102 -0.920458 -0.769035 -7.82978 -819.699 0 
1 829.934 0.319052 0.0223938 0.670065 -0.94497 -2.42068 -7.53642 -819.977 0 
2 830.883 0.319483 0.0223997 0.670403 -0.94943 -3.0871 -7.74901 -820.047 0 
1 835.145 0.322068 0.0224593 0.67171 -0.973825 -5.21532 -9.40509 -820.524 0 
3 832.838 0.315163 0.0225132 0.676208 -0.966633 -5.19107 -6.85983 -820.787 0 
2 830.749 0.310459 0.0223173 0.680252 -0.989824 -2.08111 -6.31975 -822.348 0 
1 829.661 0.305335 0.022471 0.683657 -0.976735 -2.2605 -5.09909 -822.301 0 
1 828.58 0.307247 0.0223395 0.680716 -0.973704 -1.34954 -5.33706 -821.893 0 
2 827.621 0.309351 0.0224911 0.677691 -0.949627 -1.57655 -5.40553 -820.639 0 
2 827.375 0.304705 0.0225892 0.681037 -0.947668 -1.53176 -4.88882 -820.954 0 
2 828.308 0.302262 0.0226541 0.682449 -0.942025 -2.54548 -4.81811 -820.945 0 
4 828.018 0.306977 0.0225726 0.676772 -0.924134 -2.72555 -5.25428 -820.039 0 
4 828.742 0.309178 0.0227159 0.676573 -0.925846 -3.33327 -5.43043 -819.978 0 
5 827.587 0.311396 0.0225841 0.675253 -0.935538 -1.80387 -5.68608 -820.097 0 
2 826.852 0.310812 0.0225254 0.67629 -0.946717 -0.784938 -5.62874 -820.438 0 
4 827.421 0.311535 0.0225889 0.673942 -0.925676 -1.8057 -5.73029 -819.885 0 
1 828.872 0.310977 0.0226799 0.675063 -0.924544 -3.32311 -5.66512 -819.884 0 
1 828.695 0.306238 0.0226332 0.676553 -0.915029 -3.4506 -5.36877 -819.876 0 
3 828.62 0.303913 0.022597 0.678986 -0.924301 -3.2941 -5.1209 -820.205 0 
2 828.054 0.310245 0.022556 0.672593 -0.910991 -2.63365 -5.71312 -819.707 0 
3 828.017 0.311892 0.0226175 0.676518 -0.951102 -1.63839 -5.87484 -820.503 0 
5 828.524 0.314557 0.0226359 0.67346 -0.935713 -2.27662 -6.28291 -819.965 0 
1 829.221 0.314035 0.0226889 0.674267 -0.936688 -3.03757 -6.17884 -820.005 0 
7 828.774 0.311532 0.0227078 0.672655 -0.908139 -3.19558 -5.91461 -819.664 0 
1 827.71 0.305211 0.0225616 0.679841 -0.94002 -2.1201 -4.97171 -820.619 0 
1 828.07 0.302381 0.0224842 0.684073 -0.964225 -1.33797 -4.73949 -821.993 0 
4 828.556 0.309516 0.0223769 0.674861 -0.934153 -2.98218 -5.4161 -820.158 0 
1 828.964 0.306654 0.0223436 0.678253 -0.948207 -3.09824 -5.0611 -820.804 0 
11 826.767 0.309838 0.0225267 0.675923 -0.93808 -1.07436 -5.44762 -820.245 0 
2 827.19 0.314937 0.0223878 0.670547 -0.931874 -0.95584 -6.35244 -819.882 0 
3 828.022 0.306028 0.0223676 0.681937 -0.979798 -0.357238 -5.28291 -822.382 0 
4 828.306 0.304437 0.0223914 0.682144 -0.971633 -1.20678 -4.96437 -822.135 0 
1 827.284 0.3051 0.0224867 0.681011 -0.958019 -0.993639 -4.92412 -821.367 0 
2 827.884 0.304635 0.0226102 0.682065 -0.952586 -1.83522 -4.87946 -821.169 0 
1 828.87 0.308137 0.0224845 0.680345 -0.964392 -2.18987 -5.33933 -821.341 0 
1 828.13 0.306542 0.0225133 0.679796 -0.948808 -2.24106 -5.05185 -820.837 0 
2 828.037 0.305219 0.0224606 0.681554 -0.960123 -1.64156 -4.94309 -821.452 0 
1 827.98 0.303393 0.0224601 0.684118 -0.973008 -0.768576 -4.86054 -822.351 0 
3 827.635 0.312567 0.022616 0.674486 -0.938652 -1.61626 -5.90477 -820.114 0 
2 827.697 0.314368 0.0226104 0.673022 -0.933838 -1.52498 -6.23576 -819.936 0 
1 829.086 0.316783 0.0226468 0.668523 -0.905186 -2.62168 -6.80233 -819.662 0 
1 829.168 0.319119 0.0225378 0.664312 -0.894786 -2.00234 -7.38831 -819.778 0 
6 827.801 0.317433 0.0225176 0.668734 -0.924832 -1.15873 -6.90486 -819.737 0 
3 828.803 0.313697 0.0225117 0.671789 -0.932775 -2.75754 -6.10593 -819.94 0 
4 828.941 0.313342 0.0224373 0.674852 -0.962122 -1.75311 -6.41761 -820.771 0 
15 827.87 0.310828 0.0223866 0.678274 -0.976711 -0.119622 -6.1258 -821.625 0 
6 827.586 0.309175 0.0223303 0.678337 -0.968789 -0.546977 -5.60582 -821.433 0 
6 828.538 0.303954 0.0225224 0.685114 -0.983412 -0.584451 -5.05868 -822.895 0 
5 828.738 0.306655 0.0223127 0.681382 -0.983924 -0.727516 -5.47691 -822.533 0 
2 830.459 0.305134 0.0222908 0.684614 -1.00534 -0.495379 -5.7861 -824.178 0 
1 830.499 0.303942 0.0222549 0.685205 -1.00383 -0.687721 -5.52485 -824.286 0 
1 831.512 0.302775 0.0222453 0.685319 -0.991497 -2.86274 -5.03583 -823.614 0 
1 830.774 0.312063 0.0222625 0.676819 -0.971415 -3.31146 -6.20876 -821.253 0 
3 829.819 0.311642 0.0223436 0.678116 -0.975854 -2.10415 -6.21934 -821.495 0 
4 828.432 0.305163 0.0225048 0.682948 -0.968715 -1.5511 -4.9936 -821.887 0 
3 828.733 0.311288 0.0225914 0.675493 -0.93436 -2.98689 -5.67173 -820.074 0 
3 828.3 0.312826 0.022586 0.675775 -0.948282 -1.92658 -6.01783 -820.356 0 
1 829.902 0.314824 0.0226657 0.670824 -0.910502 -3.8533 -6.38971 -819.659 0 
1 830.822 0.321095 0.0225651 0.661572 -0.877573 -2.52805 -8.12629 -820.168 0 
6 828.427 0.319843 0.0224856 0.665464 -0.907209 -1.24104 -7.48412 -819.702 0 
1 829.277 0.320726 0.0224741 0.662888 -0.893599 -1.63769 -7.78954 -819.85 0 
3 827.489 0.315251 0.0224293 0.669728 -0.921944 -1.35178 -6.39733 -819.74 0 
4 826.968 0.3108 0.0224975 0.673921 -0.92875 -1.39298 -5.60354 -819.972 0 
3 828.111 0.304207 0.0224384 0.680067 -0.948234 -2.24126 -4.84659 -821.023 0 
1 827.741 0.306141 0.0224299 0.679725 -0.958711 -1.41046 -5.0404 -821.29 0 
1 827.898 0.305697 0.0224005 0.681354 -0.971592 -0.81181 -5.11366 -821.973 0 
6 827.225 0.311771 0.0223827 0.676041 -0.962696 -0.269926 -6.03157 -820.923 0 
5 827.382 0.306335 0.0224095 0.681 -0.96937 -0.442338 -5.15926 -821.78 0 
2 826.83 0.312659 0.0224625 0.674116 -0.945889 -0.552814 -5.97988 -820.297 0 
2 827.594 0.316154 0.0224459 0.672011 -0.950332 -0.491988 -6.88044 -820.221 0 
1 828.086 0.318206 0.022278 0.669107 -0.946138 -0.687032 -7.36829 -820.031 0 
1 826.957 0.313508 0.0223861 0.674023 -0.953072 -0.257378 -6.24452 -820.456 0 
2 827.394 0.312042 0.02232 0.67474 -0.955364 -0.800148 -5.9602 -820.634 0 
2 828.535 0.310166 0.0223172 0.675534 -0.955107 -2.15232 -5.61052 -820.772 0 
2 828.436 0.313297 0.0222991 0.673462 -0.957031 -1.54509 -6.29344 -820.597 0 
2 829.929 0.316415 0.0222555 0.674047 -0.984165 -0.615604 -7.94445 -821.369 0 
6 828.603 0.319403 0.0223107 0.670249 -0.962039 -0.104422 -8.14789 -820.351 0 
1 829.027 0.314279 0.0222987 0.676305 -0.984365 -0.200627 -7.22254 -821.604 0 
2 828.033 0.318739 0.0224427 0.670477 -0.947841 -0.455379 -7.53362 -820.044 0 
4 829.498 0.322543 0.0224664 0.667307 -0.944836 -0.849661 -8.77386 -819.875 0 
2 828.729 0.320838 0.0224547 0.66857 -0.946575 -0.563455 -8.21926 -819.947 0 
3 828.86 0.313729 0.0224682 0.67707 -0.975461 -0.82097 -6.77645 -821.262 0 
4 828.109 0.30781 0.0225579 0.680183 -0.957636 -1.79751 -5.23283 -821.079 0 
1 827.33 0.313082 0.0226002 0.673813 -0.934072 -1.3607 -5.98009 -819.989 0 
1 829.584 0.319298 0.0224819 0.670549 -0.946364 -1.94113 -7.64826 -819.994 0 
1 827.808 0.320145 0.0224262 0.668372 -0.940039 -0.112056 -7.83105 -819.865 0 
2 827.909 0.316893 0.0224854 0.670652 -0.933816 -1.24175 -6.81022 -819.857 0 
7 827.612 0.318201 0.0224824 0.668424 -0.923651 -0.813943 -7.07876 -819.719 0 
1 831.995 0.326798 0.0223539 0.657077 -0.883767 -1.99273 -9.62474 -820.377 0 
2 832.623 0.319024 0.0223308 0.663023 -0.890515 -5.34673 -7.45007 -819.826 0 
2 832.144 0.310355 0.0222672 0.671589 -0.918634 -6.70465 -5.63426 -819.805 0 
3 831.827 0.311603 0.0223248 0.672461 -0.92567 -6.18977 -5.75412 -819.883 0 
4 830.668 0.30687 0.0223316 0.680996 -0.970972 -3.64377 -5.22601 -821.798 0 
1 829.362 0.303222 0.0223233 0.682305 -0.964515 -2.66579 -4.793 -821.904 0 
1 827.788 0.303804 0.022437 0.682386 -0.962168 -1.24791 -4.82756 -821.712 0 
2 827.487 0.305346 0.0224857 0.679109 -0.941361 -1.8685 -4.9621 -820.656 0 
1 827.344 0.306904 0.0223972 0.680233 -0.966195 -0.589438 -5.19669 -821.557 0 
1 827.556 0.306529 0.022546 0.681568 -0.965316 -0.865653 -5.13393 -821.557 0 
2 832.095 0.306033 0.0227519 0.684501 -0.975418 -4.76148 -5.19726 -822.136 0 
1 829.388 0.309802 0.0225618 0.680744 -0.976309 -1.81317 -5.85263 -821.722 0 
4 828.927 0.311068 0.0225773 0.679071 -0.970985 -1.56316 -6.0291 -821.335 0 
4 828.737 0.305597 0.0225915 0.683733 -0.976226 -1.3495 -5.14956 -822.238 0 
1 828.405 0.312822 0.0226241 0.676124 -0.951507 -1.8859 -6.06617 -820.453 0 
2 826.837 0.311489 0.0225577 0.674346 -0.932834 -1.10808 -5.69882 -820.03 0 
3 827.485 0.305961 0.0225933 0.678667 -0.933937 -2.05793 -5.06417 -820.363 0 
1 827.896 0.30325 0.0225932 0.682653 -0.95449 -1.7206 -4.77715 -821.398 0 
3 827.794 0.305301 0.0225247 0.682865 -0.969776 -0.842333 -5.02554 -821.926 0 
1 827.647 0.305233 0.0224257 0.682206 -0.970388 -0.65505 -5.0255 -821.967 0 
3 829.231 0.305591 0.0225722 0.68443 -0.983124 -1.33266 -5.2614 -822.637 0 
2 826.919 0.308931 0.0225195 0.6779 -0.949335 -0.913543 -5.34439 -820.661 0 
3 828.131 0.307425 0.0224254 0.675812 -0.930816 -2.75294 -5.19427 -820.184 0 
9 828.939 0.305611 0.022648 0.677486 -0.917332 -3.68223 -5.30993 -819.947 0 
1 828.99 0.305442 0.0227004 0.681256 -0.949986 -3.0714 -4.93717 -820.982 0 
1 829.931 0.307554 0.0227757 0.678624 -0.935658 -4.44991 -5.1681 -820.313 0 
2 828.749 0.307615 0.0226747 0.680706 -0.955364 -2.55129 -5.1944 -821.003 0 
1 830.429 0.312499 0.0227098 0.676412 -0.942925 -4.29874 -5.90455 -820.226 0 
3 828.131 0.314481 0.0225668 0.670798 -0.91608 -2.15953 -6.27543 -819.696 0 
1 827.896 0.315059 0.0225194 0.668539 -0.907742 -1.81551 -6.43075 -819.65 0 
1 828.948 0.314371 0.0226644 0.668907 -0.896501 -2.80879 -6.48786 -819.651 0 
1 829.331 0.311387 0.0225538 0.675555 -0.936732 -3.51748 -5.68744 -820.126 0 
3 827.57 0.317414 0.0225159 0.670214 -0.932719 -0.803292 -6.93909 -819.828 0 
1 827.069 0.313261 0.0225151 0.674451 -0.945635 -0.724127 -6.08916 -820.256 0 
2 826.902 0.311071 0.0225357 0.675915 -0.944112 -0.901814 -5.65725 -820.343 0 
3 827.263 0.310783 0.0225801 0.67692 -0.949016 -1.10845 -5.64149 -820.513 0 
1 827.533 0.308905 0.0225436 0.676839 -0.936748 -1.93876 -5.332 -820.262 0 
2 829.59 0.299735 0.0223873 0.68652 -0.975 -1.92537 -4.66181 -823.003 0 
1 828.883 0.301136 0.0225509 0.681955 -0.936379 -3.16375 -4.90302 -820.816 0 
1 827.962 0.30484 0.0224983 0.678699 -0.936132 -2.4899 -4.96055 -820.511 0 
2 829.63 0.298816 0.0225337 0.685357 -0.955364 -2.98175 -4.68936 -821.959 0 
4 828.978 0.301527 0.0225268 0.681709 -0.93689 -3.27379 -4.90167 -820.803 0 
1 827.794 0.302615 0.0225308 0.682132 -0.948291 -1.83614 -4.77822 -821.18 0 
4 829.543 0.301819 0.0225904 0.683069 -0.9428 -3.67788 -4.84656 -821.018 0 
1 830.396 0.302829 0.0224207 0.681929 -0.949251 -4.38824 -4.80627 -821.201 0 
1 830.32 0.301674 0.0226131 0.685654 -0.961275 -3.68109 -4.7167 -821.922 0 
1 829.408 0.305091 0.0225595 0.680847 -0.944529 -3.6625 -4.9505 -820.795 0 
2 829.898 0.308436 0.0224616 0.676724 -0.934953 -4.36127 -5.29736 -820.239 0 
1 829.879 0.304846 0.0223209 0.681866 -0.968514 -3.00737 -4.95654 -821.915 0 
1 829.543 0.304609 0.0224091 0.682514 -0.966067 -2.81212 -4.91405 -821.816 0 
6 830.067 0.305846 0.022576 0.682385 -0.960791 -3.64152 -5.00884 -821.416 0 
4 830.91 0.306673 0.0227745 0.680752 -0.94076 -5.28732 -5.08847 -820.534 0 
5 829.991 0.301621 0.0225833 0.687144 -0.977258 -2.37529 -4.75588 -822.86 0 
1 830.223 0.297459 0.0225868 0.690655 -0.982799 -1.64372 -4.66309 -823.916 0 
3 829.942 0.302582 0.0227168 0.685475 -0.961836 -3.35233 -4.74856 -821.841 0 
1 828.921 0.300101 0.0226492 0.684915 -0.950879 -2.63263 -4.71756 -821.57 0 
1 827.298 0.30841 0.0225788 0.675796 -0.927128 -1.93862 -5.31835 -820.041 0 
6 828.581 0.307531 0.0226729 0.67752 -0.933312 -3.15928 -5.17492 -820.246 0 
1 826.934 0.314145 0.0225031 0.671733 -0.931187 -0.85459 -6.18356 -819.896 0 
1 828.029 0.315722 0.0224491 0.674169 -0.963996 -0.342865 -7.03356 -820.652 0 
1 827.351 0.315586 0.0225332 0.669594 -0.916753 -1.18269 -6.47743 -819.691 0 
1 828.103 0.317511 0.0224663 0.66749 -0.918264 -1.51246 -6.9018 -819.689 0 
1 827.758 0.313878 0.0223816 0.674698 -0.96487 -0.3431 -6.58804 -820.827 0 
2 828.833 0.323181 0.0224501 0.664981 -0.928699 -0.448955 -8.65478 -819.729 0 
2 827.895 0.316511 0.0223864 0.672637 -0.961424 -0.160566 -7.22095 -820.513 0 
1 827.65 0.316926 0.0223246 0.671441 -0.955707 -0.140644 -7.18847 -820.32 0 
2 827.5 0.314752 0.02249 0.673866 -0.954373 -0.506747 -6.5794 -820.414 0 
10 830.853 0.312888 0.0224866 0.679123 -0.991425 -1.62525 -7.10927 -822.119 0 
3 828.398 0.316929 0.0223876 0.67308 -0.967665 -0.195567 -7.51618 -820.686 0 
4 827.574 0.316901 0.0224471 0.671949 -0.952575 -0.217154 -7.11754 -820.239 0 
1 827.877 0.31482 0.0225209 0.672251 -0.940813 -1.40753 -6.40962 -820.06 0 
3 827.982 0.317082 0.0226007 0.670449 -0.929974 -1.3415 -6.84205 -819.799 0 
3 827.176 0.315267 0.0225094 0.671465 -0.931423 -0.893555 -6.4172 -819.865 0 
4 827.673 0.317414 0.0224887 0.6712 -0.946381 -0.461026 -7.14338 -820.068 0 
2 828.25 0.318461 0.0225915 0.669382 -0.927608 -1.32589 -7.17414 -819.75 0 
1 828.566 0.319212 0.0225265 0.670102 -0.944857 -0.951019 -7.64522 -819.969 0 
1 827.454 0.312 0.0225483 0.675817 -0.951684 -1.02833 -5.91146 -820.514 0 
4 826.943 0.307561 0.0224603 0.679236 -0.958874 -0.568889 -5.21892 -821.155 0 
1 827.037 0.311673 0.0224187 0.675752 -0.957347 -0.383354 -5.92177 -820.732 0 
5 828.159 0.312129 0.0224626 0.677744 -0.974434 -0.412768 -6.36719 -821.379 0 
1 828.016 0.308708 0.0224475 0.680456 -0.974251 -0.670283 -5.5988 -821.747 0 
3 827.519 0.312309 0.0223695 0.676488 -0.967997 -0.197063 -6.23575 -821.086 0 
2 827.424 0.309985 0.0224907 0.675489 -0.935166 -1.78971 -5.4753 -820.159 0 
3 827.729 0.314436 0.0225956 0.671613 -0.921956 -1.73709 -6.23731 -819.754 0 
1 827.205 0.315176 0.0225291 0.67097 -0.925647 -1.03917 -6.3817 -819.784 0 
2 828.794 0.317866 0.0224839 0.666955 -0.915766 -2.12973 -6.98595 -819.678 0 
1 827.376 0.317321 0.0223525 0.670252 -0.944818 -0.256233 -7.08011 -820.039 0 
6 828.332 0.310505 0.0225057 0.678529 -0.970413 -1.043 -5.92234 -821.367 0 
1 828.193 0.304957 0.0225811 0.683267 -0.97064 -1.17356 -5.00508 -822.015 0 
5 828.339 0.310077 0.0226908 0.677373 -0.941989 -2.50876 -5.4878 -820.342 0 
2 829.279 0.313563 0.022722 0.673349 -0.923617 -3.41277 -6.07195 -819.794 0 
1 827.784 0.308773 0.0225899 0.677518 -0.938616 -2.1485 -5.31149 -820.324 0 
2 827.555 0.306469 0.0225222 0.680868 -0.958705 -1.22872 -5.07042 -821.256 0 
2 827.429 0.310018 0.0225339 0.673637 -0.92015 -2.02689 -5.56342 -819.839 0 
2 828.139 0.311564 0.0224049 0.671664 -0.92101 -2.57871 -5.75245 -819.807 0 
2 828.832 0.317176 0.0225022 0.665769 -0.896563 -2.16178 -6.96359 -819.707 0 
1 827.907 0.311496 0.0226124 0.672477 -0.912364 -2.36051 -5.84607 -819.701 0 
2 827.693 0.305011 0.0225251 0.678793 -0.935613 -2.23299 -4.97855 -820.482 0 
2 826.83 0.309356 0.0225308 0.675825 -0.934807 -1.26073 -5.386 -820.184 0 
1 826.881 0.311562 0.0225458 0.675566 -0.944275 -0.817293 -5.74693 -820.317 0 
1 827.039 0.313057 0.0224058 0.672789 -0.940507 -0.889077 -6.01448 -820.135 0 
1 828.836 0.309795 0.0222525 0.676799 -0.967111 -1.82926 -5.71418 -821.293 0 
3 827.343 0.310829 0.0223386 0.676671 -0.96346 -0.471809 -5.83354 -821.038 0 
2 827.857 0.310977 0.0223892 0.677041 -0.968068 -0.662624 -5.97793 -821.216 0 
2 828.414 0.315924 0.0222335 0.671557 -0.956651 -1.07949 -6.9269 -820.407 0 
6 829.179 0.319886 0.0222241 0.669427 -0.962591 -0.519199 -8.32143 -820.338 0 
1 829.27 0.318985 0.0223428 0.668937 -0.949368 -1.48758 -7.71675 -820.066 0 
3 828.806 0.319677 0.0225207 0.669702 -0.945156 -1.04334 -7.80375 -819.959 0 
2 828.588 0.318887 0.0224139 0.671369 -0.961372 -0.281878 -7.9436 -820.362 0 
3 829.578 0.322357 0.022465 0.668167 -0.950095 -0.790686 -8.82838 -819.959 0 
4 829.54 0.326263 0.0223314 0.661945 -0.924736 -0.100945 -9.68489 -819.755 0 
3 829.319 0.323485 0.0222828 0.662995 -0.922608 -0.939468 -8.65946 -819.72 0 
8 828.067 0.318411 0.0223729 0.670385 -0.948873 -0.538628 -7.44916 -820.079 0 
5 828.848 0.319118 0.0223163 0.67072 -0.960135 -0.588127 -7.94427 -820.316 0 
1 828.774 0.319407 0.022536 0.670145 -0.942906 -1.20269 -7.64176 -819.929 0 
2 829.019 0.320844 0.0225574 0.668085 -0.931202 -1.37268 -7.89245 -819.754 0 
1 828.185 0.321416 0.0225055 0.665008 -0.913418 -0.558216 -7.92041 -819.707 0 
1 828.522 0.317287 0.0223926 0.672119 -0.96243 -0.532416 -7.49687 -820.493 0 
1 828.723 0.320125 0.022466 0.66966 -0.950743 -0.599749 -8.07504 -820.048 0 
4 828.518 0.312395 0.0224538 0.677937 -0.978379 -0.448332 -6.53869 -821.531 0 
1 827.144 0.315565 0.0223588 0.671426 -0.944897 -0.403681 -6.62222 -820.118 0 
1 827.597 0.317927 0.0223673 0.668843 -0.937455 -0.559749 -7.15345 -819.884 0 
1 827.498 0.311358 0.0223278 0.676589 -0.967392 -0.324614 -6.02209 -821.151 0 
1 827.135 0.312993 0.0224245 0.672983 -0.936539 -1.11834 -5.97059 -820.046 0 
3 828.103 0.309394 0.0226136 0.67404 -0.913401 -2.74665 -5.6026 -819.754 0 
2 827.422 0.313854 0.0225049 0.67412 -0.945785 -0.980794 -6.21413 -820.227 0 
1 827.611 0.31323 0.0223708 0.674371 -0.95274 -0.985746 -6.16115 -820.464 0 
9 827.618 0.314212 0.0224366 0.671037 -0.925515 -1.62588 -6.18792 -819.805 0 
3 827.015 0.311965 0.0224047 0.673323 -0.9369 -1.12835 -5.78472 -820.102 0 
1 828.877 0.305891 0.0222929 0.67927 -0.960512 -2.45647 -5.0215 -821.399 0 
1 828.307 0.308355 0.0223884 0.67524 -0.935533 -2.79165 -5.25505 -820.26 0 
2 827.827 0.306496 0.0224574 0.682358 -0.978785 -0.24202 -5.32356 -822.262 0 
9 827.892 0.303705 0.0225751 0.681628 -0.950297 -1.9224 -4.80933 -821.16 0 
2 828.393 0.305178 0.0225598 0.67739 -0.92284 -3.14197 -5.15522 -820.096 0 
1 827.183 0.308528 0.0225877 0.677358 -0.941249 -1.49419 -5.26916 -820.42 0 
2 829.259 0.300819 0.0227097 0.684261 -0.945977 -3.23967 -4.76166 -821.257 0 
2 828.887 0.301418 0.0226749 0.684375 -0.948423 -2.81098 -4.76747 -821.308 0 
1 829.118 0.302975 0.0226539 0.685423 -0.969017 -2.14143 -4.79649 -822.18 0 
3 827.321 0.316739 0.022425 0.671191 -0.943378 -0.398983 -6.88881 -820.033 0 
1 829.356 0.308649 0.0222403 0.67894 -0.973996 -2.03129 -5.58368 -821.741 0 
1 828.512 0.311451 0.022248 0.674692 -0.955112 -2.01075 -5.83166 -820.67 0 
1 829.021 0.316529 0.022326 0.674292 -0.97825 -0.208748 -7.70083 -821.111 0 
1 829.483 0.316669 0.0223799 0.67474 -0.98082 -0.42555 -7.8549 -821.203 0 
1 828.347 0.312909 0.02225 0.675011 -0.969171 -0.834586 -6.4335 -821.078 0 
1 828.306 0.315761 0.0222784 0.673187 -0.968652 -0.301357 -7.19291 -820.812 0 
3 827.59 0.318818 0.0223652 0.668059 -0.932877 -0.464562 -7.32554 -819.8 0 
1 829.441 0.325516 0.0223878 0.662689 -0.925722 -0.255847 -9.44297 -819.742 0 
1 830.158 0.319239 0.0222435 0.671844 -0.976931 -0.779714 -8.54946 -820.829 0 
3 830.456 0.322237 0.0223443 0.669482 -0.966574 -0.868325 -9.27408 -820.313 0 
1 830.271 0.322109 0.0223414 0.669576 -0.967845 -0.629539 -9.28789 -820.353 0 
1 829.78 0.324744 0.0222556 0.663555 -0.937641 -0.596798 -9.41074 -819.772 0 
2 828.018 0.3201 0.0224252 0.668342 -0.941841 -0.254702 -7.87166 -819.892 0 
1 827.739 0.31701 0.0225415 0.671052 -0.936155 -0.980235 -6.86906 -819.89 0 
4 827.34 0.312126 0.0225483 0.676229 -0.953632 -0.820614 -5.95015 -820.569 0 
2 827.427 0.310546 0.0224643 0.678192 -0.965254 -0.493366 -5.79509 -821.139 0 
6 826.99 0.314129 0.0225162 0.672273 -0.931732 -0.906465 -6.17816 -819.906 0 
1 829.722 0.311291 0.0224961 0.673598 -0.923157 -4.14493 -5.72768 -819.85 0 
1 832.015 0.300484 0.022645 0.686231 -0.955112 -5.53545 -4.73764 -821.742 0 
1 831.823 0.295494 0.022748 0.69074 -0.959657 -4.28818 -4.87215 -822.663 0 
3 832.555 0.298562 0.0225534 0.688747 -0.970223 -5.01567 -4.66394 -822.875 0 
1 834.203 0.291607 0.0226024 0.698091 -1.00699 -2.01287 -4.99054 -827.2 0 
1 835.061 0.296191 0.0225741 0.688676 -0.952285 -7.95623 -4.98061 -822.124 0 
1 835.204 0.29787 0.022614 0.68719 -0.947004 -8.61975 -4.95376 -821.63 0 
1 833.462 0.294076 0.0226417 0.691218 -0.958579 -5.59891 -5.05936 -822.804 0 
5 834.147 0.300104 0.0226064 0.683444 -0.930955 -8.30996 -5.14375 -820.693 0 
5 833.083 0.296333 0.0224302 0.693373 -1.00705 -2.1215 -4.86468 -826.097 0 
2 830.757 0.296071 0.0225234 0.691902 -0.993519 -1.01843 -4.73423 -825.004 0 
2 830.557 0.295933 0.0225376 0.689857 -0.97513 -2.24829 -4.68034 -823.629 0 
3 831.097 0.295868 0.0225432 0.688491 -0.963701 -3.49278 -4.73976 -822.864 0 
2 829.892 0.297315 0.0225654 0.690323 -0.984256 -1.17423 -4.66898 -824.049 0 
1 830.963 0.296013 0.0224793 0.692698 -1.00101 -0.517808 -4.80336 -825.641 0 
3 831.117 0.295213 0.0226216 0.692589 -0.982569 -2.09318 -4.71817 -824.306 0 
1 827.713 0.304128 0.0224841 0.681673 -0.954262 -1.57607 -4.84133 -821.295 0 
6 827.926 0.308481 0.0225516 0.674906 -0.919172 -2.62007 -5.43324 -819.873 0 
3 827.237 0.311946 0.0224169 0.673222 -0.933456 -1.43761 -5.77532 -820.024 0 
1 827.256 0.311497 0.0223765 0.675879 -0.95618 -0.703768 -5.84775 -820.704 0 
1 827.241 0.312601 0.0225635 0.675124 -0.946813 -0.941259 -5.97282 -820.327 0 
1 827.152 0.306325 0.0225743 0.679557 -0.946924 -1.34703 -5.02228 -820.783 0 
1 827.046 0.313108 0.0223814 0.672906 -0.940753 -0.887794 -6.01943 -820.138 0 
3 828.158 0.305684 0.0223352 0.680442 -0.964206 -1.53945 -5.02107 -821.598 0 
5 827.42 0.30541 0.0224415 0.680148 -0.955517 -1.25421 -4.94479 -821.221 0 
1 827.074 0.308156 0.0225033 0.678521 -0.954795 -0.86969 -5.27288 -820.931 0 
4 828.622 0.303542 0.0225417 0.680765 -0.945659 -2.83156 -4.81308 -820.978 0 
4 828.929 0.307857 0.0225808 0.674603 -0.916775 -3.70295 -5.37535 -819.851 0 
2 826.898 0.308321 0.0224509 0.67817 -0.95526 -0.664649 -5.29862 -820.935 0 
6 827.112 0.312742 0.0224286 0.673193 -0.941413 -0.977972 -5.96016 -820.174 0 
1 829.005 0.312419 0.0222135 0.673518 -0.954852 -2.37711 -6.0392 -820.589 0 
1 829.252 0.312975 0.0222612 0.672916 -0.953276 -2.59519 -6.15937 -820.498 0 
3 827.865 0.318661 0.0224894 0.666376 -0.911846 -1.01167 -7.17822 -819.675 0 
4 829.328 0.322011 0.0223057 0.663877 -0.92242 -1.43325 -8.18628 -819.708 0 
1 828.732 0.319851 0.0222709 0.666073 -0.929194 -1.39525 -7.5897 -819.747 0 
3 829.26 0.313006 0.0221982 0.675801 -0.978855 -1.07407 -6.69876 -821.487 0 
1 830.369 0.312807 0.0223254 0.679135 -0.998743 -0.527013 -7.31325 -822.529 0 
1 830.596 0.314924 0.022428 0.677431 -0.989285 -1.24983 -7.581 -821.765 0 
1 829.685 0.314695 0.0223772 0.676637 -0.982204 -0.989595 -7.23571 -821.46 0 
4 827.315 0.309174 0.022354 0.677961 -0.963941 -0.56953 -5.52981 -821.216 0 
1 828.082 0.3178 0.0224157 0.671262 -0.949964 -0.663594 -7.28795 -820.131 0 
1 827.431 0.317815 0.0224391 0.670495 -0.943399 -0.251506 -7.18775 -819.992 0 
3 827.593 0.315372 0.02241 0.673913 -0.96182 -0.106907 -6.88078 -820.606 0 
4 828.067 0.30855 0.0224604 0.681072 -0.980262 -0.280182 -5.71085 -822.076 0 
1 827.081 0.308986 0.0225235 0.67871 -0.956816 -0.736569 -5.4069 -820.938 0 
4 828.32 0.306065 0.0225502 0.680718 -0.960212 -1.90954 -5.04424 -821.366 0 
1 830.197 0.306395 0.0222643 0.677012 -0.945749 -4.43509 -5.02847 -820.733 0 
12 828.396 0.303921 0.0223467 0.682737 -0.974479 -1.09747 -4.93475 -822.364 0 
1 828.656 0.307907 0.02234 0.680875 -0.979593 -0.978787 -5.55509 -822.122 0 
2 828.596 0.315554 0.0223437 0.674869 -0.97586 -0.175285 -7.31581 -821.105 0 
3 827.641 0.317555 0.022412 0.670805 -0.949701 -0.248405 -7.2568 -820.136 0 
1 827.603 0.315121 0.022378 0.673878 -0.961094 -0.216137 -6.78696 -820.6 0 
5 828.398 0.310043 0.0223007 0.679054 -0.983731 -0.202513 -6.12344 -822.072 0 
1 828.813 0.307313 0.0223704 0.680936 -0.981802 -0.934071 -5.55682 -822.322 0 
1 828.629 0.309265 0.022381 0.680809 -0.989346 -0.0374665 -6.1081 -822.484 0 
2 828.453 0.310206 0.0223795 0.674485 -0.942604 -2.58622 -5.51429 -820.352 0 
1 830.174 0.31054 0.0223734 0.672042 -0.924887 -4.70005 -5.56804 -819.906 0 
2 829.786 0.304737 0.022583 0.678934 -0.936644 -4.32321 -4.92624 -820.536 0 
9 830.911 0.306586 0.0225994 0.675705 -0.920362 -5.72806 -5.21184 -819.971 0 
2 831.85 0.301953 0.0227035 0.683904 -0.955163 -5.57374 -4.70256 -821.574 0 
1 828.781 0.307927 0.0225828 0.679503 -0.959424 -2.34851 -5.28913 -821.143 0 
1 828.433 0.302596 0.0225668 0.685016 -0.972628 -1.19634 -4.79878 -822.438 0 
1 828.28 0.303736 0.0225756 0.684441 -0.970272 -1.26194 -4.8676 -822.151 0 
6 827.282 0.310655 0.0223772 0.674868 -0.94303 -1.36268 -5.58263 -820.337 0 
2 829.362 0.30029 0.0223776 0.685198 -0.968757 -2.16956 -4.66086 -822.531 0 
1 829.226 0.303316 0.0222968 0.682619 -0.972598 -2.03158 -4.85616 -822.338 0 
1 827.316 0.306624 0.022479 0.680726 -0.965799 -0.584553 -5.16201 -821.57 0 
2 827.201 0.308615 0.0223893 0.678337 -0.960077 -0.713734 -5.38173 -821.105 0 
1 829.101 0.304194 0.0224056 0.679275 -0.939472 -3.504 -4.91845 -820.679 0 
9 828.418 0.308977 0.0225612 0.677817 -0.952682 -2.25266 -5.3861 -820.779 0 
1 828.623 0.310008 0.0226255 0.678911 -0.96107 -1.96157 -5.64515 -821.016 0 
9 827.453 0.306016 0.022595 0.680413 -0.951656 -1.4605 -4.99468 -820.998 0 
8 827.519 0.305412 0.0225935 0.681718 -0.957797 -1.24232 -4.95324 -821.324 0 
1 828.174 0.310756 0.0225074 0.678641 -0.971682 -0.782369 -5.99311 -821.398 0 
4 827.451 0.309569 0.0226027 0.677134 -0.944906 -1.56398 -5.42215 -820.465 0 
2 828.14 0.309404 0.0225106 0.677727 -0.957547 -1.70396 -5.50626 -820.93 0 
4 828.173 0.309091 0.0225267 0.677736 -0.954746 -1.90151 -5.42313 -820.848 0 
5 829.139 0.310512 0.0224424 0.680481 -0.988529 -0.519016 -6.3499 -822.27 0 
3 828.62 0.31833 0.0225273 0.671487 -0.950233 -1.03591 -7.47147 -820.113 0 
1 829.235 0.317562 0.0226536 0.67022 -0.923808 -2.59135 -6.91756 -819.726 0 
4 828.369 0.314871 0.0226483 0.671635 -0.921131 -2.30728 -6.32391 -819.737 0 
1 828.66 0.320881 0.022499 0.663948 -0.903287 -1.14309 -7.76706 -819.75 0 
6 828.727 0.319277 0.0225231 0.664654 -0.898832 -1.59599 -7.38746 -819.743 0 
2 827.895 0.313754 0.0226268 0.670492 -0.910145 -2.05046 -6.18354 -819.661 0 
2 828.099 0.314422 0.0225412 0.674323 -0.954016 -1.17783 -6.49694 -820.425 0 
2 827.95 0.315235 0.0225499 0.673827 -0.95173 -0.996359 -6.64452 -820.309 0 
1 828.032 0.31713 0.0224709 0.672126 -0.954725 -0.512661 -7.23692 -820.283 0 
3 827.65 0.312865 0.022523 0.675113 -0.953132 -1.02911 -6.1196 -820.501 0 
1 828.109 0.307873 0.0225483 0.681355 -0.973042 -0.876692 -5.44774 -821.784 0 
5 827.257 0.309461 0.022458 0.675579 -0.935992 -1.64685 -5.40071 -820.209 0 
3 827.839 0.316005 0.0224362 0.672798 -0.951318 -0.771519 -6.81328 -820.255 0 
1 827.198 0.31427 0.0224294 0.674108 -0.954424 -0.313974 -6.43769 -820.447 0 
2 827.437 0.316203 0.0223789 0.669171 -0.927312 -1.03865 -6.61447 -819.784 0 
1 827.222 0.31543 0.0224202 0.671633 -0.93935 -0.707859 -6.5108 -820.003 0 
2 828.191 0.318666 0.0224091 0.669315 -0.937457 -1.00309 -7.32317 -819.864 0 
2 828.421 0.317312 0.0223573 0.671576 -0.952892 -0.996755 -7.19935 -820.225 0 
1 827.439 0.31699 0.0223577 0.670879 -0.947146 -0.314518 -7.02096 -820.104 0 
1 827.986 0.311081 0.0224985 0.676435 -0.947966 -1.84974 -5.67707 -820.459 0 
5 828.205 0.320107 0.0224715 0.667624 -0.933391 -0.687993 -7.73387 -819.784 0 
3 829.217 0.320213 0.0223575 0.668305 -0.949474 -1.08529 -8.11157 -820.02 0 
1 828.908 0.321384 0.0225679 0.665597 -0.91634 -1.27339 -7.93326 -819.701 0 
1 828.383 0.316507 0.0225808 0.672097 -0.939047 -1.6581 -6.76811 -819.957 0 
3 827.467 0.31 0.0226131 0.675776 -0.930873 -1.92288 -5.4902 -820.053 0 
3 827.398 0.314574 0.0225474 0.672932 -0.937495 -1.09813 -6.29998 -819.999 0 
2 826.74 0.311776 0.0224198 0.675027 -0.949292 -0.456339 -5.83019 -820.454 0 
1 826.797 0.307878 0.0225007 0.678539 -0.951585 -0.756096 -5.21123 -820.83 0 
1 827.929 0.304209 0.0226364 0.680154 -0.933877 -2.47507 -4.97269 -820.481 0 
3 827.877 0.303407 0.0226365 0.681688 -0.942849 -2.15651 -4.84534 -820.875 0 
1 827.957 0.303486 0.0225615 0.680341 -0.937557 -2.39888 -4.89268 -820.665 0 
2 826.863 0.311606 0.0225078 0.675927 -0.94977 -0.583094 -5.79932 -820.48 0 
4 826.871 0.312653 0.022478 0.674722 -0.949804 -0.439183 -6.02045 -820.412 0 
1 827.012 0.315609 0.0225076 0.67079 -0.930844 -0.667773 -6.49805 -819.846 0 
1 827.141 0.30595 0.0225007 0.680243 -0.952886 -1.09398 -4.9923 -821.055 0 
3 827.478 0.312196 0.0224899 0.671917 -0.919442 -1.84283 -5.86551 -819.77 0 
2 828.03 0.30902 0.02244 0.678703 -0.959375 -1.56421 -5.42812 -821.038 0 
1 830.096 0.303393 0.0224821 0.687272 -0.999692 -0.713651 -5.29865 -824.084 0 
2 829.797 0.306927 0.022581 0.683738 -0.985786 -1.65562 -5.53674 -822.604 0 
1 829.568 0.304986 0.0224666 0.685601 -0.997679 -0.402903 -5.50043 -823.664 0 
1 828.564 0.303155 0.0226031 0.684919 -0.972188 -1.38907 -4.83889 -822.336 0 
7 828.97 0.301719 0.0224547 0.686975 -0.987868 -0.540292 -4.8878 -823.542 0 
2 829.069 0.303647 0.0225274 0.686018 -0.987676 -0.768446 -5.08588 -823.215 0 
2 828.945 0.305312 0.0224489 0.682812 -0.980725 -1.19512 -5.21574 -822.535 0 
6 829.028 0.301708 0.0225576 0.685806 -0.975762 -1.51012 -4.76364 -822.754 0 
1 828.397 0.306427 0.0225326 0.682121 -0.974611 -1.09251 -5.26182 -822.042 0 
4 827.735 0.308196 0.0224718 0.680729 -0.975565 -0.303673 -5.55769 -821.874 0 
1 828.913 0.304621 0.022522 0.684001 -0.980949 -1.14782 -5.1187 -822.646 0 
2 828.373 0.305433 0.0225063 0.683777 -0.982618 -0.500966 -5.24274 -822.629 0 
1 828.669 0.304235 0.0224483 0.68073 -0.955776 -2.47394 -4.84088 -821.354 0 
1 828.753 0.305439 0.0224486 0.678008 -0.93929 -3.21519 -4.96197 -820.575 0 
2 828.712 0.30312 0.022503 0.679711 -0.932457 -3.23905 -4.96086 -820.512 0 
1 828.017 0.303189 0.0224779 0.681173 -0.946054 -2.17203 -4.8177 -821.027 0 
1 827.252 0.306705 0.0224261 0.678544 -0.949164 -1.35197 -5.06304 -820.837 0 
1 829.801 0.307184 0.0226306 0.674071 -0.900955 -4.41019 -5.73528 -819.655 0 
3 827.669 0.30708 0.0226102 0.676709 -0.925197 -2.38674 -5.22322 -820.059 0 
1 827.145 0.307851 0.0225059 0.680025 -0.963499 -0.510482 -5.30451 -821.33 0 
4 827.885 0.308096 0.0223518 0.68032 -0.977102 -0.364536 -5.55477 -821.966 0 
4 826.927 0.311556 0.0225066 0.676267 -0.952821 -0.52038 -5.82347 -820.584 0 
2 828.373 0.319341 0.022387 0.666765 -0.92103 -1.31222 -7.36306 -819.698 0 
3 828.189 0.319126 0.0224733 0.667529 -0.920645 -1.18913 -7.30308 -819.697 0 
1 827.535 0.316772 0.0224856 0.671029 -0.937484 -0.796234 -6.8192 -819.92 0 
1 827.181 0.316388 0.022524 0.670222 -0.927335 -0.745256 -6.65536 -819.78 0 
5 827.332 0.312995 0.0225928 0.673948 -0.934764 -1.35976 -5.96525 -820.007 0 
1 828.963 0.317517 0.0225585 0.665514 -0.89306 -2.13595 -7.08072 -819.746 0 
2 828.241 0.3165 0.0226091 0.667746 -0.903069 -1.82709 -6.7521 -819.662 0 
2 827.786 0.31365 0.0225483 0.670271 -0.910255 -1.94747 -6.17654 -819.662 0 
1 828.328 0.310222 0.0224817 0.67228 -0.914676 -2.93409 -5.6419 -819.752 0 
5 828.737 0.305799 0.0226012 0.677381 -0.926744 -3.47178 -5.10089 -820.165 0 
1 828.339 0.305336 0.0226939 0.678687 -0.925077 -3.05643 -5.13712 -820.146 0 
2 829.294 0.302446 0.0226848 0.680087 -0.921562 -3.92073 -5.15903 -820.214 0 
1 830.581 0.306445 0.0227648 0.674921 -0.897427 -5.1453 -5.80049 -819.635 0 
1 829.819 0.304093 0.0226686 0.677821 -0.916036 -4.5912 -5.24216 -819.985 0 
3 832.181 0.301091 0.0227193 0.682459 -0.936995 -6.50475 -4.83165 -820.845 0 
1 831.351 0.304669 0.0223941 0.680076 -0.959726 -4.96098 -4.89657 -821.493 0 
1 831.425 0.297836 0.0224191 0.688019 -0.981436 -3.01553 -4.65825 -823.752 0 
2 830.912 0.301953 0.0224272 0.680704 -0.944046 -5.08915 -4.76443 -821.059 0 
2 831.768 0.304702 0.0224438 0.675305 -0.909568 -6.50053 -5.43822 -819.83 0 
1 832.293 0.30961 0.0223844 0.670508 -0.899916 -6.77886 -5.88743 -819.626 0 
2 829.894 0.313833 0.0224292 0.667641 -0.899358 -3.91822 -6.33865 -819.638 0 
1 828.691 0.316616 0.0222403 0.669441 -0.942835 -1.79037 -6.87329 -820.027 0 
3 831.516 0.313908 0.0220942 0.671968 -0.958659 -4.4546 -6.45471 -820.607 0 
6 831.526 0.31587 0.0220832 0.670736 -0.960674 -3.97101 -7.02166 -820.533 0 
1 832.166 0.311924 0.0221313 0.67919 -1.00691 -1.63316 -7.39031 -823.143 0 
1 831.817 0.313032 0.0221529 0.678437 -1.00687 -1.10118 -7.74423 -822.972 0 
6 828.197 0.311902 0.0223448 0.677016 -0.976032 -0.348675 -6.37282 -821.475 0 
2 829.649 0.304248 0.0222891 0.684606 -0.997332 -0.489906 -5.39261 -823.766 0 
1 833.65 0.300892 0.022411 0.687281 -0.998792 -4.09617 -5.07565 -824.478 0 
2 831.805 0.307031 0.0224626 0.685293 -1.01145 -1.16894 -6.36205 -824.274 0 
2 829.973 0.309988 0.0224043 0.679829 -0.987909 -1.38552 -6.28272 -822.305 0 
3 830.111 0.31822 0.0223878 0.670476 -0.956823 -2.15772 -7.67501 -820.278 0 
2 831.529 0.322459 0.0224348 0.667835 -0.954912 -2.40196 -9.08533 -820.042 0 
1 828.661 0.318931 0.022399 0.670321 -0.955876 -0.605363 -7.83965 -820.216 0 
2 829.684 0.314791 0.0224784 0.676504 -0.97931 -1.13028 -7.23068 -821.323 0 
1 829.745 0.310556 0.0224466 0.680455 -0.991684 -0.802297 -6.50323 -822.439 0 
3 830.557 0.306963 0.0226084 0.681516 -0.970703 -3.48601 -5.2977 -821.773 0 
2 828.807 0.312572 0.0226286 0.676741 -0.956504 -2.08226 -6.0913 -820.633 0 
1 829.317 0.311791 0.0225192 0.679083 -0.977056 -1.46742 -6.3151 -821.535 0 
1 828.182 0.313596 0.0224245 0.676552 -0.973141 -0.323869 -6.68119 -821.177 0 
2 827.218 0.308399 0.0225257 0.679228 -0.956918 -0.907517 -5.31569 -820.995 0 
2 827.899 0.301733 0.0225273 0.684589 -0.963999 -1.13154 -4.70445 -822.063 0 
1 827.668 0.30615 0.0224386 0.679695 -0.95207 -1.65329 -5.01191 -821.002 0 
1 828.053 0.307553 0.0223065 0.679555 -0.971667 -0.922804 -5.37728 -821.753 0 
1 828.021 0.315703 0.0222647 0.671404 -0.951317 -0.992622 -6.75761 -820.271 0 
2 828.232 0.308945 0.0223053 0.679576 -0.979065 -0.511877 -5.75657 -821.964 0 
5 828.866 0.303594 0.022413 0.685623 -0.992924 -0.100296 -5.19196 -823.574 0 
3 828.676 0.314758 0.0222215 0.673221 -0.964053 -1.18319 -6.76543 -820.727 0 
1 827.158 0.313827 0.022392 0.674283 -0.955981 -0.273528 -6.35968 -820.525 0 
4 827.963 0.312768 0.02234 0.676627 -0.974432 -0.145177 -6.50418 -821.314 0 
1 826.911 0.315841 0.0224242 0.670933 -0.937708 -0.352485 -6.60272 -819.956 0 
1 827.43 0.312753 0.0224724 0.675193 -0.950339 -0.981421 -6.02662 -820.422 0 
4 827.301 0.317126 0.0225107 0.670082 -0.930968 -0.635396 -6.85453 -819.811 0 
1 828.295 0.319994 0.0223632 0.667058 -0.935206 -0.757775 -7.73214 -819.805 0 
1 828.814 0.321249 0.0224376 0.665262 -0.922576 -1.15437 -7.95413 -819.705 0 
4 827.949 0.316651 0.0225464 0.670441 -0.933419 -1.31761 -6.77389 -819.857 0 
2 827.473 0.30857 0.0225811 0.676563 -0.93623 -1.92773 -5.27807 -820.267 0 
6 827.738 0.309754 0.0225463 0.673848 -0.922192 -2.35587 -5.49914 -819.883 0 
1 827.665 0.311779 0.0224312 0.672077 -0.925445 -2.03592 -5.75636 -819.873 0 
2 827.6 0.31401 0.0225704 0.670206 -0.91123 -1.71295 -6.22116 -819.666 0 
1 828.662 0.313858 0.022493 0.66918 -0.91067 -2.81649 -6.18258 -819.663 0 
1 827.748 0.312041 0.0223164 0.674252 -0.953589 -1.22582 -5.9478 -820.574 0 
1 827.188 0.311274 0.0223481 0.6756 -0.956959 -0.60981 -5.82825 -820.75 0 
6 827.913 0.318948 0.0224785 0.668542 -0.934161 -0.699811 -7.40003 -819.813 0 
3 828.082 0.320118 0.0224184 0.669129 -0.947259 -0.129662 -7.97058 -819.982 0 
5 828.935 0.323843 0.0224485 0.664629 -0.928858 -0.320633 -8.88326 -819.731 0 
10 829.724 0.323636 0.0223576 0.665737 -0.945602 -0.644643 -9.21708 -819.862 0 
1 827.875 0.321177 0.0224199 0.665825 -0.924788 -0.226633 -7.93525 -819.713 0 
1 827.614 0.317967 0.0224639 0.670525 -0.942499 -0.431935 -7.21285 -819.969 0 
4 827.767 0.320118 0.0224603 0.668065 -0.935062 -0.225555 -7.74003 -819.802 0 
8 827.878 0.309419 0.0225197 0.676857 -0.949262 -1.82844 -5.42777 -820.621 0 
1 827.185 0.312173 0.0225655 0.675271 -0.945725 -0.985065 -5.87786 -820.322 0 
3 828.623 0.31169 0.0227014 0.672197 -0.908843 -3.0565 -5.89861 -819.668 0 
4 828.132 0.311056 0.0226917 0.673625 -0.916944 -2.64833 -5.72107 -819.763 0 
1 828.638 0.308587 0.0226717 0.675593 -0.916799 -3.32001 -5.49029 -819.828 0 
4 828.746 0.31394 0.0226782 0.669617 -0.900053 -2.75375 -6.35421 -819.638 0 
2 829.215 0.315827 0.0226746 0.667755 -0.896988 -2.84331 -6.6968 -819.675 0 
3 827.784 0.313596 0.0226532 0.672317 -0.921715 -1.93676 -6.07954 -819.768 0 
1 828.399 0.306748 0.0226582 0.676181 -0.915804 -3.17722 -5.35024 -819.872 0 
3 828.703 0.314833 0.0226555 0.669893 -0.911572 -2.68859 -6.35029 -819.664 0 
4 827.011 0.312069 0.0225446 0.674047 -0.936756 -1.11295 -5.80443 -820.093 0 
5 826.931 0.308458 0.022422 0.678354 -0.958676 -0.522341 -5.34768 -821.061 0 
1 826.707 0.310752 0.022455 0.675099 -0.942479 -0.794093 -5.59818 -820.315 0 
4 827.158 0.314656 0.0223523 0.672523 -0.948835 -0.443416 -6.45096 -820.263 0 
5 826.942 0.308041 0.0224425 0.678372 -0.953597 -0.805127 -5.24278 -820.894 0 
2 828.292 0.306984 0.0224407 0.682137 -0.983616 -0.302389 -5.52025 -822.47 0 
4 828.325 0.309972 0.0224161 0.680102 -0.983941 -0.132432 -6.10077 -822.092 0 
1 828.163 0.310608 0.0223719 0.679156 -0.98248 -0.0194697 -6.2066 -821.937 0 
4 827.963 0.314058 0.022387 0.671213 -0.93598 -1.77763 -6.1962 -819.989 0 
1 829.875 0.304162 0.0225535 0.683435 -0.973308 -2.64707 -4.96357 -822.265 0 
2 829.001 0.307143 0.0222809 0.679005 -0.968573 -2.07418 -5.2806 -821.646 0 
1 828.409 0.309893 0.022388 0.677186 -0.964177 -1.5583 -5.69448 -821.156 0 
4 829.022 0.308772 0.0222529 0.678004 -0.971586 -1.80904 -5.60375 -821.609 0 
6 829.331 0.314514 0.022335 0.671701 -0.948477 -2.61543 -6.45421 -820.262 0 
1 829.164 0.316389 0.0223325 0.671167 -0.954711 -1.77539 -7.06414 -820.324 0 
1 829.214 0.31753 0.0223749 0.670373 -0.951766 -1.69782 -7.32969 -820.186 0 
2 828.058 0.314637 0.0224674 0.671703 -0.939252 -1.66932 -6.35495 -820.034 0 
3 828.661 0.314803 0.0225277 0.674681 -0.960792 -1.31266 -6.73518 -820.613 0 
3 827.752 0.309023 0.0225113 0.679869 -0.967219 -0.836407 -5.53819 -821.377 0 
1 826.967 0.309259 0.0224746 0.678568 -0.961515 -0.353961 -5.50901 -821.104 0 
3 827.594 0.305453 0.0225886 0.681919 -0.959029 -1.25545 -4.96233 -821.376 0 
1 827.666 0.306077 0.0226062 0.681434 -0.957727 -1.39169 -5.02217 -821.252 0 
2 828.007 0.301566 0.0225318 0.683997 -0.958801 -1.5061 -4.69686 -821.804 0 
6 828.103 0.306187 0.0224708 0.68285 -0.981731 -0.291654 -5.34055 -822.471 0 
2 827.676 0.30623 0.0224693 0.680556 -0.963939 -1.05689 -5.09509 -821.524 0 
1 828.461 0.304448 0.0225077 0.680409 -0.950492 -2.51081 -4.85342 -821.096 0 
2 828.783 0.30229 0.0225215 0.682018 -0.949685 -2.76394 -4.74267 -821.276 0 
4 827.44 0.307873 0.0225291 0.675816 -0.926686 -2.10985 -5.27457 -820.056 0 
7 827.947 0.305843 0.0226344 0.678814 -0.93093 -2.57224 -5.0955 -820.28 0 
7 827.822 0.303835 0.0224571 0.683532 -0.971001 -0.760356 -4.88362 -822.178 0 
4 829.488 0.305852 0.0224816 0.676737 -0.922109 -4.21158 -5.23159 -820.044 0 
3 829.432 0.300403 0.0226316 0.682363 -0.929927 -3.74803 -5.05397 -820.63 0 
1 828.314 0.301522 0.022514 0.684084 -0.956851 -1.89305 -4.71268 -821.709 0 
2 827.551 0.306983 0.0226221 0.677621 -0.929404 -2.19772 -5.18234 -820.17 0 
3 827.526 0.305335 0.0225725 0.679404 -0.937377 -2.01313 -4.99521 -820.517 0 
5 826.817 0.314774 0.0224634 0.672451 -0.941803 -0.342706 -6.39038 -820.084 0 
3 827.53 0.319342 0.0224715 0.667699 -0.925972 -0.40042 -7.4027 -819.727 0 
2 828.206 0.314877 0.0226011 0.672003 -0.926462 -2.08419 -6.3201 -819.802 0 
3 828.795 0.305146 0.0225412 0.681767 -0.954725 -2.65716 -4.92472 -821.213 0 
2 829.691 0.310626 0.0225904 0.675326 -0.927879 -4.1252 -5.60445 -819.961 0 
1 828.556 0.310098 0.0225798 0.67707 -0.941779 -2.73068 -5.49108 -820.335 0 
3 827.673 0.307512 0.0226363 0.679556 -0.947863 -1.79932 -5.15332 -820.721 0 
2 828.699 0.303571 0.0227066 0.682852 -0.949912 -2.73338 -4.80884 -821.157 0 
2 829.574 0.301949 0.0226621 0.685823 -0.96355 -2.84311 -4.71996 -822.011 0 
1 828.5 0.303067 0.0225149 0.684336 -0.9673 -1.63334 -4.79338 -822.073 0 
1 828.602 0.306455 0.0225105 0.677761 -0.931484 -3.2039 -5.13982 -820.259 0 
1 828.532 0.308276 0.0226105 0.679027 -0.946309 -2.68009 -5.24673 -820.605 0 
2 828.218 0.303977 0.0224681 0.682219 -0.957796 -1.90799 -4.83289 -821.477 0 
2 827.825 0.304739 0.0225376 0.680641 -0.945077 -2.06674 -4.9117 -820.847 0 
1 827.467 0.307944 0.0224483 0.677038 -0.939928 -1.84159 -5.208 -820.418 0 
1 829.509 0.309959 0.022386 0.675736 -0.940978 -3.71896 -5.47048 -820.32 0 
1 829.811 0.311633 0.0223869 0.67556 -0.948607 -3.59252 -5.77659 -820.442 0 
1 828.161 0.315837 0.0224622 0.671739 -0.937746 -1.62082 -6.58343 -819.956 0 
1 828.832 0.320462 0.0226155 0.666766 -0.915689 -1.48547 -7.65465 -819.692 0 
1 827.459 0.3147 0.022478 0.670854 -0.924218 -1.39814 -6.28454 -819.776 0 
2 827.517 0.317287 0.0224819 0.667959 -0.915649 -0.993006 -6.84682 -819.677 0 
1 828.449 0.317759 0.022292 0.668315 -0.937458 -1.44738 -7.11264 -819.889 0 
1 828.578 0.320072 0.0223544 0.664875 -0.913578 -1.34725 -7.54199 -819.689 0 
5 827.937 0.313322 0.0223264 0.675895 -0.972206 -0.185012 -6.58786 -821.165 0 
1 827.749 0.315024 0.0223435 0.673786 -0.961648 -0.353344 -6.77081 -820.625 0 
2 827.832 0.314064 0.0224511 0.674062 -0.956575 -0.839096 -6.46553 -820.528 0 
2 828.931 0.309695 0.0223776 0.678271 -0.973654 -1.48361 -5.84276 -821.605 0 
6 830.972 0.312067 0.0222453 0.677294 -0.989831 -1.94658 -6.88706 -822.139 0 
1 832.1 0.311871 0.0221643 0.678505 -1.00432 -1.72929 -7.37842 -822.992 0 
1 831.937 0.322306 0.0222076 0.668464 -0.974642 -1.6402 -9.76328 -820.533 0 
1 832.48 0.317953 0.0222395 0.67486 -0.995684 -1.91586 -8.83787 -821.726 0 
7 828.358 0.317446 0.0223225 0.672347 -0.965771 -0.18429 -7.58705 -820.586 0 
1 828.341 0.313351 0.0222724 0.675747 -0.975962 -0.30753 -6.71169 -821.322 0 
3 828.082 0.309985 0.0222842 0.676954 -0.966307 -1.11565 -5.7279 -821.238 0 
1 828.248 0.304559 0.0223759 0.682956 -0.97945 -0.604161 -5.07859 -822.566 0 
3 828.126 0.308297 0.0223501 0.677088 -0.95432 -1.9332 -5.29294 -820.9 0 
1 827.648 0.310276 0.0224141 0.673599 -0.928664 -2.12585 -5.5297 -819.992 0 
1 827.999 0.310072 0.0224104 0.678475 -0.966548 -1.0465 -5.71275 -821.24 0 
8 827.669 0.306222 0.022393 0.679369 -0.953857 -1.57671 -5.02241 -821.07 0 
1 826.828 0.312953 0.0224139 0.673676 -0.944242 -0.577284 -6.01493 -820.236 0 
1 827.859 0.32054 0.0223574 0.666991 -0.934637 -0.204806 -7.86401 -819.79 0 
1 826.872 0.313464 0.0225044 0.674088 -0.945655 -0.488806 -6.13808 -820.245 0 
4 826.896 0.309915 0.022539 0.677373 -0.950688 -0.755348 -5.50729 -820.633 0 
4 828.182 0.308325 0.0225563 0.679923 -0.958606 -1.79729 -5.31406 -821.071 0 
1 827.968 0.304993 0.0223829 0.681063 -0.961401 -1.50126 -4.92799 -821.538 0 
1 829.058 0.313236 0.0223026 0.671234 -0.930084 -3.14921 -6.00239 -819.906 0 
1 829.491 0.307544 0.0224925 0.6746 -0.913922 -4.21559 -5.46313 -819.812 0 
1 828.907 0.299923 0.0226632 0.685933 -0.956405 -2.34677 -4.68277 -821.878 0 
2 830.037 0.300183 0.0226897 0.685825 -0.950359 -3.73804 -4.76332 -821.535 0 
1 830.328 0.307787 0.0226493 0.680405 -0.950959 -4.31863 -5.19534 -820.814 0 
1 828.464 0.3097 0.0226403 0.675995 -0.927412 -2.99212 -5.48189 -819.99 0 
2 830.193 0.306392 0.0228143 0.6776 -0.913636 -4.94204 -5.40575 -819.845 0 
4 831.077 0.305331 0.0228403 0.681884 -0.941701 -5.44277 -4.9646 -820.67 0 
2 829.377 0.30964 0.022746 0.677441 -0.934168 -3.79332 -5.4317 -820.152 0 
1 828.615 0.307597 0.0227395 0.677648 -0.926321 -3.29147 -5.26315 -820.061 0 
1 828.364 0.303851 0.0226401 0.679913 -0.928759 -2.97958 -5.04364 -820.341 0 
3 830.868 0.307153 0.0224072 0.673933 -0.912563 -5.61037 -5.45572 -819.802 0 
2 831.536 0.299919 0.0226957 0.681135 -0.912414 -5.84606 -5.58452 -820.105 0 
2 832.07 0.306913 0.0227209 0.674508 -0.894275 -6.46812 -5.99097 -819.611 0 
1 832.557 0.30123 0.0228105 0.681321 -0.911984 -6.97976 -5.55172 -820.026 0 
2 830.522 0.301023 0.0226025 0.680253 -0.917856 -5.00217 -5.32747 -820.193 0 
2 830.574 0.300005 0.0226141 0.682325 -0.926163 -4.85706 -5.19152 -820.525 0 
6 830.785 0.295667 0.0226275 0.687416 -0.945461 -3.92736 -5.04571 -821.812 0 
2 834.116 0.294959 0.0226292 0.684675 -0.919102 -7.54825 -5.90417 -820.663 0 
5 834.148 0.293337 0.0226769 0.690211 -0.956285 -6.32959 -5.05124 -822.767 0 
2 833.278 0.297427 0.0227216 0.685983 -0.944127 -6.88269 -4.86067 -821.535 0 
1 832.462 0.295103 0.0226492 0.689788 -0.964687 -4.64116 -4.77426 -823.046 0 
1 830.088 0.298073 0.0225602 0.686642 -0.960706 -3.06213 -4.66489 -822.361 0 
1 829.716 0.303484 0.0225227 0.678824 -0.930495 -4.33847 -4.95721 -820.42 0 
3 828.319 0.304159 0.0225223 0.680963 -0.95223 -2.28626 -4.83238 -821.201 0 
1 828.461 0.301222 0.0225967 0.685024 -0.962169 -1.7536 -4.68021 -822.027 0 
1 828.453 0.305252 0.0226427 0.678777 -0.926175 -3.13675 -5.13657 -820.18 0 
4 828.828 0.30623 0.0225147 0.679017 -0.93944 -3.2467 -5.05967 -820.522 0 
2 829.696 0.306609 0.0224068 0.677782 -0.938023 -4.14947 -5.09875 -820.448 0 
3 828.319 0.30922 0.0224036 0.674604 -0.929455 -2.8603 -5.40164 -820.057 0 
2 828.18 0.309019 0.0227109 0.676419 -0.926635 -2.78521 -5.39231 -820.002 0 
2 831.319 0.323857 0.022669 0.661773 -0.886474 -2.4889 -8.70398 -820.126 0 
2 831.949 0.323137 0.0225493 0.661606 -0.885535 -3.31893 -8.52383 -820.106 0 
7 834.473 0.325402 0.022499 0.657249 -0.865028 -4.10827 -9.49899 -820.865 0 
2 833.85 0.329539 0.0225369 0.654101 -0.861815 -1.66404 -10.8015 -821.385 0 
1 832.501 0.330395 0.0225544 0.656225 -0.884987 -0.990127 -10.9052 -820.606 0 
1 832.06 0.329319 0.0225494 0.656851 -0.882214 -0.951832 -10.501 -820.607 0 
1 831.479 0.325631 0.0225543 0.659736 -0.884552 -1.95072 -9.24941 -820.279 0 
1 828.369 0.31798 0.0224488 0.666582 -0.908646 -1.66929 -7.02916 -819.671 0 
1 827.896 0.316718 0.0224049 0.671095 -0.941967 -1.03724 -6.85377 -820.005 0 
1 828.566 0.319634 0.0224761 0.667544 -0.92283 -1.41072 -7.44884 -819.706 0 
4 829.637 0.324041 0.0222537 0.662753 -0.925164 -1.02546 -8.88581 -819.726 0 
1 827.91 0.319141 0.0223311 0.668815 -0.943146 -0.39902 -7.56958 -819.941 0 
1 827.972 0.319432 0.0224023 0.669209 -0.947171 -0.19493 -7.77202 -820.005 0 
1 828.24 0.319912 0.0223009 0.668829 -0.951363 -0.165915 -8.00428 -820.07 0 
2 827.766 0.31198 0.0223487 0.676523 -0.971103 -0.257594 -6.26068 -821.248 0 
2 827.786 0.313331 0.0223528 0.675373 -0.964201 -0.549772 -6.38828 -820.848 0 
5 828.695 0.319383 0.0225245 0.670012 -0.941721 -1.17604 -7.60832 -819.91 0 
4 828.631 0.32066 0.0225585 0.667865 -0.93056 -1.03687 -7.84376 -819.75 0 
6 826.843 0.312535 0.0225501 0.674026 -0.936845 -0.882095 -5.88767 -820.073 0 
3 827.718 0.31887 0.0223428 0.668474 -0.938082 -0.441648 -7.40815 -819.868 0 
1 828.026 0.318598 0.0224662 0.670534 -0.949127 -0.401569 -7.54743 -820.077 0 
1 827.848 0.320458 0.0224149 0.665812 -0.921403 -0.456294 -7.69195 -819.7 0 
2 829.882 0.323104 0.0222933 0.662285 -0.910955 -1.71558 -8.41429 -819.752 0 
1 830.357 0.316256 0.0224392 0.66548 -0.891578 -3.74931 -6.88366 -819.724 0 
2 829.91 0.31843 0.022441 0.664483 -0.893967 -2.87835 -7.26729 -819.765 0 
1 830.88 0.319302 0.0226925 0.665581 -0.890977 -3.54193 -7.5079 -819.83 0 
1 830.416 0.317706 0.0225503 0.669221 -0.918751 -3.78394 -6.94114 -819.691 0 
1 829.204 0.317631 0.0225562 0.666899 -0.901211 -2.49786 -7.01834 -819.688 0 
2 827.711 0.313361 0.0224838 0.672324 -0.927729 -1.82226 -6.02716 -819.862 0 
2 829.503 0.306096 0.0226691 0.680758 -0.94361 -3.79782 -5.02681 -820.678 0 
1 829.143 0.309983 0.022621 0.679931 -0.967763 -2.10836 -5.73195 -821.302 0 
1 829.841 0.306746 0.0225897 0.683862 -0.985315 -1.74236 -5.49621 -822.602 0 
2 829.148 0.301421 0.0225859 0.686822 -0.974583 -1.69706 -4.72797 -822.723 0 
2 829.967 0.300892 0.0226809 0.687537 -0.975312 -2.41222 -4.70811 -822.847 0 
1 832.262 0.29741 0.0227083 0.69229 -0.991638 -2.95015 -4.72039 -824.591 0 
2 828.292 0.303164 0.0225735 0.684647 -0.972008 -1.12856 -4.83866 -822.325 0 
1 830.263 0.308104 0.0227026 0.681424 -0.966264 -3.44648 -5.38634 -821.43 0 
2 830.065 0.304886 0.0226903 0.684632 -0.972805 -2.91038 -5.0132 -822.141 0 
3 831.156 0.306954 0.022714 0.683352 -0.971438 -4.0827 -5.26156 -821.812 0 
3 828.055 0.310795 0.0225555 0.677625 -0.953905 -1.69751 -5.67911 -820.678 0 
4 826.881 0.314813 0.0224663 0.671617 -0.936265 -0.559637 -6.35525 -819.966 0 
1 827.108 0.314049 0.0225334 0.670914 -0.920161 -1.20041 -6.16651 -819.741 0 
1 828.114 0.315964 0.0224457 0.667837 -0.909547 -1.86473 -6.59277 -819.657 0 
4 828.712 0.31336 0.0222893 0.67119 -0.936722 -2.62585 -6.05281 -820.034 0 
3 828.435 0.314 0.0223003 0.670474 -0.930693 -2.39182 -6.15097 -819.892 0 
1 828.21 0.320132 0.0223107 0.666329 -0.929766 -0.785994 -7.67472 -819.749 0 
1 828.017 0.30928 0.0222947 0.67671 -0.957055 -1.63469 -5.46111 -820.921 0 
3 827.849 0.31216 0.0223111 0.673956 -0.947747 -1.5821 -5.88518 -820.382 0 
5 826.949 0.313354 0.0224977 0.671942 -0.928677 -1.04863 -6.02285 -819.878 0 
1 826.962 0.312852 0.0225096 0.672328 -0.928361 -1.14247 -5.93098 -819.889 0 
4 827.026 0.312912 0.0224709 0.671976 -0.92803 -1.20297 -5.94178 -819.881 0 
1 827.24 0.310874 0.0224121 0.67487 -0.946043 -1.18287 -5.64428 -820.413 0 
3 827.726 0.307532 0.0223708 0.680294 -0.974822 -0.375718 -5.43358 -821.916 0 
1 828.481 0.30557 0.0223127 0.681315 -0.972304 -1.36424 -5.09004 -822.027 0 
1 828.943 0.302399 0.022488 0.685496 -0.982087 -1.0043 -4.89021 -823.048 0 
8 829.504 0.308763 0.0224567 0.680976 -0.985935 -1.2033 -5.94197 -822.359 0 
1 829.518 0.314577 0.0223583 0.676139 -0.984628 -0.556716 -7.37784 -821.583 0 
2 829.977 0.316886 0.0224072 0.671727 -0.958746 -2.25326 -7.31509 -820.409 0 
3 831.808 0.311918 0.0222153 0.676936 -0.988624 -2.89464 -6.81946 -822.094 0 
1 830.093 0.306574 0.0222755 0.681673 -0.990611 -1.5017 -5.64292 -822.948 0 
2 830.137 0.307826 0.0223188 0.682597 -1.00283 -0.353837 -6.24665 -823.537 0 
2 830.55 0.30982 0.0224046 0.682233 -1.00217 -0.749448 -6.62747 -823.173 0 
1 831.496 0.308313 0.022601 0.683647 -0.992161 -2.75197 -5.95986 -822.784 0 
3 829.159 0.309422 0.0226515 0.680088 -0.963985 -2.39741 -5.56844 -821.193 0 
1 828.359 0.308792 0.022626 0.680043 -0.96186 -1.76145 -5.43428 -821.164 0 
1 828.854 0.306697 0.0226989 0.681263 -0.953497 -2.76989 -5.07339 -821.011 0 
12 828.213 0.303629 0.0225976 0.684378 -0.969154 -1.25822 -4.85212 -822.103 0 
1 828.665 0.309996 0.0225309 0.679951 -0.972213 -1.35581 -5.80553 -821.504 0 
2 827.724 0.304142 0.0224654 0.682644 -0.968245 -0.838315 -4.89714 -821.988 0 
1 827.228 0.309056 0.022587 0.676183 -0.931014 -1.7546 -5.37102 -820.103 0 
5 827.342 0.305392 0.0225203 0.681665 -0.960397 -0.932263 -4.96263 -821.447 0 
2 829.447 0.30389 0.0224966 0.685672 -0.985531 -1.34598 -5.06258 -823.038 0 
1 828.748 0.312134 0.0225806 0.67766 -0.962197 -1.80357 -6.07095 -820.873 0 
3 830.102 0.309662 0.0225235 0.680825 -0.975894 -2.59095 -5.79317 -821.718 0 
1 829.326 0.313548 0.0224164 0.673786 -0.943096 -3.04033 -6.11107 -820.174 0 
1 829.972 0.315074 0.02236 0.673509 -0.95337 -3.02357 -6.58337 -820.365 0 
2 829.367 0.324508 0.022392 0.661686 -0.907159 -0.69763 -8.8452 -819.824 0 
1 829.471 0.318819 0.0222879 0.66799 -0.933745 -2.3438 -7.31667 -819.81 0 
8 828.01 0.31771 0.0223476 0.669461 -0.937821 -1.04529 -7.06809 -819.896 0 
3 828.02 0.316138 0.0223721 0.672787 -0.956336 -0.68826 -6.94641 -820.385 0 
1 828.421 0.314277 0.0224466 0.675531 -0.964242 -1.03198 -6.61644 -820.772 0 
2 827.869 0.31487 0.0224665 0.674803 -0.962774 -0.430476 -6.76429 -820.675 0 
4 828.096 0.318756 0.0225669 0.669304 -0.930792 -1.03294 -7.28561 -819.777 0 
3 827.942 0.311523 0.0224889 0.67465 -0.935799 -2.13794 -5.70761 -820.097 0 
2 829.505 0.314989 0.0223094 0.668045 -0.916316 -3.45552 -6.3568 -819.693 0 
2 828.48 0.316075 0.0222923 0.668695 -0.928772 -2.08121 -6.5937 -819.805 0 
2 826.896 0.314069 0.0224121 0.672571 -0.94122 -0.569557 -6.2237 -820.103 0 
2 828.334 0.321814 0.0224588 0.666689 -0.934191 -0.287615 -8.27706 -819.769 0 
2 829.4 0.321211 0.0223748 0.667967 -0.950829 -0.906087 -8.48426 -820.01 0 
8 829.61 0.319743 0.0224123 0.671429 -0.964228 -0.940945 -8.27741 -820.391 0 
1 830.253 0.318363 0.0226385 0.671819 -0.946557 -2.8099 -7.40943 -820.033 0 
1 829.468 0.312784 0.0226111 0.677581 -0.965326 -2.23681 -6.2937 -820.937 0 
6 827.947 0.311439 0.0224806 0.678024 -0.967755 -0.765617 -6.02347 -821.158 0 
1 829.028 0.314251 0.0225631 0.676137 -0.96443 -1.61007 -6.63708 -820.781 0 
3 828.95 0.311383 0.0226033 0.677689 -0.96164 -2.09796 -5.93608 -820.916 0 
2 828.382 0.31912 0.022591 0.666961 -0.913461 -1.40864 -7.29381 -819.68 0 
2 827.473 0.313346 0.0225697 0.672376 -0.929091 -1.56541 -6.02185 -819.885 0 
1 828.291 0.317646 0.022562 0.66648 -0.902428 -1.61833 -6.99059 -819.683 0 
4 826.824 0.311713 0.0225037 0.673376 -0.929731 -1.13045 -5.73767 -819.956 0 
6 826.853 0.310117 0.0224517 0.676199 -0.94615 -0.875793 -5.50951 -820.467 0 
3 827.825 0.308931 0.022319 0.678972 -0.973995 -0.458798 -5.65842 -821.708 0 
1 827.687 0.306773 0.0223836 0.67905 -0.954739 -1.54509 -5.08691 -821.055 0 
2 827.679 0.303799 0.022502 0.68122 -0.948068 -1.78764 -4.83623 -821.055 0 
4 827.285 0.307152 0.0224434 0.677944 -0.94424 -1.5549 -5.11189 -820.619 0 
2 827.631 0.305937 0.0224509 0.678796 -0.947336 -1.81698 -4.98253 -820.832 0 
3 827.994 0.314531 0.0225272 0.669245 -0.911899 -2.03402 -6.29352 -819.667 0 
1 828.047 0.310016 0.0226435 0.673952 -0.918393 -2.6669 -5.5692 -819.811 0 
11 827.823 0.310144 0.0224557 0.675329 -0.944488 -1.89556 -5.51363 -820.413 0 
3 828.697 0.305451 0.022484 0.677177 -0.928992 -3.38764 -5.0622 -820.247 0 
1 830.81 0.297504 0.0226152 0.684385 -0.932519 -4.66666 -5.15779 -820.986 0 
2 832.553 0.296774 0.0225717 0.683664 -0.925484 -6.37294 -5.41939 -820.76 0 
3 830.99 0.302143 0.0224877 0.678629 -0.9189 -5.59374 -5.23935 -820.157 0 
1 831.3 0.301735 0.0222574 0.682063 -0.960658 -4.71708 -4.70096 -821.882 0 
3 834.339 0.29974 0.0222792 0.681233 -0.94095 -8.35745 -4.84269 -821.139 0 
2 834.267 0.30163 0.0222245 0.679813 -0.943791 -8.40472 -4.78394 -821.079 0 
2 829.192 0.304491 0.0223623 0.678936 -0.94252 -3.52202 -4.90103 -820.769 0 
1 827.871 0.305954 0.0223942 0.679943 -0.956251 -1.66902 -5.00212 -821.199 0 
1 828.228 0.314442 0.0223711 0.669783 -0.921263 -2.24281 -6.23882 -819.746 0 
1 827.776 0.307333 0.0225721 0.680925 -0.962191 -1.24188 -5.20947 -821.325 0 
4 827.419 0.312177 0.0224399 0.671894 -0.923533 -1.75749 -5.83223 -819.829 0 
1 826.94 0.313299 0.0224113 0.672242 -0.935411 -0.902133 -6.02915 -820.008 0 
2 827.744 0.315674 0.0223882 0.668789 -0.921195 -1.53229 -6.4857 -819.726 0 
2 827.332 0.312868 0.0223796 0.672206 -0.935638 -1.35271 -5.94795 -820.031 0 
7 828.083 0.319112 0.0222957 0.667811 -0.938888 -0.700539 -7.5083 -819.874 0 
3 828.764 0.31592 0.0223218 0.66828 -0.924473 -2.46232 -6.54532 -819.756 0 
1 827.983 0.314347 0.0225988 0.669495 -0.907178 -2.0237 -6.31168 -819.647 0 
2 827.19 0.314169 0.0225652 0.671137 -0.921681 -1.25099 -6.18265 -819.756 0 
10 827.742 0.318028 0.0225463 0.669245 -0.929387 -0.882743 -7.08489 -819.774 0 
1 827.803 0.320427 0.0224477 0.667736 -0.934569 -0.185441 -7.82615 -819.791 0 
1 828.031 0.318168 0.0223804 0.666615 -0.916734 -1.29417 -7.05582 -819.681 0 
1 827.428 0.316492 0.022377 0.670785 -0.941198 -0.635526 -6.79409 -819.999 0 
3 827.644 0.319407 0.0224336 0.667994 -0.93049 -0.418661 -7.46049 -819.764 0 
1 828.307 0.319829 0.0224818 0.666062 -0.917889 -1.11887 -7.49919 -819.689 0 
4 828.733 0.321746 0.0224185 0.665345 -0.926994 -0.849109 -8.16157 -819.722 0 
1 827.652 0.318605 0.0224606 0.669496 -0.940672 -0.344683 -7.39126 -819.916 0 
1 827.802 0.315807 0.0223042 0.67175 -0.950861 -0.783918 -6.76454 -820.253 0 
1 829.904 0.312318 0.0221909 0.675876 -0.972654 -2.29431 -6.32814 -821.282 0 
1 829.785 0.315926 0.0221986 0.674257 -0.983742 -0.664985 -7.7195 -821.401 0 
2 829.315 0.315763 0.0222359 0.674363 -0.979738 -0.564563 -7.50574 -821.245 0 
3 828.522 0.311139 0.0222375 0.675786 -0.965417 -1.49091 -5.94169 -821.089 0 
1 828.808 0.31435 0.0222192 0.673094 -0.963646 -1.38441 -6.67836 -820.745 0 
2 829.734 0.316331 0.0222409 0.668686 -0.930131 -3.26415 -6.65265 -819.818 0 
6 827.013 0.314377 0.0224274 0.673669 -0.951964 -0.218285 -6.42795 -820.367 0 
1 827.229 0.312552 0.0224002 0.674864 -0.956662 -0.485571 -6.10393 -820.64 0 
2 827.503 0.314289 0.0223572 0.671726 -0.937839 -1.243 -6.24195 -820.018 0 
4 828.151 0.314194 0.0223196 0.67124 -0.93516 -1.97838 -6.20498 -819.968 0 
2 828.021 0.313037 0.0225537 0.672167 -0.920051 -2.26007 -6.00185 -819.759 0 
2 828.75 0.314568 0.0226178 0.668518 -0.900146 -2.6714 -6.43412 -819.644 0 
1 829.436 0.310905 0.0226496 0.675054 -0.93544 -3.71352 -5.60432 -820.119 0 
2 827.798 0.308089 0.0225713 0.679492 -0.959067 -1.3825 -5.30281 -821.113 0 
3 827.83 0.309108 0.0225077 0.679988 -0.972321 -0.560103 -5.66296 -821.607 0 
2 828.261 0.311292 0.0224719 0.67883 -0.976607 -0.487085 -6.20528 -821.568 0 
3 829.056 0.311184 0.0224905 0.679399 -0.982042 -0.862495 -6.34812 -821.845 0 
1 827.563 0.314552 0.0225125 0.673228 -0.947251 -0.914156 -6.42191 -820.227 0 
3 828.234 0.317409 0.0223239 0.671804 -0.963613 -0.160843 -7.55242 -820.521 0 
1 827.888 0.315992 0.02235 0.668994 -0.928386 -1.51073 -6.57523 -819.802 0 
1 827.953 0.313336 0.0223528 0.670932 -0.929055 -2.04846 -6.01989 -819.885 0 
1 829.748 0.312169 0.0226522 0.672564 -0.921782 -4.11991 -5.82479 -819.803 0 
5 826.793 0.311834 0.0225375 0.675035 -0.942087 -0.768937 -5.78344 -820.24 0 
4 826.948 0.31201 0.0225071 0.674658 -0.939968 -0.971297 -5.8019 -820.175 0 
9 826.976 0.308123 0.0225049 0.678332 -0.948901 -1.03544 -5.23159 -820.709 0 
4 828.014 0.31233 0.0225073 0.676754 -0.959243 -1.20793 -6.0586 -820.748 0 
1 826.895 0.312897 0.022442 0.675005 -0.954074 -0.24671 -6.11963 -820.529 0 
2 828.845 0.318597 0.0223108 0.669451 -0.944355 -1.45465 -7.40853 -819.982 0 
1 827.996 0.316969 0.0223212 0.67194 -0.958603 -0.35024 -7.24692 -820.399 0 
1 828.859 0.312245 0.0222209 0.67432 -0.958156 -2.10457 -6.03846 -820.716 0 
4 827.565 0.308955 0.0223993 0.676421 -0.943695 -1.76588 -5.33007 -820.469 0 
3 827.392 0.306688 0.0224963 0.680592 -0.959693 -1.01 -5.1035 -821.278 0 
1 827.497 0.311501 0.0226056 0.673661 -0.92241 -1.92118 -5.74452 -819.831 0 
2 827.119 0.313443 0.0225781 0.67228 -0.926351 -1.24247 -6.03972 -819.837 0 
7 828.538 0.313929 0.0225501 0.668757 -0.900079 -2.54528 -6.3551 -819.638 0 
4 828.303 0.306063 0.0224949 0.67709 -0.931436 -2.95168 -5.07048 -820.281 0 
4 827.496 0.312846 0.0225064 0.671014 -0.917475 -1.79433 -5.96961 -819.732 0 
5 828.132 0.320899 0.0225098 0.665495 -0.915327 -0.654237 -7.78189 -819.696 0 
8 827.659 0.315593 0.0225611 0.669876 -0.916316 -1.48901 -6.48264 -819.688 0 
2 827.932 0.313869 0.022661 0.672417 -0.923495 -2.02266 -6.12423 -819.785 0 
1 829.624 0.322127 0.0226204 0.663414 -0.897548 -1.64367 -8.12945 -819.851 0 
5 827.942 0.320376 0.0225078 0.667263 -0.925824 -0.524783 -7.69726 -819.72 0 
3 828.013 0.318125 0.0225636 0.67004 -0.934812 -1.01135 -7.16231 -819.84 0 
1 827.862 0.316376 0.0225363 0.672106 -0.945627 -0.914682 -6.84986 -820.097 0 
4 827.724 0.3182 0.0225469 0.668553 -0.924356 -0.906622 -7.09278 -819.724 0 
2 827.86 0.316885 0.0223978 0.672668 -0.961271 -0.0703714 -7.30541 -820.484 0 
3 828.402 0.318409 0.0223786 0.671012 -0.959495 -0.303884 -7.76004 -820.339 0 
2 828.377 0.318808 0.0225438 0.669899 -0.939924 -1.04244 -7.43671 -819.898 0 
2 828.225 0.319896 0.0224505 0.666222 -0.921641 -0.982946 -7.54196 -819.7 0 
2 829.458 0.321831 0.0225064 0.667937 -0.938248 -1.32983 -8.31994 -819.808 0 
3 828.226 0.318001 0.0225792 0.668769 -0.918879 -1.52127 -7.01404 -819.691 0 
1 828.236 0.315234 0.0225897 0.669404 -0.90811 -2.10965 -6.47466 -819.652 0 
3 827.773 0.305614 0.0224594 0.680585 -0.95473 -1.64272 -4.96439 -821.166 0 
1 827.733 0.302355 0.0225522 0.683627 -0.957738 -1.34365 -4.73308 -821.657 0 
6 827.439 0.30623 0.0224888 0.678669 -0.945662 -1.684 -5.01115 -820.743 0 
1 827.229 0.306178 0.0225311 0.681151 -0.960785 -0.795611 -5.05224 -821.381 0 
2 827.574 0.311562 0.0224388 0.674518 -0.946604 -1.40957 -5.77838 -820.386 0 
8 828.532 0.318858 0.0224137 0.667445 -0.929947 -1.4317 -7.33343 -819.767 0 
2 827.878 0.317826 0.022425 0.667138 -0.91851 -1.21167 -6.97729 -819.689 0 
4 827.234 0.314796 0.0223718 0.671152 -0.938405 -0.854629 -6.37063 -820.009 0 
1 826.859 0.312618 0.0224285 0.675033 -0.954863 -0.206655 -6.07819 -820.575 0 
1 829.192 0.313777 0.0221962 0.674641 -0.974873 -1.14957 -6.80932 -821.233 0 
1 830.05 0.308303 0.0221867 0.6802 -0.990436 -1.43647 -5.93097 -822.683 0 
2 829.768 0.307187 0.022285 0.682702 -0.996304 -0.716708 -5.83848 -823.213 0 
1 829.074 0.316168 0.0222804 0.672324 -0.957284 -1.69894 -6.96487 -820.411 0 
1 828.064 0.315466 0.0222938 0.672226 -0.953083 -1.02032 -6.71018 -820.333 0 
2 827.769 0.320627 0.0224428 0.667154 -0.931595 -0.160343 -7.84917 -819.76 0 
2 827.786 0.318484 0.0225001 0.66821 -0.922056 -0.935668 -7.14368 -819.706 0 
2 827.796 0.314287 0.0225014 0.672834 -0.936082 -1.58862 -6.22544 -819.982 0 
1 827.775 0.317828 0.0223284 0.670041 -0.946277 -0.487051 -7.2386 -820.049 0 
1 827.86 0.319163 0.0223227 0.667957 -0.936979 -0.534324 -7.48049 -819.845 0 
1 828.027 0.317102 0.022357 0.671048 -0.947389 -0.881619 -7.04104 -820.104 0 
4 828.832 0.322436 0.0223063 0.666093 -0.93956 -0.45345 -8.56602 -819.813 0 
1 828.66 0.318317 0.0224636 0.671717 -0.954426 -0.906608 -7.5417 -820.212 0 
1 829.209 0.315753 0.0223673 0.672144 -0.945729 -2.43498 -6.64525 -820.129 0 
1 828.692 0.316313 0.0224512 0.672133 -0.944194 -1.85363 -6.76959 -820.068 0 
1 828.439 0.313345 0.0224787 0.674648 -0.946657 -2.05691 -6.1036 -820.279 0 
3 828.384 0.31382 0.0225666 0.674224 -0.940946 -2.11833 -6.15708 -820.108 0 
1 828.379 0.308323 0.0227193 0.677719 -0.932103 -2.92908 -5.28156 -820.169 0 
6 827.764 0.314984 0.0226338 0.671203 -0.922094 -1.6762 -6.34204 -819.746 0 
1 827.908 0.312893 0.0226072 0.672841 -0.928607 -2.07888 -5.93757 -819.892 0 
1 827.582 0.308492 0.0225955 0.675786 -0.927844 -2.21403 -5.31405 -820.054 0 
1 827.029 0.314567 0.0225506 0.671834 -0.929406 -0.913826 -6.26241 -819.853 0 
1 827.753 0.318922 0.022377 0.666812 -0.922896 -0.773412 -7.27053 -819.709 0 
5 827.75 0.315196 0.0223661 0.67387 -0.961912 -0.306398 -6.82218 -820.621 0 
1 827.628 0.318283 0.0223339 0.669356 -0.943556 -0.320575 -7.32983 -819.978 0 
1 828.647 0.323193 0.0223331 0.665071 -0.935779 -0.0973475 -8.78017 -819.769 0 
1 829.616 0.321009 0.0223932 0.668514 -0.953502 -1.05689 -8.48996 -820.069 0 
3 830.741 0.318637 0.0225124 0.671784 -0.961282 -2.45318 -7.91283 -820.375 0 
1 830.887 0.317808 0.0224246 0.672004 -0.965877 -2.51487 -7.80772 -820.565 0 
4 831.466 0.319734 0.0223496 0.667948 -0.947328 -3.52981 -7.93995 -819.997 0 
1 828.76 0.321496 0.0223832 0.668274 -0.951902 -0.162769 -8.57739 -820.02 0 
4 827.624 0.318913 0.0223649 0.669167 -0.945051 -0.0836816 -7.55683 -819.983 0 
1 828.856 0.32186 0.0223083 0.666996 -0.943731 -0.526755 -8.45425 -819.875 0 
3 829.268 0.32572 0.0223921 0.662849 -0.925947 -0.0208862 -9.5024 -819.744 0 
11 829.39 0.323655 0.0225671 0.664063 -0.914152 -1.02526 -8.6191 -819.746 0 
7 829.937 0.324194 0.0225476 0.661499 -0.898227 -1.27077 -8.73994 -819.926 0 
2 829.405 0.318418 0.0225141 0.665701 -0.906508 -2.59245 -7.13219 -819.681 0 
1 828.846 0.32218 0.0224248 0.663246 -0.909657 -0.96838 -8.13938 -819.738 0 
3 828.291 0.318901 0.0224707 0.665377 -0.904141 -1.32862 -7.26456 -819.698 0 
1 826.98 0.315052 0.0225229 0.670899 -0.927127 -0.814066 -6.3597 -819.807 0 
2 828.767 0.317805 0.022507 0.670498 -0.944385 -1.51123 -7.24441 -820.011 0 
2 830.229 0.306116 0.0224296 0.684605 -1.00215 -0.583363 -5.86706 -823.779 0 
1 828.952 0.306857 0.0225048 0.682613 -0.983702 -0.952427 -5.50754 -822.492 0 
1 828.635 0.314754 0.0224711 0.674419 -0.96305 -1.15478 -6.78716 -820.693 0 
1 828.458 0.318029 0.0224936 0.670865 -0.948676 -0.983088 -7.3831 -820.092 0 
4 827.601 0.311749 0.0223354 0.676531 -0.969716 -0.222946 -6.16657 -821.211 0 
2 828.177 0.307668 0.0223858 0.681638 -0.984213 -0.136568 -5.63051 -822.41 0 
1 827.538 0.31637 0.0223245 0.671201 -0.951048 -0.367112 -6.9426 -820.228 0 
2 826.966 0.313362 0.0223855 0.673192 -0.946526 -0.558163 -6.13357 -820.274 0 
3 827.326 0.316765 0.0223675 0.67037 -0.940615 -0.486515 -6.86219 -819.977 0 
3 827.63 0.314099 0.0224551 0.671695 -0.928716 -1.60847 -6.16576 -819.856 0 
1 827.123 0.313628 0.0224402 0.671151 -0.926158 -1.21921 -6.07434 -819.829 0 
1 827.392 0.307726 0.0225238 0.676997 -0.938435 -1.83011 -5.17593 -820.386 0 
7 827.165 0.30787 0.0225955 0.678676 -0.945492 -1.36469 -5.19268 -820.608 0 
3 827.85 0.314003 0.0224644 0.671736 -0.927466 -1.86421 -6.14718 -819.839 0 
1 828.085 0.315467 0.0224427 0.669183 -0.916421 -1.93717 -6.45809 -819.689 0 
1 828.811 0.315227 0.0224513 0.66787 -0.904472 -2.65478 -6.50942 -819.647 0 
1 829.416 0.309817 0.0223187 0.673214 -0.927954 -3.94259 -5.47668 -819.996 0 
1 831.757 0.31085 0.0224269 0.669895 -0.897527 -6.07334 -6.06605 -819.618 0 
1 827.886 0.305301 0.0225551 0.67807 -0.928462 -2.56192 -5.08283 -820.241 0 
3 829.414 0.307777 0.0223968 0.674801 -0.929234 -4.06655 -5.22403 -820.123 0 
3 828.933 0.305494 0.0223769 0.679499 -0.957562 -2.66523 -4.96348 -821.305 0 
2 828.29 0.309477 0.0222934 0.676168 -0.956223 -1.92339 -5.49502 -820.872 0 
2 829.389 0.30117 0.0223612 0.68592 -0.985273 -1.10681 -4.82652 -823.456 0 
1 828.948 0.301865 0.0224904 0.687108 -0.989486 -0.385045 -4.93441 -823.629 0 
5 827.868 0.305248 0.0224667 0.682423 -0.973634 -0.645872 -5.08218 -822.14 0 
3 827.355 0.312276 0.0225192 0.671966 -0.921919 -1.70286 -5.85028 -819.802 0 
1 829.206 0.315414 0.0225297 0.668462 -0.903453 -2.98904 -6.56816 -819.649 0 
6 827.469 0.309991 0.022563 0.674045 -0.92031 -2.06039 -5.56652 -819.842 0 
3 827.436 0.313205 0.0224442 0.670956 -0.920987 -1.65465 -6.01384 -819.767 0 
3 827.841 0.306221 0.0224151 0.679074 -0.948934 -1.95432 -5.01673 -820.87 0 
1 827.943 0.31535 0.0223549 0.669249 -0.924139 -1.76335 -6.41745 -819.762 0 
1 827.798 0.305723 0.022542 0.679144 -0.938052 -2.26426 -5.02182 -820.512 0 
1 828.39 0.306783 0.0225877 0.676845 -0.922085 -3.11187 -5.27788 -820 0 
4 828.574 0.30871 0.0225642 0.673891 -0.911173 -3.24814 -5.58591 -819.74 0 
2 827.608 0.317539 0.0224913 0.667355 -0.912987 -1.02933 -6.90911 -819.67 0 
1 827.384 0.318106 0.0224956 0.668206 -0.923607 -0.601539 -7.06301 -819.72 0 
2 827.704 0.312837 0.0225674 0.675843 -0.953894 -1.06826 -6.10858 -820.527 0 
1 827.79 0.316852 0.0223405 0.669565 -0.939768 -0.934272 -6.89777 -819.958 0 
5 827.234 0.313694 0.0223667 0.673875 -0.956346 -0.330258 -6.35721 -820.546 0 
1 827.513 0.309559 0.02262 0.676134 -0.935387 -1.91774 -5.40723 -820.188 0 
1 828.615 0.316522 0.0225301 0.667474 -0.909006 -2.25825 -6.69787 -819.658 0 
9 827.861 0.308642 0.0226783 0.676759 -0.928272 -2.4606 -5.34361 -820.057 0 
2 828.403 0.315144 0.0226469 0.670436 -0.912806 -2.31621 -6.41716 -819.669 0 
1 828.135 0.314621 0.0226073 0.670526 -0.912818 -2.14114 -6.32226 -819.672 0 
2 828.312 0.318266 0.0225011 0.671384 -0.950572 -0.729755 -7.45902 -820.123 0 
1 828.286 0.313393 0.0224874 0.676757 -0.96974 -0.685413 -6.54328 -821.057 0 
5 831.145 0.326579 0.0224159 0.664263 -0.9449 -0.971693 -10.3605 -819.813 0 
7 832.639 0.326329 0.0225323 0.663529 -0.93163 -2.97033 -9.91844 -819.751 0 
5 833.732 0.321502 0.0224591 0.671497 -0.980178 -3.29907 -9.66697 -820.766 0 
7 831.486 0.310548 0.0226111 0.680632 -0.982851 -3.28347 -6.23906 -821.963 0 
5 832.37 0.305623 0.0227805 0.684567 -0.97218 -5.25711 -5.09967 -822.013 0 
6 834.17 0.301494 0.0228292 0.687995 -0.975804 -6.63227 -4.74918 -822.788 0 
3 832.779 0.301337 0.0228257 0.686059 -0.959356 -6.23547 -4.68163 -821.861 0 
1 833.119 0.302424 0.0228456 0.683773 -0.946558 -7.23703 -4.75967 -821.122 0 
3 831.691 0.299649 0.0228071 0.685795 -0.947639 -5.48575 -4.74429 -821.461 0 
2 831.389 0.300212 0.0227912 0.687552 -0.964551 -4.44101 -4.6543 -822.294 0 
1 831.092 0.30499 0.0227737 0.683933 -0.960039 -4.69731 -4.92099 -821.473 0 
4 830.153 0.300888 0.0227471 0.686754 -0.962636 -3.3803 -4.67654 -822.096 0 
6 827.51 0.310422 0.0226474 0.674705 -0.924266 -2.03431 -5.57712 -819.898 0 
1 828.705 0.311635 0.0226981 0.673577 -0.921648 -3.13815 -5.7515 -819.815 0 
1 829.915 0.301582 0.0226795 0.686034 -0.968819 -2.85016 -4.70933 -822.356 0 
2 827.829 0.310086 0.0225394 0.674177 -0.928384 -2.33959 -5.49489 -819.994 0 
4 827.667 0.314792 0.0224113 0.66945 -0.920943 -1.62615 -6.30433 -819.737 0 
1 827.473 0.313115 0.0224715 0.671066 -0.918906 -1.71664 -6.01283 -819.744 0 
3 826.74 0.312217 0.0224694 0.673335 -0.934934 -0.87078 -5.82451 -820.045 0 
1 828.255 0.31482 0.0225702 0.669454 -0.913433 -2.24662 -6.33452 -819.674 0 
2 828.303 0.31585 0.0226071 0.669241 -0.914717 -2.09321 -6.53322 -819.676 0 
2 827.691 0.314547 0.0225609 0.672927 -0.941251 -1.26413 -6.34489 -820.082 0 
6 827.733 0.312926 0.0225911 0.673827 -0.937905 -1.68008 -5.97295 -820.08 0 
3 827.17 0.314801 0.0225587 0.671914 -0.932518 -0.945854 -6.32691 -819.897 0 
3 827.546 0.308199 0.0226308 0.677506 -0.938035 -1.97119 -5.23225 -820.343 0 
1 828.128 0.308966 0.0226194 0.67793 -0.948386 -2.15227 -5.3505 -820.625 0 
2 828.763 0.307676 0.0226374 0.675586 -0.920412 -3.52636 -5.30988 -819.927 0 
1 828.196 0.306071 0.0225841 0.679133 -0.944304 -2.49569 -4.99495 -820.706 0 
14 827.172 0.312452 0.022524 0.6746 -0.945601 -0.932925 -5.93732 -820.302 0 
1 827.626 0.314337 0.0225819 0.67353 -0.939569 -1.30799 -6.26506 -820.053 0 
7 827.345 0.315316 0.022582 0.670719 -0.922265 -1.19231 -6.41017 -819.742 0 
2 828.674 0.313996 0.0226699 0.669528 -0.900574 -2.68565 -6.35041 -819.638 0 
1 828.705 0.304386 0.022673 0.680161 -0.930462 -3.30298 -5.04384 -820.358 0 
3 829.643 0.309282 0.0225227 0.67665 -0.935297 -4.0492 -5.39335 -820.201 0 
3 830.807 0.298293 0.022533 0.690306 -0.98675 -2.06106 -4.68928 -824.057 0 
4 831.658 0.303235 0.0222723 0.684153 -0.980735 -3.90589 -4.91589 -822.836 0 
1 828.739 0.304021 0.0224083 0.680654 -0.949069 -2.81329 -4.84916 -821.076 0 
2 828.536 0.305488 0.0223717 0.68211 -0.972788 -1.39543 -5.07711 -822.063 0 
3 827.885 0.311113 0.0223322 0.674514 -0.944633 -1.86336 -5.66669 -820.355 0 
4 827.63 0.309699 0.0223805 0.674703 -0.936712 -1.98635 -5.42789 -820.215 0 
1 827.81 0.308493 0.0224143 0.675721 -0.938995 -2.19291 -5.26398 -820.353 0 
3 828.395 0.305011 0.0224108 0.679852 -0.954569 -2.27142 -4.90417 -821.219 0 
3 828.522 0.306257 0.0225308 0.677119 -0.931711 -3.16912 -5.07545 -820.277 0 
3 827.795 0.313136 0.0223856 0.670882 -0.92497 -1.98437 -5.98579 -819.825 0 
2 828.751 0.318719 0.0223439 0.665541 -0.913864 -1.88222 -7.1919 -819.677 0 
3 828.081 0.320294 0.0223441 0.66659 -0.932731 -0.530972 -7.77616 -819.774 0 
4 828.106 0.320525 0.0223654 0.667998 -0.941598 -0.258266 -7.96984 -819.877 0 
1 828.875 0.316448 0.0224804 0.672825 -0.949641 -1.79662 -6.88943 -820.189 0 
2 828.748 0.322349 0.0224864 0.663969 -0.913032 -0.817188 -8.20639 -819.724 0 
2 827.158 0.312855 0.0223831 0.675314 -0.960258 -0.204337 -6.21088 -820.742 0 
1 828.194 0.316892 0.0224977 0.672789 -0.956168 -0.672003 -7.18721 -820.335 0 
1 827.679 0.309149 0.0225746 0.679142 -0.960736 -1.11135 -5.48594 -821.082 0 
1 828.999 0.304611 0.0226581 0.679191 -0.931423 -3.64054 -4.98497 -820.374 0 
2 829.023 0.303487 0.0227409 0.681706 -0.935335 -3.49879 -4.93973 -820.585 0 
3 827.513 0.305636 0.0225564 0.68168 -0.959352 -1.15842 -4.98223 -821.372 0 
1 827.601 0.308268 0.0226062 0.679401 -0.952854 -1.48692 -5.26893 -820.845 0 
1 826.877 0.312767 0.0225275 0.673095 -0.930611 -1.02753 -5.91698 -819.933 0 
2 828.744 0.316331 0.022667 0.669913 -0.914017 -2.42755 -6.6444 -819.672 0 
2 827.197 0.308173 0.0226017 0.678546 -0.946863 -1.33213 -5.23229 -820.632 0 
2 827.512 0.315588 0.0225776 0.671909 -0.933931 -1.10901 -6.50666 -819.897 0 
3 827.079 0.315727 0.0225107 0.670749 -0.928614 -0.758864 -6.50884 -819.811 0 
1 827.77 0.314624 0.0224561 0.674862 -0.963902 -0.29785 -6.73917 -820.733 0 
2 828.239 0.31825 0.0223546 0.670398 -0.948743 -0.761167 -7.39453 -820.084 0 
2 828.9 0.320593 0.0223578 0.66919 -0.952099 -0.626571 -8.21642 -820.057 0 
1 829.995 0.3229 0.0224563 0.666668 -0.934822 -1.62723 -8.60369 -819.764 0 
4 830.079 0.323248 0.0224748 0.667691 -0.948653 -1.07406 -9.0931 -819.912 0 
1 830.383 0.323618 0.0224765 0.667515 -0.950372 -1.15528 -9.29994 -819.928 0 
2 829.663 0.324795 0.022361 0.66476 -0.936956 -0.542016 -9.35326 -819.767 0 
2 829.638 0.324315 0.0223383 0.665157 -0.944771 -0.356113 -9.44221 -819.84 0 
1 829.912 0.32218 0.0221918 0.667245 -0.958201 -0.791609 -9.00103 -820.119 0 
2 828.964 0.317392 0.0222847 0.671936 -0.961931 -1.05512 -7.43826 -820.471 0 
1 830.564 0.312477 0.0223215 0.677867 -0.980065 -2.43646 -6.52686 -821.601 0 
1 829.057 0.319553 0.0224625 0.664644 -0.899995 -1.86255 -7.45331 -819.741 0 
2 829.656 0.321212 0.0224898 0.663058 -0.893724 -1.87029 -7.91898 -819.867 0 
6 829.034 0.317285 0.0225894 0.668452 -0.909908 -2.49689 -6.87259 -819.664 0 
1 832.779 0.313864 0.022802 0.670609 -0.894555 -6.62374 -6.50451 -819.651 0 
1 830.514 0.318914 0.0227286 0.667479 -0.903598 -3.53605 -7.27713 -819.701 0 
1 829.194 0.312592 0.0227333 0.673929 -0.926994 -3.4342 -5.88629 -819.873 0 
1 829.437 0.314439 0.022655 0.668557 -0.898654 -3.3617 -6.42924 -819.646 0 
1 828.729 0.316411 0.0224326 0.668089 -0.92056 -2.3671 -6.64994 -819.712 0 
1 828.969 0.314071 0.0225446 0.669394 -0.911506 -3.09371 -6.20814 -819.667 0 
3 828.966 0.302211 0.0224881 0.682156 -0.952714 -2.81361 -4.72613 -821.426 0 
1 829.267 0.301354 0.0225768 0.68199 -0.940183 -3.50224 -4.8132 -820.951 0 
1 829.275 0.303557 0.0224467 0.678988 -0.935101 -3.79136 -4.91271 -820.571 0 
1 829.479 0.300548 0.0224676 0.682364 -0.942336 -3.54306 -4.81509 -821.121 0 
1 829.533 0.30841 0.0223647 0.674304 -0.925054 -4.18555 -5.35329 -819.994 0 
2 828.339 0.309892 0.0224752 0.674559 -0.926774 -2.86305 -5.5084 -819.968 0 
2 828.624 0.309859 0.0224611 0.676714 -0.94442 -2.73309 -5.46083 -820.43 0 
2 829.471 0.30958 0.0224076 0.675057 -0.932083 -3.9281 -5.44057 -820.103 0 
2 830.824 0.306375 0.0223404 0.678818 -0.948626 -4.94077 -5.03897 -820.844 0 
1 830.995 0.304192 0.022548 0.683455 -0.960441 -4.55593 -4.85738 -821.581 0 
1 831.602 0.303595 0.0225226 0.686518 -0.986338 -3.4413 -5.02499 -823.136 0 
1 831.602 0.309588 0.0226574 0.681303 -0.971079 -4.41971 -5.68747 -821.495 0 
1 829.223 0.309361 0.0226536 0.68018 -0.963781 -2.47988 -5.55213 -821.191 0 
2 829.675 0.309713 0.0227101 0.679176 -0.952107 -3.49643 -5.47988 -820.699 0 
1 829.211 0.308669 0.0226878 0.680267 -0.958715 -2.78986 -5.37742 -821.043 0 
2 827.509 0.30797 0.0226071 0.679153 -0.948432 -1.59428 -5.21066 -820.705 0 
3 827.251 0.312149 0.0225142 0.674368 -0.936936 -1.34205 -5.81559 -820.094 0 
2 827.962 0.312019 0.0226125 0.671466 -0.908255 -2.34036 -5.961 -819.66 0 
1 827.477 0.311273 0.0225773 0.672805 -0.916739 -1.96296 -5.75937 -819.755 0 
5 827.44 0.304615 0.0225937 0.680771 -0.945432 -1.67977 -4.88841 -820.872 0 
1 827.923 0.306181 0.0226716 0.680213 -0.943625 -2.23159 -5.0195 -820.672 0 
3 828.094 0.307724 0.0226625 0.679562 -0.950012 -2.12566 -5.18486 -820.783 0 
1 827.086 0.30673 0.0225537 0.679335 -0.949117 -1.18849 -5.06497 -820.833 0 
2 827.741 0.308036 0.0226046 0.680082 -0.958393 -1.37302 -5.27819 -821.089 0 
2 828.018 0.305607 0.0226362 0.680295 -0.941218 -2.39548 -4.99204 -820.631 0 
1 827.82 0.308544 0.0225796 0.676627 -0.930497 -2.37826 -5.32586 -820.116 0 
2 829.91 0.302472 0.0224618 0.679509 -0.932291 -4.42287 -4.93228 -820.555 0 
3 828.835 0.302419 0.0224112 0.682077 -0.956893 -2.49869 -4.7294 -821.607 0 
4 828.012 0.308033 0.0225665 0.678564 -0.952276 -1.92774 -5.24121 -820.843 0 
3 828.229 0.30779 0.0225153 0.678714 -0.956161 -1.97126 -5.23817 -821.02 0 
18 826.737 0.312067 0.0224976 0.673902 -0.937738 -0.813493 -5.80694 -820.117 0 
1 828.749 0.309766 0.0227097 0.67771 -0.943156 -2.90716 -5.44446 -820.397 0 
1 829.056 0.305921 0.0227185 0.681777 -0.95379 -2.96879 -4.99071 -821.096 0 
1 828.747 0.300971 0.0226473 0.683964 -0.944355 -2.7709 -4.8079 -821.168 0 
3 827.907 0.303761 0.0225808 0.680419 -0.93638 -2.37513 -4.93077 -820.601 0 
1 827.719 0.302474 0.0225165 0.683802 -0.962919 -1.06776 -4.73963 -821.911 0 
1 827.8 0.311229 0.0226087 0.676817 -0.94772 -1.65039 -5.70765 -820.441 0 
1 826.973 0.30899 0.0224552 0.675936 -0.938908 -1.32287 -5.33049 -820.319 0 
4 827.21 0.312255 0.0225316 0.673453 -0.92912 -1.45517 -5.83132 -819.923 0 
5 827.23 0.310671 0.0225295 0.674271 -0.927405 -1.68385 -5.59687 -819.95 0 
1 827.021 0.307422 0.0225068 0.679677 -0.956754 -0.763666 -5.17903 -821.079 0 
1 828.616 0.302939 0.0223479 0.683449 -0.973391 -1.35141 -4.82899 -822.436 0 
2 827.773 0.309163 0.0223104 0.677919 -0.967181 -0.829589 -5.58227 -821.361 0 
6 827.503 0.305566 0.0224102 0.679985 -0.955149 -1.35464 -4.95916 -821.19 0 
2 828.477 0.302884 0.0225031 0.68221 -0.956039 -2.21339 -4.75164 -821.512 0 
5 827.454 0.303956 0.0225781 0.681694 -0.949589 -1.51507 -4.83418 -821.105 0 
2 829.705 0.298197 0.0224888 0.685487 -0.952662 -3.06113 -4.75476 -821.889 0 
1 827.894 0.30473 0.0225339 0.680442 -0.943516 -2.18656 -4.92044 -820.787 0 
9 827.949 0.312805 0.0225312 0.674155 -0.936539 -1.96225 -5.93302 -820.054 0 
1 829.703 0.310285 0.022567 0.674568 -0.921255 -4.23477 -5.61931 -819.849 0 
1 829.331 0.3045 0.0224571 0.683216 -0.96847 -2.4555 -4.91971 -821.956 0 
6 829.871 0.300182 0.0223641 0.687928 -0.992281 -0.914104 -4.83438 -824.123 0 
1 827.779 0.307577 0.0224208 0.681336 -0.978762 -0.160436 -5.49917 -822.119 0 
1 827.132 0.305708 0.0225202 0.680801 -0.955408 -0.970828 -4.97416 -821.187 0 
1 827.047 0.311586 0.0225504 0.675166 -0.939234 -1.1441 -5.72442 -820.179 0 
1 826.853 0.312688 0.0224179 0.673466 -0.940546 -0.764366 -5.93422 -820.155 0 
4 827.209 0.311531 0.0225987 0.673384 -0.9229 -1.63422 -5.73714 -819.838 0 
1 826.748 0.309219 0.0225188 0.677323 -0.947083 -0.809502 -5.37697 -820.562 0 
1 826.943 0.312016 0.0224651 0.675849 -0.953956 -0.42867 -5.92666 -820.588 0 
2 827.69 0.312995 0.0224447 0.676492 -0.967474 -0.298501 -6.38898 -821.003 0 
2 830.693 0.315005 0.0222635 0.676872 -0.995683 -0.761369 -7.85692 -822.075 0 
3 830.717 0.312625 0.022248 0.678981 -1.00124 -0.663234 -7.35644 -822.698 0 
1 830.947 0.317501 0.0223946 0.672186 -0.967951 -2.51451 -7.77882 -820.654 0 
2 828.316 0.321458 0.022358 0.666725 -0.93991 -0.203832 -8.27823 -819.834 0 
3 827.671 0.313977 0.0223583 0.675136 -0.968886 -0.00970379 -6.69044 -820.971 0 
11 826.794 0.310856 0.0224323 0.676511 -0.955956 -0.318705 -5.72827 -820.747 0 
1 827.073 0.309186 0.0223914 0.677086 -0.952911 -0.895276 -5.40671 -820.771 0 
1 827.098 0.308168 0.0224176 0.678832 -0.959786 -0.652554 -5.30959 -821.136 0 
1 827.205 0.308897 0.0225171 0.678073 -0.949705 -1.18728 -5.3402 -820.677 0 
1 827.52 0.304353 0.0225381 0.682912 -0.965375 -0.816351 -4.89203 -821.811 0 
1 828.741 0.309708 0.0226758 0.678829 -0.952527 -2.54068 -5.48543 -820.714 0 
3 826.832 0.30982 0.0224433 0.677004 -0.954774 -0.510409 -5.53351 -820.788 0 
2 827.245 0.312322 0.0224678 0.673059 -0.935677 -1.34046 -5.84772 -820.057 0 
1 828.036 0.31126 0.0224494 0.67366 -0.937329 -2.22141 -5.66743 -820.147 0 
4 827.395 0.312229 0.0225132 0.671721 -0.917432 -1.7688 -5.88319 -819.743 0 
1 828.795 0.303305 0.022555 0.682946 -0.962306 -2.22656 -4.79045 -821.778 0 
1 829.047 0.307449 0.02237 0.675874 -0.932272 -3.62695 -5.19789 -820.222 0 
1 828.238 0.313752 0.0223764 0.670614 -0.923448 -2.34599 -6.10501 -819.787 0 
5 827.856 0.31251 0.0223189 0.676081 -0.968508 -0.47731 -6.29064 -821.088 0 
3 827.332 0.315967 0.0223445 0.670478 -0.940299 -0.665206 -6.66573 -820.001 0 
1 827.987 0.313426 0.0224535 0.670314 -0.91953 -2.19133 -6.05106 -819.745 0 
3 827.671 0.313758 0.0226232 0.672468 -0.927841 -1.72069 -6.09907 -819.852 0 
1 827.209 0.315028 0.0225422 0.671903 -0.93534 -0.871997 -6.39693 -819.94 0 
1 827.889 0.314876 0.0225407 0.674102 -0.953333 -0.926532 -6.58688 -820.376 0 
1 827.671 0.318583 0.0224686 0.669779 -0.942067 -0.325051 -7.40474 -819.941 0 
5 827.853 0.312615 0.0225405 0.6765 -0.960717 -0.899005 -6.17587 -820.778 0 
2 827.617 0.318956 0.0223858 0.669465 -0.946154 -0.0269068 -7.58773 -820.003 0 
2 827.723 0.32004 0.022404 0.668141 -0.938473 -0.109212 -7.76803 -819.845 0 
1 829.885 0.323224 0.022451 0.665843 -0.929694 -1.52522 -8.62711 -819.733 0 
2 828.865 0.317713 0.0222951 0.672086 -0.965367 -0.669255 -7.64057 -820.555 0 
1 828.689 0.313253 0.0223777 0.677386 -0.981984 -0.235428 -6.84839 -821.605 0 
4 826.903 0.309666 0.0225033 0.675946 -0.941462 -1.12544 -5.42521 -820.352 0 
5 826.868 0.312161 0.0224218 0.67493 -0.952399 -0.390876 -5.95103 -820.526 0 
1 827.64 0.312517 0.02233 0.676133 -0.969661 -0.174258 -6.33101 -821.135 0 
3 828.568 0.32309 0.0223371 0.665174 -0.934998 -0.0843081 -8.71923 -819.764 0 
2 829.702 0.322493 0.022463 0.661365 -0.891276 -1.46872 -8.27214 -819.961 0 
3 829.76 0.322995 0.0224777 0.663113 -0.903439 -1.58764 -8.35971 -819.812 0 
1 829.654 0.318757 0.0225465 0.666831 -0.906253 -2.73999 -7.22702 -819.687 0 
2 828.648 0.319632 0.0225083 0.667863 -0.923591 -1.4855 -7.45289 -819.71 0 
10 828.477 0.31685 0.0223225 0.671481 -0.951508 -1.22134 -7.04156 -820.214 0 
2 829.113 0.321016 0.0223926 0.666105 -0.923174 -1.56092 -7.84533 -819.707 0 
3 830.039 0.319869 0.0224334 0.666639 -0.916988 -2.86743 -7.48363 -819.688 0 
3 829.784 0.325226 0.0223039 0.662256 -0.921196 -0.815214 -9.22136 -819.747 0 
6 830.682 0.326654 0.0223937 0.661107 -0.911441 -1.22427 -9.6055 -819.852 0 
1 830.831 0.323128 0.0223686 0.664214 -0.918539 -2.65951 -8.4509 -819.72 0 
5 830.626 0.326904 0.0225046 0.661178 -0.907453 -1.05121 -9.66666 -819.909 0 
1 830.495 0.314988 0.0224232 0.673254 -0.945378 -3.89109 -6.4464 -820.157 0 
2 829.957 0.314713 0.022377 0.670675 -0.925729 -3.8734 -6.28789 -819.796 0 
2 830.065 0.308043 0.0225213 0.678013 -0.939225 -4.44005 -5.23608 -820.389 0 
1 832.546 0.309137 0.022628 0.676157 -0.921505 -7.13825 -5.51503 -819.893 0 
1 829.852 0.31299 0.0225292 0.670889 -0.908823 -4.07445 -6.12029 -819.657 0 
1 828.628 0.316262 0.0225795 0.669054 -0.910335 -2.31271 -6.65547 -819.66 0 
2 828.194 0.311213 0.0226234 0.67584 -0.943475 -2.19104 -5.68705 -820.315 0 
3 827.712 0.316336 0.0225738 0.67159 -0.935786 -1.10749 -6.70009 -819.904 0 
3 826.871 0.314272 0.0225122 0.672885 -0.940013 -0.543222 -6.2618 -820.066 0 
4 826.907 0.313585 0.022534 0.672272 -0.930098 -0.943724 -6.06852 -819.895 0 
1 827.402 0.311825 0.0224648 0.673448 -0.930473 -1.67705 -5.75881 -819.966 0 
1 827.317 0.308517 0.0225571 0.676856 -0.934634 -1.79788 -5.29288 -820.226 0 
1 829.302 0.307155 0.0226629 0.680096 -0.944959 -3.53805 -5.11974 -820.644 0 
2 828.717 0.310197 0.0226605 0.674514 -0.916964 -3.28673 -5.64667 -819.784 0 
1 828.169 0.31022 0.0225531 0.674551 -0.923767 -2.69913 -5.5738 -819.896 0 
2 829.399 0.30698 0.0224394 0.679213 -0.949468 -3.47374 -5.0997 -820.825 0 
1 828.079 0.306216 0.0225222 0.681943 -0.965919 -1.3646 -5.0933 -821.621 0 
1 828.693 0.306174 0.0224318 0.682365 -0.974539 -1.43644 -5.18617 -822.071 0 
5 828.465 0.311762 0.0223663 0.676967 -0.965935 -1.36751 -6.04516 -821.053 0 
1 828.154 0.315624 0.0223368 0.671006 -0.939272 -1.60847 -6.55176 -819.994 0 
3 828.358 0.311246 0.0224861 0.67787 -0.962911 -1.49651 -5.88278 -820.978 0 
3 827.292 0.311358 0.0225652 0.67601 -0.943966 -1.26609 -5.70522 -820.321 0 
1 828.322 0.318362 0.0225724 0.670141 -0.934513 -1.27924 -7.21258 -819.83 0 
1 827.851 0.314774 0.0226306 0.670678 -0.915077 -1.83709 -6.32882 -819.685 0 
1 827.547 0.310991 0.0226209 0.673805 -0.923591 -2.03042 -5.65024 -819.867 0 
3 828.772 0.308872 0.0226962 0.675267 -0.920397 -3.47009 -5.4203 -819.882 0 
1 828.964 0.308302 0.0227286 0.675396 -0.915278 -3.70517 -5.44799 -819.811 0 
8 828.625 0.306112 0.0226773 0.676847 -0.917178 -3.41363 -5.28815 -819.923 0 
1 828.377 0.306905 0.0224805 0.675867 -0.926476 -3.09263 -5.18528 -820.099 0 
1 828.073 0.304369 0.0224371 0.679596 -0.943592 -2.36879 -4.88341 -820.821 0 
3 827.076 0.309829 0.0225497 0.675017 -0.931355 -1.54898 -5.4543 -820.073 0 
6 827.221 0.312643 0.0223955 0.674399 -0.948427 -0.863659 -5.98623 -820.371 0 
6 827.495 0.318117 0.0224009 0.668039 -0.928914 -0.621617 -7.1061 -819.768 0 
2 829.79 0.309643 0.0222649 0.675741 -0.948969 -3.74925 -5.44676 -820.594 0 
3 828.42 0.307882 0.0223115 0.67713 -0.950172 -2.43913 -5.20499 -820.776 0 
4 828.843 0.311148 0.0222899 0.674386 -0.945398 -2.79145 -5.67557 -820.376 0 
1 828.109 0.305011 0.022461 0.683638 -0.978967 -0.526976 -5.10783 -822.474 0 
1 828.494 0.307254 0.0224066 0.678712 -0.950601 -2.51902 -5.12987 -820.845 0 
2 827.269 0.31186 0.0224038 0.6753 -0.950824 -0.918741 -5.85324 -820.497 0 
1 827.035 0.314679 0.0223945 0.671252 -0.935165 -0.772359 -6.31291 -819.95 0 
2 828.902 0.315918 0.0223025 0.668316 -0.925793 -2.58187 -6.54868 -819.771 0 
1 831.735 0.313582 0.0222835 0.667978 -0.907371 -5.89057 -6.19651 -819.648 0 
3 831.278 0.311587 0.0222728 0.670132 -0.916598 -5.73937 -5.79207 -819.746 0 
1 831.227 0.317169 0.0223271 0.664543 -0.899106 -4.61811 -6.91898 -819.69 0 
1 830.836 0.310823 0.0222097 0.673339 -0.947155 -4.73546 -5.64923 -820.451 0 
4 829.999 0.308097 0.0223002 0.675335 -0.94205 -4.31132 -5.21288 -820.475 0 
4 828.291 0.317412 0.0222754 0.671604 -0.962913 -0.283919 -7.5082 -820.499 0 
1 829.841 0.314469 0.0222378 0.675594 -0.980357 -1.33198 -7.10741 -821.401 0 
3 828.435 0.316138 0.0222631 0.673033 -0.969477 -0.309519 -7.31449 -820.811 0 
1 828.587 0.315728 0.0222694 0.673364 -0.966863 -0.746095 -7.09026 -820.751 0 
11 829.187 0.324917 0.0224631 0.663281 -0.919194 -0.34876 -9.08995 -819.748 0 
1 829.276 0.315358 0.0225597 0.668639 -0.902664 -3.05658 -6.5701 -819.649 0 
1 827.3 0.314779 0.0224537 0.669808 -0.920116 -1.26667 -6.30458 -819.728 0 
5 827.996 0.309494 0.02259 0.673487 -0.913924 -2.65923 -5.57822 -819.759 0 
4 829.21 0.306099 0.0224837 0.675722 -0.917791 -3.98116 -5.2924 -819.937 0 
1 828.548 0.311563 0.0226509 0.671354 -0.904235 -2.95175 -5.95678 -819.64 0 
1 827.692 0.308694 0.0225682 0.675036 -0.920641 -2.36828 -5.43073 -819.892 0 
1 827.308 0.309767 0.0225978 0.676378 -0.939869 -1.57129 -5.43685 -820.3 0 
4 827.454 0.306876 0.0225079 0.681292 -0.96744 -0.628748 -5.20445 -821.621 0 
4 827.391 0.309531 0.0225925 0.678128 -0.9507 -1.28439 -5.44362 -820.663 0 
3 827.171 0.311239 0.0225215 0.677057 -0.957322 -0.584877 -5.82026 -820.766 0 
3 827.839 0.306346 0.0226568 0.680322 -0.946228 -2.05439 -5.02917 -820.755 0 
6 828.619 0.302106 0.022621 0.685614 -0.969822 -1.53302 -4.74351 -822.342 0 
3 831.091 0.296613 0.0226169 0.692485 -0.99318 -1.49704 -4.72553 -824.869 0 
1 831.317 0.306282 0.0227535 0.683006 -0.959984 -4.92938 -5.05452 -821.333 0 
2 829.641 0.30909 0.0227213 0.678879 -0.943812 -3.82832 -5.3496 -820.463 0 
1 829.372 0.317768 0.022627 0.671696 -0.941677 -2.26405 -7.14699 -819.961 0 
1 831.145 0.309377 0.0227884 0.679522 -0.951286 -5.02195 -5.42698 -820.696 0 
4 831.101 0.315553 0.0228054 0.671906 -0.919811 -4.92327 -6.46233 -819.715 0 
2 830.634 0.316699 0.022759 0.669883 -0.909355 -4.22347 -6.75029 -819.66 0 
1 830.215 0.309579 0.022749 0.679317 -0.951071 -4.08951 -5.45289 -820.672 0 
1 830.895 0.312373 0.0226813 0.678342 -0.965462 -3.71237 -6.20385 -820.979 0 
3 830.813 0.313695 0.0225665 0.677652 -0.970768 -3.1346 -6.60815 -821.071 0 
3 828.616 0.310809 0.0225509 0.678879 -0.966059 -1.61539 -5.85324 -821.147 0 
1 827.776 0.315216 0.022578 0.673084 -0.941733 -1.22457 -6.48877 -820.062 0 
1 828.942 0.319116 0.0226059 0.668315 -0.925056 -1.87277 -7.3476 -819.722 0 
1 827.92 0.316875 0.0226045 0.670107 -0.923708 -1.43058 -6.7558 -819.734 0 
4 828.888 0.322101 0.0224263 0.663227 -0.904976 -1.01727 -8.10063 -819.77 0 
1 829.894 0.317645 0.0224179 0.665636 -0.899761 -3.1639 -7.03421 -819.696 0 
1 827.822 0.318439 0.0225169 0.666577 -0.909424 -1.01727 -7.12977 -819.675 0 
5 828.263 0.318231 0.0225116 0.665944 -0.902433 -1.44616 -7.12374 -819.694 0 
2 827.322 0.312375 0.0225359 0.672075 -0.919024 -1.66611 -5.89556 -819.76 0 
2 829 0.313773 0.0224099 0.668643 -0.908631 -3.14842 -6.19868 -819.653 0 
2 828.097 0.311625 0.0224729 0.671365 -0.916099 -2.56122 -5.79659 -819.74 0 
1 828.166 0.311756 0.0224752 0.671812 -0.921999 -2.58407 -5.76441 -819.817 0 
2 828.882 0.31757 0.0223293 0.666386 -0.914653 -2.29436 -6.91334 -819.674 0 
3 830.72 0.313784 0.0222615 0.669933 -0.923863 -4.81639 -6.11142 -819.792 0 
1 830.455 0.306405 0.0222852 0.680447 -0.967486 -3.65061 -5.12763 -821.677 0 
1 830.386 0.317378 0.0222158 0.668351 -0.933753 -3.60948 -6.93309 -819.843 0 
2 829.748 0.323717 0.0223764 0.661108 -0.899654 -1.27691 -8.58558 -819.885 0 
2 830.312 0.324823 0.0222974 0.660391 -0.906487 -1.51088 -8.95919 -819.842 0 
3 830.585 0.321884 0.0221849 0.664017 -0.930123 -2.59947 -8.24656 -819.739 0 
2 831.489 0.320158 0.0223131 0.665654 -0.931364 -3.96908 -7.75722 -819.763 0 
3 828.179 0.314251 0.0223821 0.675829 -0.973748 -0.16143 -6.87692 -821.14 0 
3 829.829 0.313961 0.0223919 0.677646 -0.986407 -0.920744 -7.17146 -821.737 0 
1 829.936 0.308793 0.0224473 0.682711 -0.997315 -0.685197 -6.22306 -823.028 0 
1 830.615 0.310452 0.0224101 0.680593 -0.996728 -1.19156 -6.67822 -822.745 0 
3 831.445 0.303185 0.0225173 0.686145 -0.993937 -2.52368 -5.20854 -823.713 0 
2 829.649 0.304866 0.0225571 0.680441 -0.952117 -3.6384 -4.88495 -821.126 0 
1 830.032 0.301934 0.0225852 0.685888 -0.977613 -2.39474 -4.80182 -822.836 0 
1 828.698 0.299346 0.0225715 0.685981 -0.959453 -1.91499 -4.66513 -822.118 0 
1 828.481 0.30156 0.022551 0.685691 -0.972934 -1.14852 -4.7303 -822.603 0 
4 828.024 0.302882 0.0225586 0.683409 -0.956372 -1.7285 -4.76613 -821.529 0 
2 828.669 0.30577 0.0226223 0.683093 -0.968436 -1.80187 -5.06773 -821.799 0 
2 828.157 0.302345 0.0226017 0.682305 -0.945458 -2.29246 -4.78203 -821.082 0 
6 827.249 0.307711 0.0225443 0.676447 -0.929679 -1.87688 -5.23424 -820.138 0 
1 827.827 0.305198 0.0225494 0.678493 -0.933696 -2.41925 -5.00166 -820.406 0 
1 828.968 0.299191 0.0226457 0.686196 -0.955259 -2.36299 -4.698 -821.907 0 
1 827.922 0.30241 0.0225571 0.682129 -0.946232 -2.03049 -4.78245 -821.109 0 
2 828.755 0.307045 0.0223388 0.676786 -0.940889 -3.13652 -5.1066 -820.512 0 
1 830.827 0.306975 0.0222721 0.679585 -0.963972 -4.21502 -5.16777 -821.444 0 
3 830.97 0.306062 0.0223889 0.679726 -0.950418 -5.01719 -5.01005 -820.943 0 
4 830.368 0.299108 0.0225158 0.688924 -0.980877 -2.20043 -4.67161 -823.496 0 
1 830.253 0.298525 0.0224659 0.690495 -0.997231 -0.628153 -4.81124 -824.814 0 
1 828.202 0.302135 0.0224642 0.685176 -0.974262 -0.829321 -4.77194 -822.6 0 
1 827.608 0.306872 0.0225405 0.680809 -0.959633 -1.22577 -5.1256 -821.257 0 
2 827.08 0.309103 0.0224914 0.678383 -0.956024 -0.76771 -5.41611 -820.896 0 
1 827.807 0.307214 0.0225528 0.676963 -0.928151 -2.46003 -5.22196 -820.125 0 
2 828.987 0.30359 0.0225864 0.685526 -0.980842 -1.21743 -4.97931 -822.79 0 
2 828.07 0.303914 0.0225288 0.684288 -0.973336 -0.858276 -4.91249 -822.299 0 
3 829.025 0.30159 0.0224265 0.687099 -0.991276 -0.288928 -4.93522 -823.801 0 
1 829.683 0.312084 0.0224566 0.676642 -0.969705 -2.21367 -6.29113 -821.178 0 
3 829.578 0.311228 0.0224148 0.679539 -0.990305 -0.671081 -6.6343 -822.273 0 
2 832.618 0.308243 0.0224578 0.684515 -1.01378 -1.64151 -6.75509 -824.221 0 
1 833.918 0.308211 0.0223523 0.68572 -1.02898 -1.1805 -7.3619 -825.375 0 
1 833.913 0.301387 0.0223882 0.690526 -1.02933 -0.987455 -5.99782 -826.928 0 
2 833.873 0.302701 0.0223837 0.689523 -1.02936 -1.0322 -6.22143 -826.62 0 
1 829.049 0.310668 0.0223812 0.679817 -0.990429 -0.212298 -6.4832 -822.354 0 
5 830.073 0.306873 0.0222631 0.68238 -0.998472 -0.761562 -5.90668 -823.404 0 
1 829.456 0.310477 0.0223084 0.680289 -0.995756 -0.195735 -6.57584 -822.685 0 
4 827.059 0.310331 0.0224369 0.677104 -0.959872 -0.427242 -5.69208 -820.939 0 
1 826.999 0.310614 0.0224862 0.677427 -0.959667 -0.358149 -5.73439 -820.907 0 
1 826.85 0.310532 0.0224833 0.676222 -0.950185 -0.664878 -5.61481 -820.57 0 
5 827.487 0.312368 0.0225544 0.674337 -0.941525 -1.40263 -5.88819 -820.196 0 
1 828.577 0.31322 0.0226127 0.675136 -0.949575 -2.06096 -6.14667 -820.369 0 
1 829.48 0.31102 0.0226814 0.675357 -0.936009 -3.72901 -5.62384 -820.127 0 
2 831.043 0.309889 0.0225939 0.676059 -0.944129 -5.14723 -5.47666 -820.419 0 
1 828.341 0.314961 0.0224877 0.668635 -0.912289 -2.30558 -6.36804 -819.667 0 
4 829.208 0.309718 0.0226428 0.67431 -0.922383 -3.83739 -5.48188 -819.888 0 
4 829.073 0.305349 0.0226315 0.677763 -0.925701 -3.82067 -5.09037 -820.162 0 
1 829.376 0.305786 0.0227372 0.677141 -0.911628 -4.12186 -5.42448 -819.83 0 
2 830.121 0.299934 0.0227011 0.682683 -0.925115 -4.42757 -5.19928 -820.494 0 
6 829.527 0.299337 0.0225577 0.684272 -0.942523 -3.40242 -4.87339 -821.251 0 
2 828.469 0.302869 0.0225789 0.6803 -0.930852 -3.00496 -4.98785 -820.476 0 
4 827.33 0.30591 0.0224819 0.679004 -0.943537 -1.64256 -4.99656 -820.691 0 
1 828.004 0.301629 0.0225247 0.684478 -0.961282 -1.3738 -4.70211 -821.928 0 
1 829.947 0.297419 0.0225216 0.686977 -0.960625 -2.80628 -4.69367 -822.447 0 
1 828.12 0.301445 0.0225081 0.683353 -0.953245 -1.86718 -4.71654 -821.536 0 
3 829.097 0.299841 0.0224351 0.68479 -0.960813 -2.30755 -4.65895 -822.13 0 
3 828.428 0.301307 0.0224555 0.685258 -0.973582 -1.02948 -4.71993 -822.678 0 
2 829.503 0.3005 0.0223999 0.68801 -0.993419 -0.477366 -4.87655 -824.149 0 
10 828.636 0.302869 0.0223811 0.683251 -0.971642 -1.47889 -4.81374 -822.344 0 
2 829.656 0.302025 0.0225351 0.685802 -0.980491 -1.81058 -4.84152 -823.004 0 
1 829.033 0.301085 0.0223929 0.685874 -0.981953 -1.00663 -4.77983 -823.246 0 
1 827.253 0.307485 0.022432 0.679711 -0.961743 -0.736641 -5.22726 -821.289 0 
4 827.106 0.314883 0.0224563 0.670151 -0.923734 -1.01903 -6.32047 -819.767 0 
4 826.67 0.309901 0.0224876 0.676687 -0.948699 -0.610952 -5.49259 -820.566 0 
2 827.061 0.310748 0.0224085 0.675925 -0.949984 -0.873385 -5.64034 -820.548 0 
5 826.807 0.312954 0.0224081 0.673261 -0.942116 -0.625492 -6.00101 -820.18 0 
1 827.587 0.311466 0.0226108 0.673204 -0.918383 -2.04282 -5.77227 -819.772 0 
1 828.233 0.311606 0.0225511 0.675762 -0.941683 -2.2565 -5.73445 -820.242 0 
1 830.388 0.317233 0.0226575 0.669158 -0.910145 -3.86092 -6.86322 -819.664 0 
5 830.43 0.31695 0.0226368 0.672688 -0.941354 -3.54612 -6.89908 -819.984 0 
4 831.124 0.311682 0.0226911 0.67833 -0.95563 -4.59087 -5.86267 -820.67 0 
1 831.802 0.313799 0.0227168 0.675425 -0.939966 -5.57379 -6.14135 -820.087 0 
3 828.455 0.314455 0.022681 0.672182 -0.92245 -2.45676 -6.23869 -819.76 0 
2 828.752 0.312464 0.0227148 0.672695 -0.913114 -3.08868 -5.96932 -819.694 0 
5 827.874 0.314583 0.0226361 0.670326 -0.912373 -1.89731 -6.30731 -819.669 0 
1 828.184 0.308222 0.0226498 0.678673 -0.941815 -2.48675 -5.23878 -820.459 0 
1 827.639 0.313973 0.0224824 0.669944 -0.913981 -1.76312 -6.19128 -819.684 0 
3 827.647 0.309479 0.0223669 0.675403 -0.94442 -1.78422 -5.40682 -820.456 0 
2 828.167 0.314129 0.0224628 0.669097 -0.909164 -2.25078 -6.26178 -819.655 0 
1 827.91 0.310004 0.0226403 0.673868 -0.917182 -2.53159 -5.5857 -819.792 0 
1 827.165 0.309858 0.0225332 0.674324 -0.924883 -1.73297 -5.50153 -819.931 0 
1 827.02 0.311656 0.0225076 0.672895 -0.925704 -1.3995 -5.7392 -819.882 0 
3 827.098 0.308056 0.0224255 0.677224 -0.946738 -1.24421 -5.21688 -820.637 0 
4 828.308 0.309553 0.0225466 0.680076 -0.972674 -0.983516 -5.75063 -821.574 0 
1 828.231 0.318825 0.0225059 0.668017 -0.927898 -1.18676 -7.29687 -819.748 0 
4 829.512 0.317799 0.0224297 0.668934 -0.93769 -2.47101 -7.14958 -819.892 0 
2 830.039 0.316519 0.0225307 0.66543 -0.891745 -3.41637 -6.89272 -819.729 0 
1 829.249 0.318861 0.0225137 0.667206 -0.922381 -2.27363 -7.26898 -819.706 0 
2 830.312 0.315745 0.0225666 0.666957 -0.899944 -4.03153 -6.62047 -819.66 0 
3 831.574 0.314644 0.0225977 0.670822 -0.927004 -5.47587 -6.28293 -819.815 0 
2 827.618 0.312646 0.0225645 0.674766 -0.945912 -1.3379 -5.98091 -820.299 0 
1 827.122 0.315085 0.022514 0.670884 -0.925542 -0.974165 -6.36251 -819.785 0 
2 827.207 0.314247 0.02234 0.672722 -0.949482 -0.536248 -6.36616 -820.304 0 
5 826.752 0.309823 0.0224357 0.676747 -0.951454 -0.586418 -5.49873 -820.667 0 
1 827.088 0.306171 0.0225062 0.680835 -0.960467 -0.670799 -5.05068 -821.367 0 
3 826.848 0.310623 0.0225289 0.674403 -0.93047 -1.26156 -5.57053 -820.016 0 
2 827.566 0.311964 0.0226122 0.672467 -0.915741 -1.97426 -5.8632 -819.729 0 
1 828.244 0.30698 0.0224597 0.67685 -0.931497 -2.84675 -5.16917 -820.228 0 
1 827.891 0.30282 0.0226117 0.682825 -0.951289 -1.82969 -4.76659 -821.295 0 
2 829.927 0.299757 0.0225824 0.685629 -0.961923 -3.08093 -4.64241 -822.204 0 
3 827.271 0.306554 0.0225966 0.678325 -0.935396 -1.81228 -5.09005 -820.369 0 
1 826.87 0.312151 0.0225058 0.674636 -0.941059 -0.840786 -5.83352 -820.196 0 
2 830.046 0.312571 0.022312 0.677454 -0.97815 -2.03948 -6.50535 -821.501 0 
2 830.696 0.320014 0.0222068 0.668936 -0.954479 -2.50041 -8.06329 -820.132 0 
2 831.638 0.318041 0.0223539 0.673292 -0.970367 -3.10251 -7.84122 -820.694 0 
1 829.479 0.323312 0.0224194 0.666156 -0.936185 -0.922587 -8.78503 -819.771 0 
2 829.069 0.323887 0.0223113 0.663194 -0.925024 -0.510041 -8.83422 -819.725 0 
4 830.063 0.317542 0.0222636 0.673337 -0.977381 -1.11628 -7.96042 -820.987 0 
1 827.816 0.315343 0.0224186 0.673961 -0.96373 -0.2031 -6.94157 -820.672 0 
2 827.766 0.314628 0.0224588 0.674604 -0.962336 -0.374877 -6.71274 -820.678 0 
6 829.223 0.313223 0.0223343 0.677406 -0.982921 -0.726373 -6.84413 -821.653 0 
3 828.459 0.318919 0.0224761 0.670998 -0.95261 -0.614365 -7.70537 -820.14 0 
1 828.682 0.31564 0.0224406 0.674566 -0.964628 -1.00785 -6.99456 -820.68 0 
4 828.328 0.316529 0.0224963 0.672568 -0.954469 -0.949206 -7.06909 -820.309 0 
1 828.955 0.306511 0.0225165 0.683019 -0.983957 -0.948661 -5.45117 -822.556 0 
5 827.365 0.311446 0.0223488 0.676194 -0.964102 -0.371683 -5.98588 -821.008 0 
6 829.631 0.300764 0.0225712 0.682746 -0.943926 -3.69442 -4.76644 -821.17 0 
2 829.51 0.304213 0.0224803 0.677513 -0.923915 -4.23132 -5.10143 -820.177 0 
4 827.798 0.303618 0.0224903 0.680695 -0.945251 -2.01003 -4.83414 -820.954 0 
3 827.06 0.312875 0.0225096 0.671801 -0.922257 -1.31626 -5.95227 -819.792 0 
3 826.974 0.311245 0.0225252 0.67485 -0.935996 -1.19709 -5.66126 -820.115 0 
2 827.447 0.312372 0.0226046 0.673965 -0.934052 -1.57746 -5.85083 -820.018 0 
2 828.386 0.319766 0.0224694 0.664718 -0.904976 -1.20366 -7.47068 -819.712 0 
3 827.39 0.316926 0.0224882 0.66881 -0.919982 -0.925121 -6.76163 -819.703 0 
5 827.147 0.309297 0.0224664 0.67505 -0.932282 -1.63905 -5.38626 -820.122 0 
4 828.03 0.316319 0.022603 0.671696 -0.934704 -1.45676 -6.68585 -819.887 0 
1 828.432 0.311828 0.022663 0.676373 -0.944534 -2.32787 -5.79535 -820.309 0 
4 828.027 0.303832 0.0226559 0.682484 -0.950988 -2.02718 -4.82195 -821.178 0 
7 828.186 0.305966 0.0226113 0.681611 -0.961499 -1.71103 -5.03842 -821.437 0 
1 829.5 0.298181 0.0226676 0.688235 -0.963332 -2.32619 -4.67057 -822.503 0 
4 828.707 0.309003 0.0226671 0.679616 -0.955446 -2.42762 -5.39646 -820.882 0 
4 828.338 0.303731 0.0225571 0.684728 -0.976708 -0.878069 -4.93985 -822.52 0 
2 828.344 0.305177 0.0226073 0.68335 -0.968508 -1.46891 -5.00026 -821.874 0 
4 829.068 0.314965 0.0226829 0.67245 -0.931573 -2.83156 -6.3603 -819.876 0 
2 829.094 0.311478 0.0226333 0.677279 -0.956708 -2.49299 -5.87693 -820.724 0 
6 830.545 0.317819 0.0224746 0.666123 -0.91109 -3.89868 -6.97728 -819.669 0 
1 830.195 0.310584 0.0226329 0.67275 -0.916062 -4.79267 -5.64024 -819.762 0 
2 829.77 0.312208 0.0226815 0.676677 -0.95239 -3.28189 -5.96519 -820.523 0 
1 828.182 0.312507 0.0225847 0.675734 -0.952333 -1.65299 -6.02925 -820.5 0 
1 828.501 0.314148 0.0226953 0.671883 -0.920034 -2.57946 -6.1835 -819.738 0 
4 830.091 0.320953 0.0226657 0.663545 -0.889332 -2.27595 -7.89111 -819.923 0 
1 828.897 0.319689 0.0225503 0.664814 -0.897331 -1.61959 -7.50817 -819.769 0 
4 828.751 0.310668 0.0226658 0.67723 -0.94282 -2.83938 -5.58213 -820.33 0 
11 828.042 0.302591 0.0225251 0.683016 -0.953551 -1.8567 -4.76071 -821.425 0 
4 829.868 0.303344 0.0224526 0.684042 -0.968215 -2.96282 -4.81752 -822.088 0 
2 828.442 0.30609 0.0223853 0.681497 -0.969922 -1.48587 -5.11856 -821.837 0 
3 828.716 0.309964 0.0224997 0.67412 -0.921628 -3.28277 -5.56694 -819.866 0 
4 830.41 0.312974 0.0224163 0.669029 -0.902586 -4.579 -6.19734 -819.633 0 
1 828.757 0.309869 0.0225179 0.672204 -0.907708 -3.34157 -5.73613 -819.68 0 
1 828.637 0.308135 0.0223937 0.674703 -0.927655 -3.28391 -5.28665 -820.066 0 
2 831.206 0.303778 0.0223824 0.678173 -0.928412 -5.81263 -5.0585 -820.335 0 
2 827.497 0.306841 0.0223685 0.679855 -0.96494 -0.816647 -5.17613 -821.504 0 
1 827.596 0.311656 0.0223605 0.67589 -0.957558 -0.959969 -5.89501 -820.741 0 
1 827.751 0.312276 0.022387 0.672248 -0.933307 -1.91242 -5.83237 -820.007 0 
2 826.641 0.310787 0.0224961 0.675674 -0.944054 -0.672142 -5.61041 -820.359 0 
1 827.323 0.310448 0.0223504 0.676715 -0.959708 -0.703944 -5.69583 -820.923 0 
1 829.495 0.30392 0.0225026 0.686068 -0.989887 -1.02862 -5.14968 -823.316 0 
2 829.289 0.306837 0.0224314 0.682872 -0.983341 -1.37708 -5.43748 -822.474 0 
3 829.19 0.305912 0.0224184 0.683533 -0.98449 -1.20184 -5.31597 -822.672 0 
5 828.74 0.303482 0.02251 0.683409 -0.961264 -2.23169 -4.80411 -821.704 0 
2 829.685 0.304114 0.0225861 0.683963 -0.964031 -3.05467 -4.85979 -821.771 0 
5 829.768 0.301295 0.0226124 0.684494 -0.949897 -3.60796 -4.76981 -821.391 0 
3 828.732 0.315143 0.0225648 0.67258 -0.933971 -2.42414 -6.39661 -819.912 0 
4 826.915 0.316102 0.0224508 0.67056 -0.93433 -0.393163 -6.63493 -819.887 0 
4 828.48 0.309422 0.0224047 0.680162 -0.978486 -0.785277 -5.81898 -821.876 0 
1 828.613 0.312363 0.0222756 0.674807 -0.957387 -1.89542 -6.03837 -820.679 0 
1 827.764 0.317537 0.0223493 0.669561 -0.938225 -0.826068 -7.03018 -819.908 0 
1 828.288 0.313628 0.0224523 0.67541 -0.957883 -1.36249 -6.32405 -820.602 0 
2 828.771 0.316986 0.0224317 0.673292 -0.962151 -0.94337 -7.32307 -820.504 0 
1 830.483 0.318336 0.0224972 0.673406 -0.967513 -2.00352 -7.89978 -820.58 0 
3 830.252 0.315259 0.0225505 0.676209 -0.970827 -2.25872 -7.05936 -820.934 0 
3 830.278 0.321352 0.022394 0.669661 -0.965039 -0.984687 -8.97219 -820.321 0 
1 831.557 0.321043 0.0225279 0.668508 -0.946547 -3.28199 -8.33514 -819.94 0 
3 830.405 0.319621 0.022583 0.666968 -0.920883 -3.23802 -7.46995 -819.697 0 
1 827.309 0.315119 0.022491 0.670627 -0.929236 -1.08987 -6.38405 -819.835 0 
3 827.182 0.31399 0.0225358 0.671592 -0.927594 -1.19658 -6.14418 -819.841 0 
1 828.071 0.302476 0.0225997 0.682623 -0.949083 -2.0804 -4.76076 -821.229 0 
6 827.302 0.304895 0.0225408 0.680051 -0.943758 -1.60276 -4.91647 -820.782 0 
3 827.71 0.310939 0.0224461 0.672519 -0.922004 -2.2107 -5.65844 -819.841 0 
4 827.683 0.306991 0.0225352 0.676382 -0.926433 -2.38744 -5.20228 -820.093 0 
1 827.165 0.314847 0.0224737 0.669997 -0.92083 -1.11361 -6.31638 -819.735 0 
2 829.434 0.32368 0.0223382 0.662692 -0.919427 -1.0086 -8.699 -819.727 0 
2 827.026 0.311362 0.0225061 0.675788 -0.950258 -0.743978 -5.76919 -820.513 0 
1 827.02 0.30849 0.0225064 0.677155 -0.944881 -1.21022 -5.26876 -820.541 0 
2 828.129 0.314332 0.0226354 0.670329 -0.912717 -2.20182 -6.25388 -819.673 0 
1 827.4 0.31703 0.0224498 0.668252 -0.921066 -0.900349 -6.78985 -819.71 0 
1 826.987 0.312194 0.0224537 0.675954 -0.957188 -0.28906 -6.01198 -820.685 0 
1 828.526 0.316628 0.022392 0.672539 -0.954654 -1.17989 -7.03747 -820.309 0 
1 830.001 0.326504 0.0223387 0.662897 -0.936264 -0.172844 -10.0651 -819.763 0 
5 830.175 0.324151 0.0222292 0.662147 -0.921167 -1.58572 -8.85968 -819.73 0 
2 830.386 0.322749 0.0223598 0.664136 -0.916965 -2.34539 -8.32222 -819.718 0 
2 829.077 0.318744 0.022479 0.6672 -0.913837 -2.20551 -7.19496 -819.677 0 
1 831.671 0.322533 0.0226531 0.664658 -0.901861 -3.63038 -8.22696 -819.814 0 
3 829.861 0.315783 0.0225452 0.669762 -0.913398 -3.64428 -6.54625 -819.67 0 
1 829.055 0.320036 0.0226313 0.666806 -0.911127 -1.83535 -7.52777 -819.692 0 
2 829.208 0.315918 0.0226512 0.670167 -0.913061 -2.97069 -6.56952 -819.668 0 
1 829.593 0.309486 0.022688 0.676161 -0.923562 -4.17411 -5.49971 -819.919 0 
6 827.156 0.310737 0.0226092 0.675296 -0.934226 -1.47955 -5.5795 -820.097 0 
2 826.911 0.310637 0.0224335 0.676345 -0.955073 -0.493686 -5.68533 -820.732 0 
4 827.822 0.308156 0.0224942 0.676725 -0.941835 -2.13782 -5.22034 -820.464 0 
1 829.212 0.312975 0.0226011 0.671899 -0.923794 -3.44589 -5.95447 -819.811 0 
1 829.507 0.315219 0.022575 0.666685 -0.890678 -3.09579 -6.70757 -819.704 0 
1 828.597 0.31228 0.0225407 0.670053 -0.904651 -2.92517 -6.03247 -819.639 0 
2 828.708 0.304821 0.0226935 0.679157 -0.928802 -3.39009 -5.03804 -820.28 0 
1 829.792 0.305173 0.0227791 0.681617 -0.941651 -4.15447 -4.95698 -820.681 0 
9 830.07 0.302554 0.0227876 0.683834 -0.944308 -4.23707 -4.82031 -821.013 0 
4 829.751 0.307316 0.0227792 0.677288 -0.917395 -4.48134 -5.38816 -819.881 0 
1 827.343 0.31041 0.0225921 0.674162 -0.92203 -1.88628 -5.5985 -819.858 0 
3 827.38 0.309664 0.0225034 0.67742 -0.948939 -1.3374 -5.45043 -820.592 0 
3 827.257 0.307638 0.0224384 0.679279 -0.95813 -0.924196 -5.21647 -821.116 0 
1 826.883 0.308419 0.0224735 0.677797 -0.948537 -0.940824 -5.26964 -820.673 0 
5 827.35 0.313939 0.0223617 0.672165 -0.939625 -1.09631 -6.18107 -820.072 0 
1 827.102 0.316334 0.0225187 0.66992 -0.925644 -0.702636 -6.63803 -819.762 0 
1 828.089 0.318095 0.0225658 0.667176 -0.911288 -1.37616 -7.04239 -819.671 0 
5 828.047 0.320961 0.0224641 0.665084 -0.914892 -0.55199 -7.79772 -819.698 0 
1 828.414 0.320007 0.0224746 0.666521 -0.916892 -1.19939 -7.52615 -819.688 0 
4 828.914 0.323137 0.0225095 0.66302 -0.904324 -0.699554 -8.40712 -819.808 0 
3 829.833 0.32264 0.0225504 0.662631 -0.900188 -1.72682 -8.26892 -819.837 0 
1 827.867 0.318005 0.0225846 0.668993 -0.922753 -1.12424 -7.02916 -819.714 0 
4 829.355 0.322962 0.0224525 0.667286 -0.945747 -0.555607 -8.92121 -819.878 0 
2 830.4 0.31752 0.0226605 0.672129 -0.939507 -3.43574 -7.03348 -819.931 0 
1 831.083 0.319426 0.0226342 0.671359 -0.949963 -3.2048 -7.81763 -820.06 0 
2 830.045 0.320012 0.0225687 0.670424 -0.949992 -1.99181 -8.01586 -820.038 0 
1 830.262 0.316752 0.0225926 0.67418 -0.958615 -2.67617 -7.1727 -820.413 0 
1 829.841 0.31998 0.0226254 0.669492 -0.934788 -2.35779 -7.68252 -819.801 0 
1 829.658 0.322354 0.0225637 0.666495 -0.924729 -1.66159 -8.28117 -819.715 0 
1 829.491 0.320123 0.0223277 0.670309 -0.961033 -0.908588 -8.29872 -820.284 0 
3 828.866 0.324302 0.0223731 0.663177 -0.92316 -0.187125 -8.94977 -819.729 0 
5 830.669 0.32288 0.0225879 0.667159 -0.936701 -2.19664 -8.69318 -819.78 0 
1 828.982 0.318396 0.0226373 0.669829 -0.930115 -2.01926 -7.1864 -819.776 0 
1 828.676 0.318308 0.0226323 0.669157 -0.924504 -1.83146 -7.12042 -819.725 0 
1 827.902 0.317204 0.0224621 0.671891 -0.953588 -0.420441 -7.23267 -820.249 0 
9 828.405 0.315187 0.0224514 0.675144 -0.9682 -0.584769 -6.97868 -820.842 0 
3 828.136 0.311947 0.0224831 0.674517 -0.937157 -2.24687 -5.78049 -820.109 0 
2 827.353 0.313721 0.0224334 0.674016 -0.948582 -0.826146 -6.21643 -820.31 0 
2 828.326 0.30738 0.0223078 0.677799 -0.95532 -2.13489 -5.16806 -821.023 0 
1 828.061 0.312324 0.0224397 0.67214 -0.930774 -2.27092 -5.83723 -819.953 0 
1 828.664 0.314923 0.0223581 0.670503 -0.937788 -2.26445 -6.40817 -819.992 0 
1 828.329 0.308923 0.0225448 0.678182 -0.956421 -1.98853 -5.41295 -820.928 0 
5 828.659 0.302993 0.0224848 0.685469 -0.984635 -0.558665 -4.9802 -823.12 0 
4 827.876 0.305982 0.0224559 0.682571 -0.9791 -0.265598 -5.2618 -822.348 0 
9 826.974 0.306394 0.0225108 0.680089 -0.954889 -0.831405 -5.04484 -821.098 0 
1 828.213 0.310411 0.0226999 0.675689 -0.930464 -2.64896 -5.5386 -820.025 0 
3 827.847 0.307789 0.0225009 0.681342 -0.974643 -0.515306 -5.45609 -821.876 0 
1 828.269 0.307043 0.0224898 0.679451 -0.959621 -1.86433 -5.16518 -821.239 0 
4 828.54 0.319096 0.0223711 0.667023 -0.929979 -1.37716 -7.39929 -819.764 0 
1 827.464 0.313719 0.0223522 0.674871 -0.965342 -0.0678762 -6.53855 -820.858 0 
1 828.097 0.309986 0.0225435 0.677696 -0.949566 -2.00471 -5.50308 -820.589 0 
3 827.727 0.31228 0.0225863 0.673232 -0.923348 -2.04444 -5.85885 -819.823 0 
2 827.864 0.307894 0.022548 0.677052 -0.932166 -2.42201 -5.24841 -820.194 0 
2 827.229 0.30997 0.022557 0.674155 -0.922819 -1.81009 -5.53164 -819.887 0 
11 829.195 0.310256 0.0224803 0.672157 -0.916756 -3.81287 -5.60253 -819.779 0 
1 827.914 0.312774 0.0225381 0.672761 -0.932569 -2.02082 -5.92252 -819.971 0 
1 827.615 0.310277 0.022495 0.675269 -0.941898 -1.7664 -5.52188 -820.327 0 
14 827.156 0.308262 0.0225408 0.677013 -0.940248 -1.51425 -5.23563 -820.407 0 
5 826.922 0.310101 0.0224619 0.677181 -0.953803 -0.631243 -5.56188 -820.729 0 
1 826.651 0.310398 0.02249 0.67611 -0.945775 -0.660126 -5.55465 -820.436 0 
3 826.869 0.309006 0.0224507 0.677306 -0.952167 -0.732813 -5.37818 -820.758 0 
1 827.212 0.30833 0.0225999 0.676617 -0.932337 -1.76587 -5.27206 -820.174 0 
2 827.44 0.306788 0.0224804 0.677626 -0.940278 -1.85401 -5.07632 -820.51 0 
3 827.678 0.307734 0.0225363 0.676704 -0.935797 -2.18864 -5.18391 -820.306 0 
1 828.578 0.314522 0.0225526 0.672537 -0.940513 -2.17042 -6.34175 -820.066 0 
4 829.444 0.309139 0.0225207 0.679856 -0.974562 -1.98498 -5.74704 -821.712 0 
1 829.635 0.313701 0.0223604 0.675941 -0.979039 -1.2507 -6.96195 -821.422 0 
1 829.419 0.316336 0.0222702 0.670943 -0.956158 -1.97187 -7.07908 -820.368 0 
2 830.098 0.319076 0.0222761 0.665013 -0.917882 -3.11427 -7.29691 -819.686 0 
1 829.995 0.31393 0.0223495 0.669393 -0.923457 -4.08054 -6.13091 -819.783 0 
2 830.2 0.31179 0.0223243 0.672928 -0.944238 -4.0867 -5.81064 -820.302 0 
2 829.011 0.315549 0.0224274 0.668386 -0.918732 -2.84494 -6.46033 -819.706 0 
2 829.814 0.314859 0.0223752 0.667259 -0.906035 -3.7622 -6.4059 -819.646 0 
3 829.363 0.316469 0.0224956 0.665769 -0.894813 -2.81653 -6.84441 -819.702 0 
1 827.413 0.309706 0.0225301 0.674551 -0.928786 -1.9466 -5.44689 -820.019 0 
1 827.56 0.308305 0.02265 0.676498 -0.926989 -2.20262 -5.31513 -820.043 0 
5 827.815 0.308578 0.0225432 0.677347 -0.938542 -2.19218 -5.28919 -820.334 0 
6 828.806 0.312213 0.0225308 0.676048 -0.948422 -2.51931 -5.88865 -820.399 0 
1 829.152 0.313795 0.0224491 0.674265 -0.946891 -2.69401 -6.19883 -820.26 0 
1 828.674 0.316055 0.0224801 0.6711 -0.931482 -2.24195 -6.58841 -819.844 0 
1 828.148 0.308157 0.0224686 0.68048 -0.968374 -1.22468 -5.40002 -821.523 0 
1 827.168 0.305652 0.0224733 0.680455 -0.955128 -1.02022 -4.96777 -821.18 0 
1 828.168 0.303452 0.0226718 0.682543 -0.947642 -2.28113 -4.81723 -821.07 0 
8 827.37 0.307484 0.0225911 0.676853 -0.928307 -2.02412 -5.23057 -820.115 0 
2 827.622 0.304461 0.0224797 0.680656 -0.952162 -1.59611 -4.8578 -821.168 0 
1 828.132 0.305012 0.022536 0.683711 -0.976931 -0.687081 -5.08878 -822.356 0 
1 828.591 0.30304 0.0226681 0.68427 -0.959319 -2.16434 -4.76961 -821.657 0 
4 827.508 0.307645 0.0224979 0.677552 -0.938742 -1.92539 -5.18196 -820.401 0 
3 827.802 0.307344 0.0224493 0.679191 -0.953279 -1.71081 -5.14838 -820.943 0 
4 827.966 0.304326 0.022533 0.683867 -0.972154 -0.845009 -4.94294 -822.178 0 
2 827.962 0.308181 0.0224981 0.680746 -0.970011 -0.930115 -5.43337 -821.599 0 
3 827.911 0.303065 0.0225964 0.683466 -0.956504 -1.62273 -4.7731 -821.515 0 
4 828.548 0.304731 0.0226676 0.680538 -0.935761 -3.05143 -4.98989 -820.507 0 
1 827.871 0.306129 0.0226616 0.680531 -0.946789 -2.06907 -5.00729 -820.794 0 
2 829.233 0.302001 0.0225036 0.68263 -0.955113 -2.95775 -4.70972 -821.566 0 
2 827.886 0.30747 0.0224497 0.679092 -0.95295 -1.80451 -5.16245 -820.919 0 
3 827.327 0.312446 0.0224155 0.673989 -0.941858 -1.23522 -5.8916 -820.201 0 
2 826.842 0.30791 0.0224568 0.678458 -0.953473 -0.716353 -5.22532 -820.901 0 
3 826.711 0.309286 0.0224866 0.677377 -0.950251 -0.640517 -5.40409 -820.666 0 
5 827.139 0.310998 0.0224645 0.677426 -0.963545 -0.240173 -5.87274 -821.026 0 
1 827.108 0.312473 0.0225819 0.673658 -0.932709 -1.2567 -5.86597 -819.986 0 
1 827.249 0.306666 0.0225397 0.677691 -0.93433 -1.8134 -5.10627 -820.329 0 
2 831.109 0.310056 0.0227953 0.672974 -0.895909 -5.44175 -6.05441 -819.613 0 
3 830.177 0.30495 0.0226818 0.678705 -0.91925 -4.87728 -5.28021 -820.02 0 
6 829.369 0.300247 0.0226835 0.683597 -0.938903 -3.50846 -4.86035 -821.001 0 
2 829.176 0.299363 0.0226253 0.684305 -0.942126 -3.09948 -4.84665 -821.23 0 
2 828.325 0.301191 0.022635 0.684207 -0.951035 -2.14207 -4.7266 -821.456 0 
3 829.8 0.298985 0.0226068 0.688887 -0.980781 -1.61782 -4.67167 -823.51 0 
1 829.897 0.303783 0.0226597 0.684959 -0.974335 -2.59915 -4.92384 -822.374 0 
1 828.951 0.305757 0.0226558 0.682572 -0.96524 -2.2663 -5.04488 -821.64 0 
1 829.762 0.304503 0.022632 0.685118 -0.980638 -2.03221 -5.08521 -822.644 0 
7 829.805 0.313341 0.0227186 0.674983 -0.941211 -3.58984 -6.07721 -820.138 0 
1 828.748 0.319947 0.022568 0.666258 -0.914718 -1.5434 -7.51799 -819.687 0 
3 828.474 0.322547 0.0224751 0.665183 -0.92436 -0.38991 -8.36966 -819.715 0 
2 829.248 0.324025 0.0224479 0.663923 -0.924973 -0.62887 -8.8938 -819.726 0 
3 828.442 0.319403 0.0224088 0.666492 -0.924479 -1.29705 -7.42899 -819.716 0 
1 828.77 0.321646 0.0224419 0.665416 -0.925639 -0.942051 -8.11191 -819.716 0 
1 831.363 0.323095 0.0225763 0.66049 -0.883729 -2.71456 -8.505 -820.143 0 
9 829.528 0.319709 0.022573 0.664163 -0.895564 -2.22434 -7.51482 -819.789 0 
1 829.267 0.31678 0.0226003 0.666242 -0.894897 -2.6609 -6.89705 -819.709 0 
2 828.252 0.305496 0.0225814 0.677251 -0.921868 -3.00902 -5.18694 -820.056 0 
5 830.081 0.300237 0.0225795 0.683691 -0.948915 -3.90813 -4.71425 -821.458 0 
2 829.285 0.301927 0.0226296 0.680592 -0.927501 -3.82994 -5.02374 -820.431 0 
6 829.398 0.300711 0.0226884 0.686166 -0.962631 -2.61373 -4.66586 -822.119 0 
5 829.196 0.304008 0.0225458 0.685827 -0.987658 -0.905432 -5.13363 -823.157 0 
4 827.434 0.307649 0.0225151 0.68061 -0.96786 -0.545259 -5.33406 -821.555 0 
3 828.085 0.303565 0.0224598 0.680576 -0.946755 -2.24509 -4.81887 -821.021 0 
1 829.529 0.303798 0.0225612 0.677803 -0.916845 -4.24149 -5.26987 -820.018 0 
4 829.995 0.304711 0.0227951 0.679105 -0.917479 -4.7269 -5.27851 -819.99 0 
4 829.44 0.29961 0.0227063 0.686204 -0.951601 -3.03535 -4.741 -821.663 0 
3 828.726 0.302051 0.0226275 0.681591 -0.932669 -3.15634 -4.96903 -820.6 0 
1 828.801 0.301208 0.0226595 0.685832 -0.961752 -2.10659 -4.68777 -822.007 0 
5 828.059 0.313167 0.0226326 0.674931 -0.942147 -1.84909 -6.03963 -820.17 0 
1 827.987 0.306601 0.022352 0.681306 -0.976233 -0.588754 -5.29085 -822.108 0 
2 828.562 0.310175 0.02247 0.678992 -0.967004 -1.57783 -5.73459 -821.25 0 
2 827.867 0.314039 0.0224276 0.670115 -0.922843 -1.94028 -6.15368 -819.773 0 
3 827.709 0.311884 0.0224043 0.673489 -0.941619 -1.68529 -5.79901 -820.225 0 
1 828.888 0.308046 0.0224048 0.678919 -0.967548 -1.97018 -5.42115 -821.496 0 
1 829.552 0.311291 0.0223745 0.672803 -0.936294 -3.76075 -5.67065 -820.12 0 
3 827.444 0.31309 0.0224708 0.671382 -0.925214 -1.63948 -5.97546 -819.83 0 
1 827.384 0.314021 0.0223315 0.67224 -0.94557 -0.903278 -6.26864 -820.212 0 
1 828.683 0.311106 0.0222271 0.675946 -0.966105 -1.6231 -5.93859 -821.121 0 
6 827.07 0.311478 0.0224756 0.676685 -0.957287 -0.463205 -5.86156 -820.745 0 
9 827.154 0.313865 0.0224412 0.673766 -0.951995 -0.427372 -6.32728 -820.4 0 
5 826.91 0.315215 0.0224858 0.672145 -0.940262 -0.401881 -6.47711 -820.031 0 
2 828.694 0.305993 0.0226696 0.676983 -0.915445 -3.4547 -5.34628 -819.893 0 
3 829.909 0.304812 0.022755 0.681237 -0.943225 -4.23865 -4.90157 -820.769 0 
2 829.23 0.300294 0.0226713 0.683086 -0.934458 -3.46888 -4.94792 -820.813 0 
8 829.15 0.302974 0.0224566 0.679597 -0.934251 -3.63861 -4.92592 -820.586 0 
1 828.398 0.305012 0.0224287 0.67945 -0.949993 -2.47711 -4.89873 -821.022 0 
1 827.404 0.308604 0.0223831 0.677884 -0.960031 -0.906999 -5.39319 -821.104 0 
2 828.159 0.314535 0.022457 0.668987 -0.910153 -2.17682 -6.32406 -819.658 0 
1 830.357 0.315973 0.0225566 0.667128 -0.893381 -3.82652 -6.82902 -819.701 0 
4 829.272 0.320055 0.0224298 0.667117 -0.923348 -1.99878 -7.56532 -819.708 0 
7 829.073 0.31798 0.0223775 0.668747 -0.928991 -2.25788 -7.04447 -819.771 0 
2 829.52 0.319414 0.0223308 0.665892 -0.916705 -2.46848 -7.36662 -819.685 0 
3 831.867 0.318708 0.0223942 0.66372 -0.890118 -4.65331 -7.39442 -819.82 0 
6 830.026 0.322662 0.0225 0.661937 -0.891357 -1.73366 -8.32403 -819.968 0 
4 831.443 0.318356 0.0226562 0.665439 -0.885917 -4.16831 -7.40876 -819.866 0 
3 831.315 0.314871 0.0228144 0.668326 -0.88599 -4.7922 -6.78432 -819.739 0 
1 830.562 0.307253 0.0228213 0.676494 -0.913241 -5.3432 -5.40928 -819.81 0 
2 830.895 0.304362 0.0228101 0.682497 -0.94686 -5.08224 -4.86081 -820.952 0 
1 829.949 0.302232 0.022793 0.682318 -0.932307 -4.42642 -4.94949 -820.573 0 
1 831.886 0.298843 0.0228183 0.688685 -0.960211 -4.97327 -4.6854 -822.228 0 
4 832.25 0.294474 0.0228013 0.69062 -0.950871 -4.87208 -5.10721 -822.271 0 
4 832.802 0.290495 0.0226247 0.695366 -0.979222 -2.68847 -5.16157 -824.952 0 
2 833.487 0.290425 0.0226693 0.697422 -0.990911 -2.41692 -5.09489 -825.975 0 
11 831.424 0.294299 0.0226563 0.690908 -0.95978 -3.59612 -4.9799 -822.848 0 
4 832.058 0.292418 0.0226463 0.694927 -0.984622 -2.14239 -4.9042 -825.011 0 
2 831.578 0.294092 0.0225186 0.694256 -0.997809 -0.994827 -4.80313 -825.78 0 
2 830.946 0.298827 0.0224369 0.690757 -1.00234 -0.883414 -4.89875 -825.163 0 
2 829.602 0.302306 0.0224091 0.685384 -0.97771 -2.00853 -4.80708 -822.786 0 
5 830.007 0.311786 0.0223664 0.67628 -0.957228 -3.39259 -5.89544 -820.719 0 
3 827.64 0.318984 0.0224104 0.668151 -0.930678 -0.525507 -7.34177 -819.773 0 
1 829.464 0.325162 0.0224027 0.660853 -0.905663 -0.532183 -9.06813 -819.864 0 
6 828.878 0.321393 0.0224924 0.665686 -0.91608 -1.26407 -7.91273 -819.701 0 
4 829.216 0.314947 0.0225701 0.670977 -0.918076 -3.15346 -6.35553 -819.707 0 
1 827.266 0.310462 0.0225513 0.676324 -0.941685 -1.41055 -5.54614 -820.31 0 
1 827.325 0.307323 0.0226082 0.677683 -0.935097 -1.86118 -5.15371 -820.311 0 
3 826.993 0.310016 0.02253 0.675244 -0.93588 -1.34599 -5.47061 -820.176 0 
1 827.596 0.309923 0.0225181 0.678256 -0.962731 -0.843764 -5.65999 -821.092 0 
1 827.425 0.305868 0.0224429 0.681105 -0.966807 -0.644883 -5.07454 -821.705 0 
2 827.932 0.313417 0.022291 0.67488 -0.96563 -0.586369 -6.45108 -820.894 0 
4 829.447 0.309988 0.0223075 0.679502 -0.981692 -1.47068 -6.00396 -821.972 0 
6 829.147 0.324822 0.0223383 0.662241 -0.919113 -0.330556 -9.06902 -819.747 0 
2 828.969 0.321688 0.0223808 0.668507 -0.952412 -0.324936 -8.62213 -820.022 0 
3 829.796 0.322801 0.0224258 0.665277 -0.933362 -1.40756 -8.63428 -819.755 0 
1 830.923 0.317674 0.0223803 0.668547 -0.93836 -3.87994 -7.13684 -819.906 0 
4 829.448 0.314912 0.02248 0.670832 -0.934455 -3.13864 -6.38176 -819.928 0 
1 829.788 0.318007 0.0223596 0.668192 -0.936996 -2.71464 -7.19862 -819.875 0 
2 830.603 0.317249 0.0222486 0.67177 -0.971633 -1.99532 -7.80831 -820.799 0 
1 831.452 0.318807 0.0223571 0.672223 -0.978126 -1.96741 -8.57712 -820.907 0 
1 830.859 0.314432 0.0223221 0.677865 -1.00041 -0.528614 -7.92933 -822.401 0 
12 831.721 0.314384 0.0222961 0.678512 -1.00513 -0.97781 -8.071 -822.672 0 
1 831.978 0.317687 0.0222225 0.674541 -0.992053 -1.811 -8.5793 -821.587 0 
3 831.695 0.320676 0.022125 0.670286 -0.980298 -1.63081 -9.2306 -820.834 0 
3 832.054 0.311863 0.0223971 0.681066 -1.00293 -1.98175 -7.16352 -822.909 0 
7 829.076 0.31785 0.0223465 0.673049 -0.974662 -0.194686 -8.02189 -820.86 0 
1 829.743 0.312681 0.0223312 0.678768 -0.994714 -0.288768 -7.13197 -822.322 0 
4 828.523 0.319467 0.0223273 0.669756 -0.957762 -0.231205 -8.05572 -820.236 0 
2 828.312 0.317886 0.0222591 0.66881 -0.942205 -1.14339 -7.20154 -819.967 0 
6 827.445 0.317303 0.0224102 0.670246 -0.943482 -0.360704 -7.07184 -820.013 0 
2 827.633 0.316381 0.0224766 0.670307 -0.935389 -1.009 -6.72733 -819.896 0 
1 827.501 0.315879 0.0223882 0.669249 -0.927127 -1.17045 -6.54266 -819.788 0 
11 827.899 0.318875 0.0223568 0.666808 -0.924762 -0.903322 -7.27385 -819.722 0 
2 828.523 0.320429 0.0224027 0.669499 -0.952921 -0.236813 -8.20557 -820.081 0 
1 830.088 0.322877 0.0224755 0.6681 -0.951522 -1.06442 -9.05591 -819.967 0 
2 830.311 0.323084 0.0224407 0.66836 -0.956162 -1.00891 -9.25945 -820.043 0 
1 828.409 0.320226 0.0225387 0.668386 -0.934163 -0.854812 -7.76419 -819.79 0 
1 828.455 0.321304 0.0224098 0.667088 -0.939532 -0.397328 -8.22513 -819.833 0 
2 829.512 0.325669 0.0223808 0.661602 -0.917421 -0.373481 -9.36517 -819.774 0 
7 828.051 0.32104 0.0224009 0.66637 -0.927696 -0.410633 -7.91218 -819.728 0 
3 827.506 0.314911 0.0223962 0.673408 -0.953271 -0.564965 -6.56944 -820.372 0 
6 827.85 0.318749 0.02233 0.669841 -0.95149 -0.0936959 -7.63466 -820.122 0 
3 827.771 0.320817 0.0224313 0.666471 -0.927548 -0.187567 -7.8559 -819.728 0 
1 827.695 0.312593 0.0225716 0.673323 -0.926599 -1.93266 -5.89571 -819.867 0 
2 827.808 0.310939 0.0225391 0.674652 -0.929782 -2.19178 -5.62855 -819.988 0 
3 827.359 0.317537 0.0225011 0.668631 -0.921511 -0.74197 -6.90831 -819.709 0 
2 827.031 0.31696 0.0224385 0.669835 -0.933944 -0.329894 -6.84458 -819.857 0 
1 826.998 0.3139 0.0224957 0.671261 -0.925904 -1.05448 -6.12571 -819.818 0 
2 827.101 0.308739 0.0224732 0.675731 -0.934339 -1.58545 -5.31059 -820.205 0 
5 826.973 0.30753 0.0224766 0.678672 -0.95346 -0.862309 -5.17696 -820.934 0 
1 827.15 0.31389 0.0225267 0.674109 -0.947656 -0.616164 -6.25905 -820.275 0 
1 829.437 0.318902 0.0226824 0.667983 -0.914776 -2.51927 -7.23833 -819.679 0 
3 829.747 0.311703 0.0227939 0.673681 -0.914165 -4.19023 -5.84121 -819.716 0 
6 827.017 0.310448 0.0225338 0.675589 -0.937003 -1.2968 -5.538 -820.182 0 
1 827.318 0.309147 0.0224049 0.676178 -0.943133 -1.52541 -5.35516 -820.438 0 
2 828.766 0.314918 0.0223947 0.669985 -0.921807 -2.68921 -6.33294 -819.744 0 
1 828.106 0.315805 0.0224713 0.672451 -0.943604 -1.38865 -6.63915 -820.078 0 
2 828.426 0.314334 0.0223914 0.675214 -0.96515 -0.975946 -6.64963 -820.8 0 
2 828.637 0.311605 0.0224652 0.677724 -0.964818 -1.62712 -5.98777 -821.022 0 
5 828.035 0.306557 0.0225015 0.68188 -0.96915 -1.11931 -5.17333 -821.743 0 
2 827.873 0.316362 0.0225176 0.668867 -0.914282 -1.55065 -6.64998 -819.673 0 
2 827.925 0.31283 0.0224872 0.673795 -0.936263 -1.94177 -5.9367 -820.047 0 
9 827.738 0.316693 0.0224097 0.672307 -0.953823 -0.398774 -7.05622 -820.283 0 
3 827.772 0.3166 0.0224726 0.671376 -0.939614 -1.01233 -6.79554 -819.964 0 
1 829.527 0.320236 0.0224141 0.664848 -0.906841 -2.2291 -7.58642 -819.711 0 
3 828.62 0.315774 0.0223776 0.668964 -0.919903 -2.39686 -6.50982 -819.713 0 
2 827.951 0.315804 0.0224369 0.67136 -0.936251 -1.45649 -6.56463 -819.93 0 
1 826.912 0.315265 0.0224506 0.672149 -0.942416 -0.326077 -6.5107 -820.075 0 
2 826.665 0.312501 0.0224615 0.674349 -0.944934 -0.453734 -5.93149 -820.28 0 
1 827.338 0.316052 0.0223828 0.672492 -0.955543 -0.0368198 -6.93376 -820.368 0 
2 827.264 0.31404 0.0225199 0.671042 -0.920452 -1.35315 -6.16683 -819.744 0 
1 827.027 0.314986 0.0224974 0.671326 -0.929807 -0.829143 -6.35055 -819.848 0 
2 827.077 0.315619 0.0225121 0.670248 -0.925995 -0.817528 -6.47987 -819.779 0 
4 827.023 0.315172 0.0224622 0.671121 -0.934873 -0.668912 -6.42764 -819.927 0 
4 826.984 0.315889 0.0224723 0.671433 -0.94005 -0.341837 -6.64326 -819.999 0 
1 826.828 0.307806 0.0224848 0.678894 -0.954997 -0.636793 -5.22103 -820.971 0 
2 827.309 0.316271 0.0224589 0.671321 -0.943579 -0.45721 -6.79498 -820.057 0 
6 829.841 0.317708 0.0225188 0.67167 -0.954183 -2.17474 -7.42917 -820.237 0 
1 831.479 0.321221 0.0225415 0.669711 -0.955393 -2.76589 -8.61322 -820.1 0 
2 830.628 0.321495 0.0223325 0.670616 -0.975529 -0.641579 -9.37157 -820.615 0 
2 829.953 0.322301 0.0224126 0.668873 -0.956688 -0.907757 -8.96203 -820.083 0 
4 830.046 0.323767 0.0225447 0.665978 -0.930621 -1.45593 -8.85337 -819.737 0 
2 832.408 0.323144 0.0226316 0.667803 -0.935826 -3.92466 -8.71348 -819.77 0 
3 833.821 0.322383 0.0225037 0.670072 -0.95728 -4.78659 -8.94258 -820.092 0 
1 833.844 0.328472 0.0225554 0.662788 -0.925464 -3.52843 -10.5207 -819.795 0 
2 838.352 0.32229 0.0227403 0.669568 -0.934534 -10.2296 -8.35478 -819.767 0 
1 837.031 0.32206 0.0228447 0.665314 -0.891201 -8.90978 -8.17861 -819.943 0 
1 833.412 0.314185 0.0227903 0.672232 -0.909007 -7.44629 -6.31161 -819.654 0 
1 833.257 0.308271 0.0226821 0.682538 -0.969805 -6.25755 -5.42072 -821.579 0 
2 834.053 0.310286 0.0226637 0.679117 -0.95075 -7.89481 -5.55069 -820.607 0 
1 831.572 0.317307 0.0227453 0.672352 -0.936701 -4.72913 -6.95303 -819.89 0 
5 830.588 0.321064 0.0226196 0.669136 -0.940495 -2.59696 -8.14094 -819.85 0 
5 829.329 0.323531 0.0225101 0.662435 -0.900523 -0.936323 -8.52616 -819.866 0 
8 829.211 0.325006 0.0224869 0.662719 -0.91412 -0.363482 -9.06942 -819.778 0 
2 829.848 0.326454 0.022345 0.662169 -0.929232 -0.221273 -9.87633 -819.751 0 
1 830.738 0.328444 0.0223766 0.661511 -0.928796 -0.329078 -10.6276 -819.781 0 
1 832.594 0.329977 0.0222073 0.660648 -0.94007 -1.19296 -11.6093 -819.791 0 
1 831.815 0.327797 0.0221743 0.662767 -0.951179 -0.908579 -11.0501 -819.857 0 
3 830.054 0.326242 0.0223339 0.663928 -0.941418 -0.20534 -10.0591 -819.789 0 
6 829.544 0.326342 0.0223592 0.66203 -0.923318 -0.103088 -9.68061 -819.76 0 
2 829.674 0.322487 0.0223926 0.665179 -0.923051 -1.66686 -8.29509 -819.712 0 
5 830.298 0.323879 0.0224046 0.663584 -0.915895 -1.87863 -8.67745 -819.742 0 
3 831.876 0.322996 0.0223102 0.661179 -0.897211 -3.6082 -8.37802 -819.89 0 
1 831.649 0.324419 0.0222891 0.66068 -0.902185 -2.97304 -8.79676 -819.879 0 
2 831.725 0.322229 0.0222785 0.664603 -0.922226 -3.81832 -8.197 -819.709 0 
9 831.5 0.326498 0.0222122 0.660235 -0.916268 -2.07836 -9.61842 -819.803 0 
2 831.815 0.317607 0.0222549 0.667646 -0.923969 -5.16293 -6.92451 -819.727 0 
1 834.375 0.309731 0.0223068 0.67637 -0.94614 -8.43407 -5.44681 -820.494 0 
1 834.132 0.300114 0.0224776 0.687406 -0.971581 -6.72802 -4.6747 -822.73 0 
1 832.57 0.294658 0.0225035 0.692174 -0.980009 -3.59099 -4.76516 -824.214 0 
1 832.178 0.294643 0.0225509 0.695007 -1.00694 -0.83221 -4.87478 -826.471 0 
2 829.402 0.298892 0.0225144 0.688906 -0.985785 -0.816018 -4.70644 -823.88 0 
1 829.664 0.302251 0.0223373 0.682873 -0.962247 -3.03075 -4.7305 -821.903 0 
1 828.73 0.300179 0.0224711 0.687065 -0.978026 -0.907996 -4.69108 -823.131 0 
2 830.564 0.297466 0.0223704 0.687782 -0.97452 -2.58629 -4.64665 -823.331 0 
1 830.975 0.297251 0.0224078 0.687147 -0.968789 -3.34092 -4.65143 -822.983 0 
5 829.442 0.301541 0.0224211 0.681638 -0.944162 -3.54326 -4.79491 -821.104 0 
2 828.873 0.300932 0.022422 0.684051 -0.963147 -2.08317 -4.67056 -822.119 0 
8 828.779 0.305677 0.0223905 0.678077 -0.939102 -3.22165 -5.00591 -820.551 0 
2 827.484 0.31402 0.0224753 0.670026 -0.917347 -1.60027 -6.17109 -819.712 0 
3 827.309 0.317396 0.0224491 0.668575 -0.926218 -0.658616 -6.8998 -819.751 0 
1 827.985 0.319676 0.022506 0.666359 -0.916917 -0.849338 -7.44932 -819.686 0 
1 827.399 0.313385 0.0225228 0.671587 -0.920605 -1.58875 -6.05176 -819.759 0 
1 827.08 0.313191 0.022512 0.671467 -0.922066 -1.29401 -6.00463 -819.782 0 
5 827.39 0.312619 0.022541 0.671478 -0.917814 -1.71804 -5.9318 -819.74 0 
2 827.952 0.309088 0.0224513 0.6744 -0.92895 -2.53076 -5.37001 -820.052 0 
5 827.672 0.309441 0.0225805 0.674225 -0.920884 -2.32113 -5.48 -819.871 0 
5 827.517 0.30875 0.0224733 0.675084 -0.930559 -2.08493 -5.32485 -820.107 0 
3 828.573 0.301856 0.0224791 0.6826 -0.95357 -2.35113 -4.71565 -821.506 0 
2 828.373 0.306164 0.0225095 0.678431 -0.944117 -2.67932 -5.00255 -820.691 0 
1 828.217 0.306775 0.0223084 0.68037 -0.972355 -1.07798 -5.25889 -821.88 0 
7 828.395 0.315413 0.0222454 0.670829 -0.946244 -1.63286 -6.60492 -820.157 0 
1 829.689 0.311418 0.0221739 0.676209 -0.976051 -1.91368 -6.2469 -821.528 0 
2 828.825 0.316038 0.0222871 0.674172 -0.977917 -0.128867 -7.553 -821.143 0 
2 828.335 0.309095 0.0222763 0.678943 -0.977787 -0.684678 -5.77111 -821.879 0 
2 830.175 0.308688 0.0222065 0.68045 -0.990919 -1.52677 -5.99238 -822.656 0 
2 829.677 0.307833 0.0222394 0.681185 -0.994166 -0.742414 -5.9566 -822.978 0 
3 828.687 0.31475 0.0222203 0.673365 -0.9674 -0.971862 -6.86682 -820.849 0 
1 830.777 0.312481 0.0221351 0.674927 -0.975604 -2.86707 -6.51528 -821.395 0 
3 830.299 0.306001 0.0222404 0.67848 -0.959185 -3.94555 -5.02747 -821.326 0 
1 830.377 0.308091 0.0222491 0.67553 -0.946102 -4.54506 -5.21973 -820.612 0 
1 832.132 0.307699 0.0221995 0.674813 -0.937785 -6.58381 -5.18051 -820.368 0 
1 829.845 0.309946 0.0222577 0.673585 -0.936086 -4.19708 -5.46331 -820.185 0 
1 828.451 0.311012 0.022341 0.673917 -0.937359 -2.6642 -5.62543 -820.161 0 
2 828.479 0.312134 0.0222437 0.674034 -0.954189 -1.93098 -5.96076 -820.587 0 
2 829.665 0.313402 0.0221978 0.6736 -0.958526 -2.73156 -6.29329 -820.64 0 
3 830.067 0.300604 0.0223213 0.68692 -0.992722 -1.09857 -4.88977 -824.079 0 
1 830.549 0.302096 0.0224497 0.688048 -1.00513 -0.508462 -5.30761 -824.733 0 
1 830.774 0.307387 0.022287 0.683898 -1.01 -0.323679 -6.34425 -824.106 0 
3 828.955 0.31225 0.0223094 0.678074 -0.988662 -0.0782011 -6.8222 -822.054 0 
1 828.874 0.305901 0.0223623 0.682606 -0.987345 -0.593609 -5.43303 -822.847 0 
2 828.357 0.304907 0.0224232 0.68069 -0.960734 -1.92027 -4.92107 -821.516 0 
1 829.142 0.301043 0.0223577 0.684867 -0.973183 -1.74686 -4.70255 -822.692 0 
3 828.651 0.30172 0.0224945 0.681938 -0.942604 -2.8135 -4.81794 -821.019 0 
3 827.855 0.304376 0.0225 0.679424 -0.93883 -2.29849 -4.91592 -820.641 0 
2 828.498 0.302849 0.0224996 0.680703 -0.938263 -2.86795 -4.88602 -820.744 0 
4 829.801 0.305349 0.0225252 0.677219 -0.919837 -4.52256 -5.26392 -820.015 0 
3 828.825 0.303041 0.0224968 0.680075 -0.938426 -3.23254 -4.85855 -820.734 0 
1 828.939 0.299876 0.0225374 0.683769 -0.94573 -2.81057 -4.78367 -821.345 0 
1 828.068 0.307134 0.0225481 0.67563 -0.920341 -2.82817 -5.29304 -819.947 0 
4 828.365 0.309733 0.0225991 0.672793 -0.909123 -2.99144 -5.67785 -819.696 0 
1 828.774 0.312213 0.0226701 0.672398 -0.917506 -3.16549 -5.86356 -819.745 0 
4 828.12 0.317352 0.0224981 0.668257 -0.922335 -1.52782 -6.87542 -819.717 0 
4 827.189 0.317156 0.0224894 0.67004 -0.93431 -0.431236 -6.90115 -819.857 0 
1 827.048 0.314265 0.0225624 0.67186 -0.927638 -1.01589 -6.1979 -819.834 0 
1 827 0.313479 0.0225506 0.672398 -0.929731 -1.05983 -6.0477 -819.892 0 
1 827.804 0.315211 0.0223656 0.66944 -0.926441 -1.61751 -6.3931 -819.794 0 
2 828.084 0.309158 0.0223804 0.674978 -0.93885 -2.42739 -5.34975 -820.307 0 
1 828.573 0.312144 0.0224122 0.671215 -0.923123 -2.93013 -5.81926 -819.824 0 
2 827.714 0.311079 0.0225187 0.673725 -0.931767 -2.05929 -5.63028 -820.025 0 
1 827.633 0.313649 0.0225399 0.670314 -0.911603 -1.8028 -6.15968 -819.67 0 
2 827.412 0.314984 0.022523 0.66985 -0.915871 -1.35905 -6.36362 -819.689 0 
6 827.078 0.311279 0.0225496 0.673974 -0.927622 -1.46664 -5.68088 -819.931 0 
6 827.726 0.311006 0.0226277 0.676796 -0.946582 -1.64198 -5.66329 -820.421 0 
3 827.608 0.311317 0.0226417 0.675251 -0.933124 -1.89084 -5.67253 -820.044 0 
2 827.561 0.303675 0.022516 0.683362 -0.966417 -0.773659 -4.8383 -821.949 0 
5 826.859 0.311184 0.0225302 0.675526 -0.941717 -0.926333 -5.66506 -820.268 0 
1 828.038 0.302452 0.0225152 0.684993 -0.971446 -0.874983 -4.77435 -822.389 0 
3 828.073 0.302915 0.0226079 0.684311 -0.96371 -1.40579 -4.76885 -821.899 0 
1 828.682 0.302217 0.0226488 0.685237 -0.965405 -1.87221 -4.73144 -822.078 0 
1 828.78 0.30081 0.0226573 0.68463 -0.9484 -2.64559 -4.76297 -821.372 0 
2 828.323 0.300876 0.0225729 0.68551 -0.962004 -1.58077 -4.67953 -822.063 0 
3 827.816 0.304 0.0225822 0.68034 -0.93702 -2.27921 -4.93183 -820.605 0 
2 827.909 0.304581 0.0226467 0.681971 -0.950376 -1.95436 -4.87591 -821.079 0 
3 829.046 0.299484 0.0225885 0.687003 -0.96902 -1.74255 -4.63989 -822.663 0 
1 829.564 0.298935 0.0225972 0.687328 -0.968776 -2.20226 -4.63288 -822.728 0 
1 829.428 0.2995 0.0225255 0.687734 -0.980323 -1.34825 -4.68562 -823.394 0 
3 829.197 0.298847 0.0225062 0.688726 -0.981603 -0.935153 -4.67083 -823.591 0 
9 828.803 0.301291 0.0224643 0.68493 -0.965016 -1.93378 -4.69274 -822.177 0 
5 830.803 0.300942 0.0222695 0.687426 -1.00043 -1.16628 -5.04248 -824.594 0 
1 830.107 0.306614 0.0222254 0.680092 -0.972175 -2.99435 -5.2223 -821.891 0 
1 829.398 0.311945 0.02221 0.673345 -0.949083 -3.09998 -5.86145 -820.436 0 
2 833.636 0.313409 0.0220653 0.670768 -0.94843 -7.13191 -6.1794 -820.324 0 
4 834.613 0.311245 0.0220193 0.673763 -0.965099 -7.56728 -5.9792 -821.066 0 
2 833.588 0.317641 0.0220182 0.669703 -0.968809 -5.09886 -7.81703 -820.672 0 
2 832.586 0.317868 0.0220578 0.670884 -0.971131 -3.98848 -7.86413 -820.733 0 
6 832.806 0.326897 0.0220762 0.662632 -0.952458 -2.19809 -10.7242 -819.884 0 
1 832.19 0.327308 0.0221926 0.662452 -0.949356 -1.48574 -10.8595 -819.845 0 
2 829.614 0.318634 0.0222503 0.671801 -0.972024 -0.749805 -8.15824 -820.706 0 
4 830.772 0.318089 0.0222728 0.67409 -0.990517 -0.573814 -8.72288 -821.476 0 
1 829.569 0.320027 0.0223168 0.669118 -0.958444 -1.04661 -8.29786 -820.224 0 
7 829.3 0.321191 0.0223235 0.668224 -0.95577 -0.579273 -8.6111 -820.109 0 
2 829.767 0.322573 0.0222234 0.66476 -0.938453 -1.32789 -8.63981 -819.799 0 
1 828.381 0.319779 0.0223523 0.665509 -0.917099 -1.22253 -7.4712 -819.687 0 
1 827.682 0.310035 0.0223586 0.678402 -0.971104 -0.433228 -5.80087 -821.448 0 
4 829.404 0.310906 0.0223525 0.680153 -0.993877 -0.274078 -6.61458 -822.515 0 
1 828.025 0.314409 0.0224027 0.673356 -0.956187 -0.983802 -6.54971 -820.492 0 
3 830.186 0.314874 0.0222674 0.67402 -0.975869 -1.80915 -7.2081 -821.169 0 
2 830.743 0.314737 0.0223044 0.672915 -0.964154 -3.1596 -6.85101 -820.733 0 
2 830.23 0.319582 0.0223934 0.66929 -0.953782 -2.06093 -8.03274 -820.136 0 
3 832.174 0.314185 0.0222005 0.67554 -0.991291 -2.64901 -7.57357 -821.952 0 
3 831.577 0.313469 0.0225047 0.677736 -0.984451 -2.80191 -7.07639 -821.698 0 
1 830.51 0.320126 0.0224643 0.668829 -0.948134 -2.44634 -8.06564 -819.998 0 
2 828.956 0.31146 0.0223977 0.676821 -0.970558 -1.52138 -6.15791 -821.276 0 
2 827.218 0.312922 0.0223669 0.673048 -0.944382 -0.956416 -6.02 -820.241 0 
1 827.972 0.309629 0.0225259 0.674408 -0.928714 -2.51774 -5.43321 -820.021 0 
2 827.86 0.308428 0.0225245 0.677505 -0.94847 -1.9152 -5.27484 -820.67 0 
1 829.548 0.303135 0.0225017 0.68492 -0.98225 -1.62994 -4.97236 -822.946 0 
1 830.84 0.304167 0.0223319 0.686063 -1.00962 -0.409183 -5.75422 -824.677 0 
1 831.373 0.306678 0.0222838 0.683054 -1.00437 -1.44852 -6.08808 -823.836 0 
1 830.275 0.30297 0.022352 0.68719 -1.00785 -0.0211053 -5.48026 -824.774 0 
2 828.214 0.311796 0.0223852 0.677804 -0.979023 -0.168197 -6.41921 -821.627 0 
1 827.723 0.308992 0.0224454 0.678678 -0.966484 -0.821048 -5.5549 -821.347 0 
1 826.94 0.308866 0.0224491 0.678382 -0.960435 -0.408678 -5.43508 -821.096 0 
5 827.213 0.311754 0.0224296 0.673173 -0.934935 -1.40297 -5.74402 -820.066 0 
1 827.153 0.313043 0.0225446 0.674746 -0.947313 -0.767903 -6.07014 -820.315 0 
4 827.437 0.310174 0.0224449 0.678752 -0.971134 -0.159874 -5.84254 -821.435 0 
2 826.974 0.311418 0.0224477 0.676164 -0.953728 -0.546838 -5.80222 -820.625 0 
1 827.729 0.308384 0.0225294 0.679551 -0.964168 -1.01259 -5.41082 -821.305 0 
7 827.785 0.312088 0.0224577 0.67219 -0.928007 -2.07958 -5.79734 -819.908 0 
3 828.924 0.319647 0.0225961 0.664731 -0.895782 -1.63276 -7.5067 -819.784 0 
3 828.255 0.313637 0.0226194 0.669727 -0.903641 -2.37099 -6.2463 -819.637 0 
2 829.084 0.310827 0.022713 0.672148 -0.901144 -3.49874 -5.95705 -819.628 0 
1 829.105 0.311518 0.0226333 0.670479 -0.896485 -3.36181 -6.12321 -819.62 0 
3 830.431 0.30783 0.022542 0.672499 -0.899242 -5.02271 -5.77392 -819.634 0 
1 831.262 0.308974 0.022416 0.674678 -0.938187 -5.64238 -5.32088 -820.299 0 
6 828.902 0.310744 0.0224722 0.676241 -0.956665 -2.37156 -5.74853 -820.782 0 
3 828.197 0.31132 0.0225838 0.675821 -0.947208 -2.03897 -5.73792 -820.42 0 
7 827.502 0.30648 0.0224835 0.68084 -0.966296 -0.74155 -5.15072 -821.61 0 
5 827.819 0.305007 0.0226264 0.681158 -0.950221 -1.88544 -4.90178 -821.032 0 
3 827.913 0.309584 0.0225867 0.678668 -0.9545 -1.63764 -5.47777 -820.797 0 
1 829.195 0.309754 0.0227075 0.678391 -0.945515 -3.27404 -5.44903 -820.472 0 
2 827.488 0.309204 0.0224831 0.679561 -0.968233 -0.492178 -5.5914 -821.404 0 
2 826.992 0.312579 0.0224131 0.67361 -0.940782 -0.912973 -5.91314 -820.166 0 
1 827.999 0.312674 0.0224519 0.673488 -0.934971 -2.06851 -5.90514 -820.025 0 
2 829.805 0.310241 0.0223553 0.6774 -0.958778 -3.27855 -5.62187 -820.905 0 
4 830.088 0.307844 0.0223088 0.679277 -0.964246 -3.4309 -5.29256 -821.365 0 
2 830.928 0.309435 0.0224845 0.672967 -0.909015 -5.50922 -5.71879 -819.7 0 
2 830.27 0.309009 0.0226269 0.6741 -0.90747 -4.86064 -5.71918 -819.691 0 
2 828.771 0.303458 0.0225175 0.680593 -0.937799 -3.17333 -4.92079 -820.676 0 
1 828.419 0.302977 0.0226092 0.680547 -0.934212 -2.91942 -4.91572 -820.584 0 
7 828.925 0.302105 0.022578 0.681582 -0.941126 -3.1958 -4.80724 -820.922 0 
1 828.304 0.304231 0.0225862 0.678744 -0.927241 -2.98173 -5.05136 -820.271 0 
10 829.118 0.307579 0.0226946 0.67489 -0.909039 -3.86388 -5.51572 -819.738 0 
1 829.263 0.304848 0.0227731 0.680735 -0.934772 -3.81213 -4.98543 -820.465 0 
8 829.527 0.305354 0.0227389 0.67712 -0.91001 -4.27039 -5.44112 -819.816 0 
1 829.812 0.305663 0.0227566 0.677004 -0.908516 -4.5299 -5.5011 -819.781 0 
1 830.311 0.306573 0.022786 0.675749 -0.904823 -5.02905 -5.57513 -819.707 0 
2 828.761 0.305545 0.0226458 0.677684 -0.924527 -3.51789 -5.12286 -820.12 0 
1 828.902 0.307919 0.0224377 0.674285 -0.921249 -3.63669 -5.33113 -819.934 0 
1 827.114 0.305935 0.0225621 0.679532 -0.944207 -1.40717 -4.99337 -820.713 0 
4 827.663 0.311954 0.0225406 0.672811 -0.920965 -2.04187 -5.8242 -819.796 0 
6 827.252 0.311671 0.0224371 0.672923 -0.928633 -1.58144 -5.73525 -819.935 0 
5 827.803 0.314569 0.022469 0.669235 -0.912239 -1.82556 -6.30925 -819.669 0 
1 827.569 0.310686 0.0223398 0.674972 -0.946574 -1.52051 -5.60682 -820.442 0 
1 828.192 0.314153 0.0225583 0.675307 -0.956459 -1.22687 -6.44764 -820.518 0 
1 830.149 0.316183 0.0225025 0.675184 -0.975012 -1.6144 -7.51961 -821.015 0 
4 830.163 0.309561 0.022469 0.681941 -0.996239 -0.919175 -6.39757 -822.846 0 
6 830.797 0.305316 0.0224804 0.684979 -0.998478 -1.50255 -5.63143 -823.663 0 
1 830.835 0.304952 0.02233 0.685708 -1.01121 -0.248217 -5.93971 -824.647 0 
4 831.265 0.30461 0.0223505 0.686436 -1.01443 -0.313756 -5.98999 -824.962 0 
3 828.43 0.306361 0.0224284 0.682241 -0.982384 -0.547813 -5.39764 -822.485 0 
1 828.105 0.31043 0.0222776 0.675615 -0.955788 -1.68134 -5.64832 -820.775 0 
1 828.016 0.313414 0.0222975 0.671954 -0.939858 -1.83814 -6.07608 -820.102 0 
3 827.745 0.317215 0.0223923 0.668449 -0.928867 -1.08561 -6.87627 -819.783 0 
2 827.361 0.317873 0.0224471 0.668361 -0.927294 -0.577645 -7.02837 -819.755 0 
1 827.632 0.312708 0.0224409 0.673551 -0.94501 -1.3715 -5.99069 -820.27 0 
6 827.552 0.317762 0.0224264 0.669515 -0.939014 -0.505407 -7.13236 -819.914 0 
6 827.951 0.31907 0.0224719 0.666135 -0.913639 -0.989773 -7.28153 -819.679 0 
3 828.492 0.320949 0.0225209 0.666047 -0.92103 -0.9516 -7.84025 -819.7 0 
3 828.443 0.31963 0.0226005 0.666798 -0.913438 -1.33402 -7.42525 -819.684 0 
4 829.685 0.322344 0.0226065 0.664866 -0.913071 -1.757 -8.20375 -819.724 0 
2 830.31 0.318412 0.0226133 0.669926 -0.936692 -3.15436 -7.29565 -819.86 0 
1 830.067 0.318292 0.0225601 0.668652 -0.929513 -3.11588 -7.1798 -819.771 0 
1 829.846 0.319216 0.0226158 0.667457 -0.919499 -2.80989 -7.34448 -819.692 0 
2 828.777 0.31474 0.022387 0.674062 -0.966181 -1.10079 -6.8717 -820.805 0 
1 827.337 0.314197 0.0225113 0.67413 -0.95155 -0.579827 -6.39125 -820.366 0 
10 827.329 0.318533 0.0224736 0.66864 -0.930294 -0.330612 -7.2231 -819.776 0 
2 826.942 0.314856 0.0224981 0.672618 -0.941244 -0.472151 -6.40223 -820.067 0 
6 827.098 0.314868 0.0224346 0.673395 -0.952056 -0.208086 -6.54983 -820.34 0 
1 829.905 0.315484 0.0224128 0.67637 -0.984488 -0.840213 -7.58457 -821.48 0 
1 829.772 0.322835 0.0224635 0.66634 -0.939544 -1.19818 -8.76738 -819.807 0 
2 829.748 0.3235 0.0223509 0.666492 -0.951454 -0.471478 -9.32897 -819.948 0 
2 831.153 0.318255 0.022251 0.67341 -0.982828 -1.62156 -8.39551 -821.136 0 
1 828.885 0.322126 0.0223455 0.667828 -0.952458 -0.0791727 -8.79798 -820.008 0 
2 827.995 0.317328 0.0223066 0.668932 -0.935246 -1.18188 -6.94623 -819.867 0 
3 827.827 0.317963 0.0223509 0.667634 -0.925563 -1.05666 -7.03339 -819.737 0 
6 830.943 0.325003 0.022295 0.663902 -0.932409 -1.89009 -9.30748 -819.746 0 
3 830.868 0.326021 0.0222037 0.661198 -0.923979 -1.54492 -9.57015 -819.753 0 
4 830.927 0.329465 0.0223065 0.658543 -0.914933 -0.217411 -10.794 -819.916 0 
7 832.073 0.330188 0.022215 0.657425 -0.914517 -1.0362 -11.087 -819.95 0 
1 831.746 0.326326 0.0221363 0.661665 -0.934534 -2.0756 -9.91346 -819.757 0 
1 833.098 0.327126 0.0221585 0.66453 -0.962 -1.9604 -11.1236 -820.014 0 
2 832.593 0.328712 0.022274 0.66374 -0.96055 -0.765312 -11.8766 -819.951 0 
4 832.201 0.325657 0.0222715 0.667108 -0.972243 -0.959204 -10.9637 -820.278 0 
2 829.259 0.322068 0.0224197 0.66803 -0.951304 -0.496786 -8.77344 -819.989 0 
1 829.46 0.322505 0.0223336 0.665742 -0.941148 -0.93726 -8.69366 -819.829 0 
2 829.093 0.316082 0.0223648 0.674924 -0.979896 -0.237137 -7.6349 -821.221 0 
4 828.135 0.310364 0.0224201 0.679503 -0.981172 -0.115995 -6.11952 -821.899 0 
7 828.343 0.319218 0.022349 0.670186 -0.958099 -0.110902 -7.97464 -820.257 0 
1 828.767 0.316569 0.0222948 0.673677 -0.975043 -0.178073 -7.60725 -820.982 0 
2 828.688 0.319634 0.0222869 0.670048 -0.962191 -0.129403 -8.2174 -820.342 0 
1 827.901 0.315908 0.0222965 0.67276 -0.962607 -0.254834 -7.05342 -820.593 0 
2 827.881 0.312218 0.022324 0.675879 -0.968822 -0.484694 -6.26782 -821.129 0 
2 827.455 0.313115 0.0223392 0.672889 -0.946082 -1.10015 -6.07869 -820.276 0 
3 828.167 0.309913 0.0223645 0.675563 -0.950763 -2.01071 -5.52071 -820.636 0 
4 826.827 0.314224 0.0224349 0.672337 -0.94092 -0.474836 -6.26365 -820.089 0 
1 827.607 0.317764 0.0225224 0.670378 -0.938044 -0.605825 -7.10303 -819.898 0 
6 828.454 0.31513 0.0226075 0.671571 -0.931096 -2.19227 -6.39791 -819.864 0 
1 829.81 0.315914 0.0227287 0.671885 -0.927814 -3.4626 -6.55134 -819.796 0 
2 827.051 0.307214 0.0225186 0.67772 -0.940301 -1.4501 -5.12088 -820.48 0 
2 828.057 0.307438 0.0226126 0.680951 -0.962745 -1.48089 -5.23695 -821.339 0 
2 828.178 0.312333 0.022568 0.675089 -0.947888 -1.8595 -5.94308 -820.375 0 
1 828.874 0.317813 0.0225435 0.668179 -0.922394 -2.16816 -6.99287 -819.713 0 
1 828.296 0.318508 0.0224869 0.667397 -0.922279 -1.41935 -7.16896 -819.707 0 
1 827.514 0.314712 0.0223802 0.671568 -0.942541 -1.00957 -6.40121 -820.103 0 
3 827.58 0.31087 0.0223228 0.676481 -0.964861 -0.609368 -5.87858 -821.092 0 
2 828.687 0.304337 0.0223549 0.684004 -0.988255 -0.339828 -5.20338 -823.143 0 
1 828.23 0.30658 0.0224149 0.681855 -0.974762 -0.945694 -5.25276 -822.031 0 
1 826.904 0.307493 0.0224639 0.679229 -0.956935 -0.633054 -5.19139 -821.079 0 
10 826.751 0.310651 0.0225177 0.674711 -0.933973 -1.08805 -5.56735 -820.096 0 
2 827.458 0.305312 0.022502 0.679342 -0.944355 -1.75015 -4.93732 -820.77 0 
1 828.209 0.302853 0.0226375 0.682427 -0.947391 -2.3082 -4.78377 -821.117 0 
1 827.774 0.306272 0.0223564 0.680277 -0.967249 -0.96281 -5.13012 -821.681 0 
1 829.895 0.305755 0.0223928 0.684573 -1.0017 -0.302351 -5.78227 -823.81 0 
2 829.058 0.308092 0.0222536 0.677936 -0.966223 -2.23514 -5.39334 -821.429 0 
2 828.496 0.307919 0.0222743 0.67974 -0.976521 -1.02222 -5.51663 -821.957 0 
3 828.328 0.31347 0.0222543 0.675018 -0.970484 -0.660747 -6.58761 -821.08 0 
1 829.774 0.309929 0.0221965 0.67811 -0.98334 -1.59956 -6.10844 -822.066 0 
1 829.16 0.309898 0.0223505 0.679529 -0.986943 -0.678938 -6.21764 -822.264 0 
1 827.98 0.30638 0.0223715 0.680416 -0.969704 -1.0067 -5.18187 -821.792 0 
5 828.238 0.307549 0.0222916 0.678897 -0.966865 -1.4132 -5.30633 -821.518 0 
2 828.008 0.306334 0.0223514 0.680788 -0.973308 -0.800192 -5.22366 -821.985 0 
2 827.053 0.307579 0.0224296 0.678026 -0.949419 -1.11549 -5.16443 -820.773 0 
3 829.692 0.300764 0.0224038 0.684188 -0.966359 -2.70262 -4.66513 -822.324 0 
1 831.116 0.301184 0.0223982 0.684414 -0.97404 -3.66837 -4.7232 -822.725 0 
4 828.189 0.301028 0.0224805 0.685078 -0.966426 -1.21711 -4.67974 -822.292 0 
3 827.844 0.302903 0.0224843 0.683107 -0.959534 -1.39769 -4.76266 -821.684 0 
2 829.005 0.300277 0.0225278 0.685264 -0.957376 -2.42201 -4.69669 -821.886 0 
1 828.4 0.300661 0.0226084 0.685797 -0.961926 -1.64196 -4.67189 -822.086 0 
1 828.756 0.302475 0.0225121 0.68639 -0.983919 -0.7009 -4.90039 -823.155 0 
3 829.906 0.303409 0.0223663 0.686637 -1.00459 -0.0123359 -5.45242 -824.442 0 
3 829.522 0.306653 0.0222875 0.683073 -0.997557 -0.353895 -5.7884 -823.38 0 
2 827.662 0.307098 0.0223914 0.681187 -0.976712 -0.208778 -5.38311 -822.07 0 
2 827.012 0.31429 0.0224187 0.671604 -0.933606 -0.858066 -6.21939 -819.934 0 
1 826.738 0.313457 0.0224994 0.673144 -0.938684 -0.585318 -6.07925 -820.073 0 
3 827.42 0.317421 0.0224396 0.667969 -0.919758 -0.843721 -6.87795 -819.698 0 
3 827.564 0.316735 0.0223745 0.668539 -0.92588 -1.07196 -6.73447 -819.758 0 
1 828.353 0.316322 0.0224373 0.669998 -0.936433 -1.70542 -6.73178 -819.916 0 
2 827.538 0.313277 0.022496 0.67165 -0.927713 -1.6661 -6.00784 -819.864 0 
1 826.867 0.30942 0.0224295 0.676274 -0.946284 -0.942417 -5.40454 -820.52 0 
1 827.965 0.318552 0.0225192 0.666655 -0.912317 -1.13871 -7.15116 -819.675 0 
1 828.905 0.317722 0.0225706 0.668253 -0.920539 -2.2426 -6.96116 -819.701 0 
3 826.974 0.308788 0.0224955 0.676465 -0.941093 -1.27321 -5.30244 -820.398 0 
8 827.746 0.310036 0.0225423 0.674469 -0.923723 -2.29741 -5.54664 -819.902 0 
2 829.327 0.314465 0.0224824 0.66773 -0.89773 -3.19562 -6.48249 -819.649 0 
2 830.152 0.312555 0.0225146 0.669402 -0.897145 -4.26823 -6.25572 -819.628 0 
1 827.505 0.309955 0.0225288 0.675251 -0.93058 -1.96812 -5.48817 -820.049 0 
4 828.21 0.312518 0.0226012 0.671766 -0.911657 -2.52977 -5.99932 -819.681 0 
2 827.7 0.314827 0.0226183 0.671556 -0.92337 -1.62638 -6.3101 -819.763 0 
2 828.199 0.313906 0.0225789 0.671103 -0.914686 -2.32266 -6.18538 -819.691 0 
1 828.245 0.318042 0.0225222 0.67062 -0.938702 -1.17479 -7.16903 -819.901 0 
2 827.192 0.316851 0.0223964 0.671092 -0.946786 -0.105039 -6.98489 -820.102 0 
1 827.068 0.311471 0.0224416 0.676572 -0.958274 -0.413373 -5.87322 -820.782 0 
3 827.661 0.315034 0.0224093 0.674367 -0.963594 -0.143277 -6.82759 -820.69 0 
2 827.351 0.31421 0.0225279 0.673387 -0.944955 -0.856839 -6.30785 -820.187 0 
2 827.621 0.315019 0.0224127 0.672454 -0.950437 -0.742964 -6.59233 -820.286 0 
1 827.586 0.315375 0.0224888 0.67148 -0.939013 -1.06805 -6.51936 -819.999 0 
3 832.52 0.319449 0.0226662 0.667099 -0.91711 -5.43008 -7.40383 -819.686 0 
1 828.818 0.315145 0.0225594 0.670508 -0.92658 -2.63711 -6.38391 -819.797 0 
2 828.194 0.31432 0.0225359 0.66965 -0.914474 -2.27371 -6.23547 -819.685 0 
10 827.248 0.312422 0.0225868 0.673233 -0.929027 -1.47778 -5.85486 -819.916 0 
1 828.137 0.301958 0.022529 0.68498 -0.970288 -1.00926 -4.73765 -822.39 0 
4 828.349 0.30577 0.0225857 0.682425 -0.969049 -1.42947 -5.089 -821.831 0 
1 830.063 0.306789 0.022658 0.683345 -0.976407 -2.64205 -5.32751 -822.093 0 
